Comment,Location 1,Location 2,Location 3,Sentiment,sentiment_confidence,sentiment_source,needs_review
জিলাপি আছে নাকি?,,,,Negative,0.3840043469924593,auto_second_pass_kept,True
"Anayet Ahamed: জি ভাই, পুরো ইফতারের সামগ্রী ছিল!!",,,,Sarcastic_negative,0.3658751541779687,auto_second_pass_kept,True
দাঁড়িপাল্লার জয় হবে ইনশাআল্লাহ।,,,,Positive,0.6719670649890155,model_autofill,False
"হ, ঈদের দিন আজ।",,,,Sarcastic_negative,0.3301117669670215,auto_second_pass_kept,True
সবার আগে বাংলাদেশ।,,,,Positive,0.8256836474469921,model_autofill,False
ঢাকা ৪,,,,Negative,0.4907135917212359,model_autofill,True
ঢাকা ১৩,,,,Negative,0.5005535503936573,model_autofill,False
হাতিয়া ৬,,,,Negative,0.3557953114720575,auto_second_pass_kept,True
গাজীপুর ৩,,,,Sarcastic_negative,0.4220185295586697,model_autofill,True
ভোট চুরির খবর অলরেডি পাওয়া যাচ্ছে। প্রশাসন নিরব ভূমিকা পালন করতাছে।,,,,Sarcastic_negative,0.6411288350609835,model_autofill,False
দালাল নিউজ এগুলো কই??,,,,Sarcastic_negative,0.4101969210130399,model_autofill,True
দুর্নীতিবাজদের রুখে দাও।,,,,Negative,0.3686344358119767,auto_second_pass_kept,True
দাঁড়িপাল্লায় ভোট দাও।,,,,Neutral,0.374580994665692,auto_second_pass_kept,True
"আপনার মূল্যবান ভোটটি, ইনসাফের বাংলাদেশ গড়ার লক্ষ্যে, দাঁড়িপাল্লায় দিন।",,,,Positive,0.7220756970526373,model_autofill,False
ইউরোপ-আমেরিকা-জাপান এক ই অক্ষ শক্তি।,,,,Negative,0.3880774666674958,auto_second_pass_kept,True
খেলা যে চলছে কোন লেভেলে!,,,,Sarcastic_negative,0.6104031278886917,model_autofill,False
"নতুন বাংলাদেশ বলে কোনো শব্দ নাই। সকল দলের অংশগ্রহণ নিশ্চিত করে নির্বাচন দেওয়া উচিত ছিল। এটা অন্যায় হয়েছে, সঠিক নয়—দেশের জনগণ কখনোই মানে না এসব।",,,,Positive,0.4900073168507832,model_autofill,True
"লোক নাই, জন নাই—কিন্তু মানুষ না থাকলেও ভোট কেমনে পড়তেছে? এটা খুবই দুঃখজনক ঘটনা। ১ ভোট পড়লেও তা হতে হবে স্বচ্ছতার মাধ্যমে। কোনো মারিক কাটিং বা ফলস ভোট দেওয়া যাবে না, নিরপেক্ষতা বজায় রাখতে হবে।",,,,Neutral,0.6257789302234344,model_autofill,False
২০০৮ সালে সকল দলের অংশগ্রহণ নিশ্চিত করে ভোট পড়ে ৮৭.১৩%।,,,,Negative,0.5828433249650318,model_autofill,False
"এবার কি জনগণের প্রকৃত ভোটে এই শতাংশ ছাড়িয়ে যাবে? মারিক কাটিং হতে দেওয়া যাবে না। ১ ভোট হলেও সেটা হতে হবে জনগণের প্রকৃত ভোট, এছাড়া সব বৃথা।",,,,Negative,0.3768002905195532,auto_second_pass_kept,True
সব জায়গায় দেখা ও শোনা যাচ্ছে ভোট লুটপাট করে সিল দেওয়া হচ্ছে। এটা কেমন স্বচ্ছতা? সব জায়গায় গড়বড়। নির্বাচনে সকল দলের অংশগ্রহণ নিশ্চিত নেই। ভোট জনগণ না গেলেও অন্য কেউ দিয়ে দিচ্ছে। কেন্দ্রে লোকই নাই অথচ ভোট পড়ে যাচ্ছে। ভালো লাগলো না। সব বৃথা।,,,,Negative,0.4060618199776947,model_autofill,True
বাংলাদেশ শুধু বাংলাদেশ হয়। নতুন বাংলাদেশ বলে কোনো শব্দ নাই।,,,,Positive,0.783395353870538,model_autofill,False
শাউয়া প্রতিনিধি শাইয়া দেখছে।,,,,Negative,0.5886965055070835,model_autofill,False
সাজানো গোছানো নাটক—রাতেই ভোট ক্লিয়ার!,,,,Sarcastic_negative,0.713617987438134,model_autofill,False
"প্রতারিত করেছে, তার জ্বলন্ত প্রমাণ নিচে।",,,,Sarcastic_negative,0.3377042453642772,auto_second_pass_kept,True
তাসলিম জারা,,,,Negative,0.435469545411269,model_autofill,True
নুরুল হক নুরু,,,,Negative,0.335211626748121,auto_second_pass_kept,True
জনগণ কী বলে শুনুন।,,,,Positive,0.4519093179861355,model_autofill,True
প্রতিটি ভিডিওতে দেখুন।,,,,Negative,0.6774353559602554,model_autofill,False
জিলাপি আছে নাকি?,,,,Negative,0.3840043469924593,auto_second_pass_kept,True
কচি বাবু'টাহ্ এখনো বিছানায় হিসু করে,,,,Positive,0.6283651492010819,model_autofill,False
মনে হচ্ছে এর বয়স ১৬,,,,Sarcastic_negative,0.5781672386188976,model_autofill,False
Ajk 18 holo? Ami toh vabchilum amr cheye boyosh e boro...,,,,Sarcastic_negative,0.4242539923265094,model_autofill,True
জীবনে প্রথম আরো অনেক কিছু দেখবেন,,,,Sarcastic_negative,0.4536911396582804,model_autofill,True
তামিম ও নাকি জীবনের প্রথম ভোট দিলো,,,,Sarcastic_negative,0.5601536475540212,model_autofill,False
আসতো একটা গুপ্ত,,,,Sarcastic_negative,0.3811539041618485,auto_second_pass_kept,True
তামিম বয়স কত আপনার..,,,,Sarcastic_negative,0.6300461802293205,model_autofill,False
যৈবনের প্রথম ভোট,,,,Sarcastic_negative,0.4766521548331227,model_autofill,True
এই বয়সে এসেও প্রথম ভোট,,,,Negative,0.3421830535533923,auto_second_pass_kept,True
"জীবনের ১ম ভোট, তাই না??",,,,Sarcastic_negative,0.7668778920875111,model_autofill,False
"আমার আগে আমরা,",,,,Negative,0.895074466220133,model_autofill,False
আমাদের আগে দেশ,,,,Negative,0.7072515478940863,model_autofill,False
"ক্ষমতার আগে জনতা,",,,,Positive,0.4373232322417928,model_autofill,True
সবার আগে বাংলাদেশ,,,,Positive,0.8256836474469921,model_autofill,False
বাংলাদেশ জিন্দাবাদ,,,,Positive,0.7156846237668673,model_autofill,False
আপনিও জীবনের প্রথম ভোট দিলেন।,,,,Sarcastic_negative,0.7747520502691282,model_autofill,False
Or to jibon ses er modde kisu din por morbe ar aj ke Prothom vot dilo eida kno kotha,,,,Neutral,0.4656479540737283,model_autofill,True
এতে বিএনপিতেই ভোট দিবে,,,,Negative,0.630638331375359,model_autofill,False
Hasina r am9le Tamim ki Na balok chilo..na buddhi protibondi chilo..vote dey nai ???,,,,Neutral,0.5819410115779571,model_autofill,False
কারে দিলি দাড়ি না ধান,,,,Sarcastic_negative,0.4284078361876957,model_autofill,True
কচি বয়,,,,Sarcastic_negative,0.3867651421850908,auto_second_pass_kept,True
তামিম ইকবাল মনে হয় এবারের ভোটার হয়েছে,,,,Sarcastic_negative,0.4693893265793785,model_autofill,True
Batpar ageo dese,,,,Sarcastic_negative,0.3661225557518018,auto_second_pass_kept,True
Aaaa. Dalal,,,,Sarcastic_negative,0.3909523524251519,auto_second_pass_kept,True
বড় ভাই আম্মে দালান,,,,Negative,0.5803835183185967,model_autofill,False
দামড়া বেড়া বলে জীবনে বোট দে নাই,,,,Sarcastic_negative,0.6359413762879643,model_autofill,False
"এর আগে আক্কেল মাড়ি ওঠেনি,",,,,Sarcastic_negative,0.5226419733740411,model_autofill,False
ক্ষনিকের পোলা,,,,Sarcastic_negative,0.3660703429910499,auto_second_pass_kept,True
বুড়ার ঘরের বুড়া মুনাফেকি কথা বর্তা আর কতো ?,,,,Positive,0.6071422763684206,model_autofill,False
আমি সিউর দানের শীষে,,,,Sarcastic_negative,0.4225471642241011,model_autofill,True
মাত্রই ডায়াপার পরা ছাড়ছে আর প্রথম ভোট দিলো,,,,Positive,0.5208492111272036,model_autofill,False
ভোট কেন্দ্রে দালালি করতে গিয়ে হাতে নাতে ধরা তামিম ইকবাল। এখন সেনাবাহিনীর হেফাজতে আছেন।,,,,Sarcastic_negative,0.5805655440407683,model_autofill,False
Batpar..,,,,Sarcastic_negative,0.3528587425632625,auto_second_pass_kept,True
বয়স ৪০ আর এখন বলে জীবনে প্রথম কতবড় বাটপার,,,,Positive,0.6618182009957065,model_autofill,False
এ বুইড়্যা ব্যাটার প্রথম ভোট কেমনে হয়??,,,,Sarcastic_negative,0.4221641706343131,model_autofill,True
Boyosh 18. Under 19 er player,,,,Neutral,0.4982547687291519,model_autofill,True
কেন? এর আগে কি পাকিস্থানে ভোট দিতেন?,,,,Sarcastic_negative,0.6359202762386594,model_autofill,False
ভাতিজা মনে হয় ২০০৫ সালে জন্মাইছে,,,,Sarcastic_negative,0.6989577241824152,model_autofill,False
বুড়ো খোকা!,,,,Sarcastic_negative,0.4544903046346649,model_autofill,True
৩৮ বছর বয়সে জীবনের প্রথম ভোট দিয়েছে,,,,Sarcastic_negative,0.641749301820244,model_autofill,False
Butper,,,,Neutral,0.4189366360801929,model_autofill,True
ভন্ড তামিম,,,,Sarcastic_negative,0.4455061593136848,model_autofill,True
Khankir pola bole ki,,,,Sarcastic_negative,0.4380999334049502,model_autofill,True
দালাল,,,,Sarcastic_negative,0.4782539967660703,model_autofill,True
সুবিধাভোগী,,,,Sarcastic_negative,0.4036431332817877,auto_second_pass_kept,True
theলাল,,,,Sarcastic_negative,0.4874755279018415,model_autofill,True
তাইলে তিনেই আগস্ট কি করতে গেছিলো দালাল,,,,Sarcastic_negative,0.5304712446532521,model_autofill,False
এএএএএএএএএএ দালাল,,,,Sarcastic_negative,0.4782539967660703,model_autofill,True
দালায় কয় কি?,,,,Sarcastic_negative,0.4811112733907539,model_autofill,True
Sala batpar ata naki ar prothom,,,,Neutral,0.3762013063602794,auto_second_pass_kept,True
Aghe Kar bal palaila ... Apar lok,,,,Sarcastic_negative,0.3587735628969726,auto_second_pass_kept,True
নাটক বাজ,,,,Sarcastic_negative,0.7957057571988196,model_autofill,False
তোমার বয়স ১৮ হয়ে গেছে?,,,,Sarcastic_negative,0.5086709576725946,model_autofill,False
শালায় মনে হয় নৌকাতে ভোট দিয়েছে,,,,Sarcastic_negative,0.4342741551749908,model_autofill,True
এ এএ ধরা খেয়ে গেলাম নাকি..,,,,Sarcastic_negative,0.5007834905419313,model_autofill,False
আমি কনফার্ম তামিম ভইংগ্যা,,,,Negative,0.6688898948815231,model_autofill,False
চামিচ,,,,Sarcastic_negative,0.4539242629551312,model_autofill,True
আমার মনে উনি সব প্রতিকে ভোট দিছে।,,,,Negative,0.5457187144654662,model_autofill,False
জীবনের শেষ ভুট দিতে আইসা বলে প্রথম,,,,Sarcastic_negative,0.4869310549612591,model_autofill,True
তার আগে কি কেউ ভোট দিতে নিষেধ করছিল???,,,,Negative,0.462225565223084,model_autofill,True
"বড় ভাই, ভাবটা তো নিয়ে নিলেন ১৬ বছরের বাচ্চার মতো",,,,Negative,0.5142192465784439,model_autofill,False
ছোট ভাই তামিম,,,,Neutral,0.287843055457708,auto_second_pass_kept,True
তাই বলে কি,,,,Positive,0.5815805745743529,model_autofill,False
ইনশাআল্লাহ,,,,Positive,0.8740653254622512,model_autofill,False
"অদ্দে,বান্দিনিরপুতে কিতা ক",,,,Sarcastic_negative,0.5304889969132376,model_autofill,False
"Tmr amur paa chatso,se tmake vote dite dey nay",,,,Sarcastic_negative,0.3712167048154049,auto_second_pass_kept,True
i am to obak,,,,Sarcastic_negative,0.3288697210272097,auto_second_pass_kept,True
তামিম ভাই জিন্দাবাদ,,,,Positive,0.4495190468792676,model_autofill,True
গুপ্ত সাধক,,,,Sarcastic_negative,0.3607917623212787,auto_second_pass_kept,True
এর আগে আইডি কার্ড কী ছিলো না নেতা,,,,Sarcastic_negative,0.4856872787349316,model_autofill,True
আমি জানি সে ধানে দিছে,,,,Negative,0.6161768627379326,model_autofill,False
"আপার আমলেই ভালা আছিল,",,,,Sarcastic_negative,0.4595230595110474,model_autofill,True
তখন কষ্ট করে ভোট দেওয়া লাগত না,,,,Positive,0.3367778767603306,auto_second_pass_kept,True
এএএএএএএএএএএএএএএএ দালাল,,,,Sarcastic_negative,0.4782539967660703,model_autofill,True
মনে হচ্ছে আর বয়স 20 মাত্র,,,,Negative,0.3758747278767753,auto_second_pass_kept,True
ভায়ে নতুন ভোটার কচি,,,,Sarcastic_negative,0.3134505633646787,auto_second_pass_kept,True
এ্যে বলে কী তিনিও জীবনের প্রথম ভোট!,,,,Sarcastic_negative,0.431741954347338,model_autofill,True
Number 1 Butpar,,,,Sarcastic_negative,0.3069086785648073,auto_second_pass_kept,True
dot Babar vote oh dot hoi jabe,,,,Sarcastic_negative,0.3756913869631693,auto_second_pass_kept,True
Chinta kora jai koto boro natokbaz,,,,Sarcastic_negative,0.3841671434082986,auto_second_pass_kept,True
ছবি তুলা নিশেদ ভাই সরকার বলছে,,,,Negative,0.4230550528061813,model_autofill,True
Theলাল,,,,Sarcastic_negative,0.4874755279018415,model_autofill,True
এএএএএএএএএএএএএএএএএ দালাল,,,,Sarcastic_negative,0.4782539967660703,model_autofill,True
এহহহহহহ দালাল...,,,,Sarcastic_negative,0.4127371707390083,model_autofill,True
তাহলে সারা বছর পায়খানার গু খাইছেন,,,,Sarcastic_negative,0.7148446179182008,model_autofill,False
ওনি ধানে মারছে ১০০%,,,,Sarcastic_negative,0.3767297723066272,auto_second_pass_kept,True
বিহারীদের ভোটার তালিকায় নাম উঠানো হয়েছে কিছুদিন আগেই। তাই বিহারীদের জন্য এটাই জীবনের প্রথম ভোট।,,,,Positive,0.4797797073958856,model_autofill,True
মনে হচ্ছে ১৮ বছর তেল মারার একটা সিস্টেম থাকা উচিত,,,,Sarcastic_negative,0.4565062597893644,model_autofill,True
"ভোট মানে শুধু নির্বাচন নয়, এটি ভবিষ্যৎ প্রজন্মের জন্য একটি অঙ্গীকার। সঠিক নেতৃত্ব বেছে নেওয়াই আজকের সবচেয়ে বড় দায়িত্ব।",,,,Positive,0.569735081098555,model_autofill,False
Are you being serious?,,,,Sarcastic_negative,0.5415413952154351,model_autofill,False
ওলে লে লে লে,,,,Sarcastic_negative,0.3498680696722725,auto_second_pass_kept,True
মাগরিব টু মাগরিব জাতীয় নির্বাচন ২০২৬,,,,Sarcastic_negative,0.6113905463750132,model_autofill,False
"কথাই লজিক আছে, তারেক রহমান কে প্রথম ভোট দিছে,আগে অন্যে কাউকে দিতো",,,,Positive,0.6616554081294435,model_autofill,False
"এই কথা মানুষ যখন মন থেকে স্বাধীন হয় তখনই বলতে পারে ! তামিম ইকবালের মত লোক যদি জীবনের প্রথম ভোট হয়, তাহলে আমরা কোথায় আছি,, জীবনের প্রথম এবারও আমি ভোট দিলাম",,,,Negative,0.4690396159996038,model_autofill,True
ধানের শীষে সিল মারা ব্যালট দিচ্ছে,,,,Sarcastic_negative,0.6615836180052723,model_autofill,False
প্রিজায়ডিং অফিসার,,,,Sarcastic_negative,0.410962350300808,model_autofill,True
এইমাত্র আঠারো বছরে পা রাখলেন তামিম ইকবাল,,,,Sarcastic_negative,0.5183618327838986,model_autofill,False
সুবিধাবাজের উপরে কোন নোবেল থাকলে আপনি নিশ্চিত পাশ,,,,Sarcastic_negative,0.4659614591563245,model_autofill,True
"জুলাই গনঅভ্যুত্থান হয়েছে বলেই জীবনের প্রথম ভোট দিতে পারলে,",,,,Sarcastic_negative,0.4166120364792938,model_autofill,True
ভোট কিসে দিলেন নবাব,,,,Sarcastic_negative,0.6937008067405992,model_autofill,False
এএএএএএএএএএএই দালাল,,,,Sarcastic_negative,0.4617563839032498,model_autofill,True
আপার আমলে এমন সময়ে সবার ভোট হয়ে যেত…এখন কেন্দ্রে গিয়ে লাইনে দাঁড়িয়ে ভোট দিতে হয়। মিস ইউ আপা,,,,Sarcastic_negative,0.5356426021614884,model_autofill,False
নডিরপুতে কয় কি!!,,,,Sarcastic_negative,0.5715483701001893,model_autofill,False
এইইইই দা/লা/ল,,,,Sarcastic_negative,0.4841908499563936,model_autofill,True
বিএনপি ক্ষমতায় আইলে ইনশাআল্লাহ তামিম ভাই প্রধান মন্ত্রী হবেন,,,,Positive,0.5173973051658893,model_autofill,False
অনেক মানুষ ভোট দিতে যায়নি তাদের কি রকম লাগে,,,,Positive,0.4228646781297572,model_autofill,True
আলহামদুলিল্লাহ,,,,Positive,0.6938070689355245,model_autofill,False
কচি বাবু এখনো বিছানায় হিসু করে।,,,,Positive,0.6369441442909176,model_autofill,False
কেনো এর আগে দিতে কে না করছিলো।,,,,Sarcastic_negative,0.4762203006774949,model_autofill,True
দালাল সাংবাদিক তামিম এই কথা বলে নাই।,,,,Positive,0.6129850709335949,model_autofill,False
বয়স ১৮ মাএ,,,,Sarcastic_negative,0.3998280760788403,auto_second_pass_kept,True
#এই_ইইই_দালাল,,,,Negative,0.7636723231691561,model_autofill,False
হাহাহা,,,,Sarcastic_negative,0.3505733603059702,auto_second_pass_kept,True
বিহারি,,,,Sarcastic_negative,0.3904103775967449,auto_second_pass_kept,True
২০০৮ এ তামিম কি নাবালক ছিল,,,,Negative,0.3511986785980396,auto_second_pass_kept,True
বিহারি তামিম,,,,Sarcastic_negative,0.3881366499924318,auto_second_pass_kept,True
#NoBoatNoVote,,,,Sarcastic_negative,0.4031680017982416,auto_second_pass_kept,True
এতো দিন কোথায় ছিলেন??,,,,Sarcastic_negative,0.5753721211134091,model_autofill,False
শহীদুল ইসলাম সোহেল ঠিক বলেছেন,,,,Positive,0.4618594848863978,model_autofill,True
Mr dalal Iqbal khan,,,,Sarcastic_negative,0.4274165591335472,model_autofill,True
৬৬৬কোটি কর মাপ মহাজনের সকল প্রতিষ্ঠান ৫ বছরের কর আওতামুক্ত এর জন্য মহা এতো খুশি?? তাই ঈদ ঈদ লাগতেছে ।,,,,Positive,0.437378762185167,model_autofill,True
প্রতি বার ই জীবন এর প্রথম দেয় দালালে,,,,Sarcastic_negative,0.5483360805988403,model_autofill,False
ডাউট ইকবাল ১৭ বছর পরে হিসু বন্ধ হল,,,,Sarcastic_negative,0.759995944325916,model_autofill,False
ধন চুসা,,,,Sarcastic_negative,0.3487842094293225,auto_second_pass_kept,True
দাললা,,,,Sarcastic_negative,0.4366660484535782,model_autofill,True
da/লাল,,,,Sarcastic_negative,0.5317692313889957,model_autofill,False
Batpar,,,,Sarcastic_negative,0.3314045580260542,auto_second_pass_kept,True
দালাল চামচা,,,,Sarcastic_negative,0.5432039198909719,model_autofill,False
কচি বাবু এখনো সে বিছানায় হিসু করে,,,,Positive,0.6149996972921115,model_autofill,False
শালায় কয় কি,,,,Sarcastic_negative,0.4997606317657379,model_autofill,True
"আমারে ভুইলা যায়েন না,",,,,Negative,0.7682113792741055,model_autofill,False
মনে হচ্ছে এর বয়স ১৬ বছর মাএ,,,,Sarcastic_negative,0.6519336333948478,model_autofill,False
আপার লগে বিট্রে কইরা ফালাইছে,,,,Sarcastic_negative,0.5931979451671341,model_autofill,False
আগে ওর ভোট হাসিনা অন্য কাউকে দিয়ে সেরে দিত। ওর কষ্ট করে কেন্দ্রে যাওয়া লাগতোনা,,,,Sarcastic_negative,0.4540445640174087,model_autofill,True
তামিম নিশ্চিয় ধানের শীষে ভোট দিয়েছে।,,,,Sarcastic_negative,0.581801197516902,model_autofill,False
ইনশাআল্লাহ বিজয় আমাদের হবে,,,,Positive,0.631782065869494,model_autofill,False
তাহলে আগে তুমি গুপ্ত ছিলা তামিল কাকু!?,,,,Sarcastic_negative,0.4027621127538909,auto_second_pass_kept,True
হাইরে দালাল ওই নাকি জীবনের প্রথম ভোট দিয়েছে,,,,Sarcastic_negative,0.7046437144996873,model_autofill,False
তারুণ্যের প্রথম ভোট,,,,Positive,0.50630810599005,model_autofill,False
তাহাজ্জুদের আগে হোক,,,,Negative,0.5142259570524546,model_autofill,False
বাংলাদেশে থাকতে হলে আরো কত কিছু দেখতে পারবো,,,,Positive,0.3632578594535571,auto_second_pass_kept,True
কেউ বলবে জীবনের প্রথম ভোট দিলাম,,,,Sarcastic_negative,0.5596468167463678,model_autofill,False
কেউ বলবে আমার ভোট একজন দিয়ে ফেলেছে আগে,,,,Negative,0.6373851915715658,model_autofill,False
আবার কেউ বলবে আমাকে বাধা দেওয়া হয়েছে,,,,Negative,0.6165056144857144,model_autofill,False
#NoBoatNoElection,,,,Neutral,0.4637887618809567,model_autofill,True
#NoElectionWithoutAwamileague,,,,Sarcastic_negative,0.3238126240751575,auto_second_pass_kept,True
আমাকে ভুলে যাইয়েন না,,,,Negative,0.6390967625846888,model_autofill,False
Jitle BCB head hoben apni sure.,,,,Sarcastic_negative,0.3593321219441008,auto_second_pass_kept,True
আগেও তিনি আপা কে সুন্দর করে ভোট দিছে,,,,Positive,0.3841868225015807,auto_second_pass_kept,True
খোকা শিশু কি এখনো বিছানায় হিসু করে,,,,Positive,0.7259601919937192,model_autofill,False
এই বয়সে দালালে পথম ভোট দিছে,,,,Negative,0.4855514122869572,model_autofill,True
দালাল ভোট দিছে।,,,,Sarcastic_negative,0.4896225147502226,model_autofill,True
আমাদের ফোন নিয়ে যেতে দিচ্ছে না কেন তাহলে,,,,Negative,0.6591393019031405,model_autofill,False
ইনশাআল্লাহ জয়যুক্ত হবেন,,,,Positive,0.8575265839404107,model_autofill,False
dalal,,,,Sarcastic_negative,0.3909523524251519,auto_second_pass_kept,True
আগে নৌকায় দিছে। এবার সুযোগে কথা বদলাইছে।,,,,Positive,0.4419383977772902,model_autofill,True
তামিম বিএনপিতে ভোট দিয়েছে।,,,,Negative,0.9534925503549116,model_autofill,False
হেতে দেখি ভোট দেওয়ার আগেই সব পার্টি করে ফেলেছে!,,,,Positive,0.4459961625901129,model_autofill,True
আগে কি প্রবাসী ছিল,,,,Negative,0.652788019641555,model_autofill,False
১১ নং ইউনিয়ন ৩ নং ওয়ার্ড কান্দির পাড়!,,,,Sarcastic_negative,0.529351112727525,model_autofill,False
দালালে বলে কি,,,,Positive,0.5319850563186989,model_autofill,False
"গোলআলু, জার ব্যাক্তিত্বের সমস্যা আছে",,,,Negative,0.3719893800111083,auto_second_pass_kept,True
মাত্র ১৮ বছরে পা দিলেন তামীম ইকবাল,,,,Sarcastic_negative,0.6522839571260821,model_autofill,False
দালালে বিএনপিতে দিছে,,,,Negative,0.9352878954728516,model_autofill,False
দালালে কয় কি,,,,Sarcastic_negative,0.5515529613691934,model_autofill,False
Sala batpar,,,,Sarcastic_negative,0.3536982243678074,auto_second_pass_kept,True
"এতো বছর কার বা,,,,ল ছিরছে।",,,,Sarcastic_negative,0.586957964400459,model_autofill,False
বাটপার,,,,Negative,0.8773857350063566,model_autofill,False
তুই নাবালক ছিলি এতোদিন।,,,,Sarcastic_negative,0.4039600922527824,auto_second_pass_kept,True
এএএ দালাল........,,,,Sarcastic_negative,0.4438841517341614,model_autofill,True
এ সা লা বাটপার,,,,Negative,0.8519912580950224,model_autofill,False
Dalal a bole ki,,,,Sarcastic_negative,0.3880408047411361,auto_second_pass_kept,True
বুঝতে পারছি তুমি কি জিনিস।,,,,Sarcastic_negative,0.4578102169561652,model_autofill,True
তামিন কি আগে ভোট দে নি শালার পুত,,,,Negative,0.3905482497529116,auto_second_pass_kept,True
মিথ্যা বলার জায়গা পান না,,,,Positive,0.5259107756572247,model_autofill,False
দালাল এর বাচ্চা দালাল,,,,Sarcastic_negative,0.6419938883106758,model_autofill,False
দালালের কথায় বিশ্বাস করতে নেই,,,,Sarcastic_negative,0.4399099742130088,model_autofill,True
তুমি আগের ভোট কেনো দাওনি? তুমি কি বাচ্চা ২০০৮ সালে কি তুমি ভোটার হওনি?,,,,Sarcastic_negative,0.5610413864612281,model_autofill,False
বলতে গেলে গত ১৭ বছর যারা সবচেয়ে সুবিধা নিছে তার মধ্যে এই বাইনচোদ একজন,,,,Negative,0.4897646612195791,model_autofill,True
সে এত দিন রোহিঙ্গা ছিলোতো তাই ভোট দিতে পারেনি বাটপার,,,,Negative,0.5381425814556358,model_autofill,False
বাঙ্গির পুত তুই এত গরম হইলি কেমনে?,,,,Sarcastic_negative,0.5441358582379954,model_autofill,False
শালার পাকিস্তানি বিহারি,,,,Negative,0.3691439378400893,auto_second_pass_kept,True
তরে আগে থেকেই আমি পছন্দ করতাম না তুই একটা নোংরা মনের মানুষ,,,,Negative,0.5113405313008748,model_autofill,False
Dur dalal,,,,Sarcastic_negative,0.3857791517879445,auto_second_pass_kept,True
কি আর বলবো আপনার কথা।,,,,Positive,0.4747163383520177,model_autofill,True
মাদারচোদ তামিম,,,,Negative,0.3515787009342911,auto_second_pass_kept,True
Dalal,,,,Sarcastic_negative,0.3909523524251519,auto_second_pass_kept,True
এতদিন কার বাল পালাইছেন বুইড়া হয়ে গেছেন এখন কিভাবে প্রথম ভোট দিলেন,,,,Sarcastic_negative,0.5278675352497444,model_autofill,False
এত বছর কার বাল ফালাইছেন।,,,,Sarcastic_negative,0.7791693897318134,model_autofill,False
হালা বাটপার,,,,Negative,0.9063654077557672,model_autofill,False
তোমার হাসিনা আম্মুকে কতবার দিয়েছো এটা মানুষ জানতে চায় নাটকবাজ দালাল।,,,,Negative,0.6733100297923607,model_autofill,False
ওহ তাইলে আপনি এতোদিন ভোট দেননি।,,,,Sarcastic_negative,0.644376297512026,model_autofill,False
চামবাজ।,,,,Sarcastic_negative,0.4698477369832523,model_autofill,True
ফাট সালা মাদারবোর্ড বউদির ছেলে তোর মার আমি *******?,,,,Negative,0.834116314599456,model_autofill,False
ভোট তো প্রথম দিলো কিন্তু ভোটের অধিকার হরণ করা দলের দালালি তে পিছিয়ে ছিলো না...,,,,Positive,0.4619709570383045,model_autofill,True
একটা মানুষ এত বড় বাটপার হয় কি করে,,,,Positive,0.3752962796654834,auto_second_pass_kept,True
পরে বাটপার মিথ্যা কথা,,,,Negative,0.7436726343349725,model_autofill,False
তোর ভোট দেওয়ার বয়স হয়েছে এখন -,,,,Positive,0.4266704434916162,model_autofill,True
সালা দালাল,,,,Sarcastic_negative,0.4991888451525645,model_autofill,True
নাটক বাজ এক বাটপার,,,,Negative,0.4630150621888743,model_autofill,True
এএএএএ দালাল,,,,Sarcastic_negative,0.4782539967660703,model_autofill,True
ওরে বাটপার,,,,Negative,0.7085378767090033,model_autofill,False
ওরে চিটার!,,,,Sarcastic_negative,0.3568250821315135,auto_second_pass_kept,True
দালাল শালা,,,,Sarcastic_negative,0.4502660419952118,model_autofill,True
ওরে বাটপার।,,,,Negative,0.7085378767090033,model_autofill,False
দালাল না এজেন্ট,,,,Sarcastic_negative,0.3784010821797346,auto_second_pass_kept,True
দাালাল,,,,Sarcastic_negative,0.4893827690394882,model_autofill,True
বুড়া বেডা জীবনে প্রথম ভোট দিলো।,,,,Sarcastic_negative,0.5494062879671933,model_autofill,False
তেল মারা তামিম এর কাছ থেকে অনেক শেখার আছে।,,,,Sarcastic_negative,0.4925367995308505,model_autofill,True
তামিম কুত্তার বাচ্চা খুব বড় ধরনের বাটপার,,,,Negative,0.7036679217249543,model_autofill,False
তেলবাজ তামিম,,,,Sarcastic_negative,0.4643262675728983,model_autofill,True
চুদির ভাই বলে কি এসব,,,,Positive,0.3054218097538176,auto_second_pass_kept,True
রাজাকারের নাতি পুতিরা কি বলে,,,,Positive,0.5077888634721751,model_autofill,False
ওরে মাদারি,,,,Sarcastic_negative,0.3037807522079693,auto_second_pass_kept,True
এইই দালাল,,,,Sarcastic_negative,0.4575669538302575,model_autofill,True
দালাল বয়কট,,,,Negative,0.6030773072018678,model_autofill,False
শালা বাটপার ভন্ড,,,,Negative,0.7666945487963235,model_autofill,False
মিথ্যুক,,,,Sarcastic_negative,0.3459805978979909,auto_second_pass_kept,True
বুড়ো পাঠা বলে কি তোর বয়সে ৪০ বছর আহারে বাটপার,,,,Negative,0.4611423996045418,model_autofill,True
বাটপার দ্যা গ্রেট,,,,Negative,0.8302246062449943,model_autofill,False
তামিম ভারতীয় দালাল,,,,Negative,0.6821600326807901,model_autofill,False
"গুপ্ত, শালারপুতে",,,,Sarcastic_negative,0.3951089664477187,auto_second_pass_kept,True
"শালা দালাল,গ্রেট বাইনচোদ",,,,Sarcastic_negative,0.4193424895395569,model_autofill,True
জীবনে প্রথম ভোট দিল তো পর এই কথাটা শুনতে তো লজ্জা লাগে আমার,,,,Negative,0.5693039412827852,model_autofill,False
শুয়োরের বাচ্চা একটা,,,,Sarcastic_negative,0.4076443241056367,model_autofill,True
আরে দালাল,,,,Positive,0.703607326950066,model_autofill,False
মাদারচোদ দালাল,,,,Sarcastic_negative,0.4029866674370573,auto_second_pass_kept,True
শালা মীরজাফর বাটপার,,,,Negative,0.5199848444040345,model_autofill,False
এই বানচোদ তোর বয়স কি ১৬ বছর যে জীবনে প্রথম ভোট দিলে খানকির পোলা তোর কপালে কষ্ট আছে,,,,Negative,0.4724251505835474,model_autofill,True
চুদানিপোলা তেল মেরে বিসিবি প্রেসিডেন্ট হতে চাও?,,,,Negative,0.42999911803466,model_autofill,True
সালায় আস্থা মাদারচোধ সুবিধবাদী,,,,Negative,0.3516394618145768,auto_second_pass_kept,True
সাউয়ার পোলা একটা।,,,,Sarcastic_negative,0.5258439327771862,model_autofill,False
রাজাকার সন্ত্রাসী,,,,Negative,0.3899864168365284,auto_second_pass_kept,True
বদমাস,,,,Sarcastic_negative,0.4021469331046858,auto_second_pass_kept,True
বড় মাফের চোর,,,,Negative,0.3928197357817962,auto_second_pass_kept,True
দালালের বাচ্চা দালাল,,,,Sarcastic_negative,0.3712303360569605,auto_second_pass_kept,True
দালালকে চরম মূল্য দিতে হবে,,,,Neutral,0.930234291429039,model_autofill,False
দালাল তর মাকে চুদি,,,,Negative,0.4057810966026088,model_autofill,True
তুমি মিয়া একটা ফালতু। তোমার কথা শুনে মনে হচ্ছে তোমার ২০ বছর। এত বছর তোমাকে ভোট দিতে মানা করছে কে? গণভবনে তো পরিবার নিয়ে দেখা করতে যাইতা।,,,,Negative,0.4840607017836494,model_autofill,True
বাটপার তোর ভোট দেয়া কি দরকার বাটক করছ,,,,Negative,0.6364980922170869,model_autofill,False
খা*কির পোলায় কয় কি!,,,,Sarcastic_negative,0.5262610400955604,model_autofill,False
Liar… Hasina re to thik e vote disos,,,,Sarcastic_negative,0.3484125921002948,auto_second_pass_kept,True
নৌকা মার্কায়?,,,,Sarcastic_negative,0.4048514819282181,auto_second_pass_kept,True
"সেটা নেই তবে কিসের মার্কায় ভোট দিল, দালাল।",,,,Sarcastic_negative,0.4007633649727539,auto_second_pass_kept,True
কালারের বাচ্চা আগে না তোর আম্মারে ভোট দিসোস,,,,Negative,0.7779384353269807,model_autofill,False
মীরজাফর,,,,Sarcastic_negative,0.4454516648268217,model_autofill,True
Sala bainchud,,,,Sarcastic_negative,0.3541489102231446,auto_second_pass_kept,True
চোদনা তাহলে আমার ও ছোটো,,,,Negative,0.6940215355530177,model_autofill,False
কচি মাল,,,,Sarcastic_negative,0.4217423117865763,model_autofill,True
তুমি তো দালাল,,,,Sarcastic_negative,0.5997668101889467,model_autofill,False
দা*লাল,,,,Sarcastic_negative,0.5501925782243952,model_autofill,False
মুখে সস্তা ফালতু কথা না থাকলে,,,,Positive,0.3474241668846021,auto_second_pass_kept,True
sillyব্র্যাট হওয়া যায় না,,,,Negative,0.3528992124061209,auto_second_pass_kept,True
কুত্তার বাচ্চা মিথ্যাবাদীর বাচ্চা,,,,Negative,0.4898871742488255,model_autofill,True
এতদিন তাহলে কি তুই নাবালক ছিলি,,,,Sarcastic_negative,0.3526957231055195,auto_second_pass_kept,True
এইইইই দালাল,,,,Sarcastic_negative,0.4575669538302575,model_autofill,True
হাসিনা আমলে ভোট দেন নাই?,,,,Sarcastic_negative,0.4938279561127138,model_autofill,True
শালি ভন্ড কয় কি এগুলা,,,,Sarcastic_negative,0.4837552317458216,model_autofill,True
দেশী দালাল,,,,Sarcastic_negative,0.4832991210890124,model_autofill,True
দালাল মার্কায় দিয়েছেন‌ ভাইয়া?,,,,Sarcastic_negative,0.4314872626474701,model_autofill,True
দালাল!,,,,Sarcastic_negative,0.4263556223850434,model_autofill,True
দালালরা এমন করে বলে,,,,Positive,0.4656559625761811,model_autofill,True
"৪০ বছরের দামড়া তুমি এতো দিনে প্রথম ভোট দিছো, আগে শুধু দালালি ওই করছো",,,,Sarcastic_negative,0.5771119699729154,model_autofill,False
নব্য দালাল খেলোয়াড়,,,,Sarcastic_negative,0.6226804148756698,model_autofill,False
তুর বাল পেকে সাদা হয়ে গেছে,,,,Sarcastic_negative,0.7584217571312198,model_autofill,False
"দালাল না বলছিলো উনাকে,",,,,Sarcastic_negative,0.30501580237018,auto_second_pass_kept,True
এতদিন.... ফালাইছো,,,,Sarcastic_negative,0.5888808561576563,model_autofill,False
এ দালাল,,,,Sarcastic_negative,0.4752139387195272,model_autofill,True
Kno tomar Amma jokhon khomotai cilo tokhon daou nai,,,,Sarcastic_negative,0.4845489977130526,model_autofill,True
"নাটক কম কর,তোর বয়স কত?আগে ভোট দেওনাই কেন।",,,,Sarcastic_negative,0.5774987837679587,model_autofill,False
ভারতীয় দালাল,,,,Negative,0.6828636881905791,model_autofill,False
বিএনপির শালার,,,,Negative,0.9604686324149756,model_autofill,False
বিগত ১৭ বছর হাসিনারে ভোট দোচে নাই!!!!,,,,Sarcastic_negative,0.6921259041960144,model_autofill,False
তার মানে আপনি শেখ হাসিনা সাথে পাশে পাশে থেকেও ভোট দেননি বেঈমান,,,,Sarcastic_negative,0.5531908054559889,model_autofill,False
"শালা মিথ্যাবাদী, তেলবাজ",,,,Sarcastic_negative,0.3695790323427138,auto_second_pass_kept,True
এতো বছর বাল ফালাইছো...দাদাল শালা,,,,Sarcastic_negative,0.7661367223061498,model_autofill,False
"ওরে দালাল, তুমিযে কিসে ভোট দিবা তা সবাই জানে।",,,,Sarcastic_negative,0.4258668662692835,model_autofill,True
আর যেন বাংলার মাঠিতে ভোট চুরের জন্ম না হয়,,,,Positive,0.7221599300423077,model_autofill,False
দালাল।,,,,Sarcastic_negative,0.4782539967660703,model_autofill,True
দালালদের কোন দল নেই।এরা দালাল,,,,Negative,0.448075962090127,model_autofill,True
ওরে চিটার,,,,Sarcastic_negative,0.3277245960679428,auto_second_pass_kept,True
এতো দিনে সাবালকত্ব অর্জন করলেন?,,,,Sarcastic_negative,0.4933156973149133,model_autofill,True
আপনার চাচা কে ও কি এর আগে ভোট দেন নাই?,,,,Sarcastic_negative,0.8266486935564439,model_autofill,False
দালাল এ কি কই,,,,Sarcastic_negative,0.416799493231736,model_autofill,True
জীবনের প্রথম হারের স্বাদটা ও পাবে এই দালাল,,,,Negative,0.4122925120422464,model_autofill,True
Ai kankir fut k dakly majaj karap hoya jai,,,,Sarcastic_negative,0.4348697593750056,model_autofill,True
শালা বাটপার,,,,Negative,0.8722433785991243,model_autofill,False
দালাল তার জীবনে প্রথম ভোট দিলেন,,,,Sarcastic_negative,0.594854418871568,model_autofill,False
এদের মত দালালদের,,,,Positive,0.3172018428326263,auto_second_pass_kept,True
কেন যে নেত্রী বুকে আগলে রেখেছে আল্লাহ ভালো জানে,,,,Negative,0.4772210948029504,model_autofill,True
শালা বুড়া ভাম,,,,Sarcastic_negative,0.3972530436610306,auto_second_pass_kept,True
নাটকবাজ!!,,,,Sarcastic_negative,0.5229080864111001,model_autofill,False
বিহারির বাচ্চার বয়স হিসাব করলে তো আমার জন্মের আগের ভোটার তার মানে কি ওর বাবা জামাত ছিলোনা বলে ভোট দেয় নাই এতো বছর?,,,,Positive,0.4066165262003341,model_autofill,True
এর আগে কার বাল ফালাইছেন বয়স তো কম হয় নাই নির্বাচন তো অনেকটাই পাইছেন তাহলে দিলেন না কেন,,,,Sarcastic_negative,0.6389703547890072,model_autofill,False
সব শালারা দালাল,,,,Sarcastic_negative,0.3660829933610707,auto_second_pass_kept,True
দালাল খানকির পোলা চট্টগ্রামের সেরা পল্টিবাজ।,,,,Sarcastic_negative,0.5157420041448029,model_autofill,False
ঐ দালাল,,,,Sarcastic_negative,0.4782539967660703,model_autofill,True
খানকির পুলা একটা,,,,Sarcastic_negative,0.4614012859780739,model_autofill,True
দালালের পক্ষ থেকে লাল গোলাপের শুভেচ্ছা,,,,Positive,0.3238416067242414,auto_second_pass_kept,True
মাগির পোলা দালালি চুদাও আগে ভোট চোদো নি,,,,Negative,0.3609599108206339,auto_second_pass_kept,True
"দালাল,কচি বয়",,,,Sarcastic_negative,0.4054883122997782,auto_second_pass_kept,True
মিথ‍্যা তামিম,,,,Sarcastic_negative,0.3444804027085672,auto_second_pass_kept,True
ভারতের দালাল বিএনপির দালাল,,,,Negative,0.9278936276285638,model_autofill,False
দালাল দালালকে ভোট দিয়েছে জানা কথা।,,,,Positive,0.4449083946811797,model_autofill,True
দালাল সুবিধাবাদী যেদিকে চাঁদ ওঠে সেদিক যায়৷,,,,Sarcastic_negative,0.3723167449108523,auto_second_pass_kept,True
"এই ভন্ড ""না"" ভোট দিয়েছে এটা নিশ্চিত",,,,Negative,0.6834874492094057,model_autofill,False
মিথ্যাবাদী,,,,Negative,0.3800934949382957,auto_second_pass_kept,True
দালাল চক্রের হোতা,,,,Sarcastic_negative,0.4555370071571087,model_autofill,True
"যদি ১৩ তারিখ সকালে ঘুম ভেঙে দেখি ডক্টর শফিকুর রহমান দেশের প্রধানমন্ত্রী, তাহলে সেই ১৩ তারিখটাই হবে আমার জীবনের সবচেয়ে আনন্দের ও স্মরণীয় দিন।",,,,Neutral,0.4148982947450106,model_autofill,True
"শান্তিপূর্ণ, নিরপেক্ষ ভোট হলে গণতন্ত্রের সূচনা হবে: তারেক রহমান",,,,Neutral,0.7910272701560319,model_autofill,False
"কথা কম, সিদ্ধান্ত স্পষ্ট।",,,,Positive,0.5639896539369155,model_autofill,False
দাঁড়িপাল্লাই শ্রেষ্ঠ~,,,,Positive,0.3452436150264886,auto_second_pass_kept,True
"উঁড়ছে পাখি"" দিচ্চে ডাক!!",,,,Sarcastic_negative,0.4659482683916381,model_autofill,True
দাঁড়িপাল্লা জিতে যাক!!,,,,Neutral,0.4578326553109073,model_autofill,True
_ইনশা-আল্লাহ,,,,Positive,0.6950857435660851,model_autofill,False
"ধর্ম ব্যাবসা রুখে দিন,",,,,Sarcastic_negative,0.4469924011640666,model_autofill,True
ধানের শীষে ভোট দিন।,,,,Sarcastic_negative,0.6937652772253267,model_autofill,False
"-তারুণ্যের প্রথম ভোট,",,,,Positive,0.4820738474599725,model_autofill,True
ধানের শীষের পক্ষে হোক।,,,,Positive,0.5160744950302206,model_autofill,False
রাতে ভোট নাকি কাক্কু,,,,Sarcastic_negative,0.5104341897596497,model_autofill,False
তাহাজ্জুদ পড়েই ইনসাপের সিল মারা শুরু করলে এমন তো মনে হবেই,,,,Neutral,0.578418799157683,model_autofill,False
হাস্যকর কথা,,,,Positive,0.8260973822604821,model_autofill,False
টেনশন করার কোন প্রয়োজন নেই দাদু,,,,Sarcastic_negative,0.4427231773523588,model_autofill,True
সামনের জন্য প্রস্তুতি নেন। এবার না হয় অন্য কোন সময় জয় আসবে। ইনশাআল্লাহ,,,,Positive,0.7742174247872069,model_autofill,False
লাইলাতুল গুজব চলিতেছে কেউ কান দিবেন না,,,,Sarcastic_negative,0.5601487606055136,model_autofill,False
পরিস্থিতি যাই হোক,,,,Negative,0.767496864904581,model_autofill,False
নিজেকে শান্তনা দেওয়া অব্যাহত রাখতে হবে। এইটা হার্টের জন্য ভালো,,,,Neutral,0.5615330512545489,model_autofill,False
হাতের কামডা কি রাইতেই সাইরা ফালাইছেন কাকু??,,,,Negative,0.4718338620385126,model_autofill,True
রাতের ভোট নাকি দাদা,,,,Sarcastic_negative,0.5436419565783607,model_autofill,False
আমরা এটা মানি না দিনে হয়েছে ইলেকশন রাতে হয়েছে সিলেকশন,,,,Negative,0.7806259216001891,model_autofill,False
ফেসবুকে আমিও তাই খবর পেলাম,,,,Negative,0.3796587619250768,auto_second_pass_kept,True
প্রাথমিক ভোট দিয়ে বুঝিয়ে দেন,,,,Negative,0.3443643050196545,auto_second_pass_kept,True
আগামীকাল কে প্রধানমন্ত্রী হতে পারে।,,,,Positive,0.3449585227788235,auto_second_pass_kept,True
জামায়াত,,,,Negative,0.3450594613464156,auto_second_pass_kept,True
বিএনপি,,,,Negative,0.9817907194170126,model_autofill,False
হাতপাখা,,,,Sarcastic_negative,0.6691505053213488,model_autofill,False
লাঙ্গল,,,,Sarcastic_negative,0.4421937575950685,model_autofill,True
প্রাথমিক ভোট হয়ে যাক!,,,,Sarcastic_negative,0.4429338833786064,model_autofill,True
জাতীয় পার্টি,,,,Negative,0.3711769174033028,auto_second_pass_kept,True
দেখি কে সবচেয়ে এগিয়ে যায়,,,,Positive,0.3116489514140196,auto_second_pass_kept,True
তার কানে খবর দেয় কারা,,,,Sarcastic_negative,0.6274759636817417,model_autofill,False
হাস্যকর কথা সেই মজার,,,,Positive,0.4456935846137599,model_autofill,True
দয়া করে সারাদেশের মধ্যে যে গুজব তাতে কান দিয়েন না,,,,Negative,0.4611720980571688,model_autofill,True
"ইনশাআল্লাহ, শাপলাকলি এবং দাড়িপাল্লা জয় সু-নিশ্চিত",,,,Positive,0.5163252867136888,model_autofill,False
ওয়েলকাম বলবে না স্বাগতম বলবে,,,,Sarcastic_negative,0.3153977576260081,auto_second_pass_kept,True
খবর পেয়ে গেছেন?,,,,Sarcastic_negative,0.6495961440687649,model_autofill,False
"বিএনপি-জামায়াত বা অন্য কোনো দল নয়, আমরা সবাই এদেশের মানুষ।",,,,Negative,0.8466893883183958,model_autofill,False
"দলের চেয়ে দেশ বড়, আর ব্যক্তিস্বার্থের চেয়ে সম্প্রীতি বড়।",,,,Positive,0.5997072969829068,model_autofill,False
"হিংসা-বিদ্বেষ ভুলে চলুন কাঁধে কাঁধ মিলিয়ে প্রিয় মাতৃভূমিকে এগিয়ে নিয়ে যান।""",,,,Sarcastic_negative,0.3419414610102966,auto_second_pass_kept,True
এটাই হবে আমাদেরসবার মূল প্রতিশ্রুতি,,,,Negative,0.4318790669728755,model_autofill,True
"হে আল্লাহ, আপনি যাকে সম্মানের যোগ্য মনে করেন তাকেই সম্মানিত করুন। আপনি বলেছেন,",,,,Sarcastic_negative,0.4314805157206555,model_autofill,True
"“নিশ্চয়ই আল্লাহ ন্যায়বিচার, সৎকর্ম ও আত্মীয়স্বজনকে দান করার নির্দেশ দেন।” (সূরা নাহল ১৬:৯০)",,,,Negative,0.4227229234794238,model_autofill,True
"আমাদের দেশকে অন্যায়, সন্ত্রাস ও অশান্তি থেকে মুক্ত করুন। যারা খারাপ পরিকল্পনা করে তাদের সফল হতে দেবেন না।",,,,Negative,0.4364296667298136,model_autofill,True
"রাসূলুল্লাহ ﷺ বলেছেন, “তোমাদের প্রত্যেকেই দায়িত্বশীল, এবং প্রত্যেকেই তার দায়িত্ব সম্পর্কে জিজ্ঞাসিত হবে।” (বুখারি, মুসলিম)",,,,Negative,0.3781268098211587,auto_second_pass_kept,True
"হে রব, আমাদের দেশে এমন নেতৃত্ব দিন যারা সত্যিকার অর্থে জনগণের নিরাপত্তা রক্ষা করবে। আমরা যেন নির্ভয়ে চলাফেরা করতে পারি, আমাদের দেশ যেন সুস্থ ও শান্ত হয়।",,,,Negative,0.6913173939967819,model_autofill,False
আপনিই আমাদের ভরসা। আমিন।,,,,Negative,0.7057739034792301,model_autofill,False
আসলে উনি রাগের মাথায় বলসে,,,,Sarcastic_negative,0.3722136886023237,auto_second_pass_kept,True
কাকা বলতে পারবে না যে তাকেই এটা বলা হইচে,,,,Negative,0.5145659055175603,model_autofill,False
দাঁড়িপাল্লার বাংলাদেশ।,,,,Positive,0.4945235222767283,model_autofill,True
পরে যেন কথা উল্টে না যায়।,,,,Positive,0.4338208129421025,model_autofill,True
চারিদিকে একি শুনি ধানের শীষের,,,,Sarcastic_negative,0.6619815936954687,model_autofill,False
জয় ধনি,,,,Negative,0.3475462144849841,auto_second_pass_kept,True
আচ্ছা উনি জিতছেন তো নাকি,,,,Sarcastic_negative,0.4662359165994081,model_autofill,True
অপেক্ষা করো আর মাত্র একঘন্টা,,,,Positive,0.3479098581179483,auto_second_pass_kept,True
কথাটা ১০০% সত্য হলো,,,,Neutral,0.3604715013945387,auto_second_pass_kept,True
দাদু হাসালেন,,,,Sarcastic_negative,0.5642006344751819,model_autofill,False
অনলাইন প্রধানমন্ত্রী পাবলিক প্লেসে প্রধানমন্ত্রী এক না,,,,Positive,0.4450621775159131,model_autofill,True
আপনি হলেন জাত অভিনেতা,,,,Sarcastic_negative,0.5389091432184171,model_autofill,False
সিনেমা করলে ডিপজলকেও হার মানাতেন,,,,Negative,0.3587908005654903,auto_second_pass_kept,True
ভালোবাসা জোর করে আদায় করা যায় না,,,,Positive,0.6535320259021716,model_autofill,False
"দাদু চিন্তার কারণ নেই, বিরোধীদলীয় প্রার্থী হিসেবে অন্তত সম্মানটুকু বজায় রাখেন",,,,Sarcastic_negative,0.4085859945792797,model_autofill,True
"ঠিকই পাইছেন, ওয়েলকাম করে নাই লাল কার্ড দেখিয়েছে",,,,Sarcastic_negative,0.4177474811515507,model_autofill,True
"দাদু এইভাবে বইলেন না,, হার্টবিট বেড়ে যায়",,,,Sarcastic_negative,0.4857619013977188,model_autofill,True
দাদু রাতে কি ভোট কম পড়েছিল,,,,Sarcastic_negative,0.4071560343727401,model_autofill,True
তা হলে আপনি ই তো,,,,Sarcastic_negative,0.6578542896787233,model_autofill,False
"মনে হয় বেশি সুবিধা না, চেহারা কি অবস্থা ,",,,,Sarcastic_negative,0.6809275209440541,model_autofill,False
দাদু চিপায় আছে দেইখা বুঝা যাইতেসে,,,,Negative,0.609188172269669,model_autofill,False
আবার সুযোগ নিন।,,,,Negative,0.3862581403160837,auto_second_pass_kept,True
এই কথা বলতে হতো শরম করে আসলে মানুষ কতটা নিজ হয়ে গেছে বলা যায় না,,,,Positive,0.3763600305007445,auto_second_pass_kept,True
সব মিডিয়ারে কি ব্যাগে করে ধান দিয়েছে নাকি,,,,Positive,0.5441307243171202,model_autofill,False
রুখো যারা ! পিকচার আভি বাকি হ্যায় !!,,,,Sarcastic_negative,0.3500483525503135,auto_second_pass_kept,True
"ও কাকা জান্নাতে টিকিট ক‌ই, দিবো না",,,,Sarcastic_negative,0.5212033490861168,model_autofill,False
ফেইসবুকে জিতেছেন আপনারা কিন্তু বাস্তবে নয়,,,,Sarcastic_negative,0.73467436871209,model_autofill,False
হুম । আমরা নতুন্যাতে বিশ্বাসী,,,,Negative,0.6175938755610467,model_autofill,False
শেষে একটা চিটারি হবে তাহলে কাকু,,,,Neutral,0.8081571291830831,model_autofill,False
কাকু কেমন আছেন,,,,Sarcastic_negative,0.6067186090640949,model_autofill,False
Insha-Allah,,,,Positive,0.7432637419854659,model_autofill,False
সেটাই করছে,,,,Negative,0.5724905465196437,model_autofill,False
মিডিয়াগুলো জামায়াতের বিজয় ঘোষণা করতে কলিজা ফেটে যাচ্ছে।,,,,Sarcastic_negative,0.4784632215572679,model_autofill,True
"গত দীন রাতেই এটার প্রমাণ হয়েছে,চেহারার অবস্থা দেখে",,,,Sarcastic_negative,0.4580576884141921,model_autofill,True
এবার জামানত হারানো বাকি আছে,,,,Sarcastic_negative,0.3697908524329413,auto_second_pass_kept,True
"হাস্যকর,....জনগণের ভোটের মাধ্যমে জয়ী, কে মেনে নিবে না?",,,,Sarcastic_negative,0.5501890052635797,model_autofill,False
যে নিজের এলাকায় হেরে যায় সে দল নিয়ে কিছু বলার নাই,,,,Negative,0.5755280127243565,model_autofill,False
আহা দুদুর মুখ গুয়া শুকাই গেছে,,,,Sarcastic_negative,0.5906620572456586,model_autofill,False
InsahAllah,,,,Positive,0.3441617813372703,auto_second_pass_kept,True
জামানত শেষ তোমগো,,,,Sarcastic_negative,0.3897754080998659,auto_second_pass_kept,True
Bah tokfoka sooder munafek.,,,,Sarcastic_negative,0.3823417198805327,auto_second_pass_kept,True
দাঁড়ি পাল্লা,,,,Sarcastic_negative,0.3111887052527587,auto_second_pass_kept,True
ভোট গননা হয়ে গেছে,,,,Sarcastic_negative,0.6882837316474057,model_autofill,False
নাটক শুরু হয়ছে,,,,Sarcastic_negative,0.7373810797539008,model_autofill,False
নিজেই নিজেকে ধরিয়ে দিলো,,,,Sarcastic_negative,0.4842561108794923,model_autofill,True
ডাঃ শফিকুর রহমান জিন্দবাদ,,,,Positive,0.3475952909594769,auto_second_pass_kept,True
আপনি ফেল,,,,Sarcastic_negative,0.8446968250297997,model_autofill,False
ইনশা আল্লাহ দাঁড়িপাল্লা,,,,Positive,0.8302071971723683,model_autofill,False
ইনশাআল্লাহ। এদের প্রতিহত করতে হবে। প্রাপ্য ভোট ফিরিয়ে আনতে হবে।,,,,Neutral,0.486691579901069,model_autofill,True
হোলাপো হালা কয় কি,,,,Sarcastic_negative,0.4245923160742421,model_autofill,True
ভোট দিছে জামাতকে ইঞ্জিনিয়ারিং করে রেজাল্টটা পাল্টে দেওয়া হয়েছে কখনো কখনো জোর করে কখনো কোন বুয়া সিল মেরে ধানের শেষে সিল মারছে,,,,Sarcastic_negative,0.4702528633673675,model_autofill,True
এই নির্বাচন কখনো সুস্থ হয়নি জনগণ স্বৈরাচার দেখতে চায়না,,,,Sarcastic_negative,0.4028630054216067,auto_second_pass_kept,True
জামাতকে জনগণের ভোটের হিসাব দিতে হবে জনগণ জামাতকে ভোট দিছে কিন্তু ভোটটা সিনিয়ে এনা দায়িত্ব জামাতের জামাত কেন চুপ করে রয়েছ আমি এটা বুঝিনা প্রয়োজন আমরা আরেকটা জুলাই চাই তবুও আমরা বাংলাদেশের চাঁদাবাজি দেখতে চাই না জামাতের হিসাব দিতে হবে জামাত কি আমরা ভোট দিয়েছি জামাতকে দেশ গঠন করতে হবে প্রয়োজন আর একটা জুলাই হবে আরেকটা জুলাই হবে আমরা সংগ্রাম করতে রাজি আছি,,,,Neutral,0.4872618955136095,model_autofill,True
কাকু আপনি কাকে ফ্যাসিবাদ বললেন আপনি নিজেকে মক্কার খেজুর,,,,Sarcastic_negative,0.7698938254287075,model_autofill,False
দাদুর মুখে জ্যাপসা দেখা যাচ্ছে,,,,Sarcastic_negative,0.3202072799570664,auto_second_pass_kept,True
নাফাক,,,,Sarcastic_negative,0.3555963042452356,auto_second_pass_kept,True
রাজা কারদের বয়কট,,,,Sarcastic_negative,0.3564062166008401,auto_second_pass_kept,True
লাবনাই জাতীয় সরকার হবেনা,,,,Neutral,0.7980277709894499,model_autofill,False
ki holo dadu churi korew kicu korte parlen na?,,,,Sarcastic_negative,0.33122662460066,auto_second_pass_kept,True
আপনে নিজে আগে জয়ের খাতায় নাম লেখান।,,,,Sarcastic_negative,0.5198654085541783,model_autofill,False
জিন্দা অলি কট,,,,Sarcastic_negative,0.5830251989480817,model_autofill,False
বিপক্ষকে কিভাবে ভাষায় প্রতিহত করতে হবে তাও জানেনা,,,,Neutral,0.4171513472183989,model_autofill,True
কে পেসিবাদ,,,,Sarcastic_negative,0.3694051498226254,auto_second_pass_kept,True
সাদা ঠাকুরে এখন বলে রাম রাম,,,,Positive,0.6785083485642349,model_autofill,False
আল্লাহর ফয়সালা দাড়ি পাল্লা,,,,Negative,0.354773253917877,auto_second_pass_kept,True
Sasaji seharatathoh kub molin lagse,,,,Sarcastic_negative,0.3907980888991147,auto_second_pass_kept,True
যে জাতি যেমন তার জন্য শাসকও তেমন এটাই আল্লাহর ফয়সালা,,,,Negative,0.3742259645480821,auto_second_pass_kept,True
কাকু কান্নাকাটি শুরু করো না,,,,Positive,0.4625447569542339,model_autofill,True
Oree batpar,,,,Sarcastic_negative,0.3821600426905726,auto_second_pass_kept,True
ইনশাআল্লাহ,,,,Positive,0.8740653254622512,model_autofill,False
আলহামদুলিল্লাহ আলহামদুলিল্লাহ,,,,Positive,0.6938070689355245,model_autofill,False
দাড়িপাল্লা ইনশাআল্লাহ,,,,Positive,0.919373562275303,model_autofill,False
চাচা জান্নাতে টিকেট লইয়া লন,,,,Sarcastic_negative,0.4398264585361694,model_autofill,True
সঠিক খবরই পাইছেন দাদা,,,,Sarcastic_negative,0.3943454739654676,auto_second_pass_kept,True
জনগণ ফ্যাসিবাদ কে ওয়েলকাম করবে না বলেই আপনাদের ভোট দেয় নাই।ন্যায় ও ইনসাফ প্রতিষ্ঠার জন্য বিএনপিকে ভোট দিয়েছে,,,,Positive,0.6149085345879002,model_autofill,False
Dude doya tulsi pata,,,,Sarcastic_negative,0.3770665244684181,auto_second_pass_kept,True
জ্যোতিষীর হ্যাডা,,,,Sarcastic_negative,0.411637692433624,model_autofill,True
"জান্নাতের টিকেট দেন,,,",,,,Sarcastic_negative,0.4551191545890525,model_autofill,True
আজ আপনার চেহারা নুর দেখছিনা,,,,Sarcastic_negative,0.5954355038615472,model_autofill,False
আপনাকে এই শোক সহিবার তৌফিক দান করুক,,,,Negative,0.3397015120503139,auto_second_pass_kept,True
দাদু নাকে তেল দিয়ে ঘুমান,,,,Sarcastic_negative,0.3691712098312942,auto_second_pass_kept,True
Movcracy,,,,Sarcastic_negative,0.4174463935016745,model_autofill,True
ASSALAMUALAIKOM CHANDA VAI,,,,Sarcastic_negative,0.7014444779659644,model_autofill,False
আমির ঈদ মোবারক রেবো,,,,Negative,0.8288868993651749,model_autofill,False
জনগণ পাগলের হাতে জিলাপি দিবে না।,,,,Sarcastic_negative,0.707908417637808,model_autofill,False
হে আল্লাহ আপনি উত্তম পরিকল্পনাকারি,,,,Negative,0.5570841065610154,model_autofill,False
"যা পাইছো তা নিয়া কাজ করো,সামনে পাবে আরো",,,,Positive,0.4243022251158279,model_autofill,True
বায়তুল মাল এর টাকা আর দিবেনা,,,,Sarcastic_negative,0.5377993618104878,model_autofill,False
কাকু টেনশনে আছে,,,,Sarcastic_negative,0.5880175617396287,model_autofill,False
শয়তান কি বলে হাস্যকর কথা,,,,Positive,0.6378345538010906,model_autofill,False
চুপসে গেছে,,,,Sarcastic_negative,0.6533885838818918,model_autofill,False
"Alhamdulillah,,",,,,Positive,0.3195369433115027,auto_second_pass_kept,True
পাগলে কই কি,,,,Sarcastic_negative,0.5074543841567868,model_autofill,False
গুজবে জনগন কান দিয়েন না,,,,Sarcastic_negative,0.4124116281176148,model_autofill,True
ক্ষমতায় বসার পর সমালোচনা করুন।,,,,Positive,0.3812707271911775,auto_second_pass_kept,True
দুর্নীতি ছাড়া রাজনীতি হয় না আপনি বুকে হাত দিয়ে বলতে পারবেন যে দুনীতি করে নাই না হলে ফলা ঘোষণা করে নাই কেনো দিনে ভোট দেয় আর রাত বরে কি চুরি করে আমকে বুজান,,,,Positive,0.5929460796213508,model_autofill,False
হাস্যকর খুবই হাস্যকর লজ্জা থাকা দরকার,,,,Negative,0.3660983142951118,auto_second_pass_kept,True
Best wishes to you sir,,,,Sarcastic_negative,0.4550131305493256,model_autofill,True
আচ্ছা একটু পরে বলবা সুষ্ঠু নির্বাচন হয় নাই কার ছবি হয়েছে নিজের আসনটার খবর নিছো,,,,Sarcastic_negative,0.5654951846216579,model_autofill,False
এটা আমি মানি না,,,,Negative,0.6577451714009078,model_autofill,False
চোখের উপরে একটু কলপ করবেন না হলে বাচ্চারা ভয় পাবে,,,,Negative,0.4590190476590701,model_autofill,True
আমরাও জানি জনগন রাজাকারকে চায় না,,,,Negative,0.8773455311063154,model_autofill,False
কাকু নাটক বাদ দাও,,,,Sarcastic_negative,0.7773399990732317,model_autofill,False
অনেক নাটক করলা,,,,Sarcastic_negative,0.6995895817432294,model_autofill,False
সব ফলোপ খেয়ে গেছে,,,,Sarcastic_negative,0.4948425841501332,model_autofill,True
পলের হেডা,,,,Sarcastic_negative,0.4658442675855704,model_autofill,True
ইনশাআল্লাহ দাড়িপাল্লা,,,,Positive,0.9126273357998308,model_autofill,False
মুখ কালো কেন?,,,,Sarcastic_negative,0.4481390295085519,model_autofill,True
ইনশা আল্লাহ,,,,Positive,0.6950857435660851,model_autofill,False
"সারাদেশে জামায়াত মার খাচ্ছে আর নালিশ করছে, পাল্টা প্রতিরোধ করতে না পারলে রাজনীতি করার দরকার নাই।",,,,Positive,0.7149951187914515,model_autofill,False
আরে কাক্কু নাকে তেল দিয়ে ঘুমায় পড়েন,,,,Negative,0.3260252579633931,auto_second_pass_kept,True
Alhamdulillah,,,,Positive,0.4245513807349363,model_autofill,True
উ চেহারা কালো হয়ে গেছে ভাই রে কষ্ট,,,,Sarcastic_negative,0.4591532344974182,model_autofill,True
ইনশাআল্লাহ জয় হবে ন্যায় ইসাফের,,,,Positive,0.8535547150153378,model_autofill,False
মুখে এক কথা চেহারা তো অন্য কথা বলে,,,,Positive,0.8688179566822715,model_autofill,False
বিশ্বাস করেন সারারাত ঘুম হয়নি জীবনে প্রথম ভোট দিলাম দাঁড়িপাল্লয় ভালো লাগে সবার মুখে মুখে শুনলাম দাড়িপাল্লা কেন পাস হলো না দাঁড়িপাল্লা বুঝতে পারলাম না,,,,Positive,0.4499191105771759,model_autofill,True
Tui naformn.new dorves,,,,Sarcastic_negative,0.2966948255950075,auto_second_pass_kept,True
Dormo bebsayi munafiq jammat,,,,Sarcastic_negative,0.4145281163980292,model_autofill,True
Welcome already hoye gase.,,,,Sarcastic_negative,0.3412341660060078,auto_second_pass_kept,True
ইং শা আল্লাহ্,,,,Negative,0.6312924426517793,model_autofill,False
তেল দিয়ে বসে থাকুন,,,,Sarcastic_negative,0.5161898169851141,model_autofill,False
করে নাি,,,,Positive,0.717013025432431,model_autofill,False
Ok monay rikhan,,,,Sarcastic_negative,0.5104098123877642,model_autofill,False
কাউয়া কমলা খাইতো জানেনা তোমার দশন দেখা যায় এরকম হইবো,,,,Negative,0.6384985974754066,model_autofill,False
আমরা ও তো খবর পাচ্ছি দাদু দাড়িপাল্লার দাড়ী ভেঙে চাচ্ছে।,,,,Negative,0.4122609464351925,model_autofill,True
ঠিকই বলেছেন জনগণ বুঝে কোনটা ভালো কোনটা খারাপ,,,,Sarcastic_negative,0.5645371623506971,model_autofill,False
নতুন পাশি বাদ কাকে বলছেন। কাল সাপ কে নাকি পালন করতে নাই,,,,Sarcastic_negative,0.5537086138173747,model_autofill,False
তোমাদের জন্য কলা পাঠালাম।,,,,Negative,0.3429191176494632,auto_second_pass_kept,True
নানা স্বপ্ন দেখেন।,,,,Negative,0.4018041332369532,auto_second_pass_kept,True
অবশ্যই করবে না। এবং আজ তা প্রমাণও করে দিয়েছে।,,,,Positive,0.3713233864069716,auto_second_pass_kept,True
কাকা ঘরে যাই হুতি থাকেন গই,,,,Sarcastic_negative,0.4028748863811615,auto_second_pass_kept,True
Tai naki tw vote gula ki jine dice,,,,Negative,0.3672284236810257,auto_second_pass_kept,True
200+ ইনশাআল্লাহ,,,,Positive,0.8740653254622512,model_autofill,False
Insallah,,,,Positive,0.3586157046232487,auto_second_pass_kept,True
ইনশা আল্লাহ ধানের শীষ এ ভোট দিয়েছি,,,,Positive,0.7719339467620685,model_autofill,False
দাদু তুমি তোমার আসনে জিতবা তো,,,,Negative,0.4095476670344228,model_autofill,True
Insha Allah,,,,Positive,0.7432637419854659,model_autofill,False
Ki bottom vaiyera...!!,,,,Sarcastic_negative,0.4524310414977405,model_autofill,True
ইনশাআল্লাহ দাঁড়ি পাল্লা,,,,Positive,0.9308036078563476,model_autofill,False
মুরুব্বিকে আল্লাহ সহীহ বুঝ দিয়েছে।,,,,Negative,0.563241362040338,model_autofill,False
আপনি এখন বসে বসে কলা খান,,,,Sarcastic_negative,0.5747048301333265,model_autofill,False
শেষ বেলাও মব,,,,Sarcastic_negative,0.4861034104255949,model_autofill,True
Right dada. Nijer Kotha Nije bolle hobe,,,,Sarcastic_negative,0.4005669558976256,auto_second_pass_kept,True
"আরে ভাই, মাঠ পর্যায়ে তো আপনার ভোট নাই!",,,,Sarcastic_negative,0.4014097046816986,auto_second_pass_kept,True
বৃক্ষ তোমার নাম কি?,,,,Negative,0.3994189850987582,auto_second_pass_kept,True
ফলে পরিচয়,,,,Negative,0.5104458854249309,model_autofill,False
"দাড়িপাল্লা একদিকে হেলে পড়ছে বাকি আছে অন্যদিকটা,,,,,",,,,Sarcastic_negative,0.3409862133100285,auto_second_pass_kept,True
সৃষ্টিকর্তা ছাড় দেয়,,,,Positive,0.437599321079973,model_autofill,True
তবে ছেড়ে দেয় না।,,,,Sarcastic_negative,0.3560789795644346,auto_second_pass_kept,True
ইনকিলাব জিন্দাবাদ,,,,Positive,0.4169639402627675,model_autofill,True
বাংলাদেশের জনগণ আবার বুজবে কত ধানে কত চাল।,,,,Positive,0.3643223573008752,auto_second_pass_kept,True
কাকা আপনার মুখ দেখে সেটা বোঝা যাচ্ছে,,,,Sarcastic_negative,0.8540010841735054,model_autofill,False
আমাদের আল্লাহ ভরসা,,,,Negative,0.8620665176850738,model_autofill,False
I have a plan,,,,Sarcastic_negative,0.4335377544154108,model_autofill,True
চোখে মুখে টেনশনে চাপ,,,,Sarcastic_negative,0.4765459775374323,model_autofill,True
ইনসাফের বাহিরে কিছু বলা ঠিক না কাক্কু,,,,Positive,0.7798216943540058,model_autofill,False
Inshallah,,,,Sarcastic_negative,0.3300656675233211,auto_second_pass_kept,True
মুরব্বি আস্তে,,,,Negative,0.4927353068635179,model_autofill,True
আপনার আশা পুরন হবে না,,,,Neutral,0.7305020155594457,model_autofill,False
Dadu apni thik e sunecilen.,,,,Sarcastic_negative,0.4322976621904151,model_autofill,True
মন খারাপ হইয়া গেছে রে বা,,,,Sarcastic_negative,0.6437023064816202,model_autofill,False
চুদলিংপং,,,,Negative,0.691024058645482,model_autofill,False
ভূতের মুখে রাম নাম,,,,Sarcastic_negative,0.5195804290115398,model_autofill,False
আবার নি হার্ট অ্যাটাক হয় এয়ারপোর্টে ৭৪ লাখের মতো।,,,,Negative,0.4057179638667825,auto_second_pass_kept,True
ইনশাআল্লাহ দাঁড়িপাল্লা,,,,Positive,0.9039457121629566,model_autofill,False
ভোট চোরের দিন শেষ ধানের শীষে বাংলাদেশ।,,,,Sarcastic_negative,0.4267419230462406,model_autofill,True
নতুন নাটক শুরু,,,,Sarcastic_negative,0.6652528232441677,model_autofill,False
ধানের শীষ,,,,Sarcastic_negative,0.8268732498587769,model_autofill,False
জামাতের আমীর দলের প্রধান ইসলাম সম্পর্কে সব থেকে বেশি কিছু জানা আমীর তার কথা বর্তা শুনলে বুঝতে পারা যায়? আমি কোন রাজনীতি দল করি না পছন্দ করি না! ইসলাম ধর্ম কথা দিয়ে হোক অন্য কোন কিছুই কাউকে আঘাত করা ঠিক না???,,,,Positive,0.7404760527008217,model_autofill,False
"প্রথম বার ভোট দিয়ে যারা আঙুলের ছবি দেখায়,",,,,Positive,0.4962533150864628,model_autofill,True
প্রথম বার বাচ্চার বাপ হলে তারা কিসের ছবি দেখাবে!,,,,Negative,0.3481308920923125,auto_second_pass_kept,True
ধর্ম ব্যাবসার দিন সেষ,,,,Sarcastic_negative,0.4376246067388268,model_autofill,True
ধানের শীষের বাংলাদেশ,,,,Positive,0.5070103634584482,model_autofill,False
তাহলে তো মুখে হাসি থাকার কথা। কিন্তু চেহারা দেখে মনে হচ্ছে তো অন্য কিছু,,,,Sarcastic_negative,0.3866768195841689,auto_second_pass_kept,True
আশায় থাকো,,,,Negative,0.4593309330462322,model_autofill,True
বাহ্ কথাগুলো বলতে পারেন ভালোই,,,,Positive,0.4445058039338144,model_autofill,True
kotha sotti,,,,Sarcastic_negative,0.4042565419118618,auto_second_pass_kept,True
মহিলা আর তরুনদের ভোটে যে দল এগিয়ে সেই বিজই হবে,,,,Positive,0.4153710326367432,model_autofill,True
মানে আপনাকে???,,,,Sarcastic_negative,0.8290974691317665,model_autofill,False
Koyda ason paisen???,,,,Sarcastic_negative,0.3477966394328779,auto_second_pass_kept,True
আমির সাহেবের কি অবস্থা,,,,Negative,0.5862975382461899,model_autofill,False
"ধর্ম নিয়ে যারা বিজনেস করে, তাদের প্রতি আস্থা রাখা কঠিন।",,,,Positive,0.4712403889688669,model_autofill,True
দাদু ভাই আমার ভুল হয়েছে আমাকে ক্ষমা করে দিন,,,,Negative,0.6572523541084765,model_autofill,False
আল্লাহ সবাইকে হেফাজত করুন আপনার আশা কোনোদিনই পূরন হবে না ইনশাআল্লাহ বিজয় হবে না,,,,Positive,0.4932170653694812,model_autofill,True
ইংশাল্লাহ,,,,Positive,0.3955677025937392,auto_second_pass_kept,True
আগামীকাল বলবে সুষ্ঠু নির্বাচন হয়নি,,,,Sarcastic_negative,0.6345301932347617,model_autofill,False
chada bajder vote din,,,,Negative,0.3403125969011423,auto_second_pass_kept,True
নতুন নতুন,,,,Sarcastic_negative,0.3972692476966711,auto_second_pass_kept,True
সাদা শকুন মরা মরা গন্ধ পাচ্ছে,,,,Negative,0.4586613752267665,model_autofill,True
"উনি শেষ খবর কী পেলেন, কাত চিৎ হয়ে লাভ হইলো না,",,,,Sarcastic_negative,0.5953659606136195,model_autofill,False
আপনার জামানত টিক থাকবে নি ? না কি আবার ও.....,,,,Sarcastic_negative,0.7095653251489459,model_autofill,False
ইনশাআল্লাহ দাঁড়িপাল্লা জয় হবে,,,,Positive,0.5490583197930258,model_autofill,False
ইনশাল্লাহ,,,,Positive,0.8518396960267426,model_autofill,False
সাদা শয়তান।,,,,Negative,0.4461754392217096,model_autofill,True
কোব তারা তারি আমাদের মৌলভীবাজারে একটা মেন্টাল হসপিটাল প্রয়োজন।,,,,Negative,0.5551329872968389,model_autofill,False
মন খারাপ,,,,Sarcastic_negative,0.5351479519542374,model_autofill,False
ইনসাফ কোথায় পাওয়া যাবে দেশের জনগণ তা ভালোই জানে,,,,Positive,0.5378833312750889,model_autofill,False
তাই নাকি,,,,Sarcastic_negative,0.3878117941110728,auto_second_pass_kept,True
সে ফ্যাসিবাদ হইছেন আপনি,,,,Sarcastic_negative,0.6970106920155876,model_autofill,False
"একটু পরে বলবে সারা দেশে যে খবর পাচ্ছি, ভোট কারচুপি হয়েছে।",,,,Sarcastic_negative,0.4971351493628814,model_autofill,True
চাচার মন খারাপ,,,,Sarcastic_negative,0.3966015035886984,auto_second_pass_kept,True
দাদু শুকনা খাইছে,,,,Sarcastic_negative,0.5744662961856054,model_autofill,False
তাই নাকি দাদু,,,,Sarcastic_negative,0.4706583539915978,model_autofill,True
শুকুন কি কই,,,,Sarcastic_negative,0.4002416141294745,auto_second_pass_kept,True
কেল্লা ফতে নানা,,,,Sarcastic_negative,0.433206318311529,model_autofill,True
Alar poo ala shukon,,,,Sarcastic_negative,0.3189900271100291,auto_second_pass_kept,True
সবার প্রতি অনুরোধ করবো খেলা বাকি পোস্টাল পেপারটি খোলা হয়নি এখনো,,,,Positive,0.5117354468985228,model_autofill,False
রাতের ভোট ভালই পড়েছে।,,,,Sarcastic_negative,0.6444283856366682,model_autofill,False
Kaka mokti joddhe apnrao kom jan nai,,,,Sarcastic_negative,0.37089037633256,auto_second_pass_kept,True
নেতা আপনি আগামী প্রধানমন্ত্রী,,,,Positive,0.4328255402568802,model_autofill,True
​ ইনসাফের লড়াই: আমরা সুষ্ঠু নির্বাচন চাই!,,,,Sarcastic_negative,0.360313318215424,auto_second_pass_kept,True
"​যেখানে ভোট চুরি হয়েছে, যেখানে জনতার রায় ছিনতাই হয়েছে—সেখানে আমরা কোনো আপস মানি না!",,,,Sarcastic_negative,0.4279229766716913,model_autofill,True
"​ পুনরায় ভোট চাই: যেসব এলাকায় সুষ্ঠুভাবে ভোট হয়নি, যেখানে জাল ভোট আর দুর্নীতির মহোৎসব চলেছে, সেই সব আসনে অবিলম্বে নতুন করে স্বচ্ছ নির্বাচন আয়োজন করতে হবে।",,,,Positive,0.4155081407169698,model_autofill,True
"​ নতুন প্রজন্মের শঙ্কা: আমি এখনো ভোটার হইনি, কিন্তু এখনই যদি দুর্নীতির এই ভয়াবহ রূপ দেখতে হয়, তবে ভবিষ্যতে আমাদের ভোটাধিকারের নিরাপত্তা কোথায়? ক্ষমতায় না আসতেই যদি এই অরাজকতা হয়, তবে আগামীতে কী অপেক্ষা করছে?",,,,Negative,0.5330970649423138,model_autofill,False
"​ জুলাইয়ের চেতনা: আমরা জুলাই মাসে রাজপথে রক্ত দিয়েছি কোনো স্বৈরাচার বা দুর্নীতিবাজকে বসানোর জন্য নয়। আমরা জীবন দিয়েছি একটি সাম্য, মানবিক মর্যাদা ও ইনসাফপূর্ণ বাংলাদেশের স্বপ্ন নিয়ে।",,,,Negative,0.4701553880671618,model_autofill,True
​ আমাদের দাবি পরিষ্কার: দিনের ভোট রাতে বা জাল ভোটের কোনো ঠাঁই এই স্বাধীন বাংলাদেশে হবে না। আমরা চাই প্রতিটি নাগরিকের ভোটের অধিকার নিশ্চিত হোক।,,,,Negative,0.748250840707731,model_autofill,False
​ বিপ্লব এখনো শেষ হয়নি!,,,,Sarcastic_negative,0.3264985868022587,auto_second_pass_kept,True
"​""আমার ভোট আমি দেব, যাকে খুশি তাকে দেব—এই অধিকারটুকু কেড়ে নেওয়ার সাহস যেন কেউ না দেখায়।"" ---",,,,Negative,0.6926947410563009,model_autofill,False
ওমা এতো দেখি কালা শকুন একে আর সাদা শকুন বলবেন না,,,,Sarcastic_negative,0.4802079863462916,model_autofill,True
কাক্কু কি আজ মেকাপ ছাড়াই ক্যামেরা সামনে?,,,,Sarcastic_negative,0.4733436032553221,model_autofill,True
হা হা,,,,Negative,0.4638301115688018,model_autofill,True
মব কে ওয়েলকাম করবে দাদু,,,,Negative,0.3730985866355629,auto_second_pass_kept,True
ফেসবুক থেকে প্রাপ্ত খবর,,,,Sarcastic_negative,0.4034118823815381,auto_second_pass_kept,True
Alhamdulliaj,,,,Sarcastic_negative,0.3607359499562155,auto_second_pass_kept,True
সারাদেশ থেকে ভোট চুরির খবর আসতেছে। আমার আর জান্নাতে যাওয়া হলো না,,,,Negative,0.4750208253360277,model_autofill,True
আপনাকে করবে,,,,Sarcastic_negative,0.4940247753891236,model_autofill,True
ইনশাআল্লাহ দাদু,,,,Positive,0.8271733372222057,model_autofill,False
আলহহামদুলিল্লাহ,,,,Positive,0.5546553484930778,model_autofill,False
এই নির্বাচন আমি বিশ্বাস করিনা জামাতের এমন পরাজয় হতেই পারে না নির্বাচনে নেয় ও ইনসাফ এর পক্ষে হলো না এটি সর্বোচ্চ তদন্তর দাবি জানাই এবং কি ধরনের ব্যবস্থা নেয়া যায় সে ধরনের ব্যবস্থা নিতে হবে দ্রুত না হলে স্বৈরাচার আবার ফিরে আসবে। গোটা জাতির সাথে একটি বেইমানি করা হয়েছে। আগামীতে বাংলাদেশ অনেক বড় বিপদে পড়তে যাচ্ছে। জুলাই আন্দোলনের পরে জনগণ এত বড় ভুল করতে পারেনা।,,,,Negative,0.4594999155682597,model_autofill,True
আহারে পীর সাহেবের এবারেও আশা পূরণ হলো না!,,,,Sarcastic_negative,0.3717030346454905,auto_second_pass_kept,True
"প্রিয় ভাই ও বোনেরা একটা জিনিস খেয়াল করে দেখেছেন আমরা এক একজন এক এক দলকে সাপোর্ট করি কিন্তু, ডক্টর ইউনুস সাহেব",,,,Positive,0.3771951708111042,auto_second_pass_kept,True
অন্তর্বর্তীকালীন সরকার কাকে সাপোর্ট করে তিনি কিসে ভোট দিয়েছেন সাধারণ জনগণ জানতে চাই কমেন্টের মাধ্যমে বলে যাবেন,,,,Positive,0.4701455332970285,model_autofill,True
ইনশাআল্লাহ্,,,,Positive,0.8329829004988337,model_autofill,False
Vua news uncle,,,,Sarcastic_negative,0.3931586970010818,auto_second_pass_kept,True
Nera bel tolai ekbar e jai.,,,,Sarcastic_negative,0.3713323551586057,auto_second_pass_kept,True
Public r tut tut o kore na.,,,,Neutral,0.4976463448454336,model_autofill,True
সারা দেশে খবর পাচ্ছি ধানের শীষের বিজয় নিশ্চিত,,,,Sarcastic_negative,0.54103054697784,model_autofill,False
"জামাতের বিপক্ষে যদি একটা কলাগাছও দাঁড়ায়, কলাগাছে ভোট দিয়ে আসুন..",,,,Sarcastic_negative,0.4881039579129843,model_autofill,True
ইনশাআল্লাহ।,,,,Positive,0.8740653254622512,model_autofill,False
ইতিহাস করে প্রধানমন্ত্রী হতে যাচ্ছে তারেক রহমান।,,,,Positive,0.4550813283833082,model_autofill,True
ও মা কাকুর মন খারাপ কেন এতো টাকা দিয়েও ফুট্টুস,,,,Sarcastic_negative,0.747618278338144,model_autofill,False
"তার মানে যে হারবে সে ফেসিবাদ, কথাটা মনে রাখলে ভালোই হতো।",,,,Negative,0.4740237597124227,model_autofill,True
এই দেশে হাসিনাকে দরকার,,,,Negative,0.5359219823571731,model_autofill,False
Face'r ai obostha ka?,,,,Sarcastic_negative,0.4384613448902628,model_autofill,True
যেসব মেয়েরা BNP জিতেগেসে বলে খুশি হচ্ছেন...,,,,Positive,0.3046436913590659,auto_second_pass_kept,True
"আগামীতে যদি মাঝরাস্তায় কোনো মেয়ের উপর ভাদ্র মাসের পাগলা কুকুরের মতো বিএনপির সোনার ছেলেরা ঝাঁপিয়ে পড়ে, যদি তাদের ইজ্জত নিয়ে ছিনিমিনি খেলা হয়, তবে আমি চোখ ফিরিয়ে নেব!",,,,Negative,0.6205075547020242,model_autofill,False
"ফুটপাথের কোন ক্ষুদ্র ব্যবসায়ী যদি চাঁদা দিতে দিতে নিঃস্ব হয়ে পথে বসে যায়, যদি তার শেষ সম্বলটুকুও কেড়ে নেওয়া হয়, তবে আমি মৌনতাকেই বেছে নেব!",,,,Sarcastic_negative,0.4447422976176298,model_autofill,True
"বাপ-দাদার পৈতৃক সম্পত্তি কিংবা মাথা গোঁজার শেষ ঠাঁইটুকু যদি কোন বিএনপির নেতা গায়ের জোরে দখল করে নেয়, তবে আমি আমার নীরব অবস্থান বজায় রাখব!",,,,Negative,0.819503457422822,model_autofill,False
"দেশের কোটি কোটি টাকা বিদেশে পাচার করে যদি নতুন নতুন বেগমপাড়া তৈরি হয় আর সেই প্রভাবে দ্রব্যমূল্য আকাশ ছুঁলে সাধারণ মানুষের নাভিশ্বাস ওঠে, তবে আমি এক পাশে বসে জুস খাব আর মানুষের হাহাকার দেখে পৈশা'চিক উল্লাস করব!",,,,Positive,0.7327289001669223,model_autofill,False
"ভিন্ন মতাদর্শের কারণে যদি কেউ ঘর থেকে বের হয়ে আর ফিরে না আসে, যদি কাউকে গু'ম বা খু'ন করা হয়, তবে আমার আইডিতে তার জন্য একটি শোকবার্তাও পাবেন না!",,,,Positive,0.4198161077160836,model_autofill,True
"হিজাব-নিকাবকে প'তিতাদের ড্রেস বলা, ধর্মের জন্য ইসলাম ক্ষতিকর, চার বিয়ের জন্য মেয়েদের অনুমতি চাওয়া, এমনকি চার খলিফাদের চেয়েও তাদের দলের তথাকথিত কোন রাজনৈতিক নেতাকে বড় বানানোর কেউ স্প'র্ধা দেখালেও আমি আজ থেকে চুপ থাকব!",,,,Positive,0.7853177943455995,model_autofill,False
"কারণ আমি বুঝে গেছি - যে জাতি নিজেই গোলামির জিঞ্জির পরতে ভালোবাসে তাদের স্বাধীনতার সুফল বোঝানো বোকামি। যে জাতি ধ্বংসের কিনারে দাঁড়িয়েও হাততালি দেয়, তাদের জন্য নীতি কথা বলা কিংবা দেশের মঙ্গল চাওয়া নিছক সময় নষ্ট!",,,,Positive,0.643075951448831,model_autofill,False
"আজ থেকে আমি মুক্ত, আজ থেকে আমি চরম উদাসীন। দেশের চলমান সহিং'সতা কিংবা রাজনীতি নিয়ে এটাই আমার শেষ পোস্ট। আপনাদের নরক আপনারা নিজেরাই সাজিয়ে নিন!",,,,Negative,0.5712061234819831,model_autofill,False
إِنَّ اللَّهَ لَا يُغَيِّرُ مَا بِقَوْمٍ حَتَّى يُغَيِّرُوا مَا بِأَنْفُسِهِمْ,,,,Sarcastic_negative,0.4093940743400722,model_autofill,True
"নিশ্চয়ই আল্লাহ কোনো জাতির অবস্থা পরিবর্তন করেন না, যতক্ষণ না তারা নিজেদের অবস্থা নিজেরা পরিবর্তন করে। (সূরা আর-রা'দ : ১১)",,,,Positive,0.4301722770715901,model_autofill,True
ক্ষুদ্র লেখক......!,,,,Sarcastic_negative,0.4346565642562963,model_autofill,True
মোঃ জাকারিয়া!...,,,,Negative,0.3605718912563057,auto_second_pass_kept,True
সাদা শকুনের চেহারা দেখি কালো হইয়া গেলো,,,,Sarcastic_negative,0.5014031095766547,model_autofill,False
"কথা সত্য, তয় দাদু নতুন ফ‍্যাসিবাদ দেখতে আয়নাতে দেখুন।",,,,Positive,0.5392423305998796,model_autofill,False
আজকে আমার মন খারাপ,,,,Negative,0.5818709260808492,model_autofill,False
কাকু ডরাইয়ে,,,,Sarcastic_negative,0.4962166168762819,model_autofill,True
"জলদি পালা,না পিটার চাম একটাও থাকবেনা",,,,Sarcastic_negative,0.6669467583240969,model_autofill,False
কথায় বলে বৃক্ষ তোমার নাম কি যেমন ফলে পরিচয় ঠিক তেমনি বোঝা যায় আমির সাহেব আপনার অবস্থা কি পরিস্থিতিতে বোঝা যায় পারাজয়,,,,Negative,0.4643276714856148,model_autofill,True
দাদুর মন খারাপ,,,,Sarcastic_negative,0.5701379197061252,model_autofill,False
সুদলিং পং,,,,Negative,0.6719695253476035,model_autofill,False
চেহারায় হতাশা কেন?,,,,Sarcastic_negative,0.4289717821434324,model_autofill,True
এখনো ভোট হওয়ার বাকি আছেনি,,,,Positive,0.3972860719048553,auto_second_pass_kept,True
হিংসা দিয়ে শুরু তারা করবে ইনসাফ আজ পর্যন্ত একটা ভালো কথা শুনি নি এনার মুখ থেকে,,,,Positive,0.7395124959088621,model_autofill,False
হুম তারা তোমাকে প্রধানমন্ত্রী হিসেবে দেখতে চায়,,,,Positive,0.3654806700678604,auto_second_pass_kept,True
জিন্দা উলি বলে কথা,,,,Positive,0.7915131653302797,model_autofill,False
এটা কি আনোয়ার টিভির খবর নাকি,,,,Sarcastic_negative,0.400124735740154,auto_second_pass_kept,True
দাদু সত্যি কথা বলেছে,,,,Positive,0.6980532797197865,model_autofill,False
"সিলেট ১,,,,",,,,Sarcastic_negative,0.4297746197534231,model_autofill,True
Kintu vai ajketo 14 tarikh,,,,Sarcastic_negative,0.4021966809262466,auto_second_pass_kept,True
"সিলেট ৫এ, খেলাফত জামাতের জুটে বেসরকারিভাবে দেয়াল ঘড়ি পাস",,,,Negative,0.4000714742167347,auto_second_pass_kept,True
ইনসাআল্লাহ্,,,,Positive,0.7859226170645687,model_autofill,False
Jamat a Munafek,,,,Sarcastic_negative,0.3993020710986394,auto_second_pass_kept,True
বাবালে,,,,Sarcastic_negative,0.4623548898816706,model_autofill,True
Insaallha,,,,Sarcastic_negative,0.4591309209054697,model_autofill,True
তাহলে কি আপনাকে করবে,,,,Sarcastic_negative,0.4528174619723704,model_autofill,True
চাচা আপনাকে নতুন বউ এর মতো লাগছে,,,,Sarcastic_negative,0.444282481317792,model_autofill,True
মানতে কষ্ট হচ্ছে,,,,Sarcastic_negative,0.3228207729243322,auto_second_pass_kept,True
তুরা তু নতুন,,,,Sarcastic_negative,0.4195859710893657,model_autofill,True
নির্বাচনের দিনে তাদের আমলনামা,,,,Sarcastic_negative,0.6878954583089703,model_autofill,False
ইনশাআল্লাহ জিতবে এবার দাঁড়িপাল্লা,,,,Positive,0.9322713276559996,model_autofill,False
সাদা শকুন তোর আশায় ঘুরে বালি,,,,Sarcastic_negative,0.4078950462341874,model_autofill,True
মাসআল্লাহ সুন্দর কথা আমরাও তাই বলতেছি,,,,Positive,0.4181098811166169,model_autofill,True
ধানের শীষ ইনশাআল্লাহ,,,,Positive,0.918674034528952,model_autofill,False
Caharai monafek er chap,,,,Sarcastic_negative,0.3958465464791425,auto_second_pass_kept,True
"চুম্মু শফিক এখনো পিনিকে আছে, কেউ ওরে লেবু খাওয়া",,,,Sarcastic_negative,0.4516552418507285,model_autofill,True
Md Mosarof Hossen Akash খাম্বা সাহেব অনেক পিছিয়ে ঢাকা-১৭ আসনে,,,,Sarcastic_negative,0.4114180288730797,model_autofill,True
ভাই এটা কি সুস্থ ভোট বলে? লাস্ট ১ ঘন্টা,,,,Positive,0.5143503887176691,model_autofill,False
"কেন্দ্র দখল ' ঝাল ভোট, এজেন্ট বাহির করে দেয়া",,,,Positive,0.3756708162125534,auto_second_pass_kept,True
- এটা কি ইসলামি শরিয়ত?,,,,Negative,0.3493081211480257,auto_second_pass_kept,True
insah Allah,,,,Positive,0.7411349490526007,model_autofill,False
Jahahhahabahafgshdbgejxysjgdhsts,,,,Sarcastic_negative,0.4428596123427493,model_autofill,True
ঠিক বলেছেন হুজুর,,,,Positive,0.6440272978973123,model_autofill,False
Apne ready oukka,,,,Neutral,0.458677841526845,model_autofill,True
"সাবধান, কথা কম,",,,,Positive,0.4443740708605417,model_autofill,True
সাধু সাধু,,,,Sarcastic_negative,0.4420661081460389,model_autofill,True
ইনশাআল্লাহ চিন্তা করিয়েন না,,,,Positive,0.8893176564170708,model_autofill,False
ড. ইউনূস কে পরবর্তী রাষ্ট্রপ্রতি হিসেবে দেখতে চাই।,,,,Negative,0.3918054354175744,auto_second_pass_kept,True
আমার সাথে কে কে সহমত,,,,Negative,0.7941031375752324,model_autofill,False
চেয়ারার এ অবস্থা কা,,,,Sarcastic_negative,0.37157204003198,auto_second_pass_kept,True
ইনশাআল্লাহ। দাদু ওয়েলকাম।,,,,Positive,0.637753494334367,model_autofill,False
বাংলার জনগন ওয়েলকাম না করলে ভোট দিছে কেনো,,,,Negative,0.3252208084204936,auto_second_pass_kept,True
cumilla - 3 কায়কোবাদ দাদা ভাই,,,,Sarcastic_negative,0.3307426765009196,auto_second_pass_kept,True
ধানের শিষের বিজয় ৬ বার এমপি হবেন,,,,Neutral,0.8228462175983247,model_autofill,False
ধানের শীষ বিজয় হবে ইনশাআল্লাহ,,,,Positive,0.7320913989014151,model_autofill,False
বাংলাদেশ এগুলো চলে না জনাব,,,,Positive,0.7087364273663396,model_autofill,False
আল্লাহ উত্তম পরিকল্পনাকারী,,,,Negative,0.6465959096963687,model_autofill,False
Ins Allah,,,,Positive,0.7382772504167993,model_autofill,False
টিভিতে বিএনপি বিজয়ী,,,,Negative,0.8689063991162911,model_autofill,False
ফেসবুকে জামাত বিজয়ী!,,,,Negative,0.337825897951841,auto_second_pass_kept,True
"মহান সৃস্টি কর্তার পরিকল্পনার বাহিরে কিছু হবে না,,,?",,,,Neutral,0.4736813983656984,model_autofill,True
"BNP যদি সত্যিই জনগণের দল হতো, ভোটের ফল engineering ছাড়া ঠিক হতো। বাস্তবতা অন্য কথা বলে, প্রতি আসনেই ‘ম্যাজিক’ চলছে। মিডিয়াও তাদের রঙ বদলায়, প্রশাসন এবং নির্বাচন কমিশন নিরপেক্ষতা বজায় রাখেনি। BAL বা BNP, বাস্তবতা একই।",,,,Negative,0.4002201219637293,auto_second_pass_kept,True
ইনশাআল্লাহ দাড়িপাল্লা জিতবে,,,,Positive,0.8784650856678626,model_autofill,False
সারা বাংলাদেশ থেকে ওহী নাজিল কি বট বাহিনী করল?,,,,Negative,0.4213414201641701,model_autofill,True
Insha allah darilalla,,,,Positive,0.7218886169301458,model_autofill,False
ইনশাআল্লাহ আল্লাহ র সাহায্য অতি নিকটে,,,,Positive,0.5331439130020731,model_autofill,False
Sobai pir baba na....,,,,Neutral,0.5904321976634972,model_autofill,False
শফিক দাদু মাথা ঠিক আছে,,,,Sarcastic_negative,0.5036212209329876,model_autofill,False
1971 ar protikkriya,,,,Neutral,0.4185020710115231,model_autofill,True
ইনশাআল্লাহ দাড়ি পাল্লার বিজয় হবে,,,,Positive,0.6796687982975275,model_autofill,False
apni actor Bhalo Manush Karbonn,,,,Sarcastic_negative,0.43178186379515,model_autofill,True
সত্যি কথা এবার বিজয় বি এন পির,,,,Positive,0.5598427110246935,model_autofill,False
সবার আগে বাংলাদেশ,,,,Positive,0.8256836474469921,model_autofill,False
"দেশ ও জনগণের মঙ্গল হোক, সুশাসন প্রতিষ্ঠিত হোক, আর প্রতিটি নাগরিকের ভাগ্য বদলাক—এই কামনা করি।",,,,Negative,0.4408975366382613,model_autofill,True
জামাত ইসলামের বিজয় সুনিশ্চিত ইনশাআল্লাহ।,,,,Positive,0.4754499863274672,model_autofill,True
লন্ডনীমুফতির দিন শেষ,,,,Sarcastic_negative,0.5306681790999644,model_autofill,False
দাঁড়িপাল্লার বাংলাদেশ,,,,Positive,0.4945235222767283,model_autofill,True
তারেক রহমান ৪৪৫ ভোট,,,,Positive,0.5678754638955853,model_autofill,False
জাশি: ২৫২,,,,Sarcastic_negative,0.3845991121396734,auto_second_pass_kept,True
গুলশান মডেল স্কুল কেন্দ্রের ফলাফল,,,,Sarcastic_negative,0.4433962802941308,model_autofill,True
Rajakar re krbe,,,,Sarcastic_negative,0.4233778971685136,model_autofill,True
وَقُلْ جَاءَ ٱلْحَقُّ وَزَهَقَ ٱلْبَاطِلُ ۚ إِنَّ ٱلْبَاطِلَ كَانَ زَهُوقًا,,,,Sarcastic_negative,0.4093940743400722,model_autofill,True
"“বলুন, সত্য এসেছে এবং মিথ্যা বিলুপ্ত হয়েছে; নিশ্চয়ই মিথ্যা বিলুপ্ত হওয়ারই ছিল।”",,,,Negative,0.3303422854018773,auto_second_pass_kept,True
(সূরা আল-ইসরা ১৭:৮১),,,,Sarcastic_negative,0.3951629301704453,auto_second_pass_kept,True
নতুন ভোরের অপেক্ষায় পুরো জাতি—,,,,Negative,0.384557625184948,auto_second_pass_kept,True
"দৃঢ় ঈমান, ঐক্য ও তাওয়াক্কুল নিয়ে।",,,,Sarcastic_negative,0.3704259352369056,auto_second_pass_kept,True
"ইনশাআল্লাহ, সত্যই বিজয়ী হবে",,,,Positive,0.6125419502276355,model_autofill,False
Tik e suna San apnadar din sas,,,,Sarcastic_negative,0.4013748699022164,auto_second_pass_kept,True
খুব কষ্ট হয়,,,,Neutral,0.4322231920966176,model_autofill,True
আমরা নিজেকেই মেনে নিতে পারছি না,,,,Negative,0.6370011060266882,model_autofill,False
আমরা এমন সংবাদের জন্য কখনোই প্রস্তুত ছিলাম না,,,,Negative,0.4438661351501204,model_autofill,True
ইনশাআল্লাহ দারিপাল্লা,,,,Positive,0.9222517045394074,model_autofill,False
"যদি ১৩ তারিখ ঘুম থেকে উঠে দেখি ডক্টর শফিকুর রহমান প্রধানমন্ত্রী, তাহলে সেই ১৩ তারিখেই হবে আমার জীবনের সব থেকে খুশির দিন।",,,,Neutral,0.4241421264357958,model_autofill,True
"আপনার কথা সত্যি হয়েছে । এখন ভেবে দেখুন , কারা নতুন ফ্যাসিবাদের রুপ ধারন করেছিল ।",,,,Positive,0.5782655223146651,model_autofill,False
"সব প্রশাসন (পুলিশ, সেনাবাহিনী) এর খেলা। নামে মাত্র ভোট হয়েছে দেখানোর জন্য",,,,Sarcastic_negative,0.3964953020458255,auto_second_pass_kept,True
ইনশায়াল্লাহ বিজয় সন্নকটে।,,,,Positive,0.5636198382451392,model_autofill,False
"১ লক্ষ বট আইডি আছে,,, কিন্তু মাঠে তো কাজে আসবে না,, ফেইসবুক ছাড়া।",,,,Sarcastic_negative,0.4504117917193822,model_autofill,True
ডাকা ১৫ থেকে জে খবর পাইতেছি তারে আরো একবার জামানত বাজেয়াপ্ত পথে একজন মোনাফেক,,,,Negative,0.497776649994779,model_autofill,True
"ফেইল মারছেন দাদু,,",,,,Sarcastic_negative,0.4220141676254241,model_autofill,True
সারা বাংলাদেশের দাড়িপাল্লার জোয়ার,,,,Positive,0.4703430854483653,model_autofill,True
কোনো কথা হবে না সুদু দাঁড়িপাল্লা ইংসআল্লাহ,,,,Neutral,0.773744126534966,model_autofill,False
Jonogon e to bhot dilo re buira,,,,Neutral,0.498079510986599,model_autofill,True
পাগলের সুখ মনে মনে কাগজ উড়িয়ে টাকা গুনে,,,,Sarcastic_negative,0.6975546836505095,model_autofill,False
ইনশাআল্লাহ ধানের শীষের বিজয় নিশ্চিত।,,,,Positive,0.6070251474315765,model_autofill,False
হে জনগণ আপনাকে ওয়েলকাম করবে,,,,Sarcastic_negative,0.5940700896622975,model_autofill,False
Sopno kom deken dada,,,,Sarcastic_negative,0.4503982800832588,model_autofill,True
করেউ নাই,,,,Positive,0.4238189745348747,model_autofill,True
পরাজিত হয়ে মাথা ঠিক নাই নাকি,,,,Negative,0.5904853208011698,model_autofill,False
হাহাহাহাহাহাহাহা,,,,Sarcastic_negative,0.3905957339856488,auto_second_pass_kept,True
Apnar chopa ses,,,,Neutral,0.4469943886233353,model_autofill,True
Doya kore apni cup thaken,,,,Sarcastic_negative,0.4214256049990612,model_autofill,True
ফেরেশতা রূপে মাঝেমধ্যে কিছু শয়তান আমাদের সামনে আছে,,,,Negative,0.6614487550270588,model_autofill,False
Inshaallah,,,,Positive,0.3523818930572835,auto_second_pass_kept,True
আলহামদুলিল্লাহ মহান আল্লাহ তায়ালা আপনার মুখ উজ্জ্বল করুক আমীন,,,,Positive,0.6556264315162006,model_autofill,False
চাঁন তারা উপরেই থাকুক,,,,Sarcastic_negative,0.4213060627685731,model_autofill,True
ধানের শীষ জিতে যাউক,,,,Sarcastic_negative,0.7643630985061455,model_autofill,False
৭১ রক্ষা পাউক,,,,Negative,0.5802670461211846,model_autofill,False
"যখন আসবে আল্লাহর সাহায্য ও বিজয়,",,,,Negative,0.4018400735577566,auto_second_pass_kept,True
"২. এবং আপনি মানুষকে দলে দলে আল্লাহর দ্বীনে প্রবেশ করতে দেখবেন,",,,,Negative,0.562428563497571,model_autofill,False
৩. তখন আপনি আপনার পালনকর্তার সপ্রশংস পবিত্রতা ঘোষণা করুন এবং তাঁর কাছে ক্ষমা প্রার্থনা করুন; নিশ্চয় তিনি তওবা কবুলকারী।- সূরা নাসর,,,,Sarcastic_negative,0.4396183206522755,model_autofill,True
মুরুব্বী মুরুব্বী ও ও,,,,Neutral,0.3113045017725522,auto_second_pass_kept,True
"Inshaallah Dari-Palla Bijoy habe Amin &Jamat Jot Bijoy have Amin, R Jamat Jot Bangladesher sharker gathon karbe Inshaallah Bangladesher shakol Janogan Alhamdulillah",,,,Neutral,0.3862969195051293,auto_second_pass_kept,True
Dhormo Babsahai,,,,Sarcastic_negative,0.3995788164979282,auto_second_pass_kept,True
সাবধান নিউজ ২৪,,,,Sarcastic_negative,0.5620528594212219,model_autofill,False
দাদু আপনার খবর টা জানাবেন কি,,,,Sarcastic_negative,0.8813377753453344,model_autofill,False
আফসোস,,,,Sarcastic_negative,0.3939472290306817,auto_second_pass_kept,True
দাদুর মন খারাপ কেনো,,,,Sarcastic_negative,0.6127589613232811,model_autofill,False
এত আগেই জয় পেয়ে গেলেন?,,,,Sarcastic_negative,0.3984306558373131,auto_second_pass_kept,True
Alhamdulilla,,,,Sarcastic_negative,0.345404812347511,auto_second_pass_kept,True
ইংশা আল্লাহ সত্যের জয় হবেই,,,,Neutral,0.7538387657471588,model_autofill,False
Alhamdulilah,,,,Positive,0.3357425674920851,auto_second_pass_kept,True
কি বলছো এ দাদু,,,,Sarcastic_negative,0.3732955660382634,auto_second_pass_kept,True
সেটাই,,,,Sarcastic_negative,0.4288028199532346,model_autofill,True
সে কি নিজেকে ফ্যাসিস্ট বললো.?,,,,Sarcastic_negative,0.4259020347139624,model_autofill,True
তার কথায় প্রতিহিংসা কাজ করছে,,,,Negative,0.4629239090910216,model_autofill,True
Daripalla,,,,Sarcastic_negative,0.3740522017625528,auto_second_pass_kept,True
Ore ki bole re,,,,Sarcastic_negative,0.4456068823713093,model_autofill,True
Ami jodi vai 13 Date ghum theke uthe shuni Tarek Rahman precedent of our Bangladesh Our home and City Eid Well Come Ok,,,,Sarcastic_negative,0.4847106158508783,model_autofill,True
আলহামদুলিল্লাহ শুভ কামনা করি,,,,Positive,0.736633032253882,model_autofill,False
ইনশাআল্লাহ জিতবে এবার দাঁড়িপাল্লা,,,,Positive,0.8891105893119019,model_autofill,False
"ইনশা আল্লাহ দাঁড়িপাল্লার জয় নিশ্চিত,,",,,,Positive,0.504732702263231,model_autofill,False
আমরা যে খবর পাচ্ছি দশটা সিট ও পাবা না,,,,Negative,0.5616570015365941,model_autofill,False
Sonar ai Banglai rajakar tai ney,,,,Neutral,0.4270900178942681,model_autofill,True
ঈদ মোবারক,,,,Negative,0.6689980217065042,model_autofill,False
হুম সেই জন্যই আল্লাহ বি.এন.পি-কে ক্ষমতায় বসাবেন।,,,,Positive,0.4454751278109811,model_autofill,True
কাজ হবে না ওস্তাদ,,,,Neutral,0.994613469964468,model_autofill,False
"যতোটুকু খবর পেলাম বিএনপির মানুষজন জয়ের আশা নিয়ে মাঠে আছে আর জামাতে লোকজন হতাশ হয়ে ফেসবুকে খবর দেখছে যে, কোথায় কি হলো",,,,Negative,0.680719776705323,model_autofill,False
এত খবর কেডা দেয়?,,,,Sarcastic_negative,0.6877282917705793,model_autofill,False
হাস্যকর,,,,Sarcastic_negative,0.4374083358821872,model_autofill,True
অপেক্ষা করো,,,,Negative,0.2895316412467937,auto_second_pass_kept,True
সাদা শকুন,,,,Sarcastic_negative,0.4766773892998516,model_autofill,True
কালো হাতের থাবা ঘুড়িয়ে দিতে হবে বিজয়ের মার্কা দাঁড়িপাল্লা মার্কা ইনশাআল্লাহ,,,,Positive,0.7010411535573062,model_autofill,False
বট কট,,,,Negative,0.4776125615384464,model_autofill,True
ভোট দিতেই তো দিচ্ছে না,,,,Sarcastic_negative,0.4507289463070277,model_autofill,True
তাহলে আপনি আর হতে পারলেন না দাদো,,,,Sarcastic_negative,0.4067279471797548,model_autofill,True
আল্লাহু আকবার,,,,Positive,0.4470206610626899,model_autofill,True
“নাসরুম মিনাল্লাহি ওয়া ফাতহুন কারীব”—আল্লাহর সাহায্য ও বিজয় সন্নিকটে। ইনশাআল্লাহ।,,,,Negative,0.5017193341890733,model_autofill,False
"থাউক কাক্কু আগে কথাবার্তা শিক্ষা নিন চেহারা একটু মলিন করে কথা বলুন, এবং তুই তামারি কম বলেন কাক্কু। ধানের শীষ ইনশাআল্লাহ",,,,Positive,0.9311004187246824,model_autofill,False
একটু পরে আপনি নিজেই ওয়েলকাম করবেন।,,,,Sarcastic_negative,0.4840039702121905,model_autofill,True
রাখ তুর ওয়েল কাম,,,,Sarcastic_negative,0.5320605886378578,model_autofill,False
জনতার রায়কে আটকে দিলো মিডিয়া আর ডিপ স্টেট সাব্বাস,,,,Positive,0.4141043303163111,model_autofill,True
দাদু কেউ একটু ভীয়ার খাওন।,,,,Sarcastic_negative,0.7035185979600277,model_autofill,False
খবর নিয়ে থাকেন,,,,Sarcastic_negative,0.6127624919930262,model_autofill,False
Kotha thik,,,,Sarcastic_negative,0.4521651176145191,model_autofill,True
অভিযোগ,,,,Sarcastic_negative,0.3707967854891961,auto_second_pass_kept,True
"ঢাকা - ৫ যাত্রাবাড়ীর, শহিদ জিয়া স্কুল এবং ধলপুর কমিউনিটি সেন্টার গেইট ভোট কেন্দ্রর চার পাশে সকাল থেকে ১৫০-২০০+ পোলাপান আনা গোনা দেখা যাচ্ছে।",,,,Negative,0.4430122116382617,model_autofill,True
যখন কেউ ভোট দিতে যায় তাদের স্লিপ চায় এবং ভোট দিয়ে আসার সময়ও রাস্তায় ধরে বলে কারে ভোট দিছেন। আমার মনে হয় যারা ভোট দিবে তারাও খুব আতংকের মধ্যে থাকে ভোট দিব কি দিব না। একটা ভয় কাজ করে কেউ কেউ যেতেই চাবে না। আর গেলেও ওদের এভাবে আনাগোনা ফোর্স কাজ করলে ভোট না দিয়েই ফিরে আসবে।,,,,Positive,0.479619933074261,model_autofill,True
১. এখানে সেনাবাহিনী তেমন একটা দেখাই যায়নি।,,,,Negative,0.3469295078164495,auto_second_pass_kept,True
২. পুলিশ ২-৩ টা দেখলাম তাও আবার তাদের নাকের ডগা দিয়ে ভিতরে বিএনপির পার্থিরা ঢুকছে বেড় হচ্ছে। আর কি কি যেন করছে। কোন ব্যবস্থাই নেওয়া হয় নাই!!!,,,,Negative,0.6961308295523302,model_autofill,False
আর এই সবই বিএনপি ও আওয়ামীলীগের প্রডাক্ট ছিল,,,,Negative,0.8388190196754238,model_autofill,False
একটু ব্যবস্থা নিন স্যার,,,,Sarcastic_negative,0.534279054755205,model_autofill,False
মুখ কালা কেহে,,,,Sarcastic_negative,0.4143836087085649,model_autofill,True
ইনশাআল্লাহ আমরা সহায় থাকলে বিজয় হবে,,,,Positive,0.4845881747872099,model_autofill,True
সাদা শকুন বলে কি,,,,Positive,0.394914085744804,auto_second_pass_kept,True
শাদা শকুন কয় কি,,,,Sarcastic_negative,0.5659735272918717,model_autofill,False
"আর কাম হইতো নাহ দাদু,,,,,,",,,,Sarcastic_negative,0.336242463299191,auto_second_pass_kept,True
shaw***re dekhle mejaj ta kharap hoya jai kara era ato vote dilo vai bujina,,,,Sarcastic_negative,0.3881350808294859,auto_second_pass_kept,True
মনে হয় ঘুম থেকে উঠছেন।,,,,Sarcastic_negative,0.6538585842815386,model_autofill,False
Hayre Rejakar ai Apnar Vasha.,,,,Neutral,0.4783523209402255,model_autofill,True
ইনশাআল্লাহ ধানের শীষের বিজয় নিশ্চিত,,,,Positive,0.8376801722795295,model_autofill,False
তার মানে ধানের শীষ,,,,Sarcastic_negative,0.6856950152306184,model_autofill,False
যা দিচ্ছে রাখেন সামনে দেখমুনে কিছুটা বাড়াই দেওয়া যায় কিনা।,,,,Sarcastic_negative,0.5529723818616284,model_autofill,False
হ্যডা,,,,Sarcastic_negative,0.4247629288429497,model_autofill,True
কাকু বিকেল পাঁচটার পরে তুমি বিলাই হয়ে যাবা,,,,Negative,0.4608029213439963,model_autofill,True
কাকু আন্নে জানেন নাকি তারেক রহমান প্রধানমন্ত্রী,,,,Positive,0.4113370227696202,model_autofill,True
বগুড়া 5,,,,Sarcastic_negative,0.4057073365601676,auto_second_pass_kept,True
জিন্দা অলি ধ্যান করে জানতে পারছে,,,,Positive,0.4563550764776432,model_autofill,True
নতুন ফ‍্যাসিবাদ জামাত? বিরোধীমত কঠোরভাবে যারা দমন করতে খুব পারদর্শী। গালি দিতেও ওস্তাদ,,,,Sarcastic_negative,0.4021104744749755,auto_second_pass_kept,True
"ঠিক কথা, করেনি গ্ৰহন,",,,,Positive,0.9006290378033819,model_autofill,False
Buira sofiker herbal khawa,,,,Sarcastic_negative,0.3233858688119226,auto_second_pass_kept,True
ন্যায় ও ইনসাফের জয় নিশ্চিত। ইনশা আল্লাহ।,,,,Positive,0.7243106457239644,model_autofill,False
এটা নতুন প্রজন্মের বাংলাদেশ। চিন্তা থাকবে মহাকাশের দিকে। মাটির নীচে নয়।,,,,Positive,0.5346609726897508,model_autofill,False
সাদা শকুন উড়াল দিয়ে পাকিস্তান পড়বে।,,,,Sarcastic_negative,0.4725392781942303,model_autofill,True
আপনার মন না চাইলে আপনি করবেন না কোন সমস্যা নাই,,,,Sarcastic_negative,0.693914082971518,model_autofill,False
পানি ঢালো চাচার মাথায়,,,,Sarcastic_negative,0.3231621814655189,auto_second_pass_kept,True
manus koto boro beiman janena amra jani durniti bajj 54 years doira support kore akon tumader kemne support korbo,,,,Sarcastic_negative,0.3439267777338043,auto_second_pass_kept,True
ইনশাআল্লাহ দাঁড়িপাল্লা,,,,Positive,0.9434774629303908,model_autofill,False
Jitta gelai Fascist Bondoo,,,,Sarcastic_negative,0.3977809809270293,auto_second_pass_kept,True
Rajakar,,,,Sarcastic_negative,0.4271720065064765,model_autofill,True
Tantione shesh,,,,Sarcastic_negative,0.3422986905862454,auto_second_pass_kept,True
Insa Allah.daripallah,,,,Positive,0.732144983368753,model_autofill,False
"মোটামুটি নির্বাচনের একটা ভাব আইছে, শরীর টা গরম হইলো",,,,Sarcastic_negative,0.5690349358899442,model_autofill,False
Taile tomi fell nijer kotha nijei kou naki dado,,,,Sarcastic_negative,0.3563189213232538,auto_second_pass_kept,True
দাদু এখন রেস্ট নাও,,,,Positive,0.4955225154156015,model_autofill,True
"মুখ টইল্যা গেছে,,,",,,,Sarcastic_negative,0.4857392232151881,model_autofill,True
ফেল মারবো মনে হয়,,,,Sarcastic_negative,0.6579524107069745,model_autofill,False
হ্যাঁ ইনশা আল্লাহ জিতবেন,,,,Positive,0.7017772063791379,model_autofill,False
রাতের ভোটের দিন শেষ,,,,Sarcastic_negative,0.4637096472684815,model_autofill,True
সজাগ আছে বাংলাদেশ,,,,Positive,0.3701203544396043,auto_second_pass_kept,True
মামা ভয় পেয়েছে।,,,,Negative,0.3998758614426436,auto_second_pass_kept,True
"মনে হচ্ছে আল্লাহ ভালো কিছু করবে, আমাদের এলাকায় আগে কোনো দিনও এভাবে জামায়েত ভোট পাইনি এবার যে ভোট পেয়েছে, আশা করায় যায় ইনশাআল্লাহ",,,,Positive,0.7441155379036876,model_autofill,False
"ইনশাআল্লাহ,,, দাঁড়ি পাল্লার ভুমি দশ বিজয় হবে",,,,Positive,0.7823201568307966,model_autofill,False
Holud media,,,,Sarcastic_negative,0.4331457355168269,model_autofill,True
"আবেগ প্রকাশ শেষ হলে, হালকা মুতে,হুতে পইরো মিয়া ভাই.",,,,Negative,0.7209630387219158,model_autofill,False
তুমাদের আবেগ জড়িত কথা শুনলে আমি সিরিয়াস মমেন্টে হাইশ্যা দেই,,,,Positive,0.4311612081093389,model_autofill,True
"দোহাই লাগে মিয়া ভাই ,",,,,Sarcastic_negative,0.356991503864376,auto_second_pass_kept,True
অতিরিক্ত হাসাইয়া আমারে আর অপরাধী বানাইয়ো না,,,,Negative,0.4577824917462603,model_autofill,True
পাগলের সুখ মনে মনে,,,,Sarcastic_negative,0.6955464320174493,model_autofill,False
মামার বাড়ির আবদার,,,,Negative,0.3941999611349633,auto_second_pass_kept,True
জনগণ সাদা শকুন কে ওয়েলকাম করবে,,,,Sarcastic_negative,0.4042073738752085,auto_second_pass_kept,True
মুরুব্বি কি ফেল করবে নাকি,,,,Negative,0.3962046347247646,auto_second_pass_kept,True
8 e abbaissay vot churi kortase army koiiii,,,,Sarcastic_negative,0.4259891238166094,model_autofill,True
গাছে কাঠাল গোপে তেল,,,,Sarcastic_negative,0.5086243071834612,model_autofill,False
চুম্মা বাবা জান রাত্রে যেন নির্বাচন বয়কট না হয়,,,,Sarcastic_negative,0.5558928421969742,model_autofill,False
চেহারা দেখলে বোঝা যায়,,,,Negative,0.488333351243824,model_autofill,True
শোকেন নাকি হোতেন,,,,Sarcastic_negative,0.5252507361183566,model_autofill,False
এজন্য আপনার ঘুম হারাম,,,,Sarcastic_negative,0.8317619524887986,model_autofill,False
"বেশ কয়েকটি আসনেই দেখলাম বিএনপির কাজকর্ম,",,,,Negative,0.8352246148443505,model_autofill,False
আওয়ামী অনেক ভালো ছিল এদের থেকে,,,,Sarcastic_negative,0.4380966932570603,model_autofill,True
"তদানিরপোয়া একটু পর কান্নাকাটি শুরু করবে, দেইখেন।",,,,Negative,0.3557673477192216,auto_second_pass_kept,True
"ঝাউড়া ওলীর দিন শেষ, আবার যাও ডাক্তারি করো,",,,,Positive,0.6250725439840298,model_autofill,False
"জনগনের মন নিয়া খেলা, করেন তাইনা",,,,Sarcastic_negative,0.3842087598464859,auto_second_pass_kept,True
রবিবার হরতাল,,,,Negative,0.4615272818398135,model_autofill,True
নতুন বাংলাদেশের আওয়ামী লীগ ছাত্রলীগ বিএনপি'র মাঠে খেলা হবে সেটাতে ১১ দলই জোটসহ বাকি সকল জনগণ দর্শকের ভূমিকা পালন করবে বাংলাদেশের মানুষ দেখবে কাদের কাছে বাংলাদেশ নিরাপদ ছিল প্রমাণ হয়ে যাবে,,,,Positive,0.3812520556961708,auto_second_pass_kept,True
ঠিক বলেছেন,,,,Positive,0.6588824296459878,model_autofill,False
Inshallah.plz Allah keep mercy,,,,Positive,0.7230445229501024,model_autofill,False
Karbe dadu,,,,Sarcastic_negative,0.4784473505962293,model_autofill,True
"কথা কম,সিদ্ধান্ত স্পষ্ট, ধানের শীষ শ্রেষ্ঠ,",,,,Positive,0.5439300900636044,model_autofill,False
বিএনপি সকল নেতাকর্মীর দায়িত্ব তার নিজের,,,,Negative,0.5381309143633607,model_autofill,False
কেন্দ্রের ভোট গণনা করে বুঝে নেয়া।,,,,Positive,0.5873162685798424,model_autofill,False
ধানের শীষের বিজয় নিশ্চিত ইনশাআল্লাহ।,,,,Positive,0.8732877219499922,model_autofill,False
ছবিটা সেভ করে রেখে দিলাম,,,,Positive,0.5120894531325472,model_autofill,False
ইনশাআল্লাহ দাঁড়িপাল্লা বিজয়ের দ্বার প্রান্তে,,,,Positive,0.934094448917585,model_autofill,False
Inshaallah Allahuakbar Ameen jazakallahu khairan Everyone,,,,Positive,0.3420211699210839,auto_second_pass_kept,True
দাড়িওয়ালার গণজোয়ার ইনশাআল্লাহ,,,,Positive,0.6954294435564354,model_autofill,False
আমরা জানি ভোট সুষ্ঠ হয়েছে। কিন্তু গণনা সুষ্ঠ হয়নি,,,,Negative,0.4711031732454984,model_autofill,True
"দেশের প্রতি যে ভালবাসা জন্মেছিল,তা একেবারেই শেষ হয়ে গেছে।নিজেকেই আর বিশ্বাস করতে পারতেছি না।আজকে এই অন্যায় যদি ১১দলীয় জোট মেনে নেয়,তাহলে আর কখনো আমি কোন দলকে আর বিশ্বাস করতে পারবো না।বিশ্বাস করেন গতকাল রাত থেকে একজন সাধারণ নাগরিক হিসেবে এই অবিচার মেনে নিতে পারতেছি না।নিজেকে খুব অসহায় লাগতেছে।এই দেশে জন্ম নেওয়া কি আমাদের অপরাধ? শুদু এই দেশে জন্ম নেওয়ার দায়ে এত অন্যায় অবিচার যুগের পর যুগ সহ্য করতে হবে??কবে আমরা মুক্ত হবো?আল্লাহর কাছেই বিচার দিলাম।আল্লাহ যেন দুনিয়া এবং আখিরাতে তাদের এই অন্যায়ের বিচার দেখার সুযোগ এই জাতিকে দেয়।আমি মানসিক ভাবে খুব আহত",,,,Negative,0.7212476633722271,model_autofill,False
দাদু খবর বালা না,,,,Sarcastic_negative,0.6664823358567734,model_autofill,False
Munafek ki bole,,,,Sarcastic_negative,0.3986934226902923,auto_second_pass_kept,True
তার মানে তুমি,,,,Sarcastic_negative,0.5204819874984388,model_autofill,False
কাকুর মন দেখি একটু একটু খারাপ,,,,Sarcastic_negative,0.6579458295488594,model_autofill,False
ঠিক আছে দাদু আপনার কথাই ঠিক তসবি গোনা শুরু করে দিন,,,,Positive,0.5135460839148246,model_autofill,False
Inasah allah joy nischit,,,,Positive,0.6988834986416355,model_autofill,False
"“ধানের শীষের জয়ধ্বনিতে মুখর দেশ, বিপুল ভোটে বিজয় এখন সময়ের অপেক্ষা।”",,,,Positive,0.394248641611233,auto_second_pass_kept,True
ধান ছাড়া ভোট নাইরে।,,,,Sarcastic_negative,0.6914955970076452,model_autofill,False
ভোট আপনার নাগরিক অধিকার । ভোটের আমানত রক্ষা করা আপনার পবিত্র দায়িত্ব।,,,,Sarcastic_negative,0.5240068678801373,model_autofill,False
"পবিত্র দায়িত্ব রক্ষা করুন, জয় নিয়ে বাড়ি ফিরুন।",,,,Negative,0.5125569282873282,model_autofill,False
ইনশাআল্লাহ ইসলামের বিজয় হবেই হবে এবার,,,,Neutral,0.5443948527998994,model_autofill,False
তার মানে ফলা ফলের পরে রিয়ালিটি,,,,Negative,0.4754184895229745,model_autofill,True
মাইনা নিও,,,,Sarcastic_negative,0.356384016264766,auto_second_pass_kept,True
আলহামদুলিল্লাহ শুনে খুশি হইলাম,,,,Positive,0.5493569718884177,model_autofill,False
বিসমিল্লাহির রাহমানির রাহিম মোঃ তারেক রহমান কে আমার প্রানডালা অবিন্দন ও লালগোলাপের শুভেচ্চা এই হচ্ছে প্রত্যাবত্নন এই এইনিতিতে রাজনিতি শুভ হওক আমাদের সবার আগে বাংলাদেশ আল্লাহামদুল্লিহ আমিন[১][১][১][১],,,,Negative,0.6431112647948507,model_autofill,False
ইনশাআল্লাহ রিকশা দাঁড়িপাল্লা,,,,Positive,0.7890079581525827,model_autofill,False
হতাশা,,,,Negative,0.4079732810788765,model_autofill,True
Kakku rate je but dici eta kicu na,,,,Neutral,0.3723194513263783,auto_second_pass_kept,True
ফ্যাসিবাদ শব্দটা পুরনো হয়ে গেছে এটা আর এখন বাঙ্গালী খায় না। নতুনত্ব নিয়ে আসুন।,,,,Positive,0.3841841388966087,auto_second_pass_kept,True
Dhaner shis jindabad Tareq Rahman jite jak in sha allah,,,,Positive,0.6040579628495187,model_autofill,False
ইনশাআল্লাহ দাঁড়িপাল্লা ন্যায় বিচারের পথিক,,,,Positive,0.898025900704008,model_autofill,False
আমরাও খবর পাচ্ছি বাংলাদেশের জনগণ আপনাদের কাছ থেকে জান্নাতের টিকিট নিতে চাচ্ছে না একমাত্র আল্লাহ পাকই আমাদেরকে যদি আমরা ভালো কাজ করি জান্নাতের টিকিট দিয়ে দিবেন সেই আশায় ভালো কাজ করব ধানের শেষে ভোট দেবো মানুষ গরিবদের পাশে থাকব যতটুকু পারি ভালো কাজ করার চেষ্টা করোব আল্লাহ যদি আমাদের সকলকে মাফ করে তাহলে আমরা জান্নাত পাব,,,,Negative,0.6650165383920178,model_autofill,False
কাকুর মাথা আউলাইয়া গেছে,,,,Sarcastic_negative,0.5084851395028394,model_autofill,False
সারা দেশ থেকে খবর পাওয়া যাচ্ছে জান্নাতের টিকিট Sold out,,,,Sarcastic_negative,0.5750473806746033,model_autofill,False
Sob dhan,,,,Sarcastic_negative,0.4794295622638156,model_autofill,True
কাকা রেজাল্ট পাওয়ার পর আবার ঘুরে পড়ে না যান।,,,,Negative,0.6015654559237923,model_autofill,False
ভোট পেয়েছে,,,,Sarcastic_negative,0.437762060399759,model_autofill,True
সরকারে যাবে,,,,Negative,0.4360361017132993,model_autofill,True
দাদু টেনশনে কুঁচকে গেছে,,,,Sarcastic_negative,0.7034516957886495,model_autofill,False
একটু খোলাসা করে বলেন নতুন ফ্যাসিবাদ কারা ?,,,,Positive,0.4886834607098047,model_autofill,True
চাচা চেহারা শুকাইয়া গেছে কেন,,,,Sarcastic_negative,0.5423155487753369,model_autofill,False
জোকার,,,,Sarcastic_negative,0.4705703182220525,model_autofill,True
পরাজয়ের ইঙ্গিত পেলে শেষ বেলায় ও ভোটের পরে উ গ্র আচরণ করতে পারে।।।। অমুক টিভি জয় বাংলা হয়ে যাবে এমন হুমকি দেয়া হচ্ছে। সকল পক্ষকে সতর্ক থাকা উচিত।।।।,,,,Negative,0.4125431310613551,model_autofill,True
Insallha,,,,Sarcastic_negative,0.4591309209054697,model_autofill,True
Rajakar sofikka,,,,Sarcastic_negative,0.4239158451685005,model_autofill,True
আপনার শুয়ে পড়ার ভিডিও আমরা আগেই পেয়েছি,,,,Sarcastic_negative,0.4603163836863896,model_autofill,True
দেড় বছর লুটপাট করার পর নিজেদের খেতাব যখন অন্যর উপর চাপানো হয় তখন হাসা ছাড়া আর কিছু করার থাকে না।,,,,Positive,0.5018543986738238,model_autofill,False
শকুন কট,,,,Negative,0.3574572717724495,auto_second_pass_kept,True
এত কিন্তু রেখে কথা না বলে রিয়েলিটি মেনে নাও -গুয়া মারা শেষ বেলায়ও শেষ।,,,,Positive,0.5529653263158822,model_autofill,False
Vondo,,,,Sarcastic_negative,0.4006209414691811,auto_second_pass_kept,True
হারার খবর পাইয়া চাচা পোল্ট্রি মারতেছে।,,,,Sarcastic_negative,0.4464298715631286,model_autofill,True
সবার মোকে জামাত ছিলো,,,,Positive,0.2961254166985371,auto_second_pass_kept,True
জনগণ ৭১ এর পরাজিত শক্তিকে ও ওয়েলকাম করবে না।,,,,Negative,0.3914288281441982,auto_second_pass_kept,True
Porobashira barite bolben Dari palla vote Dewar jonno,,,,Sarcastic_negative,0.3353309789652385,auto_second_pass_kept,True
১০০% জামায়াত ই একমাত্র দেশ চালানো উপযুক্ত এবং অজি'ত কিন্তু কিছু চক্র তা বদলে দিল।,,,,Sarcastic_negative,0.2716933640905002,auto_second_pass_kept,True
হ্যাঁ,,,,Sarcastic_negative,0.444394836083859,model_autofill,True
ক্ষমতায় গেলে সবাই ফ্যাসিবাদ। কিন্তু অনেকে ক্ষমতায় না গিয়েও ফ্যাসিবাদী আচরণ করে।,,,,Positive,0.5668698444803302,model_autofill,False
হে আল্লাহ সাদা দাড়ির কবল থেকে দেশকে বাচাতে হবে ইনশাআল্লাহ,,,,Positive,0.7255450838529928,model_autofill,False
ইনশাআল্লাহ দাড়িপাল্লা বিজয় হবে,,,,Positive,0.8432938359632512,model_autofill,False
হারু কাকা !,,,,Sarcastic_negative,0.4549503475780481,model_autofill,True
ইনশাল্লাহ চান্দাবাজ রুখে যাবে বাংলাদেশ একটি নতুন সমৃদ্ধশালী দেশ হবে ইনশাল্লাহ,,,,Positive,0.8378082895208105,model_autofill,False
ওহে আরশে আজিম এর মালিক আপনি আজ সহায় হোন আমাদের পাশে,,,,Negative,0.5026505265397514,model_autofill,False
আপনাকে পাকিস্তান ওয়েলকাম করবে সমস্যা নাই,,,,Sarcastic_negative,0.4009582649835387,auto_second_pass_kept,True
হারের পর কি বলবে সে ক্ষেত্র তৈরি করছে চুমু শফিক,,,,Negative,0.5736872677904227,model_autofill,False
দাঁড়িপাল্লার বিজয় আজ হবে।,,,,Neutral,0.9293847079841766,model_autofill,False
শুধু বিজয় না ভূমিধস বিজয় হবে ইনশাআল্লাহ।,,,,Positive,0.5069346036953728,model_autofill,False
Jongi bad ...k o korbena kaka..... Asman theke neme asa feresta.......,,,,Sarcastic_negative,0.4098210145067594,model_autofill,True
"“কোনো দলের বিরুদ্ধে বিন্দুমাত্র দুর্নীতি বা ভোট লুটপাটের অভিযোগ প্রমাণিত হলে, সেই দলকে কোনোভাবেই নির্বাচিত হতে দেওয়া হবে না।",,,,Neutral,0.4735109520892571,model_autofill,True
জনগণের রায় নিয়ে ছিনিমিনি খেলার দিন শেষ।,,,,Sarcastic_negative,0.5893389377826769,model_autofill,False
"নিরপেক্ষ, সৎ ও নির্ভীক ব্যক্তিকেই জনগণ তাদের রায়ের মাধ্যমে নির্বাচিত করবে, ইনশাআল্লাহ। সবাই এক কণ্ঠে স্লোগান তুলুন।",,,,Positive,0.6545578978744422,model_autofill,False
চেহালা ঘোলাটে হয়ে গেছে কেন?,,,,Sarcastic_negative,0.7320091109136867,model_autofill,False
Silent killer,,,,Sarcastic_negative,0.3440418909545432,auto_second_pass_kept,True
চাঁদা বাজ সৈরাচার এর বিরুদ্ধে আবার গণ আন্দোলন গড়ে তোলতে হবে।,,,,Neutral,0.6618696496893764,model_autofill,False
গ্রহণ করলাম,,,,Negative,0.5809284884413194,model_autofill,False
জনগণকে সান্তনা দেওয়ার জন্য বলা হচ্ছে,,,,Positive,0.3921482510347137,auto_second_pass_kept,True
বিএনপির আগেই পাতানো নির্বাচনে জীতে বসে আছে,,,,Negative,0.6247037215603521,model_autofill,False
বিশ্বাস হচ্ছে না টেলিভিশনের নিউজ দেখেন,,,,Sarcastic_negative,0.4431473400684141,model_autofill,True
নির্বাচনের ফলাফল পাল্টিয়ে দিয়েছে,,,,Sarcastic_negative,0.4907839483718551,model_autofill,True
ভোটের ফলাফলের আভাস পেয়ে গেছে মনে হচ্ছে,,,,Sarcastic_negative,0.4618150799710055,model_autofill,True
বুঝতে পারছি যে তোমরা রাতেই জিতে আছো,,,,Negative,0.4937766246925434,model_autofill,True
তাকে একটু ইয়ানত পাঠাও,,,,Sarcastic_negative,0.4609287657927356,model_autofill,True
হতাশয় দাদুর ঠোঁট কালো হয়ে গেছে,,,,Sarcastic_negative,0.6965491482398771,model_autofill,False
না রাজাকারদের ওয়েল কাম করবে,,,,Negative,0.5540614733541588,model_autofill,False
সুশাসন প্রতিষ্ঠার জন্য দাড়িপাল্লা ছাড়া বিকল্প নাই ।,,,,Positive,0.3669486249686949,auto_second_pass_kept,True
"কেউ যদি বলে আপনার ভোট দেয়া হয়ে গেছে, ব্যালট মোড়াইয়া তার ভেতরে ভরে দিন।",,,,Sarcastic_negative,0.5583329729215182,model_autofill,False
"ভোট দিন, নিজের অধিকার বুঝে নিন।",,,,Sarcastic_negative,0.4475891074114279,model_autofill,True
নতুন প্রজন্ম এই দুই পরিবারের রাজতন্ত থেকে বের হতে হবে,,,,Neutral,0.3875573638458821,auto_second_pass_kept,True
লেবু পানি খান দাদু রেজাল্ট শুনলে ঘুরে পড়বেন,,,,Sarcastic_negative,0.5393777588590024,model_autofill,False
জয় বংলা জয় বঙ্গবন্ধু,,,,Negative,0.3190255434502236,auto_second_pass_kept,True
ফলাফল জানার পর দেখার অপেক্ষায় কি বলেন,,,,Negative,0.3971227914289346,auto_second_pass_kept,True
Magir fuwa fesibad kare kos,,,,Sarcastic_negative,0.3653376534641001,auto_second_pass_kept,True
ঠোঁট কেমন কালো কালো লাগে ব্যাপারটা রহস্যজনক,,,,Sarcastic_negative,0.4973417079783981,model_autofill,True
"তুর মুখ আজকে বন্ধ হবে কানকির পোলা অপেক্ষা ২,৩ ঘন্টা ফলাফল ফাইনাল হোক",,,,Neutral,0.3381194501560488,auto_second_pass_kept,True
সাদা শকুন পরাজিত হলে জুলাই চেতনা আবার শুরু হবে বোঝা যাচ্ছে,,,,Neutral,0.5318363442734074,model_autofill,False
চুমু তে নোবেল দেওয়া হউক,,,,Sarcastic_negative,0.5141718074233048,model_autofill,False
একটু পর বলবে সুষ্ঠ ভোট হয়নি এর নাম মোনাফেক,,,,Sarcastic_negative,0.529385394547206,model_autofill,False
কাহা কেরুম আছোইন।,,,,Sarcastic_negative,0.4270830642532719,model_autofill,True
টের পাইবা সময় হইলে।,,,,Sarcastic_negative,0.493626363438251,model_autofill,True
কাক্কু চেয়ারে না আপনার জন্য শীতল পাটি,,,,Sarcastic_negative,0.5574231973402269,model_autofill,False
আমরা খবর শুনলাম বিএনপি সরকার হয়ে গেছে অলরেডি,,,,Negative,0.7553623421669851,model_autofill,False
"বেড়ায় ক্ষেত খাইবার লাগছে,,, সুফি সাহাব",,,,Negative,0.3135814029064349,auto_second_pass_kept,True
আর কয়েক ফন্ট পড়ে বুঝতে পারবেন,,,,Sarcastic_negative,0.4454698469728524,model_autofill,True
ইনশাআল্লাহ বিজয় হবে,,,,Positive,0.821982907075823,model_autofill,False
লাল কার্ড কনফার্ম হয়ে গেছে,,,,Sarcastic_negative,0.7562028478228863,model_autofill,False
ইনশাআল্লাহ হুজুর।,,,,Positive,0.8607650944994423,model_autofill,False
In Sha Allah,,,,Positive,0.742456421275703,model_autofill,False
**মুরুব্বী মুরুব্বী উহুম উহুম,,,,Neutral,0.2996801477469145,auto_second_pass_kept,True
বহুৎ দেখাইছেন এবার একটু জিরান।,,,,Sarcastic_negative,0.5113507309150838,model_autofill,False
যদি সম্ভব হয় তসবি জবতে জবতে,,,,Sarcastic_negative,0.4795008777777086,model_autofill,True
যতদ্রুত সম্ভব অ্যামাজন জঙ্গলে গিয়ে ধ্যানে বসে যান।,,,,Sarcastic_negative,0.4364995064327236,model_autofill,True
"এবার থামেন,,,আমির সাহেব।",,,,Negative,0.4622355644790766,model_autofill,True
তাহলে মন খারাপ কেনো কাক্কু?,,,,Sarcastic_negative,0.5181712124489777,model_autofill,False
রাত হলে বলবেন নির্বাচন বানচাল করা হয়েছে পাগলা,,,,Sarcastic_negative,0.7142314317327151,model_autofill,False
দারুণ খবর কাকা।,,,,Sarcastic_negative,0.5892105556415024,model_autofill,False
জামানত বাজেয়াপ্ত হবে নাকি,,,,Neutral,0.9306283188624588,model_autofill,False
কিন্তু মন খারাপ ক্যান??,,,,Sarcastic_negative,0.5907747596104003,model_autofill,False
হাসেন একটু,,,,Sarcastic_negative,0.6453901208342027,model_autofill,False
"আল্লাহর উপর ভরসা রাখেন,, ইনশাআল্লাহ সুখবর আসবেই",,,,Positive,0.5368010258701162,model_autofill,False
অধিকাংশ ভোটকেন্দ্রে বিএনপির লোকেরা ঘন্টায় ৫ টা করে জাল ভোট দিচ্ছে। এখন হিসাব করে দেখেন কত ভোট পড়ে। দ্রুত এটার ব্যবস্থা নেতা হবে,,,,Positive,0.4738352637212108,model_autofill,True
"কিছু সময় কেঁদে সুয়ে পড়ো ভালো লাগবে,",,,,Sarcastic_negative,0.496608445557068,model_autofill,True
তাহলে কি রাজাকার গ্রহণ করবে?,,,,Negative,0.7417354735331767,model_autofill,False
জান্নাতের টিকেট শেষ....,,,,Sarcastic_negative,0.4485752258728716,model_autofill,True
Ore razakar koy kih?,,,,Sarcastic_negative,0.4413060249757275,model_autofill,True
ঠিকই কইছেন দাদু। জনগণ গ্রহণ করে নাই।।আপনারাই তার প্রমান,,,,Sarcastic_negative,0.5822285409607181,model_autofill,False
ঘুমিয়ে ঘুমিয়ে স্বপ্ন দেখছেন। ঘুম ভাঙ্গলেই বাস্তবতায় ফিরে আসবেন & নিজেদের হার বুঝতে পারবেন ইনশাআল্লাহ,,,,Negative,0.6358011500473458,model_autofill,False
চতুর্থ বার ও ফেল মেরেছ,,,,Sarcastic_negative,0.4005250946447219,auto_second_pass_kept,True
এবার একসাথে এক হালি ডিম।,,,,Positive,0.3859833611687713,auto_second_pass_kept,True
ধানের শীষ প্রতীকের জয় হবে ইন্সাল্লাহ,,,,Neutral,0.5310263617688765,model_autofill,False
স্বপ্ন দেখো,,,,Negative,0.4625459022634667,model_autofill,True
"যদি এবার বিএনপি ক্ষমতায় না আসে কথা দিলাম বাংলাদেশে থাকবনা,",,,,Positive,0.55538497054887,model_autofill,False
চারিদিকে ধানের শীষ ছাড়া কোন কথাই নাই,,,,Positive,0.6511983504108317,model_autofill,False
"হ্যা! আমরাও সে খবর পাচ্ছি মানুষ ""ধর্মীয় ফ্যাসিজম"" মানবে না! তারা গণতন্ত্রের পক্ষে শক্ত অবস্থান নিবে।",,,,Sarcastic_negative,0.3785362101934071,auto_second_pass_kept,True
ইনশাআল্লাহ আল্লাহ যদি চায়,,,,Positive,0.6428727895981038,model_autofill,False
"ঠিক, জামাতকে ওয়েলকাম করবে না, একমত",,,,Negative,0.478406730865235,model_autofill,True
বিএনপি'র লোক তো জোর করে ধানের শীষ মার্কায় ভোট নিতেছে,,,,Negative,0.4076302256394356,model_autofill,True
ওয়েলকাম কাক্কু,,,,Sarcastic_negative,0.4219751453609959,model_autofill,True
মুখ দেখে বুঝতে পারছি,,,,Negative,0.3281792024023366,auto_second_pass_kept,True
জামাত পরা জয হবে,,,,Neutral,0.7344001147543897,model_autofill,False
আমির সাহেব আর কিছুক্ষণ পরে বলবে বিষয়টা,,,,Negative,0.5771878624521943,model_autofill,False
চু* লিং পং হয়ে গেল না,,,,Sarcastic_negative,0.3681323885639302,auto_second_pass_kept,True
আইচ্ছা তার মানে আপনারা ক্ষমতায় যেতে পারবেন না,,,,Sarcastic_negative,0.5661736267332217,model_autofill,False
শীতল পাঠিতো আছে এবার লাল কম্বল রেডি কর।,,,,Positive,0.3720332392915477,auto_second_pass_kept,True
আমারও যে খবর পেলাম তুমি ৫০আসনও পাবেনা,,,,Negative,0.4254681599303662,model_autofill,True
আলহামদুলিল্লাহ,,,,Positive,0.6938070689355245,model_autofill,False
তোর মতো রাজাকারও এদেশে হবে না,,,,Neutral,0.776157795922019,model_autofill,False
এত তাড়াতাড়ি মন খারাপ হয়ে গেছে হবে না,,,,Neutral,0.4670824409548619,model_autofill,True
ওলে আমার দাদু ভাই লে,,,,Negative,0.7187142148614974,model_autofill,False
তোমার কাছে এত খবর কিভাবে ক,,,,Sarcastic_negative,0.6632599781843647,model_autofill,False
ওরা নতুন নয় বহু আগে থেকে কিন্তু সচ্চার থাকতে হবে,,,,Neutral,0.3937133757846916,auto_second_pass_kept,True
চিরন্ত সত্য,,,,Negative,0.439628480828781,model_autofill,True
বিকাল পর্যন্ত বলতে থাকুন,,,,Negative,0.5723595976116083,model_autofill,False
বিকালের পরের বক্তব্য দেখি কেমন হয়,,,,Sarcastic_negative,0.4636001036233434,model_autofill,True
কাকু রেডি হও,,,,Sarcastic_negative,0.6533610450392979,model_autofill,False
আজকের দিনটি ইতিহাস হয়ে থাকবে।,,,,Sarcastic_negative,0.5005699395475887,model_autofill,False
"Bangladesh Army আবারও প্রমাণ করলো — তারা শুধু একটি বাহিনী নয়, তারা এ দেশের মানুষের আস্থা, নিরাপত্তা আর ভরসার প্রতীক। একটি সুষ্ঠু, শান্তিপূর্ণ ও গ্রহণযোগ্য নির্বাচন উপহার দিয়ে তারা দেখিয়ে দিলো—দেশের স্বার্থে তারা সর্বদা নিবেদিত প্রাণ।",,,,Sarcastic_negative,0.3746605643486979,auto_second_pass_kept,True
"শুধু সেনাবাহিনীই নয়, অন্যান্য আইনশৃঙ্খলা বাহিনীর ( Bangladesh Police BGB Bangladesh Navy Bangladesh Air Force Bangladesh Ansar and VDP Rapid Action Battalion প্রতিটি সদস্য অক্লান্ত পরিশ্রম, দায়িত্ববোধ এবং ত্যাগের মাধ্যমে সারাদেশে নিরাপত্তা নিশ্চিত করেছেন। তাঁদের ঘাম, শ্রম আর সততার কারণেই আজ আমরা গর্ব করে বলতে পারি—বাংলাদেশ পারে।",,,,Sarcastic_negative,0.3308903890560335,auto_second_pass_kept,True
"বিশেষ কৃতজ্ঞতা অন্তর্বর্তীকালীন সরকারের প্রধান ড. মুহাম্মদ ইউনূসের Muhammad Yunus প্রতি, যিনি সঠিক সময় সঠিক সিদ্ধান্ত নিয়ে একটি গ্রহণযোগ্য নির্বাচনের পরিবেশ নিশ্চিত করেছেন। নেতৃত্ব তখনই সফল হয়, যখন তা দেশের স্বার্থকে অগ্রাধিকার দেয়।",,,,Positive,0.3906509442841816,auto_second_pass_kept,True
এখন আর বিভক্তির সময় নয়।,,,,Positive,0.766031195760048,model_autofill,False
এখন ঐক্যের সময়।,,,,Positive,0.4326969209776181,model_autofill,True
"ক্ষমতায় যে-ই আসুক, আমাদের লক্ষ্য একটাই—একটি শক্তিশালী, ন্যায়ভিত্তিক ও সমৃদ্ধ বাংলাদেশ গড়ে তোলা।",,,,Positive,0.4614093007465626,model_autofill,True
মনে রাখবো—,,,,Sarcastic_negative,0.5009412117445535,model_autofill,False
"রাজনীতি পরে,",,,,Positive,0.7603731140474721,model_autofill,False
"ব্যক্তি পরে,",,,,Negative,0.4678457028302484,model_autofill,True
সবার আগে বাংলাদেশ।,,,,Positive,0.8256836474469921,model_autofill,False
#বাংলাদেশ,,,,Positive,0.6144578609652317,model_autofill,False
#গর্ব,,,,Sarcastic_negative,0.549079150430152,model_autofill,False
#সুষ্ঠুনির্বাচন,,,,Sarcastic_negative,0.7911988487513757,model_autofill,False
#ঐক্যইশক্তি,,,,Sarcastic_negative,0.3621827471807616,auto_second_pass_kept,True
"একবার মনে হচ্ছে বিএনপি জিতবে, আবার মনে হচ্ছে জামাত জিতবে। আওয়ামীলীগের সময় এই টেনশন করতে হতো না, আমরা জানতাম কে জিতবে। আগেই ভালো ছিলাম,টেনশন মুক্ত একটা নির্বাচন ছিল ।",,,,Negative,0.5986586794572556,model_autofill,False
লাইলাতুল গুজব চলতেছে।কেউ কান দিবেন না,,,,Sarcastic_negative,0.5575645761826781,model_autofill,False
ইনশাআল্লাহ জয় হবে দাঁড়ি পাল্লার,,,,Positive,0.6844025146708241,model_autofill,False
Good bye rajakar welcome to Bangladesh ponti Bangladesh national publicity bnp,,,,Sarcastic_negative,0.4207556014188027,model_autofill,True
ইনশাআল্লাহ বিজয় অতি সন্নিকটে,,,,Positive,0.4788732867864941,model_autofill,True
Sala vlo hoye jau vondami bad deu,,,,Sarcastic_negative,0.4384065444170733,model_autofill,True
"ইয়েস, পাকিস্তানি ফ্যাসিবাদের জায়গা বাংলাদেশে নাই।",,,,Positive,0.3592978079007735,auto_second_pass_kept,True
চোদে নাহ কেউ তোমার মনে লাগে ঢেউ কাগা,,,,Sarcastic_negative,0.5393073848641755,model_autofill,False
"ধান তো অনেক জাল ভোট দিছে,,,কেন্দ্র অস্থিতিশীল করছে।",,,,Sarcastic_negative,0.55684050892188,model_autofill,False
দেখা যাক চুমু শফিক,,,,Sarcastic_negative,0.4015021344875877,auto_second_pass_kept,True
তবে তোমার আসনে তুমি জিতবে তো?,,,,Negative,0.4179498858840288,model_autofill,True
রাইট আপনাগো জনগণ ছুড়ে ফেলবে,,,,Sarcastic_negative,0.6589112126461251,model_autofill,False
আমাদের আসনে দাঁড়িপাল্লার দাঁড়ি ছিড়ে গেছে,,,,Negative,0.4241100102612931,model_autofill,True
"ভালো খবর,, তাইলে আপনে থাকেন জাইয়েন না",,,,Sarcastic_negative,0.6386622570798948,model_autofill,False
"ছুটে চলো কেন্দ্রে, ভেঙে ফেলো গুজবের কালো প্রাচীর;",,,,Sarcastic_negative,0.3865831580619688,auto_second_pass_kept,True
ন্যায়ের মিছিলে গর্জে ওঠো—জয় আমাদের সুনিশ্চিত!,,,,Negative,0.6470425134900142,model_autofill,False
"সিল মারো দাঁড়িপাল্লায়, ইনসাফ আনো এই বাংলায়!",,,,Positive,0.420839601136467,model_autofill,True
মাশাআল্লাহ,,,,Negative,0.6768526679201253,model_autofill,False
Alauddin Al Azad অনেক জনের মুখে হাসি আছে কিন্তু আপনাদের মুখে চিন্তার বাস সবকটির ভেতরে,,,,Sarcastic_negative,0.4187504687635446,model_autofill,True
এত আগে পাইছেন,,,,Sarcastic_negative,0.6526059218853105,model_autofill,False
Allhamdulillah!! Sortir bissas kokhon je felbo allah amader niras koiren na!!,,,,Positive,0.5154668992740474,model_autofill,False
Ji joy bangla hoia gachen kakuuu,,,,Neutral,0.3991133069946958,auto_second_pass_kept,True
নিজের কেন্দ্রে ফেল্টুস,,,,Sarcastic_negative,0.4946381430374506,model_autofill,True
আল্লার উলি,,,,Negative,0.4318353910651338,model_autofill,True
আপনার চেহেরায়তো সে কথা বলেনা,,,,Positive,0.5714984535685476,model_autofill,False
আগেতো নিজের আসনটায় বিজয়ী হয়ে দেখান।,,,,Negative,0.4008882010355457,auto_second_pass_kept,True
ঐতিহাসিক বিজয়ের সন্ধিক্ষণে।,,,,Positive,0.3528982798333439,auto_second_pass_kept,True
হাসবুনাল্লাহ,,,,Positive,0.4622478643895515,model_autofill,True
কষ্ট হলেও মুখে একটু হাসি দিয়ে যদি বলতেন জনগন বিশ্বাস করার চেষ্টা করতো।,,,,Sarcastic_negative,0.5124309579211752,model_autofill,False
গুজব ছরিয়ে লাভ নেই।,,,,Negative,0.417179774461225,model_autofill,True
"নিজেকে খুব নিস্পাপ ভাবা একটা মানুষ,,ফেইসবুক যুদ্ধা।",,,,Sarcastic_negative,0.4077566319642632,model_autofill,True
তারমানে বিএনপি জয় লাভ করবে শফিক সাহেব জেনে গেছে,,,,Negative,0.7147529817188337,model_autofill,False
কথা সত্য ধর্মের নাম দিয়ে অধর্ম চালানো ফ্যাসিবাদকে বিদায়,,,,Positive,0.3308918622457079,auto_second_pass_kept,True
দাদুর খবর কি? আছে নাকি গেছে।,,,,Sarcastic_negative,0.6199915651518569,model_autofill,False
চারদিকে গুজবে সঠিকটা পায়নি,,,,Negative,0.4281002888285953,model_autofill,True
কাগু নাকে কেরোসিন দিয়া ঘুমান,,,,Sarcastic_negative,0.3437763687731693,auto_second_pass_kept,True
Areh manush........ Ek jonre duraye tar theke o koyek gun beshi paji der anteche manush..... Allah hefajot koruk sobaike.... Ekhon lafiye diye pore jeno kadte na hoy desher manushke,,,,Sarcastic_negative,0.3416958105525412,auto_second_pass_kept,True
In shaa Allah,,,,Positive,0.732233262034156,model_autofill,False
সাদা কয় কি,,,,Sarcastic_negative,0.6058467568834305,model_autofill,False
হ আসলেই তারা আজ থেকে বিলীন হয়ে যাবে। হয়ত লীগের লুঙ্গির তলে আবারো ডুকে যাবে,,,,Negative,0.3707137694581302,auto_second_pass_kept,True
"রেজাল্ট দেখার পরে আবার বেহুশ হয়েন না,,,,",,,,Negative,0.6418344700551987,model_autofill,False
ইনশাআল্লাহ জয়ী হবে দাঁড়ি পাল্লা,,,,Positive,0.6791552463483894,model_autofill,False
এই রকম কেয়া সোনা,,,,Negative,0.4654768965096364,model_autofill,True
"কাকু,,,",,,,Sarcastic_negative,0.5323426643147828,model_autofill,False
দাদু ১৮ টার বেশি পাইতেছে না,,,,Negative,0.7071480916040219,model_autofill,False
খেলা যে চলছে কন লেভেলে!!!,,,,Sarcastic_negative,0.4939943874402141,model_autofill,True
মেয়াদ উত্তীর্ণ গাজা খাওয়াইছে কে,,,,Sarcastic_negative,0.5770936440176375,model_autofill,False
"নিমদাহ দোজরাজ টেল মি হারতাবুশ ক্রিক কই কিনুম বুমলাহ ,মহিনু জুকু লোহাক কইইই।",,,,Negative,0.4592323757106321,model_autofill,True
ফিরিয়ে দিলাম কাকু আপনার কথা আপনাকে,,,,Sarcastic_negative,0.8172629073588171,model_autofill,False
হ্যা তাই মনে হয়,,,,Sarcastic_negative,0.6526844851628537,model_autofill,False
Tai tumader porajoy nischit,,,,Sarcastic_negative,0.3823202621987873,auto_second_pass_kept,True
জনগণ চাইলে অসুবিধা কি,,,,Sarcastic_negative,0.5596031540219021,model_autofill,False
ঠিকি বলছেন,,,,Negative,0.3226411873836812,auto_second_pass_kept,True
ভালো করে দেখেন কাক্কু তাকাইয়া স্বপ্নের থেকে বেরিয়ে আসেন,,,,Positive,0.3329878618892443,auto_second_pass_kept,True
কি পরিমান জাউড়া হইলে যেই দলটা দীর্ঘ ১৭ বছর যাবত ক্ষমতার বাইরে সেই দলটাকে নতুন ফ্যাসিবাদ বলা যায়?,,,,Sarcastic_negative,0.3985356682502616,auto_second_pass_kept,True
টা টা শাদা শকুন,,,,Sarcastic_negative,0.4511752295514086,model_autofill,True
চাচা কথা কম বলো,,,,Positive,0.739498117667259,model_autofill,False
তারুন্যের প্রথম ভোট ন্যায় ও ইনসাফের পক্ষে হোক।,,,,Positive,0.8887313053464466,model_autofill,False
এই দেশ আর ঠিক হবে না এক দল আরেক দল কে শুধু দুশারুপ করেই যাচ্ছে।,,,,Positive,0.554724941671048,model_autofill,False
দেখা যাবে,,,,Negative,0.2914147190107574,auto_second_pass_kept,True
হায় হায়,,,,Negative,0.5555826605934987,model_autofill,False
ইনশাআল্লাহ বিজয় আমাদের ধানের শীষ,,,,Positive,0.4882407598167069,model_autofill,True
শুনলাম ধানের শীষ জিতে গেছে,,,,Sarcastic_negative,0.7325899393190678,model_autofill,False
Kaku Koy ki,,,,Sarcastic_negative,0.4983932841283552,model_autofill,True
কাকু টুপি মাথা কয় কি,,,,Sarcastic_negative,0.6379445355880794,model_autofill,False
যারা হা হা রিয়েকশন দিচ্ছেন তাদের উদ্দেশ্যে বলছি,,,,Negative,0.5149557271474196,model_autofill,False
নতুন বিপ্লবের পথে যাচ্ছে বাংলাদেশ। এবং এই বিপ্লবের বিজয় হবে ইসলামপন্থীদের। কোন চাঁদাবাজের ঋণ খেলা ফিদের বিজয় হবে না। দরকার হলে জেলায় আবার ফিরবে। জুলাই ফিরলে আবু সাঈদ মুগ্ধ রাও ফিরবে। আমি জানি নারায়ে তাকবীর আল্লাহু আকবার এই ধনী শুনলে অনেকের বুক কাঁপে। আমাদের সাথে রয়েছে আল্লাহ বিজয় হবে হবে ইনশাআল্লাহ।,,,,Positive,0.5543706635773578,model_autofill,False
আগামী পাঁচ বছর পর দেখা হবে। দোয়া করি দলটাকে আরও গোছান।,,,,Neutral,0.506381720902474,model_autofill,False
আবার জিগায়,,,,Negative,0.4778181397636378,model_autofill,True
আর একটু অপেক্ষা করো,,,,Positive,0.4133541523148659,model_autofill,True
তুমি পাশ করলে মানুষের বউ নিয়া বিপদে পড়বো।,,,,Sarcastic_negative,0.3631667116037183,auto_second_pass_kept,True
দিস ইস পি এ,,,,Sarcastic_negative,0.3620783268536628,auto_second_pass_kept,True
হুজুর এসব কথা বলে জনগণকে বিভ্রান্ত না করলেও পারেন। মানুষ অনলাইনে সবই দেখতেছে।,,,,Positive,0.6030093766070644,model_autofill,False
কাকু স্টক করার নাটক করেন নাটক করেন,,,,Sarcastic_negative,0.6505977652461318,model_autofill,False
গণজোয়ার দেখে আমীর সব ভয় পেয়েছে।,,,,Negative,0.434303833973342,model_autofill,True
"সঠিক,",,,,Neutral,0.5455093782176779,model_autofill,False
"কথা সত্য, চেহারা মলিন।",,,,Positive,0.3420194158287952,auto_second_pass_kept,True
রাতে ভোট সম্পন্ন,,,,Sarcastic_negative,0.6274164760397084,model_autofill,False
চাচায় বাঁশ খাইয়া লাইছে,,,,Sarcastic_negative,0.609454487626991,model_autofill,False
Alif Laylar Dadu MC 71,,,,Sarcastic_negative,0.3740861696061015,auto_second_pass_kept,True
Inshaallah dadu,,,,Positive,0.3406102991206176,auto_second_pass_kept,True
বিষয়টা এরকম হয়ে গেল না জিতলে সব ঠিক আছে না জিতলে ফ্যাসিবাদ!,,,,Neutral,0.2824252332739567,auto_second_pass_kept,True
লাইটিং ব্যবস্থার কারনে চেহারার উজ্জ্বলতা নষ্ট হয়ে গেছে,,,,Sarcastic_negative,0.4656196126761455,model_autofill,True
সারা দেশে এইরকম ভোট হচ্ছে..,,,,Sarcastic_negative,0.4184703174019775,model_autofill,True
চোরের মার বড় গলা।,,,,Negative,0.4465090891508237,model_autofill,True
মনে হয় ভোটের রেজাল্ট আগে থেকে ফিক্সট আছে।,,,,Negative,0.4720314326455621,model_autofill,True
সারা দেশে মানুষ খালি খবর দেয় ভোট দেয় না।,,,,Sarcastic_negative,0.5648070785556952,model_autofill,False
জ্বী করে নাই তো,,,,Positive,0.4447876350574735,model_autofill,True
চোদলিং পং,,,,Negative,0.7242317718740147,model_autofill,False
"রিয়ালিটির মানি নাও তোমার বারোটা বেজে গেছে দাদু,",,,,Sarcastic_negative,0.3852029251562389,auto_second_pass_kept,True
এত খুশির সংবাদ দিচ্ছেন কিন্তু চেহারা তো অনেক মলিন স্যার,,,,Sarcastic_negative,0.6983448741125979,model_autofill,False
ArNav AB,,,,Sarcastic_negative,0.4905980044555507,model_autofill,True
Sadman Sheikh Rahman,,,,Sarcastic_negative,0.4358635517238524,model_autofill,True
রাতে ভোট নাকি “খামিনি ওরফে চুম্মা বাবা”,,,,Sarcastic_negative,0.5648547568210533,model_autofill,False
"দাদু সময় মত হাইগেন,,গু-ত মাথায় ঊঠে গেছে।",,,,Sarcastic_negative,0.493437901104254,model_autofill,True
"এত তারাতারি গোপন ভাবে যে ভোট দেওয়া হলো, বাক্স তো খুলে নাই খবর কিভাবে পাচ্ছেন দাদু",,,,Sarcastic_negative,0.6930021845828634,model_autofill,False
"সব খালি কলশি এক সাথে জোট বাঁধছে, তাই এত বাজতাছে।",,,,Sarcastic_negative,0.5913071995120817,model_autofill,False
অপেক্ষা করেন,,,,Sarcastic_negative,0.3240505464761795,auto_second_pass_kept,True
জামাত ইনশাল্লাহ জয়ী হবে,,,,Positive,0.6020728058933922,model_autofill,False
মনে হয় জামাত,,,,Sarcastic_negative,0.6045267965084667,model_autofill,False
উগ্রবাদী একটা মানুষ। কোন সন্দেহ নাই।,,,,Negative,0.537914980742323,model_autofill,False
দালালদের মিডিয়াতে ভালো কিছু আশা করা যায় নাহ,,,,Positive,0.3367393744353388,auto_second_pass_kept,True
গ গ গ গদি লইরা গেছে,,,,Sarcastic_negative,0.5780970011630683,model_autofill,False
আফসুস করছি।,,,,Negative,0.5379365326707095,model_autofill,False
কাক্কু কি করবেন আপনার জান্নাত তো যায় যায়,,,,Sarcastic_negative,0.5999474522562387,model_autofill,False
আপাতত মুতে হুতি যান কাকু,,,,Sarcastic_negative,0.6015565879970692,model_autofill,False
বেশি কমে ১ বছর,,,,Negative,0.4063826705033538,model_autofill,True
আলিফ লায়লার জ্বীন,,,,Negative,0.5798527844096023,model_autofill,False
Bua Talukder Shahadat bua,,,,Neutral,0.3180897162201327,auto_second_pass_kept,True
আপনার কথার সত্যতা পেলাম।,,,,Sarcastic_negative,0.4670099558082368,model_autofill,True
সবাই কেন্দ্র পাহাড়া দিন,,,,Sarcastic_negative,0.3703533230837221,auto_second_pass_kept,True
"বিজয় ইনসাফের , তরুণ প্রজন্মের হবে সময় মাত্র অপেক্ষা ইনশাআল্লাহ",,,,Positive,0.7665873404025788,model_autofill,False
একটু পরে এসে বলবে নির্বাচন বানচাল করা হয়েছে।,,,,Sarcastic_negative,0.6601915297320539,model_autofill,False
inasallha,,,,Sarcastic_negative,0.3908063080377514,auto_second_pass_kept,True
অপেক্ষা করুন,,,,Negative,0.2995452545270484,auto_second_pass_kept,True
চেহারায় দুঃচিন্তা ফুটে উঠছে,,,,Sarcastic_negative,0.4686193761326208,model_autofill,True
আপনারা সবাই বের হয়ে আসুন।,,,,Sarcastic_negative,0.5620672718392551,model_autofill,False
"কেন্দ্রে কেন্দ্রে প্রতিরোধ গড়ে তুলুন, ইনশাআল্লাহ বিজয় সন্নিকটে।",,,,Negative,0.523652753219443,model_autofill,False
"যা করার দরকার ছিলো সেটা তো গতকাল রাত্রেই করে ফেলেছেন, এখন তো সন্তুষ্টির কথাই বলবেন।",,,,Positive,0.762968522894468,model_autofill,False
আমি নিশ্চিত ওনি পাতার বিড়ি খায়,,,,Negative,0.5551160268379703,model_autofill,False
ও শোনা গো আমার কোথায় লুকিয়ে ছিলে এতোদিন বুকে আসো,,,,Negative,0.4990884154135039,model_autofill,True
না থাক বুকে আসলে তো আবার চুম্মা দিয়ে দিবে Channel 24 News,,,,Sarcastic_negative,0.5311787583664027,model_autofill,False
1333113525,,,,Sarcastic_negative,0.4093940743400722,model_autofill,True
"ভিডিও কল ২০০ অডিও কল ৫০ শুধুমাত্র আজকের জন্য,,ডিরেক্ট কল দিয়ে ডিল করতে হবে,,এরপরে ওয়াটস আপ নাম্বার দেব",,,,Sarcastic_negative,0.4659836447403603,model_autofill,True
করছে তো।,,,,Negative,0.6307003925956836,model_autofill,False
দাদা তৈরি হয়ে যাও যুবকদের হাতে ফোন মারা খাওয়ার জন্য,,,,Sarcastic_negative,0.3757690983303674,auto_second_pass_kept,True
"একদম ঠিক বলেছেন,,তার কথায় কোন দোষ নেই তবে নতুন ফ্যাসিবাদ তো যারা নিজেদের জামাত ইসলাম নামে পরিচয় দেন তারাও হতে পারেন!!",,,,Positive,0.467257095404901,model_autofill,True
আমি প্রবাস থেকে জুমাত কে বলছি...,,,,Negative,0.8450596011804488,model_autofill,False
"মু'তু করে শুয়ে পড়ো আর কথা বাড়িও না,",,,,Positive,0.8465188757495976,model_autofill,False
তাহলে পোলাপান কিন্তু মাইর দিবে..,,,,Sarcastic_negative,0.6209252818479176,model_autofill,False
আর হ্যাঁ জুমাতের পোলাপানদের বলছি ..,,,,Positive,0.5678129253184874,model_autofill,False
একটু লেবু বেশি করে খাও...,,,,Positive,0.3862238442111452,auto_second_pass_kept,True
তাহলে টাল কেটে যাবে নে....!,,,,Sarcastic_negative,0.40044398602187,auto_second_pass_kept,True
"গতকাল রাতে আপনারা যে তাণ্ডব চালিয়েছেন কালো টাকার ছাড়াছাড়ির মাধ্যমে, অর্ধেক ভোট ওখানেই কমে গেছে",,,,Sarcastic_negative,0.7015457632512215,model_autofill,False
ঢাকা ১৫ আমাদেরকে কি দেয় দেখি,,,,Negative,0.8985003828462407,model_autofill,False
সিলেট থেকে ডাঃ শফিকুর রহমান কি উপহার দেয় আমাদের এটি দেখার বিষয় ।,,,,Negative,0.6290599308754277,model_autofill,False
কচি বলে কি,,,,Positive,0.4297956161434558,model_autofill,True
Insaallah,,,,Positive,0.3586157046232487,auto_second_pass_kept,True
লাইলাতুল গুজব,,,,Negative,0.4181944348366185,model_autofill,True
Notun Rajakar boicot,,,,Sarcastic_negative,0.3868035354381858,auto_second_pass_kept,True
আল্লাহ আপনি দাড়িপাল্লার বিজয় দিন,,,,Positive,0.4955574478271213,model_autofill,True
Insha allah,,,,Positive,0.7432637419854659,model_autofill,False
মলমপাটি কয় কি,,,,Sarcastic_negative,0.5376266685913913,model_autofill,False
সঠিক কারণ এক্ষেত্রে জামাত বাআলকে পরাজিত করার সামর্থ্য রাখে।,,,,Negative,0.3916604797189932,auto_second_pass_kept,True
স্বপ্নদোষ ধরেছে আপনাদেরকে।,,,,Negative,0.5641827888878864,model_autofill,False
Amr dhoner khobor paiteco tmi,,,,Sarcastic_negative,0.375864295010652,auto_second_pass_kept,True
Gu kheye mor su**er baccha,,,,Neutral,0.4182943934407189,model_autofill,True
বাংলাদেশ জাতীয়তাবাদী দল বিএনপি ১৮৫আসনের চেয়েও বেশি আসনে বিজয় লাভ করে তারা এককভাবে সরকার গঠন করতে যাচ্ছে ১০০% নিশ্চিত।,,,,Negative,0.5459425536775367,model_autofill,False
শুরু হয়ে গেল পরাজয়ের আশংকায় চিরাচরিত বয়ান,,,,Negative,0.4069773004376653,model_autofill,True
হার্টের ডাক্তার রাইখেন আশেপাশে ।দাদু,,,,Sarcastic_negative,0.4121551734732444,model_autofill,True
রাতের ভোটের আসায় কাকু বলতাছে,,,,Sarcastic_negative,0.5163385192763214,model_autofill,False
করে নাই ওয়েলকাম,,,,Neutral,0.2926197478805946,auto_second_pass_kept,True
এখন পর্যন্ত ২১৪ আসন বিএনপির।,,,,Negative,0.8335472260417552,model_autofill,False
"এগুলো আর কয়েক ঘণ্টা কাক্কু,,",,,,Positive,0.3976765901953446,auto_second_pass_kept,True
ইনশাআল্লাহ দাঁড়িপাল্লার বিজয় হবে।,,,,Positive,0.8652431509705925,model_autofill,False
গলার পানি শুকাতে শুরু হইছে,,,,Sarcastic_negative,0.408178987505258,model_autofill,True
আপনি ঠিকই শুনেছেন। বিএনপিকে রুখে দাঁড়ান। আওয়ামী লীগ আপনাদের পাশে আছে।,,,,Negative,0.5517273455578929,model_autofill,False
মিডিয়া গুলো এত পরিমান দালালি করতে আছে। এক পক্ষের হয়ে,,,,Sarcastic_negative,0.5455350354559677,model_autofill,False
"আয়াতুল কুরসি পড়লে যেমন শয়তান ভয়ে দূরে সরে যায়, তেমনি ১৯৭১ এর কথা শুনলে জামাত দূরে সরে যায়।",,,,Sarcastic_negative,0.3821145808425491,auto_second_pass_kept,True
Sada sokun cumma sofi 20 ta paba,,,,Neutral,0.4143100355510579,model_autofill,True
"হেরে যাওয়ার ভয়ে পাগল হয়ে গেছেন,",,,,Sarcastic_negative,0.7114857213894974,model_autofill,False
হারার জন্য প্রস্তুত থাকুন।,,,,Sarcastic_negative,0.3153007978694022,auto_second_pass_kept,True
tmi codling pong hoye jabe somos nai sona mona,,,,Sarcastic_negative,0.3814414852245179,auto_second_pass_kept,True
মারহাবা!,,,,Neutral,0.317207543896891,auto_second_pass_kept,True
জামাত ক্ষমতা পাইলে স্বামীজান কে আবার সুন্নাতে খতনা করামু,,,,Negative,0.4502575383711727,model_autofill,True
"সারাদেশ থেকে খবর পাচ্ছে জামানতের খেয়ানত হচ্ছে,",,,,Sarcastic_negative,0.4040946370034123,auto_second_pass_kept,True
সত্যি বলতে কষ্ট লাগতেছে তাই একটু গুরিয়ে ফেছিয়ে বলছে কাক্কু। সবাইকে বুঝে নেওয়ার আহ্বান জানিয়ে রাখলাম,,,,Sarcastic_negative,0.3986524569354228,auto_second_pass_kept,True
Vote to valo churi korassen.,,,,Negative,0.3549876955019645,auto_second_pass_kept,True
সোশ্যাল মিডিয়ায় যা দেখলাম তাতে ৬০% মানুষ ভোট বর্জন করেছে কোন রাজাকারকে চায় না,,,,Negative,0.6136185256689183,model_autofill,False
"আমি আবার আওয়ামী লীগকে ক্ষমতায় দেখতে চাই, কারণ বিএনপির জন্য আওয়ামী লীগের ঠিক আছে",,,,Negative,0.7324596615704505,model_autofill,False
"তোমার কাজে বলে,তুমি মিথ্যা কথা বল",,,,Positive,0.7740062254216958,model_autofill,False
স্বপ্ন টা যেন দোষ না হয়,,,,Sarcastic_negative,0.3738155016275377,auto_second_pass_kept,True
রেজাল্ট পাওয়ার পর আবার কান্নাকাটি কইরো না,,,,Negative,0.6134510575207045,model_autofill,False
দেইখেন একটু পরে আবার ভোট প্রত্যাখ্যান কইরেন না,,,,Negative,0.5161345082744916,model_autofill,False
দাদু পাকিস্তানের টিকেট কাটেন,,,,Sarcastic_negative,0.5846594984769888,model_autofill,False
সাদা শকুন শেষ,,,,Sarcastic_negative,0.4916042054706059,model_autofill,True
"আল্লাহর কসম করে বলছি, যারা ভোট কারচুপি করছে তাদের হাত পা পুঙ্গ হয়ে যাবে, তাদের সব কিছু ধ্বংস হয়ে যাবে",,,,Positive,0.4758476531400891,model_autofill,True
এই ভোট কারচুপি জনগণ মেনে নিতে পারছে না,,,,Negative,0.3976271476673291,auto_second_pass_kept,True
কাকা ও কাকা ভালো লাগে না,,,,Sarcastic_negative,0.484534156582785,model_autofill,True
চার বারের মতো ফেল করে আজকে এক হালি হবে,,,,Neutral,0.5795115117284148,model_autofill,False
"নরম বালিশ দে একটা,দাদুর ঘুম পাইছে",,,,Sarcastic_negative,0.6846787532611397,model_autofill,False
Yes! ধর্মীয় ফ্যাসিবাদের আসার সম্ভাবনা নাই!,,,,Sarcastic_negative,0.5589232383501672,model_autofill,False
"ফেরেশতা নাকি শয়তান এর মাধ্যমে খবর পাইছেন,কাক্কু",,,,Sarcastic_negative,0.622952752159819,model_autofill,False
অপেক্ষা কর,,,,Negative,0.3025402005930989,auto_second_pass_kept,True
ইনশা আল্লাহ দাড়ি পাল্লা,,,,Positive,0.8147973846873479,model_autofill,False
রাজা কার কে ওয়েলকাম করবে,,,,Negative,0.476407624920808,model_autofill,True
তোমার ১২ টা বেজে গেছে,,,,Sarcastic_negative,0.4600173795748407,model_autofill,True
একদম।,,,,Sarcastic_negative,0.3984952552786235,auto_second_pass_kept,True
আর জামাতও গুপ্ত হয়ে যাবে আবারো লুঙ্গির তলে,,,,Positive,0.6623930625655521,model_autofill,False
তাই নাকি ভাই জয় হবে ধানের শীষ,,,,Neutral,0.80184666585759,model_autofill,False
Mohammad Rokib,,,,Sarcastic_negative,0.4885281742169609,model_autofill,True
আচ্ছা আপনি প্রধানমন্ত্রী,,,,Sarcastic_negative,0.4334373367119303,model_autofill,True
ইনশাআল্লাহ দাড়ি পাল্লা বিজয় হবে,,,,Positive,0.6725005606788624,model_autofill,False
SE Shuvo Nur,,,,Neutral,0.3120612497237851,auto_second_pass_kept,True
Talimul Islam,,,,Sarcastic_negative,0.370520738131007,auto_second_pass_kept,True
"চেহারায় তো কয় ""আমিতো ভালানা ভালো লইয়া থাইকো""",,,,Negative,0.4820434657436223,model_autofill,True
কাকু খুয়াপ দেখছে মনে হয়,,,,Sarcastic_negative,0.396568851797845,auto_second_pass_kept,True
"চেহারাই ত তাই বলে না,,",,,,Positive,0.4898602828291884,model_autofill,True
"জিতলে অর্জন, হারলেই বর্জন, সমস্যা নাই জনগণন লাল কার্ড দেখিয়ে দিবে ।",,,,Positive,0.4023134745012293,auto_second_pass_kept,True
অনলাইন প্রধানমন্ত্রী ওকে ওকে,,,,Sarcastic_negative,0.2782928685706513,auto_second_pass_kept,True
মনে হচ্ছে এবারও জামানত বাজেয়াপ্ত হবে চাচার,,,,Neutral,0.7550166037862267,model_autofill,False
মুকচিটকে যুদ্ধ শুরু করে দিবে নাকি।,,,,Sarcastic_negative,0.4807458556715651,model_autofill,True
কাকু নিজের আসনে পাশ করবেকিনা,,,,Negative,0.4220072246141599,model_autofill,True
সেই জন্যই তো ১২ তারিখের ভোট ১১ তারিখ রাতেই হয়েছে,,,,Sarcastic_negative,0.4565686101819887,model_autofill,True
আপনার চেহারায় অন্য কথা বলে,,,,Positive,0.4832647842910852,model_autofill,True
এই তো মগবাজারের স্ক্রিপ্ট পাঠ করছেন মাতারি,,,,Negative,0.8211116059790535,model_autofill,False
তারুণ্যের প্রথম ভোট,,,,Positive,0.50630810599005,model_autofill,False
স্বাধীনতা ও সার্বভৌমত্বের প্রতীক,,,,Negative,0.4006219954521552,auto_second_pass_kept,True
ধানের শীষের পক্ষে হোক,,,,Positive,0.5160744950302206,model_autofill,False
Moulvibazar. (3),,,,Sarcastic_negative,0.4508502191607698,model_autofill,True
দাঁড়িপাল্লাই ভোট দিন,,,,Neutral,0.4633172764233529,model_autofill,True
নতুন বাংলাদেশ বুঝে নিন,,,,Positive,0.4321661671932543,model_autofill,True
যদি ডঃ ইউনুস সরকার ডিক্লেয়ার দিয়ে নেয় তাহলে সাদা শকুন,,,,Negative,0.5086657879094715,model_autofill,False
বাহিরে মুতে ঘরে গিয়ে শুতে পড়েন আপাতত,,,,Sarcastic_negative,0.6312785921572773,model_autofill,False
"এলাকার আবহাওয়া , সবার মুখে ধানের শীষের বিজয়ের ধ্বনি।",,,,Sarcastic_negative,0.4323059054316895,model_autofill,True
"পাঁচটা পর্যন্ত এই কথার উপর থাকবেন, আশা করছি।",,,,Negative,0.6330831636064151,model_autofill,False
চাচা আপনারা খুব বিনোদন দেন,,,,Sarcastic_negative,0.6962764793582304,model_autofill,False
চলিতেছে সার্কাস,,,,Sarcastic_negative,0.4161267173612502,model_autofill,True
ভোট যদি সঠিক ভাবে হয় তাহলে রিকশা মার্কার এবং দাঁড়িপাল্লার বিজয় হবে ইনশাল্লাহ,,,,Positive,0.5184102447470488,model_autofill,False
হনুমান দেখেই বোঝা যাচ্ছে কে যাবে ক্ষমতায়।,,,,Positive,0.3909211874508326,auto_second_pass_kept,True
জনাব রাতের টা কি রেডি হইয়া গেছে?,,,,Positive,0.4370549084304668,model_autofill,True
অন্যান্য বারের মতন এইবার জামানতটা টিকলেই হইল আম্নের!!!,,,,Negative,0.3691709919314478,auto_second_pass_kept,True
চিন্তিত চেহারা,,,,Sarcastic_negative,0.4856723120918211,model_autofill,True
চেহারা দেখলেই বুঝা যায় কি সুখবর পাচ্ছেন কাকু,,,,Sarcastic_negative,0.5280441050833928,model_autofill,False
কোনো লাভ নাই ধানের শীষের বিজয় হবেই,,,,Neutral,0.8866879894973907,model_autofill,False
বড় ফ্যাসিষ্ট রাজাকারের আমীর চুদলিং পং পার্টি,,,,Negative,0.7541058287758,model_autofill,False
ওয়েলকাম করে নিয়েছে,,,,Sarcastic_negative,0.2975632327194644,auto_second_pass_kept,True
মওদুদি কে লাল কার্ড দেখিয়ে দিছে জনগণ,,,,Sarcastic_negative,0.6953235075203348,model_autofill,False
"ধর্ম ব্যবসা কে রুখে দিন """,,,,Sarcastic_negative,0.4950023178668875,model_autofill,True
ধানের শীষে ভোট দিন,,,,Sarcastic_negative,0.6937652772253267,model_autofill,False
"তারেক জিয়া শেখ হাসিনার পথেই হাটছে,,,",,,,Sarcastic_negative,0.335570124419302,auto_second_pass_kept,True
সাথে মানুষ 71 এর কথাও ভুলে নাই,,,,Positive,0.6241204814877251,auto_second_pass_changed,False
ধর্ম ব্যাবসা কে রুখে দিন।,,,,Sarcastic_negative,0.4444800385694105,model_autofill,True
"তারুণ‍্যের প্রথম ভোট,",,,,Positive,0.4840305073893172,model_autofill,True
শীতল পাটী রেডি রাখছো তো!,,,,Sarcastic_negative,0.3789143869570416,auto_second_pass_kept,True
শেষ শেষ চুম্মা শফিক,,,,Sarcastic_negative,0.6366792194659651,model_autofill,False
মানে টের পাইছে তাহলে,,,,Sarcastic_negative,0.5178300539640518,model_autofill,False
ধ*নকিলাব বর্বাদ!,,,,Sarcastic_negative,0.3726587585378449,auto_second_pass_kept,True
যতদিন বাংলাদেশ থাকবে ততদিন মুক্তিযুদ্ধ হারবে না ৭১ এর চেতনা থাকবে আমাদের হৃদয়ে অস্তিত্বের মনিকোঠায় পরম মর্যাদায়।,,,,Sarcastic_negative,0.3729911204973365,auto_second_pass_kept,True
তাই নাকি কাক্কু,,,,Sarcastic_negative,0.4271411866791902,model_autofill,True
তুমি ধন চুসো।,,,,Sarcastic_negative,0.5897965093786912,model_autofill,False
"জিতবে এবার চাষাভুষা, জিতবে মাঝিমাল্লা,",,,,Positive,0.453748717141813,model_autofill,True
"সৎলোকের শাসন হবে, জিতবে দাঁড়িপাল্লা,",,,,Neutral,0.936527686594981,model_autofill,False
"বিজয়ের নেশায় বাড়িয়েছি পা,উঠিয়াছি মোর শির,",,,,Negative,0.3898025043984899,auto_second_pass_kept,True
সে বিজয় ছাড়া ফিরবো না ঘরে নারায়ে তাকবীর,,,,Sarcastic_negative,0.4263991859243843,model_autofill,True
একটু লাল চায়ের ব্যবস্হা করা হোক।,,,,Sarcastic_negative,0.4063020965561357,model_autofill,True
এবং সাথে চুম্মা র মাল,,,,Sarcastic_negative,0.4132074416804269,model_autofill,True
বহু আসনে ভোট আবার গণনা করতে হবে। তাতে নতুন ফলা পাওয়া যাবে,,,,Neutral,0.4796131987321373,model_autofill,True
আজকের পরে যমুনা টেলিভিশনকে জয় বাংলা করে দিতে হবে কি বলেন আপনারা,,,,Neutral,0.4210223523470056,model_autofill,True
মুহাম্মদ আফসার কি গুজব ছডিয়ে ছিল ।তকরা কি চাঁদাবাজ নয়?,,,,Negative,0.6071840638580432,model_autofill,False
জনগণের রায় কেউ দাবিয়ে রাখতে পারবে না। ইনশাল্লাহ দাড়িপাল্লার বিজয় অনিবার্য,,,,Positive,0.7012195105737136,model_autofill,False
ইনশাআল্লাহ দাঁড়িপাল্লা চাঁদাবাজ কে না বলুন।,,,,Positive,0.9055392271100886,model_autofill,False
নাটক কম কর প্রিয় জামানত থাকবে কিনা সেটা দেখো,,,,Sarcastic_negative,0.6318613831992186,model_autofill,False
"you recive good respect,",,,,Sarcastic_negative,0.4576595218351106,model_autofill,True
"Better keep Quite,",,,,Neutral,0.4189366360801929,model_autofill,True
No need to do anything,,,,Neutral,0.297965909445618,auto_second_pass_kept,True
এতদিন জানতাম এক দল ৫ বার দুনীতি তে ৫ বার বিশ্ব কাপ নিয়েছে!,,,,Sarcastic_negative,0.3435519254879539,auto_second_pass_kept,True
"পরে জানলাম খাম্বা চোর,",,,,Negative,0.5309630766619035,model_autofill,False
"এসব শুনতাম ইতিহাসে, কিন্তু তা নিয়ে কোনো মন্তব্য করিনি কেননা সে ঘটে গেছে অনেক আগে।",,,,Negative,0.422153458421348,model_autofill,True
কিন্তু আজ মন্তব্য করতে বাধ্য বিবেক সাড়া দিচ্ছে এটা অন্যায় জুলুম।,,,,Sarcastic_negative,0.5034717019473139,model_autofill,False
"এখন নিজের চোখে দেখেছি ওরা দিনের ভোট রাতে দিয়ে, কিনাবেছা দখলদারি শেষ।",,,,Positive,0.4006781130902037,auto_second_pass_kept,True
"নয়তো প্রতেকটা ব্যালেট পেপারের লিখা শুধু ধানের শীষে কাটাকাটি, আগে ছিলো।৫২৬",,,,Negative,0.4251455340341687,model_autofill,True
পরে ৭২৬ এই অসংখ্য কাটাকাটি শুধু ধানের শীষ!,,,,Negative,0.5168717154537602,model_autofill,False
যখন দেখতেছে সঠিকভাবে জনগণের রায়ে তারা পরাজিত হওয়ার কারণ দেখছে,,,,Positive,0.3443612937500697,auto_second_pass_kept,True
তখনি এই সিস্টেম খুঁজে নেয়।,,,,Negative,0.6859982315044838,model_autofill,False
যদি বাংলাদেশ আইন প্রশাসন সত্যিকারের দেশপ্রেমিক এবং দলবি হীন নিরপেক্ষ,,,,Neutral,0.3077233948682715,auto_second_pass_kept,True
"তাহলে এর সমাধান দিবে, জাতির কাছে জবাবদিহি করতে হবে।",,,,Neutral,0.4557953733171299,model_autofill,True
সবার খবর নেওয়ার আগে আপনি আপনার নিজের খবর রাখেন মানুষ কি বলতে চাচ্ছে আপনাকে নিজে ভালো হন অন্যকে ভালো রাখেন।,,,,Sarcastic_negative,0.7353826573516127,model_autofill,False
Hm... Like you,,,,Sarcastic_negative,0.585839662241748,model_autofill,False
নতুন করে ঢাকা ৮ আসন এলাকায় ইলেকশন করা উচিত এবং ইলেকশন যেন সুষ্ঠু হয় তার জন্য যথেষ্ট পরিমাণ সেনা মোতায়েন করা হোক তাহলে ১০০% পাটোয়ারী জিতবে কোন সন্দেহ নাই ।,,,,Negative,0.5552979721087933,model_autofill,False
যাই হউক ধর্ম ব্যবসায়ি কে চায়নি,,,,Sarcastic_negative,0.3750088718342898,auto_second_pass_kept,True
Dhyar mp boly ki vondami sede den,,,,Sarcastic_negative,0.4380858377562743,model_autofill,True
সাদা শকুন বাংলাদেশ খায় না,,,,Positive,0.573102692352735,model_autofill,False
কতছেগো।,,,,Sarcastic_negative,0.3820717553215255,auto_second_pass_kept,True
সেটাই হয়েছে....আপনার কথা সঠিক সফিক কাকু,,,,Sarcastic_negative,0.4588630470988689,model_autofill,True
কাকু রাতে ভোট মারতে পারে নাই যে মনে কষ্ট চেষ্টা করছিল সফল হয় নাই,,,,Negative,0.4192529823214517,model_autofill,True
ঘুমায় ঘুমায় স্বপ্ন দেখো। স্বপ্ন দেখা ভালো। শরীর মন উভয় সুস্থ থাকবে,,,,Negative,0.3670544525334675,auto_second_pass_kept,True
"৩"" র ওহি আমিরের মুখে নাজিল হইলো",,,,Negative,0.5294932035947566,model_autofill,False
"BNP 213, Jamat 75, Others, 12. New Prime minister Tareq Rahman",,,,Sarcastic_negative,0.3232783143955685,auto_second_pass_kept,True
"সিগারেট খাই নাই, ঠোট এতো কালা কেন",,,,Sarcastic_negative,0.7147412335174732,model_autofill,False
কী খবর সফিক কাক্কু,,,,Sarcastic_negative,0.5904495259021133,model_autofill,False
কাল থেকে তো আর জলপাই উর্দি থাকছে না মামা !,,,,Negative,0.3405690829058123,auto_second_pass_kept,True
"New Psebadi apni Nije e ,Abar new tal bahana dortesen..",,,,Neutral,0.4115972452863127,model_autofill,True
নাটকে সেরা চাচায়,,,,Sarcastic_negative,0.6499617470290961,model_autofill,False
এখন কি খবর?,,,,Sarcastic_negative,0.3485183934306027,auto_second_pass_kept,True
৫ ভোটে কে জানি নিজ আসনে হেরে গেছে !,,,,Negative,0.3306185729702882,auto_second_pass_kept,True
ইনশাআল্লাহ। আমরা প্রস্তুত আরেকটি বিপ্লব করার জন্য।,,,,Positive,0.7013153262527181,model_autofill,False
যদিও বাংলাদেশের মানুষ জুলাই বিপ্লবের মাধ্যমে ফ্যাসিস্ট বিতাড়িত করেছে।,,,,Positive,0.3403114178216671,auto_second_pass_kept,True
কিন্তু দালাল মিডিয়াদের বিতাড়িত করতে পারেনি।,,,,Sarcastic_negative,0.7279194970780261,model_autofill,False
যাহার কারণে সাধারণ মানুষের মাঝে ভ্রান্তি ছড়াচ্ছে।,,,,Positive,0.3789885233096684,auto_second_pass_kept,True
আপনি শুধু অনুমতি দেন ওদেরকে কিভাবে শায়েস্তা করতে হয় তা আমাদের জানা আছে আমরা এখনো মাঠে আছি।,,,,Negative,0.6616277613923864,model_autofill,False
চুদলিং পং,,,,Negative,0.6922715446725731,model_autofill,False
"আলহামদুলিল্লাহ, বিএনপি সরকার গঠন করবে এবং প্রধানমন্ত্রী হচ্ছেন জনাব তারেক রহমান, বিজয় সুনিশ্চিত",,,,Positive,0.7011349874123658,model_autofill,False
তার মানে জনগন লোকিং ফর বট বাহিনী,,,,Negative,0.3538055244922125,auto_second_pass_kept,True
জোর কমছেনি কাকু এবার বাড়ি যান,,,,Sarcastic_negative,0.3689351016672456,auto_second_pass_kept,True
দুই দিন আগেও জোটে আনতে চাইসে পেডোফাইল শফিক,,,,Sarcastic_negative,0.4412660051004013,model_autofill,True
"আমরা বাঙালি আমরা চিনি কে দেশের জন্য কাজ করতে ইচ্ছুক...জনাব,এটা ডাকসু জাকসু নির্বাচন না এটা জাতীয় নির্বাচন",,,,Negative,0.4928135668876582,model_autofill,True
রাতের ভোট!,,,,Sarcastic_negative,0.5042132952600193,model_autofill,False
Godi loyra gashe ra,,,,Sarcastic_negative,0.3935627969894558,auto_second_pass_kept,True
কাকু ঠান্ডা মাথায় ঘুমিয়ে পরেন নো টেনশন কাল সকাল ১০ টায় টিভির হেডলাইন দেখবেন,,,,Sarcastic_negative,0.5679580713862082,model_autofill,False
বিশেষ করে শহরের বড় বড় হসপিটালের সিট খালি করার জন্য অনুরোধ করছি কারণ দেশে হার্টের রোগী বেশি,,,,Positive,0.3576162743493171,auto_second_pass_kept,True
এবার সংসদ হবে দেখার মতো,,,,Neutral,0.7036237863184851,model_autofill,False
আর ৫ বছর পর কেও পরিবারের বেক্তি পুজো করবে না।,,,,Negative,0.5136279803817888,model_autofill,False
"যাদের মানতে সমস্যা, তারা জান্নাতের টিকিট কাটেন",,,,Sarcastic_negative,0.4290751386219421,model_autofill,True
Rajakar rajakar,,,,Sarcastic_negative,0.4271720065064765,model_autofill,True
নিজের কেন্দ্র হারি গেছে,,,,Sarcastic_negative,0.5761571195805832,model_autofill,False
বুয়া,,,,Negative,0.3756168295925903,auto_second_pass_kept,True
দাড়ি পাল্লা,,,,Sarcastic_negative,0.3189903901628136,auto_second_pass_kept,True
"নতুন কিছু দেখ‌তে চাই,,ইনশাআল্লাহ সব কিছুই যে‌নো ভা‌লো হয়,,শুভ কামনা রই‌লো,,আ‌মিন,,",,,,Positive,0.6844277028663392,model_autofill,False
সাদা শকুনের দিন শেষ।,,,,Sarcastic_negative,0.4994084407201676,model_autofill,True
দাঁড়িপাল্লা,,,,Neutral,0.5034943238534602,model_autofill,False
ইনশাআল্লাহ বিজয় হইবে,,,,Positive,0.604273275277783,model_autofill,False
ইনশাআল্লাহ বিজয়ের গান বাংলাদেশের জনগণ গাইবে,,,,Positive,0.726592073712865,model_autofill,False
দাড়ি পাল্লা ইনশাআল্লাহ,,,,Positive,0.9197762039867954,model_autofill,False
insha'Allah,,,,Positive,0.6947650402116982,model_autofill,False
بِسۡمِ اللّٰہِ الرَّحۡمٰنِ الرَّحِیۡمِ,,,,Sarcastic_negative,0.4093940743400722,model_autofill,True
আর তিনি দান করবেন তোমাদের বাঞ্ছিত আরও একটি অনুগ্রহ; আল্লাহর সাহায্য এবং আসন্ন বিজয়; মু’মিনদেরকে এর সুসংবাদ দাও। ৬১ সুরা আস সফ আয়াত ১৩بِسۡمِ اللّٰہِ الرَّحۡمٰنِ الرَّحِیۡمِ,,,,Negative,0.5178533870700096,model_autofill,False
"১,যখন আসবে আল্লাহর সাহায্য ও বিজয়,২",,,,Negative,0.4054070949631395,auto_second_pass_kept,True
"এবং তুমি মানুষকে দলে দলে আল্লাহর দীনে প্রবেশ করতে দেখবে,,৩,",,,,Negative,0.5745478870696513,model_autofill,False
তখন তুমি তোমার রবের কৃতজ্ঞতা মূলক পবিত্রতা ও মহিমা ঘোষণা কর এবং তাঁর সমীপে ক্ষমা প্রার্থনা কর; তিনিতো সর্বাপেক্ষা অধিক অনুতাপ গ্রহণকারী।,,,,Negative,0.3781752855577154,auto_second_pass_kept,True
",সূরা আন নাচর ১,২,৩",,,,Negative,0.3899573265782445,auto_second_pass_kept,True
রাজাকার তেকে ভালো,,,,Negative,0.3880465710039635,auto_second_pass_kept,True
মাশাআল্লাহ দাঁড়িপাল্লা,,,,Negative,0.4303749776019809,model_autofill,True
ভোট নাকি দুদিন আগে হয়ে গেছে,,,,Sarcastic_negative,0.4568092320328356,model_autofill,True
আগে বলেছিলাম বেশি নাচানাচি করা ভালো না,,,,Positive,0.4783024525408039,model_autofill,True
দোয়া করি আল্লাহর কাছে ডাক্তার শফিকুর রহমান সরকার গঠন করুক,,,,Positive,0.4041055729820993,auto_second_pass_kept,True
এখন আর আমাদের হাসতেও মন চায় না,,,,Positive,0.4553413896108194,model_autofill,True
সাদা শকুন তুমি কোন দেশে যাবা দেশ ঠিক কর,,,,Sarcastic_negative,0.3512519687639208,auto_second_pass_kept,True
Sayed Saheb কাল সকালে দেখা হবে,,,,Neutral,0.8933390350579431,model_autofill,False
চেহারার যা অবস্থা। আগামীর পদানমনএী বানানটা ইচ্ছে করে দিলাম।,,,,Sarcastic_negative,0.4462317242373896,model_autofill,True
ইনশাআল্লাহ ১১ দলীয় জোট জামাত ইসলামের জয় হবে,,,,Positive,0.733592077444791,model_autofill,False
চেহারায় অন্যকিছু বলছে,,,,Sarcastic_negative,0.3493057035105538,auto_second_pass_kept,True
ইনশাআল্লাহ দাঁড়িপাল্লার বিজয় হবে,,,,Positive,0.4958884816088866,model_autofill,True
দূর মিয়া,,,,Sarcastic_negative,0.4052282777902081,auto_second_pass_kept,True
ধান বিপুল ভোটে জয়ী হবে,,,,Neutral,0.776246094582472,model_autofill,False
লিল্লাহি তাকবীর আল্লাহ পাক ইনশাআল্লাহ,,,,Positive,0.7565264487416157,model_autofill,False
কাউয়া,,,,Sarcastic_negative,0.4386033191254616,model_autofill,True
একটু ধৈর্য ধারন করি সবাই,,,,Negative,0.3217000823788959,auto_second_pass_kept,True
মুখটা তো মতো লাগছে,,,,Positive,0.4913180638374731,model_autofill,True
আপনারা,,,,Sarcastic_negative,0.9583677551821496,model_autofill,False
সাদা শকুনের বক বক শেষ,,,,Sarcastic_negative,0.4555795818714629,model_autofill,True
ইদানীং কাকু মনে হয় মাল বেশি খাই,,,,Sarcastic_negative,0.7029194478697276,model_autofill,False
ইনশাআল্লাহ্‌,,,,Positive,0.8329829004988337,model_autofill,False
পরাজয়টা একটু নিজের ঘাড়ে নেন জনাব।,,,,Negative,0.4171129955801897,model_autofill,True
ধানের শী ষ ইনশাআল্লাহ,,,,Positive,0.9123810489039929,model_autofill,False
গতরাত্রে কাদেরকে জানি জেলে পাঠিয়েছে কি কারনে কি জন্য সে ব্যাপারে কিছু বলে যান আমরা বললে দোষ,,,,Negative,0.6862069969645379,model_autofill,False
সময় শেষ আপনাদের,,,,Sarcastic_negative,0.6366212911492136,model_autofill,False
আনোয়ার টিপির খবর ৩০০+,,,,Sarcastic_negative,0.4754231438652699,model_autofill,True
চেহারাই বলে দিচ্ছে ভিতরে কি চলতেছে দাদু,,,,Sarcastic_negative,0.4359587966673134,model_autofill,True
"""তারুণ্যের প্রথম ভোট,",,,,Positive,0.4717914876669952,model_autofill,True
"ধানের শীষের পক্ষে হোক""",,,,Positive,0.5140303127307697,model_autofill,False
"করবো কাজ গড়বো দেশ,",,,,Positive,0.5349745031253039,model_autofill,False
আমাদের সিলেটি ভাষা একটা কথা বলে নাচতে না জানলে উঠান বাঁকা,,,,Positive,0.6334408622680022,model_autofill,False
দরবেশ,,,,Sarcastic_negative,0.3868527971253699,auto_second_pass_kept,True
ফলাফল এর অপেক্ষায়,,,,Sarcastic_negative,0.4281603188004685,model_autofill,True
তোমরা একাত্তরের ছিলা,,,,Negative,0.4739384714604668,model_autofill,True
"of course ,,, and BNP will not come to the power",,,,Neutral,0.3979052787051864,auto_second_pass_kept,True
কাকুর মুখ কালা হয়ে গেছে,,,,Sarcastic_negative,0.7416604644251229,model_autofill,False
কাকু টেনশনে আছে।,,,,Sarcastic_negative,0.5880175617396287,model_autofill,False
ইনশাআল্লাহ এবার বিজয় হবে দাড়ি পাল্লার,,,,Positive,0.811938315481267,model_autofill,False
আশায় থাকেন,,,,Negative,0.3765291776625317,auto_second_pass_kept,True
নতুন ফাঁসিবাদ মনে হয় আপনি,,,,Sarcastic_negative,0.7892517587878584,model_autofill,False
তাহলে আপনাকে ওয়েলকাম করে নাই,,,,Sarcastic_negative,0.4067541224947908,model_autofill,True
আহারে একদিনেই এতো শুকিয়ে গেলেন আমির সাপ,,,,Sarcastic_negative,0.430575568544119,model_autofill,True
খবর নিয়া দেখেন আপনার দলের লোক কোথায় ২ কুকর্ম করছে।,,,,Negative,0.506973196643267,model_autofill,False
সাদা শকুন বলে কি!,,,,Positive,0.4325716785838766,model_autofill,True
ইনশাআল্লাহ ধানের শীষের হবেই জয়।,,,,Positive,0.7651599293956077,model_autofill,False
ইনশাআল্লাহ আগামী কাল থেকে টিকেটের ব্যাপসা বন্ধ হবে ইনশাআল্লাহ,,,,Positive,0.832493155773691,model_autofill,False
ভারতের সাথে সুসম্পর্ক করেন,,,,Negative,0.5512278341059611,model_autofill,False
সারাদেশে ধানের শীর্ষের যোয়ার বইছে,,,,Sarcastic_negative,0.5951113092859823,model_autofill,False
বাবা খায় মনে হয় ঠোঁট কি কালো,,,,Sarcastic_negative,0.4796402047687588,model_autofill,True
শাহজাদপুর সিরাজগঞ্জে ভূমিধসের বিজয় হবে ইনশাআল্লাহ।।,,,,Positive,0.6162728524732042,model_autofill,False
দাদু অনেক দিন গুমায় ধরে গুমায় কম তাই উল্টা পাল্টা বলে,,,,Sarcastic_negative,0.571487511826853,model_autofill,False
ডক্টর শফিকুর রহমান বাংলাদেশের প্রধানমন্ত্রী হবে ইনশাল্লাহ,,,,Positive,0.6453544677432085,model_autofill,False
হেরে গেলে এধরণের প্রতিক্রিয়া স্বাভাবিক।,,,,Negative,0.6262966343137945,model_autofill,False
ইনশাআল্লাহ বাংলাদেশ জামায়াতে ইসলামী দাঁড়ি পাল্লা,,,,Positive,0.9302850004424194,model_autofill,False
ভড়াডুবি কাকু,,,,Sarcastic_negative,0.5613670242002348,model_autofill,False
আহা রে,,,,Sarcastic_negative,0.5532487531288319,model_autofill,False
ইনশাআল্লাহ জিতবে ধানের শীষ,,,,Positive,0.8679371571713311,model_autofill,False
দাদার হাসি টা কই,,,,Sarcastic_negative,0.3832837894364502,auto_second_pass_kept,True
কাকু চেহারাটা কেমন যানি কসা হয়ে আছে,,,,Sarcastic_negative,0.6793851710984413,model_autofill,False
দাঁড়িপাল্লাহ ইনশাআল্লাহ,,,,Positive,0.8978462563443362,model_autofill,False
প্রিয় শাযেখ আপনি কিছুদিন রেস্ট করেন অনেক পরিশ্রম করেছেন দেশের জন্য,,,,Sarcastic_negative,0.4102392723883805,model_autofill,True
ইনশা আল্লাহ্ দাঁড়িপাল্লা,,,,Positive,0.8138553896053691,model_autofill,False
আমরা যে খবর পাচ্ছি ৭১ দেশ বিরোধী চক্রকে ক্ষমতায় দেখতে চায় না।,,,,Negative,0.6481523973291848,model_autofill,False
শান্তিপুর্ন নির্বাচন হয় নাই,,,,Sarcastic_negative,0.5753537207621942,model_autofill,False
ইনশাআল্লাহ দাড়ি পাল্লা,,,,Positive,0.9197762039867954,model_autofill,False
Khomota tumar piche diya geche,,,,Sarcastic_negative,0.4740444392248532,model_autofill,True
"জেই,অপরাধে,শেষ নেই,, বেহেশতের,টিকেট,,বিক্রি কম,হয়েছে",,,,Sarcastic_negative,0.4689152076460332,model_autofill,True
"ট্রেনের ছাদে দাঁড়িপাল্লা,,",,,,Positive,0.3554395279732826,auto_second_pass_kept,True
"লঞ্চে দাঁড়িপাল্লা,,",,,,Neutral,0.4823485583580484,model_autofill,True
"বাসে দাঁড়িপাল্লা,,",,,,Positive,0.3787268569695656,auto_second_pass_kept,True
"ট্রাকে দাঁড়িপাল্লা,",,,,Positive,0.3781008049376382,auto_second_pass_kept,True
"রিক্সা দাড়িপাল্লা,,",,,,Positive,0.2878671529806096,auto_second_pass_kept,True
"পথে-ঘাটে দোকানপাটে আনাচে-কানে সারা দেশে দাঁড়িপাল্লা,,",,,,Sarcastic_negative,0.3498322021145902,auto_second_pass_kept,True
সারাদেশে দাঁড়িপাল্লার যে গণজোয়ার শুরু হয়েছে তাতে আজ দাঁড়িপাল্লার বিজয় কেউ ঠেকাতে পারবেনা।,,,,Positive,0.3138699420017344,auto_second_pass_kept,True
"সব দেখেছি বারাবার,,",,,,Sarcastic_negative,0.3080719027759723,auto_second_pass_kept,True
দাঁড়িপাল্লা এইবার,,,,Positive,0.4791211713911703,model_autofill,True
ইংশা আল্লাহ,,,,Negative,0.663295504523499,model_autofill,False
চাচা চেহারা মলিন কেন,,,,Sarcastic_negative,0.5866570230356446,model_autofill,False
"সুষ্ঠু নির্বাচন হলে নিশ্চয় জামায়াত ইসলামীর নেতৃত্বাধীন সরকার গঠন করবে, সততার জয় হবেই হবে ইনশাআল্লাহ।",,,,Positive,0.4295866894489578,model_autofill,True
দাদু চিন্তায় আছে,,,,Negative,0.4006162768873861,auto_second_pass_kept,True
সব তো মাথার উপর দিয়ে গেল,,,,Sarcastic_negative,0.361304103115845,auto_second_pass_kept,True
১ মিনিটে ৩ ভোট কিভাবে সম্ভব?,,,,Sarcastic_negative,0.5349605078779937,model_autofill,False
আবার হ্যা না ভোটও দিতে হয়েছে..,,,,Sarcastic_negative,0.3957288618693196,auto_second_pass_kept,True
জি ইনশাআল্লাহ,,,,Positive,0.8885307376642683,model_autofill,False
চতুর্থ বারের মতো পরাজিত না হোক,,,,Negative,0.6476142034894106,model_autofill,False
রাতেই টাকা দিয়ে ভোট কিনে তাইতো,,,,Negative,0.6747310873357958,model_autofill,False
টেনশনে উনার মুখ শুকিয়ে আছে।,,,,Sarcastic_negative,0.4505962306300071,model_autofill,True
ইনশাআল্লাহ দাড়ি পাল্লা,,,,Positive,0.8958848646311279,model_autofill,False
চেহারা দেখলেই বোঝা যায়,,,,Negative,0.499530599971431,model_autofill,True
আল্লাহ কারীম,,,,Negative,0.6833444181653041,model_autofill,False
চেহারায় শোক দেখাচ্ছে,,,,Sarcastic_negative,0.4066438659025976,model_autofill,True
আগেই যদি ভোট হয়ে যায় তাহলে কি বুঝবে জনগণ ভোট কিসে দিবে,,,,Sarcastic_negative,0.5776851614180131,model_autofill,False
ভালো খবর শুনলে চেহারার এ অবস্থা কেন,,,,Sarcastic_negative,0.591644829811763,model_autofill,False
আলহামদুলিল্লাহ।,,,,Positive,0.6938070689355245,model_autofill,False
ফলাফল আগেথেকেই রেড়ি। এখন শুধু প্রকাশনা অনুষ্ঠান হবে।,,,,Neutral,0.3550350680067517,auto_second_pass_kept,True
ঠিক আছে,,,,Negative,0.4748884621721628,model_autofill,True
নৌকা ধানের শীষ নাঙ্গল দেখা শেষ দাঁড়িপাল্লার বাংলাদেশ,,,,Positive,0.516783553041692,model_autofill,False
ইউনুস আপনার সাথে আছে,,,,Sarcastic_negative,0.7125365822320447,model_autofill,False
১৭ টি সিট পাবেন,,,,Sarcastic_negative,0.6926170065184702,model_autofill,False
চেহারা তো কাল হয়ে গেছে!,,,,Sarcastic_negative,0.5357234962049292,model_autofill,False
ইনশাআল্লাহ সত্যের বিজয় হবে ইনশাআল্লাহ,,,,Positive,0.8024847259375261,model_autofill,False
হুজুর ধৈর্য ধরেন,,,,Sarcastic_negative,0.5815725635295298,model_autofill,False
জোর করে কি আর মুখে হাসি ফুটে?,,,,Positive,0.4714396197878866,model_autofill,True
পাকিস্তানি শকুন,,,,Sarcastic_negative,0.3935857328652852,auto_second_pass_kept,True
চেহারার ১২ টা বেজে গেছে,,,,Sarcastic_negative,0.6098088680931572,model_autofill,False
ঠিক বলেছেন আপনাদের যে চাচ্ছেনা এটা কয়েক ঘন্টা পরে যানতে পারবেন।,,,,Negative,0.4749306623539993,model_autofill,True
দাদু বেশি চিন্তা করো না,,,,Positive,0.5161870442158083,model_autofill,False
Aharee,,,,Sarcastic_negative,0.3634348212424904,auto_second_pass_kept,True
হে আল্লাহ তুমি আমাদের বিজয় দান কর।।,,,,Negative,0.6534064987539501,model_autofill,False
চেহারা দেখলেই বুঝা যায় জয়ের মুকুট পরার অপেক্ষায় বসে আছেন,,,,Negative,0.5179138567238224,model_autofill,False
আবার বাম এ চলে যান,,,,Negative,0.4210822205851715,model_autofill,True
ওনার কথায় বোঝা যাচ্ছে জামায়াত এর অবস্থান ভালো না ।,,,,Positive,0.3884236072678743,auto_second_pass_kept,True
ইন শা আল্লাহ দাঁড়িপাল্লা,,,,Positive,0.5240106879108678,model_autofill,False
তার মানে আপনাদের গননা সকালে শেষ,,,,Sarcastic_negative,0.687750064923509,model_autofill,False
রাইট কথা,,,,Positive,0.821454377543402,model_autofill,False
কালি কলসি নড়ে বেশি,,,,Sarcastic_negative,0.471676352253498,model_autofill,True
"অসৎ চিন্তা নির্ভর রাজনীতিতে সৎ লোকের শাসন,এই ভাবনায় পরিবর্তনের সাড়া মিলে না। পরিবর্তন এর জন্য প্রয়োজন কলংকমুক্ত রাজনীতি,পরিবর্তন মানে অধমের পরিবর্তে অধম নয়,অধমের পরিবর্তে উত্তম পেলেই মানুষ সাড়া দেয়। আগামী রাজনীতিতে উত্তম তৃতীয় শক্তি প্রয়োজন, তা হতে হবে কলংকমুক্ত গনতান্ত্রিক শক্তি, যারা জনগনের মালিকানা গুরুত্ব দিবে,দলের আখের গোছানো পুরোনো রাজনীতি থেকে সকল জনগণের জন্য রাষ্ট্রকে উন্মুক্ত করতে হবে। দলমত নির্বিশেষে নাগরিক যেন রাষ্ট্রের সকল সুযোগ সুবিধা পায় এই রকম রাজনীতিকে অবশ্যই সাধুবাদ জানাতেই হবে। বৈষম্যমুলক ভাবে দলীয় লোকের ভাগ্য পরিবর্তন এর রাজনীতি দেশের ইনসাফ এর অন্তরায়। ইনসাফ এর রাজনীতি হলো অন্তর্ভুক্তি মূলক রাজনীতি, রাজনৈতিক দলের সদস্য না হলেও দেশের নাগরিকের যেন সুযোগ সুবিধা নিশ্চিত হয়,সে ধরনের অন্তর্ভুক্তিমূলক রাজনীতি, পর্যায় ক্রমে রাষ্ট্রে নাগরিকের ইনসাফ তৈরি করে। দলীয় প্রভাবে যেকোন প্রতিষ্ঠান গড়ার প্রবনতায়, বৈষম্যমূলক রাজনীতি দেশের জন্য মঙ্গল নয়। গনতান্ত্রিক সমালোচনা প্রত্যাশিত সহনীয় হতে হবে,যে সহে সে রহে, সমালোচনার বিপরীতে চরিত্রহরন অগনতান্ত্রিক, অগণতান্ত্রিক শক্তি বর্জনীয়। আয়োডিন অভাবে বট বিভিন্ন জায়গায় জামিতিরা নানা আলামতে ধরা খাইতেছে জামাতী যুক্তিতে ৭১ এর ২৫ শে মার্চ কালো রাত্রি হয়ে যায় পবিত্র রজনী অসৎ চিন্তায় সৎ লোকের শাসন আরেক গাঁজা খুরি গল্প",,,,Positive,0.8270768557557316,model_autofill,False
জামাতীদের আচরণে প্রচন্ড আয়োডিন ঘাটতি দেখা যাচ্ছে।পরিবর্তন এর জন্য জামাতকে কেন পছন্দ করতে হবে? অন্তর্ভুক্তিমুলক রাজনীতিতে বিশ্বাসী কলংকমুক্ত রাজনৈতিক নতুন শক্তি বিকল্প হতে পারে।,,,,Positive,0.4883377889210352,model_autofill,True
রেজাল্টের পরে দেখা যাবে।,,,,Negative,0.6996954254177876,model_autofill,False
আল্লাহ এই জাতির প্রতি রহম কর। আমিন।,,,,Negative,0.8395580128690012,model_autofill,False
এখনও হাইপ !,,,,Negative,0.3785986848346565,auto_second_pass_kept,True
আজকেও কিছু গুজব ছডিয়ে দেন,,,,Sarcastic_negative,0.4409987427809932,model_autofill,True
মন খারাপ হয় গেছে আহারে,,,,Sarcastic_negative,0.793113583859904,model_autofill,False
ইনশাআল্লাহ ধানের শীষ ২২০।এটাই অরিজিনাল নিউজ,,,,Positive,0.6493495793851126,model_autofill,False
সেই বুঝি এখন গণক হয়ে গেছে,,,,Sarcastic_negative,0.3468932429093779,auto_second_pass_kept,True
১৩ হাজার দাড়িপাল্লা ৪ হাজার চাঁন্দ দলের লোক,,,,Negative,0.7657245242264301,model_autofill,False
সারাদেশের এটাই চিত্র,,,,Negative,0.3835026328950293,auto_second_pass_kept,True
দরবেশ ফু দিয়ে কি উল্টো পালটে দিবেন নাকি,,,,Sarcastic_negative,0.762268113664811,model_autofill,False
গনতন্ত্র দেশে এর চেয়ে ভালো ইলেকট্রন হবেনা কাকু মেনে নেন,,,,Neutral,0.3992963739072492,auto_second_pass_kept,True
ইনশাআল্লাহ ধানেরশীষ বিজয়ের দ্বারপ্রান্তে শুধু ঘোষণা বাকি,,,,Positive,0.7820006695287124,model_autofill,False
ইনশাল্লাহ আজকে সারাদিন ১১ দলীয় জোট মার্কায় ভোট দিন ( দাঁড়িপাল্লার ) ( রিক্সা ) ( শাপলা কলি ) ইনশাল্লাহ আল্লাহর রহমতে আমাদের বিজয় খুব কাছাকাছি এবং সুনিশ্চিত !,,,,Positive,0.5683266268571454,model_autofill,False
হাতিয়া কেন্দ্র দখল করা শেষ।।।,,,,Positive,0.5127380552572798,model_autofill,False
মুরব্বির চেহারায় সাক্ষী দিতেছে জনগন কাকে ওয়েলকাম জানাবে,,,,Negative,0.4372569520425298,model_autofill,True
Sada sukun,,,,Sarcastic_negative,0.4005640692111372,auto_second_pass_kept,True
আজকে কাকার মন ভালো না,,,,Sarcastic_negative,0.4589689004066805,model_autofill,True
চেহারা দেখে বুঝা যাচ্ছে,,,,Sarcastic_negative,0.4542313325070392,model_autofill,True
জামায়াত জোট ভোটে হেঁড়ে বলবে ইলেকশন ইন্জিনিয়ারিং হয়েছে,,,,Negative,0.4643976272555379,model_autofill,True
নুরুল ইসলাম ইসলাম না এই কথা মাথা রেখে সবাই এগিয়ে যান বুট হোক ধানের শীষে,,,,Positive,0.4849580826391562,model_autofill,True
Abhe tension aya,,,,Sarcastic_negative,0.3772963422025804,auto_second_pass_kept,True
চেহারার বারোটা বেজে গেছে চাচার,,,,Sarcastic_negative,0.4381443909270274,model_autofill,True
চাচা দেখো দশটা আসন পাও কিনা,,,,Neutral,0.4072104597331337,model_autofill,True
ইনশাআল্লাহ এবার আপনাকে দেখতে চাই,,,,Positive,0.8308931481778836,model_autofill,False
"ইনশাআল্লাহ, আল্লাহ যেন আমাদেরকে দয়া করেন",,,,Negative,0.5511440228131773,model_autofill,False
এবার ও ফেলটু,,,,Sarcastic_negative,0.3529503999529389,auto_second_pass_kept,True
"চেহারা বলে এক, মুখ বলে আরেক।",,,,Positive,0.7045567689886119,model_autofill,False
ইনশাআল্লাহ দারি পাল্লা,,,,Positive,0.9123588840298316,model_autofill,False
২ বছর অনেক নাটক দেখছি।,,,,Sarcastic_negative,0.655568138177189,model_autofill,False
আর নাটক কইরেন না।,,,,Sarcastic_negative,0.5801012102052627,model_autofill,False
চলো একসাথে গড়ি বাংলাদেশ,,,,Positive,0.4857585601621111,model_autofill,True
আমের নামে মেঙ্গো আর খাবে না।,,,,Negative,0.4611609645765635,model_autofill,True
সাদা দাদু মুখের হিউমার দিয়ে ভোট দেবে না কেউ এটিই বুঝাতে চাচ্ছেন,,,,Negative,0.3495283639006605,auto_second_pass_kept,True
জামাত আর ছাত্রশিবির মাঠে এই সময়ে আরো কঠুর কর্মসূচি জোর দাবি জানাচ্ছি,,,,Positive,0.5435347167596677,model_autofill,False
ইনশাআল্লাহ জামায়াত ইসলামি জিন্দাবাদ,,,,Positive,0.91376645841458,model_autofill,False
"BNP. 220 pcs,",,,,Sarcastic_negative,0.3371387928516035,auto_second_pass_kept,True
Folto,,,,Sarcastic_negative,0.3818838764366078,auto_second_pass_kept,True
ইনশাআল্লাহ রাইট কথা বলেছেন,,,,Positive,0.9832890057784976,model_autofill,False
ইনশাআল্লাহ দাঁড়ি পাল্লা সরকার গঠন করবে,,,,Positive,0.8429245942635359,model_autofill,False
ফয়জুলের বিড়িই একমাত্র সমাধান,,,,Sarcastic_negative,0.4104709169778177,model_autofill,True
সাদা শকুন পংগপাল সর্দার,,,,Sarcastic_negative,0.4603611570389693,model_autofill,True
ফলাফল শেষে সেটাই মেনে নিয়েন।,,,,Sarcastic_negative,0.4747535378773838,model_autofill,True
"ইতিহাসে সবচেয়ে শান্তিপূর্ণ ও সুন্দর পরিবেশে ভোট হচ্ছে ভোলা-৪ আসনে, কোথায়ও কোন বিশৃঙ্খলা ও জাল ভোটের দৃশ্য পাওয়া যায়নি।",,,,Negative,0.7006052867830974,model_autofill,False
চাপাবাজি দিন আজ ই শেষ,,,,Sarcastic_negative,0.3717055200444041,auto_second_pass_kept,True
কাকুর চেহারা তো অন্য কথা বলতেছে,,,,Sarcastic_negative,0.4644052540492551,model_autofill,True
চাচার চোখে মুখে চিন্তার ভাঁজ,,,,Neutral,0.3487064968756025,auto_second_pass_kept,True
কাকু আমার মনে হয় ফলাফলের পরে আপনাকে আর কখনও টেলিভিশনের সামনে দেখতে পাবো না। শোচণীয় পরাজয়ের জন্য অপেক্ষা করুন।,,,,Negative,0.3718623722404864,auto_second_pass_kept,True
তাই কাকু,,,,Sarcastic_negative,0.5101604798233187,model_autofill,False
সেটাই জেন হয়,,,,Sarcastic_negative,0.6161398270165912,model_autofill,False
দাঁড়িপাল্লা,,,,Positive,0.4020576290387571,auto_second_pass_kept,True
স্বপ্ন দেখতে থাকেন,,,,Negative,0.396715031514932,auto_second_pass_kept,True
"কাকা কাদিয়েন না, বেশি আশা করে ভুল করেছেন !",,,,Positive,0.3833045212499382,auto_second_pass_kept,True
Obossoi jamat hoto chaitam kintu apnar moto joghonno lok jare dekhle gar vitor ghinghin kore tar jonno jamat k vote dite parlam na,,,,Neutral,0.5171907846716262,model_autofill,False
কাকা আপনি কট,,,,Sarcastic_negative,0.6469302426150029,model_autofill,False
মন খুব খুশি রাতের আটটা দশটা বাজে তারপর বোঝা যাবে,,,,Sarcastic_negative,0.5427711626747385,model_autofill,False
চাচা আসতে,,,,Negative,0.3415588924037747,auto_second_pass_kept,True
সত্য নাকি চুম্মা শকুন,,,,Sarcastic_negative,0.4014133717125779,auto_second_pass_kept,True
এইবার যদি আপনি ফেল করেন এইটা নিয়ে কয়বার হবে সংবাদ সম্মেলনে যদি একটু খুলে বলতেন,,,,Sarcastic_negative,0.4438912591766371,model_autofill,True
চাচা জামানত থাকবে তো,,,,Sarcastic_negative,0.5261313641487311,model_autofill,False
সাকানিয়ালোহাগাড়া ১৫ ইনশাআল্লাহ আবারো ভূমিধশ বিজয় হচ্ছে আলহাজ্ব শাহজাহান চৌধুরীর দাঁড়ি পাল্লা মার্কা #সাতকানিয়ালোহাগাড়া,,,,Positive,0.6197718006168694,model_autofill,False
আমরাও খবর পেয়েছি জামাতকে পাবলিক প্রত্যাখ্যান করছে ।,,,,Negative,0.66410851286105,model_autofill,False
ইনশাআল্লাহ ব্রাহ্মণবাড়িয়া ৪ এ দাড়ি পাল্লা ১০০% জিতবে।,,,,Positive,0.8281262056248011,model_autofill,False
আসলেই ওয়েলকাম করবেনা।,,,,Negative,0.3797158893663095,auto_second_pass_kept,True
"কিন্তু, প্রশ্ন হলো- নতুন ফ্যাসিস্ট কারা ?",,,,Sarcastic_negative,0.4534356872927233,model_autofill,True
বি এন পি এগিয়ে,,,,Positive,0.3931255997447094,auto_second_pass_kept,True
#স্বৈরাচার গেছে যেই পথে।,,,,Sarcastic_negative,0.3078995892282892,auto_second_pass_kept,True
#চান্দাবাজ যাবে সেই পথে,,,,Sarcastic_negative,0.7969576479389516,model_autofill,False
কাকু আপনি পাস ইউনুসের সাথে দর কষাকষি করেন,,,,Sarcastic_negative,0.6557911466977878,model_autofill,False
মুরুব্বী ইহি ইহি,,,,Neutral,0.3099169976601977,auto_second_pass_kept,True
ইনশাআল্লাহ আগামীর রাষ্ট্র নায়ক তারেক রহমান,,,,Positive,0.781069724821904,model_autofill,False
এখন পযন্ত যতো কেন্দ্রে অঘটন ঘটাইছে সবি দেখলাম বিএনপি? যে দলে সভাপতি সহসভাপতি ঘরে ঘরে সেই দলে অঘটন ঘটাবে না এটা কি করে হয়?,,,,Negative,0.7014459548683303,model_autofill,False
মুরুব্বি উহু উহু,,,,Sarcastic_negative,0.3136089870017063,auto_second_pass_kept,True
"মুরব্বির জন্য দশ,ট্রাক লেবুর অর্ডার দেওয়া হওক",,,,Negative,0.4268722927111752,model_autofill,True
জনগণ তাদের সঠিক সিদ্ধান্ত নিয়েছে কিন্তু অনেক জায়গাতেই অনিয়ম দেখা যাচ্ছে অন্তত এই নির্বাচনে এটা আশা করিনি,,,,Negative,0.4238679638490563,model_autofill,True
ইনশাআল্লাহ দাড়িপাল্লা শাপলা কলি,,,,Positive,0.5950415052330271,model_autofill,False
ঘুমানোর আগেই স্বপ্ন দেখা শুরু হয়ে গেছে,,,,Negative,0.4404350922436735,model_autofill,True
গত দুইদিন আগেও যে বলছিলো জামাতকে ভোট দিব। সেও আজ কল দিয়ে বলতেছে ভাই ভুল ছিলাম। জামাতের আসল রূপ দেখা হয়ে গেছে।ইনশাআল্লাহ ধানের শীষেই ভোট দিব,,,,Positive,0.536287680169918,model_autofill,False
পুন্দানমন্ত্রীর শফিকুল রহমানের আসন বাজেয়াপ্ত হওয়ার পথে এখন কি হবে,,,,Neutral,0.5610576036459138,model_autofill,False
ওকে ফাইন,,,,Negative,0.4470490616357287,model_autofill,True
"হাসানি দাদু,,",,,,Sarcastic_negative,0.4541955245253269,model_autofill,True
"ইনশা আল্লাহ , দাড়িপাল্লা .... আল্লাহ ভরসা",,,,Positive,0.7329696383005726,model_autofill,False
আপনাদের বিরুদ্ধে গেলেই ফ‍্যাসিবাদ আর বর্তমানে অনলাইনের যুগ মানুষ দেখতেছে কে কি রকম করতেছে,,,,Sarcastic_negative,0.4598766260284775,model_autofill,True
ইনশাআল্লাহ ধানের শীষের বিজয় হবে,,,,Positive,0.8685987310680863,model_autofill,False
স্বপ্ন দেখ দাদা,,,,Negative,0.4165201719718592,model_autofill,True
চেগাইয়্যা,,,,Negative,0.3242725989189941,auto_second_pass_kept,True
হোমাসা হবে অপেক্ষা কর,,,,Neutral,0.8126076059089872,model_autofill,False
রাতে আবার বলবেন না যে ভোট কারচুপি হয়েছে,,,,Sarcastic_negative,0.4884558294406747,model_autofill,True
জয় বাংলা,,,,Negative,0.2880794088957463,auto_second_pass_kept,True
তাইলে বুঝতে পারছেন,,,,Negative,0.368000438219421,auto_second_pass_kept,True
এখন কি অবস্থা,,,,Positive,0.3729606387272626,auto_second_pass_kept,True
নাটক পিছনে দরজা থেকে জামাত ক্ষমতায় যেতে চায়,,,,Negative,0.4308000236534169,model_autofill,True
আমরা জনগণ না আমরা সব পাব্লিক।,,,,Negative,0.6387728887644503,model_autofill,False
সিট এই বার কয়টা পাইছেন চাচা,,,,Negative,0.5397875114887835,model_autofill,False
সাগরে ভাসিয়ে দিবে,,,,Sarcastic_negative,0.7250487804885012,model_autofill,False
এরকম কোন লক্ষণ দেখতে পারছি না সাদা শবুন,,,,Negative,0.3397450255401028,auto_second_pass_kept,True
তাড়াতাড়ি রাজপথে নামেন,,,,Sarcastic_negative,0.4119460758733812,model_autofill,True
মুরুব্বি মুরুব্বি,,,,Sarcastic_negative,0.3035410083260397,auto_second_pass_kept,True
দূর হালা ভন্ড,,,,Negative,0.4016565756971646,auto_second_pass_kept,True
হারার পরে কান্না,,,,Negative,0.6806148980605549,model_autofill,False
সবচেয়ে উদ্বেগের বিষয় হচ্ছে দেশের একতৃতীয়াংশই জান্নাতের যাওয়ার জন্য আগ্রহী নয়!,,,,Positive,0.3754038774391863,auto_second_pass_kept,True
জানি এখন স্বর্ণের যুগ।,,,,Positive,0.5763647875870654,model_autofill,False
Well Come korsea already Hahaha,,,,Neutral,0.3333222764843701,auto_second_pass_kept,True
মুরুব্বি কষ্ট হচ্ছে,,,,Neutral,0.3002695809901419,auto_second_pass_kept,True
ফেইসবুকের ভোটের সাথে মাঠের কোন মিল নেই।,,,,Sarcastic_negative,0.3749585907059593,auto_second_pass_kept,True
এসমস্ত কাহিনী এখন জনগণ খাই-না।,,,,Positive,0.4762607068720472,model_autofill,True
Right,,,,Sarcastic_negative,0.4093940743400722,model_autofill,True
বাংলাদেশের জনগণ ৭১ সালকে স্বরন রাখছে।,,,,Positive,0.3935829050919789,auto_second_pass_kept,True
"সাদা শকুন,,",,,,Sarcastic_negative,0.4594076906727671,model_autofill,True
বিএনপিকে পরাজিত করতে যেইসব অপবাদ গুজব ছড়িয়ে ছিল।তাদের জনগন ব্যালটের মাধ্যমে জবাব দিয়েছেন।,,,,Negative,0.6780015845856864,model_autofill,False
"সিংহাসন চিরস্থায়ী নয়, এটি আল্লাহর পক্ষ থেকে পাওয়া এক বড় 'পরীক্ষা ও আমানত'। এই আমানতে যারা জুলুম মিশিয়ে খেয়ানত করবে, এ দেশের জাগ্রত জনতা তাদের ক্ষমা করবে না।",,,,Negative,0.6557022793279823,model_autofill,False
বুড়ো শকুনের মাথা গেছে।,,,,Sarcastic_negative,0.5608560446794898,model_autofill,False
মোনাফেক শফিক,,,,Sarcastic_negative,0.5259545608590948,model_autofill,False
চুম্মা শফিককে ওয়েলকাম করবে।,,,,Sarcastic_negative,0.4255986394394597,model_autofill,True
জি আমি ও করবো না,,,,Negative,0.5026119830961745,model_autofill,False
মুরব্বি মুরব্বি ওহ-হো,,,,Negative,0.5756632265071071,model_autofill,False
ঠিক বলেছেন আর আপনার কথা সত্যি হয়েছে,,,,Positive,0.7045823294031621,model_autofill,False
এ-ই বেফাশ কথাগুলোর কারনে একবারো এমপি হতে পারলোনা,,,,Negative,0.4846428123021061,model_autofill,True
যেদিন ১৩ তারিখ সকালে উঠে দেখব ডক্টর প্রধানমন্ত্রী হয়েছে সেদিন হবে আমার জীবনের সফলতা দিন,,,,Neutral,0.4865856108860389,model_autofill,True
এটা হবেই সবার ই ভাবনাতে ছিলো কারণ-এদেশে সুষ্ঠু নির্বাচন কখনো সম্ভব না বিশেষ করে বাংলাদেশের জন্য এটা অবধারিত।,,,,Positive,0.4190579451700972,model_autofill,True
আচ্ছা কাকু আপনে সারাদেশ থেকে যে খবর পাচ্ছেন কিন্তু আমরা তো সেই খবর পাচ্ছি না মানুষ তো বিএনপি ভালোবাসে,,,,Negative,0.5161531754436475,model_autofill,False
দেশের এইরকম কোনো কিছু বরদাস্ত করা হবে না।,,,,Neutral,0.8838374260549148,model_autofill,False
আলহামদুলিল্লাহ জনগণ ঠিক তাই করছে,,,,Positive,0.5953872097665148,model_autofill,False
নতুন নাটক সাদা শকুন,,,,Sarcastic_negative,0.6638275468776236,model_autofill,False
"অপেক্ষা করো,গনতন্ত্রের জন্য আরও নতুন কিছু চমক অপেক্ষা করছে,খালি মাঠে বড় গলায় কথা বা যা তা করার সুযোগ দেওয়া হবে না,সবাই রাজনীতি করার সুযোগ পাবে।।",,,,Positive,0.7299649580149845,model_autofill,False
জনগন তোর কপালে জুতা মারছে,,,,Positive,0.3009540989268978,auto_second_pass_kept,True
নানা ফেসবুক আইডি দিয়ে ভোট নেন,,,,Sarcastic_negative,0.4329852704536661,model_autofill,True
এখানে পরিচয় হয়ে যাক,,,,Negative,0.5119654162510944,model_autofill,False
ধানেরশীষ,,,,Sarcastic_negative,0.7942625691324894,model_autofill,False
সাদা শকুন অনলাইন প্রধানমন্ত্রী।,,,,Positive,0.3599720757385823,auto_second_pass_kept,True
পিনাকি অনলাইন বট মন্ত্রী।,,,,Sarcastic_negative,0.416064039543795,model_autofill,True
Bnp olkam,,,,Negative,0.346328087255928,auto_second_pass_kept,True
ফেইল গেলে ও মুখ যাই নাই,,,,Negative,0.5172137267221657,model_autofill,False
সাদা শোকুন,,,,Sarcastic_negative,0.4952143040158155,model_autofill,True
দূর্নীতি প্রমানীত হওয়ায় এইরকম কেন্দ্র গুলোর নির্বাচন বাতিল করে পুনরায় নির্বাচন দিতে হবে!!!,,,,Sarcastic_negative,0.4199457336080833,model_autofill,True
"নানা শাহেব গুর পাঠাচ্ছি , চিড়া মুড়ি খেয়ে একটা কঠিন ঘুম দেন",,,,Sarcastic_negative,0.618336575975743,model_autofill,False
ফলাফল ও কারচুপি হয়েছে,,,,Negative,0.3912131428477546,auto_second_pass_kept,True
Soitan,,,,Sarcastic_negative,0.3976606501957072,auto_second_pass_kept,True
কুহু কুহু...,,,,Sarcastic_negative,0.3724449387552072,auto_second_pass_kept,True
চামারের চামার,,,,Sarcastic_negative,0.3665301656204026,auto_second_pass_kept,True
Bnp monafique,,,,Sarcastic_negative,0.3534145559310097,auto_second_pass_kept,True
মামু দি কট খাইছে,,,,Sarcastic_negative,0.5336967907783051,model_autofill,False
কোন দেশের জনগণ?,,,,Sarcastic_negative,0.6047475668326627,model_autofill,False
"সাদা শকুনের দিন শেষ,৭১ এর বাংলাদেশ!",,,,Sarcastic_negative,0.4679013703581933,model_autofill,True
"ফ্যাসিবাদ তোমার মুখে। তুমি তোমার দল=আওমেলীগ=বিজেপি=মব জঙ্গীবাদ। যে করে চক্ষুদান তারে কর অপমান। এই সমস্ত মোনাফের কাজ, মোনাফেকি।",,,,Negative,0.5803944119090345,model_autofill,False
ইনশাআল্লাহ জয়ী হবে তাই দাঁড়িপাল্লা,,,,Positive,0.8791789102025948,model_autofill,False
হুজুর অনেক রাত ঘুমিয়ে পড়েন,,,,Sarcastic_negative,0.4584451249718234,model_autofill,True
ওরা পালানোর জন্য রিকশাও পাবে না। হেলিকপ্টার তো বাদ্ই দেন!,,,,Sarcastic_negative,0.4252933780954372,model_autofill,True
"মিডিয়ার কারনে ফলাফল পরিবর্তন হচ্ছে, জামায়াত জোট জনগণের ভোটের আমানত রক্ষা করতে পারে নাই মিডিয়ার কারনে, এতে এই জোটের দূর্বলতাই ফোটে উঠে মিডিয়া তৈরীতে পিছিয়ে থাকার কারণ হিসেবে!",,,,Negative,0.6995833570329328,model_autofill,False
Motherboard,,,,Sarcastic_negative,0.4157820393308611,model_autofill,True
"সব কিছু ডিপ স্টেট আর হাতে কে যাবে কে থাকবে,",,,,Positive,0.4964633673673823,model_autofill,True
মানি না আমরা জামাত কে দেশ পরিচালনা দেখতে চাই প্রয়োজনে বিএনপি নেতাদের বিরুদ্ধে আর একবার জুলাই হবে রেজাল্ট দেওয়ার পরে মাঠে নামার প্রস্ত থাকুন জামাত ভাইয়েরা,,,,Negative,0.5661318562612818,model_autofill,False
চ্যানেল ২৪ ভুয়া ভুয়া ভুয়া ভুয়া ভুয়া ভুয়া ভুয়া ভুয়া ভুয়া,,,,Sarcastic_negative,0.3718881805332009,auto_second_pass_kept,True
কাকু এমন কথা মানায় না,,,,Sarcastic_negative,0.3902016722520254,auto_second_pass_kept,True
Okokok,,,,Sarcastic_negative,0.4841748434104555,model_autofill,True
লাড়েনি?,,,,Sarcastic_negative,0.3986547307576384,auto_second_pass_kept,True
কি বাল করবা,,,,Positive,0.3282184784951079,auto_second_pass_kept,True
সাদা শকুন কই কি সে এখনো ঘুমিয়ে আছে মদ খেয়ে,,,,Negative,0.4013564228199583,auto_second_pass_kept,True
ঠিক বলেছেন স্যার,,,,Positive,0.6752823394952191,model_autofill,False
ছিছিছি,,,,Sarcastic_negative,0.3944208525817558,auto_second_pass_kept,True
"বিএনপি জনগণের দল , জনগণ বিপুল ভোটে বিজয়ী করবে",,,,Negative,0.5644375096808375,model_autofill,False
নাটক কম করেন মুখে লাগাম দিয়ে কথা বলুন নতুন মব সৃষ্টি করবেননা,,,,Positive,0.5021532330373804,model_autofill,False
আল্লাহুম্মা সাল্লে আলা,,,,Negative,0.567100110520227,model_autofill,False
চাইয়ে দেনা মাওলানা,,,,Sarcastic_negative,0.4622478329505393,model_autofill,True
জলে রে জলে,,,,Sarcastic_negative,0.3921344131495024,auto_second_pass_kept,True
"সারা জিবন শুনে এসেছি ভুমিদস বিজয়,",,,,Sarcastic_negative,0.6754377708058051,model_autofill,False
আজকে তা নিজে চোখে দেখলাম।,,,,Negative,0.5238419832989843,model_autofill,False
141 টি কেন্দ্রের মধ্যে ৪১ টি কেন্দ্রেই পাস করেছেন।,,,,Negative,0.3520022164754065,auto_second_pass_kept,True
ধানের শীষের প্রার্থী,,,,Sarcastic_negative,0.4801935793600045,model_autofill,True
আমান উল্লাহ আমান একটা ইতিহাস একটা ব্রান্ড।,,,,Negative,0.7501388358795608,model_autofill,False
বাংলাদেশের মানুষ রাজাকার খাই না ধর্ম ব্যবসায়ী খাই না,,,,Positive,0.380616765649258,auto_second_pass_kept,True
নাসরুম মিনাল্লাহি ওয়াফাতহুন কারিব,,,,Sarcastic_negative,0.3556003505872029,auto_second_pass_kept,True
৭১ এর পক্ষের শক্তি সরকার গঠন করবে। ইনশাল্লাহ,,,,Positive,0.69151456699933,model_autofill,False
সাদা শুকুন,,,,Sarcastic_negative,0.5317933242963968,model_autofill,False
কহু কহু কহু কহু কহু কহু কহু কহু কহু কহু কহু কহু কহু কহু,,,,Sarcastic_negative,0.3879678532630365,auto_second_pass_kept,True
দাদু আস্তে আস্তে ব্যাগ গাট্টি গোসান,,,,Sarcastic_negative,0.3738794717803023,auto_second_pass_kept,True
এত টাকা পাইছেন কই লাস্টের দিন যে টাকা দিলেন,,,,Sarcastic_negative,0.6355785486367502,model_autofill,False
In sha allah,,,,Positive,0.742456421275703,model_autofill,False
https://www.facebook.com/share/1HsrvALjqe/,,,,Neutral,0.8894254880317428,model_autofill,False
রোজা আর পুজা এক না রে পাগলা,,,,Positive,0.4206436670349771,model_autofill,True
ঘোষনা হবে একটু পরে,,,,Neutral,0.7991043904509281,model_autofill,False
Jeta apni,,,,Sarcastic_negative,0.4045373011188057,auto_second_pass_kept,True
লুচ্চা সফিক নারী লুবিজারত,,,,Negative,0.6259821654122483,model_autofill,False
সঠিক বলেছেন ! কারণ আপনারা তো নব‍্য ফ‍্যাসিষ্ট হয়ে আবির্ভূত হয়েছেন ।,,,,Sarcastic_negative,0.5282317111164769,model_autofill,False
মাশা আল্লাহ,,,,Negative,0.7025890278432165,model_autofill,False
Ceyara dekhe khub hingsro mone hoy,,,,Sarcastic_negative,0.4660581690912024,model_autofill,True
Insallh,,,,Sarcastic_negative,0.4613335255386075,model_autofill,True
নোয়াখালী হাতিয়ার ৬ আসনে,,,,Neutral,0.4451755108290187,model_autofill,True
১১ দল জিতে গেছে,,,,Negative,0.6064555197109551,model_autofill,False
‎ইনশাআল্লাহ,,,,Positive,0.8740653254622512,model_autofill,False
ইনশাআল্লাহ দাঁড়িপাল্লায় ভোট দিয়েদিছি,,,,Positive,0.8969050769495484,model_autofill,False
ইনশাআল্লাহ বিজয় আমাদের ওই হবে ইনশাআল্লাহ দাঁড়ি পাল্লা,,,,Positive,0.723132305204553,model_autofill,False
নতুন ফ্যাসিবাদ বলতে কারা?,,,,Sarcastic_negative,0.469066322207698,model_autofill,True
In sah Allah,,,,Positive,0.7499389281197179,model_autofill,False
In Sha Allah!,,,,Positive,0.6785878061919964,model_autofill,False
InshaAllah,,,,Positive,0.3523818930572835,auto_second_pass_kept,True
কাকুর খবর কি,,,,Sarcastic_negative,0.6541222624649867,model_autofill,False
জ্বী ইনশাআল্লাহ,,,,Positive,0.8387383608956059,model_autofill,False
তোমাদের আর কি,,,,Positive,0.6824715901433324,model_autofill,False
Dekha jak hoi naki,,,,Sarcastic_negative,0.4369435686473861,model_autofill,True
ইনশাআল্লাহ বোর্ড জ্বালিয়াতি চুরি না হলে,,,,Positive,0.5398194031851831,model_autofill,False
ইনশাআল্লাহ তারেক রহমান বিজয়,,,,Positive,0.7971539221660788,model_autofill,False
"ধর্ম ব্যবসায়ী কুত্তার বাচ্চারা নাকি সৎ লোকের শাসন চায় , সৎলোকেদের অবস্থা যা দেখছি তাতে মনে হয় এদের চেয়ে অসৎ এবং ইতর প্রাণী পৃথিবীতে কেউ নেই।",,,,Negative,0.3920886308823755,auto_second_pass_kept,True
"জামায়াতে ইসলামের নির্বাচনের আগের রাত: বিভিন্ন স্থানে আটক ও অভিযোগ - ১২৭টি ঘটনার মধ্যে অধিকাংশ জামাত এর বিরুদ্ধে,",,,,Negative,0.4341393756737867,model_autofill,True
নির্বাচনের পূর্ব রাতে দেশের বিভিন্ন এলাকায় জামায়াতে ইসলামীর নেতা–কর্মীদের বিরুদ্ধে অর্থ ও জাল ভোট সংক্রান্ত অভিযোগে একাধিক অভিযান পরিচালিত হয়। ঘটনাগুলো সংক্ষেপে—,,,,Sarcastic_negative,0.3549043468739224,auto_second_pass_kept,True
১. কুমিল্লায় এক জামায়াত নেতাকে ২ লাখ টাকাসহ আটক করা হয়।,,,,Positive,0.444999756513497,model_autofill,True
"২. সৈয়দপুর, মুরাদনগর ও ফেনীসহ বিভিন্ন স্থানে মোট ১২ জন জামায়াত নেতা আটক হন।",,,,Positive,0.3495341737736952,auto_second_pass_kept,True
৩. পটুয়াখালীতে এক জামায়াত নেতাকে গ্রেপ্তার করা হয়।,,,,Positive,0.4296353303688064,model_autofill,True
৪. ঢাকার পল্লবীতে দুই জামায়াত কর্মী আটক হন; তাদের দুই মাসের কারাদণ্ড দেওয়া হয় এবং সংশ্লিষ্ট নির্বাচন কর্মকর্তা বরখাস্ত হন।,,,,Positive,0.3717005677363222,auto_second_pass_kept,True
৫. ৭৪ লাখ টাকাসহ আটক এক জামায়াত নেতা বর্তমানে রমেকের সিসিইউতে চিকিৎসাধীন।,,,,Negative,0.3530087885415036,auto_second_pass_kept,True
৬. ঝিনাইদহে দাঁড়িপাল্লা প্রতীকের এজেন্টের স্বাক্ষরিত ২৩টি ফলাফল শিট উদ্ধার করা হয়।,,,,Positive,0.3737423185104428,auto_second_pass_kept,True
৭. ঢাকার সূত্রাপুরে এক জামায়াত নেতা আটক হন।,,,,Positive,0.3605008439248057,auto_second_pass_kept,True
৮. জাল ভোটের অভিযোগে দুইজনকে দুই মাসের কারাদণ্ড দেওয়া হয়েছে।,,,,Sarcastic_negative,0.4795964257722692,model_autofill,True
উল্লিখিত ঘটনাগুলো নির্বাচনের আগের রাতেই বিভিন্ন স্থানে সংঘটিত হয় বলে জানা যায়।,,,,Sarcastic_negative,0.5706664766935391,model_autofill,False
ফ্যাসি বাদ আপনারাই,,,,Sarcastic_negative,0.907234784330076,model_autofill,False
এএএএএইইইই Roman মামু,,,,Sarcastic_negative,0.4049091132798073,auto_second_pass_kept,True
হবিগঞ্জ সহ সারা বাংলাদেশে ধানের শীর্ষের জোয়ার উঠেছে,,,,Neutral,0.4374240632031068,model_autofill,True
ইনশাআল্লাহ বিজয় সুনিশ্চিত,,,,Negative,0.516888536085741,model_autofill,False
আলহামদুলিল্লাহ!,,,,Positive,0.6776957972023259,model_autofill,False
ভূমিধস বিজয়ের পথে হাদির বাংলাদেশ,,,,Positive,0.3849305645181736,auto_second_pass_kept,True
পাগলে কিনা কয় ছাগলে কিনা খায়,,,,Sarcastic_negative,0.5999404038774143,model_autofill,False
"আলহামদুলিল্লাহ অবশেষে ১৭বছরের ফল পেতে যাজ্জি এবার মরে গেলো শান্তি পাবো প্রিয় দল কে সরকার হিসাবে দেখে গেলাম,।",,,,Positive,0.4970040595829156,model_autofill,True
সব জেলায় বিপুল ভোটে এগিয়ে আছে,,,,Neutral,0.3013787326602273,auto_second_pass_kept,True
আল্লাহ আমাদের আপনি সাহায্য করেন আপনি ছাড়া আর কোন সাহায্যকারী নাই,,,,Negative,0.463145010718178,model_autofill,True
রাজাকারের আস্তানা এই বাংলায় হবে না,,,,Neutral,0.8325698746633239,model_autofill,False
হবিগঞ্জ-৩ আসনে বিশাল ব্যবধানে বিজয়ের পথে ধানের শীষের প্রার্থী আলহাজ্ব জি গউছ।,,,,Neutral,0.6586618259576447,model_autofill,False
এই শয়তানের মুখে সুন্দর কথা নাই।,,,,Negative,0.4936287045263294,model_autofill,True
"Right,",,,,Sarcastic_negative,0.4093940743400722,model_autofill,True
তাই ধানের শীষ ইনশাআল্লাহ,,,,Positive,0.9091526045715904,model_autofill,False
ইনশাআল্লাহ দাড়িপাল্লায়,,,,Positive,0.898163793051104,model_autofill,False
আল্লাহ সর্বোত্তম পরিকল্পনাকারী।,,,,Negative,0.6643661670323194,model_autofill,False
আমরা শুধু আল্লাহর উপর নির্ভর করি এবং শুধু আল্লাহর কাছে সাহায্য চাই।,,,,Negative,0.5138294642655888,model_autofill,False
"যেই সেক্টরে টেবিল ঘুষ খায় তারা নেয় ও ইনসাফ চাইবে না,",,,,Positive,0.4196273193665652,model_autofill,True
"ইনশা আল্লাহ,, আল্লাহ যেন এই অদমের দোয়া কবুল করেন",,,,Positive,0.5493275673133796,model_autofill,False
কি দিয়া কে কি বলে কিছুই বুঝিনা,,,,Positive,0.4493466169357924,model_autofill,True
ইনশাআল্লাহ ইনশাআল্লাহ,,,,Positive,0.8740653254622512,model_autofill,False
ইনশাআল্লাহ বিজয়ের ধারপান্তে,,,,Positive,0.5940827750041178,model_autofill,False
চেহারা তো দেখতে খারাপ দেখা যাচ্ছে মনে হয় টেনশনে আছেন,,,,Sarcastic_negative,0.5084403617107947,model_autofill,False
ইতা কিতা মাত মাতো????,,,,Negative,0.6523533917001745,model_autofill,False
আল্লাহ আপনি শফিকুর রহমান কে বাংলাদেশের প্রধানমন্ত্রী হিসেবে বানিয়ে দাও,,,,Positive,0.4915334098040883,model_autofill,True
সাদার শকুন বাচ্চা খবর কি,,,,Sarcastic_negative,0.4107755755825801,model_autofill,True
Shob loss jibonta o loss,,,,Sarcastic_negative,0.3620834263807874,auto_second_pass_kept,True
আমিযে শুনলাম আপনারা খবরটা গতকাল রাতেই তৈরি করে ফেলেছেন??,,,,Sarcastic_negative,0.4547165346262604,model_autofill,True
In sha Allah,,,,Positive,0.742456421275703,model_autofill,False
সাদা শকুন।,,,,Sarcastic_negative,0.4766773892998516,model_autofill,True
ইনশাল্লাহ আলহামদুলিল্লাহ।,,,,Positive,0.8673217988578662,model_autofill,False
এগুলো একটু বাড়াবাড়ি বলা,,,,Positive,0.3851451853494167,auto_second_pass_kept,True
িনসাফ।,,,,Sarcastic_negative,0.3647892895219444,auto_second_pass_kept,True
সাদা খবিসে কি কয়???,,,,Sarcastic_negative,0.5186296371291782,model_autofill,False
Allhamdulilah,,,,Positive,0.341293465442622,auto_second_pass_kept,True
রাতেই তো ভোট করে ফেলেছেন,,,,Positive,0.6269668706638871,model_autofill,False
চাচার জামানত টিকবে তো এইবার,,,,Sarcastic_negative,0.3417554755023381,auto_second_pass_kept,True
পাগলের সুখ মনে মনে আর কাজ টুকাইয়া টাকা গণে,,,,Sarcastic_negative,0.5844414506469481,model_autofill,False
কাম সারা কাকু,,,,Sarcastic_negative,0.6286250581653291,model_autofill,False
ভয় ঢুকছে নাকি?,,,,Sarcastic_negative,0.4061717733805185,model_autofill,True
মন খারাপ কেন দাদু,,,,Sarcastic_negative,0.6806183599130472,model_autofill,False
অতীতে ছিল 5/10আসন এবার সবোর্চ্চ 25/30 টা এর বেশি হবে না কাক্বু।,,,,Neutral,0.7057380301246146,model_autofill,False
Rights,,,,Sarcastic_negative,0.4093940743400722,model_autofill,True
দাদুর চোখে ঘুম রাত্রে ভোট দিয়েছে সারারাত,,,,Sarcastic_negative,0.4526335975803762,model_autofill,True
Nirbaconer math dekhlaam jamat bot bahini r bacaiteee parlonaa,,,,Sarcastic_negative,0.4314703768581143,model_autofill,True
ইন-শা-আল্লাহ্,,,,Negative,0.4007765071112368,auto_second_pass_kept,True
দাদু সেই কথা কোইছে,,,,Sarcastic_negative,0.4407220919479623,model_autofill,True
In sa allha,,,,Sarcastic_negative,0.3981343878752041,auto_second_pass_kept,True
ঠিক কথা,,,,Positive,0.8948953300179034,model_autofill,False
সাদা শকুন তুই একটা জীবন্ত শয়তান,,,,Sarcastic_negative,0.6458490703280351,model_autofill,False
আল্লাহ তোদেরকে ধ্বংস করে দিবে ইনশাআল্লাহ,,,,Positive,0.6349244388595475,model_autofill,False
দাঁড়িপাল্লা ইনশাআল্লাহ,,,,Positive,0.9039457121629566,model_autofill,False
দে লাড়া চিনি ছাড়া,,,,Sarcastic_negative,0.4613559389318925,model_autofill,True
"কুমিল্লা ছয়, সৈয়দপুর প্রাথমিক বিদ্যালয় বিএনপি'র ঘাঁটিতে দাঁড়িপাল্লার বিজয় মিছিল",,,,Negative,0.478337792817769,model_autofill,True
Jamayat vot churi kore,,,,Sarcastic_negative,0.3671746171530102,auto_second_pass_kept,True
চেহারায় বলে দিচ্ছে হেরে গিয়েছেন,,,,Positive,0.4606600500104311,model_autofill,True
চেহেরা কালা হয়ে গেছে,,,,Sarcastic_negative,0.7503191339596187,model_autofill,False
Razakarar,,,,Sarcastic_negative,0.3973909271575131,auto_second_pass_kept,True
"১ নং হরণী, ৬ নং ওযার্ড",,,,Sarcastic_negative,0.4764790621597614,model_autofill,True
শাপলা কলি ৮৪৪,,,,Sarcastic_negative,0.6734675819899393,model_autofill,False
ধান - ৫৩০,,,,Sarcastic_negative,0.5691531366253033,model_autofill,False
জেঠা মিয়া মনে হয় ফসকে যাবে,,,,Sarcastic_negative,0.615269963068277,model_autofill,False
খেলার মাঠে দেখা যাবে,,,,Sarcastic_negative,0.3421781220288395,auto_second_pass_kept,True
তাইলে বাংলাদেশ ঠিক পথেই আগাচ্ছে।,,,,Positive,0.4669619153611873,model_autofill,True
ইনশাআল্লাহ ধানের শীষ অনেক টা এগিয়ে আছে,,,,Positive,0.7934490093669125,model_autofill,False
Alhumdulillah,,,,Positive,0.4241856752324321,model_autofill,True
চেহারার এই অবস্থা কেন কাকু,,,,Negative,0.491721298443548,model_autofill,True
ইনশাআল্লাহ জামাত,,,,Positive,0.7821342368962599,model_autofill,False
ইনশাআল্লাহ দাঁড়িপাল্লার বিজয় আসবে,,,,Positive,0.736229167509379,model_autofill,False
সাদা শকুণ,,,,Sarcastic_negative,0.4632027381778015,model_autofill,True
Esa Pathan,,,,Sarcastic_negative,0.4631869716104428,model_autofill,True
১৩ বেজে গেছে চাচা,,,,Sarcastic_negative,0.4677766127092351,model_autofill,True
"দাদা চিন্তা কইরেন, এক ফ্যাসিবাদ গেছে আরেক ফ্যাসিবাদের অভ্যুদয় হচ্ছে। আজ অনেক জায়গাতে দেখলাম মানুষ না আসতেই তাদের ভোট নেওয়া নাকি হয়ে গেছে।অনেকেরই অভিযোগ",,,,Positive,0.3453434231772075,auto_second_pass_kept,True
চেখারা দেখে বুঝে গেছে জনগণ,,,,Sarcastic_negative,0.7573418769586916,model_autofill,False
Onar pick dia onar name baje Kotha carce,,,,Sarcastic_negative,0.3278427579787575,auto_second_pass_kept,True
স্বপ্ন দেখতে থাকেন বাস্তব হবে না কোনদিন,,,,Neutral,0.5532556345560705,model_autofill,False
in sha allah,,,,Positive,0.742456421275703,model_autofill,False
জাল ভোটের আলামত,,,,Positive,0.4408046988096583,model_autofill,True
জারিজুরি ফাঁস হয়ে গেছে কাজ হবে না।,,,,Neutral,0.9471759694476908,model_autofill,False
টাটকা খবিস,,,,Sarcastic_negative,0.5490424071508295,model_autofill,False
ভন্ড মুনাফেকের বংশধর সালা বাটপার,,,,Negative,0.6959237529719494,model_autofill,False
Insahalla,,,,Sarcastic_negative,0.4245362519002196,model_autofill,True
বলৎকার কে করবে তাহলে,,,,Negative,0.4837134495987689,model_autofill,True
Fie Amanullah,,,,Sarcastic_negative,0.3206943650606982,auto_second_pass_kept,True
Md Nadim Khan Mohammad Shakil দেখা যাক জনগন কোন নতুন ফ‍্যাসিবাদকে ওয়েলকাম না করে!,,,,Neutral,0.4682764168628741,model_autofill,True
ধর্ব ব্যবসায়ীদের দিন শেষ।,,,,Sarcastic_negative,0.515784034569549,model_autofill,False
দূর গুপ্ত,,,,Sarcastic_negative,0.3877177673872269,auto_second_pass_kept,True
চেহারায় প্রমাণ,,,,Sarcastic_negative,0.5126997030404287,model_autofill,False
ইন শা আল্লাহ,,,,Negative,0.4337695144542284,model_autofill,True
সব চ্যানেল দেখি সারারাত গুজব ছড়িয়ে এখন পল্টি নিচ্ছে,,,,Positive,0.3376163757487944,auto_second_pass_kept,True
মুরিব্বির মুখ এমন কেন,,,,Sarcastic_negative,0.5008320676404964,model_autofill,False
কান্নাকাটি শুরু,,,,Sarcastic_negative,0.4112972605777661,model_autofill,True
Game over,,,,Neutral,0.4189366360801929,model_autofill,True
Bolbo na kicu,,,,Neutral,0.4824368464370726,model_autofill,True
সাদা শকুন খবিশ গুমিয়ে আছে নাকি,,,,Sarcastic_negative,0.4330788051284144,model_autofill,True
সাদা শকুন পাবনা যাইতে পারেন,,,,Sarcastic_negative,0.4548879375021669,model_autofill,True
ইনশাআল্লাহ জামায়াতের বিজয় হবে ইনশাআল্লাহ ডাক্তার শফিকুর রহমান প্রধান মন্ত্রী হবে ইনশাআল্লাহ ইনশাআল্লাহ ইনশাআল্লাহ,,,,Positive,0.8816291328309523,model_autofill,False
ইনশাআল্লাহ ইনশাআল্লাহ ইনশাআল্লাহ,,,,Positive,0.8740653254622512,model_autofill,False
রাইট নেতাদের কথা,,,,Positive,0.87233715708268,model_autofill,False
একদম ঠিক,,,,Negative,0.3188516420486702,auto_second_pass_kept,True
ইনশাআল্লাহ দোয়া রইলো,,,,Positive,0.8467622325254658,model_autofill,False
ইনশাআল্লাহ। আল্লাহ যেন দয়া করে রহমত দান করেন।,,,,Positive,0.9167647418584688,model_autofill,False
মনে ভয় লাকছে,,,,Sarcastic_negative,0.4945084240469978,model_autofill,True
pon doi,,,,Sarcastic_negative,0.4031392767091875,auto_second_pass_kept,True
কেনো সব হাইপ এখনই কি শেষ হয়ে গেছে ।,,,,Sarcastic_negative,0.6006717887635705,model_autofill,False
Md Hasham Biswas 01,,,,Sarcastic_negative,0.4226987948392531,model_autofill,True
কললিস্ট পাঠান,,,,Sarcastic_negative,0.409947754644447,model_autofill,True
ইনশাআল্লাহ দাড়িপাল্লা বিজয় হবেই হবে ইনশাআল্লাহ,,,,Positive,0.8657662000327395,model_autofill,False
Rajakr,,,,Sarcastic_negative,0.5101213083064258,model_autofill,False
ইনশাআল্লাহ ন্যায় বিচার কায়েম হবে,,,,Positive,0.6328014103878509,model_autofill,False
কাকু তুমি টিকিট কাটো পাকিস্তান যাওয়ার জন্য,,,,Sarcastic_negative,0.5543293389332887,model_autofill,False
ইনশাআল্লাহ সবসময়ই বিশ্বাস করি,,,,Positive,0.8655367897041184,model_autofill,False
সাদা শকুন নিজেও হারবে তার সিটে,,,,Negative,0.4910070973884141,model_autofill,True
পূর্ণাঙ্গ ফলাফল প্রকাশের পূর্ব পর্যন্ত কেউ ভোটকেন্দ্র ছাড়বেন না।,,,,Negative,0.4275678198487123,model_autofill,True
-Dr. Shafiqur Rahman,,,,Sarcastic_negative,0.3961014358146401,auto_second_pass_kept,True
তুই শালার রাজাকার,,,,Negative,0.5379643411860076,model_autofill,False
চাচা মন খারাপ কইরেননা।,,,,Sarcastic_negative,0.4049253516701398,auto_second_pass_kept,True
আলহামদুলিল্লাহ বিজয়,,,,Positive,0.6292618139926144,model_autofill,False
অনেক চেষ্টা তদবীর করছেন আর কি জান দিবেন?,,,,Sarcastic_negative,0.3675324852880243,auto_second_pass_kept,True
আর আপনারাতো জীবন দিতে পারেন না নিতে পারেন।,,,,Sarcastic_negative,0.8234972567258467,model_autofill,False
চেহারা দেখে বোঝা যাচ্ছে ভোট হয়ে গেছে,,,,Sarcastic_negative,0.4864683765766731,model_autofill,True
আরেক টি গনঅভ্যুত্থান প্রয়োজন হবেই,,,,Neutral,0.5193016364232741,model_autofill,False
হুমমম ইনশাআল্লাহ,,,,Positive,0.8668836851121128,model_autofill,False
ইনশাআল্লাহ দাঁড়ি পাল্লা,,,,Positive,0.9152135668869932,model_autofill,False
হুমমম,,,,Sarcastic_negative,0.3930064079213063,auto_second_pass_kept,True
আপনারা খুব ভালো সব জায়গায় চোরের রিপোর্ট আসছে,,,,Sarcastic_negative,0.6118736505241352,model_autofill,False
কাক্কু রাতের ভোটে,,,,Sarcastic_negative,0.4995219383169661,model_autofill,True
ধর্ম ব্যবসায়ীদের রুখে দিবো এইবার। ধানের শীষে বিজয় হবে।,,,,Neutral,0.4962368056934403,model_autofill,True
তার মানে আপনাদের খেলা শেষ,,,,Sarcastic_negative,0.8448687797069562,model_autofill,False
আসল রূপ একদিনে,,,,Sarcastic_negative,0.4851017908297637,model_autofill,True
পরাজয় মেনে নেওয়ার জন্য প্রস্তুত হোন,,,,Negative,0.3840037663744517,auto_second_pass_kept,True
সপ্ন সপ্নই থেকে জাবে।,,,,Negative,0.4207103651892636,model_autofill,True
রাজাকারের চেহেরা দেখেন কি ভয়ানক,,,,Negative,0.4168349066516156,model_autofill,True
নবজন্মের মহাকাব্য:বাংলাদেশ,,,,Positive,0.4746464195453378,model_autofill,True
বন্ধ্যাত্বের আঁধার চিরে আজ জন্ম নিল এক নতুন সূর্য।,,,,Sarcastic_negative,0.5046944640928452,model_autofill,False
"শতাব্দীর জরাজীর্ণ চিন্তা আর পরাধীন চেতনার মৃত্যু হলো আজ,",,,,Negative,0.4338507439147487,model_autofill,True
"ভস্মস্তূপ থেকে জেগে উঠল এক আধুনিক, টেকসই ও উন্নত বাংলাদেশ।",,,,Positive,0.4020192756476347,auto_second_pass_kept,True
"শোনো বিশ্ববাসী, শোনো পৃথিবীর প্রান্তরে থাকা প্রতিটি মানুষ—",,,,Negative,0.6213041226291244,model_autofill,False
"বাংলাদেশ আজ আর কোনো অশুভ শক্তির দাস নয়,",,,,Positive,0.7652270978041568,model_autofill,False
বাংলাদেশ আজ আর দুঃশাসন কিংবা শোষণের চারণভূমি নয়।,,,,Positive,0.8003401752214878,model_autofill,False
"আজ আমলাতন্ত্রের দেয়াল ভাঙার দিন, ঘুষ-দুর্নীতির শিকড় উপড়ানোর দিন।",,,,Sarcastic_negative,0.3211299493605585,auto_second_pass_kept,True
আজ রাজনীতির মোড়কে লুকিয়ে থাকা দুর্বৃত্ত আর আধিপত্যবাদের দালালদের,,,,Positive,0.7467860426239348,model_autofill,False
আস্তাকুঁড়ে ছুড়ে ফেলে বীরদর্পে দাঁড়ানোর দিন।,,,,Neutral,0.354887462682928,auto_second_pass_kept,True
"আমাদের এই মাটি কোনোদিন গরিব ছিল না,",,,,Negative,0.7926210746940198,model_autofill,False
তাকে ষড়যন্ত্রের মায়াজালে সুপরিকল্পিতভাবে নিঃস্ব করে রাখা হয়েছিল।,,,,Negative,0.3085197816259119,auto_second_pass_kept,True
আজ সেই ষড়যন্ত্রের বিনাশ হলো।,,,,Negative,0.4402491045029125,model_autofill,True
আজকের এই নতুন যাত্রার কাণ্ডারি আমাদের অদম্য তরুণ ও ছাত্র সমাজ।,,,,Negative,0.723829252401063,model_autofill,False
"যাঁদের হাতে সুউচ্চ মেধার মশাল, চোখে মানবিকতার স্বপ্ন,",,,,Negative,0.5258856883266659,model_autofill,False
আর বুলেটের চেয়েও ধারালো প্রযুক্তি-নির্ভর দক্ষতা।,,,,Positive,0.4518276802416385,model_autofill,True
"হে বাংলার কৃষক, শ্রমিক, নারী ও প্রবীণ—",,,,Negative,0.3242606525873656,auto_second_pass_kept,True
"উল্লাসে ফেটে পড়ুক আজ প্রতিটি ঘর, প্রতিটি জনপদ।",,,,Negative,0.4965220016100656,model_autofill,True
"কারণ, আজ জনগণের দেশ ফিরে এসেছে জনগণেরই হাতে।",,,,Sarcastic_negative,0.6331750561348195,model_autofill,False
"সাম্য, ন্যায়বিচার আর মানবিক শিক্ষার এক নতুন দর্শন",,,,Positive,0.3888017082747603,auto_second_pass_kept,True
আজ থেকে আমাদের আত্মপরিচয়ের ভিত্তি।,,,,Negative,0.7278622494757812,model_autofill,False
"আমরা আজ আত্মনির্ভরশীল, আমরা আজ আত্মবিশ্বাসী।",,,,Negative,0.6889151251999929,model_autofill,False
দুঃশাসন ধ্বংস করে- সুশাসনের জন্য এই পুণ্যভূমিতে আজ রচিত হলো এক নতুন ইতিহাস।,,,,Negative,0.5253653616878848,model_autofill,False
বাংলাদেশ আজ মাথা উঁচু করে দাঁড়িয়েছে—,,,,Positive,0.6807617179841365,model_autofill,False
"আপন গৌরবে, আপন মহিমায়, আপন সার্বভৌমত্বে।",,,,Sarcastic_negative,0.732399615851693,model_autofill,False
ঘুমের ঘরে সপ্ন দুশ,,,,Sarcastic_negative,0.4385657000031406,model_autofill,True
আল্লাহ মহান আল্লাহ সাহায্য করুক,,,,Positive,0.4946849385056932,model_autofill,True
"ওরে বাটপার,",,,,Negative,0.6514104297758422,model_autofill,False
right,,,,Sarcastic_negative,0.4093940743400722,model_autofill,True
Sada shakun,,,,Sarcastic_negative,0.3676162869364462,auto_second_pass_kept,True
চেহারা দেখলে অনেক কিছু বুঝা জায়,,,,Sarcastic_negative,0.4042995436899985,auto_second_pass_kept,True
ওনার হাসি ক ই,,,,Sarcastic_negative,0.5452820542255937,model_autofill,False
ইনশাআল্লাহ জিতবে দাঁড়িপাল্লা,,,,Positive,0.913361098280634,model_autofill,False
জনগণ এখন আর এসব খায়না,,,,Positive,0.6948888443280831,model_autofill,False
apni sonpo daikhan na,,,,Neutral,0.528270223413451,model_autofill,False
সাদা যোবকের চেহারার দিকে তাকালেই,,,,Sarcastic_negative,0.4115879397461396,model_autofill,True
বুঝতে পারা যায় ভিতরে জ্বালাপোড়া শুরু,,,,Negative,0.4171651593771285,model_autofill,True
সাদা শুকুর,,,,Sarcastic_negative,0.5272477496266941,model_autofill,False
সারা দেশে র ধানের জয় শুনে মুরববীর,,,,Sarcastic_negative,0.4793702487973315,model_autofill,True
Tomader ke arki,,,,Sarcastic_negative,0.3354333091622002,auto_second_pass_kept,True
একটু পরে কথা চেইনজ হয়ে জাবে,,,,Positive,0.5974875693011933,model_autofill,False
"যেগুলো টিভি চেনেল বিএনপির পা চাটছে, ভোটের পর জনগণ বয়কট করবে",,,,Negative,0.6934733792855488,model_autofill,False
জী ইনশাআল্লাহ,,,,Positive,0.8592592628285886,model_autofill,False
ও আচ্ছা,,,,Sarcastic_negative,0.5128718151802933,model_autofill,False
ইনশাআল্লাহ জামায়াতে ইসলামীর হবে জয়।,,,,Positive,0.8258047526072235,model_autofill,False
আল্লাহ তুমি আমিরে জামায়াত কে প্রধানমন্ত্রী হিসেবে কবুল করুন,,,,Positive,0.4513051719568993,model_autofill,True
"যদি ১৩ তারিখ সকালে ঘুম ভেঙে দেখি ডক্টর শফিকুর রহমান দেশের প্রধানমন্ত্রী, তাহলে সেই ১৩ তারিখটাই হবে আমার জীবনের সবচেয়ে আনন্দের ও স্মরণীয় দিন। কারণ আমাদের বাংলাদেশের সবার প্রিয় হুজুর আল্লামা দেলোয়ার হোসেন সাঈদীর স্বপ্ন পূরণ হবে কোরআন দিয়ে দেশ চলবে কুরআনের আইন প্রতিষ্ঠিত হবে ইনশাআল্লাহ",,,,Positive,0.4164945809334185,model_autofill,True
সাদা সকুন,,,,Sarcastic_negative,0.5259187018904946,model_autofill,False
দরানা তাহলে,,,,Sarcastic_negative,0.441659378329315,model_autofill,True
এ পর্যন্ত নির্বাচনে প্রচারণায় নাটক কম করেন নি,,,,Sarcastic_negative,0.5004255841413349,model_autofill,False
নাটক মানুষের বিনোদনের জন্য গ্রহণ করে কিন্তু নাটক করে ক্ষমতা গ্রহণ করা যায় না,,,,Positive,0.3786617703793311,auto_second_pass_kept,True
চেহারা দেখেই তা বুঝা যাচ্ছে অনুমান হচ্ছে,,,,Sarcastic_negative,0.4045926438298351,auto_second_pass_kept,True
মন খারাপ কেন,,,,Sarcastic_negative,0.6470132949208227,model_autofill,False
দাদুর টেশন আইশা গেসে,,,,Sarcastic_negative,0.4576542457008132,model_autofill,True
Razakar,,,,Sarcastic_negative,0.3930703193237566,auto_second_pass_kept,True
স্বপ্ন দেখা ভালো,,,,Negative,0.3791517003672024,auto_second_pass_kept,True
ইনশাআল্লাহ আমিন আমিন আমিন,,,,Negative,0.56262635485515,model_autofill,False
সারা দেশে টাকা দিয়ে ভোট কিনতে গিয়ে কতো জন ধরা খেলো আমীর সাহেব,,,,Negative,0.3050153326559461,auto_second_pass_kept,True
দাড়ি পাল্লা,,,,Sarcastic_negative,0.3434966214104868,auto_second_pass_kept,True
আপনারাই ক্ষমতায় আসবেন এমনটাই বোঝা যাচ্ছে,,,,Sarcastic_negative,0.5706686744843166,model_autofill,False
কাকু বাংলাদেশ আজকে রাত্রে ছাড়বেন নাকি আগামীকালকে ছাড়বেন।,,,,Sarcastic_negative,0.3608936499768646,auto_second_pass_kept,True
দাদু কান্দে কেন,,,,Sarcastic_negative,0.6787806236345163,model_autofill,False
আজ আমি আমার ব্যেকতিগত ভাবে মনে করি। যে কোন মতে ফলা ফল প্রকাশে সময় বিলম্ব করা বা কাল ক্যেপণ কিউ মেনে নেওয়া হবে না যদি দেশের চ্রিংকলা ধরে রাখতে চান অতি দ্রুত বা আগামী ২৪ ঘন্টার মধ্যে নির্বাচনের ফলা ফল মেনে নেওয়া হবে না।আজ আমরা এমন একটি কাঙ্খিত সময়ে এসে দাঁড়িয়েছি যে সময়টাতে কোন রকম ভুল করা আমাদের কারো কাম্য নই। আর তাই বলছি আস্থা বাংলাদেশ সেনাবাহিনীর প্রতি এই আস্থা এবং বিশ্বাস নিরপেক্ষ পেশাদার দ্বায়িত্ব পালনে বাংলাদেশ সেনাবাহিনীর ভূমিকা অপরীহায্য।আমরা আশা করব প্রত্যেকটা কেন্দ্রের নিরপেক্ষ দ্বায়িত্ব পালনে আরো কটোর হওয়ার পাশাপাশি প্রত্যেকটা কেন্দ্রের বাহিরে এবং ভিতরে কমপক্ষে ১০ জন সেনা সদস্য উপস্থিত থেকে কেন্দ্রের ভিতরে অবস্থা যেন শচ্চ থাকে এবং বাহিরের অবস্থা যেন কিউ ভয় বিতি প্রদর্শন বা পরিস্থিতি ঘুলাটে করতে না পারে। নির্বাচণি সকল রুল্চ এবং নিয়ম মেনে যেন সকল কার্য সম্পাদন করা হয়। নিজ কেন্দ্রের সকল ভোট এক সাথে করে কেন্দ্রের এজেন্টদের উপস্তিত সাক্কর নিয়ে কেন্দ্রে কেন্দ্রে রেজাল্ট ডিক্লায়েশন বা উন্মোক্ত করা। মনে রাখবেন এই নির্বাচনে কিউ যদি কাট্চুরী বা ইন্জিনিয়ারিং করে ক্ষমতার মশ্নদে বসার সুযোগ পেয়ে যায় এদেশে শান্তি চ্রিংকলা সার্বভোমোত্ত সরকারি প্রতিষ্ঠান গোলো ধংশের দ্বারপ্রান্তে চলে যাবে। আর তাই বলছি দেশে সুস্থ নিরপেক্ষ বস্তুুনিষ্ঠ নির্বাচনে আপনার দ্বায়িত্ব হওক বস্তুুনিষ্ঠ নিরপেক্ষ নির্বাচন সম্রিদ্ধ দেশ গঠন হবে আমাদের অংগিকার দেশ হবে সবার। বাংলাদেশ সেনাবাহিনীর প্রতি পুর্ন আস্তা ও বিশ্বাস ধরে রাখতে আপনার দ্বায়িত্ব হওক জনকল্যাণমুখী। এটি আমাদের চাওয়া বাংলাদেশ জিন্দাবাদ সম্রিদ্ধ হওক জীবন মান উন্নয়ন আল্লাহাফেজ।,,,,Positive,0.4925565954195424,model_autofill,True
Insha Allah Dari pallah,,,,Positive,0.7514160994878321,model_autofill,False
জামাত ইনশাআল্লাহ,,,,Positive,0.7821342368962599,model_autofill,False
আলহামদুলিল্লাহ দাঁড়িপাল্লা জয় হবে,,,,Positive,0.7105985501697178,model_autofill,False
কিচ্ছুক্ষণ পরে লাল কার্ডের খবর পাবেন,,,,Sarcastic_negative,0.5459381383790836,model_autofill,False
Inshilla,,,,Sarcastic_negative,0.4119024894164676,model_autofill,True
#NoBoatNoVote,,,,Sarcastic_negative,0.4031680017982416,auto_second_pass_kept,True
চেহারা দেখলেই বোঝা যাচ্ছে,,,,Negative,0.4950311358539838,model_autofill,True
চাঁদাবাজদের পতন খুব নিকটে,,,,Negative,0.6361596556365766,model_autofill,False
কি খবর সুমু সফিক মন খারাপ কেন,,,,Sarcastic_negative,0.7039194879390963,model_autofill,False
ইনশাআল্লাহ তবে বহু ভোটকেন্দ্রে প্রিজাইডিং অফিসারেরা বিক্রি হয়েছে,,,,Positive,0.5454499185476653,model_autofill,False
"আমি আমার প্রথম ভোট দিলাম বাংলাদেশের পক্ষে। দিলাম বেগম খালেদা জিয়ার পক্ষে, তারেক রহমানের পক্ষে। দিলাম এই দেশের মেহনতি মানুষ, শ্রমজীবী মানুষ, সব শ্রেণি-পেশার সাধারণ মানুষের প্রতীক ধানের শীষে।",,,,Positive,0.7369421596106002,model_autofill,False
"এই ভোট শুধু একটি প্রতীকে সিল মারা না। এটা আমার বিশ্বাসের প্রকাশ, আমার অবস্থানের ঘোষণা। আমি বিশ্বাস করি, দেশের মালিক জনগণ। তাদের অধিকার, তাদের মর্যাদা, তাদের ভবিষ্যৎ সুরক্ষিত থাকুক—এই প্রত্যাশা থেকেই আমার এই সিদ্ধান্ত।",,,,Negative,0.9190688740526544,model_autofill,False
একাত্তরের মুক্তিযুদ্ধে শহীদদের আত্মত্যাগে এবং,,,,Positive,0.3779813649665224,auto_second_pass_kept,True
"জুলাইয়ের শহীদদের প্রতি গভীর শ্রদ্ধা জানিয়ে আমি এই ভোট দিলাম। যারা নিজেদের জীবন দিয়ে আমাদের ভোটাধিকার, মত প্রকাশের স্বাধীনতা আর গণতান্ত্রিক অধিকার রক্ষা করেছেন, তাদের ঋণ কখনো শোধ হওয়ার নয়। তাদের আত্মত্যাগ আমাদের মনে করিয়ে দেয়—একটি ভোট শুধু সংখ্যা না, এটি দায়িত্ব, এটি অঙ্গীকার।",,,,Negative,0.6050427218141102,model_autofill,False
যারা নিজ দেশের বাহিরে কখনোই কিছু চিন্তা করেন নাই.,,,,Sarcastic_negative,0.3972071296038449,auto_second_pass_kept,True
"আমরা যেন তাদের ত্যাগকে সম্মান করি সঠিকভাবে। সচেতন থাকি, দায়িত্বশীল হই, আর দেশকে ভালোবাসি কাজের মাধ্যমে। শহীদদের স্মৃতি আমরা যুগের পর যুগ বহন করবো—কথায় নয়, সচেতন নাগরিক হিসেবে আমাদের ভূমিকার মাধ্যমে।",,,,Positive,0.5413385057171674,model_autofill,False
নিজের চিন্তা করেন,,,,Positive,0.5247550754917089,model_autofill,False
ইনশাল্লাহ আল্লাহ ইনসাফের ই বিজয় হবে,,,,Positive,0.8235198641109893,model_autofill,False
রাত এ ভোট করে সবাই জিতে,,,,Positive,0.6445763266194035,model_autofill,False
দেশের মানুষ রাজাকার চেনে কারা মানুষের জন্য কাজ করছে তারা ভালো জানে,,,,Positive,0.4854643301005071,model_autofill,True
Daripallah inshaallah,,,,Positive,0.3764920034209065,auto_second_pass_kept,True
"ইনশাআল্লাহ,",,,,Positive,0.8542891823950771,model_autofill,False
একদম সত্য কথা ফ্যাসিবাদ আসবে না ধানের শীষ জয় হবে ইনশাআল্লাহ,,,,Positive,0.879963272757903,model_autofill,False
দাদুর ফেসের এই অবস্থা ক্যা,,,,Negative,0.6084775736410066,model_autofill,False
আল্লাহ মুরব্বির জামানত রক্ষা করুন আমিন,,,,Negative,0.8630494196901896,model_autofill,False
ইনশাআল্লাহ দাড়িপাল্লা সরকার গঠন করবে,,,,Positive,0.819020411232129,model_autofill,False
তাহলে ৩ বার ফেল করা শফিক ভাই নিরংকুশ পরাজয় মানতেও রেডিতো,,,,Negative,0.3821569958803706,auto_second_pass_kept,True
"শেষ মূহুর্তে এসেও হায়েনারা ভোট চুরির চেষ্টা করছে; তরুণরা কেন্দ্র পাহারা দিন, ফলাফল নিয়েই বাড়ি ফিরবো, ইনশাআল্লাহ।",,,,Negative,0.5005179249195364,model_autofill,False
চাচা ধরা খাইছে মনে হয়,,,,Sarcastic_negative,0.5983169701003319,model_autofill,False
আপনারা দলগঠন করবেন ৭০% ভোটে।,,,,Sarcastic_negative,0.7205298909049641,model_autofill,False
"যেমন: ঢাকসু,জবি,চকসু ইত্যাদি প্রমাণিত।",,,,Negative,0.502410323770233,model_autofill,False
সারা সেন্টার ফাকাঁ ভোট কেমনে এতো % হয়। সারাদেশে ২৫ % ভোটও কাস্টিং হয়নি। চুরিচোট্রামি। ১২ ফেব্রুয়ারী ফল প্রকাশ না হলে আরেক চুরিচোট্টামি হবে।,,,,Sarcastic_negative,0.3689322932210909,auto_second_pass_kept,True
সকল দলের অংশ গ্রহণ নিশ্চিত নয় এখানেই বড় মিসটেক আর নিরপেক্ষ নয়।,,,,Negative,0.4268996962033876,model_autofill,True
"জনগন আসলেও এসব ভালো মনে করে না। সকল জনগনের চাওয়াকে মুল্যায়ন করতে হবে, সকল দলের অংশ গ্রহণ নিশ্চিত করে জনগনের প্রকৃত নিজ ভোটে হতে হবে।",,,,Neutral,0.43879861569861,model_autofill,True
সাদা শকুন কি বলে,,,,Positive,0.394914085744804,auto_second_pass_kept,True
"""ওখানে ধরা খাবে তারপর সরকারিভাবে দেশের কারাগারে আসবে, দেশের আদালত মুক্ত করে দিবে। এটাই পলিটিক্স।""",Dhaka,Gazipur,,Positive,0.526541152613832,model,False
"""এভাবেই ফেরত আসবে,এটাই পলিটিক্স""",Dhaka,,,Negative,0.4920447696429382,model,True
দেশে পাঠানোর একটা বৈধ প্রক্রিয়া মাত্র...,Dhaka,Rajshahi,Gazipur,Negative,0.5184315079769414,model,False
এটা দেশে প্রবেশের একটি প্রক্রিয়া মাত্র,Dhaka,Pabna,,Negative,0.6760784441339749,model,False
"""এখন থেকে প্রায়ই শুনা যাবে গ্রেফতারের খবর,,, ভারত সরকার এখন আর সাধারণ কর্মীদের তেমন গুরুত্ব দিবে না --- যারা পালিয়ে গেছে তাদের …""",Dhaka,,,Positive,0.622208114768484,model,False
বাংলাদেশের জেল থাকতে অন্যদেশের জেলে থাকবে কেন..?,Dhaka,,,Sarcastic_negative,0.4278519461004584,model,True
ভারত কি তাহলে আওয়ামী লীগের সাথে পল্টি নিলো,Dhaka,,,Negative,0.5891172978063479,model,False
বিএনপির কাছে ভালো হওয়া আরকি।। তবে এরা ভিতরে ভালোই থাকবে কারণ ভারত হচ্ছে উমিচাঁদ এ…,Dhaka,Faridpur,,Negative,0.6326214644373612,model,False
আরও কিছু দেখার অপেক্ষায় রইলাম,ঢাকা,ব্রাহ্মণবাড়িয়া,Chittagong,Neutral,0.6474985274262862,model,False
ধন্যবাদ জানাই,Tangail,,,Positive,0.6666834766207226,model,False
খাইছে রে..,মৌলভীবাজার,Sylhet,Moulvibazar,Sarcastic_negative,0.6657383284624814,model,False
এটা ভালো,Dhaka,,,Positive,0.4186092387208109,model,True
সম্ভবত ওদের খরচ করার মতো টাকা পয়সা শেষ,রাজশাহী,Rajshahi,Cox's Bazar,Positive,0.7357006387311094,model,False
এগুলোকে এখন গ্রেফতার করবে আর আস্তে আস্তে সবগুলোকে বাংলাদেশ প্রেরণ করবে,Sylhet,,,Positive,0.6652841648702134,model,False
"""হাসিনার তো ভিসা পাসপোর্ট কিছুই নেই, তবুও এখনো ভারতে আছে কীভাবে?""",Dhaka,Gazipur,,Negative,0.5891027769223762,model,False
তাদের আর শান্তি নাই,Dhaka,,,Positive,0.692227430713956,model,False
নিজ দেশেও (ভারত) নিরাপদ নয় আওয়ামীলীগ,Chittagong,Noakhali,,Negative,0.5729013832559934,model,False
শুরু হয়েছে একে একে সবাই ধরা পড়বে,Dhaka,Mymensingh,,Sarcastic_negative,0.5922216161445213,model,False
কাগজ নেই তাই দরছে এটা নিয়ে এত লেখালেখির কি আছে।,Dhaka,,,Negative,0.577101400346977,model,False
Beimani korlo,Chandpur,,,Sarcastic_negative,0.5300269604653924,model,False
লে হালুয়া,খাও হালুয়া,রংপুর,Dhaka,Negative,0.4131378952298612,model,True
"""পলাতক এইসব নেতাকর্মী( আঃলীগ) ও এই দেশের ভিতর থেকে একটি সম্প্রদায়ের কিছু লোক, ভারত কে বার বার অনুরোধ ও আহ্বান জানাচ্ছিল ছিল যে…""",Kurigram,Panchagarh,,Negative,0.497831731216744,model,True
"""নাটক কইরে দেশে পাঠাবে, পাকড়াও দেখায় খালাশ। মাঝখানে কিছু টাকার ছড়াছড়ি!""",Khulna,Bagerhat,,Sarcastic_negative,0.666894317731596,model,False
"""এভাবেই নিরপেক্ষ, সহজ সরল, সঙ্গিত-মনা, সুশীল, ছেতনাবাজ.. মানুষ গুলো দেশে ফিরে আসবে""",গাজীপুর,Dhaka,Gazipur,Sarcastic_negative,0.5308940163086721,model,False
"""তোদের ওয়েবসাইট এ্যাড দেখানোর জন্যেই বানানো, নিউজ লিখার কী দরকার? বলে দে, এ্যাড দেখে আসুন।""",মৌলভীবাজার,Sylhet,,Positive,0.4758427828184454,model,True
দেশে আনার ব্যবস্থা করতে হবে তাড়াতাড়ি,Chittagong,,,Neutral,0.6642572237233455,model,False
কোথায়ও কেও নেই,Dhaka,Rajbari,,Negative,0.4097635385263047,model,True
আলহামদুলিল্লাহ,Chittagong,,,Positive,0.6961564278676875,model,False
লে হালুয়া,Dhaka,,,Negative,0.4131378952298612,model,True
ধরা দিয়েছে দেশে আসার জন্য,Dhaka,Mymensingh,,Sarcastic_negative,0.5763767062001315,model,False
নাটক,Dhaka,,,Sarcastic_negative,0.778383412063902,model,False
এবার এদের দেশে ফিরিয়ে পুনরায় চাঙ্গা করা হবে,ঢাকা,,,Neutral,0.6957650142406503,model,False
"""বিগত ১৬ বছরে আওয়ামী লীগের অত্যাচারে বিএনপির সাধারণ সমর্থক, নেতা কর্মী ও তাদের পরিবার অনেক কষ্ট করেছে। এমনকি বিএনপি জাসাস যুবদ…""",Dhaka,,,Negative,0.7468971425756135,model,False
দ্রুত দেশে পাঠিয়ে দেওয়া হোক,Dhaka,,,Neutral,0.7346360183838869,model,False
প্রধানমন্ত্রী শেখ হাসিনা এই ব্যাপারে দ্রুত পদক্ষেপ নিবেন। ঐ পুলিশ সদস্যদের খাগড়াছড়ি রাঙ্গামাটি বদলি করা হবে।,Dhaka,Narayanganj,,Neutral,0.4410629902057589,model,True
বহুত লবা ফালাইছে।,Jamalpur,,,Sarcastic_negative,0.5528304335473315,model,False
লে হালুয়া,Dhaka,,,Negative,0.4131378952298612,model,True
এটা আবার কোন নাটক,Dhaka,Barisal,Patuakhali,Negative,0.4335570852179966,model,True
না জানি কোন আকাম-কুকাম করছে,Dhaka,Gazipur,Tangail,Negative,0.6432594715755311,model,False
হাস্যকর কলকাতা যাদের মামার বাড়ি তারা আবার গ্রেফতার হয়,Dhaka,Kurigram,,Negative,0.5900526863628633,model,False
Please send them to Bangladesh with guard of honour. Kallu with recieve them with garlands....,Dhaka,,,Neutral,0.5694760498705589,model,False
কি আইলো,Sylhet,,,Sarcastic_negative,0.4451470070024055,model,True
চমৎকার নিউজ,Dhaka,Gazipur,,Sarcastic_negative,0.4415838242129441,model,True
"""বর্তমান মান সরকার কে তেল মারতেই হইতো,আওয়ামিলীগ এর কর্মিদের গ্রেপতার করছে।কতো বরো বেইমান এই ভারত দেখেন।""",Dhaka,,,Negative,0.8360296487635983,model,False
এরা বাংলাদেশী হলেও এরা মূলত ইন্ডিয়ান,Dhaka,Chittagong,Bhola,Sarcastic_negative,0.4276024765519657,model,True
হাদির খুনিদের ধরে ফেরত দে,Dhaka,,,Negative,0.7199199575533705,model,False
চুদলিংপং,Dhaka,Narsingdi,Brahmanbaria,Negative,0.700221810675218,model,False
মোহাম্মদ মনির হোসাইন সব দিকে অন্ধকার,Dhaka,,,Sarcastic_negative,0.5894857586752053,model,False
আজম মোল্লা আবার কোথাকার কিসের শিল্পী?,Dhaka,,,Negative,0.5836874359885811,model,False
"""তাদেরকে """"র"""" এর ট্রেনিং দিয়ে দেন""",ঢাকা,সুনামগঞ্জ,,Negative,0.6709617142277496,model,False
বাংলাদেশ শিল্পকলা একাডেমিতে বাউল দলে কিছু ভন্ড আছে ওই ভন্ডদের কে আইনের আওতায় আনতে হবে,Lalmonirhat,,,Neutral,0.7524302628079623,model,False
ভারত এখন তাদের গ্রেফতার করে বাংলাদেশে পাঠাবে আর ভারতের দালাল তারেক জিয়া তাদেরকে বাংলাদেশ মুক্ত করবে এটাই হচ্ছে plan,Dhaka,Rangpur,,Positive,0.558371588649028,model,False
দুই পর দেখবো মুক্তিযোদ্ধার লিস্টে হেতার নাম,Dhaka,,,Negative,0.4634491597282596,model,True
কোনকিছু পরার আগেই শুধু উনার ফেইস দেখে হা হা রিয়েক্ট দিয়ে দেওয়ার যে বেপারটা,Sylhet,,,Negative,0.639367832234225,model,False
এরে দেখলে হাসি পায় ক্যান?,Dhaka,,,Negative,0.4104638298341357,model,True
এক ধাক্কায় এতদুর,পাবনা,Dhaka,Rangpur,Sarcastic_negative,0.4956353819441073,model,True
সে যুদ্ধের সময় তার বাবার পেটে লিকুইড ফর্মে ছিলো। তাই তাকে একজন লিকুইড মুক্তিযুদ্ধা বলা যায়।,Chittagong,Brahmanbaria,,Sarcastic_negative,0.514656544739592,model,False
মানুষ এত পরিমাণ হাসি কেমনে হাসতে পারে,Chittagong,,,Sarcastic_negative,0.5931966105580847,model,False
আমি জানিনা কেন জানি এই পোস্ট দেখার পর অটোমেটিক মুখে হাসি চলে আসছে,Dhaka,,,Negative,0.7786658565292354,model,False
জুলাই যুদ্বে কি ভেসে এসেছে?,Chittagong,,,Sarcastic_negative,0.6319250779983104,model,False
যাইহোক এই মন্ত্রণালয়ে কেও ঘেরাও দিতো না,Dhaka,,,Negative,0.5364246848847511,model,False
"""সময়মত সংসদে পৌছাতে না পারা ছেলেটাও এখন মন্ত্রনালয় চালাবে, ভাবা যায়""",নীলফামারী,Dhaka,Nilphamari,Sarcastic_negative,0.5059876566976874,model,False
সেরা,Dhaka,,,Sarcastic_negative,0.5395085042883269,model,False
ও কি মন্ত্রী হওয়ার যোগ্য?,Sylhet,Habiganj,,Sarcastic_negative,0.6231834529928488,model,False
সবাই এত খুশি হইছে যে সবাই হা হা করতেছে,Dhaka,Barisal,,Sarcastic_negative,0.5946550157309939,model,False
এক ঠ্যালায় এতো দূর,Barisal,Pirojpur,,Sarcastic_negative,0.6700329983340602,model,False
ঘেরাও বিষয়ক মন্ত্রী,Dhaka,,,Sarcastic_negative,0.7724347249753266,model,False
"""যায়গামত দিছে বিম্পি সঠিক যায়গা সঠিক মাল, এবার মুক্তিযুদ্ধ নতুন ভাবে লিখা হবে""",Dhaka,Mymensingh,,Neutral,0.4695959333323313,model,True
প্রথমে চোখ পড়তেই প্রতিবন্ধী পড়ে ফেলছিলাম,Chittagong,,,Negative,0.4289262537501552,model,True
Ai halare muktijuddhobisoyok dilo kon akkel e .onno montri hisebe dile mana jaito . advocate fazlur saheb k dile valo hoito:) …,Dhaka,Munshiganj,,Sarcastic_negative,0.4114822363516185,model,True
ওনি কি মুক্তিযোদ্ধা। যখন কেউ না থাকবে তখন অন্য কথা।,Dhaka,Gazipur,,Sarcastic_negative,0.5751491284367888,model,False
"""তো আরকি, এইবার বীর মুক্তিযোদ্ধা ইশরাকের নতুন দিগন্ত শুরু হবে। মুক্তিযুদ্ধ সম্পর্কে নতুন নতুন ইতিহাস প্রনায়ন করবে। এমনিতেই ইতি…""",Dhaka,Chittagong,Gazipur,Negative,0.596558544421132,model,False
অথচ বীর মুক্তিযোদ্ধা ফজলুর রহমান কে দিতে পারতো,Dhaka,,,Sarcastic_negative,0.4084700786825986,model,True
সে যুদ্ধে গেছিল আমি তার সহযোদ্ধা ছিলাম গুলিতে তার বুকটা ছারখার হয়ে গেছিল এটা নিয়ে বিরোধ করলে রাজুতে ডাক দিব,Dhaka,,,Negative,0.6142372257443327,model,False
সে তো সে সময় বাচ্চা ছিল। অবশ্যই এখানে বিএনপি'র এডভোকেট ফজলুর রহমানকে আনা উচিত,Dhaka,,,Negative,0.4889129097669843,model,True
এরে দেখলে ক্যান জানি চাপড়াইতে মন চায়,Dhaka,,,Negative,0.6385274969710067,model,False
"""tar mane betay kono kamera na, eda BNP o bujhche!""",Dhaka,,,Sarcastic_negative,0.4366406449267603,model,True
জার জন্ন যুদ্ধের পরে সে আবার মুক্তিযুদ্ধ বিষয়ক হয় কেমনে,Dhaka,,,Sarcastic_negative,0.5227505843391087,model,False
ইয়ে আব কনসি চিরিয়া কা নাম হে বেটা ?,Dhaka,,,Negative,0.5144527284747213,model,False
Oke sweeper banano hok,Dhaka,,,Sarcastic_negative,0.5272039646960724,model,False
আহ কি খুশিরে,Chittagong,,,Sarcastic_negative,0.664095716433153,model,False
@আল্লাহ সর্বশক্তিমান:তান্ত্রিক ওমর ফারুক কবিরাজ যে কোন সমস্যা থাকলে বল তত ইনশাল্লাহ স্বামী স্ত্রী অমিল প্রেম ভালোবাসা ব্যর্…,Dhaka,,,Positive,0.6618117929095455,model,False
"""ইউজার অথবা মাস্টার একাউন্ট করতে যোগাযোগ করুন। সারা দেশে ৩০% কমিশনে মাস্টার এজেন্ট নিয়োগ, ১ টাকাও ইনবেস্ট করতে হবে না। …""",Dhaka,,,Neutral,0.4645243261383706,model,True
"""ভাগ্যভালো, চুমু শপি হয় নাই। …""",Dhaka,,,Sarcastic_negative,0.6041324071822342,model,False
"""মেয়র হতে চেয়েছিলো, হয়ে গেলো প্রতিমন্ত্রী …""",Dhaka,Khulna,,Sarcastic_negative,0.4689779368023893,model,True
I have a plan,Dhaka,,,Sarcastic_negative,0.4511136267703773,model,True
কবে জানি নামের আগে বীর মুক্তিযোদ্ধা লাগায় দেয়,Narayanganj,,,Sarcastic_negative,0.6722757005658582,model,False
Follo tu follo bak 100% garente,Dhaka,,,Sarcastic_negative,0.662711949666501,model,False
ইসরাক ভাই আমার বয়স ৩০ আমিও মুক্তিযুদ্ধ করছি ভাই আমাকে একটা ভাতা দেওয়ার ব্যবস্থা করিয়েন আমার পোলাপান জেনো কোডা পায়,Dhaka,,,Negative,0.7732711979003566,model,False
যুদ্ধ নিয়ে সে কি বুঝে? তার কি তখন জন্ম হয়েছিল?!!!!!,Dhaka,,,Sarcastic_negative,0.6311895864872445,model,False
গোয়া মারছে,Dhaka,Narsingdi,,Negative,0.5372928378007025,model,False
কিছু পর দেখবো ওর নাম মুক্তিযোদ্ধা লিস্টে সবার উপরে,Chittagong,Chandpur,,Sarcastic_negative,0.5242184368560653,model,False
শেষ ধ্বংস,Dhaka,,,Sarcastic_negative,0.4021926053038597,model,True
"""হা হা হা,,,,""",Chittagong,,,Negative,0.4603865131789149,model,True
আলহামদুলিল্লাহ সুন্দরভাবে দেশ পরিচালনা করুন এটাই কাম্য,Dhaka,,,Positive,0.7549242665524967,model,False
এই ও দেখা লাগলো বাঙালির,Dhaka,,,Negative,0.73211044955257,model,False
Nice pic,Dhaka,,,Sarcastic_negative,0.4638582586700727,model,True
আচ্ছা কোন যুক্তিতে সে এই পদ পাইলো,Dhaka,,,Negative,0.702597444635151,model,False
ওরে ল্যাওড়া,Dhaka,,,Sarcastic_negative,0.5520667116236716,model,False
ইতিহাসের বারোটা বাজিয়ে দিবে,Dhaka,Gazipur,Tangail,Negative,0.6584444212874052,model,False
প্রতিমন্ত্রী কে প্রতিবন্ধী পরে পেলছি,Chittagong,,,Negative,0.6138581187293151,model,False
কাম সারছে,Barisal,Bhola,,Negative,0.4246336682242994,model,True
সবাই হাসে ক্যা,Dhaka,,,Sarcastic_negative,0.4827541231489957,model,True
"""নিমডা দোজরাজ টেলমি, হারতাবুশ ক্রাকুইকিনইন বুমলাহ মহিনুজ্জুকু লো হাকুয়ে""",Dhaka,Rangpur,Bogura,Negative,0.5641551616333917,model,False
খোকা পুত্র ইশরাক,Dhaka,Mymensingh,Sherpur,Sarcastic_negative,0.6463656165289143,model,False
চলিতেসে সার্কাস,Sylhet,Moulvibazar,,Negative,0.4014736183584224,model,True
প্রতিমন্ত্রী হিসেবে হেতের কাজ টা কি,Dhaka,Khulna,,Negative,0.4539198272025624,model,True
হোগা মারা সারা,Dhaka,,,Sarcastic_negative,0.4361675480473252,model,True
অভিনন্দন,Dhaka,Mymensingh,,Negative,0.4275681327993306,model,True
আল্লাহরে এডা কি হইলো,Comilla,,,Negative,0.5318036431555104,model,False
"""Bhai vlo korse, oy ar nogor daddyr jonno abedon k9rte parbo na""",Dhaka,Madaripur,,Sarcastic_negative,0.4101543061870704,model,True
"""হতে চাইলেন মেয়র, তাকে মন্ত্রী করা হয়েছে, এটা অন্যায়""",দিনাজপুর,,,Sarcastic_negative,0.4440083341578407,model,True
আস্তাগফিরুল্লাহ!,Dhaka,,,Negative,0.5379702738048603,model,False
স্বাধীনতার 53 বছর । দেশ প্রেমিক মুক্তিযোদ্ধারা দেশ চালানো দেশের মানুষের উচ্চ ও নিম্ন মান সেবা গুলো …,Narayanganj,,,Sarcastic_negative,0.6364602158780743,model,False
একটা জিনিস বুজলাম না বিরোধীদলের কোনো এমপিকে মন্ত্রী পদে দেখলাম না,Dhaka,,,Negative,0.6533371488756049,model,False
মুক্তিযুদ্ধ বিষয়ক মন্ত্রণালয় তো আগেই ছিল। এবার এটা জুলাই বিষয়ক মন্ত্রণালয় না বানায়!,Dhaka,,,Sarcastic_negative,0.5846291508726663,model,False
আমি মনে হয় ইসরাক কে মুক্তি যুদ্ধ করতে দেখেছি আমার পাশেই ছিল,Dhaka,,,Sarcastic_negative,0.4596564289196925,model,True
Masahallah,Dhaka,,,Positive,0.4139483498325847,model,True
উনি তখন জন্মগ্রহণী করে নাই আর তাকে দিয়েছে মুক্তিযুদ্ধ বিষয়ক প্রতিমন্ত্রী । অন্য দপ্তর কি ছিল না?,Dhaka,Tangail,,Negative,0.505936847810192,model,False
কামার কে দিলো কুমারের কাজ,Dinajpur,,,Sarcastic_negative,0.4413200159154202,model,True
কখন যে বলে বসে সেও মুক্তিযুদ্ধে কারন হাসিনা আমলে সম্ভব তাই,Dhaka,,,Sarcastic_negative,0.556545512393111,model,False
আমার পেইজটিতে আমন্ত্রণ রইলো,Noakhali,,,Negative,0.4269618847307721,model,True
"""পজিটিভ রিপ্লাই (কারো খারাপ সময়ে কমেন্ট করার জন্য) খারাপ সময় শেষ হয়, শক্ত মানুষ শেষ হয় না।…""",Dhaka,,,Positive,0.5154649400804233,model,False
যত দাড়ি টুপি লোক আছে সবাই হবে ৱাজাকাৱ জনাব ইশৱাক যখন মুক্তিযুদ্ধ মন্ত্ৰী,Dhaka,,,Neutral,0.5276589822144102,model,False
United States of Bagura,Dhaka,,,Sarcastic_negative,0.6913122656477303,model,False
"""ভীড় ঠেলে যেই যুদ্ধ করে সামনে যায়,, এটা দেখার পরে তারেখ জিয়া মনে হয়, এরে এই পদ দেয়ার সিন্ধান্ত নিয়েছে""",Dhaka,,,Negative,0.6136653347089684,model,False
ওরে বাটপার,Mymensingh,,,Negative,0.7835430066296456,model,False
Fozu pagla k asha korchilam,Khulna,Magura,,Sarcastic_negative,0.4607977638441127,model,True
স্বাধীনতার ৫৪ বছর পরে এই মন্ত্রণালয়ের কাজটা কি,Dhaka,,,Negative,0.6266251818349802,model,False
কিন্তু ওয় শপথ নিসে জামাতের সাথে। যেই লোক জীবনের এত গুরুত্বপূর্ণ েও লেট করতে পারে সে মন্ত্রণালয়ে কি করবে? …,Dhaka,,,Sarcastic_negative,0.5827768141735313,model,False
ফজলুর রহমান কি দোষ করলো?,ব্রাহ্মণবাড়িয়া,,,Neutral,0.40161448515846,model,True
ইশরাক ভাইকে দেওয়া দরকার ছিলো ঘেরাও ও নিজে নিজে শপথ নেওয়া বিষয়ক মন্ত্রী,Dhaka,Madaripur,,Sarcastic_negative,0.4181250981026115,model,True
কোন বলে বসে। সে নিজেই মুক্তিযোদ্ধা ।,Feni,,,Sarcastic_negative,0.6219035491004727,model,False
কাম ছাড়ছে,Thakurgaon,,,Sarcastic_negative,0.4691509344557967,model,True
হেতে মুক্তিযুদ্ধের কমান্ডার ছিলো,Chittagong,Noakhali,,Negative,0.5416945391743453,model,False
ভাই আমারে সার্টিফিকেট দেওয়া যাবে টাকা দিবো ১০ হাজার।,Dhaka,,,Neutral,0.4348499818030301,model,True
একে তো তালা আর ঘেরাও বিষয়ক মন্ত্রী বানানো উচিত ছিল,Rajshahi,Dinajpur,,Sarcastic_negative,0.6858874510000533,model,False
এখন বলবে আমি নেই যুদ্ধ ঘোষনা করলাম অন্য কোন দেশ লাগবে না,ঢাকা,Dhaka,Narayanganj,Negative,0.4037559255079449,model,True
কি যে বিনোদন,নরসিংদী,Dhaka,Jamalpur,Sarcastic_negative,0.472504444208661,model,True
মেয়রের আশাও শেষ,Dhaka,,,Negative,0.5037528288736159,model,False
হাস্যকর,Dhaka,,,Sarcastic_negative,0.4616131845706221,model,True
মুক্তিযুদ্ধের সময়ের ২য় শিশু মুক্তিযোদ্ধা,Jessore,,,Sarcastic_negative,0.6809929952562059,model,False
মান্নার ডায়লগ খুব মনে পরছে,Dhaka,,,Sarcastic_negative,0.6004930810680457,model,False
ইশরাক হোসেন কে প্রধান মন্ত্রী করার জোর দাবি জানাচ্ছি,Dhaka,Tangail,,Sarcastic_negative,0.5731554558480038,model,False
যাক মেয়রের তো দামটা পায়নি এবার গোয়া মেরে দিবে নে,নরসিংদী,Dhaka,Narsingdi,Sarcastic_negative,0.454626872615684,model,True
sobay hahahaha disse kno?,Khulna,Bagerhat,,Sarcastic_negative,0.4213403564751594,model,True
আহারে এইভাবেও দেশটাকে ধ্বংস করে দেয়,Dhaka,Madaripur,,Sarcastic_negative,0.4832266600038274,model,True
"""ইশরাক ছেলেটা ভালো, তাকে আমি নিজে মুক্তিযুদ্ধ করতে দেখেছি""",Dhaka,,,Sarcastic_negative,0.6323850503880366,model,False
ফজলুল রহমান পারফেক্ট ছিল,Dhaka,Gazipur,,Neutral,0.4273761813534217,model,True
হোগাই মারছে,বরিশাল,Barishal,,Negative,0.5802570093916193,model,False
দেয়া ও ভালোবাসা রইল ভাই,Dhaka,Manikganj,,Positive,0.5365091038903144,model,False
তিনি কি ছিলেন মুক্তিযুদ্ধের সময়?,Dhaka,,,Sarcastic_negative,0.6374925643317004,model,False
আমার আইডিটা ফলো করে দাও,Dhaka,,,Negative,0.4485927310613093,model,True
এইটা ফজলুর রহমানরে দেওয়া দরকার ছিল,Dhaka,,,Neutral,0.6678763564963586,model,False
ধন্যবাদ।।,Dhaka,,,Positive,0.7136673150457586,model,False
হাসবো না কাদবো?? সবাই একটু বলে যান।,Dhaka,,,Sarcastic_negative,0.5447095206878544,model,False
"""বাহের কোটায় মুক্তি যুদ্ধ মন্ত্রী, মুক্তিযোদ্ধা লিস্টে হেতার নাম জানি চলে আসে না আবার।""",Dhaka,,,Negative,0.5332246304417978,model,False
উনি মুক্তিযোদ্ধা,Dhaka,,,Sarcastic_negative,0.4254656067338009,model,True
আল্লাহই জানেন এখন আবার কোন ইতিহাস পড়তে হয়,Dhaka,,,Negative,0.6858437943397776,model,False
অভিনন্দন,Dhaka,,,Negative,0.4275681327993306,model,True
হা হার সংখ্যা এত বেশি কেন,Khulna,,,Sarcastic_negative,0.698240591218888,model,False
প্লিজ কেউ ফলো করে দেও,Dhaka,,,Positive,0.4207055356502069,model,True
আসসালামুয়ালাইকুম আমার প্রিয় বন্ধুরা সবাই ফলো করে পাশে থাকবেন আমার ছোট পরিবারের,Dhaka,,,Negative,0.5847078304233556,model,False
ভেঙে দেওয়া হলো অন্তর্বর্তী সরকার রাজনৈতিক অঙ্গনে নতুন মোড়—সরকারি সিদ্ধান্তের পর আনুষ্ঠানিকভাবে অন্তর্বর্তী সরকারের কার্যক্র…,Dhaka,,,Negative,0.5242693028326797,model,False
ধন্যবাদ,Dhaka,,,Positive,0.7136673150457586,model,False
ওনার চেহারা টা দেখলেই ঐযে ঠেলাঠেলি করেছিলো এটার কথা মনে পড়ে । ওনাকে প্রতিমন্ত্রী দিছে কারন উনি ঠেইললা যুদ্ধ করতে পারে তাই,Comilla,,,Negative,0.5206191343320398,model,False
খুব সুন্দর সাজানো গোছানো,Dhaka,,,Sarcastic_negative,0.439062005352995,model,True
এগিয়ে যান ভাই,Dhaka,,,Positive,0.499444229764252,model,True
Manush kuje painai,Chattogram,Chittagong,Rajshahi,Sarcastic_negative,0.446958159785358,model,True
মাত্র ২০০ টাকা কেজি,Dhaka,,,Sarcastic_negative,0.5338160001436278,model,False
ছোট আইডি সবাই একটু সাহায্য করবেন যেন বড় কিছু করতে পারি …,Dhaka,,,Sarcastic_negative,0.527355780142071,model,False
বাংলাদেশ জাতীয়তাবাদী সাইবার দল নাটোর জেলা শাখার পক্ষ থেকে প্রানঢালা শুভেচ্ছা ও অভিনন্দন শুভ কামনা অবিরাম …,নাটোর,Natore,,Negative,0.4556317034494584,model,True
সবাই হাহাহা দিচ্ছে কেন,Dhaka,,,Sarcastic_negative,0.5482398755020873,model,False
Kopal,Chittagong,,,Sarcastic_negative,0.5154165082527449,model,False
মুক্তিযোদ্ধা সার্টিফিকেটটাও দিয়ে দেওয়া হোক,Dhaka,Barguna,,Sarcastic_negative,0.527536114771656,model,False
Oni Abar kon muktijota,Dhaka,,,Sarcastic_negative,0.4485074033919694,model,True
উনি মুক্তিযুদ্ধের কি বুঝবে? বুঝলাম না। খেলা ধুলা তে দিলে ভালো হতো।,Dhaka,,,Sarcastic_negative,0.4036732574177705,model,True
অসাধারণ!,Dhaka,,,Sarcastic_negative,0.4837374550724015,model,True
ধাক্কাধাক্কি বিষয়ক মন্ত্রী তে দেন,Khulna,,,Sarcastic_negative,0.744242922748539,model,False
এই ও দেখা লাগলো বাঙালির,Khulna,,,Negative,0.73211044955257,model,False
সেই পেটে থাকতে যুদ্ধ করছে এই বেডায় ভাবা যায়! এর লাইগাইতো এই মন্ত্রণালয় পাইছে,Barisal,,,Negative,0.8455707002457169,model,False
সংসদে যেমন দেরি করে গেছে এদেশে কোনো যুদ্ধ লাগলে তার নির্দেশ যদি এমন দেরি করে দেয় তাহলে তো খেল খতম,Dhaka,,,Sarcastic_negative,0.4720664953211164,model,True
একে মন্ত্রনালয়ে মানায় না একে মানাই জোর করে ক্ষমতা নেওয়ার আন্দোলনে,Dhaka,,,Sarcastic_negative,0.4788080843687745,model,True
হেতেনের জন্ম শুক্কুরে শুক্কুরে আট সে মুক্তিযোদ্ধা মন্ত্রী হয় কেন কিভাবে?,Barisal,Chandpur,,Sarcastic_negative,0.8061021564917681,model,False
জনাব ২০২৮ সাল পর্যন্ত ইনশাআল্লাহ,Dhaka,,,Positive,0.5412750896307011,model,False
এ কি মন্ত্রী হবার যোগ্য?,বগুড়া,ময়মনসিংহ,Dhaka,Neutral,0.9471554728865296,model,False
মুক্তিযুদ্ধ কি উনি কি এটা জানে.?,Dhaka,,,Negative,0.5148466681002688,model,False
এহন সবাই বইয়ে জিয়া পরিবারের মুক্তিযুদ্ধের ইতিহাস পড়বো,Dhaka,,,Negative,0.7982051794649859,model,False
ঘেরাও করে মুক্তিযুদ্ধে সফল হয়েছিল বাংলাদেশ,Tangail,,,Positive,0.4611430768647432,model,True
কাচা কাজ হয়েছে,সিলেট,Sylhet,Habiganj,Sarcastic_negative,0.6094530846901133,model,False
ফজলু পাগলাম হয়ত ডায়রিয়া হয়েছে তাই...,সিলেট,Sylhet,,Sarcastic_negative,0.5828220757236364,model,False
ক্রীড়া বিষয়ক মন্ত্রী উপমন্ত্রী দেয়নি শুকরিয়া।,Chittagong,,,Sarcastic_negative,0.7004481820608962,model,False
ঠোটে লিপস্টিক কম হয়েছে আরএকটু হলে সুন্দর লাগতো,Dhaka,Gazipur,Sirajganj,Sarcastic_negative,0.4233584673406196,model,True
Tar birodde j kico bolbe ee.. Akta rajakar,Narayanganj,,,Negative,0.4236771541647708,model,True
লাগারে লাগা সোয়াবিন লাগা......,Dhaka,,,Sarcastic_negative,0.4138628498318324,model,True
এখন হালা হুমন্দি সব হয়ে যাবে মুক্তিযোদ্ধা,Dhaka,Chittagong,Noakhali,Sarcastic_negative,0.7165167289432681,model,False
"""মাথায় গিলু,ই পদে এর থাইকা ফজা পাগলাই ভালো ছিল""",Sylhet,Habiganj,,Sarcastic_negative,0.54391116330927,model,False
ফজু পাগল কে দিলো না কে,Dhaka,,,Sarcastic_negative,0.688162592936099,model,False
মুক্তিযোদ্ধা ইশরাক হোসেন,Dhaka,Narsingdi,,Sarcastic_negative,0.8250257984074889,model,False
ব্রেইন ছাড়া ইশরাক,Sylhet,,,Sarcastic_negative,0.6332515008196977,model,False
ভাবছিলাম বিএনপি ২ বছর টিকবে এখন দেখি ১ বছর ও পারবে না,Dhaka,,,Negative,0.6104522698581517,model,False
বাবার মুক্তিযুদ্ধের কোটায় ছেলে নিয়োগ।,Dhaka,Barisal,,Sarcastic_negative,0.521524422099496,model,False
স্যালুট বীর মুক্তিযোদ্ধা ইশরাক হোসেন কে,Dhaka,,,Sarcastic_negative,0.7950824734535932,model,False
শুভ বুধবার। …,Chittagong,Chandpur,,Neutral,0.5176737272539164,model,False
গেয়ি ভ্যাস তেল লেনে,Dinajpur,,,Sarcastic_negative,0.4636622798154207,model,True
নগর ড্যাডি বিষয়ক মন্ত্রনালয় দিলে ভাল হবে,বরিশাল,Dhaka,Barisal,Sarcastic_negative,0.4751821765467319,model,True
Akhon r dhakka dhakki korte hbe nahh.....amni seat raikha dbe,Mymensingh,Sherpur,,Sarcastic_negative,0.4128580465406032,model,True
বীর মুক্তিযোদ্ধা ইশরাক ভাই,Dhaka,Tangail,,Sarcastic_negative,0.775233365712099,model,False
এই পোস্ট দেখার পর জিবন যুদ্ধেই হেরে গেলাম,Dhaka,Sylhet,Gazipur,Negative,0.73226720449917,model,False
নতুন চেতনা লোডিং....,Dhaka,,,Sarcastic_negative,0.6185010639622393,model,False
ধাক্কাধাক্কি মন্ত্রি দিলে ভাল হইত,Dhaka,,,Sarcastic_negative,0.6289988675670407,model,False
আহ্,Dhaka,Kishoreganj,,Sarcastic_negative,0.6598777551039872,model,False
জনতার মুক্তিযোদ্ধা,Dhaka,,,Sarcastic_negative,0.7349461859843772,model,False
ধাক্কায় কাজ হয়েছে,Khulna,,,Sarcastic_negative,0.5559982757572299,model,False
নগর ডেন্ডি,Chittagong,,,Sarcastic_negative,0.4617130019469523,model,True
Fojlur rohman ke banano drkar chilo,Dhaka,Barisal,,Sarcastic_negative,0.4346510154139626,model,True
যারা মুক্তিযোদ্ধা তাদের কে মুক্তিযোদ্ধা বিষয়ক মন্ত্রী না দিয়ে শিশু কে দেই,Dhaka,,,Sarcastic_negative,0.866417959489162,model,False
অভিনন্দন আমাদের গর্ব বাংলাদেশের মাটি মানুষের নেতা শুভকামনা রইল,Jamalpur,,,Positive,0.4933306935547799,model,True
তারেক রহমান জামাতের আমিরকে মন্ত্রী বানাবেন আর জামাতের আমি এর সাথে তা....See,Mymensingh,,,Negative,0.7721392832655585,model,False
সমস্যা নাই ভাই। পুরো পৃথিবী আপনার বিপক্ষে থাকলেও আমি পৃথিবীর পক্ষে।,Dhaka,Kishoreganj,,Positive,0.5900998207137393,model,False
"""হইতে চাইছিলাম মেয়র, বানাইলেন প্রতিমন্ত্রী।""",Tangail,,,Sarcastic_negative,0.4600830546995791,model,True
পাগলারে দিছে আরো চেতাইয়া,Chittagong,Lakshmipur,,Sarcastic_negative,0.4071373899733801,model,True
Onake amar protimonti dile valo hoy.,Dhaka,Barisal,Bhola,Neutral,0.4982705912161118,model,True
মুক্তিযুদ্ধ বিষয়ে ইশরাক কী জানে? ওর বয়স কত? বিএনপি নাকি স্বাধীনতার দল? একজন মুক্তি যোদ্ধা নেই এই মন্ত্রণালয়ের জন্য???,Chittagong,,,Negative,0.8227960606300561,model,False
মুক্তিযুদ্ধ মানেই জাতির ড্যাডি বঙ্গবলটু আর নগর ড্যাডি ইশরাক,Dhaka,,,Sarcastic_negative,0.4965954192862,model,True
Muktijuddho bishoyok montri Thela-theli bishoyok montri️,Sylhet,Sunamganj,,Neutral,0.4675143019458866,model,True
আরো বেশি করে ভোট দেও বাঙালি জাতি,Dhaka,Narsingdi,,Positive,0.8836021993865241,model,False
সামলাতে পারবে গায়ের জোর আসে না,Panchagarh,,,Negative,0.5755385407276998,model,False
মেথর,Chittagong,Sylhet,,Sarcastic_negative,0.4568432813850192,model,True
ওর জন্য এটা অতিরিক্ত হয়ে গেছে!,Dhaka,,,Sarcastic_negative,0.4588891430756254,model,True
How,Dhaka,Netrokona,,Sarcastic_negative,0.4696076907162322,model,True
সাওয়া মন্এী,Chittagong,Comilla,,Neutral,0.4153692815122276,model,True
"""দুঃখের বিষয় হচ্ছে তার বাবার সাথে যে রাজনীতি করেছে সে কিন্তু মন্ত্রীর মর্যাদা পেল না, বাংলাদেশে ছয়বার এমপি জয়নাল আবদীন ফারু…""",Chittagong,Noakhali,,Positive,0.4616883257716936,model,True
ভাই তার আব্বা যুদ্ধ করছে নি আমার কাছে সন্দেহ হয়,Dhaka,,,Negative,0.8500849152008935,model,False
আরে তোমরা তো জানোই না আমি আর ও এক সাথে যুদ্ধের মালামাল সরবরাহ করছি।,Dhaka,,,Negative,0.5880466269623096,model,False
একদম ঠিক আছে,Dhaka,,,Negative,0.576189771347336,model,False
"""মন্ত্রণালয় যদি না দিত, তিনি পাঁচ ে সংসদ ঘেরাও কর্মসূচি দিয়ে নিজে নিজেই মন্ত্রীর শপথ পড়ে ফেলতেন!""",Dhaka,Chittagong,Gopalganj,Sarcastic_negative,0.442770518021181,model,True
দেশটা চাঁন্দের দেশে চলে গেছে মনে করেন আর কিছু বাকি নাই।,Dhaka,Barisal,Pirojpur,Sarcastic_negative,0.4575509583851465,model,True
বয়স কম,Chittagong,,,Negative,0.6398670107581953,model,False
এই দেশ তাইলে শেস কটি মানুষের প্রান চলে গেলেও এই দেশ কখোনো ঠিক হবে না,Dhaka,Noakhali,,Negative,0.4326473164952542,model,True
সুধু মন্ত্রী পদ দিলে হবে না ঠেলাঠেলি জন্য ওকে নোবেল দিতে হবে তারেক ভাই,Dhaka,,,Neutral,0.8159018973757551,model,False
কামড়াকামড়ি করে সমনে এগিয়ে যাবে,Dhaka,,,Positive,0.6786700554488274,model,False
ইতা মুক্তযুদ্ধের ইতিহাসও জানে না।তারে একটা GK বই গিফ্ট করতে চাই,চট্টগ্রাম,কক্সবাজার,Chittagong,Negative,0.6673836557390265,model,False
কেমনে কি? সে কি মুক্তি যুদ্ধ বিয়ষ কিছু বুঝে।,Chittagong,Bandarban,Cox's Bazar,Sarcastic_negative,0.8069522033799106,model,False
আর জাকে ধর্ম মন্ত্রী করা হয়েছে তার সর্বোচ্চ শিক্ষাগত যোগ্যতা SSC সব আমাদের হাতের কামাই,Dhaka,,,Negative,0.4141705576804135,model,True
Rifat Hossain Rahat Rayhan Islam ei dek hala baji dhorsili nh,Dhaka,Patuakhali,,Sarcastic_negative,0.4265031033711801,model,True
Keno?,Dhaka,Khulna,Jessore,Neutral,0.4160941512878474,model,True
Ekhon oi bolbe tarek rahaman ow juddo korse,Cumilla,Comilla,,Sarcastic_negative,0.4214251135485065,model,True
দেশটার হোগামারা কমপ্লিট,Dhaka,,,Negative,0.425153696924319,model,True
hagar montri.khusir thelay haha astase,Narayanganj,,,Neutral,0.428470878743429,model,True
সংবিধান অনুযায়ী বাংলাদেশের ১৩তম জাতীয় সংসদ নির্বাচনের যেহেতু কোনো বৈধতা নেই অর্থাৎ ২০২৬ সালের জাতীয় সংসদ নির্বাচন অবৈধ সুতরাং …,Dhaka,,,Sarcastic_negative,0.5154008556136318,model,False
"""ভাগ্য ভালো দলের সিদ্ধান্তে হয়েছেন, নয়তো নিজে নিজেই মন্ত্রিত্বের শপথ নিতেন.!""",Gazipur,,,Negative,0.4299376809870358,model,True
হয়চে না ইয়াং বেডা রে কি দিসে,Dhaka,Mymensingh,,Sarcastic_negative,0.6574816226020415,model,False
Ai bar juddho lagboi,Dhaka,Barisal,Bhola,Sarcastic_negative,0.4582120504208271,model,True
মুরগি যুদ্ধা,Comilla,,,Sarcastic_negative,0.439587852956482,model,True
আস্তা একটা ভ'কলম,Dhaka,,,Negative,0.4284584206793843,model,True
যার নাই মেয়র এর কাজ সম্পর্কে ধারনা আজ সে মন্ত্রণালয় চালাইবো,Dhaka,,,Negative,0.5863208626326708,model,False
জোকার,Dhaka,Mymensingh,,Sarcastic_negative,0.4711094615896162,model,True
রিমিনি এডিট,Barisal,,,Sarcastic_negative,0.4337780010477183,model,True
Ei halare keno jeno amr kache neshakhor mone hoy,Chittagong,Chandpur,,Sarcastic_negative,0.4174400070567738,model,True
Ore dekhle hashi ahe Amar,Dhaka,,,Sarcastic_negative,0.4985758285919292,model,True
মুক্তিযুদ্ধের চেতনায় এখন আর ঘুমানো যাবেনা,Rajshahi,,,Sarcastic_negative,0.4268530752190416,model,True
নয়ন রে দৌড়া দৌড়ি মন্ত্রী বানানো হোক,Dhaka,,,Sarcastic_negative,0.591090508376522,model,False
1987 সালে জন্ম হওয়া মানুষটা 71 এর মুক্তিযুদ্ধের কি বুঝবে বুঝে আসেনা।,Dhaka,,,Sarcastic_negative,0.5692053939850891,model,False
শেষ,Dhaka,,,Sarcastic_negative,0.4066272244670763,model,True
একেবারে জায়গা মত দিছে তার মতো যোদ্ধা একটাও নাই বি এন পি তে কয় আগেও হেতারে দেখলাম যুদ্ধ করতে শহিদ মিনারে,Bagerhat,,,Negative,0.556643147064822,model,False
বয়স হয় নাই ৪০ দিয়া দিছে মুক্তিযোদ্ধা বিষয়ক হো***সারা আকাশ ভরা তারা..!,Dhaka,,,Sarcastic_negative,0.5414355536711432,model,False
"""২য় পলক ।হোগামা,,,,,,,,রা সারা""",Chittagong,Barisal,,Negative,0.5196916139842199,model,False
আলহামদুলিল্লাহ। মুক্তিযুদ্ধের স্বপক্ষের লোক।,ঢাকা,Dhaka,,Positive,0.5602554981206831,model,False
Gaja kheye pod dise mone hocche,Dhaka,Cox's Bazar,,Sarcastic_negative,0.5064965143440955,model,False
"""কিছু পর হবে """"বীর মুক্তিযোদ্ধা ইসরাক হোসেন """"""",Dhaka,,,Neutral,0.474290610601181,model,True
আমার মনে হয় তার জন্ম আগে যুদ্ধ হয়েছে,লালমনিরহাট,Lalmonirhat,,Sarcastic_negative,0.5171352467891388,model,False
"""ঠেলঠেলি যোদ্ধা,,,""",Dhaka,Rangpur,,Sarcastic_negative,0.5002652495872447,model,False
Kon sector লড়ায় করচে সে শেখ হাসিনা তো বলতো বি এন পি কে রাজাকার,Dhaka,,,Sarcastic_negative,0.6064963428062101,model,False
২ বছর ও টিকবে নাকি সন্দেহ,Dhaka,,,Sarcastic_negative,0.5871569069677316,model,False
আচ্ছা এ মন্ত্রনালয়ের কাজ কি?,Khulna,,,Sarcastic_negative,0.497693158915885,model,True
প্রধানমন্ত্রী - লন্ডন | স্বরাষ্ট্র - ভারত | পররাষ্ট্র - আমেরিকা |…,Dhaka,,,Negative,0.4859031014185636,model,True
"""কয়েক পরে মনে হয় নতুন করে মিডিয়া প্রকাশ করবে, বীর মুক্তিযোদ্ধা """"ইশরাক হোসেন """"""",Dhaka,,,Sarcastic_negative,0.4464254159113665,model,True
না ঠিক ই আছে সব জায়গায় তো যুদ্ধ ই করে হালায়,Chittagong,,,Negative,0.5932620287369178,model,False
সবারই খাওয়ার অধিকার আছে। বেচারাকে দেওয়ার জায়গা ছিল না তাই সেখানে দেওয়া হয়েছে,Dhaka,,,Neutral,0.5688941171719998,model,False
এই পুষ্ট দেখার পর আধা হাসছি,Sylhet,,,Negative,0.8947559684271915,model,False
ওওমাকালো,Dhaka,,,Sarcastic_negative,0.4107991263501711,model,True
শেষ যুদ্ধ টা রে ও খাইয়া দিবে,Dhaka,Kishoreganj,,Sarcastic_negative,0.6560279954666899,model,False
ওর দাদা দেখেছে মুক্তিযুদ্ধ? ওকে দিছে মুক্তিযুদ্ধ মন্ত্রনালয় এর দায়িত্ব,Dhaka,,,Sarcastic_negative,0.5537528833235481,model,False
মুক্তিযোদ্ধার হোগামারা সারা,Khulna,Bagerhat,,Sarcastic_negative,0.6059008536444288,model,False
Or vhason er speech sunle jei freedom fighters ra becha ase shock kheye more jba,Dhaka,,,Sarcastic_negative,0.5275866723523367,model,False
"""কয় পরে সেও জাতির কাছে বলবে, সেও ৭১ রে যুদ্ধ করেছে""",ময়মনসিংহ,Dhaka,Mymensingh,Negative,0.4366068381250032,model,True
খেলা হবে নিরাপদে,Rangpur,,,Neutral,0.8689175225211951,model,False
nogor daddy,Rajshahi,,,Sarcastic_negative,0.468250396806592,model,True
এই কি মুক্তিযোদ্ধা? না,Dhaka,Naogaon,,Negative,0.7584167236508977,model,False
"""ও মুক্তিযুদ্ধের সময় জন্মেছিলো,???""",Dhaka,,,Sarcastic_negative,0.6463799520545596,model,False
শান্তি চুক্তির পুরো পুরী ওলঙন করছে বিএমপি,Dhaka,,,Negative,0.4889712625142829,model,True
নতুন ভাবে নাতি পুত্রের সৃষ্টি হবে,Chittagong,Rajshahi,,Neutral,0.9262449250954032,model,False
রাম পাঠা,Dhaka,,,Sarcastic_negative,0.5059896586032292,model,False
মেয়র হতে পারে না এখন এক ঠেলায় থাকবো মন্ত্রী জয় বাংলা খেলা হবে রাজপথে।,Dhaka,Chandpur,,Neutral,0.4281601594619753,model,True
কারে কি দিছে রে ভাই,Narayanganj,,,Sarcastic_negative,0.4100319373696722,model,True
কিন্তু ইশরাক শপথ ই তো নিলো রাজাকার দের সাথে।,Tangail,,,Sarcastic_negative,0.4432005440585911,model,True
১৯৭১ সালে জিয়াউর রহমানের সাথে থেকে মুক্তিযুদ্ধ করছে কমান্ডো ইসরাক হোসেন,Dhaka,,,Negative,0.5881092005102083,model,False
"""বাবার নাম টা ডুবাইলো,,""",Dhaka,Khulna,Satkhira,Negative,0.4375953880510623,model,True
দুইজন বীরশ্রেষ্ঠদের নাম জানে কি না সন্দেহ,Khulna,,,Negative,0.4956464543723763,model,True
মানে কোনোরকম একটা পতাকাবাহী গাড়ী পেলেই হলো!,Dhaka,Kishoreganj,,Sarcastic_negative,0.4083036291150608,model,True
এবারে এই মন্ত্রনালয় হবে হজবরল,Barisal,,,Neutral,0.5420558033855046,model,False
"""কমেন্ট পড়ার অভ্যাস টা ছাড়তে পারলাম না, এমন ভাবে কমেন্ট পড়ছি যেন কমেন্ট পরীক্ষায় আসবে""",Dhaka,,,Negative,0.7139252426211782,model,False
ঠ্যালার জোর আছে মানতে হবে,Dhaka,,,Neutral,0.8691783765775536,model,False
যোগ্যতা কোন বিষয় নয় দলের ভিতরে সব মন্ত্রী রাখতে হবে,Chandpur,,,Neutral,0.4698885463265527,model,True
অভিনন্দন,Dhaka,,,Negative,0.4275681327993306,model,True
চেতনা,Dhaka,Chittagong,Lakshmipur,Sarcastic_negative,0.7148230418630304,model,False
লেদা পোলারে দিছে কি এটা,Dhaka,,,Negative,0.554522859314734,model,False
অনুষ্ঠানে ধাক্কাধাক্কি নিয়ন্ত্রণ বিষয়ক মন্ত্রী দিলে নিজেই কিছুটা সংশোধন হতো আর কি।,Chittagong,,,Sarcastic_negative,0.6704070779054543,model,False
ALHAMDULILLAH BLESS YOU DEAR UNCLE,Dhaka,,,Sarcastic_negative,0.5038804376641459,model,False
এখানে ফজলুর হলকে দিলে ভালো হত,Dhaka,,,Sarcastic_negative,0.5588843295225947,model,False
মুক্তি যুদ্ধ ভাতা পাবে বহু দলীয় মুক্তি যুদ্ধা।,Dhaka,Chittagong,,Negative,0.563969188878668,model,False
২৪ বছরের ছেলেরা এবার ভাতা নিবে,Dhaka,Dinajpur,,Sarcastic_negative,0.5143637957127934,model,False
মাননীয় মন্ত্রী মহোদয় লীগ সরকারের আমলে দেওয়া ভুয়া মুক্তি যোদ্ধাদের সনদ বাতিল করবেন কি?,Comilla,,,Negative,0.4872992215893786,model,True
এটা কোন কথা অনেকের পদ গুলো তাদের ক্যারেক্টার এর সাথে যায় না যেমন সালকুম একজন আর একজন ইনি কোনো কথা এটা,Dhaka,,,Positive,0.5976831977136726,model,False
বয়স কি হয়ছে তার মুক্তিযুদ্ধ বিষয়ক প্রতিমন্ত্রী দিসে??,Dhaka,Mymensingh,,Sarcastic_negative,0.4935111915532827,model,True
এখন সে বলবে যুদ্ধের ঘোষণা আমি দিছিলাম …,Dhaka,Gazipur,,Sarcastic_negative,0.4695488007105149,model,True
ফজু কই,সুনামগঞ্জ,Dhaka,Sunamganj,Sarcastic_negative,0.6685703447157205,model,False
সবাই দেকে জান,Dhaka,,,Neutral,0.5443274743640127,model,False
পাদ হাগু বিষয়ক মন্ত্রনালয় দিলে ভালো হতো,Dhaka,,,Sarcastic_negative,0.6646927401360785,model,False
ফি আমানিল্লাহ্,Dhaka,,,Negative,0.73531192303596,model,False
Asif mahmud er khobor ase,Dhaka,,,Sarcastic_negative,0.4557438212280466,model,True
ওকে নিজে নিজেই ঘোষণা দিয়ে দিল। না এই অভ্যস্ত তারা আছে।,Dhaka,,,Negative,0.8103827712393185,model,False
"""“ফলো মানে নতুন সম্পর্কের শুরু, আর কমেন্ট মানে সেই সম্পর্ককে সুন্দরভাবে ধরে রাখা।…""",Dhaka,,,Negative,0.5525633360476702,model,False
হাসুন প্রাণ খুলে,Dhaka,,,Sarcastic_negative,0.4777908435192309,model,True
এতে মুক্তি যোদ্ধার কী বুঝে!!,Dhaka,Comilla,,Sarcastic_negative,0.6981165685664408,model,False
Bangladesh is planning to go back 50 yrs..,Dhaka,,,Neutral,0.7517604710162759,model,False
ইশরাক ভাইকে এই মুহুর্তে শিশু বিষয়ক মন্ত্রনালয়ের দায়িত্ব দিলে ভালো হত।,Dhaka,Faridpur,Rajbari,Sarcastic_negative,0.4757695102020592,model,True
গেরাও বিষয়ক প্রতিমন্ত্রী হলে ঠিক আছে,Comilla,,,Negative,0.5163066887971399,model,False
তালা বাবা।,Brahmanbaria,,,Sarcastic_negative,0.4759694037500914,model,True
এর বয়স কতো জানি,Chittagong,,,Negative,0.5865542535289934,model,False
খতম টা টা বাই বাই,Dhaka,Bagerhat,,Sarcastic_negative,0.5353804842169475,model,False
যেখানে মুক্তি যুদ্ধের ক টাও বুঝে না,Panchagarh,,,Sarcastic_negative,0.6060597941806579,model,False
এবার কি আরো মুক্তিযোদ্ধা বাড়বে?,Rangpur,Dinajpur,,Positive,0.5857306235096067,model,False
ঠেলাঠেলি বিষয়ক মন্ত্রী,Dhaka,,,Sarcastic_negative,0.8316414135965585,model,False
শিশু মুক্তিযুদ্ধা,সিলেট,Dhaka,Sylhet,Sarcastic_negative,0.684533683319455,model,False
হে মুক্তিযুদ্ধের কিতা বুঝে,সিলেট,Sylhet,Sunamganj,Sarcastic_negative,0.656991801560698,model,False
ওর বয়স কত,Chittagong,,,Negative,0.5930441688324832,model,False
"""নিজের চ্যানেল বলে কথা, সব কিছু অ্যাডভান্স লেখে দেওয়া যায়,""",Dhaka,Chandpur,,Positive,0.5428673951952373,model,False
হাসি পায়,শরীয়তপুর,Dhaka,Shariatpur,Sarcastic_negative,0.5135005638166219,model,False
এতো হাহাহা রিয়েক্ট কেন..?,Dhaka,Jamalpur,,Sarcastic_negative,0.6402997722430316,model,False
Faaaahhhh,Dhaka,,,Sarcastic_negative,0.4308803822535048,model,True
crickete thaka ta bhalo,Dhaka,,,Neutral,0.7244959514373635,model,False
what the heeellllll,Dhaka,,,Sarcastic_negative,0.454838443185576,model,True
পৌতৃক কোটা,Feni,,,Sarcastic_negative,0.3985024447422666,model,True
ডাইপার,সিলেট,Sylhet,,Negative,0.6503652621027437,model,False
ইশরাক জন্মের আগে কি কখনো মুক্তিযুদ্ধ দেখছে?,Dhaka,,,Sarcastic_negative,0.6921932814356587,model,False
এই কি মন্ত্রনালয় চালাতে পারবে?,Chittagong,,,Negative,0.6085490021258471,model,False
ok,Dhaka,,,Sarcastic_negative,0.4690146345842565,model,True
দুই পর দেখবো মুক্তিযোদ্ধার লিস্টে হেতার নাম হেতে মুক্তিযুদ্ধ বিষয়ক পুরস্কার পাইবো,Comilla,,,Sarcastic_negative,0.4575491780620837,model,True
উনি না মেথর স্যারি মেথর হবে,Dhaka,,,Neutral,0.9371069436185152,model,False
যাইহোক এই মন্ত্রণালয়ের কেও ঘেরাও দিতো না তিনি,Rajshahi,,,Negative,0.5393579517835407,model,False
অযোগ্য লোকজন কে এই সব কাজ দিচ্ছে কেনো,Chittagong,Lakshmipur,,Negative,0.4902726625100558,model,True
হাদা মোখ মাফি,Sylhet,,,Negative,0.4343676828183871,model,True
তার জন্ম ১৮০০ সালে সেজন্য সে মুক্তিযুদ্ধ বিষয়ক মন্ত্রী,Lalmonirhat,,,Sarcastic_negative,0.8099654303805666,model,False
Joker of the ministry,Dhaka,Pabna,,Neutral,0.4979443291469756,model,True
এইবার অরজিনাল মুক্তিযুদ্ধা দের খবর আছে,ঢাকা,Dhaka,Munshiganj,Sarcastic_negative,0.5404687584025377,model,False
মুক্তিযুদ্ধের ***,Dhaka,Sirajganj,,Sarcastic_negative,0.6357196527371167,model,False
হো*-/গা মারছে,Dhaka,,,Negative,0.5640464253183318,model,False
এইসব রাজাকারকে কী সব দায়িত্ব দেওয়া হইছে মুক্তিযুদ্ধ কী সে কী তা বোঝে,রাজশাহী,Rajshahi,,Negative,0.5216911908772,model,False
কাদেরের হোগামারা সারা,Dhaka,Bagerhat,,Sarcastic_negative,0.4563173999096617,model,True
ঠেলা ঠেলি যুদ্দা,Chittagong,,,Sarcastic_negative,0.5959215917035803,model,False
সার্কাস,Habiganj,,,Sarcastic_negative,0.4047527973605676,model,True
"""কুছ ভি,,,,""",Feni,,,Sarcastic_negative,0.4160656263342553,model,True
তখন তো ওর জন্মই হয়নি ও মুক্তি যুদ্ধের কি বুঝবে ? আর মুক্তি যুদ্ধ বিষয়ক মন্ত্রণালয়ের কি দরকার বুঝি না ?,Dhaka,Meherpur,,Sarcastic_negative,0.6443218445275054,model,False
me,Dhaka,,,Sarcastic_negative,0.4146276795977892,model,True
এবার মুক্তি যোদ্ধার সংখ্যা বাড়বে,Dhaka,,,Positive,0.4025985987754119,model,True
কেন ওর ঘেরাও বিষয়ক মন্ত্রিত্ব কই???,Dhaka,,,Sarcastic_negative,0.7583688347499086,model,False
তিনশো কোটি লোডিং,Dhaka,,,Sarcastic_negative,0.4051399531602118,model,True
চেতনা,Dhaka,Munshiganj,,Sarcastic_negative,0.7148230418630304,model,False
জনতার মেথর এখন চেতনা বেঁচে খাবে।,Khulna,Jessore,,Sarcastic_negative,0.5747011665340493,model,False
এই লোক মুক্তিযুদ্ধের চেতনা ভালো বিক্রি করতে পারে তাই উনাকে মুক্তিযুদ্ধ বিষয়ক প্রতিরক্ষা মন্ত্রী করা হয়েছে।,Narayanganj,Comilla,,Negative,0.510128693056568,model,False
বেশি মানুষ হা হা দেয় কেন !! বুঝিনা ব্যাপারটা,Chittagong,,,Negative,0.4043143815829813,model,True
Best wishes,Dhaka,Chittagong,Noakhali,Sarcastic_negative,0.4226513474368253,model,True
এখন থেকে ঘেরাও কর্মসূচি মিস করব,Dhaka,Kushtia,,Positive,0.8415135480578854,model,False
বাচ্চা পোলা মুক্তিযুদ্ধের কী বোঝে!!,Dhaka,,,Sarcastic_negative,0.4765452429791687,model,True
অভিনন্দন,Bagerhat,,,Negative,0.4275681327993306,model,True
হেতে কি মুক্তিযুদ্ধ করছিল নাকি,Chittagong,,,Negative,0.5475067646863502,model,False
oi babi,Dhaka,,,Sarcastic_negative,0.4461690377436608,model,True
কানা হায়দার,Barisal,,,Sarcastic_negative,0.5111557099601645,model,False
ঘেরাউ মন্ত্রী করলে সব থেকে ভালো হইতো,Dhaka,Barisal,,Sarcastic_negative,0.5752053514532106,model,False
Md Sarour Hossain Mahi Md. Forhad Hossain,Rajshahi,,,Neutral,0.6413444913914562,model,False
দুই পর দেখবে জাতি মুক্তিযোদ্ধার লিস্টে হেতার নাম,Dhaka,,,Negative,0.5222964577143948,model,False
এলকোহল বিষয়ক,Dhaka,,,Sarcastic_negative,0.5442433987728615,model,False
বাপের নাম কি করে ডুবাতে হয় তা ইশরাক থেকে শিখে নেন সবাই।,Dhaka,,,Sarcastic_negative,0.5057601599569859,model,False
Hahaha,Dhaka,Khulna,,Sarcastic_negative,0.4367710463019045,model,True
"""আবার দেশে যুদ্ধ হোক,,আমাদের মুক্তিযুদ্ধা হতে হবে""",Dhaka,,,Neutral,0.5132667733004919,model,False
বিপ বিপ,Dhaka,Sirajganj,,Sarcastic_negative,0.4974204404276826,model,True
"""এখন থেকে জামাতের নতুন নতুন রাজকারদের নাম শুনতে পাবে জাতি,,১৯৯৬ সালে যারা জন্ম হয়ছে,২০১৬ সালে যারা হয়ছে তাদের নাম ও চলে আসতে প…""",Dhaka,,,Negative,0.4446826807964766,model,True
ঠেলাঠেলি মন্ত্রীত্ব পেলে খারাপ হতোনা,Dhaka,Faridpur,,Sarcastic_negative,0.7026604185941163,model,False
আওয়ামী লীগ এর আমলে মেয়র গতে পারে না এখন প্রতিমন্ত্রী,Dhaka,Kishoreganj,,Negative,0.4317587400549713,model,True
ফজলুর রহমান উনি কই,Dhaka,Faridpur,,Neutral,0.6063277704393347,model,False
দেশের হো+গা মারা শেষ,Dhaka,Barisal,,Sarcastic_negative,0.4028799579444225,model,True
Chota vim,Dhaka,Rangpur,,Sarcastic_negative,0.5021662068796542,model,False
আমার মনে হয় পাতি মন্ত্রী..,Cox's Bazar,,,Sarcastic_negative,0.5697144851118995,model,False
হেয় মুক্তি যোদ্ধার কি জানে?,Dhaka,,,Sarcastic_negative,0.4674296882315121,model,True
Nice,Dhaka,,,Sarcastic_negative,0.4429476133341003,model,True
হাসালো রে,Dhaka,Chittagong,Noakhali,Sarcastic_negative,0.5214111878680098,model,False
দেশের সাংগামারা সারা,Natore,,,Sarcastic_negative,0.4738371403004094,model,True
বা বা বা বাহ্! যতো যাচ্ছে শুধু সারপ্রাইজড আর সারপ্রাইজড,Dhaka,Rajbari,Pabna,Sarcastic_negative,0.4877032793690338,model,True
বাঁদরের গলায় মুক্তার মালা,Narayanganj,,,Sarcastic_negative,0.4639169507318187,model,True
রেন্ডিয়ান প্রদেশ হতে যাচ্ছে এই দেশ। দেশের আকাম শারা।,Dhaka,Chittagong,,Negative,0.5183862022575634,model,False
Metro Rail baica gese..,ঢাকা,Dhaka,Barisal,Sarcastic_negative,0.4078982858827071,model,True
হাস্যকর,Dhaka,,,Sarcastic_negative,0.4616131845706221,model,True
দেখা যাচ্ছে দুই পর উত্তর সিটির মেয়র দাবি করার মতো করে নিজেরেও মুক্তিযোদ্ধা দাবি করে বসছে জনতার মেথর মহোদয়,Dhaka,Jhenaidah,,Positive,0.4752168225034602,model,True
লে চোদন,Chittagong,Noakhali,,Negative,0.502991261242371,model,False
"""নতুন কিছু শিখলাম,,,,, এবং দেখলাম ছাগল দিয়েও হাল চাষ করানো যায়,,,,""",Dhaka,Barisal,,Negative,0.6328389619588398,model,False
এই মাধ্যমেই বি এন পি বুঝিয়ে দিলো যে তারা 71 এ মুক্তিযুদ্ধকে দুচে না,Dhaka,Gazipur,,Negative,0.4411908968087029,model,True
Redwan Ahmed,Dhaka,Sirajganj,,Sarcastic_negative,0.429360896074603,model,True
ও যুদ্ধ করতে করতে মন্ত্রী হয়ে গেলো,Dhaka,Narsingdi,,Sarcastic_negative,0.8550629163644299,model,False
আল্লাহ তাঁকে সবই দিছে শুধু ব্রেইনটা ছাড়া।,Chittagong,Sylhet,,Negative,0.4312406963845516,model,True
ঝাড়ু আর ব্যাট পেলো না,Dhaka,,,Positive,0.715896313897942,model,False
হোগামারা সারা,Dhaka,,,Sarcastic_negative,0.4489193530045747,model,True
400কোটির মন্ত্রী,Dhaka,Rangpur,Nilphamari,Sarcastic_negative,0.7176736693002624,model,False
ঢাকা সিটির কি হবে?সিটির জনগণ ত তাদের নগর ডেডি কে হাড়িয়ে ফেলেছে,চট্টগ্রাম,Chattogram,Chittagong,Neutral,0.8501761998711096,model,False
Cdsere ছলিম,ঢাকা,Dhaka,Chittagong,Sarcastic_negative,0.4155452556830764,model,True
ধৈর্য মধুর চেয়ে মিষ্টি এটা প্রমাণ আজকে কোকা সাহেব এর জমিদার পুত্র চেয়েছে ঢাকা সিটির মেয়র হবে। কিন্তু জমিদার পুত্র ধৈর্য ধরার ক…,Dhaka,,,Neutral,0.748960183233179,model,False
মুক্তি যুদ্ধ কত সালে হয় জানে?,Dhaka,Feni,,Sarcastic_negative,0.485604025369765,model,True
নগর ডেডি,Dhaka,Gazipur,,Sarcastic_negative,0.4477223033095954,model,True
ফজু পাগলা কই?,Mymensingh,Sherpur,,Sarcastic_negative,0.7414215625136087,model,False
একটা বেয়াদব,Dhaka,,,Sarcastic_negative,0.4995614741075179,model,True
প্রতিমন্ত্রী ঠেলাঠেলি মন্ত্রী,Dhaka,Barisal,,Sarcastic_negative,0.6118524394853643,model,False
ফজু চাচাকে দেওয়া দরকার ছিলো।।।,Rangpur,,,Neutral,0.616389916322202,model,False
সেরা,Dhaka,,,Sarcastic_negative,0.5395085042883269,model,False
কমান্ড,Dhaka,,,Negative,0.47496238435982,model,True
যার নেতৃত্বে ধানমন্ডি ৩২ বুলডোজার দিয়ে ভাঙ্গা হয়েছে তাকে মুক্তিযুদ্ধে বিষয়ক প্রতিমন্ত্রী করা হয়েছে বিষয়টা হাস্যকর,Tangail,Sunamganj,,Sarcastic_negative,0.5540206331675862,model,False
বাপের কোটায়।।। উনি মেয়র হলে ভালো হতো।।। বয়স্ক কেউ দরকার।।।,Dhaka,,,Negative,0.4502725057545114,model,True
ঘেরাও মন্ত্রী,Dhaka,,,Sarcastic_negative,0.6943747329760769,model,False
মুক্তিযোদ্ধা ইসরাক হোসেন,Dhaka,Tangail,,Sarcastic_negative,0.6947638094219117,model,False
ঠেলাঠেলি বিষয়ক মন্ত্রী দিলে ভালো হতো এরথেকে,Dhaka,Narsingdi,,Sarcastic_negative,0.798391664283567,model,False
ইশরাক বাইন্সুদ,Dhaka,Khulna,Kushtia,Sarcastic_negative,0.6607577669931675,model,False
মুক্তি যোদ্ধাদের অভিজ্ঞতা নাই ছেলেদের আছে,Barisal,,,Negative,0.497411376871802,model,True
এক ঠেলাতেই ফকাত,Chittagong,Chandpur,,Sarcastic_negative,0.5045741447189214,model,False
ঘেরাও মন্ত্রী,Chittagong,Comilla,,Sarcastic_negative,0.6943747329760769,model,False
বিএনপির সব পোষ্টে সবাই হা হা রিয়েক্ট দেয়। অথচ এই বিএনপিই নাকি বিপুল আসনে জয়ী। সমাধান কি,ঢাকা,কিশোরগঞ্জ,Dhaka,Negative,0.8260293316110383,model,False
ঠেলি ধাক্কাইয়া মুক্তিযোদ্ধা হইয়া গেছে,Barisal,,,Sarcastic_negative,0.7258960867877737,model,False
কোথায় কি মন্ত্রী,Rajshahi,,,Sarcastic_negative,0.60162281469896,model,False
অপাত্রে দান,Barisal,,,Sarcastic_negative,0.5370232244928609,model,False
চেতনা ব্যবসা জমজমাট হবে,Dhaka,Gazipur,,Neutral,0.684639692438142,model,False
"""মুক্তি যোদ্ধার ছেলে মুক্তি যোদ্ধা মন্ত্রনালয়ের দায়িত্ব পেয়েছে, এতে রাজনীতি করার কিছু নেই।""",Chittagong,Sylhet,,Sarcastic_negative,0.4080429967351648,model,True
সুইপার,নীলফামারী,Rangpur,Nilphamari,Negative,0.6434228025719827,model,False
CADA,Dhaka,,,Sarcastic_negative,0.4411378931488166,model,True
এবার ঘেরাও করতে সুবিধা হবে,Dhaka,Rangpur,,Neutral,0.8275312569422449,model,False
অন্তত মুক্তিযোদ্ধা পরিবারের সন্তান। দেখা যাক কতটুকু করতে পারে,Dhaka,,,Negative,0.4169420553429914,model,True
ইশরাক তো মুক্তিযোদ্ধা,কিশোরগঞ্জ,Dhaka,Kishoreganj,Sarcastic_negative,0.7993275710584125,model,False
সেও এখন মুক্তিযোদ্ধা,Dhaka,,,Sarcastic_negative,0.4501200558070791,model,True
গপ গপ গপ,ঢাকা,Khulna,,Sarcastic_negative,0.4146276795977892,model,True
মুক্তিযুদ্ধের হোমাসা,Dhaka,,,Sarcastic_negative,0.6166352289442485,model,False
চলিতেছে সার্কাস,Dhaka,,,Negative,0.4393738211802245,model,True
মুক্তি যুদ্ধের সময় যার জন্মই হয়নি সে নাকি মুক্তি যুদ্ধা বিষয়ক মন্ত্রী,Dhaka,,,Sarcastic_negative,0.8261241930908285,model,False
মুক্তি যুদ্ধ সম্পর্ক ও কি জানে ওকে যে ঐ পদ দিলো,Dhaka,,,Negative,0.6599931255971178,model,False
শিশু মুক্তিযোদ্ধা মন্ত্রী,চট্টগ্রাম,Dhaka,Chittagong,Sarcastic_negative,0.8735117877394477,model,False
হায়রে অন্দের দেশ,Dhaka,,,Sarcastic_negative,0.516435130267523,model,False
ওর বয়স কত,ফরিদপুর,Dhaka,Faridpur,Negative,0.5930441688324832,model,False
ঘেরাও হবে,Sylhet,,,Neutral,0.9946957125248812,model,False
এডা বেশি হয়া গেলো,Bhola,,,Sarcastic_negative,0.628342847033411,model,False
কোটা না মেধা?,Dhaka,Naogaon,,Sarcastic_negative,0.3991360029441919,model,True
thela theli bisoyok protimontri,ঢাকা,,,Neutral,0.5874597474224352,model,False
Unare valo lagto liger amole..kintu uni akhon kotha batra bolen liger motoi,Thakurgaon,,,Sarcastic_negative,0.497709222896017,model,True
ফজলুর রহমানকে দেওয়া উচিত ছিল,Naogaon,,,Neutral,0.6658827237329166,model,False
জন্ম সালটা??,Nilphamari,,,Sarcastic_negative,0.6139894138170905,model,False
জন্ম ২০০০ সালে পড়ছে বঙ্গবন্ধুর ইতিহাস এ মুক্তিযুদ্ধ মন্ত্রণালয় এ কি করবে,Sirajganj,,,Negative,0.5521786440578441,model,False
"""সে মুক্তিযোদ্ধা বিষয় সম্পর্কে কি বুজবে,তার কি সে বিষয়ে নলেজ আছে,,তার কি জন্ম মুক্তিযুদ্ধের সময়,,,, পাগল ছুদা কথা, শুক্কুরে শু…""",Chittagong,,,Sarcastic_negative,0.4303215935889258,model,True
Right,Dhaka,,,Sarcastic_negative,0.4146276795977892,model,True
প্রতিমন্ত্রী প্রতিবন্ধী,Dhaka,Chittagong,,Negative,0.4572017702075279,model,True
এই মাল কিন্তু নিজে নিজেই শপত পরে মেয়রের চেয়ারে বসে।,Dhaka,,,Negative,0.8234019503877295,model,False
মাতাল ইশরাক,Barisal,,,Sarcastic_negative,0.6624345130653941,model,False
দেশের পু****কি মারা শেষ,Dhaka,,,Sarcastic_negative,0.4210999966516641,model,True
আচ্ছা ওনার জন্ম কত সালে? ওনি মুক্তিযোদ্ধ বিষয়ে কতটুকু জানেন? কসমেটিক দোকানদার রে ডাক্তারের চেয়ারে বসাইয়া দিলো।,Comilla,,,Sarcastic_negative,0.4437335038742536,model,True
joker,Dhaka,,,Neutral,0.7891075448658178,model,False
"""আপনি জেনে খুশি হবেন যে—(!!!) (!)আওয়ামী লীগকে আইনিভাবে নিষিদ্ধ হতে না দেওয়া আসাদুজ্জামান পেল আইন, বিচার ও সংসদ বিষয়ক মন্ত্রণাল…""",Dhaka,Rajshahi,,Neutral,0.4753874504518215,model,True
চার চোখ নিয়েও প্রতিমন্ত্রী কে দুই দুইবার!!প্রতিবন্ধী পড়লাম,Barisal,,,Negative,0.5957794638549889,model,False
বলদ কীভাবে প্রতিমন্ত্রী হয়,Gazipur,,,Sarcastic_negative,0.4956631321227907,model,True
"""মেয়র পদের জন্য তখন ঠিকই আ* ত্ন - হ* ত্যা করলে আজকে আর """" শিশু মুক্তিযোদ্ধা """" হওয়া লাগতো না ইশরাক ভাই ।""",Dhaka,,,Sarcastic_negative,0.5438898645515297,model,False
মুক্তিযুদ্ধ বিষয়ক ঠেলাঠেলি মন্ত্রী,কুমিল্লা,Dhaka,Comilla,Sarcastic_negative,0.8701361932232449,model,False
"""রাম পাঠার বাইচ্চা,,,,,,""",Dhaka,,,Sarcastic_negative,0.4487416371572055,model,True
এই একটা নাদান পোলা। কোন কি মুক্তিযুদ্ধ দেখছে। মুক্তিযুদ্ধের বই ও ইতিহাস ও ভালো করে জানেনা সম্ভবত। আর তাকে দিছে মুক্তিযুদ্ধ …,Dhaka,Rangpur,,Negative,0.6722782302082867,model,False
প্রতিমন্ত্রী লেখলো না প্রতিবন্ধী লেখলো?,Dhaka,Barisal,Bhola,Negative,0.6278033532443279,model,False
সে নিজে মুক্তিযুদ্ধের সঠিক ইতিহাস জানে না,Dhaka,,,Negative,0.589264667772166,model,False
Kihhh,Khulna,,,Sarcastic_negative,0.4137096190993512,model,True
জামাত এর আমিরকে দেওয়ার দরকার ছিলো,Rajshahi,,,Neutral,0.4715661982468402,model,True
দেশের হোগা মারা সারা,Dhaka,,,Sarcastic_negative,0.4278588980318202,model,True
"""প্রতিবন্ধী মন্ত্রী,""",Dhaka,,,Sarcastic_negative,0.6766810525468699,model,False
প্রতি মন্ত্রী পড়তে গিয়ে প্রতিবন্ধী পড়ে ফেলেছিলাম,Dhaka,Munshiganj,,Negative,0.5010923245614212,model,False
দেশের হো* মারা সারা,ফেনী,Feni,,Sarcastic_negative,0.463606605833059,model,True
Boka cda,Comilla,,,Sarcastic_negative,0.4013042992363018,model,True
MARA NEWS …,Dhaka,,,Sarcastic_negative,0.4569487115559885,model,True
Joker,Dhaka,Chittagong,,Neutral,0.7891075448658178,model,False
ভোটে চোরদের কেমনে মন্ত্রী মানি,Chittagong,,,Sarcastic_negative,0.6275040070787762,model,False
উচিত ছিলো মাদকদ্রব্য আমদানি প্রতিমন্ত্রী করা তারেক সরকার কাজটা কি করলো?,Dhaka,Barisal,,Negative,0.6172973535257268,model,False
Faltu,Dhaka,,,Sarcastic_negative,0.4466304427808382,model,True
প্রতিবন্ধী,Dhaka,,,Sarcastic_negative,0.4575877662189427,model,True
কুনুইমন্ত্রী,Dhaka,,,Sarcastic_negative,0.4782730182145007,model,True
শালায় প্রতিমন্ত্রী না প্রতিবন্ধী,Dhaka,,,Negative,0.5056956856308605,model,False
দেশের হুগা মারা সারা,Chittagong,,,Sarcastic_negative,0.4603414087488811,model,True
ওকি মুক্তিযুদ্ধ করছে যে ওরে মুক্তিযোদ্ধা মন্ত্রণালয়ের দায়িত্ব দিছস,গাইবান্ধা,Dhaka,,Sarcastic_negative,0.4724864592712164,model,True
ম*খোর রে দিসে মুক্তিযুদ্ধের মন্ত্রিত্ব,Dhaka,,,Sarcastic_negative,0.8359250063188698,model,False
"""সামান্য মেয়র হতে পারে নাই সেই নাকি হচ্ছে মন্ত্রী,,,বলার কিছু নেই""",Dhaka,,,Sarcastic_negative,0.6223256046071634,model,False
"""Sorry ইশরাক, প্রতিবন্ধী পড়ে ফেলছিলাম প্রথমে।""",চাঁদপুর,Chittagong,Chandpur,Sarcastic_negative,0.4827349345276244,model,True
মুক্তিযুদ্বে হোগা মারা সারা,Dhaka,,,Sarcastic_negative,0.549317478071308,model,False
এত হাস্যকর এই লোক,Dhaka,,,Negative,0.5824196475893372,model,False
মুক্তিযুদ্ধের ইতিহাসে ফেইল করা স্টুডেন্ট যখন মুক্তিযুদ্ধা বিষয়ক মন্ত্রী হয়,Dhaka,,,Sarcastic_negative,0.6037315954908479,model,False
এরে ঠেলাঠেলি যুদ্ধা হিসেবে ঘোষণা করা হোক,Dhaka,,,Sarcastic_negative,0.5586814403798516,model,False
কয় পর দেখা যাবে সংসদে তালা মেরে দিছে আমাদের নগর ডাকাত,Dhaka,,,Negative,0.7066876736997736,model,False
একটা ঘেরাও বিষয়ক মন্ত্রণালায় খোলা উচিৎ ছিলো। বিম্পি র যে কোন কাজের বিরোধিতা কারিদের কার্যালয় ঘেরাও করার জন্য। আর তার মন্ত্রী …,Dhaka,,,Sarcastic_negative,0.4573473727592247,model,True
প্রতিবন্ধী,Dhaka,,,Sarcastic_negative,0.4575877662189427,model,True
ঠেলাঠেলি মন্ত্রী,Chittagong,,,Sarcastic_negative,0.7886173311233484,model,False
ও ৭১ সালে শিশু মুক্তিযোদ্ধা ছিল আমি কিন্তু নিজে দেখেছি ওকে যুদ্ধ করতে,Dhaka,,,Sarcastic_negative,0.448092491378466,model,True
হতভাগা জাতি আমরা,Dhaka,,,Negative,0.7206874564340011,model,False
R lok paylo na.ajob.isjraq er moton chele re proti montri banayche.ajaira,কিশোরগঞ্জ,Dhaka,Kishoreganj,Neutral,0.5589721220202678,model,False
"""ফজু পাগলারে দিলেও মানা যেত,এর তো মুক্তিযুদ্ধের সময় জন্মও হয়নি এবার সব উল্টাপাল্টা হচ্ছে কেন""",Dhaka,Mymensingh,,Sarcastic_negative,0.7730508802325848,model,False
এই মাল ডা,Dhaka,Gazipur,,Negative,0.8119795754852382,model,False
হেতে তো খারা বলদ হেতে মুক্তি যুদ্ধের বুজে কি ওরে বানানো উচি ঠেলাঠেলি প্রতিমনএি,Chittagong,,,Sarcastic_negative,0.5474543045280545,model,False
যতসব চোর বাটপাররাই মনত্রি,Rangpur,,,Negative,0.8787901738947497,model,False
যে সকল মায়েদের সন্তান গর্বে তাদের কেউ রাজাকার বলতে পারে,Dhaka,,,Negative,0.5131622206465459,model,False
ডেন্ডি খোর,Dhaka,,,Sarcastic_negative,0.4403181974603614,model,True
দেশের মারা শেষ,Shariatpur,,,Sarcastic_negative,0.4121002459000659,model,True
Okay,Dhaka,,,Sarcastic_negative,0.445013308768655,model,True
Pathetic,Dhaka,,,Sarcastic_negative,0.5126828028936237,model,False
কনুই দিয়েই রাজাকারদের বিচার করবেন। নিউক্লিয়ার পাওয়ার্ড এলবো (কনুই),Jessore,,,Negative,0.5993212241495122,model,False
এই কুত্তার বাচ্চা পুটপুটে সুন্দর....,Dhaka,,,Negative,0.7878153431706362,model,False
খোঁজ নিয়ে দেখেন ওর দাদা মুক্তিযুদ্ধের সময় রাজাকার ছিলো,Dhaka,Sirajganj,,Negative,0.4594984156269769,model,True
এই পাঁচ বছরে দেশের হ*** মারা শেষ,Dhaka,,,Negative,0.557912516710674,model,False
Desh ta chuide saira dibe,Khulna,Jessore,,Neutral,0.4761491131921204,model,True
চোর,Dhaka,,,Negative,0.57172876997043,model,False
টাকলা মুরাদের কথা মনে পড়ে গেল।,Dhaka,Chittagong,Pirojpur,Sarcastic_negative,0.4981284040884253,model,True
ইশরাক হোসেন এর নিছে লেখা প্রতিমন্ত্রী …,Dhaka,Chandpur,,Sarcastic_negative,0.5926035124770935,model,False
দেশের হোগা মারা সারা,Dhaka,,,Sarcastic_negative,0.4278588980318202,model,True
এটা দেখার পর নিজেকে বাঙ্গালী পরিচয় দিতে লজ্জা লাগতেছে ।,Comilla,,,Negative,0.7039889517991771,model,False
------- যোগ্যতা বিষয় না নিজ দলের ভিতরেই সব মন্ত্রী রাখতে হবে,Dhaka,Mymensingh,,Neutral,0.5354852146282919,model,False
এরে মন্ত্রী না বানাইলে তারেক রহমান সাহেবের বাসা ঘেড়াও করতো আবার দিছে মুক্তিযুদ্ধ বিষয়ক মন্ত্রী যুদ্ধের সময় কি দুনিয়াত ছিলো ?,Sylhet,,,Sarcastic_negative,0.5179672517996817,model,False
পতিবন্ধি মন্ত্রী হলে ভালো হয়,Dhaka,,,Sarcastic_negative,0.7219074427177339,model,False
চুদলিং পং,রংপুর,Chittagong,Rangpur,Negative,0.6998326316298809,model,False
আমেরিকা ঘেরাও করা হবে।,Dhaka,,,Neutral,0.8600428525105456,model,False
এক ধাক্কায় এতদুর,Dhaka,,,Sarcastic_negative,0.4956353819441073,model,True
ওই কি বাল জানে মুক্তিযুদ্দ সম্পর্কে আগে ওর ইন্টারভিউ নিয়ে তারপর ওরে এই পোস্ট দেয়া দরকার ছিলো কলেজ ঠিক মতো শেষ করসে নাকি,Dhaka,Brahmanbaria,,Negative,0.6320227796344119,model,False
মুক্তিযুদ্ধ মন্ত্রণালয়ের কাজটা কি? ৫৩ বছরের মুক্তিযুদ্ধের কোন সঠিক ইতিহাস জাতিকে জানানো হয় নাই।সুতরাং এসব ফালতু মন্ত্রণালয়ে…,Chittagong,Noakhali,,Negative,0.4832517397846309,model,True
দেশের মানুষ এর রুচির উপ্রে কুত্তা মুইতা দিলো বুঝি,Noakhali,,,Negative,0.5173760188882567,model,False
হোগা মারা সারা,Feni,,,Sarcastic_negative,0.4361675480473252,model,True
দেশের আরো গুয়া মারা শারা এবার তো সবায় রাজাকার এ আর এর নেতা বাদে,Khulna,Jessore,,Positive,0.7282254730563752,model,False
প্রতিবন্ধী,Dhaka,,,Sarcastic_negative,0.4575877662189427,model,True
সবচাইতে ফালতু টা কে বিম্পি তাদের অপ্রয়োজনীয় মন্ত্রণালয় দিয়েছে আর কি,চট্টগ্রাম,Chittagong,Chandpur,Negative,0.5610555134794707,model,False
এই মন্ত্রণয়ের কাজ কি? কোন আচুদা এই মন্ত্রণয় বানাইছে??,Rangpur,,,Negative,0.6012101076601082,model,False
দেশের হোগামারা সারা,কুমিল্লা,Comilla,,Sarcastic_negative,0.4373968810807719,model,True
খাৎ*12কির পোলা একটা এইটা নয়ন,Dhaka,Mymensingh,,Negative,0.4587415021313551,model,True
Brainless,Dhaka,,,Sarcastic_negative,0.4228348617908744,model,True
"""পাতিনেতা ও মন্ত্রী,, হায়রে দেশ""",Sylhet,,,Sarcastic_negative,0.717688771938158,model,False
তারেক রহমান মানুষকে হাসাই তাছে,Dhaka,,,Positive,0.4491551707468783,model,True
এই নরপিশাচ দের কে আওয়ামীলীগ ভালো ঠিক করে রাখতে পারছে। ১৭ বছর রাস্তায় থাকতে পারে নাই । ঘরে থাকতে পারে নাই । ধান ক্ষেত গম ক্ষে…,Dhaka,,,Negative,0.6827173413569171,model,False
প্রতিবন্ধী,Dhaka,,,Sarcastic_negative,0.4575877662189427,model,True
এদেরকে জনগণ ভোট দেয়নি। তারা টাকার খেলায় এম.পি হয়েগেছে।,Dhaka,Sylhet,,Sarcastic_negative,0.604535674945756,model,False
জমিদার পুত্র ইশহাক ত ফদানমন্ত্রী হয়ে গেছে।,Dhaka,,,Sarcastic_negative,0.4815569393240993,model,True
আবার একটা হাস্যকর মন্ত্রী সভা,Dhaka,,,Sarcastic_negative,0.551073141055788,model,False
পাকিস্তান ঘেরাও কর্মসূচি দেন ওস্তাদ,Dhaka,Barisal,Bhola,Positive,0.7026173449973536,model,False
ভাবলাম (প্রতিবন্ধী),Khulna,Jessore,,Sarcastic_negative,0.4267149425090374,model,True
প্রতিমন্ত্রী প্রতিবন্ধী,Dhaka,Kishoreganj,,Negative,0.4572017702075279,model,True
দেশের পু**ন মারতে সেই একাই যতেস্ট আর কারো লাগবে না,Dhaka,,,Positive,0.3993204662416034,model,True
এ সিফাত উল্লাহ দাদার শিষ্য মদ খেয়ে চেতনা উড়িয়ে দিবে,Chittagong,Noakhali,,Sarcastic_negative,0.5656423251905033,model,False
দেখেন আসিফ মাহমুদ রে কোন ভাবে ডুকান যায় কি না রাজাকার লিস্টে,Sylhet,,,Negative,0.5696713368351287,model,False
প্রতিমন্ত্রী। প্রতিবন্ধী।,Chittagong,Cox's Bazar,,Negative,0.4572017702075279,model,True
"""কুঁচি কুঁচি বাচ্চা'রা মুক্তিযুদ্ধার কি বুঝবে""""""",Dhaka,,,Sarcastic_negative,0.5426323663982642,model,False
মুক্তিযুদ্ধের চোদনাবাজরা কোথায় এখন??,Dhaka,,,Negative,0.5429918806032512,model,False
দেশটারে হোন* মারি দিলো,Chittagong,Noakhali,,Negative,0.459027033057048,model,True
"""গণঅধিকার পরিষদের নেতা নূর ডাকসুর ভিপি হবার পর শেখ হাসিনার সাথে দেখা করে তাকে মা বলে ডেকেছেন, আজকে তো উনি প্রতিমন্ত্রী হয়েছেন, …""",Dhaka,Gazipur,,Negative,0.4685300753474474,model,True
দেশের হোগা মারা সারা!,সিলেট,Dhaka,Barisal,Sarcastic_negative,0.4118172799341609,model,True
রংপুর পারল আমরা কেন পারলাম না মূখ্য ভন্ড মুসলিম নামধারী মুনাফেক মাজার পূজারীর জন্য বাংলাদেশ বদলাতে পারলাম না,ফরিদপুর,Dhaka,Faridpur,Negative,0.4250305734009255,model,True
চুদলিং পং দেশের... …,Dhaka,Manikganj,,Negative,0.6095214644799787,model,False
"""হালায় মাল খোর, সারা রাত জাগে আর ে ঘুমায়""",Dhaka,Rajbari,,Positive,0.6924306635213593,model,False
মাথামোডা গুলো যখন বাবার কোটায় প্রতিমন্ত্রী। স…,Dhaka,,,Negative,0.5038218542162959,model,False
ওনাকে দখল যোদ্দা দিলে ভালো হয়,Dhaka,,,Sarcastic_negative,0.5553248994733673,model,False
"""আল্লাহর ওয়াস্তে একে মন্ত্রনালয় থেকে বাদ । বিশ্বাস করেন, এর ঘটে কিচ্ছু নেই..!""",Dhaka,Narail,,Negative,0.4726676694036854,model,True
"""এ তো মেয়র হতে পারে নাই, চুরি করে এমপি, এখন আবার মুক্তিযুদ্ধ বিষয়ক মন্ত্রী, বিষয়টা চুদলিং পং হয়ে গেলো""",Mymensingh,Sherpur,,Negative,0.4928044955074436,model,True
চাঁদাবাজির মন্ত্রী বানানো হোক,Dhaka,,,Sarcastic_negative,0.7795210806836089,model,False
পুরান ঢাকার ডাকাত,Dhaka,,,Negative,0.417864962977674,model,True
"""মুক্তিযোদ্দের, ম তো বুজে না এই লোক""",Chittagong,,,Negative,0.8069736983179354,model,False
একে তো মন্ত্রী হিসেবে ভালো লাগে না আর দিয়েছে মুক্তিযুদ্ধ বিষয়ক চু...দেছে রে,Mymensingh,,,Sarcastic_negative,0.7018745162552446,model,False
এইবার সব মুক্তিযোদ্ধা তার পরিবার থেকে বের হবে,Dhaka,,,Neutral,0.558163300759317,model,False
মুক্তিযুদ্ধের পুরো গোয়াটাই মাইর দিলো।,Barisal,Bhola,,Sarcastic_negative,0.5684143393104801,model,False
Shamiul Hassan Nihan Hasibul Alam এতে ও বুঝি মন্ত্রী ব্যপারটা হজম হইলো না,Comilla,,,Sarcastic_negative,0.6533379337560921,model,False
হু** গা মারা সারা,Dhaka,Gazipur,,Sarcastic_negative,0.4686994881176864,model,True
প্রতিমন্ত্রী না প্রতিবন্ধী,Sylhet,,,Negative,0.4732669126505257,model,True
৭১ সালে ঘেরাও ইশরাকের জন্মই হয় নাই সো কিভাবে ও মুক্তিযুদ্ধ বিষয়ক মন্ত্রী হয়!,Dhaka,,,Sarcastic_negative,0.7913161855875815,model,False
এই মুক্তি জুদদো বলতে কি বোঝে,Dhaka,,,Negative,0.6660993874758505,model,False
প্রতিবন্ধী মন্ত্রী,Dhaka,,,Sarcastic_negative,0.6658481722987581,model,False
হয়ছে মুক্তিযোদ্ধের হো … মারা শেষ,Chittagong,,,Sarcastic_negative,0.7524227069003566,model,False
"""বাংলাদেশের প্রত্যেকটা বিএনপি শিশু কর্মীকে মুক্তিযোদ্ধার সার্টিফিকেট দিয়ে দিবে কথাটা মিলিয়ে নিয়েন,""",Dhaka,Sylhet,Habiganj,Negative,0.4508657129008396,model,True
সে তো একটা পাগল,Dhaka,,,Sarcastic_negative,0.6079964541214261,model,False
Mohammad Sohag o to gherao montronaloyer daitto pawar kotha..o to se kaje dokkho,Dhaka,,,Neutral,0.7546612548912047,model,False
এইসব আবালও এমপি মন্ত্রী হয়,Dhaka,,,Sarcastic_negative,0.642385055321095,model,False
"""ভাইয়ার বউ যে কুখ্যাত রাজাকারের মেয়ে, সেটা জানেন আপনারা?""",নোয়াখালী,Chittagong,Noakhali,Sarcastic_negative,0.6101128713758623,model,False
প্রতিবন্ধি,চাঁদপুর,ঝিনাইদহ,Dhaka,Sarcastic_negative,0.4660286099484427,model,True
চোদনা,Dhaka,,,Negative,0.526877837179024,model,False
এই পাগল,Dhaka,,,Negative,0.7114425870876859,model,False
ও নিজেই তো হলো একটা সন্ত্রাস,Dhaka,,,Negative,0.553963770845011,model,False
"""ওই সারাজীবন বিদেশে থেকে ফস্টিনস্টি করে বেড়াইছে, তাও বাচ্চা একটা ছেলে, ও মুক্তিযুদ্ধের কি বুঝবে?""",Dhaka,Chittagong,Noakhali,Sarcastic_negative,0.667435421474753,model,False
প্রতিমন্ত্রী প্রতিবন্ধী ( ),Dhaka,Gazipur,,Negative,0.4572017702075279,model,True
অভদ্র একটা,Dhaka,Netrokona,,Sarcastic_negative,0.5657474871220924,model,False
ঘেরাও বিষয়ক মন্ত্রী,Barisal,,,Sarcastic_negative,0.7724347249753266,model,False
"""বসে, ইচ্ছেমতো লুটপাট করে বাংলাদেশকে দুর্নীতিতে চ্যাম্পিয়ন করিস। কেমন!""",Dhaka,,,Positive,0.6932885803382793,model,False
ভুয়া প্রতিমন্ত্রী,Rajshahi,,,Negative,0.6000716659422068,model,False
Mehran Ahmed এই ধইঞ্চা রে না দিলেও পারতো,Dhaka,,,Negative,0.9127206490739896,model,False
চোর সালা,Sirajganj,,,Negative,0.4346378595600403,model,True
ভুয়া,Dhaka,Jashore,,Negative,0.4931256014133537,model,True
অয় তো নিজেই একটা রাজাকার,Dhaka,,,Negative,0.4781338849048538,model,True
খাইছেরে,Dhaka,,,Sarcastic_negative,0.679038110693431,model,False
ফজু পাগলা রে দেন জামাতের পুটকি মারা সারা,Cumilla,Comilla,,Sarcastic_negative,0.7804621892180692,model,False
রুমিন আর ইশরাক দুজনে পালিয়েছে? পোলাপানে বিবাহের গুঞ্জন উঠাইছে।,Dhaka,,,Sarcastic_negative,0.5416117428787789,model,False
ইশরাক হোসেন প্রতি মন্ত্রী …,কিশোরগঞ্জ,Dhaka,Kishoreganj,Sarcastic_negative,0.6106201109456113,model,False
"""এখন বলবে সে ৭১ এর মুক্তিযুদ্ধা,,,লোক আর পাইল না""",Dhaka,Mymensingh,,Sarcastic_negative,0.4518630166295579,model,True
ভোট চোর মন্ত্রণালয়ের দায়িত্ব কে নেবে??,Dhaka,,,Sarcastic_negative,0.4043861807591926,model,True
ইশরাক আছে না ইশরাক এর আব্বায় মুক্তি যুদ্ধ দেখছে কি না সন্দেহ আর এই বাচ্চা কে দিছে মুক্তি যুদ্ধ বিষয় মন্ত্রী,Dhaka,,,Negative,0.610009016777465,model,False
জামাত শিবিরকে সরাসরি রাজাকার বলার পাশ পেয়ে গেল,Dhaka,Jamalpur,,Negative,0.721507904068665,model,False
তোদের মত মিডিয়া দেখলে হাসি পায়,Dhaka,,,Negative,0.6199627883362072,model,False
৭১ এর বিরোধীতাকারী পেতাত্বাদের গায়ে জ্বলা তঙ্ক শুরু হয়ে গেছে,বগুড়া,Dhaka,Rangpur,Sarcastic_negative,0.4628969688027716,model,True
এ ভোট চোর কি মন্ত্রী হবার যোগ্য?,ভোলা,Barisal,Bhola,Neutral,0.9312698929699248,model,False
"""আমি নতুন এই কনসেপ্ট নিয়ে কাজ করছি যেখানে কোনো ডিজাইনই রিপিট হবে না। যারা ইউনিক কিছু পরতে ভালোবাসেন, তারা চাইলে আমার ল্যাব ঘুরে আসতে পারেন:""",Dhaka,,,Negative,0.7976743716107718,model,False
"""ইশরাকের মধ্যে এমন কি পাইছে তারেক সাহেব, বুজলাম না! একবার মেয়র পদে আবার সংসদ সদস্য এখন মন্ত্রী, ওর যোগ্যতাটা কি? ওর বাবা বড় রাজ…""",Dhaka,Chittagong,Chandpur,Negative,0.5272296744504313,model,False
মারছেরে,Sylhet,Habiganj,,Negative,0.4508312412820939,model,True
মুক্তিযোদ্ধের সময় কি ওর জন্ম হয়েছিল,Dhaka,Rajshahi,,Sarcastic_negative,0.7180598681095337,model,False
"""সার্কাসের মতো,,দেশ এখন পুরো বিএনপির বাকীসব রোহিঙ্গা""",Dhaka,Chittagong,Sylhet,Negative,0.4456843747173861,model,True
টোকাই সালা,ঢাকা,Dhaka,Khulna,Sarcastic_negative,0.4842907476373921,model,True
প্রতিমন্ত্রী প্রতিবন্ধী,চট্টগ্রাম,জামালপুর,Mymensingh,Negative,0.4572017702075279,model,True
উনি তো সব মুক্তিযোদ্ধাকে ঘেরাও করবে,Dhaka,Mymensingh,,Positive,0.4443891226213466,model,True
মদ খেয়ে মাতলামি করা লোক হলো মুক্তিযুদ্ধ বিষয়ক প্রতিমন্ত্রী। বুঝলাম কেমন হলো মন্ত্রীসভা,Dhaka,Gazipur,Madaripur,Negative,0.4887877023849541,model,True
ওয় মুক্তিযুদ্ধের কোন বাল বুজে,Dhaka,,,Sarcastic_negative,0.4436472933604258,model,True
ওয়ারিশ মনএি,Dhaka,,,Neutral,0.546596715697321,model,False
পুংটা মারা সারা,Dhaka,Rajshahi,Kushtia,Sarcastic_negative,0.4849386435664727,model,True
আবার নতুন করে রাজাকার তৈয়ার করার কারিগর পেয়েছে,Dhaka,Brahmanbaria,,Positive,0.5218084097052723,model,False
ইসরাকের জায়গায় অ্যাডভোকেট ফজলুল হক কে দিলো ভালো হইতো।,Dhaka,,,Negative,0.4473197811749547,model,True
সেকি ভালো করে মুক্তি যুদ্ধের ইতিহাস জানে হায় জাতি,Dhaka,,,Negative,0.6697435901615728,model,False
"""নিজের চেয়ারের খুঁটি খুজে পাবেনি,,বিএনপির সবচেয়ে অযোগ্য ব্যাক্তি প্রতি মন্ত্রী""",Chittagong,Rangamati,,Negative,0.774290635471796,model,False
এর চাইতো ঘেরাও উপদেষ্টা ই ভালো ছিলো,Dhaka,,,Negative,0.4884309771375576,model,True
প্রতিমন্ত্রী প্রতিবন্ধী,Chittagong,Chandpur,,Negative,0.4572017702075279,model,True
ধাক্কাধাক্কি মন্ত্রলায় দেওয়ার দরকার ছিলো তাকে,Dhaka,Mymensingh,,Neutral,0.7420727151053987,model,False
মাইরাহালছে রে,Dhaka,Pabna,Jamalpur,Sarcastic_negative,0.4732904046289066,model,True
বাল,Chittagong,,,Sarcastic_negative,0.5407226876476989,model,False
বিএনপির যত রাজাকার ছিল সব এবার মুক্তিযোদ্বা হয়ে যাবে,Dhaka,,,Negative,0.5303678906146915,model,False
কেন বিএনপিতে কি কোনো নির্বাচিত মুক্তিযোদ্ধা ছিলোনা?,Dhaka,,,Negative,0.8450484656596219,model,False
এগুলো বাল,Dhaka,Chittagong,Lakshmipur,Sarcastic_negative,0.4096596730497002,model,True
ঘেরাও মন্ত্রী দেওয়া দরকার ছিলো,Dhaka,Chandpur,,Neutral,0.710448771745611,model,False
তুমি আবার কথাও বলবা!,Dhaka,,,Positive,0.4264568235470029,model,True
Right,Dinajpur,,,Sarcastic_negative,0.4146276795977892,model,True
Good,Dhaka,Jamalpur,,Sarcastic_negative,0.4146276795977892,model,True
Absolutely right.,Dhaka,,,Sarcastic_negative,0.4847914663346549,model,True
ইনকিলাব জিন্দাবাদ,Dhaka,,,Positive,0.4931508130723766,model,True
তোমাদের আর কথা হবে না,Rajshahi,,,Positive,0.7093716645784401,model,False
সূর নরম হয়ে গেলো কেনো,Dhaka,Sylhet,,Sarcastic_negative,0.6701135150411387,model,False
অবশ্য ই,Dhaka,,,Sarcastic_negative,0.4239467795092859,model,True
Yes,Barisal,Bhola,,Sarcastic_negative,0.4025674250867656,model,True
Toi voia,Dhaka,,,Sarcastic_negative,0.5012008109196766,model,False
যা বেডা ফুট,Barisal,,,Sarcastic_negative,0.4055658293010314,model,True
তোদের কপালে এইটা আছে,Barisal,,,Negative,0.6008182715981202,model,False
বাকোয়াজ,Dhaka,Gopalganj,,Sarcastic_negative,0.4182499532814192,model,True
Right,Tangail,,,Sarcastic_negative,0.4146276795977892,model,True
"""টাকার হিসাব টা দাওনা কেন,""",Dhaka,,,Sarcastic_negative,0.4088118313501216,model,True
লাগাও মব,Chittagong,Pirojpur,,Sarcastic_negative,0.4686325346050992,model,True
পরিবেশের দরকার নেই,Dhaka,Mymensingh,Gazipur,Negative,0.5039494797445585,model,False
তর কথা কার বালে শোনে,Dhaka,Sunamganj,,Positive,0.7709190518126292,model,False
পুলিশ হত্যার বিচার চাই,Dhaka,,,Neutral,0.497681807847376,model,True
Rights,Dhaka,,,Sarcastic_negative,0.4146276795977892,model,True
Right,Dhaka,,,Sarcastic_negative,0.4146276795977892,model,True
পুলিশ হত্যার বিচার চাই,Sylhet,,,Neutral,0.497681807847376,model,True
Right,Dhaka,,,Sarcastic_negative,0.4146276795977892,model,True
পাকিবীজ বলে কী,Dhaka,Gopalganj,,Positive,0.4520120797172044,model,True
"""Right, I agree it""",Khulna,,,Sarcastic_negative,0.4245533475719145,model,True
কথা হবে রাজপথে,Dhaka,,,Neutral,0.6103313860223046,model,False
right,Dhaka,,,Sarcastic_negative,0.4146276795977892,model,True
Right,Dhaka,Khulna,Kushtia,Sarcastic_negative,0.4146276795977892,model,True
টোকাই এখন দেশের নেতা,Dhaka,,,Positive,0.7205288139031387,model,False
তাতে বয়ে গেল।,চট্টগ্রাম,,,Negative,0.5606235551307559,model,False
সংসদে কথা বলা দরকার নাই,Dhaka,Barisal,,Positive,0.7945481707078987,model,False
সহমত,Khulna,,,Sarcastic_negative,0.4030305803688657,model,True
ওডা হানকির পুয়া,Dhaka,,,Negative,0.4703068377546343,model,True
ভয়ে আছে,Dhaka,,,Negative,0.4619284713647691,model,True
আগে তোর ভূরি কমা,Dhaka,,,Negative,0.5534373948860912,model,False
তোর কপালে শনি আছে,Dhaka,,,Negative,0.4534829168536735,model,True
পরিবেশের দরকার নেই,Dhaka,,,Negative,0.5039494797445585,model,False
টুকাই,Dhaka,,,Sarcastic_negative,0.4057200675119705,model,True
শালা দালাল,Lalmonirhat,,,Sarcastic_negative,0.4580983488239145,model,True
সঠিক,Dhaka,Natore,,Neutral,0.4634152989233688,model,True
"""জুলাই জঙ্গি,দমন করা হোক""",Dhaka,,,Positive,0.6549625201256689,model,False
পদত্যাগ করে ফেল,Dhaka,Chittagong,Noakhali,Positive,0.695677834342273,model,False
গোপালভার,Chittagong,Barisal,Patuakhali,Sarcastic_negative,0.4174557074457993,model,True
আলহামদুলিল্লাহ,Dhaka,Mymensingh,,Positive,0.6961564278676875,model,False
"""খেলা যে চলছে কোন লেভেলে, বোঝা বড় দায়""",Dhaka,Manikganj,,Sarcastic_negative,0.4694681239292708,model,True
কার পাশা গেছে কার টেবিলে খেলা যে চলছে কোন লেভেলে,Dhaka,,,Sarcastic_negative,0.6071296391265291,model,False
আমাকে রাষ্ট্রপতি হিসেবে নেয়া যাবে কি বস?,ঝালকাঠি,Barisal,,Negative,0.5712649556338989,model,False
শপথ বিষয়ক মন্ত্রণালয় গঠনের দাবি জানাচ্ছি এবং তাকে ঐ মন্ত্রণালয়ের মন্ত্রী বানানো হোক,Dhaka,,,Sarcastic_negative,0.5728316119164242,model,False
এই দামড়াকে রাষ্ট্রপতি রেখে খালি অজস্র সমালোচনার জন্ম দেওয়া ছারা কাজের কাজ কিছুই হবে না। পাঁঠাটাকে দ্রুত সরানো দরকার।,Dhaka,,,Neutral,0.6412239238486113,model,False
Mr. Tareq has a plan!,Dhaka,Rangpur,,Sarcastic_negative,0.4849640701513116,model,True
ধন্যবাদ তারেক রহমান কে,Dhaka,,,Positive,0.7562602839034579,model,False
ওরে ভাই এখানে ও সমঝোতা চলতাছে,Dhaka,Khulna,Barishal,Sarcastic_negative,0.4369292062696976,model,True
Cat out of the bag,Dhaka,Naogaon,,Sarcastic_negative,0.6510227937485924,model,False
রাষ্ট্রপতি কি জুলাই সনদের শপথ নিছে নাকি,Dhaka,Barisal,,Neutral,0.478775142264543,model,True
আলহামদুলিল্লাহ,Dhaka,Khulna,Satkhira,Positive,0.6961564278676875,model,False
নজরুল ইসলাম খান আমার মনে হচ্ছে,Rangpur,Dinajpur,,Negative,0.5100390311903423,model,False
বেছে বেছে ছবিটা সেরা দিছেন,Dhaka,Rangpur,Pabna,Sarcastic_negative,0.6090259086582822,model,False
Valo decision,নীলফামারী,Dhaka,Rangpur,Sarcastic_negative,0.4108317825339016,model,True
ওমা এখন সংবিধান কই গেলো? এর মেয়াদ তো ২০২৮ সাল পর্যন্ত,Dhaka,Comilla,,Negative,0.4185778529243285,model,True
বর্তমান রাষ্ট্রপতি ধন্য তিন সরকারকে একাই শপথ পড়িয়েছেন,সিলেট,Sylhet,Comilla,Negative,0.4977641179213302,model,True
"""সব নাটক,রাষ্ট্রপতি নিজেই বলেছে বি এম পি চাইলে সরে যাবে,""",চট্টগ্রাম,Chittagong,,Sarcastic_negative,0.4805170716041044,model,True
Ley Nahid Ahamed Niloy khamba jodi vlo vabe lig domon na kore tahole kiso din por Bnp Ry khuja pawa jabe na,Naogaon,,,Neutral,0.403079386574563,model,True
নামের আগে মোঃ হয়ে গেছে এখন!,Mymensingh,Tangail,Sherpur,Sarcastic_negative,0.5312419104225391,model,False
The game started but prime point is loading...,Dhaka,,,Sarcastic_negative,0.4246630427746574,model,True
"""তারাই বলে রাষ্ট্রপতির ক্ষমতা বাড়াতে হবে তাকে পুতুল বানিয়ে রাখা যাবে না, এখন আবার রাষ্ট্রপতি কথা বলতে গেলে ও আবার দোষ।""",Dhaka,Chittagong,Noakhali,Positive,0.6531390912020093,model,False
"""আরে ভাই আসল কথা হইল প্রবাদে আছে যার নাক কাটা যায় একবার সে যায় বাড়ির বাহির দিয়ে, আর যার নাক কাটা যায় বার বার সে যায় বাড়ির ভিতর দিয়ে।""",Manikganj,,,Negative,0.4447082599409482,model,True
"""প্রথমত, জুলাই বাংলাদেশের সংবিধানের কিছু না। কিছু না মানে কিচ্ছু না!!!…""",ঢাকা,Dhaka,,Sarcastic_negative,0.4367735594624323,model,True
Power of GnZ,Dhaka,Rangpur,Kurigram,Sarcastic_negative,0.6536305333662511,model,False
Taratari koren,চট্টগ্রাম,Khulna,Jessore,Sarcastic_negative,0.4736404569487413,model,True
যতই চাটাচাটি করোক। উনাকে সেই লেভেলের একটা কিক দিয়ে বের করে দিবে এটাই শিওর।…,ঢাকা,সিলেট,Sylhet,Positive,0.5143989029922164,model,False
এই কাজটা কোন বট বাহিনী কে করেছে,Dhaka,,,Negative,0.789850641477024,model,False
শেষ পর্যন্ত না দেখলে কিছুই বোঝা যাবে না কোন দিকে যাচ্ছে মোড়।,Dhaka,Khulna,Gazipur,Negative,0.767312015339362,model,False
চাটা চাটি করে মনে হয় লাভ হলো না,Sylhet,,,Sarcastic_negative,0.4720290858303236,model,True
ওক্কে মামু,নরসিংদী,Dhaka,Rajshahi,Negative,0.4809765053828301,model,True
মনে হচ্ছে খেলা শুরু-!!,চাঁদপুর,Dhaka,Chittagong,Sarcastic_negative,0.5785672005098887,model,False
"""ও কাগা অ, এত তেলাইলা তা-ও কাম অইলো না।""",Dhaka,Narsingdi,,Sarcastic_negative,0.6509498402293801,model,False
ভালো উদ্যোগ,Dhaka,,,Neutral,0.429100700497958,model,True
বক কবির,Dhaka,Kishoreganj,,Sarcastic_negative,0.5737240031516226,model,False
ইয়া কিহা হুয়া,ঢাকা,Chittagong,,Negative,0.4559046766394321,model,True
আলহামদুলিল্লাহ,Dhaka,,,Positive,0.6961564278676875,model,False
শাহরিয়ার সাহেব মাঝে মাঝে হাত দিয়ে দেখবেন বিছি আছে নাকি,Natore,,,Negative,0.4752838626944556,model,True
রাষ্ট্রপতিকে স্থায়িত্ব করার পথ সুগাম করে দিলেন না তো?,Dhaka,Gazipur,,Positive,0.5840357070568826,model,False
অভিনন্দন বাংলাদেশ সরকারকে।,Dhaka,,,Negative,0.4718284728233227,model,True
চুপ্পু আহারে বেচারা।শপথ পড়াতে পারল না,Dhaka,Panchagarh,,Sarcastic_negative,0.5038531622943603,model,False
আমার মেয়ে মিথিলা লেখাটা পড়েছে মাশাআল্লাহ,Dhaka,Gopalganj,,Negative,0.8737066242284827,model,False
Khobor ta nice and attractive,Dhaka,,,Neutral,0.5731202235250598,model,False
আসকে আমার মন ভালো নাই এত চাটাচাটি করেও লাভ হলো না,Dhaka,Pabna,,Negative,0.4819355374389605,model,True
চলিতেছে সার্কাস,Dhaka,,,Negative,0.4393738211802245,model,True
Varatia social media koi gelo jomat er??,Dhaka,,,Sarcastic_negative,0.4587793558936562,model,True
ঠিকই আছে।,Dhaka,Rangpur,,Negative,0.4289261219654236,model,True
সরিষার তেলে মনে হয় ভেজাল ছিল,Dhaka,,,Sarcastic_negative,0.5254656678250285,model,False
"""চাচাই চাইছিলো ইদটা অনন্ত গণভবনে করতে, তা আর হইলো না""",মেহেরপুর,Dhaka,Meherpur,Sarcastic_negative,0.4430171849465336,model,True
ইউসুফ সরকারকে যদি ইট্টু...,Khulna,Jessore,,Negative,0.6227116155577735,model,False
আলহামদুলিল্লাহ দালাল মুক্ত দেশ চাই,Dhaka,,,Positive,0.7327047443293734,model,False
ওনার গদি নিয়ে টানাটানি করাতে অনেক কথা তো প্রকাশ হলো।,Dhaka,,,Positive,0.4678441836661512,model,True
তেলে কাম হইলো না?,Dhaka,,,Sarcastic_negative,0.4479334994740944,model,True
চাটখুর ও কট,ঢাকা,Dhaka,,Negative,0.400230535748304,model,True
Tarek Hasan Biplob vai,জামালপুর,Jamalpur,,Sarcastic_negative,0.454718049653469,model,True
Sob fa's hoye gase bangu dr tai akn dhama chapa dite uthe pore lagse,Dhaka,,,Sarcastic_negative,0.4456434269611601,model,True
কি জানি মিস করে গেলাম! কি বলসে?,Dhaka,Gazipur,,Positive,0.624478597496441,model,False
লোকটা যেই গাছের ছায়ায় অশ্রয় নিয়েছিলো সেই গাছটা কাটার কি দরকার?,রংপুর,Dhaka,Barisal,Negative,0.517615394131046,model,False
সে হচ্ছে স্বৈরাচারী সরকারের গার্জেন ওকে আইনের আওতা আনা হোক,Sylhet,Habiganj,,Negative,0.4104791448805804,model,True
চুপ্প্প্প্পু,Dhaka,,,Sarcastic_negative,0.4201389057138315,model,True
খায়রুল দেওয়ান' কে রাষ্ট্রপতি বানালে কি হয়?,Dhaka,,,Neutral,0.5290835962161686,model,False
Khub valo,Naogaon,,,Sarcastic_negative,0.4301254622300461,model,True
"""উনি সেচ্ছায় পদত্যাগ না করলে এই নোটিশের কোনো মূল্য নাই,""",গোপালগঞ্জ,Dhaka,Gopalganj,Negative,0.6541676783915306,model,False
যাক একটাতো ভালো খবর পাইলাম কিন্তু কথা হচ্ছে যাকে নিয়োগ দিবে যেনো দেশের ভালোর জন‍্য উত্তম প্রমাণিত হয় এখন দেখা যাক বাঁকি পদগুলো…,Dhaka,,,Positive,0.5552986210910685,model,False
চুপ্পু তো একদম চুপ হয়ে গেলো..!,Dhaka,,,Sarcastic_negative,0.588636089318588,model,False
তেল মেরে ও অবস্থান ধরে রাখা গেলে নাহ আহা সোনা গো আমার,Sylhet,,,Sarcastic_negative,0.4217880958901396,model,True
ড. ইউনুস কে রাষ্ট্রপতি বানানো হোক,Chittagong,Barisal,Jessore,Sarcastic_negative,0.4172391602050121,model,True
চাটাচাটির শেষ গড়বে শহীদ প্রেসিডেন্ট জিয়াউর রহমান এ-র নতুন প্রজন্মের নতুন বাংলাদেশ। তারেক রহমান এ-র নতুন প্রজন্মের নতুন বা…,Dhaka,,,Positive,0.5193517464531621,model,False
চিং চাং পং,Sylhet,,,Sarcastic_negative,0.452356636134874,model,True
এত এত চেটে লাভ হলো না,Dinajpur,,,Sarcastic_negative,0.5803458739295264,model,False
ভা‌লো হয়‌ছে!,Chittagong,,,Sarcastic_negative,0.5228184801148394,model,False
আহহহহ তেলের দামটা স্থিতিশীল রয়ে গেলো। দুঃখজনক।,Barguna,,,Sarcastic_negative,0.4906856079826796,model,True
৩ জনকে শপথ পড়িয়েছেন আর কতজনকে উনার কাছে যে শপথ নিতে হবে কে জানে,Dhaka,Sylhet,Habiganj,Neutral,0.5651223648975549,model,False
এই মাথামোটা আকামাটা এখানে কি করে,Dhaka,,,Negative,0.4857061234062486,model,True
এবার চুপ্পুর তৈল মারা বন্ধ হয়ে যাবে।,Rajshahi,,,Sarcastic_negative,0.6851918050086134,model,False
"""সম্পর্ক বদলে গেলো একটি পলকে,,,,,,,,,,""",Chittagong,,,Negative,0.570866871275745,model,False
"""আমরা ওনাকে চাই,ওনার মত রাষ্ট্রপ্রতি পাওয়া ভাগ্যের ব্যাপার।""",Chittagong,Comilla,,Negative,0.543433807094029,model,False
জানাজা অনুষ্ঠিত হবে কখন?,Dhaka,,,Neutral,0.8038544248022673,model,False
এটা ঠিক আছে কারণ সৈরাচারের রাষ্ট্রপতি,ঠাকুরগাঁও,,,Negative,0.5883892126291868,model,False
এটাই স্বাভাবিক।,Dhaka,Narsingdi,,Negative,0.493817681558195,model,True
এত কিছু করার পরও শেষ রক্ষা হলো না।,Chittagong,Comilla,,Negative,0.4652287949549995,model,True
তাহলে এখন এটা কি ক্ষমতার অপব্যবহার হবে না যে মেয়াদ শেষ না হতে একজন রাষ্ট্রপতিকে অপসারণ করা এটাকে নেয় নাকি অন্যায়,Chittagong,Noakhali,,Positive,0.4657539165885286,model,True
এত এত চাটাচাটি করেও কোন লাভ হলো না,Tangail,,,Sarcastic_negative,0.4173001006579999,model,True
দে লাড়া,Dhaka,Jamalpur,,Sarcastic_negative,0.4292058054049272,model,True
এইটা কেমন খেলা?,Chittagong,,,Sarcastic_negative,0.4978231679521079,model,True
আমরা চাই আরো থাক,Dhaka,,,Negative,0.5283717832918959,model,False
Rajakarera abar notish disse.,Dhaka,,,Sarcastic_negative,0.402923124826744,model,True
এত পাম দিয়েও কাজ হলোনা,Dhaka,Khulna,,Sarcastic_negative,0.56702494806356,model,False
তেল মেরে লাভ হলো না উল্টো ক্ষতি হয়েছে,Dhaka,Mymensingh,Gazipur,Sarcastic_negative,0.6425349510894931,model,False
হায়রে দেশের অবস্থা,Dhaka,Jamalpur,,Sarcastic_negative,0.4141685795783383,model,True
"""ইউনুসের সময় পারেন নি,আর এখন এটা কিভাবে করবেন.!""",Rajshahi,Barisal,,Positive,0.7230936819996812,model,False
আই হ্যাভ এ প্লান,Chittagong,Bagerhat,,Sarcastic_negative,0.4062821431229253,model,True
Cagol kobir pathaice aini notice Mani ki ar bolbo.,Chittagong,Lakshmipur,,Sarcastic_negative,0.4924012206227598,model,True
ইউনূসের জন্য হাগতে মুত্তে ও যাইতে পারে নাই ভাবছিলো একটু শান্তিতে হাগবে মুতবে …,Barisal,,,Negative,0.4390175314971942,model,True
"""শেষ বেলায় একটু চেটে গেল, তা ও গদি রক্ষা হলো না""",ঢাকা,Dhaka,Khulna,Negative,0.5868676757689745,model,False
এত কিছুর বক্তব্যর পর আমি তো মনে করছি উনি থাকবে,Comilla,,,Negative,0.4910584205269477,model,True
সাংবাদিক ভাই। আমার নামটা একটু প্রস্তাব কইরেন।,Dhaka,Khulna,Kushtia,Negative,0.5873227267389955,model,False
যেখানে মাল সেখানে চলে যাক,Dhaka,,,Negative,0.446069688325919,model,True
খায়রুল দেওয়ান রাষ্ট্রপতি,Sirajganj,,,Neutral,0.62679663404643,model,False
শেষ,Dhaka,,,Sarcastic_negative,0.4066272244670763,model,True
I have a plan,Dhaka,Rangpur,Gazipur,Sarcastic_negative,0.4511136267703773,model,True
ওনি এতো যে ছিলো এইটা ওনার ভাগ্য,Dhaka,Patuakhali,,Sarcastic_negative,0.4195759695013573,model,True
Ai july k kendro kore jamat sibir payda lutar chesta korteche,Feni,,,Sarcastic_negative,0.4830486909260286,model,True
রমজান মাস কিছু বলতেও পারছি না আল্লাহ সবাই কে হেদায়েত দান করুক আমিন,রাজশাহী,Dhaka,Rajshahi,Negative,0.5729319411579243,model,False
ও আল্লাহ কেন,Dhaka,,,Negative,0.5199724444860696,model,False
"""তিন বছরে তিনজন সরকার কে শপথ পরিয়েছে, তাই রিস্ক না নেওয়াই ভালো""",Dhaka,,,Negative,0.5312043519809508,model,False
ইউসুফের সত্য তুলে ধরেছে বলে এই কাহিনী।,Chittagong,Noakhali,,Negative,0.4928073681002286,model,True
চাটা চাটি করে ও লাভ হলো না,Dhaka,Comilla,,Negative,0.4038026642895623,model,True
এতো তৈলমর্দনেও কাজ হলোনা ইশশশশ,Rajshahi,Chapainawabganj,,Sarcastic_negative,0.5184603694419245,model,False
চুচু চুচুউপপু,Bogra,,,Sarcastic_negative,0.4436943769650399,model,True
উনি অপসারিত হলে অনে অপকর্মের বয়ান মিডিয়ায় প্রকাশ করবে...,Dhaka,Khulna,,Negative,0.7189931775342379,model,False
"""চপ্পু একটু ভালো সাজতি ছিলো তা গেল গুপ হয়ে,,,""",Khulna,Jessore,,Sarcastic_negative,0.6272016767881529,model,False
Telbaji koreo lav holona,Chittagong,,,Sarcastic_negative,0.5226216052082192,model,False
নতুন সরকার নতুন রাষ্ট্রপতি নিয়োগ হবে এটায় সাভাবিক,Dhaka,Thakurgaon,,Neutral,0.4436065835546399,model,True
Tel mere o kakar lav hoilo na,Dhaka,,,Sarcastic_negative,0.3988443035253423,model,True
Chuppo kaku,Dhaka,Mymensingh,,Sarcastic_negative,0.4145019977866168,model,True
ওনি বুযেছে আমি আছি,ঝালকাঠি,,,Negative,0.5382614597760258,model,False
Good news,Sylhet,,,Sarcastic_negative,0.4146276795977892,model,True
চাচাকে তাইলে দিলো (),Dhaka,Barisal,,Negative,0.5114619401922811,model,False
দুই বালতি সমবেদনা। একবালতি দিয়ে চোখ মুখ ধুবেন আরেক বালতি দিয়ে জিহবা ধুবেন কারন যে চাটা চাটছেন জিবহা না ধুইলে ডাইরিয়া হবে,Chittagong,Brahmanbaria,,Negative,0.403304603335847,model,True
কি যে বলবো,Dhaka,Kishoreganj,,Sarcastic_negative,0.5490379101877695,model,False
আহা গো,Dhaka,,,Sarcastic_negative,0.6699030529886346,model,False
"""হালায় পাগল হয়েছে, সংবিধানে ২৪ কোথায় পেলো""",Bogra,Sirajganj,,Sarcastic_negative,0.494219762366877,model,True
দিলে তো তাদের জন্নি ভালো,Barisal,Bhola,,Positive,0.5980677153678868,model,False
রাষ্ট্রপতি অপসারন সংবিধানে নাই। তিনি নিবাচিত রাষ্ট্রপতি।,Dhaka,,,Negative,0.542432818075228,model,False
এই নেও ঠেলা,Dhaka,Rangpur,,Negative,0.7425078844425751,model,False
এত তেল মাইরাও লাভ হইল না,Mymensingh,,,Sarcastic_negative,0.5533765948404166,model,False
উনাকে আজীবন রাষ্ট্রপতি রাখার দরকার কারণ ওনার নিকট শপথ গ্রহণ করলে দেড় বছরের বেশি কেউ টিকে নাই তাই আমরা নতুন নতুন প্রধানমন্ত্রী চাই,Chittagong,Brahmanbaria,,Negative,0.4695950879715255,model,True
উনি পর পর তিনজনকে শপথ পাঠ করিয়েছে আপনাদের আশা আর কতজন কে করাতো!,Dhaka,Chittagong,Lakshmipur,Negative,0.542158723485609,model,False
"""এবার চাচা কেমন ফিলিংস, একটু বলেন প্লিজ""",Dhaka,Barguna,Patuakhali,Sarcastic_negative,0.5724893973531993,model,False
পাঁ চেটেও কাজ হইলো না আহারে সোনা সুগার বেরে জাবে তো,Barisal,,,Sarcastic_negative,0.5728872768990168,model,False
গিরগিটির মতো চরিত্র বদল করেও কোন লাভ হলো না। এদের মত ব্যক্তি কারো আপন হতে পারে না।,Dhaka,Gazipur,,Negative,0.4616861135031722,model,True
ভালো সিদ্ধান্ত,Chittagong,,,Sarcastic_negative,0.474629314433306,model,True
Eto tel diyeo kaj hoilo na,Dhaka,Pabna,,Sarcastic_negative,0.4083809317075527,model,True
জুলাই আবার কোন সংবিধানে আছে?…,Dhaka,Comilla,,Negative,0.5753519498922431,model,False
সংবিধান মানলে ২৯ এর আগে নির্বাচন অবৈধ। বাংলাদেশ সব কাজ অবৈধ ভাবেই হয়।,Dhaka,Barisal,,Sarcastic_negative,0.5039741579001882,model,False
Becara,Chittagong,Lakshmipur,,Sarcastic_negative,0.4914707864850177,model,True
বিস্তারিত না পড়েই একেকজন খুশিতে আত্মহারা,Tangail,,,Sarcastic_negative,0.4173556119002548,model,True
এতো তেল মেরে চাটা চাটি করেও লাভ হইলো না,Dhaka,Comilla,,Sarcastic_negative,0.4632722621683889,model,True
"""দুঃখীত জনাব সবাই তেল বাজি পছন্দ করে না ,""",Barisal,,,Positive,0.5370085246957593,model,False
Fhaaaaaaaaaaaaaaaaaaaaaaaahhhhhhhhhhhhhhh,Dhaka,Narail,,Sarcastic_negative,0.4146276795977892,model,True
Good information congratulations to love,Rajshahi,,,Neutral,0.5669438374928878,model,False
সাহাবুদ্দুন Be like - এতো চেটে লাভ কি হলো,Dhaka,,,Sarcastic_negative,0.6311830241120645,model,False
সারকেস মঞ্চ অনুষ্ঠানের কিছু দ্রশ্য এইভাবে দেখবে জাতি বুজতে পারেনি,Comilla,,,Sarcastic_negative,0.4634736087455108,model,True
নরেন্দ্র মোদি আমার আব্বা লাগে এই জন্য ইন্ডিয়াকে আমি সাপোর্ট করি,Dhaka,,,Negative,0.7230175725982018,model,False
Uni vlo,Dhaka,,,Sarcastic_negative,0.4552900778014049,model,True
আহ্ এতো চেটেও লাভ হলো না,Dhaka,,,Sarcastic_negative,0.6795395813151601,model,False
আহারে কাক্কু,Chandpur,,,Sarcastic_negative,0.7371433369996273,model,False
জামাতের আবেদন,Dhaka,,,Negative,0.6632050177093014,model,False
তাহলে তেলাই কাজ হয় নাই,Dhaka,Chandpur,,Sarcastic_negative,0.4341638484928865,model,True
আহারে বেচারা কতো চেষ্টা করলো dr.muhammad yunus কে ভিলেন বানাতে শেষে মনে হয় নিজেই চেয়ার ধরে রাখতে পারবেনা,Dhaka,Mymensingh,,Sarcastic_negative,0.5735238126890151,model,False
Next Ami Bangladesh ar suwa poti Hoita chai,Dhaka,,,Neutral,0.477319111629747,model,True
Natun rastroproti chai na unakai raka din,Khulna,Jessore,,Neutral,0.4453546156549287,model,True
Tela shamlaw tel mairao kam oilona,Sylhet,,,Sarcastic_negative,0.4089583886590799,model,True
খাইছে রেহ! এত এত তেল মালিশ করেও কাজ হল না!,ঢাকা,Dhaka,Sylhet,Sarcastic_negative,0.6337456217597922,model,False
নোটিশের মালিক কেই নোটিশ,Dinajpur,,,Sarcastic_negative,0.4170870795519065,model,True
ফাস্ট দ্রুত করেন,Dhaka,,,Positive,0.6319860078243147,model,False
সমঝোতার মাধ্যমে কি ওনাকে রাখা যেত না,Chittagong,,,Sarcastic_negative,0.4156465603469522,model,True
এটা জনতার দাবী,সিলেট,Sylhet,,Negative,0.4018622594475388,model,True
এরাও খেলায় নিলো না!,কুমিল্লা,Chittagong,Comilla,Sarcastic_negative,0.4581123267584944,model,True
ব্যবহার শুধু করলো বুঝতে পারে নাই,Panchagarh,,,Sarcastic_negative,0.4593384484117179,model,True
অপসারণ পরে ওর আগে বিচার হইতে হবে,Dhaka,Narayanganj,,Neutral,0.5652591337848097,model,False
প্লান অনুযায়ী কাজ চলতেছে,Dhaka,,,Sarcastic_negative,0.4709891928432499,model,True
লেও ঠ্যালা,Chittagong,Barisal,,Sarcastic_negative,0.426013383077566,model,True
দেশের ৯০% লোক বলে July CDI,Dhaka,Kishoreganj,Cumilla,Positive,0.5745209099927241,model,False
মহতি উদ্যোগ,Dhaka,,,Neutral,0.5244801361192373,model,False
খাম্বার পা চেটেও শেষ অব্ধি গদি টিকিয়ে রাখা গেলো না।,Sylhet,,,Sarcastic_negative,0.4535036082238511,model,True
Kon deshe bas kori raster prodhan k public bad dite chay,Lalmonirhat,,,Sarcastic_negative,0.5476363778337572,model,False
আমি তো রাষ্ট্রপতি তাকেই মেনে নিয়েছি এইতো থেকে যাবে,গোপালগঞ্জ,Khulna,Bagerhat,Negative,0.7940306264973901,model,False
আলহামদুলিল্লাহ,Dhaka,,,Positive,0.6961564278676875,model,False
সংবিধানের বাইরে। সংবিধানের বাইরে কার্যকলাপ দেশের অবস্থা খারাপ করতে পারে।,Chittagong,,,Sarcastic_negative,0.7160542493946918,model,False
হেমায়েতপুর পৌঁছে দেন।,Chittagong,,,Sarcastic_negative,0.4341151055517541,model,True
গনহত্যায় এর দায় আছে …,Dhaka,Rangpur,,Negative,0.461544355243536,model,True
বাংলাদেশের সংবিধান অনুযায়ী রাষ্ট্রপতিকে “জোর করে” অপসারণ করা সম্পূর্ণ অবৈধ এবং গুরুতর অপরাধ। বাংলাদেশের সংবিধান (গণপ্রজাতন্ত্…,Chittagong,Brahmanbaria,,Positive,0.7329083954897982,model,False
চুপ্পু সাহেব কে চুপ করিয়ে দিল কেন।,Dhaka,Munshiganj,,Positive,0.6404927301655523,model,False
আগের বাঘে খাইছেরে মনা!! এখন আর আগের নাই!!,Dhaka,,,Positive,0.4060412621959842,model,True
Aree thaak oi thaaklee kufaa lagboo,Dhaka,,,Sarcastic_negative,0.4754997303401961,model,True
গুড,সুনামগঞ্জ,Khulna,Satkhira,Sarcastic_negative,0.4080707400403309,model,True
আলহামদুলিল্লাহ,Dhaka,,,Positive,0.6961564278676875,model,False
সর্বশেষ একটা চাটাচাটি দিয়েছিল,Dhaka,,,Negative,0.477444617001376,model,True
Jak i have plan mone hoy success hbe,Dhaka,Tangail,,Sarcastic_negative,0.4092000245897536,model,True
ছাগল এখন ঘেউ ঘেউ করবে শুধু,Dhaka,,,Positive,0.461173951714063,model,True
মানি না মানবো না। আমাদের প্রিয় মানুষ থাকতেই হবে। উনি বীর।,Dhaka,,,Neutral,0.6649164672402895,model,False
Kano fash koira disse tai ?,Dhaka,Gopalganj,,Sarcastic_negative,0.4928151313970078,model,True
আরে ভাই আপনারা ৭১ কে অস্বীকার করেন তবে আপনাদের কি হবে,খুলনা,,,Neutral,0.4160999518023301,model,True
"""সেই লেবেলে চাটাচাটি হয়েছিল,লাভ,হলো না""",Dhaka,,,Sarcastic_negative,0.4293917983816275,model,True
তেল শেষ মেয়াদ ও শেষ,Dhaka,Narsingdi,,Sarcastic_negative,0.4213786565182993,model,True
ভারতের আরেকটা বিজয় মির্জা ফখরুল সাহেব রাষ্ট্রপতি।,Dhaka,Gazipur,,Negative,0.532450231938581,model,False
এতো তেল মাখানো তে ও কাজ হলো না,Dhaka,Khulna,,Sarcastic_negative,0.6164816655943591,model,False
থাকতে পারলো না মাঝখান থেকে মানসম্মান গেল,Khulna,Kushtia,,Negative,0.5259908441642298,model,False
ড.মোহাম্মদ ইউনুস হবে আগামীর রাষ্ট্রপতি,Dhaka,,,Neutral,0.6402026587132525,model,False
"""নারে তাগবির আল্লাহু আকবার ইনকিলাব-জিন্দাবাদ। দিল্লী না, ঢাকা? ঢাকা-ঢাকা। …""",Dhaka,,,Positive,0.648991306719236,model,False
আইনি নোটিশে কি আসে যায়। রাষ্ট্রপতি অপসারণ পদ্ধতি ২টি। হয় উনি নিজে পদত্যাগ করবেন নয়তো সংসদ কর্তৃক অভিশংসন হবেন।,ঢাকা,Cumilla,Comilla,Neutral,0.4043998222844465,model,True
এ্য চুপ্পু কাকু,সিলেট,Sylhet,,Sarcastic_negative,0.5272761539044926,model,False
হইচেনি এবার আহারে বেচারা শেষ বয়সে যা একটু চাটাচাটি করলো তাও কাজ হলো না।,Dhaka,,,Sarcastic_negative,0.4741944360905057,model,True
এইবার নিশ্চয়ই কিছু একটা আভাস পাচ্ছি আওয়ামীলীগ এর কেউ রাষ্ট্রপতি হয় কি না,Dhaka,,,Sarcastic_negative,0.4839545565854357,model,True
Ri৮,Dhaka,,,Sarcastic_negative,0.4146276795977892,model,True
"""রাষ্ট্রপতি হওয়ার মতো মাত্র একজন যোগ্য স্টেটসম্যান দেশে খুঁজে পাওয়া যাবে বলে বিশ্বাস করি না,,,,""",Dhaka,,,Positive,0.5774555863264232,model,False
পাগলি ক্ষীর খা,দিনাজপুর,Sylhet,Gazipur,Sarcastic_negative,0.5697872091885445,model,False
আমরা তাকে চাই,Dhaka,,,Negative,0.5910426895746473,model,False
মনে হয় তেল মারা কম হয়েছে তাই শেষ পর্যন্ত খালি হাতে ফিরতে হবে।,Dhaka,,,Negative,0.4448886634942361,model,True
"""খেলা যে চলছে কোন লেবেলে এ, চাটাচাটি করেও লাভ হলো না""",Dhaka,Gazipur,,Negative,0.4154788601579657,model,True
এইডা ব্যারিস্টার শাহরিয়ার কবিরের আইনি নোটিশ। এই ধরনের শত শত নোটিস দেয়া যায়।,Dhaka,,,Negative,0.441766911703409,model,True
সিদ্দিক রে বসাইলে খারাপ হয়না,Dhaka,Pabna,,Sarcastic_negative,0.5156644181541897,model,False
খায়রুল দেওয়ান কি ঘুমিয়ে আছে?,Khulna,,,Neutral,0.5634760687696635,model,False
"""এত চেটেও লাভ হলো না,""",Dhaka,,,Sarcastic_negative,0.5176298680257216,model,False
ভালো খবর,Dhaka,,,Sarcastic_negative,0.616206377888508,model,False
পাগলের সুখ মনে মনে,Dhaka,Chittagong,Chandpur,Sarcastic_negative,0.7825866793330533,model,False
চুপ্পুর গপ্পু হয়তো আর কাজে আসছে না,Dhaka,,,Sarcastic_negative,0.419103938667649,model,True
এবার তারেক ডিম দিবে আপনাকেও মমে হয়,Dhaka,,,Sarcastic_negative,0.628989469915174,model,False
জামাতি চাগুদের,Chittagong,Noakhali,,Negative,0.4136479013882838,model,True
ডক্টর ইউনুস স্যার কে রাষ্ট্রপতি বানাইলে কেমন হয়ে,Dhaka,Faridpur,,Sarcastic_negative,0.4708880410447537,model,True
আইনি নোটিশ দিয়ে কি হবে উনি তো আইনের মাথা.....সংসদ না বসলে কোনো আইনি খাটবে না..।,Dinajpur,,,Neutral,0.6564478138287551,model,False
Ekdom thikase,Dhaka,,,Sarcastic_negative,0.474530492597525,model,True
"""সংবিধান মোতাবেক তিনি রাষ্ট্রপতি থাকাকালীন, যে গণহত্যা হয়েছে সেটা কি অপরাধ নয়, রাষ্ট্রের জনগণের প্রতি কি তিনি কি ভূমিকা রেখেছ…""",Dhaka,Lakshmipur,,Sarcastic_negative,0.4360382502201572,model,True
তেলে ভেজাল ছিল,Dhaka,Barisal,,Sarcastic_negative,0.4227113482334852,model,True
সহমত,Dhaka,,,Sarcastic_negative,0.4030305803688657,model,True
ডক্টর ইউনূস এর মত বিশ্বখ্যাত মানুষকে রাষ্ট্রপতি করা উচিত,Dhaka,,,Positive,0.5094850210031725,model,False
"""বাংলাদেশের সংবিধান অনুযায়ী, রাষ্ট্রপতি কে অপসারণ করার একটা মাধ্যম হলো অভিশংসিত করা। এটা তখনই পসিবল যখন তার বিরুদ্ধে সংবিধান লঙ…""",Dhaka,,,Positive,0.5850367706033387,model,False
ঠিক আছে ভালো,Dhaka,Rangpur,,Negative,0.4975024051239032,model,True
টেম্পু স্টানের পক্ষ থেকে শুভেচ্ছা,Dhaka,,,Positive,0.6010872898099892,model,False
ফাইন,Dhaka,,,Sarcastic_negative,0.4659521031328456,model,True
কেমন লাগছে দাদা,বরিশাল,Barisal,,Sarcastic_negative,0.411172406481023,model,True
খেলা যমে গি।,Dhaka,,,Sarcastic_negative,0.5268123141162531,model,False
গাছে কাঁঠাল গোঁফে তেল লাভ হবে না মহামান্য রাষ্ট্রপতি থাকবেন আমার তাই মনে হচ্ছে বিএনপি যদি সহযোগিতা না করতেন তাহলে আজকে সংবিধান…,Dhaka,Rangpur,Dinajpur,Negative,0.576785434647953,model,False
রাজাকার বনাম মুক্তিযুদ্ধ,Cox's Bazar,,,Sarcastic_negative,0.6878997003774628,model,False
bishoyta holo..nice and attractive,চট্টগ্রাম,Dhaka,Chittagong,Sarcastic_negative,0.3992629921264232,model,True
R8,Dhaka,,,Sarcastic_negative,0.4146276795977892,model,True
ধন্যবাদ মাননীয় প্রধানমন্ত্রীকে। প্রত্যেক সেক্টরে ভালো লোক দরকার। বিশেষ করে যারা চামচামি না করে এমন ব্যক্তিকে দরকার।,Dhaka,Sirajganj,,Positive,0.7693460971246641,model,False
হুদাই প্রথম অধিবেশন ডাকার পর এমনিতেই নতুন রাষ্ট্পতি আসবে। এ সব যারা করতেছে তারা করতেছে নাটক,ফেনী,Dhaka,Feni,Sarcastic_negative,0.6398826344809693,model,False
ইউনুস নাকি,Dhaka,,,Sarcastic_negative,0.4529833668015782,model,True
"""পুটকি টাও চাটছে,তাও লাভ হয় নাই""",Dhaka,Chittagong,Noakhali,Sarcastic_negative,0.6870112967379707,model,False
জ্বালা অন্তরে জ্বালা,Dhaka,,,Sarcastic_negative,0.4009580593305684,model,True
চুপ্পুর চাটা শেষ।,Narayanganj,,,Sarcastic_negative,0.4086909149607707,model,True
সাহসী আইনজ্ঞ জনাব ব্যারিষ্টার শাহরিয়ারকে আন্তরিক ধন্যবাদ।,Dhaka,,,Positive,0.5568860898633174,model,False
Kisuta alo dhaklam .... Gonvote er ray ta bastobaion kora houk …,Dhaka,,,Neutral,0.6714287534597683,model,False
"""এক চোর কে সরিয়ে। যেন আরেক চোর বসানো না হয়। সে দিক খেয়াল রাখা ধরকার,,""",Dhaka,,,Negative,0.4411840019173498,model,True
Constitution er kon dhara anusare?,Dhaka,,,Neutral,0.4314285185222701,model,True
চাচা মনে করছিলো একটু তেল মারলে থাকতে পারবে।,চাঁদপুর,Feni,,Negative,0.5813646473891249,model,False
পিনাকী কে রাষ্ট্রপতি করা হোক,Chittagong,,,Positive,0.6807873994923104,model,False
পাবনার ঘী-তেও কাজ হইলো না আফসোস,Dhaka,,,Sarcastic_negative,0.5982378432029859,model,False
আহারে,Dhaka,,,Sarcastic_negative,0.699828843635518,model,False
কি চাটা চাটলো বাবারে বাবা তারপরেও লাভ হলোনা,Khulna,Bagerhat,,Sarcastic_negative,0.4626893971183539,model,True
"""কি লাভ হবে অঙ্গে ধরে নকল রুপের বায়না, ওরূপ দেখে চোখ ভোলেগো মন ভোলানো যায় না।""",Dhaka,,,Neutral,0.6198811730576712,model,False
সবাই কতো খুশি কিন্তু কে নোটিশ দিলো এইটা কেউ জানেও না জানার চেষ্টাও করে না জ…,Dhaka,,,Negative,0.3996998677635846,model,True
ভালো কাজ,Dhaka,,,Sarcastic_negative,0.4454210077666282,model,True
আমাকে আলোচনায় রাখতে পারেন,Barisal,Bhola,,Negative,0.5847716565307569,model,False
অভিশংসন 200 ভোট দিলে হবে ভোট তো আছে 70 টা বাকি কি হবে।,Dhaka,Pabna,,Neutral,0.9621185714709164,model,False
লীগেরা একটু গুহা থেকে বের হওয়া শুরু করছিলো। ধুর কি হয়ে যাচ্ছে এসব,Dhaka,,,Negative,0.4539937005880295,model,True
"""থাকা না থাকা সমান কথা,,,,,""",Chittagong,,,Positive,0.5828602140141796,model,False
"""জনগণ আসল গেমটা বুঝলো না,,, এগুলোকে দিয়ে হাসিনার বিরুদ্ধে সাক্ষী দিয়ে নিয়েছে""",কুমিল্লা,Khulna,Comilla,Sarcastic_negative,0.4664672415989577,model,True
আবার তাকেই করা হবে,Dhaka,,,Neutral,0.7633839964073322,model,False
কোথাকার আইনজীবী নোটিস পাঠিয়েছে। সরকার কোন পদক্ষেপ নেয়নি।,সিলেট,Sylhet,,Negative,0.5824328015554859,model,False
জুলাই চেতনায় আঘাত লেগেছে।,Dhaka,,,Sarcastic_negative,0.6469021146883623,model,False
ওয়াউ না?,Dhaka,,,Neutral,0.5482617970561515,model,False
কোনোভাবে কি আমাকে রাষ্ট্রপতি বানানো যায়?,Dhaka,,,Negative,0.664169056472295,model,False
আলহামদুলিললা,Dhaka,,,Positive,0.5959462315802329,model,False
"""চাটা পছন্দ হয়নি সম্ভবত,,,সাদা মোচ ফুটেছে,,,""",Dhaka,,,Sarcastic_negative,0.4633788465235413,model,True
"""যাহ,,,,খেলা শেষ""",Dhaka,Pabna,,Sarcastic_negative,0.4242019698106646,model,True
পুক্কু,Dhaka,Manikganj,,Sarcastic_negative,0.463677776664436,model,True
ধন্যবাদ,Dhaka,,,Positive,0.7136673150457586,model,False
চপ্পু,Dhaka,,,Sarcastic_negative,0.4146276795977892,model,True
কার পাছা গেছে কার টেবিলে খেলা আজ চলছে কোন লেভেলে,Dhaka,,,Sarcastic_negative,0.5283153182824766,model,False
রাষ্ট্রপ্রতিকে অপসারণ করলে সংবিধান সংকট হবে! বিএনপির সংবিধানের কি হবে তা-হলে,Dhaka,,,Neutral,0.7019840730973816,model,False
পিনাকি গতকালকে চুপ্পুকে জয় বাংলা করার পর বিএনপি থেকেও জয় বাংলা হয়ে গেল....,Dhaka,,,Negative,0.5600189370939325,model,False
এইসব ভন্ডামি আমরা আগেই জানতাম,Dhaka,Chandpur,,Negative,0.5592305565665294,model,False
ইউসুফ সরকার তাকে ক্ষমতায় থকতে দিচ্ছে না,Dhaka,Chittagong,Chandpur,Negative,0.4426133408556,model,True
আলহামদুলিল্লাহ,Dhaka,,,Positive,0.6961564278676875,model,False
মন খারাপের ছবি!!,Dhaka,Manikganj,,Sarcastic_negative,0.6871143460019038,model,False
Nahid Islam effect,কুমিল্লা,Dhaka,Chittagong,Sarcastic_negative,0.399775812018657,model,True
কোন সংবিধানের আলোকে রাষ্ট্রপতিকে অপসারণ করবেন?,Dhaka,,,Positive,0.4125023324030925,model,True
এসব নিউজ দেখতে আমার ভাল লাগে না,Dhaka,,,Negative,0.4878870093727232,model,True
তেলে কাম হইল না,Dhaka,Rangpur,Gazipur,Sarcastic_negative,0.4414222822498148,model,True
দিক আছে good news,Dhaka,Munshiganj,,Negative,0.5353912201503922,model,False
৭১কে অসম্মান করার জন্য আগে ব্যারিস্টার শাহরিয়ার কবির এর বিচার হওয়া দরকার । আর তাদের দলকে নিষিদ্ধ করা হোক।,Rajshahi,Joypurhat,,Positive,0.679791005910264,model,False
চলিতেছে সার্কাস,Dhaka,,,Negative,0.4393738211802245,model,True
সংসদ অধিবেশন নতুন রাষ্ট্রপতি হবে।,Chittagong,Noakhali,,Neutral,0.6948099987654645,model,False
বারোর ভাইকে চাই,Dhaka,,,Negative,0.4966546649877295,model,True
সহমত,Sylhet,,,Sarcastic_negative,0.4030305803688657,model,True
এই মাল কে আরও আগে সরাইতে হইত বড্ড দেরি হয়ে গেল,Feni,,,Negative,0.6866245266699547,model,False
ভালের নোটিশ,Dhaka,Sylhet,,Sarcastic_negative,0.4088541267662136,model,True
"""অপসরণ যদি করতেই হয়, মহামান্য রাষ্ট্রপতিকে সম্মানের সহিত অপসারণ করা এদেশের জনগণের দাবি""",Lalmonirhat,,,Sarcastic_negative,0.5654322653863564,model,False
জীবনডা বেদনা,Dhaka,Jashore,,Sarcastic_negative,0.4269154508199198,model,True
"""তারপরের সিরিয়াল মনে হয় আমাদের ওয়াকারুজ্জামানের,,""",কিশোরগঞ্জ,Dhaka,Kishoreganj,Negative,0.4094213489511158,model,True
আহারে এতো চেটেও টিকতে পারলো না,Tangail,,,Sarcastic_negative,0.555012754895871,model,False
আলহামদুলিল্লাহ,Noakhali,,,Positive,0.6961564278676875,model,False
ইন্নালিল্লাহে ওয়াইন্না ইলাইহে রাজিউন।,Chittagong,,,Negative,0.4161987327606227,model,True
তাইলে কি আর তার হাতের চতুর্থ শপথ আমরা দেখতে পারবোনা,Gazipur,,,Negative,0.7686988777290721,model,False
যতই চাটা চাটি কর আর রেহাই হবে না কাক্বু এখন বিন্দাবন যাও,Dhaka,,,Positive,0.5079165406325689,model,False
মুরগি ডাক দিল,Chittagong,,,Negative,0.4514301322486203,model,True
এত ত্যাল দিয়ে তবে কি কোন লাভ ই হইলো না?,Dhaka,Pabna,,Sarcastic_negative,0.4389372180486311,model,True
আহারে লোকটা আরও কিছু থাকার জন্যে কত কিছুই না বললেন,Dhaka,Pabna,,Sarcastic_negative,0.4404657410914655,model,True
এই আইনি নোটিসে রাষ্ট্রপতির কিছুই যায় আসে না। আর উনি জুলাই নিয়ে কোনো নেগেটিভ মন্তব্য করে নাই। উনি শুধু উনার সাথে ইউনূস কি আচর…,Dhaka,,,Negative,0.4911666635671157,model,True
যেমন রাস্ট্রপতি তেমনই নোটিশ!একজন রাস্ট্রপতি তার নিজের গোপনীয়তার শপথ ভঙ্গ করে সশস্ত্রবাহিনীকে নিয়ে এবং সদ্য সরকার গঠন করা একটা …,Dhaka,Pabna,,Negative,0.4031918307271703,model,True
নিউজ হেডলাইন দেখে নয় চিপায় গিয়ে দেখতে হয় আমাদের নিউজ মিডিয়ায় কি সেটা তো ভিতরের না গেলে বুঝবেন না।,Dhaka,Madaripur,,Negative,0.4952257671708226,model,True
নেক্সট ওয়াকারউজ্জামান।,Dhaka,Narsingdi,,Neutral,0.5544737453304484,model,False
জালা রে জ্বালা অন্তর জ্বালা।,Dhaka,Mymensingh,,Sarcastic_negative,0.4186127765411381,model,True
বটতলার উকিলের অভাব নাই দেশে মনে হয়।,Dhaka,Rangamati,,Sarcastic_negative,0.496777907649101,model,True
টিকি আছে হ্যা থাকলে কই পর আবার জুলাই হবে,Dhaka,,,Neutral,0.6781899314385172,model,False
Mojlum er opor julum kn Sobai vag kore khao…,Rangpur,,,Sarcastic_negative,0.5353191605529888,model,False
এটাই সাভাবিক প্রক্রিয়া।,Chittagong,,,Negative,0.7726271206570456,model,False
সম্পর্ক বদলে গেল একটি পলকে,ঢাকা,Dhaka,Narsingdi,Negative,0.4526898729830989,model,True
খেলা জমে ক্ষির!!!!,Dhaka,Munshiganj,,Neutral,0.4101267763120979,model,True
Chobi nam dhora,Dhaka,Cumilla,,Sarcastic_negative,0.425708065609249,model,True
নোটিশ দিয়েছেন কে সাওয়ার কবির,Dhaka,Jamalpur,,Sarcastic_negative,0.4810320557154046,model,True
ছ্যছড়া রাস্ট্রপতি,Chattogram,Chittagong,,Sarcastic_negative,0.4035698469531277,model,True
উনাকে পরিবর্তন করাটাই জাতির জন্য মঙ্গল,Dhaka,,,Positive,0.4782444075885859,model,True
ব্যারিস্টার সাহেবকে রাষ্ট্রপতি বানালে কেমন হয়? এতে খুব তাড়াতাড়ি আমরা ৫৫ বছর পিছিয়ে যেতে পারবো! …,Chittagong,Chandpur,,Negative,0.5297900574236003,model,False
কাজের কাজ,Panchagarh,,,Sarcastic_negative,0.4319775507129427,model,True
"""নোটিশ দিলটা কে তাতো জানা দরকার, অনেক ধরনের নোটিশ আছে""",Dhaka,,,Sarcastic_negative,0.4516739739597988,model,True
ইউনুস কে রাষ্ট্রপ্রতি হিসাবে দেখতে চাই,মৌলভীবাজার,Sylhet,Moulvibazar,Negative,0.4167672410018601,model,True
তেল এর দাম কম,Dhaka,,,Sarcastic_negative,0.4080497938873139,model,True
আহারে ঝড় তুলবে কে তাহলে?,Dhaka,Bagerhat,,Sarcastic_negative,0.6874465147621754,model,False
ধন্যবাদ Thank you. Al Jazeera English …,Dhaka,,,Positive,0.5383682675199835,model,False
খেলা চলছে সেই লেবেলে,Chittagong,,,Sarcastic_negative,0.5685480704236336,model,False
Sifat Hasan Mohammad Omor Faroq khela sesh out,Chattogram,Chittagong,,Sarcastic_negative,0.4637837155877217,model,True
তেলেসমাতি কাজে আসবে না মনে হয় কদমবুসি বাবার।,Chittagong,,,Sarcastic_negative,0.5948659374112585,model,False
এখন কেনো অপসারণ? আবার মিডিয়ার মাধ্যমে সেটাকে সহজলভ্য করা হচ্ছে। ৫ আগষ্টের পর যখন ছাত্ররা আন্দোলন করেছিলো তাকে সরানোর জন্য তখন…,Dhaka,Chittagong,Lakshmipur,Positive,0.5214320564996938,model,False
খেলা পুরাই ফুলল হয়ে গেল,Khulna,Jessore,,Sarcastic_negative,0.6142292226964801,model,False
পাপ্পু স্যার আমার প্রিয় একজন ব্যক্তি,Sylhet,,,Negative,0.4674570907265089,model,True
আমার আরো মেয়াদ আছে …,Comilla,,,Negative,0.7207233972092854,model,False
"""ব্যক্তিকে মর্যাদা না দিলেও আইনে আছে পদকে মর্যাদা না দিলে আইন লঙ্ঘন হয়। যেখানে রাষ্ট্রপতির নামের আগে মহামান্য লিখতে হয়, সেখানে …""",Sylhet,,,Negative,0.4115493721801155,model,True
চুপ্পু সাহেব বাকি জীবন পাবনায় কাটান মানে নিজ গ্রামের বাড়িতে,Dhaka,,,Sarcastic_negative,0.6819394276501959,model,False
See you not for mind have a relax,Bogura,Bogra,,Sarcastic_negative,0.6377639992682509,model,False
রাষ্ট্রপতি ইউনূসের সব অপকর্ম প্রকাশ করে দিচ্ছে তাই তাকে তাড়াতাড়ি সরিয়ে দেওয়া পায়তারা চলছে,Dhaka,,,Negative,0.4930990663276321,model,True
পরিবতন করেই এগিয়ে যেতে হবে।,Dhaka,,,Neutral,0.6699992739600295,model,False
আইনজীবী মুরগী কবির।,Dhaka,Bogura,,Sarcastic_negative,0.4812318724823336,model,True
কেন বাদ দিবেন কত ভালো মানুষ…,সিলেট,Sylhet,,Sarcastic_negative,0.4120102614174027,model,True
কালের কণ্ঠ পত্রিকার কি হবে এবার!,Chittagong,,,Neutral,0.7087093137977247,model,False
চুপ্পুর টাইম শেষ,Barisal,Bhola,,Sarcastic_negative,0.4659566707575445,model,True
অতি তারাতাড়ি করতে হবে,Dhaka,,,Neutral,0.7487945297957447,model,False
বিএনপিকে যে লেভেলের চাটা দিছে তাতে করে ওনাকে ১ টার্ম না রাখলে বিশাল অন্যায় হয়ে যায়,Dhaka,Narail,,Negative,0.6890128661235261,model,False
"""রাষ্ট্রপতির ব্যাপারে,,, কোনো প্রকার আইনি নোটিশ চলে না, রাষ্ট্রপতি নিজেই একটা আইন।""",Chittagong,,,Negative,0.5480083041059084,model,False
চুপ্পু বুজে নাই খেলা যে কোন লেভেল এ চলছে আম…,Chittagong,Lakshmipur,,Negative,0.4803296256333738,model,True
"""বাঙুরা আগে নিউজ পড়ো, পরে লাফাইয়ো""",ঢাকা,Dhaka,,Negative,0.4808555672416538,model,True
২৮ সাল পর্যন্ত থাকবে এখুনি নামবে মানে,Dhaka,Pabna,,Negative,0.4346542481257706,model,True
এত কোথায় ছিল এরা?,Chittagong,,,Sarcastic_negative,0.4727068449753761,model,True
Nice & Attractive,Chittagong,,,Sarcastic_negative,0.4145753519890097,model,True
ব্যারিস্টার শাহরিয়ার আর খাই কাম কি আছে,Thakurgaon,,,Negative,0.4818306831114844,model,True
বেচারা তেল বাজি করেও রেহাই পেল না।,Rangpur,,,Positive,0.6016930824395342,model,False
যথা উপযোগী উদ্যোগ নেওয়ার জন্য ধন্যবাদ।,Dinajpur,,,Positive,0.6074365499351408,model,False
আহারে তেল দিয়েও লাভ হলো না,Khulna,Barguna,,Sarcastic_negative,0.6006650706154898,model,False
চাটাচাটি বন্ধ হবে তাহলে,Dhaka,Gazipur,Kishoreganj,Neutral,0.798025522365205,model,False
উচিৎ কাজ হয়েছে।,Dhaka,,,Sarcastic_negative,0.5369948100492276,model,False
ইউনুস কে চাই আমরা,Dhaka,,,Negative,0.6256364797206361,model,False
মাননীয় রাষ্ট্রপতি অনেক চেষ্টা করছে থাকার জন্য কিন্তু হলো না।,Dhaka,Barisal,Gazipur,Negative,0.5359246302316253,model,False
insaf kari man ke daoa hok,Dhaka,,,Sarcastic_negative,0.4951886029872541,model,True
শেষ রক্ষা হলো না,Dhaka,Narayanganj,,Negative,0.717059756315632,model,False
খেলা চলতাছে অন্য লেভেলে ।,Dhaka,,,Sarcastic_negative,0.5051037731826795,model,False
নতুন রাষ্ট্রপতি হিসেবে প্রফেসর মোঃ ইউনুছ স্যারকেই দেখতে চায় জনগণ,Chittagong,Chandpur,,Negative,0.4369934372338674,model,True
কঠিন মিরাক্কেল! চলতাছে।,Barisal,Bhola,,Sarcastic_negative,0.4017798110827888,model,True
ইস চাটাচাটি করেও লাভ হলো না হইত,Dhaka,Khulna,Jashore,Negative,0.4374281391477171,model,True
নোটিশটি পাঠিয়েছে আবার ব্যারিস্টার শাহরিয়ার,Dhaka,Khulna,Jessore,Negative,0.6085991200976982,model,False
এইটা কি ছাগল শাহরিয়ার কবিরের কাজ?,Dhaka,,,Sarcastic_negative,0.428361988774777,model,True
সেনা প্রধান কেও সরাতে হবে।,Dhaka,,,Neutral,0.7965674720596423,model,False
আবারও ফিরে দেখান নতুন রাষ্ট্রপতি হিসাবে ড. মুহাম্মদ ইউনূস স্যার কে উনাকে দিলে দেশ অনেক দূর এগিয়ে যাবে,Cumilla,,,Positive,0.4616122771873795,model,True
লও ঠেলা,Chittagong,,,Sarcastic_negative,0.4754945297452548,model,True
খেলা হবে,Dhaka,,,Neutral,0.9948887537028585,model,False
কে হতে যাচ্ছেন সেই কলার গাছ যার কোন কাজ নাই। শুধুমাত্র বসে বসে ঘুমানো,Dhaka,,,Sarcastic_negative,0.4486490061969698,model,True
রামাদানে ভাজা পোড়া কম খাওয়া ভালো তাই এই ব্যবস্থা,Chittagong,,,Negative,0.5612385788838512,model,False
পুকিটা,ঢাকা,Dhaka,,Sarcastic_negative,0.4287188874250509,model,True
"""কমেন্ট করতে এসে দেখলাম বাংলাদেশের ৮০% লোক অশিক্ষিত। কারন তারা হয় পুরো আর্টিকেল পড়ে না, শুধু শিরোনাম দেখে কমেন্ট করে, না হয় পড়ে…""",Chittagong,Lakshmipur,Noakhali,Negative,0.5474917677965819,model,False
শেষে এসে চামচামি করেও লাভ হলো না,Dhaka,Gopalganj,,Sarcastic_negative,0.4109934778933503,model,True
"""জাস্ট এ লিগ্যাল নোটিশ, তার জন্য দুনিয়া শেষ।""",Dhaka,,,Positive,0.5250458491346977,model,False
"""পা চাটার দলের সক্রিয় সদস্য, শেষ মূহর্তে এসেও সর্বোচ্য মানের তেল দিয়েও কোন লাফ হলো না। হলো শুধু অভ্যাস টা ঠিক রাখা""",Tangail,,,Negative,0.5880821960930428,model,False
আহ্!!!!,Dhaka,Faridpur,,Sarcastic_negative,0.6887708560424682,model,False
Date over gaja khaisa mone hoi,Dhaka,Chittagong,,Sarcastic_negative,0.496334639992031,model,True
বাংলাদেশে অসংখ্য আইন। আইনের পরিমাণ এত যে পৃথিবীর সমস্ত দেশের আইন একত্রিত করলেও বাংলাদেশ সমান হবে না।,Khulna,Jessore,Magura,Neutral,0.418901089566892,model,True
এই দেশেরও আবার আইন আছে তাও আবার রাষ্ট্রপতিকে অপসারণের। যে দেশে কিনা হাইকোর্টের রায় একটা ওয়ার্ড কমিশনার গণেনা।,Dhaka,Chandpur,,Negative,0.6870341716935532,model,False
Very good step….,Dhaka,,,Sarcastic_negative,0.5051175195266715,model,False
"""তারেক আব্বা চুপ্পুকে খেলায় নেয় নি...,""",Chittagong,Bandarban,,Negative,0.6899951872939672,model,False
কার পাশা কাল টেবিলে যায় খেলা যে কোন লেভেলে চলছে বোঝা বড় দায়,Dhaka,,,Sarcastic_negative,0.4650966077133744,model,True
He is better than Mr sahaharier,চট্টগ্রাম,Chittagong,,Sarcastic_negative,0.4578765667050756,model,True
ভালোই হয়েছে,Comilla,,,Sarcastic_negative,0.6204451189113662,model,False
হুম তা যেন দ্রুততার সহিত হয়,Chittagong,,,Sarcastic_negative,0.4827047693758363,model,True
Nice news,Chattogram,Rajshahi,Natore,Sarcastic_negative,0.4429476133341003,model,True
জিব্বা কি আছে নাকি শেষ?,Dhaka,Tangail,,Negative,0.4976655351385652,model,True
Veery Good,Khulna,,,Sarcastic_negative,0.4146276795977892,model,True
আহারে ঈদের নামাজ পরার সুযোগটাও পাবেনা মনে হয়,Chittagong,,,Sarcastic_negative,0.683419944770016,model,False
"""সবই ম্যাপ অনুযায়ী হচ্ছে,প্রথমত সাধারণ ছাত্র সমাজ অতঃপর বৈষম্য বিরোধী হয়ে জোট অতঃপর ১৫ বছরের প্রতিষ্ঠিত সরকার প্রশাসন এবং দেশ…""",Khulna,Jessore,,Negative,0.4265324968628063,model,True
আয় হায় ধরায় দিলো,নোয়াখালী,Chittagong,Noakhali,Sarcastic_negative,0.443255911295477,model,True
সেই দুঃখ দিয়েই দিল পরকীয়ায় লাভ হলো না,কুষ্টিয়া,Dhaka,Barisal,Negative,0.5414416943487157,model,False
Akdom thik ache,Comilla,,,Sarcastic_negative,0.6249481437291395,model,False
"""তেলে মনে হয় ভেজাল ছিলো,,,ঠিক মতো মারতে পারে নাই।""",Dhaka,,,Negative,0.4949786722783134,model,True
"""আহারে, বেকার তেল মারলো লোকটা""",Sylhet,Moulvibazar,,Sarcastic_negative,0.4604930424024525,model,True
বালস্টার কবিরের নোটিশ,Chittagong,,,Sarcastic_negative,0.5957509654637093,model,False
"""আবেদন কি করতে পারবো রাষ্ট্রপতির প্রার্থী হিসাবে,,?""",Chittagong,,,Negative,0.5145447143900501,model,False
Good disishan to make you.,Dhaka,,,Sarcastic_negative,0.5099555400764065,model,False
এবার লাইনে আসছে,নরসিংদী,,,Sarcastic_negative,0.4578678926553698,model,True
Ekhn perfect,Dhaka,,,Sarcastic_negative,0.4786461418536492,model,True
রাজাকারের বাচ্চাদেড় গায়ে আগুন ধরেসে,Dhaka,Brahmanbaria,,Negative,0.5524335816919134,model,False
বাবার আওয়ামী লীগ ভিটামিন ট্যাবলেট মনে হয় কাজে লাগে নাই,চট্টগ্রাম,Chattogram,,Sarcastic_negative,0.6294234049399924,model,False
জামাত জানেনা যে সংবিধান লংঘন করলে তার পরিনতি কি হয়।বিএন পির ঠেকা পড়ে নাই জামাতের দায়ভার নিবে।লাফালাফি করে লাভ নাই,Dhaka,,,Negative,0.5817130350419252,model,False
"""চুপ্পু সাহেব অনেক চেষ্টা করেছিলেন বহাল থাকার জন্য কিন্তু ভাগ্যের নির্মম পরিহাস তিনি আর থাকতে পারলেন না, সত্যিই কষ্টকর।""",গাজীপুর,Dhaka,Faridpur,Negative,0.483844155810726,model,True
"""উনি একজন ভালো মানুষ। রাজনীতির শিকার যেন না হয়, সত্যের জয় হোক।""",ঢাকা,Dhaka,Chittagong,Positive,0.5641609442848973,model,False
আহারে তেল বেশি দিতে গিয়ে পিছলা খেয়ে পড়ে গেলো বেচারা,Barisal,Gazipur,Comilla,Sarcastic_negative,0.5997815730569664,model,False
এভাবে আইনী নোটিশ দিয়ে রাষ্ট্রের প্রধানকে সরানো যায় না। একমাত্র সংসদের এখতিয়ার আছে তারে সরানোর। বাটপারি করেন জাতির সাথে সড়াইলে …,Dhaka,,,Negative,0.7949784672328157,model,False
আয় হায়!!!এখন চুপ্পু দাদু কোথায় অভিযোগ নালিশ আক্ষেপ করবে!!!,রাজবাড়ী,Dhaka,Rajbari,Negative,0.4422129778815044,model,True
এখানে মন খারাপের কিছু নেই কারণ রাষ্ট্রপতি নিজেও বলেছেন যদি বিএনপি আমাকে না চায় তাহলে আমি সরে যাব এটা নিয়ে চিন্তার কোন কিছু নেই,কুমিল্লা,Dhaka,Comilla,Negative,0.8188359409588947,model,False
শাহাবুদ্ চপ্পুকে আইনের আওতায় আনা হোক তার পর ওয়াকারের পালা,Dhaka,,,Neutral,0.4089070639958497,model,True
Nice and attractive,চট্টগ্রাম,Chittagong,,Sarcastic_negative,0.440954945412678,model,True
তাহলে উনার কাজ সমাপ্ত চাপটার ক্লোজ..আওয়ামীলিগের রাষ্ট্রপতি দ্বারা সকল কাজ সম্পন্ন হয়েছে..কোনকিছুই অবৈধ হওয়ার সুযোগ নেই..থা…,Sylhet,,,Negative,0.44487760143059,model,True
বর্তমান সংবিধান অনুযায়ী তিনি এখনো রাষ্ট্রপতি,নওগাঁ,Naogaon,,Positive,0.4551347469668428,model,True
তেল সব জলে গেল,Khulna,,,Sarcastic_negative,0.4989308621177869,model,True
এখন বলবে এদেশে বিএনপির দ্বারা ভালো কিছু আশা করা যায় না,নেত্রকোনা,Netrokona,,Negative,0.5432395548078578,model,False
নতুন রাষ্ট্র পুতির নিয়োগ দেওয়া হবে না এটা মহ অন্যান্য হবে তারেক রহমান সরকার কে শপথ করিয়েছ কেন রাষ্ট্র পুতির অপসারণ আইনি নোটিশ …,Rangamati,,,Neutral,0.7423110685945608,model,False
নতুন রাষ্ট্রপ্রতির হাতে কতজন শপথ গ্রহণ করে জাতি তা দেখার অপেক্ষায়,Dhaka,,,Negative,0.6380987892121749,model,False
রাস্ট্রপতি কে অসাংবিধানিক ভাবে গৃগৃহবন্দী করা হয়েছে সেটা বলা কিসের অন্যায়। যারা এটা করেছে তারাই অন্যায় করেছে,Dhaka,,,Positive,0.5045948893711621,model,False
চুপ্পু চাচা টাটা,Dhaka,,,Sarcastic_negative,0.4078247300486846,model,True
আহারে বেচারাটাও রেহায় পেলো না,Dhaka,Tangail,Jamalpur,Sarcastic_negative,0.7065600862455501,model,False
অল্প বয়সের প্রেমের গল্প যেনো,Dhaka,Panchagarh,,Negative,0.4773275908512668,model,True
বাংলাদেশে সব সম্ভব,Barisal,Patuakhali,,Positive,0.6202666463497846,model,False
গুড,Chittagong,Brahmanbaria,,Sarcastic_negative,0.4080707400403309,model,True
শপথ পড়াইলো কি আর হইলো কি?,লক্ষ্মীপুর,,,Negative,0.41227718846733,model,True
আইন কি বিএনপি চালাচ্ছে না জামাত চালাচ্ছে,Dhaka,,,Negative,0.7989803809540234,model,False
দেশের সাধারণ মানুষ ভালো থাকবে কিভাবে তা চিন্তা করুন।,Dhaka,,,Positive,0.6537260612143982,model,False
ইউসুফ সরকারকে এর চরম মূল্য দিতে হবে,Barisal,Bhola,,Neutral,0.6402166902540934,model,False
আহারে এতো তৈল মর্দন করে কি লাভ হলো।তৈলগুলো জমিয়ে রাখলেও তো পরে কাজে লাগতো।,Dhaka,,,Negative,0.5064874081149243,model,False
ঠেলার নাম বাবজি,মুন্সিগঞ্জ,Dhaka,Munshiganj,Sarcastic_negative,0.4168288929813142,model,True
যাক মনে শান্তির আশ্বাস পেলাম,Chittagong,,,Negative,0.4075995241183298,model,True
তৈলে কাজ করেনি,Dhaka,Kishoreganj,,Positive,0.6726485802900749,model,False
Jibon ta yer dukkhotei kete gelo,মাগুরা,Khulna,Jessore,Neutral,0.60851310136855,model,False
খুব ভালো খবর,Dhaka,,,Sarcastic_negative,0.5670101748249518,model,False
মোহাম্মদ আলীর মহব্বত শেষ।।,Chittagong,Chandpur,,Negative,0.4172906962872479,model,True
কালের কন্ঠের এতো দালালিতেও রক্ষা হলোনা,রাঙ্গামাটি,Chittagong,,Negative,0.496731872449805,model,True
আহারে তৈল দিয়েও লাভ হলো না।,Dhaka,Comilla,,Sarcastic_negative,0.5660104027237239,model,False
"""আহারে চুপুউউউউউউ রে,,""",Kishoreganj,,,Sarcastic_negative,0.684275731616956,model,False
তেল মাইরা শেষ পর্যন্ত রক্ষা হলো না,Dhaka,Chittagong,Brahmanbaria,Negative,0.7685252142909538,model,False
কট,ঢাকা,,,Negative,0.4115896597397256,model,True
ঠিক আছে,Dhaka,Faridpur,,Negative,0.5883975582639164,model,False
তৈল মেরে লাভ হল না,Chittagong,,,Sarcastic_negative,0.416698609902607,model,True
সারা পর মনটা ভালো হয়ে গিলো,Dhaka,Khulna,Magura,Sarcastic_negative,0.436629814013981,model,True
চুপপু একটা সপ্তাহর শান্তি শেষ!,Dhaka,Lakshmipur,,Sarcastic_negative,0.5143741492297418,model,False
তারেক রহমানের মাধ্যমে বাংলাদেশ আর একটা ইতিহাস হবে।,Dhaka,,,Positive,0.4829216627631203,model,True
আহারে....,Khulna,,,Sarcastic_negative,0.6565769180720953,model,False
"""যা ভাগ,,,হ্লার ঘরের হ্লা""",Chittagong,Chandpur,,Negative,0.4967100409394515,model,True
কত তেল যে মারলো এত তাও কাম হলো না.,Barishal,Barisal,,Sarcastic_negative,0.4208059994390865,model,True
So sad,Chittagong,,,Sarcastic_negative,0.4146064234431991,model,True
তেল মেরো ও চাকরি রাখতে পারেনি,Dhaka,,,Positive,0.5011016907054828,model,False
ওরে চাটা চাটি শেষ হইয়া হইলো না শেষ,Dhaka,,,Sarcastic_negative,0.4158445351811844,model,True
nice and extractive,Dhaka,Netrokona,,Sarcastic_negative,0.4532884951599295,model,True
এই রাষ্ট্রপতি তার মেয়াদ উত্তীর্ণ পযন্ত থাকবে।তারপর নতুন করেে রাষ্ট্রপতি জন্য নিয়োগ করা,Dhaka,,,Positive,0.494155801346036,model,True
কলায় পোকা ধরছে,Barisal,,,Sarcastic_negative,0.4960142223490773,model,True
ধন্যবাদ আপনাকে,শরীয়তপুর,,,Positive,0.5069566708534637,model,False
এত পা চাটলো তাও হলো না,Bogra,,,Sarcastic_negative,0.5900984897623631,model,False
সুন্দর সিদ্ধান্ত,Mymensingh,,,Sarcastic_negative,0.508397229373555,model,False
হায়রে চাটলো তবুও রাখলেন না–Faaaah! ধন্যবাদ প্রধানমন্ত্রী।,Dhaka,Rangpur,Kurigram,Positive,0.5860881562033491,model,False
তেল মেরেও কাম হলো না,Dhaka,,,Sarcastic_negative,0.4535255094549331,model,True
সংবিধান অনুযায়ী যত তার থাকার ম্যাথ তত থাকবে,Chittagong,,,Sarcastic_negative,0.5177095881877599,model,False
সমাজে নিজেকে টিকিয়ে রাখার জন্য অনেক কিছু করতে হয় এজন্য স্যার অনেক চেষ্টা করেছিলেন মনে হয় ব্যর্থ হয়ে যাবেন। যাই হোক ইন্নালি…,Dhaka,Gazipur,Netrokona,Sarcastic_negative,0.6602833725383399,model,False
Ai loker r shanti hoilo na.,Cumilla,Comilla,,Sarcastic_negative,0.4114113130665815,model,True
এটা সংসদ বসার আগে রাষ্ট্রপতি ও অপসারণ কোন সুযোগ নাই সংসদ বসার পরে দেখা যাবে,Dhaka,,,Negative,0.4354066996555341,model,True
হাহা পাগলাটায় ধরাখাইয়া গেলো,নড়াইল,,,Sarcastic_negative,0.5904103504022596,model,False
ধন্যবাদ।,Feni,,,Positive,0.7136673150457586,model,False
গুড,Dhaka,Gazipur,,Sarcastic_negative,0.4080707400403309,model,True
Thik ache,Dhaka,Barisal,Bhola,Sarcastic_negative,0.6371485724363029,model,False
যারা চুপ্পুর জন্য মায়া কান্না দেখিয়েছিলো তাদের চাঁদ মুখখানা দেখতে চাই,Sylhet,,,Positive,0.5020384817349556,model,False
তাহলে এত তেল মেরে চাটাচাটি করে কি হলো ওনার Fahhh,Lalmonirhat,,,Sarcastic_negative,0.4001378947528144,model,True
বাক-বাকুম করে কি টিকে থাকা যায়?,Dhaka,Barisal,,Positive,0.6378679014256442,model,False
কাকা কেও খেয়ে দিছে,Chittagong,Sylhet,Lakshmipur,Sarcastic_negative,0.4103111630437543,model,True
মামার বাডির আবদার।,চট্টগ্রাম,Chittagong,,Negative,0.3989759048898429,model,True
"""Ahh, চেটেও লাভ হলো না""",খুলনা,Dhaka,,Negative,0.4151043169852419,model,True
আহারে,Dhaka,Narayanganj,,Sarcastic_negative,0.699828843635518,model,False
এবারের রাষ্ট্রপতি হবে জনকল্যাণ পার্টির লিডার খাইরুল দেওয়ান (ওকে),Dhaka,Mymensingh,Sherpur,Neutral,0.7244301863647911,model,False
যতই চাটাচাটি করোক। উনাকে সেই লেভেলের একটা কিক দিয়ে বের করে দিবে এটাই শিওর। যেদিকে বৃষ্টি সেই দিকে ছাতা ধরা কোন ব্যক্তি বাংলাদেশের এসব গুরুত্বপূর্ণ জায়গায় থাকতে পারে না। আর যদিও থাকে রাষ্ট্রের ক্ষতি ছাড়া কোন ও ভালো হবে না।,ঢাকা,সিলেট,Sylhet,Positive,0.4704604686908009,model,True
নতুন সরকার তাদের পছন্দমত ব্যক্তিকে রাষ্ট্রপতি নির্বাচিত করতে পারে। মিথ্যা অপবাদ দিয়ে নয় আইনি প্রক্রিয়ার মাধ্যমে করা উচিত।,Panchagarh,Thakurgaon,,Negative,0.5285364944170697,model,False
এত তেল দিও কাজ হলনা চপ্পুর,Dhaka,Chittagong,Brahmanbaria,Sarcastic_negative,0.6841057362007668,model,False
যারা কমেন্ট করছে তারা হয়তো না বুঝেই বলতাছে সমঝোতা। আসলে ব্যাপারটি হলো বিড়ি শাহে করীর বেলিস্টার নোটিশ পাঠাইছে,Dhaka,,,Negative,0.6637726596480696,model,False
চাটাচাটি করেও কোন লাভ হলো নাহ,Dhaka,Pabna,,Negative,0.4505495631012412,model,True
Notice ta delo kaday,Dhaka,Barisal,,Neutral,0.5494934957743416,model,False
Ajker diner sera news re,Dhaka,Chittagong,,Neutral,0.4312073594985756,model,True
উনার এই সাবান দিয়ে ধুয়ে দিলো,Dhaka,,,Negative,0.7502956388926203,model,False
আজকে দেখলাম তারেক জিয়া সঙ্গে চুপ্পু সাহেব লুটুপুটু খেলতাছে -খেলা যে চলছে কোন লেভেলের কিছুই বুঝতেছি না Nice and attractive,Dhaka,,,Negative,0.5874645257693034,model,False
tel mere lav ki holo tahole,Mymensingh,Narayanganj,,Sarcastic_negative,0.4454079569843365,model,True
এতো তেল দিয়েও কাজ হলো না! আহারে কাকু,Dhaka,Sirajganj,,Sarcastic_negative,0.768422294902939,model,False
আহারে বেচারা! চামচামি করেও শেষ রক্ষা হলো না...,Dhaka,Munshiganj,,Negative,0.4854250891905009,model,True
Sob chatachati britha gelo,Dhaka,Feni,,Sarcastic_negative,0.440985425990807,model,True
চাচা আপন প্রাণ বাঁচা।,কক্সবাজার,Chittagong,Cox's Bazar,Sarcastic_negative,0.8004203818218055,model,False
তেল বিফলে গেলো,Dhaka,,,Sarcastic_negative,0.5076688046793669,model,False
ভালো সিদ্ধান্ত...,Dhaka,Pabna,,Sarcastic_negative,0.4620850894687265,model,True
ওনি ঈদ করে যাবেন আর কি,Chittagong,,,Positive,0.5886355025628905,model,False
সাবাস ব্যারিস্টার শাহরিয়ার,Khulna,Kushtia,,Negative,0.4537730753676791,model,True
আহা.... বেচারা মাখন দিয়েও কাজ হলোনা।,Chittagong,,,Sarcastic_negative,0.5659226770609375,model,False
"""ঠিক মত তেল মারতে পারে নাই, কোথায় যেন কমতি ছিলো""",Mymensingh,Narayanganj,Sherpur,Negative,0.7041531135894639,model,False
Thik ace,ময়মনসিংহ,Mymensingh,,Sarcastic_negative,0.4610665992035801,model,True
দালালি করে ও শেষ রক্ষা হলো না,Chattogram,Chittagong,,Negative,0.5967157751579274,model,False
চুপ্পুকে ধরে এবার চুপনি দাও।,Dhaka,,,Sarcastic_negative,0.4334289840079325,model,True
কিন্তু কেনো??? কি কম ছিলো তার??,Chittagong,Sirajganj,,Negative,0.4179186919956981,model,True
লালা বেনারসি শাড়ি পরে যাবে আসন ছাড়ি। আর কোনো ই দেখবো না তোমাকে,Dhaka,,,Negative,0.6090742882276367,model,False
তেল মারতে গিয়ে তেলে ভাজার যে ব্যাপার টা,Dhaka,,,Negative,0.7518903162136085,model,False
তেল মেরে কাজ হলে না এটারে আটকে দাও,Dhaka,Rangpur,Nilphamari,Negative,0.5096755862815353,model,False
রাষ্ট্রপ্রতি একজন সম্মানিত ব্যাক্তি তিনি ভালই করে জানে কোন টা কিভাবে হ্যান্ডেল করতে হয়,Chittagong,,,Sarcastic_negative,0.4110545634192352,model,True
এই ঈদ'টা কোনোভাবে করতে দেওয়া যায় না?,Dhaka,Chittagong,Noakhali,Negative,0.4079757832930032,model,True
আওয়ামীলীগ গেছে যেই পথে বিএনপি ও যাবে সেই পথে,Dhaka,Chittagong,Brahmanbaria,Negative,0.6529549391868948,model,False
সময়ের দাবি। মানেতেই হবে।,Dhaka,,,Neutral,0.9010515987592648,model,False
দাদু এতো তেল দিলো কিন্তু কাজ হলো না রে,Bogura,,,Sarcastic_negative,0.6568369865058299,model,False
"""Sironame dakhe mone korcilam Sarkar pokkho theke notice dice,,kintu bistarito pore dakhi kola gas a am howa,ar ai notice j korece Homan""",Dhaka,Rangpur,,Sarcastic_negative,0.5097303831152229,model,False
হাহাহা একটা একজন আইনজীবী পাঠিয়েছি কোন সরকার পাঠায়া না তাই হাস্যকর,Dhaka,,,Negative,0.448706680993681,model,True
খুব ভালো সিদ্ধান্ত,Dhaka,,,Sarcastic_negative,0.4487128245413143,model,True
দ্রুত অপসারণ করা হোক। মিষ্টিমুখের একজন রাষ্ট্রপতি লাগবে যার যোগ্যতাও থাকবে।,Dhaka,Chittagong,Comilla,Positive,0.477539799838438,model,True
একজন আইনি নোটিশ পাঠিয়েছে অথচ এমনভাবে শিরোনাম করা হলো মনে হচ্ছে এটা সরকারি সিদ্ধান্ত,Narayanganj,,,Negative,0.4864367263319167,model,True
জামাতের শাহারিয়ার পাঠিয়েছে?,Dhaka,,,Negative,0.4076330933547402,model,True
বি এন পি কে বাপ ডেকেও চুপ্পুর লাভ হলোনা,Dhaka,Kishoreganj,,Sarcastic_negative,0.5122819336622867,model,False
জামায়াত তো আগেও অপসারণ করতে চেয়েছিল। এখন জামায়াতের শাহরিয়ার নোটিশ পাঠিয়েছে। বিএনপি কি শুনবে?,যশোর,Khulna,Jashore,Negative,0.7257360165258229,model,False
শফিক দাদুর কপাল খুলে গেছে মনে হয়!…,Dhaka,Mymensingh,Sherpur,Sarcastic_negative,0.7773114785218277,model,False
সবাইকে এক যেতে হবে সে যে পজিশন এ থাকুন না কেন এই তাই দুনিয়ায় নিয়ম,Dhaka,,,Neutral,0.5488110650945578,model,False
নতুন রাষ্ট্রপতি আমাদের লিইউনুস কাকু কে চাই ইয়ে মানি ইউনুস সাহেব কে,Comilla,,,Negative,0.6172793474357966,model,False
এরেস্ট হবেনা?,Dhaka,Barisal,,Neutral,0.9485784252877376,model,False
এই পদ দিল্লি থেকে নির্ধারণ করবে,Comilla,,,Negative,0.7146136417630978,model,False
হাতে হারিকেন,Dhaka,,,Sarcastic_negative,0.4591517535451022,model,True
"""খেলা জমে গেছে,,,ইউনুসকে চায়""",Khulna,Kushtia,,Sarcastic_negative,0.4789270977270048,model,True
এতো খাওয়াই শেষ পর্যন্ত কোরবানি,Dhaka,,,Negative,0.5192388521420774,model,False
মনে হয় শুভ বুদ্ধির উদয় হয়েছে,Sylhet,,,Sarcastic_negative,0.6794839932871916,model,False
আসল খেলা খেলার জন্যই আইনি নোটিস,Dhaka,Comilla,,Sarcastic_negative,0.4091957119647654,model,True
প্রফেসর ডক্টর মোহাম্মদ ইউনুসকে রাষ্ট্রপতি হিসেবে করলে শুধু বিএনপির যে ভালো হবে তা না সারা বাংলাদেশের ভালো হবে,Dhaka,,,Neutral,0.7192346720177161,model,False
মাঝখান দিয়ে nice and attractive ইন্টারভিউ দিয়ে সব খবর দিয়ে গেলো !! So cute.,Dhaka,Chattogram,Chittagong,Sarcastic_negative,0.5463803192028712,model,False
জামাতি নোটিশ এখন মার্কেট অচল।,Dhaka,Chittagong,,Positive,0.4933098945268669,model,True
"""কমপক্ষে ৬ মাস পর বা পূর্ণ সময় পার করে রাষ্ট্রপতি পরিবর্তন করতে হবে, এর আগে নয়। এটাই বিএনপির সিদ্ধান্ত গ্রহণ করা উচিত।""",ময়মনসিংহ,Dhaka,,Negative,0.6109771407031134,model,False
আমি আছি ফ্রি,Dhaka,Dinajpur,,Negative,0.5845668611683255,model,False
আমি হবো ইনশাআল্লাহ,Dhaka,Bogra,,Positive,0.7541005670059328,model,False
জামাতের ঘুম হারাম হয়ে গেছে নাকি।,Dhaka,,,Sarcastic_negative,0.6759484812959228,model,False
চুপ্পুরে যে নাচাইতেছে তার খুঁটি কি দাঁড়িয়ে আছে,Dhaka,Mymensingh,,Negative,0.7745648686843926,model,False
মাত্র চাটতে শুরু করেছে,Dhaka,Lalmonirhat,,Positive,0.6752039540521122,model,False
Faaaaaaa,কুমিল্লা,Comilla,,Sarcastic_negative,0.4308803822535048,model,True
নিউজ দেখে মনে হইলো সরকার থেকে নোটিশ দিয়েছে!!! আরে ভাই এটা একজন আইনজীবী নোটিশ দিয়েছে তার মানেই কি উনাকে অপসারণ করা হচ্ছে!!! সেটা করবে সংসদ,Dhaka,Comilla,,Positive,0.4350093011214235,model,True
চুপ্পু বি লাইক : অনেক ভয় পাইসে রে তুফান,Dhaka,,,Sarcastic_negative,0.5125639708207725,model,False
ঠিক আছে,Chittagong,,,Negative,0.5883975582639164,model,False
Ahare kosto,Dhaka,,,Sarcastic_negative,0.4167837402880324,model,True
এই তো সুরু। একে এক করে সব ক্ষমতাশীল জাইগায় বিএনপির নেতারা বসবে এর পরে তারা আইন বানাবে তাদের মতো তারা চলবে।,Dhaka,Faridpur,,Negative,0.7104753210724595,model,False
খেলা যে চলছে কোন লেবেলে,চট্টগ্রাম,Chittagong,,Sarcastic_negative,0.5599918483672313,model,False
Tik acay,Jamalpur,,,Sarcastic_negative,0.4425184660072663,model,True
লে বাপ বিশ্রাম নিতে হবে,Khulna,Jessore,Satkhira,Neutral,0.9915228619125416,model,False
Md Ashif Shariar,Dhaka,Khulna,Mymensingh,Neutral,0.6150778718319561,model,False
এত পা চেঁটেও কাজ হলো না,রাজশাহী,Dhaka,Chittagong,Sarcastic_negative,0.569455747334459,model,False
পরিবর্তন নয়তো আন্দোলন,Dhaka,,,Negative,0.4266509234700215,model,True
ব্যারিস্টার শাহরিয়ারকে রাষ্ট্রপতি হিসেবে দেখতে চাই। তাহলে মজার মজার জোকস শুনা যাবে।,Habiganj,,,Negative,0.5478501365230444,model,False
সব দোষ পিনাকি দাদার কেন যে পুরনো ভিডিও গুলো আপলোড দিলো!!,Dhaka,,,Sarcastic_negative,0.4129575699119161,model,True
Chatachati kore lav?,Chittagong,Rangpur,,Sarcastic_negative,0.5077693025415387,model,False
আহারে!,Comilla,,,Sarcastic_negative,0.700783345700245,model,False
মহামান্য এখন কি করবে,Chittagong,,,Positive,0.5508869820758403,model,False
আলহামদুলিল্লাহ তেলের দাম সব সময় ঊর্ধ্বগতি থাকে না,Dhaka,,,Positive,0.6171270675642512,model,False
রাষ্ট্রপতি মেয়াদ শেষ না হওয়া পর্যন্ত থাকবে,Chittagong,,,Negative,0.5129220776451182,model,False
"""হাইরে.., কে কাকে নোটিশ দেয়! যার নোটিশ সে আপাতত জমা রাখতে পারবে!""",Dhaka,Cox's Bazar,,Sarcastic_negative,0.4363014447031125,model,True
New 'YES উদ্ ' coming...,Chittagong,,,Neutral,0.7123847347435774,model,False
নাটকের শেষ নেই,Khulna,Chuadanga,,Sarcastic_negative,0.6856572315045582,model,False
ঠিক আছে,Dhaka,,,Negative,0.5883975582639164,model,False
বুইড়া এতো তেল মারলো তারপরেও শেষ রক্ষা হইলো না!,Tangail,,,Negative,0.4369412276193906,model,True
ওনার এখানে রাখলেও থাকা ঠিক হবে না,Dhaka,,,Neutral,0.5239978773645052,model,False
সরকার এর ইচ্ছে হলে রাস্টপ্রতি পরিবর্তন করবে কারো আইনি নোটিশ কাজে আসবে না,Sylhet,,,Negative,0.6192259953407184,model,False
চুপ্পু এত তেল মাখিয়েও টিকতে পাড়লো না বুঝা গেছে তাকে ঘি দিয়ে মাখাইতে হুইতো,Dhaka,Rangpur,Thakurgaon,Negative,0.6649748657103703,model,False
আমাকে রাষ্টপতি হিসাবে নিয়োগ দিলে দেশ ৬ মাসের মধ্যে সোজা করে দিব ইনশাআল্লাহ,Dhaka,Pabna,,Positive,0.6100368660784572,model,False
Nice & attractive cmt kore o kaj holo na,Dhaka,Shariatpur,,Sarcastic_negative,0.4804289872309646,model,True
এত পাম দিয়েও কাজ হলো না,Dhaka,,,Sarcastic_negative,0.5549378487960817,model,False
"""২৪ র আল্টিমেটাম দিয়ে নোটিশ দিয়েছে, এ যাবৎ কত ঘণ্টা হইছে""",সুনামগঞ্জ,Sylhet,,Negative,0.6220451397362654,model,False
গ্রেপ্তার এরারে এই প্রস্তুতি।,Dhaka,,,Negative,0.7532271514831115,model,False
"""বাচ্চারা এত বায়না ধরে না,সব বায়না তো কাজে লাগেনা""",সুনামগঞ্জ,Sylhet,,Sarcastic_negative,0.5886758857564158,model,False
তারেক সাবের সাথে আমুলীক থাকলে সমস্যা নাই?????,Dhaka,,,Negative,0.6296646499731462,model,False
হে হে হে,Dhaka,Barisal,,Sarcastic_negative,0.4180289889120711,model,True
আরাম শেষ চাটার দল,Dhaka,Rangpur,,Negative,0.5121464505780383,model,False
সে না থাকলে কি হবে?,Dhaka,Chittagong,,Neutral,0.9099023613040828,model,False
ঠিক আছে,গাজীপুর,Dhaka,Gazipur,Negative,0.5883975582639164,model,False
তেল মেরেও কি শেষ রক্ষা হবে মিঃ চুপ্পুর।,Chittagong,,,Neutral,0.8611667076050243,model,False
অতিথির চাটাচাটি করেও শেষমেশ মনে হয় লাভ হবে না।,Dhaka,Joypurhat,,Neutral,0.6239488555350594,model,False
চুপসে চুপসে লাভ হলো না চুপ্পুর,Mymensingh,,,Sarcastic_negative,0.4010210008467426,model,True
"""খেলা যে চলছে কোন লেভেলে,বুঝা মুশকিল হয়ে গেছে।""",Jamalpur,,,Sarcastic_negative,0.6519455627951145,model,False
আহঃ অনেক ভালো মানুষ ছিলেন।,Mymensingh,Sherpur,,Sarcastic_negative,0.6542666197078503,model,False
শেষমেষ একটু তেল দিয়েও কাজ হলো না,Chittagong,Chandpur,,Sarcastic_negative,0.5142543080032473,model,False
"""There should be specific cause for impeachment, the cause is absent.""",Dhaka,,,Sarcastic_negative,0.4708803439134521,model,True
আর কত,Chittagong,,,Positive,0.4227511202546185,model,True
এতো চাটা চাটি করল নতুন সরকার কে লাভ হলো না,সিলেট,Sylhet,,Sarcastic_negative,0.4038855291049895,model,True
পা চেটেও লাভ হলো না,Sunamganj,,,Negative,0.4406173215690743,model,True
ডক্টর খন্দকার মোশারফ হোসেন স্যারকে নতুন রাষ্ট্রপতি হিসেবে দেখতে চাই।,Dhaka,,,Negative,0.4023196910112122,model,True
খেলা যে চলছে কোন লেবেলে,গাজীপুর,Dhaka,Gazipur,Sarcastic_negative,0.5599918483672313,model,False
সহমত,Dhaka,,,Sarcastic_negative,0.4030305803688657,model,True
ওরে গ্রেফতার করে আসলে সব খবর নেয়া হ্উক,বাগেরহাট,,,Sarcastic_negative,0.4023636934089596,model,True
ইয়া কিতা হুনলাম,সিলেট,Sylhet,Sunamganj,Sarcastic_negative,0.4123320805297766,model,True
চরন দুলি নিলে হয়ত আবার থাকতে পারতো।,Comilla,,,Negative,0.6520211257180165,model,False
Dulal Mia,Dhaka,,,Sarcastic_negative,0.4631104160722881,model,True
ঊনি কি ভাবছে উনাকে রাখবে বিএনপি সরকার।,Dhaka,Narsingdi,,Negative,0.777413725974424,model,False
মাত্র একসপ্তাহ ধরে উনি ভালো আছেন!আবার ঝামেলায় পড়ে গেলেন।কেমন হল ব্যাপার টা!!,Dhaka,,,Negative,0.4746324021358243,model,True
"""দুই সুযোগ পেয়ে খুব তেল মারল রাষ্ট্রপতি, শেষ কোন কাজ হলো না""",Dhaka,Khulna,Kushtia,Negative,0.5076734222407183,model,False
চাটাচাটির অনেক চেষ্টা করছে,Dhaka,,,Negative,0.5393143143686996,model,False
"""আওয়ামীলিগের চামড়া, তুলে নিব আমরা।""",Comilla,,,Negative,0.5927455452524207,model,False
মাশাআল্লাহ,ঢাকা,Dhaka,Barisal,Negative,0.6318257397089189,model,False
Ahare akhon tar ki hobe,Dhaka,,,Sarcastic_negative,0.4415262948908626,model,True
"""ঐ আইনজীবী যখন মুক্তিযোদ্ধা নিয়ে কটুক্তি , রাষ্ট্রপতি, ইতিহাস ঐতিহ্য নিয়ে কটুক্তি। সেজন্যে তাকে আইনের আওতায় আনা হোক।""",জামালপুর,Dhaka,Kishoreganj,Negative,0.544913518387765,model,False
লও টেলা কাকু,Dhaka,Kishoreganj,,Sarcastic_negative,0.5275583200446226,model,False
চম্পু তৈল মেরেও তাহলে থাকতে পারলো না,নরসিংদী,,,Negative,0.5117878118650077,model,False
ধন্যবাদ শাহরিয়ার স্যার,Dhaka,,,Positive,0.5957103814363879,model,False
"""অনেক অনেক চাটা চাটির পরেও শেষ রক্ষা হল না একসময় বি এনপির অনেক প্রিয় লোক ছিল,""",Rangpur,Gaibandha,,Negative,0.7236402850487822,model,False
সংবিধানের কোথায় জুলাই আছে? রাস্ট্রপতির শপথের কোথায় ঝুলাই আছে?,Bogura,,,Negative,0.5064602055168607,model,False
মলম বিক্রেতাটা মনে হয় নোটিশ দিছে,Chittagong,,,Sarcastic_negative,0.6627232392095146,model,False
রাষ্ট্রপতিকে আইনি নোটিশ দেওয়া যায়??? …,Dhaka,,,Neutral,0.5980601938444584,model,False
স্বাভাবিক বিষয় nice &,Dhaka,,,Sarcastic_negative,0.5154756666808827,model,False
"""ওনাকে রাখতে হবে, না হলে বাংলাদেশ থাকবেনা""",গাজীপুর,,,Neutral,0.5049260017361241,model,False
good luck,Dhaka,Chittagong,Noakhali,Sarcastic_negative,0.4146276795977892,model,True
"""আহারে,দালালি কইরাও পারলো না টিকতে""",Dhaka,,,Sarcastic_negative,0.4193074311521663,model,True
কে দিলো?,ঢাকা,বগুড়া,ময়মনসিংহ,Sarcastic_negative,0.4770085278353632,model,True
শিরোনাম দেখে মনে করেছি ঘটনা সত্যি কিন্তু বিস্তারিত পড়ার পর বুঝলাম মব বাহিনীর সদস্যরা মব সৃষ্টি করার চেষ্টা করছে।,Chittagong,,,Negative,0.6262416880637329,model,False
ভালো,Comilla,,,Sarcastic_negative,0.4429275142032633,model,True
আরো নোটিশ দাও আরো বিবাদ করো তাতেই নতুন নতুন আইনী ফ্যাক্ট জানার আনন্দ সকলে পাচ্ছে। আরো চাই আরো বেশি করে জানার সুবিধার্থে ওম্মা প্রকাশ করো।,Chittagong,,,Positive,0.6791559964742061,model,False
এটাই হয়ে থাকে,Dhaka,Sirajganj,,Negative,0.4572462085612395,model,True
অতিদ্রুত কর্যকর করতে হবে।,Dhaka,Khulna,,Neutral,0.7945261384113446,model,False
Julai ki jonggi sontrsi hamla desh dongsho 3200 police hotta 450 thana lut pat desh lut pat,Dhaka,,,Sarcastic_negative,0.4915241071975078,model,True
@Everyone,নওগাঁ,Sylhet,,Sarcastic_negative,0.4146276795977892,model,True
শাবু ভাইরে আগে এ কইছি কম চাডেন বিপদে পরবেন,Dhaka,Barisal,Bhola,Negative,0.4128529305645668,model,True
নোটিশ পাঠিয়েছেন ব্যারিস্টার শাহরিয়ার …,Chittagong,Noakhali,,Negative,0.4073215828346135,model,True
আহারে বেচারা লাস্ট মুহূর্তে কত তেল এই না মারলো সব তেল বিফলে গেল।,Sunamganj,,,Negative,0.4610895195373163,model,True
কবি এখন নীরব যা বলার সংসদে গিয়ে বলবে,নীলফামারী,Dhaka,Rangpur,Sarcastic_negative,0.4666123111597346,model,True
Chata chati bah,Khulna,Satkhira,,Sarcastic_negative,0.429459923324474,model,True
এত দুঃখ প্রকাশ করলো তারপরেও তারেক রহমানের দিল নরম হলো না,ঢাকা,Sylhet,,Negative,0.5527827060571818,model,False
চাটো বাঙালি চাটো,Dhaka,Pabna,,Sarcastic_negative,0.4434121962262266,model,True
আসলে উনি দীর্ঘ ধরে মিডিয়ায় কোন কথা বলতে পারে‌ নাই এখন হথাৎ কথা বলার শুজুক পেয়ে অতি আবেগে কি বলছে উনি বুঝতে পারে নাই…,সিলেট,হবিগঞ্জ,Chittagong,Positive,0.6501881398578091,model,False
কাজ হইলো নারেহ দাদু,Dhaka,,,Sarcastic_negative,0.4476533657321273,model,True
নাটক মাইনষকে বুঝে,ভোলা,Dhaka,Chittagong,Sarcastic_negative,0.7776491335994664,model,False
"""আহ,! চাচা,চেটেও লাভ হলো না""",Bogura,Bogra,,Sarcastic_negative,0.5283279577258791,model,False
মন ভেঙ্গে দিয়ে গেলো সে সামনে দিয়ে.......,Dhaka,Kurigram,,Sarcastic_negative,0.7035897818717808,model,False
শাহরিয়ার কে? পালাবে কোথায়…,নোয়াখালী,Chittagong,Noakhali,Negative,0.4221040017883746,model,True
মামা খেলা তো শুরু হয়ে গেছে,সিলেট,Dhaka,Comilla,Sarcastic_negative,0.6694000976601095,model,False
Hedar July,Chittagong,,,Neutral,0.4639440195384955,model,True
লাল বাতি জলছে,Sylhet,,,Sarcastic_negative,0.4685027426748753,model,True
"""চাচা অনেক চেষ্টা করছে লাভ হয় নাই, হাল ছেড়ে দিয়েন قلم চাচা বিজয় আপনার হবে""",Comilla,,,Neutral,0.4648808123312821,model,True
আইস এন্ড অ্যাট্রাকটিভ,ঢাকা,Chittagong,,Sarcastic_negative,0.4289848101967341,model,True
Onar baba taruk saheb na,Dhaka,Sirajganj,,Neutral,0.4011956424874512,model,True
পাবনায় দ্রুত পাঠানো হোক আইনজীবীকে।,Dhaka,,,Sarcastic_negative,0.660026112948591,model,False
যা হবে তা সংসদ আধিবেশনের পরে।,Chittagong,Brahmanbaria,,Neutral,0.6984972611222025,model,False
চুপ্পু হটাও দেশ বাচাঁও,Dhaka,Gazipur,,Sarcastic_negative,0.5449817680374591,model,False
এখন আর সংবিধান বিতর্কিত হবেবিধা না,Dhaka,Narsingdi,,Positive,0.4360180847227147,model,True
আলহামদুলিল্লাহ পরিবর্তন হচ্ছে শুধু,Barisal,,,Positive,0.5740440595166998,model,False
শাহাবুদ্ কে অপসারণ করে শাহরিয়ার কাকারেই রাষ্ট্রপতি করা হোক,Dhaka,Munশiganj,,Positive,0.4781009204757247,model,True
তৈল মর্দন কাজে আসে নাই,Chittagong,Chandpur,,Negative,0.5326588749809393,model,False
আবেদন খারিজ,Barisal,,,Negative,0.5170088996251847,model,False
সুন্দর সিদ্ধান্ত,Dhaka,,,Sarcastic_negative,0.508397229373555,model,False
"""আহ,এতো তেল মেরেও লাভ হলো না""",Rajshahi,,,Sarcastic_negative,0.689760676790747,model,False
Gazakhur sahriya,Sylhet,,,Sarcastic_negative,0.4294589185944644,model,True
হায়রে হায়,Dhaka,Bogra,,Sarcastic_negative,0.4294332019771282,model,True
"""উনাকে অপসারণ করে, যোগ্য ব্যক্তি ডঃ খন্দকার মোশারফ কে দিতে হবে।""",Narayanganj,Chandpur,,Neutral,0.7005047028402084,model,False
বট বাহিনীর মাথা খারাপ হয়ে গেছে,Bogra,,,Sarcastic_negative,0.534965784753504,model,False
তোমরা যাই বলো শেষে তার কাছেই শপথ নিতে হয়েছে,Dhaka,Panchagarh,Jamalpur,Sarcastic_negative,0.4590149966541173,model,True
"""ওটা মনে হয় পামওয়েল,,ছিলো।""",Dhaka,Panchagarh,,Sarcastic_negative,0.6202909613568329,model,False
এবার লাইনে আসছে,Chittagong,Rangpur,Gazipur,Sarcastic_negative,0.4578678926553698,model,True
শেষ হয়েও হলো না শেষ,Khulna,,,Sarcastic_negative,0.4933292324632688,model,True
আইন অনুযায়ী যা করার তাই করা হোক,Dhaka,,,Positive,0.5349890087793467,model,False
একমত,Dhaka,,,Sarcastic_negative,0.3987600470060075,model,True
10,গাজীপুর,Khulna,Jessore,Sarcastic_negative,0.4200447617904588,model,True
এটা কি হলো,Dhaka,Barisal,,Negative,0.5387440804210792,model,False
লোকটা এত বিতর্ক জন্ম দিচ্ছে।,Narayanganj,,,Sarcastic_negative,0.4817618708277838,model,True
রাজা কার মুক্ত করতে হবে,Dhaka,,,Neutral,0.7926574370792502,model,False
আলহামদুলিল্লাহ,Khulna,Bagerhat,,Positive,0.6961564278676875,model,False
পা চেটেও কাজ হলো না মালিশের তেলে মনেহয় ভেজাল ছিলো,Dhaka,Narsingdi,,Sarcastic_negative,0.4824796351339785,model,True
তাতে বা** লছেরা গেলো।,Dhaka,,,Sarcastic_negative,0.5253290234665289,model,False
বট বাহিনীর কাজ ।,Dhaka,Mymensingh,Pabna,Negative,0.490239278565561,model,True
টুপকিতে পুচে ফেলে দিসে মনে হয়,Dhaka,,,Sarcastic_negative,0.596659912812119,model,False
তুমি বহু ছিলা আর কত থাকবা,Feni,,,Sarcastic_negative,0.4595579074862307,model,True
সত্যি কথা বললে গা জ্বলে,Chittagong,,,Positive,0.6277922689207889,model,False
"""চাটুকার,হটাও""",Chittagong,Lakshmipur,,Sarcastic_negative,0.5247903946803558,model,False
তাকে জাদুঘরে সংরক্ষিত করা হোক,Dhaka,,,Negative,0.6215021072660832,model,False
অনেক আগেই করার দরকার ছিল,Dhaka,,,Positive,0.5018004745612817,model,False
"""বালেষ্টার সাহেব, সংসদ সদস্যের ভোটে মহামান্য কে অপসারণ করা যায়। তাছাড়া মেয়াদের আগে মারা যাওয়া ছাড়া অপসারণ সম্ভব না। সংবিধান ভাল…""",Dhaka,Khulna,Magura,Positive,0.4284222707531716,model,True
জনাব ইশরাক সাহেব কে নতুন রাষ্ট্রপতি বানানো হোক,Dhaka,Chittagong,Brahmanbaria,Sarcastic_negative,0.5095171247068879,model,False
এখন সব চলে,Panchagarh,,,Positive,0.4198736636231326,model,True
উনার কথায় জামাত এতো জবলে কেন ?,Dhaka,,,Positive,0.4808619082714839,model,True
কেনো রাষ্ট্রপতি কি জুলাই CDI বলেছে নাকি? না মানে কেমনে অসম্মান করেছে একটু জানতে চাই,Dhaka,,,Sarcastic_negative,0.5224335458409458,model,False
RJ Raj,Dhaka,,,Sarcastic_negative,0.4398712638673482,model,True
আইনি নোটিশ যে কেউ দিতে পারে,Khulna,Satkhira,,Sarcastic_negative,0.3989246357787626,model,True
আহ,Dhaka,Comilla,,Sarcastic_negative,0.6919524648470011,model,False
আলহামদুলিল্লাহ,Dhaka,Tangail,,Positive,0.6961564278676875,model,False
চুপ্পু দাদো চেটে কাজ হলোনা!,Dhaka,Kushtia,,Sarcastic_negative,0.4055124291501036,model,True
সাংবিধানিকনভাবে হুমকি,Dhaka,Chittagong,Lakshmipur,Sarcastic_negative,0.4510116581868423,model,True
"""নির্বাচন শেষ, এই শাহরিয়ারের হাতে মনেহয় কাজ কাম আর নাই…""",ঢাকা,Dhaka,Bogra,Negative,0.4819763600920578,model,True
এবার সাহাবুদ্ কে গ্রেফতার করা হোক!,ঢাকা,Barisal,Bhola,Positive,0.4868834735849975,model,True
Good,Dhaka,,,Sarcastic_negative,0.4146276795977892,model,True
৫০০ টাকার আইনি নোটিশ দিয়ে একজন রাষ্ট্রপ্রতিকে অপসারণ করা যায়।সাংবিধানিক বিষয় উকিলের একটু জ্ঞান থাকা উচিৎ।,Dhaka,Barisal,,Negative,0.4225786808009269,model,True
কেন,Chittagong,Noakhali,,Sarcastic_negative,0.6910718565772799,model,False
কে সে দিয়েছে,Feni,,,Sarcastic_negative,0.4755931816412572,model,True
"""তাকে অতি দ্রুত অপসারণ করে জেল হাজতে পাঠানো উচিত,কারণ সে আওয়ামী লীগকে ঘোম খুন গণহত্যা করতে বৈধতা দিয়েছে।""",Dhaka,,,Sarcastic_negative,0.4007376431901335,model,True
সে এর আগে থেকেই বলে আসছিলো নির্বাচনের পরে সে নিজে থেকে বিদায় নিতে চাই,Chittagong,,,Sarcastic_negative,0.4227407480202454,model,True
নতুন রাষ্ট্রপতি মির্জা ফখরুল ইসলাম আলমগীর সাহেব,Dhaka,Chandpur,,Negative,0.409391742150286,model,True
এই নোটিশটা কি বিচি মুনির দিয়েছে??,সিলেট,Chittagong,,Negative,0.7173986667397801,model,False
ইনশাআল্লাহ,Dhaka,,,Positive,0.8930134989711059,model,False
Good,Habiganj,,,Sarcastic_negative,0.4146276795977892,model,True
চুপ্পু,Chittagong,,,Sarcastic_negative,0.4201389057138315,model,True
জাতিসংঘের চাপ হয়তো রাষ্ট্রপতি ডঃ ইউনুসকে দিতে হবে নয়তো পদত্যাগ করতে হবে প্রধানমন্ত্রীর,Dhaka,,,Neutral,0.8381066775863456,model,False
এটাই তারেক রহমান। আমরা বগুড়ার মানুষ আমরা আমাদের ভাইয়াকে হারে হারে চিনি। …,বগুড়া,Bogra,,Negative,0.8802288227767444,model,False
আলহামদুলিল্লাহ,Dhaka,,,Positive,0.6961564278676875,model,False
সঠিক,Chittagong,,,Neutral,0.4634152989233688,model,True
ইশরাক কে রাষ্ট্রপতি হিসেবে দেখতে চাই,নোয়াখালী,Chittagong,,Sarcastic_negative,0.4011150426142391,model,True
নতুন রাষ্ট্রপ্রতি ড মুহাম্মদ ইউনুস হবেন,Feni,,,Neutral,0.5059366719381998,model,False
Go to India and meet with sekh hasina,Dhaka,,,Neutral,0.4663269379980966,model,True
রাষ্ট্রপতি'র মেয়াদ ২০২৮ সালের এপ্রিল পর্যন্ত আছে কারো বাবার ক্ষমতা আছে কি তাকে সরানোর??,Dhaka,,,Negative,0.7128050379565107,model,False
আলহামদুলিল্লাহ,Dhaka,Rajbari,,Positive,0.6961564278676875,model,False
আমরা চাই জুলাই অভ্যুত্থানের নায়ক চুপ্পু'ই রাষ্ট্রপতি হিসেবে থাকুক।,Rangpur,,,Negative,0.5391649600563343,model,False
আলহামদুলিল্লাহ,Rangpur,,,Positive,0.6961564278676875,model,False
লোকটা সসম্মানে থাকতে চেয়েছিল,Sylhet,,,Negative,0.5990910200956288,model,False
আল্লহামদলিল্লাহ,Sylhet,,,Negative,0.4708209817074441,model,True
আলহামদুলিল্লাহ,Comilla,,,Positive,0.6961564278676875,model,False
ওরে শাহরিয়ার রে,Dhaka,Jamalpur,,Sarcastic_negative,0.4101833021899923,model,True
আলহামদুলিল্লাহ,ঢাকা,সাতক্ষীরা,Dhaka,Positive,0.6961564278676875,model,False
আইনী নোটিশে কি হবে? মহামান্য রাষ্ট্রপতি সব কিছুর উর্ধ্বে,Dhaka,Gopalganj,,Neutral,0.7932801583080549,model,False
"""হেলিকপ্টারের এড কেন!আপা পলাইছে, চুপ্পুও কি পলাইবে..!""",Dhaka,,,Sarcastic_negative,0.4896499500350861,model,True
দাউদকান্দি হতে প্রেসিডেন্ট হবে বলে রাখলাম,Dhaka,,,Neutral,0.6824402806697006,model,False
"""BNP, do the needful asap""",Dhaka,Chittagong,Lakshmipur,Sarcastic_negative,0.4621607850553525,model,True
খেলা যে চলছে কোন লেভেলে,Bogura,Bogra,,Sarcastic_negative,0.5495739102958527,model,False
পৃথিবীর এমন কেউ কি নাই একটা জীবন বাচাতে কিছু টাকা দিয়ে পাশে দারানোর মতো ।বিকাশ ০১৭৪৭০১০৪৩৭। plz plz,Dhaka,,,Sarcastic_negative,0.525120106105792,model,False
আমার মনে হয় সবচেয়ে অকেজো রাষ্টপতি তিনি,Chittagong,Brahmanbaria,,Negative,0.4835848956240257,model,True
Faaaaaahhhhh,Dhaka,,,Sarcastic_negative,0.4308803822535048,model,True
আলহামদুলিল্লাহ,Chittagong,,,Positive,0.6961564278676875,model,False
আলহামদুলিল্লাহ আলহামদুলিল্লাহ আলহামদুলিল্লাহ,Rajshahi,Bogura,,Positive,0.6961564278676875,model,False
ইউনুস সরকার তাওতো রেখেছিলো,Dhaka,Chattogram,Chittagong,Negative,0.3996846448759721,model,True
চুপ্পু “আজ আমার মন ভালো নেই “,Chittagong,,,Negative,0.5193700893180913,model,False
আলহামদুলিল্লাহ,Chittagong,,,Positive,0.6961564278676875,model,False
আলহামদুলিল্লাহ,Bogra,,,Positive,0.6961564278676875,model,False
ডা ইউনুসকে রাষ্ট্র পতি হিসাবে রাখা দরকার অনুরোধ করছি,Dhaka,Chittagong,,Negative,0.4717079057905071,model,True
চেটেও যখন কাজ হয় না তখন চাটা মনে হয় ঠিক না,Dhaka,Faridpur,,Sarcastic_negative,0.5356139634675131,model,False
আলহামদুলিল্লাহ,Dhaka,,,Positive,0.6961564278676875,model,False
"""সবকিছু দলীয়করন হোক,""",Khulna,Satkhira,,Negative,0.47842935637515,model,True
এই কাজটা আরো আগে করা দরকার ছিল।,Dhaka,Mymensingh,,Positive,0.5573206711726943,model,False
যারা আনন্দে নাচানাচি করতাছে তারা মনে করছে…,পটুয়াখালী,Dhaka,Gazipur,Sarcastic_negative,0.6164124489157555,model,False
ভাইরাল ভিডিও সমস্যায় ফেলছে।,Comilla,,,Sarcastic_negative,0.4625315019487035,model,True
এত চেটেও শেষ রক্ষা হল না।,Dhaka,Chandpur,Naogaon,Negative,0.4832017627571044,model,True
ডঃ ইউনুস আমাকে তা করছে আ করছে হো... আঙ্গুল দিছে।,Bogura,Bogra,,Negative,0.8234911031947016,model,False
রাষ্ট্রপতি আইনি নোটিশ এ অপসারণ করা যায় না এক মাএ উনি নিজে থেকে যদি পদত্যাগ করে আর সংসদ পারে রাষ্ট্রপতি কে অপসারণ করতে,Barisal,,,Positive,0.4860358442528584,model,True
good,Barisal,,,Sarcastic_negative,0.4146276795977892,model,True
আলহামদুলিল্লাহ,Dhaka,,,Positive,0.6961564278676875,model,False
এটা সাধারণ আইনে করা যায় না। তার বিরুদ্ধে কোনো মামলা করা যায় না। রাষ্ট্রপতি অপসারণের সাংবিধানিক পদ্ধতি আছে। সংসদ ছাড়া সম্ভব না।,Rajshahi,Bogura,Natore,Positive,0.4315518303766266,model,True
আ হ রে দেশ চাঁদাবাজ কে আটক করতে হয় কেনও,Dhaka,,,Sarcastic_negative,0.7956512353261865,model,False
সমঝোতাকে চাঁদা বলতে নেই,Chittagong,Brahmanbaria,,Sarcastic_negative,0.5131518024720855,model,False
দেশ এই বছরের মধ্যেই বিশ্ব চাম্পিয়ান ১ নাম্বারে চলে যাবে,Dhaka,,,Negative,0.6743585203125038,model,False
বাস থেকে চাঁদা কি সমঝোতা করে নিয়েছে সমঝোতা করে নিলে সেটা কে চাঁদা বলা জাবেনা,Dhaka,Gazipur,,Positive,0.4871641229573278,model,True
একটু সমজতা করলেই হয়,Khulna,,,Sarcastic_negative,0.6056084970001968,model,False
এটাকে চাঁদা বলে না এটাকে বলে সমঝোতা,Dhaka,Sylhet,,Positive,0.4485173222293999,model,True
সমঝোতার মাধ্যমে তারা টাকা তুলেছে এটা চাঁদা না,Chittagong,,,Negative,0.401213787344982,model,True
এগুলো চাঁদা নয় হাদিয়া,বান্দরবান,Dhaka,Gazipur,Negative,0.5568829839232091,model,False
এখন তাকে ফুলের মালা দিয়ে বরণ করিয়ে নেন তিনি অনেক বড় নেতা হইবেন,Dhaka,Shariatpur,,Positive,0.4615674863850285,model,True
"""এটাকে চাঁদা বলবেন না,সমঝোতা বলুন""",Sirajganj,,,Sarcastic_negative,0.4327719792042159,model,True
সমঝোতা করলেই হতো,Dhaka,Khulna,Barisal,Sarcastic_negative,0.4190508226811358,model,True
দলের নাম টা এভাবে না বললে ও পারতেন,কুমিল্লা,Dhaka,Barisal,Negative,0.6252126699806191,model,False
চাঁদা বলা যাবে না৷ এটা সমঝোতা হবে!,Dhaka,Khulna,Bagerhat,Neutral,0.6571789773156631,model,False
এগুলি চাঁন্দা নয় সমঝোতা রে ভাই,Chittagong,Lakshmipur,,Sarcastic_negative,0.4232575438904647,model,True
সমঝোতা করলে ধরা পড়তো না,Chittagong,,,Sarcastic_negative,0.4718748555115771,model,True
যুবদল নাকি যুবলীগ?,Dhaka,,,Sarcastic_negative,0.5329443195924171,model,False
সমঝোতার মাঝেও ঝামেলা করতে আসে,Dhaka,Khulna,Kushtia,Sarcastic_negative,0.5706838017600265,model,False
আটক নাকি নাটক,Dhaka,,,Sarcastic_negative,0.7719788594164027,model,False
চাঁদা বলতে নাই প্রিয় এটাকে সমঝোতা বলতে হয়,Dhaka,Tangail,,Sarcastic_negative,0.435769061372849,model,True
আদিল তুমি ভালো হয়ে যাও,সিলেট,Sylhet,,Sarcastic_negative,0.7047114837785001,model,False
চাঁদা বলে না । বলতে হবে সমঝোতা,Chittagong,Narayanganj,Pirojpur,Neutral,0.6600281115738733,model,False
"""ওইটা চাঁদা নয়, সমঝোতা ।""",Dhaka,Khulna,Bagerhat,Negative,0.4195759343692987,model,True
প্ল্যান কাকু জানেন নাকি,Dinajpur,,,Sarcastic_negative,0.5690045852091152,model,False
চোখ লাল কিসে?,Noakhali,,,Sarcastic_negative,0.5880283986520007,model,False
ওয়াও খেলা যে চলছে কোন লেভেল এ,Dhaka,Chittagong,,Sarcastic_negative,0.4430456099784359,model,True
ওয়াও ফ্যান্টাসটিং,Khulna,Satkhira,,Neutral,0.5154219066192014,model,False
বলেন সমঝোতা করতে গিয়ে আটক,Chittagong,Lakshmipur,,Sarcastic_negative,0.693983068244817,model,False
দয়া করে চাঁদা বলবেন না। এটা হলো সমঝোতা।,Chittagong,Cox's Bazar,,Negative,0.4669640009195724,model,True
আটক না নাটক?,Dhaka,Gazipur,,Sarcastic_negative,0.7483494159905053,model,False
"""চাঁদা বলা নিষেধ, সমঝোতা""",Dhaka,Cox's Bazar,,Sarcastic_negative,0.510035998495849,model,False
চাঁদা কেন বলেন এটা কে ভিক্ষা বলবেন it’s not cada,ঢাকা,Dhaka,Mymensingh,Sarcastic_negative,0.538763152604266,model,False
সে চাঁদাদলের কেউ না ফখ রুল,Chittagong,,,Negative,0.7500950670659347,model,False
সমঝোতা বলবেন চাঁদা না!,Rangpur,,,Sarcastic_negative,0.5908097709171819,model,False
ওটা চাদা নয় সমঝোতার মাধ্যমে নেয়া হয়,Tangail,,,Sarcastic_negative,0.4651499822586957,model,True
সমঝোতা বলে এগুলো কে,Dhaka,,,Positive,0.4928869384703982,model,True
এটা তো সমঝোতা হতে পারে,Bagerhat,,,Negative,0.5722376763608292,model,False
সমঝোতা করে নেয় মনে হয়,Chittagong,,,Sarcastic_negative,0.4897921486520243,model,True
এখন সে হয়ে যাবে সাবেক।,Dhaka,Pabna,,Sarcastic_negative,0.4182888884397346,model,True
কিছু কিছু মানুষ এই পোস্টেও লাভ রিয়েক্ট দেয়...,Dhaka,,,Negative,0.701320299085109,model,False
"""আরে এটা চাঁদার টাকা না,,এটা সমঝোতার টাকা""",কুমিল্লা,Chittagong,Comilla,Positive,0.424326281368546,model,True
চাঁদা নয়! সমঝোতা বলুন,Dhaka,Gazipur,Manikganj,Sarcastic_negative,0.4441314835568538,model,True
সবকিছুই প্ল্যান মোতাবেক হচ্ছে,Sylhet,,,Sarcastic_negative,0.405678282459604,model,True
লিডার চালিয়ে যান পুরো পৃথিবী আপনার বিপক্ষে থাকলেও আমি কিন্তু পৃথিবীর পক্ষেই আছি.,Dhaka,Tangail,,Positive,0.5659698867664855,model,False
এই এই এটাকে চান্দা বললো কে?,Barisal,,,Negative,0.5771567411168118,model,False
সম্ভবত চালক সমঝোতা করতে চায়নি,Rangpur,,,Sarcastic_negative,0.5139854689679714,model,False
এগুলা দেখলেই এখন লাভ রিয়েক্ট দিতে মন চায়?,Dhaka,,,Negative,0.4051967638160539,model,True
এটা চাঁদা বলা যাবে না সমঝোতা বলে,Khulna,Jessore,,Positive,0.4990705641081306,model,True
"""সমঝোতার মাধ্যমে হলে কোন সমস্যা নেই,,""",Khulna,Jessore,,Sarcastic_negative,0.4303900831118621,model,True
ভোট দিব কিসে ধানের শিষে।,রাজশাহী,Dhaka,Faridpur,Sarcastic_negative,0.8192691178414194,model,False
লেতায় সমঝোতা করতে ছিল।,Dhaka,Barisal,Bhola,Sarcastic_negative,0.6731986869853419,model,False
সবই সমঝোতার খেলা,Dhaka,Naogaon,,Sarcastic_negative,0.4262127400874145,model,True
সমস্যা কি সমঝোতার মাধ্যমে হইছে,ঢাকা,,,Sarcastic_negative,0.434188705759444,model,True
ধরা কি ঠিক হলো?,Rajshahi,Natore,,Sarcastic_negative,0.409224430987859,model,True
হ্যাতেও বুঝি ন্যাতা,Chittagong,Noakhali,,Sarcastic_negative,0.405277179933001,model,True
সামনে ঈদ এটুকু তো তুলবেই,Dhaka,Kurigram,,Sarcastic_negative,0.550013924886642,model,False
এগুলো এডিট করা যায়,Dhaka,Mymensingh,,Positive,0.5441137056756701,model,False
সমঝোতা কইরা নিছে নাকি জোর কইরা?,Dhaka,Chittagong,Narayanganj,Sarcastic_negative,0.4392066122291973,model,True
সেই কালারের সেই নেতা।,Dhaka,,,Sarcastic_negative,0.4048740221864882,model,True
সমঝোতা করে তুললে চাঁদা বলা যাবে না,Narayanganj,,,Positive,0.6945320180589201,model,False
হে তো বাসের কন্টাক্ট ছিল,Dhaka,,,Negative,0.43378366603564,model,True
এটাকে বলে সমঝোতা।,Dhaka,Munshiganj,,Positive,0.5444230565877427,model,False
"""কখন যে আমি ও রাস্তা চলার সময় আটক হয়ে যায়,""",ঢাকা,Dhaka,Mymensingh,Negative,0.4467495953057332,model,True
এটা হল সমঝোতা চাঁদা বলতে হয় না,Dhaka,,,Negative,0.427275315780862,model,True
সমঝোতা করতে গিয়েছিল ভাইটি,Dhaka,Gazipur,,Sarcastic_negative,0.5441711849099515,model,False
কোন এলাকার যুবদল নেতা এটা একটু ক্লিয়ার করবেন না?,ঢাকা,ময়মনসিংহ,Dhaka,Negative,0.5006158587909902,model,False
খেলা শুরু হয়ে গেছে,রংপুর,Rangpur,,Sarcastic_negative,0.6856096614773873,model,False
খেলা যে চলছে কোন লেভেলের!,Dhaka,Barisal,,Sarcastic_negative,0.54418546064319,model,False
আচ্ছা মতো বাটাম দিয়ে লাইনে আনতে হবে!,Dhaka,Chittagong,,Neutral,0.5727426808490965,model,False
এতে নুতন কি ?,ঢাকা,Dhaka,Barisal,Sarcastic_negative,0.6727001265782909,model,False
সম্ভবত সমঝোতা করে চাইনি,Chittagong,,,Positive,0.5477755655745393,model,False
সমঝোতার মাধ্যমে নেয় সমস্যা নাই,Dhaka,Mymensingh,Gaibandha,Sarcastic_negative,0.4023433957860889,model,True
"""দিল্লি নয় পিন্ডি নয়, সবার আগে চান্দা।…""",Dhaka,,,Sarcastic_negative,0.5455737226305098,model,False
একটু সমঝোতা করতে গেছিলো কিন্তু জনগণ ভাবলো চাঁদা তুলতে গেছে,Dhaka,,,Sarcastic_negative,0.8613475071947263,model,False
এখন সে হয়ে যাবে সাবেক।,Dhaka,Munshiganj,,Sarcastic_negative,0.4182888884397346,model,True
জামাই আদরে ছেড়ে দিলে আটক করার কি দরকার,Dhaka,Chittagong,Brahmanbaria,Positive,0.477180798089336,model,True
সমঝোতা করতে চায়ছিলো মনে হয়,Dhaka,,,Sarcastic_negative,0.7417008443505323,model,False
Part of I have a plan. Nothing to worry,Dhaka,,,Sarcastic_negative,0.4574595031177988,model,True
চাদা বইলেন না সমঝোতা বইলেন,Dhaka,,,Sarcastic_negative,0.5264133471597507,model,False
হাতে হাতে সমঝোতা করলে তো হয়,Rangpur,Lalmonirhat,,Sarcastic_negative,0.4636390176913662,model,True
আটক আর …,Dhaka,Rangpur,Nilphamari,Positive,0.7260696133761247,model,False
এটাকে সমঝোতা বলে,Narayanganj,,,Positive,0.5444230565877427,model,False
"""নৌকা দিল্লিতে,জামাত পাকিস্তানে, ধানের শীষ দাড়িয়ে আছে মাতৃভূমির কল্যানে""",Sylhet,Habiganj,,Sarcastic_negative,0.5300196147196854,model,False
চাঁদা নিচ্ছে ঠিক আছে কিন্তু চাঁদাবাজি তো করে নাই,নওগাঁ,Rajshahi,Naogaon,Negative,0.5336714012189185,model,False
মিলেমিশে কাজ করাই সমঝোতার বাংলাদেশের,Dhaka,,,Positive,0.8472506244404051,model,False
আরে এটা কোন বিপার নয় ওই যে বলেছেন সকালে আটক আর বিকালে নাটক এটায় হবে,Dhaka,,,Positive,0.4265765999354511,model,True
ভাই ওটা কি চাঁদা বলেন না ওটা আপসে যেটা লেনদেন হয় সেটাকে চাঁদা বলে না,ঢাকা,,,Sarcastic_negative,0.5446201914112038,model,False
এটা চাদা না এটা সমঝোতা,Dhaka,,,Negative,0.4655637583623184,model,True
চাদা তুলে এনে দিলে পুরস্কার ধরা পড়লে বহিষ্কার,Dhaka,,,Sarcastic_negative,0.578732686094569,model,False
"""বাংলার দামাল ছেলে,,চান্দা ভাই জিন্দাবাদ,,""",Dhaka,,,Sarcastic_negative,0.5881781337447347,model,False
আরে ঐটা চাঁদা না ভাই ঐটা সমঝোতা,Dhaka,,,Positive,0.6320594611219325,model,False
ওইটা চাঁদা না ভাই এটা সমঝোতা,Dhaka,Barisal,Bhola,Negative,0.5503634905433182,model,False
চেহারা দেখলেই বুঝা যায় গান্জুইট্টা।,Dhaka,Chittagong,Narsingdi,Negative,0.4555594365777244,model,True
"""আসে সবাই মিলে দেশ গড়ি, ধানের শিষে ভোট দিয়ে চাদা বাজ মুক্ত দেশ গড়ে তুলি""",সিলেট,Sylhet,,Sarcastic_negative,0.4770796866487852,model,True
ক্যান ফ্যামিলি কার্ড নিজে পায়নি বুঝি,Dhaka,Rangpur,Gaibandha,Sarcastic_negative,0.4705951860420802,model,True
এটাকে চাঁদা বলেন না এটা হল সমঝোতা।,Dhaka,,,Negative,0.4108399161877143,model,True
এটা চাঁদাবাজি নয় এটা সমঝোতা,Dhaka,Rajshahi,,Negative,0.576702088004467,model,False
আটকের পর সমঝোতা বুঝতে পারছি,Pabna,,,Negative,0.496802319118822,model,True
"""সমঝোতা করতে গিয়েছিল, এইটাকে চাদা বলেন কেন??""",Dhaka,Madaripur,,Sarcastic_negative,0.6181199124155798,model,False
খবরে হেডলাইন দেওয়ার আগে আগেই তারে ছাইড়া দিছে খবর নেন।,Dhaka,,,Sarcastic_negative,0.4541498801944623,model,True
আরে সাবেক বললেন না যে?,Dhaka,Bagerhat,,Positive,0.5341279221863097,model,False
আমরা যেই দলেরই হয় না কেন দয়া করে চাঁদাবাজি থেকে নিজেকে সবাই বিরত রাখব ইনশাআল্লাহ আমরা সকলেই হালাল রুজি কামাই করে খাব কেননা হ…,Dhaka,Mymensingh,,Negative,0.6933296501098463,model,False
বিকাল নাটক সকালে নাটক,Cox's Bazar,,,Sarcastic_negative,0.7555686968580614,model,False
চালিয়ে জান নেতা পুরো পৃথিবী আপনার বিপক্ষে থাকলেও আমি পৃথিবীর পক্ষেই থাকবো..,Dhaka,,,Positive,0.5643153549047587,model,False
যেদিকে তাকাই সেদিকে যুবদল,রংপুর,Cox's Bazar,,Sarcastic_negative,0.4391927184272905,model,True
আরে ভাই এটা চাঁদা না এটা সমঝোতা,Dhaka,,,Positive,0.4634100540383762,model,True
হিরো ইঞ্চির মত দেখতে আবার বলে যুবদল নেতা,গাজীপুর,Dhaka,Gazipur,Positive,0.7440193091875041,model,False
সমঝোতার মাধ্যমে চাঁদাবাজি করতে হবে।,Sylhet,,,Neutral,0.6532670855548367,model,False
সমঝোতার মাধ্যমে ডিম থেরাপি দেওয়া হউক,Dhaka,Rangpur,,Neutral,0.4418145222090203,model,True
সমঝোতা করেই চাঁদা নিতে হয়,Dhaka,Shariatpur,,Sarcastic_negative,0.423538965512802,model,True
তাহলে কি সমঝোতা হয়নাই,Dhaka,,,Sarcastic_negative,0.463232451414416,model,True
এখানে হতবাক হওয়ার কিছু নাই আমরা জনগণই চাইছি আগের মত দেশ চলার জন্য নতুন কিছু পরিবর্তন না হওয়ার জন্য এগুলো তো আগেও ছিল বর্তমান…,Chittagong,,,Positive,0.4952711166948867,model,True
সাংবাদিক সাহেব আপনি ভুল লিখেছেন এটা চাঁদা হবেনা এটা সমঝোতা হবে,Dhaka,Sunamganj,,Neutral,0.8285494965057632,model,False
গরম ডিম দেওয়া হউক,Dhaka,Shariatpur,,Neutral,0.7190159432399396,model,False
profession যদি চাঁদাবাজি করা হয়।তাহলে কি বাদ দেওয়া যায়।,Rajshahi,Joypurhat,,Neutral,0.4042368005693627,model,True
ওটা চাদা না সমঝোতা,Dhaka,Narail,,Sarcastic_negative,0.4824074623380299,model,True
Icca,Dhaka,Chittagong,,Sarcastic_negative,0.4146276795977892,model,True
এইটা সাদা না এটা সমঝোতা,Chittagong,,,Negative,0.5503570860078737,model,False
রোজা রাখা অবস্থায় চাঁদা উঠাইলে কি রোজা ভেঙ্গে যাবে??,Dhaka,,,Negative,0.4493864411053344,model,True
আটক করার কি দরকার একটু সমোঝোতা করলেই তো হতো,Dhaka,Gazipur,Bagerhat,Positive,0.43730443481868,model,True
সমঝোতার ভিত্তিতে ইহা গ্রহন করতে গেছিলো,কুড়িগ্রাম,Dhaka,Rangpur,Sarcastic_negative,0.5826555793834185,model,False
বেচারা ঈদ উপলক্ষ্যে একটু চেষ্টা করেছিল,Dhaka,Chittagong,Cox's Bazar,Positive,0.4143102659541853,model,True
আচ্ছা,চট্টগ্রাম,Chittagong,,Sarcastic_negative,0.4597443709473591,model,True
মায়াবী চেহারা,Dhaka,Narayanganj,Brahmanbaria,Sarcastic_negative,0.4562312030202698,model,True
ফ্যামিলি কার্ডের টাকা যোগান দিতেই এরা কঠোর পরিশ্রম করে চাঁদা তুলে ৷ চ্যানেল ২৪ এদের নামে বদনাম ছড়িয়ে দিচ্ছে ক্যান বুঝলাম না ৷,Dhaka,Gazipur,Madaripur,Negative,0.4450261821127086,model,True
"""বর্তমানে, সকল প্রকার চাঁদাবাজির সাথে ঐ দলটাইতো জড়িত?""",Sylhet,,,Negative,0.7499737637730095,model,False
সমোঝোতায় কাজ হয় নাই!!,Dhaka,Rangpur,,Sarcastic_negative,0.4273830353228119,model,True
"""‌মিথ‌্যা কথা, এরা চাঁদাবা‌জি ক‌রেনা।""",Dhaka,Chandpur,,Positive,0.5028182149174727,model,False
ডিম থেরাপি দেওয়া হোক,সিলেট,Sylhet,,Neutral,0.6683647112038679,model,False
ঠিক হয়ে যাবে,Dhaka,Gazipur,,Sarcastic_negative,0.4555781909574683,model,True
এই চান্দার জন্যে সমঝোতা খুশি আর সমঝোতার জন্যে আপনি খুশি …,চাঁপাইনবাবগঞ্জ,Sylhet,Chapainawabganj,Positive,0.4275334386925269,model,True
সারাদেশে আয় নেতায় নিয়ে জাবে।১০/'আর জেলেই গেল কে।,Chittagong,Feni,,Positive,0.6600403899559207,model,False
সমঝোতা হয় নাই মনে হয়।,Rajshahi,Natore,,Sarcastic_negative,0.5730048979929501,model,False
বেগুন দিয়ে দাও,নাটোর,Dhaka,Bogra,Sarcastic_negative,0.403210270295457,model,True
হয়ে গেল সমঝোতা,Dhaka,,,Sarcastic_negative,0.6239334319808304,model,False
তাকে পুরস্কৃত করা হোক,Khulna,Magura,,Positive,0.7319282162650571,model,False
আলহামদুলিল্লাহ,কুষ্টিয়া,Dhaka,Khulna,Positive,0.6961564278676875,model,False
আহ্,ব্রাহ্মণবাড়িয়া,Chittagong,Chandpur,Sarcastic_negative,0.6598777551039872,model,False
দুই তিন পরে আবার নিউজ উল্টায় যাবে,Dhaka,Khulna,,Negative,0.4672050004527207,model,True
হা,Dhaka,Rangpur,,Negative,0.4327698854522958,model,True
দু পরে তদন্ত করে রিপোর্ট উল্টে যেতে পারে,Chittagong,Chandpur,,Negative,0.4210444255344291,model,True
আইনের আওতায় আনা হোক তাকে,Sylhet,,,Neutral,0.523066396100184,model,False
চেহারা দেখতেই তো গাঞ্জা খোরের মত লাগে। সকালে আটক করবে। বিকেলে তো ছাড়াই পাবে চিন্তা আছে।,Chittagong,,,Negative,0.4993025940144109,model,True
Hoga lal kore daw bcg,Dhaka,,,Sarcastic_negative,0.5584928682710016,model,False
নেতা কট খেয়ে হয়ে গেছে খাতা,Dhaka,Chittagong,Chandpur,Sarcastic_negative,0.4891605861293956,model,True
এটা কি হল?,Dhaka,Chittagong,Noakhali,Negative,0.4895065132476734,model,True
গতকাল রাস্তায় দেখলাম বিএনপির লোকজন মিছিল করতেছে জামাত যেন চাদাবাজি বন্ধ করে,মানিকগঞ্জ,Dhaka,Manikganj,Negative,0.6126762997687958,model,False
Saif Sufian Shiam মনে হয় Ai,নরসিংদী,,,Sarcastic_negative,0.6382270067064915,model,False
এটা সমজতা না সাংঘাতিক,সিলেট,Dhaka,Sylhet,Negative,0.521632245635713,model,False
এটা তেমন কিছু না,Dhaka,Netrokona,,Sarcastic_negative,0.4282281407180058,model,True
"""চাঁদাকে বৈধ ঘোষণা করা হউক,আটক করার তীব্র নিন্দা ও পোতিবাদ জানাই""",Dhaka,,,Positive,0.5631594777307455,model,False
চাদা না সমোজোতা,Dhaka,,,Sarcastic_negative,0.4681719973849354,model,True
এটা বেপার না সমঝোতার মধ্যে হচ্ছে।,বরগুনা,Dhaka,Barguna,Negative,0.6503910213906285,model,False
হাত একটা কাটেন,Sylhet,,,Sarcastic_negative,0.5537317866110284,model,False
তারা তো মূলত চাঁদাবাজি করে প্রকাশ্যে অথবা গোপনে,Chittagong,,,Negative,0.5576738387979709,model,False
সমঝোতার মাধ্যমে করলেই পারতেন তাহলে তো ধরা খেতে হতো না,Dhaka,Sirajganj,,Sarcastic_negative,0.4219962545734664,model,True
সাব্বাশ ব্যাটা। আবার সোনার দেশ গড়বে।,Dhaka,Barisal,Narayanganj,Positive,0.4729672021891441,model,True
Oke diye jatir udhesshe vashon deyano hok,Khulna,Magura,,Sarcastic_negative,0.4797960023689407,model,True
উহু মুরুব্বী চাঁদা না সমঝোতা বলুন,ফরিদপুর,পাবনা,Dhaka,Sarcastic_negative,0.4371097571515336,model,True
সমঝোতা করতে ভুলে গেছে,চট্টগ্রাম,লক্ষ্মীপুর,,Sarcastic_negative,0.8267406993768763,model,False
দেশের সুর্য সন্তান,Chittagong,Lakshmipur,,Neutral,0.4066118423415371,model,True
একে তো হিরোইঞ্চি মনে হয়...,Panchagarh,,,Sarcastic_negative,0.6707386179637679,model,False
ore jubodol netar chokh lal kno,Khulna,Kushtia,,Sarcastic_negative,0.443515631308279,model,True
সমঝোতার ভিত্তিতে ছাইড়া দেন।,চট্টগ্রাম,,,Sarcastic_negative,0.4574079255253532,model,True
এর নাম বিএনপি যুবদল,Dhaka,,,Negative,0.8393114581220704,model,False
কামডা করলো কি?,Dhaka,Chittagong,Gazipur,Sarcastic_negative,0.4895993059405321,model,True
সাংবাদিকরা সমঝোতা কে চাদা বলতেছে।এমন স্বাধীনতা কি আমরা চেয়েছিলাম?,Mymensingh,,,Negative,0.589723933801068,model,False
সমঝোতার অভাব মনে হচ্ছে।,Dhaka,,,Sarcastic_negative,0.4654242051004453,model,True
"""আটকের নামে খেলাটা হচ্ছে সকালে শুরু বিকালে শেষ,, সাব্বাস আমার বাংলাদেশ,, চাঁদার বাজিতে ভরপুর""",Dhaka,,,Negative,0.5400862687131864,model,False
AK dom thik hoicy,Dhaka,,,Sarcastic_negative,0.4131390682284407,model,True
সকালে আটক বিকালে নাটক যদি এটা বন্ধ হয় তাহলে চাঁদাবাজি মুক্ত হবে,Dhaka,,,Sarcastic_negative,0.4615642085899243,model,True
ইনকাম সোর্স,Tangail,,,Sarcastic_negative,0.4146499608214398,model,True
বড় নেতা থানায় ফোন দিয়ে বলবো 54দারায় চালান…,Dhaka,,,Sarcastic_negative,0.4059637319176017,model,True
"""খাও বাবা, কিছু একটা করে খাও।""",Natore,,,Positive,0.5011380210719392,model,False
এগুলো তো সমঝোতা চাঁদ কেন বলবে ।,Khulna,Satkhira,,Sarcastic_negative,0.5456270966729191,model,False
ভদ্রলোক মনে হয় সারা কিছু খায়নি তারা হুরা করে বাসে উঠে চাঁদা ভুলে ছেয়ে বসলো,সিলেট,মৌলভীবাজার,Dhaka,Sarcastic_negative,0.5574923057827038,model,False
এত টকাই এ আবার নেতা হয় কেমনে,Dhaka,Mymensingh,Dinajpur,Sarcastic_negative,0.7003640314575953,model,False
চাঁদা না দিলে বাসের চাকা খুলে নিবে এটাও মাথায় রাখতে হবে যেহেতু বিচার কখনই হয় না।,বাগেরহাট,Dhaka,Gazipur,Neutral,0.6919099470309799,model,False
MD Jymil Ahmed Hridoy mama,Dhaka,Netrokona,,Neutral,0.6019883513721366,model,False
অবৈধভাবে আটকের জন্য তীব্র নিন্দা জানাই,চট্টগ্রাম,Cox's Bazar,,Sarcastic_negative,0.4882827441656481,model,True
চাঁদা বাজি জামায়াত করে নাকি কে করে অন্ধগুলোর দেখে নেয়া উচিৎ,বরিশাল,Dhaka,Jamalpur,Positive,0.4196273364023812,model,True
দে লাড়া চিনি ছাড়া,Sunamganj,,,Sarcastic_negative,0.4370311534210204,model,True
সামনে ঈদ,Chittagong,,,Sarcastic_negative,0.7055378041377445,model,False
ছিছি কি বলেন। বলেন যে সমঝোতা। চঁাদা বলতে নেই লক্ষি রাগ করবে,Bagerhat,,,Positive,0.4497271131732703,model,True
BNP er uchit tader Leader and Worker der training deya Jate Tara na Dora pore …,Khulna,Rangpur,,Neutral,0.4742801920962844,model,True
কঠোর ভাবে নির্মুল করতে হবে,চট্টগ্রাম,Dhaka,Chittagong,Neutral,0.8264363925619576,model,False
কি ভালো লাগে রে শুনতে।,গাজীপুর,,,Sarcastic_negative,0.5286216369009857,model,False
ভাই আমাদের সাধারণ মানুষের খুব অসুবিধা হয়। আমি জিনজিরার বাসিন্দা। মানে এখানে অনেক বড় লেভেলে চাঁদাবাজি হয়। বুড়িগঙ্গা নদী পার…,Dhaka,,,Negative,0.3996058459238256,model,True
ভালবাসি চান্দাদল,Dhaka,,,Sarcastic_negative,0.7493206871018256,model,False
MD Shah Jalal link lagbe?,ঢাকা,,,Neutral,0.5219946451675673,model,False
"""যত রাষ্ট্র কাঠামো ঠিক না হবে। প্রতিটা নির্বাচনে স্বচ্ছতা নিশ্চিত হবে তত NCP, BNP, JAMAT যেই ডাক দেক মাঠে নামবো। দেশের মা…""",Dhaka,,,Neutral,0.8302566284165854,model,False
"""আইন সবার জন্য সমান,, তারেক রহমান জিন্দাবাদ।""",Khulna,,,Positive,0.7985992087793423,model,False
এই লাইনে কিভাবে ঢুকা যায়। একটু পরামর্শ দিবা,Chittagong,Bandarban,,Negative,0.6626127532594557,model,False
থেরাপি দেওয়া হোক,Barisal,,,Neutral,0.6721175208454813,model,False
নাটক করে যদি ছেড়ে দেওয়া হয় তাহলে আর লাভ কি পুঁতে ফেলতে হবে,Dhaka,,,Neutral,0.631982759929293,model,False
"""শুধু আটক করলে চলবে না, পঙ্গু করে জেলে পাঠান। বাকি জীবনটা যেন জেলে কাটাইতে পারে।""",Dhaka,Gazipur,,Negative,0.5000761281551643,model,False
আরে এটা কোন ব্যাপার না বড় নেতা আছে না,Comilla,,,Negative,0.5476366792936387,model,False
আটক করাটা নাটক তা না হলে লেগুনার ড্রাইভার নাকি সিরিয়ালের জন্য মরছে একজন ডিসি বলে ধিক্কার জানাই এমন সংগঠনের প্রতি যারা মানুষের …,Dhaka,,,Positive,0.4018054689046401,model,True
Joy Bangla...,Dhaka,Munshiganj,,Neutral,0.632225438975923,model,False
"""সমজোতায় সব চলবে,, মিডিয়া ai দিয়ে ভিডিও বানিয়ে বলে যুবদল করছে ছাত্র দল করছে সব মিডিয়ার কারিশমা""",Tangail,,,Negative,0.6050280236815809,model,False
ওটা চাদা না সমোঝোতা,Khulna,Satkhira,,Sarcastic_negative,0.4657923254021706,model,True
"""খুব শিগ্রই সকল প্রকার চাঁদাবাজি বন্ধ হবে, ইনশাআল্লাহ।""",Khulna,,,Positive,0.4706980442247976,model,True
ছি ছি ছিহরে ননি ছিহ,Comilla,,,Negative,0.4131476037640123,model,True
মির্জা আব্বাস কে সমঝোতা ও চাঁদা বিষয়ক মন্ত্রী করার জোরদার দাবি জানাচ্ছি,ঢাকা,Cox's Bazar,,Negative,0.5306610486027377,model,False
সমঝোতার ভিত্তিতে টাকা দাও।,Cox's Bazar,,,Sarcastic_negative,0.4428304136005651,model,True
ঈদ মোবারক,Dhaka,,,Negative,0.6395218825268294,model,False
"""কিসের আবার চাঁদা, বাংলাদেশে চাঁদা আছে নী""",Mymensingh,Sherpur,,Negative,0.5862172514698712,model,False
আরে দূর এগুলো সমঝোতা এগুলো নিউজ করা লাগে,Chittagong,Noakhali,,Positive,0.5036508587017139,model,False
হেতেরে হিড়িয়ালা,Feni,,,Sarcastic_negative,0.4555791383945664,model,True
এই নিউজ চ্যানেলগুলো এত এত টাকা খাওয়ার পরেও বিএমপির বিপক্ষে কথা বলে এগুলো হলো নেমকহারাম,Dhaka,,,Positive,0.4831348591769884,model,True
লাগারে লাগা দোলায় লাগা,Chittagong,,,Sarcastic_negative,0.4006774163417432,model,True
বিএনপিকে দুর্বল করার জন্য ভেতর থেকেই কিছু গুপ্ত গোষ্ঠী অপকর্ম চালাচ্ছে। কিন্তু জনগণ আর অন্ধ নয়—সবই বুঝে গেছে। বিএনপি এখন প্রম…,Khulna,,,Positive,0.4680495728921399,model,True
নয়ন জুড়ানো খবর,Dhaka,Sylhet,Gopalganj,Sarcastic_negative,0.5304351806263152,model,False
"""মাশাল্লাহ, চালিয়ে যাও তোমরা।""",Dhaka,Barisal,,Negative,0.5264425737080487,model,False
ইন্না-লিল্লাহে ওয়াইন্না ইলাহে রাজিউন।,Chittagong,Noakhali,,Negative,0.4359525692058695,model,True
ঈদ মোবারক,Dhaka,,,Negative,0.6395218825268294,model,False
চান্দা ভাই তোমার ছাড় নাই।,Dhaka,Kishoreganj,,Sarcastic_negative,0.5927473019811144,model,False
আমার মনে হয় আওয়ামী লীগের ষড়যন্ত্র,Dhaka,Munshiganj,,Negative,0.4440451809030676,model,True
ওরা বলবে এটা জামায়াতে নেতা,Rajshahi,,,Negative,0.4101124554234674,model,True
ওই কেরে চাঁদা কে চাঁদা বলে বলো সমঝতা,Sylhet,,,Sarcastic_negative,0.6151156826704756,model,False
গরম ডিম দেন,Chittagong,,,Sarcastic_negative,0.4712246284917623,model,True
চাদারে চাদা সমঝোতা,Dhaka,Faridpur,,Sarcastic_negative,0.4632832562651909,model,True
এভাবে বলতে নেই,বগুড়া,Bogura,Bogra,Sarcastic_negative,0.4197631865071917,model,True
"""চান্দা না হাদিয়া আপ্নারা বুল বুজবেন না,,""",Sylhet,,,Sarcastic_negative,0.5263477395287769,model,False
আমরা মনে হয় আর বেশি টিকতে পারবো না,Lalmonirhat,,,Negative,0.6234209182226228,model,False
gorom dim deoa hok,Dhaka,Brahmanbaria,,Sarcastic_negative,0.4637288343529273,model,True
হাতে নাতে সে আর নতুন কি তারা চাদা তোলে এটা সবাই জানে।,Chittagong,Lakshmipur,,Positive,0.4004063802906597,model,True
চোখের এই অবস্থা কেন,Netrokona,,,Negative,0.6012934134647276,model,False
একটু সমঝোতা করে তারপর ছেড়ে দেন,Dhaka,Chittagong,Gazipur,Sarcastic_negative,0.4120443900452045,model,True
ভালো,Dhaka,Barisal,,Sarcastic_negative,0.4429275142032633,model,True
দেখে গান্জাখোর মনে হচ্ছে।,Dhaka,Rangpur,,Sarcastic_negative,0.5476453619444475,model,False
ওকি গাজা খেয়েছে চোখ লাল কেন ..?নাকি জনগণক খেলিয়েছে,Dhaka,,,Negative,0.5092906167694115,model,False
চাদা না হাদিয়া,Dhaka,,,Negative,0.4928821912810315,model,True
লাগারে লাগা ধান লাগা।,Sylhet,,,Sarcastic_negative,0.4536880086351741,model,True
চাঁদা বাজ কোন দলের হতে পারেনা,সিলেট,সাতক্ষীরা,সুনামগঞ্জ,Negative,0.7974567978064941,model,False
KaMiL AhMeD চান্দা লাগবোনি চান্দা,Sylhet,,,Sarcastic_negative,0.8539551545720845,model,False
বিচি কর্তণ করা হোক।,Tangail,,,Positive,0.6643110953614593,model,False
সমঝোতা হয়নি দাদা,Dhaka,Barisal,,Sarcastic_negative,0.5972660097699677,model,False
আওয়ামী লীগ চান্দার বাক্স এদের হাতে তুলে দিয়েছে....,নীলফামারী,Rangpur,Cox's Bazar,Sarcastic_negative,0.6234517309235832,model,False
বামভোলা,Chittagong,,,Sarcastic_negative,0.437875613930918,model,True
Abdur Razzak Sabu beta Dekh,Dhaka,Rangpur,,Sarcastic_negative,0.5567787258509472,model,False
"""তারপরও কি মানুষের চক্ষু খুলবে না, এখান থেকেও কি মানুষ শিক্ষা নেবে না, রাষ্ট্রক্ষমতায় কাদেরকে দরকার""",Tangail,,,Negative,0.522144597940932,model,False
বাহহ,Chittagong,Noakhali,,Sarcastic_negative,0.4092739080694085,model,True
পুটকি দিয়ে গরম ডিম দেওয়া হোক।,ঢাকা,Dhaka,Khulna,Neutral,0.4310036823673685,model,True
Oy to pinik,Dhaka,,,Neutral,0.5584151502881664,model,False
এই সব ভুয়া খবর জাতি বিশ্বাস করে না ..........নিস্পাপ একটা দলের নামে এই সব ঠিক না,Chittagong,Chandpur,,Negative,0.616127154939632,model,False
চাঁদাবাজ কোনো দলের হতে পারে না।,Dhaka,Jamalpur,,Negative,0.8339665985757476,model,False
এরাতো দেখছি দলডারে ডুবাইয়া ছারবে।,Dhaka,,,Negative,0.5948671205671352,model,False
কেন! আটক কেন????,নরসিংদী,Dhaka,Narsingdi,Sarcastic_negative,0.4913826354892263,model,True
আসলে এদের পতিভা আছে,Dhaka,Manikganj,,Negative,0.4545623269503188,model,True
মামা পিনিকে আছে,নরসিংদী,Dhaka,Rajshahi,Negative,0.5387385106644255,model,False
একবারের জন্য সোনা-মিয়ারে মাপ করে কাচা ডিম আদা সিদ্ধ করে পিছন দিক দিয়ে খাইয়ে দেন!,Feni,,,Positive,0.4533559730349247,model,True
আহারে বেচারা সমঝোতা করতে গেল আর আপনারা চাঁদাবাজ বলে ধরে নিলেন,Rajshahi,,,Sarcastic_negative,0.8210013935016897,model,False
এটা যুবদলের কেউ না,Chapainawabganj,,,Negative,0.4044066565331531,model,True
কি মামলা করল আসামি তো পরের ে ছাড়া পাইলো,Dhaka,Faridpur,,Negative,0.5076258024872543,model,False
গরম ডিম পাচায় তেল দিয়ে দেওয়া হোক,Chittagong,,,Neutral,0.6365258801810734,model,False
"""বিএনপি সরকার কে বলে এদের কাজের ব্যবস্থা করে দেন,,,,,আবার চাদা তুলতে লাগাই দিয়েন না""",Dhaka,,,Negative,0.5834440904715461,model,False
এই সমঝোতা কে যারা অন্য ভাবে প্রভাবিত করার চেষ্টা করছে।তারা সমঝোতার শত্রু।তাদের বিরুদ্ধে সমঝোতার ভিত্তি তে আইনানুগ ব্যবস্থা নেওয়া হবে,Dhaka,,,Neutral,0.551747631288012,model,False
ওরে কোন এঙ্গেলে নেতা মনে হয়।।।,Chittagong,Brahmanbaria,,Sarcastic_negative,0.5661551188103521,model,False
ধন্যবাদ সরকারকে।,Dhaka,Bogra,,Positive,0.559207427183656,model,False
ক্র স দিয়ে রাস্ট্রীয় ময়লা পরিস্কার করা হোক।,Dhaka,,,Negative,0.6334819168563834,model,False
আসলে আমাদের দেশে আমরা এখনো অন্য দেশের মত হতে পারলাম না এই বাংলাদেশেই যত রকমের অন্যায় অত্যাচার হয়ে থাকে,Chittagong,Chandpur,,Negative,0.5674992190999489,model,False
জাতীয় জাদুঘরে রাখার ব্যবস্থা করা হোক,Khulna,Gazipur,,Negative,0.4198448556404602,model,True
যে অন্যায় করবে সিদা পুলিশে তার কোন দল নাই।,Tangail,,,Negative,0.64399182958192,model,False
Chok lak,Dhaka,Gazipur,,Sarcastic_negative,0.4325379282004477,model,True
Aita nata hoy kivab a repotar gaja khaisa,Dhaka,Manikganj,,Neutral,0.5635459663206785,model,False
এটা কোনো কথা হেতো নিরীহ চাঁদাবাজ,Dhaka,Chittagong,Noakhali,Positive,0.4826892530575609,model,True
"""Ore netare, somjhota""",নওগাঁ,Rajshahi,Naogaon,Sarcastic_negative,0.4920862686563217,model,True
নতুন কিচু না৷,Dhaka,,,Sarcastic_negative,0.4176043236799438,model,True
পিসে দিছে এমন খবর নাই...,Dhaka,Comilla,,Sarcastic_negative,0.572183173208623,model,False
সকালে আটক বিকেলে জামিন এটাই নাটক এই নাটকই চলবে সালাউদ্ ের মন্ত্রণালয়,Dhaka,,,Negative,0.4335154309901688,model,True
সমঝোতার ভিত্তিতে চাঁদাবাজী!!! তাতে দোষের কি!!!! সত্যি সেলুকাস কি বিচিত্র এই দেশ.......,Dhaka,Chittagong,,Negative,0.7324755775578852,model,False
আলহামদুলিল্লাহ,Chittagong,,,Positive,0.6961564278676875,model,False
আহা সোনার দেশের সোনার ছেলেরা সমাঝোতা করে নিলেই কো হয়,ভোলা,Barisal,Bhola,Positive,0.4046179062801472,model,True
যত তাড়াতাড়ি সম্ভব ডিম থেরাপি দিতে হবে,Dhaka,,,Neutral,0.59974092479901,model,False
সমঝোতা হয়নি তাহলে,Dhaka,Chittagong,,Sarcastic_negative,0.5164572878210073,model,False
আমাদের রাজবাড়ী আরোও একধাপ এগিয়ে গেল।,Dhaka,Faridpur,Gazipur,Negative,0.4732874539951002,model,True
অনেকেই বলবে এটা জামায়াতের লোক কেননা বিএনপি এখনো চাঁদাবাজি করে না,Chittagong,Chandpur,,Negative,0.7352059571088475,model,False
এদের একটা কর্মসংস্থানের ব্যবস্থা করা হোক,Dhaka,Rangpur,Gazipur,Positive,0.5725979983132068,model,False
এ জন্য আমরা ৫ বারির চ্যাম্পিয়ন,Dhaka,Chittagong,Feni,Negative,0.4230135830862132,model,True
সমঝোতা না করে চাঁদাবাজি করা মোটেই ঠিক নয়,Dhaka,,,Positive,0.5224220496800229,model,False
হাড্ডি বাদে মাংস আলাদা করুক কোন দুঃখ নাই,Dhaka,,,Positive,0.635725895447241,model,False
"""আচ্ছা তাদের কি কর্মসংস্থান সৃষ্টির জন্য কিছু করেছে সরকার তাহলে তাদের কিভাবে চলবে আর নেশার টাকা কিভাবে ব্যবস্থা করবে,""",Dhaka,,,Positive,0.8106627582252521,model,False
এখন ক্ষমতার দাপটে চলেনা।,Dhaka,Sylhet,,Negative,0.4062634502894424,model,True
ভাই দলের নাম কাটি দেন না হয় খবর আছে,চট্টগ্রাম,Chittagong,,Negative,0.4949742676564813,model,True
"""ঈদ বোনাস হিসেবে নিয়ে,সমঝোতা করতেছে""",Dhaka,Rangpur,,Sarcastic_negative,0.717225012331881,model,False
না হ হেইয়া মুই বিশ্বাস হরিনা,Dhaka,Chittagong,Chandpur,Negative,0.4798790680897417,model,True
সমঝোতার ভিত্তিতে করেছে সমস্যা কি,Rajshahi,Pabna,,Positive,0.6992782773444309,model,False
ওরে ডিম থেরাপি দেওয়া হোক,Chittagong,Patuakhali,,Neutral,0.4253031895763043,model,True
না আমি বিশ্বাস করিনা,Dhaka,Kishoreganj,,Negative,0.5500770553742143,model,False
"""ফটোকার্ড টি Channel 24 এর নয়,""",Dhaka,Mymensingh,Sherpur,Sarcastic_negative,0.4142843165434363,model,True
ধন্যবাদ,Dhaka,Barisal,Barguna,Positive,0.7136673150457586,model,False
এই মাসে মুনাফা বেশি।,Sylhet,,,Negative,0.795874676734532,model,False
Jahid Hasan ঈদ বোনাস কালেক্ট করতে গেছিলো।,Chittagong,Barisal,,Sarcastic_negative,0.7402316601441831,model,False
সোনার ছেলেগুলাকে এভাবে আটক করা ঠিক না Monirul Islam …,Mymensingh,Sirajganj,,Positive,0.4665495144543096,model,True
চ্যাম্পিয়ান হতে হবে,Dhaka,,,Neutral,0.940316170140388,model,False
২ পর আসবে গুজব,Dhaka,Comilla,,Negative,0.4510089891797335,model,True
"""আস্তাগফিরুল্লাহ,, আপনাদের সাংবাদিকতায় ভুল আছে ওরা তো চাঁদা নেয় না। সমঝোতা করে""",বরিশাল,Chittagong,,Negative,0.6590856497884103,model,False
সমঝোতার মাধ্যমে ছেড়ে দেওয়া হোক।,Dhaka,Chittagong,Lakshmipur,Neutral,0.4429886462716967,model,True
সিদ্ধ ডিম থেরাপি দাও,Khulna,Jessore,,Sarcastic_negative,0.4381427300211032,model,True
এমন একটা আ্যাপ তৈরী করা হোক যেখানে চোর বাটপাড় মাদক খাদক ইত্যাদি সকল অপরাধীর তথ্য জানানো হবে। আর তদন্ত কমিটি করে প্রয়োজনে গোয়ে…,Dhaka,,,Negative,0.4162538582725746,model,True
কিছুক্ষণ পর ডিলিট করে দিয়ে বলবেন এটা ভুয়া নিউজ,Dhaka,,,Negative,0.5318229786665107,model,False
তারেক রহমানের কর্মসংস্থান,Dhaka,Barisal,Bhola,Positive,0.6897422455941867,model,False
সমস্যা নাই কোটে গেলেই জামিন দিবে।।। কালকে আবার দ্বিগুন মাত্রায় শুরু করতে পারবা।,Barisal,Narayanganj,,Negative,0.4290805656290856,model,True
"""কোন দলের নাম বলার দরকার নেই কারণ, যুবদল সেচছাসেবিদল ছাড়া অন্য কোন দলের লোক চাঁদাবাজি করেনা,।""",Tangail,,,Negative,0.5872656325499199,model,False
ভোট দেবো কিসে,Dhaka,Lakshmipur,,Sarcastic_negative,0.5525551095412418,model,False
"""ও মাই গড , চুদলিং পং""",Chittagong,,,Negative,0.5189226592425916,model,False
Anisur Rahman Rashed Ali tare cina cina lage na ni kow saine kuno jemon deksilam,Sylhet,,,Sarcastic_negative,0.546873600779713,model,False
"""এইটা নাকি যুবদল নেতা, নেতার আকাল পড়েছে...হাহা হাহা""",Dhaka,Netrokona,,Negative,0.4328628337324539,model,True
১৭ বছরের ক্ষিদের জ্বালা ভাই,কিশোরগঞ্জ,Kishoreganj,,Sarcastic_negative,0.6640979227550078,model,False
বট বাহিনী গুজব ছড়াচ্ছে বলে চালিয়ে,কুমিল্লা,Comilla,,Negative,0.441328582106779,model,True
আলহামদুলিল্লাহ,Sirajganj,,,Positive,0.6961564278676875,model,False
"""আরে ভাই বুঝেন না কেন, এটা তো চাঁদা না সমঝোতা""",কিশোরগঞ্জ,Rangpur,Nilphamari,Positive,0.4607162168555116,model,True
আমি বিশ্বাস করি না এমন টা হতেই পারে না গুপ্ত,Dhaka,,,Negative,0.6422715912369219,model,False
"""সুব কামনা ধনের সিশ,,,""",Dhaka,Feni,,Sarcastic_negative,0.5936660209780829,model,False
প্ল্যান,Chittagong,Noakhali,,Sarcastic_negative,0.4822105373699456,model,True
আহারে সমঝোতা করতে পারে নাই,কুমিল্লা,Narayanganj,Comilla,Sarcastic_negative,0.7744808945741931,model,False
"""ভুয়া সম্প্রচার ও গুজব শুধু ভুল তথ্যই ছড়ায় না—এগুলো মানুষের মধ্যে ভয়, অবিশ্বাস ও অস্থিরতা তৈরি করে। অনেক সময় একটি ছোট ভুল তথ্য …""",Dhaka,Gazipur,,Negative,0.5105222581400218,model,False
এটা সমঝোতা। চাঁদা বলবে না প্লিজ,Chittagong,Noakhali,,Negative,0.4284327041297379,model,True
নেশা করার টাকা নাই কি করবে।,Dhaka,,,Positive,0.6546846331057482,model,False
আসসালামু আলাইকুম Congratulations. …,সিলেট,Sylhet,,Negative,0.4256016141684697,model,True
এটা চাঁদাবাজি নয় রে লায়লা এটা সমঝোতা…,Chittagong,,,Negative,0.5728658159982918,model,False
যুবদল লিখে হয়ত ভুল করছে।,Dhaka,,,Negative,0.4465721475008019,model,True
"""চাঁদা বলতে নাই, সমঝোতা বলতে হয়।""",Dhaka,,,Sarcastic_negative,0.5854255274715615,model,False
"""আপসে যেইটা দেয় সেইটা চাদা না, একটা দলের পিছনে আপনারা কেনো লাগছেন? এইটা রমজান মাস, হয়তো সে জাকাত নিতে গেছে।""",Dhaka,Mymensingh,,Sarcastic_negative,0.4203964818699151,model,True
তাদের কাজ ত এটাই,Sylhet,,,Negative,0.559487968225621,model,False
চ্যানেল ২৪এত ভালো খবর দেই কিভাবে হাত কি একবার কাপলো না,Lalmonirhat,,,Sarcastic_negative,0.4719028255545092,model,True
পুটকিতে ডিম দেয়া হোক,Dhaka,Barisal,,Sarcastic_negative,0.5655515366175756,model,False
ধুর! ও বাসের কন্টাকটার ছিল।। …,Chittagong,,,Negative,0.500992897856227,model,False
সমঝোতা করলেই তো পারতো।,বরিশাল,Barisal,,Negative,0.5936405159324692,model,False
এইখানে সঠিক হেডলাইন করা হয়নি সমঝোতা বলতে হবে।,Dhaka,Rangpur,Dinajpur,Neutral,0.6740776069133444,model,False
এরা এত কোথায় ছিলো?,Dhaka,Pabna,,Sarcastic_negative,0.4929688811013037,model,True
"""এদের এসব নিউজ দেখতে দেখতে, এখন আর হা হা দিতেও ভালো লাগেবিধা না""",পাবনা,Pabna,,Positive,0.5575388712644335,model,False
ঠিক মতো বাটাম দেওয়া হোক। অপরাধীর কোন দল নাই,পিরোজপুর,Khulna,Bagerhat,Negative,0.4862972022709865,model,True
চাদা না সমাঝতা,Dhaka,Munshiganj,,Sarcastic_negative,0.473774266628217,model,True
Solid ganzakor lagse bara,Barishal,Barisal,,Sarcastic_negative,0.5684617283059582,model,False
"""সমঝোতাটা ঠিকমত হয়নি,তাহলে আর চাদা হতো না।""",Barisal,Bhola,,Sarcastic_negative,0.4306401483742345,model,True
সরকার ভাল কাজ করলেও অন্য দল বলবে নাটক,Chattogram,Cox's Bazar,,Sarcastic_negative,0.4535082900785706,model,True
আটকের নিউজটাও যেহেতু দেখাইছেন জামিনের নিউজ টাও দেখায়েন,Dhaka,Madaripur,,Sarcastic_negative,0.557266573065319,model,False
হাদিয়া,সিলেট,Dhaka,Rangpur,Negative,0.5787567362901818,model,False
"""সমঝোতার ভিত্তিতে টাকা উঠাইতে যেয়ে, বেচারা নতুন কর্মসংস্থানে ধরা খাইলো""",Dhaka,Gazipur,,Negative,0.459634024036175,model,True
Mahbubur Rahman দোয়া আছে,Sylhet,,,Negative,0.4909141043258787,model,True
"""বাঙ্গু যেমন চাইছে, তেমন ই পাইছে। বেচারার কি দোষ!""",Chittagong,Lakshmipur,,Sarcastic_negative,0.6833969271598359,model,False
ব্যাপার না শিবির বলে চালিয়ে দেও,রাজশাহী,Dhaka,Rajshahi,Positive,0.5520377718162093,model,False
Sundor to,Khulna,Jessore,,Neutral,0.452762537348561,model,True
যেহেতু আমাদের দলীয় লোক সেহেতু কোয়েল পাখির ডিম দেওয়া দাবি জানাচ্ছি।।,Dhaka,,,Negative,0.7305235698546448,model,False
এভাবে বলাটা ঠিক না,Chittagong,Chandpur,,Positive,0.4016672756725764,model,True
কোন দলের সৈনিক চাঁদা তোলে দৈনিক?,Dhaka,Gazipur,,Negative,0.8530712428991971,model,False
"""আমাদের যুবদল নেতা কখনো চাঁদা তুলতে পারেন না, এটা সমঝোতার বিত্তিতে টাকা নেই, এটাকে চাদা বলেনা, এটাকে বলে হাদিয়া,""",Dhaka,Kishoreganj,,Negative,0.4287614783083057,model,True
সমঝোতা চলছে,,Dhaka,,Sarcastic_negative,0.532094198117439,model,False
Samrat Akbar Jahirul Islam koi re toder lagbe naki chanda....hahaha,Dhaka,Chittagong,Lakshmipur,Sarcastic_negative,0.5163910391099976,model,False
ঘরে ডিম থেরাপি দেওয়া উচিত,Dhaka,,,Neutral,0.4765889331184865,model,True
২ পরে জানাব বাসে ঘুরতে গিয়েছিল। ভুল তথ্য দেয়া হয়েছে,Rangpur,,,Negative,0.7375681176092796,model,False
Carry-on,Dhaka,Gazipur,Pabna,Sarcastic_negative,0.4467697511240222,model,True
শিরোনাম ভুল হয়েছে যুবদল না। মনে হয় জামাত হবে। হাইরে নাটক কত কি দেখতে হবে,Dhaka,Gazipur,Naogaon,Neutral,0.7119877698498656,model,False
"""ঠিক করছে,,,""",Dhaka,Rangpur,,Negative,0.6820471536051537,model,False
এটা জামাতের বলে চালিয়ে দেয়া হোক,Dhaka,,,Positive,0.5468415772272921,model,False
এখনো আটক আছে নি? নাকি বাসায় চলে গেছে?,Comilla,Lakshmipur,,Negative,0.4389828120803486,model,True
a vabee bolle gunah hobe toh,Sylhet,,,Sarcastic_negative,0.4327332919685849,model,True
"""চাঁদা বিদেশি শব্দ তাই মন্ত্রী মহাশয় সংস্করণ করে! """"সমঝোতা"""" করেছেন,,এখন আর এটা অপরাধ নয়।""",ঢাকা,Dhaka,Barisal,Positive,0.6082018632857202,model,False
Good,Dhaka,,,Sarcastic_negative,0.4146276795977892,model,True
"""এদের কি কোন কাজ কাম নাই! এরা রাজনিতি করে শুধু ধান্দাবাজী করার জন্য। এরাই দলের ভাবমূর্তি নষ্ট করছে,,…""",Dhaka,,,Positive,0.5437825038904643,model,False
"""সবাই একসাথে মাঠে নামতে হবে, পরিবহন মন্ত্রীর পদত্যাগ দাবি করছি । তাহলে চাঁদাবাজরা মাঠ ছাড়বে।""",ব্রাহ্মণবাড়িয়া,Chittagong,Brahmanbaria,Negative,0.4209766551078965,model,True
কেন,Dhaka,,,Sarcastic_negative,0.6910718565772799,model,False
কড়া লেতা,Dhaka,Mymensingh,,Sarcastic_negative,0.4112034460354685,model,True
কোনো ছাড় হবে না। অপরাধ করলে ধরে ধরে জেলে। বর্তমান প্রধানমন্ত্রীর এইটাই নিয়ম। দলের নাম পদের নাম দিয়ে কোনো অপরাধ করলে ছাড় হবে না।,Chittagong,Brahmanbaria,Lakshmipur,Neutral,0.5287585426881165,model,False
মাত্র শুরু করছে,Dhaka,Gazipur,,Negative,0.5992047324392308,model,False
চলবেই ইনশাআল্লাহ,বগুড়া,Bogura,Bogra,Positive,0.8586366711306628,model,False
সমঝোতা ভালো হয়নি,Khulna,Jessore,,Sarcastic_negative,0.6054897052810237,model,False
২০ কেজি গাজা শালা একাই কাইছে মনে হয়,Dhaka,,,Sarcastic_negative,0.7563972134625224,model,False
ভালো ছেলে রাত জেগে কেবল চাঁদা তোলার জন্য জেগে থাকে,Comilla,,,Positive,0.6168640046729249,model,False
আমাদের মির্জা ফখরুল ইসলাম সাহেব বলল তারা নাকি চাঁদাবাজ এর সাথে জড়িত না তাহলে যুবদল কোন দলের,Bagerhat,,,Negative,0.7690207694979706,model,False
তিব্র নিন্দা ও প্রতিবাদ জানাই তার অধিকার থেকে বঞ্চিত করার জন্য,ময়মনসিংহ,Dhaka,Mymensingh,Positive,0.6270527206247294,model,False
"""Ke bolse chada,,eytato somjota kore nicche""",Comilla,,,Sarcastic_negative,0.4926826365897537,model,True
নতুন বাংলাদেশ,Dhaka,Faridpur,,Positive,0.5285421695865152,model,False
মির্জা আব্বাসের ঈদ বোনাস,Dhaka,,,Negative,0.7832819436669853,model,False
আলহামদুলিল্লাহ,Dhaka,,,Positive,0.6961564278676875,model,False
সমাজের সবার উচিত তাদের বাসায় গিয়ে চাঁদা দিয়ে আসা। তাহলে তাদের জন্য সুবিধা হবে।,বগুড়া,Rangpur,Bogura,Neutral,0.4374786874225738,model,True
চাদা না রমজান এর হাদিয়া বাবার কাইল্কার দোকান ভাড়া তুলতেছে,Dhaka,Barisal,Madaripur,Negative,0.4727496042208252,model,True
রমজান দেখি কমিয়ে দিছে রমজানে পড়ে সব জায়গায় শুরু হবে।,Rangpur,,,Neutral,0.6708748800246309,model,False
"""ওকে আটক করা মানি সমোঝতার গণতন্ত্র হরণ করা, এটা ঠিক হয়নি।""",Barisal,Bhola,,Positive,0.5304051696156056,model,False
আমার বাথরুম টা পরিষ্কার করে দিও চাদার চেয়ে বেশি পাবে,Dhaka,Pabna,,Negative,0.749207340902383,model,False
আলহামদুলিল্লাহ,Sylhet,,,Positive,0.6961564278676875,model,False
যেখানে চাঁদা বাজ পাইবেন সেখানেই পতিরোধ,যশোর,Khulna,Jessore,Sarcastic_negative,0.4526190531461591,model,True
আহ ইজ্জত,Dhaka,,,Sarcastic_negative,0.6331057167398478,model,False
"""ভোট দিছ কীসে, চান্দার শীষে। মারা তো খাইতেই হবে ভাইয়া""",Thakurgaon,,,Neutral,0.4838288077033281,model,True
"""সন্ত্রাস, চাঁদাবাজ, টেন্ডারবাজ এদের কোন দল নেই, নেই দেশপ্রেম। সুতরাং তাদের বিরুদ্ধে রুখে দাঁড়ানোর দ্বায়িত্ব আমার আপনার আমাদের সকলের।""",Comilla,,,Negative,0.7703810307699653,model,False
নাস্তা পানির ব্যবস্থা হয়নি,Dhaka,,,Sarcastic_negative,0.508433197096544,model,False
জামায়াত বলে চালিয়ে দেয়া যায় না,Dhaka,Joypurhat,,Positive,0.5822717821516455,model,False
আরে না এটা সমঝোতা,Dhaka,Rangpur,Lalmonirhat,Positive,0.658086809792071,model,False
ভাই এরে দেখলে তো নেতা মনে হয় না,Dhaka,,,Sarcastic_negative,0.402493857492908,model,True
ফেসবুকে রিফ্রেস দিলেই চাঁদার আপডেট,কুড়িগ্রাম,Dhaka,,Sarcastic_negative,0.459306339489633,model,True
চোখের শান্তি,Dhaka,Kushtia,,Sarcastic_negative,0.4121389258782394,model,True
সমঝোতা করতে গেছিলো বাসে,Rajshahi,Naogaon,,Sarcastic_negative,0.7667895254935926,model,False
ইডেট করে দাঁড়ি লাগিয়ে জামাত বলে চালিয়ে দেন,Dhaka,,,Positive,0.5009135148510078,model,False
Shonar Bangladesh,Dhaka,Comilla,,Neutral,0.51875581181517,model,False
মনে হয় Ai,Dhaka,Tangail,,Sarcastic_negative,0.6497441995253703,model,False
"""হয়তো সে ওই বাস ইজারা নিয়েছিল,শুধু শুধু সোনার ছেলেদের দোষ দেন""",Dhaka,Dinajpur,,Sarcastic_negative,0.4908445892692594,model,True
চোখ যে লাল তাতে মনে হয়........!!!,ঢাকা,Dhaka,Madaripur,Sarcastic_negative,0.6533113135638197,model,False
তাদের তো সংসার চালাতে হবে,Khulna,Satkhira,,Neutral,0.987106090802447,model,False
আমরা তো চাইছিলাম এটা হোক তাহলে এখন সমালোচনা কেন এই নিষ্পাপ চেহারা দেখে মনে হচ্ছে সে চাঁদাবাজি করতে পারে সে সদ্য বায়তুল মোকারর…,Dinajpur,,,Negative,0.5206984485064855,model,False
সমঝোতা করতে গেছে,Chittagong,,,Sarcastic_negative,0.8657356383165749,model,False
এখন তার সাথে সমঝোতা করা হোক,Dhaka,,,Positive,0.7736340840978221,model,False
সাব্বাশ,Dhaka,,,Sarcastic_negative,0.4632618426120441,model,True
ধর ধর,Dhaka,,,Sarcastic_negative,0.4840311871453396,model,True
সাব্বাস বেটা,Dhaka,Barisal,,Sarcastic_negative,0.4259222071210912,model,True
Jahed Benn Mahodi Bro ম ার ইসলামের বিশ্বাস করে চর্চা করার অনুসারী।,Chittagong,Bandarban,,Positive,0.5087187498695298,model,False
Sawat ana Lagan vai,Bogura,,,Sarcastic_negative,0.4614106054090972,model,True
লাগারে লাগা ধান লাগা,Dhaka,Madaripur,,Sarcastic_negative,0.4536880086351741,model,True
যাক এবার বের হয়ে মন্ত্রী হওয়ার সুযোগটা হয়ে গেলো,Rajshahi,,,Sarcastic_negative,0.6117888357035063,model,False
এটা আমি বিশ্বাস করিনা,Pirojpur,,,Negative,0.56932001346758,model,False
"""Egg terapi dea hok........sokol chadabuzder,""",Dhaka,Chittagong,,Sarcastic_negative,0.41091085966081,model,True
বাবা খোর ও লেতা,Dhaka,Comilla,,Sarcastic_negative,0.410131009648743,model,True
গুড,ফেনী,Dhaka,Feni,Sarcastic_negative,0.4080707400403309,model,True
Rashidul Islam Khokon Tor vai aita?,Bogura,Bogra,,Neutral,0.5265452847453144,model,False
rada haser dim diyen ore,Gopalganj,,,Sarcastic_negative,0.564721005234273,model,False
হেইয়ো,ঢাকা,,,Sarcastic_negative,0.4894202770987256,model,True
Adar baba naa nai,Dhaka,,,Neutral,0.4746229330697792,model,True
৫০০ টাকার বিনিময়ে ভোট বিক্রি করলে তো এমনই হওয়ার কথা এখন চাঁদা দাও আর কী করবা,Chittagong,Noakhali,,Positive,0.8278748676708406,model,False
সমঝোতা করতে পারে নাই আগেই কট খাইছে।,Dhaka,Rangpur,Lalmonirhat,Sarcastic_negative,0.645349853535313,model,False
জনগণ কি করে? চাঁদা নেওয়ার সাথে পেন্ট খুলে ছেড়ে দিবেন।,Dhaka,Kurigram,,Sarcastic_negative,0.526180073828725,model,False
Valo ador koro,Comilla,,,Sarcastic_negative,0.5022661518951564,model,False
লাগে তো বাচ্চা নেতা যুবদলের কেমনে হল যদিও বিএনপির নেতৃত্বে বয়স বুঝা যায় না উদাহরণ ছাএদল যুবদল,Comilla,,,Negative,0.6983952281847269,model,False
Rumon Miah chinoniba?,Dhaka,,,Sarcastic_negative,0.4402160616141733,model,True
দুই পরে আবার জামিন হইয়া গেলে আটকাইয়া লাভ কি?,Dhaka,Comilla,,Negative,0.7378395968334153,model,False
যুবদল-------_,Dhaka,,,Sarcastic_negative,0.4496741751627098,model,True
"""সব নেতা,কর্মী সমর্থক কেউ নেই এখন!!""",Chittagong,,,Positive,0.4983818976748053,model,True
ভুল এটা হবে সমঝোতা,Dhaka,Narail,,Neutral,0.9247714136386292,model,False
"""আহ্ চাঁদা আহ্,,,""",Khulna,Satkhira,,Sarcastic_negative,0.6987042967346958,model,False
রমজানের মাসে ১ টাকা চাদা নিলে ৭০ টাকার সওয়াব হবে,Dhaka,,,Neutral,0.8316942380552244,model,False
আমান-উল্লাহ আমান এই গুলো চোখে দেখ না বন্ধু,Dhaka,,,Negative,0.7374577315535552,model,False
"""নাহ, আমি দেখিতেছি যুবলীগ""",Dhaka,,,Negative,0.4063181837682748,model,True
ছাড়া পেয়ে যাবে কয়েক র মধ্যেই,বরিশাল,Barishal,Barisal,Negative,0.4289389775944885,model,True
Jobo dol ki bolo kotta dol,সিলেট,,,Sarcastic_negative,0.4056085656632941,model,True
ভাইয়া এ বছর ঈদের আনন্দ তো আপনি জেলের ভিতরে করুন,Dhaka,,,Sarcastic_negative,0.4678881595050536,model,True
Ore pitan dhore,Dhaka,Faridpur,,Sarcastic_negative,0.4743872821042726,model,True
চাঁদা সমঝোতা,কুমিল্লা,Dhaka,,Sarcastic_negative,0.4758755404447771,model,True
কিছু না ঈদের সালামি নিচ্ছে,Chittagong,,,Sarcastic_negative,0.4740781675635685,model,True
পিঠের চামড়া তুলে ফেলুন,Chittagong,,,Sarcastic_negative,0.5210399118821081,model,False
"""বিচার হবে নাকি, জামাই আদর করে ছেড়ে দেওয়া হবে , হুম।""",Dhaka,Kishoreganj,,Neutral,0.9811808446150372,model,False
ওরা তো এক একটা সোনার ছেলে। চাঁদা তাদের সাথে যায় না। এ হতেই পারে না। কিছু দলকানা এর চাইতে বেশি কিছু ভাবতে পারে না।,Dhaka,,,Negative,0.5658955479239111,model,False
একটু পরেই হবে নাটকের শেষ,Chittagong,Comilla,,Neutral,0.5906133514977281,model,False
খ্যাচড়া!!!,Dhaka,,,Sarcastic_negative,0.4395942666896285,model,True
সমোঝোতায়ই নিয়ে আসেন,ময়মনসিংহ,Mymensingh,,Negative,0.4512763685318796,model,True
হাদিয়া,Cox's Bazar,,,Negative,0.5787567362901818,model,False
একটু সমঝোতা করলেই হতো। তাহলে আর সমস্যায় পড়তে হতো না ওই নেতাকে।,ঢাকা,,,Sarcastic_negative,0.4064008038869124,model,True
চোখ লাল কিসে ?,Manikganj,Narayanganj,,Sarcastic_negative,0.5993083167639105,model,False
"""সকালে ধরা, বিকেলে ভিকটিম সাজার পালা, চরিত্র বদলায় তাড়াতাড়ি, যেন রিমোটের খেলা।""",Chittagong,,,Sarcastic_negative,0.4064692464161198,model,True
"""প্রশাসন দিয়ে ভরসা নেই, তাই পুলিশে সোপর্দ করার আগে ভালো করে উত্তম মাধ্যম ।""",Dhaka,Faridpur,,Positive,0.4282155773107916,model,True
ওর পাছার ভিতরে গরম ডিম ঢুকে,Dhaka,Khulna,Jashore,Sarcastic_negative,0.4024343426565266,model,True
সোনার বাংলাদেশ,Chittagong,,,Positive,0.5876886575218863,model,False
আটক মানে কি দু পরে ছেড়ে দেওয়া জনগণ কে কি বুঝানো,Dhaka,,,Sarcastic_negative,0.4098184193498022,model,True
এগুলো দ্রুত বন্ধ করু নয়তো পালাতে হবে,চাঁদপুর,Cumilla,,Neutral,0.4935447244069167,model,True
কামডা ওইলো কি,Dhaka,,,Sarcastic_negative,0.510440299110653,model,False
চোখ লাল কিসের ......,Dhaka,Chandpur,,Sarcastic_negative,0.4949972317574256,model,True
যুবদল না হয়ে চান্দাদল নাম টা হবে।,Dhaka,Kishoreganj,,Neutral,0.5314390865452953,model,False
তারেক রহমানের সোনার তরী,Dhaka,,,Positive,0.4328248323215301,model,True
যুব দল নেতা কি সবাই,Dhaka,Barisal,,Negative,0.4754036620850073,model,True
ছাইরা দেন সমযতার ভিত্তিতে হয়েছে,Dhaka,Lalmonirhat,,Sarcastic_negative,0.5778878172691033,model,False
তারেকের লোক বলে কথা,Gaibandha,,,Positive,0.7931081548926237,model,False
ডিম থেরাপি,Dhaka,Narayanganj,,Sarcastic_negative,0.4012848070943651,model,True
"""এটা চাদা নারে পাগলা,এটা সমঝোতা""",Chittagong,Brahmanbaria,,Negative,0.4592182932052174,model,True
Ami bissas kori na.,Chittagong,,,Sarcastic_negative,0.4239449282401509,model,True
Screen sort দিয়া রাখেন কারন কতক্ষণ পরে দেখবেন পোস্ট উধাও...!,Dhaka,Bogura,Sherpur,Negative,0.507780354335019,model,False
আটক তাতে কি? পরে আবার ছেড়ে দিবে। তার পিছনে বড় নেতা আছে। আমার কথা মিথ্যে হলে আমাকে একটা গালি দিবেন।,Dhaka,Gazipur,,Negative,0.7326178020329887,model,False
চাঁদা বলা যাবেনা বলুন সমঝোতা।,Dhaka,Comilla,,Sarcastic_negative,0.5010290681029872,model,False
এই দল থেকে এটাই আশা করা যায়,Dhaka,,,Negative,0.8701557803057511,model,False
"""শুধু আটক করতেই শুনলাম, তবে সাজা কি দিলো সেটা শুনলাম না""",Dhaka,Sunamganj,,Sarcastic_negative,0.488765656494271,model,True
চোখ লাল,Chittagong,Lakshmipur,,Sarcastic_negative,0.4930177857688834,model,True
সমঝোতার মাধ্যমে চাঁদা নিছে,বগুড়া,Bogura,Bogra,Sarcastic_negative,0.5181013573087506,model,False
মোবাইল খুললেই এত চান্দা এত চান্দা। চান্দা জালায় মোবাইল চালাতে ইচ্ছা হচ্ছে না।,Dhaka,Barisal,,Sarcastic_negative,0.8933828745451716,model,False
******বাংলাদেশে গাঁজা বন্ধ করে দিলে । চাঁদাবাজ ও বন্দ হয়ে যাবে।,Khulna,Magura,,Sarcastic_negative,0.6840234703046859,model,False
সিদ্ধ ডিম থেরাপি দেওয়া হোক,নোয়াখালী,Chittagong,Noakhali,Neutral,0.6101792337137963,model,False
সামালি,Dhaka,,,Sarcastic_negative,0.4494110672050871,model,True
এখন উকিল সাহেব বলেন। এটা সমঝতা মামলা ডিস মিস। …,খুলনা,Khulna,,Positive,0.5389697624259358,model,False
এতো দেখি ছেচরা এরা নেতা হয় কেমনে?,Dhaka,Sylhet,,Sarcastic_negative,0.7086479181271722,model,False
ত্যাগী কর্মী,Dhaka,,,Positive,0.7646401771036366,model,False
10% miss hoi gelo,Comilla,,,Sarcastic_negative,0.507583125649166,model,False
Koy minuter jonno,Sylhet,,,Sarcastic_negative,0.4731179147953545,model,True
গরম ডিম দেওয়া হউক,Sylhet,Sunamganj,,Neutral,0.7190159432399396,model,False
এটাই হচ্ছে খাম্বা তারেক এর দলের বৈশিষ্ট্য,Dhaka,,,Negative,0.6981084991407089,model,False
R8,Barisal,,,Sarcastic_negative,0.4146276795977892,model,True
"""আমরা সবাই পবিত্র রোযার পবিত্রতা রক্ষা করে চলি । নামাজটা ঠিক মতো পরি , রোযা ঠিক মতো রাখি আর যাকাত ঠিক মতো আদায় করি । নারী''র…""",Dhaka,,,Negative,0.551984587466121,model,False
Ai,Dhaka,Pabna,,Sarcastic_negative,0.4559430618929069,model,True
সমঝোতার কাজ চলতেছে তাতেই ধরা,Dhaka,Nilphamari,,Sarcastic_negative,0.4372187856362594,model,True
১৭ বছর নির্যাতিতদের এভাবে গ্রেফতার করা কি ঠিক হয়েছে ? একটু সমজোতা হতে পারতো না ?,Dhaka,Barisal,,Negative,0.4711875271693697,model,True
সমঝোতা হয়ে যাবে পুলিশের সাথে,কিশোরগঞ্জ,Kishoreganj,,Sarcastic_negative,0.5526967566786394,model,False
এখন শুধু চলবে চোর পুলিশ খেলা সকালে ধরবে রাতে ছেড়ে দেবে। আল্লাহ ছাড়া সাধারন মানুষের কেউ নেই।,Dhaka,,,Positive,0.4089247283001231,model,True
পুলিশের সঙ্গে সমোঝোতা করলে তো হতো,ঢাকা,কুমিল্লা,Dhaka,Sarcastic_negative,0.4045976706532631,model,True
"""হায় আল্লাহ, খালেদ! সমঝোতা কে এ জাতি বলে নাকি চাঁদা""",Rajshahi,Naogaon,,Positive,0.5841188889241262,model,False
যুবদল কি জামাতের নাম নাকি না এনসিপির দলের নাম,Dhaka,Khulna,Jessore,Negative,0.6667881167730327,model,False
আমি বিশ্বাস করি না,Dhaka,Chittagong,Brahmanbaria,Negative,0.5339033592297483,model,False
দুই পর আবার খাচার বাহিরে গিয়ে শুরু করবে...,Chittagong,,,Negative,0.735429838236826,model,False
"""সাব্বাশ বেটা, ফ্যামেলি কার্ড পর্যন্ত অপেক্ষা করার সময় নেই।""",Khulna,Jessore,,Negative,0.5199945876560745,model,False
আজকের মতো সবসময় দলের নাম সহ প্রকাশের জন্য অনুরোধ করছি। কারণ জাতি হিসেব মিলাতে চায়।,Dhaka,,,Negative,0.7006015784828543,model,False
সমঝোতা করে তোলার দরকার ছিলো,Dhaka,,,Positive,0.5974125314395887,model,False
সমঝোতার চাদায় আবার আটক কেনো নিন্দা জানাই,Dhaka,Barisal,Narsingdi,Negative,0.4489144735027429,model,True
Ore°লেতা রে,Sylhet,,,Sarcastic_negative,0.4690011643559869,model,True
চাঁদা না সমঝোতা,Dhaka,Mymensingh,,Sarcastic_negative,0.4626149889181559,model,True
"""সমঝোতা করে নিলেইতো হয়, চাঁদাবাজি করার কি দরকার।""",Chittagong,Lakshmipur,,Positive,0.5058463353228589,model,False
"""সেটা কোন বিষয় না,সমঝোতার মাধ্যমে নিছে হয়তো,""",Dinajpur,,,Sarcastic_negative,0.5990979457916922,model,False
সাবাস বিএনপি,Dhaka,,,Negative,0.97043012370482,model,False
আমাদের এলাকার টুকাই কয়টার বাড়ি বাড়ি গিয়ে বীক্কা তুলে …,সিলেট,Sylhet,,Negative,0.6215256827718562,model,False
তীব্র নিন্দা জানাচ্ছি। সমঝোতা কে চান্দা বলে চালাচ্ছেন সাংবাদিক।,Chittagong,Rangamati,,Sarcastic_negative,0.632024005200955,model,False
"""দয়া করে এটাকে চাঁদ বলবেন না,,, এইটা নির্দিষ্ট একটা দলের জন্য মহৎ কাজ,,,,""",Dhaka,Gazipur,Jamalpur,Negative,0.4904781918437454,model,True
সমঝোতা মনে হয়,Dhaka,,,Sarcastic_negative,0.662789459751689,model,False
এতো দেখতাম শুধু কট খাইতো এখন দেখি চাদা বাবার সিজন চলতেছে তা হলে মনে হয় মানুষ কটের দিক দেখে ফিরে আসতেছে,গাজীপুর,,,Negative,0.4398216008873739,model,True
থেরাপি দিতে হবে অন্যায়কে ন্যায় বলে চালনাোর কোন সুযোগ নাই,Dhaka,Khulna,,Neutral,0.5207308012075518,model,False
দেশের জনগণ ভোদায় না। আমরা সবাই বুঝি যে কারা চাঁদাবাজি করে। জামাত শিবিরে কোন পোলাপান আজ পর্যন্ত শুনলাম না তারা চাঁদাবাজি করে,Dhaka,,,Negative,0.6366377733052414,model,False
চাঁদাবাজ সন্ত্রাসীকে রুখে দিতে হবে সে যে দলেরি হোক না কেন,Dhaka,Barisal,Bhola,Neutral,0.6935104600024018,model,False
কি বলেন তোর চোখ দেখলে বুঝা যায় সে পিনি করতে গিয়ে কট খাইছে,Dhaka,Barisal,,Sarcastic_negative,0.5297736699085532,model,False
ওসব চাঁদাবাজদের জনগন ধরে পাচা লাল করতে হবে। প্রসাশন কিছু করবে না…..,Rangpur,,,Neutral,0.4437140402232999,model,True
নাহ এ হতে পারেনা আমি বিশ্বাস করিনা,Dhaka,Rajbari,,Negative,0.6192928468338279,model,False
এই চাঁদাবাজ দের জন্য সাধারণ মানুষ অতিষ্ঠ হয়ে গেছে,পঞ্চগড়,Panchagarh,,Negative,0.403843658713243,model,True
চোখ লাল হয়ে আছে কারণ কি,Chittagong,,,Sarcastic_negative,0.4551107813579038,model,True
"""Teke,asa""",Chittagong,,,Sarcastic_negative,0.4146276795977892,model,True
লাগারে লাগা পিটনি লাগা,Dhaka,,,Sarcastic_negative,0.4048000750754207,model,True
সবগুলোকেই সোজা করতে হবে।,Dhaka,,,Neutral,0.8648785900952422,model,False
লাগারে লাগা ধান লাগা,Dhaka,,,Sarcastic_negative,0.4536880086351741,model,True
ভোট দেব কিসে,Dhaka,,,Sarcastic_negative,0.5747473083935007,model,False
গরম ডিম তার গুহার ভিতরে ঢুকিয়ে দাও,Dhaka,,,Negative,0.4105976051947594,model,True
চাঁদা না কইয়া সমঝোতা কইলে কি হয়,Chandpur,,,Sarcastic_negative,0.5873891081692202,model,False
সমঝোতা করতে ব্যর্থ হয়েছে,বগুড়া,Bogura,,Sarcastic_negative,0.7645032065335534,model,False
ভিখারি লাইসেন্স কি পাওয়ার যোগ্যতা রাখে না...,Dhaka,Sirajganj,,Neutral,0.4336956091680096,model,True
মাইরি বিএনপি তো চাঁদা তুলে না বলছে। এটা মিসটেক হয়ে গেছে বোধ হয় ।,Dhaka,Rajshahi,,Negative,0.6933693801820632,model,False
উট পাখির ডিম দিতে হবে তাইলে শিক্ষা হবে তাছাড়া হবে না,Dhaka,Rangpur,Kurigram,Neutral,0.9798243342155716,model,False
"""এডিরে কি দলের তে কয় নাকি নিজের মরজি মতন, পকেটে টাকা নাই চান্দা তুলতে চলে যায়""",Comilla,,,Negative,0.4224897606255174,model,True
Mirza Kakrul Sala J kilo Oigula BNPr Kew Na,Dhaka,Khulna,Jessore,Sarcastic_negative,0.5978250903755635,model,False
কি খাবে তা ছাড়া,Dhaka,Barisal,,Sarcastic_negative,0.4230075180012709,model,True
Mahabub Alam esob ki ulta palta newz kore,Dhaka,Rangpur,,Sarcastic_negative,0.547930820821046,model,False
Size kora uchit sasti,Dhaka,,,Sarcastic_negative,0.5008121163886721,model,False
Somojhota,ঠাকুরগাঁও,Dhaka,,Sarcastic_negative,0.5007733480089135,model,False
মামায় তো পুরা চান্দের দেশে উড়তাছে,Dhaka,Munshiganj,,Sarcastic_negative,0.5930211210926345,model,False
চাঁদা নয় সমঝোতা,Dhaka,,,Negative,0.445045660840037,model,True
স্বাধীনতা স্বপক্ষের শক্তি এদের কেউ কিছু বলবেন না,বরিশাল,কুমিল্লা,Chittagong,Sarcastic_negative,0.4634272834088987,model,True
Vuwa news,Rangpur,,,Sarcastic_negative,0.4146276795977892,model,True
কিছু খন পড়ে বলবে জামাত নেতা আটক,Dhaka,Shariatpur,,Sarcastic_negative,0.4020739963657957,model,True
আবার ও দূর্নীতিতে ১ম হবে বাংলাদেশ,Dhaka,Bagerhat,,Neutral,0.8171502999822005,model,False
এইভাবে অপমান করে বলবেন না বলেন সমঝোতা ভিতরে টাকা তুলতে গিয়ে হাতেনাতে আটক চাঁদা কথা বললে ছাপড়ি চামচা রা গায়ে লাগে!,Sylhet,,,Positive,0.4978354512049477,model,True
"""কষ্ট হলেও চাঁদাবাজি সহ্য করেন ভাই, না হলে তো বুঝতেই পারছেন, দেশ রাজাকারদের দখলে চলে যাবে।""",নেত্রকোনা,Dhaka,,Negative,0.5094442701970596,model,False
চোখ লাল ঘুমাই না কয়,Khulna,Magura,,Neutral,0.4611067244937638,model,True
চ্যানেল২৪ বয়কট,Feni,,,Negative,0.5143490804994273,model,False
বিএনপি করলে সম্ভব,চট্টগ্রাম,Chittagong,,Negative,0.5744587634479802,model,False
এটা হলো সমাজোতা চাঁদা না,Dhaka,Gazipur,,Negative,0.5190400341752004,model,False
চান্দা ভাই,Dhaka,,,Sarcastic_negative,0.8657189384142382,model,False
আলহামদুলিল্লাহ,Dhaka,Pabna,,Positive,0.6961564278676875,model,False
মাশাআল্লাহ জাতীয়তাবাদীর সোনার ছেলে,Comilla,,,Negative,0.5648644317922487,model,False
অনেক ের উপাস,নড়াইল,,,Sarcastic_negative,0.4937645380539281,model,True
Bangladesh jindabad,Patuakhali,,,Neutral,0.4170408458508912,model,True
শিবির বলে চালিয়ে দাও,Dhaka,,,Positive,0.4566228867872495,model,True
POLICE E DEOA HOK,Chittagong,,,Sarcastic_negative,0.4573190027441932,model,True
এর জন্য মন্ত্রী দাই,Dhaka,Narsingdi,,Sarcastic_negative,0.6615921621226107,model,False
আইচ্ছা,Dhaka,,,Sarcastic_negative,0.451977813223693,model,True
কেমনে কি জাতি বিশ্বাস করবে না,Dhaka,,,Negative,0.4676975021530345,model,True
আচ্ছা মতো দেন আগে,Sirajganj,,,Positive,0.4330923686542263,model,True
"""Arifur Rahman দোস্ত, একটু না কইরা দিস।""",Dhaka,Barisal,,Sarcastic_negative,0.5871831740633168,model,False
এটা চাঁদা না সমঝোতা,Dhaka,,,Negative,0.593961867989871,model,False
হুমমম,Dhaka,Bagerhat,,Sarcastic_negative,0.4200272561668001,model,True
পিছন দিয়ে ভরে দিলে?,Dhaka,Chittagong,Rajshahi,Negative,0.4368250375436331,model,True
"""ok,আর যেনো কেউ না খায়!!!""",Sylhet,,,Positive,0.5835707583931111,model,False
কাকার কথায় আমি সহমত।,Dhaka,Shariatpur,Chandpur,Positive,0.4631569824739892,model,True
কেন নয় সবি তো তোমাদের,Cumilla,Comilla,,Negative,0.4456489099612945,model,True
কথায় যুক্তি আছে,Dhaka,Barisal,Bhola,Positive,0.5099950884411185,model,False
হুম.... সেটাই তো কথা,কুমিল্লা,Dhaka,Comilla,Positive,0.7991846845557786,model,False
খেলা কোন লেভেলে..?,Dhaka,,,Sarcastic_negative,0.4349723980997432,model,True
কথায় যুক্তি আছে,Dhaka,Brahmanbaria,,Positive,0.5099950884411185,model,False
ঠিকিত বলেছে ভাই আমার,Dhaka,,,Negative,0.4175187592408675,model,True
সমঝোতা করে খাও ভাই।,ঢাকা,পঞ্চগড়,Dhaka,Positive,0.8302793109881251,model,False
সমঝোতা করে খেলে ভালো হয়,Dhaka,,,Positive,0.5273091157114913,model,False
ভোট দিবো কিসে ধানের শীষে।,Dhaka,Gazipur,Pabna,Sarcastic_negative,0.8179795356126848,model,False
সুন্দর বলছে,Dhaka,,,Sarcastic_negative,0.4015867447785478,model,True
কথা ক্ল‌িয়ার,Dhaka,Khulna,,Positive,0.8825923269480422,model,False
মাশাল্লাহ সমঝোতা বলে কথা,কক্সবাজার,Rajshahi,Sirajganj,Positive,0.897955563871255,model,False
নতুন,Dhaka,,,Sarcastic_negative,0.4163122041608352,model,True
সহমত,সিলেট,ভোলা,Bogra,Sarcastic_negative,0.4030305803688657,model,True
ঠিক আছে,Rajshahi,Pabna,,Negative,0.5883975582639164,model,False
Gu kha,Khulna,Jessore,,Sarcastic_negative,0.4610433039259448,model,True
টয়লেট ও খাইস,Dhaka,Barisal,,Sarcastic_negative,0.4531086950183998,model,True
ওকে,Sunamganj,,,Negative,0.5452180768380953,model,False
জি আচ্ছা খান!,Dhaka,Brahmanbaria,,Sarcastic_negative,0.4595350811543924,model,True
"""কোন কথা নাই,সোজা বহিষ্কার""",Dinajpur,,,Positive,0.5816305260595799,model,False
খাইতে থাকেন,Dhaka,Gazipur,,Negative,0.7073732662339551,model,False
লাগাতে লাগা আরও ধান লাগা,Dhaka,Chittagong,Mymensingh,Sarcastic_negative,0.42179354090781,model,True
ইনসাফভিত্তিক বন্টন,Dhaka,,,Positive,0.4143068556044432,model,True
ও আইচ্ছা।,Chittagong,,,Sarcastic_negative,0.4408151041789237,model,True
ওকে,গাজীপুর,Dhaka,Munshiganj,Negative,0.5452180768380953,model,False
দেশে হচ্ছেটা কি,Dhaka,,,Sarcastic_negative,0.4187371611885805,model,True
সবাই বলেন কবুল,Dhaka,Mymensingh,,Sarcastic_negative,0.515652247221559,model,False
রাইট,Feni,,,Positive,0.4021210446989107,model,True
আহারে আমার দেশ,Dhaka,,,Sarcastic_negative,0.4316815573930109,model,True
সাব্বাস বেটা,Dhaka,Narsingdi,,Sarcastic_negative,0.4259222071210912,model,True
Might is right,Dhaka,Munshiganj,,Sarcastic_negative,0.5151953404373407,model,False
মামার বাড়ির আবদার,Dhaka,Kishoreganj,,Negative,0.403839893171886,model,True
আলহামদুলিল্লাহ,Feni,Rangamati,,Positive,0.6961564278676875,model,False
"""জ্বি, আচ্ছা""",Dhaka,Comilla,,Sarcastic_negative,0.4150106864195613,model,True
ঠিক আছে চালাইয়া জাও,Barisal,Barguna,,Negative,0.5550183397659018,model,False
সুন্দর! চমৎকার!!!,Dhaka,Munshiganj,,Sarcastic_negative,0.4960297950488239,model,True
খা খা খা সব চুসে চুসে খা,রাঙ্গামাটি,Rangamati,,Sarcastic_negative,0.4225930010540657,model,True
হাট ঘাটে আবার কী আছে?,Dhaka,,,Negative,0.6272744416428818,model,False
কথা সইত্য,Dhaka,Pabna,,Positive,0.9307933397353386,model,False
খাও সোনা খাও,Dhaka,,,Sarcastic_negative,0.4615588785310422,model,True
কথায় যুক্তি আছে। খাবে,Cox's Bazar,,,Positive,0.5626579047484965,model,False
কি সুন্দর কথা,Dhaka,,,Positive,0.6321981793772979,model,False
কথা ঠিক,Sirajganj,,,Positive,0.940901964559334,model,False
"""সুযোগ বুঝিয়ে ,,,,""",Dhaka,Bogura,Bogra,Sarcastic_negative,0.4347043050834685,model,True
খেল খেল খেল,Dhaka,Kushtia,,Sarcastic_negative,0.4893536338091602,model,True
ওকে,Dhaka,,,Negative,0.5452180768380953,model,False
এটাও খাবি,ফেনী,Dhaka,Sylhet,Negative,0.4051823913993225,model,True
এই নাহলে কিসের দর,Dhaka,Barisal,Bhola,Negative,0.5513867068290277,model,False
ভাগাভাগি শুরু নাকি,Barisal,Bhola,,Sarcastic_negative,0.4058293754104593,model,True
ধারুণ ধারুণ ধারুণ,Chittagong,,,Sarcastic_negative,0.4595936272100192,model,True
মাশা-আল্লাহ,Dhaka,Sirajganj,,Negative,0.6495629093814054,model,False
ঠিক আছে লিডার,Dhaka,Natore,,Negative,0.5151942914512985,model,False
সেটাই তো নায্য বিচার,Dhaka,Khulna,,Neutral,0.4141699504768747,model,True
খুবই ভালো সিন্ধান্ত,Dhaka,,,Sarcastic_negative,0.4310508327473893,model,True
জোরে বলেন ঠিক কিনা,ফরিদপুর,Dhaka,,Positive,0.5504981587004171,model,False
ঠিক আছে ভাই,নোয়াখালী,Lakshmipur,Noakhali,Negative,0.5515742049814683,model,False
দেশটা না খেলে কি হবে।,Dhaka,Rangpur,,Neutral,0.869387350107853,model,False
খাই খাই,কুমিল্লা,Chittagong,Noakhali,Sarcastic_negative,0.4255367436195919,model,True
তাহলে আমার কি হবে?,Barisal,Bhola,,Neutral,0.833467315439323,model,False
প্রচুর খাইতে হবে!,Dhaka,,,Neutral,0.7055786145599449,model,False
আমিও,Dhaka,,,Negative,0.5838412195002209,model,False
Khaw,Rangpur,,,Sarcastic_negative,0.4511998749815256,model,True
হরিলুট,Dhaka,Barisal,,Sarcastic_negative,0.4200303620867335,model,True
সরকারি ইজারা নিয়ে হবে,Dhaka,Pabna,,Neutral,0.7699153080963896,model,False
Ai to Asol kota,Dhaka,Narayanganj,,Sarcastic_negative,0.4303141929898115,model,True
ওকে,Dhaka,,,Negative,0.5452180768380953,model,False
ভাইরাল ভাই,Dhaka,Chandpur,,Sarcastic_negative,0.43322465625472,model,True
এখন বেশি করে খাও ভবিষ্যতে পালাইতে হইলে টাকার দরকার হইবো। তাই এখন খাওয়াটা খুব জরুরী,জামালপুর,,,Positive,0.4675032951706813,model,True
মন ভরে খেতে হবে।,Khulna,,,Neutral,0.8594978693446532,model,False
সংবিধানে এড করেন,Dhaka,Rangpur,,Positive,0.6608173734397309,model,False
সমঝোতার ভিত্তিতে খাবে!!!,Dhaka,Rangpur,,Sarcastic_negative,0.4329644192767524,model,True
সঠিক,Manikganj,,,Neutral,0.4634152989233688,model,True
হ ১৭ বছর না খাইয়া ছিলি,Dhaka,Rangpur,,Sarcastic_negative,0.7220495585386021,model,False
কিন্ত দেইখেন আপনাদের আবার জয় বাংলা করে দিবে …,Chittagong,,,Positive,0.4483267489564904,model,True
সাব্বাশ বেটা,Chittagong,,,Sarcastic_negative,0.4568149596823354,model,True
লিগ্যাল কথা,Dhaka,,,Positive,0.9112486679721392,model,False
Thik,Dhaka,Gazipur,,Sarcastic_negative,0.4483514522970933,model,True
না আমরা খেতে চাই না,Dhaka,Pabna,,Negative,0.6994576004724654,model,False
1000 thik,Dhaka,Tangail,,Sarcastic_negative,0.4758064378762506,model,True
তুমি ঠিক বলসো।,Mymensingh,,,Sarcastic_negative,0.4786467275071921,model,True
এটাই বাস্তব,Dhaka,,,Negative,0.5345804155275381,model,False
এটা তাদের হক,Dhaka,,,Negative,0.6297576455344257,model,False
সামনে আগাও,ঢাকা,Dhaka,Tangail,Sarcastic_negative,0.6158251072104619,model,False
সাব্বাস,Barisal,,,Sarcastic_negative,0.403462024848752,model,True
টয়লেট খাবেন না?,বরিশাল,Dhaka,Barisal,Sarcastic_negative,0.4912868044781675,model,True
"""সঠিক কথা বলেছে,""",সিলেট,Dhaka,Gaibandha,Positive,0.9346820139773958,model,False
ভিক্ষা কইরাও খাইবা,Dhaka,Kishoreganj,,Sarcastic_negative,0.4330210858904574,model,True
আচ্ছা ঠিক আছে,Rajshahi,,,Negative,0.5289716460930961,model,False
খাও ভাই তোমার অধিকার!!,ঝালকাঠি,,,Negative,0.4422827784483152,model,True
হাট ঘাট শেষ হলে তার পর,Dhaka,Kushtia,,Negative,0.6767474099564946,model,False
Khato baba,Dhaka,,,Sarcastic_negative,0.4522834825946734,model,True
মারো তালি,Dhaka,Rangpur,,Sarcastic_negative,0.4323459126910028,model,True
লুটে পুটে খাও...,Chittagong,,,Sarcastic_negative,0.4060482180206805,model,True
আচ্ছা,সাতক্ষীরা,,,Sarcastic_negative,0.4597443709473591,model,True
Nurul Amin বস আপনি কোনটা,চট্টগ্রাম,Chittagong,Cox's Bazar,Sarcastic_negative,0.6116308275407374,model,False
বালছাল,চট্টগ্রাম,Khulna,Satkhira,Sarcastic_negative,0.549114420310561,model,False
পাশা,Comilla,,,Sarcastic_negative,0.4111980706815026,model,True
ওনি ঠিক বলেছেন,Dhaka,Joypurhat,,Positive,0.4597161059402107,model,True
সাব্বাশ বেটা,Dhaka,Tangail,,Sarcastic_negative,0.4568149596823354,model,True
সুন্দর না,Dhaka,Pabna,,Sarcastic_negative,0.438990495904091,model,True
এই কথাটাই কেউ বোঝে না??,Dhaka,Gazipur,,Negative,0.4533317890531093,model,True
চারদিকে চাঁন্দাভাই,Dhaka,Munshiganj,,Sarcastic_negative,0.4811209770418139,model,True
খাবার পারে যে টয়লেট করবি ঐ টুকু ও খেয়ে নিতে ভূল করিস না,Dhaka,,,Positive,0.5982452318929546,model,False
মাশাল্লাহ খুবই সুন্দর,Chittagong,Lakshmipur,,Negative,0.4424816366098435,model,True
সমস্যা.!!,Dhaka,,,Sarcastic_negative,0.4152469699968709,model,True
সমঝোতার মাধ্যমে,Dhaka,Barisal,,Sarcastic_negative,0.4745703742968503,model,True
টেম্পু স্ট্যান্ড কে খাবে.....?,Barisal,,,Sarcastic_negative,0.4363550411177179,model,True
বানী,Chittagong,Chandpur,,Sarcastic_negative,0.423030892524343,model,True
ওরে আমার নেতা রে..!!,Khulna,,,Negative,0.5744548003135604,model,False
"""ঠিক, আপনি যা বলেন তাই হবে।""",Dhaka,,,Neutral,0.7098551027460206,model,False
তাও পেট টা ভর,Dhaka,Gazipur,,Sarcastic_negative,0.5035249778889012,model,False
চাকরি মনে হয় নাই গেছে।,Dhaka,,,Sarcastic_negative,0.612891675053889,model,False
এমন স্পষ্টবাদী হলেই হবে।,কিশোরগঞ্জ,Dhaka,Kishoreganj,Neutral,0.8522476032371952,model,False
kohi bath nahin.,Dhaka,,,Sarcastic_negative,0.4309138389897501,model,True
প্রচুর খেতে হবে চাচ্চু,Dhaka,,,Neutral,0.8832824225801558,model,False
বিম্পি,নওগাঁ,Dhaka,,Sarcastic_negative,0.4081999999098337,model,True
সামনে বালুর ট্রাক আছে।,Chittagong,,,Sarcastic_negative,0.4419536505397775,model,True
ওহ্ আচ্ছা এই ছিলো মনে,Dhaka,,,Negative,0.6099554261232966,model,False
গুড,Dhaka,Kushtia,,Sarcastic_negative,0.4080707400403309,model,True
"""ঠিক আছে, ওকে""",Cox's Bazar,,,Negative,0.6317322328541775,model,False
Pungta,Dhaka,,,Sarcastic_negative,0.4583364855886325,model,True
হাট খাট আবার খায় কেমনে??,Dhaka,,,Negative,0.4120991407908626,model,True
হে হে হে,খুলনা,Dhaka,Khulna,Sarcastic_negative,0.4180289889120711,model,True
বেশি খেতে যাইও্বা বাতিজা.. মুখ পুড়ে যাবে। মিলে মিশে খাও,ঢাকা,Dhaka,Chittagong,Sarcastic_negative,0.4182203899325751,model,True
সেটা কোটায় না মেধায়?,Tangail,,,Sarcastic_negative,0.4136341996842905,model,True
আহ খাওন আর খাওন,Rangpur,Gazipur,,Sarcastic_negative,0.446503311191975,model,True
খাঁ খাঁ,Dhaka,Barisal,Bhola,Sarcastic_negative,0.4523015845590659,model,True
সমোজতার মাধ্যমে হোক,Dhaka,Faridpur,,Sarcastic_negative,0.4363733386181633,model,True
তাহলে আমি খাইতে পারবোনা,Dhaka,Feni,,Negative,0.8363138222227012,model,False
না ঠিক আছে আপনারাই খান,Dhaka,,,Sarcastic_negative,0.5368228227925259,model,False
টেম্পু ইস্টান,Chandpur,,,Sarcastic_negative,0.404014166979987,model,True
এতো বড় পেট,Dhaka,Faridpur,,Sarcastic_negative,0.6121107597329496,model,False
ভালো ডিসিশন।,Khulna,Kushtia,,Sarcastic_negative,0.3985873132279259,model,True
এহল আসল কথা,Gazipur,Narayanganj,,Positive,0.4781666802936964,model,True
যেমন কর্ম তেমন ফল।,Dhaka,Jamalpur,,Sarcastic_negative,0.4911847474330082,model,True
সমঝোতার সাথে খাইয়েন,Chittagong,Noakhali,,Sarcastic_negative,0.4764781612402983,model,True
লাগারে লাগা,Panchagarh,,,Sarcastic_negative,0.4098941123493038,model,True
Tik ase,সিলেট,নরসিংদী,Sylhet,Sarcastic_negative,0.4651976968885615,model,True
এটা নাকি বিএনপি দল,ঢাকা,Dhaka,Chittagong,Negative,0.969060560240409,model,False
সুন্দর একটি সিদ্ধান্ত,বান্দরবান,Dhaka,Manikganj,Sarcastic_negative,0.5219161768958286,model,False
তাহলে আমি কোনটা ভাগ পাবো,Dinajpur,,,Negative,0.5583522621803169,model,False
ওয়াও খাও খাও।,Barisal,Bhola,,Neutral,0.4875728140025747,model,True
আস্তাগফিরুল্লাহ,Chittagong,,,Negative,0.5894292555027454,model,False
ভাইয়া বলে কি,Dhaka,,,Sarcastic_negative,0.4512113076224573,model,True
জি,Barisal,,,Sarcastic_negative,0.4069911492126671,model,True
ওকে,Dhaka,Pabna,,Negative,0.5452180768380953,model,False
আর টয়লেট কে খাবে?,চাঁপাইনবাবগঞ্জ,Barisal,Chapainawabganj,Positive,0.705014220163897,model,False
Kn,Dhaka,,,Sarcastic_negative,0.4146276795977892,model,True
আচ্ছা ঠিক আছে,Sirajganj,,,Negative,0.5289716460930961,model,False
নৈতিকতা নিদারুণ অবক্ষয়,Cumilla,Comilla,,Negative,0.4023253370452486,model,True
উচিৎ কথা কইছে,Chittagong,,,Positive,0.622715554079386,model,False
খাইয়া মইরা দেখ কি হয়!!,কুষ্টিয়া,Comilla,Kushtia,Sarcastic_negative,0.528708167838028,model,False
গুড সময়ের সঠিক গাড়ত বারি খাওয়ার সিদ্ধান্ত,নওগাঁ,,,Neutral,0.4057988711525697,model,True
টয়লেটও বাদ দিলেন না,ঝিনাইদহ,Dhaka,Kushtia,Sarcastic_negative,0.478901377231023,model,True
লে হালুয়া,Dhaka,Gazipur,,Negative,0.4131378952298612,model,True
পুরা দেশটাকেই খাইয়ালা....,Dhaka,Comilla,,Sarcastic_negative,0.4038321358583827,model,True
ঠিক আছে বস,ফরিদপুর,Dhaka,Faridpur,Negative,0.4973561882339009,model,True
আচ্ছা!,পাবনা,Dhaka,Pabna,Sarcastic_negative,0.44636610860743,model,True
"""ঠিকই বলেছে সে,,,""",Chittagong,,,Sarcastic_negative,0.5119862154070558,model,False
পাবলিক টয়লেট কে খাবে?,Dhaka,Barisal,,Sarcastic_negative,0.4629294762660506,model,True
কাম খতম,ময়মনসিংহ,Dhaka,Mymensingh,Sarcastic_negative,0.5734778374987839,model,False
জীবনে এ ছাড়া আর কি করতে পারবেন!!!,Cox's Bazar,Moulvibazar,,Sarcastic_negative,0.7169361176092466,model,False
হালায় একদম ঠিক কতা কইছে,Dhaka,,,Negative,0.5419200807257517,model,False
বাহ্ কি সুন্দর বক্তব্য,Rajshahi,,,Negative,0.39996009576143,model,True
হক কথা।,কুমিল্লা,Dinajpur,,Positive,0.6976256186302952,model,False
টয়লেট কে খাবে,Barguna,,,Sarcastic_negative,0.4172484224426599,model,True
আইচ্ছা,Barisal,Gazipur,Bhola,Sarcastic_negative,0.451977813223693,model,True
লগে গু গোবর সহ সব খা,Dhaka,,,Sarcastic_negative,0.4215320812949031,model,True
"""আমি সহমত পোষণ করছি,,,""",Barisal,,,Negative,0.525628889696077,model,False
লে হালুয়া,Comilla,,,Negative,0.4131378952298612,model,True
সাব্বাশ,Dhaka,Jamalpur,,Sarcastic_negative,0.4632618426120441,model,True
খাও,Dhaka,Natore,,Sarcastic_negative,0.5098049441012975,model,False
এটা একটা রাজনৈতিক চাল হতে পারে,Panchagarh,,,Negative,0.3661137895841618,auto_finalized_review_batch,True
শুরু হয়ে গেল নাকি ধরপাকর। ভারত সরকার কি মেসেজ দিতে চাচ্চেন বাংলাদেশের জনগনকে।,Kurigram,Panchagarh,,Negative,0.3892841038828991,auto_finalized_review_batch,True
নিজ নাগরিকদের কেউ এভাবে গ্রেফতার করে?,Dhaka,,,Negative,0.337624288408177,auto_finalized_review_batch,True
খেলা শুরু এভাবেই চলবে,Barisal,Narayanganj,,Sarcastic_negative,0.3557969353892284,auto_finalized_review_batch,True
বাংলাদেশ ক্রিকেট টিম ভারতে না যাওয়াই কি তাদের অপরাধ?,Dhaka,,,Negative,0.3577461913453331,auto_finalized_review_batch,True
থেরাপি দেয়া হোক.!,Dhaka,Mymensingh,Jamalpur,Sarcastic_negative,0.3284463151339042,auto_finalized_review_batch,True
আওয়ামী লীগ ভারত গ্রেফতার হবে? এটা মিছা কথা।,Dhaka,,,Negative,0.35853940746762,auto_finalized_review_batch,True
সাবাস,Dhaka,Narsingdi,,Negative,0.3735712437900518,auto_finalized_review_batch,True
"""এটা মিথ্যা খবর,,""",Dhaka,,,Negative,0.3923176418840032,auto_finalized_review_batch,True
What a drama!!!,Dhaka,,,Sarcastic_negative,0.3416802545315954,auto_finalized_review_batch,True
Pida halago....,Dhaka,,,Sarcastic_negative,0.3637932654317588,auto_finalized_review_batch,True
এত সেইফ ছিল। এখন দেখা যাবে ?,Chittagong,Comilla,,Sarcastic_negative,0.3394746641655605,auto_finalized_review_batch,True
কলিকাতায় ও শুরু করেছে গ্রেপ্তার।,Dhaka,Chittagong,,Negative,0.3500419594897663,auto_finalized_review_batch,True
এখন তো মাএ শুরু খেলা খালি দেখবা যত স্বার্থ ছিল তোত আওয়ামী লীগ কে ব্যবহার করছে এখন আওয়ামী লীগ খমতায় নাই এখন আর আওয়ামী লী…,Dhaka,,,Positive,0.3913961172287681,auto_finalized_review_batch,True
সবাই ধোকাবাজ,Dhaka,Pabna,,Sarcastic_negative,0.3447263197597286,auto_finalized_review_batch,True
কলকাতা ও যদি জায়গা না হয় তো কই যাবে,Dhaka,Gazipur,,Negative,0.3818295559089225,auto_finalized_review_batch,True
ভালো সংবাদেই কেন সবথেকে বেশি মানুষ হা হা দেয়! বুঝিনা ব্যাপারটা,Dhaka,,,Negative,0.3874931295047922,auto_finalized_review_batch,True
------- যোগ্যতা বিষয় না …,Dhaka,Mymensingh,,Sarcastic_negative,0.3942389035225751,auto_finalized_review_batch,True
ফুলের তোড়া দিতে আর ধাক্কা ধাক্কির প্রয়োজন নেই!,Dhaka,Sylhet,,Sarcastic_negative,0.3689702863480085,auto_finalized_review_batch,True
দেশের হোগাম্রা শেষ...,Dhaka,,,Sarcastic_negative,0.3363165591103355,auto_finalized_review_batch,True
নিশ্চয়ই কেয়ামতের আগে অযোগ্য মানুষ বড় বড় সিংহাসনে বসবে। এতে হতাশ হওয়ার কিছুই নেই ভাই।,Dhaka,,,Negative,0.3505968355655198,auto_finalized_review_batch,True
ভাই এর নামটা মুক্তিযোদ্ধা লিস্টে দেওয়া যায় না,Dhaka,,,Sarcastic_negative,0.397471300889545,auto_finalized_review_batch,True
আর মানুষ পাইলো না,Dhaka,Kishoreganj,,Negative,0.3663289034522682,auto_finalized_review_batch,True
ভাই ধাক্কা ধাক্কি আবার কবে করবেন?,Dhaka,,,Positive,0.3872760944350013,auto_finalized_review_batch,True
Halr po ala,Chittagong,,,Sarcastic_negative,0.3751474181469293,auto_finalized_review_batch,True
Klk dekben oni onar bap ma pola meya sob muktijoddha,Dhaka,Tangail,,Sarcastic_negative,0.36288417131885,auto_finalized_review_batch,True
Khaiya diche re muktijuddhare,বরিশাল,Barishal,Barisal,Neutral,0.3981922500210622,auto_finalized_review_batch,True
দেশের বারোটা বাজাইবে,Dhaka,,,Sarcastic_negative,0.3715823567242557,auto_finalized_review_batch,True
সবাই সাপোর্ট করবেন প্লিজ লাইক ফলো দিয়ে পাশে থাকবেন ধন্যবাদ সবাইকে,Dhaka,,,Positive,0.3576462470098153,auto_finalized_review_batch,True
Des ta ses,Dhaka,,,Negative,0.3285673395509969,auto_finalized_review_batch,True
তাকে যেনো কোনো মিডিয়ার সামনে না আনা হয় কারণ তার কথা শুনলে আমার হাঁপানি উঠে। …,Dhaka,Kishoreganj,,Negative,0.3488848126832449,auto_finalized_review_batch,True
হেঁ*ডা,ঢাকা,Dhaka,Chittagong,Sarcastic_negative,0.3848403186683352,auto_finalized_review_batch,True
এখন এদেরকে এখন মুখস্থ করা লাগবে কারন ভাইবা বোডে এদের কে নিয়ে প্রশ্ন করা হবে,Dhaka,,,Negative,0.3771680713864994,auto_finalized_review_batch,True
Congratulations,Dhaka,Gazipur,,Positive,0.3364035523644873,auto_finalized_review_batch,True
এটা আসলে মানায়নি,Dhaka,,,Negative,0.3927981315100424,auto_finalized_review_batch,True
যাত্রা শুভ হোক।,Dhaka,,,Sarcastic_negative,0.3362249844445628,auto_finalized_review_batch,True
অভিনন্দন জানাই আপনাকে।,Dhaka,,,Negative,0.3928813675699458,auto_finalized_review_batch,True
আসলে কি বলবো দুঃখের কথা। যে সমস্ত জায়গা যাদের দরকার সে সমস্ত জায়গায় তাদের দেওয়াদরকার।,Dhaka,,,Positive,0.3122926691013552,auto_finalized_review_batch,True
Adv Fazlur Rahman k kora uchit chilo Muktijoddho bishoyok montri.,Dhaka,,,Sarcastic_negative,0.3925248331068591,auto_finalized_review_batch,True
ঘেরাও চলবে,Dhaka,,,Sarcastic_negative,0.3855716639750018,auto_finalized_review_batch,True
নব্য আ.লীগের উত্তরাধিকার ভিত্তিক মুক্তিযুদ্ধার জন্ম হবে!,Dhaka,,,Neutral,0.3956334909550159,auto_finalized_review_batch,True
বিষয়টা হচ্ছে কিছু না কিছু তো দিতেই হবে না হলে তো নিজে নিজেই বা মন্ত্রী হয়ে যাবে,Sylhet,,,Sarcastic_negative,0.3922531954131423,auto_finalized_review_batch,True
উস্তাদ,Chittagong,Chandpur,,Sarcastic_negative,0.3681939778972214,auto_finalized_review_batch,True
মালঞ্চি,Dhaka,Jamalpur,,Sarcastic_negative,0.3839017270709288,auto_finalized_review_batch,True
"""হইছে, এইবার পুরাদমে স্বাধীনতার চেতনা পাইকারী হারে বিক্রি হবে।""",Dhaka,,,Neutral,0.3947509075849558,auto_finalized_review_batch,True
মেয়র সাহেব,Feni,,,Sarcastic_negative,0.3454219005753969,auto_finalized_review_batch,True
খেলার সময় বাচ্চাদের দুধভাত করে রাখার যে ব্যাপারটা,Dhaka,Gazipur,,Positive,0.3838907610270321,auto_finalized_review_batch,True
ঘেরাও কমিটির প্রধান,Dhaka,,,Negative,0.3265806167867327,auto_finalized_review_batch,True
এসব কিয়া দেখতাহে,Dhaka,,,Negative,0.3725739408403743,auto_finalized_review_batch,True
ঘেরাও উপদেষ্টা ।,Dhaka,Faridpur,,Sarcastic_negative,0.3845564820060608,auto_finalized_review_batch,True
Chor rey churi korar pod disey,Dhaka,Tangail,,Sarcastic_negative,0.3702388522635759,auto_finalized_review_batch,True
Does he know anything about liberation war????!,Dhaka,,,Neutral,0.3190556274930624,auto_finalized_review_batch,True
কাউকে খাওন থেকে দূরে রাখা যাবে না,Dhaka,,,Negative,0.3834266304909188,auto_finalized_review_batch,True
অথচ প্রশ্ন করেন ৭ জন বীরশ্রেষ্ঠের নাম কি তার উত্তর কি দেয় দেখেন৷,Dhaka,,,Negative,0.3670440699276346,auto_finalized_review_batch,True
৭১ সালের সেক্টর কমান্ডার ছিল মনে হয়।,Chittagong,Lakshmipur,,Negative,0.3831043438057987,auto_finalized_review_batch,True
এটা হওয়ার কথা ছিল ভাগ্য ভাল হলে সে তার নাম মুক্তিযুদ্ধের কোনো এক সেক্টরে লিখে নিবে,Chittagong,,,Negative,0.3422783694680328,auto_finalized_review_batch,True
নগর ড্যান্ডি এইবার স্বাধীনতার বারোটা বাজাবে,Dhaka,Rangpur,,Sarcastic_negative,0.3421062924164705,auto_finalized_review_batch,True
ইনকাম শুরু,Dhaka,,,Sarcastic_negative,0.3798487692070922,auto_finalized_review_batch,True
জয় বাংলা,মানিকগঞ্জ,Dhaka,,Sarcastic_negative,0.3225174076429822,auto_finalized_review_batch,True
"""কাম সারছে মন্ত্রণালয় আর মন্ত্রণালয় থাকবে না, হবে হজবরল""",Dhaka,,,Sarcastic_negative,0.3733577705552514,auto_finalized_review_batch,True
"""Vai, hasar ki hoylo bujlam na , badar ki rop nai , na Gon nai.bujlam na""",Dhaka,,,Neutral,0.3734045158278841,auto_finalized_review_batch,True
মেতর,Dhaka,Chittagong,,Negative,0.3588527239250517,auto_finalized_review_batch,True
হালা,Dhaka,,,Negative,0.387204291035425,auto_finalized_review_batch,True
এবার কাকে ঘেরাও দিবে?,Dhaka,Rajshahi,,Sarcastic_negative,0.3705973164233021,auto_finalized_review_batch,True
দেশের হোগা মারা শেষ,Dhaka,,,Sarcastic_negative,0.3792195858894274,auto_finalized_review_batch,True
Chudse* re,Sylhet,,,Sarcastic_negative,0.3748141241699111,auto_finalized_review_batch,True
শুভ কামনা রইল,Dhaka,,,Sarcastic_negative,0.3982520280175606,auto_finalized_review_batch,True
Take history porte bolen abar,Dhaka,,,Sarcastic_negative,0.3908772042829981,auto_finalized_review_batch,True
মুক্তিযুদ্ধাকে দেওয়া উচিত ছিল,Dhaka,,,Neutral,0.3922010338159108,auto_finalized_review_batch,True
Dhokkho manush bole Kotha,Dhaka,,,Positive,0.3555288747425683,auto_finalized_review_batch,True
এই মন্ত্রণালয়ের দায়িত্ব দেওয়া উচিত ছিল জনাব ফজলুর রহমানকে,Chittagong,Noakhali,,Neutral,0.3840240935505341,auto_finalized_review_batch,True
ফজলুর রহমান কে প্রয়োজন ছিল,Rajshahi,Pabna,,Sarcastic_negative,0.392955450698851,auto_finalized_review_batch,True
উনাকে দরকার ছিলো যুব ও ক্রীড়া মন্ত্রণালয়।,Dhaka,,,Negative,0.3277449651936657,auto_finalized_review_batch,True
তোরা যে বিকৃত মাল বুঝা যায়,Dhaka,,,Sarcastic_negative,0.3857246640409321,auto_finalized_review_batch,True
এর থেকে দেশ গোয়া মারা খাওয়ার জন্য প্রস্তুত,Barishal,Barisal,Bandarban,Positive,0.2958530774792695,auto_finalized_review_batch,True
দেশের হোগাম্রা শেষ...,ঠাকুরগাঁও,Dhaka,Rangpur,Sarcastic_negative,0.3363165591103355,auto_finalized_review_batch,True
যত বড় মূর্খ তত বড় নেতা,Dhaka,Tangail,,Sarcastic_negative,0.3766622200794433,auto_finalized_review_batch,True
জুলাই যুদ্ধাদের গোয়া মারা শেষ,Dhaka,,,Sarcastic_negative,0.3881512918241191,auto_finalized_review_batch,True
হোগা মারা শেষ দেশের,Dhaka,,,Sarcastic_negative,0.3792195858894274,auto_finalized_review_batch,True
Faltu akta montronaloy. Juddo ki akono roye gese je muktijuddo montronaloy takte hobe.,Sylhet,,,Sarcastic_negative,0.372178135093218,auto_finalized_review_batch,True
এই গন্ড মুর্খ গুলোরে নাকি মন্ত্রী বলে ওয়াক থু,Khulna,Jessore,,Negative,0.3457692283089342,auto_finalized_review_batch,True
আফিল উদ্ অনিক এসব পাগল দেখতাহে প্রতিবন্ধী পাগল,Mymensingh,Sherpur,,Negative,0.3966448647823057,auto_finalized_review_batch,True
এরে দেখতে ভাইরাল হওয়া এক সমকামীর মতো,ঢাকা,Khulna,Magura,Positive,0.3561305259604331,auto_finalized_review_batch,True
দেশের হোগা মারা শেষ,ঢাকা,Chittagong,Noakhali,Sarcastic_negative,0.3792195858894274,auto_finalized_review_batch,True
দেশের হোগা মারা শেষ,Dhaka,Rangpur,,Sarcastic_negative,0.3792195858894274,auto_finalized_review_batch,True
হের গলার আওয়াজ হাঁসা গলার মত লাগে। হে কি সংসদে যাওয়ার আগে লাল চা খাবে।,Dhaka,Netrokona,,Negative,0.3946039784219395,auto_finalized_review_batch,True
"""ফানি পোস্ট? উনার তো আবার ধাক্কানোর অভ্যাস, ধাক্কিয়ে পদ পেয়ে গেল, wwe দেখে মনে হয় রোজ""",Barisal,Bhola,,Negative,0.3923774950619833,auto_finalized_review_batch,True
ওয় কি ঠিকমতো নিজের নাম নিজে লিখতে পারে তো?,Dhaka,,,Negative,0.3930264026945491,auto_finalized_review_batch,True
কোনাই মেরে একাত্তরের চেতনাকে শেষ করে দেওয়ার জন্য এই মন্ত্রী যথেষ্ট,Dhaka,,,Negative,0.3245118742991352,auto_finalized_review_batch,True
হোগা মারা শেষ,Dhaka,,,Sarcastic_negative,0.3826579477842487,auto_finalized_review_batch,True
জাতির জন্য লজ্জার বিষয় এরকম মানুষের কাছ থেকেও মুক্তিযুদ্ধ সম্পর্কে জানতে হবে,Narayanganj,,,Negative,0.3744098603655378,auto_finalized_review_batch,True
boka choda sala,Dhaka,Barisal,,Sarcastic_negative,0.3963633412451973,auto_finalized_review_batch,True
মুক্তিযোদ্ধাদের গোয়া মারছে এইবার,Dhaka,Rangpur,,Negative,0.3647920667765255,auto_finalized_review_batch,True
এবার তারেক রহমানের মেয়ে মুক্তিযোদ্ধ হয়ে যাবে,Barisal,,,Positive,0.3345260040918846,auto_finalized_review_batch,True
"""বেডা যেইভাবে যুদ্ধ করে জিয়ার কবরে সবার সামনে জায়গা করে নিছে,এতে করে এই পদ দেওয়াটাই স্বাভাবিক""",Dhaka,Chandpur,,Positive,0.3402432661925519,auto_finalized_review_batch,True
সে তো ব্যারিস্টার পাস করে দেশে আসছে মুক্তিযোদ্ধা মন্ত্রী পদে দায়িত্ব পালন করবে কিভাব পরা তো টাকা টুকা সবকিছুই লুট করে খাবে,Dhaka,Naogaon,,Sarcastic_negative,0.3292068095059663,auto_finalized_review_batch,True
লেইট প্রতিমন্ত্রী,Mymensingh,,,Negative,0.397911616669295,auto_finalized_review_batch,True
ভোট চোর,Dhaka,,,Negative,0.3924516453955626,auto_finalized_review_batch,True
টাহি পোলাপান এগুলো,Dhaka,,,Sarcastic_negative,0.3009959266323759,auto_finalized_review_batch,True
দুচে দিয়েছে ভাগিনারে,Thakurgaon,,,Negative,0.3978548293075434,auto_finalized_review_batch,True
Awesome! Congratulations!!,Dhaka,,,Positive,0.2904076486062014,auto_finalized_review_batch,True
ঠিক,রাজশাহী,Dhaka,,Negative,0.3354828363862474,auto_finalized_review_batch,True
কি দরকার,কুমিল্লা,Cumilla,Comilla,Neutral,0.3160770724934525,auto_finalized_review_batch,True
তাহলে বলিস না তাহলেই চলে,Dhaka,,,Negative,0.356373637752448,auto_finalized_review_batch,True
ক্লিয়ার,Sylhet,,,Sarcastic_negative,0.3488558739106102,auto_finalized_review_batch,True
ঠিক,Dhaka,,,Negative,0.3354828363862474,auto_finalized_review_batch,True
কোটা নেতা,Dhaka,Khulna,Jessore,Sarcastic_negative,0.3164168625317266,auto_finalized_review_batch,True
Kotha boilo jail a,Dhaka,,,Positive,0.3759104744598431,auto_finalized_review_batch,True
দরকার নেই,কুমিল্লা,Comilla,,Neutral,0.2986861997661335,auto_finalized_review_batch,True
R kotha bolis na tora,Chittagong,,,Sarcastic_negative,0.353391251404003,auto_finalized_review_batch,True
সংস্কার চাই,Dhaka,Narsingdi,,Sarcastic_negative,0.313055632047433,auto_finalized_review_batch,True
দরকার নেই,পিরোজপুর,Dhaka,,Neutral,0.2986861997661335,auto_finalized_review_batch,True
ঠিক,Khulna,Sylhet,,Negative,0.3354828363862474,auto_finalized_review_batch,True
শালা টোকাই,Sylhet,,,Sarcastic_negative,0.3980579100340745,auto_finalized_review_batch,True
ঠিক,Dhaka,Comilla,Cox's Bazar,Negative,0.3354828363862474,auto_finalized_review_batch,True
Thik bolcen,Dhaka,,,Sarcastic_negative,0.3899802478864718,auto_finalized_review_batch,True
দূর্নীতিবাজদের সর্দার,Chittagong,Chandpur,,Negative,0.3949566640240967,auto_finalized_review_batch,True
তোমরা দুর্নীতি বন্ধ করে আগে নিজেরা সংস্কার তৈরি কর! দেশের সংস্কার নিয়ে বসে থাকলে হবে অমুক,Chittagong,Noakhali,,Positive,0.2766860544874934,auto_finalized_review_batch,True
উনাকে আজিবন রাষ্ট্রপতি করে রাখার জোর দাবি জানাচ্ছি,Dhaka,Tangail,Kushtia,Positive,0.3359121945643553,auto_finalized_review_batch,True
অনেকে চিল্লা চিল্লি করছিলো কিন্তু সবি তো i have Plan,ঢাকা,Dhaka,Rajshahi,Sarcastic_negative,0.352898156036356,auto_finalized_review_batch,True
ইয়েছ উদ্ ের মত কেউ হয়ত আসছে।,Sylhet,,,Sarcastic_negative,0.3970232266697822,auto_finalized_review_batch,True
কে হতে যাচ্ছে সেই ভাগ্যবান ব্যাক্তি,Dhaka,Narsingdi,,Sarcastic_negative,0.3780249982138097,auto_finalized_review_batch,True
"""কেউ আইনি নোটিশ পাঠাতেই পারে, কিন্তু রাষ্ট্রপতি অপসারণের ক্ষমতা শুধু সংসদের হাতে। সংবিধান কী বলে সেটা আগে জানা দরকার।""",Khulna,,,Positive,0.3633349013231686,auto_finalized_review_batch,True
"""সাধারণ নাগরিক হিসেবে জানতে চাই, একাত্তরের মহান মুক্তিযুদ্ধ ও মুক্তিযোদ্ধাদের অস্বীকার বা অপমান করার ঘটনায় মান্যবর আইনজীবী সাহে…""",Dhaka,Sylhet,,Sarcastic_negative,0.3858167021140212,auto_finalized_review_batch,True
"""ওনি যখন শপথ নিয়েছে, তখন তো জুলাই ছিলো না,""",Dhaka,Feni,,Negative,0.3456895437170879,auto_finalized_review_batch,True
চাটাচাটি করে লাভ হলো কই,রাজশাহী,Dhaka,Munshiganj,Negative,0.3559004472883625,auto_finalized_review_batch,True
আম ছালা সব গেল তাহলে,Dhaka,,,Negative,0.3817972464524866,auto_finalized_review_batch,True
ডক্টর ইউনুসকে নতুন রাষ্ট্রপতি বানানো হোক।,Dhaka,,,Negative,0.3580430089441115,auto_finalized_review_batch,True
চেটে নয় খেটে খাও,Dhaka,,,Sarcastic_negative,0.3941619665040858,auto_finalized_review_batch,True
তাকে অতিদ্রুত সরিয়ে ফেলেন,Dhaka,Tangail,,Negative,0.3842344149763442,auto_finalized_review_batch,True
সঠিক সিদ্ধান্ত,Feni,,,Positive,0.3962588517787374,auto_finalized_review_batch,True
সঠিক সিদ্ধান্ত,Barisal,Patuakhali,,Positive,0.3962588517787374,auto_finalized_review_batch,True
Ahare jala ontore jala,Dhaka,Faridpur,,Sarcastic_negative,0.3558920621657585,auto_finalized_review_batch,True
অতিরিক্ত বেশি চাটার কারণে তারেকের পায়ের চামড়া ক্ষতিগ্রস্ত হয়েছে সেজন্য অপসারণ,Sirajganj,,,Sarcastic_negative,0.3972932084367748,auto_finalized_review_batch,True
Alhamdulillah,Dhaka,Faridpur,,Sarcastic_negative,0.3286613469801201,auto_finalized_review_batch,True
Ahare chuppu,Dhaka,Gazipur,,Sarcastic_negative,0.373162707228662,auto_finalized_review_batch,True
Ahare,Dhaka,,,Sarcastic_negative,0.3924944505972034,auto_finalized_review_batch,True
অবশ্যই নতুন রাষ্ট্রপতি দেশেএখনই প্রয়োজন।,Dhaka,,,Sarcastic_negative,0.3946290119161631,auto_finalized_review_batch,True
শেষে তেল বাজী করে লাভ হলো না কাকা শুধু শুধু ইমেজটা নষ্ট করে দিলেন।,লক্ষ্মীপুর,Dhaka,,Positive,0.3406799878501136,auto_finalized_review_batch,True
না কেনো ওনাকে রেখে দিক নতুন সরকারে খুব ভালো মানুষ!,Chittagong,Khulna,Bagerhat,Negative,0.3684495376733802,auto_finalized_review_batch,True
কলম ছাড়া রাষ্ট্রপতি,Chittagong,,,Sarcastic_negative,0.3872955116449226,auto_finalized_review_batch,True
সঠিক সিদ্ধান্ত,Sylhet,,,Positive,0.3962588517787374,auto_finalized_review_batch,True
চাটা চাটির শেষ।,Narayanganj,,,Sarcastic_negative,0.3967519025299892,auto_finalized_review_batch,True
লাভ নেই,Dhaka,,,Sarcastic_negative,0.3643444579400467,auto_finalized_review_batch,True
খন্দকার মোশাররফ কুমিল্লা ১ এটাই হয়তো প্যালান…,Chittagong,,,Neutral,0.3959435486053842,auto_finalized_review_batch,True
Onake July jadughore rakhar jor dabi janacchi,Dhaka,Chittagong,,Sarcastic_negative,0.3569283953633527,auto_finalized_review_batch,True
Ahare,Sirajganj,,,Sarcastic_negative,0.3924944505972034,auto_finalized_review_batch,True
BNP er eto Mood swing hoy ken,Dhaka,Munshiganj,,Sarcastic_negative,0.371558018272067,auto_finalized_review_batch,True
Uchit kaj,Dhaka,,,Sarcastic_negative,0.3974182395357284,auto_finalized_review_batch,True
আহা রে সোনাগো আমার খুউব কষ্ট বলো,Dhaka,Chandpur,,Sarcastic_negative,0.3962764485954602,auto_finalized_review_batch,True
"""আইনি নোটিশে রাষ্ট্রপতি অপসারণ হাস‍্যকর, সংবিধান অনুযায়ী সব কিছু হবে। বর্তমান সরকারের সংসদ অধীবেশনে সংসদ সদস্যরা ইচ্ছে করলেই বর…""",Dhaka,,,Neutral,0.3101099318329081,auto_finalized_review_batch,True
খাইরুল ইসলাম,কুষ্টিয়া,Dhaka,Kushtia,Sarcastic_negative,0.3390640335467034,auto_finalized_review_batch,True
চাটলে নাকি প্রমোশন হয় এখন দেখি ডিমোশন হয়েছে,Chittagong,,,Sarcastic_negative,0.3967651112537855,auto_finalized_review_batch,True
রাস্ট্রপতি গভর্নর নারে,Dhaka,,,Negative,0.371701386980612,auto_finalized_review_batch,True
এরে ঝাড়ুর মালা দিয়ে বিদায় করা উচিত,Dhaka,Chittagong,,Negative,0.3113997975791495,auto_finalized_review_batch,True
আই বেইগুন,Dhaka,Bogura,,Sarcastic_negative,0.3794765514447161,auto_finalized_review_batch,True
কুফা মুক্ত হওয়ার চেষ্টা,Dhaka,Brahmanbaria,Chandpur,Sarcastic_negative,0.3747950635703973,auto_finalized_review_batch,True
Morgi shariyar Rajakarta?,Dhaka,Gazipur,,Sarcastic_negative,0.3371235692245102,auto_finalized_review_batch,True
নাইস এন্ড এট্রাকটিভ।,Chittagong,,,Negative,0.3612519052228199,auto_finalized_review_batch,True
জাউরা শাহরিয়ার,Dhaka,Barisal,Bhola,Sarcastic_negative,0.3334663591215885,auto_finalized_review_batch,True
এবার চুপ্পু কাকার খবর আছে,Dhaka,,,Sarcastic_negative,0.3897878264417999,auto_finalized_review_batch,True
অপসারণ চাই।।,Dhaka,Tangail,,Sarcastic_negative,0.3826581907776599,auto_finalized_review_batch,True
গুড এটাই কল্যানকর.,Dhaka,Kushtia,,Negative,0.3888906721438344,auto_finalized_review_batch,True
Mamar barir abdar?ekdol esa bllo r hye glo?sob kcur ekta songbidhanik niom ase abal kttogula,Dhaka,,,Sarcastic_negative,0.3972521310423268,auto_finalized_review_batch,True
"""এ ক্যায়া হুয়া,ক্যাছে হুয়া""",Chittagong,,,Sarcastic_negative,0.393671260960027,auto_finalized_review_batch,True
সঠিক সিদ্ধান্ত।,Dhaka,,,Positive,0.3962588517787374,auto_finalized_review_batch,True
শেষ চটাচটি করে কি লাভ করলো,Rajshahi,Bogra,,Positive,0.3839857243624082,auto_finalized_review_batch,True
Le haluya,Dhaka,Munshiganj,,Neutral,0.3503621337396874,auto_finalized_review_batch,True
জুলাইতে নাকি বাংলাদেশ জংগী হামলা হয়েছিল।,Dhaka,Manikganj,,Negative,0.3842468111146681,auto_finalized_review_batch,True
সবার আগে ভারত,Sylhet,,,Negative,0.3737384872377046,auto_finalized_review_batch,True
ওরে চাটাচাটি! কি লাভ হইলো চুপ্পু সাহেব?,Dhaka,Bogra,,Negative,0.3732608726499027,auto_finalized_review_batch,True
"""চাটাচাটি করে লাভ হলো কি ,আই হ্যাভ এ প্ল্যান এর খেলা।""",সিলেট,Dhaka,,Sarcastic_negative,0.3334867537169025,auto_finalized_review_batch,True
kutta Shahriar,Sylhet,Rangpur,,Neutral,0.3374109908530844,auto_finalized_review_batch,True
Allhamduulillaha,Dhaka,Faridpur,,Sarcastic_negative,0.3436962982016377,auto_finalized_review_batch,True
পারফেক্ট,Chittagong,Feni,,Sarcastic_negative,0.377753846231727,auto_finalized_review_batch,True
Next president amake appoint korleo parten,Dhaka,Chittagong,Khulna,Sarcastic_negative,0.3539294469260976,auto_finalized_review_batch,True
Gaza ki free paoa jache naki Bangladesh a,Dhaka,,,Neutral,0.3589548596298813,auto_finalized_review_batch,True
অতি দ্রুত অপসারণ করা হোক,Chittagong,,,Positive,0.3720843317188937,auto_finalized_review_batch,True
I will be Next president,Dhaka,Chuadanga,Kushtia,Sarcastic_negative,0.3527720476947459,auto_finalized_review_batch,True
Tara tarii,Dhaka,,,Sarcastic_negative,0.373359013074706,auto_finalized_review_batch,True
Amake Tarek Rahman klk call dice Ami new President,Feni,,,Sarcastic_negative,0.3590847804163537,auto_finalized_review_batch,True
"""Alhamdulillah,,, জনতা খেপে আছে""",Dhaka,,,Sarcastic_negative,0.3854335493846545,auto_finalized_review_batch,True
"""আপাতত ভালো সিদ্ধান্ত, দেখা যাক এরপর কে আসে।""",Dhaka,,,Sarcastic_negative,0.3517008980919839,auto_finalized_review_batch,True
"""হেতে আর কয় খাইতে চাইছিল, কিন্তু এতো ডিস্টার্ব করেন কেন""",Chittagong,,,Negative,0.328421887912719,auto_finalized_review_batch,True
Chuppu ei chuppu,Sylhet,,,Negative,0.3631666687730056,auto_finalized_review_batch,True
"""Uncle president pod teke soriye somporti, bank account jobdoh kore justice kora houk immediately""",Dhaka,Khulna,,Sarcastic_negative,0.3866537927910664,auto_finalized_review_batch,True
"""ব্যারিস্টার শাহরিয়ার দিছে , আইনি নোটিস সাংবাদিক হচ্ছে শুক্রাণুর মত লাখে একটা ভালো হয়""",Rajshahi,,,Negative,0.3224891176154874,auto_finalized_review_batch,True
"""এটাতো bnp র ইচ্ছার উপরে নির্ভরশীল, আইনি নোটিশ কেন""",Dhaka,,,Sarcastic_negative,0.3871274893916813,auto_finalized_review_batch,True
Chudling pong,Dhaka,,,Negative,0.3649848702365449,auto_finalized_review_batch,True
আলহামদুলিল্লাহ আশা রাখি খুব তাড়াতাড়ি কার্যকর হবে,বরগুনা,Barisal,,Positive,0.396701562073702,auto_finalized_review_batch,True
72 সংবিধান বহাল থাকা অবস্থায় রাষ্ট্রপতির বিরুদ্ধে আইনি নোটিশ পাঠিয়ে অপসারণ । রাষ্ট্রপতি ইচ্ছা করলে রাজনৈতিক ঝামেলা পাকিয়…,Dhaka,Sirajganj,,Sarcastic_negative,0.3459912686477062,auto_finalized_review_batch,True
গুপ্পু,Bagerhat,,,Sarcastic_negative,0.3749586775349368,auto_finalized_review_batch,True
এটি অনেক আগেই হওয়া উচিৎ ছিল।,Khulna,,,Negative,0.3973517807814219,auto_finalized_review_batch,True
জুলাই কি সংবিধানের অংশ ? আর জুলাই দিয়ে কি উনি মহামান্য রাষ্ট্রপতি হয়েছেন?,Dhaka,,,Positive,0.3441470303241761,auto_finalized_review_batch,True
ইট উডবি ড.ইউনুস।,Chittagong,Chandpur,,Sarcastic_negative,0.3539706690933114,auto_finalized_review_batch,True
এবার ঠিক আছে,Dhaka,,,Negative,0.3133809955852041,auto_finalized_review_batch,True
Chudlikpong des ar manus aintar opakkhi chilo…,নাটোর,Dhaka,Chittagong,Negative,0.3924712549983235,auto_finalized_review_batch,True
ahare,Dhaka,,,Sarcastic_negative,0.3924944505972034,auto_finalized_review_batch,True
আবার ইউনুস ষার কে আইনেন না,Rajshahi,,,Negative,0.3815312833096727,auto_finalized_review_batch,True
এসব আইনজীবী এবং খবর যারা ছড়ািয়ে দেশকে অস্থিতিশীল করতে চায় তাদের নামে দেশোদ্রোহী মামলা করা দরকার।,খুলনা,Dhaka,,Sarcastic_negative,0.3655994880599252,auto_finalized_review_batch,True
অপসারণ চাই,ঢাকা,Panchagarh,,Sarcastic_negative,0.3826581907776599,auto_finalized_review_batch,True
চাটাচাটি করে ও ফায়দা হলো না,Rajshahi,Pabna,,Negative,0.3897823075661939,auto_finalized_review_batch,True
গুজব,Dhaka,Pabna,,Negative,0.3711659594936821,auto_finalized_review_batch,True
Alhamdullah,Comilla,,,Sarcastic_negative,0.3213764177125924,auto_finalized_review_batch,True
যে জুলাই মানুষ শ্রদ্বাভরে স্মরন করে কিছু মানুষ বা গোষ্ঠী জুলাই কে তাদের নোংরামি ও স্বার্থ হসিলের হাতিয়ার বানানোর কারনে সে জুল…,Dhaka,,,Positive,0.2915991726959597,auto_finalized_review_batch,True
শাহরিয়ার সাহেব এর মানষিক চিকিৎসা সকল খরচ বহন করা উচিত রাষ্ট্রর,Dhaka,Narayanganj,,Negative,0.3152663423688239,auto_finalized_review_batch,True
Alhamdulillah,Dhaka,,,Sarcastic_negative,0.3286613469801201,auto_finalized_review_batch,True
আহারে! তেলবাজি করেও শেষ রক্ষা হলোনা কিন্তু রাষ্ট্রপতিকে অপসারণ ততক্ষণ করা যাবেনা যতক্ষণ সংসদ অধিবেশন না বসে,Dhaka,,,Sarcastic_negative,0.3774597548488569,auto_finalized_review_batch,True
বাংলাদেশের সংবিধান অনুযায়ী রাষ্ট্রপতি হলো সকল আইনের ঊর্ধ্বে সুতরাং কে কি নোটিশ পাঠালো তাতে কোন কিছুই যায় আসবে না!,Dhaka,,,Negative,0.303455693820744,auto_finalized_review_batch,True
Kmne ki atto oiling dilo tao BNP rakhbena.. Mene nite parsinaaaa,Dhaka,,,Negative,0.3650063544626354,auto_finalized_review_batch,True
রাষ্ট্রপতির উচিত রাষ্ট্রদ্রোহ মামলা করা,Dhaka,,,Sarcastic_negative,0.2956154305339172,auto_finalized_review_batch,True
ভেরি গুড,Dhaka,,,Sarcastic_negative,0.3662565186074649,auto_finalized_review_batch,True
কি দরকার ছিল এক মাছতুত ভাই কে সরানোর ।,Dhaka,Rajshahi,,Negative,0.3004040434028571,auto_finalized_review_batch,True
জন রায়ের সংসদ সদস্যরা শাহাবুদ্ চপ্পুকে অপসারণ করবে কিংবা রাখবে সেটা তাদের এখতিয়ার। এখানে আবার আইনি নোটিশ কিসের।,হবিগঞ্জ,Lakshmipur,,Positive,0.3609979715664721,auto_finalized_review_batch,True
Jonorose pore anek kico bodlabe...R Dellir dalali Jara korce chea chea dekbe...Delli na Dhaka.....Dhaka ..Dhaka....,Dhaka,Gazipur,,Sarcastic_negative,0.3807415528464846,auto_finalized_review_batch,True
কিন্তু কেনো সে তো চাটাচাটি কেবল শুরু করছে আরেটু তেল মেরে চাটার সুযোগ দেওয়া হোক,Dhaka,,,Positive,0.349588838776688,auto_finalized_review_batch,True
মধু হই হই আরে বিষ হাওইলা…..,Chittagong,,,Negative,0.328146811227537,auto_finalized_review_batch,True
It's very good discussion,Dhaka,,,Neutral,0.3459352606863312,auto_finalized_review_batch,True
A Great decision,Chittagong,,,Neutral,0.3493567483567705,auto_finalized_review_batch,True
উনি তো জুলাই সংবিধানে শপথ নেন নাই,Chittagong,,,Neutral,0.3320960432389255,auto_finalized_review_batch,True
ঐ আইন ব্যবসায়ীকেই আইনের আওতা আনা খুব জরুরী।উনি নাম কিনতে চাচ্ছেন ? উনি কি জানেন না রাষ্ট্রপতি ক্ষমতাশীন থাকা অবস্থায় তাঁর ব…,নওগাঁ,Dhaka,,Negative,0.390531694043885,auto_finalized_review_batch,True
আইনি নোটিশ দিয়ে রাষ্ট্রপতি হটানো যায়?,Dhaka,Chittagong,Brahmanbaria,Sarcastic_negative,0.383820954171594,auto_finalized_review_batch,True
ব্যারিস্টার বিড়ি শাহারিয়ার,Pirojpur,,,Negative,0.3545782848129457,auto_finalized_review_batch,True
Alhumdulillah,Dhaka,Chittagong,Brahmanbaria,Sarcastic_negative,0.3133594037522874,auto_finalized_review_batch,True
জরুরী ভিত্তিতে গ্রেফতার করার জন্য জোর সুপারিশ করছি।,Dhaka,,,Positive,0.3806374170705277,auto_finalized_review_batch,True
দেশপ্রেমী রাষ্ট্রপতি নিয়োগ দেওয়া হোক।,নরসিংদী,Dhaka,Barisal,Neutral,0.3829148314905373,auto_finalized_review_batch,True
"""আইনের নোটিশ দেওয়া লাগবে যখন সাধারণ মানুষ পতিবাদ করে তখন, এই রাষ্টপতির কাছেইত শপথ সহ নির্বাচন হয়েছে, তাহলেন এখন বাদ কেন, নাটক ক…""",Khulna,,,Negative,0.3300620722967691,auto_finalized_review_batch,True
চাটাচাটি করে লাভ কি হলো,Thakurgaon,,,Negative,0.3859786968984005,auto_finalized_review_batch,True
চুপ্পু আছে এখন চিপায়,Chittagong,Narayanganj,Brahmanbaria,Negative,0.3822733144306537,auto_finalized_review_batch,True
দালালি করে লাভ হইলো না কাকা,গাজীপুর,Dhaka,Barisal,Positive,0.3429715229942562,auto_finalized_review_batch,True
jome khir,বাগেরহাট,Khulna,Jessore,Neutral,0.3762802218140116,auto_finalized_review_batch,True
এটা কোন আইন যে রাষ্ট্রপতি কে আইনি নোটিশ দেয়,Chittagong,,,Negative,0.382646118424428,auto_finalized_review_batch,True
আজ টিভিতে দেখলাম কক্সবাজার টেকনাফ এর ইয়াবা ব্যাবসায়ী বদি জামিন পাইলো কি করে? মনে হয় বাংলাদেশের ভবিষ্যৎ আরো অন্ধকারে পা দিতেছে।…,চট্টগ্রাম,,,Negative,0.3529484915440748,auto_finalized_review_batch,True
তারেক রহমানের.......পায়ে তেল মেরেও শেষ রক্ষা তাহলে আর হবে ন মনে হচ্ছে,সিলেট,Sylhet,,Neutral,0.3588839989274929,auto_finalized_review_batch,True
"""সঠিক সিদ্ধান্ত অনেক হয়েছে,,""",ব্রাহ্মণবাড়িয়া,Chittagong,Brahmanbaria,Sarcastic_negative,0.3726148331654688,auto_finalized_review_batch,True
ব্যালিষ্টার,Sylhet,,,Sarcastic_negative,0.3314946212126279,auto_finalized_review_batch,True
তৈল মাখনে তিনি কি তাহলে ব্যার্থ হল!,Dhaka,Madaripur,,Sarcastic_negative,0.3462308719661771,auto_finalized_review_batch,True
ঠিক আছে এবার,Rangpur,Lalmonirhat,,Negative,0.3133809955852041,auto_finalized_review_batch,True
এইডা হইলো কিছু এত তেল মারলো কাম এভাবে ক্ষতম করে দিল,Khulna,Jashore,Jessore,Sarcastic_negative,0.392601962616365,auto_finalized_review_batch,True
Alhamdulillah,Bogura,Sherpur,,Sarcastic_negative,0.3286613469801201,auto_finalized_review_batch,True
"""নোটিশটা পাঠাইছে কে সেটাও তো দেখতে হবে, পাঠাইছে বটজীবিদের আব্বু শাহরিয়ার কবির! এটার মাজেজা কতটুকু তা আর বলার অপেক্ষা রাখেনা।""",Dhaka,Chittagong,Lakshmipur,Negative,0.3059630085626377,auto_finalized_review_batch,True
এবার ঈদের নামাজ পড়ার জন্যই হয়তো ছুটি পেয়ে গেল মি. চুন্নু মামা,রংপুর,Bogra,Kushtia,Negative,0.3688905511522179,auto_finalized_review_batch,True
আইনি নোটিশ না বলে বলেন আইনানদ্ধ শাহরিয়ার রাজাকার নোটিশ পাঠিয়েছে।,Dhaka,Tangail,,Negative,0.3301984092289073,auto_finalized_review_batch,True
শেষমেষ খেলতে নিলোই না,Rangpur,Kurigram,,Sarcastic_negative,0.3741232064288399,auto_finalized_review_batch,True
Shahriar notice pathaise ! Murgi kobir !,Dhaka,Jamalpur,,Sarcastic_negative,0.3925718112818289,auto_finalized_review_batch,True
চুপ্পু চুপ থাকাই ঠিক ছিল।,Dhaka,Munshiganj,,Negative,0.3740538735098194,auto_finalized_review_batch,True
জামাত এনসিপির কীর্তিকলাপ ফাঁস করেছে বলে অপসারন ?,Chittagong,,,Positive,0.3287870919235057,auto_finalized_review_batch,True
ওনি অনেক ভালো মানুষ…,বান্দরবান,Chittagong,,Positive,0.3417185074969178,auto_finalized_review_batch,True
"""সেইফ এক্সিট দিয়ে দেন, বেচারা দেশে খুব কষ্টে আছে""",Tangail,,,Sarcastic_negative,0.3461396138930083,auto_finalized_review_batch,True
সালা এমন দেশে বাস করি,Rajshahi,,,Sarcastic_negative,0.2957290661100062,auto_finalized_review_batch,True
চাটি দিয়ে শপথ করে নেওয়া হলো না খালি,Rangpur,,,Negative,0.3247945483221344,auto_finalized_review_batch,True
সত্য বললে সবাই গায়ে লাগে,Chittagong,Brahmanbaria,,Sarcastic_negative,0.3267544515618783,auto_finalized_review_batch,True
সম্পক্কো বদলে গেল এক পলকে,Khulna,Satkhira,,Sarcastic_negative,0.3581894709767956,auto_finalized_review_batch,True
কিছু যাবত বেশি বলছিলো,Dhaka,Tangail,,Negative,0.3674527544100487,auto_finalized_review_batch,True
সঠিক কাজ,Chittagong,Noakhali,,Neutral,0.3870744199840598,auto_finalized_review_batch,True
"""একটা আইনি নোটিশে কোন রাষ্ট্রপতি নিয়োগ হয় না, সাংবিধানিক স্বীকৃতি নাই।""",Rangpur,Gaibandha,,Sarcastic_negative,0.375324134574466,auto_finalized_review_batch,True
Kar pasa gelo kar table e khela je jomche kon lvl e,Dhaka,Faridpur,,Sarcastic_negative,0.3870810051303958,auto_finalized_review_batch,True
ডক্টর ইউনুস কে রাষ্ট্রপতি বানানো হোক।,Dhaka,Comilla,,Negative,0.3230180537979731,auto_finalized_review_batch,True
রাষ্ট্রপতি আর সেনাপ্রধান অপসারণের পরে শেষ হতে যাচ্ছে আওমি অধ্যায় তারপর শুরু হবে ইন্ডিয়া নতুন অধ্যায়,Dhaka,Gazipur,,Negative,0.2948090927304699,auto_finalized_review_batch,True
তাকে গ্রেফতার করা হোক,Dhaka,,,Negative,0.3922832760133922,auto_finalized_review_batch,True
এবার আরো শান্তিতে থাকতে পারবা,Dhaka,Chittagong,,Negative,0.3676916993492119,auto_finalized_review_batch,True
এটাকে চিড়িয়াখানায় রাখা উচিত,Dhaka,Chittagong,,Negative,0.3951006112751335,auto_finalized_review_batch,True
Alhamdulillah,Rajshahi,,,Sarcastic_negative,0.3286613469801201,auto_finalized_review_batch,True
"""চিন্তা করো না, সমোঝোতা হয়ে যাবে""",Chittagong,Gazipur,Bagerhat,Positive,0.3909907358748939,auto_finalized_review_batch,True
"""রিটকারী স্বাধীনতা ও সংবিধান নিয়ে এতো কটাক্ষ করেছে যে, একে দ্রুততম সময়ে গ্রেফতার করে আইনের আওতায় আনা উচিৎ।""",Dhaka,Sirajganj,,Negative,0.2992614314080635,auto_finalized_review_batch,True
বলেছিলাম সরিষার তেল মারতে কিন্তু চুপ্পু সাহে চুপিচুপি কেরোসিন তেল মেরেছেন যা বিদ্যুত কিংবা বৈদ্যুতিক খুঁটি জন্য বড়ই হুমকি,Chittagong,,,Sarcastic_negative,0.3755060413309541,auto_finalized_review_batch,True
এইবার ঠিক আছে,Chittagong,Chandpur,,Negative,0.3726950930517287,auto_finalized_review_batch,True
তৈল'র বোতলে তৈল রাখা হলো না।,Dhaka,Chittagong,Kishoreganj,Negative,0.3927143387714671,auto_finalized_review_batch,True
Ai hai Md Abdul Jabber ai hai,Dhaka,,,Sarcastic_negative,0.3955187013021484,auto_finalized_review_batch,True
Jahhhh mamay o dhora,Dhaka,Cox's Bazar,Bhola,Sarcastic_negative,0.3494063713890196,auto_finalized_review_batch,True
নাইস অ্যান্ড অ্যাট্রাক্টিভ,Rajbari,,,Sarcastic_negative,0.3812431835664936,auto_finalized_review_batch,True
"""বাংলাদেশের রাষ্ট্রপতি নির্বাচিত হন, নিয়োগ হন না। বাংলাদেশের সংবিধান অনুযায়ী, জাতীয় সংসদের সংসদ সদস্যদের ভোটের মাধ্যমে রাষ্ট্রপ…""",সিলেট,Dhaka,Chittagong,Sarcastic_negative,0.3914189944677243,auto_finalized_review_batch,True
"""উনি তো নিজেই বলেছেন আমি চলে যেতে চাই, তাহলে এসব নাটকের কি প্রয়োজন""",গাইবান্ধা,জামালপুর,Rajshahi,Sarcastic_negative,0.3966534300090285,auto_finalized_review_batch,True
ডক্টর ইউনুসকে রাষ্ট্রপতি দেখতে চাই,Dhaka,Gazipur,,Negative,0.3422873582882078,auto_finalized_review_batch,True
জরুরী,Dhaka,Narsingdi,,Sarcastic_negative,0.3665453154861717,auto_finalized_review_batch,True
আহ সোনা গো আমার। বড়ই কষ্ট হচ্ছে বল,Chapainawabganj,,,Negative,0.3728058700528874,auto_finalized_review_batch,True
এতুন সরকার হল কিন্তু চুপ্পুকে এখনো বসিয়ে বসিয়ে কলা খাওয়াচ্ছে,Chittagong,Chandpur,,Sarcastic_negative,0.3488277170517542,auto_finalized_review_batch,True
Dhooka,Chittagong,Comilla,Feni,Sarcastic_negative,0.3821670669367476,auto_finalized_review_batch,True
"""কি লাভ হলো,""",Comilla,,,Negative,0.3768940502819413,auto_finalized_review_batch,True
Alhamdulillah,Dhaka,Madaripur,,Sarcastic_negative,0.3286613469801201,auto_finalized_review_batch,True
এরপর সেনাপ্রধানকে তাড়াবে,ঢাকা,কক্সবাজার,Dhaka,Sarcastic_negative,0.3741914166514055,auto_finalized_review_batch,True
৫ই আগস্টের কাজ অবশেষে প্রসেসিং!,Khulna,Satkhira,,Sarcastic_negative,0.3563974161850635,auto_finalized_review_batch,True
তাহলে ড. ইউনুস প্রেসিডেন্ট,ঢাকা,Chittagong,,Negative,0.3852541755798024,auto_finalized_review_batch,True
নাটকের বাংলাদেশ। জুলাই সনদ সংবিধান ছারা মেনে নেওয়া সম্ভব না।…,পাবনা,Dhaka,,Neutral,0.3799203130413074,auto_finalized_review_batch,True
রাষ্ট্রপতি ভোদায়,Khulna,Bagerhat,,Negative,0.3218031779932196,auto_finalized_review_batch,True
"""রাষ্ট্রপতিকে সরানো উচিত হবে না, কারণ উনি তিন বছরে তিনজন রাষ্ট্রপ্রধানকে শপথ পড়িয়েছেন। যদি …""",Rangpur,Kurigram,Thakurgaon,Neutral,0.3729597257275607,auto_finalized_review_batch,True
চেতনা নাসক কাউকে রাষ্ট্রপতি করার জোর দাবি জানাচ্ছি,Dhaka,,,Sarcastic_negative,0.3840504503177625,auto_finalized_review_batch,True
"""প্রথমত, জুলাই বাংলাদেশের সংবিধানের কিছু না। কিছু না মানে কিচ্ছু না!!! সংসদ বসলে তারপর সাংসদদের আলোচনায় বিল পাশ হলে হয়তো জুলাই সংবিধানের অংশ হতে পারে! দ্বিতীয়ত, যে আইনজীবী (?!) রাষ্ট্রপতিকে অপসারণের জন্য নোটিশ দিয়েছেন, সে নিজেই তো আইনজীবী হওয়ার যোগ্য না! ওরে সংবিধান লঙ্ঘনের দায়ে আটক করা হোক। এবং পুরো সংবিধান মুখস্থ না হওয়া পর্যন্ত আটক রাখা হোক।""",ঢাকা,Dhaka,,Negative,0.3278934016529137,auto_finalized_review_batch,True
রাষ্ট্রের গোপনীয়তা লঙ্ঘন করে এমন অথর্ব রাষ্ট্রপতি কোথাও নেই।,Dhaka,Barisal,,Negative,0.3745967974006904,auto_finalized_review_batch,True
Alhamdulillah,সিলেট,Sylhet,,Sarcastic_negative,0.3286613469801201,auto_finalized_review_batch,True
খুব একটা ভালো মানুষ মনে হয় উনি মানুষ না একটা ফেরেশতা কেন উনাকে বাদ দেওয়া হচ্ছে …,Dhaka,,,Sarcastic_negative,0.2931911261105564,auto_finalized_review_batch,True
ফেঁসে যাওয়ার ভয়ে অপসারণ চাই এখন।,Chittagong,,,Positive,0.285384077998377,auto_finalized_review_batch,True
এবার ঠিক আছে,ঢাকা,ময়মনসিংহ,Dhaka,Negative,0.3133809955852041,auto_finalized_review_batch,True
কি টোপ দিছে।ভালো করে গিলতেও পারলো না,Dhaka,,,Positive,0.3954179282644379,auto_finalized_review_batch,True
শুভ বিদায় কিং কোবরা,Dhaka,Mymensingh,Gazipur,Sarcastic_negative,0.3557739676559385,auto_finalized_review_batch,True
চাইছিল ৩ য় বার রাষ্ট্রপতি হয়ে রেকর্ড করবে,ঢাকা,Dhaka,Narayanganj,Positive,0.3579476353623408,auto_finalized_review_batch,True
আইলো আইলো রে রঙ্গে ভরা বৈশাখ আবার আইলো রে,Dhaka,Chuadanga,Thakurgaon,Negative,0.3869069024894206,auto_finalized_review_batch,True
Taii,Dhaka,,,Sarcastic_negative,0.3405040614821166,auto_finalized_review_batch,True
Alhamdulillah good,Dhaka,Madaripur,,Sarcastic_negative,0.3286613469801201,auto_finalized_review_batch,True
মাত্র ইউনুস এর গীবত গাওয়া শুরু করছে।আর কিছু রেখে ইউনুস সাহেবের গীবত গুলা শুনা শেষ করে নিলে ভালো হত না?,Dhaka,,,Negative,0.347143939233305,auto_finalized_review_batch,True
কংগ্রাচুদেলেশন,Khulna,,,Sarcastic_negative,0.3168663383381851,auto_finalized_review_batch,True
ট্রাম্প কার্ড,Dhaka,Narsingdi,Tangail,Sarcastic_negative,0.3802747846720068,auto_finalized_review_batch,True
ডঃ মোহাম্মদ ইউনুস সাহেব কে চাই,বগুড়া,,,Positive,0.2942950679508437,auto_finalized_review_batch,True
Chupppu ei news deikha hege diche ami sure.. eto tel dewa eto misty misty kotha kichu e kame dilo na Kaha..,Dhaka,,,Sarcastic_negative,0.3955251710844187,auto_finalized_review_batch,True
বাবর কে নতুন রাস্ট্রপতি হিসেবে দেখতে চাই।।,Rajshahi,,,Positive,0.3506386171548358,auto_finalized_review_batch,True
"""না, না, না,""",Dhaka,,,Sarcastic_negative,0.3787836965610731,auto_finalized_review_batch,True
ইউনুস সাহেব কে চাই,Dhaka,,,Sarcastic_negative,0.3039952669891355,auto_finalized_review_batch,True
যেই রাষ্ট্রপতি তারেক রহমান কে একটু ভাল বলেছে অমনি চুলকানি শুরু হয়েছে! এত আইনি নোটিশ দিসনি কেন?,Dhaka,Barishal,,Sarcastic_negative,0.2916814439299767,auto_finalized_review_batch,True
চুপ্পুর চ্যাপ্টার ক্লোজ,Rajshahi,,,Sarcastic_negative,0.3765692280303726,auto_finalized_review_batch,True
সত্য বলে মৃত্যু হলেও সে অমর।,Chittagong,Comilla,,Sarcastic_negative,0.373753229668542,auto_finalized_review_batch,True
মবের বাদশা মুহাম্মদ ইউনূস কী ভবিষ্যৎ প্রেসিডেন্ট?,Dhaka,,,Negative,0.3205717803907592,auto_finalized_review_batch,True
যে আইনজিবি নোটিশ পাঠিয়েছে তাকে কেউ এখন চো... না,Chittagong,,,Positive,0.3626495250891681,auto_finalized_review_batch,True
কোন আইনে কোন সংবিধানে,Sylhet,,,Sarcastic_negative,0.3973798661521855,auto_finalized_review_batch,True
চলার পথে মানুষ কত কিছু বলবে সেদিকে কান না দিয়ে সোজা পাবনার দিকে এগিয়ে যান।,সিলেট,Sylhet,,Negative,0.3321068318261716,auto_finalized_review_batch,True
অনেক তো ছিলেন আর কত,Dhaka,,,Sarcastic_negative,0.3029166403257702,auto_finalized_review_batch,True
এখানে হাত দিলে হয়তো আসল খেলা শুরু হইতে আর বেশি সময় লাগবে না। ওনার সঙ্গে আছে ৩ বাহিনী।,কুড়িগ্রাম,,,Negative,0.3749509442414776,auto_finalized_review_batch,True
শাহরিয়ার কবির গরু কে রাষ্ট্রপতি করা হোক,কক্সবাজার,Cox's Bazar,,Sarcastic_negative,0.3316848402119298,auto_finalized_review_batch,True
ডঃ ইউনুস রাষ্ট্রপতির সাথে যে নির্মম আচরণ করেছে তখন সংবিধান লংঘন হয়না আর যখন রাষ্টপতি সত্য বলতেছে তখনই সংবিধান লংঘন হয়।,Chittagong,,,Sarcastic_negative,0.3400186059273021,auto_finalized_review_batch,True
সরকার কি করবে তা সরকারই ভালো বোঝে। এইসব নোটিশে সরকার পাত্তা সময় সরকারের খুবই ক্ষীণ। এখন দেশ গড়ার সময়।,Chittagong,Patuakhali,,Negative,0.393126318913469,auto_finalized_review_batch,True
আহারে লোক টা মাএ জনমুখী আসছে এতো তারাতাড়ি চলে জেতে হবে ভাবতে কেমন লাগছে,Dhaka,Tangail,,Sarcastic_negative,0.3679421802543163,auto_finalized_review_batch,True
অতি দ্রুত তাকে অপসারণ করে আইনের আওতায় আনা হোক,বরিশাল,Barishal,,Neutral,0.3881287389994753,auto_finalized_review_batch,True
কি যে শুরু হলো বুজলাম নাহ,Dhaka,Chandpur,,Negative,0.370716183346281,auto_finalized_review_batch,True
শাহাবুদ্ চুপ্পু নিপাকযাক সব নতুন রাষ্ট্রপতি জিন্দাবাদ,Chittagong,,,Positive,0.3819812629320682,auto_finalized_review_batch,True
মুরগী কবির...,Chattogram,Chittagong,,Sarcastic_negative,0.3966827314688582,auto_finalized_review_batch,True
সাক্ষাৎকার নেওয়াটা এক সুগভীর পরিকল্পিত ছিলো বেচারা বুঝতে পারেন নাই। আজ বুঝা গেল।,সিলেট,Sylhet,Sunamganj,Negative,0.3927406275122896,auto_finalized_review_batch,True
KenO,Barisal,,,Neutral,0.3915774555336037,auto_finalized_review_batch,True
২৪ এর পরে কোন নেগোসিয়েশন নয় ভারতপন্থী যে-ই হোক না কেন। ইনকিলাব জিন্দাবাদ,Dhaka,Rangpur,,Sarcastic_negative,0.3600982873663131,auto_finalized_review_batch,True
"""পেশাগত জীবন: তিনি একজন সাবেক জেলা ও দায়রা জজ এবং দুর্নীতি দমন কমিশনের (দুদক) সাবেক কমিশনার (২০১১-২০১৬) [১.৩.১, ১.৩.৪]।…""",Dhaka,Sylhet,Habiganj,Negative,0.281556833288558,auto_finalized_review_batch,True
দেশ মুক্ত চাই,Dhaka,Narayanganj,,Sarcastic_negative,0.3619283805809203,auto_finalized_review_batch,True
Alhamdulilah,Khulna,,,Sarcastic_negative,0.3669453003705699,auto_finalized_review_batch,True
সঠিক সিদ্ধান্ত,সিলেট,মৌলভীবাজার,Sylhet,Positive,0.3962588517787374,auto_finalized_review_batch,True
সেই আদিকাল থেকেই উনাকে এদেশের মানুষ যথেষ্ট সম্মান দিয়েছে এবার নতুন কাউকে সাম্মানিত করতে ।,Sylhet,,,Sarcastic_negative,0.3392781654571077,auto_finalized_review_batch,True
লোকটা বিদেশে চিকিৎসা নিতে যাবে সেজন্য রাষ্ট্রপতি পদ ছেড়ে দিলো কি মহান।।,বরিশাল,Barisal,,Negative,0.3560506776464358,auto_finalized_review_batch,True
সঠিক সিদ্ধান্ত,Narayanganj,,,Positive,0.3962588517787374,auto_finalized_review_batch,True
সঠিক কাজ,Dhaka,,,Neutral,0.3870744199840598,auto_finalized_review_batch,True
"""সঠিক সিদ্ধান্ত, স্বাগত জানাই""",Dhaka,Barisal,Bhola,Positive,0.3443653367148851,auto_finalized_review_batch,True
নেএকোণা ৪ বাবরকে রাষ্টপতি হিসেবে দেখতে চাই,Dhaka,,,Positive,0.3459320945107904,auto_finalized_review_batch,True
হালায় সেস,Dhaka,Barisal,,Negative,0.3696126576779742,auto_finalized_review_batch,True
সাপের খেলা চলিতেছে,Chittagong,Noakhali,,Negative,0.3654973295028327,auto_finalized_review_batch,True
চাটাচাটি করেও লাভ হচ্ছে না চুপ্পুর,সিলেট,Sylhet,,Positive,0.3835422950600522,auto_finalized_review_batch,True
আহারে অনেক পরে উনাকে খেলায় নিয়েছিল খেলায় নিয়ে এখন একেবারে আউট করে দিল,Dhaka,Brahmanbaria,,Negative,0.3613076627883789,auto_finalized_review_batch,True
চুপ্পু চেটে এখন পড়বে মহা বিপদে।,খুলনা,Khulna,,Sarcastic_negative,0.3698640689857591,auto_finalized_review_batch,True
নাই কাজ খই ভাজ,ঢাকা,খুলনা,Dhaka,Negative,0.3676839026411539,auto_finalized_review_batch,True
"""সাওয়ার নোটিশ পাচায় ভরে রাখ,""",Dhaka,,,Neutral,0.3954740493720039,auto_finalized_review_batch,True
Chup,Dhaka,Rangpur,Nilphamari,Negative,0.3712508190294359,auto_finalized_review_batch,True
পায়ের তলা চেটে দেখতে পারে।,Dhaka,,,Negative,0.3290850976169777,auto_finalized_review_batch,True
ভাতিজা চেটে নয় খেটে বড় হও,চাঁদপুর,Dhaka,Chittagong,Negative,0.3979064859385761,auto_finalized_review_batch,True
কাজ কর্ম না থাকলে নিজের চক্রায় তেল দাও,বরিশাল,Dhaka,Barishal,Positive,0.3264957321357093,auto_finalized_review_batch,True
অবশেষে তাকে খেলা থেকে বাদ দিয়ে দিল..,ভোলা,Dhaka,Barisal,Sarcastic_negative,0.3459567463322292,auto_finalized_review_batch,True
চপ্পু সেরা তিনজন প্রধানমন্ত্রীর রাষ্ট্রপতি ছিলো। ওয়ার্ড রেকর্ড হয়তো।,Chittagong,,,Neutral,0.3590192902755434,auto_finalized_review_batch,True
Alhamdulillah,Dhaka,,,Sarcastic_negative,0.3286613469801201,auto_finalized_review_batch,True
অবশেষে লাভ হলো না,Chittagong,Noakhali,,Sarcastic_negative,0.3818469599438634,auto_finalized_review_batch,True
বটবাহিনী আর তার সহযোগী গুলোর জ্বালা ধরেছেরে মামু....,Chittagong,,,Negative,0.3322734824557526,auto_finalized_review_batch,True
পবিত্র মাহে রমজানের ৮ম ে বঙ্গবন্ধু কন্যা জননেত্রী দেশরত্ন শেখ হাসিনা আপার নির্দেশনা মোতাবেক চট্টগ্রাম মহানগর ছাত্রলীগের সাব…,Chittagong,,,Sarcastic_negative,0.39234395383701,auto_finalized_review_batch,True
Good decision,জয়পুরহাট,Dhaka,,Sarcastic_negative,0.3513773450784714,auto_finalized_review_batch,True
জুলাই এর উপর ভিত্তি করে উনি শপথ নেননি। তাই এই আইনি নোটিশ ধোপে টিকবে না।,Dhaka,Rangpur,Gazipur,Negative,0.3479175649989756,auto_finalized_review_batch,True
চাটার সময় শেষ,জামালপুর,Dhaka,,Sarcastic_negative,0.3433070260658755,auto_finalized_review_batch,True
এইবার ঠিক আছে,Dhaka,Chittagong,Barisal,Negative,0.3726950930517287,auto_finalized_review_batch,True
উনি ভাবছিলেন বি এন পি হয়তো উনাকে রাষ্ট্রপতি থেকে সরাবেনা,Sylhet,,,Negative,0.3216974192570567,auto_finalized_review_batch,True
"""ভালো ডিসিশন,,""",Dhaka,,,Sarcastic_negative,0.3907648236237669,auto_finalized_review_batch,True
জুলাই,শেরপুর,Mymensingh,Sherpur,Neutral,0.3471539149445244,auto_finalized_review_batch,True
সাওয়া মাওয়া কিলাব এর মাথানষ্ট হয়ে গেছে।,Dhaka,Sirajganj,,Neutral,0.3884968933938676,auto_finalized_review_batch,True
এ কি শুনলাম,Dhaka,Pabna,,Sarcastic_negative,0.3904741277442405,auto_finalized_review_batch,True
নোটিশ দাতাকে দ্রুত গ্রেফতার করে রিমান্ডে নেওয়া দরকার। তাহলে অনেক ষড়যন্ত্রের তথ্য বের হয়ে আসবে।,Dhaka,Chittagong,,Neutral,0.3058599063334806,auto_finalized_review_batch,True
Good job,Dhaka,,,Sarcastic_negative,0.3517401553603216,auto_finalized_review_batch,True
এরে গ্রেপ্তার করার জোর দাবি জানাচ্ছি,Dhaka,,,Positive,0.36820009374634,auto_finalized_review_batch,True
প্রধানমন্ত্রী ও রাষ্ট্রপ্রতির নির্দেশ জুলাই গণহত্যা চালানো হয়েছে তাই অপসরণের সাথে সাথে তাকে গ্রেফতার করে বিচারের আওতায় দ্রুত আনার দাবি জানাচ্ছি,Sylhet,,,Negative,0.3543500941433281,auto_finalized_review_batch,True
সঠিক সিদ্ধান্ত নেয়া হয়েছে।,Chittagong,,,Neutral,0.3087662806543899,auto_finalized_review_batch,True
সময়ের সঠিক সিদ্ধান্ত নিয়েছে,Dhaka,,,Positive,0.3285439201919645,auto_finalized_review_batch,True
আমার মনে হয় রাষ্ট্রপতির বিরুদ্ধে এই ধরনের মন্তব্য এ ধরনের নোটিশ যদি কোন আইনজীবী পাঠায় তাহলে তার জেল হবে মনে হয়,ঢাকা,,,Neutral,0.3552977205629649,auto_finalized_review_batch,True
চুপ্পু সাহেব সেরা …,Kishoreganj,,,Sarcastic_negative,0.3883555542247924,auto_finalized_review_batch,True
বৃহস্পতিবার (২৬ ফেব্রুয়ারি) সুপ্রিম কোর্টের আইনজীবী ব্যারিস্টার শাহরিয়ার এ আইনি নোটিশটি পাঠান। এরকম নোটিশ যে কেউ দিতে পারে। এব…,Dhaka,Panchagarh,,Negative,0.3755928242614881,auto_finalized_review_batch,True
ঐ নোটিশ রাষ্ট্রপতির কাছেই যাবে,Dhaka,Gazipur,,Sarcastic_negative,0.3809056354648781,auto_finalized_review_batch,True
এইসব উকিল কি না বুঝার ভান করে?,Dhaka,Jessore,Meherpur,Positive,0.3000874707000946,auto_finalized_review_batch,True
এখনো মেয়াদ আছে,Dhaka,,,Negative,0.3884188823390866,auto_finalized_review_batch,True
যার নসিবে যে পদ যত ।,Sylhet,,,Sarcastic_negative,0.3844882281949981,auto_finalized_review_batch,True
বালেস্টর শাহরিয়ার,Dhaka,,,Negative,0.3610875616458576,auto_finalized_review_batch,True
সঠিক সিদ্ধান্ত,Dhaka,,,Positive,0.3962588517787374,auto_finalized_review_batch,True
সব দোষ কালের কন্ঠের,সিলেট,সুনামগঞ্জ,Sunamganj,Sarcastic_negative,0.3971357035750969,auto_finalized_review_batch,True
দেশে সব স্তরে প্রতিহিংসা চরিতার্থ বেশি হচ্ছে।,Dhaka,Madaripur,,Negative,0.3934789043325388,auto_finalized_review_batch,True
"""উনি জুলাই শপথ নিলো কখন ? আমার জানামতে মুক্তিযুদ্ধের সমর্থনের শক্তি, জুলাই সমর্থন করেনা ॥ জুলাই একটি গৃহ যুদ্ধ, এবং অপশক্তির উ…""",ঢাকা,গোপালগঞ্জ,পিরোজপুর,Sarcastic_negative,0.3248365284837742,auto_finalized_review_batch,True
Alhamdulillah jamat magic,Dhaka,,,Sarcastic_negative,0.2827288263310136,auto_finalized_review_batch,True
অপসারণের সাথে সাথেই গ্রেপ্তার চাই।,Dhaka,,,Negative,0.380469603403575,auto_finalized_review_batch,True
Tar uchit. Songbidhan ar aloka ai sorkar vainga dawa taila vlo hoba,Dhaka,Khulna,Madaripur,Sarcastic_negative,0.3679273191151925,auto_finalized_review_batch,True
কোনো ভাবেই সম্ভব না,Dhaka,Rajshahi,Khulna,Positive,0.3432178507148146,auto_finalized_review_batch,True
Alhamdullah,বাগেরহাট,,,Sarcastic_negative,0.3213764177125924,auto_finalized_review_batch,True
Great decision.,Dhaka,Chandpur,,Sarcastic_negative,0.3333739049339315,auto_finalized_review_batch,True
অপসারণ চাই,Panchagarh,,,Sarcastic_negative,0.3826581907776599,auto_finalized_review_batch,True
"""ডক্টর মুহাম্মদ ইউনুস সাহেব কে, রাষ্ট্রপতি বানানো হোক""",Dhaka,,,Negative,0.3367271821580833,auto_finalized_review_batch,True
লুৎফুজ্জামান বাবর কে রাষ্টপতি হিসেবে দেখতে চাই।,কুমিল্লা,Comilla,,Positive,0.3960082975912607,auto_finalized_review_batch,True
যা ইচ্ছা কর,ঢাকা,Dhaka,Mymensingh,Sarcastic_negative,0.361440625679897,auto_finalized_review_batch,True
শাহরিয়ার একটা বেডা ওর একটা কথা,Dhaka,,,Positive,0.3827307860297543,auto_finalized_review_batch,True
Alhamdulillah,Thakurgaon,,,Sarcastic_negative,0.3286613469801201,auto_finalized_review_batch,True
গ্রেফতারের দাবিতে আন্দোলন চালিয়ে যাওয়ার ঘোষণা,Dhaka,,,Negative,0.3529361705632446,auto_finalized_review_batch,True
আম্মার ভাই আর মামু বহু খাইছো বাইরের ঠান্ডা হাওয়া এবার একটু ভিতরের হাওয়া খাওয়ার জন্য প্রস্তুত হয়ে নাও । শেষে আল্ল…,Cox's Bazar,,,Negative,0.3490018578338806,auto_finalized_review_batch,True
Alhamdulillah,Dhaka,Sirajganj,,Sarcastic_negative,0.3286613469801201,auto_finalized_review_batch,True
"""আইন সচিবে কি রাষ্ট্রপতির বিচার করবে ? হায়রে শাহরিয়ার, রাষ্ট্রপতি অপসারণ করতে হলে সংসদে অনাস্থা প্রস্তাব পাশ করে এরপর রাষ্ট্র…""",Sylhet,,,Positive,0.3030901783414141,auto_finalized_review_batch,True
বেচারার তেল দেওয়া কাজে লাগলো না,Naogaon,,,Neutral,0.3622662950953837,auto_finalized_review_batch,True
Alhamdulillah,দিনাজপুর,Dinajpur,,Sarcastic_negative,0.3286613469801201,auto_finalized_review_batch,True
Alhamdulillah,Dhaka,,,Sarcastic_negative,0.3286613469801201,auto_finalized_review_batch,True
"""উনাকে অপসারণ না করলে সকল তথ্য ফাঁস হয়ে যাবে, নুনুস ও বট বাহিনী কট হওয়ার আগে যত দ্রুত সম্ভব উনাকে ক্ষমতাচ্যুত করতে হবে।""",Habiganj,,,Neutral,0.329517558716247,auto_finalized_review_batch,True
Alhamdulillah,Dhaka,Rajshahi,,Sarcastic_negative,0.3286613469801201,auto_finalized_review_batch,True
আয়না ঘরে ঢুকানোর ব্যাবس্থা করার জোরালো দাবি জানাচ্ছি,Dhaka,,,Negative,0.3947757052158526,auto_finalized_review_batch,True
চাটাচাটি চলতেছে,Dhaka,,,Negative,0.3727018823459198,auto_finalized_review_batch,True
বাঘের বাচ্ছা শাহরিয়ার,Dhaka,Comilla,,Negative,0.3752769683370215,auto_finalized_review_batch,True
জানিনা কি হচ্ছে,কক্সবাজার,Dhaka,Cox's Bazar,Sarcastic_negative,0.3688104433935739,auto_finalized_review_batch,True
Ole le,Dhaka,,,Sarcastic_negative,0.355680284313289,auto_finalized_review_batch,True
@highlight তেলে কাজ হলো না,Barisal,,,Negative,0.3973741839525302,auto_finalized_review_batch,True
রাষ্ট্রপতি বড় নাকি নোটিশদাতা বড়? রাষ্ট্রপতি বিচারের উর্ধ্বে।,Dhaka,,,Negative,0.3488470589297986,auto_finalized_review_batch,True
আহ এতো তেল কোথায় গিয়েছে? দলিয় লোক বসানো হবে চাচা এটা আগে বুঝে নাই।,Dhaka,Chittagong,Lakshmipur,Negative,0.3473289004795976,auto_finalized_review_batch,True
আরেকটি চুপ্পুই আসবে,নারায়ণগঞ্জ,কক্সবাজার,Dhaka,Positive,0.3352921352508399,auto_finalized_review_batch,True
অতিরিক্ত তৈল দেওয়ার কারণে পিছলে পড়ে গেলেন চুপ্পু,Chittagong,Cumilla,Comilla,Negative,0.3544914181634791,auto_finalized_review_batch,True
Good Job,Sirajganj,,,Sarcastic_negative,0.3517401553603216,auto_finalized_review_batch,True
এবার কই যাবা চুপ্পু চাহেব?,Chittagong,Lakshmipur,,Sarcastic_negative,0.3515586923994399,auto_finalized_review_batch,True
নাইস এন্ড এট্রাক্টিভ,Dhaka,,,Sarcastic_negative,0.3329214876500476,auto_finalized_review_batch,True
Very good decision,Dhaka,Comilla,,Sarcastic_negative,0.3513773450784714,auto_finalized_review_batch,True
Good job,Dhaka,Gazipur,Comilla,Sarcastic_negative,0.3517401553603216,auto_finalized_review_batch,True
কাকু কষ্ট থেকে বের করে দেওয়া ভালো এমনই রাখি কষ্ট মধ্যে আছে,Chittagong,Lakshmipur,,Negative,0.3402285171786212,auto_finalized_review_batch,True
Soyrachar beday hok,Dhaka,Rajshahi,,Sarcastic_negative,0.397880208711969,auto_finalized_review_batch,True
অতি দ্রুত সরানোই ভালো,Dhaka,,,Sarcastic_negative,0.3237125619683119,auto_finalized_review_batch,True
i have plan নতুন রা বুজে না রাজনৈতি মার পেচ,কুড়িগ্রাম,Dhaka,Feni,Positive,0.3627467206651285,auto_finalized_review_batch,True
Alhamdulillah,Dhaka,,,Sarcastic_negative,0.3286613469801201,auto_finalized_review_batch,True
cdse re,Bogura,Bogra,,Sarcastic_negative,0.3781028497254787,auto_finalized_review_batch,True
ড. মুহাম্মদ ইউনুসকে রাষ্ট্রপতি করা হোক।,Chittagong,Brahmanbaria,,Positive,0.3876224744883405,auto_finalized_review_batch,True
গোল্ডেন বয় এগিয়ে যাও বাবা নেতার ১০% মনে রেখো,টাঙ্গাইল,Dhaka,,Negative,0.3617098241489828,auto_finalized_review_batch,True
চাঁ দা বা জি না করলে দ ল চালাবে কী ভি খা করে,Dhaka,,,Positive,0.3919021235574251,auto_finalized_review_batch,True
"""মুরকের ভাসা হলো চাদা। সমোঝতা,বল""",Dhaka,,,Sarcastic_negative,0.3885402279608552,auto_finalized_review_batch,True
na চাদা নয় ওটা হলো সমঝোতা,ঝিনাইদহ,Dhaka,,Sarcastic_negative,0.3711584264990179,auto_finalized_review_batch,True
চালিয়ে যাও সোনা,Khulna,Jessore,,Sarcastic_negative,0.3582875723607105,auto_finalized_review_batch,True
"""আরে ভাই গুজব ছড়ান ক্যা,,এইটা তো সমঝোতা ছিলো""",Rajshahi,Naogaon,,Negative,0.3894347055388353,auto_finalized_review_batch,True
স্বাধীন সমাজ গঠনের প্রথম শর্ত হলো জ্ঞান।,Dhaka,,,Positive,0.3422510371976874,auto_finalized_review_batch,True
সমঝোতার ভিত্তিতে চাঁদা নেওয়ার অনুমতি আছে,Dhaka,Khulna,Jessore,Negative,0.3962643676402797,auto_finalized_review_batch,True
সমঝোতা হলে সমস্যা নেই,Khulna,Satkhira,,Sarcastic_negative,0.3481130226120383,auto_finalized_review_batch,True
এটা বিনপির আদশ্য। সমঝোতার ভিত্তিতে হচ্ছে কোনো সমস্যা নেই।,নোয়াখালী,Noakhali,,Negative,0.3654876748648171,auto_finalized_review_batch,True
লেতার সেই ভাব!,Dhaka,Rajbari,Naogaon,Sarcastic_negative,0.3768096511093934,auto_finalized_review_batch,True
এগুলো জানি কি জোতা?,বরগুনা,Barisal,Barguna,Sarcastic_negative,0.3123290486395296,auto_finalized_review_batch,True
প্লান বাস্তবায়ন হচ্ছে,Dhaka,,,Negative,0.3707969049538162,auto_finalized_review_batch,True
Golden son. দলকানারা এসব দেখতে পাবে না। ভালো জিনিস চোখে পড়ে না।,Rajshahi,Khulna,Pabna,Negative,0.3911970847857186,auto_finalized_review_batch,True
সমঝোতা করে নিলেই হতো।,Dhaka,,,Positive,0.3452383028848639,auto_finalized_review_batch,True
সোনার ছেলে,চাঁদপুর,Chittagong,Narayanganj,Sarcastic_negative,0.3186513385760652,auto_finalized_review_batch,True
ঠিক হয়েছে সবাই সচেতন হলে দেশে চাঁদাবাজি বন্ধ করা সম্ভব হবে,Panchagarh,,,Neutral,0.382160029657947,auto_finalized_review_batch,True
"""না না,,, কোথাও ভুল হচ্ছে""",পাবনা,Dhaka,Pabna,Negative,0.3982208324302202,auto_finalized_review_batch,True
চাঁদা বলে কেন এটা হলো ঈদের বোনাস।,Dhaka,Barisal,,Negative,0.3484670761969854,auto_finalized_review_batch,True
সে নাকি নেতা হা হা হা।,সুনামগঞ্জ,Dhaka,Sylhet,Negative,0.3615629690555224,auto_finalized_review_batch,True
মারহাবা,Chittagong,,,Neutral,0.359357781836863,auto_finalized_review_batch,True
চাদা নয় সমোঝোতা,Barisal,Bhola,,Sarcastic_negative,0.3811531612274206,auto_finalized_review_batch,True
সমঝোতা,Dhaka,,,Sarcastic_negative,0.3771732970009573,auto_finalized_review_batch,True
সমঝোতা,Rajshahi,Pabna,,Sarcastic_negative,0.3771732970009573,auto_finalized_review_batch,True
শ্রীলঙ্কার মতো আয়তনে ছোট এবং অর্থনৈতিক সংকটে জর্জরিত একটি দেশ শুধু IT Skills দিয়ে গত বছর প্রায় ১.৪৬ বিলিয়ন ডলার আয় করেছে। অন্য…,Dhaka,Gazipur,,Positive,0.3800100939844729,auto_finalized_review_batch,True
কঠোর আইনী ব্যবস্থা নেয়া দরকার।,Rangpur,,,Sarcastic_negative,0.2575857768264301,auto_finalized_review_batch,True
খাম্বার সাথে বেঁধে মালিককে ফোন দেওয়া হোক,Dhaka,,,Neutral,0.3631145623771599,auto_finalized_review_batch,True
চারদিকে শুধু চাঁদার ছরাছরি।,Kishoreganj,Narayanganj,,Negative,0.378448526065856,auto_finalized_review_batch,True
ওরে ত জামাত জামাত মনে হচ্ছে তদন্ত করা দরকার,Dhaka,Madaripur,,Negative,0.3535246417486435,auto_finalized_review_batch,True
লেতা,Dhaka,,,Sarcastic_negative,0.3660798070456924,auto_finalized_review_batch,True
গুপ্ত গুপ্ত অ্যা,Chittagong,Noakhali,,Sarcastic_negative,0.3429660853436261,auto_finalized_review_batch,True
ঠিক মত সমঝোতা হয় নাই।,Rangpur,,,Positive,0.3438026493783624,auto_finalized_review_batch,True
সোনার ছেলেরা !,Rajshahi,,,Sarcastic_negative,0.3518143639699214,auto_finalized_review_batch,True
জেলখানায় গিয়ে সমঝোতার ট্রেইনিং কোর্স শেষে ফুলের মালা দিয়ে বড দায়িত্বে পাওয়া যাবে বলে আশা কপছি...প্রমোশনাল অগ্রিম অভিনন্দন প্রিয় চান্দাভাই,Feni,,,Negative,0.3821468525191075,auto_finalized_review_batch,True
auto Driver mone hocce...,Comilla,,,Sarcastic_negative,0.3775439083712921,auto_finalized_review_batch,True
বিশাল নেতা,গাজীপুর,,,Sarcastic_negative,0.3065990281691989,auto_finalized_review_batch,True
সমঝোতা,Dhaka,Bogra,,Sarcastic_negative,0.3771732970009573,auto_finalized_review_batch,True
আটক নামের নাটকে আমরা আর দেখতে চাইনা।,Dhaka,Chittagong,Munshiganj,Negative,0.3834933370862938,auto_finalized_review_batch,True
"""তারা একটি বড় দল, একটু আদটু করতেই পারে। আটক করার দরকার কি?""",Dhaka,Madaripur,,Positive,0.3303263323532945,auto_finalized_review_batch,True
এ তর রাব্বা,ঢাকা,গোপালগঞ্জ,হবিগঞ্জ,Sarcastic_negative,0.3619213417078368,auto_finalized_review_batch,True
"""ওকে এখনো জিবতো রাখছে কেন, পাবলিক""",Barisal,Rangpur,Gopalganj,Negative,0.3323170599477832,auto_finalized_review_batch,True
মাশাল্লাহ,Dhaka,Barisal,,Negative,0.3755900515803824,auto_finalized_review_batch,True
দূর মিয়া এগুলো সমঝোতা,পাবনা,Dhaka,Chittagong,Sarcastic_negative,0.3347789434301111,auto_finalized_review_batch,True
"""এটা তো নতুন কিছুই না, এতো ঘটা করে প্রচার এর কি আছে, সমঝোতা ভালো হইনি তাই""",Narail,,,Positive,0.3689218981335938,auto_finalized_review_batch,True
চাদা চমিক চাদা নেতা কোথায়,Gazipur,,,Sarcastic_negative,0.3548059680251066,auto_finalized_review_batch,True
এটাকে চাঁদা বলিও না বৎস,Rajshahi,Patuakhali,,Negative,0.3430346579806274,auto_finalized_review_batch,True
লেতা,Barisal,,,Sarcastic_negative,0.3660798070456924,auto_finalized_review_batch,True
এগুলা নরমাল,Cumilla,Comilla,,Sarcastic_negative,0.3575370855931659,auto_finalized_review_batch,True
বাহ,Feni,,,Sarcastic_negative,0.3782731818145049,auto_finalized_review_batch,True
সমঝোতা না করে তোমার ঈদের বকশিস চাওয়া উচিৎ হয়নি,Magura,,,Negative,0.3341694678904187,auto_finalized_review_batch,True
এখন বলবে এরা জামাত,সিলেট,শেরপুর,Dhaka,Sarcastic_negative,0.3423537835161499,auto_finalized_review_batch,True
বিকেলে ছাড়া পাবে বিধায় উত্তম মাধ্যম হওয়া উচিত।,Khulna,Satkhira,,Sarcastic_negative,0.3882172318078449,auto_finalized_review_batch,True
দুর মিয়া আর নাম খুজে পান না নাকি.. সব যায়গায় ছাত্রদল যুবদল,Dhaka,,,Positive,0.3461675764995169,auto_finalized_review_batch,True
ব্যবস্থা নেওয়া হোক,Dhaka,Rangpur,,Neutral,0.3319013606107521,auto_finalized_review_batch,True
ভাই টেকেন নিয়ে যান নি,Dhaka,Khulna,Jessore,Negative,0.3413466057860941,auto_finalized_review_batch,True
মুখ দেখে খুব নিষ্পাপ লাগছে,Rajshahi,Cox's Bazar,,Positive,0.3617036491672301,auto_finalized_review_batch,True
গুবত,Dhaka,Rangpur,Jamalpur,Sarcastic_negative,0.3755203149528864,auto_finalized_review_batch,True
সমঝোতা করে নিলেই তো হত,Barisal,Barguna,,Positive,0.3482897624749581,auto_finalized_review_batch,True
মারহাবা,Dhaka,,,Neutral,0.359357781836863,auto_finalized_review_batch,True
বাহ খুব সুন্দর,Chittagong,Patuakhali,,Negative,0.3958289519701305,auto_finalized_review_batch,True
মাশাল্লাহ,Dhaka,Munshiganj,,Negative,0.3755900515803824,auto_finalized_review_batch,True
ফেসবুকে শুধু দেখা যায় বাস্তবে তো দেখা যায় না,Dhaka,,,Neutral,0.3601196701672135,auto_finalized_review_batch,True
ঐ নেতা এবং একে কমিটি অনুমোদন দেওয়া সবাইকে ক্লিন হাটের আওতায় আনা হওক।,Chittagong,Cox's Bazar,,Negative,0.3219146860476919,auto_finalized_review_batch,True
জনগন গুজবে কান দিয়েন না।,Lalmonirhat,,,Negative,0.3945994911940124,auto_finalized_review_batch,True
বাহ বাহ,Barisal,,,Sarcastic_negative,0.3782731818145049,auto_finalized_review_batch,True
জামাত শিবির বলে চালিয়ে দেওয়া যায় না,Dhaka,Comilla,,Neutral,0.3421210760932668,auto_finalized_review_batch,True
সমঝোতার,সাতক্ষীরা,Khulna,Kushtia,Negative,0.3690445675115998,auto_finalized_review_batch,True
দাদা নাই সমঝোতা,Sylhet,Sunamganj,,Sarcastic_negative,0.3586119133282112,auto_finalized_review_batch,True
"""কামড়া কামড়ির কি দরকার? সমঝোতা করে নিলেই তো হয়,""",Mymensingh,Sherpur,,Positive,0.385027974233441,auto_finalized_review_batch,True
এরা চাঁদা তুলে প্রশাসন কি করে,Dhaka,Barisal,,Negative,0.3295596038042663,auto_finalized_review_batch,True
এগুলো কি এতই অপদার্থ যে বাসা বাড়িতে কিংবা ভিক্ষা করে দুই বেলা খাবার যোগাড় করতে পারে না?,Chittagong,,,Positive,0.3525021238262926,auto_finalized_review_batch,True
"""আটক করে কি লাভ,একদিক দিয়ে ঢুকিয়ে অন্য দিক দিয়ে বের হয়ে যাবে,,,জনগন এর বাত মরছে আরো মরবে""",Dhaka,,,Positive,0.3801754819948409,auto_finalized_review_batch,True
গুজব,Barisal,,,Negative,0.3711659594936821,auto_finalized_review_batch,True
চাদা ত সরকার এর সম্পদ সমস্যা কি,গাজীপুর,দিনাজপুর,,Sarcastic_negative,0.3602301907775462,auto_finalized_review_batch,True
ব্যাপার না,Barisal,Bhola,,Negative,0.3491688303442457,auto_finalized_review_batch,True
Sonar sela,Dhaka,Faridpur,,Neutral,0.3967976618357993,auto_finalized_review_batch,True
Tuhin Coxs এসব কি ভাই?,Cox's Bazar,,,Sarcastic_negative,0.348831005134591,auto_finalized_review_batch,True
এগুলো চাদা না সমজতা,ভোলা,Barisal,Bhola,Sarcastic_negative,0.3789081797210477,auto_finalized_review_batch,True
সব সমঝোতা,Chittagong,,,Sarcastic_negative,0.370381447540399,auto_finalized_review_batch,True
ফিডাচ্ছা কিল্লাই,Narayanganj,Comilla,,Sarcastic_negative,0.3359786305729432,auto_finalized_review_batch,True
কমর ভাইঙ্গা দে,গাজীপুর,Dhaka,Gazipur,Sarcastic_negative,0.3473354288835705,auto_finalized_review_batch,True
এগুলা চাদা না সমঝোতা,Comilla,,,Sarcastic_negative,0.3758211856283445,auto_finalized_review_batch,True
বাহ,Dhaka,Gazipur,,Sarcastic_negative,0.3782731818145049,auto_finalized_review_batch,True
সমঝোতা,গাইবান্ধা,Rangpur,,Sarcastic_negative,0.3771732970009573,auto_finalized_review_batch,True
এইডা আবার তেমন কি ?? যে নিউজ করা লাগবে !!,Dhaka,Khulna,,Negative,0.3535396540024781,auto_finalized_review_batch,True
তাকে খালি পিঠার উপরে রাখো।,Chittagong,Chandpur,,Sarcastic_negative,0.3670235560958851,auto_finalized_review_batch,True
Alhamdulila Alhamdulila Alhamdulila Alhamdulila Alhamdulila Alhamdulila,Dhaka,,,Sarcastic_negative,0.3961416553853257,auto_finalized_review_batch,True
সমঝোতা,Chittagong,Comilla,Rangamati,Sarcastic_negative,0.3771732970009573,auto_finalized_review_batch,True
মারহাবা,Dhaka,,,Neutral,0.359357781836863,auto_finalized_review_batch,True
"""সমঝোতা করে নেওয়া হালাল, যত্তসব নষ্টদের দখলে।""",Dhaka,,,Sarcastic_negative,0.2594151136195756,auto_finalized_review_batch,True
প্ল্যান বাস্তবায়ন হচ্ছে,Dhaka,Dinajpur,,Sarcastic_negative,0.3754562338580232,auto_finalized_review_batch,True
সমঝোতা,Dhaka,,,Sarcastic_negative,0.3771732970009573,auto_finalized_review_batch,True
Ader police a dan,Dhaka,,,Sarcastic_negative,0.3254662968464982,auto_finalized_review_batch,True
জামায়াতের বলে চালিয়ে দেওয়া যায় না,Dhaka,,,Neutral,0.3233029406999148,auto_finalized_review_batch,True
পিডা বেদম পিডা!,Dhaka,Bandarban,,Negative,0.3432559842915746,auto_finalized_review_batch,True
Akta tader pesaa o nesaa,Dhaka,,,Negative,0.3289695558424015,auto_finalized_review_batch,True
গরম ডিমের থেরাপি দেয়া হৌক,কুমিল্লা,Chittagong,,Sarcastic_negative,0.3567265136848963,auto_finalized_review_batch,True
হাতেনাতে,রংপুর,Dhaka,Rangpur,Sarcastic_negative,0.3847677089991257,auto_finalized_review_batch,True
Jr RifatZaber HossainNafiul Alfee বড় ভাইয়েরা আদর্শে আদর্শিক হতে চাচ্ছে,Dhaka,Brahmanbaria,,Sarcastic_negative,0.3871343370655093,auto_finalized_review_batch,True
Alhamdulilla,Dhaka,,,Sarcastic_negative,0.3793964301205792,auto_finalized_review_batch,True
"""উনাকে ফখরুল সাহেবের কাছে পাঠানো হোক, দুজনেরই সুষ্ঠু বিচার আশা করছি""",Dhaka,,,Negative,0.3917999049059297,auto_finalized_review_batch,True
বুজল না সমঝোতা করে নিলেই হত,Dhaka,Mymensingh,Gazipur,Negative,0.3288605424745343,auto_finalized_review_batch,True
গরম ডিম দেও বাবুটাকে,Chandpur,,,Sarcastic_negative,0.366710821311053,auto_finalized_review_batch,True
"""ছাত্রশিবি অথবা জামাত ইসলাম বলে চালিয়ে দেন,""",Dhaka,,,Positive,0.3313396926057264,auto_finalized_review_batch,True
Eto somojotar chada,Dhaka,,,Sarcastic_negative,0.3798077095414056,auto_finalized_review_batch,True
সংবাদকর্মীরা যদি কোন দলের গোলামী না করে ঠিকমতো নিউজ করে তাহলে দেশের অবস্থা কিছুটা ভালো হবে।,Dhaka,Narsingdi,,Positive,0.3946813227270157,auto_finalized_review_batch,True
সমঝোতা করে নেওয়ার পরও কেন আটক হল তীব্র নিন্দা জানাই,নরসিংদী,Dhaka,Narsingdi,Sarcastic_negative,0.3241035218776568,auto_finalized_review_batch,True
সমঝোতা,Dhaka,,,Sarcastic_negative,0.3771732970009573,auto_finalized_review_batch,True
এগুলো মনে হয় তারেক রহমান সাহেব প্রধানমন্ত্রী চোখে পড়ে না দেখেন না,Thakurgaon,,,Negative,0.3374281174796328,auto_finalized_review_batch,True
সমঝোতা হইনি?,রাজবাড়ী,Dhaka,Rajshahi,Sarcastic_negative,0.3670904066109434,auto_finalized_review_batch,True
সমঝোতা করে নিতেছে চাদা বলবেন না দয়া করে,Dhaka,,,Positive,0.3561486995977508,auto_finalized_review_batch,True
আরো অনেক বড় বড় মাছ আছে,ফেনী,,,Negative,0.3940203414342803,auto_finalized_review_batch,True
উয়াউ,Dhaka,,,Sarcastic_negative,0.3357758041344406,auto_finalized_review_batch,True
Banay nai,শরীয়তপুর,Dhaka,,Sarcastic_negative,0.3535419195346552,auto_finalized_review_batch,True
মারহাবা,Dhaka,,,Neutral,0.359357781836863,auto_finalized_review_batch,True
যুবক আটক বলবেন। এভাবে সরাসরি বলা ঠিক হচ্ছে না।,Chittagong,,,Negative,0.3717769838498197,auto_finalized_review_batch,True
এটা চাদা না সমযোতা,Dhaka,,,Negative,0.3801843862073824,auto_finalized_review_batch,True
"""এতো শিবিরের নেতা দেখছি,,""",মেহেরপুর,,,Sarcastic_negative,0.3929884144566425,auto_finalized_review_batch,True
এদিকে জনতা আটক করবে ওইদিকে প্রশাসন ছাড়ে দিবে,Dhaka,,,Negative,0.3657801664077664,auto_finalized_review_batch,True
শুরু,কিশোরগঞ্জ,Dhaka,Narsingdi,Sarcastic_negative,0.371290663701725,auto_finalized_review_batch,True
সমঝোতা,Khulna,Jessore,Magura,Sarcastic_negative,0.3771732970009573,auto_finalized_review_batch,True
সমঝোতা,Feni,,,Sarcastic_negative,0.3771732970009573,auto_finalized_review_batch,True
গুজব গুজব,লক্ষ্মীপুর,,,Negative,0.3711659594936821,auto_finalized_review_batch,True
সমঝোতা,Dhaka,Mymensingh,Kishoreganj,Sarcastic_negative,0.3771732970009573,auto_finalized_review_batch,True
এর বিচি তে কয়েকটি ঠুকা মারা উচিত,Bogra,,,Neutral,0.3622741421969999,auto_finalized_review_batch,True
সমঝোতা,Chittagong,,,Sarcastic_negative,0.3771732970009573,auto_finalized_review_batch,True
ঈদের অগ্রিম বোনাস উত্তম মাধ্যম দেয়া হোক,Dhaka,Munshiganj,,Sarcastic_negative,0.3646570795374855,auto_finalized_review_batch,True
আ হা কি আনন্দ আকাশে বাতাসে,Dhaka,Gazipur,,Sarcastic_negative,0.3710535745900084,auto_finalized_review_batch,True
সোনার ছেলে,Sylhet,,,Sarcastic_negative,0.3186513385760652,auto_finalized_review_batch,True
মারহাবা,Chittagong,Feni,,Neutral,0.359357781836863,auto_finalized_review_batch,True
"""এবার চাঁদা গুলা পিছন দিয়ে দেন,,,""",Comilla,,,Negative,0.3878358133650764,auto_finalized_review_batch,True
সমঝোতা।,দিনাজপুর,Dinajpur,,Sarcastic_negative,0.3771732970009573,auto_finalized_review_batch,True
লোক শান,Dhaka,Barguna,,Negative,0.3457667288110746,auto_finalized_review_batch,True
"""চাদা তুলে হাজারো নেতা কর্মী , একজনকে গ্রেফতার দেখিয়ে আই ওয়াশ নিউজ দালালী ছাড়া আর কিছু না।""",Mymensingh,Sherpur,,Positive,0.3970939381068274,auto_finalized_review_batch,True
সমঝোতা,Chittagong,,,Sarcastic_negative,0.3771732970009573,auto_finalized_review_batch,True
সমঝোতা করে ছেড়ে দেওয়া হোক।,Dhaka,Patuakhali,,Neutral,0.3847045661232459,auto_finalized_review_batch,True
সুন্দর করে সমঝোতা করতে পারেনাই। কিছু প্রশিক্ষণ দরকার।,Sunamganj,,,Sarcastic_negative,0.3724155371415638,auto_finalized_review_batch,True
সমঝোতা,Chittagong,Noakhali,,Sarcastic_negative,0.3771732970009573,auto_finalized_review_batch,True
সমঝোতা,Chittagong,,,Sarcastic_negative,0.3771732970009573,auto_finalized_review_batch,True
বেপার না তাদের তো সব সমঝোতার মাধ্যমে হালাল,Dhaka,Rangpur,,Sarcastic_negative,0.3926641812797136,auto_finalized_review_batch,True
নেক্সট,ঢাকা,Rajshahi,Bogra,Sarcastic_negative,0.391646211850085,auto_finalized_review_batch,True
কাজ করে খেতে কি হয়।,যশোর,Jessore,,Sarcastic_negative,0.3530324421838857,auto_finalized_review_batch,True
কোন ব্যাপার নাহ,Khulna,Jessore,,Negative,0.384412478814375,auto_finalized_review_batch,True
এটা চাদা না সম জোতা,Barisal,,,Negative,0.3485302708605902,auto_finalized_review_batch,True
এসব টেলি ফিল্ম,Dhaka,Chittagong,Manikganj,Sarcastic_negative,0.3900186226440315,auto_finalized_review_batch,True
সমঝোতা,Barisal,Bhola,,Sarcastic_negative,0.3771732970009573,auto_finalized_review_batch,True
১০ বছরের জেল দেয়া হউক কোন আপিল করে এরা না বের হতে পারে,Dhaka,,,Negative,0.353241878884778,auto_finalized_review_batch,True
চাঁদার বিরুদ্ধে দেশের সাধারণ জনগন রাস্তায় নেমে আন্দোলন করবে খুব শীঘ্রই।।।,Rajshahi,,,Negative,0.3823691546435888,auto_finalized_review_batch,True
"""সামনে ইদ, কেনাকাটা করা লাগবে তো।""",Dhaka,Rangpur,Gaibandha,Positive,0.3476849562445842,auto_finalized_review_batch,True
বিএনপির নেতা কর্মীরা হলেও রিমান্ডে নেওয়া দরকার,Bogra,,,Negative,0.3936099245796696,auto_finalized_review_batch,True
সমঝোতা,Chittagong,Cox's Bazar,,Sarcastic_negative,0.3771732970009573,auto_finalized_review_batch,True
সোনার ছেলে গড়বে সোনার দেশ।,Dhaka,,,Positive,0.3847113168774428,auto_finalized_review_batch,True
সমাঝোতা,বরিশাল,Barishal,Barisal,Sarcastic_negative,0.3546251488724497,auto_finalized_review_batch,True
ডাইরেক্ট একশান করে দাও।,Dhaka,,,Positive,0.3447360484833024,auto_finalized_review_batch,True
৫ টা বছর টিভি চ্যানেল গুলা এই সব পোস্ট করে ইনকাম করবে সে জন্য তো নির্বাচন এ উলটা পালটা নিউজ করে ক্ষমতা আনলো,Khulna,,,Sarcastic_negative,0.3857049853677849,auto_finalized_review_batch,True
সমোঝোতা বুঝো না?,Dhaka,,,Sarcastic_negative,0.3981880841932722,auto_finalized_review_batch,True
সমঝোতাই ব‍্যর্থ নেতা পদ স্থগিত করা উচিত,Dhaka,Chittagong,Noakhali,Positive,0.3555088405342896,auto_finalized_review_batch,True
কে জানি বলল জামাতরা চাঁদাবাজি করে সে কই,Dhaka,,,Negative,0.3416231048175907,auto_finalized_review_batch,True
কি সোনার নেতা।,Chittagong,Noakhali,,Positive,0.3505049794075731,auto_finalized_review_batch,True
চারদিকে শুধু উন্নয়ন আর উন্নয়ন!,Comilla,,,Negative,0.3385932478570791,auto_finalized_review_batch,True
সমঝোতা,Chittagong,Chandpur,,Sarcastic_negative,0.3771732970009573,auto_finalized_review_batch,True
ঘন দোলাই দেন নাই...??,Cumilla,Feni,,Sarcastic_negative,0.3831483770380117,auto_finalized_review_batch,True
সমঝোতা,ব্রাহ্মণবাড়িয়া,Dhaka,Barisal,Sarcastic_negative,0.3771732970009573,auto_finalized_review_batch,True
সম,Chittagong,Cox's Bazar,,Sarcastic_negative,0.3832344936100511,auto_finalized_review_batch,True
"""এরা নেতা হয় কি ভাবে কোথাও মিছিল মিটিংয়ে কথা ও তু বলতে পারে না, নেতা হতে গেলে মিনিমাম শিক্ষার দরকার আছে এদের কি তা আছে""",Dhaka,,,Negative,0.3882122873065678,auto_finalized_review_batch,True
জাতি ১নাম্বার হওয়ার অপেক্ষায়,Dhaka,,,Negative,0.3346332874546919,auto_finalized_review_batch,True
উন্নয়ন,Dhaka,,,Negative,0.3496681937393312,auto_finalized_review_batch,True
আস্তাগফিরুল্লাহ এইগুলা কি বলেন? পাপ হবে না মুক্তিযুদ্ধের পক্ষের শক্তির বিরুদ্ধে অপপ্রচার চালাচ্ছেন বট বাহিনী নাকি?,Dhaka,Chittagong,,Positive,0.3012219311014197,auto_finalized_review_batch,True
সমঝোতা,Dhaka,Khulna,Kushtia,Sarcastic_negative,0.3771732970009573,auto_finalized_review_batch,True
ওরে বেশি করে সরিষার তেল মাখান সব টিক হয়ে যাবে,Dhaka,,,Sarcastic_negative,0.341925963481579,auto_finalized_review_batch,True
ঈদ বোনাস,Dhaka,,,Negative,0.3337878475654783,auto_finalized_review_batch,True
চমৎকার,Dhaka,Brahmanbaria,,Negative,0.3467644843411795,auto_finalized_review_batch,True
সবই সমঝোতা,গাজীপুর,Dhaka,Chittagong,Sarcastic_negative,0.3928812836699318,auto_finalized_review_batch,True
এগুলো দু একটি বিচ্ছিন্ন ঘটনা এ ছাড়া চাঁদাবাজি ছিল স্বাভাবিক,Dhaka,,,Sarcastic_negative,0.3923590727542212,auto_finalized_review_batch,True
De pida chikon jingla dia!!,Dhaka,Chittagong,Chandpur,Sarcastic_negative,0.3905187236191639,auto_finalized_review_batch,True
গুড জব,Dhaka,Kishoreganj,,Negative,0.3759206223733473,auto_finalized_review_batch,True
কররে ভাই,সিলেট,Dhaka,Sylhet,Positive,0.2908338226728483,auto_finalized_review_batch,True
এইডা নেতা ?,Dhaka,Tangail,,Sarcastic_negative,0.2933328656931461,auto_finalized_review_batch,True
"""ওটা চাঁদা না ওটা সমঝোতা, আর এখন তাকে সমঝোতার মাধ্যমে """"উত্তম মাধ্যম"""" দিলেই হয়ে যাবে""",Dhaka,,,Sarcastic_negative,0.377156028482892,auto_finalized_review_batch,True
বিম্পির সব ছাপরি......,Dhaka,Bagerhat,,Negative,0.3853323639029387,auto_finalized_review_batch,True
হয়তো বা সমঝোতার মাধ্যমে চাঁদা নিয়েছে।আগে করতো যুবলীগ আর এখন করছে যুবদল।,Dhaka,Kushtia,,Sarcastic_negative,0.3866417209648002,auto_finalized_review_batch,True
স্বইচ্ছায় প্রদান ভাই,Dhaka,,,Sarcastic_negative,0.2997603952547192,auto_finalized_review_batch,True
অশিক্ষিত বেকারদের কর্মসংস্থান,Narayanganj,,,Positive,0.381514931501286,auto_finalized_review_batch,True
সমঝোতা।,কুমিল্লা,Comilla,,Sarcastic_negative,0.3771732970009573,auto_finalized_review_batch,True
সমঝোতা,Chittagong,,,Sarcastic_negative,0.3771732970009573,auto_finalized_review_batch,True
এটা কে নেতা মনে হয় কোন অ্যাঙ্গেল থেকে,Dhaka,,,Sarcastic_negative,0.3677512242724493,auto_finalized_review_batch,True
"""দরতে সময় লাগে না , ছরতেও সময়ে লাগেনা,ও কি সমঝোতা করে না।""",Dhaka,,,Sarcastic_negative,0.3320114814843694,auto_finalized_review_batch,True
ইস....স্!,Chittagong,Barisal,,Sarcastic_negative,0.3880727294638088,auto_finalized_review_batch,True
কি দেশ রে ভাই নিউজ মিডিয়া গুজব ছড়ায়,Dhaka,Gazipur,,Sarcastic_negative,0.3597940727655747,auto_finalized_review_batch,True
জোর করে তুলছিল নাকি সমন্বয় করে তুলেছিল চাঁদা,Dhaka,Mymensingh,,Negative,0.3818294397046377,auto_finalized_review_batch,True
It's সমঝোতা,Barisal,,,Sarcastic_negative,0.3771732970009573,auto_finalized_review_batch,True
কি যুগ আইলো আকাম করলেই কট,ভোলা,Barisal,Bhola,Negative,0.3955220100442057,auto_finalized_review_batch,True
Salar khubri tul,জয়পুরহাট,Dhaka,Rangpur,Sarcastic_negative,0.343053519066526,auto_finalized_review_batch,True
মাশাল্লাহ,Chittagong,Barisal,Bhola,Negative,0.3755900515803824,auto_finalized_review_batch,True
হাত কাটা উচিত,Dhaka,,,Sarcastic_negative,0.3617168530887516,auto_finalized_review_batch,True
সমঝোতা,Dhaka,,,Sarcastic_negative,0.3771732970009573,auto_finalized_review_batch,True
ঈদের বোনাস।,Chittagong,Noakhali,,Negative,0.391417337367004,auto_finalized_review_batch,True
ঔ কি রে কি রে মধু মধু,Dhaka,Pabna,,Sarcastic_negative,0.3816293081415741,auto_finalized_review_batch,True
এগুলা সোনার ছেলে,ঢাকা,Dhaka,Mymensingh,Positive,0.3956570751820846,auto_finalized_review_batch,True
এর পরেও বাংলাদেশের মানুষ তাদের কে ই ভোট টা দিবে,Dhaka,Barisal,Bhola,Negative,0.3375768013915429,auto_finalized_review_batch,True
সমজতা,Panchagarh,,,Sarcastic_negative,0.3771732970009573,auto_finalized_review_batch,True
আটক কট,Dhaka,Jamalpur,,Negative,0.3759822479179464,auto_finalized_review_batch,True
সমঝোতা সমঝোতা,Manikganj,,,Sarcastic_negative,0.3771732970009573,auto_finalized_review_batch,True
বাহ,Chittagong,Rangamati,,Sarcastic_negative,0.3782731818145049,auto_finalized_review_batch,True
দলকানাগুলো দেখি রাতকানাও,Dhaka,,,Sarcastic_negative,0.3939049008224369,auto_finalized_review_batch,True
সবকিছুই সমঝোতা,Khulna,Jessore,,Sarcastic_negative,0.3594941468227223,auto_finalized_review_batch,True
ঠিক ভাই ঠিক,Thakurgaon,,,Negative,0.3156205037198594,auto_finalized_review_batch,True
বাহ চমৎকার,Dhaka,,,Negative,0.3599843242487289,auto_finalized_review_batch,True
সময়ের সঠিক সিদ্ধান্ত,Dhaka,,,Positive,0.3894309838176653,auto_finalized_review_batch,True
এইবার ঠিক আছে,Dhaka,,,Negative,0.3726950930517287,auto_finalized_review_batch,True
সমঝোতায় চলবে সব,Dhaka,Patuakhali,,Neutral,0.3564165624353371,auto_finalized_review_batch,True
খাওক,Sylhet,,,Sarcastic_negative,0.3820162943812202,auto_finalized_review_batch,True
হুম তাই তো,Dhaka,,,Sarcastic_negative,0.3808797369246197,auto_finalized_review_batch,True
ঠিক কইছেন নেতা,Dhaka,,,Positive,0.321594862450882,auto_finalized_review_batch,True
মানচিত্র খাবি!,Dhaka,Gazipur,Cox's Bazar,Sarcastic_negative,0.392645175214671,auto_finalized_review_batch,True
খা,Dhaka,,,Sarcastic_negative,0.3889876003066858,auto_finalized_review_batch,True
খা খা ইচ্ছা মতো খা,Feni,,,Sarcastic_negative,0.3377018553562537,auto_finalized_review_batch,True
হ ভাই মিলেমিশে খা,Dhaka,Kushtia,,Sarcastic_negative,0.3828095565540504,auto_finalized_review_batch,True
ঠিক।,Dhaka,Narsingdi,,Negative,0.3354828363862474,auto_finalized_review_batch,True
গু খাবে না?,Khulna,,,Sarcastic_negative,0.376227085765092,auto_finalized_review_batch,True
একটু অপেক্ষা কর,Dhaka,,,Sarcastic_negative,0.3636911098142191,auto_finalized_review_batch,True
ঠিক,Dhaka,Mymensingh,Jamalpur,Negative,0.3354828363862474,auto_finalized_review_batch,True
অবশ্যই,সিলেট,নরসিংদী,Sylhet,Sarcastic_negative,0.3856469368901266,auto_finalized_review_batch,True
ওর কথায় যুক্তি আছে,Chandpur,,,Positive,0.3770936744118121,auto_finalized_review_batch,True
এরা কোন গ্রহের,Dhaka,,,Negative,0.3270605155271434,auto_finalized_review_batch,True
ঠিক ঠিক,Dhaka,Rangpur,,Negative,0.3354828363862474,auto_finalized_review_batch,True
আমি এতে একমত,Cox's Bazar,,,Sarcastic_negative,0.3508485247467793,auto_finalized_review_batch,True
Mair,Dhaka,Gazipur,,Sarcastic_negative,0.3889691552707389,auto_finalized_review_batch,True
আয় হায়,Chittagong,Noakhali,,Sarcastic_negative,0.3844961410834632,auto_finalized_review_batch,True
খেতে খেতে এগিয়ে যাও,Dhaka,Gazipur,Sirajganj,Positive,0.3497529773696798,auto_finalized_review_batch,True
চমেৎকার,Dhaka,,,Negative,0.3467644843411795,auto_finalized_review_batch,True
মারহাবা,Rangpur,,,Neutral,0.359357781836863,auto_finalized_review_batch,True
ঠিক ঠিক,Dhaka,Faridpur,,Negative,0.3354828363862474,auto_finalized_review_batch,True
জ্বি স্যার,Dhaka,Mymensingh,,Sarcastic_negative,0.3681149850252685,auto_finalized_review_batch,True
ঠিকহে,নরসিংদী,Tangail,,Sarcastic_negative,0.3370578459606143,auto_finalized_review_batch,True
এগুলি খাবার জিনিষ??,Dhaka,Jamalpur,,Positive,0.3563147809528756,auto_finalized_review_batch,True
আনোয়ার টিভির সংবাদ,Dhaka,Barisal,,Negative,0.3051669550157083,auto_finalized_review_batch,True
মাশাল্লাহ,Chittagong,Noakhali,,Negative,0.3755900515803824,auto_finalized_review_batch,True
অয়,Sylhet,,,Sarcastic_negative,0.3195941139906055,auto_finalized_review_batch,True
ঠিক ই বলছে,বগুড়া,Dhaka,Bogura,Negative,0.384624983967068,auto_finalized_review_batch,True
দলকানারা এসব দেখে না?,Dhaka,Cox's Bazar,,Sarcastic_negative,0.3914584539410305,auto_finalized_review_batch,True
জ্বী ভাই,ঢাকা,Tangail,,Sarcastic_negative,0.3020009924761431,auto_finalized_review_batch,True
বাহ,Chittagong,Brahmanbaria,,Sarcastic_negative,0.3782731818145049,auto_finalized_review_batch,True
ঠিক,Dhaka,Narayanganj,,Negative,0.3354828363862474,auto_finalized_review_batch,True
জি বুঝলাম,Dhaka,Khulna,Jessore,Negative,0.3445061871899652,auto_finalized_review_batch,True
ওয়াও নাইচ । আমি ও আছি,Dhaka,,,Negative,0.3977535079416912,auto_finalized_review_batch,True
বরি দে,Dhaka,,,Sarcastic_negative,0.365744892233927,auto_finalized_review_batch,True
সহমত ভাই,Dhaka,Dinajpur,,Sarcastic_negative,0.3079175101001481,auto_finalized_review_batch,True
এ জন্যই রাজনিতি,Dhaka,,,Positive,0.352955868979953,auto_finalized_review_batch,True
সঠিক সিদ্ধান্ত,Dhaka,Narsingdi,,Positive,0.3962588517787374,auto_finalized_review_batch,True
সমঝোতা করে খাইয়েন,Dhaka,,,Sarcastic_negative,0.3442174577799193,auto_finalized_review_batch,True
হাট ঘাট মাঠ সব খা।,Dhaka,Gazipur,Patuakhali,Sarcastic_negative,0.3519912901231324,auto_finalized_review_batch,True
জনগন আগের মতন নাই প্রিয়,Chittagong,Noakhali,,Negative,0.3632282833296765,auto_finalized_review_batch,True
ঠিক,Dhaka,Sherpur,,Negative,0.3354828363862474,auto_finalized_review_batch,True
জ্বি,Dhaka,,,Sarcastic_negative,0.3965322960651849,auto_finalized_review_batch,True
ইচ্ছেমত খাও,Dhaka,Gazipur,Pabna,Sarcastic_negative,0.3980629768747185,auto_finalized_review_batch,True
হাট ঘাট খায় কি ভাবে??,Dhaka,Magura,Pirojpur,Sarcastic_negative,0.3865937626297396,auto_finalized_review_batch,True
"""সাবাস বেটা, এগিয়ে যাও।""",Dhaka,,,Positive,0.3782755430686801,auto_finalized_review_batch,True
ঠিকই তো,Chittagong,,,Sarcastic_negative,0.3435270008132841,auto_finalized_review_batch,True
সমঝোতা গো।,Dhaka,Bogra,,Sarcastic_negative,0.374544248783922,auto_finalized_review_batch,True
এইটাই প্ল্যান,Dhaka,Dinajpur,,Sarcastic_negative,0.3561980786432771,auto_finalized_review_batch,True
হাট ঘাটের গু খাবে??,Tangail,,,Sarcastic_negative,0.3630808611772665,auto_finalized_review_batch,True
Amio tai boli ustad. …,Dhaka,Kishoreganj,,Sarcastic_negative,0.3704790695258032,auto_finalized_review_batch,True
সাবাস বাগিনা,Dhaka,Tangail,,Sarcastic_negative,0.3722227588255354,auto_finalized_review_batch,True
ঠিক ঠিক।,Comilla,,,Negative,0.3354828363862474,auto_finalized_review_batch,True
Only Love react,Narayanganj,,,Sarcastic_negative,0.3520209642261376,auto_finalized_review_batch,True
চালিয়ে যেতে পার,Khulna,Jessore,,Negative,0.3811281279160218,auto_finalized_review_batch,True
ঠিক হে,Sylhet,Sunamganj,,Negative,0.3231729260754836,auto_finalized_review_batch,True
মারহাবা!,Chittagong,Noakhali,,Neutral,0.3769859917758971,auto_finalized_review_batch,True
খাইও তবে সমাজতার মাদ্যমে।,Chittagong,,,Sarcastic_negative,0.3697809134311043,auto_finalized_review_batch,True
মারহাবা মারহাবা,Chittagong,,,Neutral,0.359357781836863,auto_finalized_review_batch,True
অবশ্যই খাবে!,Dhaka,Barishal,Gopalganj,Sarcastic_negative,0.3893049184838453,auto_finalized_review_batch,True
হাচা কতা কইছেন।,Dhaka,Faridpur,,Negative,0.3815576982414987,auto_finalized_review_batch,True
জয়বাংলা,চাঁপাইনবাবগঞ্জ,,,Sarcastic_negative,0.3514780772771273,auto_finalized_review_batch,True
বাহ বাহ,Khulna,,,Sarcastic_negative,0.3782731818145049,auto_finalized_review_batch,True
ওমা তাই,Dhaka,,,Sarcastic_negative,0.3719139469868775,auto_finalized_review_batch,True
খাবে,ঢাকা,Dhaka,Barisal,Sarcastic_negative,0.3826563659071779,auto_finalized_review_batch,True
আমি ও তাই বলি।,Dhaka,Jamalpur,,Negative,0.3254665697994012,auto_finalized_review_batch,True
খা রে ভাই খা,Comilla,,,Sarcastic_negative,0.3555799563362296,auto_finalized_review_batch,True
চমৎকার,Dhaka,,,Negative,0.3467644843411795,auto_finalized_review_batch,True
বাহ..,Patuakhali,,,Sarcastic_negative,0.3637077932406931,auto_finalized_review_batch,True
মন মত খা,Gazipur,,,Sarcastic_negative,0.3557730856621005,auto_finalized_review_batch,True
আসেন সবাই মিলে মিশে খাই,Barisal,Bhola,,Sarcastic_negative,0.3553903647333604,auto_finalized_review_batch,True
Ahare ruti ruji,Rajshahi,,,Sarcastic_negative,0.3798735385476702,auto_finalized_review_batch,True
এমন কথায় তো শুনতে চাই,Khulna,,,Positive,0.3765143888851834,auto_finalized_review_batch,True
ঠিক,Dhaka,Barguna,,Negative,0.3354828363862474,auto_finalized_review_batch,True
উওম প্রস্তাব,দিনাজপুর,Bogra,Dinajpur,Sarcastic_negative,0.3400830746450586,auto_finalized_review_batch,True
হাট আর বেশি দূর নয়।,Rajshahi,,,Negative,0.3525288500910274,auto_finalized_review_batch,True
সাবাস বেটা।,Khulna,Jashore,Satkhira,Sarcastic_negative,0.3947783163392007,auto_finalized_review_batch,True
ঠিকই বলেছ ।,বরিশাল,,,Sarcastic_negative,0.3822552583981815,auto_finalized_review_batch,True
