Comment,Location 1,Location 2,Location 3,Sentiment,sentiment_confidence,sentiment_source,needs_review
মূল গনতন্ত্র ফিরে পেয়েছে বাংলাদেশ।,,,,Positive,0.3464153765939562,auto_second_pass_kept,True
"নবনির্বাচিত সকল সম্মানিত এমপি মহোদয়দের জানাই আন্তরিক অভিনন্দন ও শুভেচ্ছা। আশা করি, আপনারা দেশের মানুষের প্রত্যাশা ও আস্থার প্রতিফলন ঘটিয়ে সংসদে নতুন দৃষ্টান্ত স্থাপন করবেন। আপনাদের সৎ নেতৃত্ব, দূরদর্শিতা ও জনকল্যাণমূলক কার্যক্রমের মাধ্যমে দেশ এগিয়ে যাবে উন্নয়ন ও সমৃদ্ধির পথে—এই প্রত্যাশাই রইল।",,,,Negative,0.3846125950278465,auto_second_pass_kept,True
দেড় বছর সরকার চালানোর পর এবার বিরোধীদলে যাচ্ছে জামায়াত -এনসিপি।,,,,Negative,0.5870146877195251,model_autofill,False
অভিনন্দন ও শুভকামনা রইল সেই সাথে দেশ দূরনীতি মুক্তর প্রত্যাশা রইলো।,,,,Negative,0.4563606496742163,model_autofill,True
আলহামদুলিল্লাহ l,,,,Positive,0.6938070689355245,model_autofill,False
শুভকামনা রইল l,,,,Sarcastic_negative,0.5136699816049957,model_autofill,False
বাংলাদেশের স্বরাষ্ট্রমন্ত্রী কিন্তু ভারত,,,,Positive,0.3793833616304457,auto_second_pass_kept,True
সরকার গঠন করে,,,,Positive,0.3972519180277349,model_autofill,True
তারেক রহমানের,,,,Positive,0.4354365903174676,model_autofill,True
বিরোধী দলীয় নেতাদের বাসায় সৌজন্য সাক্ষাৎ দেশের জন্য ইতিবাচক হবে বলে মনে করি ইনশাআল্লাহ।,,,,Positive,0.8839910590249664,model_autofill,False
আলহামদুলিল্লাহ,,,,Positive,0.6938070689355245,model_autofill,False
ব্রেকিং,,,,Sarcastic_negative,0.3810018476138929,auto_second_pass_kept,True
বিএনপি জুলাই এর সংবিধান সংস্কার পরিষদের শপথ নিচ্ছে না ।,,,,Negative,0.8655839088978776,model_autofill,False
- সালাউদ্দিন আহমেদ,,,,Neutral,0.6356798909905284,model_autofill,False
বাংলাদেশ আবার পথ হারালো হয়তো ।,,,,Positive,0.5201353554144799,model_autofill,False
"ক্রাস খায়েননা,যে ভাবে থাকি আছে আমাদের লিডার।",,,,Negative,0.6638007196637108,model_autofill,False
এই-যে আপনাকে বলছি শুনোন শপথ সুন্দর ভাবে করুন দে-শ যেনো ভালো চলে,,,,Negative,0.4075779819257793,model_autofill,True
না হলে মন্ত্রী হিসেবে ব্যর্থ হবেন,,,,Neutral,0.9065212452896606,model_autofill,False
দীর্ঘ প্রায় ২০ বছর পরে ক্ষমতায় যাচ্ছেন,,,,Negative,0.4699561677749546,model_autofill,True
শুভকামনা রইল,,,,Sarcastic_negative,0.5136699816049957,model_autofill,False
বাংলাদেশের জাতি চুটিয়া জাতি এই জাতির ভাগ্য পরিবর্তন হবে না,,,,Negative,0.391925651000832,auto_second_pass_kept,True
এত টুপি গেল কোথায়?,,,,Sarcastic_negative,0.5407220390914346,model_autofill,False
জুলাইয়ের সাথে বিম্পির গাদ্দারি,,,,Sarcastic_negative,0.375071419854887,auto_second_pass_kept,True
জুলাই যোদ্ধা রা রেডি থাকো দেশে আরও একটা কঠিন থেকে কঠিন লড়াই হবে লড়াই,,,,Neutral,0.8186020926505171,model_autofill,False
জুলাই এর হাতিয়ার গর্জে উঠোক আরেক বার,,,,Sarcastic_negative,0.3849196280392124,auto_second_pass_kept,True
পল্টি নেওয়া শুরু তাইলে..,,,,Sarcastic_negative,0.4467533810955582,model_autofill,True
এগিয়ে জান লিডার পুরা পৃথিবী আপনার বিপক্ষে থাকলেও আমি পৃথিবীর পক্ষে আছি,,,,Positive,0.30994590884822,auto_second_pass_kept,True
এইতো মাত্র লাইনে আসা শুরু করছে।,,,,Negative,0.4277912571206947,model_autofill,True
সামনে আরো ইন্টারেস্টিং কিছু অপেক্ষা করতেছে আশা করা যায়,,,,Sarcastic_negative,0.3312611937709107,auto_second_pass_kept,True
"কারো কথাই, সমালোচনায় কান দিয়োনা , নিজে নিজে এগিয়ে যাও ভারতের দিকে",,,,Sarcastic_negative,0.3876221403434558,auto_second_pass_kept,True
পল্টি নেওয়া শুরু তাইলে.. সবাই মিলে মিশে থাকা উচিত,,,,Negative,0.3465001278932271,auto_second_pass_kept,True
হাসু আপুর সংবিধানই থাকলে হাসু আপুই বৈধ প্রধানমন্ত্রী।,,,,Sarcastic_negative,0.3477368880857945,auto_second_pass_kept,True
জুলাই আন্দোলনে কারনেই আজ BNP শপথ নিতে পেরেছে। নইলে “ঈদের পর আন্দোলন” বলে বলে বলে বলে ১৭ বছরের সাথে আর কত ১৭ বছর যেতো আল্লাহ জানেন ।,,,,Positive,0.3392319682052657,auto_second_pass_kept,True
মন থেকে বিএনপিকে ধন্যবাদ জানাই এরকম যুগান্তকারী একটা সিদ্ধান্ত নেওয়ার জন্য,,,,Negative,0.3576605865841564,auto_second_pass_kept,True
১৯৯৬ সালে বিএনপি কত দিন ক্ষমতায় ছিল,,,,Negative,0.828174515697979,model_autofill,False
The Constitution of 1972 is the best in the entire world.,,,,Neutral,0.4669798462326713,model_autofill,True
"সমস্যা নাই বেইমানদের তো চিনলো জনগণ, খুব শীঘ্রই কিছু একটা ঘটতে যাচ্ছে।",,,,Sarcastic_negative,0.4436418161739298,model_autofill,True
"তাহলে তো হাসু আপার সংবিধানে তিনিই এখনো প্রধানমন্ত্রী, তাকে তার দায়িত্ব বুজিয়ে দেয়া হোক",,,,Positive,0.4259176315766108,model_autofill,True
Think ache.polapainr kothai BNP cholbe naki,,,,Sarcastic_negative,0.4395975808592544,model_autofill,True
সংস্কারের পক্ষে শপথ না নিলে মেয়াদ দিলাম সর্বোচ্চ ২বছর,,,,Negative,0.316780963587919,auto_second_pass_kept,True
যুগের পরে যুগ ইতিহাসে লেখা আছে গাদ্দারী তো ওরাই করে যাদের অস্তিত্ব বিলিনের পথে যখন তারা স্বস্তি ফিরে পায়,,,,Negative,0.5227227687536323,model_autofill,False
"বিএনপি আওয়ামী লীগ ভাই ভাই, মিলেমিশে ভাগ করে খাই, তাই খাওয়ার জন্য সংস্করণ শপথ নিবে না",,,,Positive,0.3621916638672113,auto_second_pass_kept,True
ওরা চায় না সংস্কার হোক,,,,Sarcastic_negative,0.320242860481563,auto_second_pass_kept,True
শনির দশার অপেক্ষায়,,,,Negative,0.453167062024215,model_autofill,True
জুলাই এর সঙ্গে বেইমানি করলে এদেশে আবারো জুলাই নেমে আসবে ইনশাআল্লাহ...,,,,Positive,0.5279679167558625,model_autofill,False
"এখানে এত অবাক হওয়ার কি আছে, বিনপি এমন পোল্টি মারবে তা তো সবার জানা থাকার কথা। নির্বাচন এ যা করছে তাতে না বুঝার কিছুই নাই এরা ভবিষ্যত এ ভালো কিছুই করবে না।",,,,Negative,0.3870688926508797,auto_second_pass_kept,True
"মাহদী আগমন করেছেন, আজই তাঁর প্রতি আনুগত্য ও সমর্থনের অঙ্গীকার করুন!",,,,Negative,0.3420973792997313,auto_second_pass_kept,True
নবী মুহাম্মদ (সা. ও তাঁর পরিবার) বলেছেন:,,,,Positive,0.4815167403042097,model_autofill,True
"“যে ব্যক্তি তার সময়ের ইমামের প্রতি আনুগত্য (বাইআত) না করে মৃত্যুবরণ করে, সে জাহেলিয়াতের মৃত্যুবরণ করেছে।""",,,,Positive,0.4998373503227676,model_autofill,True
YouTube : The Mahdi Has Appeared.,,,,Neutral,0.430508767220832,model_autofill,True
তাহলে এ নির্বাচনের মানে কি,,,,Sarcastic_negative,0.6187800904247834,model_autofill,False
শুরু হচ্ছে তাহলে,,,,Negative,0.334846010318125,auto_second_pass_kept,True
"17 বছর পর ও কিন্ত আওয়ামীলীগ অপমানিত হয়ে দেশ ছাড়তে হইছে ,, এটা মাথায় রাখা ভাল,, না হলে ,,,Another terrible revolution awaits us",,,,Negative,0.3802000202882466,auto_second_pass_kept,True
Aita agai Jana silo Amon e hobe..,,,,Neutral,0.6117047647086356,model_autofill,False
Ai karone BNP support korina,,,,Sarcastic_negative,0.3556634044468862,auto_second_pass_kept,True
আরো কতো কি বাকি আছে সামনে ইনশাআল্লাহ,,,,Positive,0.6175235183675657,model_autofill,False
১২ দিন পরে নিবে,,,,Negative,0.3971783689358061,model_autofill,True
"ওহ নো,,,",,,,Sarcastic_negative,0.4454081373957271,model_autofill,True
জিনি খমতা দিতে পারে তিনি খমতা কেরেও নিতে পারে এটা নিয়ে চিন্তার কিছু নেই সকল খমতার মালিক হলো আল্লাহ নো টেনশোন,,,,Negative,0.5017033083044965,model_autofill,False
ব্যাপারটা চুদলিং সং হয়ে গেলো ।,,,,Negative,0.5627378631722779,model_autofill,False
এটাকে বলে ইউ টার্ন 360°,,,,Positive,0.514124925200634,model_autofill,False
শাবাশ,,,,Sarcastic_negative,0.3923645359533542,auto_second_pass_kept,True
"গুড ডিসিশন, বাঙ্গালীদের এভাবেই প্রতিদান দিতে হয়।",,,,Sarcastic_negative,0.3494152334630488,auto_second_pass_kept,True
আপনারা এগিয়ে যান আমি ফুল সাপোর্টে আছি,,,,Sarcastic_negative,0.5239648798849809,model_autofill,False
"দরকার হয় উচ্চ-কক্ষ বাতিল করেন আমি তাতেও রাজি।(এবার বুজবে মূর্খ বাঙালি কাদের ভোট দিছে,অশিক্ষিত বাঙালি)",,,,Positive,0.579637795349449,model_autofill,False
ইন্ডিয়ার এজেন্ট পার্টি,,,,Sarcastic_negative,0.3350764275460201,auto_second_pass_kept,True
নিজের পায়ে নিজেরাই কুড়াল মারতেছে,,,,Negative,0.6458180223753369,model_autofill,False
আওয়ামীলীগ স্টাইলে খেলা শুরু,,,,Sarcastic_negative,0.5619022186280171,model_autofill,False
Agula re party Gali dei na amaro dekhbo koydin thake,,,,Neutral,0.3961276970465356,auto_second_pass_kept,True
asol rup ta dekhai dilo asar sathe sathei.,,,,Sarcastic_negative,0.4037043876181324,model_autofill,True
অবিলম্বে জুলাই আন্দোলনের সর্বস্তরের জনতা আবার ঐক্য হতে হবে বি এন পি নামক নব্য ফ্যাসিবাদের পতনের ডাক দিয়ে এদেশের মাটি কে পবিত্র করতে হবে। বি এন পি নয় জুলাই চাই। বি এন পি কে দায়িত্ব নিয়ে শাখা প্রশাখা গজানোর আগেই কেটে ফেলতে হবে।,,,,Neutral,0.7033567355239232,model_autofill,False
যারা জনগণের গনোভোটের রায়'কে মানে 'না তারা ই আবার জনগনের দিয়া ভোটে সংসদে যেতে চায় কেমনে?,,,,Sarcastic_negative,0.4058005497320213,model_autofill,True
আবারও পুনমারামারী শুরু গরি দিইয়ি..,,,,Sarcastic_negative,0.380561398412341,auto_second_pass_kept,True
গিরগিট এর মত ক্ষমতায় এসে রং দেখানো শুরু হয়ে গেছে,,,,Sarcastic_negative,0.3981733726581349,model_autofill,True
সালারে কি পরিমানের বাটপারি করবে বুঝার বাকী নাই আর!,,,,Negative,0.7405256523410376,model_autofill,False
পল্টি নিলো জাতির সাথে বেইমানি,,,,Sarcastic_negative,0.4541771521258259,model_autofill,True
পল্টি বাজ,,,,Sarcastic_negative,0.5630528570058544,model_autofill,False
কোটা না মেধা,,,,Sarcastic_negative,0.4060559988183806,model_autofill,True
মেধা মেধা।,,,,Sarcastic_negative,0.439898292074155,model_autofill,True
সঠিক সিদ্ধান্ত ধন্যবাদ সরকার কে।,,,,Positive,0.5949152141161642,model_autofill,False
শপথ নেয়ার কি আছে জুলাই সনদ এটা চলমান প্রক্রিয়া,,,,Negative,0.7248328558336196,model_autofill,False
বিএনপিকে স্যালুট জানাই।,,,,Negative,0.9220387307247228,model_autofill,False
ওয়াকারকে সকল ক্ষমতা হস্তান্তর করা হোক,,,,Negative,0.45262899956094,model_autofill,True
"আমাদের সংবিধানে গণবিপ্লবের মুখে প্রধানমন্ত্রী পলাইয়া গেলে কি হবে এইটা বলা নাই। কাজেই কেউ চাইলে এইটা দাবি করতে পারে যে, সংবিধান অনুযায়ী হাসিনা এখনো বৈধ প্রধানমন্ত্রী। এবং সংবিধান অনুযায়ী এই নির্বাচন হবার কথা ছিল ২০২৮ সালে।",,,,Neutral,0.3990746608463968,model_autofill,True
সংবিধান অনুযায়ী ইউনুসের অন্তর্বর্তী সরকার অসাংবিধানিক। সংবিধানের কোথাও অন্তর্বর্তী সরকারের কথা লেখা নাইতো। কাজেই সংবিধান অনুযায়ী অন্তর্বর্তী সরকারের অধীনে করা নির্বাচনও অসাংবিধানিক।,,,,Negative,0.4761510356323828,model_autofill,True
"তো, সংসদ সদস্য হিসাবে আপনাদের শপথ কেমনে সাংবিধানিক হয়?",,,,Sarcastic_negative,0.7749302927042687,model_autofill,False
এতে পলাতক স্বৈরাচার ও দালালরা খুশি হবে এটাই তো স্বাভাবিক! বিএনপি'র পথ চলার শুরুটা কিই তবে আওয়ামী সঠতা দিয়ে?,,,,Neutral,0.4404938771577441,model_autofill,True
2024 এর জুলাই সনদ বাস্তবায়ন করতে না পারলে।। এখন 2026 সালে কিসের নির্বাচন.. কারণ 1972 সালের সংবিধান অনুযায়ী জাতীয় সংসদ নির্বাচন এর সর্বশেষ 2029 সাল পর্যন্ত,,,,Sarcastic_negative,0.5461893341945118,model_autofill,False
শেখের বেটি প্রধানমন্ত্রী শেখ হাসিনা??,,,,Positive,0.3071150221980524,auto_second_pass_kept,True
juuuuuuulay der ki hobe,,,,Sarcastic_negative,0.5474335522011474,model_autofill,False
Taile tomgo thakar dorker nai,,,,Sarcastic_negative,0.363593252008987,auto_second_pass_kept,True
জুলাইয়ের সাথে গাদ্দারির ফল ভালো হবে না,,,,Neutral,0.7347619549676347,model_autofill,False
কপালে এদেরো দুংখ আছে এটা ক্লিয়ার।,,,,Negative,0.4186963411031271,model_autofill,True
আরেক জুলাইয়ের অপেক্ষ বাংলাদেশ,,,,Positive,0.648993269343382,model_autofill,False
আগেই বুজছিলাম নেতার উপরে আলেম ভিতরে জালেম,,,,Negative,0.5493480327955202,model_autofill,False
Kokhn ki bole,,,,Sarcastic_negative,0.3985783877551422,model_autofill,True
জনগণের সাথে বেইমানি,,,,Sarcastic_negative,0.6040133253554617,model_autofill,False
জনগন হ‍্যাঁ ভোট দিয়ে জয় যুক্ত করেছে,,,,Positive,0.4623043735543206,model_autofill,True
শপথ করতাছি আমরা জনগণের টাকা লুটে খাব তোমরা কোন কথা বলতে পারবে নাচোর সব একসাথে শপথ পড়তাছে,,,,Negative,0.5691416696563161,model_autofill,False
Beiman b n p,,,,Sarcastic_negative,0.4069137370619967,model_autofill,True
ইতিহাসের সেরা গাদ্দার টিকবে না ১৭ বছরের হাসিনার ক্ষমতা টিকেিয়ে রাখতে পারে নাই সকল প্রশাসন তার হাতে থাকার পরেও বিএনপি কেমনে টিকবে শুরুতেই তাদের পতনের গাদ্দারি শুরু করে দিছে,,,,Negative,0.6146434987702443,model_autofill,False
সাধারণ জনগণ থেমে থাকবেনা আন্দোলন করবে,,,,Sarcastic_negative,0.4483315802105455,model_autofill,True
আবার নতুন করে স্বৈরাচার এবং স্বৈরশাসন প্রতিষ্ঠিত হতে চলছে অপেক্ষা করুন আর চেয়ে চেয়ে দেখুন।,,,,Positive,0.5653493918269696,model_autofill,False
এটা তাদের দোস না এটা মাথা মোটা বাঙালীদের পাপের ফল।,,,,Negative,0.4693371613624826,model_autofill,True
"#_সরি Osman Hadi ওসমান হাদি ভাই, হাজারো জীবনের বিনিময়ে আমরা এক স্বৈরাচারকে সরিয়ে আবার অন্য স্বৈরাচারের কাছে দেশ তুলে দিয়েছি।",,,,Negative,0.6225324497248882,model_autofill,False
Batpari suru,,,,Sarcastic_negative,0.3588030931126367,auto_second_pass_kept,True
RIP “হ‍্যাঁ” ভোট !,,,,Sarcastic_negative,0.4503214907844198,model_autofill,True
2 bosor o tikbi na in sha allah,,,,Positive,0.5853947897569136,model_autofill,False
১৯৯৬- ১৫দিন....অতিত ভুলে যাওয়া উচিত না।,,,,Sarcastic_negative,0.3618232028649249,auto_second_pass_kept,True
"সংবিধান সংস্কার হলে তারা দূর্নীতি চাঁদাবাজি করতে পারবে না,,,,",,,,Sarcastic_negative,0.4791283979045324,model_autofill,True
Mc ra besi barche poton sigroi,,,,Sarcastic_negative,0.4582183364898277,model_autofill,True
আলহামদুলিল্লাহ,,,,Positive,0.6938070689355245,model_autofill,False
রাস্তা পাবে না পালানোর,,,,Sarcastic_negative,0.4031895829162341,model_autofill,True
গান সেই পুরোটাই,,,,Sarcastic_negative,0.4218182434467104,model_autofill,True
শুধু আফসোস হয় ১৪শ শহীদের জন্য।,,,,Positive,0.4045885222984065,model_autofill,True
গাদ্দারী শুরু হয়ে গেছে একনি বাকি দিন জনগণ সুন্দর ভাবে দেখবে,,,,Sarcastic_negative,0.6930244328621566,model_autofill,False
বদমাইশি শুরু হয়ছে তাহলে,,,,Sarcastic_negative,0.3841460534225486,auto_second_pass_kept,True
১৪০০+ ভাইয়ের অভিশাপ বয়ে বেড়াতে হবে এই দেশের মানুষকে।,,,,Neutral,0.6074229472593833,model_autofill,False
জাতির সাথে বড় প্রতারণা হলো।,,,,Negative,0.4509258384001098,model_autofill,True
শ্রীলঙ্কার নিউজ দেখছো ফাসির অডার আন্দোলন কারিদের,,,,Negative,0.4146749378929603,model_autofill,True
এমনটিই হওয়ার কথা ছিল হয়তো,,,,Positive,0.661414336390245,model_autofill,False
এখন বুঝো জনগণ তোমাদের মতামত কে সুডেও না এটাকেই বলে মোনাফেক,,,,Positive,0.690583377194762,model_autofill,False
এটা কি হলো এখন।,,,,Positive,0.3976031877358175,model_autofill,True
Wow ato joldi aahol color dekano Shuru hoie gelo,,,,Sarcastic_negative,0.4118596832495619,model_autofill,True
Gaddar r munafik kara akhon bujho sobai,,,,Sarcastic_negative,0.4229526826348662,model_autofill,True
(সুরা আল আনআম ১২৯ ),,,,Negative,0.5491160486929751,model_autofill,False
এভাবেই আমি জালেমদেরকে একে অপরের উপর তাদের কৃতকর্মের কারণে আধিপত্য দান করে থাকি।,,,,Negative,0.4857419395964057,model_autofill,True
এ আয়াতের আরও এক তরজমা- এভাবেই আমি জালেমদের একে অপরের সঙ্গী বানিয়ে দেব’। সুতরাং আখিরাতেও আমি তাদের একজনকে অন্যজনের সাথী বানিয়ে দেব।,,,,Negative,0.3542958943703585,auto_second_pass_kept,True
জানতাম কিছু একটা হয়বো,,,,Sarcastic_negative,0.50034126240481,model_autofill,False
তাহলে সরকারে বসার কোন অধিকার নেই তাদের। নির্বাচন বাতিল করা হোক। তাঁরা যখন সংস্কার করবে না তখন এত টাকা খরচ করে নির্বাচনের আয়োজন করা হল কেন। সংস্কার করার জন্য যখন শপথ গ্রহণ করল না তার মানে তো গণভোট বাতিল এর পক্ষে তারা তাহলে জাতীয় নির্বাচনে বাতিল। সংস্কার করুন না হয় নির্বাচন বাতিল করুন।,,,,Positive,0.3977468149498846,model_autofill,True
পল্টিবাজ বি.এন. পি,,,,Sarcastic_negative,0.3910940482462924,auto_second_pass_kept,True
পোলটি মারা শুরু,,,,Sarcastic_negative,0.419759048430598,model_autofill,True
চিটিংবাজি শুরু,,,,Sarcastic_negative,0.4194185917386595,model_autofill,True
1996 সালে মনে আছে 12 দিন,,,,Sarcastic_negative,0.5361486979668598,model_autofill,False
"Ci ki vul korlo banglar Manushra abr, kadte hobe sbaike abr",,,,Sarcastic_negative,0.4406152121162101,model_autofill,True
Karon ki?,,,,Sarcastic_negative,0.4828483903356236,model_autofill,True
এতো কেবল শুরু,,,,Sarcastic_negative,0.5281149072063575,model_autofill,False
ওদের পুরোনো সবাব।,,,,Sarcastic_negative,0.2929200469178639,auto_second_pass_kept,True
গাদ্দারী শুরু করে দিলেন এত তাড়াতাড়ি,,,,Sarcastic_negative,0.391948009431389,auto_second_pass_kept,True
ekdom tik ace,,,,Sarcastic_negative,0.3923865963300019,auto_second_pass_kept,True
অবৈধভাবে আসছে শপথ না নিলে বাসায় চলে যাক,,,,Sarcastic_negative,0.3696339979280085,auto_second_pass_kept,True
রক্তের সাথে গাদ্দারী,,,,Negative,0.7315866168910881,model_autofill,False
বাহ!অসাধারণ।,,,,Sarcastic_negative,0.4944182833072683,model_autofill,True
দে লাড়া,,,,Sarcastic_negative,0.4376542331742634,model_autofill,True
গাদ্দারি শুরু,,,,Sarcastic_negative,0.4369712284149729,model_autofill,True
জুলাইয়ের সাথে বিএনপির গাদ্দারী শুরু।,,,,Negative,0.7703040105844403,model_autofill,False
গনতান্ত্রিক দেশে জনগণের রায় কিভাবে বাতিল হয়?,,,,Sarcastic_negative,0.6793891471509643,model_autofill,False
"যদি হয় তাহলে এই প্রহসনের ইঞ্জিনিয়ারিং নির্বাচনও বাতিল করতে হবে""""",,,,Neutral,0.4973744536113096,model_autofill,True
ওরা ভালো চায়না তাহলে হ্যাঁ ভোট দিতে বলছে কেন,,,,Sarcastic_negative,0.3737049488963904,auto_second_pass_kept,True
চাদাবাজ টু পল্টিবাজ,,,,Sarcastic_negative,0.5802335382944236,model_autofill,False
জনগণের বিরুদ্ধে অবস্থান নেওয়া মোটেই কাম্য নয়।,,,,Sarcastic_negative,0.5377629610348886,model_autofill,False
প্রমান পাইছেন ত-নৌকার ধানের শীষ দুই সাপের একই বিষ,,,,Sarcastic_negative,0.7472038667045304,model_autofill,False
জে ফলটি,,,,Sarcastic_negative,0.3751669213478774,auto_second_pass_kept,True
লন্ডনের টিকিট কেটে রাখেন।সময় ঘনিয়ে এসেছে।,,,,Sarcastic_negative,0.5891915087411871,model_autofill,False
ভোট দিয়ে কাকে ক্ষমতায় তুললাম আফসোস হচ্ছে,,,,Positive,0.3544824266979336,auto_second_pass_kept,True
"আমি আগ থেকেই জানি,প্রথমে তারা সংবিধানের দোহাই দিত,বাধ্য হয়ে গণভোটে রাজি হয় বিশ্বাস ঘাতকতা করার জন্য, তারা গণভোট আর নির্বাচন একসাথে করেছে নির্বাচিত হওয়ার পর যা করার করতে পারে মত।",,,,Positive,0.6927512811067413,model_autofill,False
"জানতাম খাম্বার দল এটাই করবে,,এরা কিছুদিন পরে আওয়ামী লীগ কেও ফিরিয়ে আনবে।",,,,Negative,0.5874435745321371,model_autofill,False
জুলাই ব্যবহার করে ক্ষমতায় যাওয়া শেষ। এখন আর শহীদের আকাঙ্ক্ষা দিয়ে কি হবে? সংস্কার দিয়ে কি হবে?এখন ক্ষমতা উপভোগের সময়,,,,Positive,0.5969485780726088,model_autofill,False
এটাই হওয়ার কথা ছিল,,,,Positive,0.6576104154051602,model_autofill,False
অবৈধ নির্বাচন,,,,Sarcastic_negative,0.7863587916745919,model_autofill,False
মাএ ২ বছর থাকতে পারবে,,,,Negative,0.5225541081465145,model_autofill,False
খুব ভালো আরো তো বাকি যারা ভোট দিছে তারা বুঝুক কাদের হাতে ক্ষমতা গেছে,,,,Positive,0.7182473784526514,model_autofill,False
ওরা আম্লিগের পক্ষের শক্তি তাদেরকে বাংলার সাহসী জুলাই যোদ্ধারা রূখে দিবে ইনশাআল্লাহ।,,,,Positive,0.6150436569295293,model_autofill,False
গণভোট যদি কার্যকর হয় তাহলে কেউ দশ বছরের বেশি প্রধানমন্ত্রী থাকতে পারবে না। কিন্তু বিএনপি চাচ্ছে সারাজীবন ক্ষমতায় থাকার জন্য তাই তারা গণভোটকে অস্বীকার করেছে। গণভোটের ৪৭ টি কার্যক্রম আছে প্রত্যেকটা কার্যক্রম দেশ এবং জনগণের পক্ষে আর এই জন্যই তারা সেটা কে অস্বীকার করে নিজেদের আন্ডারে রাষ্ট্র পরিচালনা করতে চাচ্ছে।,,,,Negative,0.5240213441085437,model_autofill,False
৭১ এর সংবিধান মুছে রাজাকারদের সংবিধান অনুযায়ী পড়বে,,,,Sarcastic_negative,0.4512743504456996,model_autofill,True
বি এন পি পল্টি নিবে এটা জানতাম,,,,Sarcastic_negative,0.3420667744893764,auto_second_pass_kept,True
এই দুটো নির্বাচন একই পদ্ধতিতে হয়েছে শপথ নিলে দুইটারই শপথ নিতে হবে। কোন সাংবিধানিক বৈধতায় ২৯ সালের নির্বাচন ২৬ সালে !!কোন সাংবাদিক আইনে ? হাসিনা নির্বাচিত প্রধানমন্ত্রী! হাসিনাকে ফেরত এনে তার অধিনে নির্বাচন করতে হবে,,,,Neutral,0.5141200258732658,model_autofill,False
এরা কি হ্যা ভোট দিছে? আর না ভোট দিয়ে ও কিভাবে জিতলো,,,,Positive,0.4845789322153669,model_autofill,True
দেশে আবার আন্দোলন হবে মনে হচ্ছে,,,,Neutral,0.5927809502816134,model_autofill,False
সমস্যা নাই আপনাদের ইচ্ছা,,,,Sarcastic_negative,0.7250678417174924,model_autofill,False
"তা হলে ভয়ের কিছু নাই বাংলার মানুষ ছাড় দেয় ছেড়ে দেয় না,",,,,Sarcastic_negative,0.3127470497922192,auto_second_pass_kept,True
→স্মরণ করিও আওয়ামী লীগের অবস্থার কথা।,,,,Positive,0.4907427851417738,model_autofill,True
শুরুতেই বেঈমানী,,,,Sarcastic_negative,0.3795239772713584,auto_second_pass_kept,True
"চোর হইলে যা হয় আর কি,সংস্কার শপথ করলে তো চুরি করতে পারবে না ।",,,,Negative,0.5572282026214191,model_autofill,False
বাস্তবসম্মত এবং যুক্তিযোগ্য সিদ্ধান্ত।,,,,Positive,0.4814302086948423,model_autofill,True
ছবির নাম পল্টি,,,,Sarcastic_negative,0.5195061799715742,model_autofill,False
রাষ্ট্রর দায়িত্ব গ্রহণ করতে গিয়ে কেউ কি চাইবে রাষ্ট্রদ্রোহী হতে,,,,Negative,0.4326864830090051,model_autofill,True
সবাই তৈরি থাকেন আবার জুলাই আসতেছে,,,,Negative,0.4578609107594843,model_autofill,True
এত না ভোট কে দিয়েছে এখন দেখছেন।,,,,Negative,0.3451071600289349,auto_second_pass_kept,True
তাহলে হাসু আপুর কি দোষ ছিলো?,,,,Sarcastic_negative,0.4221187043164396,model_autofill,True
ফ্যাসিবাদের থেকে আমরা মুক্তি পাব না।আর কত রক্ত দিলে এদেশের মানুষের মুক্তি হবে আর কত লাস চাও। জাতির এক বেইমান মুনাফেক ইউনুস কে বিশ্বাস করে ছাত্র জনতা বসিয়েছিল আবার যদি রক্ত দিতে হয়। এই রক্তের স্র কোথায় গিয়ে থামবে হয়তো আমরা জানিনা স্পষ্ট বলতে পারি বাংলাদেশ থেকে রক্তের দাগ ভারতে গিয়েও পড়বে হে আল্লাহ রহম কর আরেকটা জুলাইয়ের জন্য তৈরি হতে হবে,,,,Negative,0.7416458162873342,model_autofill,False
জনগণ এইবার বুঝতে পারবে সত্যি কারের রাজাকার কারা মির্জাফর কারা,,,,Negative,0.4655725495113331,model_autofill,True
"এটি একটা গাদারি করা হলো। বাংলাদেশ আর কখনো শান্তি থাকবে না মনে হয়। গাদ্দারির পরিনতি খুব ভয়াবহ হবে, এটা কি দেশের মানুষ আশা করেন।",,,,Positive,0.4054102061478363,model_autofill,True
"হুম,তাহলে ঘুষ কেমনে খাবে",,,,Sarcastic_negative,0.4601997316634152,model_autofill,True
আসল রুপ দেখা যাচ্ছে।।,,,,Sarcastic_negative,0.397893963486233,model_autofill,True
হাসিনার মতো পালানোর বন্দোবস্ত করে পেলেন।।,,,,Sarcastic_negative,0.4704549530999786,model_autofill,True
বিএনপির এই আচরণে স্পষ্ট যে নির্বাচনে কারচুপি হয়েছে কারণ বিএনপি হে ভোট দেই নাই,,,,Negative,0.9307688855903457,model_autofill,False
সবাই দুর্নীতিবাজ করবে সে জন্য,,,,Positive,0.6678012897806803,model_autofill,False
তাহলে তো চুরি করতে অসুবিধা হবে,,,,Neutral,0.669987289922029,model_autofill,False
এক সময় এই ব্যাপারটা নিয়ে তারা ভাব ডাকবে,,,,Negative,0.5265689990258552,model_autofill,False
"বাংলাদেশ জাতীয়তাবাদী দল (বিএনপি) সংবিধান সংস্কার পরিষদের সদস্য হিসেবে শপথ নেবে কি নেবে না, এটি তাদের নিজস্ব রাজনৈতিক ও সাংবিধানিক সিদ্ধান্তের বিষয়। তারা কোনো রাজনৈতিক দলের কাছে নয়, জনগণের কাছেই দায়বদ্ধ। জনগণের ভোটে নির্বাচিত হয়ে তারা জাতীয় সংসদে প্রতিনিধিত্ব করছে এবং সেই ম্যান্ডেট অনুযায়ী দলীয় অবস্থান নির্ধারণের অধিকার তাদের রয়েছে।",,,,Negative,0.6843705334657368,model_autofill,False
"বর্তমান সংবিধানে “সংবিধান সংস্কার পরিষদ” নামে কোনো সাংবিধানিক কাঠামোর উল্লেখ নেই। তৃতীয় তফশিলে বিভিন্ন সাংবিধানিক পদের শপথের বিধান থাকলেও সংসদ সদস্য ছাড়া আলাদা করে এ ধরনের পরিষদের সদস্য হিসেবে শপথের বিধান নেই। ফলে সংবিধান সংশোধন ছাড়া এমন কোনো শপথ গ্রহণের সুযোগ সৃষ্টি হয় না, এবং এ ধরনের শপথ পড়ানোর এখতিয়ারও নির্বাচন কমিশনের আওতায় পড়ে না।",,,,Negative,0.5589639041970492,model_autofill,False
"সংবিধান সংশোধনের বিষয়টি সংসদেই সাংবিধানিক প্রক্রিয়ায় নির্ধারিত হতে পারে। কোনো প্রস্তাব জাতীয় সংসদে গৃহীত হলে পরবর্তী পদক্ষেপ নেওয়া সম্ভব। জুলাই সনদ মানা বা না মানার প্রশ্নেও বিএনপির অবস্থান স্পষ্ট, তারা তাদের নোট অব ডিসেন্ট, ৩১ দফা ও নির্বাচনি ইশতাহারের ভিত্তিতে দেশ পরিচালনার কথা বলেছে। সংসদে আলোচনা-সমালোচনার মাধ্যমেই এ বিষয়ে সিদ্ধান্ত হবে, যা গণতান্ত্রিক প্রক্রিয়ার স্বাভাবিক অংশ।",,,,Negative,0.4874067177167436,model_autofill,True
বিম্পি + চর্মনাই,,,,Sarcastic_negative,0.4806047071990391,model_autofill,True
জামায়েত ইসলাম,,,,Negative,0.3256178751796776,auto_second_pass_kept,True
এই প্রহসন জাতি কখনো মেনে নিবে না। সাধারণ মানুষ আর কখনো ভোট কেন্দ্রেই যাবে না।,,,,Positive,0.3159041666197562,auto_second_pass_kept,True
এতে প্রমাণিত বি এন পি জনগণের ভোটে নির্বাচিত নয়। কারণ জনগণ ভোট দিয়েছে হ্যাঁ এর পক্ষে আর বি এন পি ছিল না এর পক্ষে,,,,Positive,0.5051175899810215,model_autofill,False
এরা জাতীয় গান্ধার ছাড়া আর কিছু না বাট এটা বাস্তবায়ন করা ছাড়া আপনার সরকারেও থাকতে পারবেন না।,,,,Negative,0.457841150071881,model_autofill,True
দ্বিতীয় জুলায়ের প্রস্তুতি শুরু করতাছে তাহলে।,,,,Sarcastic_negative,0.4234912212502757,model_autofill,True
এই সরকার ও বেশি দিন টিকবে না,,,,Negative,0.5535247713742372,model_autofill,False
"তাইলে এখনো শেখ হাসিনা বাংলাদেশের বৈধ প্রধানমন্ত্রী, জয় বাংলা",,,,Positive,0.5845437970670453,model_autofill,False
আল্লাহ তুমি আর কত দেখাবা,,,,Negative,0.4610150781162266,model_autofill,True
"যদি ৫ আগষ্ট না হতো, এক দল ক্ষমতায় আসতে পারতো না,, আজ, তারা জুলাই সংবিধান মানে না ৷ ১৭ বছর বালুর ট্রাক সরাতে পারে না, তারা জুলাই সনদ, স্বীকৃতি দিতে চায় না",,,,Negative,0.5555120756414089,model_autofill,False
পল্টি‌ দেওয়া শুরু হয়েছে,,,,Sarcastic_negative,0.3642550242439488,auto_second_pass_kept,True
I have a plane..... Bangladesher manus ja chai tai paise re,,,,Neutral,0.4996475394978958,model_autofill,True
আসল রূপ দেখানো শুরু করছে,,,,Negative,0.5118869257219388,model_autofill,False
ওরা তো ভারতীয় B টিম,,,,Negative,0.4665172480077941,model_autofill,True
ঠিক আছে,,,,Negative,0.4748884621721628,model_autofill,True
"আহারে আমাদের নুনুস কতো কষ্ট কইরা বিম্পিরে জিতাইছে, এখন বিম্পিই পল্টি মারে",,,,Negative,0.3968965926476795,model_autofill,True
"তারেকের শপথে জুলাই সনদ বাতিল, ফিরছে স্বৈরতন্ত্র | July charter cancelled, Jamaat Amir grieving",,,,Neutral,0.3261458771638155,auto_second_pass_kept,True
জনগনের সাথে গাদ্দারি,,,,Sarcastic_negative,0.4593378276342827,model_autofill,True
জুলাই হইলো। আমাদের শত শত অরাজনৈতিক ভাই বোন জীবন দিলো।,,,,Negative,0.4202458178206939,model_autofill,True
যারা রাজনীতি করতো তাদের লক্ষ্য ছিল রাজনৈতিক পটপরিবর্তন। কিন্তু এই অরাজনৈতিক ভাই বোনেদের একমাত্র উদ্দেশ্য ছিল দেশ ও মানুষ।,,,,Positive,0.5909215804543547,model_autofill,False
তাদের রক্তের উপর দিয়ে নির্বাচন হইলো। বিদেশ ফেরতরা,,,,Negative,0.4621355210192591,model_autofill,True
ক্ষমতায় বসলো। ক্ষমতায় বসার আগেই তারা সেই শহিদদের ছুড়ে ফেলে দিলো।,,,,Positive,0.3847414875816966,auto_second_pass_kept,True
দেশে আবার ক্রান্তিকাল এলে লেজগুটিয়ে বিদেশ পালাবে। কেউ গর্তে লুকাবে। কিন্তু আমাদেরই আবার রাজপথে নামা লাগবে। এই ক্রান্তিকাল আসার আগেই ঠ্যাকান। শহিদদের সাথে এই না ইনসাফি করতে দিয়েন না।,,,,Negative,0.5410688844965021,model_autofill,False
"বিএনপির সিদ্ধান্ত সঠিক, কারন",,,,Negative,0.7054783427736878,model_autofill,False
না ভোটের সংখ্যা ও ভোটে অনুপস্থিত ভোটার সংখ্যা একত্রিত করলে না ভোটের % বেশি হচ্ছে সুতরাং গনভোটে হ্যাঁ জয়ী হয় নাই।,,,,Positive,0.3867141940527578,auto_second_pass_kept,True
"২-৩ মাস পাবলিক দেখবে,,,,তার পরে খেলা দেখাবে।",,,,Negative,0.4001336594673338,model_autofill,True
"জনগণের মতামতকে প্রাধান্য না দিয়ে বেআইনি পদ্ধতিতে কর্মকাণ্ড পরিচালনা করার নাম কি গণতন্ত্র আইনের প্রয়োগ সকলের জন্য সমানভাবে যদি কাজ না করে তবে সেই ব্যাবস্থাপনা জনগণের সাথে প্রতারণার সমতূল্য। যে সকল কার্যক্রম জন-নিরাপত্তা, ন্যায় ভিত্তিক আইনের শাষন প্রতিষ্ঠার ক্ষেত্রে এবং বাংলাদেশের স্বাধীনতা-সার্বোভৌমত্বের জন্য বড় ধরনের হুমকি তা থেকে বাংলাদেশের স্বাধীনতা-সার্বোভৌমত্ব রক্ষা এবং জননিরাপত্তা নিশ্চিত করতে সকল বিষয়ে কার্যকর আইনানুগ ভূমিকা দেখতে চায় বাংলাদেশের জনগণ।",,,,Positive,0.7361934585045975,model_autofill,False
"হায়রে মানুষ এতো বেইমান হয় কেমনে? জুলাইতে যদি আমার ভাই বোনেরা না মরতো তাহলে ওরা আজকে কোথায় থাকতো? আল্লাহ তাদের সন্মান দিছে কিন্তু তারা যদি জুলাইয়ের সাথে বেইমানি করে, সেই আল্লাহই তাদের সন্মান নিয়ে নিবে। আল্লাহ নিশ্চয়ই ন্যায় বিচারক।",,,,Negative,0.707014158526896,model_autofill,False
"তাহলেতো আমরা সকলে মিথ্যাবাদী রুপান্তর হলাম,মদিনার ইসলাম পালিয়ে গেলো!!",,,,Negative,0.5365653504479723,model_autofill,False
এই মুনাফেকি করবে বলেই সংসদ নির্বাচনের আগে তারা গণভোট চাই নাই। তারা যে বাংলাদেশের ১৮ কোটি মানুষের সাথে মুনাফেকি করলো এখন কি হবে? নেতা বলে হ্যাঁ ভোট দিতে আর পাতিরা প্রচার করেছিল না ভোট দিতে। আগামী পাঁচ বছর এরকম হাজার ও নাটক দেখতে হবে আমাদের! লজ্জা হয় !,,,,Positive,0.6954379091547918,model_autofill,False
সংস্কার করলেত আর দুরনিতি করতে না তাই,,,,Positive,0.3475659695486991,auto_second_pass_kept,True
পল্টি মারার প্রথম ধাপ শুরু করলো বাঙালি কে এটা খাওবে তারা,,,,Positive,0.3377132388653605,auto_second_pass_kept,True
মাএ তো শুরু,,,,Sarcastic_negative,0.3790672763323862,auto_second_pass_kept,True
খেলা কেবল শুরু,,,,Positive,0.4562908028847436,model_autofill,True
প্রস্তুত থাকো সবাই,,,,Neutral,0.3286783655183083,auto_second_pass_kept,True
কারা জানি বলছিলো এই সংস্কারের ডাক সর্ব প্রথম বিএনপিই দিছিলো তারা কই??,,,,Negative,0.8290441955616549,model_autofill,False
এই জীবনে আর এই দেশে ভালো মানুষ প্রধানমন্ত্রী হবে না,,,,Neutral,0.5753452080111382,model_autofill,False
তাই এ দেশের রাজনীতি থেকে সবাই দূরে থাকুন,,,,Positive,0.7663031991256763,model_autofill,False
সবেত শুরু আগে দেকেন কি হয়,,,,Positive,0.3907738911753134,auto_second_pass_kept,True
শুরুতেই ঘাপলা।ভবিষ্যতে কি হবে বুঝেন এখন।,,,,Neutral,0.6919584873537108,model_autofill,False
সমস্যা নাই কিছুদিন পর মারা খাবে,,,,Negative,0.6897829311283298,model_autofill,False
এদের উপর ভরসা করা বকামি ছাড়া কিছুই না,,,,Sarcastic_negative,0.3417140506643169,auto_second_pass_kept,True
যাদের লক্ষ্য উদ্দেশ্য চুরি করা তারা কখনো শপথ নিবে না।,,,,Neutral,0.3390241342575945,auto_second_pass_kept,True
সবচাইতে বড় গাদ্দারী,,,,Negative,0.5843266519829803,model_autofill,False
একবার ১২ দিন ক্ষমতায় ছিল। ভুলে না গেলেই হলো।,,,,Negative,0.4113510522641055,model_autofill,True
যেই জিনিস এখনও আইনগতভাবে গঠিত হয় নাই তার শপথ কিভাবে নিবে? উনারা লজিক্যাল। আগে সংসদে বিল পাশ হবে তারপর সংবিধান সংস্কার পরিষদের শপথ গ্রহণ হবে।,,,,Neutral,0.6213121551998738,model_autofill,False
ভারতপন্থী,,,,Sarcastic_negative,0.4002442495398138,model_autofill,True
তারমানে শেখ হাসিনা এখনো প্রধানমন্ত্রী,,,,Positive,0.443576776154317,model_autofill,True
তাহলে ওই আইনে যে মৃত্যুদণ্ডপ্রাপ্ত কি হবে,,,,Neutral,0.768300922707582,model_autofill,False
আওয়ামী লীলা এবং বিএনপির মধ্যে চারিত্রিক দিক থেকে কোন পার্থক্য নাই।,,,,Negative,0.891514050874566,model_autofill,False
এ জন্যই গণভোট আগে প্রয়োজন ছিল।,,,,Sarcastic_negative,0.3381527933636353,auto_second_pass_kept,True
জুলাই ব্যবহার করে ক্ষমতায় যাওয়া শেষ। এখন আর শহীদের আকাঙ্ক্ষা দিয়ে কি হবে? সংস্কার দিয়ে কি হবে?,,,,Neutral,0.5543024964223672,model_autofill,False
‘সংবিধান সংস্কার পরিষদ’-এর সদস্য হিসেবে শপথ গ্রহণ বিলম্বিত করার সিদ্ধান্ত স্পষ্টতই সেই জনআকাঙ্ক্ষার সঙ্গে অসামঞ্জস্যপূর্ণ একটি বার্তা দিচ্ছে।,,,,Negative,0.3822162868497951,auto_second_pass_kept,True
"আমরা তাই পেয়েছি, যা আমরা চেয়েছিলাম",,,,Negative,0.7387722685890972,model_autofill,False
"জাশি হ্যাঁ ভোটে জয়ী হয়েছে,তাই সংবিধান পরিবর্তন করা হবে না। জয় বাংলা জয় বঙ্গবন্ধু",,,,Positive,0.4162088933764872,model_autofill,True
বাংলাদেশ জিন্দাবাদ,,,,Positive,0.7156846237668673,model_autofill,False
"সকল আপডেট সবার আগে পেতে,",,,,Positive,0.5291222370863522,model_autofill,False
আমাদের পেইজটি ফলো দিয়ে রাখেন,,,,Negative,0.5509218114317651,model_autofill,False
Gen Z Newsroom,,,,Sarcastic_negative,0.3822959299093881,auto_second_pass_kept,True
নৌকা আগেরটাই শুধু মাঝি পরিবর্তন,,,,Negative,0.4380490950785549,model_autofill,True
খেলা লেগে গেছে,,,,Sarcastic_negative,0.5851214271389841,model_autofill,False
সঠিক সিদ্ধান্ত,,,,Neutral,0.4622158027205778,model_autofill,True
স্বাধীনতা বিরোধী পরিষদে শপথ না নিয়েই ভালো।,,,,Negative,0.5240694872897862,model_autofill,False
বিএনপি পড়তে আর কয়দিন,,,,Negative,0.8197746742117412,model_autofill,False
জুলাই মারানিদের কি হবে এখন,,,,Neutral,0.9360014895638726,model_autofill,False
এদের পতন ও খুব কাছাকাছি,,,,Negative,0.3985303798199754,model_autofill,True
গণতন্ত্রতা এখনো শেখ হাসিনা প্রধানমন্ত্রী আছে তাহলে নতুন করে তারেক রহমান কিভাবে প্রধানমন্ত্রী হয়,,,,Positive,0.501607498182577,model_autofill,False
সংস্কার চায় না বি এন পি এদের জন্য আওয়ামী লীগ ঠিক ছিলো।,,,,Positive,0.4763831922010395,model_autofill,True
অকৃতজ্ঞ বি এন পি যাদের রক্তে এই পরযন্ত আসলো তা এখনই অশিকার করতেছে,,,,Negative,0.6033786455315905,model_autofill,False
শুরু হয়ে গেছে তাইলে,,,,Sarcastic_negative,0.6284638065200419,model_autofill,False
তাহলে ২০২৬ এর নির্বাচন কি সংবিধানে আছে??,,,,Sarcastic_negative,0.7362850684339675,model_autofill,False
যারা তাদের সংসদে যাওয়ার ব্যবস্থা করে দিয়েছে আল্লাহ তাদের বিচার করুক,,,,Positive,0.4222997747320623,model_autofill,True
Somporko bodle gelo akti poloke July aro akta dekbo bole Mone hocche....ato Manus ar rokter upor diye gaddari,,,,Sarcastic_negative,0.4468010429592347,model_autofill,True
Ara sobi holo Allah taler gojob.,,,,Positive,0.6800687492625962,model_autofill,False
এটাই ১৯৭১ এর চেতনা,,,,Sarcastic_negative,0.3905955629044577,auto_second_pass_kept,True
"১১ দলীয় জোট যে শপথ গ্রহণ করতেছে না, সেটা প্রকাশ করতে কি কষ্ট হয় ছাটুকারিতা এখনই শুরু",,,,Negative,0.5196371700895877,model_autofill,False
ঐযে বলা হইছিলোনা প্রবাত টা,,,,Negative,0.3876246197267637,auto_second_pass_kept,True
নৌকা আর ধানের শীষ দুনো সাপের একই বিষ,,,,Positive,0.6475245752677106,model_autofill,False
জাতি অসতে আসতে সব নিজে থেকেই বুজতে পারবে।,,,,Negative,0.5949309067810744,model_autofill,False
সংবিধান অনুযায়ী শেখ হাসিনা এখনো প্রধানমন্ত্রী।,,,,Positive,0.485361289594764,model_autofill,True
আপনারা শপথ নেন কেমনে??,,,,Sarcastic_negative,0.9065421867409704,model_autofill,False
তারা সবেমাত্র তাদের চরিত্র প্রকাশ করতে শুরু করেছে।,,,,Negative,0.3836741436804736,auto_second_pass_kept,True
Thiki asee..,,,,Sarcastic_negative,0.4037756208008085,model_autofill,True
তাহলে দেশের সাধারণ জনগণ বুঝতে পারবে তারা দেশের কিরকম ভালো চায় ।,,,,Sarcastic_negative,0.4056962322079421,model_autofill,True
Kankirpula ra,,,,Sarcastic_negative,0.4579563076120279,model_autofill,True
দেশটা কোন পর্যায়ে যে যায়?,,,,Negative,0.7402084749731683,model_autofill,False
নিজের গুয়া নিজে মারতাছে,,,,Negative,0.6739628281128512,model_autofill,False
এটা নিঃসন্দেহে জাতির আকাঙ্ক্ষার সঙ্গে গাদ্দারী,,,,Negative,0.4276985395328622,model_autofill,True
সৈরাচার হতে চায় এটা আর নতুন কি। দেখাযাক কি হয়,,,,Positive,0.4574018353230655,model_autofill,True
এখনোই পল্টিমারা শুরু করছে,,,,Negative,0.3817080641207456,auto_second_pass_kept,True
"কুকুরের লেজ কখনো সোজা হয় না,,, আবার প্রমাণ হলো",,,,Sarcastic_negative,0.536549873371101,model_autofill,False
"জুলাই না হলে যে নির্বাচনই হতো না, সেই ‍জুলাইয়ের সাথে প্রথম গা*দ্দারিটা করল বিএনপি।",,,,Negative,0.6868955482567356,model_autofill,False
মাশা-আল্লাহ সব চুর পাটপারের মিলন,,,,Negative,0.7080425974276663,model_autofill,False
ধান্ধাবাজ গুলো পল্টি নিয়ে ফেললো জাতির সাথে,,,,Sarcastic_negative,0.6063999696123704,model_autofill,False
১ বছর,,,,Sarcastic_negative,0.6514021901192034,model_autofill,False
"শুরু হয়ে গেছে তাল বাহানা,,,",,,,Sarcastic_negative,0.69076791390685,model_autofill,False
এই রাজত্ব বেশি দিন থাকবো না,,,,Negative,0.4864783214683693,model_autofill,True
"তাহলে সরকার গঠন করে কি করবে, চাঁদাবাজি আর বাটপারি করবে।",,,,Positive,0.4840340912530793,model_autofill,True
আবার অরাজকতা সৃষ্টি করতে শুরু করেছে বিএনপি,,,,Negative,0.5659189562112372,model_autofill,False
পল্টি বাজ শুরু,,,,Sarcastic_negative,0.5163946627058564,model_autofill,False
এটাই বাকী ছিলো,,,,Negative,0.4466870173129911,model_autofill,True
চুরি করতে পারবে না তো এজন্য,,,,Sarcastic_negative,0.5102145869568611,model_autofill,False
Eita korle Seikh Hasina e PM. BNP mane Bolod's National Party.,,,,Neutral,0.3386932102716481,auto_second_pass_kept,True
টুকাইদের পরিশ্রমের ফল।,,,,Negative,0.3884992703661963,auto_second_pass_kept,True
তাইলে কি আমার দেশ আবার স্বৈরাচারের পথে হাঁটছে,,,,Negative,0.6463136770096161,model_autofill,False
শপথ নিলে দুর্নীতি বাধাগ্রস্ত হবে এটা বলেন কেন....?,,,,Neutral,0.5550299047059385,model_autofill,False
F H Nafi Ota boga okol tor post abar share maro dekho,,,,Sarcastic_negative,0.3616307280520376,auto_second_pass_kept,True
গা**দ্দারি শুরু এভাবে চললে ৫ আগষ্ট আরএকবার হবে,,,,Neutral,0.8248803029653478,model_autofill,False
সংবিধান সংস্কার পরিষদে শপথ গ্রহণ না করে তারা কাজ টা ভালো করলো না,,,,Negative,0.5566490071235668,model_autofill,False
জনগণ ও পল্টি নিতে পারে মামু,,,,Sarcastic_negative,0.6342787081632276,model_autofill,False
তোমরা রেডি থাকো আবার জুলাই শুরু হবে,,,,Neutral,0.8343193030264813,model_autofill,False
"যদি না নেয়, তাহলে তারা অবৈধ, এটা কি তারা মানে",,,,Negative,0.4874283931912912,model_autofill,True
রমজান মাস আসে শয়তান বন্ধ রাখার জন্য তাও এক মাসের জন্য আর এরা যতদিন ক্ষমতায় আছে ততদিন শয়তান সাথে রাখবে,,,,Positive,0.4013097445475033,model_autofill,True
জুলাইয়ের সাথে গাদ্দার করা বাহিনী,,,,Negative,0.3495075625856415,auto_second_pass_kept,True
এর পরিনাম ভয়ংকর হবে,,,,Neutral,0.7457997863751905,model_autofill,False
পোলাপান মাঠে নেমে পর আবার,,,,Negative,0.6975376195995182,model_autofill,False
তারেক রহমান কেন হ্যাঁ ভোট এর পক্ষে ছিলো,,,,Positive,0.5246639259612956,model_autofill,False
পোল্টি নিলে দেশে অশান্তি বিরাজ করবে।,,,,Positive,0.4336328098333799,model_autofill,True
ভালোবাসা ভালোবাসা,,,,Sarcastic_negative,0.365098134368826,auto_second_pass_kept,True
শুরু হয়েছে দেখুন খেলা,,,,Sarcastic_negative,0.3486773533986789,auto_second_pass_kept,True
এত তারাতাড়ি ভুলে গেলে চলবে না ৫ই আগষ্ট,,,,Sarcastic_negative,0.5457805567892839,model_autofill,False
সংবিধান সংস্কারের জন্য বিএনপি নির্বাচিত সম্মানিত সংসদ সদস্যগণ শপথ গ্রহণ না করায় এই সরকারের মেয়াদ হবে সর্বোচ্চ দুই বছর।,,,,Negative,0.658191049020692,model_autofill,False
এখন বুঝলাম আওয়ামী লীগ কেনো বিএনপির উপর খেপা ছিলো,,,,Negative,0.5295753628575146,model_autofill,False
খেলা তো মাত্র শুরু,,,,Sarcastic_negative,0.4131999173098716,model_autofill,True
Jatir beiman,,,,Sarcastic_negative,0.3303787007095174,auto_second_pass_kept,True
এই বিন্পির পতন খুব কাছে,,,,Negative,0.6847730738726244,model_autofill,False
যারা সংবিধান মতে সব হয়েছে বলতেছে তারাই সংবিধান মতে এখনো অবৈধ এমপি,,,,Positive,0.4866129880811126,model_autofill,True
সংবিধানে নির্বাচন ২০২৮ সালে,,,,Sarcastic_negative,0.8001237835850132,model_autofill,False
কি একটা অবস্থা বিশমিল্লাহতে গলদ,,,,Negative,0.3873008315324274,auto_second_pass_kept,True
খাম্বা তারেক ভালই ভালই শপথ কর নাইলে হাসিনার মতন পালের লাগবে কিন্তু,,,,Negative,0.3433716399091424,auto_second_pass_kept,True
শিগগিরই পতন হবে জুলাই মানুষ এমনি এমনি করে নাই,,,,Neutral,0.7627800251808655,model_autofill,False
নির্বাচন নিয়েছে কেন তাহলে?,,,,Sarcastic_negative,0.7015723715605214,model_autofill,False
বের হয়ে আসতেছে আসল রূপ,,,,Sarcastic_negative,0.4156623218595692,model_autofill,True
১৯৯৬ কথা মনে পরে,,,,Positive,0.5115428252729091,model_autofill,False
কয়লা ধুইলে ময়লা যায় না,,,,Negative,0.56636163158454,model_autofill,False
Ei jonno ora ghono vote e na dise,,,,Neutral,0.3767797231856841,auto_second_pass_kept,True
"আমার প্রান প্রিয় দল, এটা আবার কি বলে",,,,Negative,0.6267992254292786,model_autofill,False
শুরুতেই শুরু,,,,Sarcastic_negative,0.3930989941465475,auto_second_pass_kept,True
মাত্র না আসলেন এখনি চলে যাওয়ার ইচ্ছা নাকি।,,,,Sarcastic_negative,0.4176615377101286,model_autofill,True
"কেউ খারাপ কিছু বলবেন না,,জনগন যা চাইছে তাই পাইছে",,,,Sarcastic_negative,0.5929340245203862,model_autofill,False
"চাটাচাটিতে কে জিতবে? প্রথম আলো,",,,,Positive,0.4241230804641585,model_autofill,True
"যমুনা টিভি,",,,,Sarcastic_negative,0.4803500153177515,model_autofill,True
"সময় টিভি,",,,,Sarcastic_negative,0.5724759401629634,model_autofill,False
"একাত্তর টিভি,",,,,Sarcastic_negative,0.4201838338316201,model_autofill,True
"বিডি নিউজ,",,,,Sarcastic_negative,0.4528515219826372,model_autofill,True
"খেলাযোগ,",,,,Sarcastic_negative,0.4581830411102622,model_autofill,True
"চ্যানেল২৪,",,,,Sarcastic_negative,0.4442128666720067,model_autofill,True
বাংলাভিশন,,,,Positive,0.276183833644567,auto_second_pass_kept,True
নাকি কালবেলা?,,,,Sarcastic_negative,0.4872440718370482,model_autofill,True
টানটান উত্তেজনা বিরাজমান,,,,Sarcastic_negative,0.4444655025510969,model_autofill,True
সংবিধান অনুযায়ী শেখ হাসিনা বাংলাদেশ এর প্রধানমন্ত্রী।,,,,Positive,0.4375654267398174,model_autofill,True
যাকে বলে পাল্টি,,,,Positive,0.5839815356102223,model_autofill,False
আরেকটি গণঅভ্যুত্থানের অপেক্ষায় থাকেন,,,,Negative,0.3199154612849781,auto_second_pass_kept,True
যারা চাঁদাবাজি করতে ইচ্ছুক তারা কি আর সংস্কার করতে চাবে,,,,Sarcastic_negative,0.5802035296213682,model_autofill,False
পল্টি নেওয়া যেহেতু শুরু মারা খাওযার জন্যেও রেডি হও।,,,,Sarcastic_negative,0.5144312770594884,model_autofill,False
তাহলে তো হাসিনাই সেরা,,,,Sarcastic_negative,0.3408167510403674,auto_second_pass_kept,True
জুলাই যোদ্ধারাও দিবে ওদের পু*কিতে..,,,,Sarcastic_negative,0.4358271503962922,model_autofill,True
২ বছর ও টিকবে না এই বিন এন পি,,,,Sarcastic_negative,0.382634060699314,auto_second_pass_kept,True
Asb tw jana kotha e new kicho thkle blen,,,,Sarcastic_negative,0.3762117493231208,auto_second_pass_kept,True
এবার খেলা জমবে,,,,Positive,0.346952405279599,auto_second_pass_kept,True
শপথ নিলে তো ধান্দা পিকির হবে না,,,,Neutral,0.9889835545257554,model_autofill,False
খেলা মাএ শুরু এরাই শিখিয়েছে জোর করে ক্ষমতা টিকে থাকার আওয়ামী লীগ তো শুধু কপি করেছে,,,,Positive,0.5179340700917846,model_autofill,False
Uchit kaj. Kono dorkar nai. Bnp is perfectly,,,,Sarcastic_negative,0.3092448111416868,auto_second_pass_kept,True
এটা তো আগে থেকেই জানতাম এমনটা হবে,,,,Neutral,0.5558860352744545,model_autofill,False
এটাই ঠিক,,,,Negative,0.4702579320042732,model_autofill,True
ক্ষমতায় এসে গণভোট মানছে না।,,,,Sarcastic_negative,0.3426348791833675,auto_second_pass_kept,True
গাদ্দারি শুরু করে দিছে দুই চার দিনের মাথায়।,,,,Positive,0.5931596034173777,model_autofill,False
গুড ডিশিশন,,,,Sarcastic_negative,0.3709426643352706,auto_second_pass_kept,True
গাদ্দার।,,,,Sarcastic_negative,0.4524417793223373,model_autofill,True
কেবল খেলা শুরু,,,,Positive,0.4562908028847436,model_autofill,True
Very good,,,,Sarcastic_negative,0.4093940743400722,model_autofill,True
৪৯% বোট পেয়ে তারা সরকার গঠন করবে অথচ ৬৩% হা বোট তারা মানতে আগ্রহী না,,,,Negative,0.5157125902897547,model_autofill,False
ভূল রাজনীতি নতুন করে শুরু ۔۔۔۔,,,,Positive,0.8864012601859453,model_autofill,False
নিলে তো চুরি করতে পারবে না,,,,Sarcastic_negative,0.4775105368685951,model_autofill,True
একটা ছিল ১৬ বছর এইডা থাকবে ৫০ বছর এই কারণে শপথ নিতেছে না,,,,Sarcastic_negative,0.5220866041079816,model_autofill,False
"গাদ্দারের সাথে গাদ্দারি করতে হবে নাহয়,, আজ থেকে রাজনীতি করব না,,, সব জায়গায় দেওয়ানা হলে আপনারা জীবনেও দেশ চালাতে পারবেন না",,,,Sarcastic_negative,0.4388020228614718,model_autofill,True
গনভোটের স্বীকৃতি ছাড়া এবং জুলাই সংস্কার শপথ ছাড়া ২০২৬ সংসদ নির্বাচন অবৈধ।,,,,Sarcastic_negative,0.5190834890215613,model_autofill,False
গণভোটের মানে কি!,,,,Sarcastic_negative,0.3499652687656557,auto_second_pass_kept,True
"গণভোট মানে গণ রায় , (অর্থাৎ জনগণের রায়)",,,,Sarcastic_negative,0.5315985765881468,model_autofill,False
জনগণের রায় কে বাতিল করার ফল কি হবে আবার ভেবে দেখা উচিত,,,,Neutral,0.621758868454498,model_autofill,False
জনগনকে আবার রাস্তায় নামতে বাধ্য করবেন না।,,,,Negative,0.4365448257643626,model_autofill,True
"রমজান মাসের সব স্কুলের ছুটি প্রথমে হোক, f--k আন্দোলন, f--k নতুন সনদ।",,,,Positive,0.3644009790121588,auto_second_pass_kept,True
সংবিধানের বাইরে গিয়ে সরকার হটানো জায়েজ সংবিধানের বাইরে গিয়ে নতুন অন্তর্বর্তী সরকার গঠন জায়েজ সংবিধানের বাইরে গিয়ে অন্তর্বর্তী সরকারের অধীনে নির্বাচন করা জায়েজ সংবিধানের বাইরে গিয়ে নির্বাচিত হয়ে সংসদ সদস্য হিসেবে শপথ নেওয়া জায়েজ শুধুমাত্র সংবিধানের বাইরে গিয়ে অন্তর্বর্তী সরকারের আদেশ ও জনগণ প্রদত্ত গণভোটের রায় অনুযায়ী সংবিধান সংস্কার পরিষদের সদস্য হিসেবে শপথ নেওয়া নাজায়েজ,,,,Sarcastic_negative,0.4731728692174794,model_autofill,True
গদি তো মনে হয় লইরা যাইতাছে শুরুতেই,,,,Sarcastic_negative,0.5119504517319475,model_autofill,False
"শুরু হয়ে গেছে বাটপারি,,,",,,,Negative,0.4407695277604225,model_autofill,True
দেও ভোট বিএনপিকে,,,,Negative,0.934720038973228,model_autofill,False
নিসন্দেহে যুগান্তকারী সিদ্ধান্ত। বিএনপি কখনো রাজাকারের ফাঁদে পা দিবে না,,,,Negative,0.6439468296449801,model_autofill,False
Gu khak ora,,,,Sarcastic_negative,0.4555276443519688,model_autofill,True
জনগণের সিন্ধান্ত মানতে হবে ভুলে গেলে চলবেনা ১৮ মাস আগে কি হয়ে ছিল,,,,Neutral,0.4293752601821806,model_autofill,True
"এটা তো আমরা জানি আগে থেকে,,,,",,,,Negative,0.8135229120148901,model_autofill,False
হাসু আপার মতই হবে। পালাবার পথ পাবে না।,,,,Neutral,0.74370859531789,model_autofill,False
সাওয়া মাওয়া ছুটাই ফেলতে হবে।,,,,Neutral,0.579128826980453,model_autofill,False
ওরা মগের মুল্লুক পেয়ে গেছে। প্রথমে না ভোট দেওয়ার ক্যামপিং করছে তারপরে ও যখন হ্যাঁ ভোট জয়ী হলো এখন আবার হাঙ্গামা শুরু । অতিত থেকে শিক্ষা নেন মনে রাখবেন কোনো ভাবে দুই বার এর বেশি থাকতে পারবেন না জনগণ যখন এক সৈরশাসন দূর করতে পারছে আবার ও পারবে সেটা হবে আরও ভয়ংকার,,,,Negative,0.329422144760513,auto_second_pass_kept,True
Aro daw vot .,,,,Sarcastic_negative,0.4191741934918692,model_autofill,True
এরা কি জনরায় কে উপেক্ষা করতে চাইছে??,,,,Sarcastic_negative,0.7869122313779774,model_autofill,False
"এজন্যই গণভোটের চেয়ে আলু চাষীর উন্নতি প্রয়োজন বলছিল,,,",,,,Negative,0.4110647561810858,model_autofill,True
"এরা এসব সংস্কার করে খাওন পাবে না তাই,,,,,",,,,Sarcastic_negative,0.411256683533904,model_autofill,True
I have a plan,,,,Sarcastic_negative,0.4335377544154108,model_autofill,True
জয় বাংলা,,,,Negative,0.2880794088957463,auto_second_pass_kept,True
ঠ্যালা সামলা,,,,Sarcastic_negative,0.5156077629871817,model_autofill,False
সংবিধান সংস্কার হবে সংসদিও ভোটে। কতিপয় রাজাকার ও মবষ্টার এদের কথায় সংবিধান সংস্কার করা এটা হবে দেশের জন্য আত্মঘাতী।,,,,Neutral,0.5861614449576821,model_autofill,False
বেই*মান,,,,Negative,0.3104173283491543,auto_second_pass_kept,True
ওদের দরকার নেই,,,,Positive,0.3397983440715058,auto_second_pass_kept,True
শপথ নিলে আকাম করবে কেমনে,,,,Negative,0.3397788806781026,auto_second_pass_kept,True
এরা গাদ্দারি শুরু করে দিয়েছে অলরেডি,,,,Sarcastic_negative,0.4877299551733232,model_autofill,True
৬ মাস,,,,Negative,0.3736435453514058,auto_second_pass_kept,True
তারা আবার আগের দলের মতোই পালানোর অপেক্ষায় আছে মনে হয়।,,,,Negative,0.5355544339065539,model_autofill,False
"গণভোট বাতিল হলে,আমরা আবার নির্বাচন চাই।",,,,Negative,0.5614096623469699,model_autofill,False
আর ফলাফল লাইভে এসে গণনা করতে হবে। আর চাদাবাজি বন্ধ হউক। সুষ্ঠু নির্বাচন চাই।,,,,Sarcastic_negative,0.5362276194589511,model_autofill,False
আমজনতা এবার বেটার ফিল করবে,,,,Positive,0.5918318709088183,model_autofill,False
এইটা আগেই জানতাম বি এন পি সংস্কার করবে না,,,,Positive,0.429948541833647,model_autofill,True
শুধু ভোট পাওয়ার জন্য গণভোটের পক্ষে ছিল।,,,,Positive,0.4646527985477785,model_autofill,True
শপথ নাও সমস্যা নাই ২৪ এর ৫ ই আগস্ট কথা মনে রেখো,,,,Sarcastic_negative,0.416297237831338,model_autofill,True
গাদ্দারি কেবল শুরু,,,,Positive,0.4775545033672603,model_autofill,True
জয় বাংলা জয় বঙ্গবন্ধু,,,,Negative,0.2954746181012281,auto_second_pass_kept,True
ঐ কি রে ঐ কি রে মধু,,,,Negative,0.4355804270860668,model_autofill,True
আবার সবাই রাজপথে নামব,,,,Negative,0.3832085418445559,auto_second_pass_kept,True
পল্টি নিচ্ছে মানে পতনের সন্নিকটে,,,,Negative,0.3838687089435366,auto_second_pass_kept,True
বিএনপির এই সিদ্ধান্ত তাদের ভবিষ্যতের জন্য খারাপ নজির সৃষ্টি করবে।,,,,Negative,0.6671151348561634,model_autofill,False
১১ দলীয় জোট এর শপথ না নেওয়া উচিত হবে,,,,Neutral,0.785054858730698,model_autofill,False
I Have a plan....,,,,Sarcastic_negative,0.4111861528666615,model_autofill,True
"জয়, লিবারেল ডেমোক্রেসির জয়!",,,,Negative,0.329026046476204,auto_second_pass_kept,True
মেয়াদ ২ বছর,,,,Sarcastic_negative,0.6148497944121212,model_autofill,False
বিএনপির কোমরে যে জোর আছে সেটার প্রমাণ দিল বিএনপি। ইউনুস-আলী রিয়াজ-জামাত-এনসিপির মাথায় হাত।,,,,Negative,0.9542921466364968,model_autofill,False
এটাই হওয়ার কথা। যাদের জন্মই হইছে বেইমানির মাধ্যমে। তারা কি আর ভালো হবে কখনো!,,,,Positive,0.7302031063757224,model_autofill,False
বিএনপিকে ভোট দেওয়া আওয়ামী লীগের ভুল ছিলো,,,,Negative,0.6030341561292973,model_autofill,False
রাষ্ট্র শ্রেণী শোসনের হাতিয়ার।,,,,Negative,0.3250684154208401,auto_second_pass_kept,True
যার যা আছে তাই নিয়ে শত্রুর মোকাবেলা করতে হবে,,,,Neutral,0.7292854190906445,model_autofill,False
০)https://www.facebook.com/share/v/1AjL7Rn8t4/,,,,Neutral,0.8894254880317428,model_autofill,False
৩)https://www.facebook.com/share/v/1KdpSfbNHr/,,,,Neutral,0.8894254880317428,model_autofill,False
শাসক পরিবর্তনের জন্য জুলাই বিপ্লব হয়নি—,,,,Positive,0.349154057590823,auto_second_pass_kept,True
জুলাই বিপ্লব হয়েছে শাসন ব্যবস্থা পরিবর্তনের জন্য।,,,,Positive,0.4719291877501162,model_autofill,True
"একজন ব্যক্তি সরে গেলে আরেকজন আসে,",,,,Negative,0.3290080294954951,auto_second_pass_kept,True
"একটি মুখ বদলায়, একটি চেয়ার বদলায়—",,,,Sarcastic_negative,0.4306430723339647,model_autofill,True
"কিন্তু যদি অন্যায় কাঠামো, দুর্নীতিগ্রস্ত পদ্ধতি",,,,Sarcastic_negative,0.4125307970620374,model_autofill,True
"এবং জবাবদিহিতাহীন ক্ষমতার সংস্কৃতি আগের মতোই থাকে,",,,,Positive,0.5680233690192895,model_autofill,False
তবে প্রকৃত পরিবর্তন কখনোই আসে না।,,,,Negative,0.5442215549239383,model_autofill,False
"জুলাই ছিল কেবল একটি মাসের নাম নয়,",,,,Positive,0.4014022270380071,model_autofill,True
"এটি ছিল প্রতিবাদের প্রতীক,",,,,Negative,0.6802883717023375,model_autofill,False
অন্যায়ের বিরুদ্ধে উচ্চারিত এক সম্মিলিত চেতনার নাম।,,,,Sarcastic_negative,0.3982151458387115,model_autofill,True
"এই বিপ্লব ছিল না ব্যক্তিগত প্রতিহিংসার আগুন,",,,,Negative,0.6003462168613232,model_autofill,False
ছিল না কেবল ক্ষমতার পালাবদলের উল্লাস—,,,,Positive,0.3978821847141714,model_autofill,True
"বরং ছিল একটি বৈষম্যহীন, স্বচ্ছ ও জবাবদিহিমূলক",,,,Negative,0.3573485842789802,auto_second_pass_kept,True
শাসন কাঠামো গড়ে তোলার অঙ্গীকার।,,,,Neutral,0.3392483037224503,auto_second_pass_kept,True
জুলাইয়ের কণ্ঠ বলেছিল—,,,,Positive,0.4036147779901177,model_autofill,True
"আমরা শুধু শাসক বদলাতে চাই না,",,,,Negative,0.4936941630029202,model_autofill,True
আমরা চাই এমন এক ব্যবস্থা,,,,Negative,0.4170173736324686,model_autofill,True
"যেখানে আইনের শাসন সবার জন্য সমান,",,,,Positive,0.3927316272114244,auto_second_pass_kept,True
"যেখানে ক্ষমতা হবে জনগণের সেবক, শাসক নয়,",,,,Neutral,0.4063053475404571,model_autofill,True
"যেখানে ন্যায়বিচার হবে অধিকার, অনুগ্রহ নয়।",,,,Neutral,0.8156246719640079,model_autofill,False
কারণ ইতিহাস সাক্ষী—,,,,Negative,0.6576643955330748,model_autofill,False
"ব্যক্তি বদলালে সাময়িক আশ্বাস পাওয়া যায়,",,,,Sarcastic_negative,0.3596848791486837,auto_second_pass_kept,True
কিন্তু ব্যবস্থা বদলালে জাতির ভবিষ্যৎ বদলায়।,,,,Sarcastic_negative,0.5446618242108999,model_autofill,False
"তাই জুলাই বিপ্লব ছিল চেয়ারের নয়,",,,,Positive,0.2729278297781734,auto_second_pass_kept,True
চেতনার বিপ্লব।,,,,Sarcastic_negative,0.3889360377907808,auto_second_pass_kept,True
"ছিল ক্ষমতার নয়, ন্যায়ের সংগ্রাম।",,,,Positive,0.509413823326352,model_autofill,False
"ছিল মুখের পরিবর্তন নয়,",,,,Negative,0.3727036004824047,auto_second_pass_kept,True
মূল কাঠামোর পরিবর্তনের দৃঢ় অঙ্গীকার।,,,,Negative,0.4231060708639048,model_autofill,True
এই হল আসল রুপ,,,,Negative,0.6137664100240363,model_autofill,False
এই রকম হলে তিন মাস থাকতে পারবা।,,,,Negative,0.6711299455026781,model_autofill,False
হাছিনা কে কিক দিতে ১৬ বাছর লাগছে তারেক কে ১৬ মাসে লনডন পালাবে,,,,Positive,0.404741342669374,model_autofill,True
"এই জাতীয় গাদ্দাররা আগে গণভোটে রাজি হয়নি কেন, এখন কি টের পাচ্ছেন? বিএনপির জুলাই আন্দোলনে কোনো অবদান ছিল না। জুলাই ছাত্রদের, জুলাই হাসনাতদের, জুলাই সব শহীদের!",,,,Negative,0.6429595927001764,model_autofill,False
Alhamdulillah,,,,Positive,0.4245513807349363,model_autofill,True
"এই সরকার অবৈধ যদি জুলাই সনদের শপথ না নেয়া হয়,,,,",,,,Negative,0.5103948132772281,model_autofill,False
আর গাদ্দারদের পতন অনিবার্য,,,,Positive,0.4040521814110409,model_autofill,True
"৬৮% মানুষ গণভোটে ""হ্যাঁ"" ভোট দিছে, অথচ বিএনপি নির্বাচিত হবার পর তার পথ চলা শুরু করল জুলাই সনদকে উপেক্ষা করার মধ্য দিয়ে।",,,,Negative,0.4749623184456643,model_autofill,True
"৫০% ভোট পাইয়া, ৬৮% এর মতামতকে উপেক্ষা করা কি গনতন্ত্রের স্পিরিটের সাথে যায়?",,,,Positive,0.3856699446303358,auto_second_pass_kept,True
"MD Junaed এত গুলা প্রাণ গেলো, BNP কে ক্ষমতায় বসানোর জন্য আহারে",,,,Sarcastic_negative,0.4158297450700314,model_autofill,True
যাতে চাঁদাবাজী ভালো করে করা যায়,,,,Positive,0.6301581603562993,model_autofill,False
"আলহামদুলিল্লাহ,,, সুন্দর সিদ্ধান্ত",,,,Positive,0.5330957701179301,model_autofill,False
"খেলা শুরু,,",,,,Sarcastic_negative,0.4540624284621962,model_autofill,True
খুবি ভাল সিদ্ধান্ত,,,,Sarcastic_negative,0.4648562605287404,model_autofill,True
সমস্যা নেই টাইম বেশি দিন না,,,,Sarcastic_negative,0.5001235966726075,model_autofill,False
"হাসিনা সৈরাচার হয়তে ১৬বছর লাগছে।কিন্তু বিম্পি প্রথম দিনেই প্রমান করে দিলো তারা হাসিনার চেয়েও ভয়ংকর।যদি এভাবে চলতে থাকে,তবে হাসিনা পালাইতে ১৬বছর সময় লাগলেও বিম্পির ১৭মাসও লাগবে না। হাসিনা পালানোর সুযোগ পাইলেও বিম্পি পারবে কিনা চিন্তার বিষয়।",,,,Negative,0.3894789545107883,auto_second_pass_kept,True
এই দেশের ভবিষ্যৎ অনেক খারাপ।,,,,Negative,0.416391624588761,model_autofill,True
খুব শিগ্রিই এদের কে ক্ষমতা থেকে সরানো হবে ইনশাল্লাহ,,,,Positive,0.4823417280699634,model_autofill,True
"সংবিধানে তো নির্বাচন ৫ বছর পর তাহলে এখন কি মেনে নির্বাচিত হয়ে আসলেন জনাব,,,,",,,,Sarcastic_negative,0.6269407359107361,model_autofill,False
সঠিক সিদ্ধান্ত ধন্যবাদ বিএনপি,,,,Positive,0.4460548223067804,model_autofill,True
সাবাশ,,,,Sarcastic_negative,0.413492633880515,model_autofill,True
Etai amader prappo,,,,Neutral,0.3184935946741906,auto_second_pass_kept,True
বসতে দেন,,,,Sarcastic_negative,0.4843382980001338,model_autofill,True
"জনরায়কে উপেক্ষা করে সবজান্তা সালাহউদ্দিন আহমেদ এবং বিএনপি সংস্কার পরিষদের সদস্য হিসেবে শপথ গ্রহণ করছেন না। এই সিদ্ধান্তের মধ্য দিয়ে বিএনপির সংস্কার বিষয়ে নিজেদের অবস্থান এবং নব্য ফ্যসিস্ট হওয়ার প্রক্রিয়া শুরু করলো। বেঈমানরা লন্ডন, শিলং থেকে ফিরেই মুনাফেকি করলো , এর পরিনাম ভালো হবে না।",,,,Negative,0.8269967590032256,model_autofill,False
Awami league BNP Hoye back korse,,,,Sarcastic_negative,0.2997772037138811,auto_second_pass_kept,True
পল্টি,,,,Sarcastic_negative,0.4750219748177086,model_autofill,True
এইতো শুরু মাএ আরো কতো কিছু বাকি আছে,,,,Negative,0.4150842742228544,model_autofill,True
এই ধোন টা আগের থেকে জানি,,,,Negative,0.8504331497532266,model_autofill,False
"যারা বলে সংবিধান সংস্কার এখনো সংবিধানে অন্তর্ভুক্ত হয় নাই তাই যেটা সংবিধানে নাই সেটার শপথ কেনো নিবে,,,",,,,Positive,0.3101197830913174,auto_second_pass_kept,True
তাহলে 2026 সালের নির্বাচন কোন সংবিধানে লেখা আছে ???,,,,Sarcastic_negative,0.5675981596105103,model_autofill,False
মনে হচ্ছে দুঃখ আছে কপালে,,,,Sarcastic_negative,0.4268627286058898,model_autofill,True
প্রতারণা শুরু হয়ে গেছে ৯৬ তে জানি কতদিন ক্ষমতায় ছিলেন সে কথা কি ভুলে গেছেন,,,,Positive,0.4843449693202954,model_autofill,True
ছি ছি,,,,Sarcastic_negative,0.3558469489157084,auto_second_pass_kept,True
নিজ গতিতে এগিয়ে চলছে ভারতের দিকে,,,,Sarcastic_negative,0.460997977346843,model_autofill,True
দেশের ১২টা বাজা শুরু মাত্র,,,,Sarcastic_negative,0.3800539346433994,auto_second_pass_kept,True
I have a plane বাস্তবায়ন দেখতে থাকেন ।,,,,Sarcastic_negative,0.3252399271974814,auto_second_pass_kept,True
সংসদ নাপাক হয়েগেছে,,,,Sarcastic_negative,0.6648697353900589,model_autofill,False
Bnp beiman but okhane kmne gelo...???,,,,Sarcastic_negative,0.3710776079605842,auto_second_pass_kept,True
অবৈধ সংস্কার কেন শপথ নিবেন,,,,Sarcastic_negative,0.5693632928623312,model_autofill,False
জাশি অন ফায়ার,,,,Sarcastic_negative,0.405380519186758,model_autofill,True
এরা হচ্ছে দুনিয়ার বাটপার। এদেরকে এক সেকেন্ডও বিশ্বাস করা যায় না। এদেরকে বিদায় করে আবার নির্বাচন দেন।,,,,Negative,0.7160295187583712,model_autofill,False
@highlight,,,,Sarcastic_negative,0.4093940743400722,model_autofill,True
Tayyip Islam Fahad,,,,Sarcastic_negative,0.332474189110286,auto_second_pass_kept,True
প্রত্যাশা ছিল—পরিবর্তন।,,,,Negative,0.5358915877484501,model_autofill,False
প্রাপ্তি হলো—পুনরাবৃত্তি।,,,,Negative,0.3346033031961918,auto_second_pass_kept,True
তাহলে কি গনভোট জুলাই সনদ চুদ লিং পং এর পথে?,,,,Sarcastic_negative,0.4706867255833949,model_autofill,True
পল্টি মারলো? সমস্যা নেই। জীবনে আর কখনও বিএনপিকে ভোট দেব না। ।।বিদায় বিএনপি ।।হোগামারা আবার খাবে ।হাসিনাকে স্বাগতম।,,,,Negative,0.769969212025477,model_autofill,False
#আজহাররাজাকারেরফাঁসিচাই,,,,Negative,0.4237729321551046,model_autofill,True
"গুড ডিসিশন,",,,,Sarcastic_negative,0.3951074149383214,auto_second_pass_kept,True
সংবিধান কিসের সংস্কার?,,,,Sarcastic_negative,0.4901886111454726,model_autofill,True
মনে রাখতে হবে ত্রিশ লাখ শহীদের রক্তের বিনিময়ে এই দেশ ও সংবিধান।,,,,Neutral,0.4679789609183534,model_autofill,True
MD Rasel Foraji,,,,Sarcastic_negative,0.4557010961240135,model_autofill,True
Si A M চুরেরার সবাব কখনো ভালো হয় না,,,,Sarcastic_negative,0.4781621153910648,model_autofill,True
মাহমুদুর রহমান ইকবাল,,,,Positive,0.3265816941460756,auto_second_pass_kept,True
"ধন্যবাদ বিএনপিকে ধন্যবাদ তারেক রহমানকে,",,,,Positive,0.6754820744496749,model_autofill,False
নির্বাচনের আগে টুপি এখন টুপি কোথায়?,,,,Sarcastic_negative,0.366946795937956,auto_second_pass_kept,True
ক্ষমতা না থাকার ইচ্ছে যাগছে। দেশ আবার সংকটের মুখে হবে। বুঝাই যাচ্ছে,,,,Neutral,0.3867457906728671,auto_second_pass_kept,True
জারা বলেছিল সুষ্ঠ নির্বাচন হয়েছে তাদের জন্য এক বালতি সমবেদনা।। হে ভোট অনোযায়ী এখন বুঝলেন ত কেমন সুষ্ঠ নির্বাচন হয়েছে,,,,Sarcastic_negative,0.6158997071548515,model_autofill,False
"যারা ভাবে আমি ত বিএনপি করি আমার দল খমতায় গেলে ত আমার লাভ ই,, সামনে তুমাকে কিছু হাত খরচ দিয়ে পেছন দিয়ে যে মেরে খাবে সেটার জন্য প্রস্তূত থাকো।।",,,,Negative,0.813969940270771,model_autofill,False
once a cheater always be a cheater,,,,Sarcastic_negative,0.3689596886078326,auto_second_pass_kept,True
চুর গাদ্দার দের সভাব কখনো চেঞ্জ হয় না।,,,,Sarcastic_negative,0.6510463897938867,model_autofill,False
জাস্ট কোটা আন্দোলনের মীমাংসিত বিষয় এর মতো মনে হচ্ছে। হাইকোর্ট আইনের দোহাই দিয়ে জনগণের বিপক্ষে গিয়ে আওয়ামী লীগ কোটা বহাল রাখতে গিয়ে কি উসঁঠা খেল হা হা,,,,Sarcastic_negative,0.4371916000347032,model_autofill,True
এক মাঘে শীত জায়না কিন্তু,,,,Sarcastic_negative,0.4293785809344991,model_autofill,True
"বিএনপি তাহলে দেশের ১৬% জনগণের সাথে বেইমানি করলো। আবার দেশের মধ্যে একটা অরাজকতা সৃষ্টির পাঁয়তারা করতেছে।এই দেশের জনগণের আর শান্তি ফিরলো না। ওনাদের জন্য আওয়ামীলীগ ভালো ছিলো মনে হয়। ছাত্ররা অযথা জীবন দিয়ে দেশটি স্বাধীন করলো। যাদের কারনে বিএনপির নেতারা বিদেশ থেকে দেশে আসতে পেরেছে এবং ১৭ বছর পর জেল থেকে ছাড়া পাইছে, সেই জুলাই যোদ্ধাদের সাথে বেইমানি আল্লাহ সহ্য করবে না।",,,,Negative,0.7159901149458823,model_autofill,False
হ্যাঁ ভোট তো বিজয় লাভ করছে। মন্ত্রীর বিজয় লাভ করছে হ্যাঁ যদি না হয় তাহলে তারা কিসের মন্ত্রী কিসের এমপি,,,,Sarcastic_negative,0.3543275498054646,auto_second_pass_kept,True
জনগণের সাথে গাদ্দারির করে কেউ টিকতে পারেনি ইনশাআল্লাহ কেউ পারবেও না,,,,Positive,0.4871654242741527,model_autofill,True
ওটা করতে আর লুটপাট করা যাবেনা।,,,,Positive,0.552032456440123,model_autofill,False
কিরে টুপি কই ওও এতো দিন তারা টুপি পরতো এখন জনগণকে টুপি পরাবে তাই রেখে দিছে,,,,Sarcastic_negative,0.320232117531661,auto_second_pass_kept,True
সংবিধান সংস্কারের শপথ নেয়নি বিএনপি।,,,,Negative,0.8517366362158231,model_autofill,False
"৭০% মানুষের ভোট, আবেগ, ইচ্ছা, স্বপ্ন সবকিছুই বিসর্জন দেওয়া হলো। আমরা কতটা আশা নিয়ে গণভোটে হ্যাঁ দিয়েছিলাম, সেটা আমরাই জানি।",,,,Negative,0.5689247464145251,model_autofill,False
"সেই আশা প্রথম দিনেই গলা টিপে মেরে ফেলার জন্য ধন্যবাদ। প্রথম দিনেই যেহেতু বুঝাই দিলেন, এসব সংস্কার টংস্কার আপনারা কেয়ার করেন না, শুধু এমপিটা হইলেই হবে, সেহেতু আপনাদের কাছে আমাদের প্রত্যাশাও কম থাকবে।",,,,Positive,0.4820783391229081,model_autofill,True
"বাংলাদেশের মানুষকেও অভিনন্দন। আপনারা তাই পেয়েছেন, যা আপনারা চেয়েছিলেন।",,,,Sarcastic_negative,0.5181441541423638,model_autofill,False
পল্টি শুরু হইয়া গেছে।,,,,Sarcastic_negative,0.5785976852195248,model_autofill,False
সংবিধান সংশোধন হলে চুরি কতে পাবানা এই জন্য শপথ নিবে না।,,,,Negative,0.5718411982568304,model_autofill,False
Matro suru,,,,Sarcastic_negative,0.3768741995977049,auto_second_pass_kept,True
দুই বছরের বেশি মনে হয় না,,,,Sarcastic_negative,0.543588813840638,model_autofill,False
কত বড় বেঈমানী ক্ষমতা বেশিদিন থাকবে না,,,,Positive,0.3442178215390873,auto_second_pass_kept,True
সমস্যা নাই। টুর্নামেন্ট উদ্বোধন করবি তোরা আর ম্যাচ জিতবো আমরা জনগণ ।হাসু আপার কাছ থেকে অভিজ্ঞতা টা নেয়া রাখিস।,,,,Negative,0.4264770693835603,model_autofill,True
তাহলে তো এই নির্বাচন অবৈধ তারা কোন আয়নের উপর সপদ নিলো,,,,Negative,0.5712277703042988,model_autofill,False
কি বিএনপি চুরি করতে পারবে না তাই,,,,Negative,0.8850553912331108,model_autofill,False
এমন একটি সিদ্ধান্ত নেয়ার জন্য বিএনপিকে অসংখ্য ধন্যবাদ জানাই সময় উপযোগী সিদ্ধান্ত সময় এলে তখন সব সিদ্ধান্ত গ্রহণ করবে,,,,Negative,0.4335965794947125,model_autofill,True
খেলা তো শুরু,,,,Sarcastic_negative,0.4357379665865505,model_autofill,True
জনগণ যাদের বয়কট করছে তাদের সাথে সংবিধানের কোন সম্পর্ক নাই,,,,Sarcastic_negative,0.4183262432577509,model_autofill,True
ক্ষমতায় যেতে না যেতে স্বৈরাচারী চিন্তাভাবনা শুরু করে দিয়েছে যদি এরকমই চলে তাহলে তো আওয়ামী লীগ কোন দোষ করেনি।,,,,Negative,0.3843887992611048,auto_second_pass_kept,True
"জুলাই কে ভুলানো অত সহজ না,,, বেইমানি করছ করেন,,,আল্লাহ বিচার করার মালিক",,,,Positive,0.3539775977807431,auto_second_pass_kept,True
Alam Khan ai bisoy kico boilo,,,,Sarcastic_negative,0.4033939510890071,model_autofill,True
"সংবিধান সংস্কারের প্রতিশ্রুতি ছিল জনগণের সামনে দেওয়া একটি গুরুত্বপূর্ণ অঙ্গীকার। যদি সেই অঙ্গীকার অনুযায়ী পদক্ষেপ না নেওয়া হয় বা স্পষ্ট রূপরেখা না আসে, তাহলে স্বাভাবিকভাবেই প্রশ্ন উঠবে। কারণ জনগণের ‘হ্যাঁ’ ভোট কেবল একটি দলের জয় নয়, বরং পরিবর্তনের প্রত্যাশার প্রতিফলন।",,,,Negative,0.4023229738561892,model_autofill,True
"আজ যে শপথ গ্রহণ অনুষ্ঠান হলো, সেটিও তো একটি রাজনৈতিক আন্দোলন ও জনআন্দোলনের ধারাবাহিকতার ফল। তাই জনগণের প্রত্যাশা উপেক্ষা করা হলে সেটি আস্থার সংকট তৈরি করতে পারে। গণতন্ত্রে প্রতিশ্রুতি শুধু স্লোগান নয়, সেটি বাস্তবায়নের দায়ও বহন করে।",,,,Negative,0.4591733722447812,model_autofill,True
আলহামদুলিল্লাহ সঠিক সিদ্ধান্ত বিএনপি।,,,,Negative,0.442726366410729,model_autofill,True
Sob pir baba,,,,Sarcastic_negative,0.3709508650312783,auto_second_pass_kept,True
কত বড় গাদ্দার ভাবা যাই…??,,,,Negative,0.415983222897848,model_autofill,True
তাইলে বুঝো নির্বাচন সুস্থ হইছে না,,,,Sarcastic_negative,0.5841147155041624,model_autofill,False
আল্লাহর কসম করে বলছি আমার মা আর বাচ্চারা খুদায় কান্না করছে।সবাই না খেয়ে আছি। বাসায় কোন খাবার নাই।আমার বৃদ্ধ বাবা মা ও ছোট দুই বাচ্চা আছে।আল্লাহ ওয়াস্তে আমাকে খাবারের জন্য সাহায্য করেন।,,,,Negative,0.7634098668793062,model_autofill,False
বিকাশ ও নগদএবং রকেট নাম্বার নাম্বার,,,,Negative,0.7215378014701618,model_autofill,False
1933624599,,,,Sarcastic_negative,0.4093940743400722,model_autofill,True
আমরা অনেক গরীব ও অসহায়। আমাদের যায়গা বা এমন কোন সমম্পদ নাই বসে খাবো।আমি কাজ করে সংসার চালাইতাম।এক্সিডেন্টন পায় রড ডুকানো অবস্থায় আছি। একা একা দাড়াতেও পারিনা।আপনারত দান সদকাহ করেন ভাই হিসাবে খাবারের জন্য যতটুকু পারেন সাহায্য করেন।যতদিন বাঁচবো নামাজ পড়ে আল্লাহর কাছে আপনাদের জন্য দোয়া করব।,,,,Negative,0.4692079518777111,model_autofill,True
দয়া করে আমার আইডিটা ঘুরে আসুন। যাচাই বাছাই করে। যদি আমি অসহায় হই তবে আমাকে সাহায্য করুন। প্রয়োজন হলে ভিডিও কলে দেখে আমাকে সাহায্য করুন। আইডিটা দেখুন আমার যাচাই করে।,,,,Negative,0.5161641801988054,model_autofill,False
যে পোলা পয়দা হয়নি সে পোলার নামে গরু কেটে আকীকা দেয়ার বায়না ধরসে!,,,,Sarcastic_negative,0.476704803041158,model_autofill,True
ফ্যাক্ট-সংবিধান সংস্কার কমিশন,,,,Negative,0.3346364787264184,auto_second_pass_kept,True
লন্ডনে চলে আসো বন্ধু আমার,,,,Sarcastic_negative,0.437886239534515,model_autofill,True
"Channel 24 News আচ্ছা যারা ভোট চুরি করে শপথ নেয়, তারা এই শপথের কতটুকু বাস্তবায়ন করবে",,,,Negative,0.5122665615348015,model_autofill,False
জনগণ ও জুলাইয়ের সঙ্গে গাদ্দারী।এর ফল কখনোই ভালো হবে না।,,,,Neutral,0.4116865008063271,model_autofill,True
জুলাই সনদ ও অভ্যুত্থানের আকাঙ্ক্ষার সাথে গাদ্দারি করে বিএনপি সরকারের যাত্রা শুরু হলো!,,,,Negative,0.6455671779652368,model_autofill,False
"বিএনপি কে ভোট দিয়েছে জণগণ জুলাই সনদের বিরুদ্ধে থাকার জন্য, বিএনপি কে অসংখ্য ধন্যবাদ।",,,,Negative,0.5830910297119284,model_autofill,False
জনগণের আকাঙ্ক্ষা বুঝতে ব্যর্থ হলে তার পরী নাম কখনোই ভালো হয় না,,,,Sarcastic_negative,0.4374511338747916,model_autofill,True
প্রথম দিনে এমন,,,,Sarcastic_negative,0.3454130941616986,auto_second_pass_kept,True
৮। শপথ এবং শপথ-পাঠ পরিচালনা।,,,,Negative,0.3573080240795038,auto_second_pass_kept,True
(১) নির্বাচিত প্রতিনিধিগণ সংসদ-সদস্য হিসাবে শপথ গ্রহণের পর একই শপথ অনুষ্ঠানে এই আদেশের তফসিল-১ অনুযায়ী পরিষদ-সদস্য হিসাবে শপথ গ্রহণ করিবেন এবং অনুরূপ শপথপত্রে স্বাক্ষর দান করিবেন। (২) সংসদ নির্বাচনে নির্বাচিত সংসদ-সদস্যদের ক্ষেত্রে যিনি শপথ-পাঠ পরিচালনা করিবেন তিনিই এই আদেশের তফসিল-১ এ বিধৃত ফরমে পরিষদ-সদস্যদের শপথ-পাঠ পরিচালনা করিবেন।,,,,Negative,0.5968550036835477,model_autofill,False
"পাতানো নির্বাচন, তারপরও এই অবস্থা !!",,,,Negative,0.4604907514649378,model_autofill,True
ট্রান্সপারেন্সি ইন্টারন্যাশনাল বাংলাদেশ (টিআইবি)–র রিপোর্ট :,,,,Positive,0.3264280413989726,auto_second_pass_kept,True
কেন্দ্রে যেতে বাধা = ৪৬.৪০ শতাংশ।,,,,Sarcastic_negative,0.4656269780389825,model_autofill,True
জাল ভোট =৩১.৪০ শতাংশ।,,,,Sarcastic_negative,0.4039814582982185,model_autofill,True
অগ্রিম সিল মারা =১৪ শতাংশ,,,,Sarcastic_negative,0.3785813311902969,auto_second_pass_kept,True
এজেন্টকে কেন্দ্রে যেতে বাধা = ১৪.৩০ শতাংশ।,,,,Sarcastic_negative,0.5505533981236501,model_autofill,False
"এখন বুঝছেন রংপুরের মতো জায়গায় জাতীয় পার্টি কেন একটা আসনও পায় না আর নাহিদ, হাসনাত, নুরারা কেমনে এমপি হয়।",,,,Positive,0.4180342460786089,model_autofill,True
ধার্মিক মানেই যেমন সৎ না তেমনি অপেক্ষাকৃত শান্তিপূর্ণ মানেই ফেয়ার না।,,,,Sarcastic_negative,0.3685098230509652,auto_second_pass_kept,True
জনগণের সাথে পোলটি নিলে বেশিদিন টিকা মুশকিল হয়ে যাবে,,,,Sarcastic_negative,0.5334560978185826,model_autofill,False
উপরে উঠতে যতটুকু সময় লাগে নিচে নামতে এতটুকু সময় লাগে না সেটা যেন মাথায় রাখে,,,,Sarcastic_negative,0.3980411763842787,model_autofill,True
এতো জলদি করলে তো হাদি ভাইয়ের কথা সত্যি হয়ে যাবে ওনি বলছেন আগে মনে করছিলাম ৩ বছর থাকতে পাবে পরে মনে হইছে ২ বছর,,,,Negative,0.4953642175531828,model_autofill,True
আপনাদের কথা শুনে আমার কাছে মনে হচ্ছে তার চাইতে অনেক কম,,,,Negative,0.4555024562163453,model_autofill,True
দেশ ও জাতির কল্যাণ এর জন্য কাজ করেন তা না হলে দুঃখ আছে কপালে,,,,Sarcastic_negative,0.4244890721842139,model_autofill,True
সমউপযোগী সঠীক সিদ্ধান্ত,,,,Neutral,0.3959171070592998,auto_second_pass_kept,True
তাহলে আমরাও এই নির্বাচন মানি না,,,,Negative,0.7581290822522125,model_autofill,False
"জাতিকে বৃদ্ধাঙ্গুলি দেখানো কেবল শুরু, ভবিষ্যতে আরো দেখতে হবে।",,,,Positive,0.4770688931800018,model_autofill,True
গাদ্দারী শুরু তাহলে,,,,Sarcastic_negative,0.4036299351955154,model_autofill,True
ফল ভালো হবে না,,,,Neutral,0.8691911647050939,model_autofill,False
এটা জাতি আগেই বুঝতে পারছে।,,,,Negative,0.4560827594647982,model_autofill,True
চুরি আর চান্দাবাজি করা বন্ধ হয়ে যাবে।,,,,Sarcastic_negative,0.6318069240940685,model_autofill,False
আপনারা যে এই গাদ্দারী করবেন এটা পাবলিক আগেই বুঝে গেছে,,,,Sarcastic_negative,0.5372336279640126,model_autofill,False
আসল রুপ বের হচ্ছে। প্রথম ১৩ দিন যাওয়ার পরে পল্টি নিলে ভাল হতো।,,,,Negative,0.3842175242165442,auto_second_pass_kept,True
এটাই বুজি পল্টিবাজ,,,,Negative,0.3641031315215842,auto_second_pass_kept,True
"সংবিধান সংস্কার পরিষদের শপথ গ্রহণ না করে জনগণের দেয়া রায়কে বৃদ্ধাঙ্গুলি দেখালো বিএনপি। এটি জুলাই গণঅভ্যুত্থানের যে আকাঙ্ক্ষা তার সাথে পুরোপুরি সাংঘর্ষিক। ক'দিন আগেই গণভোট ""হ্যাঁ"" বিজয়ী হয়েছে বেশ বড়সড় ব্যবধানে; কয়েকদিন না যেতেই বিএনপি ফ্যাসিবাদ হয়ে উঠার চেষ্টার অংশ হিসেবে এই জনরায়কে উপেক্ষা করছে। অবিলম্বে বিএনপিকে জুলাই সনদে উল্লেখিত সংস্কার নিশ্চিতের অংশ হিসেবে এই শপথ গ্রহণ করতে হবে। জনরায়ের বিরুদ্ধে গেলে দিনশেষ জনরোষের মুখোমুখি হতে হবে।",,,,Negative,0.7253833373353961,model_autofill,False
"সংবিধান এর দোহাই তো তখন শেখ হাসিনা দিত, যে সংবিধান এ তত্ত্বাবধায়ক সরকার ব্যবস্থা নাই। এখন দেখছি আপনারা দিচ্ছেন!! তো সংবিধান এ ত অন্তর্বর্তী সরকার ব্যবস্থাও নাই আপনারা কার অধীনে নির্বাচন করেছেন!! আপনাদের জনগণ ভোট দিয়েছে কেন !! যে জুলাই এর জন্য সবাই মুক্ত হয়েছেন সেই জুলাই কে স্বীকৃতি দিতে অসুবিধা কি !!",,,,Sarcastic_negative,0.6405728485967884,model_autofill,False
তাহলে কপালে শনি আছে।,,,,Negative,0.4061589487597878,model_autofill,True
এই দেশের জনগণের জন্য এটাই তো হওয়া উচিত,,,,Negative,0.4427916331759058,model_autofill,True
জয় বাংলা স্লোগান চলছে চলবে,,,,Sarcastic_negative,0.4537425278652975,model_autofill,True
বাংলাদেশে পল্টি বাজি চলবেনা।,,,,Sarcastic_negative,0.391547482073986,auto_second_pass_kept,True
জাতীয় বেঈমানী শুরু হয়েগেছে..!,,,,Sarcastic_negative,0.5816259795295196,model_autofill,False
প্রথম দিনেই উল্টো,,,,Sarcastic_negative,0.3944702847712637,auto_second_pass_kept,True
সময় একদিন আসবেই,,,,Sarcastic_negative,0.480618152682676,model_autofill,True
দেশের মানুষ কে মুলা ধরাই দিসে আবার সেই ফ্যাসিস্ট যুগ আসার রাস্তা খুলে থাকল,,,,Negative,0.3849758621622733,auto_second_pass_kept,True
তার মানে পতনের জন্য আরেকটা জুলাই সামনে আসতেছে!,,,,Positive,0.4179205731612208,model_autofill,True
শুরু হল,,,,Sarcastic_negative,0.3842589350472924,auto_second_pass_kept,True
তালবাহানা শুরু হয়ে গেছে,,,,Sarcastic_negative,0.5205264899253745,model_autofill,False
তাহলে মন্ত্রী কেমনে হবে?? আর সংসদ কেমনে হবে??,,,,Neutral,0.773953571299274,model_autofill,False
এখন কি হবে তাহলে,,,,Neutral,0.8853392839302392,model_autofill,False
"কার দুয়া'রা শিন্নি খাইলা,মোল্লা চিনলা না,,",,,,Sarcastic_negative,0.4162660771342348,model_autofill,True
তারা নাকি জুলাই আগস্টের নায়ক,,,,Negative,0.2968426591193107,auto_second_pass_kept,True
তা হলে করবেন না কেন,,,,Negative,0.3525573118354029,auto_second_pass_kept,True
সমস্যা নাই বাংলাদেশের জনগণ ছাড় দেয় কিন্তু ছেড়ে দেয় না জনগণের সাথে গাদ্দারির ফল কখনো ভালো হবে না সোজাসাপ্টা কথা।,,,,Positive,0.4308597200753428,model_autofill,True
পাল্টি পাল্টি রক্ত কথা বলে,,,,Positive,0.7203662753837026,model_autofill,False
তাহলে আমরা যে হ্যা ভোট দিছি এটা মূল কয়,,,,Negative,0.5840588009342084,model_autofill,False
চুদুরবুদুর করলে সময় বেশি পাবেন না,,,,Negative,0.506157880313181,model_autofill,False
Jonogoner Rae ke manlona.....Abar shei ager chehara,,,,Sarcastic_negative,0.3812492750352161,auto_second_pass_kept,True
"কথা হচ্ছে, ফ্যাসিস্ট হওয়ার সব পথ বন্ধ করলে নিজে ফ্যাসিস্ট হব কিভাবে?",,,,Neutral,0.3489275930248501,auto_second_pass_kept,True
জুলাইয়ের সিদ্ধান্ত না হলে ১১ দলের শপথ নেয়া ঠিক হবে না।,,,,Neutral,0.6875351584005713,model_autofill,False
তার মানে বিএনপি'র ইচ্ছামত চলতে পারবে আওয়ামী লীগের মতন এক কথায়,,,,Negative,0.6881604617458302,model_autofill,False
ওই ল!! ঝামেলা বাইজা গেছে শুরতেই,,,,Sarcastic_negative,0.5833175855994193,model_autofill,False
ঠিকই আছে,,,,Negative,0.4621159980228077,model_autofill,True
জুলাইয়ের সাথে গাদ্দারি করলে বাংলার মানুষের মেনে নেবে না,,,,Negative,0.3942364826239905,auto_second_pass_kept,True
তাহলে ভোট হয় নি।,,,,Sarcastic_negative,0.5169097942901604,model_autofill,False
জনগণের সাথে গাদ্দারি,,,,Sarcastic_negative,0.7039374113542715,model_autofill,False
সঠিক সিদ্ধান্ত।,,,,Neutral,0.4622158027205778,model_autofill,True
নয়তো টাকা লুটপাট করে খাবে কেমনে?,,,,Negative,0.3624543743491444,auto_second_pass_kept,True
জুলাইয়ের কি দরকার ছিলো.,,,,Negative,0.3053002427800103,auto_second_pass_kept,True
"বিএনপি ন লইলে আমি লমু শপথ , আমার রায়ের সরকার আমার রায় ন মানলে সে সরকারও আমি মানিনা, সংবিধান মানলে বিএনপি অবৈধ সরকার",,,,Negative,0.8845994253213376,model_autofill,False
যাদের জন্য ক্ষমতা আজ তাড়াই বিতাড়িত আহারে বাঙালি আমরা,,,,Negative,0.4772735234677746,model_autofill,True
...... জুলাই এত দ্রুত ভুলে যাচ্ছে আহা বাঙালি,,,,Sarcastic_negative,0.5793913676044845,model_autofill,False
সবাই রাজুতে আসো।,,,,Neutral,0.3343688206486272,auto_second_pass_kept,True
"এদের ধারা দেশ নিরাপদ নয়, এরা তো প্রথম দিনই প্রতারণা শুরু করছে",,,,Sarcastic_negative,0.4040070285448908,model_autofill,True
পতন টাও দেখব তাহলে।,,,,Sarcastic_negative,0.346327241012967,auto_second_pass_kept,True
বোঝা গেলো চ্যানেল ২৪ এই নতুন সরকারের বিরুদ্ধে মিথ্যা প্রচার করে ধংস করার কাজ করবে।,,,,Positive,0.4017450277629121,model_autofill,True
আগেই জানতাম এরা গাদ্দারি করবে,,,,Sarcastic_negative,0.3787398287150458,auto_second_pass_kept,True
তাহলে গণভোট হিসাবে সরকার গঠন করবে জামায়াত কারণ,,,,Negative,0.3573813933623852,auto_second_pass_kept,True
না পরাজিত,,,,Negative,0.7151799985159534,model_autofill,False
হ্যা বিজয়ী হয়েছেন,,,,Sarcastic_negative,0.3106917995777065,auto_second_pass_kept,True
বিএনপির শুধু সবকিছুতেই না আর না ভুয়া দল একটা,,,,Negative,0.8406210111899668,model_autofill,False
জুলাই সনদ নিয়ে কোন আপোষ করা যাবে না,,,,Negative,0.3143800063353557,auto_second_pass_kept,True
এসব ছাড়া আর কিছু আশা করিও নাই।,,,,Positive,0.3505051040956024,auto_second_pass_kept,True
জুলাই সনদ বাস্তবায়ন না করলে বিএনপিকেও জনগণ বৃদ্ধাঙ্গুলি দেখাবে ইনশাআল্লাহ।,,,,Negative,0.5992739688894917,model_autofill,False
"জনগণ দেখুক কোন বেঈমানদের ভোট দিয়ে তারা নির্বাচিত করেছে,,,,",,,,Positive,0.3588592972871408,auto_second_pass_kept,True
Ekdom thik ase,,,,Sarcastic_negative,0.3721451743461118,auto_second_pass_kept,True
দেশ ধংশ কারি সংস্কার মানবে কি করে,,,,Positive,0.3771280663865125,auto_second_pass_kept,True
Polti at day 1,,,,Sarcastic_negative,0.430221823437859,model_autofill,True
এভাবে জনগণকে ক্ষেপিয়ে তুললে বিএনপি বেশি দিন ক্ষমতায় থাকতে পারবে না।,,,,Negative,0.7921882783340802,model_autofill,False
সংবিধান সংস্কার হলে এরা স্বৈরাচারী পথ পরিচালনা করবে কিভাবে?,,,,Negative,0.3672996071512383,auto_second_pass_kept,True
এরা আসলে মূলত হাসিনার মত হতে চায়,,,,Sarcastic_negative,0.4326345054541139,model_autofill,True
OMG পলটি,,,,Sarcastic_negative,0.3908557488464925,auto_second_pass_kept,True
গণভোট জনগণের রায়..!!গণভোট না মানলে নির্বাচন ও মানা হবেনা..!,,,,Neutral,0.4537691176346485,model_autofill,True
"ওরা তো আইছে লুটপাত করতে, ওরা কেন সংস্কার চাইবো l",,,,Sarcastic_negative,0.4755037971020195,model_autofill,True
তার মানে হাসু আপা দেশে আইতে আছে,,,,Sarcastic_negative,0.4546077694581062,model_autofill,True
তাহলে এদের নির্বাচন হয়নি। এরা অবৈধ,,,,Sarcastic_negative,0.6767464308150183,model_autofill,False
আগের সংবিধান অনুযায়ী,,,,Sarcastic_negative,0.3706061081264536,auto_second_pass_kept,True
শেখ হাসিনা তার প্রধানমন্ত্রীত্ব ফিরিয়ে দিন,,,,Positive,0.3010358358334092,auto_second_pass_kept,True
"তাহলে হাসু আফায় কি দোষ করছে,,?",,,,Negative,0.5778910620268338,model_autofill,False
খেলা শুরু হয়ে গেছে দাদা,,,,Sarcastic_negative,0.724628413713231,model_autofill,False
We Have a Plan,,,,Sarcastic_negative,0.406852152716512,model_autofill,True
জাতীয় বেঈমান,,,,Negative,0.3656834761131691,auto_second_pass_kept,True
এরা জাতির সাথে প্রতারনা করছে,,,,Negative,0.7122861518226908,model_autofill,False
এটা বিএনপির প্রথম উন্নয়ন মূলক কাজ,,,,Negative,0.6911093958745954,model_autofill,False
"মন্ত্রিসভা গঠন হয়েছে ভারতের প্রেসক্রিপশনে এখানে কারো কোন হাত নেই,,এইসব কারনে বিএনপির ভবিষ্যৎ অন্ধকার দেখতে পাচ্ছি",,,,Negative,0.7508007776375347,model_autofill,False
আওয়ামী লীগ গেছে যেই পথে বিএনপি যাবে সেই পথে ইনশাআল্লাহ।,,,,Negative,0.4736820645493748,model_autofill,True
ছাত্র জনতা আবার শুরু করে দেবে,,,,Positive,0.4828204131938321,model_autofill,True
পল্টিবাজ,,,,Sarcastic_negative,0.496945785187724,model_autofill,True
"‘সংবিধানে নেই’ মর্মে যদি সংবিধান সংস্কার পরিষদ সদস্য হিসেবে শপথ না নিতে চান, তাহলে",,,,Negative,0.5510679730316193,model_autofill,False
আমার প্রশ্ন হলো “২০২৬ সালের নির্বাচন কোন সংবিধানে ছিল? ত্রয়োদশ জাতীয় সংসদ নির্বাচনের সঙ্গে একই দিনে অনুষ্ঠিত গণভোটে ও সংবিধান সংস্কার বাস্তবায়নের প্রস্তাবে ‘হ্যাঁ’ জয়ী হয়েছে কিসের জন্য? গণভোটে হ্যাঁ ভোট দেওয়া ৭০% জনগণের সাথে প্রতারণা ও জাতীর সাথে তামাসা করার কি দরকার ছিল?,,,,Sarcastic_negative,0.4136821596435124,model_autofill,True
I have plan,,,,Sarcastic_negative,0.4335377544154108,model_autofill,True
It's an a part of 10% Plan,,,,Sarcastic_negative,0.3932394871197245,auto_second_pass_kept,True
huga mara khaibo samne,,,,Sarcastic_negative,0.4607566148813481,model_autofill,True
হাসিনার মত হবে,,,,Neutral,0.8263343674788168,model_autofill,False
Drama Start,,,,Sarcastic_negative,0.3987499567446179,model_autofill,True
এদের বিপক্ষে বাংলাদেশ আবার আনদোলনে নামবে,,,,Positive,0.637093780165619,model_autofill,False
এটা তো আগে থেকেই জানি কারন এরাও আগের মতোই করবে,,,,Negative,0.6152063475946472,model_autofill,False
আমার তো মনে হয় গাদ্দারী কেবল শুরু,,,,Negative,0.3791071723183962,auto_second_pass_kept,True
Here is the plan,,,,Neutral,0.4413436414399865,model_autofill,True
"যারা ৩৬ জুলাইয়ের চেতনা ও আন্দোলনের সময় ২০০০-৩০০০ জন শহীদ এবং ৫০ হাজার আহত হয়েছেন,আজ তাদের উপর ভর করে সরকার গঠনের পথে এগোচ্ছে, অথচ সেই জুলাইয়ের আদর্শকেই উপেক্ষা করছে—বিএনপি, তাদের জন্য ভবিষ্যৎ সহজ হবে না। এ দেশের মানুষ সবকিছুর পুঙ্খানুপুঙ্খ হিসাব রাখে। সময় হলে জনগণই তার যথাযথ জবাব দেবে, ইনশাআল্লাহ।",,,,Negative,0.4470908370377663,model_autofill,True
#সায়_ফিং #প্রবাসী #মীরজাফরবিএনপি,,,,Negative,0.7958921346583392,model_autofill,False
সবটি হালারপু,,,,Negative,0.3752908806169836,auto_second_pass_kept,True
জুলাই সনদ কি তাহোলে চুং************দি লিং পং হয়ে গেলো ভাই,,,,Sarcastic_negative,0.4838863659992868,model_autofill,True
সমস্যা নাই আবার গণঅভ্যুত্থান হবে,,,,Neutral,0.9056161174310994,model_autofill,False
",, এদের জন্য,,, ইয়ামিন,,, আবু সাইদ,,, মুকুন্দরা,,, জিবন দিলো,,,, হাজারের অধিক ছাত্র জিবন দিলো,,, এই জন্য",,,,Sarcastic_negative,0.443627943355623,model_autofill,True
আওয়ামিলীগ এর ভোট পেয়ে জয়ী হয়ে এখন নিজেকে অনেক কিছু মনে করছে এক দল জনগনের রায়ের বিরুদ্ধে গেলে তাদের ও পতন ঘটবে ইনশাল্লাহ,,,,Positive,0.4943843029517752,model_autofill,True
BNP cdi,,,,Negative,0.3208585546222349,auto_second_pass_kept,True
সংসদে কি টুপি নিষেধ,,,,Sarcastic_negative,0.4502154150792454,model_autofill,True
টুপি দেখছিনা যে!,,,,Negative,0.5335095616117028,model_autofill,False
লে পল্টি,,,,Sarcastic_negative,0.4428800076509281,model_autofill,True
বেড়ি গুড,,,,Sarcastic_negative,0.40910607602844,model_autofill,True
জুলাই যোদ্ধারা মাঠে নামুন,,,,Sarcastic_negative,0.3782038065765559,auto_second_pass_kept,True
এটা বিএনপি'র একটি চরম ভুল সিদ্ধান্ত হয়েছে।,,,,Negative,0.7233090488228328,model_autofill,False
"BNP গণভোটের রায়কে প্রত্যাখ্যান করেছে, সংস্কারের শপথ নেয়নি । অনেকে অবাক হচ্ছে । বলছে বিএনপি গাদ্দারী করেছে, ব্লা ব্লা…….",,,,Negative,0.5378306199639551,model_autofill,False
"বিএনপি যে সংস্কারের সপথ নেয়নি , কিংবা গণভোটের রায়কে প্রত্যাখ্যান করেছে এতে আমি মোটেও অবাক হইনি, বরং আমার কাছে স্বাভাবিক ই মনে হয়েছে ।",,,,Negative,0.8106792574370367,model_autofill,False
কারণ বিএনপির ডে ওয়ান থেকে এই পজিশন ই ছিলো ।,,,,Negative,0.8425491913169226,model_autofill,False
বেগম জিয়া বলেছিল ক্ষমতায় আসলে এই সংবিধান ছুড়ে ফেলে দিবে। ৫ তারিখের পর সংবিধানের দোহাই দিয়ে বিএনপি হাসিনার পা ধরে সালাম করা চুপ্পুকে রাষ্ট্রপতি রেখে দেয় । বিএনপির বাধার কারণেই চুপ্পুকে সরানো যায়নি । সংবিধান পুনর্লিখনেও বিএনপির বাধার কারণে হয়নি ।,,,,Negative,0.8871408014106213,model_autofill,False
সংবিধান সংস্কারে গণভোটের প্রশ্ন আসলে বিএনপি সরাসরি বিরোধিতা করে । তারেক রহমানের কাছে গণভোটের চাইতেও আলুর দাম বেশি গুরুত্বপূর্ণ মনে হয় । ফলে সংবিধান সংস্কারে গণভোট পিছিয়ে যায়।,,,,Negative,0.675951300929479,model_autofill,False
"সিদ্ধান্ত হয় নির্বাচনের দিনই একসাথে গণভোট হবে । ইতোমধ্যে প্রবাসীদের কাছে পোস্টাল ব্যালট পৌঁছে গেছে । বিএনপির সকল এক্টিভিস্ট, নেতাকর্মী, টকশোজীবী সবাই না এর পক্ষে প্রচারণা চালায় । প্রবাসীদের অনেকে না ভোট ই দিয়েছে বিএনপির প্রচারণার ফলে ।",,,,Negative,0.5963858976418269,model_autofill,False
"জামাত এনসিপির চাপে পরে তারেকরহমান মন থেকে না চাইলেও জাস্ট একটা, আবারও বলছি একটা সমাবেশই গণভোটে হা এর পক্ষে ভোট দিতে বলে ।",,,,Negative,0.4750098619587865,model_autofill,True
তারেকের এ চাওয়ার ফলেও সকল ধরনের বিএনপি এক্টিভিস্ট ও টকশোজীবী রা না এর পক্ষেই কথা বলে যায় । ( দুয়েকটি ব্যতিক্রম ছাড়া),,,,Positive,0.4785983409006117,model_autofill,True
এমনকি ভোটের দিন ও কেন্দ্রের সামনে দাড়িয়ে বিএনপির কর্মীরা ভোটারদের ফোর্স করে গণভোটে না দিতে । সব এলাকায় এমন হয়েছে ।,,,,Negative,0.3962905082598038,auto_second_pass_kept,True
তারপরও ও গণভোটে বেশিরভাগ মানুষ হা ই দেয় ।,,,,Negative,0.3186827425061531,auto_second_pass_kept,True
"সমীকরণ- ডে ওয়ান থেকে যারা গণভোট ও মৌলিক সংস্কারের বিরুদ্ধে ছিলো, তারা হটাৎ করে আজকে পক্ষে চলে যাবে, এমন এক্সপেকটেশন আপনার থাকলে আপনার রাজনৈতিক দূরদর্শিতা না ।",,,,Sarcastic_negative,0.4709913566993694,model_autofill,True
"বিএনপি ডে ওয়ান এ যে পজিশন ছিলো, আজকেও একই পজিশন ।",,,,Negative,0.6064635593399854,model_autofill,False
————————,,,,Sarcastic_negative,0.4093940743400722,model_autofill,True
"মাঝেমধ্যে বিএনপি যে সংস্কারের আলাপ গুলো দেয়, ওইগুলা হচ্ছে মানুষকে ম্যানিপুলেট করার জন্য । আর আওয়ামীলীগ থেকে ক্ষমতা নিজের পকেটে নেওয়ার জন্য । নাথিং এলস ।",,,,Positive,0.5330458461578145,model_autofill,False
আর বলে না জনগণ বিএনপির সাথে আছে জনগণ সাথে থাকলেও বিএনপি জনগণের সাথে নাই,,,,Negative,0.6381714647247567,model_autofill,False
"জনগণ সংস্কারে হা ভোট দিয়েছে, কিন্তু জনগণের ভোটের কোনও মূল্য তাদের নাই, কারণ এরা বিএনপির কাছে জনগণ নয় । বিএনপির কাছে জনগণ তারাই যারা বিএনপিকে ভোট দেয়, আর না তে ভোট দিয়েছে ।",,,,Negative,0.6862110447372198,model_autofill,False
"বিএনপি করে এমন দুয়েকজন যদি হা তে ও ভোট দেয়, তারা ভুল করে দিয়েছে ।",,,,Negative,0.6969435741409894,model_autofill,False
জাতিকে ধোঁকা দেয়া হয়েছে,,,,Sarcastic_negative,0.5578592602391294,model_autofill,False
নতুন স্বৈরাচার,,,,Neutral,0.3092830360750001,auto_second_pass_kept,True
"বিএনপি প্রথম দিনেই বিড়াল মারলো , যাতে জুলাই সনদকে পাশকাটিয়ে যাওয়া যায় অথবা নিজেদের মত করে কন্ট্রোল করা যায়।",,,,Negative,0.5353672038674304,model_autofill,False
গনভোট বাতিল= মূল নির্বাচন বাতিল।,,,,Sarcastic_negative,0.739971237499954,model_autofill,False
এটাই শেষ কথা,,,,Positive,0.7152070056149668,model_autofill,False
"শুরতেই জুলাইয়ের হাজারো শহীদ, তাদের পরিবার এবং বাংলাদেশের গণরায়ের সাথে গাদ্দারী করলো বিএনপি",,,,Negative,0.7871744403579314,model_autofill,False
লও টেলা,,,,Sarcastic_negative,0.4440563995662905,model_autofill,True
"যেই জুলাই না হইলে এই নির্বাচন হইতো না,জামাত-বিএনপির কথা বলার সাহস ছিলো না,শপথ এর প্রথম দিনেই জুলাই এর সাথে গাদ্দারী,সংবিধান সংস্কার এর শপথ নেয় নি বিএনপির নির্বাচিত প্রতিনিধিরা। এটা কাম্য ছিলো না।এটা অকৃতজ্ঞতা।",,,,Negative,0.6204108336976618,model_autofill,False
Why??????,,,,Sarcastic_negative,0.3326206453080231,auto_second_pass_kept,True
"পোলাপান আবার মাঠে নেমে পড় দুই একটা মরে যাক, তারপর আবার অন্তর্বর্তী সরকার গঠন হোক।",,,,Negative,0.5719907528590246,model_autofill,False
৩ বছরের কম .....,,,,Sarcastic_negative,0.4584021081576055,model_autofill,True
সংবিধান থাকলে হাসু আপা এখনও বৈধ প্রধানমন্ত্রী।,,,,Positive,0.2838987573862077,auto_second_pass_kept,True
পল্টি নেওয়া শুরু,,,,Sarcastic_negative,0.4578512519301509,model_autofill,True
Very good decision,,,,Sarcastic_negative,0.3422719128444694,auto_second_pass_kept,True
গাদ্দারী শুরু হয়ে গেছে,,,,Sarcastic_negative,0.7028807613335629,model_autofill,False
পলটি মারেন ভালো করে,,,,Positive,0.7535958360526914,model_autofill,False
ক্ষমতা চিরস্থায়ী নয়,,,,Negative,0.3372502025848899,auto_second_pass_kept,True
খেলা শুরু মামা,,,,Sarcastic_negative,0.435695450240994,model_autofill,True
Game start,,,,Sarcastic_negative,0.401204231443714,model_autofill,True
তাহলে গন ভোট হলো কেন?,,,,Sarcastic_negative,0.4050822007418165,model_autofill,True
যাদের জন্মই পল্টিবাজির মধ্যদিয়ে তাদের থেকে জাতি আর কি আশা করতে পারে।,,,,Negative,0.4091901765332829,model_autofill,True
লিগ বেজার হয়ে যাবে তো তাই,,,,Sarcastic_negative,0.4923514883554547,model_autofill,True
জুলাই চুদলিং পং,,,,Negative,0.635784905713004,model_autofill,False
এটা তো আগের কথা,,,,Positive,0.7335100036155399,model_autofill,False
সঠিক সিদ্ধান্ত নিয়েছে বিএনপি।,,,,Negative,0.5845686161042596,model_autofill,False
একেই বলে ইউটার্ন,,,,Positive,0.3917852237564178,auto_second_pass_kept,True
হায়াত মনে হয় বেশিদিন নেই,,,,Sarcastic_negative,0.3612473716667081,auto_second_pass_kept,True
Expire date is loading up......,,,,Sarcastic_negative,0.4010565542911886,model_autofill,True
শপথ না নেওয়াতে বিএনপির কপালে দুর্গতি নেমে আসলো,,,,Negative,0.7235628900920029,model_autofill,False
অবৈধ ইউনুস সরকার জোর করে হ্যা ভোট কে জয়ী করেছে এটাই তার একটি প্রমাণ।,,,,Positive,0.5943221046290035,model_autofill,False
সারাদেশে না ভোট বিজয়ী হলেও ফলাফল দেখিয়েছে হ্যা জয়ী।,,,,Sarcastic_negative,0.3105964858740625,auto_second_pass_kept,True
রাজাকাররা বাদে বাকি সবাই না ভোট দিয়েছে বুঝায় যায়,,,,Negative,0.3141477917270237,auto_second_pass_kept,True
তারা বলে হ্যাঁ ভোট দিছে এখন পোল্ট্রি নিচ্ছে কেন,,,,Positive,0.598085326845114,model_autofill,False
বাংদেশের জন্য বিপদজনক হল অশিক্ষিত অজ্ঞ মুর্খ জনগণ যারা কিছু না জেনেও ভোট দেয়।,,,,Sarcastic_negative,0.4051249288056153,model_autofill,True
সঠিক পদক্ষেপ,,,,Neutral,0.5319288664497579,model_autofill,False
মিজা ফুরি,,,,Negative,0.3551352851217114,auto_second_pass_kept,True
সংবিধান সংস্কার পরিষদে বিএনপি জোট,,,,Negative,0.9544145973731822,model_autofill,False
অংশগ্রহণ নাই কেন?,,,,Negative,0.5426619900643488,model_autofill,False
২১৩ আসনে বিজয়ী হয়েছে বিএনপি জোট আর ২৮৮ আসনে জয়ী হয়েছে হ্যাঁ ভোট,,,,Negative,0.4744902914656813,model_autofill,True
হ্যাঁ ভোট দানকারী প্রায় ৭ কোটি মানুষের আকাঙ্ক্ষা ছিল নির্বাচিত সংসদ সদস্যদের শপথ পড়ানো হবে হ্যাঁ ভোটের চাহিদা অনুযায়ী সংবিধান সংস্কার পরিষদের অধীনে।,,,,Neutral,0.3234294292014207,auto_second_pass_kept,True
কিন্তু এতো বিপুল সংখ্যক মানুষের প্রত্যাশাকে বৃদ্ধাঙ্গুলি দেখিয়ে চলমান সংবিধানের অধীনেই শপথ নিলেন তারেক রহমানের নেতৃত্বাধীন বিএনপি জোটের নেতারা।,,,,Negative,0.6344130529183799,model_autofill,False
"আফসোস, ক্ষমতায় যাওয়ার আগেই এদেশের মানুষের অন্তরে প্রথম আঘাত দিল বিএনপি,,আবারও জুলাই এর অপেক্ষায়,,,,",,,,Negative,0.6581982258619248,model_autofill,False
"বিএনপি যদি এমন সিদ্ধান্ত নিয়ে থাকে তাহলে তাদের ধন্যবাদ।এই সংবিধান দেশের জন্মলগ্ন থেকেই,এই সংবিধান দেশের অস্তিত্ব।সংবিধান পরিবর্তন করা মানে দেশ ধ্বংস করা।",,,,Negative,0.5541565488633051,model_autofill,False
এই সংবিধানের জন্য এত কিছু অথচ আজকে বিএনপি যাদের দ্বারা নির্বাচন করতে পারলো নির্বাচন চোখে দেখলো তাদের সাথে গাদ্দারি করল,,,,Negative,0.552245492062534,model_autofill,False
Right,,,,Sarcastic_negative,0.4093940743400722,model_autofill,True
বিএনপি সংসদ মেনেই যা করার তাই করবে। তাতে কে কি মনে করলো কিচ্ছু করার নাই।,,,,Negative,0.625155789854869,model_autofill,False
এজন্যই জামাত ইসলাম গণভোট আগে চেয়েছিল এখন জাতি টের পাবে,,,,Negative,0.5590498818772733,model_autofill,False
শুরু হয়ে গেল ইউটার্ন,,,,Sarcastic_negative,0.5805104782182139,model_autofill,False
দরকার হয় উচ্চ-কক্ষ বাতিল করেন আমি তাতেও রাজি।,,,,Positive,0.4894261632589217,model_autofill,True
"আরেক অরাজকতা শুরু হবে দেশে,মানুষ যে কি করবে",,,,Neutral,0.5306514367864301,model_autofill,False
পল্টিবাজ!,,,,Sarcastic_negative,0.4792815455434629,model_autofill,True
শুরুতেই জুলাইর সাথে গাদ্দারি করলো বিএনপি,,,,Negative,0.7438606780623065,model_autofill,False
Rumon Sufian??,,,,Sarcastic_negative,0.3567223857549406,auto_second_pass_kept,True
জনগন রায় দিছে হ্যাঁ ভোটে। জনগন তার জবাব দিবে ইনশাআল্লাহ।,,,,Positive,0.6351993651834884,model_autofill,False
"জুলাই আন্দোলনে কারনেই আজ BNP শপথ নিতে পেরেছে। নইলে “ঈদের পর আন্দোলন” বলে বলে বলে বলে ১৭ বছরের সাথে আর কত ১৭ বছর যেতো আল্লাহ জানেন ।....তাহলে তো হাসু আপার সংবিধানে তিনিই এখনো প্রধানমন্ত্রী, তাকে তার দায়িত্ব বুজিয়ে দেয়া হোক",,,,Positive,0.4792986163939877,model_autofill,True
"হ্যাঁ কার্যকর না করলে ও সংবিধান সংস্কার না করলে, বিএনপি সরকার অবৈধ।",,,,Negative,0.6990079465766477,model_autofill,False
ভোট ডাকাতদের কোন রকম ছাড় দেওয়া যাবে না।,,,,Sarcastic_negative,0.3468591991669907,auto_second_pass_kept,True
হাসু আপুর সংবিধান ই থাকলে হাসু আপু ই বৈধ প্রধানমন্ত্রী,,,,Sarcastic_negative,0.3609214092226695,auto_second_pass_kept,True
পল্টি নেওয়া শুরু মাত্র,,,,Sarcastic_negative,0.5039249169305,model_autofill,False
গান্ধার,,,,Sarcastic_negative,0.4896731425025494,model_autofill,True
"সমাধান সংসদে হবেনা,রাজপথই সমাধানের পথ।",,,,Neutral,0.417105151572006,model_autofill,True
"গজব যে সময় আসে কেউ ঠেকাতে পারবেনা সেই পথে হাঁটছে বিএনপি,, জুলাই এর সাথে প্রতারণা মানুষ মেনে নেবে না ইনশাআল্লাহ।",,,,Negative,0.8201018216252567,model_autofill,False
এরা আবার সুষ্ঠুভাবে দেশ পরিচালনা করবে,,,,Negative,0.3993483886634096,model_autofill,True
পল্টি শুরু।,,,,Sarcastic_negative,0.459731778688017,model_autofill,True
তাহলে হ্যাঁ/ না ভোটের কি দরকার ছিলো,,,,Negative,0.3340426006032219,auto_second_pass_kept,True
আল্লাহ পাক কিন্তু এখনো বাঁচিয়ে রাখছে মরে যায়নি .,,,,Negative,0.5712181295522087,model_autofill,False
"কোনো অসুবিধা নেই। জুলাই বাদ দিয়ে বিএনপি সামনে আগাতে চায়,তাহলে বিএনপির উচিত তারেক রহমানকে আবার লন্ডনে ফেরত যাওয়া এবং তার বিরুদ্ধে যত মামলা রয়েছে সবগুলো পুনর্জীবিত করা।",,,,Negative,0.6996319593308198,model_autofill,False
তাহলে হাসু আপাই আমাদের প্রধানমন্ত্রী। সংবিধান অনুসারে। কারণ সংবিধান অনুসারে ২৯ সালের আগে কোনো নির্বাচন হওয়ার কথা না।।,,,,Positive,0.4668951687646289,model_autofill,True
সয়তানে তাদের কে এখন থেকে খোঁচা শুরু করছে,,,,Negative,0.5045114973091606,model_autofill,False
দারুণ,,,,Sarcastic_negative,0.3943545416423077,auto_second_pass_kept,True
উপরে উঠাইছি আমরা নিচে নামাইতেও পারি আমরা মনে রেখো,,,,Negative,0.7623524175915963,model_autofill,False
এটাই প্লেন,,,,Negative,0.3722503893786515,auto_second_pass_kept,True
Good decision,,,,Sarcastic_negative,0.3422719128444694,auto_second_pass_kept,True
বিএনপির দাবি সংবিধান মেনে এই পর্যন্ত এসেছে।,,,,Negative,0.884507648508445,model_autofill,False
অথচ সংবিধান অনুযায়ী তারা এখনো কেউ লন্ডনে আর কেউ শিলংয়ে থাকতো।,,,,Positive,0.3692051362558055,auto_second_pass_kept,True
মনে হয় ভারতের নির্দেশ শপথ নেয়নি,,,,Sarcastic_negative,0.5256998786485818,model_autofill,False
এটাই বিএনপি,,,,Negative,0.9447204120988792,model_autofill,False
Good job,,,,Sarcastic_negative,0.3783016710953891,auto_second_pass_kept,True
এরকমটা হবে আগেই ধারণা করেছিলাম,,,,Neutral,0.7070195648858909,model_autofill,False
"ইলেকশন ইঞ্জিনিয়ারিং (ভোট ফলাফল চুরি) এর কাছে আবারো হেরে গেল দেশের সাধারণ জনগণ, তাদের স্বপ্ন, আর জুলাই যোদ্ধাদের আত্মাহুতি।",,,,Negative,0.4291503280278688,model_autofill,True
#আর_ইউনুস_দাদু_ও_তার_প্রশাসন হলেন পর্দার আড়ালের সেরা খেলোয়াড়।,,,,Negative,0.4237260881702327,model_autofill,True
ভালো সিদ্ধান্ত,,,,Sarcastic_negative,0.4669656043052135,model_autofill,True
শেখ হাসিনাকে কোন সংবিধানের আলোকে বিতারিত করলেন??,,,,Negative,0.5024213589298637,model_autofill,False
সংবিধান অনুযায়ী শেখ হাসিনার এখনও প্রধানমন্ত্রী।,,,,Positive,0.3490397318696189,auto_second_pass_kept,True
এদের ভন্ডামি শুরু হয়ে গেছে,,,,Sarcastic_negative,0.6601450492677292,model_autofill,False
তাহলে পুরনো নিয়মেই চলবে?,,,,Negative,0.5024340024088755,model_autofill,False
আমরা জানতাম আপনারা জুলাই শহীদদের সাথে বেইমানি করবেন।,,,,Negative,0.420038131728522,model_autofill,True
বিএনপি'র সঠিক সিদ্ধান্ত,,,,Negative,0.5544970653662192,model_autofill,False
সংবিধান কিসের সংস্কার,,,,Sarcastic_negative,0.470473797805202,model_autofill,True
মনে রাখতে হবে ৩০ লাখ শহীদের রক্তের বিনিময়ে অর্জিত এই সংবিধান।,,,,Negative,0.4092653279031168,model_autofill,True
ধানমন্ডি ৩২ না ভেঙে সংসদ ভবনটা ভাঙলে দেশ আরও ভাল চলতো,,,,Sarcastic_negative,0.4498574819474629,model_autofill,True
বিএমপি ক্ষমতা না বসতে জনগণের সাথে প্রতারণা শুরু করে দিয়েছে,,,,Positive,0.366163797004989,auto_second_pass_kept,True
"৭৫% মানুষের ভোট, আবেগ, ইচ্ছা, স্বপ্ন সবকিছুই বিসর্জন দেওয়া হলো।",,,,Negative,0.3726297462278703,auto_second_pass_kept,True
"আমরা কতটা আশা নিয়ে গণভোটে হ্যাঁ দিয়েছিলাম, সেটা আমরাই জানি।",,,,Negative,0.651005507452288,model_autofill,False
সেই আশা প্রথম দিনেই গলা টিপে মেরে ফেলার জন্য ধন্যবাদ।,,,,Positive,0.7380309866360548,model_autofill,False
তাহলে এখান থেকেই ধোঁকা বাজি শুরু করছেন,,,,Negative,0.4429016721778156,model_autofill,True
দাদার কাছে যাওয়ার জন্য তৈরি থাকো,,,,Sarcastic_negative,0.4661112342213085,model_autofill,True
আরেকটি জুলাই হতে হবে।,,,,Neutral,0.7780257313831669,model_autofill,False
নতুবা সম্ভব নয়,,,,Sarcastic_negative,0.4270252372856834,model_autofill,True
"দুইটা ভোটের শপথ নিতে হবে,,, না হয় ভোট নিতে কে বলছে??",,,,Neutral,0.4452910768352878,model_autofill,True
"বিএনপি এই সংবিধান মানলে হাসিনাই প্রধানমন্ত্রী ,হাসিনাকে তার ক্ষমতা বুঝিয়ে দেয়া হোক।",,,,Negative,0.5733388947124919,model_autofill,False
সংবিধান সংস্করণ না হলে ২৬ এর এই নির্বাচন অবৈধ।,,,,Sarcastic_negative,0.4943567688816103,model_autofill,True
আজকের এই সংসধ ও অবৈধ।,,,,Negative,0.646697554368477,model_autofill,False
অল্প আয়ু,,,,Sarcastic_negative,0.4079649306176705,model_autofill,True
"আগে থেকেই সন্দেহ করা হচ্ছিল এরা এই অপকর্মটা করবে?? গ্রামীন একটি প্রবাদ আছে- ""কার উছিলায় শিন্নি খাইলি মোল্লা চিনলি না""।।",,,,Negative,0.680658830382725,model_autofill,False
সংবিধান অনুযায়ী শেখহাসিনা প্রধানমন্ত্রী এই সংসদ অবৈধ।,,,,Negative,0.2922016157841485,auto_second_pass_kept,True
বিএনপি সঠিক সিদ্ধান্ত নিয়েছে.... ধন্যবাদ তারেক রহমানকে,,,,Positive,0.4632554289989757,model_autofill,True
"সংবিধান সংস্কার না হলে এই সরকার টিকবেনা,সবই অবৈধ হয়ে যাবে, এই বেচারা সখ ছিলো প্রাধান মন্ত্রী হয়ে দেশ পরিচালনা করবে তা ও হবেনা মনে হয়,",,,,Negative,0.2744817960872878,auto_second_pass_kept,True
"বেঈমানী করা থেকে বিরত থাকার জন্যে জনগণের পক্ষ থেকে অনুরুদ রইলো। ৭২ এর সংবিধান শহীদ জিয়া ছুড়ে ফেলতে বলেছিলেন, বেগম জিয়া বলেছিলেন। আপনারা ওনাদের চাইতে বড় বিএনপি হয়ে গেলেন!",,,,Negative,0.4646979030896337,model_autofill,True
Rajakar For Real,,,,Neutral,0.3163808296298107,auto_second_pass_kept,True
M.A. Aziz এবার কি বলবেন?,,,,Sarcastic_negative,0.3706986586711922,auto_second_pass_kept,True
হ্যাঁ ভোট তো আপনিও দিয়েছেন!!,,,,Sarcastic_negative,0.8633356173106392,model_autofill,False
"মির জাফর,",,,,Neutral,0.2781054285520554,auto_second_pass_kept,True
এরা তো দেখি নিজেদের ধংসের ঘোষণা দিয়েই দিছে।,,,,Sarcastic_negative,0.6097584892290746,model_autofill,False
পল্টি নেওয়া শুরু,,,,Sarcastic_negative,0.523394930980012,model_autofill,False
জাতীয়তাবাদী পল্টিবাজ দল।,,,,Negative,0.5943020135460502,model_autofill,False
হাসু আপুর সংবিধানে থাকলে হাসু আপুই বৈধ প্রধানমন্ত্রী,,,,Sarcastic_negative,0.3729266605044739,auto_second_pass_kept,True
সবকিছু থেকে সুগন্ধি বের হয় না!!,,,,Negative,0.3622022308956105,auto_second_pass_kept,True
১১ দলীয় জোট কেউ শপথ নিবে না এখন দেখ ঠেলা কেমন।,,,,Negative,0.3551246920652031,auto_second_pass_kept,True
সময় কথা বলবে,,,,Positive,0.4156187889001308,model_autofill,True
আলহামদুলিল্লাহ ৭১ এ বিশ্বাসী,,,,Positive,0.6072878660382647,model_autofill,False
এদেরকে আপনি বিশ্বাস করলেও বারবার প্রতারিত হবেন। এমন চরিত্রহীন এরা। ১৯৯০ এর গণঅভ্যুত্থানের পর জাতীয়ভাবে হওয়া সংস্কারের প্রতিশ্রুতি না মানা প্রতারক দলটি আজ ২০২৬ এর রক্তস্নাত বিপ্লবের মাধ্যমে ও নির্বাচনের মাধ্যমে আসা রায়কে ঝুলিয়ে দিলে জাতীয় প্রতারক দল হিসেবে প্রতিষ্ঠিত হতে যাচ্ছে।,,,,Negative,0.7683204868742677,model_autofill,False
গণভোট এর আয়োজন কি জন্য করেছে জনগণ,,,,Positive,0.4992905534694279,model_autofill,True
পল্টিবাজদের কি ভাবে সাইজ করতে হয় জামাত জোট ভাল করেই জানে,,,,Sarcastic_negative,0.5019926423188247,model_autofill,False
তাহলে মনে হয় বনী আমিনের ভবিষ্যদ্বাণী ২৮ সালের নির্বাচন হবে।,,,,Neutral,0.4393955321937239,model_autofill,True
সালাউদ্দিন আগেও দেশে অরাজকতা সৃষ্টি করেছে এখনো অরাজকতা সৃষ্টি করতেছে,,,,Sarcastic_negative,0.2858436559762269,auto_second_pass_kept,True
এই দেশে রক্ত দিবে একজন ফল খাবে আরেক জন,,,,Negative,0.4936193834235102,model_autofill,True
তাহলে আওয়ামী সরকার দোষ কি করছিলো?,,,,Negative,0.4280723374178146,model_autofill,True
দেশে আর শান্তি আসলো না,,,,Positive,0.3390635072640618,auto_second_pass_kept,True
"তাহলে শেখ হাসিনা ২৯সাল পর্যন্ত প্রধানমন্ত্রী,",,,,Negative,0.3843553244634806,auto_second_pass_kept,True
এরাতো সংবিধানের বিপক্ষে ছিলো,,,,Sarcastic_negative,0.5627658688992281,model_autofill,False
আরো দাও বিএনপিকে ভোট!,,,,Negative,0.7443820733937666,model_autofill,False
সংবিধানের বাহিরে যাওয়ার সুযোগ নেই,,,,Sarcastic_negative,0.650223574587574,model_autofill,False
পল্টিবাজ নেতা,,,,Sarcastic_negative,0.3888247520651984,auto_second_pass_kept,True
ইতিহাসের দিকে তাকারে পাগলা।,,,,Negative,0.6417939149436827,model_autofill,False
এরা যদি এমন ভুল করে তাহলে এইটা হবে তাদের জীবনের সব থেকে বড়ো ভুল,,,,Neutral,0.4015406936341609,model_autofill,True
সাব বাস,,,,Sarcastic_negative,0.3661075639548495,auto_second_pass_kept,True
দেখতে থাকো দেশের জনগণ আরো সামনে অনেক কিছু বাকী আছে,,,,Sarcastic_negative,0.4078695337036903,model_autofill,True
ভোটের আগে বলতে পারেনি জাতির সাথে মিথ্যা আশা দিলে জাতি মানবে না,,,,Negative,0.5405627821471267,model_autofill,False
সংবিধান সংস্কার পরিষদের সদস্য হিসেবে শপথ নিচ্ছে না বিএনপি ৷,,,,Negative,0.9440037095605672,model_autofill,False
বিএনপিকে ধন্যবাদ ৭১ এর পক্ষে থাকার জন্য,,,,Positive,0.6569110458396276,model_autofill,False
গণরায় কে উপেক্ষা করেই বিএনপির বিসমিল্লাহ শুরু ।,,,,Negative,0.626263708031762,model_autofill,False
জুলাইয়ের সাথে প্রথম বিশ্বাসঘাতকতা। কয়লা ধুইলে ময়লা কি যায়?,,,,Negative,0.3788547962594157,auto_second_pass_kept,True
বিএনপি গাদ্দারি শুরু করে দিয়েছে। গণভোটে জনগণের দেওয়া চূড়ান্ত রায় কে উপেক্ষা করলে পরিণতি ভালো হবে না। দেশের পরিস্থিতি ভালো রাখতে হলে জন রায়কে মেনে নিয়ে আগাতে হবে।,,,,Neutral,0.3591642405288587,auto_second_pass_kept,True
ইতিহাস ফিরে এলো।,,,,Negative,0.6310399642901418,model_autofill,False
৭৫-২৪,,,,Sarcastic_negative,0.4093940743400722,model_autofill,True
এদের ইতিহাস বেইমানীর,,,,Negative,0.5375665102894099,model_autofill,False
জাতির সাথে বেইমান করলে বেশিদিন ক্ষমতায় থাকা লাগবে না।,,,,Positive,0.3819389897792409,auto_second_pass_kept,True
khela suru,,,,Sarcastic_negative,0.399482379597782,model_autofill,True
প্রথম দিনেই গাদদারি,,,,Positive,0.3956439975338395,auto_second_pass_kept,True
জনগণের পুটি মাছ খাওয়া শুরু।,,,,Sarcastic_negative,0.6070798598116486,model_autofill,False
প্রথম পল্টি,,,,Sarcastic_negative,0.3023001350991493,auto_second_pass_kept,True
সরাসরি ইউ টার্ন।,,,,Sarcastic_negative,0.4379338475531635,model_autofill,True
খেলা শুরু।,,,,Sarcastic_negative,0.4418647450220989,model_autofill,True
মাশাল্লাহ!,,,,Negative,0.3233654474092894,auto_second_pass_kept,True
প্রথম দিন ( বিসমিল্লাহ) থেকেই গাদ্দারী শুরু,,,,Positive,0.406795874552767,model_autofill,True
বাহ! চমৎকার। দেখা যাক কোথাকার পানি কোথায় গিয়ে গড়ায়!,,,,Negative,0.4196076644045985,model_autofill,True
"২৯ এর নিবাচন ২৬ কেন হল,এটাই আগে শপথ,,",,,,Sarcastic_negative,0.6467352343182189,model_autofill,False
এরা ভারতের প্ল্যান অনুযায়ী চলবে,,,,Sarcastic_negative,0.5712728879233301,model_autofill,False
Akta jokar sorkar,,,,Sarcastic_negative,0.3445455206726277,auto_second_pass_kept,True
চর্মোনাই তামাক খোরের দলের চেয়ে খায়রুল দেওয়ানের জনকল্যাণ পার্টি অনেক জনপ্রিয়,,,,Negative,0.4616524313867238,model_autofill,True
এসব সংসদ সদস্যকেও কেউ মানে না।,,,,Sarcastic_negative,0.3996305016042237,model_autofill,True
নব্য পেঁচি বাদি খাইদা মাত্র শুরু এটা বলার কি আছে /তাদের জন্যে সহমর্মিতা,,,,Positive,0.5064990288063099,model_autofill,False
সংস্কার পরিষদের সদস্য শপথ না নিয়ে সংস্কারকে অস্বীকার করে মিথ্যা নতুন বাংলাদেশ গড়ার যাত্রায় সরকারি দল।দেশের ভবিষ্যৎ আবারো অনিশ্চিত,,,,Negative,0.6208016569367171,model_autofill,False
বিভিন্ন মহলের ধারণা সালাহউদ্দীনের কারণে সুক্ষ্ম কারচুপির বিএনপি সরকার বেশিদিন কন্টিনিউ করতে পারবে বলে মনে হয় না!!,,,,Negative,0.5162070982380612,model_autofill,False
পল্টিবাজ। এরা ক্ষমতায় ২ এক বছর থাকলে যেই লাউ সেউ কদুই হবে,,,,Neutral,0.4091961073810076,model_autofill,True
আচ্ছা ফ্যামিলি কার্ড কবে দিবে..??,,,,Sarcastic_negative,0.7151781142588927,model_autofill,False
সবকিছুর একটা শেষ পরিণতি আছে।,,,,Negative,0.5018977360753534,model_autofill,False
সংসদ সদস্য এক ভদ্রলোক হুইল চেয়ারে শপথ নিতে এসেছেন এতেই বোঝা যায় অসুস্থ একটা রাষ্ট্র ব্যবস্থা চালু হতে যাচ্ছে ।,,,,Sarcastic_negative,0.5669292635441253,model_autofill,False
১৯৯৬ এর কথা ভুলো না,,,,Sarcastic_negative,0.4896783416385238,model_autofill,True
তাহলে গনভোট করে লাভ কি হলো?,,,,Negative,0.302423986606418,auto_second_pass_kept,True
শুরু হয়ে গেছে টালবাহানা,,,,Sarcastic_negative,0.6579774649877256,model_autofill,False
নব্যপেচিবা,,,,Sarcastic_negative,0.5672695197184265,model_autofill,False
কথিত জুলাই সনদে প্রথম পেরেক!!!,,,,Positive,0.6820607525701945,model_autofill,False
সঠিক সিদ্ধান্ত নিয়েছে বি এন পি,,,,Neutral,0.4098010689509876,model_autofill,True
দেশ প্রেমিক স্বাধীনতার ঘোষক শহীদ প্রেসিডেন্ট জিয়াউর রহমান এর নিজ হাতে গড়া দলকে ধন্যবাদ,,,,Positive,0.6325609680257066,model_autofill,False
great,,,,Sarcastic_negative,0.3884038335198546,auto_second_pass_kept,True
দূরদর্শী ও বিচক্ষণ সিদ্ধান্ত। সংবিধানে হাত দেয়ার দুঃসাহস যারা দেখাবে তাদের একমাত্র পরিণতি ফাঁসি।,,,,Negative,0.4092754778184674,model_autofill,True
আরো অনেক কিছু দেখার বাকি আছে,,,,Positive,0.3423195973086816,auto_second_pass_kept,True
Guru Matra to shuru,,,,Neutral,0.3327987508212378,auto_second_pass_kept,True
গাদ্দারির ফল কি হয়! তারা এত দ্রুত ভুলে গেল!,,,,Sarcastic_negative,0.5194255732943762,model_autofill,False
তাহলে কি ২৮ সালে নির্বাচন আরেকটা দেখা যাবে?,,,,Sarcastic_negative,0.415093835103541,model_autofill,True
আইন অনুযায়ী যা আছে তাই বলছেন,,,,Negative,0.4040721964950121,model_autofill,True
জুলাই যোদ্ধারাচুদলিংপং হয়ে গেল,,,,Negative,0.5157807107212988,model_autofill,False
বিসমিল্লাহতেই বিম্মির পতন শুরু,,,,Negative,0.3790573216483375,auto_second_pass_kept,True
বাংলাদেশ আর একটি বিপ্লব হতে চলেছে,,,,Positive,0.6104019196408861,model_autofill,False
পতন সন্নিকটে ইনশাআল্লাহ,,,,Positive,0.5691704969430416,model_autofill,False
জুলাইয়ের শহীদের অভিশাপে ধ্বংস হয়ে যাবে বিএনপি।,,,,Negative,0.6656058151001119,model_autofill,False
বাটপারি শুরু,,,,Negative,0.7945926420204272,model_autofill,False
ও ভাইরে ভাই। ফাটাইছে,,,,Sarcastic_negative,0.597611966732333,model_autofill,False
নির্বাচন সংবিধান অনুযায়ী হয়েছে কি?,,,,Sarcastic_negative,0.6289375506455659,model_autofill,False
বেইমানি শুরু,,,,Sarcastic_negative,0.4163081005316111,model_autofill,True
জনরায়কে উপেক্ষা করার মাধ্যমে দেশকে দীর্ঘমেয়াদী অস্থিতিশীলতার দিকে ঠেলে দিচ্ছে বিএনপি।,,,,Negative,0.6023177560359672,model_autofill,False
বাস্তবস্মত ও যুক্তিযোগ্য সিদ্ধান্ত।,,,,Positive,0.3791197903761858,auto_second_pass_kept,True
"জনগণ ভোট দেয় দায়িত্ব পালনের জন্য,নাটক করার জন্য না।",,,,Sarcastic_negative,0.4445689188000453,model_autofill,True
"জন রায় পাওয়ার পরও সংস্কার পরিষদের শপথ গ্রহণ না করা এটা প্রতিবাদ নয়, এটা দায়িত্বহীনতার প্রকাশ।",,,,Negative,0.6368633814368659,model_autofill,False
"তারেক রহমান ,সালাহউদ্দিন আহমেদ এবং বাংলাদেশ জাতীয়তাবাদী দল যদি সত্যিই সংস্কারের পক্ষে থাকতেন তবে প্রাতিষ্ঠানিক জায়গায় দাঁড়িয়ে লড়াই করতেন। বাইরে দাঁড়িয়ে “সংস্কার” বলাটা সহজ ভেতরে ঢুকে জবাবদিহি করা কঠিন। আজ তারা কঠিন পথটা এড়িয়ে গেলেন।",,,,Positive,0.540197238055603,model_autofill,False
"জনরায়কে উপেক্ষা করে রাজনীতি করলে সেটা গণতন্ত্রচর্চা নয় সেটা ক্ষমতার খেলা। জনগণের ভোটকে চাপ সৃষ্টির কৌশল বানানো মানে জনগণকে ব্যবহার করা। এই দ্বৈত অবস্থান স্পষ্ট করে দেয় সংস্কার তাদের অগ্রাধিকার নয় ,কৌশল মাত্র।",,,,Positive,0.6869979496813758,model_autofill,False
রাজনীতি যদি সত্যিই নীতির হয় তাহলে ম্যান্ডেট মানতে হয়। আর যদি ম্যান্ডেট সুবিধাজনক না হয় বলে সরে দাঁড়ানো হয় তাহলে সেটা জনগণের সঙ্গে প্রতারণা।,,,,Positive,0.5173167127453053,model_autofill,False
ইতিহাস নির্মম। যারা জনরায়কে তুচ্ছ করে তাদের জায়গা শেষ পর্যন্ত প্রান্তেই হয়।,,,,Negative,0.663555362124087,model_autofill,False
Let's go,,,,Sarcastic_negative,0.4093940743400722,model_autofill,True
"এরা চোর মানি লন্ডারিং হতা এরা তো সপত নেবে না ,",,,,Sarcastic_negative,0.536728524147688,model_autofill,False
একটা কথা মীরজাফর,,,,Positive,0.5718341385860588,model_autofill,False
আল্লাহ এদের ওপর গজব দিক আমিন।,,,,Negative,0.701951482478951,model_autofill,False
বেঈমানের দল BNP,,,,Negative,0.5788465269392853,model_autofill,False
বয়কট তোদের,,,,Sarcastic_negative,0.4471617832098405,model_autofill,True
AK ak ta kuttar bacca .....,,,,Neutral,0.4534106489387999,model_autofill,True
জালিম,,,,Sarcastic_negative,0.3689769979618105,auto_second_pass_kept,True
বেঈমান,,,,Sarcastic_negative,0.3306006406858828,auto_second_pass_kept,True
লজ্জা,,,,Sarcastic_negative,0.4554346268212156,model_autofill,True
গোয়া মারা তোরা,,,,Sarcastic_negative,0.4381372613470097,model_autofill,True
যাদের কারণে ক্ষমতা আসতে পারছো! তাদেরকে ভুলে গেলে মীরজাফর গুলা?,,,,Negative,0.3936809290303691,auto_second_pass_kept,True
চাদাবাজের মাইরি ফাঁক,,,,Sarcastic_negative,0.631188534258023,model_autofill,False
সবগুলো বাটপার।,,,,Negative,0.8523187523967792,model_autofill,False
সবগুলা হচ্ছে কুত্তার দল এই সিজনের কুত্তার বাচ্চা ফুটানো হয়েছে এগুলা,,,,Negative,0.6864046181699914,model_autofill,False
এরা পাক্কা বি সি তাই এই কাজ করেছে।,,,,Negative,0.4939757264120327,model_autofill,True
ও আল্লাহ ওদের উপরে গজব নাযিল করো।,,,,Positive,0.5846080605433871,model_autofill,False
জুলাইয়ের রক্তের সাথে তামাশা করলো।,,,,Negative,0.6082285427487185,model_autofill,False
জুলাইকে কবর দেয়ার আয়োজন চলতেছে।,,,,Negative,0.3486410806025046,auto_second_pass_kept,True
"আল্লাহর গজব পরুক,নির্বংশ হোক।",,,,Negative,0.7109062601318373,model_autofill,False
"যে বা যারা জুলাইয়ের রক্তের সাথে বেঈমানী করবে, তামাশা করবে,বাংলাদেশের এই পবিত্র মাটি তাদের গ্রহন না করুক।",,,,Negative,0.6177093257236056,model_autofill,False
"সকল অপমান, অপদস্থ,লাঞ্চনা তাদের উপরে আবার ফিরে আসুক।",,,,Sarcastic_negative,0.3408732970425421,auto_second_pass_kept,True
মানুষের অভিশাপে তারা বিলুপ্ত হয়ে যাবে।,,,,Positive,0.3469101019686485,auto_second_pass_kept,True
ভুলে গেছে জুলাই যাদের কারণে আজ সংসদ ভবনে এসে দাড়াইছে মুনাফিকের বাচ্চাগুলা,,,,Sarcastic_negative,0.5031513426052074,model_autofill,False
মাদারচোদেরা তইলে পিঠে ছালা বান,,,,Sarcastic_negative,0.3587598327981511,auto_second_pass_kept,True
বেইমান কাকে বলে জাতি চিনুন,,,,Positive,0.4082862024664697,model_autofill,True
এই হালাদের ও বাঙ্গি ফাটাবে জনগণ।,,,,Negative,0.6589018443609026,model_autofill,False
গাদ্দার,,,,Sarcastic_negative,0.4524417793223373,model_autofill,True
এরা নতুন সৌরাচার বেশি পাকনামি করলে গদি লরে জাবে,,,,Negative,0.3367616905521198,auto_second_pass_kept,True
Chadabaz...,,,,Sarcastic_negative,0.4623428715559529,model_autofill,True
"খা,,,,,,,পো,,,,,৷৷ ,,,,,,,",,,,Neutral,0.3361996660274705,auto_second_pass_kept,True
Boycott #BNPBangladesh,,,,Neutral,0.3869549655565952,auto_second_pass_kept,True
আবার মারা খাওয়ার জন্য সবাই রেডি থাকিয়েন,,,,Negative,0.3175958096767417,auto_second_pass_kept,True
বিএনপি কে লাথি দিয়ে নেটওয়ার্কের বাইরে ফালাইয়া দেওয়া উচিত।,,,,Negative,0.7351071699276993,model_autofill,False
Bnpr sobgula magirpola,,,,Sarcastic_negative,0.3799998319686263,auto_second_pass_kept,True
সবগুলোই জাতীয় বেইমান,,,,Sarcastic_negative,0.3760478647347866,auto_second_pass_kept,True
"- লাইথ্যাইয়া, বাইন্চু* দলটারে দেশ ছাড়া করতে হবে",,,,Neutral,0.557410949076606,model_autofill,False
বর্তমানে একমাত্র বুদ্ধিপ্রতিবন্ধী যারা তারাই বিএনপি সাপোর্ট করতে পারে কোন বুদ্ধিমান সুস্থ মানুষ বিএনপির মত জালিমকে সাপোর্ট করতে পারেনা,,,,Negative,0.7971680368422062,model_autofill,False
হাইরে নষ্ট জাতি,,,,Sarcastic_negative,0.4895373984631277,model_autofill,True
জাতীয় গাদ্দার আসলে এ গুলাই,,,,Sarcastic_negative,0.3887151096657105,auto_second_pass_kept,True
এরা দালাল আমরা আগেই জানি,,,,Negative,0.5922999486405132,model_autofill,False
মীরজাফরের বাচ্চারা যাদের লাশের ওপর দিয়ে ক্ষমতায় আসলি চাঁদাবাজদের দল,,,,Negative,0.5349995772158037,model_autofill,False
সালারা পল্টিবাজ,,,,Sarcastic_negative,0.5303668343618119,model_autofill,False
শয়তানের পতন অনিবার্য,,,,Sarcastic_negative,0.4566489595604801,model_autofill,True
"বিয়ে করে, বউ মানে না সালারা",,,,Positive,0.5016884366548549,model_autofill,False
এ দালাল,,,,Sarcastic_negative,0.4752139387195272,model_autofill,True
"তো, সংবিধান সংস্কার পরিষদের সদস্য হিসেবে শপথ যদি অসাংবিধানিক হয়, সংসদ সদস্য হিসাবে আপনাদের শপথ কেমনে সাংবিধানিক হয়?",,,,Sarcastic_negative,0.6530091035482688,model_autofill,False
July chud geya,,,,Sarcastic_negative,0.3358843376713428,auto_second_pass_kept,True
বেইমান,,,,Sarcastic_negative,0.4107330968685297,model_autofill,True
Harami,,,,Sarcastic_negative,0.414399737741674,model_autofill,True
সংবিধান সংশোধন না করলেই ভালো আবার হাসিনা আসবে৷ এবার আসলে সেপ ছাড়া পুtoki মারবে৷ এদের৷ বড়লোক হওয়ার কথা বাদ দিছি৷ বাংলাদেশের মানুষ কোনদিন সুখ করতে পারবে না৷৷ তাই এইতা আসা বাদ৷ হাসিনা আবার আসুক৷ দেখে যায়৷ এদের৷ মারা খাওয়াটা৷,,,,Positive,0.3926231190736932,auto_second_pass_kept,True
"২০২৮ আবার নির্বাচন হবে,",,,,Neutral,0.6375994402657317,model_autofill,False
সব থেকে বড় কথা এই মূর্খদের দিয়ে কেন পরামর্শ করে।,,,,Positive,0.5196706166398738,model_autofill,False
এরা দেশ উন্নয়ন নিয়ে প্রতিযোগিতা না করে কে কত দুর্নীতি করতে পারে সেই প্রতিযোগিতা করে। আর এই ভন্ডদের মানুষ আবার নির্বাচিত করে। আবার আল্লাহর অলির মত ব্যবহার চায়।,,,,Negative,0.4331364073446797,model_autofill,True
এরা জাতীয় বেইমান,,,,Sarcastic_negative,0.5537330824258376,model_autofill,False
মুখে একটা ছিলো অন্তরে আরেক এটা মুনাফিক।,,,,Negative,0.444279471779265,model_autofill,True
জাতির গাদ্দার,,,,Sarcastic_negative,0.3969607981264441,model_autofill,True
রাজপথে আবার নেমে বি এন পির গুস্টি চুদলিংপং করে দিব,,,,Positive,0.5247642522446567,model_autofill,False
মাদারবোর্ড,,,,Negative,0.6154911921014905,model_autofill,False
গাদ্দারী,,,,Sarcastic_negative,0.4849217542260365,model_autofill,True
"আহা হা আমরা হ্যা ভোট দিবো সবাই কেমন, এটা হচ্ছে তাদের আসল চরিত্র তারা প্রকৃতপক্ষে মুনাফেক।",,,,Negative,0.6428660115959456,model_autofill,False
"এমন যদি হত এই বালের বিম্পি।আওয়ামিলিক চিরতরে সেশ হত,, কি এক দুইটা দল সেশ করে দিল ৫৫ বসরে কি বাল করছে দেশের আর আমরাই তাদ্রর জামাই আদর করে রাখি সালা কি জাতি",,,,Negative,0.6088378695864649,model_autofill,False
এরা হলো আবু জাহেলের বংশধর,,,,Negative,0.4074178906776365,model_autofill,True
খাস দালাল,,,,Sarcastic_negative,0.4755865925678849,model_autofill,True
না নিলে বাদ দিয়ে দেন ওদের কে,,,,Sarcastic_negative,0.4341751236497705,model_autofill,True
তারেক রহমানের ভালো ছেড়ার ক্ষমতা তোমাদের নেই,,,,Positive,0.6164439903758983,model_autofill,False
তাইলে ওরা যে জামাত ইসলামের রাজাকার রাজাকার করে।তাহলে ওরা নিজেরা কি ওরা নিজেরাই তো জুলাইয়ের রাজাকার,,,,Negative,0.4728568683083033,model_autofill,True
বাটপার,,,,Negative,0.8773857350063566,model_autofill,False
গাদ্দারি করলে হাসুর পথে জাবে,,,,Sarcastic_negative,0.3834903841976488,auto_second_pass_kept,True
আমি আগেই বলেছি বিএনপি হচ্ছে মীরজাপর দল,,,,Negative,0.8614602470094533,model_autofill,False
জাতের চুর এইগুলাই,,,,Sarcastic_negative,0.4019710233323893,model_autofill,True
জনাব তারেক রহমান ও বিএনপির নেতৃবৃন্দ!,,,,Negative,0.5694347234422383,model_autofill,False
"আস সালামু আলাইকুম,",,,,Negative,0.499021760326495,model_autofill,True
আমরা বাংলাদেশের জনগণ ইসলামের মূল ধারা সুন্নী আকিদার অনুসারী।,,,,Negative,0.35070214155502,auto_second_pass_kept,True
সালাফি মতবাদ ঈমানের বিপরীত জংগীবাদি বাতিল মতবাদ।,,,,Negative,0.577780599123658,model_autofill,False
ঈমানের বিপরীত ও ইসলাম ধ্বংসাত্মক সালাফি মতবাদকে ধর্মমন্ত্রী বানানো আমরা ঈমানী জনগণের ঈমানী আকিদার উপর ধ্বংসাত্মক আঘাত এবং রাষ্ট্র ধ্বংসাত্মক ষড়যন্ত্র হবে।,,,,Neutral,0.3617482041715293,auto_second_pass_kept,True
সালাফি মতবাদকে ধর্মমন্ত্রী বানানো ইসলামের আসল ধারার মূলে কুঠারাঘাত হবে। একজন অমুসলিম ব্যক্তি ধর্মমন্ত্রী করাও এরচেয়ে ভালো।,,,,Neutral,0.4722973072342022,model_autofill,True
আমরা ঈমানী জনগণ তথা সুন্নী মুসলিমগণ ঈমান ধ্বংসাত্মক ও ইসলামের আসল ধারার বিপরীত লিংকনকে ধর্মমন্ত্রী হিসেবে মেনে নিবো না।,,,,Negative,0.5232465203761316,model_autofill,False
আপনার কাছে অনুরোধ সালাফি জংগীকে ধর্মমন্ত্রী করে ইসলামের ধ্বংসাত্মক ক্ষতি ও রাষ্ট্র ধ্বংস করা থেকে বিরত থাকুন।,,,,Positive,0.3823335894805122,auto_second_pass_kept,True
#বিশ্ব_ইনসানিয়াত_বিপ্লব_বাংলাদেশ,,,,Positive,0.6952875745149274,model_autofill,False
#বিশ্ব_ইনসানিয়াত_বিপ্লব #World_humanity_revolution এর প্রবর্তক চেয়ারম্যান এবং #বিশ্ব_সুন্নী_আন্দোলন এর প্রতিষ্ঠাতা #সৈয়দ_আল্লামা_ইমাম_হায়াত,,,,Positive,0.3050345422272704,auto_second_pass_kept,True
"#আল্লামা_ইমাম_হায়াত,",,,,Negative,0.5348950628264366,model_autofill,False
#বিশ্ব_সুন্নী_আন্দোলন #বিশ্ব_ইনসানিয়াত_বিপ্লব,,,,Sarcastic_negative,0.3200865675243836,auto_second_pass_kept,True
সবগুলা ভোট চোর,,,,Sarcastic_negative,0.3809362138110332,auto_second_pass_kept,True
জামায়াত মানে মুনাফেক,,,,Sarcastic_negative,0.3542919738283868,auto_second_pass_kept,True
BNP er putki mara huk,,,,Sarcastic_negative,0.3524144587454689,auto_second_pass_kept,True
বাহ চুদির ভাই গুলা বাহ! নিজেদের রূপ ফুটায় তুলতাছোস।।,,,,Negative,0.369753183471363,auto_second_pass_kept,True
"প্রধানমন্ত্রী তারেক রহমান, আপনাকে ও বিএনপিকে আমরা জনগণ জংগীবাদ বিরোধী ও ইসলামের মানবিক আসল ধারার ধারক হিসেবে বিশ্বাস ও আশা করেছিলাম।",,,,Negative,0.5998554841591669,model_autofill,False
আপনি ঈমানের বিপরীত তথা প্রাণাধিক প্রিয়নবীর প্রেম ভিত্তিক ও আওলিয়া কেরামের আসল ইসলামের শান্তিময় প্রেমময় মানবিক গণতান্ত্রিক আলোকময় ধারার বিপরীত জংগীবাদি সালাফি বিপজ্জনক ব্যক্তিকে ধর্মমন্ত্রী করে ইসলামের আসল ধারার বুকে ছুরিকাঘাত করলেন এবং রাষ্ট্রকে জংগীবাদী ধ্বংসের দিকে ঠেলে দিলেন।,,,,Negative,0.4814566210397162,model_autofill,True
আমরা ঈমানদার তথা সুন্নী আকিদার জনগণ কল্পনাও করতে পারি না- শাণে রেসালাতের দুশমন ও ইসলামের আসল শত্রু সালাফি কুফরি জংগীকে আপনি ধর্মমন্ত্রী করে আপনি ইসলামের আসল ধারা ও রাষ্ট্র ধ্বংসের দিকে ঠেলে দিবেন!,,,,Sarcastic_negative,0.60547761475842,model_autofill,False
সালাফিরা কি? আপনার কি জানা নেই? সালাফিবাদ ই জংগীবাদের উৎস এবং ইসলামের আসল ধারার বিপরীত শত্রু আমাদের প্রধানমন্ত্রীর কি এ কান্ডজ্ঞান নাই? আমরা এটা বিশ্বাস করতে পারছিনা!,,,,Negative,0.4581420262132663,model_autofill,True
আমরা সকল ঈমানদার ও সকল ধর্মের মানবিক ভাই বোন সবার আকুল আবেদন সালাফিকে ধর্মমন্ত্রী করে ইসলাম ও রাষ্ট্র ধ্বংস না করে অন্য যে কোনো মানবিক মানুষকে ধর্মমন্ত্রী করে ইসলাম ও রাষ্ট্র রক্ষা করুন।,,,,Positive,0.6989743978606274,model_autofill,False
#আল্লামা_ইমাম_হায়াত #বিশ্ব_সুন্নী_আন্দোলন #বিশ্ব_ইনসানিয়াত_বিপ্লব,,,,Negative,0.3265256784562474,auto_second_pass_kept,True
পাছায় কয়ডা দিয়া সংসদ থেকে বের করে দাও। এদের আচরন উদ্ভট। সংস্কার না করলে তারা কিসের ভিত্তিতে নির্বাচন করছে।জনগণই বা কেন হ্যা ভোটে বিজয়ী করলেন তাহলে।,,,,Sarcastic_negative,0.33800940114412,auto_second_pass_kept,True
৭০% গনভোটের রায়ের সাথে বেইমানী মাত্র শুরু। জনগণ তোদের কপালে দুঃখ আছে।,,,,Sarcastic_negative,0.480400160904497,model_autofill,True
"শালারা,,,,,নতুন দালাল",,,,Sarcastic_negative,0.414507359536074,model_autofill,True
তাহলে তোদের অবস্থা আওয়ামী লীগের চেয়েও ভয়ংকর হবে মনে রাখিন মুনাফিকের বাচ্চারা,,,,Neutral,0.4596557070476266,model_autofill,True
এদের লাথি মারতে হবে,,,,Neutral,0.8147158989086074,model_autofill,False
"চোর, চাঁদাবাজ পরিষদ।",,,,Negative,0.8546292157217014,model_autofill,False
হাসিনা আপকামিং অফকামিং ইমকামিং ঠেংভাঙা কামিং।,,,,Sarcastic_negative,0.4930043507237281,model_autofill,True
কান দরে নামিয়ে দিব,,,,Sarcastic_negative,0.6842122354966225,model_autofill,False
ও যে হারামি,,,,Sarcastic_negative,0.5543853752666471,model_autofill,False
সম্পূর্ণ জাতির সাথে বেইমানী,,,,Sarcastic_negative,0.4924589745596284,model_autofill,True
শালারা সব মোনাফেক,,,,Sarcastic_negative,0.3079774833090287,auto_second_pass_kept,True
দেশের মানুষ বুঝবে যেদিন তোদের মাকে চুদবে এই বিএনপি নেতারা সেদিন বুঝবে,,,,Negative,0.7349512412920786,model_autofill,False
আমি সহ বিএনপির সমর্থকেরা যারা গণভোটে হ্যা দিয়াছিলেন বিএনপিকে সাপোর্ট করেছিলেন তারা এখন গুহার মধ্যে আঙ্গুল দিয়ে বইয়ে থাকো।,,,,Negative,0.8113996739422354,model_autofill,False
"এটা তো মাত্র শুরু, বেইমানের দল",,,,Negative,0.5412087591470041,model_autofill,False
সৈরাচার,,,,Neutral,0.3834733905907849,auto_second_pass_kept,True
জাতির সাথে বেইমানি করছে। বাঙালির শিক্ষা হওয়া উচিত। গাদ্দারির ফল ভালো হয় না,,,,Sarcastic_negative,0.3438897507528916,auto_second_pass_kept,True
খুব তাড়াতাড়ি মাইর খাওয়ার জন্য প্রস্তুতি নাও,,,,Sarcastic_negative,0.372197375336382,auto_second_pass_kept,True
বিএমপি আসলেই রাজাকার,,,,Negative,0.4459244946336923,model_autofill,True
এরা হলো আওয়ামী লীগ বিএনপি মিথ্যা বাধী চর ডাকাতি সন্ত্রাসী কার্যক্রম,,,,Negative,0.7180621099998876,model_autofill,False
নির্লজ্জ বেইমান ওয়াদা ভঙ্গ কারীকে আল্লাহ কখনোই পছন্দ করেন খুব শীঘ্রই তোমাদের পতন শুরু হবে,,,,Neutral,0.3228529757593074,auto_second_pass_kept,True
বা**লের দেশে থাকি,,,,Sarcastic_negative,0.4420511391588302,model_autofill,True
"জনগণের সাথে পতারণা, তোরা পালাবি৷",,,,Sarcastic_negative,0.6329531851463154,model_autofill,False
এই হালা খাম্বা তারেকের খাম্বা টা পুন্দে ঢোকানোর একটা ব্যবস্থা করছে...... আদালতের মাধ্যমে যে কেউ এই সংসদকে অবৈধ ঘোষণা করাতে পারে..... অগ্রিম সমবেদনা খাম্বা তারেক তোমার জন্য,,,,Negative,0.6235804937549344,model_autofill,False
অবশ্যই আপনাদের ধংস কামনা করি।,,,,Sarcastic_negative,0.6122358263754276,model_autofill,False
কিছু বাট ছাগলের বাচ্চারা না বুঝেই এখন লাফাবে।,,,,Negative,0.3298876387256333,auto_second_pass_kept,True
জাতিও গাদ্দার,,,,Sarcastic_negative,0.3831061542886687,auto_second_pass_kept,True
শুরুতেই মুনাফেকি...,,,,Sarcastic_negative,0.4031348229505812,model_autofill,True
"তোদের স্বঘোষিত নীলনকশা ষড়যন্ত্রের সনদরে আর সংস্কার পরিষদরে"""" তুদি"""""" আমরা",,,,Negative,0.7215962472105513,model_autofill,False
বেঈমান- বিশ্বাসঘাতক- গাদ্দার,,,,Sarcastic_negative,0.4841299884161796,model_autofill,True
Gaddar,,,,Sarcastic_negative,0.3327255927400296,auto_second_pass_kept,True
যারা বাজে কমেন্ট করতেছে,,,,Sarcastic_negative,0.4944193214078943,model_autofill,True
তারা আগে বিস্তারিত পড়ে আসুন,,,,Negative,0.4090873147046689,model_autofill,True
"নাহলে এসব কমেন্ট করে নিজেকে আ বা ল পরিচয় দেওয়ার কোনো মানি হয় না, আপনাদের",,,,Negative,0.4613510979787523,model_autofill,True
চো দের আসল রুপ এটাই।,,,,Negative,0.4492797578139403,model_autofill,True
সঠিক সিদ্ধান্ত। কারণ আমরা জাতি হিসেবে অসভ্য,,,,Negative,0.4075190658138274,model_autofill,True
বেঈমানের দল,,,,Negative,0.68349867711961,model_autofill,False
আরে মূর্খ আগে পড় তারপর পোস্ট কর,,,,Positive,0.4228973645338674,model_autofill,True
ছায়া মন্ত্রী ঘোষণার প্রথম সফলতা পেলো দেশের জনগণ।,,,,Positive,0.4271795553320962,model_autofill,True
এর জন্যে ১১ দলীয় জোট প্রশংসার পাবার দাবিদার।,,,,Negative,0.3866396153744438,auto_second_pass_kept,True
সংবিধান সংস্কারের শপথ না পড়ার মাধ্যমে গাদ্দারি শুরু...,,,,Sarcastic_negative,0.5304399094808614,model_autofill,False
★ বর্তমান সংবিধান অনুযায়ী ফ্যাসিস্ট হাসিনা এখনো বৈধ প্রধানমন্ত্রী।,,,,Positive,0.385745033586373,auto_second_pass_kept,True
★ বর্তমান সংবিধান অনুযায়ী ২০২৬ এ হওয়া নির্বাচন অবৈধ।,,,,Sarcastic_negative,0.4696502646070967,model_autofill,True
★ বর্তমান সংবিধান অনুযায়ী ড. ইউনুস দাদুর সরকার অবৈধ।,,,,Negative,0.4266752945155672,model_autofill,True
★ বর্তমান সংবিধান অনুযায়ী বর্তমান সরকার অবৈধ।,,,,Negative,0.463546119762835,model_autofill,True
তাহলে কি সেই আগেই ফিরে যাচ্ছে!?,,,,Negative,0.4856692841150325,model_autofill,True
সাহসী সিদ্ধান্ত।,,,,Sarcastic_negative,0.4993616628903578,model_autofill,True
"টাকা পয়সার কী কম আছে, যে ওনাদের এগুলো নেয়া লাগবে",,,,Positive,0.337803095051088,auto_second_pass_kept,True
কাজে বিশ্বাসী বি এনপি,,,,Negative,0.8786826296915393,model_autofill,False
এটা কি সত্যি,,,,Neutral,0.382472639051905,auto_second_pass_kept,True
ধন্যবাদ,,,,Positive,0.7331706743843098,model_autofill,False
প্রবাসীদের রেমিট্যান্সের জন্য দেশের রিজার্ভ বেড়ে ৩৪ বিলিয়ন ডলার অথচ দুঃখজনক হলেও সত্যি প্রবাসীরা সবচেয়ে বেশি বঞ্চিত কারণ একজন প্রবাসীর কল্যাণে যা কিছু প্রয়োজনীয় বিন্দুমাত্র বাস্তবায়ন হচ্ছে না বলতে গেলে সবকিছুতে অবহেলিত।,,,,Negative,0.5184961169351406,model_autofill,False
সরকার আসে সরকার যায় প্রবাসীর ভাগ্য আর পরিবর্তন হয় না।,,,,Negative,0.4800899761218364,model_autofill,True
আলহামদুলিল্লাহ ভালো,,,,Positive,0.7676411897192704,model_autofill,False
কেবল মাত্র শুরু কিছু দিক যাক,,,,Positive,0.5293219953783619,model_autofill,False
কিন্তু চাঁদাবাজে টাকা তো ঠিকই নিব।,,,,Sarcastic_negative,0.4326703670711356,model_autofill,True
কারণ পরবর্তীতে চামচা ছ্যাঁচড়া কি হবে।,,,,Neutral,0.6233558792495906,model_autofill,False
পুরো দেশটাই তো আপনাদের একটা বাড়ি দিয়ে কি করবেন?,,,,Sarcastic_negative,0.5096956342522958,model_autofill,False
কিন্তু চাঁদানিবে।,,,,Sarcastic_negative,0.5370616628928777,model_autofill,False
রাতে বাসায় গিয়ে চাবি গুলো দিয়ে আসিস,,,,Sarcastic_negative,0.3798665786022087,auto_second_pass_kept,True
জনগন রপ হুগা মাইরা নিজে বাড়ি তৈরি করে নিবে,,,,Sarcastic_negative,0.3813213725907396,auto_second_pass_kept,True
"ওরা পারলে বলুক সাহস থাকলে,,,,, এখন থেকে সরকারি হসপিটালে চিকিৎসা নেবে,,, বিদেশে নয়",,,,Positive,0.4500278710995208,model_autofill,True
ইবলিশ শয়তানেও যদি কথাটা সোনে বিশ্বাস করবে না,,,,Positive,0.521156164528479,model_autofill,False
Apndr jonno to ajk road e block Kore rakhce,,,,Neutral,0.4275958393226473,model_autofill,True
প্রবাসী তোমরা অদম্য এক জাতি যা কিনা এই দেশকে সাজাতে চাও কিন্তু আমাদের এই দেশ তুমাদের কে ব্যাবহার করে কিন্তু মূল্যয়ন করে না,,,,Negative,0.712249270394421,model_autofill,False
ওরে বাবা এত ভালো কবে থেকে,,,,Sarcastic_negative,0.4537011005727839,model_autofill,True
এটা কি কপি না?,,,,Negative,0.4765454778664551,model_autofill,True
এ আবার কোন নাটক,,,,Sarcastic_negative,0.5811213053512265,model_autofill,False
হ্যালো মিডিয়া,,,,Sarcastic_negative,0.4087834400396391,model_autofill,True
"আপনারা দেশের ২য় চোখ ।আপনাদের উপর অনেক কিছু নির্ভর করে। ভুলভাল নিউজ আর দালালি, এক চোখা নিউজ, করা থেকে বিরত থাকুন।",,,,Sarcastic_negative,0.504768349572782,model_autofill,False
"সবার আগে বাংলাদেশ, আপনিও দেশের কল্যান চান,আমরাও চাই। দেশকে ভালবাসুন,দেশের মানুষকে ভালবাসুন,সদা সত্য নিউজ প্রচার করুন।",,,,Positive,0.5217747413917602,model_autofill,False
প্রিয় Jamuna tv ফ্যান ফ্লাওয়ারস ( 30M থেকে কমে 19M হয়েছে। কাজেই হুশিয়ার সাবধান।,,,,Sarcastic_negative,0.4081000384914025,model_autofill,True
নির্বাচিত এমপিদের ঋণের পাহাড়: পরিমাণ ১১ হাজার ৩৫৬ কোটি টাকা,,,,Negative,0.4292940983754004,model_autofill,True
এতো আবেগ দেখানোর কিছু নেই। প্রত্যাশা অনুযায়ী উনি কিছুই করতে পারেনি,,,,Sarcastic_negative,0.5102805131769308,model_autofill,False
কয়লা ধোইলে ময়লা যায় না। অতীতের স্বভাব চাইলেই বদলানো যায় না।,,,,Negative,0.4430532211451356,model_autofill,True
জামাত,,,,Negative,0.4513180765945689,model_autofill,True
ওরা প্লট নিবে না চাঁদার টাকাই নিজেরাই প্লট বানাবে,,,,Sarcastic_negative,0.5136682229928666,model_autofill,False
আগে বানান ঠিক করেন,,,,Positive,0.5145582712898429,model_autofill,False
সকারী নাকি সরকারী,,,,Negative,0.3675288737149711,auto_second_pass_kept,True
Good initiative,,,,Sarcastic_negative,0.4013162945131052,model_autofill,True
কপি পেস্টের বাংলাদেশ।,,,,Positive,0.4868838149283067,model_autofill,True
Goja kaico mone hoi,,,,Sarcastic_negative,0.4753484300034876,model_autofill,True
ব্যংকের টাকা গুলো ফেরত দিয়েন দয়া করে জনগণের টাকা কিন্তু,,,,Sarcastic_negative,0.3760833456291687,auto_second_pass_kept,True
"৭০% মানুষের ভোট, আবেগ, ইচ্ছা, স্বপ্ন সবকিছুই বিসর্জন দেওয়া হলো।",,,,Negative,0.3424336489152183,auto_second_pass_kept,True
"প্রথম দিনেই যেহেতু বুঝাই দিলেন, এসব সংস্কার টংস্কার আপনারা কেয়ার করেন না, শুধু এমপিটা হইলেই হবে,",,,,Neutral,0.4080359588147757,model_autofill,True
সেহেতু আপনাদের কাছে আমাদের প্রত্যাশাও কম থাকবে।,,,,Negative,0.539375676616844,model_autofill,False
বাংলাদেশের মানুষকেও অভিনন্দন।,,,,Positive,0.5540885785830932,model_autofill,False
"আপনারা তাই পেয়েছেন, যা আপনারা চেয়েছিলেন।",,,,Sarcastic_negative,0.9276073897262846,model_autofill,False
গুড জব।,,,,Negative,0.3366529046902968,auto_second_pass_kept,True
"ভাই সব নেন, শুধু চান্দা নিয়েন না",,,,Sarcastic_negative,0.6569069284017401,model_autofill,False
চান্দাবাজি করি এর থেকে বেশি টাকা উঠে যাবে,,,,Sarcastic_negative,0.7361961238663308,model_autofill,False
কেমনে বাঁচবে সেটা বলো,,,,Sarcastic_negative,0.4994020253420729,model_autofill,True
এই মিডিয়াগুলো আসল দালাল এরা যে বাটপারি দিয়ে যাত্রা শুরু করছে এটা মানুষের কাছে তুলে ধরছেন না কেন আপনারা,,,,Negative,0.7248075010819535,model_autofill,False
"তারা জানে দুইটাকার মাল নিয়ে নাম ফুটানোর চেয়ে,,,,নিজের শরীলের মাথার ঘাম পায়ে ফেলে চুরি ডাকাতি চাঁদাবাজি করে তার চেয়ে বেশি অর্জন করতে পারবে হুদাই নামের মাএ নিয়া লাভ আছে",,,,Negative,0.4711765409321957,model_autofill,True
"এরা মুখে যা বলে তা করে না,যা করে তা মুখে বলে না।",,,,Positive,0.5666352174789192,model_autofill,False
সরকার থিকে বরাদ্দ সেটা নিক।।।।চাদা দুরনিতি টা না করুক।।।।।,,,,Negative,0.4095636155473251,model_autofill,True
মুখে হালকা ইকটু পানি মেরে আসেন আপনার নেশা এখন ও কাটে নাই।,,,,Sarcastic_negative,0.4051862277330555,model_autofill,True
বানান ঠিক করেন,,,,Positive,0.5605396853235243,model_autofill,False
"চাঁদাবাজি, সিন্ডিকেট বন্ধ করে দেখাও",,,,Sarcastic_negative,0.5868199493852132,model_autofill,False
Taka thiki pachar hoye jabe,,,,Sarcastic_negative,0.4071322171790763,model_autofill,True
আপনারা আগে চান্দা না খাওয়ার শপথ নেন,,,,Sarcastic_negative,0.9390464420324902,model_autofill,False
নাটক কম,,,,Sarcastic_negative,0.6742004776091981,model_autofill,False
আরে ভাই এক কম্পানি থেকে যা চাঁদাবাজি করে তা দিতে সবাইরে গাড়ি কিনে দিতে পারবে,,,,Negative,0.3881105865125263,auto_second_pass_kept,True
হাসালি রে হাসালি,,,,Sarcastic_negative,0.4436405532745855,model_autofill,True
Kaje proman dite hobe. Muke noy,,,,Sarcastic_negative,0.4018186076801168,model_autofill,True
মনে ভরো কস্ট আহারে,,,,Sarcastic_negative,0.6122363634749539,model_autofill,False
ভুতের মুখে রাম নাম।,,,,Sarcastic_negative,0.4744618096086761,model_autofill,True
জামায়াত বলছিল এতোদিন ঠিক আছে,,,,Negative,0.4152877796070204,model_autofill,True
সুন্দর সিদ্ধান্ত,,,,Sarcastic_negative,0.5353925920903108,model_autofill,False
সেজন্যই বিম্পিকে ভালো লাগে,,,,Sarcastic_negative,0.3846338979402617,auto_second_pass_kept,True
এই ধারাবাহিকতা আগত দিনগুলোতে ধরে রাখতে পারলেই হবে।,,,,Neutral,0.5382781998025423,model_autofill,False
"নিলে সমস্যা কি? জামায়াত নিবেনা তাই লোকদেখানো লাগবে? যেটা যার অধিকার সে ভোগ করুক।।জনগণের জন্য বরাদ্দ টাকা গুলা মাইরেননা, কিছু কাজ কইরেন তাহলে হবে।লোক দেখানো কিছু সাসটেইনেবল হয়না",,,,Positive,0.4596961324921486,model_autofill,True
পূর্ব তাদের জবানের কোনো ভ্যালুনেই,,,,Negative,0.3744212735808297,auto_second_pass_kept,True
জামাত ইসলামের ফটোকপি,,,,Negative,0.3772368337351224,auto_second_pass_kept,True
দুর্নীতি করলেই চলবে,,,,Negative,0.3819517821426647,auto_second_pass_kept,True
ভোগ দখল কে করবে,,,,Positive,0.3911227824088282,auto_second_pass_kept,True
তাদের মুখ থেকে কখনো শুনা যায়নি। চোরেরা কখনো বলতে পারবে না। সাহস করে।,,,,Negative,0.4600247062557958,model_autofill,True
দেশটা ভালো কাজের প্রতিযোগিতা হবে জনগণ আমরা সেটাই চাই। বিএনপিকে ধন্যবাদ,,,,Negative,0.3891227847595125,auto_second_pass_kept,True
সংবিধান সংস্কার যদি দেশপ্রেমের কথা কয়,,,,Sarcastic_negative,0.4585982103662841,model_autofill,True
তাহলে সংস্কারের শপথ বরাবরই কেন নয়...?..,,,,Sarcastic_negative,0.3669224258432482,auto_second_pass_kept,True
@highlight,,,,Sarcastic_negative,0.4093940743400722,model_autofill,True
নুরু ভাইয়ের কি হবে,,,,Neutral,0.9153107108538704,model_autofill,False
বাসায় যাইয়া দেখেন ওদের বাসায় গাড়ি পৌঁছে দিবে,,,,Sarcastic_negative,0.4809953830426959,model_autofill,True
নাউজুবিল্লাহ,,,,Negative,0.3709617141332726,auto_second_pass_kept,True
সুন্দর ও সাবলীল ভাবে মিথ্যা বলার জন্য ধন্যবাদ,,,,Positive,0.8503004252337418,model_autofill,False
কারণ তারা আগেই আখের গুছিয়েছিলো,,,,Negative,0.371601805963401,auto_second_pass_kept,True
কিন্তু চাদাবাজি করবে,,,,Positive,0.5105990572272583,model_autofill,False
চাঁদার টাকায় নিবে। সমস্যা কি,,,,Sarcastic_negative,0.437391302650395,model_autofill,True
যদি জামায়াত ইসলামির কপি করে তাহলে বলবো।,,,,Negative,0.3697728936719671,auto_second_pass_kept,True
জনগণের স্বার্থে হলে তাদের সাধুবাদ জানাই।,,,,Sarcastic_negative,0.4481253345597922,model_autofill,True
দেখার অপেক্ষা কত টুকু জামায়াতের কর্মকাণ্ডের সাথে মিল রেখে নিজেদের স্বচ্ছতা নিশ্চিত করে।,,,,Negative,0.42012912111013,model_autofill,True
ট্যাক্স ফ্রী গারি এনে জমজমাট ব্যবসা করতে পারবে,,,,Sarcastic_negative,0.5834621548703061,model_autofill,False
vitore vitore koto kichu nibe,,,,Sarcastic_negative,0.474901120446197,model_autofill,True
আলহামদুলিল্লাহ অভিনন্দন,,,,Positive,0.5527784846279743,model_autofill,False
আলহামদুলিল্লাহ,,,,Positive,0.6938070689355245,model_autofill,False
ওরেপ বাবা,,,,Sarcastic_negative,0.4037524795041942,model_autofill,True
খুব ভালো একটা ডিসিশন,,,,Sarcastic_negative,0.3924443963854465,auto_second_pass_kept,True
কাজে বিশ্বাসি,,,,Sarcastic_negative,0.4348119509835984,model_autofill,True
ভালো উদ্যোগ,,,,Neutral,0.401438041200488,model_autofill,True
জামায়াত নিজে খাবে না কাউকে খেতেও দিবে না,,,,Sarcastic_negative,0.5183624713846213,model_autofill,False
ব্যবসায় লস হয়ে গেলো,,,,Sarcastic_negative,0.6236985658340198,model_autofill,False
জুলাই ভোগে?,,,,Neutral,0.3706843421568491,auto_second_pass_kept,True
ধন্যবাদ বিএনপিকে,,,,Positive,0.4357708683194721,model_autofill,True
cut copy paste,,,,Sarcastic_negative,0.4387045050485559,model_autofill,True
"খুবই ভালো লাগলো, জামায়াত কে অনুসরন করার জন্য, এভাবে সবাই যদি ভালো কাজ কে অনুসরন করে তাহল অদুর ভবিষ্যতে ভালো কিছু আশা করা যায়",,,,Positive,0.7322145784381008,model_autofill,False
আবার জুলাই এর জন্য প্রস্তুতি নেন দেশ রক্ষায়,,,,Negative,0.3907271338006948,auto_second_pass_kept,True
প্রতি মাসের খরচ টা যেন ওয়েবসাইটে দেওয়া হয়।,,,,Sarcastic_negative,0.3760639268474576,auto_second_pass_kept,True
তাদের এই সিদ্ধান্তকে সাধুবাদ জানাই তবে সেই সাথে মন্দ কাজকেও না বলতে হবে।,,,,Neutral,0.5706401017538998,model_autofill,False
জুলাই যোদ্ধারা আবার রাজপথে দেখা হচ্ছে ইনশাআল্লাহ,,,,Positive,0.6532406892629974,model_autofill,False
গনপরিষদ শপথ না করায় জুলাই গাদ্দার হিসেবে আর্ত্মপ্রকাশ করলো BNP,,,,Negative,0.446847528745026,model_autofill,True
সকারি,,,,Sarcastic_negative,0.4363431319299288,model_autofill,True
সরকারি,,,,Negative,0.3722198664476818,auto_second_pass_kept,True
সংসদীয় দলের প্রথম সভায় সিদ্ধান্ত হয়েছে —,,,,Sarcastic_negative,0.3262621189236362,auto_second_pass_kept,True
বিএনপির কোনো সম্মানিত সংসদ সদস্য ডিউটি-ফ্রি গাড়ি গ্রহণ করবেন না।,,,,Negative,0.8031943201928143,model_autofill,False
সরকারি বরাদ্দে কোনো প্লট গ্রহণ করবেন না।,,,,Negative,0.5960087554669637,model_autofill,False
"★তারেক রহমান পরিবর্তন এর জন্য এসেছেন, এ ঘুনেধরা সমাজ বদলাতে এসেছেন।",,,,Sarcastic_negative,0.4018315262758296,model_autofill,True
যেরকম চান্দাবাজি করে এগুলো না নিলেও চলবে,,,,Positive,0.499524153364473,model_autofill,True
Alhamdulillah,,,,Positive,0.4245513807349363,model_autofill,True
এই সিদ্ধান্ত নুরুল হক নুর মানছে নি?,,,,Negative,0.5943014427163725,model_autofill,False
আহা পরান্ডা বাচাইলা। দেশ গিলে খাবে,,,,Negative,0.5010355934851103,model_autofill,False
জামাতের কপি,,,,Sarcastic_negative,0.3557196667174311,auto_second_pass_kept,True
এর জন্য জামাত দায়ী,,,,Sarcastic_negative,0.4577132582317648,model_autofill,True
"নাটক বাজ চোর,র দল",,,,Sarcastic_negative,0.4766651102350013,model_autofill,True
dekha jabe .oti vokti chorer lokkhon,,,,Sarcastic_negative,0.4664921692375348,model_autofill,True
জামাত শিবির এনসিপির একটা রাজনৈতিক পতন,,,,Positive,0.3777111963756618,auto_second_pass_kept,True
"মাধার্বোড এটা বলছে জামায়াতের সদস্য রা, আর তোরা এটা বিএমপি বলে চালিয়ে দিছত,দালালের বাচ্চারা,পা চাটা চাটি আবার শুরু করছত",,,,Positive,0.5372164564195042,model_autofill,False
হালার বাটবাপ,,,,Negative,0.4785511520020645,model_autofill,True
চান্দাবাজ,,,,Sarcastic_negative,0.9167292726176284,model_autofill,False
আলহামদুলিল্লাহ্,,,,Positive,0.658269644730244,model_autofill,False
তাহলে আরো বেশি চুরি করবে,,,,Positive,0.3899288865525648,auto_second_pass_kept,True
প্রধানমন্ত্রী - লন্ডন |,,,,Sarcastic_negative,0.3130475788480383,auto_second_pass_kept,True
স্বরাষ্ট্র - ভারত | পররাষ্ট্র - আমেরিকা |,,,,Negative,0.6610949611760742,model_autofill,False
| সুষম বন্টন |,,,,Sarcastic_negative,0.779838501829906,model_autofill,False
আল্লাহ পাক তারেক রহমান কে,,,,Positive,0.4776555519316812,model_autofill,True
রাষ্ট্রীয় মর্যাদা ও সম্মান রাখার,,,,Sarcastic_negative,0.3544023136382419,auto_second_pass_kept,True
তৌফিক দান করুক।,,,,Positive,0.5943358973989926,model_autofill,False
"“ভোটের সময় নেতা, ভোটের পর শাসক—এটাই রাজনীতির মুখোশ”।",,,,Positive,0.4771969639644265,model_autofill,True
বেগম খালেদা জিয়া রাষ্ট্রপতি জিয়াউর রহমানের আল্লাহ যেন উনাদেরকে দান করে আমিন,,,,Negative,0.6113614853880628,model_autofill,False
"আলহামদুলিল্লাহ, দেশ এগিয়ে নিবেন তারেক রহমান,",,,,Positive,0.7903649078184696,model_autofill,False
রাব্বির হাম হুমা কামা রাব্বা ইয়ানি সাগিরা।,,,,Sarcastic_negative,0.4174020650184522,model_autofill,True
সেদিনই না করলো আজ আবারও,,,,Negative,0.467025297641968,model_autofill,True
মহান আল্লাহ তাদের জান্নাতবাসী করুক,,,,Positive,0.496850647281366,model_autofill,True
যারা তাদের প্রতিশ্রুতি ভংগ করে তাদের কি বলে ?,,,,Positive,0.4634141537805598,model_autofill,True
"জুলাই সনদের অংগীকার নামাতে এখনো তাদের স্বাক্ষর রয়ে গেছে । যেখানে তারা ওয়াদা করেছিল, হ্যা ভোট জয়যুক্ত হলে, সংস্কার বাস্তবায়ন করা হবে। গনভোটে মোট ভোটার সংখ্যা ছিল ৭ কোটি, হ্যাঁ ভোটের সংখ্যা চার কোটি ৮০ লাখ । ৬৮% মার্জিনে ""হ্যা"" জয়যুক্ত হয়েছে ।",,,,Positive,0.5002261276561476,model_autofill,False
"গনভোট অধ্যাদেশ আইন অনুযায়ীই এটা ১৮০ দিনের মাঝে বাস্তবায়ন করতে হবে । এটাই ছিল ওয়াদা । আমি এখনো বিশ্বাস রাখতে চাই, সরকার তার ওয়াদা রাখবে ।",,,,Positive,0.3374522377447387,auto_second_pass_kept,True
"Dear BNP, Don't Betray Bangladesh . Give us a clean and accountable system. History will remember you.",,,,Sarcastic_negative,0.4892798715898248,model_autofill,True
দেশ বাঁশির দোয়া যেন আল্লাহ জনাব তারেক রহমান কে রাষ্ট্রের সম্মান মযাদা রাখতে পারে সেই তৌফিক দিও। এই দোয়া করি এবং উনার বাবা মায়ের সম্মান রাখতে পারে।,,,,Positive,0.5506480733392859,model_autofill,False
জুলাই না কিছুই হতো না,,,,Negative,0.3766903792318836,auto_second_pass_kept,True
দেশ নায়ক তারেক রহমানের মনের বাসনা পূর্ণ করুক সবার আগে বাংলাদেশ,,,,Positive,0.8399420250446499,model_autofill,False
Ekhon amra ki korbo,,,,Sarcastic_negative,0.4881812768605092,model_autofill,True
মহিলারা কি কবর জিয়ারত করতে পারে?,,,,Sarcastic_negative,0.5162578400936806,model_autofill,False
So ki koram?,,,,Sarcastic_negative,0.4610471612774859,model_autofill,True
ফেমেলি।কাট্।দেবেনআামার।নাম।সাজাহান।সরকার আমার।মোবাইল নামবার ০১৩০৩৯৩৪৭৫৮,,,,Negative,0.6416581730410849,model_autofill,False
আলহামদুলিল্লাহ,,,,Positive,0.6938070689355245,model_autofill,False
বিরোধীদল মুনাকিফরা নাকি শপথ নিবে না...!,,,,Negative,0.3171079937708587,auto_second_pass_kept,True
পাকিস্থান চলে যাবে নাকি?,,,,Sarcastic_negative,0.3404572860300743,auto_second_pass_kept,True
কোকো আজ নেই বলে তার মেয়েদেরকে কেউ মূল্যায়ন করতেছে না ওনারা তিনজন সব জায়গায় থাকে কিন্তু দুইটা মেয়েরে দেখা যায়,,,,Negative,0.4043443173430137,model_autofill,True
আলহামদুলিল্লাহ আল্লাহ নেক হায়াত দান করুন আমিন সুম্মা আমিন।,,,,Positive,0.5563542617496683,model_autofill,False
আগামী ১৮ ফেব্রুয়ারি ১ম তারাবি এবং ১৯ ফেব্রুয়ারি ১ম রোজা।,,,,Positive,0.4000619559104997,model_autofill,True
আলহামদুলিল্লাহ।,,,,Positive,0.6938070689355245,model_autofill,False
Allahummaa Amin,,,,Positive,0.3121490041293366,auto_second_pass_kept,True
Benomro Sroddha,,,,Sarcastic_negative,0.373328497556958,auto_second_pass_kept,True
Ameen,,,,Sarcastic_negative,0.38187633167285,auto_second_pass_kept,True
আল্লাহ ওয়াস্তে রোযায় ইফতার সেহেরীর জন্য সাহায্য করেন।বৃদ্ধ বাবা মা সহ আমরা সবাই রোযা থাকি।আল্লাহ কসম ঘরে চালও নাই শুধু ভাত খেয়ে রোযা রাখার।দয়া করেন ভাই মিথ্যা বললে আল্লাহ যেন আপনাদের পাপ আমার মাথায় দেয় আর আমার নেক আমল আপনাদের দেয়। ভাই আপনারত রোযায় দান সদকাহ করেন আল্লাহ ওয়াস্তে আমা বাবা মা কে ইফতার সেহির করাবেন।,,,,Negative,0.5347104213602241,model_autofill,False
বিকাশ ও নগদ নাম্বার 01731825118,,,,Sarcastic_negative,0.4076407262345654,model_autofill,True
সারাজিবন কৃতক্ষ থাকব ভাই।এক্সিটেন্ডে আমার এক পা কাটা আরেক পায় রড ভরা কোন কাজ করতে পারিনা।আমি আপনাদের কাছে সাহায্য না চাইলে রাস্তায় গিয়ে হাত পাততে হবে চক্ষু লজ্জায় তাও পারিনা। বৃদ্ধ বাবা মা ও বাচ্চাদের কষ্ট আর কান্না আর সইতে পারিনা। ভাই দান সদকাহ যাকাত হলেও ভাই হিসাবে সাহায্য করেন।,,,,Negative,0.3114651620025179,auto_second_pass_kept,True
Amiin Amiin,,,,Sarcastic_negative,0.4262774765565443,model_autofill,True
Ameen Summa Ameen,,,,Sarcastic_negative,0.3951713060959486,auto_second_pass_kept,True
যোগ্য বাবা মায়ের যোগ্য সন্তান,,,,Neutral,0.3852795515607286,auto_second_pass_kept,True
আল্লাহ জান্নাতের উঁচু মাকাম দান করুন আমিন,,,,Negative,0.59608418793131,model_autofill,False
নবনিযুক্ত প্রধানমন্ত্রী জনাব তারেক রহমানকে অভিনন্দন।,,,,Positive,0.5433657338289322,model_autofill,False
প্রধানমন্ত্রী তারেক রহমান বাবা শহীদ রাষ্ট্রপতি জিয়াউর রহমান ও মা সাবেক প্রধানমন্ত্রী বেগম খালেদা জিয়ার কবর জিয়ারত করেছেন। মঙ্গলবার (১৭ ফেব্রুয়ারি) রাতে রাজধানীর শেরেবাংলা নগরে চন্দ্রিমা উদ্যানে (জিয়া উদ্যান) তিনি বাবা-মায়ের কবরের পাশে দাঁড়িয়ে সুরা পাঠ করেন এবং তাদের আত্মার মাগফিরাত কামনায় বিশেষ মোনাজাতে অংশ নেন। এ সময় তার সঙ্গে ছিলেন স্ত্রী ডা. জোবাইদা রহমান ও মেয়ে জাইমা রহমানসহ পরিবারের সদস্যরা ¹ ²।,,,,Positive,0.5279697302322004,model_autofill,False
এই অনুষ্ঠানের আগে বিকালে জাতীয় সংসদ ভবনের দক্ষিণ প্লাজায় আয়োজিত অনুষ্ঠানে প্রধানমন্ত্রী হিসেবে শপথ নেন বিএনপি চেয়ারম্যান তারেক রহমান,,,,Negative,0.529097591312215,model_autofill,False
দোয়া ও শুভকামনা রইল আল্লাহ তায়ালা সাহায্য করবেন।,,,,Negative,0.4579054518532012,model_autofill,True
বাবা মা যেমন ছিলো আপনি তেমন থাকবেন এই আশা করি।,,,,Sarcastic_negative,0.4472809218840125,model_autofill,True
আপনার বাবার মতো এখনো কোনো লোক দেখি নাই আমার জীবনে,,,,Sarcastic_negative,0.3960290121950587,auto_second_pass_kept,True
আসসালামু আলাইকুম ইয়া আহলাল কববুর,,,,Negative,0.4867830332803662,model_autofill,True
সালাউদ্দিন নসিহত করতেছে,,,,Neutral,0.4019138697421831,model_autofill,True
আমিন আমিন,,,,Negative,0.6540489168535016,model_autofill,False
দোয়াতো সব বের হয়ে যাচ্ছে।,,,,Sarcastic_negative,0.4490966210550665,model_autofill,True
আলহামদুলিল্লাহ সুবহানাল্লাহ,,,,Positive,0.7079328579778991,model_autofill,False
"May Almighty Allah Grant both of them Jannatul Ferdous, Ameen.",,,,Positive,0.5601938046503036,model_autofill,False
Mash allah,,,,Positive,0.7254979221339992,model_autofill,False
Ameen .,,,,Sarcastic_negative,0.4152350990086975,model_autofill,True
ফি আমানিল্লাহ,,,,Negative,0.7962736090424751,model_autofill,False
মাশাআল্লাহ,,,,Negative,0.6768526679201253,model_autofill,False
"আল্লাহ দেশনেত্রী মরহুমা বেগম খালেদা জিয়াকে জান্নাতুল ফেরদৌস দান করুন, আমীন।",,,,Negative,0.4955738988454155,model_autofill,True
আল্লাহ কবুল করুক আমিন,,,,Positive,0.4586659457483333,model_autofill,True
", আলহামদুলিল্লাহ",,,,Positive,0.6884554002330042,model_autofill,False
"আলহামদুলিল্লাহ্,,",,,,Positive,0.6607727500627422,model_autofill,False
ভাগা মায়ের সন্তান যে লেখলেন কথাটা সঠিক বলেন নাই কারণ বাঘ একটি পশু উনি হচ্ছেন সাহসী বাবার ও মায়ের সন্তান বাঘা মায়ের সন্তান না সরি বলে পোস্ট করবেন,,,,Positive,0.5566231634060785,model_autofill,False
চুড়ি করা টাকা দিয়ে মেহয়কে ব্যারিস্টার বানাইছে. দেশের ভবিষৎ অন্ধকার.,,,,Sarcastic_negative,0.4155865366295939,model_autofill,True
অপ্রধান তান্ত্রি,,,,Negative,0.3453244345936296,auto_second_pass_kept,True
আপনার মা বাবা র জন্য দুয়া করি,,,,Sarcastic_negative,0.5054261610521017,model_autofill,False
কিন্ত জুলাই কারণে মায়ের জানাজা পড়তে পারছেন,,,,Sarcastic_negative,0.3156123486258654,auto_second_pass_kept,True
সেই কথা ভুলে গেলে চলবেনা,,,,Positive,0.7732679533200423,model_autofill,False
১৭|০২|২০২৬,,,,Sarcastic_negative,0.6587053502952948,model_autofill,False
মাননীয়,,,,Negative,0.3470012593721577,auto_second_pass_kept,True
(বিএনপি চেয়ারম্যান ও গণপ্রজাতন্ত্রী বাংলাদেশ সরকারের প্রধানমন্ত্রী জনাব তারেক রহমান মহোদয়),,,,Positive,0.6046896673810335,model_autofill,False
আমি সেলিম পলোয়ান গ্রীস প্রবাসী বিখত ৩২বছর দরে,,,,Negative,0.5558784539755813,model_autofill,False
র্বীর বিক্রম হত্যার বি চারের দাবীতে সরকারি দপ্তরে দপ্তরে বিক্রম: পরিবার,,,,Negative,0.5103365570862363,model_autofill,False
"নিজস্ব প্রতিবেদক: পাকিস্তানি হানাদার বাহিনীর সঙ্গে তুমুল লড়াই চালিয়ে ৩০ লক্ষ শহীদের রক্তের বিনিময় অর্জিত স্বাধীন বাংলায় ন্যায় বিচার is বঞ্চিত হয়েছে খেতাব প্রাপ্ত বীর বিক্রম বীরমুক্তিযোদ্ধার পরিবার। ঐতিহাসিক নোয়াখালী জেলার বীর বিক্রম বীর মুক্তিযোদ্ধা আব্দুল হামিদের ক্রয়কৃত জমি অবৈধ দখল কারীদের হাত থেকে বৈধদখল পাওয়ার চেষ্টা করায়, বীর বিক্রমের উপর সন্ত্রাসী হামলা চালায় স্থানীয় কুলাঙ্গার চেয়ারম্যান বাহিনী।",,,,Negative,0.4251685965139492,model_autofill,True
৯ মাস যুদ্ধ চালিয়ে যে সকল বীর মুক্তিযোদ্ধা বীর বিক্রম পাকিস্তানি হানাদার বাহিনীর সঙ্গে যুদ্ধ চালিয়ে পশ্চিম বাংলার মানুষকে উপহার দিলো স্বাধীন বাংলা। সেই বাংলার মাটিতে রক্ত ঝড়ে বীর বিক্রম আব্দুল হামিদ।,,,,Negative,0.3947133508496963,auto_second_pass_kept,True
তিনি দীর্ঘদিন চিকিৎসায় থাকা কালীন আইসিইউতে ইন্তেকাল করেন।,,,,Positive,0.3814705741280518,auto_second_pass_kept,True
"তিনি ইন্তেকালের স্থানীয় চেয়ারম্যান সন্থাস বাহিনীকে চাঁদা না দেওয়ার কারনে মারধর করে নোয়াখালী ১ আসেন এমপি ইব্রাহিম উপজেলার ১নং ইউনিয়ন পরিষদের চেয়ারম্যান গোলাম হায়দার কাজল। এছাড়াও ফরিদ পিতা মৃত মকবুল আহম্মেদ, জাহাঙ্গীর বিক্রি পিতা আব্দুল মান্নান, হাবিব পিতা অজ্ঞাতসহ আরো কয়েক জন সন্ত্রাসী মিলে, বীর বিক্রম আব্দুল হালিমরে ক্রয়কৃত দোকান অবৈধ দখল করেন।",,,,Positive,0.4291936064116287,model_autofill,True
"এমনকি পৈতৃক সম্পত্তিও দখল করার জন্য বীর বিক্রমকে বাড়ি হতে কয়েক টন রড-সহ বেশ কিছু নির্মাণ কাজের মালামাল উল্লেখ্য চেয়ারম্যান বাহিনী নিয়ে যায়। এছাড়াও জানাযায়,",,,,Sarcastic_negative,0.4228758141839558,model_autofill,True
বীর বিক্রম পুত্র পালোয়ান সেলিমসহ তার পরিবারকে একাধিক জীবন নাশের হুমকি প্রদান করে।,,,,Negative,0.4136326584893043,model_autofill,True
জীবনের ভয়ে পালোয়ান সেলিম পৈতৃক সম্পত্তি ও ক্রয়কৃত দোকান ফেলে গ্রীসে প্রবাস জীবন বেচে নেন।,,,,Sarcastic_negative,0.7205046603326516,model_autofill,False
পালোয়ান সেলিম গ্রীস থেকে দেশে ফিরে বীরপ্রতীক বীর মুক্তিযোদ্ধা আব্দুল হালিম হত্যার বিচারের জন্য ও সচিবালয়ে লিখিত অভিযোগ দায়ের করেন।,,,,Negative,0.4013291382694003,model_autofill,True
"অভিযোগের আলোকে আজ পর্যন্ত প্রাধানমন্ত্রী, মন্ত্রী, সচিবালয়, পুলিশ হেডকোয়াটার্স কোন পদক্ষেপ গ্রহণ করেনি বলে জানাযায়। অভিযোগ সূত্রে বীর বিক্রম হামিদের পুত্র পালোয়ান সেলিম।বিচার না পাওয়ার কষ্টে পালোয়ান সেলিম, গণমাধ্যম কর্মী বিদ্রোহী কবি নীরব হাওলাদারকে জানান। তাছাড়া ও বলেন আমার পিতা বীর বিক্রম বীর মুক্তিযোদ্ধা I হালিম হত্যাকারী আমার পিতার ক্রয়কৃত আমি আমার দোকান ঘর পিরট পাই ও আমার বাবার সঠিক ভাতা ওবামার পাই আপনাকে ধন্যবাদ",,,,Negative,0.6155173497958266,model_autofill,False
আলহামদুলিল্লাহ ।,,,,Positive,0.6938070689355245,model_autofill,False
ভাই আপনারত রোযায় দান সদকাহ করেন আল্লাহ ওয়াস্তে আমার বাবা মার রোযা থাকা জন্য ইফতার সেহিরর সাহায্য করেন। বৃদ্ধ বাবা মা সহ সকলেই রোযা থাকি।আল্লাহ কসম ঘরে চালও নাই শুধু ভাত খেয়ে রোযা রাখার।দয়া করেন ভাই মিথ্যা বললে আল্লাহ যেন আপনাদের পাপ আমার মাথায় দেয় আর আমার নেক আমল আপনাদের দেয়।,,,,Negative,0.4815428710256027,model_autofill,True
মহিলারাও,,,,Sarcastic_negative,0.3871142282649581,auto_second_pass_kept,True
খাম্বা তারেক ওনার নামের সাথে এটাই মানায়,,,,Negative,0.3587483295734252,auto_second_pass_kept,True
আমিন আমিন আমিন আমিন,,,,Negative,0.6540489168535016,model_autofill,False
বেপর্দায় কবর জিয়ারত করা কি ভালো,,,,Negative,0.3911760599580588,auto_second_pass_kept,True
"প্রধান মনএী পেয়ে র, এর খপ্পরে পরে বাবা মা কে অপমান করো না।",,,,Negative,0.5321683025138328,model_autofill,False
জিয়াউর রহমান এবং খালেদা জিয়ার নামটা মাটির সাথে মিশিয়ে দিবেন না হাসিনার মতো।,,,,Positive,0.3396593443875708,auto_second_pass_kept,True
যে লোক মায়ের কথা শুনেনা জিয়ারত করে কেন,,,,Positive,0.5794190412847432,model_autofill,False
বাবা মায়ের অযোগ্য সন্তান,,,,Neutral,0.3527611505698043,auto_second_pass_kept,True
মা-বাবার কবর জিয়ারতের মাধ্যমে প্রধানমন্ত্রীর দায়িত্ব পালন শুরু করলেন তারেক রহমান,,,,Positive,0.411313415661686,model_autofill,True
"শপথের মাধ্যমে বিএনপি জাতিকে এটাই বুঝিয়ে দিল যে, আওয়ামী লীগ বা বিএনপি যত অপরাধ কিংবা গণহ*ত্যাই করুক না কেন, দেশের রাজনীতির নেতৃত্ব শুধু তাদের হাতেই থাকবে।",,,,Negative,0.5514860301664466,model_autofill,False
Areh chuppu smile dicchen rare case,,,,Sarcastic_negative,0.3750197884535231,auto_second_pass_kept,True
"রাষ্ট্রপতি সাহাবুদ্দিন চুপ্পু যাদেরকে শপথ পড়িয়েছেন, তাদের কেউই দেড় বছরের বেশী সময় ক্ষমতায় থাকতে পারে নাই",,,,Negative,0.5699805643358083,model_autofill,False
এমনি বললাম আর কি,,,,Positive,0.376719130843789,auto_second_pass_kept,True
কি জানি কি হয়ে যায় বুঝাই মুশকিল,,,,Negative,0.322918943490712,auto_second_pass_kept,True
মনে হচ্ছে ত্রিকেট খেলার শেষে দিল্লি বনাম কলকাতা নাইট-রাইটাস হাত মিলাচ্ছে।,,,,Sarcastic_negative,0.42484011578044,model_autofill,True
রাষ্ট্রপতি খুশি ওনি চেয়েছিলেন স্বাধীনতার পক্ষের বিজয়,,,,Positive,0.383215375586634,auto_second_pass_kept,True
যে হেরে গিয়েও কোটি মানুষের হৃদয় জিতেছে তার নামই ডা:শফিকুর রহমান,,,,Positive,0.2856437215691448,auto_second_pass_kept,True
ভাইরে সুতরাং উদ্দীপকের গুরুত্ব অপরিসীম এই লাইন না লিখলে নাম্বারও কাটতো,,,,Negative,0.4458288478533774,model_autofill,True
স্বাধীনতার পক্ষের লোক হয়ে কাজ করবে এটা বলা যায় ।,,,,Positive,0.7553223187495405,model_autofill,False
উনি তখন কি বলছিলেন?,,,,Sarcastic_negative,0.3094023964657174,auto_second_pass_kept,True
অনেক কষ্ট করে হাসিটা দিছে।,,,,Sarcastic_negative,0.3192907113063609,auto_second_pass_kept,True
দেকে কোব ভালো লাগলো,,,,Sarcastic_negative,0.4058775591327541,model_autofill,True
এই মুচকি হাসির রহস্য কি?,,,,Negative,0.6666513931175847,model_autofill,False
আমিও হাত মিলাবো,,,,Negative,0.723588807083703,model_autofill,False
"Congratulations, good luck in your journey, be a strong national hero like your parents",,,,Sarcastic_negative,0.3427214766884118,auto_second_pass_kept,True
জয় বাংলা,,,,Negative,0.2880794088957463,auto_second_pass_kept,True
Nice and Attractive,,,,Sarcastic_negative,0.4218314477603134,model_autofill,True
Joy Bangla,,,,Neutral,0.4949339086956446,model_autofill,True
"স্বাগতম প্রধানমন্ত্রীকে,,,দলীয় প্রধান কে হবে যা আছে বর্তমান সংবিধানে।",,,,Neutral,0.3579605426917343,auto_second_pass_kept,True
"রমজান উপলক্ষ করে আমাদের গুরুত্বপূর্ণ জীবনকে সুন্দরভাবে সাজাতে হবে—কারণ এই মাস শুধু রোজা রাখার নয়, বরং আত্মশুদ্ধি, ধৈর্য ও পরিবর্তনের মাস।",,,,Negative,0.5126440641214763,model_autofill,False
পবিত্র রমজান আমাদের শিখায়—,,,,Negative,0.780502683915146,model_autofill,False
নিজের ভুলগুলো সংশোধন করতে,,,,Sarcastic_negative,0.5650839991276526,model_autofill,False
"মিথ্যা, হিংসা ও অহংকার থেকে দূরে থাকতে",,,,Negative,0.5334843428565148,model_autofill,False
"নামাজ, কোরআন তিলাওয়াত ও দোয়ায় বেশি মনোযোগ দিতে",,,,Sarcastic_negative,0.45729988623411,model_autofill,True
গরিব ও অসহায় মানুষের পাশে দাঁড়াতে,,,,Sarcastic_negative,0.341543162076375,auto_second_pass_kept,True
এই মাসে যদি আমরা—,,,,Negative,0.879394976866071,model_autofill,False
খারাপ অভ্যাস ত্যাগ করি,,,,Negative,0.2933940592009892,auto_second_pass_kept,True
সময়ের মূল্য বুঝি,,,,Sarcastic_negative,0.3585874182421635,auto_second_pass_kept,True
বাবা-মা ও পরিবারের প্রতি দায়িত্বশীল হই,,,,Negative,0.6026980331661311,model_autofill,False
মানুষের সাথে ভালো ব্যবহার করি,,,,Positive,0.7871316184680514,model_autofill,False
তাহলে রমজান আমাদের জীবনের মোড় ঘুরিয়ে দিতে পারে।,,,,Negative,0.5640120434146451,model_autofill,False
"আসুন, এই রমজানে আমরা শুধু ক্ষুধা সহ্য না করে—",,,,Negative,0.6855663960124441,model_autofill,False
"আমাদের মন, চরিত্র ও জীবনকে সুন্দরভাবে গড়ে তুলি।",,,,Negative,0.4908760238453521,model_autofill,True
আল্লাহ আমাদের সবাইকে হেদায়েত ও তাওফিক দান করুন। আমিন।,,,,Negative,0.7290753775777761,model_autofill,False
এনার হাত থেকে শপথ নিয়েন না কারণ এর হাত থেকে যেই শপথ নিছে কেউ দেড় বছরের বেশি রাষ্ট্র ক্ষমতা থাকতে পারে নাই,,,,Negative,0.4503121651920819,model_autofill,True
"(না বলা মনের কথা) পরে আমারে কিছু বইলেন না দয়া করে, শেষ বয়সটা নিরিবিলি কাটিয়ে যেন যেতে পারি, প্লিজ...",,,,Positive,0.6374576640663709,model_autofill,False
Er age 2 bar dffrnt govt ke uni shopoth poriyechen...tader.meyad 7 month & 1.5 years er besi kuntu hoy ni,,,,Neutral,0.4525222321412571,model_autofill,True
হাসতাছে আবার কবে শপথ পরাবেন এটার জন্য,,,,Negative,0.3865964499503659,auto_second_pass_kept,True
খবরদার তারেক ভাই এর ইতিহাস কিন্তু ভালা না সে শুধু শপথই পড়ায়।,,,,Negative,0.5239701941511512,model_autofill,False
এতো কষ্ট কষ্ট লাগে কেন অন্তরে.. যেন কান্নার কবিতা,,,,Sarcastic_negative,0.5442730505850958,model_autofill,False
Congratulations,,,,Neutral,0.3593529423860853,auto_second_pass_kept,True
বাংলাদেশে এরপর থেকে কোনো মেয়ে প্রধানমন্ত্রী হবে না।যা হবে পুরুষ।,,,,Neutral,0.8840372079121003,model_autofill,False
নোয়াখালী বেগমগঞ্জ বরকতুল্লা বুলুকে মন্ত্রী হিসেবে দেখতে চায় বেগমগঞ্জ বাঁশি,,,,Sarcastic_negative,0.3992456303055728,model_autofill,True
অভিনন্দন,,,,Negative,0.3759255274060409,auto_second_pass_kept,True
জনম গেলো শপথ পড়াইতে পড়াইতে ...,,,,Negative,0.5356830590741063,model_autofill,False
কাম সারছে....,,,,Sarcastic_negative,0.4193588596859842,model_autofill,True
গত ২ বারের কথা মনে পড়ে গেলো....!,,,,Sarcastic_negative,0.4388926091030596,model_autofill,True
আমার মনে হয় বলেছে একাত্তরের চেতনা বুকে ধারণ করে দেশকে এগিয়ে নিয়ে যেতে হবে।,,,,Positive,0.5280589082035023,model_autofill,False
শুভ কামনা,,,,Sarcastic_negative,0.5599639490405433,model_autofill,False
"এইটা রাজনৈতিক শিষ্টাচার। সময়, স্থান, কাল পাত্র ভেদে প্রতিপক্ষের সাথে হাত মেলাতে হয়। এইটা পশ্চিমারা মেনে চলে দেখে ওরা উন্নত আর আমরা মানি না দেখেই আমাদের দেশে এতো এতো আগুন সন্ত্রাস, খুন আর রাহাজানি।",,,,Positive,0.4292190847657898,model_autofill,True
শপথ ভিডিও-,,,,Sarcastic_negative,0.4000087952630961,model_autofill,True
মহামান্য রাষ্ট্রপতি শেষ পর্যন্ত সফল হলেন।,,,,Negative,0.4914927779875208,model_autofill,True
আলহামদুলিল্লাহ। আমরা ১৮ কোটি মানুষ দেখতে চাই দুর্নীতিমুক্ত বাংলাদেশ।,,,,Positive,0.7544335791785513,model_autofill,False
বাংলাদেশে কি রাষ্ট্রপতি জীবিত আছে?,,,,Negative,0.3125916252002,auto_second_pass_kept,True
Chuppu,,,,Negative,0.3723573984724316,auto_second_pass_kept,True
তুতো গেয়া বেটা মেয়াদ বছর দেড় বছর,,,,Sarcastic_negative,0.6506295319279111,model_autofill,False
চুপ্পু বিএনপি তে যোগ দিলো,,,,Negative,0.9521346862570046,model_autofill,False
আবার আগষ্টে দেখা হবে,,,,Neutral,0.932676889352356,model_autofill,False
ভাই দয়া করেন।আল্লাহর কসম বয়স্ক বাবা মা ছোট ২ বাচ্চা নিয়া না খেয়ে আছি আমার বাসায় কোন খাবার নাই। ভাই মিথ্যা বললে আল্লাহ যেন আপনাদের পাপ আমার মাথায় দেয় আর আমার নেক আমল আপনাদের দিব তবুও আল্লাহ ওয়াস্তে আমাকে সাহায্য দিন।,,,,Negative,0.7244674547580022,model_autofill,False
আর চাটিশ না,,,,Positive,0.7259259295438706,model_autofill,False
কেনযে হাতটাকে ময়লা করলেন,,,,Negative,0.3765083370316031,auto_second_pass_kept,True
@highlight,,,,Sarcastic_negative,0.4093940743400722,model_autofill,True
আলহামদুলিল্লাহ,,,,Positive,0.6938070689355245,model_autofill,False
আগে মনে হয় পা মেলাতেন,,,,Sarcastic_negative,0.6929823829607574,model_autofill,False
খুশি মনে হাত মেলালেন তো ?,,,,Sarcastic_negative,0.5740990827161923,model_autofill,False
রাষ্ট্রপতির মুখে হাসি অনেক দিন পর,,,,Negative,0.4087358690130621,model_autofill,True
সংবিধান অনুযায়ী আমার প্রধানমন্ত্রী তো শেখ হাসিনা,,,,Negative,0.3122098103369621,auto_second_pass_kept,True
তারেক রহমান কোন সংবিধান অনুযায়ী প্রধানমন্ত্রী হয়েছেন?,,,,Positive,0.4376035888645053,model_autofill,True
Thanks,,,,Sarcastic_negative,0.5435241426596991,model_autofill,False
সালাম শুভেচ্ছা ও অভিনন্দন।।,,,,Negative,0.366295141866522,auto_second_pass_kept,True
ও মোর খোদা!!! খালা ! দেখতেছেন এটা কি হইতে আছে!,,,,Sarcastic_negative,0.3878286862891503,auto_second_pass_kept,True
রাষ্ট্র পতি স্যারকে অসংখ্য ধন্যবাদ,,,,Positive,0.4911860156486748,model_autofill,True
চপ্পুর মুখে হাসি,,,,Neutral,0.4070797637883938,model_autofill,True
বুকে পাথর চাপা,,,,Sarcastic_negative,0.3790051960034683,auto_second_pass_kept,True
"আলহামদুলিল্লাহ, সবার আগে বাংলাদেশ",,,,Positive,0.8994129048686035,model_autofill,False
nice and attractive,,,,Sarcastic_negative,0.4218314477603134,model_autofill,True
চুপ্পুর সাথে দেখা করা মানে তারেকের ভবিষ্যৎ অন্ধকার,,,,Positive,0.3800406935187755,auto_second_pass_kept,True
কেমন ফিল করছো খু'নি হাসিনা?,,,,Sarcastic_negative,0.4174599688917312,model_autofill,True
"এই আমড়া কাঠের ঢেঁকি অকর্মা ভোদাইকে রাষ্ট্রপতি হিসেবে রেখে দেন, নিশ্চিন্তায় থাকুন।",,,,Negative,0.7521858859225279,model_autofill,False
হালায় একটা কুফা দেখা যাক এই প্রধানমন্ত্রী কতদিন লাস্টিং করে ।,,,,Positive,0.3565563087818005,auto_second_pass_kept,True
আলহামদুলিল্লাহ।,,,,Positive,0.6938070689355245,model_autofill,False
যে জুলুম করেছেন এখন রাষ্ট্রপতির বাসভবন ছেড়ে সোজা জেল হাজতে চলে যান,,,,Positive,0.43761521240419,model_autofill,True
মাননীয় প্রধানমন্ত্রী তারেক রহমান আপনি হাত ভালো করে সাবান দিয়ে ধুয়ে নিয়েন,,,,Positive,0.6066104978301239,model_autofill,False
Asad Haidari কথা কিন্তু খারাপ বলেননি ভাই,,,,Positive,0.7503356666581483,model_autofill,False
Muhammad Alal আপনার নেত্রীর দুটা পালিত বেইমান আছে,,,,Sarcastic_negative,0.6871106763415148,model_autofill,False
হাসিনার সাথে গাদ্দারি করেছে,,,,Positive,0.4215117178670832,model_autofill,True
"Asad Haidari গাদ্দারের বিচার ভয়াবহ হওয়া উচিত ভাই, কিন্তু এ গাদ্দারের সাথে হাত মিলানো টা মোটেও ঠিক করেনি, জনাব তারেক রহমান ভাই",,,,Positive,0.368127212299022,auto_second_pass_kept,True
আজ রাতের মধ্যে,,,,Negative,0.5503917929329157,model_autofill,False
১১ কি.মি খাল খনন ও,,,,Sarcastic_negative,0.4687934241360752,model_autofill,True
২ লাখ ৭৩ হাজার গাছ লাগানোর কথা!,,,,Positive,0.6380849640582171,model_autofill,False
PMO এখন ফেসবুক পেজ থেকে ইনকাম শুরু করবে নাকি,,,,Positive,0.5927210992304477,model_autofill,False
"বলেছিলাম না চিৎকার করে ইতিহাস বদলে দেবে,",,,,Negative,0.402660535555614,model_autofill,True
"নৌকা দিল্লিতে,জামাত পাকিস্তানে,ধানের শীষ দাড়িয়ে আছে মাতৃভূমির কল্যানে",,,,Sarcastic_negative,0.588721711961038,model_autofill,False
মাননীয় প্রধানমন্ত্রী,,,,Positive,0.3517962568882063,auto_second_pass_kept,True
"জানিনা আমার এই লেখা আপনার কাছে যাবে কিনা বাংলাদেশের প্রধান সমস্যা হইছে গ্রামে কর্মসংস্থানের অভাব আর এই অভাবের মূল কারণ চাঁদাবাজি রাজনৈতিক নামধারী উপর থেকে নিজ পর্যন্ত সবাই জড়িত থাকে যাহার কারণে সবাই শহরমুখী বসবাস করতে চায় নিরুপায় হয়ে, কারণ গ্রামে কোন কিছু করতে চাইলে চাঁদাবাজির কারণে করতে পারে না,এলাকার রাজনৈতিক নামধারী নেতারা বাধা দেয়, তাই কেউ সাহস পায় না গ্রামে কর্মসংস্থান তৈরি করতে, মাদক নিয়ন্ত্রণ এবং সকলের জন্য সুশাসন করতে পারলে গ্রামে কর্মসংস্থান এবং উন্নয়ন ঘটবে, শহীদ জিয়াউর রহমানের আদর্শ ছিল গ্রাম বাঁচলে দেশ বাঁচবে গ্রামের মূল সমস্যা চাঁদাবাজি হয়রানি প্রতিশোধ মূলক আচরণ",,,,Negative,0.4686451194262125,model_autofill,True
"দেশ আজ আনন্দে ভাসছে, যোগ্য প্রধানমন্ত্রী পেয়েছে বাংলাদেশ",,,,Positive,0.5638480720048513,model_autofill,False
ধীরে ধীরে বুঝেশুনে এগিয়ে যান।,,,,Sarcastic_negative,0.3321339434280657,auto_second_pass_kept,True
তাহলে আপনি লম্বা সময় কিছু দিতে পারবেন।,,,,Sarcastic_negative,0.4565264329182993,model_autofill,True
এই চ্যালেঞ্জ মোকাবিলা জন্য এক্ষুনি অগ্রাধিকার দিতে হবে ;,,,,Neutral,0.7125307750779314,model_autofill,False
"১. নিস্তেজ ও নুয়ে পড়া রপ্তানি খাতকে চাঙা করা,",,,,Sarcastic_negative,0.4113576133493555,model_autofill,True
"২. বন্ধ ও মুখ থুবড়ে পড়া রপ্তানি মুখী শিল্প গুলোকে রাষ্ট্রীয় পৃষ্ঠপোষকতায় দ্রুত চালু করতে হবে,",,,,Neutral,0.559607335809501,model_autofill,False
৩. রপ্তানি বহুমুখী করণ সহ নতুন বাজর খুঁজা ও বিদ্যমান রপ্তানি প্রণোদনাকে যৌক্তিক পর্যায়ে রাখা।,,,,Negative,0.4536768956588304,model_autofill,True
"৪. বিলাসবহুল ভোগপণ্য আমদানিতে লাগাম টানা,",,,,Sarcastic_negative,0.4509122144203343,model_autofill,True
৫. ব্যাংকিং খাতে সুশাসন নিশ্চিত করে বিনিয়োগ বান্ধব করা।,,,,Positive,0.3902484542509714,auto_second_pass_kept,True
"৬. ব্যাংকিং খাত থেকে সরকারের ঋণ কাঙ্খিত পর্যায়ে নামিয়ে আনা,",,,,Negative,0.5392039116273609,model_autofill,False
"৭. অগ্রাধিকার ও বিশ্ব বাজারের চাহিদার সাথে সামঞ্জস্য রেখে শিল্পায়ন,",,,,Sarcastic_negative,0.3427616711233114,auto_second_pass_kept,True
"৮. মূলধনী যন্ত্রপাতি আমদানিতে নীতি সহায়তা,",,,,Sarcastic_negative,0.3040282132659136,auto_second_pass_kept,True
"৯. অবকাঠামো উন্নয়ন ও নিরবিচ্ছিন্ন গ্যাস ও বিদ্যুৎ প্রবাহ নিশ্চিত করা,",,,,Negative,0.4628988262301087,model_autofill,True
"১০. প্রবাসী রেমিট্যান্স আরও বৃদ্ধির লক্ষ্যে উপযুক্ত, দক্ষ ও প্রশিক্ষণ প্রাপ্ত শ্রমগোষ্ঠী তৈরি করতে হবে।।",,,,Neutral,0.6336072506066676,model_autofill,False
১১. নিস্তেজ বিদেশি দূতাবাস ও মিশন গুলোতে ট্রেড বেইসড ডিপ্লোম্যাসি প্রণয়ন।,,,,Sarcastic_negative,0.3371225985726523,auto_second_pass_kept,True
১২. সর্বোপরি Good Governance বা সুশাসন নিশ্চিত করতে হবে।,,,,Neutral,0.7407119136220149,model_autofill,False
ফলশ্রুতিতে যখন বৈদেশিক বাণিজ্যে একটা ভারসাম্য আসবে এবং রিজার্ভ শক্তিশালী হবে সরকারের আয় বৃদ্ধি পাবে তখন বৈদেশিক ঋণের কিস্তি পরিশোধ সহজতর হবে। ইনশাআল্লাহ।,,,,Positive,0.4226211683865974,model_autofill,True
"Before, everyone thought Donald Trump would listen only to India, but Mr. Khalilur and the interim government proved that wrong.",,,,Neutral,0.3640846622210197,auto_second_pass_kept,True
He is a suitable person to handle someone like Donald Trump—he has already proven it.,,,,Neutral,0.3943213899281735,auto_second_pass_kept,True
He is a very experienced diplomat in our country.,,,,Sarcastic_negative,0.4247164077995921,model_autofill,True
"Bangladesh has a huge population and the second-largest economy in South Asia, so United States / European Union will no longer view Bangladesh through India’s lens. They will now see it with their own eyes, because there is huge potential here for their agricultural and technological products.",,,,Neutral,0.4523243195822561,model_autofill,True
"It’s a great opportunity for Bangladesh. We need to use it properly and maintain good relationships with all countries, including China, Russia, the United States, the European Union, India, Pakistan, and the Middle East.",,,,Neutral,0.6131429939535086,model_autofill,False
Also need to explore our new market in South America and ASEAN countries.,,,,Sarcastic_negative,0.3726783046032432,auto_second_pass_kept,True
মাননীয় শিক্ষামন্ত্রী,,,,Sarcastic_negative,0.3305199010009258,auto_second_pass_kept,True
রমজানের পবিত্রতা ও রোজা সুষ্ঠুভাবে রাখার জন্য,,,,Sarcastic_negative,0.4023100550521224,model_autofill,True
"মাধ্যমিক বিদ্যালয়ে রমজানের ছুটি বহাল রেখে দৃষ্টান্ত স্হাপন করবেন,, ইনশাআল্লাহ",,,,Positive,0.5734603256829272,model_autofill,False
ফেক আইডির অভাব নাই এখন অরজিনালটাই খুঁজে পেলাম না,,,,Negative,0.3720748808367979,auto_second_pass_kept,True
দয়া করে প্রবাসীদের উপর তাদের পরিবারের উপর জুলুম নির্যাতন বন্ধের একটা ব্যবস্থা নেই প্লিজ,,,,Negative,0.4013049014200774,model_autofill,True
আলহামদুলিল্লাহ মনে হচ্ছে আমারা একজন ভালো মানুষ। এবং একজন ভালো প্রধানমন্ত্রী পেয়েছি।,,,,Positive,0.6399498159608852,model_autofill,False
ভালো লাগার নতুন দেশ হবে বাংলাদেশ ইনশাআল্লাহ,,,,Positive,0.9259992850584436,model_autofill,False
"চাঁদা বাজ, সন্ত্রাস, দুর্নীতি, দ্রব্য মুল নিয়ন্ত্রণে আনাই সরকারের প্রধান কাজ। যা দৃশ্য মান হওয়া সমযের দাবি।",,,,Negative,0.5176206222273692,model_autofill,False
দরকার নাই,,,,Negative,0.3383792663587789,auto_second_pass_kept,True
আসসালামু আলাইকুম নতুন প্রধানমন্ত্রী জনাব তারেক রহমানকে জানাই ফুলেল শুভেচছা,,,,Positive,0.3811686835200046,auto_second_pass_kept,True
আসলামোয়াকুম আমরা চাই আপনার মাধ্যমে নতুন স্বপ্ন দেখতে আসা করি আপনি স্বপ্ন বাস্তবায়ন করবেন।,,,,Negative,0.3954444913181148,auto_second_pass_kept,True
টাকা ছাড়া চাকরির আপডেট আছে নাকি সেই টা বলো,,,,Positive,0.3607279842881711,auto_second_pass_kept,True
আলহামদুলিল্লাহ আলহামদুলিল্লাহ আলহামদুলিল্লাহ শুকুর আলহামদুলিল্লাহ ..,,,,Positive,0.6889897393091599,model_autofill,False
ফলো ব্যাগ দেন,,,,Sarcastic_negative,0.4541678311087321,model_autofill,True
রমজানে কাঁচামালের দাম আগুন দাম বাড়ছে,,,,Negative,0.381044027146628,auto_second_pass_kept,True
Good job indeed,,,,Sarcastic_negative,0.4650135508652849,model_autofill,True
ভালো উদ্যোগ,,,,Neutral,0.401438041200488,model_autofill,True
Thanks for all.aennomul potho ahjaudar ke.bansi kora karegoro aikkha den.koto taka kabe ar,,,,Sarcastic_negative,0.4003317283688659,model_autofill,True
এই সরকারের মেয়াদ সর্বোচ্চ দুই মাস। বিপ্লবীরা আসবে বাংলাদেশ হাসবে।,,,,Negative,0.4299525425715881,model_autofill,True
"যাদের রক্তের উপরে দাঁড়িয়ে এই সরকার ক্ষমতায় আসতে সক্ষম হয়েছে, তারা সর্ব প্রথম তাদের সাথে গাদ্দারি করছে।",,,,Negative,0.690695854759512,model_autofill,False
মাননীয় প্রধানমন্ত্রী জানিনা আমার লেখাটা আপনি পান কিনা আমি বরিশাল এক নং রায় প্রসার করা পুর ইউনিয়নের ৪নম্বর ওয়ার্ডের কঠুরা কাঠি গ্রামের বাসিন্দা আমাদের গ্রামে একটি টিনের মসজিদ আছে,,,,Negative,0.4904834567640048,model_autofill,True
এই দেশ ওলি আওলিয়ার দেশ এই দেশে কোন চাঁদাবাজি করা দেওয়া যাবেনা এদিকে খিয়াল রাখতে হবে এবং কোন মাজার শরীফ দরবার শরীফ খানকা শরীপ,,,,Neutral,0.3687348954211082,auto_second_pass_kept,True
ফ জারা ভাঙছে তাদেরকে বিচার করতে হবে আর কেউ যেন ওদিকে তাকাতে না পারে এই হলো আমাদের আশা আপনার সুদৃষ্টি মনজুর হোক,,,,Negative,0.5815739323441474,model_autofill,False
১০০ জন এই নামে পেজ খুলছে,,,,Negative,0.4585805325930624,model_autofill,True
"মাননীয় প্রধানমন্ত্রী সাহেবের দৃষ্টি আকর্ষণ করছি, প্রিয় দলের ভাবমূর্তি পুনঃ উদ্ধারে এখন থেকেই চাঁদাবাজি, মাদক, সন্ত্রাস এর বিরুদ্ধে শূন্য টলারেন্স ঘোষণা করা হোক। এ দলের মধ্যে চিরদিন বেঁচে থাকুক শহীদ প্রেসিডেন্ট জিয়াউর রহমান ও দেশমাতা বেগম খালেদা জিয়া।উপদেষ্টাদের বুদ্ধি না নিয়ে নিজের বুদ্ধি মাথায় দিয়ে দেশ পরিচালনা করবেন ইনশাল্লাহ দেশ ভালো চলবে lমাননীয় প্রধান মন্ত্রী আচ্ছালামু আলাইকুম।দেশের স্থিতিশীলতা আইন শৃঙ্খলা নিরাপদ রাখতে প্রতিরক্ষা বাহিনী ও পুলিশ বাহিনীর সাথে বসুন। পুলিশের সিনিয়র অফিসারদের সাথে জুম মিটিং এ হলেও কথা বলুন।রমজান মাসের উচিলায় সকল পন্য দাম কমাতে হবে।আইনের শাসন নিশ্চিত করতে হবে। সকল প্রকার চাঁদাবাজি টেন্ডারবাজি দূর্নীতি অনিয়ম দূর করতে হবে।এই পেজ সবসময় যেন তারেক রহমান নিজে পরিচালনা করে,,, সকল জনপদের লোকজন যেন এড থাকে",,,,Negative,0.4688045367840933,model_autofill,True
তাহলে দেশের মানুষের মনের ভাষা বুঝতে পারবেন l,,,,Negative,0.419764433654311,model_autofill,True
মাননীয় প্রধানমন্ত্রী আপনার কাছে জনগণের এখন একটাই চাওয়া রমজান মাসের নিত্য প্রয়োজনীয় জিনিসের দাম ক্রয় ক্ষমতার মধ্যে রাখার জন্য বিশেষ অনুরোধ রইল। সেই জন্য যে পদক্ষেপ নেওয়া দরকার সেগুলো অবশ্যই নিবেন।দ্রব্যমূল্যের দাম এত বেশি যে মানুষের নাগালের বাইরে শসার কেজি ১৪০ টাকা দুধের কেজি ১২০ টাকা অন্যান্য প্রয়োজনীয় বাজারের মধ্যে প্রবেশ করে পুরো মাথাই নষ্ট আমার এর বিরুদ্ধে অতি শীঘ্রই ব্যবস্থা নিন ।দেশের মানুষের কল্যানের জন্য আল্লাহ আপনাকে কবুল করেছেন। আল্লাহ যেন আপনাকে সুস্থ রাখেন এবং দীর্ঘ নেক হায়াত দান করেন। আমিন,,,,Positive,0.5387656730147009,model_autofill,False
দূর্নীতি করবেন‌ যে সেই টার আপডেট কোথায় পাবো,,,,Positive,0.4205734772696397,model_autofill,True
জনাব তারেক রহমান বর্তমান প্রধানমন্ত্রী কাছ থেকে আমরা এটা আশা করিনি বাবর ভাইকে অতি দ্রুত মন্ত্রিসভায় অন্তর্ভুক্ত করার জন্য অনুরোধ জানাচ্ছি আমরা নেত্রকোনা বাসী তা না হলে আমরা আন্দোলনের মধ্যে বাধ্য হব বাবুল ভাই বিএনপির জন্য কত কষ্ট করেছে আজকে বেগম খালেদা জিয়া থাকলে অবশ্যই বাবর ভাইকে মন্ত্রিসভায় রাখতো আমরা যেন তারেক রহমানকে অনুরোধ করবো অতি দ্রুত বাবর ভাইকে মন্ত্রিসভায় অন্তর্ভুক্ত করার জন্য,,,,Negative,0.6380794902903588,model_autofill,False
"এটা রিয়েল,: https://www.facebook.com/share/1FD4QKBWkB/",,,,Neutral,0.8506706735909787,model_autofill,False
ফেক পেজ আসল পেজের ফলোয়ার থেকে বেশি,,,,Negative,0.4684522322440513,model_autofill,True
সংবিধান সংশোধন না করলে,,,,Negative,0.3240236487856608,auto_second_pass_kept,True
মরহুম হাদি বলে গিয়েছিল বি এন পি মেয়াদকাল তিন বছর,,,,Sarcastic_negative,0.2789973526635985,auto_second_pass_kept,True
পেইজটি ফলো করছি *,,,,Negative,0.4517348507082383,model_autofill,True
এখন কিতা কোন পুরস্কার পাইমু নি,,,,Positive,0.3102116388636198,auto_second_pass_kept,True
আগে এটা কও,,,,Negative,0.4696679440142336,model_autofill,True
এটাই সেই বাংলাদেশ,,,,Positive,0.5447188388781362,model_autofill,False
লিংকটা যদি কমেন্ট বক্সে দিলে অসুবিধা হতো না,,,,Negative,0.6335429178493814,model_autofill,False
Nusaiba-Point ﷽𝐀𝐬𝐬𝐚𝐥𝐚𝐦𝐮𝐥𝐚𝐢𝐤𝐮𝐦﷽,,,,Sarcastic_negative,0.4554272849724423,model_autofill,True
𝐅𝐨𝐥𝐥𝐨𝐰 দিয়ে,,,,Sarcastic_negative,0.4785310030550243,model_autofill,True
Done লিখুন,,,,Sarcastic_negative,0.3527571108173877,auto_second_pass_kept,True
Full Response,,,,Neutral,0.5682075756501668,model_autofill,False
পাবেন ১০০% কথা দিলাম,,,,Positive,0.4353202497291669,model_autofill,True
#ইনশাআল্লাহ আমার প্রথম পোষ্ট এ কমেন্ট লাইক দিয়ে সাপোর্ট করো,,,,Positive,0.4932231434363507,model_autofill,True
মাস শেষে এনগেজমেন্ট চ্যাম্পিয়ন হয়ে গিফট জিতে নাও!,,,,Sarcastic_negative,0.4983588063817938,model_autofill,True
যারা পেইজের লিংক খুঁজছিলেন তাদের জন্য দিলাম গিয়ে ফলো করে আসুন,,,,Positive,0.4479831796522185,model_autofill,True
আগামী ২৪ ঘন্টার মধ্যে ২ লক্ষ + ফলোয়ার পাবে,,,,Negative,0.5069302324413704,model_autofill,False
ইন্ডিয়ার কপি,,,,Sarcastic_negative,0.3788781198629848,auto_second_pass_kept,True
https://www.facebook.com/bdpmoffice,,,,Neutral,0.8669312446314986,model_autofill,False
আসল পেজ লিংক,,,,Sarcastic_negative,0.4851282433405408,model_autofill,True
SB Khan Sunamganj er vobisost,,,,Neutral,0.3897691187094917,auto_second_pass_kept,True
Md Mosarrof Hossen Vai,,,,Sarcastic_negative,0.4127345538962222,model_autofill,True
ধন্যবাদ দিয়ে ছোট করবেন না এই নেন লিঙ্ক।,,,,Positive,0.5936613396897641,model_autofill,False
Batpari charo,,,,Sarcastic_negative,0.3617372983350487,auto_second_pass_kept,True
পেইজের লিংক:https://www.facebook.com/share/17zL7JHUw6/,,,,Neutral,0.859737999135218,model_autofill,False
কি করবে জানি না তবে নৌকায় দান আনবে জে বাবে নি এন পিতে জোগ দিছে আওয়ামী লীগ,,,,Negative,0.3965641396392913,model_autofill,True
আই লাভ ইউ,,,,Sarcastic_negative,0.3798767565549419,auto_second_pass_kept,True
মানুষকে পজিটিভ মাইন্ডেড হতে হবে।,,,,Neutral,0.6589860797135203,model_autofill,False
Prime minister er sob update er junno https://www.facebook.com/share/1CJoFaRVzh/,,,,Neutral,0.9061422244287684,model_autofill,False
এই একই নামে একই ছবি ব্যবহার করা প্রায় শখানেক আইডি আছে অরজিনাল কোনটা বোঝায় মুশকিল,,,,Negative,0.4666123992694416,model_autofill,True
আলহামদুলিল্লাহ,,,,Positive,0.6938070689355245,model_autofill,False
আমার নেতা,,,,Negative,0.6930292399354088,model_autofill,False
"আলহামদুলিল্লাহ। রাস্তা , নদী খাল, বিল পরিস্কার পরিচ্ছন্ন রাখা খুবই প্রয়োজন",,,,Positive,0.4938912054265931,model_autofill,True
Romjane khabarer mullo koman,,,,Sarcastic_negative,0.3877120489422758,auto_second_pass_kept,True
শুভ কামনা নতুন সরকার এর জন্য,,,,Sarcastic_negative,0.4672774362008023,model_autofill,True
মাননীয় প্রধানমন্ত্রী আসসালামুয়ালাইকুম রমজানের শুভেচ্ছা রইল,,,,Negative,0.2996844348996347,auto_second_pass_kept,True
"দয়াকরে দলের নেতা কর্মীদের কাজের ব্যবস্থা করুন,",,,,Positive,0.6664682099542109,model_autofill,False
"নাহলে রাজনীতি ব্যবসা হবে। চাঁদাবাজি টেন্ডারবাজি ঘুস দিয়ে তাদের পরিবার চলবে, আপনার দল রসাতলে যাবে বুঝে নিতে হবে।",,,,Neutral,0.5251944715466078,model_autofill,False
সাওয়া আপডেট নিয়ে দিব,,,,Sarcastic_negative,0.4331667608259046,model_autofill,True
সকল জেলায় দলের নামধারী পাতি নেতা থেকে শুরু করে বিভিন্ন স্তরের পদধারী ব্যাক্তি সহ দলীয় নেতা কর্মীর ছত্রছায়ায় অন্য দলের যে সকল ব্যাক্তি যারা ৫ই আগষ্ট পরবর্তী চাঁদাবাজী করছে বা করে দলের সন্মান ক্ষুণ্ন করছে এখনই তাদের বিরুদ্ধে ব্যাবস্থা নেয়া অত্যন্ত জরুরী।,,,,Negative,0.4646163460476544,model_autofill,True
"এছাড়াও আদালতে রাষ্ট্র পক্ষের আইনজীবী সহ বিভিন্ন অফিস, সরকারি - বেসরকারি প্রতিষ্ঠানে সরকার কর্তৃক বিভিন্ন পদে নিয়োগের ক্ষেত্রে অবশ্যই NSI, DGFI সহ অন্যান্য গোয়েন্দা সংস্থার মাধ্যমে ঐ সকল পেশাজীবী সংস্থা বা প্রতিষ্ঠানের যোগ্য ব্যক্তিদের শিক্ষা, পেশাগত দক্ষতা, যোগ্যতা, সামাজিক অবস্থান, ব্যাক্তিত্ব সর্বোপরি তার বিগত বছর গুলো ও বর্তমান কর্মকান্ড বিবেচনায় এনে নিয়োগ দেয়া উচিৎ হবে।",,,,Positive,0.3585050386666137,auto_second_pass_kept,True
মাশা-আল্লাহ,,,,Negative,0.7025890278432165,model_autofill,False
আমার ফ্যামেলি কার্ড কই,,,,Negative,0.5833163514939653,model_autofill,False
আপনাকে স্বাগতম,,,,Sarcastic_negative,0.4874506383706788,model_autofill,True
ওকে সাথে আছি সবসময়,,,,Negative,0.5249252745461671,model_autofill,False
আমি ফলো দিমু না,,,,Negative,0.5444407150898456,model_autofill,False
ফেসবুক আইডির নাম যদি দেওয়া হতো নতুন খাম্বা সরকার,,,,Sarcastic_negative,0.366305586514849,auto_second_pass_kept,True
Alhamdulillah,,,,Positive,0.4245513807349363,model_autofill,True
মাননীয় প্রধানমন্ত্রী জনাব তারেক রহমান।,,,,Positive,0.6125646739250892,model_autofill,False
সৃজনশীল চেতনার জয়গানে বিকশিত বিজয়ের মহান।,,,,Positive,0.3244290612606411,auto_second_pass_kept,True
সাধারণ মানুষের মুক্তির দাবিতে এগিয়ে যাওয়া অসাধারন জীবনের জয়গান।,,,,Sarcastic_negative,0.379872989057242,auto_second_pass_kept,True
দরিদ্র নিষ্পেষিত গণমানুষের অধিকার আদায়ের লক্ষ্যে এগিয়ে যাওয়া,,,,Negative,0.3136002945357221,auto_second_pass_kept,True
সাবাস বাংলাদেশ,,,,Positive,0.5059369987359905,model_autofill,False
নতুন সূর্যোদয় পুবের আকাশে শান্তির স্নিগ্ধ রৌদ্র রঙিন,,,,Sarcastic_negative,0.4957097818667419,model_autofill,True
জনতার বিজয়ের উচ্ছ্বাস।,,,,Sarcastic_negative,0.310414078767692,auto_second_pass_kept,True
ত্যাগীনেতাদের মূল্যায়ন না করলে আর ত্যাগী নেতা জন্ম নিবে না।,,,,Positive,0.7428622364131284,model_autofill,False
Congratulations,,,,Neutral,0.3593529423860853,auto_second_pass_kept,True
৫ আগস্ট এর পরে বাংলাদেশ জামায়েত ইসলামের নায়েবে আমির কামরুজ্জামান জলঢাকা উপজেলা শাখা ও জাতীয়তাবাদী স্বেচ্ছাসেবক দলের আহ্বায়ক শাহজাহান কবির লেলিন প্রেসক্লাব জলঢাকা দখল করে নিয়েছে দুই দলের দুইজন নেতৃত্ব দিচ্ছে তাহলে এখানে যারা গণমাধ্যম কর্মী রয়েছে তারা কতটুকু স্বাধীন ভাবে কাজ করতে পারবে প্রেসক্লাব টি উদ্ধার করে জনস্বার্থে কাজ করার সুযোগ করে দিবেন,,,,Negative,0.4232354273898693,model_autofill,True
দেশ গণতন্ত্রের দিকে হাঁটছে। এটাই জনগণ চেয়ে ছিল।,,,,Sarcastic_negative,0.3269958839159207,auto_second_pass_kept,True
বাংলাদেশের মানুষের কিমরি আছে। কেউ কোন উস্কানিমূলক কথা না বলে দেশটার জন্য দেশের সরকারের জন্য দোয়া করেন আল্লাহ যেন সুন্দর ভাবে চালানোর তৌফিক দান করে,,,,Positive,0.9038757805873404,model_autofill,False
সফলতা অর্জনের জন্য দুয়া এবং নিরন্তর শুভ কামনা।,,,,Positive,0.4762089085616041,model_autofill,True
ফল গাছ লাগাতে হবে,,,,Neutral,0.8664798478804137,model_autofill,False
"মাননীয় প্রধানমন্ত্রী আসসালামু আলািকুম --প্রতিটি ওয়ার্ডে নেতাদের উৎপাত, মস্তানি, চাদবাজি, হিংসা,বিদ্বেষ নিয়ন্ত্রনে সোচ্চার হতে হবে।তাইলে নিরাপদ বাংলাদেশ গঠন নিশ্চিত হবে। আপনার জন্য শুভ কামনা রইল।",,,,Neutral,0.3978316872006588,model_autofill,True
বেশ ভালো।,,,,Sarcastic_negative,0.3603160420065213,auto_second_pass_kept,True
বাংলাদেশের সাধারণ অসহায় মানুষদের সঠিক বিচার এর অধিকার পাওয়ার জন্য ঘুষ মুক্ত আইন করবেন এবং বেকার যুবকদের কর্মসংস্থান সৃষ্টির মাধ্যমে বেকারত্ব দূরকরন করবেন।,,,,Positive,0.6654999099158203,model_autofill,False
"I Have A Plan.. রাষ্ট্রকে সুন্দর ও উন্নয়নের লখ্যে পূর্ব পরিকল্পনা করে পরিকল্পিত কাজ গুলো যতই বড় ও কঠিন হোক না কেন, ওই কাজগুলোকে ক্ষুদ্র করে বাস্তবায়নের লক্ষ্যে যাত্রা শুরু করলে কোন কাজই কঠিন না। ঠিক একটা সময় পরিকল্পিত কাজ গুলা বাস্তবে রূপ নিলে অনেক বড় দৃশ্যমান হবে !!! আপনার I Have A plan Success...",,,,Negative,0.501642159709354,model_autofill,False
আমার লেখাটি মাননীয় প্রধানমন্ত্রী বরাবর।,,,,Positive,0.3779768223456813,auto_second_pass_kept,True
বেকার সমস্যা দুর করুন । দেশের প্রতি টি ইউনিয়ন এ তিন জন করে নিকাহ রেজিস্ট্রার নিয়োগ গ্রেজেট প্রকাশ করুন । এতে প্রায় বার হাজার লোকের কর্মসংস্থান সৃষ্টি হবে । একজন কে কোটি পতি না বানিয়ে বার হাজার লোকের পরিবারের চলার ব্যবস্থা করুন । তিন জন কাজী সাহেবই খুব ভালো ভাবে চলতে পারবে ।,,,,Positive,0.4920229194305877,model_autofill,True
"জনাব তারেক রহমান প্রধানমন্ত্রী হয়েছেন এটা তার প্রাপ্য ছিল , এখন দেখার বিষয় হলো তার কর্মের মধ্যে দিয়ে তিনি কতটুকু সম্মান ধরে রাখতে পারেন তার এবং তার প্রাপ্তির।",,,,Positive,0.808877989662235,model_autofill,False
ইনকিলাব ইনকিলাব জিন্দাবাদ জিন্দাবাদ,,,,Positive,0.4169639402627675,model_autofill,True
পেজের লিংটা দেন আশছেনা সাচ করলে,,,,Negative,0.3545042964710358,auto_second_pass_kept,True
"আমার এলাকার নতুন পাকা রাস্তা দরকার,তার জন্য এই যুগের যোগ্য ব্যক্তিকে সিলেট করেছি",,,,Negative,0.516941975984085,model_autofill,False
তার মানে দালালী আর তৈল মারা আজকে থেকে শুরু?,,,,Negative,0.400786889846174,model_autofill,True
অভিনন্দন,,,,Negative,0.3759255274060409,auto_second_pass_kept,True
সবার আগে ইনডিয়ায়,,,,Positive,0.5281422180114278,model_autofill,False
"মাননীয় প্রধানমন্ত্রী আমি বলব ,",,,,Positive,0.3207753405390469,auto_second_pass_kept,True
আপনার প্রার্থীরা যেখানে স্বতন্ত্রের কাছে পরাজিত হয়েছে সেখানে আপনার দলের ভিতরে ভীষণ কোনদল আছে আগে আপনার দল গোছান স্বার্থলোভী নেতাদেরকে সাংগঠনিক ব্যবস্থা গ্রহণ করুন নয়তো এরা দলের ভিতরে ভিশন ক্ষতি করবে।,,,,Negative,0.7406813671219534,model_autofill,False
Manonio prodan muntri amar salam niben amiakjon hotobaga shotonto ibtedai madrashar sikkok jemadrashay duke amar jibontai duke duke ses karon bina betone aj 40 bosor tai apnar kase amar abedon madrasha kulor betoner bebosta korben.,,,,Neutral,0.4002743690342458,model_autofill,True
এতো নিউস দেন দুবাই ভিসার জন্য কিছু একটা বলেন,,,,Sarcastic_negative,0.484956071796908,model_autofill,True
ওয়েলকাম,,,,Sarcastic_negative,0.4132203943346574,model_autofill,True
বস সিল্ট্র,,,,Sarcastic_negative,0.4529165408602039,model_autofill,True
গুড জব করতেছেন,,,,Sarcastic_negative,0.6772239287228231,model_autofill,False
শুধু লিখিত আর মৌখিক আপডেট দিলে হবে না প্রতি টা কাজ বাস্তবায়ন করে আপডেট দেওয়ার চেষ্টা করবেন মাননীয় প্রধানমন্ত্রী বর্তমান ১কেজি লেবুর দাম ১৮০/২০০৳,,,,Positive,0.4962151727212842,model_autofill,True
সবার আগে বাংলাদেশ,,,,Positive,0.8256836474469921,model_autofill,False
www.facebook.com/bdpmoffice,,,,Neutral,0.805102372649706,model_autofill,False
সবার আগে বাংলাদেশ কে রিন মুক্ত করুন,,,,Positive,0.8727528619704513,model_autofill,False
https://www.facebook.com/share/v/1Gtm3boqP6/,,,,Neutral,0.8894254880317428,model_autofill,False
https://www.facebook.com/reel/4251151001765163/?app=fbl,,,,Neutral,0.8821390467584636,model_autofill,False
facebook.com/bdpmoffice,,,,Neutral,0.6821283774647722,model_autofill,False
Facebook.com/bdpmoffice,,,,Neutral,0.6821283774647722,model_autofill,False
Md. Mahmudul Hasan Limon,,,,Sarcastic_negative,0.4286280028750829,model_autofill,True
https://www.facebook.com/bdpmof,,,,Neutral,0.8631392599008185,model_autofill,False
https://www.facebook.com/share/r/1AFUT8vmuc/?mibextid=wwXIfr,,,,Neutral,0.88349076126135,model_autofill,False
https://facebook.com/groups/2551717521888672/,,,,Neutral,0.758469936145521,model_autofill,False
https://www.facebook.com/share/1FPQ1bq7uf/,,,,Neutral,0.8894254880317428,model_autofill,False
PMO Bangladesh। প্রধানমন্ত্রীর কার্যালয়,,,,Neutral,0.3624487581082597,auto_second_pass_kept,True
https://www.facebook.com/share/1AHhxTFsPC/,,,,Neutral,0.8894254880317428,model_autofill,False
https://www.facebook.com/share/1LkQavYimK/,,,,Neutral,0.8894254880317428,model_autofill,False
https://www.facebook.com/share/1CzoESVkSo/,,,,Neutral,0.8894254880317428,model_autofill,False
PMO Bangladesh - প্রধানমন্ত্রীর কার্যালয়,,,,Neutral,0.3575941115263737,auto_second_pass_kept,True
https://facebook.com/groups/1215527024070599/,,,,Neutral,0.758469936145521,model_autofill,False
https://www.facebook.com/share/1BtY4MLwkB/,,,,Neutral,0.8894254880317428,model_autofill,False
https://www.facebook.com/share/17ymHd9kB5/,,,,Neutral,0.8894254880317428,model_autofill,False
https://whatsapp.com/channel/0029VaxlJwUDeON4q3rjzG07,,,,Neutral,0.4792335988488706,model_autofill,True
https://www.facebook.com/share/v/189veyWrrd/,,,,Neutral,0.8879339205603947,model_autofill,False
https://www.facebook.com/profile.php?id=61568304275972,,,,Neutral,0.8687958259474239,model_autofill,False
https://www.facebook.com/bdpmoffice link,,,,Neutral,0.8643162110744375,model_autofill,False
সরকারের এমন একটা পেজ খোলা দরকার জাতি যেন তার নিজের ভাষা নিজের ব্যক্তিত্ব প্রকাশ করতে পারে,,,,Negative,0.5905431571240614,model_autofill,False
সত্যিই এমন বয়ান করতে সাহস লাগে https://www.facebook.com/share/v/1AVhwmDXZ1/,,,,Neutral,0.8211148604596419,model_autofill,False
He made a big mistake,,,,Sarcastic_negative,0.4122934773182055,model_autofill,True
আলহামদুলিল্লাহ আলহামদুলিল্লাহ আলহামদুলিল্লাহ আলহামদুলিল্লাহ,,,,Positive,0.6938070689355245,model_autofill,False
In sha Allah,,,,Positive,0.742456421275703,model_autofill,False
ফ্যামিলি কার্ড চুরি নিয়ে ব্যাস্ত পরে কথা হবে।,,,,Neutral,0.5709108260930973,model_autofill,False
"চার দলীয় জোট সরকারের আমলে প্রতিষ্ঠিত, ৯ জানুয়ারী ২০১৩, ঘটনার চক্রে জাতীয়করণ বঞ্চিত, বৈষম্যের স্বীকার বেসরকারি প্রাথমিক বিদ্যালয় সমূহ সরকারিকরণ চাই",,,,Negative,0.5679955712589977,model_autofill,False
ঠিক আছে,,,,Negative,0.4748884621721628,model_autofill,True
তৃণমূল কর্মির য়ারা আরো স্টং করে গড়ে তুলুন দূর সময় তারাই ছিল হাল ধরার লোক,,,,Positive,0.5108285278734767,model_autofill,False
একটা পেজ এখন ২০ টা হবে,,,,Neutral,0.782521577182426,model_autofill,False
so what are you Bangladesh,,,,Sarcastic_negative,0.5985836987247,model_autofill,False
Excellent,,,,Sarcastic_negative,0.3704989337789543,auto_second_pass_kept,True
আমাদের দেশে আইন আছে আইনের প্রয়োগ নেই ।আইনের প্রয়োগ দৃশ্যমান হতে হবে ।,,,,Neutral,0.4337900294387026,model_autofill,True
...।।।.।.।.।.।.।।...।.।।..।.।।..।।.।.।.....।।,,,,Sarcastic_negative,0.4295457094529573,model_autofill,True
আসসালামু আলাইকুম।,,,,Negative,0.4842699009800835,model_autofill,True
ভাইয়া সারাটা দেশ ব্যানারে ভরে আছে যার যার এলাকায় বলে পরিষ্কার করে দেশের পরিবেশ সুন্দর রাখে।,,,,Negative,0.4676542033759023,model_autofill,True
আজ মমতাময়ী খালেদাজিয়া যদি বেঁচে থাকত তাহলে যে খুবই খুশিতে মন ভরে জেত । আমার ছেলে আজ দেশের প্রধানমন্তী হয়েছে ।,,,,Negative,0.4549162351449249,model_autofill,True
আলহামদুলিল্লাহ ইনশাআল্লাহ আমিন,,,,Positive,0.833259784541296,model_autofill,False
Very nice,,,,Sarcastic_negative,0.4208136742021403,model_autofill,True
http://www.facebook.com/bdpmoffice,,,,Neutral,0.8171725121153125,model_autofill,False
ইনশাআল্লাহ এগিয়ে যাবে বহুদূর বহুদূরে,,,,Positive,0.6337609254282293,model_autofill,False
"আজ প্রথম রমজান সাবেক প্রধানমন্ত্রী খালেদা জিয়া এ দিনে এতিমদের সঙ্গে ইফতার করতেন, আজকের প্রধানমন্ত্রী ও প্রথম রোজা এতিমদের সঙ্গে ইফতার করা প্রয়োজন।",,,,Positive,0.5907594300201638,model_autofill,False
এমন কিছু বলেন কিংবা করেন আমাদের অভিযোগ গুলো যাতে শুনতে পারেন! এবং সেই সকল সমস্যা গুলো নিয়ে যেন কাজ করতে পারেন,,,,Sarcastic_negative,0.3627809229627654,auto_second_pass_kept,True
গাজীপুর জেলা মিলন ভাইকে মন্ত্রী হিসেবে দেখতে চাই,,,,Negative,0.3224429659389815,auto_second_pass_kept,True
মাশাল্লাহ,,,,Negative,0.349636455690206,auto_second_pass_kept,True
ফি আমানিল্লাহ,,,,Negative,0.7962736090424751,model_autofill,False
"Congratulations Best Wishes, Go ahead Honorable Prime Minister of Bangladesh",,,,Sarcastic_negative,0.4308043952042198,model_autofill,True
আজ দেশে কয়টা গাছ লাগানো হয়েছে,,,,Sarcastic_negative,0.5127690914022803,model_autofill,False
ইনশাআল্লাহ,,,,Positive,0.8740653254622512,model_autofill,False
ছোট থেকে প্রধানমন্ত্রীর নামটা শুনলে শুধু শেখ হাসিনার কথাই মনে আসে,,,,Positive,0.4692159338237745,model_autofill,True
https://www.facebook.com/profile.php?id=61588490545821,,,,Neutral,0.8687958259474239,model_autofill,False
রিয়েল আইডি।https://www.facebook.com/share/1DQCDit7bZ/,,,,Neutral,0.8786619100927051,model_autofill,False
দ্রব্যমূল্য নিয়ন্ত্রণের জন্য জোর দাবি করছি।,,,,Negative,0.3850218637945588,auto_second_pass_kept,True
সবাই দোয়া করবেন,,,,Positive,0.3945785591075763,auto_second_pass_kept,True
Md Minhajul Islam yes,,,,Sarcastic_negative,0.3859901350903448,auto_second_pass_kept,True
Sobar ahge Bangladesh,,,,Sarcastic_negative,0.5282434475773217,model_autofill,False
"আমরা প্রবাসীদের পক্ষ থেকে অভিনন্দন জানাই, আমাদের প্রবাসীদের পক্ষ থেকে অনুরোধ জানাই সিলেট ওসমানী বিমানবন্দরকে পূর্ণ আন্তর্জাতিক ও বিদেশী বিমান ওঠা নামার অনুমতি চাই কারন বাংলাদেশ বিমান সিলেটের মানুষকে জিম্মি করে রেখেছে ,, ধন্যবাদ",,,,Positive,0.5112317945464576,model_autofill,False
Thanks,,,,Sarcastic_negative,0.5435241426596991,model_autofill,False
আইন শৃঙ্খলা বাহিনীর পরিবার আছে আমরাও জনগন। আপনাদের অন্যায় আবদার ও স্বার্থ চরিতার্থ করতে আমরা আমাদের ভাইদের রক্ত ঝরাতে চাই না,,,,Negative,0.8431516826426338,model_autofill,False
রাজনৈতিক সমস্যা টেবিলে শেষ করুন। আমাদের ব্যবহার থেকে বিরত থাকুন।,,,,Negative,0.4872319147408324,model_autofill,True
"মাননীয়, প্রধানমন্ত্রী নিরীহ বিডিআর সদস্যদের সম্পূন সুযোগ সুবিধা সহ চাকরিতে পূর্ণবহাল চাই। ১৭ বছর বিনা অপরাধের অপবাদ নিয়ে জীবন জৈবন নি:শেষ করেছি। ধন্নবাদ আপনাকে",,,,Sarcastic_negative,0.5732227471034853,model_autofill,False
তবে জানি না এটা প্রধানমন্ত্রী পড়তে পারবেন না অন্য কেউ পড়ে শোনাবেন আমাদের গাজীপুর কাপাসিয়া ধানের শীতের যত ভোর্ট পাইছে তার চাইতে বেশি নেতা ছিল তাহলে নেতার বাড়্ঁ,,,,Negative,0.5737681331326999,model_autofill,False
্্্্্ৃমভোট গেল কই কারণ হলো এই থানায় কোন কলকারখানাই কাজ নাই,,,,Negative,0.6571015440217719,model_autofill,False
Jajakhalla,,,,Sarcastic_negative,0.390234677190373,auto_second_pass_kept,True
Right,,,,Sarcastic_negative,0.4093940743400722,model_autofill,True
ভারতের সাথে মিল আছে,,,,Negative,0.69992645891062,model_autofill,False
ভাই কি দরকার এসব শান্তি তে দেশ গড়ো। পারলে সাহায্য করেন।,,,,Positive,0.3989631393263149,model_autofill,True
"ইনশাআল্লাহ,,",,,,Positive,0.855405123774425,model_autofill,False
"মাননীয় পররাষ্ট্রমন্ত্রী মহোদয় সমীপেষু,",,,,Sarcastic_negative,0.3100287172639235,auto_second_pass_kept,True
​বিষয়: আইনের শাসন প্রতিষ্ঠা ও সন্ত্রাসমুক্ত বাংলাদেশ গড়ার আহ্বান।,,,,Positive,0.3789299673829747,auto_second_pass_kept,True
"​শ্রদ্ধেয় মহোদয়,",,,,Sarcastic_negative,0.3736666073661892,auto_second_pass_kept,True
বিগত ২৪-এর গণঅভ্যুত্থানের পর আমরা একটি বৈষম্যহীন ও নিরাপদ বাংলাদেশের স্বপ্ন দেখছি। এই স্বপ্ন বাস্তবায়নে আপনার বলিষ্ঠ ভূমিকা আমাদের আশাবাদী করে। এই প্রেক্ষাপটে জননিরাপত্তা রক্ষায় আমি নিম্নোক্ত বিষয়গুলো আপনার সদয় নজরে আনতে চাই:,,,,Negative,0.8148500130126675,model_autofill,False
"​সন্ত্রাস দমনে জিরো টলারেন্স: অতীতের উদাহরণ টেনে বলতে চাই, সাবেক প্রধানমন্ত্রী খালেদা জিয়ার শাসনামলে সন্ত্রাস দমনে কঠোর পদক্ষেপ নেওয়া হয়েছিল। বর্তমান সময়েও প্রত্যাশা করি, দলমত নির্বিশেষে যেকোনো সন্ত্রাসী, চাঁদাবাজ বা বিশৃঙ্খলাকারীকে শুরুতেই আইনের আওতায় আনা হবে। অপরাধীর কোনো রাজনৈতিক পরিচয় থাকা উচিত নয়।",,,,Positive,0.3685151209904029,auto_second_pass_kept,True
​চাঁদাবাজি ও হয়রানি বন্ধ: নির্বাচনের সময় বা সাধারণ কেনাকাটায় সাধারণ মানুষ প্রায়ই চাঁদাবাজির শিকার হয়। এই সংস্কৃতি বন্ধে প্রশাসনের জিরো টলারেন্স নীতি জরুরি।,,,,Sarcastic_negative,0.5478122568129882,model_autofill,False
"​মব জাস্টিসের বিচার: ২৪-এর গণঅভ্যুত্থান পরবর্তী সময়ে যারা আইন নিজের হাতে তুলে নিয়েছে বা 'মব' তৈরি করে অরাজকতা সৃষ্টি করেছে, তাদের প্রতিটি ঘটনার সুষ্ঠু তদন্ত ও বিচার হতে হবে।",,,,Neutral,0.3858346447655781,auto_second_pass_kept,True
"​আইনের শাসন প্রতিষ্ঠিত হলেই মানুষ এই স্বাধীনতার সুফল ভোগ করতে পারবে। আশা করি, আপনার নেতৃত্বে সরকার সাধারণ মানুষের নিরাপত্তা নিশ্চিত করতে এবং একটি জবাবদিহিমূলক রাষ্ট্র গঠনে কঠোর অবস্থান নেবে।",,,,Negative,0.438882318521046,model_autofill,True
"​বিনীত,",,,,Sarcastic_negative,0.3558112103183989,auto_second_pass_kept,True
আনোয়ার আলমগির,,,,Negative,0.3910283686117378,auto_second_pass_kept,True
একজন সচেতন নাগরিক।,,,,Sarcastic_negative,0.3099079078135516,auto_second_pass_kept,True
আই সি টি কে আধুনিকায়ন করেছে আমাদের জয়,,,,Positive,0.4323702872959726,model_autofill,True
তারি ধারাবাহিকতায় সেই সুফল গ্রহন করছে বাঙালিরা এটা ভাল দিক,,,,Negative,0.638804464546398,model_autofill,False
"বৃক্ষ রোপণ অভিযানে ২০ কোটি খেজুর গাছ লাগান হোক, মানুষ বিশুদ্ধ খেজুর গুড় খেতে পারবে।সাংবাদিক ভাইদের খেজুর গাছ লাগানোর আন্দোলন সৃষ্টির জন্য মিডিয়া জনমত সৃষ্টির অনুরোধ জানাচ্ছি",,,,Negative,0.4150948674635677,model_autofill,True
কপিকুর ও একটা খুলবে।,,,,Sarcastic_negative,0.4778432839084052,model_autofill,True
সবাই কি ৫০ কোটি গাছ রোপণের কথা ভুলে গেছো?,,,,Positive,0.702513363212734,model_autofill,False
ধন্যবাদ,,,,Positive,0.7331706743843098,model_autofill,False
লিংক কই,,,,Negative,0.3531316624600794,auto_second_pass_kept,True
মাননীয় প্রধানমন্ত্রী এদেশের প্রধান সমস্যার মধ্যে একটি সমস্যা হলো বিভিন্ন নেতাকর্মীরা ক্ষমতা দেখিয়ে থানাকে ব্যবহার করে সাধারণ মানুষ কে হয়রানি করা হয়। আশা করি বিষয়টি দৃষ্টিগোচর হবে। ধন্যবাদ আপনাকে বাংলাদেশের প্রধানমন্ত্রী হওয়ায়।,,,,Positive,0.8189911025317319,model_autofill,False
"রংপুর ৪ এ এমদাদুল হক ভরসা ভাই কে কি করবেন আপনারা বলেন, অনি তো এমপিতে পাশ তাহলে, অনাকে দেয়া হলো না",,,,Sarcastic_negative,0.5372019699773751,model_autofill,False
Thanks Honourable PMOB.,,,,Sarcastic_negative,0.5327844921413638,model_autofill,False
https://www.facebook.com/share/g/14RH7ijCMfU/,,,,Neutral,0.8894254880317428,model_autofill,False
এমপিওভুক্ত সবাই কে প্রশাসনিক পদে আবেদন করার সুযোগ দেওয়া হউক,,,,Negative,0.372533519742957,auto_second_pass_kept,True
Sadia Islam,,,,Sarcastic_negative,0.3963499541362027,auto_second_pass_kept,True
এই নামে হাজার হাজার আইডি,,,,Negative,0.833963500296054,model_autofill,False
ওয়েলকাম।,,,,Sarcastic_negative,0.4132203943346574,model_autofill,True
thanks,,,,Sarcastic_negative,0.5435241426596991,model_autofill,False
https://www.facebook.com/bdpmofince,,,,Neutral,0.8648018914092611,model_autofill,False
আসসালামু আলাইকুম প্রিয় লিডার আপনার নিরাপত্তা ১০০% ঠিক রাখবেন সবসময়। আপনার দিকে তাকিয়ে আছে ১৮ কোটি মানুষ। আল্লাহ আপনার সহায় হউক।,,,,Sarcastic_negative,0.4178670778391857,model_autofill,True
"অলরেডি সেম নামে অনেকগুলি আইডি খোলা হয়েছে,, আলহামদুলিল্লাহ বাংলাদেশ বলে একটা কথা।",,,,Positive,0.8808041237976996,model_autofill,False
"এখানে নতুন কিছু বের হবে আর সেটার ফ্যাক তৈরি হবে না আবার নকল তৈরি হবে না , এটা কিছুতেই হতে পারে না।।",,,,Neutral,0.8619046747178488,model_autofill,False
"দয়া করে এর মধ্যে কোনটা দিতে হবে না, জানাবেন, সরকারি নির্দেশনা মোতাবেক!",,,,Neutral,0.5881834776191281,model_autofill,False
https://www.facebook.com/share/v/1ZN1nAmtWj/,,,,Neutral,0.8894254880317428,model_autofill,False
ইতিমধ্যে অনেক গুলো ফেক পেইজ ও খোলা হয়েছে। আরজিনার পেইজ PMO Bangladesh - প্রধানমন্ত্রীর কার্যালয়,,,,Negative,0.3147502651030442,auto_second_pass_kept,True
ওরজিনাল পেইজ https://www.facebook.com/share/1FHZYXCpvY/,,,,Neutral,0.8607125208451216,model_autofill,False
https://www.facebook.com/share/1BsLWHEttL/,,,,Neutral,0.8894254880317428,model_autofill,False
বিস্তারিত সংবাদ আগামী বছর,,,,Sarcastic_negative,0.4481970367281638,model_autofill,True
"আজকে ২,৭৩,০০০ টা গাছ লাগানো আর ১১ কিমি খাল খনন করার কথা ছিলো!!!",,,,Positive,0.7785635909860774,model_autofill,False
কতটুকু হইলো?,,,,Sarcastic_negative,0.4977815720386042,model_autofill,True
আমার পেইজটা একটু প্রমোট করে দেন দাদা,,,,Negative,0.3586502828637465,auto_second_pass_kept,True
www.facebook.com/bdpmooffice,,,,Neutral,0.805102372649706,model_autofill,False
https://www.facebook.com/share/v/1DJvTWi9bU/,,,,Neutral,0.8894254880317428,model_autofill,False
সংবিধান অনুযায়ী এই সরকার কি বৈধ হবে ?,,,,Neutral,0.7695546793246862,model_autofill,False
https://www.facebook.com/profile.php?id=61588114783697,,,,Neutral,0.8687958259474239,model_autofill,False
দরকার বলে মনে করিনা,,,,Positive,0.6410674307118727,model_autofill,False
এই নামে ১০০/২০০ পেইজ খোলা হয়েগেছে দেখেন,,,,Sarcastic_negative,0.3470259195400029,auto_second_pass_kept,True
এটা রিয়েল https://www.facebook.com/share/1Ag5QYzkS4/,,,,Neutral,0.8505105443092659,model_autofill,False
Copy paste for India,,,,Sarcastic_negative,0.4474950457564421,model_autofill,True
Congratulation.,,,,Neutral,0.3593529423860853,auto_second_pass_kept,True
https://www.facebook.com/shakil.mahmud.771765,,,,Neutral,0.8683197231449508,model_autofill,False
#TopFans,,,,Sarcastic_negative,0.4643525129449028,model_autofill,True
এটা অফিসিয়ালি পেজ নয়। এটা একটা মিম পেজ।,,,,Positive,0.3416435813944346,auto_second_pass_kept,True
Eyda tu official page na,,,,Neutral,0.4438278619199618,model_autofill,True
মসজিদের ইমাম খতিবদের বেতনের কথা দিয়েছিলেন দেখি কেমন পালন করেন।,,,,Positive,0.503796539964191,model_autofill,False
PMO Bangladesh,,,,Sarcastic_negative,0.533198418006047,model_autofill,False
PMO India,,,,Sarcastic_negative,0.462926296383557,model_autofill,True
@PMO_Bangladesh,,,,Sarcastic_negative,0.533198418006047,model_autofill,False
(I have a plan) nice plan,,,,Sarcastic_negative,0.4361713329471275,model_autofill,True
Indian copy,,,,Sarcastic_negative,0.4752814688277723,model_autofill,True
Parves Hasan আগামীর নান্দাইল এর ভবিষ্যৎ,,,,Sarcastic_negative,0.6850749574328739,model_autofill,False
New content creator,,,,Sarcastic_negative,0.386716327611741,auto_second_pass_kept,True
লাগবে না,,,,Negative,0.3240611732834967,auto_second_pass_kept,True
অসাধারণ,,,,Sarcastic_negative,0.5106039500169225,model_autofill,False
https://www.facebook.com/share/1DroTTWtGy/,,,,Neutral,0.8924106603430114,model_autofill,False
https://www.facebook.com/share/174Abw23AP/,,,,Neutral,0.8894254880317428,model_autofill,False
https://www.facebook.com/share/1APqqdA2T1/,,,,Neutral,0.8894254880317428,model_autofill,False
ব্যক্তিগত পার্সোনাল আইডি,,,,Sarcastic_negative,0.3469918167038752,auto_second_pass_kept,True
এড়িয়ে চলুন সবাই,,,,Negative,0.4330084768395439,model_autofill,True
ইঞ্জিনিয়ার তারেক রহমানকে অভিনন্দন,,,,Negative,0.4098784422609899,model_autofill,True
https://www.facebook.com/share/1DWwkYEkRv/,,,,Neutral,0.8894254880317428,model_autofill,False
https://www.facebook.com/remon.sarder.6584?mibextid=ZbWKwL,,,,Neutral,0.8759305698463559,model_autofill,False
খাম্বা,,,,Sarcastic_negative,0.5553410453757377,model_autofill,False
https://m.facebook.com/story.php?story_fbid=122131430247013218&id=61580396558725&mibextid=Nif5oz,,,,Neutral,0.7076981704342545,model_autofill,False
খাম্বার মেয়ে জমিলা রহমান,,,,Sarcastic_negative,0.3258641846307761,auto_second_pass_kept,True
যাই একটা ফলো দিয়ে আসি!,,,,Negative,0.4211663468244253,model_autofill,True
এতো আপডেট দিয়া কি হবে।। জনগণ গরীবই থাকবে,,,,Neutral,0.4268140463478971,model_autofill,True
আলহামদুলিল্লাহ আলহামদুলিল্লাহ ভাই,,,,Positive,0.7006486122148605,model_autofill,False
ফাস্ট ফলোয়ার,,,,Sarcastic_negative,0.3759446922568076,auto_second_pass_kept,True
https://www.facebook.com/photo.php?fbid=122095943745276357&set=a.122095943775276357&type=3&app=fbl,,,,Neutral,0.8645670287399203,model_autofill,False
আচ্ছা।,,,,Sarcastic_negative,0.5215845012112403,model_autofill,False
Page a follow,,,,Sarcastic_negative,0.4412849777459948,model_autofill,True
like diye dilam,,,,Sarcastic_negative,0.4108793802571982,model_autofill,True
কিসে পাবো,,,,Sarcastic_negative,0.5659319111611418,model_autofill,False
ফেসবুক আইডিতে ব্লু টিক নিলে ইনবক্সে করুন এখনই ৩৮ টাকায়,,,,Positive,0.4848413768927763,model_autofill,True
মানুষ আজ উন্নয়নের পরিকল্পনা করছে ।,,,,Negative,0.5067534146603415,model_autofill,False
"একটা মানুষ দেশের জন্য কাজ করবে। তিনি দেশের প্রতিনিধি তার সব গতি, কার্যক্রম ও রাজনৈতিক অবস্থা কিছু দিন দেখে তারপর আপনার আজেবাজে মন্তব্য করেন। সুযোগ দেন ভালো কাজে সবাই সাপোর্ট করুন।",,,,Positive,0.6544035487400655,model_autofill,False
দেশ কারো একার না আমাদের সবার। সুতরাং নিজের মন মানষিকতা পরিবর্তন করেন। প্রধানমন্ত্রী তারেক রহমান যেহেতু কার্যক্রম ভালো ভাবে শুরু করছে এটা কিছু মাস দেখি। দেশপ্রেম থাকা জরুরি,,,,Positive,0.5466657401632274,model_autofill,False
PMO Bangladesh প্রধানমন্ত্রী কার্যালয়,,,,Neutral,0.3662823664248791,auto_second_pass_kept,True
তার মানে এই পেজ টা তুরা চালাস?,,,,Negative,0.8210641992946354,model_autofill,False
প্রধানমন্ত্রীর টা তো ভেরিফাই করা,,,,Positive,0.4342224243415823,model_autofill,True
এবং সেটাতে ফলোয়ার এক মিলিয়ন এর কাছাকাছি,,,,Sarcastic_negative,0.5164912356464244,model_autofill,False
এটা কি প্রতারণা না?,,,,Negative,0.5167443202892414,model_autofill,False
চুদনা জাতি পেয়ে ফলোয়ার বাড়ানোর ধান্দা?,,,,Sarcastic_negative,0.4847486405845919,model_autofill,True
বিদেশে গিয়ে Vigo Life এর মাধ্যমে জুয়া খেলে কোটি কোটি টাকা নষ্ট করছে। বাংলাদেশ থেকে বিদেশ গিয়ে ওই টাকা মেয়েদের পিছনে খরচ করতেছে। আর তাতে ওই টাকা গুলো বাংলাদেশে আর পাঠাতে পারছে না। এতে দেশের অনেক ক্ষতি হচ্ছে। আর এই Vigo Life এর কারণে মেয়েরা টাকা লোভে পোরে নিজেদের ইজ্জত বিলিয়ে দিচ্ছে। এই ভাবে অনেক সংসার নষ্ট হয়ে গিয়েছে। আপনারা দেশটা বাচান। আপনারা সবাই মিলে আমার পাশে একটু দারান। আমি একা একা আর এগিয়ে যেতে পারছি না। আপনার একটা পোষ্ট ও শেয়ার এর জন্য অনেক গুলো পরিবার বেচে যাবে।,,,,Positive,0.436742569152958,model_autofill,True
আলহামদুলিল্লাহ্,,,,Positive,0.658269644730244,model_autofill,False
"৭১এর ঘাতক রাজাকার জামায়াত শিবিরের মব ডিজাইন,ধ্বংস হয়েছে।",,,,Sarcastic_negative,0.3833435763344245,auto_second_pass_kept,True
সবিই মিথ্যা কথা বলবে এখানে,,,,Positive,0.5086374274281801,model_autofill,False
লিংকঃ,,,,Sarcastic_negative,0.389034562585046,auto_second_pass_kept,True
বিএনপি র পা চাটা গোলাম,,,,Negative,0.9662001165432752,model_autofill,False
ভোটচুরির কাজালয় হবে,,,,Neutral,0.9944292379248696,model_autofill,False
আমাদের দেশে হবে সেই ছেলে কবে,,,,Neutral,0.8240452173507967,model_autofill,False
কথায় না বড়ো হয়ে কাজে বড়ো হবে,,,,Neutral,0.3942922367643656,auto_second_pass_kept,True
কথা আর কাজে যাতে মিল থাকে,,,,Positive,0.9035808746749524,model_autofill,False
যদি কথায় কাজে মিল থাকে তাহলে স্যালুট আপনাদেরকে।।।,,,,Negative,0.5266163112306018,model_autofill,False
বাস্তবায়ন দেখতে চাই তাহলে তুমিই হবে বাংলার রিয়াল হিরো।,,,,Neutral,0.7234910169877317,model_autofill,False
জামাতের বুকে কাঁপন ধরানোর জন্য এক ইশরাক-ই যথেষ্ট!।,,,,Sarcastic_negative,0.4969251722747574,model_autofill,True
সেলুট ক্যাপ্টেন ।।।্।।।,,,,Sarcastic_negative,0.4339681072630777,model_autofill,True
কথায় নয় কাজে দেখত চাই। তাইলে এই দেশ সোনার বাংলা হবে,,,,Positive,0.4471671133211721,model_autofill,True
"সাবাশ! এদেশ আপনাদের মত নেতা চায়, সুযোগ আসছে মহান নেতা হওয়ার",,,,Sarcastic_negative,0.4069974823633704,model_autofill,True
কথায় কাজে মিল থাকলে হাজার শুকরিয়া,,,,Positive,0.5851833681585463,model_autofill,False
বয়ানের সাথে কাজের মিল থাকলেই হলো।,,,,Sarcastic_negative,0.4563118964372437,model_autofill,True
যুদ্ধ কী শুধু ফেইসবুকে?,,,,Sarcastic_negative,0.4219962612592235,model_autofill,True
"পৃথিবী একটি নাট্যমঞ্চ,",,,,Sarcastic_negative,0.5135136461402677,model_autofill,False
বাংলাদেশ তার সদর দপ্তর।,,,,Positive,0.6219941782840579,model_autofill,False
বাস্তব হলে দোয়া ককরব,,,,Negative,0.4053152739171753,model_autofill,True
আপনার এ কথার জন্য ৫ বছর শেষে বাহবা দিবো ইনশাআল্লাহ যদি কথা ও কাজে মিল পাই আপাতত ঘোষণা দেওয়ার জন্য ধন্যবাদ।,,,,Positive,0.9141319951084612,model_autofill,False
কথায় না কাজে বড় হতে হবে শ্রদ্বিও মানোনিও সাহেব,,,,Neutral,0.5205951983769112,model_autofill,False
এইতো ইসরাক ভাই এই কথাই তো শুনতে চাইছিলাম। আপনার হুংকার শুনে খুবই ভালো লাগলো জনগণের পক্ষে থাকবেন সাপোর্ট পাবেন।,,,,Sarcastic_negative,0.53413765082417,model_autofill,False
congratulations. কথা টা শুনে আত্তা ঠান্ডা হয়ে গেল। যদি এই কথাই সত্য হয় তাহলে আর ভোট চাওয়া লাগবে না। জনগন বাসাই গিয়ে ভোট দিয়ে আসবে।,,,,Positive,0.6661830314562236,model_autofill,False
কিন্তু বাস্তবে দেখছি সকল জিনিসপত্র দাম ১ম রোযাতেই বেড়ে গেলো,,,,Negative,0.4062410574617524,model_autofill,True
"এমন নেতা আমরা বাংলাদেশে চাই,",,,,Negative,0.4825382804311544,model_autofill,True
সে যে দলেরই হোক।,,,,Negative,0.6597424528805386,model_autofill,False
তোমার এই যুদ্ধে আমরাও তোমার সাথে আছি ইনশাল্লাহ।,,,,Negative,0.9200117984688164,model_autofill,False
এই কথা জন্য আপনাকে অনেক ধন্যবাদ,,,,Positive,0.7540751032917254,model_autofill,False
এই ধরনের নেতারই দরকার বাংলাদেশে সে যে দলেরই হোক,,,,Negative,0.488738088539311,model_autofill,True
কথা কাজে যেন মিল থাকে।,,,,Positive,0.7900968816802487,model_autofill,False
ট্রাম্পের শান্তি প্রতিষ্ঠার মত কথা.....!!!!,,,,Positive,0.5733616262132971,model_autofill,False
ঠিক আছে,,,,Negative,0.4748884621721628,model_autofill,True
কথায় নয় কাজে পরিচয়,,,,Positive,0.5855537609439116,model_autofill,False
কথা আর কাজের মিল থাকলে জনগণের জন্যই ভালো,,,,Positive,0.6794616272099855,model_autofill,False
কথা কাজে মিল থাকলে জাতীয় নেতা হতে পারবে।,,,,Negative,0.5125151727941019,model_autofill,False
"কথায় বড় না হয়ে কাজে বড় হোন,",,,,Positive,0.5176676293248866,model_autofill,False
যুগ যুগ ধরে মন্ত্রীদের এই কথা শুনে গেলাম তত্ত্বাবধায়ক সরকার বা ইন্টেরিয়িং ছাড়া মোটামুটি ভাবে আর কেউ বাস্তবায়ন করতে পারেনি।,,,,Positive,0.3963477928451911,auto_second_pass_kept,True
আসলে সে নিজেই একজন মাফিয়া,,,,Sarcastic_negative,0.3813878561879361,auto_second_pass_kept,True
আসলে মাফিয়া কাদেরকে বুঝালো..? যারা অন্যায়ের প্রতিবাদ করবো তাদেরেকে.?,,,,Negative,0.6992631169507557,model_autofill,False
Boss kotha ta kaje valo vabe lagayen,,,,Sarcastic_negative,0.3772198117019469,auto_second_pass_kept,True
ক্রিকেট মাফিয়া তামিমের কি হবে এখন?,,,,Neutral,0.9204402231607676,model_autofill,False
হেয় নিজে কী?,,,,Sarcastic_negative,0.4667949531889781,model_autofill,True
চিল্লাও কম মিয়া!,,,,Negative,0.4504020059157443,model_autofill,True
কাজে পরিচয় হবে।,,,,Neutral,0.928342695381137,model_autofill,False
"মুখে মুখে না, আমরা কাজে বিশ্বাসী।",,,,Negative,0.5712926054722168,model_autofill,False
চালিয়ে যান আমরা জনগণ আপনাদের পাশে আছি,,,,Sarcastic_negative,0.4538802089225717,model_autofill,True
নিজের আপন ভায়ের সাথে কিভাবে যুদ্ধ করবেন স্যার?,,,,Sarcastic_negative,0.5835406111000948,model_autofill,False
মেয়র হওয়ার মত,,,,Positive,0.4384837705686786,model_autofill,True
হাস্যকর! নিজের বিরুদ্ধে কেউ যুদ্ধ করে?,,,,Neutral,0.3840465332475742,auto_second_pass_kept,True
BNP bole ekta kore arekta proman Julay shonod,,,,Sarcastic_negative,0.2998538850396907,auto_second_pass_kept,True
২০০ টাকা চাদার জন্য যারা রাস্তায় হকার বসিয়ে,,,,Negative,0.3564171744072259,auto_second_pass_kept,True
চাঁদা খেয়ে মানুষকে কষ্ট দেয় তাদেরকে কেউ কিছু বলতে পারেনা কেনো?,,,,Negative,0.4635241788417087,model_autofill,True
"কথায় না বলে কাজে প্রমাণ করেন,,আমার দেশের নেতারা মুখে অনেক বড় বড় কথা কাজের বেলায় কিছুই নেই,,,",,,,Positive,0.6267935254327905,model_autofill,False
"আওয়াজ দেওয়া শেষ কামও শেষ, বাসায় যেয়ে খেতা মুড়ি দিয়ে ঘুমায় থাকো গিয়ে।",,,,Negative,0.3817780900368129,auto_second_pass_kept,True
নিজের দলের মাফিয়া সামলালে দেশ ১০০% নিরাপদ,,,,Negative,0.4192933893283155,model_autofill,True
Kotha kajer mil raikhen,,,,Sarcastic_negative,0.4233254433621268,model_autofill,True
অখেই ভাডি,,,,Sarcastic_negative,0.3796335098346058,auto_second_pass_kept,True
শুভকামনা,,,,Sarcastic_negative,0.5129201317894101,model_autofill,False
সাব্বাশ! এই কথা পালন করতে পারলেই হয়,,,,Sarcastic_negative,0.4094310788205462,model_autofill,True
নিজে আবার মাফিয়া হৈয়ো না!,,,,Negative,0.5593668115293814,model_autofill,False
ডাকায়া ওয়াজ,,,,Sarcastic_negative,0.4928009425444715,model_autofill,True
Shame for ishrak,,,,Sarcastic_negative,0.3482888454555723,auto_second_pass_kept,True
আমার শটগান'টা নিয়ে আয় তো দুইটা ফাঁকা আওয়াজ দেয়।,,,,Negative,0.4214316216964551,model_autofill,True
সোয়াবিন তেল আগে ছিল ১৯০টাকা।এখন ২২০ টাকা,,,,Positive,0.4891344404987192,model_autofill,True
হাসিনার সময় মন্ত্রী এই কথা বলার সাহস ছিল না ধন্যবাদ বিএনপি সরকার কে,,,,Positive,0.5756526363141212,model_autofill,False
Kysa laga mera majak,,,,Sarcastic_negative,0.4242811129516122,model_autofill,True
হাস্যকর,,,,Sarcastic_negative,0.4374083358821872,model_autofill,True
গলা না বাজায়া বাস্তবে করে দেখান মিয়া,,,,Negative,0.3589173323947327,auto_second_pass_kept,True
কথায় আর কাজে মিল দেখতে চাই,,,,Positive,0.8507261140631506,model_autofill,False
Sha nije kih,,,,Sarcastic_negative,0.4159828205826116,model_autofill,True
Vaiya kisu kaj a dakiye den,,,,Sarcastic_negative,0.4567054750162319,model_autofill,True
এইগুলা শুধু সোশ্যাল মিডিয়ায় বাস্তবে কার্যকর হয় না,,,,Negative,0.3169744323086951,auto_second_pass_kept,True
Ball falaibo,,,,Sarcastic_negative,0.3492863872814297,auto_second_pass_kept,True
নিজেই একটা মাফিয়া,,,,Sarcastic_negative,0.4876496216064445,model_autofill,True
Khota jeno money thake buly jeona kinto,,,,Sarcastic_negative,0.5022125172134164,model_autofill,False
New dimension of CHANDA,,,,Sarcastic_negative,0.6270240286972526,model_autofill,False
যুদ্ধের টিকে থাকা লড়াই দেখা যাবে ইনশাআল্লাহ,,,,Positive,0.7206986880933441,model_autofill,False
"ফেসবুকে নয়, বাস্তবে পরিণত করুন। ডাইরেক্ট একশনে যেতে হবে।",,,,Neutral,0.4774177640691707,model_autofill,True
এখানে মাফিয়া দলের চ্যাং রা হাহা দিছে আগে ওগো ধরেন,,,,Negative,0.5219065013211805,model_autofill,False
ঘুষ ঘোষণা করলো।,,,,Sarcastic_negative,0.4113583358703697,model_autofill,True
প্লিজ সিলিন্ডার গ্যাস এর দাম কমান,,,,Sarcastic_negative,0.4247088137755067,model_autofill,True
ভাল্লাগছে,,,,Positive,0.5978593237751727,model_autofill,False
ভাই এত দিন কিছু করতে পারেননি এখন দেখি হঠাৎ করে শরীরের থেকে আগুন বর হচ্ছে আপনার ভিটামিন খাইছেন নি ভাই,,,,Sarcastic_negative,0.4348727378329267,model_autofill,True
দ্রুত বাস্তবায়ন করুন,,,,Positive,0.3534154289912433,auto_second_pass_kept,True
ধন্যবাদ কথা মত কাজ করলে অভিনন্দন,,,,Positive,0.794664940070831,model_autofill,False
নতুন কিছু বলেন,,,,Positive,0.4550058590584115,model_autofill,True
দেখা যাক দরবেশ সাহেব,,,,Negative,0.3026711884426497,auto_second_pass_kept,True
Video ta mone hoi dekhe nai,,,,Sarcastic_negative,0.4251971430754265,model_autofill,True
বট আইডি গুলো হা হা দিছে ।।।,,,,Negative,0.4688718141013427,model_autofill,True
ঘেরাও হবে,,,,Neutral,0.9960197097566316,model_autofill,False
"৪৫নং ওয়ার্ডের তৃণমূল থেকে হাইব্রিড পর্যন্ত খবর নিতে হবে, দৈনন্দিন জীবন কি করতেছে?তারা বেকার অবস্থায় আলিশান ভাবে চলছে, কিন্তু ৫ই আগস্ট আগে তাদের অবস্থা খুব করুন ছিল, এগুলি আগে ভালোভাবে খোঁজখবর নিয়ে তারপর বাজার মনিটরিং করুন। তাদের জন্য আজ সাধারণ লোকজন জীবনযাপন অনেক কষ্টের এবং দূরভোগ পোহাতে হচ্ছে। চাঁদাবাজ নির্মূল করুন। ইনশাআল্লাহ বাংলাদেশ জাতীয়তাবাদ দল, জিয়াউর রহমানের আদশকে স্মরণ করে সকলকে পদক্ষেপ নিতে হবে।",,,,Positive,0.6643344291496464,model_autofill,False
দলের চেয়ে দেশ বড়,,,,Negative,0.6570701024755486,model_autofill,False
দেশের চেয়ে,,,,Sarcastic_negative,0.3588379227054341,auto_second_pass_kept,True
"জাতি বড়,",,,,Negative,0.3963913980901518,model_autofill,True
এই কথাটি কাজে প্রমাণ করতে হবে এটাই সাধারণ জনগণের আশা আলো হয়ে আছে।,,,,Negative,0.2924076406817156,auto_second_pass_kept,True
আরে আসল কথা ওই সব কোম্পানি কাছ থেকে টাকা খাওয়ার ধান্দা। এখুন ওই সব কোম্পানি তার কাছে এসে টাকা দিয়ে যাবেনি। জনগণও খুশি সেও খুশি।,,,,Sarcastic_negative,0.543625817768058,model_autofill,False
চাদা দিয়ে দিলে সব শেষ,,,,Sarcastic_negative,0.3748207400982136,auto_second_pass_kept,True
ভালো কথা,,,,Positive,0.93856891211144,model_autofill,False
বৃক্ষ তোমার নাম কি?? ফলে পরিচয়।,,,,Negative,0.6604090179572206,model_autofill,False
চেতিল,,,,Sarcastic_negative,0.38300072592129,auto_second_pass_kept,True
বাংলাদেশের মানুষের এখন আর কথায় খায় না,,,,Positive,0.9719448843133076,model_autofill,False
সম্ভবত পকেটে কমিশন ঢুকে নাই তাই এমন হুংকার,,,,Negative,0.3577281130039444,auto_second_pass_kept,True
চাপা মারিস না ভাই,,,,Negative,0.4296276149899949,model_autofill,True
কাজ কর মন দিয়ে,,,,Sarcastic_negative,0.313575918632379,auto_second_pass_kept,True
"ভাই কেউ ওরে ১ টা বান্ডিল হাতে দেন,,, দেখেন পোস্টটা ডিলিট করছে",,,,Negative,0.4077177294214692,model_autofill,True
কথা আর কাজে যেন মিল থাকে।,,,,Positive,0.9189649452223322,model_autofill,False
"সবার কথা সুন্দর ,, কাজের পরিচয় চাই",,,,Positive,0.5671504415636249,model_autofill,False
মুখের কথা নয় কাজ করে দেখান,,,,Positive,0.8588308283594146,model_autofill,False
প্রথম দিনেই গাদ্দারি সামনের দিনগুলোতে দেখা বাকি,,,,Sarcastic_negative,0.3354276961676379,auto_second_pass_kept,True
তাতো মানুষ এই এক সপ্তাহে দেখতে আছে,,,,Negative,0.4978675099766308,model_autofill,True
এই ঘোষণা কয়দিনের জন্য আল্লাহ ভাল জানেন,,,,Negative,0.4529877305643098,model_autofill,True
মাফিয়া সন্ত্রাসী কোন দলে আছে দেড় বছরে আমরা দেখেছি,,,,Negative,0.8347416718861327,model_autofill,False
আপনাদের কাছে আমরা সবাই এই দিনের আশায় আচি,,,,Negative,0.6729891441080368,model_autofill,False
কথায় এবং কাজে মিল থাকতে হবে জনাব।,,,,Neutral,0.4666863936155829,model_autofill,True
চাউল দাম আগের অবস্থানে ফিরিয়ে আনা হোক,,,,Negative,0.4096804176626835,model_autofill,True
খাল কনোন আর গাছ লাগানো শুরু হোইছে নাকি তাই বলেন আগে,,,,Positive,0.4098278047613663,model_autofill,True
মাসাল্লাহ,,,,Positive,0.3964630610503152,model_autofill,True
তাদের কে সরকারী মেহমান বানিয়ে কয়েক দিন মেহমানদারী করলে সব সোজা হয়ে যাবে।,,,,Sarcastic_negative,0.3260194575629188,auto_second_pass_kept,True
আগে আপনারা ঠিক হন,,,,Sarcastic_negative,0.7668564436082207,model_autofill,False
লো চাপাবাজি কাজ করুন,,,,Positive,0.5037481901488522,model_autofill,False
ডাস্টবিন পরিষ্কার করার জন্য,,,,Positive,0.4080365540720371,model_autofill,True
আগে বাস্তবায়ন করেন।,,,,Positive,0.3877549411696772,auto_second_pass_kept,True
তাহলে সাধারণ জনগণ আপনাকে মাথায় করে রাখবে।,,,,Sarcastic_negative,0.5597429856495625,model_autofill,False
প্রমাণ ছাড়া আর কিছুই বিশ্বাস নেই,,,,Positive,0.3708359070729365,auto_second_pass_kept,True
ইনশাল্লাহ আল্লাহ সওয়া হউক আপনার প্রতি,,,,Positive,0.4982557029176019,model_autofill,True
মাফিয়াদের বিরুদ্ধে যুদ্ধ ঘোষণা করে কেউ যেন নতুন মাহিয়া না হয় ।,,,,Neutral,0.3359471909185569,auto_second_pass_kept,True
ভাতিজা ফেসবুকে যুদ্ধ না করে মাঠে যাও অন্তত রমজান মাসটা একটু জাতিকে শান্তি তো রাখো।,,,,Positive,0.3346789697286562,auto_second_pass_kept,True
ফলাফল দেখার অপেক্ষায়,,,,Negative,0.393692949421132,auto_second_pass_kept,True
"ধন্যবাদ প্রিয়,, বাস্তবায়নের অপেক্ষায় রইলাম",,,,Positive,0.5048291262825675,model_autofill,False
নিজের বিরুদ্ধে নিজেই যুদ্ধ করবে,,,,Negative,0.397904931428284,model_autofill,True
দেখা যাইবো মুখ দিয়ে বলছেন না ইয়ে দিযে বলছেন,,,,Negative,0.3459586249271878,auto_second_pass_kept,True
নিজেদের বিরুদ্ধে নিজেদের যুদ্ধ ঘোষণা করে ভালোই করেছে। ঠিক আছে নিজেদের সংশোধন করা কঠিন কাজ। বিসমিল্লাহ বলে আত্মসংশোধন শুরু করেন,,,,Positive,0.6373056441130712,model_autofill,False
যারা নিজেরাই শপথ গ্রহণ করে ফেলে তাহলে মাফিয়া কাকে বলব,,,,Negative,0.5287201041599915,model_autofill,False
১৭ বছর হো*ল ছিড়েছ,,,,Sarcastic_negative,0.7421027420692423,model_autofill,False
ঘেরাও উপদেষ্টা,,,,Sarcastic_negative,0.4609338305000087,model_autofill,True
আরে এটা যুদ্ধ ঘোষনা নারে পাগলা এটা জানিয়ে দিলো আমি ঐখান থেকে ভাগ চাই,,,,Negative,0.6026690911608453,model_autofill,False
Ei sov na bole,,,,Neutral,0.4864010960451383,model_autofill,True
Vlo vabe implement koren,,,,Sarcastic_negative,0.3988223645174141,model_autofill,True
নিজেই বড় মাফিয়া,,,,Sarcastic_negative,0.3210990970770057,auto_second_pass_kept,True
এ আবার কেরে পাতি নেতা কি যে বলেরে ভাই।,,,,Positive,0.6653587491856903,model_autofill,False
জোকার।,,,,Sarcastic_negative,0.4705703182220525,model_autofill,True
এই বাংলাদেশই আমরা চেয়েছি,,,,Negative,0.8919349663070776,model_autofill,False
কিন্তু ভাই যুদ্ধ ফেসবুকে না অন্যায়কারির সাথেই করতে হবে,,,,Neutral,0.6756788189370401,model_autofill,False
সে নিজেই এক জন্য মাফিয়া,,,,Positive,0.4375926290688547,model_autofill,True
বৃক্ষ তোমার নাম কি ফলে পরিচয়,,,,Negative,0.6881802540495958,model_autofill,False
আজ থেকে আর কেউ খেতে পারবে না। শুধু আমি খাবো।,,,,Negative,0.7322564378845624,model_autofill,False
"Facebook e hunkar porjontoi,Ajkeu Esraker alakai amader wari te ekjon. Jalmuriolaer kac theke 50 tk cada nive",,,,Neutral,0.5570762397691482,model_autofill,False
শুভকামনা রইল,,,,Sarcastic_negative,0.5136699816049957,model_autofill,False
আনোয়ার টিভির নিউজ মনে করছিলাম,,,,Sarcastic_negative,0.423463344552112,model_autofill,True
আল্লাহ সবাই কে সরল সঠিক পথে পরিচালিত করুক।,,,,Positive,0.4204086194555813,model_autofill,True
seta dekhar opekhay aci ...abar 5year vlo kisu krte parle vlo kisu paben jonogoner kace insa allha,,,,Sarcastic_negative,0.4458966287422308,model_autofill,True
Vole jaisna khomota chiro sthaie na,,,,Neutral,0.4184841987548907,model_autofill,True
পারবেন না,,,,Negative,0.5799512721034663,model_autofill,False
দেখা যাক কথা কাজে কত মিল,,,,Positive,0.488760577705235,model_autofill,True
নিজেরাই আবার বড় মাফিয়া হয়ে উইঠেন্না?,,,,Positive,0.3500968281187691,auto_second_pass_kept,True
যুদ্ধ ফেসবুকে।,,,,Sarcastic_negative,0.3509039259263405,auto_second_pass_kept,True
কথা না বলে কাজে প্রমাণ করে দেখান পারলে,,,,Positive,0.8359812786672833,model_autofill,False
একবারে আমাদের ইনুস দাদুর মত প্রথমে কত চাপা এই করব ওই করব আসলে কিছুই না এরাও কি সেরকম কিছু করবে,,,,Negative,0.6124327435597581,model_autofill,False
ভাই নিজেই পীরে কামেল মাওলানা হযরত শাহ সুফী ইসরাক হোসেন,,,,Sarcastic_negative,0.4069179559919337,model_autofill,True
সাব্বাস ভাই এটাই দেখতে চাই কাজে প্রমাণ করুন,,,,Positive,0.4216917406224388,model_autofill,True
এইবার ঠিক আছে,,,,Negative,0.3246910909796198,auto_second_pass_kept,True
মনে হয় দেশ টা,,,,Sarcastic_negative,0.7048971470504052,model_autofill,False
পরিবর্তন হবে,,,,Neutral,0.5283681944998285,model_autofill,False
এ হচ্ছে নেতার মতো কথা,,,,Positive,0.7909857459443411,model_autofill,False
এল পি জি আমদানি কারকদের সিন্ডিকেট ভাংতে কয়দিন লাগবে।,,,,Negative,0.283063740068271,auto_second_pass_kept,True
মাফিয়াদের সাথে যারা সবসময়ের জন্য চলাফেরা একই টেবিলে খায় তারাই নাকি মাফিয়া বিরুদ্ধে বক্তব্য দেয় বিষয়টা কি রকম হাস্যকর হলো না,,,,Negative,0.3848180590976601,auto_second_pass_kept,True
কথায় বয় আগে কাজ করে দেখান,,,,Positive,0.8418967356230841,model_autofill,False
যুদ্ধ ঘোষনা দিয়ে লেবুর হালী ১২০,,,,Sarcastic_negative,0.4165891051681927,model_autofill,True
রেডি হও পাশে আগস্ট এর জন্য,,,,Sarcastic_negative,0.5819019686125093,model_autofill,False
খালি কলসি বাজে বেশি।,,,,Sarcastic_negative,0.4663858679861874,model_autofill,True
গাল মারলেই হয় না ইতিহাস ভালো না।,,,,Negative,0.5353380544960518,model_autofill,False
নেতার মতোই কথার ফুলঝুরি,,,,Positive,0.8334232984474764,model_autofill,False
"""ঘোষণা করার কি দরকার? উনি নিজেই মাফিয়াগিরি বাদ দিলেই তো হয়।""",,,,Neutral,0.3401862423971859,auto_second_pass_kept,True
"কথা বলে কাজ না করে, কাজই কথা বলবে, এমন কাজ শুরু করো।",,,,Positive,0.840302112851524,model_autofill,False
পবিত্র দরবার শরীফ ও মাজার শরীফে হামলা ও ভাংচুরের বিচার চাই,,,,Neutral,0.4088556132847631,model_autofill,True
ওই সব বাদ দে আমার ফেমিলি কার্ড কোথায়??,,,,Negative,0.4756708664268535,model_autofill,True
ফেসবুকে দিলে হবে না বাস্তবে পরিপূর্ণ করতে হবে,,,,Neutral,0.9095038710279066,model_autofill,False
তাহলে আপনাদের সাথে গভীর দুঃখিনী জনগণ আপনাদের পাশে থাকবে,,,,Sarcastic_negative,0.8437319231290336,model_autofill,False
Number one is allama Abbas uddin,,,,Sarcastic_negative,0.7984836667368898,model_autofill,False
কাজ করে দেখাইয়ো বাজান...,,,,Positive,0.4119133449670689,model_autofill,True
ইনশাল্লাহ,,,,Positive,0.8518396960267426,model_autofill,False
এগিয়ে যান বিদ্যুৎ গতির নেয়,,,,Negative,0.3085932658830098,auto_second_pass_kept,True
দোয়া ও শুভকামনা সব সময়,,,,Neutral,0.345214818388438,auto_second_pass_kept,True
best of luck bro,,,,Sarcastic_negative,0.6300519059654741,auto_second_pass_changed,False
Vokta adhikar kormo kortader eti modde najehal abostha.Tader avijane bada dewa hoche oy dike ektu nojor din,,,,Neutral,0.3175438244083542,auto_second_pass_kept,True
প্রথম প্রথম সবাই এরকম হুংকার দেয় পরে ______?,,,,Positive,0.4127721655215833,model_autofill,True
বীর মুক্তিযোদ্ধার ছেলে হিসাবে ঠিক আছে কিছুদিন গেলে প্রমান পাবে জণগন।,,,,Negative,0.3254542061438035,auto_second_pass_kept,True
সাবাশ। বাস্তবায়ন করবেন আশা করি,,,,Negative,0.3617663019017881,auto_second_pass_kept,True
যুদ্ধের কার্যকারিতা দেখতে চাই,,,,Sarcastic_negative,0.2959549287084845,auto_second_pass_kept,True
আমরা আছি আপনার সাথে। ইনশাআল্লাহ বিজয় জনগণের হবেই।,,,,Negative,0.4471765214080395,model_autofill,True
চমৎকার কথা আপনাদের মুখের বাণী যেন ঠিক থাকে।,,,,Positive,0.5565648317005356,model_autofill,False
"সব ভাঁওতাবাজি,,,,।",,,,Sarcastic_negative,0.3148824951363315,auto_second_pass_kept,True
বাস্তবতার অপেক্ষায় থাকিলাম!,,,,Negative,0.4509891871064745,model_autofill,True
ভাই মরদ ভাবির কাছে,,,,Sarcastic_negative,0.3974069471764236,model_autofill,True
রোজার বাজার তাহলে কয়দিন পরেই করি,,,,Negative,0.5538445202464933,model_autofill,False
শুধুমাত্র নিত্যকার দ্রব্যমূল্যটা সাধারণ জনগণের ক্রয়সীমার মধ্যে রাখলেই হবে। আমরা পরিবার নিয়ে একটু শান্তিমতো দু'বেলা খেতে চাই।,,,,Negative,0.4901924966927563,model_autofill,True
তা-ই যেন হয় ব্রাদার।,,,,Sarcastic_negative,0.5201046752321554,model_autofill,False
"টাকা জন্য নটক,",,,,Positive,0.5824952399360026,model_autofill,False
"নিজেই একটি, আবার অন্যজনকে কিভাবে, জানিনা এর শেষ কোথায়",,,,Sarcastic_negative,0.4844965021685186,model_autofill,True
বাবু চিল্লাইয়ে মার্কেট পাওয়া যায় না কাজ করে দেখাও,,,,Negative,0.3671177736279191,auto_second_pass_kept,True
এতো মুক্তিযুদ্ধের মন্ত্রণালয়ের দায়িত্বে। দ্রব্য মূল্য নিয়ে কথা বলছেন কেন? তবে খুব ভালো পোস্ট দিয়েছেন,,,,Positive,0.3860911043003646,auto_second_pass_kept,True
সে তো নিজে মাপি হওয়ার পথে,,,,Sarcastic_negative,0.4556540805603052,model_autofill,True
আগে নিজে ভালো হন,,,,Negative,0.3399825358951726,auto_second_pass_kept,True
নগর বাবু জিন্দাবাদ,,,,Sarcastic_negative,0.4444891115275958,model_autofill,True
আসিস মাহসমুদ তাজা ভূয়ারে কিছু করতে পারেন নাকি দেখেন আগে,,,,Sarcastic_negative,0.5379168018319403,model_autofill,False
"বসুন্ধরা, ফ্রেশ, সিটি , টিকে, নাবিল, এসিআই নাম ধরে যখন উল্লেখ করতে পারছেন, ইনশাআল্লাহ সততার সঙ্গে দায়িত্ব জোরালো ভাবে চালিয়ে যান দেখবেন সিন্ডিকেট একটা সময় ভেস্তে যাবে।",,,,Positive,0.4649920990367193,model_autofill,True
ঋণ খেলাপিদের কি হবে?,,,,Neutral,0.9620808689267136,model_autofill,False
দেখা যাবে বাস্তবতায়।,,,,Negative,0.3512318158624283,auto_second_pass_kept,True
বাপকে বেটা সিপাহি কে ঘোড়া। মনের মত একখান কথা কইছৈন।,,,,Positive,0.7370583423311178,model_autofill,False
দেখতে থাকী,,,,Sarcastic_negative,0.3351579825818507,auto_second_pass_kept,True
এক মাফিয়া আরেক মাফিয়ার বিরুদ্ধে যুদ্ধ ঘোষনা করেছে। পুরাই WWE এরময়দান,,,,Positive,0.7315826398131492,model_autofill,False
কবি বলেছে কথাই নয় কাজে পরিচয়।যদি জনগণকে ভালো ভাবে সব কিছু দেখাতে পারেন। তাহলে বাংলাদেশের জনগণ আপনাদের কে ভোট চুরির দায়ে ক্ষমা করে দিবে ইনশাল্লাহ।,,,,Positive,0.8335187932660856,model_autofill,False
আপনার এলাকায় কি কি উন্নয়ন করলে ভালো হবে তা খোজ নেন আর সেগুলা সমাধান করেন,,,,Neutral,0.5204461250468878,model_autofill,False
টাকা ইনকামের নতুন ধান্দা,,,,Sarcastic_negative,0.6892165609008555,model_autofill,False
আজব দুনিয়া চোর চোরকেই হুঁশিয়ার করে,,,,Negative,0.7989742037751081,model_autofill,False
"কথা নয় কাজে বিশ্বাসী, চালিয়ে যান প্রিয় লিডার",,,,Positive,0.5859034934595431,model_autofill,False
কয়দিন পরে শুনবো আপনারাই বড়,,,,Sarcastic_negative,0.62859374610289,model_autofill,False
ম্যাজিস্ট্রেটকে অপমান করা এই মাফিয়া দের বিচার করতে শুরু করুন । কোন ছাড় নাই।,,,,Negative,0.3418697746704001,auto_second_pass_kept,True
অপরাধী অন্যায়কারীদের ছাড় দিলে তারাই আপনাদের/সরকারের ক্ষতির কারণ হয়ে দাঁড়াবে।,,,,Sarcastic_negative,0.4333335560268426,model_autofill,True
"তারা দুর্নীতি করবে চুরি-বাটপটি করবে আর দোষ পরবে সরকারের, এক সময় জনগণ সরকারের উপর ক্ষেপে গিয়ে আবার আন্দোলন শুরু করবে।",,,,Positive,0.4678903400155175,model_autofill,True
আবার বিপ্লব ঘটানোর চেষ্টা করবে।,,,,Negative,0.4214079535601991,model_autofill,True
তাই সকল অপরাধীদের কঠোর হস্থে দমন করতে হবে। ইনশাল্লাহ এগিয়ে যাবে বাংলাদেশ।,,,,Positive,0.6586839784392253,model_autofill,False
https://www.facebook.com/share/p/1Dr3doSqK2/,,,,Neutral,0.8894254880317428,model_autofill,False
নিজের বিরুদ্ধে নিজেই কিভাবে যুদ্ধ সম্ভব,,,,Sarcastic_negative,0.5282999924399608,model_autofill,False
বেটা এইতো সিংহের মত মুভমেন্ট।,,,,Negative,0.3533035876518208,auto_second_pass_kept,True
আপনার নিজের বাড়িতেই রান্না বন্ধ করে দেন,,,,Sarcastic_negative,0.7865918520034515,model_autofill,False
আমাদের গ্যাস থাকে না,,,,Negative,0.8481535362909614,model_autofill,False
রান্নায় অনেক কষ্ট এি দিকে একটু নজর দিলে খুশি হতাম,,,,Sarcastic_negative,0.4519123682746014,model_autofill,True
Dekha jabe,,,,Sarcastic_negative,0.5319834093652038,model_autofill,False
ফেসবুকে যুদ্ধ বাস্তবে সবি ঠিক,,,,Sarcastic_negative,0.2719433156454439,auto_second_pass_kept,True
কথায় কাজে মিল চাই,,,,Positive,0.7642583688623769,model_autofill,False
"কথা রাখতে পারবেন না, চ্যালেঞ্জ",,,,Positive,0.375794455094443,auto_second_pass_kept,True
আমরাও অপেক্ষায় রইলাম আপনি কি করেন তা দেখার জন্য,,,,Sarcastic_negative,0.3787368704569804,auto_second_pass_kept,True
ইনশাআল্লাহ,,,,Positive,0.8740653254622512,model_autofill,False
সত্যি বলছেন,,,,Neutral,0.3079516887812331,auto_second_pass_kept,True
কথা কাজে যেন মিল থাকে প্রিয় ভাই।আনেক ভালো কথা বলেছেন।,,,,Positive,0.907382709786483,model_autofill,False
"আবার প্রমাণিত হবে, যতো গর্জে তত বর্ষে না।",,,,Neutral,0.4183773377418331,model_autofill,True
ইনশাআল্লাহ আমরা এর কার্যকর চাই,,,,Negative,0.5431403330676823,model_autofill,False
প্রার্থনা করি—এই রমজান আমাদের ভেতরের মানুষটাকে সুন্দর করে তুলুক,,,,Negative,0.5598710973665513,model_autofill,False
সাধুবাদ জানাই,,,,Sarcastic_negative,0.336780452726659,auto_second_pass_kept,True
ঠিক বলেছে..,,,,Positive,0.6309356012021724,model_autofill,False
কাজে পরিচয় দাও চান্দু,,,,Negative,0.4916520985587631,model_autofill,True
মাশাআল্লাহ এগিয়ে যাও দোয়া রহিলো,,,,Negative,0.3960730549216009,auto_second_pass_kept,True
লেবু 25 টাকা পিস,,,,Sarcastic_negative,0.3851405587913862,auto_second_pass_kept,True
ডলারের দাম কমানোর ব্যবস্থা করুন,,,,Sarcastic_negative,0.3224032170141123,auto_second_pass_kept,True
আল্লাহ এই সিদ্ধান্তের উপর অটল থাকার তাওফীক দান করুন।,,,,Negative,0.7160301283270236,model_autofill,False
"আলহামদুলিল্লাহ, বাংলাদেশের জনগণের দীর্ঘ্য দিনের প্রত্যাশার প্রাপ্তি শুরু। শুভ হোক আগামীর পথ চলা।",,,,Positive,0.7525776755864924,model_autofill,False
দলের দুঃসময়ে পাশে ছিলেন তিনি,,,,Negative,0.590631230687067,model_autofill,False
বেশি না দুই একজনকে করেন পুরা বাংলাদেশের মাফিয়া সিদা হয়ে যাবে ইনশাআল্লাহ,,,,Positive,0.9332442531844484,model_autofill,False
আপাতত ফেসবুকে ঠিক আছে,,,,Sarcastic_negative,0.4347240977119309,model_autofill,True
করে দেখাও আগে।,,,,Positive,0.5695925127327336,model_autofill,False
মন থেকে দোয়া রইলো,,,,Sarcastic_negative,0.3590409544177622,auto_second_pass_kept,True
৩২ নম্বর ভাঙার মাস্টার,,,,Negative,0.3181869589381053,auto_second_pass_kept,True
নেতার ছেলে নেতা ; আপনার আগামী পথচলা সুন্দর হোক ; আপনার মুখে মানায় মাফিয়াদের বিরুদ্ধে যুদ্ধ ঘোষণা। অনেক অনেক অভিনন্দন ও শুভকামনা।,,,,Sarcastic_negative,0.5112493779351015,model_autofill,False
দ‌েখেন আবার পর‌ে যেন ন‌িজের লুংগীত টানা না পর‌ে।,,,,Negative,0.7273933993605376,model_autofill,False
বড় ভাগ পাওয়ার জন্য চিৎকার,,,,Positive,0.4166660622953416,model_autofill,True
ভাগ এসে গেলেই চুপসে যাবে,,,,Sarcastic_negative,0.5638632495057248,model_autofill,False
মিলিয়ে নিয়েন,,,,Sarcastic_negative,0.498036621083414,model_autofill,True
Insa allah,,,,Positive,0.7382772504167993,model_autofill,False
"দেখা যাক কি করে, না নাটক করে",,,,Neutral,0.3303472815354292,auto_second_pass_kept,True
Dekha jak,,,,Sarcastic_negative,0.5207687071097837,model_autofill,False
সব চাপা আগে বিচার ব্যাবস্থা কঠিন করেন বিচার অল্প সময়ে হলে দেশ ঠিক হবে,,,,Neutral,0.6894628877808462,model_autofill,False
শুধু মুখে বললে হবে না কাজে প্রমাণ করে দেখাতে হবে,,,,Neutral,0.9577537714059744,model_autofill,False
সাবাশ।,,,,Sarcastic_negative,0.413492633880515,model_autofill,True
আশা রাখি বাস্তবায়ন করবেন l,,,,Negative,0.4489878982545333,model_autofill,True
কথা আর কাজে মিল থাকলেই জনগন আপনাকে ভালবাসবে,,,,Positive,0.5335504337179682,model_autofill,False
চাপা মাইরা দেশ চলে নাহ,,,,Sarcastic_negative,0.396690458165166,model_autofill,True
ওই কথার কথা আরকি।,,,,Positive,0.7431405605230265,model_autofill,False
দলের মধ্যে বেশিরভাগ ব্যবসায়ী নমিনেশন দিয়া এমপি বানাইয়া তাদের বিরুদ্ধে আন্দোলন হাস্যকর,,,,Negative,0.5754975972104353,model_autofill,False
এমন নেতাই তো চাই আমরা,,,,Negative,0.6321548439244543,model_autofill,False
ঈদের পর দাম কমবে আশা করি,,,,Negative,0.4884581435963167,model_autofill,True
গলাবাজি শুরু হয়ে গেলো....,,,,Sarcastic_negative,0.5911004170410054,model_autofill,False
ফেইসবুকেই ঘোষনা করছে,,,,Negative,0.5919630450883635,model_autofill,False
আলহামদুলিল্লাহ.. কথাগুলো শুনে খুশি হলাম।,,,,Positive,0.749888937573454,model_autofill,False
ফলে পরিচয়,,,,Negative,0.5204699435687038,model_autofill,False
"বিশ্বাস করেন ভাই এটা স্ক্রিনশট দিয়ে রাখলাম। এই কথার বিপরীত হলে, স্ক্রিনশট টা দিয়ে আপনাকে ট্যাগ করে,আপনার টাইমলাইনে পোষ্ট করব।।",,,,Negative,0.3240430477576522,auto_second_pass_kept,True
डाই WhatsApp तासपाর डा भिয়েत। कसন্টে গাलि দিলে आईडिতে সমস্যা रয়।,,,,Sarcastic_negative,0.3985041576002697,model_autofill,True
আপনারা ঠিক থাকলে সব ঠিক হয়ে যাবে।,,,,Sarcastic_negative,0.7084450899722493,model_autofill,False
"কাজ করে প্রমাণ দিন, তা না হলে এদের মানুষ আপনাদের ছাড়বে না।।",,,,Sarcastic_negative,0.4106754307688875,model_autofill,True
কতো দিন মনে রাখবেন এইকথা,,,,Sarcastic_negative,0.462202383336257,model_autofill,True
ধমকের কি দরকার-আইন চলেনা?,,,,Negative,0.3497026625413277,auto_second_pass_kept,True
আমি চাই প্রতিযোগিতা শুরু হোক,,,,Negative,0.8004831832680845,model_autofill,False
কে কত বেশি দমন করতে পারে,,,,Sarcastic_negative,0.4636430020877726,model_autofill,True
লিডার কথায় নই কাজে বাস্তবায়ন হলে আমরা মানে জনগণ খুশি হবে,,,,Neutral,0.3547768616239608,auto_second_pass_kept,True
নেতা যে বলছিল নবীর আদর্শে দেশ চলব---,,,,Positive,0.3500019299831101,auto_second_pass_kept,True
শুধু মুখে বললে হবে না কাগজে-কলমে মাঠে থেকে কাজ করে দেখাতে হবে।,,,,Neutral,0.9753466682167132,model_autofill,False
আগে করেন তারপর দেখি ইনশাআল্লাহ,,,,Positive,0.7615630120961759,model_autofill,False
কাজে কতায় মিল থাকলে ভালো,,,,Negative,0.4379679310649244,model_autofill,True
আগে মিয়া লেবুর দাম কমান।,,,,Negative,0.5232588573358008,model_autofill,False
নিজের বিরুদ্ধে কেউ নিজে যুদ্ধ করে,,,,Positive,0.3771787761338127,auto_second_pass_kept,True
মাফিয়া নিজের দলের হলে ভিন্ন কথা,,,,Negative,0.5126320391274873,model_autofill,False
যে প্রতিশ্রুতি সেগুলোর বাস্তবায়ন দেখতে চাই,,,,Negative,0.4879309493979704,model_autofill,True
ইশরাক তুমি এগিয়ে যাও,,,,Sarcastic_negative,0.4552881130730553,model_autofill,True
Because i am Don,,,,Neutral,0.4035886003358341,model_autofill,True
আচ্ছা দেখা যাবে বাস্তবতা কি হয়,,,,Sarcastic_negative,0.4827252026500271,model_autofill,True
আলহামদুলিল্লাহ,,,,Positive,0.6938070689355245,model_autofill,False
Jak Valo,,,,Sarcastic_negative,0.4058404292626111,model_autofill,True
গনমাধ্যমের সামনে হ্যা তে ভোট দেওয়ার মত কথা এইটা,,,,Positive,0.5700775776912496,model_autofill,False
বাস্তবতায় বিশ্বাসী।,,,,Sarcastic_negative,0.3821733724972875,auto_second_pass_kept,True
এই কথা গুলো যেন ঠিক থাকে,,,,Negative,0.4686673991178965,model_autofill,True
ইশরাক যেটা ভেবে বলছে ।,,,,Negative,0.3388178474576689,auto_second_pass_kept,True
চাঁদাবাজ = ভালোমানুষ,,,,Negative,0.3612959428304789,auto_second_pass_kept,True
দুর্নীতিবাজ = খুব ভালোমানুষ,,,,Negative,0.3944284325098343,auto_second_pass_kept,True
"ধ*র্ষণ,খু*নি = খুব খুব ভালোমানুষ",,,,Negative,0.2962444354062968,auto_second_pass_kept,True
"জামায়াত,শিবির = মাফিয়া ।",,,,Negative,0.3314422042922017,auto_second_pass_kept,True
কথাই নই কাজে দেখতে চাই,,,,Positive,0.6951107043483444,model_autofill,False
BNP govt. Ar revolution ta chokhe lagar moto.Cabinet member gulu ak akta biggo r Quality full.Manonio prime minister ar positive change ta mone dhorse.,,,,Neutral,0.5239488772960232,model_autofill,False
বাস্তবে রূপ দিতে হবে,,,,Neutral,0.9516444063113184,model_autofill,False
এগিয়ে যান। প্রতিদান দেওয়ার মালিক আল্লাহ,,,,Negative,0.4845035984907057,model_autofill,True
ইনশাআল্লাহ ভাই এগিয়ে যান,,,,Positive,0.8127036361749379,model_autofill,False
"মাশাল্লাহ সুন্দর কথা, এভাবে এগিয়ে যান",,,,Positive,0.6973444123504994,model_autofill,False
আল্লাহ্ কবুল করুন!,,,,Positive,0.4928949744183126,model_autofill,True
বড় বড় কথা না বলে কাজের কাজ করতে হবে। তা নাহলে মাফিয়ারা জিম্মি করে ফেলবে!,,,,Positive,0.3599580594263622,auto_second_pass_kept,True
গতকাল ভোক্তা অধিকারের বিচারক মহোদয়কে অপমানিত করছে,,,,Negative,0.7114119578119287,model_autofill,False
ওখানে গিয়ে প্রতিবাদ করেন,,,,Sarcastic_negative,0.3885886524241441,auto_second_pass_kept,True
তাহলে বুঝতে পারবে জনগণ,,,,Negative,0.448052106561204,model_autofill,True
আপনি কি চান,,,,Sarcastic_negative,0.8922486688891851,model_autofill,False
"সুন্দর মতো দেশ চালাতে পারলে ২০ বছর থাকো তাতে জামায়াত আরো বেশি খুশি জামায়াত ক্ষমতা পাওয়ার পাগল নয় দেশের মানুষ সান্তি পাক এটাই তাদের চাওয়া,,, প্রমান যদি করতে চাও তাহলে যে কোন ভালো কাজের উদ্দুদ্ধ নাও দেখ জামায়াত কে পাশে পাও কি না।",,,,Positive,0.3885857449967578,auto_second_pass_kept,True
যুদ্ধের এক দুইটা লাইভ ভিডিও শেয়ার দিয়েন,,,,Sarcastic_negative,0.3492549797870774,auto_second_pass_kept,True
ফেজবুকেই লাফালাফি,,,,Negative,0.3682929293056385,auto_second_pass_kept,True
"হুঙ্কার যত বড়ো, চাঁদার পরিমাণ ও তত বেশি।",,,,Negative,0.5102212454421853,model_autofill,False
যুদ্ধ কী ফেসবুকেই সীমাবদ্ধ থাকবে নাকি ওস্তাদ,,,,Sarcastic_negative,0.5114987275578364,model_autofill,False
কথা ঠিক থাকলে আলহামদুলিল্লাহ,,,,Positive,0.8232547033078149,model_autofill,False
এমনটা ই চাই,,,,Sarcastic_negative,0.3815137839904602,auto_second_pass_kept,True
মিথ্যা প্রতিশ্রুতি দিয়েন না,,,,Negative,0.722263594601181,model_autofill,False
বাস্তবে কাজ করে দেখান শুধু ফেসবুকে না,,,,Positive,0.3965843846558333,model_autofill,True
এই কথা কি শুদু মুখে থাকবে নাকি বাস্তবায়োন ও হবে,,,,Neutral,0.6452458138720772,model_autofill,False
"এই করবো, ওই করবো, সেই করবো,,,,কিন্তু খারায় না।।। এমনটা হয় না যেন মৌনতিরি সাব।",,,,Negative,0.4016223483976068,model_autofill,True
শুধু মুখে না বলে করে দেখাও....,,,,Positive,0.42822054689428,model_autofill,True
এরা ফেসবুক যোদ্ধা,,,,Sarcastic_negative,0.5481330977118329,model_autofill,False
কথাটা রাখবেন ভাই,,,,Positive,0.5064677011702761,model_autofill,False
ধন্যবাদ,,,,Positive,0.7331706743843098,model_autofill,False
কিছুই করতে পারবেন না,,,,Sarcastic_negative,0.5807483472563965,model_autofill,False
বড় বড় ঘোড়ায় পিছনে গেছে,,,,Sarcastic_negative,0.3380466774942069,auto_second_pass_kept,True
Bastobe ki kaj hobe,,,,Sarcastic_negative,0.5368187808308453,model_autofill,False
"বেড়া ক্ষেত না খায়লেই হয়,,",,,,Sarcastic_negative,0.5189564328877619,model_autofill,False
মাশাআল্লাহ কখা থাকলেই ভালো,,,,Negative,0.5904058883096641,model_autofill,False
হেতে নিজেই মাফিয়া পালে।,,,,Sarcastic_negative,0.4425150095266014,model_autofill,True
"মাফিয়া থেকে বেশি নেবে না, এই কয়েক হাজার কোটি নাস্তার জন্য বকসিস নেবে",,,,Negative,0.6240326486431427,model_autofill,False
বিশেষ করে রমজানে দ্রব্যমূলের লাগামটা খুব ভালোভাবে টেনে ধরতে হবে তাহলে জনগণের কাছে আরও বেশি গ্রহণযোগ্যতা পাওয়া যাবে ।,,,,Neutral,0.3774545935504413,auto_second_pass_kept,True
ঠিক আছে ভাতিজা দেখব আপনি কি করেন এটা দেখার অপেক্ষায় পুরো জাতি,,,,Negative,0.394520220817276,auto_second_pass_kept,True
যারা চুরি করছে এরা কোন মাফিয়া,,,,Negative,0.5340819193042867,model_autofill,False
Dekha jak amra jonogon valo kicu asa kori.,,,,Sarcastic_negative,0.4522069214848255,model_autofill,True
এই সাম্বাদিক পুড়াটা লিখে নাই।,,,,Negative,0.819422439759451,model_autofill,False
ভয় পায় মনে হয়।,,,,Sarcastic_negative,0.6801210849372024,model_autofill,False
তাহলে আপনি নিজেই নিজের বিরুদ্ধে যুদ্ধ দিয়েই আগে শুরু করুন জনাব।,,,,Sarcastic_negative,0.417747296810063,model_autofill,True
Ak mapiya arek mapiyar Kotha bole ha ha ha,,,,Sarcastic_negative,0.3786290280172584,auto_second_pass_kept,True
আসো খেলা হবে,,,,Neutral,0.9747307144198124,model_autofill,False
এমন যদি হয় আপনায় সেলুট দিবো,,,,Sarcastic_negative,0.8392859717731118,model_autofill,False
সহমত পোষণ করছি,,,,Negative,0.411396282391906,model_autofill,True
দেখি কি করতে পারো,,,,Sarcastic_negative,0.6612012150398348,model_autofill,False
সাবাস। আপনার মতই নেতা আমাদের প্রয়োজন।,,,,Sarcastic_negative,0.4300658435892258,model_autofill,True
মুক্তিযুদ্ধ বিষয়ক মন্ত্রীর কাজ যুদ্ধ করা তা যেখানেই হউক,,,,Positive,0.3855021384075712,auto_second_pass_kept,True
কিছুদিন আগে ফটোসেশান করার জন্য যা করলেন নিজ কর্মীদের সাথে! ফাটাইয়া ফেলাইছেন।,,,,Positive,0.5666069583989517,model_autofill,False
আলহামদুলিল্লাহ ভাল উদ্যোগ,,,,Positive,0.6436281110774259,model_autofill,False
"সে-তো নিজেই মাফিয়া,,,,",,,,Sarcastic_negative,0.4257026978380854,model_autofill,True
রেমিট্যান্স যোদ্ধাদের বিদেশ যাতায়াতের ব্যবস্থা সহজ করার ব্যবস্থা করুন বিশ্বের অন্যান্য দেশের তুলনায় আমাদের দেশে অনেক বেশি হয়রানি হতে হচ্ছে রেমিটেন্সোদ্ধাদের,,,,Positive,0.3994727226919501,model_autofill,True
কথা আর কাজে মিল থাকলে ই হলো।,,,,Positive,0.6316224634271946,model_autofill,False
"ডিবজলের একটা সিনেমার কথা মনে পড়ল,,",,,,Positive,0.4575061461474993,model_autofill,True
"তবে আসলেই যদি সদিচ্ছা থাকে, তাহলে আগাম ধন্যবাদ",,,,Positive,0.3739663802951563,auto_second_pass_kept,True
ভালো তো খুব ভালো।।,,,,Sarcastic_negative,0.3563427442262654,auto_second_pass_kept,True
গর্তের ভিতর এতদিন ছিল এখন মাতা লারা ছাড়া দিতাছে বেশি লাড়াছাড়া দিলে গদি থাকবে না বেশিদিন,,,,Sarcastic_negative,0.4884635771541848,model_autofill,True
নতুন নতুন তো তাই আর কি,,,,Positive,0.4163668954662362,model_autofill,True
বাসর রাতে একজন তরুণ যুবকের কনফিডেন্স!!,,,,Negative,0.4163612456735433,model_autofill,True
তাকে বলে ভূতের মুখে রাম নাম,,,,Positive,0.4305567323828578,model_autofill,True
সাবাস,,,,Sarcastic_negative,0.3853886167482251,auto_second_pass_kept,True
সোনায় তেল বেশি হয়ে গেছে,,,,Sarcastic_negative,0.4421079502607061,model_autofill,True
এটা কি অনলাইনে না বাস্তবে।,,,,Sarcastic_negative,0.3863967296474976,auto_second_pass_kept,True
তাহলে আপনি ঠিকবেন না,,,,Sarcastic_negative,0.7425956308226817,model_autofill,False
"OOO vai sodanir powa , juddu nolagibo alrpotala",,,,Sarcastic_negative,0.3657469774059413,auto_second_pass_kept,True
নেয় ইতিহাসে কখনো পরাজিত হয় নাই।,,,,Negative,0.6359994056632583,model_autofill,False
প্রথম বলই সিক্সার।,,,,Positive,0.4272123410786891,model_autofill,True
মাল পকেটে গেলে সব ঠিক হয়ে যাবে সোজা কথা,,,,Positive,0.6287922100909247,model_autofill,False
উনার জন্য সরকার বিপদে না পড়ে.... এই একটায় আছে খাপ ছাড়া,,,,Negative,0.4896344623413605,model_autofill,True
"৫ আগষ্টের পর,,,এই প্রথম জনগণের জন্য ভালো কাজে উদ্যোগ নিলেন,,,,,, এই খোকা আমাদের",,,,Negative,0.644824717913807,model_autofill,False
https://www.facebook.com/share/1HLcffD9Jo/,,,,Neutral,0.8894254880317428,model_autofill,False
https://www.facebook.com/share/1Ac6pTRbEX/,,,,Neutral,0.8894254880317428,model_autofill,False
ফেসবুকে পোষ্ট দিয়ে হবে মনা? ভাইরাল ভাইরাসে ধরেছে!,,,,Neutral,0.4660255014448441,model_autofill,True
কথায় না বড় হয়ে যদি কাজে বড় হন আর সেটা যদি বাস্তবে করিয়ে দেখাতে পারেন অবশ্যই এর ফল পাবেন একদিন হয়তো আরো বড় মানের নেতা হবেন,,,,Sarcastic_negative,0.3252121323705069,auto_second_pass_kept,True
কথ নয় কাজে প্রমান করতে হবে,,,,Neutral,0.5146904169957376,model_autofill,False
ইনশাল্লাহ যদি বাস্তবে হয় তাহলে তুমিই হবে আমাদের বাংলার রিয়েল হিরো কারণ যে ভালো কাজ করে তার জন্য সম্মানও থাকে,,,,Positive,0.5574082648482772,model_autofill,False
https://www.facebook.com/share/r/1Af15YzgY3/,,,,Neutral,0.8885655925758795,model_autofill,False
কথা আর কাজে যেন মিল পাই,,,,Positive,0.9259557662900548,model_autofill,False
"আরে ভাই, শুধু বুলি ঝাড়লে হবে না? করে দেখান জনাব",,,,Positive,0.5006599404530836,model_autofill,False
প্রথমেই এলপিজি গ্যাসের দাম পুনঃ নির্ধারণের আবেদন জানাচ্ছি।,,,,Negative,0.3494176646409664,auto_second_pass_kept,True
"দেখা যাবে , আগে জুলাই সনদে শপথ নিন -- আপনেতো সাহসী বাবার সাহসী বীর সন্তান ! আপনেতো ভয় পাননা -তাহলে শপথ নিন -- তবেইতো সাহসী সত্যবাদী বীর মানবো !!",,,,Negative,0.3121409724375503,auto_second_pass_kept,True
দেশে মোবাইল কলরেট এবং চড়া মূল্যে ডেটা নির্ধারণ বন্ধ করে জনগণের জন্য,,,,Sarcastic_negative,0.5392574797748445,model_autofill,False
"অল্প মূল্য কলরেট এবং সাশ্রয়ী মূল্যে ডেটা দিতে হবে।-বর্তমান সরকারের কাছে বিষয়টি অবগত করা হলো। তারা যাতে বিষয়টি বিবেচনা করে। বর্তমান অপারেটররা পূর্বের সরকারের ভ্যাট, ট্যাক্স এর উপর বহাল করে তাদের মতো চলতেছে।",,,,Negative,0.4163725190732706,model_autofill,True
এই তো একজন ফাটাকেষ্ট পাইলাম! এগিয়ে যান!!,,,,Negative,0.5903880630476366,model_autofill,False
আওয়ামী বিএনপি ভাই ভাই,,,,Negative,0.7220024738031214,model_autofill,False
Sundor kotha,,,,Sarcastic_negative,0.4086208511326756,model_autofill,True
লেবুর হালি ২০০ টাকা।,,,,Negative,0.3742997100956289,auto_second_pass_kept,True
নিজের সাথে নিজের যুদ্ধ ঘোষনার মতোই,,,,Negative,0.4520709885909267,model_autofill,True
আমি তো চ্যানেল 420 ভেবেছিলাম,,,,Negative,0.6446439694460033,model_autofill,False
ফাঁকা বুলি,,,,Sarcastic_negative,0.4487031932307016,model_autofill,True
মানুষ হুংকার দেখতে চায় না মানুষ কর্ম দেখতে চায় আজব বাংলাদেশ যে দেশের ধর্মমন্ত্রী ১৯০ কোটি টাকা ঋণ খেলাপি,,,,Positive,0.5705912961196423,model_autofill,False
এইসব বয়ান আর মানুষ খায় না,,,,Positive,0.4900145588750409,model_autofill,True
মুখের বয়ান,,,,Sarcastic_negative,0.3005943193040458,auto_second_pass_kept,True
ঢাকা গুলিস্তান চাঁদার জন্য দাড়ি গেছে,,,,Positive,0.538091748294178,model_autofill,False
ইনশাআল্লাহ বিজয় আসবেই,,,,Positive,0.6299446879511661,model_autofill,False
আগের থেকে শিক্ষা নিয়ে কাজ করলে ভাল। না হলে ফাকা বুলি।,,,,Negative,0.5455050614204674,model_autofill,False
"অনেক সুন্দর লাকছে কথা গুলো হৃদয়ে লাকছে,,,ভাই শুভ কামনা,,নতুন রুপে ফিরে আসুক আমাদের বাংলাদেশ",,,,Positive,0.5751355716500443,model_autofill,False
শুধুই ডাকাডাকি রেজাল্ট শূন্য,,,,Sarcastic_negative,0.4266918928386948,model_autofill,True
কথায় নয় পাবলিক এখন কাজে বিশ্বাসি,,,,Positive,0.7576398581495044,model_autofill,False
"""নিরাপদ খাদ্য নিশ্চিত করুন। নিরাপদ খাদ্য আমাদের অধিকার""।",,,,Negative,0.4692933919820863,model_autofill,True
আপনার মতো সাহসী একজন থাকলে 2য় আর কেউ লাগবে নায়,,,,Positive,0.3481785892659887,auto_second_pass_kept,True
ঘেরাও কর্মসূচি দিতে হবে,,,,Neutral,0.9710642301735772,model_autofill,False
গুড জব,,,,Negative,0.3366529046902968,auto_second_pass_kept,True
আলহামদুলিলাহ,,,,Positive,0.6228221028638703,model_autofill,False
শাবাশ বীর মুক্তি যোদ্ধার বীর সন্তান,,,,Neutral,0.3220911219670685,auto_second_pass_kept,True
আলহামদুলিল্লাহ শুকুর আলহামদুলিল্লাহ। দোয়া করি যেন মহান আল্লাহ তাআলা আপনার জন্য সহায়ক ভূমিকা পালন করেন,,,,Positive,0.8041470715477126,model_autofill,False
যুদ্ধটা মোবাইলের ভিতর থাক বাস্তবায়ন করা দরকার নাই,,,,Negative,0.4530691032445945,model_autofill,True
"ভাল সব ফালাইবা ১৭,বছর কতো ফালাইছো",,,,Sarcastic_negative,0.585781238576455,model_autofill,False
বাট পার,,,,Negative,0.4325661844971215,model_autofill,True
ফেসবুকে এই সীমাবদ্ধ থাকবে বাস্তবে নয়,,,,Negative,0.3518061981800782,auto_second_pass_kept,True
শুধু ফেসবুক গরম করলে হবে না,,,,Neutral,0.8768215476017545,model_autofill,False
কাজে প্রমাণ দেখতে চাই,,,,Sarcastic_negative,0.3645853468713921,auto_second_pass_kept,True
ভাল লাগলো,,,,Sarcastic_negative,0.5257552017899076,model_autofill,False
ইনশাআল্লাহ বাস্তবায়ন হোক,,,,Positive,0.6786588941619037,model_autofill,False
হইছে মুক্তিযুদ্ধ প্রতিমন্ত্রী,,,,Negative,0.3662924379510663,auto_second_pass_kept,True
যুদ্ধ ঘোষণা করতেছে মজুতদার তথা বাণিজ্য নিয়ে!,,,,Sarcastic_negative,0.5913276490166643,model_autofill,False
পাব্লিকেও খুশি হয়ে হাত্তালি দিতেছে।,,,,Sarcastic_negative,0.6402557935727252,model_autofill,False
"দোয়া ও শুভকামনা সবসময়, ইনশাআল্লাহ সাথে আছি থাকবো, এগিয়ে যাও।",,,,Positive,0.630525047005153,model_autofill,False
কথার আগে কাজ করে দেখাতে হবে,,,,Neutral,0.5123025791072203,model_autofill,False
গণভোটে হ্যা এর পক্ষে,,,,Sarcastic_negative,0.4347936897947501,model_autofill,True
কথা বলায়।,,,,Positive,0.9028631370916466,model_autofill,False
টেলিভিশনের চারজন সাংবাদিককে চা'কুরীচ্যুত করলো,,,,Sarcastic_negative,0.3725943726435841,auto_second_pass_kept,True
কথা নয় কাজে বড় হওয়া চাই,,,,Positive,0.7396509814073464,model_autofill,False
ইনশাআল্লাহ আল্লাহ আপনার সহায় হোক,,,,Positive,0.53756655325607,model_autofill,False
চমৎকার সিদ্ধান্ত,,,,Sarcastic_negative,0.4584522396423497,model_autofill,True
ভাইয়ে ফেইসবুক সীমাবদ্ধ না রেখে কাজে কামে দেখান,,,,Sarcastic_negative,0.3775508783516602,auto_second_pass_kept,True
বক্তব্য বক্তব্যের জায়গায় নমুনাটা দেখে নিন আজকেরই,,,,Negative,0.443545206400817,model_autofill,True
https://www.facebook.com/share/r/1BGu6G4TNQ/,,,,Neutral,0.8885655925758795,model_autofill,False
"আল্লাহ আপনাকে অন‍্যায়ের বিপক্ষে,এবং ন‍্যায়ের পক্ষে অবিচল থাকার তৌফিক দান করুক।",,,,Positive,0.5559329944075536,model_autofill,False
দেশের মানুষ এটা চাইছে,,,,Negative,0.3170010307796597,auto_second_pass_kept,True
এগিয়ে জাও ইশরাক ভাই,,,,Positive,0.3419537156608035,auto_second_pass_kept,True
হা হা দিছে কোন পাডা হালায়,,,,Negative,0.5390594163042991,model_autofill,False
সাব্বাশ এগিয়ে যাও,,,,Sarcastic_negative,0.3807373836844392,auto_second_pass_kept,True
"ভাই তুই আগে তোর নিজের অন্যায়ের উপর যুদ্ধ ঘোষণা কর,তারপর অন্যদের।",,,,Sarcastic_negative,0.3527903477301112,auto_second_pass_kept,True
কাজে কোথায় মিল রাখেন,,,,Sarcastic_negative,0.3600429877039979,auto_second_pass_kept,True
কাজে বিশ্বাসী মানুষ কথায় না,,,,Positive,0.7945441876148617,model_autofill,False
বীর পূরুষ।,,,,Sarcastic_negative,0.3673335583488858,auto_second_pass_kept,True
দেখা যাক কি পযন্ত কাজ করতে পারে,,,,Sarcastic_negative,0.5234081175081021,model_autofill,False
ফেসবুকে হুমকিতে কাজ হবেনা সরাসরি বাস্তবায়ন করে দেখাতে হবে।,,,,Neutral,0.7779396570300008,model_autofill,False
"হায়রে, আমি নিজেইতো মাফিয়া,!!!",,,,Negative,0.8491511964211885,model_autofill,False
তাহলে আগে নিজেই নিজের বিরুদ্ধে যুদ্ধ করো।।,,,,Negative,0.3630734203081769,auto_second_pass_kept,True
ইনশাআল্লাহ সাথে আছি,,,,Positive,0.6306113988787241,model_autofill,False
প্রমান ছাড়া সাধারণ জনগন বিশ্বাস করে না।,,,,Positive,0.3615317222021707,auto_second_pass_kept,True
অভিনন্দন ভাই,,,,Negative,0.3700781579894105,auto_second_pass_kept,True
হুমকি ধামকি নয়!!,,,,Sarcastic_negative,0.3894080094122988,auto_second_pass_kept,True
কাজে করে দেখান আমজনতা সবাইকে পাশে পাবেন ইনশাআল্লাহ,,,,Positive,0.740871882965183,model_autofill,False
শুভকামনা রইলো,,,,Sarcastic_negative,0.5199513448824428,model_autofill,False
কথায় না কাজ করে দেখান।,,,,Positive,0.8914663202713198,model_autofill,False
ফেসবুকে নয় বাস্তব রূপান্তর হয়ে,,,,Negative,0.4050054137417492,model_autofill,True
ঊর্ধ্বগতি বাজার দ্রব্যমূল্য কমিয়ে আনা হোক।,,,,Negative,0.6039793977658195,model_autofill,False
এলপিজি গ্যাস ৭০০ টাকা নির্ধারণ করা হোক,,,,Positive,0.4081795774384519,model_autofill,True
কাজে দেখানো উচিত,,,,Negative,0.3219990552981968,auto_second_pass_kept,True
এস কথা শুধু ফেইসবুকে মনায় বাস্তবতা অনেক কঠিন,,,,Sarcastic_negative,0.4086998642701452,model_autofill,True
You are a big mafia boss,,,,Sarcastic_negative,0.5693350905293374,model_autofill,False
বাস্তবে দেখতে চাই,,,,Negative,0.3056746379003637,auto_second_pass_kept,True
দেখা যাবে,,,,Negative,0.2914147190107574,auto_second_pass_kept,True
কথার সাথে কাজের মিল থাকলে গরিবের দুআ আপনার জন্য,,,,Sarcastic_negative,0.5678516786407642,model_autofill,False
কোথায় বললে হবে না কাজে দেখাতে হবে তাহলে জনগণ আপনাদের বাহবা দেবে,,,,Neutral,0.9260004041261064,model_autofill,False
চমৎকার উদ্যোগ।,,,,Neutral,0.5007193977324812,model_autofill,False
দেখা জাইক,,,,Negative,0.4720336279912466,model_autofill,True
"অভিনন্দন,জনতার নেতা",,,,Positive,0.3330294127172206,auto_second_pass_kept,True
তুমি খাইও,,,,Sarcastic_negative,0.6512109738916185,model_autofill,False
father of mafiya,,,,Sarcastic_negative,0.3222373648284741,auto_second_pass_kept,True
ধন্যবাদ ইসরাক ভাই রাজনৈতিক ক্যারিয়ারের সবচেয়ে ভালো কথাটা পেলাম আপনার কাছ থেকে।,,,,Positive,0.8610312628012544,model_autofill,False
সদর ঘাট বা ওয়াইজঘাটে দেখলাম এই ছেলেটার একটা চাঁদাবাজি ক্লাব করছে।,,,,Negative,0.751109381678853,model_autofill,False
নিজের বিরুদ্ধে কি যুদ্ধ করা যায়,,,,Neutral,0.379338632546046,auto_second_pass_kept,True
রাজাকারদের বিরুদ্ধে আমিও যুদ্ধে সামিল হতে চাই,,,,Negative,0.6112708727845019,model_autofill,False
ফেইসবুকে সীমাবদ্ধ তাকে যেনো,,,,Sarcastic_negative,0.400240366739578,model_autofill,True
এর যুদ্ধ ফেসবুকেই সীমাবদ্ধ,,,,Sarcastic_negative,0.5420714215290694,model_autofill,False
দেশবাসী আপনার সাথে,,,,Sarcastic_negative,0.7812471574018801,model_autofill,False
মুখে একটা মনে আরেকটা কোন কাজ হবে না,,,,Neutral,0.619833362235416,model_autofill,False
ফেসবুকে মাফিয়া নিধন ঘোষণা...!,,,,Sarcastic_negative,0.3368231447422119,auto_second_pass_kept,True
কথায় নয় কাজে প্রমান চাই।,,,,Positive,0.4614417577110213,model_autofill,True
লেবু ১২০ করলা ২০০৳ হাস্যকর পোস্ট দিয়ে কি হবে কাজে করে দেখান,,,,Neutral,0.7557005414666811,model_autofill,False
বাস্তব কথা হল এবাররাজনৈতিক প্রেক্ষাপট একটু ভিন্ন দেখা যাচ্ছেযারা ক্ষমতা এসেছেন তাদের ভিতর একটা দেশ প্রেম দেখতে পাচ্ছি ভাই দোয়া এবং শুভকামনা রইল আপনাদের জন্য ভালো মন মানসিকতা নিয়ে এগিয়ে যান,,,,Positive,0.6997058166820718,model_autofill,False
সাভাস,,,,Sarcastic_negative,0.4037945025894339,model_autofill,True
নগর ভবন ঘেরাও করেন,,,,Positive,0.5415293787164598,model_autofill,False
"আলহামদুলিল্লাহ, সফল হউক।",,,,Positive,0.6745040812055839,model_autofill,False
নিজেদের বিরুদ্ধে নিজেদের যুদ্ধ,,,,Sarcastic_negative,0.3853388190073611,auto_second_pass_kept,True
একমত পোষণ করছি,,,,Negative,0.4169224520994631,model_autofill,True
এগুলো তো মিডিয়ার বয়ান,,,,Positive,0.3419680129275934,auto_second_pass_kept,True
Online,,,,Sarcastic_negative,0.3960683582948007,auto_second_pass_kept,True
হউররার ( সরিষা) ভিতরেই ভুত!,,,,Negative,0.4340945817639343,model_autofill,True
"এটা বলাতে আপনাদের চোখে হিরো হলো, আর আমি দেখলাম ইসরাকের ইনকাম বাড়লো, বলেন কেমনে?",,,,Positive,0.4142439650799931,model_autofill,True
সিন্ডিকেট ওয়ালারা তার মুখ বন্ধো রাখতে এখন তাকে টাকা দিবে।,,,,Sarcastic_negative,0.5331994292007718,model_autofill,False
"বিকাশ নুর এজেন্সীর বিরুদ্ধে ব্যাবস্থা নিবে বলছে না, সেও টাকা খাওয়ার জন্য বলছে।",,,,Positive,0.366151014148206,auto_second_pass_kept,True
(ইশরাকে চামচা আমি এখানে টয়লেট ক্লিনার আমার পোষ্টে হা হা হা দিবে দেখবেন।),,,,Negative,0.6072200784962195,model_autofill,False
ফেসবুকে যুদ্ধ ঘোষণা করলে কি হয়?,,,,Sarcastic_negative,0.3286200691984349,auto_second_pass_kept,True
এইবার সংসদ ভবন দখল করবে।,,,,Positive,0.4449812055202578,model_autofill,True
"মাশাআল্লাহ, কথার সাথে কাজের মিল থাকলেই হয়, আমরা সাধারণ জনগণ অপেক্ষায় ইনশাআল্লাহ",,,,Positive,0.6067878834533452,model_autofill,False
মাফিয়া কাকে বলে এই সংজ্ঞা ক্লিয়ার করতে হবে আগে ।,,,,Neutral,0.5849585625793082,model_autofill,False
যারা চান্দাবাজি করে তারা মাফিয়া,,,,Positive,0.517571744602093,model_autofill,False
নাকি যারা চান্দাবাজির বিরুদ্ধে প্রতিবাদ করে তাদেরকে মাফিয়া বলে ।,,,,Sarcastic_negative,0.3758132851131597,auto_second_pass_kept,True
কোনটা।,,,,Sarcastic_negative,0.5377269623444091,model_autofill,False
এগুলো মুখের কথা মনের কথা না,,,,Positive,0.8082076734594719,model_autofill,False
ভূতের মূখে রাম রাম,,,,Sarcastic_negative,0.60302539162145,model_autofill,False
"নিজের একটা,,,,,,,,",,,,Sarcastic_negative,0.4381585308651896,model_autofill,True
বাস্তবায়ন করো তাহলে তুমিই হবে বাংলার রিয়াল হিরো।,,,,Neutral,0.8335590447825535,model_autofill,False
ঘেরাও।,,,,Sarcastic_negative,0.4420480860410296,model_autofill,True
কথাটা বলার জন্য ধন্যবাদ। বাস্তবায়নের অপেক্ষায় রইলাম,,,,Positive,0.8793895838695377,model_autofill,False
Facebook পোস্টে নয় বাস্তবায়ন করে দেখান,,,,Positive,0.3381430094113539,auto_second_pass_kept,True
এগিয়ে যান,,,,Sarcastic_negative,0.3348812287198589,auto_second_pass_kept,True
সে নিজেই তো মাপিয়া!,,,,Sarcastic_negative,0.4369083637283494,model_autofill,True
Right,,,,Sarcastic_negative,0.4093940743400722,model_autofill,True
ওরে বাটপার ওরে নাটক,,,,Negative,0.4244237624188836,model_autofill,True
এই হুশিয়ারি যেনো আমরা বাস্তব এ দেখতে পাই,,,,Negative,0.7680917628288597,model_autofill,False
অনেক অনেক শুভকামনা থাকবে,,,,Sarcastic_negative,0.6491554398687107,model_autofill,False
ও আচ্ছা দেখা যাক,,,,Sarcastic_negative,0.3305998071973568,auto_second_pass_kept,True
ইনশাল্লাহ আপনারা যেন ন্যায়ের পথে কাজ করতে পারেন,,,,Sarcastic_negative,0.5704611648612976,model_autofill,False
কাজের মাধ্যমে প্রমান করেন,,,,Sarcastic_negative,0.4258254304712369,model_autofill,True
খুব ভালো,,,,Sarcastic_negative,0.3467803442877758,auto_second_pass_kept,True
মিডিয়ায় এসে এমন গলাবাজি করতেই পারবা| বাস্তবে দেখা যাবে তোমরাই জড়িত এসবের সাথে,,,,Sarcastic_negative,0.4628514801735041,model_autofill,True
কত টাকার বিনিময় এই যুদ্ধ বন্ধ করবেন তা জাতি জানতে চায়।,,,,Negative,0.5954308876154152,model_autofill,False
আছি ভাই,,,,Negative,0.385224013915004,auto_second_pass_kept,True
নেতা তো এমনি হওয়া উচিত,,,,Negative,0.2731480731432832,auto_second_pass_kept,True
কাজ করে দেখান,,,,Positive,0.5783182485786871,model_autofill,False
যেনো আপনার শত্রুও আপনার প্রশংসা করে।,,,,Sarcastic_negative,0.7918000204716756,model_autofill,False
"উনি প্রথম ব্যক্তি যে ,নিজের বিরুদ্ধে যুদ্ধ ঘোষণা করল।",,,,Positive,0.2777847919213661,auto_second_pass_kept,True
মরনের সময় যখন ঘনিয়ে আসে পিঁপড়া তখন বেশী ফড়ফড় করে।বিএনপির সামনে আবারো ৯৬ দেখা দিয়েছে।মনে আছে কি সে ৯৬?মাত্র ১২দিন টিকেছিল বিএনপি।এবার না হয় ১২০দিন টিকবো ।,,,,Negative,0.7290650383042718,model_autofill,False
ফেসবুকে ঘোষণা করছেন ভালো কথা মাঠে তার বাস্তবায়ন দেখতে চাই।,,,,Positive,0.6155502644167951,model_autofill,False
বাস্তবে দেখাতে হবে,,,,Neutral,0.9535362794397256,model_autofill,False
আল্লাহ্ ওয়াস্তে নিজের ঘরের চাঁন্দাবাজ গুলাকে সামলান। তাহলে এমনেতেই ভোগ্যপন্যের দাম কমে আসবে৷ অযথা হুঙ্কার দিয়ে স্ট্যান্ডবাজি করে লাভ নাই।,,,,Negative,0.5136599024104888,model_autofill,False
বাস্থবায়ন করতে হবে,,,,Neutral,0.7739962156314195,model_autofill,False
কথায় না কাজে প্রমান চাই,,,,Positive,0.5143902038981992,model_autofill,False
ফেসবুকে আমি ভাবলাম সরাসরি,,,,Negative,0.3789188515702551,auto_second_pass_kept,True
ফেসবুক যোদ্ধা,,,,Sarcastic_negative,0.3155745941363204,auto_second_pass_kept,True
Nijer biruddhei juddho?,,,,Sarcastic_negative,0.3357006301688246,auto_second_pass_kept,True
সরকারি দল বিরোধীদল মিলেমিশে সুন্দর একটি রাষ্ট্র পরিকল্পনা করুন। হিংসা বিদ্বেষ থেকে আল্লাহ আমাদেরকে রক্ষা করুন।,,,,Negative,0.8769032164269694,model_autofill,False
আল্লাহ সবাইকে সৎ ও নিষ্ঠার সাথে কাজ করার সুযোগ দিন তৌফিক দিন। আল্লাহ সবাইকে দুর্নীতি মুক্ত রাখুন।,,,,Negative,0.4541451664602581,model_autofill,True
দেখি....,,,,Sarcastic_negative,0.3684809484979851,auto_second_pass_kept,True
ইনশাআল্লাহ। এগিয়ে যাও বাংলাদেশ।,,,,Positive,0.945153480851236,model_autofill,False
ফেজবুক পযর্ন্ত ঠিক আছে,,,,Negative,0.488531940176568,model_autofill,True
কথা আর কাজ ঠিক থাকলে স্যালুট জানাবো ইনশাআল্লাহ।,,,,Positive,0.9625086284749884,model_autofill,False
কথা ও কাজে মিল থাকলে জনসমর্থন দ্বিগুন হবে।,,,,Neutral,0.589783532062093,model_autofill,False
দেখা যাক কতটুকু পারো,,,,Neutral,0.3781202326221137,auto_second_pass_kept,True
আর যাদের ১ :২ লক্ষটাকা দেনার কারনে ঘর চারা বাড়ি চার পাওনা দ্বারেরা তার বাড়ি দখল করে নিয়ে নিতে চাইতেচে তারার কি হবে,,,,Neutral,0.3578051793062067,auto_second_pass_kept,True
আমরাও প্রয়োজনে আপনাদেরকে এই কাজে সহযোগিতা করবো।তবুও সিন্ডিকেট ভেঙে দিন।,,,,Negative,0.7258881147240669,model_autofill,False
আমরা বাস্তবতা দেখতে চাই,,,,Negative,0.5987790031556346,model_autofill,False
কথায় নয় কাজে প্রমান চাই।,,,,Positive,0.584546465044165,model_autofill,False
ভাগ নেয়ার জন্য হুমকি আর কি,,,,Positive,0.7160847491601908,model_autofill,False
জ্বি সেটাই,,,,Sarcastic_negative,0.4141687004917136,model_autofill,True
"এই কথা বলার পর চাচার বাড়িতে অলরেডি ৪ কোটি ঢুকে গেছে,,,",,,,Positive,0.5226944378916959,model_autofill,False
Nijera chandabazi korey ekhon notun bashay kotha bole,,,,Sarcastic_negative,0.5619585661493957,model_autofill,False
এটা যেন ফেইসবুকে না হয়,,,,Sarcastic_negative,0.4106676853322762,model_autofill,True
কথা বলা আর বাস্তবায়িত করা এক জিনিস নয়,,,,Positive,0.8837435838230163,model_autofill,False
Faka abaj,,,,Sarcastic_negative,0.4886751211249586,model_autofill,True
"আমাদের পবিত্র রমজান মাসের দোয়া, হে আল্লাহ!",,,,Negative,0.8352288192238716,model_autofill,False
"ইলেকশন ইঞ্জিনিয়ারিংয়ের সাথে যে দল এবং কর্মকর্তারা জড়িত, তাদেরকে প্যারালাইসিসড ও উম্মাদ করে দাও।",,,,Negative,0.6953339061469803,model_autofill,False
ভোট চোরদের মুখে অনেক কিছু শুনা যাবে,,,,Sarcastic_negative,0.3573065987236449,auto_second_pass_kept,True
কথা এবং কাজ যদি ঠিক থাকে তাইলে আলহামদুলিল্লাহ,,,,Positive,0.7776099119200603,model_autofill,False
নিজেই মাপিয়া,,,,Sarcastic_negative,0.3928463505777087,auto_second_pass_kept,True
কথা না বলে কাজে দেখিয়ে দিন !,,,,Positive,0.8772523315080238,model_autofill,False
ইশরাক মুভির নাম যুদ্ধ ঘোষনা,,,,Sarcastic_negative,0.4051172636331419,model_autofill,True
১৭ বছরের যুদ্ধ,,,,Sarcastic_negative,0.7243773027597494,model_autofill,False
ইনশাআল্লাহ আপনি ও তারেক রহমানের উপর ভরসা আছে,,,,Positive,0.5635521531604358,model_autofill,False
লোক দেখানো কথা না বলে।কথা এবং কাজে মিল রেখে দেখান। তাহলে বলা যাবে আপনারা ভালো কাজ করতেছেন।,,,,Positive,0.7259484287258461,model_autofill,False
বাস্তবায়ন হলে খুশি হবো।,,,,Neutral,0.6654795304984887,model_autofill,False
"আমরা এখন কথা বিশ্বাসীনা কাজে বিশ্বাসী এসব বুলি সুনতেছি অনেক কাজের কাজ কিছুই হয় না,তাই বলছি আগে কাজ করে দেখান।",,,,Positive,0.5807426630255645,model_autofill,False
এটাই হোক আগামীর বাংলাদেশ,,,,Positive,0.6157589672144518,model_autofill,False
এটা বাস্তবায়ন করেন,,,,Positive,0.4013773969246647,model_autofill,True
জিরো টলারেন্স দূর্নীতি অনিয়ম কে।।,,,,Sarcastic_negative,0.4329136250873331,model_autofill,True
"গুলিস্তান, বঙ সহ সমগ্র এলাকার চাদা তুলা এবার বন্ধ হবে",,,,Neutral,0.7010778126386795,model_autofill,False
নিজের সাথে নিজের যুদ্ধ এই প্রথম।,,,,Negative,0.682259231341357,model_autofill,False
এগিয়ে যাও,,,,Sarcastic_negative,0.343019646940377,auto_second_pass_kept,True
জাতি কাজে তার প্রতিফলন দেখতে চায়,,,,Negative,0.5351019448962367,model_autofill,False
সে নিজেই মাফিয়া,,,,Sarcastic_negative,0.4241910431012444,model_autofill,True
New natok,,,,Sarcastic_negative,0.4824639839844591,model_autofill,True
ইনশাআল্লাহ কথা কাজে মিল পাবে বাংলাদেশ #JusticeForHadi,,,,Positive,0.8865205604283256,model_autofill,False
সহমত দিলাম আপনারা সাথেই,,,,Sarcastic_negative,0.917989291639949,model_autofill,False
কথা অনুযায়ী কাজ হলেই তো ভালো। আমরাও তো শান্তিতে থাকতে চাই। অশান্তি কে চায়!!,,,,Negative,0.4110130831771948,model_autofill,True
তাহলে তো মির্জা or তোমার সাথে বিশাল যুদ্ধ হবে,,,,Neutral,0.8832605886004501,model_autofill,False
"প্রথম প্রথম এগুলো সবাই বলে,",,,,Positive,0.6622793773560712,model_autofill,False
কিছু দিন পর ওরা নিজেরাই সবচেয়ে বড় দুর্নীতিবাজ হয়ে যায়।,,,,Positive,0.3400779498129689,auto_second_pass_kept,True
"এগুলা পেইচবোকে সীমাবদ্ধ থাকলে হবে না, প্রয়োগ চাই জনগন",,,,Neutral,0.5981760887769011,model_autofill,False
১২ কেজি গ্যাস সিলিন্ডার ১৭৫০ টাকায় বিক্রি করতেছে আজকে।।,,,,Sarcastic_negative,0.6450255774556058,model_autofill,False
কথা কম বলে কাজ করে দেখান,,,,Positive,0.8188999182266152,model_autofill,False
নয়নের জন্য একটা চাকরির ব্যাবস্থা করা হোক।,,,,Positive,0.612892655150866,model_autofill,False
মাশাআল্লাহ ভালো কথা বলছেন ধন্যবাদ,,,,Positive,0.931121924976668,model_autofill,False
রোজার পরে করবেন?,,,,Negative,0.6556922420878496,model_autofill,False
এমন কথা আগে কনো সংসদ সদস্যর কাছ থেকে সুনিনি,,,,Negative,0.404469594487629,model_autofill,True
"যদি বাস্তবে করতে পারেন,গুড",,,,Sarcastic_negative,0.5721905043311533,model_autofill,False
বড় মাফিয়া কারা তাদের পরিচয় প্রকাশ করা হোক,,,,Negative,0.7065596006152152,model_autofill,False
কথায় নয় কাজে দেখতে চাই,,,,Positive,0.6983042295760407,model_autofill,False
নিজেকে চেনানোর সময় এসেছে,,,,Sarcastic_negative,0.7122220957993393,model_autofill,False
হুংকারে নয় কাজে পরিচয় চাই,,,,Negative,0.4441719059331177,model_autofill,True
১৮ দিনের নগরবাসীর জনদুর্ভোগ এর কালিমা মোচন,,,,Sarcastic_negative,0.7731379948146129,model_autofill,False
কিছুটা হলেও কিছু কমবে,,,,Sarcastic_negative,0.4028368658950967,model_autofill,True
"ফেসবুকের নির্বাচনী ফলাফল মিথ্যা ছিল, তাহলে এটা যে সত্য তা কিভাবে বুঝবো",,,,Sarcastic_negative,0.3866389571961159,auto_second_pass_kept,True
এই স্ট্যাটাস দেয়া হয়েছে যাতে ওরে সবাই চাঁদা দেয় চাঁদা দিয়ে ওর মুখ বন্ধ করার জন্য ও ফেসবুকে এই স্ট্যাটাস দিয়েছে,,,,Negative,0.5505526989122991,model_autofill,False
"১২ তারিখ নির্বাচন হয়েছে,",,,,Sarcastic_negative,0.7673923581338419,model_autofill,False
১৪ তারিখ হইতে বয়লার মুরগি,,,,Negative,0.3790899251722897,auto_second_pass_kept,True
কে জি ২১০ টাকা কেন? জনগন জানতে চায়।,,,,Sarcastic_negative,0.3902283865340387,auto_second_pass_kept,True
সাধুবাদ জানাই এরকম উদ্যোগকে,,,,Neutral,0.3090422086399856,auto_second_pass_kept,True
আগে জিনিসের দাম কমান,,,,Negative,0.4382098971404387,model_autofill,True
সাব্বাশ,,,,Sarcastic_negative,0.4986027337890086,model_autofill,True
সবাই এটাই চাই,,,,Negative,0.3751548198131532,auto_second_pass_kept,True
আপনাকে ধন্যবাদ,,,,Positive,0.5219462404965867,model_autofill,False
ছুডোকালে পড়েছিলাম যত গর্জে তত বর্ষে না দেখা যাক বরিষণ হয় কিনা,,,,Sarcastic_negative,0.4115682682214235,model_autofill,True
প্রথমেই দেখি এলপিজি গ্যাসের দাম নিয়ন্ত্রণ করতে পারেন কিনা......,,,,Sarcastic_negative,0.4903682092361868,model_autofill,True
সাবাস বাপের বেটা ! মানুষের দোয়া পাওয়া যাবে নিশ্চয়ই ।,,,,Sarcastic_negative,0.3100941893028116,auto_second_pass_kept,True
"Facebook a fight colitacay,,, amra Adiance",,,,Neutral,0.5497044709217802,model_autofill,False
ফেসবুকেই যুদ্ধ থাক।বাইরে করে পরিবেশে সুড়সুড়ি দিবেন না।,,,,Sarcastic_negative,0.3817974820378789,auto_second_pass_kept,True
শুভ কামনা রইলো। বাস্তবায়ন করার অপেক্ষায় রইলাম,,,,Negative,0.3703287150491636,auto_second_pass_kept,True
সাবাস বেটা,,,,Sarcastic_negative,0.4129634635919046,model_autofill,True
কাজ করে প্রমান দাও চিল্লাও কম,,,,Positive,0.4087298122027752,model_autofill,True
Ki kon,,,,Sarcastic_negative,0.4512224698130869,model_autofill,True
Ma go,,,,Sarcastic_negative,0.4244088640004174,model_autofill,True
সাবাস এগিয়ে যাও,,,,Sarcastic_negative,0.3348543211537817,auto_second_pass_kept,True
সামনে রোজা আগামী দুই মাসের মধ্যেই বুঝতে পারবো মন্ত্রী সাহেবের হাঁক ডাক কাজে লেগেছে,,,,Negative,0.4683467748318525,model_autofill,True
সবাই খেলে তার বাটে কম পরবে সে একলা খাবে,,,,Negative,0.4150398813062175,model_autofill,True
ওদের থেকে বড় মাফিয়া কে,,,,Negative,0.427732467190062,model_autofill,True
দেখার অপেক্ষা রইলাম,,,,Negative,0.4219442344854754,model_autofill,True
আপনাদের কথা ফেসবুকে সীমাবদ্ধ,,,,Sarcastic_negative,0.4357445606218428,model_autofill,True
thanks bro,,,,Sarcastic_negative,0.4941161488116888,model_autofill,True
"জরুরী ভিত্তিতে এলপিজি গ্যাস এর দাম নির্ধারণ করা হোক, জনগণ সবচেয়ে বেশি এ ব্যাপারে সমস্যায় ভুগতেছে।",,,,Sarcastic_negative,0.4302237240806683,model_autofill,True
দুই দিনের ভিতরে চাউলের বাজার বাড়ছে কেজিতে দুই হতে তিন টাকা,,,,Sarcastic_negative,0.4130664220330034,model_autofill,True
সাবাস বাংলাদেশ ঘুরে দাঁড়াও। গ্যাস পাওয়া যাচ্ছে না সিন্ডিকেট ভাঙতে হবে।,,,,Neutral,0.9047175703068696,model_autofill,False
আমরাও সাথে আছি.. এদের গোষ্ঠীসমেত কবর দিন,,,,Negative,0.4057384337074618,model_autofill,True
"এলপিজি গ্যাসের দাম কমানো হোক,লেবু কেন ১০০ টাকা হালি",,,,Neutral,0.3272505946312178,auto_second_pass_kept,True
এভাবে দায়িত্ব পালন করলে ত মাশাল্লাহ।,,,,Positive,0.3589602849433617,auto_second_pass_kept,True
শুভকামনা রইলো।,,,,Sarcastic_negative,0.5199513448824428,model_autofill,False
https://www.facebook.com/share/r/1LTMz88q4T/,,,,Neutral,0.8885655925758795,model_autofill,False
কাজ দেখতে চাই,,,,Sarcastic_negative,0.2888106279549715,auto_second_pass_kept,True
কথা কম কাজ বেশি।,,,,Positive,0.5987706953076583,model_autofill,False
কাজে দেখান,,,,Negative,0.3280445764281983,auto_second_pass_kept,True
কাজে বাসতবায়ন করেন,,,,Positive,0.406646833116828,model_autofill,True
সেটাই প্রত্যাশা করি আমরা,,,,Negative,0.5900214808211556,model_autofill,False
কত লাগবে মিয়ল নাকি বিলিয়ন নাকি ট্রি লিয়ন বলেন জনাব,,,,Positive,0.3971691000954164,model_autofill,True
"কোন সরকার যদি, নিত্য প্রয়োজনীয় মালামালের দাম সার, তেল, বিদ্যুৎ, এটা যদি সুন্দরভাবে সরবরাহ করতে পারে তাহলে ওই সরকার সুনামের সাথে দেশ পরিচালনা করতে পারবে। যেটা আছে রাস্তাঘাট ওইটা শুধু সংস্কার করলেই হবে।",,,,Negative,0.4148643756239447,model_autofill,True
যুদ্ধটা কোথায় হবে।,,,,Neutral,0.992412349648508,model_autofill,False
বাস্তবতায় বিশ্বাসী,,,,Sarcastic_negative,0.3821733724972875,auto_second_pass_kept,True
কথা আর কাজের মিল থাকলেই আলহামদুলিল্লাহ,,,,Positive,0.8743684068998551,model_autofill,False
Very good,,,,Sarcastic_negative,0.4093940743400722,model_autofill,True
আলহামদুলিল্লাহ করে দেখান।।।,,,,Positive,0.8009475470781467,model_autofill,False
গলাবাজি বাদ দিয়ে জাতীয় নেতার মরহুম সাদেক হোসেন স্যার সন্তান হিসাবে ঠান্ডা মাথায় চিন্তা করে সিন্ধান্ত নিন গলাবাজি করে নয়,,,,Positive,0.615443657205701,model_autofill,False
_____,,,,Sarcastic_negative,0.4093940743400722,model_autofill,True
k A d A m,,,,Sarcastic_negative,0.4093940743400722,model_autofill,True
"কি কয়,আওলায় গেছে নি",,,,Sarcastic_negative,0.664519829321308,model_autofill,False
শুধু বলেই থেমে থাকলে হবে না কাজে করে দেখাতে হবে,,,,Neutral,0.9510193161647909,model_autofill,False
নিজের বিরুদ্ধেই কি যুদ্ধ,,,,Sarcastic_negative,0.3695176739264447,auto_second_pass_kept,True
কথা আর কাজে মিল চাই।,,,,Positive,0.9329673258606648,model_autofill,False
কথার সাথে কাজের মিল থাকলেই হবে,,,,Neutral,0.7424396576893133,model_autofill,False
"গ্যাসের দাম, এবং বাজারের জিনিস পত্রের দাম ঠিক করেন আগে।",,,,Positive,0.4857493985133769,model_autofill,True
"শুভ কামনা, এবার দেখার পালা।",,,,Sarcastic_negative,0.4005879205379902,model_autofill,True
"দেশে মাফিয়া চক্র দেখতে চাইনা,ধন্যবাদ জানাই।",,,,Positive,0.6921180997323106,model_autofill,False
"আজকেই দেখলাম ম্যাজিস্ট্রেট জব্বার সাহেবের সাথে দলের লোকজন কি ব্যবহার করছে, আগে ওটারে সাইজ করেন",,,,Negative,0.6713678853695711,model_autofill,False
চিল্লায়া মাঠ পাওয়া যায় না।,,,,Sarcastic_negative,0.3277408593586229,auto_second_pass_kept,True
মাননীয় প্রতিমন্ত্রী ইশরাক ভাই আশা করি এলপি গ্যাস 12 কেজি এক হাজার টাকা মূল্য করবেন,,,,Negative,0.3828285057560745,auto_second_pass_kept,True
এইটা শুধু ফেসবুকে বাস্তবে ভিন্ন!!!,,,,Sarcastic_negative,0.3108676077024009,auto_second_pass_kept,True
ভুতের মুখে রাম নাম,,,,Sarcastic_negative,0.4744618096086761,model_autofill,True
ঘোষনা টা খুবই ভালো।কিন্ত এখন দেখার বিষয় কিভাবে তা কার্যকর করেন।,,,,Positive,0.6254355638186175,model_autofill,False
বয়লার মুরগির ২২০ টাকা কেজি,,,,Negative,0.4956464364013183,model_autofill,True
"আমরা এটাই দেখতে চাই,, এর উল্টো টা না",,,,Negative,0.4726032202481554,model_autofill,True
এই বয়ানের সাথে কাজের মিল পেলেই চলে,,,,Negative,0.6634006413683871,model_autofill,False
"হযরত আবু হুরাইরা (রা.) থেকে বর্ণিত, রাসূলুল্লাহ (সা.) বলেছেন—",,,,Positive,0.4289296214114549,model_autofill,True
"“যে ব্যক্তি ঈমানের সাথে এবং সওয়াবের আশায় রমাদানের রোজা রাখে, তার পূর্বের গুনাহসমূহ ক্ষমা করে দেওয়া হয়।”",,,,Positive,0.5159704810617557,model_autofill,False
— (সহিহ বুখারি ও সহিহ মুসলিম),,,,Negative,0.3682819099141489,auto_second_pass_kept,True
শয়তান তার উত্তরসূরি বিরুদ্ধে যুদ্ধ ঘোষণা করেছেন 🙋‍😁,,,,Sarcastic_negative,0.2541616814392571,auto_second_pass_kept,True
বলা সহজ করা কঠিন,,,,Positive,0.7201240738022483,model_autofill,False
"বাল ফেলাবে,তুই নিজে চাদারু",,,,Sarcastic_negative,0.4552879689458269,model_autofill,True
দেখি ইনশাআল্লাহ,,,,Positive,0.7993701429767267,model_autofill,False
মাফিয়া করবে মাফিয়ার বিরুদ্ধে যুদ্ধ,,,,Positive,0.3899098358590393,auto_second_pass_kept,True
বাইরেই দেখবার চাই,,,,Sarcastic_negative,0.410570205890585,model_autofill,True
দেশের জন্য মন নিতাই দরকার,,,,Positive,0.4879968466495354,model_autofill,True
এজন্যই কারেন্ট নাই সারাদিন,,,,Negative,0.4137772450534454,model_autofill,True
আপনার চেয়ে বড় মাফিয়া আমি দেখি নাই,,,,Negative,0.3746037448830055,auto_second_pass_kept,True
Very good.,,,,Sarcastic_negative,0.4093940743400722,model_autofill,True
"বয়ান যেকোনো লোক দিতে পারে, কার্যকর করতে পারে না",,,,Negative,0.4355829520202445,model_autofill,True
যারা টাকা পাচার তাদের বিরুদ্ধে অ্যাকশন নেন,,,,Negative,0.3243044936199394,auto_second_pass_kept,True
নিজের দোষ স্বীকার করে বলেন,,,,Positive,0.5610286925446369,model_autofill,False
কথা শুনে খুব খুশি হলাম,,,,Positive,0.4374913971624449,model_autofill,True
আচ্ছা,,,,Sarcastic_negative,0.5215845012112403,model_autofill,False
ভাই এইবার না রোজার ঈদের পরে ইনশাআল্লাহ,,,,Positive,0.7688442724354777,model_autofill,False
"রমজান মাসে খাদ্যদ্রব্য, ভোজ্যতেল ও ভোগ্যপণ্যের সবচেয়ে বড় আমদানিকারক সিন্ডিকেট বসুন্ধরা, ফ্রেশ, সিটি , টিকে, নাবিল, এসিআই ইত্যাদি - মজুতদার ও পাইকারদের উদ্দেশ্যে কঠিন হুঁশিয়ারি দিচ্ছি। আমার নির্বাচিত সংসদীয় আসন থেকে সোজা করা শুরু হবে। এরপর যতদূর যেতে পারি।",,,,Negative,0.688758227947545,model_autofill,False
"কোনও বড় নেতা, মন্ত্রী , সরকারি কর্মকর্তা দিয়ে ক্ষমতা ব্যবহার করার সুযোগ নেই। সকল মাফিয়াদের বিরুদ্ধে যুদ্ধ ঘোষণা করলাম। সাধারণ নিম্নআয়ের মানুষ ঠিক মতো খেতে না পারলে, এই মাফিয়াদের বাড়িতেও রান্না হবে না। কথা দিলাম ইনশাআল্লাহ ।",,,,Positive,0.8514650862872839,model_autofill,False
আসসালামু আলাইকুম ভাইয়া ও আপুরা,,,,Negative,0.4631074696749481,model_autofill,True
আমাদের ছোট গ্ৰুপে জয়েন্ট হবার জন্য আপনাকে একটা রিকোয়েস্ট করলাম,,,,Negative,0.2898955703670283,auto_second_pass_kept,True
https://www.facebook.com/share/g/16ivqovicU/,,,,Neutral,0.8894254880317428,model_autofill,False
এক মাফিয়া আরেক মাফিয়ার বিরুদ্ধে যুদ্ধ ঘোষণা করা কতটা যুক্তিযুক্ত,,,,Positive,0.6662173876052337,model_autofill,False
বয়ানের সাথে কাজের মিল থাকলেই হয়,,,,Sarcastic_negative,0.6142058706605807,model_autofill,False
"আমরা এই রকম নেতাই তো চাই,দেশের কল্যাণে,জনগণের কল্যাণে কাজ করবে,সেই নেতার থাকবে না কোন লোভ।",,,,Negative,0.5101436265271575,model_autofill,False
কথা আর কাজে যেন মিল থাকে,,,,Positive,0.9189649452223322,model_autofill,False
জনাব জুলাই সংস্কারে শপথ না নিলে আপনাদের মন্ত্রী সভা কি বৈধ। আর আপনারা যা বলবেন আর যা করবেন তাও কি বৈধ? জুলাই না হলে কি মন্ত্রী হতে পারতেন?,,,,Sarcastic_negative,0.3859705968749246,auto_second_pass_kept,True
পরিবর্তনের আভাস মাশাআল্লাহ্,,,,Negative,0.5550498869573739,model_autofill,False
MD Juhad Shah,,,,Neutral,0.3680911818850067,auto_second_pass_kept,True
ভালো কিছু করে দেখান।,,,,Positive,0.7384693317214348,model_autofill,False
রমজান মাসে সব কিছুর দাম কমিয়ে দাও তাহলে ভেবে নেব তোমরা পারবে,,,,Negative,0.6288371772528307,model_autofill,False
ইনশাআল্লাহ চালিয়ে যান,,,,Positive,0.7933667350666901,model_autofill,False
কথার সাথে কাজে মিল রাখবেন প্লিজ।,,,,Positive,0.4318826487212669,model_autofill,True
"কথা নয় কাজে বিশ্বাস করি,,",,,,Positive,0.6467168111573421,model_autofill,False
ঢাকার শহর টা আগে জ্যাম মুক্ত করা হোক,,,,Positive,0.5431851076869221,model_autofill,False
তা কাজে প্রমাণ চাই।,,,,Sarcastic_negative,0.4028457189805022,model_autofill,True
"কোন মাফিয়া চাঁদাবাজ কি আরেক মাফিয়া চাঁদাবাজ এর বিরুদ্ধে যুদ্ধ করবে কখনোই না, চাঁদাবাজার বিএনপির মধ্যে, পার্থক্য শুধু নামের, মুখে এক কথা হৃদয়ে আরেক কথা",,,,Positive,0.5119399683730864,model_autofill,False
কেমনে মানুষ এত ভালো হচ্ছে? রহস্য টা কি?,,,,Sarcastic_negative,0.3994128881545165,model_autofill,True
শুধু বললে হবে না কাজে ও সেটা দেখাতে হবে।,,,,Neutral,0.9821006530453812,model_autofill,False
তাহলে তো যুদ্ধটা নিজেদের বিরুদ্ধেই যাবে,,,,Sarcastic_negative,0.3311035371583328,auto_second_pass_kept,True
রাতে যখন বোতল নিয়ে বসবে তখন এসব ভুলে পকেটে টাকা ডুকাবে,,,,Sarcastic_negative,0.4129368711374254,model_autofill,True
ফি আমানিল্লাহ,,,,Negative,0.7962736090424751,model_autofill,False
ফেইসবুকে না বাস্তবে?,,,,Negative,0.3684841429684794,auto_second_pass_kept,True
নিজেই তো বড় মাফিয়া। এখন কি নিজের বিরুদ্ধে যুদ্ধ করবে,,,,Negative,0.3780775373366558,auto_second_pass_kept,True
গুড সিদ্ধান্ত আমরা ও আছি ইনশাআল্লাহ,,,,Negative,0.6240532037434735,model_autofill,False
ও তো নিজেই বড় মাফিয়া।,,,,Sarcastic_negative,0.3169853303106605,auto_second_pass_kept,True
সুবহানাল্লাহ,,,,Positive,0.3512646448753592,auto_second_pass_kept,True
You are great bro,,,,Sarcastic_negative,0.5677069503496767,model_autofill,False
বাল‌ ছেড়া,,,,Sarcastic_negative,0.4899737252545582,model_autofill,True
এসব মাদারবোর্ড রা বাংলাদেশের নিরীহ জনগণের সামনে বাঘ হয়ে থাকে আর ভারতের বিরুদ্ধে একটা কথা বলে না,,,,Positive,0.5390161118936675,model_autofill,False
বিএনপি ই তো মাফিয়া সরদার। সৈরাচার হাছিনা ছিল ভোট চোরের সরদার আর বিএনপি হলো ভোটের ফলাফল চোরের সরদার,,,,Negative,0.8372573471248143,model_autofill,False
তারেক রহমান যদি চুর বাটপার চাঁদাবাজদের বিরুদ্ধে দাঁড়ান জনগণ আপনার সাথে থাকবে না হলে পালাতে হবে!!!,,,,Negative,0.3077112334657295,auto_second_pass_kept,True
Neja hobe mafia don,,,,Sarcastic_negative,0.4073930943215318,model_autofill,True
নিজেই একজন মাফিয়া,,,,Negative,0.3999361843078607,model_autofill,True
আরেকমাদারচোদ,,,,Positive,0.4091441406637464,model_autofill,True
কথা কাজে যেন মিল থাকে,,,,Positive,0.7900968816802487,model_autofill,False
তুইতো বড় মাফিয়া চাঁদার হেড লিডার,,,,Negative,0.6015961775364548,model_autofill,False
দালাল মিডিয়া,,,,Sarcastic_negative,0.4446535712184963,model_autofill,True
খোকার ব্যাটা। ডু ইট। ন্যাশন উইল প্রেইজ,,,,Positive,0.366789084494063,auto_second_pass_kept,True
আমি এমনিতেই বোকা। পোস্ট দেখে একটু চালাক চালাক মনে হচ্ছে নিজেকে।,,,,Negative,0.4688667631349665,model_autofill,True
ও নিয়েই তো মাফিয়া সে আর কি করবে,,,,Positive,0.7145240110124111,model_autofill,False
17 BOCOR KOICLE SALA,,,,Sarcastic_negative,0.3877339195561403,auto_second_pass_kept,True
মাফিয়া কি শুধু জামাতের লোক ভাই স্লোগান্টা হওয়া উচিত ছিলো সকল দুর্নীতিবাজ দের,,,,Negative,0.3434244993136735,auto_second_pass_kept,True
তার পাছা জাগায় তাকবেনা,,,,Sarcastic_negative,0.5031040603558887,model_autofill,False
আগে আপনে ভালো হন ঢাকার বারাটিয়া ভাই,,,,Sarcastic_negative,0.4116562864037856,model_autofill,True
Sala chor,,,,Negative,0.3971806179420764,model_autofill,True
নিজে ই তো মাফিয়া,,,,Sarcastic_negative,0.4082566896550617,model_autofill,True
নিজের চরিত্র ঠিক কর,,,,Positive,0.4753756758750097,model_autofill,True
"কথা বলে দেখানো মাত্র, মাফিয়া তোমরাই আর কেও নয় এইমুহূর্তে ।",,,,Positive,0.880224312687735,model_autofill,False
তুমাকে ই তো অনেকেই মাফিয়া বলে,,,,Positive,0.3845057893721894,auto_second_pass_kept,True
বড় মাফিয়া,,,,Positive,0.3132612039333119,auto_second_pass_kept,True
"নিএনপি,, দলটাই মাফিয়া।।ইসরাকের কথা বিশ্বাস করিনা।",,,,Negative,0.4485736264350544,model_autofill,True
শালা বাটপার,,,,Negative,0.8722433785991243,model_autofill,False
What you think about that : https://www.facebook.com/share/v/1AX6L6Aum7/,,,,Neutral,0.7923997449501381,model_autofill,False
গুপ্ত চোর,,,,Negative,0.3907857253145554,auto_second_pass_kept,True
শালা বাইনচোদ,,,,Sarcastic_negative,0.3844207443118342,auto_second_pass_kept,True
তুই ই তো বড় মাফিয়া,,,,Negative,0.3651264678833331,auto_second_pass_kept,True
বেশি শিক্ষিত হলে সবাইকে বোবা মনে করে,,,,Negative,0.4076263941115065,model_autofill,True
বাবা তোমার মুক্তি যোদ্ধা নিয়ে থাক।,,,,Negative,0.3642394610390103,auto_second_pass_kept,True
ভাই তুই কাজ করে দেখা,,,,Positive,0.5022330269438054,model_autofill,False
যে ঘন ভোট মানে না ওর মতন অবৈধ এমপি মন্ত্রী ও আমরা মানি না,,,,Negative,0.4442530023910294,model_autofill,True
চাঁদাবাজ,,,,Negative,0.4539219327137125,model_autofill,True
নিজেরই মাফিয়া,,,,Negative,0.3738427431311129,auto_second_pass_kept,True
তুমি নিজেই মাফিয়া,,,,Sarcastic_negative,0.5019127130744511,model_autofill,False
বাল ভুয়া,,,,Sarcastic_negative,0.4372321079434255,model_autofill,True
Tui r ek vondo sala,,,,Negative,0.3454187591400933,auto_second_pass_kept,True
"মুখের ভিতর বেগুন বানিয়ে একটা টাকার বান্ডিল ঢুকিয়ে দেয়া হোক চুপ হয়ে যাবে,,,,,মানে চান্দা",,,,Sarcastic_negative,0.4155050904746868,model_autofill,True
"আপনি নিজেই তো বড় মাফিয়া,",,,,Sarcastic_negative,0.5833903813736278,model_autofill,False
"তরা যতই চেডের বাল হচ না কেন, তদের এ হুমকি জনগণ করে না॥ যেভাবে হউক ক্ষমতায় গেছচ, ঠিক ভাবে দেশ চালা॥ না হলে, ৫ বছরের আগেই তদের মেয়াদ শেষ করে দিবে এ দেশের জনগণ।",,,,Positive,0.4601293725343283,model_autofill,True
ধান্দাবাজ বাটপার,,,,Negative,0.6537132065271095,model_autofill,False
আগে নিজের কুরিপু ও লালসা ও লোভী মনটার বিরুদ্ধে যুদ্ধ করে জয়ী হও বাছা নমিনেশন মা পায়লে এই দলীয় আনুগত্য থাকতো আবার মন্তী / প্রতি মনএী না হলেও এই যৌবন বাথরুমে নষ্ট হতো......,,,,Negative,0.7256426956632029,model_autofill,False
"কথাই নই কাজে দেখতে চাই, ইনশাআল্লাহ",,,,Positive,0.933263713025449,model_autofill,False
তুমি আর কালা পাডার গলার আওয়াজ তো একই রকম,,,,Positive,0.4152619493677243,model_autofill,True
ফেসবুকের যোদ্ধা MP,,,,Sarcastic_negative,0.3179674022897121,auto_second_pass_kept,True
আসল মাফিয়া আপনি,,,,Sarcastic_negative,0.6917046188717845,model_autofill,False
সে নিজেই বড় মাফিয়া,,,,Sarcastic_negative,0.35098951809238,auto_second_pass_kept,True
নিজেই এক মাফিয়া,,,,Sarcastic_negative,0.4759440633468903,model_autofill,True
মুনাফেকিরা বলবে কিন্তু করবে না।,,,,Negative,0.377230295924072,auto_second_pass_kept,True
এটাই মুমিন এবং মুনাফেকের মধ্যে পার্থ্যক।,,,,Negative,0.470492870226999,model_autofill,True
সে নিজে একটা মাপিয়া পাগল,,,,Sarcastic_negative,0.6037849893619452,model_autofill,False
you are big mafiya,,,,Sarcastic_negative,0.5885732306903462,model_autofill,False
তোমাকে ভাগের টাকা দিয়েল তোমার মুখ বন্ধ,,,,Sarcastic_negative,0.5262266913072945,model_autofill,False
"সকল নেতারাই , এই মাফিয়া অলিগার চক্রের বিরুদ্ধে , যুদ্ধ ঘোষণা করে, দিন শেষে, সকল নেতাই, ওই সকল মাফিয়া অলিগার দের হাথে, তাদের সুন্দরী বউ এবং কুমারী মেয়ে কে তুলে দেয়? এটা চুয়ান্ন বছর যাবত বাঙালী দেখেই আসছে,",,,,Negative,0.3184474683880411,auto_second_pass_kept,True
Tui nejei e mafia baal pakna,,,,Negative,0.3350230318524508,auto_second_pass_kept,True
Ay sala ke bole sey nejeo hanena,,,,Sarcastic_negative,0.3787536522536452,auto_second_pass_kept,True
নিজেইতো একটা মাফিয়া,,,,Negative,0.6280191684058747,model_autofill,False
Amirul Amirul munafik type NCP jamat shibir majlish,,,,Sarcastic_negative,0.4142903911124391,model_autofill,True
মাফিয়া ত তরা নিজেই,,,,Negative,0.4550500404548612,model_autofill,True
ইসরাক নিজেই একজন মাফিয়া সন্ত্রাসের গডফাদার,,,,Negative,0.3915332353927524,auto_second_pass_kept,True
"এ বালছাল কথা না বলে দেশের মানুষ কিভাবে শান্তিতে থাকবে এবং কিভাবে দেশ উন্নত হবে এই নিয়ে ভাবুন,,,",,,,Positive,0.46330528945348,model_autofill,True
আগে তোমাদের দলে যেসব মাফিয়ারা আছে ওইসব মাফিয়াদেরকে ঠিক কর,,,,Negative,0.8505480941533988,model_autofill,False
এ তো খোকার ছেলে না।। ভারতের দালাল।। জুলাই না হলে পুরান টাউনে,,,,Negative,0.4622328850811932,model_autofill,True
আওয়ামী লীগের জুতা পালিশ করতি,,,,Sarcastic_negative,0.6955240119723131,model_autofill,False
নিজে মাফিয়া ডন। হাসিনার পালিত পুত্র,,,,Sarcastic_negative,0.5186095490194319,model_autofill,False
গলাবাজি করে লাভ নেই মাফিয়ারা তোমাদের ছত্রছায়াই সব করবে আর তোমরা ক্যামেরার সামনে হুংকার দেবে,,,,Positive,0.618743356096662,model_autofill,False
পরে দেখবো দেশের টাকা দিয়ে সেকেন্ড হোম হয়ে গেছে বেগম পাড়ায়,,,,Negative,0.4776039488888709,model_autofill,True
বাগের বাচ্চা,,,,Negative,0.3908136064859691,auto_second_pass_kept,True
এই চুদনারাইতো বড় মাফিয়া,,,,Negative,0.6766089616117197,model_autofill,False
বা****ল ফাতালু কথায় নয় কাজে প্রমান দেন,,,,Positive,0.5650296088617076,model_autofill,False
"ভোট চু*রি কইরা পারপাইছ, এই নির্বাচন জনগণ মেনে নেবে না",,,,Sarcastic_negative,0.6147898429170006,model_autofill,False
আপনি তো নিজে মাফিয়ার গডফাদার আগে নিজে ভালো হন তারপর মাফিয়া গুজেন কারণ চুর কোনদিন চুর ধরে না কথায় আছে না বৃক্ষ তোমার নাম কি ফলে পরিচয় কথা না বলে কাজ করেন বাহবা দেওয়ার জন্য পাবলিক রেডি আপনাকে কষ্ট করতে হবে না,,,,Positive,0.3947917012128162,auto_second_pass_kept,True
তুই নিজেই তো একটা মাফিয়া,,,,Sarcastic_negative,0.4467832518420993,model_autofill,True
আওয়ামী মেথর,,,,Sarcastic_negative,0.5876746117861578,model_autofill,False
নিজেই মাফিয়া ডন,,,,Sarcastic_negative,0.43112836983351,model_autofill,True
নিজেই তো মাফিয়া,,,,Sarcastic_negative,0.3613991170980996,auto_second_pass_kept,True
দুইদিন পর নিজে মাফিয়া হয়ে যাবি দেখব,,,,Sarcastic_negative,0.350229642317596,auto_second_pass_kept,True
ব্যাপার যেন চোরের মায়ের বড় গলা এমন হয়ে গেছে,,,,Sarcastic_negative,0.5133722405571176,model_autofill,False
তুমি কে? তোমার কাজ তো এটা না।,,,,Negative,0.6320508396306911,model_autofill,False
বাপের বেটা কাজে প্রমাণ করো,,,,Positive,0.3545159036507764,auto_second_pass_kept,True
এই বাটপার তো নিজেই মাফিয়া,,,,Negative,0.8971486804152283,model_autofill,False
এগুলা তোমাদের দলের লোক,,,,Negative,0.6826101295001363,model_autofill,False
সাবাস বাঘের বাচ্চা,,,,Negative,0.4802405078218821,model_autofill,True
সাবাস বাপের বেটা।,,,,Sarcastic_negative,0.416146640858589,model_autofill,True
বাস্তব করতে পারলে তোকে ঘেরাও উপদেষ্টা আর বলবো না।,,,,Negative,0.3481196807597814,auto_second_pass_kept,True
মানসিক প্রতিবন্ধী কথা বলার কোনো শ্রী নেই,,,,Positive,0.6692006166149931,model_autofill,False
Oy nije ekta mafia,,,,Sarcastic_negative,0.4569003411502638,model_autofill,True
"আল্লাহ এর কপালে চারটা বউ দেন, যাতে এর রাজনীতিক জীবন এরা ধ্বংস করে দেয়। আমিন আমিন আমিন",,,,Negative,0.4232813082886709,model_autofill,True
সব সিন্ডিকেট ব্যাবসায়ী বট বাহিনীর,,,,Sarcastic_negative,0.4146554721027212,model_autofill,True
তুই খোকার পোলা না?দৌঁড় চিক্কুর পর্যন্ত।,,,,Negative,0.647763678484707,model_autofill,False
ইসরাক নিজেই একজন মাফিয়া,,,,Negative,0.3964657409230354,model_autofill,True
ওয়াদা রাখতে পারলে তবেই হবেন বাপকা বেটা,,,,Neutral,0.5103283891267254,model_autofill,False
চাদাবাজ মুক্ত সদরঘাট কর,,,,Positive,0.7092705454421294,model_autofill,False
নয়ন কে কি করবা,,,,Sarcastic_negative,0.4018639841264874,model_autofill,True
তুই তো।মাফিয়া,,,,Negative,0.4184119074129409,model_autofill,True
ফাটাকেষ্ট,,,,Sarcastic_negative,0.3610898372138094,auto_second_pass_kept,True
ও নিজেই তো মাফিয়া নাম্বার ওয়ান,,,,Sarcastic_negative,0.4919059414560336,model_autofill,True
নিজে মাফিয়া ডন,,,,Sarcastic_negative,0.447758492785028,model_autofill,True
ওস্তাদ আসিফ আপনাকে লাথি দিয়া নগর ভবন থেকে বাইর করছে আপনি আসিফকে পাছায় বেদা দিয়া জলে বরেন,,,,Sarcastic_negative,0.5529936100140503,model_autofill,False
তুমি তো মিয়া বড় মাফিয়া,,,,Sarcastic_negative,0.4119918411387684,model_autofill,True
এখন তো সবচেয়ে বড় ক্ষমতার মালিক আপনি ও আপনার দল।,,,,Sarcastic_negative,0.3642226049134323,auto_second_pass_kept,True
১০%মাফিয়া ব্যাক,,,,Sarcastic_negative,0.2996792847134212,auto_second_pass_kept,True
নিজেই তো মাফিয়া,,,,Sarcastic_negative,0.3846655617580153,auto_second_pass_kept,True
"nizei ak boro mafiya,, r onno mafiya k domon korbe",,,,Sarcastic_negative,0.3624328691955889,auto_second_pass_kept,True
আলহামদুলিল্লাহ।।,,,,Positive,0.6938070689355245,model_autofill,False
বট বাহিনী এখানেও এসে নুংরা কথা বলবে,,,,Sarcastic_negative,0.389170078050029,auto_second_pass_kept,True
বচকে রহ ভইয়া৷,,,,Neutral,0.3448026122250002,auto_second_pass_kept,True
নিজের নাম টা বাদ দিলি কেন রে ভাই তুই তো মাফিয়ার কাতারে আছত,,,,Negative,0.3634807008807763,auto_second_pass_kept,True
সালা তদে চে বড় মাফিয়া কে আছে,,,,Negative,0.4082200549667163,model_autofill,True
তুই নিজেই তো একটা সন্ত্রাস এবং মাফিয়া,,,,Negative,0.3479119634575889,auto_second_pass_kept,True
আগে নিজে শুধরা তার পরে অন্যকে নিয়ে কথা বলা শুরু কর দেড় হাত্ লম্বা ডাম্ব ইডিয়ট।,,,,Positive,0.6650070017375568,model_autofill,False
উনার কর্মীরা এই মাফিয়া এক একটা ডন,,,,Negative,0.3673758526831122,auto_second_pass_kept,True
অথচ নাসিরুদ্দিন পাটওয়ারী আপনাদেরকেই মাফিয়া বলে!,,,,Negative,0.3850989022114957,auto_second_pass_kept,True
@জামাত কোনো কাপুরুশ রা করেনা জামাতের একজন মোজাহিদ ১০০ ইশরাকের তেকেও শকতি শালি ওরা বাপের নম বেচে রাজনিতি করেনা,,,,Positive,0.5006729681406598,model_autofill,False
তুই নিজে একটা বাটপার ও তোদের নেতা আরেকটা।,,,,Negative,0.622830083897958,model_autofill,False
জাইমা রহমানের তলে যাও মোনাফে ক তোর বাপ রাজাকার তুইও রাজাকার,,,,Negative,0.3982175965264283,model_autofill,True
এত পারলে ১৭ বছর কি করেছ এখন ভাল মতো দেশ চালাও হৈ হাল্লা করে লাভ নেই,,,,Positive,0.5690450004753568,model_autofill,False
মাফিয়া কে ইসরাক,,,,Sarcastic_negative,0.3451165388700897,auto_second_pass_kept,True
তুমি নিজেও একটা মাফিয়া!,,,,Sarcastic_negative,0.6634007962404422,model_autofill,False
চান্দা বাজ,,,,Sarcastic_negative,0.9270487730080827,model_autofill,False
"এতো হেডাম কই ছিলো ১৭ বছর,? বেইমান নিমকহারাম মুনাফিকের দল",,,,Sarcastic_negative,0.5770185404647689,model_autofill,False
নিজেই বড়ো মাফিয়া,,,,Sarcastic_negative,0.3284586196586919,auto_second_pass_kept,True
আরেক খাম্বা,,,,Positive,0.6650409996210537,model_autofill,False
নিজে তো চাঁদাবাজ,,,,Negative,0.4339819999980966,model_autofill,True
তুই নিজেই তো বড়ো মাফিয়া,,,,Negative,0.3957922951502696,auto_second_pass_kept,True
সে নিজেই এক মাফিয়া।,,,,Sarcastic_negative,0.5201494343341202,model_autofill,False
Chadabaj তোরা readay হইয়া যা gharddar,,,,Sarcastic_negative,0.3657866136617164,auto_second_pass_kept,True
আসল মাফিয়া তো তুমি নিজে ই,,,,Sarcastic_negative,0.5655720001580686,model_autofill,False
"ঐ নিজেই মাফিয়া লিডার,",,,,Sarcastic_negative,0.3390695276112069,auto_second_pass_kept,True
এই বেটা তোর বয়স কত,,,,Negative,0.7662257426393497,model_autofill,False
"তোমার চাইতেও বড় বড় মানুষ টাকার কাছে বিক্রি হয়ে গেছে,,, তুমিতো সাধারণ ইশরাক ,,,, এই যু*দ্ধ শুধু ফেসবুকেই সীমাবদ্ধ। বাহিরে মোটেও এগুলো দেখা যাবে না।",,,,Negative,0.508491842739502,model_autofill,False
তুই হচ্ছিস বড়ো মাফিয়া। তোর বাবা কইলে বিশ্বাস করতাম।,,,,Sarcastic_negative,0.4328759822422202,model_autofill,True
সে তো নিজেই একজন মাফিয়া,,,,Negative,0.3869214594516676,auto_second_pass_kept,True
শালা তুই নিজেই তো সবচেয়ে বড় মাফিয়া,,,,Negative,0.5420180175435257,model_autofill,False
আপনাকে সিটি করপোরেশনের মাফিয়া বলে সবাই???,,,,Sarcastic_negative,0.4110275983975212,model_autofill,True
ওম্মা হেতে নিজেও তো একজন মাফিয়া,,,,Negative,0.3609831799411115,auto_second_pass_kept,True
Pagol,,,,Sarcastic_negative,0.4298533933500987,model_autofill,True
শালা এক চুরে আরেক চুরের দোষ খুঁজে,,,,Positive,0.5250495037395188,model_autofill,False
মাফিয়া হয়ে আরেক মাফিয়াদের বিচার করবে।,,,,Positive,0.7703152457611762,model_autofill,False
মাফিয়াতো আপনারা,,,,Sarcastic_negative,0.9390636649089468,model_autofill,False
আগে আপনার ভালো হয়ে জান,,,,Sarcastic_negative,0.6623155519318015,model_autofill,False
ব্রিক তোমার নাম কি ফলে পরিচয়,,,,Negative,0.6984354729994042,model_autofill,False
জাতির সাথে এতো বড় ধরনের ধোঁকা দিয়ে এখন সরকার পরিচালনা করতেছেন করেন দেখেন আপনাদের আবার আপার মতো অবস্থা না হয়,,,,Sarcastic_negative,0.4354923729409804,model_autofill,True
মাফিয়া চাঁদাবাজ তো তোমরাই,,,,Negative,0.6546718987175912,model_autofill,False
[সন্দেহজনক লিঙ্ক সরানো হয়েছে]...…,Dhaka,,,Negative,0.416875654002546,model_autofill,True
সত্যি হাসি পাই আদু ভাই রাকিবের দৌড় দেখে!,Dhaka,Narail,,Neutral,0.5342658907282252,model_autofill,False
"""শরীরের ওজন কমতেছে। এটা তো ভালো বিষয়, কষ্ট পাওয়ার কি আছে!!!",Dhaka,,,Negative,0.4030426400617062,model_autofill,True
এটা আরো আনন্দের বিষয় এখানে কষ্টের কিছু নেই,Dhaka,Chittagong,Patuakhali,Negative,0.3519575157588473,auto_second_pass_kept,True
যদি তার জন্য আপনার পায়ে ব্যথা হয় তো তেল লাগান মালিশ করেন ব্যথা ভুলে যান।,Dhaka,,,Sarcastic_negative,0.5375642483193886,model_autofill,False
এগিয়ে জান লিডার পুরা পৃথিবী আপনার বিপক্ষে থাকলেও আমি পৃথিবীর পক্ষে আছি।,Dhaka,,,Positive,0.6641798515866328,auto_second_pass_changed,False
আমাদেরও কষ্ট হয় যখন দেখি আপনি নিজের চিন্তা করে …,Rajshahi,Pabna,,Negative,0.4342812656683425,model_autofill,True
কেন ভাই আপনার দৌড়াতে মন চাইলে আপনি ও দৌড়াবেন জ্বালার কি আছে,Dhaka,Manikganj,Narayanganj,Sarcastic_negative,0.7752074678316894,model_autofill,False
আহা জমিদারের ফুত তুমি একটা গাড়ি কিনে দাও,ঢাকা,চট্টগ্রাম,রংপুর,Sarcastic_negative,0.670505138716017,model_autofill,False
আহারে জমিদারের পুতেরে একটু সুযোগ দে ভাই,Dhaka,Mymensingh,,Sarcastic_negative,0.6614124846924704,model_autofill,False
"""যে যা করে শান্তি পায়, করুক !",Dhaka,,,Positive,0.6229348470451723,model_autofill,False
আমার মনে হয় ওনার খুব দৌড়াইতে মন চাইতেছে,Barishal,,,Negative,0.6713961885165957,model_autofill,False
এটা বরকতি দৌড়,Dhaka,,,Negative,0.4466714831189007,model_autofill,True
"""খনিকের ছেলে বলে কি, যে দৌড়ায় সে কষ্ট পায় না খনিকের ছেলে সার্ভিস মলম কষ্ট পায়",Dhaka,Pabna,,Sarcastic_negative,0.302059533024222,auto_second_pass_kept,True
আমি কি হোনুরে।,Dhaka,Khulna,Satkhira,Negative,0.6896041446153698,model_autofill,False
জ্বালা জ্বালা বুকে বড় জ্বালা,চাঁপাইনবাবগঞ্জ,Dhaka,,Sarcastic_negative,0.5371343043741496,model_autofill,False
মায়ের চেয়ে মাসির দরদ বেশি,Khulna,Magura,,Negative,0.4060094777445659,model_autofill,True
"""অন্য দের নিয়ে ভাবতে হবে না, নিজেকে নিয়ে ভাবেন,,",Dhaka,,,Neutral,0.6289803408480737,model_autofill,False
কারণ তুমিও একসময় এভাবে দৌঁড়ায় ছিলা,Chittagong,,,Sarcastic_negative,0.4323712543523493,model_autofill,True
"""কাল,থেকে তুমি দৌড়ে যাবা,তোমার চাকরি কনফার্ম ওকে",Dhaka,,,Negative,0.5294627973472434,model_autofill,False
"""ছাত্রলীগের এজেন্ট যখন বাইটে পইড়া জুলাই এজেন্ট হয়ে যায়, আমাদেরও হাঁসি পায়",Chittagong,,,Negative,0.5011757534002592,model_autofill,False
ছাপ্রীদের কাজ তো দৌড়ানোই...,Rangpur,,,Sarcastic_negative,0.3560937053974806,auto_second_pass_kept,True
"""কিছু পর দৌড়ানো, ধাওয়াতে পৌছাবে",Dhaka,,,Negative,0.4920245821866261,model_autofill,True
"""রাকিবদের ছ্যাবলামো এটা পুরোনো অভ্যেস, সময় লাগবে ধীরে ধীরে পরিবর্তন হতে, তবে তার মন ভালো..! কিন্তু, ৫-ই আগস্ট পরবর্তী তোমার গাড়…",Chittagong,Noakhali,,Negative,0.4984563789527064,model_autofill,True
দফাদার কুকুর মালিকের পিছনে দৌড়াবে এটাই তো স্বাভাবিক হোক সেটা গাড়ি হোক সেটা বাড়ি,Dhaka,Cumilla,Lakshmipur,Negative,0.5241162030127526,model_autofill,False
আহ্!দরদীরে।,Dhaka,,,Sarcastic_negative,0.4972623049001892,model_autofill,True
আর কি কি তোমাকে কষ্ট দেয় মনি,Dhaka,Pabna,,Negative,0.3130327530966685,auto_second_pass_kept,True
সে কি ছাত্রদল সভাপতি?,Sylhet,,,Sarcastic_negative,0.4753870208187254,model_autofill,True
"""সময় থাকতে বুঝলো না , এক্ষণ বুঝে লাভ নেই । তোমাকে আর গাড়ির পেছনে নিবে না",Khulna,Jessore,,Negative,0.4182822678436434,model_autofill,True
"""মায়ের চেয়ে,মাসির দরদ বেশি",Dhaka,,,Negative,0.3920934415186843,model_autofill,True
তোমার ইচ্ছা হইলে তুমি ও দৌড়াওনা ভাই।,Dhaka,,,Sarcastic_negative,0.5026296221595539,model_autofill,False
তোমাদের কথা ভুলে গেছ?,Chittagong,,,Positive,0.8114454930857824,model_autofill,False
ছাত্রলীগের সাদ্দামের গাড়ির পিছনে দৌড়ানোর গুলা মনে পরে যায় হয়ত,Dhaka,Gazipur,,Negative,0.4757484308053091,model_autofill,True
তোমাদের তো কষ্ট হবেই ভাই,Mymensingh,,,Neutral,0.9230403014609588,model_autofill,False
আমাদেরকে বিনোদনদেয় ভাই এগুলা বইলেন না পরে বিনোদন মিস করবো,Dhaka,Comilla,,Negative,0.8262265972212244,model_autofill,False
কে কার পিছে দৌড়াচ্ছে সেটা ভেবে লাভ নাই তুমি কোথায় দৌড়াবে সেই চিন্তা কর,Dhaka,,,Positive,0.4675304597105911,model_autofill,True
আপনার কষ্ট দেখে আমারও কষ্ট হয় সারজিস ভাই।,Dhaka,Gazipur,Chapainawabganj,Sarcastic_negative,0.4308102895229139,model_autofill,True
কেন তোরো কি দৌড়াতে ইচ্ছে করছে,Dhaka,Rangpur,Nilphamari,Sarcastic_negative,0.5231243912351558,model_autofill,False
তুমি এক সময় এক দল থেকে অন্য দলে যাওয়ার জন্য অনেক দৌড়াদৌড়ি করেছ তা জনগন জানে।,Sylhet,Moulvibazar,,Negative,0.3817501110065445,auto_second_pass_kept,True
Asloye kosto dei...,পাবনা,Dhaka,Pabna,Sarcastic_negative,0.3891923243444017,model_autofill,True
Jomadarer nati koto dorodi,Chittagong,Chandpur,,Neutral,0.3987675746941919,model_autofill,True
বরবরা হইলে যা হয়,কুমিল্লা,Chittagong,Cumilla,Sarcastic_negative,0.35105557123705,auto_second_pass_kept,True
এটা সমঝোতা করে দৌড়ানো হচ্ছিল,Dhaka,,,Positive,0.4896561232456306,model_autofill,True
তোমরা যে টাকা মারছো সেই গুলোর হিসাব আগে দেও,Dhaka,Satkhira,,Negative,0.4938127253546295,model_autofill,True
"""Same,chamcahr din akhno ase nakii",Tangail,,,Neutral,0.3390955093539328,auto_second_pass_kept,True
Amkeww...boyos hoise dorte pare naa,Mymensingh,,,Sarcastic_negative,0.3496686253634464,auto_second_pass_kept,True
এএএএএ দালালললল,Dhaka,,,Sarcastic_negative,0.4263556223850434,model_autofill,True
আমিও কষ্ট পেয়েছি,Dhaka,,,Negative,0.5740735583437669,model_autofill,False
সতর বচ্ছর পরে আজ এত আনন্দ। আর এতে অবদান সম্পূর্ণ তোমাদের।কিন্তু তারা এটা শিকার করতে চাইনা। বাকিটা কি হয় আল্লাহ ভালো জানেন,Dhaka,,,Negative,0.3891982949906732,model_autofill,True
এদেশের মানুষের প্রধান লক্ষ্যই হলো বড় বড় নেতাদের পা চাটা,Dhaka,Narayanganj,,Negative,0.3949439490620763,model_autofill,True
Dolkanara comment korce ree,Dhaka,Brahmanbaria,,Neutral,0.4264232060136536,model_autofill,True
"""বাংলায় একটা প্রবাদ আছে : অতি বড় বড় নয় ঝড়ে ভেঙ্গে যাবে , অতি ছোট হইয়ো না তাহলে ছাগলের ৩ নং বাচ্চারা খাবে ।…",পাবনা,,,Negative,0.5362609645148007,model_autofill,False
আপনি সরকারী প্রটোকল পাবেননা।তাই আপনার কষ্ট হচ্ছে।,Dhaka,,,Sarcastic_negative,0.5825620039543726,model_autofill,False
কেন ওর যায়গায় কি আপনি দৌড়াতে চান?,Khulna,Bogra,,Sarcastic_negative,0.716523845318436,model_autofill,False
এতো জ্বলে কেন ভাই,Dhaka,,,Sarcastic_negative,0.546918579913023,model_autofill,False
ওরে যে স্টেজে নীচে বসাইলো তা দেখে আমার খুব লজ্জা লাগছিল। আহারে সভাপতি!!!,Tangail,,,Negative,0.5344345105528117,model_autofill,False
মুই কি হনু রে মোর ভাতার চৌকিদার আছনু কি হনু কি আরো যে কি হইম,Dhaka,,,Positive,0.5816109781984183,model_autofill,False
কেনো?,ঢাকা,Sirajganj,,Sarcastic_negative,0.515488017635577,model_autofill,False
"""মায়ে কয় না হুত, খালায় কয় বইন হুত!",Dhaka,Feni,,Neutral,0.5324661381484577,model_autofill,False
"""গুটি কয়েকজন মিলে জুলাই আন্দোলন হয়নি, পুরো দেশের মানুষ কাজ করছে,ফায়দা নিচ্ছে বালচাল পুলা গুলো, ফ্যাসিস্ট তাড়াতে যারা শহীদ হয়েছে…",Dhaka,Chittagong,,Negative,0.371185071316251,auto_second_pass_kept,True
প্রধানমন্ত্রীর চেয়ারের নিচে পায়ের কাছে ছাত্রদল সভাপতিকে বসিয়ে রাখা কষ্ট দেয় না,Dhaka,,,Negative,0.3070009059137794,auto_second_pass_kept,True
তুইও গত ১৭ বছর দৌড়ায়ছিস,Dhaka,,,Sarcastic_negative,0.684432759751056,model_autofill,False
এযাবৎকালে যা বলছিস তোর এই একটা কথা ভালো লাগলো,Dhaka,Mymensingh,Manikganj,Positive,0.4762450798840548,model_autofill,True
ওটা নিয়ে তোমার কষ্ট নাই তোমার কষ্ট হচ্ছে তোমার পিছনে কেউ কেন দৌড়ায় না।,ফেনী,Feni,,Negative,0.5500274126979453,model_autofill,False
তাহলে উনাকে একটি গাড়ি উপহার হিসাবে দিয়ে ! আপনাদের তো এখন টাকার কোনো অভাব নেই।,Sylhet,,,Sarcastic_negative,0.3430821143194194,auto_second_pass_kept,True
"""উপজেলা স্বাস্থ্য কমপ্লেক্সে যোগাযোগ করুন, ভ্যাকসিনের ব্যবস্থা হয়ে যাবে",Rajshahi,Sirajganj,,Sarcastic_negative,0.3254800747997105,auto_second_pass_kept,True
"""১৮ মাসে যা লুটপাট করছো, তাতে কষ্ট দেয়না????",Barisal,,,Negative,0.5685866621785747,model_autofill,False
ভাই তোদের মুখে এর চেয়ে ভালো মন্তব্য আশা করা যায় না!,Dhaka,Narayanganj,,Negative,0.2785932432582657,auto_second_pass_kept,True
হাহাহাহহাহা,Dhaka,,,Sarcastic_negative,0.3676786563147927,auto_second_pass_kept,True
কেন আপনি যখন ডক্টর ইউনুসের ধনে ধইরা লটকাই থাকতেন তখন কি কষ্ট হয় নাই,Comilla,,,Sarcastic_negative,0.455358783818012,model_autofill,True
"""আগে বলতি আমার বঙ্গবন্ধু,, এবার বলবি আমার জিয়া,,,,,, সেলুকাস",Chittagong,Lakshmipur,Noakhali,Negative,0.6368466574158985,model_autofill,False
তাহলে আমাদের ভালো লাগবে,Rajshahi,,,Negative,0.5639110858134568,model_autofill,False
কথা সত্য হলেও তুই যে সংসদ সদস্য হতে পারোছ নাই এই দুঃখ আমরাও বুঝতে পারছি।,Dhaka,,,Negative,0.6952540327925281,model_autofill,False
তোরে দেখলে যানি কেমন কেমন লাগে রে,Dhaka,Bogra,,Sarcastic_negative,0.5364425131703108,model_autofill,False
মহাসুখের শেষ হলে সবকিছুতেই কষ্ট হয় সার্ভিস ভাই!,Dhaka,Khulna,Jessore,Neutral,0.3321799860617445,auto_second_pass_kept,True
আপনার কষ্ট লাগলেও আমাদের ভালো লাগে কারণ হাড্ডি দেখলে যেমন কুত্তা দৌড় দেয় প্রধানমন্ত্রীর গাড়ি পেছনে তেমন ছাত্রদল দৌড়ায়,Dhaka,Rangpur,Nilphamari,Negative,0.3508010526513417,auto_second_pass_kept,True
বেটা ভোটে হেরে পাগল হয়ে গেছে ভাই চিন্তা নেই next time hobe from bd cricketer speech,যশোর,Khulna,Jessore,Sarcastic_negative,0.4859432940310787,model_autofill,True
আহ!! সোনা গো আমার #সেও দৌড়াতে চাই,Dhaka,Rajshahi,Khulna,Negative,0.5695427836654766,model_autofill,False
মুই কোন হনুরে,Dhaka,,,Negative,0.3883283831993763,model_autofill,True
কষ্ট কেন পাবেন ভাই?? সামান্য তেল মারতে গিয়েছিল।,Dhaka,,,Sarcastic_negative,0.4318349140942603,model_autofill,True
এত তো তোমাদের গাড়ির পেছনে দৌড়াইছে তখন কষ্ট লাগে নাই,Khulna,Jessore,,Sarcastic_negative,0.3733594651636655,auto_second_pass_kept,True
Bhai amakew kosto dei,Dhaka,,,Sarcastic_negative,0.4053738466999571,model_autofill,True
সারজিছের কথা ঠিক আছে,Dhaka,Khulna,Kishoreganj,Positive,0.4153096742526045,model_autofill,True
এটা সেই ছেলে না যে আমার বঙ্গবন্ধু আমার বঙ্গবন্ধু বলে গলার টিস্যু ছিড়ে ফেলতো?,Dhaka,,,Negative,0.6726689899193411,model_autofill,False
তোমার বঙ্গবন্ধুকে নিয়ে তেল দেয়া বক্তব্য কিন্তু শুনেছি!,Dhaka,,,Negative,0.539120377066431,model_autofill,False
বাচা একটা চাটাচাটি না করলে উপরে উঠা যায় না।উপরে উঠতে হলে নেতার জুতা চাটতে হয়। সেই জন্য প্রধানমন্ত্রী গাড়ি পিছনে দৌড়ানো লাগে।বুঝছো সারজিস,Dhaka,,,Positive,0.3487491923725255,auto_second_pass_kept,True
তাহলে তোমার পিছে দৌড়াবে নাকি?,নোয়াখালী,Dhaka,Noakhali,Negative,0.4876254432754772,model_autofill,True
তোমার পেছনে দৌড়ালে কি খুশি হতে।,Dhaka,Khulna,Jessore,Negative,0.5944478419764349,model_autofill,False
তুই ১৬ মাস কার গাড়ির পেছনে দৌড়ে ছিলে?,Sylhet,,,Negative,0.5241940396014134,model_autofill,False
আমার বঙ্গবন্ধু বলে তেলবাজী করা সারজিদ আলমের কষ্ট হওয়াটাই স্বাভাবিক,সিলেট,Sylhet,,Negative,0.3308537081374629,auto_second_pass_kept,True
কেন? তুমি দৌড়াবে?,Dhaka,Mymensingh,,Sarcastic_negative,0.6227691408634624,model_autofill,False
অন‍্যের বিষয় না দেখে তোমাদের দূর্নীতির খবর নে,Dhaka,,,Negative,0.3975431857061971,model_autofill,True
তেল মারতে দৌড়ায় ছাত্রদল,Dhaka,,,Negative,0.5737827471218542,model_autofill,False
পোদ পেতে হবে ত চা-টা চাটি করলে তো ভালো ফলন আসতে পারে সেটি হোক না মান ইজ্জত এর লড়াই,Chandpur,,,Neutral,0.3676947448640196,auto_second_pass_kept,True
Amar chotobelar kotha mone pore. Cinemar liflet dito rickshaw te. Peson peson douratam ekta liflet paoar jonno. R pele monta h…,Dhaka,,,Sarcastic_negative,0.3536682790373641,auto_second_pass_kept,True
Manushjon je rastai ghontar por ghonta take thake erjonnyo kosto hoi na..?!..ekhon desh gorar kaje lege gele Valo hobe...manush upokrito hobe ..,Dhaka,Chittagong,,Neutral,0.4056842727609782,model_autofill,True
তাহলে কি ছাত্রলীগ দৌড়লে খুশি হতে,Chittagong,,,Negative,0.4235424000494524,model_autofill,True
তুমি কস্ট পাইলে আমাদের শান্তি লাগে,Narayanganj,,,Negative,0.6101583012892041,model_autofill,False
আহা কি জ্বালা! অন্তর জ্বালা,Dhaka,Gazipur,,Sarcastic_negative,0.4327328035133471,model_autofill,True
আরে কি মায়া! টাকলা মুরাদ ২,Dhaka,Faridpur,Gazipur,Positive,0.4363473460998646,model_autofill,True
Jole,Dhaka,,,Sarcastic_negative,0.3697623071457577,auto_second_pass_kept,True
"""ইতে দৌরিলে দৌরগ্গই এনা, তুয়াত্তুন কা জ্বলের",Chittagong,Cox's Bazar,,Negative,0.4098614726225631,model_autofill,True
এত কষ্ট প্রেমিক হয়ে গেছে নাট বোল্ডর নাতি,Sylhet,Habiganj,,Sarcastic_negative,0.519447270822904,model_autofill,False
জলে নাকি চলে সাজিস মলম,Dhaka,,,Sarcastic_negative,0.385242010621116,auto_second_pass_kept,True
জমিদারের নাতি হোগা সার্ভিস,Dhaka,,,Sarcastic_negative,0.4247470470111778,model_autofill,True
"""এতো কষ্ট ,কষ্ট লাগে কেনোযে অন্তরে",Khulna,Rangamati,Jessore,Sarcastic_negative,0.4247779400458639,model_autofill,True
আর কি দেয় সোনা,Chittagong,Lakshmipur,,Positive,0.7225554304530813,model_autofill,False
তুই দৌড়াইস তাইলে,ঢাকা,নরসিংদী,Dhaka,Negative,0.4960346039601059,model_autofill,True
তাতে তোমার এতো জ্বলে কেন আমার বুঝে আসে না,Dhaka,Chittagong,Pirojpur,Negative,0.47799794511423,model_autofill,True
আপনাদের কয় পর জেল খাটাবে বিএনপি। সেটা চিন্তা করে আমাদেরো কষ্ট হয়,চট্টগ্রাম,Dhaka,Gazipur,Negative,0.6907097209251905,model_autofill,False
প্রধানমন্ত্রী বিএনপি'র ছাত্রদল দৌড়াবে না তো কে দৌড়াবে তুই,Chittagong,Noakhali,,Negative,0.5316005311334153,model_autofill,False
তোমার সমস্যা কোথায় ?,Dhaka,Barguna,,Negative,0.5235700788690436,model_autofill,False
জালারে জালা অন্তরে জালা,Sirajganj,,,Negative,0.5497043383097092,model_autofill,False
Jamater lungir tale dukle vlo lage,Barisal,Patuakhali,,Sarcastic_negative,0.3506142168685314,auto_second_pass_kept,True
"""ও মা গো তাই নাকি মোস্তাক, মায়ের চেয়ে মাসির দরদ উপচে পড়তেছি দি",Kishoreganj,,,Negative,0.4381626790783343,model_autofill,True
জ্বালারে জ্বালা অন্তর জ্বালা,Dhaka,Narsingdi,,Negative,0.4661904930009128,model_autofill,True
Tor bada oii joggota nai Togo any koyta kormi acy ncp …,কিশোরগঞ্জ,Dhaka,Kishoreganj,Sarcastic_negative,0.3791833318167687,auto_second_pass_kept,True
কেন রে তুই দৌড়াতে চাইছিলি পারিস নাই সেজন্য তোর এতো কষ্ট???,Jashore,,,Sarcastic_negative,0.5707555814280374,model_autofill,False
আসলে দেখলে খারাপই লাগে,Sylhet,,,Sarcastic_negative,0.4048733889956846,model_autofill,True
আমাকেও দেয়,নোয়াখালী,Dhaka,Comilla,Negative,0.7665607771991066,model_autofill,False
হাতে বিস্কুট থাকলে কুকুর তো পিছে পিছে দৌড়াবেই,Dhaka,Barisal,,Sarcastic_negative,0.3907583896930632,model_autofill,True
"""শরীর চর্চা করছে,এটা স্বাভাবিক ব্যাপার,এ নিয়ে বলার কি আছে",Rangpur,,,Negative,0.5735774097350125,model_autofill,False
দৌড় প্রতিযোগিতা প্রথম হইতে ছায় রাকিব চাচা,Narail,,,Negative,0.3917493111682639,model_autofill,True
তুমি তোমার নিজের চিন্তা করো মিয়া। কে দৌড়ায় কে হাটে এগুলি দেইখ না,Comilla,,,Negative,0.4020450546395914,model_autofill,True
beta tui age july foundation er hishab de,Dhaka,,,Neutral,0.4990276415344919,model_autofill,True
"""কাল থেকে তুমি দৌড়াইও ভাইয়া, হাহাহা। এমন ধরনের মন্তব্য অবাঞ্ছিত",Dhaka,Satkhira,,Sarcastic_negative,0.4676008453865741,model_autofill,True
"""ঠিকই-দৌড়াবে তো সারবিস আলম,,।",Dhaka,Narsingdi,,Negative,0.483874221787863,model_autofill,True
ওর কি সমস্যা?,Sunamganj,,,Sarcastic_negative,0.4251802530997176,model_autofill,True
পলর এ্যাডা,Chittagong,,,Sarcastic_negative,0.396750290090014,model_autofill,True
হ্যাঁ আপনি সত্য বলেছেন,Khulna,,,Sarcastic_negative,0.5342824903455101,model_autofill,False
এখন সবকিছু আমাদের কাছে শিখতে হবে,Dhaka,Tangail,,Neutral,0.4961659501493589,model_autofill,True
তোমার দৌড়ানির কিয়াল নি তে,সিলেট,Sylhet,,Negative,0.5085788379141172,model_autofill,False
ছাত্রদলের কর্মকাণ্ড দেখলে মনে হয় ছাত্রলীগের রাজনীতি অনেক সম্মানের ছিল!ছাত্রদলের আচরণ লজ্জাজনক!,Chittagong,Cox's Bazar,,Positive,0.4098856578402603,model_autofill,True
পা চেটে যখন বেশি চাটে তখন ওইকাজ করে,Rangpur,Nilphamari,,Positive,0.3728733362165656,auto_second_pass_kept,True
বেশি কষ্ট পেলে বুড়িগঙ্গার পানি খান কষ্ট দূর হয়ে যাবে,Cox's Bazar,,,Sarcastic_negative,0.3207824351676874,auto_second_pass_kept,True
Vai tumi je kono np na taw amn vab koro tumi np theke boro kico Np der pico pico goro,Dhaka,Khulna,Kushtia,Neutral,0.3592234209419568,auto_second_pass_kept,True
তোহ তুরা দৌড়া,Dhaka,Comilla,,Sarcastic_negative,0.3753994981227525,auto_second_pass_kept,True
Manush khocha mara o bujhe na ha ha bujhbe kmne leader tader HSC pass mile mishe korbe kaz mane chanda,Narayanganj,,,Sarcastic_negative,0.4431995627113381,model_autofill,True
হেতে এখন ছাত্রদলের উপদেষ্টা হবার চায়। মার থেকে মাসির দরদ উৎলে উঠছে,Dhaka,,,Neutral,0.841663781863163,model_autofill,False
আমাদের কে ও কষ্ট দেয় কিন্তু আমার কষ্টে ছুটে হাসি,Sylhet,,,Negative,0.5820386327055566,model_autofill,False
এইখানে সার্ভিস ভাই কেন কষ্ট পাচ্ছে সেটাই বুঝতে পারবে না আমাদের বয়স্ক সংঘঠন,Dhaka,Mymensingh,Gazipur,Negative,0.7727684962827396,model_autofill,False
"""সেটাই তো দৌড়ানোর কি আছে রে ভাই,, মানে ব্যক্তিত্ব বইলা কিছু নাই",Dhaka,Khulna,Magura,Negative,0.3794386086964679,auto_second_pass_kept,True
কেমন কষ্ট?,Sylhet,Sunamganj,,Sarcastic_negative,0.4606337277899264,model_autofill,True
"""তুমি যে আপা আগা করতা, আমার আমার৷ ----------",সিলেট,Sylhet,,Negative,0.5816373828446547,model_autofill,False
Chata chati,Dhaka,,,Sarcastic_negative,0.4349698343401658,model_autofill,True
মায়ের থেকে মাসির দরদ বেশি,Dhaka,Pabna,,Negative,0.4588073115540427,model_autofill,True
তোমাকে সুযোগ দিলে কাল থেকে আরও জোড়ে দৌড়ানো শুরু করবা।,Dhaka,,,Negative,0.4176344421250634,model_autofill,True
যো দৌড়ায় তার কষ্ট লজ্জা প্যারা কিছুই তুমি শুধু শুধু প্যারা নাও কেন।,Dhaka,,,Sarcastic_negative,0.494985169376351,model_autofill,True
ওবায়দুল কাদের বলেছিল খালি দৌড়াচ্ছে,Dhaka,Chittagong,Noakhali,Positive,0.5812698647281835,model_autofill,False
সারা জীবন মন্ত্রীর পিছনে দাঁড়িয়ে থাকা মানুষ আজ কি বলে,Dhaka,Gazipur,,Sarcastic_negative,0.3016541356131491,auto_second_pass_kept,True
সারজিস আবার সংসদ সদস্য কবে হলো? নিউজে তাই লেখা,রংপুর,বগুড়া,Dhaka,Sarcastic_negative,0.5271215308450146,model_autofill,False
একটু চাটা চাটি না করলে কি আর হয়,Rajshahi,Pabna,,Positive,0.3043877460508923,auto_second_pass_kept,True
তোমার এতো কষ্ট কেন?,Dhaka,,,Sarcastic_negative,0.4357280164759881,model_autofill,True
জ্বলে হা আমি যদি দৌড়াতে পাইতাম। এভাবে ই হিংসা করে শেখ হাসিনার ঘনঘটা বাজিয়েছি।,Sylhet,,,Negative,0.5037190280731929,model_autofill,False
উড়িষ্যার তেল মারে,গাজীপুর,Mymensingh,,Sarcastic_negative,0.3185752061450689,auto_second_pass_kept,True
আসলেই তার কোন মূল্যেই নাই,Dhaka,Jamalpur,,Negative,0.3629058761505773,auto_second_pass_kept,True
"""কষ্টের কি আছে বাড়া,",Thakurgaon,,,Negative,0.3612159262182089,auto_second_pass_kept,True
হাসিনারে যখন তেলাইতেন তখন খুব সুখ সুখ লাগছে।আমাদের এনসিপি সাহেবর।,ঢাকা,গাজীপুর,Dhaka,Negative,0.6163635913333972,model_autofill,False
তুমি এমপি হও নাই তাই আমরা কষ্ট পাইছি,Dhaka,,,Negative,0.4212104991238544,model_autofill,True
কেন ভাই জায়গা টা কি আপনার লাগবে!!!,Chittagong,,,Sarcastic_negative,0.6468862782967726,model_autofill,False
কারণ তুমি দৌড়াতে পারো না,ঢাকা,Dhaka,Narayanganj,Sarcastic_negative,0.5704363184919644,model_autofill,False
কতবড় মায়াশীল ব্যক্তি রে,Dhaka,,,Negative,0.2910274016700619,auto_second_pass_kept,True
নিজেরাও তো কম দৌড়ান নাই,Dhaka,,,Negative,0.4993121633551019,model_autofill,True
তুই দৌড়া,Dhaka,Chittagong,,Negative,0.4225960984868109,model_autofill,True
জামাতের নির্বাচনী জনসভায় সাদিক কায়েমদের বক্তব্য প্রচারণায় এনসিপির কলিজা ঠান্ডা হয়ে যায়,ঢাকা,Dhaka,Sirajganj,Sarcastic_negative,0.4091860363147995,model_autofill,True
তো তুই হোন দে যাই,ঢাকা,Feni,,Negative,0.4273454499052153,model_autofill,True
যে দৌর দিছে অলিম্পিক এ একটা মেডেল তার জন্ন্য রাখা উছিৎ ভাবা যায় ছাত্র সংগঠনের সভাপতির কারবার হইলো এই,Dhaka,,,Negative,0.5442104432761063,model_autofill,False
লীগের যখন পা চেটে ছিল তখন কষ্ট লাগেনি,ঠাকুরগাঁও,Dhaka,Rangpur,Sarcastic_negative,0.4011678797335719,model_autofill,True
বাশ টা দিছে একেবারে জায়গা মত।,চট্টগ্রাম,কুষ্টিয়া,Dhaka,Positive,0.4293228520221958,model_autofill,True
Botder sob kichutei JOLE,Dhaka,Chittagong,Lakshmipur,Sarcastic_negative,0.3242376439196158,auto_second_pass_kept,True
"""এক সময় তিনিও আওয়ামী লীগের নেতাকর্মীদের পিছনে ঠিক এই ভাবেই দৌড়ে বেরাতেন, তাই সে কষ্টটা বুঝতে পারছেন",Dhaka,,,Negative,0.3804839476562135,auto_second_pass_kept,True
যারা দৌড়ায় তাদের কষ্ট লাগে না,Dhaka,Tangail,,Sarcastic_negative,0.3506762500052108,auto_second_pass_kept,True
"""সরম দিলে ভাইরে, লাখ টাকা খাওয়াই দিবো রাজনিতীর বাইরে।",Chittagong,Comilla,,Sarcastic_negative,0.5559746975491838,model_autofill,False
মায়ের থেকে মাসির দরদ বেশি হলে যা হয় আরকি।,Dhaka,,,Negative,0.458932358253185,model_autofill,True
আহ হা রে সোনা গো আমার...,Dhaka,,,Negative,0.6140545323381377,model_autofill,False
মুলদলের উপরের আওয়ামী ঘেঁষা নেতাদের থেকে ছাত্রদল অনেক অনেক ভালো।,Dhaka,Pabna,,Sarcastic_negative,0.3844031317819956,auto_second_pass_kept,True
কষ্ট হলে তুমিও দৌড়াও,Dhaka,Chittagong,Lakshmipur,Sarcastic_negative,0.4021700450961185,model_autofill,True
কেন তোমার গোয়ায় আগুন লাগছে নাকি???,Dhaka,Barisal,Bhola,Negative,0.4191021487143326,model_autofill,True
আহারে জমিদারের পোলা,Chittagong,Mymensingh,Rangamati,Sarcastic_negative,0.5779975744718965,model_autofill,False
"""সার্ভিস, তুই কোন চ্যাটের চুল?",ঢাকা,Dhaka,Lalmonirhat,Negative,0.4254182341296928,model_autofill,True
Kno,Chittagong,Bandarban,,Sarcastic_negative,0.4093940743400722,model_autofill,True
কষ্টের কি আছে তুমি যখন ছাত্রলীগের লুঙ্গির তলে ছিলা তহন তোমাকে দেখে কষ্ট হতো এটা ভেবে যে মুতে তো ছেলেটা বেশে যাবে,Dhaka,Mymensingh,,Negative,0.406214966246913,model_autofill,True
নরেন্দ্র মোদী আমার বাবা লাগে এজন্য ইন্ডিয়াতে সাপোর্ট করি ভারতকে আমি ভালোবাসি নরেন্দ্র মোদি আমার আব্বা লাগে এজন্য এজন্য ভারতকে ভালবাসি,Dhaka,,,Negative,0.568149827195729,model_autofill,False
অন্তরে জালা,নওগাঁ,Dhaka,Gazipur,Negative,0.5531271234348071,model_autofill,False
কোন নেতা যেন বলছিল ভোটের আগে পর্যন্ত আমরা মানুষের ঘরে ঘরে যাব পরে আমাদের পিছনে পিছনে ঘুরবে,Chittagong,Cox's Bazar,,Negative,0.8193819611586443,model_autofill,False
ষার বিয়া তার খবর নাই আর এদিকে সারজিসের ঘুম নাই,Dhaka,Habiganj,,Sarcastic_negative,0.4136753609726664,model_autofill,True
"""একজন কেন্দ্রীয় নেতা যদি এমন করে, তাহলে কর্মী কেমন করবে",Chittagong,Noakhali,,Positive,0.4592131452086409,model_autofill,True
এসব বলে ফর্মে উঠতে চাও বাপু,Chittagong,Cox's Bazar,,Positive,0.3781862846676072,auto_second_pass_kept,True
ক্যাম্পাস এ রুটি ডাল খাওয়া পুলা যখন এখন কোটি টাকার গাড়ি নিয়ে ঘুরায় এইটা আমাদের অনেক কষ্ট লাগে,দিনাজপুর,Dinajpur,,Negative,0.416111298091441,model_autofill,True
নয়ন lite,Dhaka,Munshiganj,,Negative,0.3846068958954441,auto_second_pass_kept,True
তোমার তো সেই সৌভাগ্য হয় নাই রে ছোকরা।,Sylhet,,,Neutral,0.4104653005152525,model_autofill,True
আমাকেও,Dhaka,,,Negative,0.7499732965776817,model_autofill,False
"""চিন্তা করা যায় মানুষ কি লেবেলের দলান্ধ হতে পারে ? সে কিন্তু খারাপ কিছু বলে নাই অথচ তাদের কাছে খুব খারাপ লাগতেছে , কারন এরা চা…",Dhaka,Jamalpur,,Negative,0.5499133491450531,model_autofill,False
আহ্ সোনা কষ্ট হচ্ছে বুঝি,Chittagong,Lakshmipur,,Sarcastic_negative,0.4075161589653818,model_autofill,True
আসোলেই,Dhaka,,,Neutral,0.3992121087853892,model_autofill,True
টুপি কই ভাস্তে,বগুড়া,Sylhet,Bogura,Negative,0.402207632564102,model_autofill,True
হুম। তুমি দৌড়াতে না পেরে যে কষ্ট পেয়েছ। বুঝতে পারছি।,Dhaka,,,Sarcastic_negative,0.3925744637629835,model_autofill,True
"""জমিদার, মহাসুখের শেষ হলে সবকিছুতেই কষ্ট হয়। আমরা বুঝি ছাত্রলীগের এজেন্ট যখন বসুযোগ নিয়ে জুলাই এজেন্ট হয়ে যায়, আমাদেরও হাঁসি পায়",Dhaka,,,Negative,0.5310370317559759,model_autofill,False
Jomider er nati nki bole apne?,Dhaka,Thakurgaon,,Neutral,0.5286194913077142,model_autofill,False
তুমি দৌড়াতে চাও নাকি,Dhaka,,,Sarcastic_negative,0.5844740301622956,model_autofill,False
সাবেক ছাএলীগ নাকি?,ময়মনসিংহ,,,Sarcastic_negative,0.3416055150017286,auto_second_pass_kept,True
দৌড়ায় ক্যান,Tangail,,,Sarcastic_negative,0.3881710005509613,auto_second_pass_kept,True
একটা গাড়ি কিনে দেন,কিশোরগঞ্জ,Mymensingh,Kishoreganj,Sarcastic_negative,0.5439489576632047,model_autofill,False
ও্যার বিচার আগোত হওয়া লাগবে,Dhaka,,,Negative,0.3696598066266887,auto_second_pass_kept,True
প্রধানমন্ত্রী যে উনার ভাই.......,Dhaka,,,Neutral,0.3500866865827698,auto_second_pass_kept,True
"""বাঙালির রক্তে, হৃদয়ে ,মস্তিষ্কে, দাসত্ব মিশে গেছে এই দাসত্বের শিকল ভাঙ্গা খুবই কঠিন কিন্তু অসম্ভব নয় ,,,,,,",বরিশাল,Dhaka,Barisal,Negative,0.5301852222859058,model_autofill,False
আমাকেও,Dhaka,,,Negative,0.7499732965776817,model_autofill,False
হে দৌড়াইছে তোর সমস্যা কোতাই বিড়ি খুর,Dhaka,Kishoreganj,,Sarcastic_negative,0.5570174366604244,model_autofill,False
আমিও সেম কমেন্ট করছি oi vedio dki...amio obag ওনি কি নেতা নাকি সাধারন ছাত্র ইতিমের মতো দৌড়ালো,দিনাজপুর,Rangpur,,Negative,0.7922340462353714,model_autofill,False
তাহলে তুমি প্রধানমন্ত্রীর গাড়ির পেছনে দৌড়াও শান্তি পাবা,Dhaka,,,Sarcastic_negative,0.2963652350769043,auto_second_pass_kept,True
"""তোমরা যখন গাড়িতে চড়ে বেড়াইছো , মুরুব্বীরা তোমাদের গাড়ির পেছনে দৌড়াইছে ওটা দেখে আমাদেরও খুব কষ্ট লেগেছে",Dhaka,,,Negative,0.6380607300192458,model_autofill,False
Jubodoler noyoner nam taw bolten,Rangpur,Dinajpur,,Neutral,0.4382578892826925,model_autofill,True
তোমাদের কস্টের শেষ নেই গো,Dhaka,Gazipur,,Negative,0.5004835564760659,model_autofill,False
আমিও কষ্ট পাই,Dhaka,,,Negative,0.4648033400047815,model_autofill,True
বুকটা ফাইট্টা যায় এখানে তো দৌড়ানোর কথা ছিল তার খেলা যে চলছে কোন লেবেলে।,Dhaka,,,Positive,0.3244424676325066,auto_second_pass_kept,True
জমিদারের নাতিকে নেওয়া দরকার,Dhaka,,,Neutral,0.6630672877117486,auto_second_pass_changed,False
আমাকেও কষ্ট দেয়,Dhaka,Kishoreganj,,Negative,0.5482333232939866,model_autofill,False
"""Amk o kosto dey,,,ei bura boyoshe dour jhap korte hoy tar",Dhaka,,,Sarcastic_negative,0.3398050936253068,auto_second_pass_kept,True
মা থেকে মাসির দরদ বেশি হয়ে গেলো না সার্বিস আলম,Sylhet,,,Negative,0.392692097587361,model_autofill,True
একদম।,Dhaka,,,Sarcastic_negative,0.3984952552786235,model_autofill,True
টোকাই,Dhaka,,,Sarcastic_negative,0.3980608732966978,model_autofill,True
দুই ের বৈরাগী বলে কি।,Dhaka,Chandpur,,Positive,0.540892003541443,model_autofill,False
তারা তো হাগল এর লাইগাই দৌড়ায়,নাটোর,Dhaka,Natore,Sarcastic_negative,0.5721331785209315,model_autofill,False
ইউনুস কে রাষ্ট্রপতি হিসেবে দেখতে চাই,Dhaka,,,Positive,0.3225068650418672,auto_second_pass_kept,True
জ্বলে নাকি?,Dhaka,Dinajpur,,Positive,0.4936680934480406,model_autofill,True
সেই মানের মানবতা,Dhaka,,,Sarcastic_negative,0.3898484285591573,model_autofill,True
এত বেশি মনে কষ্ট নিলে রোজা ভাঙ্গার কারণ হয়ে দাঁড়াবে!,Chittagong,Noakhali,,Sarcastic_negative,0.4570417703283868,model_autofill,True
এটা গুড পলিটিক্স। সরকার থেকে দল আলাদা এটা প্রমাণিত হয়।,Chittagong,Rangamati,,Negative,0.6542019331499693,model_autofill,False
"""রাকিবের পরিবর্তে ওকে নিয়োগ দেওয়া উচিত, অনেক অভিজ্ঞতা আছে",Dhaka,,,Negative,0.469862749166832,model_autofill,True
প্রধানমন্ত্রী এটা সবার। চাইলে আপনিও দৌড়াতে পারেন।,Dhaka,,,Sarcastic_negative,0.3176487905065824,auto_second_pass_kept,True
থাক সার্জিস ভাই এটা তাদের সমঝোতার মধ্যে পড়ে,Chittagong,,,Negative,0.6581001877295629,model_autofill,False
ছাত্রদলকে বলা হয় প্রধানমন্ত্রীর ভ্যানগার্ড।সুতরাং নিরাপত্তা এবং প্রটোকল হিসেবে যার যেভাবে থাকা দরকার সে সেখানেই থাকবে। আর বই ম…,ঢাকা,নাটোর,Dhaka,Positive,0.5575613601052467,model_autofill,False
"""নপতা আপনি এগিয়ে যান,সাড়া দুনিয়া আপনার বিপক্ষে থাকলেও আমি কিন্তু দুনিয়ার পক্ষেই",Dhaka,Kishoreganj,,Sarcastic_negative,0.4358875389923187,model_autofill,True
রক্তে যার গোলামীর বীজ সে কেন বৃটিশ আর্মিতে ভর্তি হবে না।,Dhaka,,,Neutral,0.5766633160130162,model_autofill,False
ভোট দিবো কিসে ধানের শীষে,Dhaka,,,Sarcastic_negative,0.7788393649031763,model_autofill,False
মনে হচ্ছে একটি ক্ষুধা কুকুর দৌড়াচ্ছে,Dhaka,Madaripur,,Sarcastic_negative,0.4917401159170029,model_autofill,True
"""আইসো আবার মব করতে, তুমার অপেক্ষায় বাংলাদেশ, …",Tangail,,,Negative,0.3267967596229257,auto_second_pass_kept,True
"""ছাত্র দল রাকিব লিডারের পিছে দৌড়ায় , আর সরম লাগে আমার",Dhaka,,,Negative,0.6516696406129318,model_autofill,False
আইছে আমার নয়া মুসলমান।,Dhaka,Khulna,Satkhira,Negative,0.7503279113194443,model_autofill,False
জাতির আউব্বার গুনগান করো তখন??,Sirajganj,,,Positive,0.3837670077293666,auto_second_pass_kept,True
আন্দুলনের ডাক লিদার,Dhaka,Feni,,Sarcastic_negative,0.382904801856734,auto_second_pass_kept,True
বিষয়টা খুবই দুঃখজনক,Patuakhali,,,Negative,0.4080853259938429,model_autofill,True
কুকুর তো অনিবার পিছনে দৌড়াবেই।,Dhaka,Rangpur,Faridpur,Sarcastic_negative,0.3193337568914724,auto_second_pass_kept,True
এটা ওদের প্রাপ্য,চট্টগ্রাম,Chittagong,,Negative,0.3749252075250414,auto_second_pass_kept,True
তুয়ার কি সমাস্যা,Chittagong,Cox's Bazar,,Sarcastic_negative,0.4657495487715455,model_autofill,True
তাহলে ছাত্রদলের রাকিবের বদলি তুমি দৌড় দিয়ে দাও তাইলেই তো হয়।,নরসিংদী,Dhaka,Rangamati,Sarcastic_negative,0.4267133455719453,model_autofill,True
ছাত্রদলের কোন পেশা নাই দৌড়ানি তাদের পেশা,Chittagong,,,Negative,0.4098282673507678,model_autofill,True
Faaaaahh,Habiganj,,,Sarcastic_negative,0.4093940743400722,model_autofill,True
এটা একটু বেশি হয়ে গেছে দৌড়াদৌড়ি,Dhaka,Chittagong,Lakshmipur,Sarcastic_negative,0.4549150807606227,model_autofill,True
Fahim Khan,Dhaka,,,Sarcastic_negative,0.4886418978413492,model_autofill,True
তুই কি করতি মনে আছে!!!,Sylhet,,,Sarcastic_negative,0.5488575339319431,model_autofill,False
আমায় বিনোদন দায়,বরিশাল,Barishal,Barisal,Negative,0.5944664867003759,model_autofill,False
"""নেতার ছেলে নেতা হবেন।আর কর্মীরা হবেন পরিচ্ছন্নতা কর্মী ।নেতার ছেলে নেতা হবে, আর মাঠে যারা কাজ করে তারা সারাজীবন কর্মীই থেকে …",বগুড়া,Rajshahi,Bogura,Neutral,0.5562649569683183,model_autofill,False
ছাত্রদল সভাপতি না ও চামচা,সাতক্ষীরা,Khulna,,Sarcastic_negative,0.4747693868045115,model_autofill,True
তুমি দৌড়াতে চাও? সরকারি কাজের বাইরে দলীয় কার্যক্রমে ছাত্রদল আসবে এটাই স্বাভাবিক।,Chittagong,Feni,,Negative,0.4913251699855825,model_autofill,True
কেনো তোমারও কি ইচ্ছা করে নাকি!!,Dhaka,Faridpur,,Sarcastic_negative,0.3637404271628994,auto_second_pass_kept,True
রাজনীতি সহজ পসা এদের কাছে বুজলেন ভাইটু চাটা চাটি ভালো জানা থাকলে কাজ ওকে,Dhaka,,,Positive,0.5116800676027329,model_autofill,False
"""ওনারা এখন আবোল তাবোল বলতেই থাকবে, কেননা দেড় বছরে যা পাইছে মৃত্যুর আগ পর্যন্ত ভুলতে পারবেনা",Dhaka,Joypurhat,Naogaon,Negative,0.501864962288642,model_autofill,False
আমিও কষ্ট পাইছি তুই ফেল করাতে,Tangail,,,Negative,0.4801380647089123,model_autofill,True
Right,নরসিংদী,Dhaka,Faridpur,Sarcastic_negative,0.4093940743400722,model_autofill,True
আমার বঙ্গবন্ধু,Dhaka,Narsingdi,,Negative,0.7669195532034204,model_autofill,False
তোমার পিছনে যখন মেধাবী নামক ছাত্ররা দৌড়ায় তখন ভালো লাগে?,Chittagong,Brahmanbaria,,Negative,0.3632371888226252,auto_second_pass_kept,True
চাচায় ভালো দৌড়ে,কিশোরগঞ্জ,Dhaka,Kishoreganj,Sarcastic_negative,0.3114981173115587,auto_second_pass_kept,True
আমার কাছেও খারাপ লাগে,বরিশাল,Barisal,,Negative,0.7168900463896065,model_autofill,False
বয়সের দোষ,Cox's Bazar,,,Negative,0.5562208263703282,model_autofill,False
এটা বিএনপি ছাত্র দল তাই সম্ভব।,ঢাকা,Dhaka,,Negative,0.7557763137298759,model_autofill,False
"""আসলেই লজ্জাও এবং সাথে দলের ভাব মুর্তি নষ্ট হলো,কিন্তু ছাত্রদল সভাপতি উনার নিজেরই'ত ব্যাক্তিত্য নেই।",Sylhet,,,Negative,0.3783319061440778,auto_second_pass_kept,True
এই দেহি নাসির পাটোয়ারী টু,Dhaka,,,Negative,0.6446240799999867,model_autofill,False
"""শেখ হাসিনার পিছনে যখন যাইতি,তখন ঠিক ছিল",চট্টগ্রাম,Chittagong,,Negative,0.5291918565427435,model_autofill,False
এতে তুর কি সমস্যা। এটা যার যার ব্যাক্তিগত বিষয়।,Brahmanbaria,,,Sarcastic_negative,0.3598907811089225,auto_second_pass_kept,True
কি তুমি দৌড়াতে পারলে ভালো হতো?,কুমিল্লা,Dhaka,,Sarcastic_negative,0.3912091592813793,model_autofill,True
তুই দৌড়াইতে চাস,Dhaka,Jamalpur,,Negative,0.7997611792636048,model_autofill,False
ওরে জালা অন্তর জালা,ভোলা,Bhola,,Negative,0.431271970199145,model_autofill,True
এখন যদি একটা মার্সিডিজ গাড়ি নিয়ে ঘুরতো তাইলে বলতেন যে এত টাকা কই পাইসে আর এখন দেওরা তারপর আপনাদের সমস্যা,Dhaka,,,Sarcastic_negative,0.3661505586640736,auto_second_pass_kept,True
লুঙ্গির নিচে থাকতে পারলে আরাম লাগে,Chittagong,,,Negative,0.3779648674565549,auto_second_pass_kept,True
প্রধানমন্ত্রী পিছে দৌড়াবে না ছাত্রদলের পোলা তাহলে তুমি দৌড়াবে তার পিছে,Dhaka,,,Sarcastic_negative,0.2928673593765594,auto_second_pass_kept,True
তুমিতো জমিদারের নাতি তারে একটা গাড়ী কিনে দাও,নোয়াখালী,Dhaka,Chittagong,Sarcastic_negative,0.5400094455982252,model_autofill,False
তুই দৌড়াতে শুরু কর,Comilla,,,Positive,0.5114105426789592,model_autofill,False
ভালো,Dhaka,,,Sarcastic_negative,0.3633850741123154,auto_second_pass_kept,True
আপনার কষ্ট পাওয়া দেখে আমরাও কষ্ট পাচ্ছি,Chittagong,,,Sarcastic_negative,0.4180210828784085,model_autofill,True
সেই কষ্টও কি তুমার পেছন দিকে নাকি ভাতিজা।,Sylhet,,,Negative,0.362151248552561,auto_second_pass_kept,True
মায়ের থেকে মাসীর দরদ বেশী।,Dhaka,Chittagong,,Negative,0.4548099184662593,model_autofill,True
"""হালা গো মাথা খারাপ হয়ে গেছে, তুমি দৌড়াতে যাইলে চেষ্টা করতে পারো।",Dhaka,Khulna,Gazipur,Sarcastic_negative,0.6360141683712225,model_autofill,False
তুমিও গিয়ে দৌড়াও,Dhaka,,,Sarcastic_negative,0.4895117450280295,model_autofill,True
ওরা দৌড়াবে না হাঁটবে তাতে তোর সমস্যা কেনো?,Comilla,,,Sarcastic_negative,0.4614469744877719,model_autofill,True
সারজিস ভাইয়ের শেখ মুজিবকে আব্বা ডাকাও আমাদের কষ্ট দেয়,Sylhet,,,Negative,0.6902080753745721,model_autofill,False
তুমিও গিয়ে দৌড়াও ভাই।তোমাকে ডাক দেয়নি তাই কষ্ট হয়।,চাঁপাইনবাবগঞ্জ,Chapainawabganj,,Neutral,0.4321465586237493,model_autofill,True
সে যদি এই সুযোগ পাইতো,Sylhet,,,Negative,0.7623651365221075,model_autofill,False
জ্বালা অন্তর জ্বালা,Dhaka,Feni,,Negative,0.4506325078108039,model_autofill,True
বিষয় টা ভাবতে হবে,Dhaka,Pabna,,Neutral,0.7755941400125809,model_autofill,False
বাগবাটোরা কমে গেছে তাই অন্যের দৌড়ানি দেখে কষ্ট হয়,Dhaka,Comilla,,Negative,0.3211214449282952,auto_second_pass_kept,True
আগে সে ছাত্র লীগের পিছনে দৌড়াদৌড়ি করতো এখন সেই সুযোগ বিএনপি ছাত্র দল দিল তাকে।,Dhaka,Rajshahi,,Negative,0.7291133439021752,model_autofill,False
তোমার গাড়ির পেছনে যখন দৌড়ায় তখন তুমি কষ্ট পাও না? হাস্যকর।,Dhaka,Gazipur,,Negative,0.389769079765698,model_autofill,True
যাক ছাত্রদল যে কষ্ট করছে তা মার্কেটিং করে দিল।,Chittagong,,,Negative,0.3629821695882103,auto_second_pass_kept,True
অন্তরে জ্বালা তোমার জ্বালা দেখে কাউরে কিছু যায় আসে না,চাঁপাইনবাবগঞ্জ,Rajshahi,,Negative,0.5479568236314724,model_autofill,False
রাইট,Dhaka,,,Positive,0.3912271647399516,model_autofill,True
তোমার ও ইচ্ছে করে বুঝি,Dhaka,Kushtia,,Negative,0.3317113561528361,auto_second_pass_kept,True
তোমার পেছনে দৌড়াবে?,Khulna,,,Negative,0.5846977163939496,model_autofill,False
"""মনে নাই বাটপার, আমার বঙ্গবন্ধু না কে বলে ছিল ?",Dhaka,Mymensingh,,Negative,0.8118908358894856,model_autofill,False
হাসিনার গাড়ীর পিছনে তোমাদের দৌঁড়ানো আমাদের আনন্দ দিতো।,Dhaka,,,Negative,0.7419918742105444,model_autofill,False
তোর এতো কস্ট কেন রে ভাই।,Dhaka,Shariatpur,,Sarcastic_negative,0.6046231421860897,model_autofill,False
ইউনুস সরকার যাওয়ার পরে তোমাদের সবকিছুতে কষ্ট।,Chittagong,,,Negative,0.5632262210083256,model_autofill,False
আহারে এতো কষ্ট কেরে,Dhaka,Chittagong,,Sarcastic_negative,0.5923900156162166,model_autofill,False
হাতে পাচ আঙ্গুল তাকে কোনটি দিলে শুনি,সিলেট,,,Sarcastic_negative,0.4296646631007416,model_autofill,True
Bat 'par',Chittagong,Noakhali,Habiganj,Sarcastic_negative,0.3805224663607692,auto_second_pass_kept,True
"""আহারে,,,নেত্রী আজ দেশে নাই বিদায় দৌড়াতে পারে না",Dhaka,Narsingdi,,Sarcastic_negative,0.3826425186930439,auto_second_pass_kept,True
চাটার জন্য বাঙালি সেরা।,Chittagong,Brahmanbaria,,Positive,0.5679079503559573,model_autofill,False
তোমারে কষ্ট দেয় কেন যে দৌড়ায় তার কোন কষ্ট হয় নাহ।,Dhaka,,,Negative,0.3419355745691181,auto_second_pass_kept,True
কেন সোনা __??,Dhaka,,,Sarcastic_negative,0.5034169612535548,model_autofill,False
তাতে তোর জ্বলে কেহেন ভাতিজা,Dhaka,Chittagong,,Positive,0.4745298409576047,model_autofill,True
তুমি কেন কষ্ট পাবে বুঝিনা,Cox's Bazar,,,Sarcastic_negative,0.5480068007194752,model_autofill,False
আহাগো,শেরপুর,Mymensingh,Sherpur,Sarcastic_negative,0.5722776663883357,model_autofill,False
সাবেক ছাত্রলীগ নেতার মায়ের চেয়ে মাসির দরদ বেশি,কক্সবাজার,,,Negative,0.4263496526791287,model_autofill,True
অটো পাশে আসছো বহুদূর,পটুয়াখালী,Dhaka,,Sarcastic_negative,0.4445360376213874,model_autofill,True
তুই মনে হয় তোর গুরেও বলস তোরে হেতে কষ্ট দে,Chittagong,,,Sarcastic_negative,0.3883182611038641,model_autofill,True
"""সবাই মিলে গড়ে তোলার চেষ্টা করুন ( united Bangladesh ) ইউনাইটেড বাংলাদেশ, এখনো কিন্তু সময় আছে এখনো কাদা ছোড়াছুড়ি শুরু হয় ন…",Dhaka,,,Positive,0.4306596622558212,model_autofill,True
"""আপনাকে কষ্ট দিচ্ছে কেন, তার উপর ছেড়ে ওটা!",চট্টগ্রাম,কক্সবাজার,Chittagong,Sarcastic_negative,0.6158127113847032,model_autofill,False
আমি ও কষ্ট পেয়েছি MD Oliullah ভাই আপনি কষ্ট পাইছেন নাকি,Dhaka,,,Sarcastic_negative,0.3830391020334969,auto_second_pass_kept,True
কারাও পিছনে না লাগাই ভালো,Mymensingh,,,Negative,0.371186235706414,auto_second_pass_kept,True
আরে এগুলা চাটাচাটি,Dhaka,Narsingdi,,Positive,0.6520667800507831,model_autofill,False
জ্বালারে জ্বালা অন্তরে জ্বালা,Dhaka,,,Negative,0.4997471047257973,model_autofill,True
"""কেন জ্বলে নাকি রে?? প্রধানমন্ত্রী তারেক রহমান ছাত্রদলের সাংগঠনিক অভিবাবক, তো তার গাড়ির সাথে ছাত্রদলের কেন্দ্রীয় সভাপতি কেন শু…",Dhaka,,,Positive,0.4264544241627373,model_autofill,True
কথা সত্যি ভাই,Dhaka,,,Positive,0.4455222251593128,model_autofill,True
যে দৌরায় তার সমস্যা নেই আপনাদের এত চুলকানি কেন? যে দৌরায় তাকে দৌরাইতে দেন। সে তো এটাকে এনজয় করে।,Dhaka,Barisal,,Negative,0.3974536903477118,model_autofill,True
সে দৌড়াবে না কি করবে তার ব্যক্তিগত ব্যাপার তোর কষ্ট লাগলে তাকে গিয়ে একটা গাড়ি কিনে দে,Chittagong,Noakhali,,Negative,0.3739981958690019,auto_second_pass_kept,True
"""চাচার হইছে বিপদ। এদিকে মানুষের মন পাচ্ছে না,ওই দিকে ১৫ বছরেও পাস করতে পারতেছে না,বিয়ে করতে গেলে আদু ভাই বলে তাড়িয়ে দেয়।",Chittagong,Comilla,,Sarcastic_negative,0.4798338287088983,model_autofill,True
তুমি আইসা একটু দৌড়ইয়া রাকিবকে হেল্প কর।,ঢাকা,রাজশাহী,কুষ্টিয়া,Sarcastic_negative,0.5465936030640042,model_autofill,False
সফিক দাদু জিতলে আমিও দৌড়াতাম,Comilla,,,Negative,0.3892195831409713,model_autofill,True
তুই মাশা বড়ি খা ব্যাথা দুর হবে।,Dhaka,,,Neutral,0.8422703083601722,model_autofill,False
একটু চাটার জন্য দৌড়াদৌড়ি করে আরকি,Chittagong,Brahmanbaria,,Positive,0.6379163519461031,model_autofill,False
আমি আগে মনে করতাম আওয়ামী লীগের মধ্যে চামচার অভাব নাই! পরে দেখলাম পতিত স্বৈরাচারের পর এর চেয়ে হাজার গুন বেশি চামচা এই বিএনপিতে। আল্লাহ মাফ করুন।,Dhaka,Chittagong,Chandpur,Negative,0.9382769504862764,model_autofill,False
SB Belal,Dhaka,,,Sarcastic_negative,0.3402443961494509,auto_second_pass_kept,True
রাইট।,Feni,,,Positive,0.3912271647399516,model_autofill,True
জমিদার এরের নাতি বলে কথা সার্ভিস আলম,Sylhet,,,Positive,0.5873836934970487,model_autofill,False
মানবিক মানুষ,Dhaka,,,Sarcastic_negative,0.3110558495858556,auto_second_pass_kept,True
চাটাচাটিতে আদু রাকিব সেরা রে,Chittagong,,,Sarcastic_negative,0.4339939604201869,model_autofill,True
তুই ও দৌড়া তুরে কে মানা করছে...,Chattogram,Chittagong,,Negative,0.6198445901425113,model_autofill,False
Vai toder goyar modde eto jole keno,Dhaka,,,Sarcastic_negative,0.3443547990013412,auto_second_pass_kept,True
এই জমিদারের নাতি কোথায় জ্বলে,Dhaka,,,Negative,0.4950957034768478,model_autofill,True
এরা মুলত ছাত্র না চাটুকার।,চট্টগ্রাম,Sylhet,,Sarcastic_negative,0.572908157105592,model_autofill,False
জ্বলে রে জ্বলে,Bogura,Bogra,,Positive,0.5122209680560895,model_autofill,False
সত্যি অনেক হাসি পায়,Dhaka,,,Neutral,0.383404367539793,auto_second_pass_kept,True
"""প্রধানমন্ত্রীর গাড়ির পিছনে নয় সে বিএনপির সভাপতির গাড়ির পিছনে দৌড়দেয় কারন এটা তাদের আবেগ ভালোবাসার যায়গয়, এরা বিগত ে ম্যাডা…",Chittagong,Khulna,Patuakhali,Negative,0.6865609553910331,model_autofill,False
কেন রে জমিদারের নাতি তুই একটু সুযোগ চাস নাকি,মানিকগঞ্জ,Dhaka,Manikganj,Sarcastic_negative,0.66262602422867,model_autofill,False
সাদ্দামের এক কলে ২০০ বার আব্বা বলা সারভিজ মলম রাকিব ভাইকে নিয়া সমালোচনা করে হাই খালিদ,Dhaka,,,Negative,0.3852955341383909,auto_second_pass_kept,True
ছাত্রদলের সভাপতি সাধারণ সম্পাদক সহ সুপার ফাইভের সদস্যরা দলের চেয়ারম্যানের নিরাপত্তার ভ্যানগার্ড হিসেবে গাড়িবহরে থাকবে সেটাই …,Chittagong,,,Sarcastic_negative,0.4084019421609118,model_autofill,True
আমাকেও,Mymensingh,,,Negative,0.7499732965776817,model_autofill,False
মায়াকান্না,Dhaka,Barisal,,Sarcastic_negative,0.3760531334430922,auto_second_pass_kept,True
নেতা দয়াকরে যদি তার চাদমুখ খানা একটু দেখতেন,Dhaka,Brahmanbaria,,Positive,0.4509963446883741,model_autofill,True
দুঃখের বিষয় তুমি তো প্রধানমন্ত্রীর গাড়ির পিছনে দৌড়াতে পারলাম না আমি কষ্ট পেলাম,চট্টগ্রাম,Chittagong,Noakhali,Negative,0.4326768228640814,model_autofill,True
চাটুকারিতা রক্তে তো কি করবে।,Dhaka,Gazipur,Jamalpur,Negative,0.7636668299480516,model_autofill,False
জ্বালা আহ জ্বালা,Dhaka,Kishoreganj,,Sarcastic_negative,0.628429227279646,model_autofill,False
"""নিজের সম্মান কেউ নিজে ধরে রাখতে না পারলে, কার কি দোষ! চাটুকারিতা থেকে আমরা কবে বের হতে পারব, কে জানে?",চুয়াডাঙ্গা,Dhaka,Khulna,Negative,0.6681457771726003,model_autofill,False
একটা গাড়ি কিনে দিতেই পারেন অনেক টাকা ইনকাম ত করেছেন,Dhaka,Pabna,,Sarcastic_negative,0.4588170129533913,model_autofill,True
কুকুর তার মালিকের পিছনে দৌড়াবে এটাই স্বাভাবিক।,ঢাকা,,,Negative,0.4326128731708275,model_autofill,True
একে আইনের আওতায় আনা হোক,Jessore,,,Negative,0.3571666591670264,auto_second_pass_kept,True
আসলেই!রাকিব ভাইকে এভাবে দেখে হাসি নয় কষ্ট লাগলো।,সাতক্ষীরা,Khulna,Satkhira,Negative,0.4107405408801537,model_autofill,True
আহারে কি কষ্ট,Khulna,,,Sarcastic_negative,0.4836009300562623,model_autofill,True
সিষ্টেম কখনোই বদলাবে না,Dhaka,Rangpur,,Sarcastic_negative,0.5427439648982303,model_autofill,False
আহারে যারা নারী নেতৃত্ব কে শেষ করতে মরিয়া হয়ে উঠেছেছিলো তাদের মুখে এগুলো মানায় না,Khulna,Magura,,Sarcastic_negative,0.4572405337258269,model_autofill,True
ভাইছা আন্নেরা কার পেছনে ছিলেন,Chittagong,,,Sarcastic_negative,0.4134671460270521,model_autofill,True
তুইও দৌড়া তাহলে কষ্ট ভুলে খুশি খুশি লাগবে,Khulna,Satkhira,,Negative,0.3522226464541099,auto_second_pass_kept,True
আগে যেমন আমার বঙ্গবন্ধু বলে কান্না করতি এখন আমার প্রধানমন্ত্রী বলে তেমন শুরু কর,Barisal,Rangpur,,Positive,0.6450629289112705,model_autofill,False
একটা দলের সূতিকাগার ছাত্র কমিটি। যা থেকে উৎপাদন হবে দলের ভবিষ্যৎ প্রজন্ম! এই দলের প্রেসিডেন্টকে দলের শীর্ষ নেতার অবমূল্যায়ন সত…,চট্টগ্রাম,নরসিংদী,Chittagong,Negative,0.6531669409813059,model_autofill,False
"""অ্যায়ও তো বিনোদনের বস্তু হয়ে যাচ্ছে ে ে,,,,",Rangpur,,,Sarcastic_negative,0.3737176231194686,auto_second_pass_kept,True
এই দৌড়টা কত যুবকের স্বপ্ন,Chandpur,,,Negative,0.7418720254934505,model_autofill,False
যুবদল নেতা,Dhaka,,,Positive,0.3237727614776254,auto_second_pass_kept,True
কষ্ট ফেলে বলতে হয় না!,নরসিংদী,Dhaka,Chattogram,Sarcastic_negative,0.3450769660359329,auto_second_pass_kept,True
রাইট,Dhaka,Khulna,Satkhira,Positive,0.3912271647399516,model_autofill,True
কিন্তু তুই যে একসময় সিংগারার প্লেট আর চায়ের কাপ টানতি? মনে নাই?,Dhaka,,,Sarcastic_negative,0.3547786369293217,auto_second_pass_kept,True
আস্তাগফিরুল্লাহ,জামালপুর,Dhaka,Jamalpur,Negative,0.3721038937780634,auto_second_pass_kept,True
বিতর্ক ছাড়া এই দেশ কি কখনো শান্তি আসবে ?,Barisal,,,Negative,0.3977383350770578,model_autofill,True
কিন্তু কেনোরে ভাই ??,Dhaka,Munshiganj,,Sarcastic_negative,0.4787845009768647,model_autofill,True
আদু ভাই দৌড়াতে পেরে খুশি,Dhaka,,,Sarcastic_negative,0.352711168301637,auto_second_pass_kept,True
বুঝেন না তারা একটু দৌড়াইয়া মার্কেট খুঁজে যোগ্যতা নাই কি করবে,সিরাজগঞ্জ,,,Negative,0.3897491060557458,model_autofill,True
না দৌডালে পদ থাকবে?,Dhaka,Chittagong,Feni,Sarcastic_negative,0.5820813239240936,model_autofill,False
Wow,Sylhet,,,Sarcastic_negative,0.4093940743400722,model_autofill,True
দুষ্ট পোলা এইভাবে বলে না মুরুব্বি রাকিব ভাই বলে কথা,Dhaka,,,Positive,0.8732344531649034,model_autofill,False
ছাত্রলীগের এজেন্ট যখন বাইটে পরে জুলাই এজেন্ট হয়ে যায় আমাদেরও হাঁসি পায়,Dhaka,,,Negative,0.5878031177345188,model_autofill,False
R8,Sylhet,,,Sarcastic_negative,0.4093940743400722,model_autofill,True
"""ঐ লোকটা একটা সেক্টরের কমান্টার তাই ভাল দৌড়াতে পারে, পায়ের তলায় বসে ছাটতেও পারে",কিশোরগঞ্জ,Dhaka,Kishoreganj,Negative,0.4578443266959803,model_autofill,True
tight,Dhaka,Mymensingh,Gazipur,Sarcastic_negative,0.4093940743400722,model_autofill,True
আহারে ক্ষণিকের ছেলেরে,Dhaka,,,Sarcastic_negative,0.4906481141097679,model_autofill,True
জ্বলে নাকি ?,ঢাকা,Dhaka,,Positive,0.4376200360816183,model_autofill,True
"""আবার ঐ আদু ভাইদের জন্য,এই পোস্টে অনেকে হা হা দেয়",বান্দরবান,Dhaka,Bandarban,Negative,0.5328136679377689,model_autofill,False
উনার ব্যাক্তিত্ব নেই।,Dhaka,Tangail,,Sarcastic_negative,0.3336845000795281,auto_second_pass_kept,True
চাটার জোস আসলে দৌড় এমনি চলে আসে।,Dhaka,Kishoreganj,,Sarcastic_negative,0.3970858171217612,model_autofill,True
কষ্ট নিয়েন না সামনে আরো কষ্ট ভোগ করতে হবে,Chandpur,,,Neutral,0.6222095493604243,model_autofill,False
ছাত্রদলের সভাপতির পরিবর্তে তাকে দৌড়ানোর দায়িত্ব দেওয়া হোক।,Sylhet,Netrokona,,Negative,0.4801975262825195,model_autofill,True
"""এটা লজ্জার কি আছে, এটা অলিম্পিক দৌড় প্রতিযোগিতা ছিলো",Dhaka,Khulna,Narail,Negative,0.5877077912513577,model_autofill,False
তুমি ছাদ্দামের পিছে দৌড়াইতা,Dhaka,Gazipur,Bagerhat,Negative,0.5707041064612332,model_autofill,False
"""থাক ছোট ভাই মন খারাপ করিস না,,,, তুই আমার বিএমডব্লিউ গাড়ীর সাথে এসে দৌড়াইস,,,,,",রাজশাহী,Rajshahi,,Negative,0.4346134071861862,model_autofill,True
এই ছেলেটি কে?,টাঙ্গাইল,Tangail,,Negative,0.771119647786688,model_autofill,False
Salman Kabir Arif Rahman Md. Tajul Islam …,Kishoreganj,,,Sarcastic_negative,0.3914379044503638,model_autofill,True
আরো অনেক কিছুতে কষ্ট দিবে,Chittagong,,,Sarcastic_negative,0.4330351790912355,model_autofill,True
তুই ও দৌঁড়া......,Chittagong,Jhenaidah,,Sarcastic_negative,0.3857954353915138,auto_second_pass_kept,True
লুঙ্গি থেকে পায়জামা আর পালাবি কোথায়,ঢাকা,Dhaka,,Positive,0.6609463011646456,model_autofill,False
আর কিছুতে কষ্ট হয়না,Barisal,,,Positive,0.2846928069111438,auto_second_pass_kept,True
মাওলানা সারজিত বলে কি,Dhaka,Narsingdi,,Sarcastic_negative,0.4720127574406194,model_autofill,True
তয় কি তোর পিছের দৌঁড়াবে?,Dhaka,Faridpur,,Sarcastic_negative,0.375324230885544,auto_second_pass_kept,True
পাগলীর কথা,চট্টগ্রাম,Chittagong,,Positive,0.5777024055021511,model_autofill,False
আগের নাই রে নাতি জুলাই বেইচা ভাত খাইতি।।।,Dhaka,,,Negative,0.5578043297454878,model_autofill,False
জুলাইয়ের সবচাইতে বড় গাদ্দার।,Dhaka,,,Negative,0.5921196299009804,model_autofill,False
আহারে মা থেকে মাসির দরদ বেশি,Chittagong,Lakshmipur,,Sarcastic_negative,0.3988172108857996,model_autofill,True
তোর কষ্ট লাগলেও কি না লাগলেও কি?,Dhaka,,,Sarcastic_negative,0.454469048407586,model_autofill,True
আদুভাই রাকিব আর নয়নের দৌড় দেখলে মজাই লাগে,Chittagong,Noakhali,,Negative,0.3960801101150337,model_autofill,True
"""Desh Bandhuuu, Tookai",Dhaka,Chittagong,Noakhali,Sarcastic_negative,0.4659715260680662,model_autofill,True
সহমত,কুমিল্লা,Chittagong,Comilla,Sarcastic_negative,0.4019567720057317,model_autofill,True
ভাই যারা চামচামি করাকে রাজনীতি মনে করে এসব বুঝবে না। বুঝলে কি আর বিএনপি করতো,Dhaka,,,Positive,0.4920778290437599,model_autofill,True
চাটার দল ভাই ওরা,Dhaka,,,Negative,0.4996897454011421,model_autofill,True
কত কষ্ট তোমার,Dhaka,Comilla,,Negative,0.5172632633326804,model_autofill,False
এতে আপনার কি সমস্যা? যে দৌড়ায় হলে তার সমস্যা হবে আপনি না দৌড়াইয়া আজাইরা ক্লান্ত হউন কেন??,Noakhali,,,Sarcastic_negative,0.5992296606539811,model_autofill,False
মাংস নিয়ে যাচ্ছিল এজন্য পিছন পিছন দৌড়াচ্ছিল,Dhaka,,,Negative,0.4666171681410309,model_autofill,True
কেনো??,Dhaka,Chittagong,Noakhali,Sarcastic_negative,0.5051441850703754,model_autofill,False
আমারও খারাপ লেগেছে। তারা তো তারেক কে ক্ষমতায় বসানোর জন্য লড়াই করেছে। তবে তারা কেন আজ এভাবে ফকিরের মত পিছু দৌড়াবে?,Khulna,,,Positive,0.6316381818996623,model_autofill,False
thik vai,চট্টগ্রাম,Chittagong,,Sarcastic_negative,0.4676251828193177,model_autofill,True
তোমার পিছনে কি কুত্তা দৌড়ায় ভাইয়া,পঞ্চগড়,Thakurgaon,,Negative,0.5598709371071264,model_autofill,False
গুপ্ত হয়ে তুই দৌরাতে পারলে ভালো লাগতো তুর!!,রংপুর,Dhaka,Gazipur,Negative,0.3883327937162302,model_autofill,True
প্লিজ সারজিস ভাই এইভাবে শরম দিও না,Chittagong,Brahmanbaria,,Sarcastic_negative,0.4962695886346887,model_autofill,True
তোমার সমস্যা কি? তার দলের নেতার জন্য তারা করলে?,Chittagong,Khulna,,Negative,0.4951316266634529,model_autofill,True
তোমার এতে কি সমস্যা সারজিস!?!,Dhaka,Mymensingh,,Sarcastic_negative,0.5246173817646542,model_autofill,False
"""একে বলে, পরস্রি কাতর,,,",Chittagong,Noakhali,,Sarcastic_negative,0.3540883980840896,auto_second_pass_kept,True
তুমি যখন দৌড়াবা কুল কিনারা পাবে না,Habiganj,,,Sarcastic_negative,0.5931221191831519,model_autofill,False
টাউট,Dhaka,Tangail,Jamalpur,Sarcastic_negative,0.4387603895174543,model_autofill,True
প্রধানমন্ত্রীর গাড়ির পেছনে ছাত্রদল সভাপতি দৌড়াবে না তো আপনি দৌড়াবেন।,Dhaka,,,Sarcastic_negative,0.3861506577247253,auto_second_pass_kept,True
তুমি সাদ্দামের পিছনে ঘুরঘুর করতে করতে রাত এক করে ফেলতা আর সে প্রধানমন্ত্রীর পিছনে গেলেই সমস্যা..?,ঢাকা,যশোর,Dhaka,Positive,0.4248693379210183,model_autofill,True
"""এইটা সত্যি, আমিও এই জিনিসটা দেইখা কষ্ট পাইছি",Dhaka,,,Negative,0.5628039972064776,model_autofill,False
শেখ মুজিবুর রহমান কে যখন আব্বা ডাকলা তখন আমাদের ও অনেক কষ্ট দিছে।,Dhaka,,,Negative,0.5203926324191523,model_autofill,False
এবার তুই দৌড়াইশ,Comilla,,,Positive,0.3713566450738722,auto_second_pass_kept,True
কেনো দাদা,Feni,,,Sarcastic_negative,0.5594639053382345,model_autofill,False
Tui ja taila,Dhaka,,,Negative,0.3334681724137753,auto_second_pass_kept,True
প্রধানমন্ত্রীর দৌড়াবে না তোর পিছনে দৌড়াবে।,Dhaka,Gazipur,Sirajganj,Positive,0.3422606500612343,auto_second_pass_kept,True
কষ্ট তো হবেই -----? তোমার ইচ্ছা ছিল জামাত ক্ষমতায় যাবে …,Dhaka,Khulna,Cox's Bazar,Neutral,0.645682615021732,model_autofill,False
Tui pate k tar,Dhaka,Rangpur,,Sarcastic_negative,0.3148068045792292,auto_second_pass_kept,True
"""ছাত্রদল ভাইয়েরা তোমরা দৌড়াদৌড়ি, হুড়োহুড়ি, ঠেলাঠেলি কইরো না।তারে একটু সুযোগ করে দেও। আহারে বেচারা!",Dhaka,Faridpur,,Negative,0.3794966580478733,auto_second_pass_kept,True
ওনারও দৌড়াতে মন চায়,ঢাকা,Dhaka,,Sarcastic_negative,0.5394390947980989,model_autofill,False
"""কারণ, সবাইতো জুলাইবিক্রেতা না। জুলাইবিক্রির চেয়ে প্রয়োজনে ৩০ প্রধানমন্ত্রীর গাড়ির পেছনে দৌড়ানো বেটার।",Barisal,Bhola,,Negative,0.3111302046928445,auto_second_pass_kept,True
যদি তোর কষ্ট হয় তাড়াতাড়ি সুইসাইড কর,Dhaka,Khulna,Jessore,Negative,0.3236551478946515,auto_second_pass_kept,True
"""কষ্ট তো লাগবেই, তুমি যে এমপিই হতে পারোনাই।",ঢাকা,,,Sarcastic_negative,0.3624143852527182,auto_second_pass_kept,True
এই কষ্ট কষ্ট না আরো কষ্ট আছে,Dhaka,,,Negative,0.3768954358767274,auto_second_pass_kept,True
আহহ সোনা গো আমার খুব কষ্ট হচ্ছে না বলো,Rajshahi,,,Negative,0.5020935361088961,model_autofill,False
রাকিব ভাইকে এবার একটা বড় পদ দেওয়া হোক সে অনেক কষ্ট করেছে।,Dhaka,Chittagong,Noakhali,Sarcastic_negative,0.3384077308420719,auto_second_pass_kept,True
"""উনি একজন সেক্টর কমান্ডার,,, দৌঁড়ানোর ট্রেনিং আছে উনার",Dhaka,,,Negative,0.3668737025383579,auto_second_pass_kept,True
মাসীর দরদ।,কক্সবাজার,Cox's Bazar,,Sarcastic_negative,0.3450447232061158,auto_second_pass_kept,True
তোর দৌড়াইতে মনে চাইলে তুইও দৌড়া,Barisal,,,Negative,0.6390825834008803,model_autofill,False
আপনার পিছনে অনেকে দৌড়ায়,Dhaka,Jamalpur,,Sarcastic_negative,0.637133664608142,model_autofill,False
তোমার মুখে জয় বাংলা স্লোগান আমার হাসি পায়,Dhaka,Khulna,Magura,Negative,0.5528540231089112,model_autofill,False
এখনো গুপ্ত থাকলে রাকিব ভাইয়ের লগে দৌড়াইতাম,Chittagong,Noakhali,,Negative,0.5655118358192629,model_autofill,False
এটা আমার কাছেও দৃষ্টিকটু মনে হয়,Dhaka,Chittagong,,Negative,0.6076552935653033,model_autofill,False
এই আবেগ এই ভালোবাসার মানে তুই কি বুঝবি হালা দু'আছলা,Dhaka,,,Negative,0.8796730642728551,model_autofill,False
আহারে কষ্ট,কক্সবাজার,Cox's Bazar,,Sarcastic_negative,0.4829266594162133,model_autofill,True
তোমার তো হিংসা হয় তুমি তার যোগ্য নও,Bogra,,,Sarcastic_negative,0.3124703591731948,auto_second_pass_kept,True
আমাদেরও কষ্ট হয় যখন দেখি তোমাদের ভোটে তুমি হেরে গেছো,Dhaka,Chandpur,,Negative,0.5134523098730127,model_autofill,False
আগে সাদ্দাম এর গাড়ির পেছনে তুমিও দৌড়াইতা ভাতিজা।,Dhaka,,,Negative,0.5209818934713345,model_autofill,False
আপনার পেছনে যখন কেউ দউরায়,Lalmonirhat,,,Sarcastic_negative,0.7011749770111892,model_autofill,False
দৌড়াচ্ছে ছাত্রদলের সভাপতি কষ্ট আপনার হচ্ছে আহারে দরদ।,সিলেট,Sylhet,,Sarcastic_negative,0.65187779613263,model_autofill,False
আসলেই কষ্টের দুঃখজনক,Khulna,,,Sarcastic_negative,0.3418913081915073,auto_second_pass_kept,True
"""ছোট্ট সোনা তোমার বয়স কম, তুমি হয়তো বুঝনা",চট্টগ্রাম,Dhaka,Chittagong,Negative,0.6587324882383205,model_autofill,False
"""খান,,,র ছেলে তোর সমস্যা কি",Dhaka,Noakhali,Jessore,Sarcastic_negative,0.3843933988167571,auto_second_pass_kept,True
সে প্রতিযোগিতায় অংশ গ্রহন করবে তাই আগে থেকে দৌড়ানো প্রস্তুতি নিচ্ছে,Dhaka,Tangail,,Negative,0.6467082083299991,model_autofill,False
নিজের বেলায় নাই তো তাই কষ্ট লাগে,Dhaka,,,Sarcastic_negative,0.3620624449147674,auto_second_pass_kept,True
সে তোমাদের লোক নাকি?? গুপ্ত???,Dhaka,,,Negative,0.4316671448134669,model_autofill,True
মনে কষ্ট পাওয়াই স্বাভাবিক।,Tangail,,,Sarcastic_negative,0.3882966435407403,model_autofill,True
নিজে দৌড়াইতে না পারলে অন্যেরটা দেখে তো কষ্ট লাগাটাই স্বাভাবিক।,Dhaka,Barisal,,Negative,0.604592739935298,model_autofill,False
"""আহারে খুব জালা,,,১৭bochor Chatro lig er lungir nice douraiso tokhon mone chilo na?",Dhaka,Munshiganj,,Neutral,0.3755818654302318,auto_second_pass_kept,True
তোর কষ্ট লাগে কেন? তোর আম্মার পিছনে দৌড়ালে মনে হয় ভালো হতো,Chittagong,,,Negative,0.4120951300084024,model_autofill,True
এটা সত্যিই খারাপ লাগার বিষয় যে নেতাকর্মীরা এতো এতো পরিশ্রম করেছে তাদের এসব মানায় না,Rangpur,,,Negative,0.331264825467251,auto_second_pass_kept,True
তোমার আগের আমার এই আমার সেই বলে গলা ফাটিয়ে চিৎকার করে বলা টা ও তো আমাদের লুঙ্গির নিচের কথা মনে করিয়ে দেয়,Chittagong,Noakhali,,Negative,0.6255543622228821,model_autofill,False
আমার কস্ট লাগে,Dhaka,Khulna,,Negative,0.6217955762980002,model_autofill,False
ওসব চাটা পার্টি,Dhaka,Mymensingh,Pabna,Sarcastic_negative,0.384720880200669,auto_second_pass_kept,True
এরা রীতিমত অপমান করে এগুলো প্রকাশে এনে..,Comilla,,,Positive,0.4426325366772757,model_autofill,True
ওরে তেল,ঢাকা,,,Sarcastic_negative,0.3323040308202212,auto_second_pass_kept,True
তোমার দরদ দেখাতে হবে না তুমি ঘুমাও।,Dhaka,Thakurgaon,,Neutral,0.9905543546508946,model_autofill,False
বেডা তুই ও একসময় দৌড়াতি ভুলে গেছিস,Dhaka,Sylhet,,Negative,0.3777513160762705,auto_second_pass_kept,True
কোনো কাজ কর্ম নাই শুধু অবান্তর কথা কাহিনী করে মিডিয়া গুলো কেনো এর কথা শুনতে যায় সে কে কি সে এতো তার নিউজ করতে হবে,Dhaka,,,Positive,0.4453447611937806,model_autofill,True
তাতে তোর কি? সে তোদের মতো বেয়াদব না। এটা তার নেতার প্রতি শ্রদ্ধা।,Chittagong,Chandpur,Comilla,Negative,0.5509125765539057,model_autofill,False
হিরো আলমকে ছাড়িয়ে সেফুদার কাতারে চলে যাচ্ছে আমাদের জমিদার এর নাতি।,Dhaka,Khulna,Magura,Negative,0.5433266493192344,model_autofill,False
বাদ দেন ভাই যে যেমনে শান্তি আদায় করে নিতে পারে,চাঁদপুর,Chittagong,Chandpur,Positive,0.3969716457781818,model_autofill,True
"""আমাকে ও কষ্ট দেয়, ১৭বছর তুই কার গাড়ির পেছনে দৌড়ায়ছিলী,…",Dhaka,Gazipur,Dinajpur,Negative,0.6044603340715882,model_autofill,False
যে দৌড়াচ্ছে তার কোন সমস্যা নেই মাথাব্যথা নেই কিন্তু সাবেক ছাত্রলীগের চামচার কিসের সমস্যা,বগুড়া,Bogura,Panchagarh,Sarcastic_negative,0.4287621914660003,model_autofill,True
রাজাকার দুই প্রকার: ৭১ সালের ৯ মাসের পাকিস্তানি রাজাকার আর ৭১ পরবর্তী ৫৫ বছরের ভারতীয় দালাল রাজাকার! কারা দেশের জন্য বেশী ক্ষতিকর?,নওগাঁ,Dhaka,Rajshahi,Negative,0.5451142293227853,model_autofill,False
এখন কি.? বলতে চাও.! প্রধানমন্ত্রী ছাত্র দলের সভাপতির পিছে দৌড়াবে।,Dhaka,Brahmanbaria,,Positive,0.4445587670918299,model_autofill,True
"""ছাত্রদল তাদের নেতার গাড়ির পিছনে দৌড়াবে নাকি সামনে দৌড়াবে নাকি হেঁটে যাবে সেটা তাদের ব্যাপার তোর কষ্টের কারনতো বুঝলাম না,,নাকি তোদের জ্বলছে?",Dhaka,Gazipur,Naogaon,Negative,0.3863762437797288,auto_second_pass_kept,True
জামাতের আমির আর সার্জিসরা দোরাবে,Thakurgaon,,,Negative,0.5513614641949065,model_autofill,False
নিজের রাজনীতি টা নিজে করুন।,Dhaka,Mymensingh,,Positive,0.7217969097960588,model_autofill,False
"""সুদু ছাত্রদল সভাপতি না,, আমরা বাংলাদেশ জাতীয়তাবাদী ছাত্রদল পূর্বে ও যেভাবে মেডাম এর গাড়ী বহরের পিছনে ছুটতাম, এখনো তারেক ভায়ের …",Dhaka,Cumilla,Comilla,Negative,0.4518818740270162,model_autofill,True
যা এবার ওকে দুলাভাই বানা এতো কষ্ট হলে।,Dhaka,Chandpur,,Sarcastic_negative,0.334959474143955,auto_second_pass_kept,True
মার থেকে মাসির দরদ বেশি,Dhaka,,,Negative,0.4888989820543251,model_autofill,True
ওদের কালচার এটা,Sirajganj,,,Negative,0.4450820521161713,model_autofill,True
এএএএএএ চোসোন.....,কক্সবাজার,Dhaka,Gopalganj,Sarcastic_negative,0.4279075005290774,model_autofill,True
গুপ্ত,ঢাকা,Chattogram,Chittagong,Sarcastic_negative,0.3498199018386619,auto_second_pass_kept,True
ঠিক আছে,Dhaka,,,Negative,0.4748884621721628,model_autofill,True
Juta dea amon pedan pedamu tr por ballo hoibe tor abbu doraity cy ty tor kacy kharap lagche mone hoy,Dhaka,,,Sarcastic_negative,0.4956994261877631,model_autofill,True
আমাকে ও,গাজীপুর,Dhaka,,Negative,0.766739191936453,model_autofill,False
বড় ভাইকে রাষ্ট্রপতির দায়িত্ব টা দেয়া হোক.....,Dhaka,,,Negative,0.5203598959192276,model_autofill,False
কেন রে জমিদার এর পুত কাহিনি কি,ঢাকা,বরিশাল,Barisal,Sarcastic_negative,0.7037357543587335,model_autofill,False
তেল কোম মারো পিও,Dhaka,Jhenaidah,,Sarcastic_negative,0.3359741563280713,auto_second_pass_kept,True
যেহেতু কষ্ট দেয় সেহেতু পরেরবার থেকে তুমি দৌড়িও...,Dhaka,Chittagong,Mymensingh,Negative,0.642261481930828,model_autofill,False
কুমিরের কান্না,কক্সবাজার,Barisal,,Sarcastic_negative,0.4338267286737868,model_autofill,True
"""ভাই পা না চাটলে ত চলবে না বুঝতে হবে, তাই সরকারের পা চাটতে হবে",Dhaka,Narsingdi,,Neutral,0.957723711357544,model_autofill,False
মান্দারপু ৩ আগেও সাদ্দামের পিছনে পাদের গন্ধ শুকছে,Dhaka,Gazipur,,Sarcastic_negative,0.3981617855328477,model_autofill,True
সাবেক ছাত্রলীগ নেতা কয় কি,Dhaka,Rangpur,,Neutral,0.3726287822507441,auto_second_pass_kept,True
তোমার বঙ্গবন্ধুকে নিয়ে তেল দেয়া বক্তব্য কিন্তু আমাদের নাড়া দেয় ভাইয়া!,Dhaka,Mymensingh,Sherpur,Negative,0.7670683919140431,model_autofill,False
তাহলে তুমি এসে দৌড় দাও,Dhaka,Barisal,,Sarcastic_negative,0.664868684585353,model_autofill,False
উস্কানিমূলক বক্তব্য দিয়ে ছাত্রদল নেতা রাকিবকে বিদ্রোহ করে তুলতে চায়।,Dhaka,Barisal,Bhola,Negative,0.3699894013586451,auto_second_pass_kept,True
তাতে বাল ছিড়া গেলো ছাএদলের।,Dhaka,Comilla,,Sarcastic_negative,0.4776036357691951,model_autofill,True
কেন বাবু দৌড়ানোর ইচ্ছা আছে তুমি এখনো ছোট আছো বুঝছো আর একটু বড় হও,Panchagarh,,,Sarcastic_negative,0.6176596629796254,model_autofill,False
মার থেকে মাসির দরদ বেশি,Khulna,,,Negative,0.4888989820543251,model_autofill,True
"""ভাইরে ভাই, হিপোক্রেসির একটু লিমিট রাখ।",চট্টগ্রাম,Dhaka,Chittagong,Sarcastic_negative,0.6252485697162937,model_autofill,False
সারাবছর চাঁটবা কিন্তু নেতার ছেলে নেতা হবে আর তুমি সভাপতি রাকিবের মতো গাড়ির পেছনে দৌড়াবে।আর অন্যদিকে জামাতের ভাইদের দেখো ছাত্রদ…,Chittagong,,,Positive,0.5837466360773492,model_autofill,False
এই লোকটা একটা পাগল এর বয়স চলে ৪৫,Rangpur,,,Negative,0.6263023075774612,model_autofill,False
এতো জলে কেন হরছেন লজ্জা লাগে না নিজে আবার অন্যর বিষয় কথাা বলার আগে নিজের টা দেখো ভাই,নরসিংদী,Dhaka,Barisal,Positive,0.4849148833238366,model_autofill,True
আহারে চান্দুর কত মায়া। তুমি যে ছাত্রলীগ করা অবস্থায় বঙ্গবন্ধুকে চাটতে চাটতে মহাকাশ পর্যন্ত নিয়ে গেছিলা সেটার কি হবে? হাসিনা…,Dhaka,Sirajganj,,Neutral,0.3476295083283654,auto_second_pass_kept,True
ছাপ্রীদের কাজ দৌড়ানোই! দফাদার কুকুর মালিকের পিছনে দৌড়াবে এটাই তো স্বাভাবিক হোক সেটা গাড়ি হোক সেটা বাড়ি।,Chittagong,,,Negative,0.5220407303684235,model_autofill,False
এই ছেলে গুলো দেশ কে নিয়ে ব্যবসা শুরু করছে …,Dhaka,,,Negative,0.7077018336727382,model_autofill,False
তুই কোন চ্যাটের বাল হরিদাষ পাল বে?,Dhaka,Natore,,Sarcastic_negative,0.4425567478921542,model_autofill,True
"""ওটা দৌড় না পাগলা, ওটা তেলবাজি",Dhaka,Rangpur,Bogra,Sarcastic_negative,0.597551003223849,model_autofill,False
তেল মারা বোঝ মনু,Dhaka,,,Sarcastic_negative,0.4867208729838238,model_autofill,True
তরে কষ্ট দিলে তাহলে কাল থেকে তুই দৌড়া গা …,নারায়ণগঞ্জ,Dhaka,Narayanganj,Negative,0.5332615077703403,model_autofill,False
"""তুড়া তুই বাকশালি,বেশি নাটক করিস না,পরে প্যান্ট খুলে পড়বে",চট্টগ্রাম,Chittagong,,Negative,0.3868392731191985,auto_second_pass_kept,True
ভিপি সাদিকের দাঁড়িপাল্লার পিছনে দৌড়ানো কষ্ট দেয় না?,বরগুনা,Dhaka,,Neutral,0.3217243045281475,auto_second_pass_kept,True
"""কেনো গো,, তুমি যে ছাত্র লীগের লুঙ্গির নিচে লুকিয়ে ছিলে",বাগেরহাট,Dhaka,Lakshmipur,Sarcastic_negative,0.5079084018814173,model_autofill,False
ছাত্রদল সভাপতি তোহ তোর বাপ লাগে শ্লা। বাপের দৌড়ানো দেখে কষ্ট পাস......,Dhaka,,,Sarcastic_negative,0.448377347337291,model_autofill,True
আমিও কষ্ট পেয়েছি,Sylhet,,,Negative,0.5740735583437669,model_autofill,False
"""বর্তমানে কি সংবিধান আছে, সংস্কার কোন সংবিধানের করতে হবে,…""",Dhaka,,,Neutral,0.5069766770719742,model_autofill,False
"""First you need to go the parliament to make the changes , then people vote will happen then passed by the parliament, then sig…""",Dhaka,,,Neutral,0.3762898024363954,auto_second_pass_kept,True
Awesome! Congratulations!!,Dhaka,,,Sarcastic_negative,0.3356465969166037,auto_second_pass_kept,True
"""জুলাই সনদ বাস্তবায়ন না করলে,, এই সংসদ অবৈধ,, ৭২ সংবিধান দেশ চললে,, …""",Dhaka,Natore,,Negative,0.5135935406431954,model_autofill,False
সংবিধান সংস্কার পরিষদ বলতে সংবিধানে কিছু নাই।,Dhaka,Barisal,,Negative,0.5004636481979615,model_autofill,False
"""সিগনেচার করে আরেকজনেরটা দেইখা সংসদে কথা বলবে কি ভাবে এটা আসলেই ভাবার ব্যাপার,""",Dhaka,,,Positive,0.581786007991401,model_autofill,False
ঢাকার প্রতিটি এলাকায় মশার উপদ্রবে জনগণ নাজেহাল। সিটি কর্পোরেশনের ইন্সপেক্টর সহ সিটি কর্পোরেশনে যারা দায়িত্বপ্রাপ্ত এদের সকলে…,Dhaka,,,Negative,0.3994829812032303,model_autofill,True
এদের নিউজ ছাড়া কি কোনো নিউজ নেই?,Dhaka,,,Sarcastic_negative,0.467369847550092,model_autofill,True
নাহিদকে আইনের আওতায় আনা হউক,Dhaka,Gopalganj,,Neutral,0.4649963357426665,model_autofill,True
"""আন্নে কথা বললেও কি না বললেও কি,""",Noakhali,,,Positive,0.3696123507898981,auto_second_pass_kept,True
তাইলে আয় রাজপথে.. তোদের অপেক্ষায় লাখো জনতা..,ঢাকা,নরসিংদী,Dhaka,Negative,0.4547836025394576,model_autofill,True
সংস্কার চাই,Dhaka,Narsingdi,,Sarcastic_negative,0.3042845748635149,auto_second_pass_kept,True
সময় থাকতে পড়ালেখায় মন দিয়ে এটাই মঙ্গল হবে,রাজশাহী,নাটোর,Rajshahi,Neutral,0.5316318273980246,model_autofill,False
কথা বলতে হবে সাধারণ মানুষ সিদ্ধান্ত নিবে আফটার নাহিদ ইসলাম ইনশাআল্লাহ,Sylhet,Habiganj,,Positive,0.8567626688872709,model_autofill,False
"""‘দেশ যাবে নতুন পথে, ফিরবে না আর ফ্যাসিবাদে।' ইনকিলাব জিন্দাবাদ।""",Dhaka,Faridpur,,Positive,0.5855237081958493,model_autofill,False
"""এনসিপির সকল দূর্নীতি,অনিয়মের বিচার দাবি করছি।""",চট্টগ্রাম,Chittagong,,Negative,0.3338972995243809,auto_second_pass_kept,True
Good,Dhaka,Jamalpur,,Sarcastic_negative,0.4093940743400722,model_autofill,True
Absolutely right.,Dhaka,,,Sarcastic_negative,0.5034901685529812,model_autofill,False
ইনকিলাব জিন্দাবাদ,Dhaka,,,Positive,0.4169639402627675,model_autofill,True
ঠিক,Dhaka,Bagerhat,,Negative,0.3128186017725519,auto_second_pass_kept,True
জুলাই বিক্রি করে দুই বছরে সবাই নিজেদের আখের গুছিয়ে নিছে,Barisal,,,Positive,0.2808451092473995,auto_second_pass_kept,True
মানুষকে শুধু উল্টাপাল্টা বুঝানো হচ্ছে,Dhaka,,,Sarcastic_negative,0.4236295824620541,model_autofill,True
কথা আমরা রাজপথেই বলবো ইনশাআল্লাহ,Dhaka,,,Positive,0.7171840295545425,model_autofill,False
রাজপথে ফয়সালা হবে ইনশাআল্লাহ,Dhaka,Khulna,Satkhira,Positive,0.7105214051106129,model_autofill,False
সূর নরম হয়ে গেলো কেনো,সিলেট,,,Sarcastic_negative,0.4489406728730064,model_autofill,True
তোমাদের আর কথা হবে না,Rajshahi,,,Positive,0.6960081834841841,model_autofill,False
তাহলে বলিস না তাহলেই চলে,Dhaka,,,Negative,0.3394082354328407,auto_second_pass_kept,True
ক্লিয়ার,Sylhet,,,Sarcastic_negative,0.3383645020424251,auto_second_pass_kept,True
অবশ্য ই,Dhaka,,,Sarcastic_negative,0.5125551587064046,model_autofill,False
ঠিক,Dhaka,,,Negative,0.3128186017725519,auto_second_pass_kept,True
Yes,Barisal,Bhola,,Sarcastic_negative,0.4093940743400722,model_autofill,True
Toi voia,Dhaka,,,Sarcastic_negative,0.4448506587171538,model_autofill,True
"""বিএনপি করছে দেশের উন্নয়ন, জামাত করছে রাস্তাঘাট পরিষ্কার, আর এন সিপির কাজ হচ্ছে সমালোচনা করা।""",Dhaka,,,Negative,0.7480786344850138,model_autofill,False
এই শালাকে ধরে ডিম থেরাপি দেওয়া হোক,Chittagong,Patuakhali,,Negative,0.6038419431850629,model_autofill,False
যা বেডা ফুট,Barisal,,,Sarcastic_negative,0.3736006375453376,auto_second_pass_kept,True
সংবিধান তোমার মার সাউয়া দিয়ে ভরে দেব,Sylhet,,,Negative,0.5652591631198758,model_autofill,False
কোটা নেতা,চট্টগ্রাম,নড়াইল,Dhaka,Positive,0.3555885283841829,auto_second_pass_kept,True
তোদের কপালে এইটা আছে,Barisal,,,Negative,0.4735467068704727,model_autofill,True
কথা বলতে হবে না এমনিতেই বিরোধী দলের সময় কম দেওয়া হয়,মৌলভীবাজার,Dhaka,,Neutral,0.4713718025545758,model_autofill,True
বাকোয়াজ,Dhaka,Gopalganj,,Sarcastic_negative,0.4268273281996257,model_autofill,True
Kotha boilo jail a,Dhaka,,,Sarcastic_negative,0.3726216233139015,auto_second_pass_kept,True
Right,Tangail,,,Sarcastic_negative,0.4093940743400722,model_autofill,True
দরকার নেই,কুমিল্লা,Comilla,,Negative,0.3282707421215076,auto_second_pass_kept,True
বিপদ কেটে গেলে মানুষ বিএনপি হয়ে যায়।,Dhaka,,,Negative,0.7367636376400741,model_autofill,False
"""টাকার হিসাব টা দাওনা কেন,""",Dhaka,,,Sarcastic_negative,0.4848425849996832,model_autofill,True
"""'রাষ্ট্রপতির হাতে আপনি শপথ নিলেন, আবার তাকে আপনি সাংবিধানিক প্রধান মানবেন না'""",Dhaka,,,Sarcastic_negative,0.5684243121272162,model_autofill,False
সারজিস যে মাতারবাড়ি প্রজেক্টের কয়লা সাপ্লাই কোম্পানি থেকে ০১হাজার কোটি টাকা নিলো ওইটার কি খবর,Dhaka,,,Sarcastic_negative,0.3896935047253855,model_autofill,True
লাগাও মব,Chittagong,Pirojpur,,Sarcastic_negative,0.4467352697017629,model_autofill,True
জুলাই সনদ বাস্তবায়ন না হলে এই সংসদ অবৈধ সিধে কথা,Dhaka,,,Negative,0.4529608532912693,model_autofill,True
পরিবেশের দরকার নেই,Dhaka,Mymensingh,Gazipur,Negative,0.5540496683130136,model_autofill,False
খাল কেটে কুমির আনতেছে বি এন পি,Dhaka,,,Sarcastic_negative,0.3617814265789897,auto_second_pass_kept,True
"""বিপদ কেটে গেলে মানুষ বিএনপি হয়ে যায়! NCP জিন্দাবাদ, ইনকিলাব জিন্দাবাদ।""",Dhaka,,,Sarcastic_negative,0.287894655843338,auto_second_pass_kept,True
"""প্রেম করার ইচ্ছে করতাছে কিন্তু লজ্জায় কাউকে বলতে পারতেছি না, তাই ফেসবুক থেকে একজন বন্ধু চাই""",Dhaka,,,Sarcastic_negative,0.572497005206,model_autofill,False
বিপদ কেটে গেলে মানুষ বিম্পি হয়,Bagerhat,,,Neutral,0.3529580436536866,auto_second_pass_kept,True
জামিন দেওয়া শুরু হয়ে গেছে আমাদের সব জয়বাংলা নেতাদেরকে …,Cox's Bazar,,,Negative,0.5602979863521119,model_autofill,False
R kotha bolis na tora,Chittagong,,,Neutral,0.4414869268446464,model_autofill,True
তর কথা কার বালে শোনে,Dhaka,Sunamganj,,Positive,0.7087181329782911,model_autofill,False
পুলিশ হত্যার বিচার চাই,Dhaka,,,Neutral,0.5229442492199835,model_autofill,False
Rights,Dhaka,,,Sarcastic_negative,0.4093940743400722,model_autofill,True
তোমরা ৭১'এর পরাজিত অপশক্তির সাথে মিলেমিশে একাকার হয়ে জুলাই তথা সাধীনতা যুদ্ধ তথা বাংলাদেশের সকীয়তার সাথে গাদদারী করেছো। কথা…,শরীয়তপুর,Dhaka,Satkhira,Positive,0.4033617802195626,model_autofill,True
তোমাদের মত কুলংগারের যায়গা পবিত্র সংসদে হবে না।,Pabna,,,Neutral,0.6052440266227065,model_autofill,False
পুলিশ হত্যার দায়ের তোর ফাঁসি হবে,সিলেট,Dhaka,,Neutral,0.9571361431939625,model_autofill,False
"""আরে বেডা তুই হত্যাকারী, পুলিশ হত্যাকারী তোর কিসের কথা,…""",Dhaka,Comilla,,Negative,0.4257798968882923,model_autofill,True
পুলিশ হত্যার দায়ে তোর ফাসি হবে সাংসদের পরিবেশ দিয়ে কি করবেন,Dhaka,Chandpur,,Neutral,0.4936900252630548,model_autofill,True
Right,Dhaka,,,Sarcastic_negative,0.4093940743400722,model_autofill,True
এনসিপি মব সন্ত্রাসী সংগঠন নিবন্ধন বাতিল করে যারা অটো এম পি হয়েছে এদের বিচার করতে হবে,Dhaka,Jessore,,Neutral,0.7306517366019166,model_autofill,False
সংসদে তোমি কথা না বললেও সংসদ তোমাকে অনুরোধ করবেনা।,Dhaka,Brahmanbaria,,Positive,0.3545652288237216,auto_second_pass_kept,True
তোদের মত ছাগল এর কথায় কি আসে ষায়,Chittagong,Brahmanbaria,,Sarcastic_negative,0.3798895878692955,auto_second_pass_kept,True
আরে বেটা বাটপার তুই কি ভোটে এমপি হ‌ইছস তুই তো পঞ্চাশ হাজার ভোটের ব্যবধানে পরাজিত হ‌ইছস কাইয়ুম কমিশনারের সাথে তোর আব্বা ইউনুস …,Dhaka,,,Negative,0.8094607940154067,model_autofill,False
২৪ শে ফ্যাসিস্টরা পুলিশ হত্যা ও বিভিন্ন থানা অগ্নিসংযোগ অস্ত্র লুট হওয়া প্রত্যেকটি হামলার তদন্ত করে জুলাই ফ্যাসিস্টদের ফাঁসিত…,Dhaka,,,Negative,0.5061532658717954,model_autofill,False
কথা বলা তো দূরের কথা সংসদে কয় যাইতে পারো সেটার জন্য দোয়া ইউনু পর।,Chittagong,Patuakhali,,Positive,0.7301957560595408,model_autofill,False
পুলিশ হত্যার বিচার চাই,Sylhet,,,Neutral,0.5229442492199835,model_autofill,False
ভাই এইসব কথা বাদ দাও আগে বিক্রি করা জুলাই ফেরত নিয়ে আসো,Dhaka,,,Positive,0.5753280076103576,model_autofill,False
তা হলে পড়া লেখা করে দেশের বাহিরে চলে যাও---তোমাদের দারা রাজনীতি মানায় না------,Dhaka,,,Positive,0.5493055242036097,model_autofill,False
Right,Dhaka,,,Sarcastic_negative,0.4093940743400722,model_autofill,True
তুমি না বল্লে কিছু যাই আসে না।,Chittagong,,,Sarcastic_negative,0.4169583074409633,model_autofill,True
তোর সংসদে যাওয়ারটা দরকার কি,Dhaka,,,Negative,0.3527640118400628,auto_second_pass_kept,True
পাকিবীজ বলে কী,Dhaka,Gopalganj,,Positive,0.5424402573130659,model_autofill,False
"""Right, I agree it""",Khulna,,,Sarcastic_negative,0.4093940743400722,model_autofill,True
দরকার নেই,পিরোজপুর,Dhaka,Gazipur,Negative,0.3282707421215076,auto_second_pass_kept,True
তোমাগো কথা বলার প্রয়োজন নাই দেড় বছরে পোলাপানরে যা শিখাইছো তোমরা বেয়াদবি কুলাঙ্গার কতগুলো পোলাপান রাস্তায় নামাইছে মানুষকে ই…,Dhaka,,,Positive,0.5087609817739043,model_autofill,False
বিরোধী দলের কথা বলার দরকার কি শুনলে তো হয়..?,Chittagong,Comilla,,Positive,0.7235947510445235,model_autofill,False
হালার পুতে যে ভাব দেখাচ্ছে মনেহয় সংসদের পুরান লোক।,Dhaka,,,Negative,0.3582524243770619,auto_second_pass_kept,True
কথা হবে রাজপথে,Dhaka,Faridpur,Naogaon,Neutral,0.5986488598257312,model_autofill,False
ঠিক,Khulna,Sylhet,,Negative,0.3128186017725519,auto_second_pass_kept,True
নিজের যোগ্যতা দিয়ে সংসদে যাওয়ার চিন্তাভাবনা কর তুমি তো হয়েছ বারো ভাতারি দল সাহস থাকলে একা নির্বাচন করে সংসদে যেয়ে দেখাও,Dhaka,,,Sarcastic_negative,0.4449761856936644,model_autofill,True
right,Dhaka,,,Sarcastic_negative,0.4093940743400722,model_autofill,True
আগে যে তোমার সম্পদের হিসাব দিতে হবে মামু।,Dhaka,,,Neutral,0.5230819025208917,model_autofill,False
Right,Dhaka,Khulna,Kushtia,Sarcastic_negative,0.4093940743400722,model_autofill,True
টোকাই এখন দেশের নেতা,Dhaka,,,Positive,0.7600594833165576,model_autofill,False
টোকাইদের কথামতো দেশ চলবেনা,চট্টগ্রাম,Chittagong,,Positive,0.732276485744903,model_autofill,False
যাকাত ফিতরায় এমপি হওয়া একজন গোপাল ভার বলে কি।,পাবনা,Dhaka,,Negative,0.3837865013873636,auto_second_pass_kept,True
জুলাই জঙ্গিদের কপালে অনেক দুঃখ আছে,Dhaka,,,Sarcastic_negative,0.3649609310253753,auto_second_pass_kept,True
"""প্রদীপের আলো নিভে যাচ্ছে তোমাদের। অন্য কেউ নয়, জামায়াত তোমাদের রক্ত পান করে তোমাদের রক্ত শুন্য করে নিজেদের রাজনৈতিক, সামাজিক মৃত্যু হবে""",Dhaka,,,Negative,0.4868425444275456,model_autofill,True
"""কোটার জায়গা কোটা রইল, জুলাই গেল জলে।…""",Jamalpur,,,Sarcastic_negative,0.3107797911073018,auto_second_pass_kept,True
শালা টোকাই,Sylhet,,,Sarcastic_negative,0.3881852015252767,auto_second_pass_kept,True
"""লজ্জা শরম না থাকলে, প্যান্ট খুলে রাস্তায় দাঁড়িয়ে থাকো জোকার।""",Dhaka,Sylhet,,Sarcastic_negative,0.3885893503959722,model_autofill,True
এবার এবার নক করবা না নামোনা রাস্তায় দেখনা মানুষ তোমাদের কি বলে বাজান পুলিশ হত্যার বিচার হবে ইনশাল্লাহ,Narayanganj,Comilla,,Positive,0.6002083460159299,model_autofill,False
তুই রাজাকার তুই বাটপার তুই জঙ্গি তুই টোকাই তুই দেশদ্রোহী,Chittagong,,,Negative,0.8732180904209508,model_autofill,False
"""জুলাই ব্যবসায়ীরা যেন পালাইতে না পারে, যেখানে পাবেন তাদেরকে শহীদ বানায় দিয়ে দিয়েন, তারা দেশে শত্রু,।""",Dhaka,Dinajpur,,Negative,0.7209159584457419,model_autofill,False
তোমাদের মতো কোটার এমপিরা সংসদে না থাকাই ভালো।,Dhaka,Mymensingh,Cox's Bazar,Negative,0.4538219055984468,model_autofill,True
"""১৭ বছর দলীয়করণের বিরুদ্ধে বললেন, আর এখন নিজেরাই সারাদেশ দলীয়করণ করলেন …""",চট্টগ্রাম,কক্সবাজার,Cox's Bazar,Positive,0.4097635360787579,model_autofill,True
তাতে বয়ে গেল।,Dhaka,Chittagong,,Negative,0.5849841521077364,model_autofill,False
সংসদে কথা বলা দরকার নাই,Dhaka,Barisal,,Positive,0.7648745767866636,model_autofill,False
আগে তোর হিসাব দে কথা পরে,Dhaka,,,Positive,0.5732625636671411,model_autofill,False
জামাত এর তার জোট গুলার উচিৎ । বি এন পি আর আওয়ামী মত দেশ টুলে পুটে খাওয়া।কারন এই দেশ হছে নষ্ট জনগণের দেশ।,Chittagong,Noakhali,,Negative,0.3666035553654831,auto_second_pass_kept,True
সহমত,Khulna,,,Sarcastic_negative,0.4019567720057317,model_autofill,True
পাগল বলে কি? কিসের সাথে কি,Chittagong,,,Sarcastic_negative,0.5177630087326667,model_autofill,False
তোমার মত অপদার্থ সংসদে যাওয়ার দরকার কি বলতো,Dhaka,Chittagong,Noakhali,Negative,0.4587576808621473,model_autofill,True
ঠিক,Dhaka,Cox's Bazar,,Negative,0.3128186017725519,auto_second_pass_kept,True
আপনারা ছাত্র হিসেবে কলঙ্কিনী অধ্যায় থাকবেন বাংলাদেশ,Dhaka,Chittagong,,Sarcastic_negative,0.7956325746718448,model_autofill,False
ওডা হানকির পুয়া,Dhaka,,,Negative,0.4786532548273801,model_autofill,True
এনপিপির চুরেগো খাঁচায় দেখতে চাই,Dhaka,,,Negative,0.6231221979783176,model_autofill,False
কিসের সংবিধান সংস্কার পরিষদ ৭১র আছে একাত্তর থাকবে খানকির পোলা নাহিদ,Dhaka,,,Negative,0.409698928668821,model_autofill,True
তোর মতো টোকাই না গেলে ভালো,Dhaka,,,Positive,0.4407976010014579,model_autofill,True
চুদির ছাওয়াল পাকিস্তানের বীজ তোকে কে বলেছে কথা বলতে,Dhaka,,,Positive,0.4865235275673073,model_autofill,True
ভয়ে আছে,Dhaka,,,Negative,0.4369673755858346,model_autofill,True
আগে তোর ভূরি কমা,Dhaka,,,Negative,0.5187114571248826,model_autofill,False
তোর কপালে শনি আছে,Dhaka,,,Negative,0.3696041864864685,auto_second_pass_kept,True
"""পাটোয়ারী জাহাঙ্গীরনগর, বুয়েট সহ বিভিন্ন ক্যাম্পাসে ছাত্রদের উষ্কে বেড়াচ্ছে, আবার জুলাইয়ের মতো মেটিকুলাস ডিজাইন সাজাচ্ছে সম্ভবত…""",Dhaka,Chittagong,Kushtia,Negative,0.417573970076921,model_autofill,True
তুই কোন চেটের বাল যে তোকে সংসদে কথা বলতে হবে।,Dhaka,,,Neutral,0.3662195514655751,auto_second_pass_kept,True
পরিবেশের দরকার নেই,Dhaka,,,Negative,0.5540496683130136,model_autofill,False
Thik bolcen,Dhaka,,,Sarcastic_negative,0.3541089548483488,auto_second_pass_kept,True
টুকাই,Dhaka,,,Sarcastic_negative,0.3987046787513221,model_autofill,True
Hazar hazar koti taka durniti korecho bap mama khalu neay socib 30 Koti MD 70/80 koti chairman 100/200/300 koti ki porimane lu…,Dhaka,,,Sarcastic_negative,0.3968889902669051,model_autofill,True
শালা দালাল,Lalmonirhat,,,Sarcastic_negative,0.4502660419952118,model_autofill,True
পদত্যাগ করে রাজপথে আসো হ্যাডম থাকলে,Narayanganj,,,Positive,0.2743038444270489,auto_second_pass_kept,True
তোর ঘরে গিয়ে সংস্কার কর না হলে পাকিস্তানে গিয়ে কর,খুলনা,Khulna,,Negative,0.3299384315591778,auto_second_pass_kept,True
"""তুই রাজাকারের বাচ্চা খানকির পোলা, বেশ্যার পোলা,,,,,""",Dhaka,Pabna,,Negative,0.5773497645403696,model_autofill,False
আমরা রাজপথের প্রস্তুতিও নিচ্ছি।…,Panchagarh,,,Negative,0.5359011667157431,model_autofill,False
সঠিক,Dhaka,Natore,,Neutral,0.5562736999378194,model_autofill,False
আচ্ছা তোরা সংসদে যাইস না বাপু,Dhaka,Narayanganj,,Sarcastic_negative,0.5030235846409961,model_autofill,False
তোরা কি কথা বলবি যা কথা বলার আমাদের প্রধানমন্ত্রী বলবে।,ঢাকা,Dhaka,,Positive,0.7628344664511559,model_autofill,False
"""জুলাই জঙ্গি,দমন করা হোক""",Dhaka,,,Positive,0.4344906935736223,model_autofill,True
দূর্নীতিবাজদের সর্দার,Chittagong,Chandpur,,Negative,0.419124894223472,model_autofill,True
তোর দরকার আছে বলে মনে হয় না,Tangail,,,Sarcastic_negative,0.3202146815689293,auto_second_pass_kept,True
এতে বলে মার মাংগে বাল নাই পুলাপাইন এর মুখে চাপ দাড়ি,ঢাকা,Dhaka,Sylhet,Sarcastic_negative,0.4887778706240343,model_autofill,True
Jara sahwa haowa baltepare tader sagsode katha balar darkar nay,Dhaka,,,Neutral,0.3153265105560606,auto_second_pass_kept,True
আচ্ছা হেতে বলে প্রথান মন্ত্রী সপ্ন দেখতো ইউনুসের কোলে শুয়ে।,Chittagong,,,Sarcastic_negative,0.3853300484185206,auto_second_pass_kept,True
বাপের জন্মের সংসদ কি বোঝো,Dhaka,,,Sarcastic_negative,0.3739725261106452,auto_second_pass_kept,True
তুমি কথা না বললে বাল ছিডা যাবেনা।,কুমিল্লা,Dhaka,Comilla,Positive,0.4512178880960494,model_autofill,True
মোহাম্মাদ কাসীম-এর নেতৃত্বে মুসলিম উম্মাহর ঐক্যের আহ্বান তুলে ধরা হয়। প্রায় ১৮০ কোটি মুসলিম থাকা সত্ত্বেও আজ উম্মাহ বিভক্ত ও ন…,Dhaka,,,Sarcastic_negative,0.3780943238488511,auto_second_pass_kept,True
পদত্যাগ করে ফেল,Dhaka,Chittagong,Noakhali,Positive,0.5428296459634339,model_autofill,False
বিবেক বুদ্ধিকে শয়তানের ধোঁকার মধ্যে বিশ্রামে রেখে অতি আবেগকে সম্মান করে কথিত বীর বেসে রাস্তায় নেমে লাশ হয়ে ফিরার আগে একটু ভাবু…,Chittagong,,,Negative,0.4054689430088989,model_autofill,True
গোপালভার,Chittagong,Barisal,Patuakhali,Sarcastic_negative,0.3879269912483249,auto_second_pass_kept,True
আগে সংবিধান রচৈয়তার পায়ে সালাম করে এসো,চট্টগ্রাম,Chittagong,,Positive,0.3147105762202593,auto_second_pass_kept,True
তোমরা দুর্নীতি বন্ধ করে আগে নিজেরা সংস্কার তৈরি কর! দেশের সংস্কার নিয়ে বসে থাকলে হবে না প্রিয়,Chittagong,Noakhali,,Neutral,0.3556414830230466,auto_second_pass_kept,True
"""দল যার যার, এনসিপি পিটানোর দায়িত্ব সবার,""",সিলেট,Sylhet,,Negative,0.482360814824584,model_autofill,True
"""বর্তমানে কি সংবিধান আছে, সংস্কার কোন সংবিধানের করতে হবে, বাস্তবায়ন কোন সংবিধান হবে, তা জনসম্মুখে দেখানো হোক। সকল,সমস্যা র ব্যাখা কোন চ্যানেল এর মাধ্যমে জনগনকে বুঝিয়ে দেওয়া হোক।""",Dhaka,,,Neutral,0.6550573507195518,model_autofill,False
"""জুলাই সনদ বাস্তবায়ন না করলে,, এই সংসদ অবৈধ,, ৭২ সংবিধান দেশ চললে,, ৭২ সংবিধানে নির্বাচন ২৯ সালে,, জুলাই সনদ বাস্তবায়ন না হলে জুলাই যোদ্ধারা আবার রাস্তায় নামবো""",Dhaka,Natore,,Negative,0.5222956482311867,model_autofill,False
জামিন দেওয়া শুরু হয়ে গেছে আমাদের সব জয়বাংলা নেতাদেরকে জামিন দেওয়া হোক ধন্যবাদ প্রধানমন্ত্রী তারেক রহমান স্যারকে,Cox's Bazar,,,Positive,0.524227789900037,model_autofill,False
"""আরে বেডা তুই হত্যাকারী, পুলিশ হত্যাকারী তোর কিসের কথা, , তোর তো বিচার হবে""",Dhaka,Comilla,,Neutral,0.571521419215728,model_autofill,False
"""কোটার জায়গা কোটা রইল, জুলাই গেল জলে। ফকিন্নির পোলারা নেতা হইল, লীগের লুঙ্গির তলে।""",Jamalpur,,,Sarcastic_negative,0.2755958415448671,auto_second_pass_kept,True
"""১৭ বছর দলীয়করণের বিরুদ্ধে বললেন, আর এখন নিজেরাই সারাদেশ দলীয়করণ করলেন এটার নাম-ই মুনাফিকি।""",চট্টগ্রাম,কক্সবাজার,Cox's Bazar,Positive,0.4103643578815329,model_autofill,True
আমরা রাজপথের প্রস্তুতিও নিচ্ছি। - নাহিদ ইসলাম,Panchagarh,,,Negative,0.5180655496142363,model_autofill,False
"""অবশ্যই খাবেন, যুদ্ধ করে আপনারা স্বাধীন করেছেন। প্রয়োজনে রাস্তার ইট খুলে বাড়ি নিয়ে যাবেন।""",Dhaka,Faridpur,,Sarcastic_negative,0.50326818651324,model_autofill,False
"""সমঝোতা বলেও তো একটা ব্যাপার থাকে। সব তো বুঝলাম, রাতের বেলায় সানগ্লাস কি কাজে আসে ?""",Khulna,Bagerhat,Jhenaidah,Sarcastic_negative,0.3570804518497208,auto_second_pass_kept,True
হাট ঘাট খাওয়া শেষ হলে মানচিত্রটাও খেয়ে নিও,Dhaka,,,Negative,0.3865969703971737,auto_second_pass_kept,True
আহারে ১৭ বছর না খাইয়া আছে!,Dhaka,Rajshahi,,Sarcastic_negative,0.7174348620809926,model_autofill,False
দলকানাগুলো দেখি রাতকানাও,Dhaka,,,Sarcastic_negative,0.3963281299490376,model_autofill,True
পিছন দিয়ে ভরে দিলে?,Dhaka,Chittagong,Rajshahi,Negative,0.4450105328602664,model_autofill,True
সমঝোতা করে খাও মনে রাখবা বাবার সম্পত্তি মিলে মিশে খাঁ ওয়া ভালো,Chittagong,,,Sarcastic_negative,0.393490688874869,model_autofill,True
"""ভোট দেবো ধানের শীষে, চাঁদা তুলবো মিলেমিশে।""",Dhaka,,,Sarcastic_negative,0.6688654091830503,model_autofill,False
হাট আর ঘাঁট কি মুখ দিয়ে ঢুকবে।,Dhaka,Narayanganj,,Positive,0.4301693189037185,model_autofill,True
জ্বি ভাই বাজারে ডাস্টবিনও আছে৷ আর নিচে নাই গেলাম৷,Dhaka,,,Negative,0.410456501686911,model_autofill,True
"""ঠিক বলেছেন নেতা, হাট-ঘাট-মাঠ- এমন কি টয়লেটও খেতে হবে, বাদ দেয়া যাবেনা কোন কিছুই""",Dhaka,,,Neutral,0.6572121943807105,model_autofill,False
খেতে খেতে ব্লাস্ট না হয়ে যায়,Dhaka,Narsingdi,,Negative,0.3314571522755907,auto_second_pass_kept,True
সমঝোতা করে খেলেই হয়। রেজাউল রনিকে এই ক্ষেত্রে দাওয়াত দেয়া উচিত।,Dhaka,,,Negative,0.481964637599642,model_autofill,True
কমেন্ট পড়াও একটা সাহিত্য চর্চার মতো কেননা হৃদয়ের কথা লিখেছে কমেন্টে।,Dhaka,Pabna,Kushtia,Negative,0.5182673849862162,model_autofill,False
হা হা জয়যুক্ত হয়েছে ভাই।,Barisal,,,Negative,0.3468272310654177,auto_second_pass_kept,True
"""অবশ্যই খাবেন, প্রয়োজনের বাথরুমের পায়খানাও খাবেন""",ঢাকা,Dhaka,,Sarcastic_negative,0.5656127124637863,model_autofill,False
তাহলে ত চাঁদাবাজিতে আমাদেরও হক আছে,Dhaka,,,Negative,0.7763437167694225,model_autofill,False
"""ভাই রোজা রমজানের মাস,,, দয়া করে রাতে ইফতারে পর খাইয়েন,""",Dhaka,Bogura,,Negative,0.4687981634020011,model_autofill,True
সাহরি খেয়ে নাও সময় আছে আর মাত্র ৫ ।,Chittagong,Mymensingh,,Negative,0.4279055458886064,model_autofill,True
"""মাদক মুক্ত বাংলাদেশ চাই, এতে ছাত্র জনতা সহ সাধারণ জনগন সবাই কে এগিয়ে এসে পুলিশ কে সহযোগিতা করা উচিত, পুলিশের বিরুদ্ধে অবস্থান নয়।""",Bogra,,,Positive,0.3821811835588851,auto_second_pass_kept,True
হাট ঘাট কি রান্না করে খায় নাকি সালাদ হিসেবে কেউ জানলে জানাবেন।,Khulna,,,Positive,0.4142237801660444,model_autofill,True
ঠিক আছে । হাট-ঘাট খা আর ভাত খাওয়া লাগবে না,Khulna,,,Negative,0.3924447314893193,model_autofill,True
এইবার ম‌নে হয় সারা‌বি‌শ্বে একই‌দি‌নে ঈদ হবে!,চাঁদপুর,Dhaka,,Neutral,0.806494731556269,model_autofill,False
লিঠার যেহেতু বলছে তাহলে ঠিকেই বলেছে,Sirajganj,,,Positive,0.4294137812994463,model_autofill,True
অতিরিক্ত খাইতে যেয়ে যেনো পেট নষ্ট না হয় এইদিকে খেয়াল রাইখেন?,Dhaka,Rangpur,Nilphamari,Negative,0.5113403074073858,model_autofill,False
"""ok,আর যেনো কেউ না খায়!!!""",গাজীপুর,Chattogram,Sylhet,Positive,0.6773672640757494,model_autofill,False
"""চাঁন্দা না সমঝোতা বলবা''। নেতার নাম খাম্বা না """"বৈদ্যুতিক খুঁটি বলবা""""""",Dhaka,,,Sarcastic_negative,0.4713072478910297,model_autofill,True
"""মাশা আল্লাহ! আগামী পাঁচ মাসেই এই রেকর্ড ভেঙে নতুন ইতিহাস গড়বে—এটাই আশা, কারণ তারা দুর্দান্ত গতিতে এগিয়ে চলছে।…""",Sylhet,,,Negative,0.6684194120897929,model_autofill,False
ভাই আমার সত্যবাদী মনের ভেতরে কোন কথাই রাখেন না।…,Khulna,,,Negative,0.4134057385150103,model_autofill,True
Faruk Ahmed আপনার কোনটা??? হাট না ঘাট?,Dhaka,,,Sarcastic_negative,0.7887263207459062,model_autofill,False
কাকার কথায় আমি সহমত।,Dhaka,Shariatpur,Chandpur,Positive,0.5425115474692785,model_autofill,False
সমঝোতার মাধ্যমে খেলে আশা করি পাপ হবেনা,Dhaka,Rangpur,,Neutral,0.6613130855565558,model_autofill,False
এবার মনে হয়। বাংলাদেশ চেম্পিয়ন হতে পারে বিশ্বে। তাহলে জুলাই যোদ্ধারা সবাই এ কাজ করতে পাড়বে।,Dhaka,Kishoreganj,,Sarcastic_negative,0.3393954402262554,auto_second_pass_kept,True
কেন নয় সবি তো তোমাদের,Cumilla,Comilla,,Negative,0.4433424748194756,model_autofill,True
"""হাট ঘাট ওর বাবা তৈরি করেছে, তাই সমঝোতার মাধ্যমে খাবে ।""",চাঁদপুর,Chittagong,Chandpur,Positive,0.3521991575136429,auto_second_pass_kept,True
চিন্তা চেতনায় ধ্যানে জ্ঞানে খাওয়া ছাড়া কথা নাই,Chittagong,Noakhali,,Positive,0.4215020499807994,model_autofill,True
কথায় যুক্তি আছে,Dhaka,Barisal,Bhola,Positive,0.5140668708429393,model_autofill,False
"""বাহ্ উনি তো চমৎকার কথা বলেছেন, কথায় যুক্তি আছে...!""",Chattogram,,,Positive,0.8069306208035772,model_autofill,False
তাই বলে রাতের বেলা মানুষ চোখে সানগ্লাস দেয়,ঢাকা,ময়মনসিংহ,Dhaka,Positive,0.5568586987094688,model_autofill,False
"""হাটের ইট, মাঠের পানি, লগে লেট্টিনের গুও খাইছ""",Dhaka,Kishoreganj,,Sarcastic_negative,0.4764876043482736,model_autofill,True
অন্যের ঘরের রান্না করা ভাতও নিবেন,Dhaka,,,Sarcastic_negative,0.3825302142156482,auto_second_pass_kept,True
অলরেডি খাওয়া শুরু হয়েছে গুরু।,Dhaka,Narsingdi,Lalmonirhat,Sarcastic_negative,0.3816183356615414,auto_second_pass_kept,True
খায়ে নে বেশি করে কিছু পর ডাবল দিতে হবে,Dhaka,Gazipur,Kishoreganj,Neutral,0.5476022212769619,model_autofill,False
বাহ! এই এতো তাদের মনের কথা!,Dhaka,Chittagong,Lakshmipur,Negative,0.3312148213636021,auto_second_pass_kept,True
বাহ! কি চমৎকার তাদের প্লান,Bogura,Patuakhali,,Negative,0.3479295173156734,auto_second_pass_kept,True
হুম.... সেটাই তো কথা,কুমিল্লা,Dhaka,Comilla,Positive,0.7552580207806203,model_autofill,False
শুধু হাট-ঘাট কেন হাম্মাম খানাসহ খা ।,Dhaka,Kishoreganj,,Sarcastic_negative,0.4264462796856504,model_autofill,True
সবকিছুই সমঝোতা,Khulna,Jessore,,Sarcastic_negative,0.3451228972884328,auto_second_pass_kept,True
"""সবে তো শুরু, এখনো তো অনেক কিছু বাকি।""",সুনামগঞ্জ,Dhaka,,Positive,0.3488746122666875,auto_second_pass_kept,True
ওক্যরে ঠিক কথা -- চালিয়ে যান বস,Dhaka,Jamalpur,Sherpur,Positive,0.5185353706995651,model_autofill,False
সেহরি ইফতারি খাওয়ার ইচ্ছে থাকলে তো আর হাট ঘাট খাওয়া লাগতো না খেকু,Chittagong,Chandpur,,Sarcastic_negative,0.4198132509085655,model_autofill,True
রাতের বেলায় সানগ্লাস পরার মাঝে এক পইসাশিক আনন্দ আছে দেখে মনে হচ্ছে শরীরে একটা ভাব এসে যায়,Tangail,Jamalpur,,Sarcastic_negative,0.3917771532605374,model_autofill,True
"""ভাই ঠিকই বলেছেন, আপনার চেহারার সাথে কথাটা খুব মিলে।""",Dhaka,,,Positive,0.4005528590108664,model_autofill,True
সবে খেলা শুরু গুরু পিকচার আবি বাকি হে মেরি দোস্ত।,Dhaka,Chittagong,,Sarcastic_negative,0.2878306874240838,auto_second_pass_kept,True
স্বাস্থ্য দেখে তো অন্য খাদক মনে হচ্ছে,Dhaka,,,Sarcastic_negative,0.347109938540354,auto_second_pass_kept,True
"""আমিও আন্দোলনের পিছনে থাকা সে একজন, আমারও দরকার আছে হাট-ঘাট।""",চট্টগ্রাম,Chittagong,,Negative,0.6950567949013383,model_autofill,False
"""Apnar ma bon re deikha raikhen, kobe je ogulo khawa suru kore mamu""",নরসিংদী,Dhaka,Pabna,Neutral,0.4161931847766327,model_autofill,True
"""17 বছরের ক্ষুধার্ত আপনারা, দেশটা একসাথে খাইয়েন না。 …""",Dhaka,,,Sarcastic_negative,0.8565326703198968,model_autofill,False
তাহলে তুমি বাদ যাবা কেন? MD Rakibul Islam Bappy …,Dhaka,,,Sarcastic_negative,0.4962837132702799,model_autofill,True
আলহামদুলিল্লাহ দেখেও শান্তি। এই জাতির জন্য এইগুলাই ঠিক আছে। ভোট দিবেন ভাই কিসে? ধানের শীষে,নওগাঁ,Naogaon,,Positive,0.5950126399193969,model_autofill,False
খেলা কোন লেভেলে..?,Dhaka,,,Sarcastic_negative,0.419586781239429,model_autofill,True
অবশ্যই আমি একমত তারাই সব খাবে দেখবে অন্যেরা শুধু চাইয়া দেখ,Dhaka,,,Sarcastic_negative,0.3748644335842797,auto_second_pass_kept,True
অনেক ভালো প্রস্তাব। আইন প্রশাসন এবং বিচার ব্যবস্থা তাদের কথাটা একবার চিন্তা করতেও পারে। হা হা হা......,Joypurhat,,,Positive,0.4279356151029022,model_autofill,True
সেটা কিন্তু অবশ্যই সমঝোতার ভিত্তিতে হতে হবে। কেমন--,খুলনা,Dhaka,,Neutral,0.6393893305853388,model_autofill,False
একদম মনের ভেতরের কথাডা কইয়া ফালাইছেন বড় ভাই।,Dhaka,Khulna,Comilla,Sarcastic_negative,0.4060365502793826,model_autofill,True
"""বাহ বাহ চমৎকার কথা,খুব ভালো লাগলো, উল্লুকা পাঠার দল""",Dhaka,,,Positive,0.4951451305435588,model_autofill,True
সমঝোতার মাধ্যমে খেলে কোনো সমস্যা নাই,Dhaka,,,Sarcastic_negative,0.4305649503022941,model_autofill,True
কথায় যুক্তি আছে,Dhaka,Brahmanbaria,,Positive,0.5140668708429393,model_autofill,False
ঠিকিত বলেছে ভাই আমার,Dhaka,,,Negative,0.471474227200044,model_autofill,True
সমঝোতা করে খাও ভাই।,ঢাকা,পঞ্চগড়,Dhaka,Positive,0.6739734498507978,model_autofill,False
সমঝোতা করে খেলে ভালো হয়,Dhaka,,,Positive,0.4524194000452354,model_autofill,True
আমাকেও একটু দিয়েন আমি ও আন্দোলনের সাথে জড়িত ছিলাম,Dhaka,,,Negative,0.6635159327580438,model_autofill,False
তবে মিলেমিশে খাওয়াটা ভালো।,নরসিংদী,Narsingdi,,Sarcastic_negative,0.368446684059814,auto_second_pass_kept,True
"""আর যে মাস্টারমাইন্ড ছিলো সে পুরো দেশ পুরো মানচিত্র ,জয় খায় খায় দল""",Chittagong,,,Positive,0.4881837852096205,model_autofill,True
"""Belal Uddin, MD Jahangir Alam, Abdur Rahim Rahul কি খবর বড় ভাইয়েরা""",Chittagong,Noakhali,,Sarcastic_negative,0.5411308964248432,model_autofill,False
ঠিক ভাই ঠিক,Thakurgaon,,,Negative,0.300663370255548,auto_second_pass_kept,True
সাবধান বেশি খাইলে কিন্তু বদহজম হয়,Dhaka,Pabna,,Sarcastic_negative,0.5413561573284333,model_autofill,False
লিটার যেহেতু বলছে তাহলে ঠিকেই বলেছে,কিশোরগঞ্জ,Mymensingh,,Positive,0.416201169777092,model_autofill,True
বাহ চমৎকার,Dhaka,,,Negative,0.3459291957527671,auto_second_pass_kept,True
দরকার আছে কথায় যুক্তি ও আছে।,Dhaka,Chittagong,Noakhali,Positive,0.3882713634142117,auto_second_pass_kept,True
AR Shaiket আমরাও তো ছিলাম আমাগো হাট ঘাট কই?,খুলনা,Khulna,Barisal,Negative,0.7695479627990017,model_autofill,False
Md Kajol ভাই দেওয়ান বাজার আজকে ই দখল দেন,Dhaka,,,Neutral,0.6359651685280181,auto_second_pass_changed,False
ভাইটি রাতের বেলা সানগ্লাস পরে যখন বলছে তখন ঠিকই বলছে,ঢাকা,সিলেট,Sylhet,Negative,0.4320972405618996,model_autofill,True
চারদিকে শুধু খাইয়া আর খাইয়া,Chittagong,Comilla,,Sarcastic_negative,0.3687272331392603,auto_second_pass_kept,True
"""চলার পথে সমালোচনা থাকবেই, আপনি সেদিকে কান না দিয়ে সোজা পাবনার দিকে এগিয়ে যান।""",Chittagong,Brahmanbaria,,Sarcastic_negative,0.7081972085080045,model_autofill,False
ভোট দিবো কিসে ধানের শীষে।,Dhaka,Gazipur,Pabna,Sarcastic_negative,0.7788393649031763,model_autofill,False
"""আর বাসস্ট্যান্ড, টেম্পুস্ট্যান্ড খাবে স্বেচ্ছাসেবক দল""",চট্টগ্রাম,পাবনা,Chittagong,Negative,0.4133142201747564,model_autofill,True
কালা চশমা না লাগালে মনে হয় নেতা হওয়া যায় না,Natore,,,Sarcastic_negative,0.3648307585193454,auto_second_pass_kept,True
"""ভোটটা দিবো কিসে,,, ধানের শীষে""",Dinajpur,,,Sarcastic_negative,0.7866812423128013,model_autofill,False
"""এরা প্রকাশ্যে চান্দার পক্ষ নিচ্ছে, তবে এদের দৌড় সর্বোচ্চ আগামী দুই বছর""",Sylhet,,,Sarcastic_negative,0.4896603892669192,model_autofill,True
অবশ্যই বস খাবেন সাবধানে খাইয়েন যাতে ইট বালু গলায় না আটকে লক্ষ রাখবেন,Dhaka,Kishoreganj,,Sarcastic_negative,0.5959215764835809,model_autofill,False
সুন্দর বলছে,Dhaka,,,Negative,0.3774593567715812,auto_second_pass_kept,True
কথা ক্ল‌িয়ার,গাইবান্ধা,Dhaka,Khulna,Positive,0.8569947780231462,model_autofill,False
সময়ের সঠিক সিদ্ধান্ত,Dhaka,,,Neutral,0.4233869978732534,model_autofill,True
হ ভাই চালিয়ে যান কোন সমস্যা নাই,Dhaka,Chittagong,Noakhali,Negative,0.391501089644318,model_autofill,True
Wonderful khaw Bhai asto gorur roast khaw... Heart block hoye joldi Moro.. parle ektu ratom khaiyya feilo,Dhaka,,,Sarcastic_negative,0.3883076987834939,model_autofill,True
ও তাইতো আমার তো মনে ছিল না,Dhaka,Bagerhat,,Negative,0.8302747464784258,model_autofill,False
বেশি দেরি না জয়বাংলা হয়ে যাবেন,Sylhet,,,Sarcastic_negative,0.3341756436700819,auto_second_pass_kept,True
মাশাল্লাহ সমঝোতা বলে কথা,Rajshahi,Sirajganj,,Positive,0.9559286830129304,model_autofill,False
তাহলে রেডি হয়ে যাও গোয়াল ঘরের ভাত খাওয়ার জন্য নেতার অর্ডার,Dhaka,,,Sarcastic_negative,0.3813711911004654,auto_second_pass_kept,True
ভোট দিবা খাইতে দিবা না তা হবে না,Dhaka,,,Neutral,0.8393196061089325,model_autofill,False
ঠিিিিিিিিিিিিিিিিিিিিিিিিিিিিক।,Dhaka,,,Sarcastic_negative,0.3283477983464745,auto_second_pass_kept,True
নতুন,Dhaka,,,Sarcastic_negative,0.3972692476966711,model_autofill,True
অনেক সময় রাস্তাঘাটে গু পরে থাকে এগুলাও কি খাবে? ক্লিয়ার করে কথা বলেন আপনাদের এই এক দোষ,Dhaka,,,Positive,0.6189687260870481,model_autofill,False
সহমত,সিলেট,ভোলা,Bogra,Sarcastic_negative,0.4019567720057317,model_autofill,True
আপনাদের অনেক পরিশ্রম হইছে খান এখনই সময়,Chittagong,,,Sarcastic_negative,0.48773115306449,model_autofill,True
বাহ্ কি সুন্দর বানী।এই হলো নেতা যার থাকবেনা কয় পর খেতা।,Dhaka,,,Negative,0.5599022334936777,model_autofill,False
ঠিক আছে,Rajshahi,Pabna,,Negative,0.4748884621721628,model_autofill,True
রাজনীতি টা ব্যাবসা প্রতিষ্ঠান বানিয়ে নিয়েছে।,Dhaka,Gazipur,,Positive,0.5365796897679908,model_autofill,False
Gu kha,Khulna,Jessore,,Sarcastic_negative,0.4426689015202186,model_autofill,True
টয়লেট ও খাইস,Dhaka,Barisal,,Sarcastic_negative,0.4728969286417018,model_autofill,True
ঘাটখেকো। আফসোস দেশটায় ব্যবসা করে শান্তি নেই।,Dhaka,Chittagong,Noakhali,Positive,0.3780011149487505,auto_second_pass_kept,True
ওকে,Sunamganj,,,Negative,0.4940660631899659,model_autofill,True
এইবার ঠিক আছে,Dhaka,,,Negative,0.3246910909796198,auto_second_pass_kept,True
জি আচ্ছা খান!,Dhaka,Brahmanbaria,,Sarcastic_negative,0.4932286290801497,model_autofill,True
সমঝোতায় চলবে সব,ঝিনাইদহ,Dhaka,Patuakhali,Neutral,0.2966171249170735,auto_second_pass_kept,True
"""কোন কথা নাই,সোজা বহিষ্কার""",Dinajpur,,,Positive,0.4761048436677574,model_autofill,True
জনগন এটা পছন্দ করে না। একটি ভাল কাজ করে টাকা আয় করুন।,Dhaka,Madaripur,,Positive,0.6385479605291338,model_autofill,False
খাইতে থাকেন,Dhaka,Gazipur,,Negative,0.6875625311259623,model_autofill,False
লাগাতে লাগা আরও ধান লাগা,Dhaka,Chittagong,Mymensingh,Sarcastic_negative,0.4731818330807387,model_autofill,True
একটু সমঝোতা করে নিলে ভালো হতো,Dhaka,Narsingdi,,Positive,0.4317471735620803,model_autofill,True
ভাই এখন তো চামচাদেরই ডিমান্ড বেশি।।।,যশোর,,,Positive,0.3076081507449592,auto_second_pass_kept,True
খাওক,Sylhet,,,Sarcastic_negative,0.3963871462057515,model_autofill,True
পায়খানা ইয়ে মানে পাবলিক টয়লেট খাবেনা?,Dhaka,,,Sarcastic_negative,0.4490385426844518,model_autofill,True
হুম তাই তো,Dhaka,,,Sarcastic_negative,0.3641356939104107,auto_second_pass_kept,True
ইনসাফভিত্তিক বন্টন,Dhaka,,,Positive,0.4179557413794083,model_autofill,True
ও আইচ্ছা।,Chittagong,,,Sarcastic_negative,0.4528664517751657,model_autofill,True
ঘাট পাবে যে নৌকা দিয়ে মানুষ পারাপারের কাজ করে।,Rajshahi,,,Positive,0.5677589055064364,model_autofill,False
বিএনপির উচিত ছাত্রদল এবং যুবদল বাদে অন্য সকল সংগঠনের সঙ্গে সম্পৃক্ততার বিষয়টি নিশ্চিত করা,Dhaka,Rajshahi,Bagerhat,Negative,0.47709822098071,model_autofill,True
ওকে,Dhaka,Munshiganj,,Negative,0.4940660631899659,model_autofill,True
দেশে হচ্ছেটা কি,Dhaka,,,Sarcastic_negative,0.3856444466095957,auto_second_pass_kept,True
বিএনপি'র কোন নেতাও কর্মী আন্দোলনে ছিল না,Dhaka,Barisal,,Negative,0.6333134828987778,model_autofill,False
৩০০ টাকার বিনিময়ে যে সরকার বানিয়েছে জনগন তার থেকে আর ভালো কি আশা করা যায়,Chittagong,Noakhali,,Positive,0.4615669847791281,model_autofill,True
বেশি খাইলে দাঁতে পোকা ধরবে...,Panchagarh,,,Negative,0.4875952855467653,model_autofill,True
হাট ঘাট সবি উপজেলা পরিশোধ লোকের তোলা উচিত। কারন নেতারা হাটের/ঘাটের টেন্ডার নেয় ১০০০ টাকায় আর সাধারণ মানুষের কাছ থেকে ভিক্ষা তুলে ১০০০০০ টাকা।,Dhaka,,,Negative,0.4200726710151544,model_autofill,True
বিশ্বের সব দেশই চাদাবাজি আছে কিন্তু বাংলাদেশে কোন চাদাবাজি নাই। আছে সমঝোতা,Dhaka,Gazipur,,Sarcastic_negative,0.3743008590189505,auto_second_pass_kept,True
মানে কি আন্দোলন করলেই কি অন্যায় ভাবে সব করা যাবে? তাহলে সত্যের পথে আন্দোলন করেছেন? নাকি একজন কে তাড়িয়ে অন্য জন দখল নিয়েছেন?,Mymensingh,Sherpur,,Positive,0.3709537940310606,auto_second_pass_kept,True
সবাই বলেন কবুল,Dhaka,Mymensingh,,Positive,0.426451894839403,model_autofill,True
"""বেশি খাও খাও করবেন না, বেশি খাইলে বমি হবে।""",Dhaka,,,Neutral,0.5773491299449292,model_autofill,False
রাইট,Feni,,,Positive,0.3912271647399516,model_autofill,True
মানচিত্র খাবি!,Dhaka,Gazipur,Cox's Bazar,Sarcastic_negative,0.3623004555527571,auto_second_pass_kept,True
খাও খাও! এইনা হলো খাদকের মতো কথা,Dhaka,Chittagong,Noakhali,Positive,0.4443931003737084,model_autofill,True
আহারে আমার দেশ,Dhaka,,,Negative,0.5206949304459453,model_autofill,False
সাব্বাস বেটা,Dhaka,Narsingdi,,Sarcastic_negative,0.4813973669950024,model_autofill,True
খা,Dhaka,,,Sarcastic_negative,0.4105431775403178,model_autofill,True
Might is right,Dhaka,Munshiganj,,Sarcastic_negative,0.4666511196514668,model_autofill,True
Engr Mohammad Monir Baig তুমি বন্ধু সংগ্রামী তোমার অধিকার বেশী,Feni,,,Sarcastic_negative,0.7345565445739209,model_autofill,False
খা খা ইচ্ছা মতো খা,Feni,,,Sarcastic_negative,0.3853939474434082,auto_second_pass_kept,True
টাটকী/টয়লেট /পায়খানা কে খাবে ভাই?,Dhaka,Barisal,,Sarcastic_negative,0.6361462539067738,model_autofill,False
মামার বাড়ির আবদার,Dhaka,Kishoreganj,,Negative,0.4067844633779746,model_autofill,True
"""এটা যৌক্তিক দাবি, সমর্থন জানাই।""",Chandpur,,,Negative,0.3260624885110124,auto_second_pass_kept,True
আলহামদুলিল্লাহ,Feni,Rangamati,,Positive,0.6938070689355245,model_autofill,False
একটু পড়েই দল থেকে বহিষ্কার আদেশ পাবে বলে আমি মনে করি।,ঢাকা,বরিশাল,Dhaka,Negative,0.5461765817719488,model_autofill,False
"""জ্বি, আচ্ছা""",Dhaka,Comilla,,Sarcastic_negative,0.4758134197905321,model_autofill,True
হ ভাই মিলেমিশে খা,Dhaka,Kushtia,,Sarcastic_negative,0.3070481345851384,auto_second_pass_kept,True
"""খা, সমঝোতা করে খা,মারামারি করিছ না""",Dhaka,Gazipur,,Positive,0.6098245127162821,model_autofill,False
"""রাতের বেলায়ও চশমা লাগায়, কারণ হ্যাতে পাতিনেতা""",Chittagong,Noakhali,,Sarcastic_negative,0.4576029627969373,model_autofill,True
হাট ঘাট খাইতে খাইতে দেশটাই খাইয়া লও মামু।,Dhaka,Rajbari,,Negative,0.6841401981225872,model_autofill,False
ঠিক আছে চালাইয়া জাও,ব্রাহ্মণবাড়িয়া,Barisal,Brahmanbaria,Negative,0.4565440159502,model_autofill,True
সুন্দর! চমৎকার!!!,Dhaka,Munshiganj,,Sarcastic_negative,0.5069560903486463,model_autofill,False
ঠিক।,Dhaka,Narsingdi,,Negative,0.3128186017725519,auto_second_pass_kept,True
ইট ভাটা বিনা কাগজে চলে কেটাকা সন্ত্রাস মুক্ত করবে এইসে তাবগঞ্জে কর্মকর্তারা মানুষেরা,Dinajpur,,,Positive,0.6329875051655667,model_autofill,False
খা খা খা সব চুসে চুসে খা,রংপুর,রাঙ্গামাটি,Rangamati,Sarcastic_negative,0.3521052447497879,auto_second_pass_kept,True
হাট ঘাটে আবার কী আছে?,Dhaka,,,Negative,0.5237422906978023,model_autofill,False
কথা সইত্য,কক্সবাজার,Dhaka,Pabna,Positive,0.8836988239092853,model_autofill,False
খাও সোনা খাও,Dhaka,,,Sarcastic_negative,0.4560223305411937,model_autofill,True
কথায় যুক্তি আছে। খাবে,দিনাজপুর,Cox's Bazar,Dinajpur,Positive,0.5215135903562513,model_autofill,False
কি সুন্দর কথা,Dhaka,,,Positive,0.5611415420855738,model_autofill,False
কথা ঠিক,Sirajganj,,,Positive,0.8948953300179034,model_autofill,False
গু খাবে না?,Khulna,,,Sarcastic_negative,0.3791101272562013,auto_second_pass_kept,True
একটু অপেক্ষা কর,Dhaka,Mymensingh,,Sarcastic_negative,0.3607305572253935,auto_second_pass_kept,True
"""হাটঘাট আর মাঠ, সরকারকে ইজারা দিয়ে নিতে হয়, এগুলো তো মানুষ দিয়েই পরিচালনা করতে হবে,""",Dhaka,,,Neutral,0.402241779380826,model_autofill,True
দলের নিতি তো ধরে রাখতে হবে,Dhaka,,,Neutral,0.6024833494433446,model_autofill,False
"""সুযোগ বুঝিয়ে ,,,,""",Dhaka,Bogura,Bogra,Sarcastic_negative,0.446411160237295,model_autofill,True
খেল খেল খেল,Dhaka,Kushtia,,Sarcastic_negative,0.4563438708422537,model_autofill,True
রোজার মাস যা খাওয়ার রাতের বেলা খাইছ। ের বেলা খাইছ না ।,Dhaka,Mymensingh,Gazipur,Sarcastic_negative,0.5808571608904172,model_autofill,False
ওকে,Dhaka,,,Negative,0.4940660631899659,model_autofill,True
নেতায় কিন্তু সোজা কথা বলছে,Chittagong,,,Positive,0.7634257381881142,model_autofill,False
এটাও খাবি,ফেনী,Dhaka,Sylhet,Negative,0.3818752725949272,auto_second_pass_kept,True
এই নাহলে কিসের দর,Dhaka,Barisal,Bhola,Negative,0.5519822508942058,model_autofill,False
ভাগাভাগি শুরু নাকি,Barisal,Bhola,,Sarcastic_negative,0.3957942584395543,model_autofill,True
এবার ফিতরা সর্বনিম্ম ১১০ টাকা,লক্ষ্মীপুর,,,Sarcastic_negative,0.4353283950970393,model_autofill,True
খোঁজ নিলে দেখা যাবে ৫ই আগস্টের আগে সে ছাত্রলীগের লুংগির তলে ছিলো,Chittagong,,,Negative,0.3798053836738847,auto_second_pass_kept,True
ধারুণ ধারুণ ধারুণ,কুষ্টিয়া,Chittagong,Kushtia,Sarcastic_negative,0.4531863533136772,model_autofill,True
ঠিক,Dhaka,Mymensingh,Jamalpur,Negative,0.3128186017725519,auto_second_pass_kept,True
মাশা-আল্লাহ,Dhaka,Sirajganj,,Negative,0.7025890278432165,model_autofill,False
ঠিক আছে লিডার,Dhaka,Cox's Bazar,Natore,Negative,0.4258682805223375,model_autofill,True
সেটাই তো নায্য বিচার,Dhaka,Khulna,,Neutral,0.4563245152312847,model_autofill,True
পুরানো কথা গুলো আস্তে আস্তে সত্যি হচ্ছে!,Feni,,,Neutral,0.2974432955765762,auto_second_pass_kept,True
কি কথা ক্লিয়ার? নাকি ভেজাল আছে?,নড়াইল,Dhaka,Narail,Positive,0.4129752161135215,model_autofill,True
খুবই ভালো সিন্ধান্ত,Dhaka,,,Sarcastic_negative,0.4025124061308849,model_autofill,True
ভাই আন্দোলনে তো আমারও অনেক অবদান আছে তাহলে আমি কি কিছু পাব ভাগে,Dhaka,Barisal,Gazipur,Negative,0.638108922539303,model_autofill,False
অবশ্যই,সিলেট,নরসিংদী,Sylhet,Sarcastic_negative,0.5068130694649383,model_autofill,False
Sharif Chowdhry আপনিও পাবেন,নরসিংদী,,,Sarcastic_negative,0.842736684555314,model_autofill,False
তাইলে আমার ভাগের টা রাইখেন ভাই,Dhaka,Faridpur,,Negative,0.6285419910489316,model_autofill,False
ওর আব্বায় রাইখা গেছে তো gando,Dhaka,,,Sarcastic_negative,0.3868650248862983,auto_second_pass_kept,True
পাগলের ও হাসি পাওয়ার মত কথা,Dhaka,Munshiganj,,Positive,0.4775702062357896,model_autofill,True
Md. Mahmudul Islam Hope Less Munarul টিক আছে,Dhaka,Mymensingh,Gazipur,Negative,0.3750161802281576,auto_second_pass_kept,True
জোরে বলেন ঠিক কিনা,ফরিদপুর,Dhaka,,Positive,0.5614298204589795,model_autofill,False
"""মানুষ মারিও না ভাই এমনি বুঝিয়ে নিও যে আমরা প্রতিবন্ধী আমাদের কর্ম নাই দেন, মানুষ মারলে তাদের পরিবার সন্তান আছে কষ্ট পাবে""",গোপালগঞ্জ,Dhaka,Rangpur,Negative,0.7918625168991604,model_autofill,False
ঠিক আছে ভাই,নোয়াখালী,Lakshmipur,Noakhali,Negative,0.4479119474559059,model_autofill,True
"""হ ভাই, আপনারা তো কোঠায় এগিয়ে আছেন আর আমরা জনগণ সব হরিদাস পাল!""",Dhaka,,,Sarcastic_negative,0.4681678790352278,model_autofill,True
ওর কথায় যুক্তি আছে,Chandpur,,,Positive,0.5142876955360652,model_autofill,False
দেশটা না খেলে কি হবে।,Dhaka,Rangpur,,Neutral,0.9960400051356626,model_autofill,False
খাই খাই,কুমিল্লা,Chittagong,Noakhali,Sarcastic_negative,0.415440550041655,model_autofill,True
পৈত্রিক সম্পত্তি মানুষ রইয়াসুয়া খায় বাবা তুমি বুঝে খাইও,Dhaka,,,Sarcastic_negative,0.4991421053315264,model_autofill,True
"""কথা একদম পরিস্কার, নাকি ভেজাল আছে?""",Dhaka,,,Negative,0.4749506521752569,model_autofill,True
অবশ্যই খাবে কেননা অনেক না খাওয়া!!,রাজশাহী,Rangpur,,Sarcastic_negative,0.5282053806460396,model_autofill,False
এক্ষেত্রে এনপিপির অগ্রাধিকার বেশি,Sylhet,Chandpur,,Negative,0.6025979933535571,model_autofill,False
এরা কোন গ্রহের,Dhaka,,,Sarcastic_negative,0.4465048836138721,model_autofill,True
ঠিক ঠিক,Dhaka,Rangpur,,Negative,0.3128186017725519,auto_second_pass_kept,True
একদম সহজ ভাষায় বুঝাইয়া দিছে।,Sylhet,,,Sarcastic_negative,0.4629221549321753,model_autofill,True
আমি এতে একমত,Cox's Bazar,,,Negative,0.4392322025059929,model_autofill,True
"""ঐ সময়গুলোই ভালোই ছিলো। যখন আপসহীন নেত্রী জেলে ছিলেন, ছেলে লন্ডনে আর নেতারা গর্তে।…""",কুমিল্লা,পঞ্চগড়,Comilla,Positive,0.333942923825121,auto_second_pass_kept,True
তাহলে আমার কি হবে?,Barisal,Bhola,,Neutral,0.8450123640502247,model_autofill,False
Mair,Dhaka,Gazipur,,Sarcastic_negative,0.3930986770196636,model_autofill,True
খাওয়ার সময় এসেছে খান ভাই আপনারা সময় শেষ হলে পালাবার জাগাও পাবেন না ইনশাআল্লাহ,Dhaka,,,Negative,0.335306856842271,auto_second_pass_kept,True
প্রচুর খাইতে হবে!,Dhaka,,,Neutral,0.6979040958282404,model_autofill,False
আয় হায়,Chittagong,Noakhali,,Negative,0.347255756084787,auto_second_pass_kept,True
আমিও,Dhaka,,,Negative,0.707905594789406,model_autofill,False
Khaw,Rangpur,,,Sarcastic_negative,0.4386097102463597,model_autofill,True
মন্ত্রী তো বলেই দিয়েছে সমঝোতার মাধ্যমে খেতে।,Rajshahi,Sirajganj,,Sarcastic_negative,0.3905237056890612,model_autofill,True
হাট ঘাট খাওয়া শেষে টয়লেটের গূ খেওয়,Dhaka,Rangpur,,Sarcastic_negative,0.4148316653232859,model_autofill,True
হরিলুট,Dhaka,Barisal,,Sarcastic_negative,0.447972287717193,model_autofill,True
এটা তাদের অধিকার বুঝলাম। যারা জীবন দিছে তাদের কি হবে???,Dhaka,,,Neutral,0.5262905004584941,model_autofill,False
হে অবশ্যই খাবেন হাট ঘাটের ঘাস লতাপাতা প্রয়োজনে মাঠিসহ খেয়ে ফেলেন।,Dhaka,,,Sarcastic_negative,0.5740767300066786,model_autofill,False
শুধু রাস্তা ঘাট খাবেন কেন সাথে পায়খানা ও খান।,Rangpur,,,Sarcastic_negative,0.481056917783379,model_autofill,True
খাইতে যেন পেট খারাপ না হয়।,Sylhet,Sirajganj,,Negative,0.5675557562149867,model_autofill,False
সরকারি ইজারা নিয়ে হবে,Dhaka,Pabna,,Neutral,0.7856338907741843,model_autofill,False
বিসমিল্লাহ বলে শুরু করে দেন।,Dhaka,,,Positive,0.6245560659292058,model_autofill,False
এটা রাজনীতি বিদদের মৌলিক অধিকার,Narayanganj,,,Positive,0.8112663519482324,model_autofill,False
Ai to Asol kota,Dhaka,Narayanganj,,Sarcastic_negative,0.3593752413705644,auto_second_pass_kept,True
না গো শোনা তোমাগো কেউ নাই খাউ তোমরাই খাও,Dhaka,Jamalpur,,Negative,0.5270284052046885,model_autofill,False
খেতে খেতে এগিয়ে যাও,Dhaka,Gazipur,Sirajganj,Sarcastic_negative,0.3296471652112832,auto_second_pass_kept,True
ওকে,Dhaka,,,Negative,0.4940660631899659,model_autofill,True
চমেৎকার,Dhaka,,,Negative,0.3279829859250908,auto_second_pass_kept,True
"""আলহামদুলিল্লাহ, যে জাতির জন্য যা দরকার।""",Dhaka,,,Positive,0.8154798233337028,model_autofill,False
ভাইরাল ভাই,Dhaka,Chandpur,,Sarcastic_negative,0.4676290195223075,model_autofill,True
মন ভরে খেতে হবে।,Khulna,,,Neutral,0.901650842883528,model_autofill,False
সংবিধানে এড করেন,Dhaka,Rangpur,Bogra,Positive,0.5507591037189679,model_autofill,False
চলছে খাওয়া দাওয়া...!! অথচ চলছে সংযমের মাস!!!,Comilla,,,Sarcastic_negative,0.5709035054967146,model_autofill,False
মারহাবা,Rangpur,,,Neutral,0.3167357788320523,auto_second_pass_kept,True
"""যত রাষ্ট্র কাঠামো ঠিক না হবে। প্রতিটা নির্বাচনে স্বচ্ছতা নিশ্চিত হবে তত মাঠে নামবো। দেশের মানুষ NCP চায়না, জামাত চায়না, …""",Dhaka,,,Neutral,0.8425235683312463,model_autofill,False
১৭ বছরের ক্ষুধার্ত বলে কথা!!,Dhaka,Khulna,Jhenaidah,Positive,0.448943885725527,model_autofill,True
১৭ বছরে রাজপথে আওয়ামী লীগের বিরুদ্ধে দেখি নাই তো বিএনপি আন্দোলন করেছে।,Dhaka,,,Negative,0.5473528172190777,model_autofill,False
ঠিক ঠিক,Dhaka,Faridpur,,Negative,0.3128186017725519,auto_second_pass_kept,True
বি এন পি খাবে না তো কে খাবে?,রংপুর,,,Sarcastic_negative,0.3136810231209568,auto_second_pass_kept,True
হয়তো বাথরুম কইতে ভুইলা গেছে,Dhaka,Narayanganj,,Sarcastic_negative,0.5172127491554178,model_autofill,False
সমঝোতার ভিত্তিতে খাবে!!!,Dhaka,Rangpur,,Sarcastic_negative,0.4132073610249803,model_autofill,True
সঠিক,Manikganj,,,Neutral,0.5562736999378194,model_autofill,False
"""হাটও খাবি, ঘাটও খাবি তাহলে মাঠ টা আর বাকি রাখবি কেন ভাই? তোরা সব ই খা।""",Dhaka,Khulna,Satkhira,Sarcastic_negative,0.3489884888447005,auto_second_pass_kept,True
হ ১৭ বছর না খাইয়া ছিলি,চট্টগ্রাম,Dhaka,Chattogram,Sarcastic_negative,0.7167477485833312,model_autofill,False
"""কি বলেন ভাই আপনারা দেশ স্বাধীন করেছেন আপনারা খাবেন নাতো কে খাবে আপনারা খালি বলেন আপনারা কিছু কারতে হবে না, আমরা আমাদের নিজ দায়…""",Dhaka,Feni,,Sarcastic_negative,0.6831868801428473,model_autofill,False
আপনারা না খেলে কে খাবে ভাই বিএনপির এক নেতা তো বৈধ করে দিয়েছে চাদাকে আপনাদের কোন টেনশন নেই খেতে থাকেন। তবে ভাই সমঝোতার মধ্যে …,Cumilla,Comilla,,Negative,0.5433378937506073,model_autofill,False
জ্বি স্যার,Dhaka,Mymensingh,,Sarcastic_negative,0.3856257429489367,auto_second_pass_kept,True
"""এদেশের প্রতিটি মানুষ আন্দোলনে ছিল। আবারো বলছি - প্রতিটি """"মানুষ""""।""",ফরিদপুর,Dhaka,,Negative,0.5834024140678626,model_autofill,False
"""তা ঠিক আছে, কিন্তু মাইনষের ছোট্ট একখান মুখে এত্তবড় “মাঠ-ঘাট” গলা দিয়ে ঢুকায় ক‍্যামনে!!!""",Khulna,,,Sarcastic_negative,0.4723868010043058,model_autofill,True
ঠিকহে,Tangail,,,Sarcastic_negative,0.3690232350172041,auto_second_pass_kept,True
দলের নির্দেশ মানা উচিৎ আমি মনে করি।। তবে আপনারা তো বিবেক বুদ্ধি খাটিয়ে চলবেন মানুষ হিসেবে।। কে আপনাকে ব্যবহার করছে কি দিচ্ছে এ…,Barisal,,,Negative,0.4819865446799655,model_autofill,True
এগুলি খাবার জিনিষ??,Dhaka,Jamalpur,,Positive,0.4137536149802637,model_autofill,True
Md Shafikul Islam তুই কোনটা খাবি?,Chittagong,Gazipur,,Sarcastic_negative,0.4250296392548325,model_autofill,True
আনোয়ার টিভির সংবাদ,Dhaka,Barisal,,Sarcastic_negative,0.3253449839811953,auto_second_pass_kept,True
Sob seshe mancitro ta khabe,Chittagong,Noakhali,,Neutral,0.3856567904952315,auto_second_pass_kept,True
মাশাল্লাহ,Chittagong,Noakhali,,Negative,0.349636455690206,auto_second_pass_kept,True
খা খা বাবা খা ছিলাইয়া। কয়া লাগবেনা,Dhaka,Chittagong,,Negative,0.3091358862456713,auto_second_pass_kept,True
খা আমরা আপতত রোজায় ইফতার সেহরি খাচ্ছি,Dhaka,Chittagong,Lakshmipur,Negative,0.6767211900535435,model_autofill,False
সাব্বাশ বেটা,Dhaka,Chittagong,,Sarcastic_negative,0.4807186544314804,model_autofill,True
অয়,Sylhet,,,Sarcastic_negative,0.3196399401594809,auto_second_pass_kept,True
খাও ভাই খেয়ে সব ছাপা করে ফেলো,Chittagong,Khulna,,Positive,0.4695213689215184,model_autofill,True
বন্ধু প্লিজ ওদের সামলা S A Raju,Sylhet,,,Sarcastic_negative,0.7448225953496772,model_autofill,False
লিগ্যাল কথা,Dhaka,,,Positive,0.8732384135237123,model_autofill,False
Thik,Dhaka,Gazipur,,Sarcastic_negative,0.4578527769100103,model_autofill,True
ঠিক ই বলছে,বগুড়া,Dhaka,Bogura,Negative,0.389517816861862,model_autofill,True
"""খারে খা, খাওয়ার জন্যেই এ দুনিয়া""",Chittagong,,,Sarcastic_negative,0.3394943549340561,auto_second_pass_kept,True
Agula kotha theke ase??,চাঁদপুর,,,Sarcastic_negative,0.4092028809907899,model_autofill,True
হ দরকার হইলে রাস্তা ইট খুলে বাড়ি করবো তারপর ও খাবো,Dhaka,Barguna,,Positive,0.3698390718659988,auto_second_pass_kept,True
দলকানারা এসব দেখে না?,Dhaka,Cox's Bazar,,Sarcastic_negative,0.3828727741053299,auto_second_pass_kept,True
না আমরা খেতে চাই না,Dhaka,Pabna,,Negative,0.7559352212869932,model_autofill,False
"""জয়ীরা কথায় সংযত হন, নইলে দলের বদনাম হবে। আপনার জন্য দলের ক্ষতি মেনে নেওয়া যাবে না।""",যশোর,Khulna,Jashore,Positive,0.3925120606402644,model_autofill,True
জ্বী ভাই,Tangail,,,Neutral,0.3356353871559093,auto_second_pass_kept,True
1000 thik,Dhaka,Tangail,,Sarcastic_negative,0.4436800473365929,model_autofill,True
তুমি ঠিক বলসো।,Mymensingh,,,Sarcastic_negative,0.5140426608376766,model_autofill,False
বাহ,Chittagong,Brahmanbaria,,Sarcastic_negative,0.364670059862047,auto_second_pass_kept,True
খা ভাই খা ভোট দিছে জনগণ এখন মন বরে খা।,ঢাকা,Dhaka,Gazipur,Positive,0.5135846785672299,model_autofill,False
এটাই বাস্তব,Dhaka,,,Negative,0.4780324134873126,model_autofill,True
ঠিক,Dhaka,Narayanganj,,Negative,0.3128186017725519,auto_second_pass_kept,True
"""হাট ঘাটের মালিকদের ও মাকে ইজাড়া দিয়ে থাকলে খাবে, অসুবিধা নাই।""",খুলনা,,,Sarcastic_negative,0.3849537126655161,auto_second_pass_kept,True
এটা তাদের হক,Dhaka,,,Negative,0.5320599127044194,model_autofill,False
বেশি খাইলে পেট খারাপ হতে পারে,জামালপুর,Dhaka,,Negative,0.5793075866102628,model_autofill,False
সামনে আগাও,ঢাকা,Dhaka,Tangail,Sarcastic_negative,0.4606015239049458,model_autofill,True
সাব্বাস,Barisal,,,Sarcastic_negative,0.4858055339972484,model_autofill,True
টয়লেট খাবেন না?,Dhaka,Barisal,,Sarcastic_negative,0.5080414699767224,model_autofill,False
"""সঠিক কথা বলেছে,""",Dhaka,Gaibandha,,Positive,0.8818849402571152,model_autofill,False
Hm Robiul Islam B Shuvo Ahmed Alom Anamul Ahmed তোরা কোন বাজার ঘাট পাইলি,Dhaka,Barisal,Gazipur,Negative,0.535647369209998,model_autofill,False
প্রয়োজনে পুরো দেশটাই দিলে খাও,Dhaka,,,Sarcastic_negative,0.4858550514883121,model_autofill,True
মানুষের জন্ম হোক যেমন তেমন কর্ম হোক ভালো এদের কোনটাই ভালো না।,Comilla,,,Positive,0.5060759112731703,model_autofill,False
জি বুঝলাম,Dhaka,Khulna,Jessore,Sarcastic_negative,0.4735164247686864,model_autofill,True
ভিক্ষা কইরাও খাইবা,Dhaka,Kishoreganj,,Sarcastic_negative,0.4314855121763252,model_autofill,True
সমঝোতার ভিত্তিতে তোমরা টয়লেডও খাবার সমস্যা নেই।,Dhaka,,,Negative,0.4710862750035436,model_autofill,True
ওয়াও নাইচ । আমি ও আছি,Dhaka,,,Negative,0.483271311896766,model_autofill,True
"""কেন ঘরে খাবার‌ নেই, হাট ঘাট কেন খাইবা?""",চট্টগ্রাম,Dhaka,,Sarcastic_negative,0.5103941536636832,model_autofill,False
না খাওয়া পার্টি এখন হাট ঘাট সব খাইতে চাই।,নরসিংদী,Tangail,,Negative,0.4436162330494868,model_autofill,True
বরি দে,Dhaka,,,Sarcastic_negative,0.351329520817479,auto_second_pass_kept,True
তার মানে তাদেট জুলাইয়ে কোন অবধান নাই,Chittagong,,,Negative,0.4272784633449075,model_autofill,True
সহমত ভাই,Dhaka,Dinajpur,,Neutral,0.3217493175354463,auto_second_pass_kept,True
এ জন্যই রাজনিতি,Dhaka,,,Positive,0.4028398241738491,model_autofill,True
অবশ্যই নেতার সাথে দ্বিমতের কোন সুযোগ নাই কারণ পরিশ্রমের পরেই তো ফলাফল ভোগ করে থাকে,Feni,,,Negative,0.4415552918417605,model_autofill,True
আচ্ছা ঠিক আছে,Rajshahi,,,Sarcastic_negative,0.3900287362577264,model_autofill,True
সরকারি রাজস্বে যে বেশি টাকা জমা দিবে সেই পাবে,Pabna,,,Sarcastic_negative,0.4089404406706535,model_autofill,True
সম্ভবত আপনার দলের চেয়ারম্যান এইবার সে সুযোগ দিবে না....,Dhaka,Chittagong,Madaripur,Sarcastic_negative,0.632016760462083,model_autofill,False
সঠিক সিদ্ধান্ত,Dhaka,Narsingdi,,Neutral,0.4622158027205778,model_autofill,True
পুরা দেশটাই একবারে খেয়ে ফেলতে পারলে আর কোন ঝামেলা থাকবে না। দেখেন চেষ্টা করে খেয়ে ফেলতে পারবেন।,সাতক্ষীরা,Khulna,Satkhira,Negative,0.4113927133166656,model_autofill,True
খাও ভাই তোমার অধিকার!!,ঝালকাঠি,,,Negative,0.4183043979943374,model_autofill,True
সমঝোতা করে খাইয়েন,Dhaka,,,Sarcastic_negative,0.3607780804928834,auto_second_pass_kept,True
দল থেকে লাত মেরে বের করে দেওয়া হউক,Dhaka,Sunamganj,,Negative,0.4953901107348648,model_autofill,True
বেশি বেশি খেতে গেলে আল্লাহর তরফ থেকে পেট পিড়া হবে ইনশাআল্লাহ,বরিশাল,,,Positive,0.5000742691498785,model_autofill,False
রোজা দিয়াই শুরু করে দিছে এদের দারা এগুলো মানায়।,ঢাকা,Dhaka,Narayanganj,Positive,0.4934351909510405,model_autofill,True
অবশ্যই খাবেন! এটা আপনাদের হালাল অধিকার। প্রয়োজনে রাস্তার ইট খুলে বাড়ি নিয়ে যাবেন।,Dhaka,,,Sarcastic_negative,0.4582612311319308,model_autofill,True
"""শুধু হাট,ঘাট খাইলে পেট ভরবে পাবলিক টয়লেট ও খাইতে পারেন।""",Dhaka,Sherpur,,Negative,0.6059819440434854,model_autofill,False
হাট ঘাট শেষ হলে তার পর,Dhaka,Kushtia,,Negative,0.6430028444962477,model_autofill,False
কথা কি ক্লিয়ার নাকি ভেজাল আছে...?,Dhaka,Manikganj,,Positive,0.4029472966291267,model_autofill,True
Khato baba,Dhaka,,,Sarcastic_negative,0.4224676097174512,model_autofill,True
হাট ঘাটের পায়খানা কে খাবে আপনি না তারাই? কেননা হাট ঘাটে পাবলিক টয়লেট থাকে যা কি না টাকা দিয়ে ব্যবহার করা লাগে........,Dhaka,Munshiganj,,Sarcastic_negative,0.3855313593457135,auto_second_pass_kept,True
মারো তালি,Dhaka,Rangpur,,Sarcastic_negative,0.3758648081006704,auto_second_pass_kept,True
হাট ঘাট মাঠ সব খা।,বরিশাল,Dhaka,Gazipur,Sarcastic_negative,0.2956759670847192,auto_second_pass_kept,True
লুটে পুটে খাও...,Chittagong,,,Sarcastic_negative,0.4604753303892153,model_autofill,True
আমরা মিলেমিশে চাদা খাই আমরা দেশ চালাই,Dhaka,Sunamganj,,Negative,0.7003250514880488,model_autofill,False
এই হাট ঘাট খাওয়ার জন্যই আন্দোলন?,Rajshahi,Barisal,Bogra,Negative,0.5795474769161241,model_autofill,False
"""সোনা মিয়ায় যেহেতু বলে দিচে,তাইলে এটাই হোক অ-জাইচ্চা!""",Feni,,,Negative,0.4424571526485223,model_autofill,True
এটা তো ওনাদের অধিকার এই অধিকারের বেত্তয় ঘটতে দেবে না।,Dhaka,,,Negative,0.6286267895892657,model_autofill,False
ঠিক আছে আন্দোলনে যারা ছিল তারা হাত-ঘাট খাবে বুঝলাম আমাদের ফখরুল ইসলাম বলেছে তারা এই আন্দোলনে কোনভাবে জড়িত ছিল না তাহলে আন্দোল…,Dhaka,,,Negative,0.6038708084744261,model_autofill,False
জনগন আগের মতন নাই প্রিয়,Chittagong,Noakhali,,Negative,0.3955874030488766,model_autofill,True
ইফতারের পর পার্সেল করে পাঠিয়ে দিয়েন।,Dhaka,,,Negative,0.6198137607686519,model_autofill,False
কি যে হবে... দেশে...! ও মাবুদ মহান আল্লাহ তায়ালা আপনি আমাকে বাংলাদেশ থেকে অন্য দেশে সেটেল করার সুযোগ করে ।,Rajshahi,Natore,,Positive,0.5157858654597764,model_autofill,False
ঠিক,Dhaka,Sherpur,,Negative,0.3128186017725519,auto_second_pass_kept,True
কবে যে শুনতে হয় মানচিত্র খাবে।,Dhaka,Chittagong,,Sarcastic_negative,0.4518213011855544,model_autofill,True
চারো দিকে খালি খাই আর খাই,Chittagong,Pirojpur,,Positive,0.6841088638409761,model_autofill,False
"""খাওয়া খাওয়ি চলবে, জোরদার হবে, সব চেটেপুটে খাওয়ার জন্য তো এত সংগ্রাম""",Rangpur,Bogura,Bogra,Neutral,0.5410355653389808,model_autofill,False
Nurul Amin বস আপনি কোনটা,চট্টগ্রাম,Chittagong,Cox's Bazar,Sarcastic_negative,0.7355151138029398,model_autofill,False
বালছাল,Khulna,Satkhira,,Sarcastic_negative,0.5157300333062457,model_autofill,False
পাশা,Comilla,,,Sarcastic_negative,0.4225345172970665,model_autofill,True
ওনি ঠিক বলেছেন,Dhaka,Joypurhat,,Positive,0.4650040074693146,model_autofill,True
সাব্বাশ বেটা,Dhaka,Tangail,,Sarcastic_negative,0.4807186544314804,model_autofill,True
সুন্দর না,Dhaka,Pabna,,Sarcastic_negative,0.445826022549957,model_autofill,True
এই কথাটাই কেউ বোঝে না??,Dhaka,Gazipur,,Negative,0.4886330820847852,model_autofill,True
"""আমিও একমত, তবে সব আমার কাছে এনে জমা দিতে হবে""",Comilla,,,Neutral,0.7099410510050626,model_autofill,False
চারদিকে চাঁন্দাভাই,Dhaka,Munshiganj,,Sarcastic_negative,0.4153064374472117,model_autofill,True
জ্বি,Dhaka,,,Sarcastic_negative,0.391995414316129,model_autofill,True
কিন্তু সব খাইতে হবে সমঝোতার ভিত্তিতে,Dhaka,Narail,,Neutral,0.7913552809834999,model_autofill,False
মাশাল্লাহ খুবই সুন্দর,Chittagong,Lakshmipur,,Negative,0.4292434981808246,model_autofill,True
"""গলায় আটকে যাবে, একটু ধৈর্য ধর।""",Panchagarh,,,Sarcastic_negative,0.555783604237668,model_autofill,False
ফাইন। জুলাই তে মানুষ জীবন দিয়েছিল কি এ জন্য।,বরগুনা,Barisal,Barguna,Sarcastic_negative,0.4211778805611575,model_autofill,True
সমস্যা.!!,Dhaka,,,Sarcastic_negative,0.4387357220036317,model_autofill,True
ইচ্ছেমত খাও,Dhaka,Gazipur,Pabna,Sarcastic_negative,0.412818101758636,model_autofill,True
আমরা কিছু বলবো না ১৭ বছর আপনারা অনেক কষ্ট করেছে,Chittagong,,,Sarcastic_negative,0.6952754429774446,model_autofill,False
ঠিক আছে নেতা কিন্তু নেতা রাতে চশমা কেন।,Chittagong,,,Sarcastic_negative,0.4137641719116041,model_autofill,True
হাট ঘাট খায় কি ভাবে??,Dhaka,Magura,Pirojpur,Sarcastic_negative,0.3750239377835651,auto_second_pass_kept,True
সমঝোতার মাধ্যমে,Dhaka,Barisal,,Sarcastic_negative,0.4844916655484391,model_autofill,True
কাজ নাই যত আকাইম্ম চিন্তা,Dhaka,Chittagong,,Sarcastic_negative,0.3309065006050367,auto_second_pass_kept,True
কত খাবেন সময় থাকতে ভালো হয়ে যান,Rajshahi,,,Negative,0.3699592181178178,auto_second_pass_kept,True
টেম্পু স্ট্যান্ড কে খাবে.....?,Barisal,,,Sarcastic_negative,0.4985441905540978,model_autofill,True
"""সেটার প্রয়োজনীয়তা নেই, বরং তেলবাজ আর চামচাদের দেওয়া হোক।""",Dhaka,Shariatpur,,Positive,0.4133751048140756,model_autofill,True
ভাই আমি গুলি খাইছি তার মানে আমি হাট ঘাট বাজার খামু,Dhaka,,,Negative,0.6947490586399293,model_autofill,False
এদেশে এমন একটা আসবে আওয়ামিলীগের মতোন বিএনপির নাম নেওয়া টা নিষেধ হয়ে যাবে,নাটোর,Dhaka,Barisal,Negative,0.6079264244747827,model_autofill,False
ভাই খাইলে কিন্তু রোজা ভেঙে যাবে,Khulna,Magura,,Negative,0.4339543287082604,model_autofill,True
হাট ঘাট কি চিবিয়ে খাবে নাকি,Dhaka,Sylhet,Gazipur,Sarcastic_negative,0.3673178675086648,auto_second_pass_kept,True
বানী,Chittagong,Chandpur,,Sarcastic_negative,0.4135886013987764,model_autofill,True
উনি কি ঈদের পরের আন্দোলনের কথা বলছেন। তার দল যে গত ১৬ বছর ঈদের পরে আন্দোলন করে খালেদা জিয়াকে মুক্ত করার চেষ্টা করেছিল সেই আন…,Barisal,Bhola,,Positive,0.4990606865682586,model_autofill,True
A NI K Abdus Salam চাকরি না করে হাট নিলে পারতি,Dhaka,,,Positive,0.4235523573824188,model_autofill,True
যা ভাই বাজার হাট ঘাট সবই খা এর পর বমি করে বমি ও খা।,Chittagong,,,Negative,0.4299690747461645,model_autofill,True
"""সাবাস বেটা, এগিয়ে যাও।""",Dhaka,,,Sarcastic_negative,0.2924818240111098,auto_second_pass_kept,True
"""আপনি নিজেই আন্দোলনে ছিলেন না,তাছারা আমার মনে হয় না যে আপনি বিএনপি করেন????""",Barisal,,,Negative,0.6070376675523825,model_autofill,False
কর্ম সস্তানের ব্যবস্তা করতেছে,Chittagong,Cox's Bazar,,Sarcastic_negative,0.502771105894248,model_autofill,False
ঠিকই তো,Chittagong,,,Negative,0.3551214076318068,auto_second_pass_kept,True
ওরে আমার নেতা রে..!!,Khulna,,,Negative,0.4612293354458563,model_autofill,True
খেতে খেতে একসময় পেট ফেড়ে যাবে আ. লীগের মতো,Dhaka,Lakshmipur,,Negative,0.3478300902729695,auto_second_pass_kept,True
উনি অসুস্থ ওনার জরুরী চিকিৎসা দরকার,Dhaka,,,Sarcastic_negative,0.3915929857359582,model_autofill,True
"""ঠিক, আপনি যা বলেন তাই হবে।""",Dhaka,,,Neutral,0.7212620333707045,model_autofill,False
তাও পেট টা ভর,Dhaka,Gazipur,,Sarcastic_negative,0.478398018239233,model_autofill,True
সমঝোতা গো।,Dhaka,Bogra,,Sarcastic_negative,0.3925034692907795,model_autofill,True
খাবার মানুষের মৌলিক অধিকার,Dhaka,,,Positive,0.3181452919733314,auto_second_pass_kept,True
আমার বাসাতে এক হালি ডিম পাঠান ভাই। কারণ ৫ তারিখে আমিও পতাকা নিয়ে মাঠে ছিলাম....,Dhaka,Mymensingh,,Negative,0.7231531208355209,model_autofill,False
সাব্বাস বেটা...!! এ হুয়া না বাথ...!!,নোয়াখালী,Noakhali,,Sarcastic_negative,0.4054580622839443,model_autofill,True
এইটাই প্ল্যান,Dhaka,Dinajpur,,Sarcastic_negative,0.454960463283081,model_autofill,True
ঠিকই তো বলেছে এটাকে আবার নিউজ করার কি আছে? ১৭ বছর কিছু খেতে দেইনি এখন একটু সুযোগ পাইছে তার পেছনেও সাংবাদিক কেনো? চাদাবাজদের…,Chittagong,,,Sarcastic_negative,0.389310141862103,model_autofill,True
Eigula dhore drain er pani khaoyanu dorkar.,Dhaka,,,Sarcastic_negative,0.4097831629572959,model_autofill,True
ইচ্ছে মত খেতে থাকেন শুধু ১০% জায়গা মত পাঠিয়ে দিয়েন তাহলে ধরা পরলেও বহিষ্কার এর নাটক করে বাঁচিয়ে দিবে খাম্বা সাহেব,Dhaka,Tangail,,Sarcastic_negative,0.4652049578577457,model_autofill,True
এক দল খেয়ে গেছে আরেক দল খাইতে আসছে,Dhaka,,,Negative,0.6460884517522155,model_autofill,False
হাট ঘাটের গু খাবে??,মাগুরা,,,Sarcastic_negative,0.3705272063932916,auto_second_pass_kept,True
চাকরি মনে হয় নাই গেছে।,Dhaka,,,Sarcastic_negative,0.384551551442396,auto_second_pass_kept,True
এমন স্পষ্টবাদী হলেই হবে।,কিশোরগঞ্জ,Dhaka,Kishoreganj,Neutral,0.8678840748810874,model_autofill,False
জ্বি আপনাদের জন্যই ত সব কিছু। আসেন খেয়ে যান।,Khulna,,,Sarcastic_negative,0.478401216610496,model_autofill,True
এইসমস্ত নেতাদের যদি দমন না করেন মাননীয় প্রধানমন্ত্রী তাহলে দেশের সাধারণ মানুষের ভালোবাসা বেশি পাশে পাবেননা,Dhaka,,,Positive,0.55902099131719,model_autofill,False
kohi bath nahin.,Dhaka,,,Neutral,0.4408004551478968,model_autofill,True
এই অধিকার ও ক্ষমতা আমাদের আছে দেখলেই বোঝা যায় আপনি উচ্চ বংশীয়...............।,Dhaka,Gazipur,Pabna,Negative,0.6852117901068959,model_autofill,False
হাট-ঘাট খাইয়েন কিন্তু প্লিগ রাস্তার ইট খুলে নিয়ে যাইয়েন না বোরো।,Dhaka,Comilla,,Negative,0.4166542320344191,model_autofill,True
বিম্পি,Dhaka,,,Sarcastic_negative,0.4369042239870257,model_autofill,True
সামনে বালুর ট্রাক আছে।,Dhaka,,,Sarcastic_negative,0.4629226142654137,model_autofill,True
ওহ্ আচ্ছা এই ছিলো মনে,Dhaka,,,Negative,0.4450021257706853,model_autofill,True
গুড,Dhaka,Kushtia,,Sarcastic_negative,0.4014811403740618,model_autofill,True
"""ঠিক আছে, ওকে""",Cox's Bazar,,,Negative,0.5343888671326307,model_autofill,False
Pungta,Dhaka,,,Sarcastic_negative,0.4659322050837629,model_autofill,True
হাট খাট আবার খায় কেমনে??,Dhaka,,,Negative,0.380360733986587,auto_second_pass_kept,True
হে হে হে,খুলনা,Dhaka,Khulna,Sarcastic_negative,0.430802326593096,model_autofill,True
আপনারা না খাইলে আর খাবে কে?,Dhaka,Mymensingh,,Sarcastic_negative,0.640987082030279,model_autofill,False
বেশি খেতে যাইও না বাতিজা.. মুখ পুড়ে যাবে। মিলে মিশে খাও,ঢাকা,Dhaka,Chittagong,Negative,0.360070033508352,auto_second_pass_kept,True
Amio tai boli ustad. …,কিশোরগঞ্জ,Dhaka,Kishoreganj,Sarcastic_negative,0.3273771056799878,auto_second_pass_kept,True
হাট ঘাট না খেয়ে ভিক্ষা চাইলেই তো মানুষ দেয়,Dhaka,,,Negative,0.5594553348027461,model_autofill,False
"""জি,এটা মেনেই ভোট দিছে পাবলিক তাই এটা তেমন সমস্যা না""",Dhaka,Gazipur,,Positive,0.4322581633415684,model_autofill,True
কোন আন্দোলন তো ১৭ বছরে দেখি নাই,Dhaka,,,Sarcastic_negative,0.537066835248877,model_autofill,False
আহারে বাবু মনে হয় ১৭ বছর না খেয়ে আছে,Dhaka,,,Sarcastic_negative,0.7019492049719332,model_autofill,False
সাবাস বাগিনা,Dhaka,Tangail,,Sarcastic_negative,0.3733666636989552,auto_second_pass_kept,True
ঠিক ঠিক।,Comilla,,,Negative,0.3128186017725519,auto_second_pass_kept,True
সাবাস। এটা যে আপনাদের আসল চরিত্র। প্রকাশ করার জন্য ধন্যবাদ,Comilla,,,Positive,0.600771983158664,model_autofill,False
Only Love react,Narayanganj,,,Neutral,0.3811514528909488,auto_second_pass_kept,True
চালিয়ে যেতে পার,Khulna,Jessore,,Negative,0.3767971219279545,auto_second_pass_kept,True
ঠিক হে,Sylhet,Sunamganj,,Sarcastic_negative,0.324435795577072,auto_second_pass_kept,True
সেটা কোটায় না মেধায়?,Tangail,,,Sarcastic_negative,0.4133390827329835,model_autofill,True
বিএনপি'র দুঃসময়ের কান্ডারী আমিও তো ছিলাম. ঘাট ঘাট খাওয়াবি ঘৃণা করি. খা তোরাই মর,Dhaka,,,Negative,0.758404862577256,model_autofill,False
আহ খাওন আর খাওন,Rangpur,Gazipur,,Sarcastic_negative,0.4803503858388253,model_autofill,True
খাঁ খাঁ,Dhaka,Barisal,Bhola,Sarcastic_negative,0.441222176277123,model_autofill,True
মারহাবা!,Chittagong,Noakhali,,Neutral,0.317207543896891,auto_second_pass_kept,True
চেটেপুটে সব খেয়ে দেশটা পরিস্কার করে ফেল!,Dhaka,,,Negative,0.3781877639465594,auto_second_pass_kept,True
যারা না ছিলো তারা খায় যারা ছিলো তারা পায় না,Dhaka,Patuakhali,,Sarcastic_negative,0.3205805863755744,auto_second_pass_kept,True
প্রয়োজনে ডাল পালা ছিড়ে খাবেন বাট সমজোতার মাধ্যমে।,Barisal,Patuakhali,,Sarcastic_negative,0.5446371352688864,model_autofill,False
খাইও তবে সমাজতার মাদ্যমে।,Chittagong,,,Sarcastic_negative,0.4217886998692453,model_autofill,True
সবই খা খাইতে মানা করছে কেডা,Khulna,Brahmanbaria,Satkhira,Negative,0.7953611170026113,model_autofill,False
"""কিসের আন্দোলনে ছিল, নেশা খাওয়ার, নাকি মাদক বিক্রি আন্দোলনে বলতে হবে, জনগণকে""",Khulna,Kushtia,,Neutral,0.5932958829905715,model_autofill,False
"""হ ভাই,খাও খাও তোমরাই তো খাবা®তবে সমঝোতা করে খাও""",Rajshahi,,,Negative,0.3209093389639696,auto_second_pass_kept,True
সমোজতার মাধ্যমে হোক,Dhaka,Faridpur,,Sarcastic_negative,0.4677013452090128,model_autofill,True
কুকুর কিন্তু পাহারাদারের দায়িত্ব পালন করে। ভোগ করে সম্পদের মালিক। ঠিত তেমনি দেশের সম্পদ দেশের জনগনের জন্য। কোন পাহারাদারের জন্…,Dhaka,Sirajganj,,Positive,0.4119996686902462,model_autofill,True
এখন থেকে তাহলে হাট বাজারের টয়লেট গুলোও পরিস্কার পরিচ্ছন্ন থাকবে।,Sirajganj,,,Negative,0.62244037465218,model_autofill,False
দেখেন যা ভাল মনে করেন @highlight,Khulna,Jessore,,Sarcastic_negative,0.4106569456334654,model_autofill,True
তাহলে আমি খাইতে পারবোনা,Dhaka,Feni,,Negative,0.8614106811298023,model_autofill,False
না ঠিক আছে আপনারাই খান,Dhaka,,,Sarcastic_negative,0.7389254047198603,model_autofill,False
টেম্পু ইস্টান,Chandpur,,,Sarcastic_negative,0.4867765176509033,model_autofill,True
এতো বড় পেট,Dhaka,Faridpur,,Sarcastic_negative,0.6153432089144315,model_autofill,False
যেহেতু আপনি আন্দোলনে ছিলেন অবশ্যই আপনার হক আছে,Chittagong,Noakhali,,Sarcastic_negative,0.7776207413280567,model_autofill,False
ভালো ডিসিশন।,Khulna,Kushtia,,Sarcastic_negative,0.338246254735005,auto_second_pass_kept,True
এহল আসল কথা,Dhaka,Gazipur,Narayanganj,Positive,0.4282078925501331,model_autofill,True
যেমন কর্ম তেমন ফল।,Dhaka,Jamalpur,,Sarcastic_negative,0.3742939293740275,auto_second_pass_kept,True
"""হাট- খাট খাবেন খান, তবে চাঁদা তুলে খাইয়েন না।""",Dhaka,,,Sarcastic_negative,0.5560805340059048,model_autofill,False
সমঝোতার সাথে খাইয়েন,Chittagong,Noakhali,,Sarcastic_negative,0.5411008900249782,model_autofill,False
"""ফখরুল কাকা, এই লোক কি বিএনপির কেউ নয়?""",Dhaka,Faridpur,,Negative,0.8713879958979586,model_autofill,False
মারহাবা মারহাবা,Chittagong,,,Neutral,0.3167357788320523,auto_second_pass_kept,True
অবশ্যই খাবে!,Dhaka,Gopalganj,,Sarcastic_negative,0.5053141159869017,model_autofill,False
এটা আপনাদের জাতীয় অধিকার।,Khulna,,,Sarcastic_negative,0.4239136313295424,model_autofill,True
"""আমিও মনে হয় ছিলাম,, তবে রোজা তো খাবো না""",Khulna,,,Negative,0.3727955833615653,auto_second_pass_kept,True
লাগারে লাগা,Panchagarh,,,Sarcastic_negative,0.3946824566023899,model_autofill,True
বহু ের ক্ষুধা খেতে তো হবেই,Dhaka,Brahmanbaria,,Neutral,0.901588947536803,model_autofill,False
এইত লাইনে আসছেন?সমঝোতার মাধ্যমে ইফতার করেন!,Chittagong,,,Sarcastic_negative,0.4271652802723408,model_autofill,True
Tik ase,সিলেট,নরসিংদী,Sylhet,Neutral,0.3247965685346086,auto_second_pass_kept,True
বাংলাদেশের সাধারণ মানুষদের মা বোন বউ সন্তানদের মেয়েদের নিরাপত্তা কোথায়??????????,Dhaka,,,Positive,0.3735695825282256,auto_second_pass_kept,True
এটা নাকি বিএনপি দল,ঢাকা,Dhaka,Chittagong,Negative,0.966674690824333,model_autofill,False
"""অবশ্যই! হাট-ঘাট খাওয়ার জন্যই তো আপনাদের আন্দোলন। তাহলে অন্য কেউ খেতে চাওয়াটা তো অন্যায়.. আপনি এগিয়ে যান, কার কি হয় হোক""",দিনাজপুর,Dinajpur,,Sarcastic_negative,0.5503467885531803,model_autofill,False
না ঠিক আছে রমযান মাস দেইখা কিছু বললাম না,Barisal,,,Negative,0.3706959863341124,auto_second_pass_kept,True
পাবলিক টয়লেট যেনও বাদ না যায়!,Dhaka,,,Positive,0.5704756609054914,model_autofill,False
ভাইটি মনে হয় অনেক স্মার্ট। রাতে সানগ্লাস পড়েন।,কুষ্টিয়া,Kushtia,,Sarcastic_negative,0.4454430320892676,model_autofill,True
১ বছরের মধ্যে বিএনপি ও পালাবে,Dhaka,,,Negative,0.8591641624784416,model_autofill,False
"""ওরে লেতারে এখন আর ভাত খাবেনা হাট,ঘাট খাবে""",Barisal,Bhola,,Positive,0.7214600810015963,model_autofill,False
তাইলে ঠিক আছে,পাবনা,,,Negative,0.5732444773463053,model_autofill,False
তাহলে বি এণ পি তো সরাসরি জড়িত ছিল না হিসাবে কিছুই পাবেন না,Mymensingh,Sherpur,,Negative,0.3956187529531547,model_autofill,True
বিজয়ী মিরজাফরের চেয়ে পরাজিত সিরাজুদ্দৌলার ইতিহাস অনেক সম্মান ও গৌরবের,Chittagong,Bandarban,,Negative,0.5386176154885058,model_autofill,False
সুন্দর একটি সিদ্ধান্ত,বান্দরবান,Dhaka,Manikganj,Sarcastic_negative,0.5670698299162058,model_autofill,False
তাহলে আমি কোনটা ভাগ পাবো,Dinajpur,,,Negative,0.4822055594696892,model_autofill,True
আল্লাহ অনেক বড় করুক আপনাদের,Narsingdi,,,Sarcastic_negative,0.3190505856233158,auto_second_pass_kept,True
"""গরুর হাটে গোবর আছে,ওগুলাও খাইস,কিছু পার্সেল করে দলের অফিসেও পাঠাইস""",Rangpur,,,Negative,0.3972961958778327,model_autofill,True
ওয়াও খাও খাও।,Barisal,Bhola,,Sarcastic_negative,0.5173060246892252,model_autofill,False
হাচা কতা কইছেন।,Dhaka,Faridpur,,Negative,0.3846499576733722,auto_second_pass_kept,True
আস্তাগফিরুল্লাহ,Chittagong,,,Negative,0.3721038937780634,auto_second_pass_kept,True
ভাইয়া বলে কি,Dhaka,,,Sarcastic_negative,0.3800175491490404,auto_second_pass_kept,True
জি,Barisal,,,Sarcastic_negative,0.3833144392183468,auto_second_pass_kept,True
যাক হাট-ঘাটের গু -গবর খাওয়ার লোক তাইলে পাওয়া গেল।,ঝিনাইদহ,Dhaka,Mymensingh,Negative,0.3998221979452952,model_autofill,True
বাহ বাহ,Khulna,,,Sarcastic_negative,0.364670059862047,auto_second_pass_kept,True
"""উত্তম বলিয়াছেন, সহমত লেতা""",Dhaka,Chittagong,Brahmanbaria,Sarcastic_negative,0.3310486420940263,auto_second_pass_kept,True
ওমা তাই,Dhaka,,,Sarcastic_negative,0.3709628399080403,auto_second_pass_kept,True
খাবে,ঢাকা,বরিশাল,Dhaka,Sarcastic_negative,0.3857682709249711,auto_second_pass_kept,True
ইট পাথর বালু সিমেন্ট এগুলাও খাবে তারা,Rangpur,Lalmonirhat,,Positive,0.3646874430696095,auto_second_pass_kept,True
ওকে,Dhaka,Pabna,,Negative,0.4940660631899659,model_autofill,True
নেতাদের কাছে দেশটা যেন গনিমতের মাল!,Dhaka,,,Positive,0.4066485803838506,model_autofill,True
আন্দোলনে কোন বিএনপির কর্মী ছিল না তার প্রমাণ মির্জা ফখরুল সাহেব নিজেই বিশ্বাস না হয় সোশ্যাল মিডিয়ায় ভিডিও আছে দেখে নিতে পারেন,Dhaka,,,Negative,0.679625276539883,model_autofill,False
আমি ও তাই বলি।,Dhaka,Jamalpur,,Positive,0.3947666356563947,model_autofill,True
খায় দেখেই ত আন্দোলন হইছে আপনাদেরকেও কি দওরাই তে হবে,Dhaka,,,Neutral,0.4189463944176853,model_autofill,True
খা রে ভাই খা,Comilla,,,Sarcastic_negative,0.312997955083573,auto_second_pass_kept,True
আর টয়লেট কে খাবে?,Barisal,Patuakhali,,Positive,0.7205982004151827,model_autofill,False
Kn,Dhaka,,,Sarcastic_negative,0.4093940743400722,model_autofill,True
ভাত মাছ রেখে এত খাবার কিবা করে খাব ছাওয়াল,Dhaka,Narayanganj,,Sarcastic_negative,0.4212737318960298,model_autofill,True
রমজান মাস চলে ইফতারের পর খাইয়েন।,Natore,,,Negative,0.5693539379034204,model_autofill,False
এটাই তারেক রহমানের আই হ্যাভ এ প্ল্যান এর অংশবিশেষ।,Dhaka,Lakshmipur,,Negative,0.3285925711094545,auto_second_pass_kept,True
চমৎকার,Dhaka,,,Negative,0.3279829859250908,auto_second_pass_kept,True
আচ্ছা ঠিক আছে,Sirajganj,,,Sarcastic_negative,0.3900287362577264,model_autofill,True
নৈতিকতা নিদারুণ অবক্ষয়,Cumilla,Comilla,,Negative,0.3793483550355142,auto_second_pass_kept,True
একদম ঠিক এভাবেই চালিয়ে যান,Dhaka,Khulna,Jessore,Sarcastic_negative,0.302642845776536,auto_second_pass_kept,True
উচিৎ কথা কইছে,Chittagong,,,Positive,0.5821414768895974,model_autofill,False
"""ঠিক ই তো, এত আন্দোলন এ কত কষ্ট করছেন ।""",রাজশাহী,Rajshahi,,Sarcastic_negative,0.3754104778637225,auto_second_pass_kept,True
বাহ..,Patuakhali,,,Sarcastic_negative,0.3738479922069077,auto_second_pass_kept,True
এটা চিরিয়াখানা থেকে কিভাবে ছাড়া পেল,Sylhet,,,Negative,0.4697709905809037,model_autofill,True
খাইয়া মইরা দেখ কি হয়!!,কুষ্টিয়া,Comilla,Kushtia,Sarcastic_negative,0.4269824403799445,model_autofill,True
"""রাস্তার ইট খুলে বাড়ি নিয়ে যাও,ওগুলো এখন তোমাদের পৈতৃক সম্পত্তি""",Dhaka,,,Negative,0.4472283554715428,model_autofill,True
খাও খাও ভাতিজা ঐ আপা ইস লডিং,শেরপুর,Sherpur,,Sarcastic_negative,0.5419493980517661,model_autofill,False
Kha kha onek bocor upos chili kha Rojate beshi kha karon rojar gular hisab hobe na,Chittagong,,,Neutral,0.4513731265176954,model_autofill,True
মন মত খা,Gazipur,,,Sarcastic_negative,0.311462688558224,auto_second_pass_kept,True
টয়লেটও বাদ দিলেন না,ঝিনাইদহ,Dhaka,Kushtia,Sarcastic_negative,0.4641314207497259,model_autofill,True
এটা বাংলাদে____শ এটা পাকিস্তান নারে বাবা____এটা ইন্ডিয়া না____,Dhaka,,,Negative,0.4129582887616308,model_autofill,True
"""এত খাইলে পরে গলায় আটকিয়ে যাবে,""",রাজশাহী,,,Negative,0.5501504394969993,model_autofill,False
লে হালুয়া,Dhaka,Gazipur,,Negative,0.4386622040192879,model_autofill,True
আসেন সবাই মিলে মিশে খাই,Barisal,Bhola,,Neutral,0.3751846263969928,auto_second_pass_kept,True
"""১৭ বছর আপনারা খাইতে পারেন নাই । তাই আপনারা ৫ বছর খাবেন, এটাই তো নিয়ম। কথা হচ্ছে খাওয়া শেষ হলে ময়লা গোলা নিদিষ্ট জায়গায় ফেলবেন…""",Dhaka,Sylhet,,Sarcastic_negative,0.7266083234041003,model_autofill,False
Ahare ruti ruji,Rajshahi,,,Sarcastic_negative,0.3573291352408815,auto_second_pass_kept,True
পুরা দেশটাকেই খাইয়ালা....,Dhaka,Comilla,,Sarcastic_negative,0.4971994275309881,model_autofill,True
খোঁজ নিয়ে দেখেন হ্লায় গুপ্ত,Dhaka,,,Sarcastic_negative,0.3487225721872171,auto_second_pass_kept,True
"""খাও বেশি করে খাও,শুধু পিছনটা সাবধানে রাখিও।""",সুনামগঞ্জ,,,Sarcastic_negative,0.3900916253687282,model_autofill,True
হাঁটের টয়লেট সহ খেয়ে ফেলো ।,Dhaka,Gazipur,,Sarcastic_negative,0.38461425184278,auto_second_pass_kept,True
এমন কথায় তো শুনতে চাই,Khulna,,,Positive,0.3929562462863252,model_autofill,True
ঠিক আছে বস,ফরিদপুর,Dhaka,Faridpur,Negative,0.3869284682462061,auto_second_pass_kept,True
"""এবার বুঝতে পারবে সাধারণ মানুষ কাকে ভোট দিলাম,,,,""",Dhaka,Dinajpur,,Negative,0.3278423998223774,auto_second_pass_kept,True
আচ্ছা!,পাবনা,Dhaka,Pabna,Sarcastic_negative,0.5045983557608236,model_autofill,False
ঠিক,Dhaka,Barguna,,Negative,0.3128186017725519,auto_second_pass_kept,True
"""ঠিকই বলেছে সে,,,""",Chittagong,,,Sarcastic_negative,0.3397287957888215,auto_second_pass_kept,True
পাবলিক টয়লেট কে খাবে?,Dhaka,Barisal,,Positive,0.447936040795906,model_autofill,True
উওম প্রস্তাব,Bogra,Dinajpur,,Sarcastic_negative,0.3023573046457703,auto_second_pass_kept,True
সবই তো খাবেন তাহলে টয়লেট টা বাদ রাখবেন কেনো ওটাও খান,Barisal,,,Sarcastic_negative,0.476510685926971,model_autofill,True
গরীবের খোলা টয়লেট এ জমানো কম্পোস্ট সার গুলো খেয়োনা এগুলো এরা সবজি ক্ষেতে ব্যবহার করবে।ধন্যবাদ।,Chittagong,,,Positive,0.583047512962639,model_autofill,False
কাম খতম,Dhaka,Mymensingh,,Sarcastic_negative,0.4826444543106877,model_autofill,True
এমন ভাবে খেওনা যাতে হজম শক্তির সমস্যা হয়।,Dhaka,,,Sarcastic_negative,0.4709516124480066,model_autofill,True
হাট আর বেশি দূর নয়।,Rajshahi,,,Positive,0.3896790011001083,model_autofill,True
"""তারেক রহমানের বিয়া। আমরা খামুনা, তাইলে কে খাবে""",Dhaka,Comilla,Lakshmipur,Negative,0.7676512804897178,model_autofill,False
সাবাস বেটা।,Khulna,Jashore,Satkhira,Sarcastic_negative,0.4129634635919046,model_autofill,True
হালায় একদম ঠিক কতা কইছে,Dhaka,,,Negative,0.5239124515481522,model_autofill,False
আরে ভাই সমঝোতা করে খাবে তাহলেই তো খাওয়াটা বৈধ হবে,Dhaka,,,Neutral,0.7559966973539135,model_autofill,False
বাহ্ কি সুন্দর বক্তব্য,Rajshahi,,,Sarcastic_negative,0.4095727342545363,model_autofill,True
"""Md Asraful Islam ভাই আপনার বাঘ বুঝি লোয়েন,""",Chittagong,Lakshmipur,,Sarcastic_negative,0.8780182653385199,model_autofill,False
17 বছর ধরে পেট খালি খাওয়া দাওয়া তো করতে হবে। হাট ঘাট সবকিছু চেটেপুটে খাও,Sylhet,,,Neutral,0.5079450860165607,model_autofill,False
হুমমম খাবি এমন খাওয়া খাবি দেখিস বিচি দুইটা যেনো বাদ না যায়,Cumilla,Comilla,,Sarcastic_negative,0.3794995843418396,auto_second_pass_kept,True
হক কথা।,Dinajpur,,,Positive,0.7274299733425779,model_autofill,False
"""ভিডিও দেখেছি এদের কেন এখনো পুলিশ প্রশাসন পাকড়াও করছে না, এটা বাংলাদেশী বাঙালিদের চিন্তার বিষয়""",Dhaka,,,Negative,0.3986903156393173,model_autofill,True
টয়লেট কে খাবে,Barguna,,,Sarcastic_negative,0.4260219475814709,model_autofill,True
ঠিকই বলেছ ।,বরিশাল,,,Positive,0.3976428415861213,model_autofill,True
আইচ্ছা,নরসিংদী,Barisal,Gazipur,Sarcastic_negative,0.4602722465740011,model_autofill,True
লগে গু গোবর সহ সব খা,Dhaka,,,Sarcastic_negative,0.3515094977444525,auto_second_pass_kept,True
"""আমি সহমত পোষণ করছি,,,""",Barisal,,,Negative,0.5645438046503785,model_autofill,False
রাস্তার মাটিও খেতে হবে কিন্তু,নরসিংদী,Dhaka,Mymensingh,Neutral,0.9889267428637952,model_autofill,False
লে হালুয়া,Comilla,,,Negative,0.4386622040192879,model_autofill,True
অবশ্য খাবে দেশটাতো আপনাদের,কুমিল্লা,Cumilla,Comilla,Sarcastic_negative,0.7404790864833989,model_autofill,False
সাব্বাশ,জামালপুর,Dhaka,Jamalpur,Sarcastic_negative,0.4986027337890086,model_autofill,True
খাও,Dhaka,Natore,,Sarcastic_negative,0.4981381582304345,model_autofill,True
Thik,ঢাকা,রাজশাহী,ঠাকুরগাঁও,Sarcastic_negative,0.4578527769100103,model_autofill,True
চমৎকার কথা ৫০%গাদ্দার জনগনের জন্য আপনি চমৎকার কথা বলেছেন।,Rangpur,,,Positive,0.8919271873896479,model_autofill,False
ঘাট খাবে ভালো কথা হাট কাবে কেমনে?,Dhaka,Barisal,Bhola,Positive,0.6328090218548057,model_autofill,False
Nice & Attractive,Chittagong,Noakhali,,Sarcastic_negative,0.3920193186441402,model_autofill,True
Somojotar mode khabe to...ta hole somusa ki...?,Dhaka,,,Sarcastic_negative,0.3847747270512455,auto_second_pass_kept,True
এটা তাদের অধিকার,Khulna,Jashore,Jessore,Negative,0.4565940580387989,model_autofill,True
ঠিক ঠিক আপনার খাবেন না তো কি জনগণ খাবে,বরিশাল,Barishal,Barisal,Sarcastic_negative,0.8368264245783954,model_autofill,False
কথাই যুক্তি আছে,Chittagong,,,Positive,0.5098481681016046,model_autofill,False
আমাদের কুষ্টিয়ার কলঙ্গ,Dhaka,,,Negative,0.7996791996345286,model_autofill,False
কেউ তাকে বাঁধা দিয়েছে!,Dhaka,,,Sarcastic_negative,0.3569271065876366,auto_second_pass_kept,True
টয়লেট যাইবো কে,ঢাকা,ময়মনসিংহ,Dhaka,Sarcastic_negative,0.4175501908324884,model_autofill,True
পিলার খা,Dhaka,Kishoreganj,,Sarcastic_negative,0.3387523746306399,auto_second_pass_kept,True
সমঝোতায় খেয়ে নিও,Dhaka,Rajshahi,,Sarcastic_negative,0.3778740179558607,auto_second_pass_kept,True
"""কি যুগ আইলো বাহে, ঘোষণা দিয়ে চাঁদাবাজি করে.....""",Sirajganj,,,Positive,0.3655690821617405,auto_second_pass_kept,True
"""টয়লেটও খাবেন, নিষেধ করছে কে।""",ভোলা,Barisal,Bhola,Negative,0.5231939317872032,model_autofill,False
খাব খাব খাব খাব খাব খাব খাব খাব খাব খাব সব খাবো,Dhaka,,,Sarcastic_negative,0.3237805365114305,auto_second_pass_kept,True
কালা চশমা,Dhaka,,,Sarcastic_negative,0.4894638619549578,model_autofill,True
আচ্ছা ঠিক আছে,Rangpur,Gaibandha,,Sarcastic_negative,0.3900287362577264,model_autofill,True
হুম। এটা যৌক্তিক। মেনে নিতেই হবে।,Bogra,,,Neutral,0.8641845540410321,model_autofill,False
প্রধানমন্ত্রী ও নীতিবান মন্ত্রীদের একান্ত নিরলস প্রচেষ্টাকে এরা নস্যাৎ করে দিবে।,Dhaka,,,Positive,0.4095782852000144,model_autofill,True
ইনকাম করে খেতে কি গায়ে ব্যাথা লাগে?,Khulna,Kushtia,,Positive,0.4518426195196395,model_autofill,True
"""খেলা হবে,,, খাবে, কঞ্চি সহ বাঁশ""",Barisal,,,Neutral,0.8573436784283901,model_autofill,False
পতনের সুর বাজছে,Rajshahi,Dinajpur,,Sarcastic_negative,0.5253441997965833,model_autofill,False
ঠিক,Dhaka,,,Negative,0.3128186017725519,auto_second_pass_kept,True
প্রবাস থেকে রেমিট্যান্স কমপ্লিট শাট ডাউন দিয়ে আমরা আন্দোলনের অংশগ্রহণ করছিলাম। এখন আমরা কি দেশে এসে বাজার ঘাট দখল করে বউ বাচ্চা পালতে পারমু।,Dhaka,Rajshahi,Gazipur,Negative,0.7936207693814009,model_autofill,False
সাবাশ,Dhaka,Barisal,Gazipur,Sarcastic_negative,0.413492633880515,model_autofill,True
"""টয়লেট গুলো ও খাইস, তাহলে মানুষের আর কষ্ট করে পরিষ্কার করা লাগবে না""",Dhaka,Mymensingh,,Positive,0.5853588883393614,model_autofill,False
ঠিক আছে,গাইবান্ধা,Dhaka,Rangpur,Negative,0.4748884621721628,model_autofill,True
মাদক কে না বলতে হবে। কোন ভাবেই মাদকসেবীদের প্রশ্রয় দেয়া যাবে না। না মানে না। ডিসি মাসুদ আপনি একদম সঠীক পথে আছেন। পুরো দেশ …,Mymensingh,Sherpur,,Neutral,0.6558349834796988,model_autofill,False
কেন খাবেন না দরকার হলো মল-মুত্র খাবেন আপনাদের সকল অধিকার আছে,Dhaka,,,Sarcastic_negative,0.5703173348546549,model_autofill,False
ফুটফুটে সুন্দর,Dhaka,,,Sarcastic_negative,0.4774049956443971,model_autofill,True
সাবাস বেটা,Dhaka,,,Sarcastic_negative,0.4129634635919046,model_autofill,True
বুজিয়ে বলুন স্যার,Dhaka,,,Positive,0.5290338529409336,model_autofill,False
আমি পয়লা ভাবছি ইমরান খান এখন দেখি পাতলা খান,Dhaka,,,Negative,0.3843098183776905,auto_second_pass_kept,True
ওই শেষ,Dhaka,Munshiganj,,Sarcastic_negative,0.566633956414623,model_autofill,False
খেয়ে যান।,যশোর,Khulna,,Sarcastic_negative,0.4070150777441687,model_autofill,True
Ami silam,Dhaka,Kurigram,,Sarcastic_negative,0.4368165232763549,model_autofill,True
সমঝোতার মাধ্যমে সব নিজের করে নিবেন,Rajshahi,Natore,Pabna,Sarcastic_negative,0.335614279455612,auto_second_pass_kept,True
আচ্ছা খান,Dhaka,,,Sarcastic_negative,0.4961481556138749,model_autofill,True
খা আরো খা সময় থাকতে খা খাইয়্যা পেট ফাইট্টা ম‌ইরা যা,Narayanganj,,,Negative,0.4124509474306558,model_autofill,True
"""সমঝোতা করে খাও তোমাদের আব্বুর সম্পত্তি মিলে মিশে খাও,মিলে মিশে খাওয়া ভালো""",যশোর,Joypurhat,Dinajpur,Negative,0.4245201087628608,model_autofill,True
সমঝোতা করে চাঁন্দ্রঁ নিও,Dhaka,Manikganj,,Positive,0.518889643971541,model_autofill,False
হাট-ঘাট খেয়ে কি করবি? পুরা বাংলাটাই খা,Dhaka,,,Positive,0.3971915702987662,model_autofill,True
আইচ্ছা,Dhaka,Rangpur,,Sarcastic_negative,0.4602722465740011,model_autofill,True
ওকে,Dhaka,,,Negative,0.4940660631899659,model_autofill,True
ডিম পাড়ে হাসে খায় বাগডাসে,Chittagong,,,Sarcastic_negative,0.3327251913712847,auto_second_pass_kept,True
বিম্পি মানেই বিনোদন।,Dhaka,,,Sarcastic_negative,0.3302002692042534,auto_second_pass_kept,True
Bangladesh e ki ay khawa khawee bondho kora jay na?,Dhaka,Bogura,Pabna,Sarcastic_negative,0.4071982607124932,model_autofill,True
Kn kaj kore khele ki problem,Dhaka,,,Sarcastic_negative,0.4520155294968173,model_autofill,True
দোয়া এবং আশীর্বাদ রইল ১…,Sirajganj,,,Positive,0.3038031396406346,auto_second_pass_kept,True
আগেই বলেছিলাম এরা মালটা বেশি সুবিধা নয় গরিবের কথা বাসি হলে মিষ্টি হয়।,Dhaka,,,Sarcastic_negative,0.3534695142358574,auto_second_pass_kept,True
এই সালারে জুতা মার।,Dhaka,Narayanganj,,Negative,0.8120763552225279,model_autofill,False
তেরিত্তো,Khulna,,,Sarcastic_negative,0.4177541000019059,model_autofill,True
এইসবের কারণে বিএনপি ধ্বংস হয়ে যাবে। তাই প্রধানমন্ত্রীর জরুরীভাবে হস্তক্ষেপ করা উচিত এসব বিষয়গুলো।,Dhaka,,,Negative,0.5142914917706476,model_autofill,False
জন্মের পর থেকেই রোজা রাখলে যা হয়,Dhaka,,,Negative,0.6004409053082306,model_autofill,False
সহমত,Chittagong,,,Sarcastic_negative,0.4019567720057317,model_autofill,True
KT Towhid Khaw valo kory.,Dhaka,,,Sarcastic_negative,0.4666122280200035,model_autofill,True
খাও হেডা বইরা খাও,কিশোরগঞ্জ,Dhaka,Kishoreganj,Sarcastic_negative,0.4632620318357152,model_autofill,True
কোন আনদোলনে ছিল। বালির গাড়ি সরানোর মতো শক্তি ছিল না।,ঢাকা,Dhaka,,Negative,0.4247812505769567,model_autofill,True
কেন দেশে কি চাল ডাল এর অভাব পড়েছে।,Khulna,,,Sarcastic_negative,0.6478786764582789,model_autofill,False
আরেএএ এটা তো সরকার দলের বিপক্ষে পোস্ট!!!,Dhaka,,,Positive,0.4872168143739946,model_autofill,True
"""জি বস, আপনি যেহেতু বলেছেন ঐটাই ঠিক,,""",Dhaka,Sirajganj,,Sarcastic_negative,0.5367311030560392,model_autofill,False
Khao kew na korbe na,Dhaka,,,Neutral,0.5575130939358022,model_autofill,False
"""প্রথমে ভেবেছিলাম এটা সজিব ওয়াজেদ জয়,পরে লেখা দেখে বুঝতে পারি,সেচ্ছাসেবক নেতা।""",Dhaka,,,Negative,0.4020191104278863,model_autofill,True
রোজা কি বেশি লেগেছে রে ল্যাসপেন্সার।,Dhaka,,,Sarcastic_negative,0.5530203977197398,model_autofill,False
Well- done boy,ময়মনসিংহ,Dhaka,Khulna,Sarcastic_negative,0.3309985530519814,auto_second_pass_kept,True
সমঝোতার মাধ্যমে খাবেন,Barisal,,,Sarcastic_negative,0.5330100528569921,model_autofill,False
"""হ্যা, তাইতো!""",Barisal,,,Negative,0.6465289979516092,model_autofill,False
এখন ঠিক আছে,Dhaka,Kishoreganj,,Positive,0.366041197573301,auto_second_pass_kept,True
বাহ,কিশোরগঞ্জ,Dhaka,Kishoreganj,Sarcastic_negative,0.364670059862047,auto_second_pass_kept,True
আলহামদুলিল্লাহ,Dhaka,Chittagong,Lakshmipur,Positive,0.6938070689355245,model_autofill,False
জন্ম ও কি হাট-ঘাটে,Chittagong,,,Positive,0.5139239100903897,model_autofill,False
কত সুন্দর বক্তব্য এটা কি অযৌক্তিক কথা।,Dhaka,,,Negative,0.3760689968437586,auto_second_pass_kept,True
জাগছে এবার সরকার,রংপুর,লালমনিরহাট,Lalmonirhat,Positive,0.5854550751371448,model_autofill,False
Khan apnarai khan......khan khan khak....kir.... Pola,Chittagong,Lakshmipur,Noakhali,Sarcastic_negative,0.4449891591337582,model_autofill,True
Taholey AJ theika Ami amar molteg gula tader jonno joma korthe thakbo ai gulain tader jonno favourite,Dhaka,Chandpur,,Sarcastic_negative,0.3299389046477317,auto_second_pass_kept,True
"""Great. Feel good to hear. Let destroy the Bangladesh by extortion, bribery and corruption. Joy ...... BNP's joy.""",Dhaka,,,Neutral,0.5208420995862353,model_autofill,False
"""Nazrul Islam, তুর জন্য কোন টা লাগবে,তুই তো আন্দোলনে ছিলি""",Chittagong,,,Negative,0.3332829602305622,auto_second_pass_kept,True
রোজা রমজানের খালি খাওয়াু খাওয়ির গপ্প।,Dhaka,,,Sarcastic_negative,0.5189525045610658,model_autofill,False
কোন আন্দোলন করেছেন আপনারা। যতসব,Thakurgaon,,,Sarcastic_negative,0.7194474906705601,model_autofill,False
"""ল্যাতা ঠিক বলেছেন,১৭বছরের ক্ষুদার জ্বালা সমালোচকরা কি বুঝবে? আকাশ আর এলাকা যত অন্ধকার হোক সানগ্লাস খোলা যাবেনা।""",Dhaka,,,Positive,0.5046484871569753,model_autofill,False
খাও পেট ভর্তি করে খাও,Dhaka,Naogaon,,Positive,0.3408867523203166,auto_second_pass_kept,True
লগে বাংলাদেশের মানচিত্র টাও খাইয়া ফেলেন,ঢাকা,Dhaka,Barisal,Sarcastic_negative,0.4076604782539494,model_autofill,True
lagare laga,Dhaka,Khulna,,Sarcastic_negative,0.4356412549942197,model_autofill,True
বাজার সহ খেয়ে পেলো বাঁচা.....,Dhaka,,,Sarcastic_negative,0.3841161454728282,auto_second_pass_kept,True
চাদা তোলা মৌলিক অধিকার। ইচ্ছে মতো খা।,Khulna,Jessore,,Sarcastic_negative,0.3626408272198375,auto_second_pass_kept,True
সতেরোটা বছর উপবাস করছেন এখন তো খাবেন? আপনাদের অনেক খিদে লাগছে এটা আমরাও বুঝি।,Chittagong,,,Negative,0.3810198812518893,auto_second_pass_kept,True
মাঠ বাদ গেছে দাদা,Dhaka,Khulna,Jessore,Sarcastic_negative,0.5876696968744637,model_autofill,False
কথায় যুক্তি আছে। ন্যায্য অধিকারও বটে।,Khulna,,,Positive,0.3776977401737573,auto_second_pass_kept,True
পিছন দিয়েও খান,Dhaka,,,Negative,0.4581936115247997,model_autofill,True
ক্যান।বাড়িতে কি বউ রান্না করেনা ভাতটাত,Dhaka,Khulna,Jessore,Positive,0.5268631441889234,model_autofill,False
সব ঠিক আছে।,Khulna,Jessore,,Negative,0.3462176089456892,auto_second_pass_kept,True
খা.. সময় কম হাতে। তাড়াতাড়ি যা পারছ খাইয়া ল,Dhaka,,,Negative,0.4741818565206224,model_autofill,True
"""অবশ্যই,,,,,, এ ভাবেই নতুন কর্মসংস্থান এর ব্যবস্থা হবে,,,,,""",Dhaka,Mymensingh,Natore,Neutral,0.6523093335132674,model_autofill,False
"""সব খা, খেতে খেতে বদ হজম হবে।""",রাজশাহী,Rajshahi,Gazipur,Neutral,0.8514295635905242,model_autofill,False
বিলকুল বস,খুলনা,Dhaka,Chittagong,Sarcastic_negative,0.3333618089133313,auto_second_pass_kept,True
হয় লেতা।,Bogura,,,Neutral,0.4036346901724392,model_autofill,True
আপার আমলে পুলিশের বাশি সুনলেই পাহাড় পর্বত চুরমার করে কোন দিয়ে পলাতো ঠিক ছিলো না তাদের এখন কতো গলাবাজি,Dhaka,,,Negative,0.3929897960372304,model_autofill,True
ঠিক আছে লিদার তালিয়ে দান,Dhaka,,,Negative,0.5348727201931566,model_autofill,False
না ঠিক আছে তোমরাই খাও ১৭ বছর না খেয়ে আছো,Chittagong,,,Sarcastic_negative,0.4494710328073952,model_autofill,True
Azizur Rahman আমাগো জন্য কিছু রেখে দিস,Dhaka,Bhola,,Negative,0.3820256764664432,auto_second_pass_kept,True
Ahare koto je khida or,Dhaka,,,Sarcastic_negative,0.3649139042566518,auto_second_pass_kept,True
খাও খাও তোমরাই তো খাবা।,Chittagong,,,Negative,0.4191506327527488,model_autofill,True
ওই অঞ্চলে মানুষ নাই ওরে জুতা মেরে ঐখান থেকে বের করে না কেন,Dhaka,,,Positive,0.3375930447513749,auto_second_pass_kept,True
ঝারু দিয়ে পরিস্কার করে তার পর খাবা।,Dhaka,,,Negative,0.5753227081990412,model_autofill,False
"""ঠিক আছে চাচা,চালাই যান""",Khulna,Jessore,Kushtia,Negative,0.3978911252571642,model_autofill,True
"""এতো ছোট ছোট কিছু খেয়ে কি লাভ সরাসরি দেশের রিজার্ভ এর টাকা গুলো খেয়ে নিলেই তো হয় ঝামেলাই শেষ ,,,বোঝে না বকা কোথাকার""",Natore,,,Sarcastic_negative,0.4912695857175203,model_autofill,True
"""এরা অভুক্ত হয়ে যায়, অনেক বছর খায়নি, এখন ক্ষুদায় মাঠ ঘাট সবই খাবে।""",Dhaka,,,Sarcastic_negative,0.4277266042975665,model_autofill,True
তাহলে আন্দোলনের দরকার কি ছিল???? তারাও তো খাচ্ছিলই।,Dhaka,Mymensingh,Narayanganj,Negative,0.3542761062079877,auto_second_pass_kept,True
আবর্জনা টা আগে যেনো ফুরায়,রাজবাড়ী,Dhaka,,Positive,0.5364398311624997,model_autofill,False
"""যত মন চাই, খাও কেউ কিছু বলবে না""",Dhaka,Jhenaidah,,Sarcastic_negative,0.4723231614543949,model_autofill,True
সময় ঘনিয়ে আসছে,Dhaka,,,Negative,0.3973834859323826,model_autofill,True
এটা ভালো ছিল,Lalmonirhat,,,Positive,0.3805419696964398,auto_second_pass_kept,True
Jehetu Sunglass poira koisey tarmaney thik e koisey.....,Mymensingh,Sherpur,,Sarcastic_negative,0.3938047657719031,model_autofill,True
খিদার চোটেতো আপনেগো পেট আর পিটতো এক হয়ে গেছে,Dhaka,,,Sarcastic_negative,0.5993238166681647,model_autofill,False
"""১৭ বছর রোজা রেখেছে, আর এখন তো ইফতার শুরু করছে।আপনারা কিছু মনে করেন না।এদের জন্য জায়েজ আছে""",Khulna,Jessore,,Sarcastic_negative,0.5898578144139346,model_autofill,False
"""আমার জন্য কিছু রাখিয়েন,,,""",Barisal,,,Negative,0.4683513610850232,model_autofill,True
সহমত ভাই সহমত,গাজীপুর,Dhaka,Gazipur,Sarcastic_negative,0.297016150036813,auto_second_pass_kept,True
সব খান দোয়া করি।,Dhaka,Feni,,Positive,0.4377413655400127,model_autofill,True
"""খাও ভাই, বেশি বেশি খাও""",Rangpur,Dinajpur,,Sarcastic_negative,0.4117155636202919,model_autofill,True
"""রমজান মাস টা যাক, তার পরে না হয় খাওয়া শুরু কইরো।""",রংপুর,Chittagong,Rangpur,Negative,0.4930167205118696,model_autofill,True
এর সর্বপ্রথম আইনের আওতায় আনা হোক।,Dhaka,Khulna,Gazipur,Negative,0.4222913461924528,model_autofill,True
সামনে আরও অনেক কিছু আছে।,Dhaka,Gazipur,Naogaon,Sarcastic_negative,0.5252766972663336,model_autofill,False
বাহ চমৎকার হাট ঘাট ইজারা আমরা খাবো,Chittagong,,,Negative,0.6062420185690865,model_autofill,False
ধন্যবাশ,Dhaka,Khulna,,Positive,0.6454404356919827,model_autofill,False
আমি তো পাসা ভাই বুঝেছিলাম,Dhaka,,,Negative,0.6764309622249662,model_autofill,False
কথায় কোন ভেজাল নাই।।।,Dhaka,,,Positive,0.7120499446727988,model_autofill,False
হাট ঘাট খাইয়া ফেললে হাট বসাইবে কোথায়,Dhaka,Mymensingh,,Negative,0.4346620799514266,model_autofill,True
আলহামদুলিল্লাহ,Dhaka,,,Positive,0.6938070689355245,model_autofill,False
এরে দেখতে মারজুক রাসেল অরফে বেচেলর পয়েন্টের ফাসার মত লাগতেছে।।,Feni,,,Sarcastic_negative,0.4429707827638387,model_autofill,True
সাথে টয়লেটও খা,Dhaka,,,Sarcastic_negative,0.4690074769530528,model_autofill,True
পেন্ট খুলে রাখিস কষ্ট করে খাবি কেন আমরা খাইয়ে দিব করনচোদ,Dhaka,Barisal,Gazipur,Negative,0.4797700995027558,model_autofill,True
হাহাকার হাহাকার পেটে,Dhaka,Mymensingh,,Negative,0.4247746172171802,model_autofill,True
Raihanur Rahman Jewel বন্ধু খাবি নাকি...?,পাবনা,Dhaka,Rangpur,Sarcastic_negative,0.7959544391505753,model_autofill,False
শুধু হাটঘাট খেলেই চলবে মাঠও খেতে হবে প্রয়োজনে ইট বালু খোয়া সিমেন্ট মিশিয়ে খেতে হবে,Dhaka,,,Neutral,0.8402138542981061,model_autofill,False
বাজার ঘাটের ইট ও খান,Barisal,Bhola,,Negative,0.3295900442620888,auto_second_pass_kept,True
Miraj Hossain Hannan Badsha তোমরা তো আন্দোলনে ছিলা এখন কি সিদ্ধান্ত নিবা??,ঢাকা,ফরিদপুর,Barisal,Negative,0.321628165465629,auto_second_pass_kept,True
তাহলে আমাদের গ্রামের ভন্জন হবে প্রধানমন্ত্রী,Khulna,Satkhira,,Neutral,0.4981077377397965,model_autofill,True
খেলা হবে আওয়ামীলীগের বি টিম,ভোলা,Khulna,,Neutral,0.8677250797606244,model_autofill,False
বেশি খেও না ভাই পেট খারাপ করতে পারে সাথে ওরস্যালাইন রাইখো,Dhaka,Mymensingh,Sherpur,Sarcastic_negative,0.5204598209911274,model_autofill,False
সংসার চালাতে হবে ত,Satkhira,,,Neutral,0.9933529113513012,model_autofill,False
অবশ্যই আপনাদের খাওয়ার অধিকার আছে ব্রিজের রড খুলে ও খেতে পারবেন।,ময়মনসিংহ,Comilla,,Sarcastic_negative,0.5751157480123487,model_autofill,False
সুন্দর বন্টন,ঢাকা,Dhaka,Mymensingh,Sarcastic_negative,0.6801013986985568,model_autofill,False
বাশ,Dhaka,,,Sarcastic_negative,0.3634372179758903,auto_second_pass_kept,True
ঠিক বলেছেন,কিশোরগঞ্জ,চাঁদপুর,Dhaka,Positive,0.6588824296459878,model_autofill,False
ঢাকা - সিলেট মহাসড়কে ইচ্ছাকৃত যানজট লাগিয়ে সরকারের ভাবমূর্তি ক্ষুণ্ন করার চেষ্টা করছে অনেকে। এ বিষয়ে সতর্ক থাকতে প্রশাসনের প্র…,Dhaka,,,Negative,0.56413827766736,model_autofill,False
মাশাআল্লাহ,Chittagong,,,Negative,0.6768526679201253,model_autofill,False
কত বড় লেতা রাইতে পড়ে সানগ্লাস।,Chittagong,,,Negative,0.6539539387402818,model_autofill,False
ওয়াও নাইস,Dhaka,Mymensingh,,Sarcastic_negative,0.419306586714038,model_autofill,True
Azad Hossain ব্যবস্থা নিতে হবে,Dhaka,Chandpur,,Neutral,0.8282654512564877,model_autofill,False
আমার ভাগ টা রাইখেন,বরিশাল,Barishal,Barisal,Negative,0.5790370220140173,model_autofill,False
সমঝোতা করে খান সমস্যা নাই,Comilla,,,Positive,0.6168696116232583,model_autofill,False
হয় হয়,ঢাকা,Dhaka,,Neutral,0.427100220033804,model_autofill,True
খাও বেশি করে।,Joypurhat,,,Positive,0.621032724918756,model_autofill,False
আম্রা ঈদের বাজারটা করিলাই হাট ঘাট নিবায় গিয়া,সিলেট,Sylhet,,Negative,0.584781644148012,model_autofill,False
বেশি খাইস না বমি হয়ে যাবে,Dhaka,,,Sarcastic_negative,0.3723631440645634,auto_second_pass_kept,True
অয়েট এন সি,Barisal,,,Sarcastic_negative,0.3728426457096461,auto_second_pass_kept,True
সমঝোতার মাধ্যমে খা ভাই,Dhaka,Jhenaidah,,Sarcastic_negative,0.4139119179943833,model_autofill,True
Biplob Ahmed Bappi ne kha,Dhaka,Shariatpur,,Sarcastic_negative,0.3967133909299017,model_autofill,True
সাবাস বেটা।,Dhaka,,,Sarcastic_negative,0.4129634635919046,model_autofill,True
এখানে অনেকের কমেন্ট পড়লাম আচ্ছা কেউ কি বলবেন আপনার এলাকায় এমন কয়টা বাজার আছে যা সরকারি ডাক হয় না? এবং ফেরি অথবা খেয়া ঘাট? যদি…,Dhaka,,,Negative,0.4089761120602813,model_autofill,True
Thik,Feni,,,Sarcastic_negative,0.4578527769100103,model_autofill,True
হুম খান পোনমারা খাওয়ার জন্য ও প্রস্তুতি নেন,চট্টগ্রাম,Chittagong,Noakhali,Sarcastic_negative,0.3697156470986543,auto_second_pass_kept,True
না করছে কে হাট গাট খাও,Dhaka,Chittagong,,Negative,0.6233295635507625,model_autofill,False
এ কেয়া হে ছানা,Mymensingh,,,Sarcastic_negative,0.38878498900801,model_autofill,True
প্রচুর খিদে,Khulna,Faridpur,Magura,Sarcastic_negative,0.4068986227921617,model_autofill,True
প্রচুর লুটেপুটে খেতে হবে।,Dhaka,Rangpur,,Neutral,0.8912211840219522,model_autofill,False
17 years khay ai era.,Dhaka,,,Sarcastic_negative,0.4174944873636141,model_autofill,True
হাট ঘাট খায় কিভাবে?,Barisal,,,Sarcastic_negative,0.4412363412887844,model_autofill,True
খাও বাবা খাও,Dhaka,,,Sarcastic_negative,0.4974005780930849,model_autofill,True
খালি খাবে,Mymensingh,Sherpur,,Sarcastic_negative,0.399965169865405,model_autofill,True
সংসদে হাজে যুক্ত হয়েছে আজও যুক্ত হয়েছে,Dhaka,,,Negative,0.3928360058614408,model_autofill,True
আপাই বেস্ট ছিলো ওদের জন্যই।,নরসিংদী,Dhaka,Rangpur,Negative,0.3685567488976544,auto_second_pass_kept,True
গুগা,খুলনা,Khulna,,Sarcastic_negative,0.4062743112631308,model_autofill,True
চেটেপুটে খাও ভাইয়া। তোমাদের অধিকার তমাক আদাই করতে হবেঁ,Rajshahi,,,Neutral,0.5805946774551207,model_autofill,False
"""খা ভাই,মানুষ না মারলে হবে।""",Barisal,Bhola,,Neutral,0.9477231850773706,model_autofill,False
প্রয়োজনে রাস্তার গাছ কেটে খাব তো অন্য কাউকে ভাগ দিবোনা,রংপুর,Dhaka,Barisal,Sarcastic_negative,0.5220033976691092,model_autofill,False
সেই ভালো করে খা,Dhaka,Narsingdi,,Positive,0.7493544202541108,model_autofill,False
"""সমস্যা নেই দলকানা চাঁদাবাজ, সমঝোতা করে খা।""",Barisal,Bhola,,Positive,0.4862673912470778,model_autofill,True
"""প্রয়োজন এ রাস্তার ইট, লাইট খাবে।""",Dhaka,Jamalpur,,Positive,0.3723578144943333,auto_second_pass_kept,True
"""খাও,, খাও,,""",Dhaka,,,Sarcastic_negative,0.4841273829483167,model_autofill,True
"""শেষ, কাজ করে খান""",Dinajpur,Thakurgaon,,Positive,0.6274093391184877,model_autofill,False
খাও আবার গলায় বাজাইও না,Dhaka,Gazipur,,Negative,0.4507918207388692,model_autofill,True
রোজার মাস ইফতারে টাকা তো লাগবে,Barisal,Bhola,,Negative,0.3467035653775631,auto_second_pass_kept,True
"""ন্যায়সঙ্গত দাবি, এটা আপনাদের অধিকার""",Dhaka,Gazipur,Tangail,Sarcastic_negative,0.5017625237827419,model_autofill,False
সহমত,Chittagong,,,Sarcastic_negative,0.4019567720057317,model_autofill,True
কাও ভাই,Dhaka,,,Neutral,0.3346285258735831,auto_second_pass_kept,True
"""তাকে গরম ডিম দে,জয়গামত""",Dhaka,,,Positive,0.4835401185683102,model_autofill,True
ভাইগনা দে রে ভাইগনা দে,Dhaka,,,Sarcastic_negative,0.3276328370165772,auto_second_pass_kept,True
খাও সোনা খাও,Chittagong,Chandpur,,Sarcastic_negative,0.4560223305411937,model_autofill,True
ধন্যবাদ নেতাকে,Dhaka,Kushtia,,Positive,0.7764656935188013,model_autofill,False
আশীর্বাদ রইল খাও খাও পুরা বাংলাদেশ খাও খাও,Dhaka,Manikganj,,Sarcastic_negative,0.3231837357353805,auto_second_pass_kept,True
আপাতত আমাদেরকে চাদাবাজি করতে দাও কোন ডিস্টার্ব কইরোনা।,Lalmonirhat,,,Negative,0.5575326423525128,model_autofill,False
সমঝোতার ভিত্তিতে খাইলে দোষের কিছু না।,Dhaka,Manikganj,,Negative,0.451331272075743,model_autofill,True
কিন্তু এখন আন্দোলন বিরোধীরা পুরোদস্তুর হাটে ঘাটে খাটে সবখানে খাইয়া কাঁপাইয়া বেড়াইতাছে,Dhaka,,,Negative,0.4211960295633045,model_autofill,True
গুড,Dhaka,,,Sarcastic_negative,0.4014811403740618,model_autofill,True
খাম্বা কে খাবে?,Dhaka,,,Sarcastic_negative,0.5084650725194796,model_autofill,False
সমঝোতা ভিত্তিতে খাবে,Dhaka,,,Sarcastic_negative,0.4064962329302739,model_autofill,True
MD Opu সুন্দর সিদ্ধান্ত,Dhaka,Chittagong,Feni,Sarcastic_negative,0.5280182064787398,model_autofill,False
খেটে খাও চেটে নয়,Dhaka,Gazipur,,Sarcastic_negative,0.3835416667896771,auto_second_pass_kept,True
শেষ। আপনারেই খাইয়া দিছে,Bogura,Bogra,,Sarcastic_negative,0.8018136529994846,model_autofill,False
"""শুধু হাট-ঘাট কেন,,,আর কিছু খাবে নাহ?আরো তো অনেক কিছু আছে খাওয়ার মতো!""",ঢাকা,Dhaka,Khulna,Positive,0.4752798666591452,model_autofill,True
সুবহানাল্লাহ,Dhaka,,,Positive,0.3512646448753592,auto_second_pass_kept,True
পুরো দেশটা যে চায় নাই কপাল ভাল আমাদের,Dhaka,,,Negative,0.7244581787973108,model_autofill,False
এজন্যই বিপ্লব হয়েছিলো! রক্তক্ষয়ী যুদ্ধে প্রান দিতে হয়েছে হাজারে হাজার,Dhaka,,,Negative,0.6662324244313285,model_autofill,False
Assa ai plan cilo re vai amra to ciam na re vai amra ki khamo te,Dinajpur,,,Neutral,0.4372661920657695,model_autofill,True
আহ ভাতিজা আহো তোমাকে খাওয়ানোর অপেক্ষায় আছি আমরা,ঢাকা,Sirajganj,,Negative,0.6084824946033595,model_autofill,False
"""আরো খা বেশি করে খা,, পালাবিনা কিন্তু""",Dhaka,Gazipur,,Positive,0.8103015185514278,model_autofill,False
ভোট দেবো মা কিসে? ধানের শীষে...!,Dhaka,Rangpur,,Sarcastic_negative,0.670502465365418,model_autofill,False
"""যারা সামনে ছিল তারাই যদি সব চাটে,,,, পিছনে যারা ছিল তারা কি চাটবে""",Dhaka,Rangpur,Gaibandha,Sarcastic_negative,0.3645778948745564,auto_second_pass_kept,True
পৃথিবী একটা নাট্যমঞ্চ বাংলাদেশ তার সদরদপ্তর,Dhaka,Rajshahi,,Positive,0.399738054884898,model_autofill,True
কত বছর ওরা কিছু খায় নি,Dhaka,Gazipur,,Sarcastic_negative,0.4542016866999324,model_autofill,True
Tora khao ki,Barisal,,,Sarcastic_negative,0.5285776062031486,model_autofill,False
অবশ্যই সমঝোতা করে খেয়ে নিয়েন।কিন্তু জোর করে মেরে না।,Barishal,Bogura,Bagerhat,Sarcastic_negative,0.3441218330872789,auto_second_pass_kept,True
কিন্তু ওরা কোন আন্দোলন যেন করেছিল??? ভাষা আন্দোলন???,রাজশাহী,,,Sarcastic_negative,0.3903432477517597,model_autofill,True
Hat ghat ar sathe sathe desher manus gulo kheye manus o komiye diñ...,Dhaka,Manikganj,,Sarcastic_negative,0.4686601997306291,model_autofill,True
মামার বাড়ির আবদার।,Dhaka,,,Negative,0.4067844633779746,model_autofill,True
এই হলুদ মিডিয়া গুলো বন্ধ করতে হবে।। দেশে আর কোনো খবর নেই নাকি।।,Barisal,,,Neutral,0.5007080055590721,model_autofill,False
জী অবশ্যই!,Dhaka,Gazipur,Kishoreganj,Sarcastic_negative,0.5122682176305419,model_autofill,False
এরকম নেতা থাকলে দলকে ডোবাতে বেশি সময় লাগবে না,Dhaka,Gazipur,,Negative,0.354421155085255,auto_second_pass_kept,True
সমঝোতা করে খাবে নাকি সমঝোতা ছাড়াই?,Lalmonirhat,,,Positive,0.5682398740056486,model_autofill,False
জুলাই খুব নিকটে,বগুড়া,Bogura,,Negative,0.4456032969744209,model_autofill,True
দেখেন যা ভালো মনে করেন!,Dhaka,Khulna,Bogra,Positive,0.3932280058447867,model_autofill,True
আমরাও চাই সমঝোতার ভিত্তিতে হাটঘাট দখলে নেওয়া হোক,Barishal,Barisal,,Negative,0.5294999283678945,model_autofill,False
তাহলে ভাই বাজারের পাবলিক টয়লেট গুলো যেন বাদ না যায।সেগুলো কিন্তু খেতে হবে ভাই,Dhaka,,,Neutral,0.7918429464682244,model_autofill,False
এদের জন্য আপাই ঠিক ছিলো সকাল বিকাল ২ টাইম. দৌড়ের উপরে রাখতো,Dhaka,Munshiganj,,Sarcastic_negative,0.4840254786657065,model_autofill,True
খা ভাই তোরাই খা দরকার হলে .. . ‌,Rajshahi,,,Negative,0.3248679494656516,auto_second_pass_kept,True
ঠিক বলছো মামা,Dhaka,Mymensingh,,Negative,0.3870965801276544,auto_second_pass_kept,True
খা ভাই খাই তোরা ছাড়া কারা খাবে,Khulna,Jessore,,Sarcastic_negative,0.3951268089248519,model_autofill,True
নक दिও आमिও তোमाকে भाলোপাसि!,Tangail,,,Sarcastic_negative,0.3856198106070245,auto_second_pass_kept,True
চাদার নেশা বড় নেশা রে।,Dhaka,,,Sarcastic_negative,0.4287574105448964,model_autofill,True
আন্দোলনের মাস্টারমাইন্ড না তোদের ডেস ন্যেতা?,Chattogram,Khulna,Barisal,Sarcastic_negative,0.376298165220263,auto_second_pass_kept,True
তারমানি বিএনপি আন্দোলনে ছিল না,সিলেট,Sylhet,,Negative,0.8394941383334448,model_autofill,False
কিরে তাইলে তুইও কি খাবি ফকির মিটুল,Khulna,Kushtia,,Negative,0.500160375684358,model_autofill,False
বাহ!,Dhaka,Kushtia,,Sarcastic_negative,0.3920228664030197,model_autofill,True
সমোযোতা,Dhaka,Chuadanga,,Sarcastic_negative,0.4703111082447425,model_autofill,True
Kulaggar bnp er 12 bajaba ok police a daoya hok,রাজশাহী,নাটোর,Rajshahi,Sarcastic_negative,0.3718329977457949,auto_second_pass_kept,True
"""সেটাই,""",Dhaka,Comilla,,Sarcastic_negative,0.4540946686682417,model_autofill,True
"""এগুলো সমঝোতা ভিত্তিতে হয়েছে, সমস্যা নেই""",Barisal,,,Sarcastic_negative,0.2957998737719153,auto_second_pass_kept,True
Sohomot Neta,নোয়াখালী,Noakhali,,Sarcastic_negative,0.4362631620208106,model_autofill,True
খাওন আর খাওন,Khulna,Kushtia,Satkhira,Sarcastic_negative,0.4160140008980113,model_autofill,True
সব খাওয়া বেশি করে খাও ছায়া বেঁচে ফেলে দাও,Dhaka,Chuadanga,,Positive,0.3028719393949666,auto_second_pass_kept,True
এখন আবার বহিষ্কার নাটক চলবে।,Dhaka,,,Sarcastic_negative,0.3513879757267957,auto_second_pass_kept,True
যা হুকুম জাহাঁপনা,Dhaka,Sirajganj,,Sarcastic_negative,0.4823589456353289,model_autofill,True
ওর কপাল পুড়ছে!!,পাবনা,Dhaka,Pabna,Sarcastic_negative,0.4740741981648181,model_autofill,True
এখন থেকে চাঁদাবাজি বন্ধ সমঝোতা শুরু,Rajshahi,,,Sarcastic_negative,0.4407923700233216,model_autofill,True
"""খাও! আবার দেখো খেতে গিয়ে যেনো মুখটা না পুরে যায়,""",Dhaka,,,Negative,0.5318240346251141,model_autofill,False
কি খাওয়ার কথা বলেছেন,Rajshahi,Bogra,,Positive,0.7480865725090623,model_autofill,False
১৬ ‌বছরে ‌অনেক ত্যাগী নেতা দেখলাম। হারিকেন লাগিয়েও খুঁজে পাওয়া যাচ্ছিল না।,Dhaka,Rajshahi,,Negative,0.4143319090351306,model_autofill,True
হ খা তোরা খা -দরকার হয়লে রাস্তার ইট বালু সিমেন্ট খুলে খা,Dhaka,Gopalganj,,Negative,0.375254343687833,auto_second_pass_kept,True
রাইট,Dhaka,,,Positive,0.3912271647399516,model_autofill,True
হাট ঘাট কোন খাওয়ার জিনিস না রে পাগলা ।,Dhaka,,,Sarcastic_negative,0.5294466817681166,model_autofill,False
আমারেও সাথে রাইখেন আমিও ছিলাম আন্দোলনে।,সিরাজগঞ্জ,Dhaka,Sirajganj,Negative,0.6383944756868929,model_autofill,False
"""হ রে ভাই খা, কম খাইস না বেশি করেই খাইস""",Rangpur,,,Negative,0.3363663224917967,auto_second_pass_kept,True
খাইতে খাইতে তোরা দলের ১২ টা বাজিয়ে দিলি।,Dhaka,,,Negative,0.7974646765377319,model_autofill,False
হাট মাঠ ঘাট রাস্তা খাল বিল সব খাও।,Dhaka,Faridpur,,Sarcastic_negative,0.2990017139058504,auto_second_pass_kept,True
আর আমি,Khulna,Bagerhat,,Positive,0.5438921215882548,model_autofill,False
সাথে গু ও খাঁ,Dhaka,Barisal,Bhola,Sarcastic_negative,0.4593811330229931,model_autofill,True
খাইতে আসিস ভারে দিবো নি খাওয়া,Dhaka,,,Negative,0.523569520723302,model_autofill,False
আচ্ছা খাইয়েন,Dhaka,Narayanganj,,Sarcastic_negative,0.6068637893923128,model_autofill,False
ঠিক বলছেন,Comilla,,,Positive,0.3336788491378427,auto_second_pass_kept,True
"""খাইতে,খাইতে আবার বমি করে দিতে হবে।""",Chittagong,,,Neutral,0.4501497747272399,model_autofill,True
যেটা ভালো মনে করো ।,Chandpur,,,Positive,0.4244593287199224,model_autofill,True
Masallah,বগুড়া,Bogura,,Positive,0.3713914341078177,auto_second_pass_kept,True
এই খুশিতে আমার বন্ধুরা বলছে একটা ইফতার পার্টি দিতে কিন্তু আমি ব্যস্ত থাকার কারণে ওদের সবাইকে বলে দিছি ইফতার পার্টিতে ঈদের পরে দিব ফ্রি হয়ে ।,Dhaka,,,Negative,0.7942313646602094,model_autofill,False
পুরা দেশটাই খাবেন,Chittagong,Comilla,,Sarcastic_negative,0.4752096798242112,model_autofill,True
সঠিক চালিয়ে যান,Netrokona,,,Neutral,0.466744031657721,model_autofill,True
ধন্যবাদ নেতা,Dhaka,Mymensingh,Sherpur,Positive,0.8272568957693731,model_autofill,False
"""আবশ্যই খাবেন,,,,, তবে লিমিট,,ফুড পয়োজন যেন৷ না হয়""",Rangpur,Kushtia,,Sarcastic_negative,0.3101493979064768,auto_second_pass_kept,True
আলহামদুলিল্লাহ,Chittagong,,,Positive,0.6938070689355245,model_autofill,False
"""চাঁদাবাজ বিষয়ক একটি মন্ত্রণালয় করলে ভালো হয়। এখানে মন্ত্রী, প্রতিমন্ত্রী সহ পূর্ণাঙ্গ মন্ত্রণালয় গঠন করলে জাতি উপকৃত হবে। এ…""",Patuakhali,,,Neutral,0.3247721898560652,auto_second_pass_kept,True
"""মারহাবা, ফজিলত পূর্ণ আলোচনা""",Sylhet,Sunamganj,,Sarcastic_negative,0.3154353807207817,auto_second_pass_kept,True
আচ্ছা,Chapainawabganj,,,Sarcastic_negative,0.5215845012112403,model_autofill,False
এর জন্যই তো সমঝোতার নামক নতুন কারিকুলাম চালু হয়েছে,Dhaka,,,Negative,0.400718981666665,model_autofill,True
অবশ্যই সমঝোতার ভিত্তিতে খাইতে হবে,কুমিল্লা,Dhaka,Chittagong,Neutral,0.6764662539783439,model_autofill,False
হাট -ঘাট - মাঠ - নদী নালা'' সব খেয়ে ফেলো।,Barisal,,,Sarcastic_negative,0.3133533593615689,auto_second_pass_kept,True
"""খাবি খা, খালি""",Dhaka,Tangail,,Sarcastic_negative,0.4376094840884951,model_autofill,True
বাজারের পাবলিক টয়লেট টা কে খাবে?,বরিশাল,Barisal,,Positive,0.4511067942665552,model_autofill,True
Accha,খুলনা,Khulna,,Sarcastic_negative,0.4563752254576998,model_autofill,True
চাদা খোররাই তো চাদা খাবে,Dhaka,,,Sarcastic_negative,0.4498969036197242,model_autofill,True
বিএনপি আন্দোলনে ছিল না,Dhaka,Barisal,,Negative,0.8955478979434116,model_autofill,False
এটাই হলো তার সমঝোতা,Dhaka,,,Negative,0.4727351717869722,model_autofill,True
আমার একটা গরু আছে প্রতি এক ঝুড়ি করে গোবর হয়। ফেলতে খুব কষ্ট হয়।…,ঝিনাইদহ,Khulna,Bogura,Negative,0.5090863077671611,model_autofill,False
এটা তাদের গনতান্ত্রিক অধিকার,Comilla,,,Negative,0.4740426288866253,model_autofill,True
"""ঠিক কিনা বলেন, ভাইয়ের ইনসাফ আছে।""",Chittagong,Comilla,,Positive,0.496554237515181,model_autofill,True
ভোট দিবে কিসে ধানের শীষে,সিরাজগঞ্জ,Sirajganj,,Sarcastic_negative,0.8056526614539347,model_autofill,False
কথায় যুক্তি আছে।,Rajshahi,Chandpur,,Positive,0.5140668708429393,model_autofill,False
সমঝোতা করে খায়েন,Dhaka,Barisal,,Positive,0.7175750556487777,model_autofill,False
"""আরো দাও ভোট, টিকি আছে চালিয়ে যান বিনপি ভায়েরা""",কিশোরগঞ্জ,Dhaka,Kishoreganj,Negative,0.346991679569645,auto_second_pass_kept,True
Koy ki,Dhaka,Tangail,,Sarcastic_negative,0.4632820191921399,model_autofill,True
Desh tar upor khub drutto Allaher gojob najil hoibo,Dhaka,,,Sarcastic_negative,0.3103159779407363,auto_second_pass_kept,True
উনি ঠিকই বলছে,চাঁদপুর,Dhaka,Chandpur,Negative,0.3788842664746017,auto_second_pass_kept,True
পাচায় গরম ডিম ও খাবে,Chittagong,,,Sarcastic_negative,0.3585764231179037,auto_second_pass_kept,True
প্রয়োজনে গু ও খাবে...তাই না?,Dhaka,Pabna,,Sarcastic_negative,0.450782788619879,model_autofill,True
আফসোস,Comilla,,,Sarcastic_negative,0.3939472290306817,model_autofill,True
Marhaba,চট্টগ্রাম,Dhaka,Chattogram,Sarcastic_negative,0.4565757184096939,model_autofill,True
"""যা খুশি খান, কোনো কিছুই অবশিষ্ট রাখবেন না, শুধু ওয়ালী ছোয়ালী কইরেন না,, দুর্গন্ধ বের হবে""",Sirajganj,,,Neutral,0.6240078007741627,model_autofill,False
"""যারা আন্দোলনে ছিল না, তাদের এই দেশে থাকারই অধিকার নাই""",Dhaka,,,Negative,0.591269283130855,model_autofill,False
মির্জা ফখরুল ইসলাম সাহেব এর কথা অনুযায়ীত তোমরা আন্দোলনে ছিলেনা বাবু।,Comilla,,,Negative,0.3444709705196264,auto_second_pass_kept,True
Thik Bolche,Dhaka,,,Sarcastic_negative,0.4148239279814069,model_autofill,True
"""অবশ্যই খাবেন, মাঠ আপনাদের প্লেয়ার আপনাদের রেফারি আপনাদের জনগন আপনাদের,,,,,, …""",Dhaka,Barisal,,Sarcastic_negative,0.7994603839703203,model_autofill,False
চালিয়ে যাও ভাতিজা।।।।,Dhaka,Narail,,Negative,0.3539359035494958,auto_second_pass_kept,True
Safi Abdullah Rafsan tumi jaiyo na,Sylhet,,,Neutral,0.3786160575955543,auto_second_pass_kept,True
হাট-ঘাট কি ওর বাপের পৈতৃক ভিটা-মাটি না-কি???,Dhaka,,,Sarcastic_negative,0.3705493754931934,auto_second_pass_kept,True
খেলা যে চলছে কোন লেভেলে,Dhaka,Khulna,Satkhira,Sarcastic_negative,0.5998471033499589,model_autofill,False
আস্তাগফিরুল্লাহ,Dinajpur,,,Negative,0.3721038937780634,auto_second_pass_kept,True
রাইট,Bagerhat,,,Positive,0.3912271647399516,model_autofill,True
খাও ،،،মিলে মিসে,Khulna,,,Sarcastic_negative,0.4365627186245415,model_autofill,True
17 বছর রোজার পরে ঈদের মৌসুম আসছে,Dhaka,,,Negative,0.4435039746437053,model_autofill,True
সাধারণ বিষয়। আপনারা না খেলে কে খাবে দরকার হলে চাদারপাশাপাশি দুই একটা মানুষ কেউ খান সব তো আপনাদেরই,Dhaka,,,Sarcastic_negative,0.6199317656147527,model_autofill,False
"""সমঝোতা করে খা, মাঠ,ঘাট,বাজার, সব খা""",Dhaka,Barishal,,Positive,0.5794399297053232,model_autofill,False
অকে খাও,Chittagong,Noakhali,,Sarcastic_negative,0.4766716426247232,model_autofill,True
Valo,Bogura,,,Sarcastic_negative,0.4409217387295526,model_autofill,True
তাহলে পাবলিক টয়লেটও তারাই যেন খায়!,Dhaka,Faridpur,,Sarcastic_negative,0.3729611426004831,auto_second_pass_kept,True
ইফতারের পরে খাইয়েন,Dhaka,Pabna,,Negative,0.5935043405400731,model_autofill,False
টয়লেট সহ খেতে হবে কোন কিছু বাদ দেওয়া জবে না,Chittagong,,,Neutral,0.7787529548496008,model_autofill,False
খাও খাও,কুড়িগ্রাম,Dhaka,Rangpur,Sarcastic_negative,0.4981381582304345,model_autofill,True
খাও জনমের খাওয়া,Dhaka,,,Sarcastic_negative,0.4658621793634473,model_autofill,True
সমঝোতার ভিত্তিতে খেয়েন,Bagerhat,,,Sarcastic_negative,0.4396520682783667,model_autofill,True
পিও নেতা,Dhaka,,,Positive,0.4001147956695758,model_autofill,True
আইচ্ছা,Chittagong,,,Sarcastic_negative,0.4602722465740011,model_autofill,True
পাব্লিক টয়লেট টাও আপনি খাবেন আশা করি,ভোলা,,,Sarcastic_negative,0.5151766953598064,model_autofill,False
একি ভাবে সরকারকে ও খাবে ।,Chittagong,Khulna,,Negative,0.5251472735104837,model_autofill,False
R public toilet kara khabe?,Jhalokati,,,Sarcastic_negative,0.4767416103042577,model_autofill,True
মারহাপা,Dhaka,,,Neutral,0.3215923581192349,auto_second_pass_kept,True
এর দায় দল নেবেন। পাবলিক কে নিতে হবে।,Chittagong,Noakhali,,Neutral,0.6737084534843383,model_autofill,False
মাশাআল্লাহ,Jamalpur,,,Negative,0.6768526679201253,model_autofill,False
Tarek Rahman Ke Very Soon to Fly to London.,ঠাকুরগাঁও,Chittagong,Comilla,Neutral,0.4051837329623365,model_autofill,True
হাগুখাও,Khulna,Kushtia,,Sarcastic_negative,0.3752485942855029,auto_second_pass_kept,True
আচ্ছা হাট-ঘাট খাইলে কি রোজা ভাঙ্গে? হেফাজতের আমীর কি বলে?,Chittagong,Comilla,,Negative,0.4471370263357585,model_autofill,True
ওকে,Dhaka,Bogura,,Negative,0.4940660631899659,model_autofill,True
"""খান খান, গিলে খেয়ে ফেলুন""",Dhaka,Barisal,,Sarcastic_negative,0.409386668016634,model_autofill,True
আর কি কি খাবেন বলেন। আমরা কিনে দিয়ে আসি। আমরা তো মারা ছাড়া সাধারণ জনগণ কিছুই খেতে পারিনা।,Barisal,,,Negative,0.4567536539602667,model_autofill,True
অবশ্যই খাবেন,কিশোরগঞ্জ,Dhaka,Kishoreganj,Sarcastic_negative,0.5594938666400586,model_autofill,False
ওয়াও,Dhaka,Chittagong,Noakhali,Sarcastic_negative,0.4491007759983041,model_autofill,True
ঠিক্কক্কক্কক্কক্কক্কক্কক্কক্কক্কক্কক্কজক্কক্কক,Khulna,Magura,,Sarcastic_negative,0.4058223594483319,model_autofill,True
বেশি ক্ষিধে পেলে খাম্বাও গিলে ফেইলেন।,Mymensingh,Gazipur,,Negative,0.5089838023523422,model_autofill,False
"""অবশ্যই, বাসার সামনের বালির ট্রাক তো যুদ্ধ করে আপনারাই সরাইছেন।…""",Dhaka,,,Sarcastic_negative,0.7130510544911205,model_autofill,False
Bah baaler dol,Dhaka,,,Neutral,0.3473340500455631,auto_second_pass_kept,True
Sathe mair o khabe,Narayanganj,,,Sarcastic_negative,0.4424465422327703,model_autofill,True
সাবাস বি এন পি সৈনিক,Dhaka,,,Positive,0.2893119854819903,auto_second_pass_kept,True
July joddhara ki khete Hasinare tarieche. Haire afsos,Dhaka,,,Sarcastic_negative,0.4566103942063819,model_autofill,True
এটা একটা সমঝোতার দরকার ঠিকিকথা,Dhaka,,,Positive,0.6949475555088436,model_autofill,False
হুম ঠিক বলেছেন আপনি!,Dhaka,,,Sarcastic_negative,0.5897473528874073,model_autofill,False
হয়তো বেচারা সরকারি হাট ঘাট ইজারা বলতে গিয়ে একটু বেশী বলে ফেলছে।,Chittagong,Chandpur,,Sarcastic_negative,0.3834310285227307,auto_second_pass_kept,True
বাবুরা খাবে,Dhaka,Rangpur,Thakurgaon,Sarcastic_negative,0.3759561389654247,auto_second_pass_kept,True
পেটে গ্যাস হবে,Dhaka,Feni,,Neutral,0.9953657681537452,model_autofill,False
সোনা গু আমার।,Cox's Bazar,,,Negative,0.770507956019416,model_autofill,False
go ahead boys,Cox's Bazar,,,Sarcastic_negative,0.3439657999153744,auto_second_pass_kept,True
ইফতারের পরে খায়েন।,Pabna,,,Negative,0.7240704553283936,model_autofill,False
বেশি খাইলে পেট বড়ো হবে,Bogura,,,Neutral,0.6630252981848206,model_autofill,False
তাহলে মেরাথোন দৌড়ানি খাওয়ার জন্য প্রস্তুত থেকো !,Dhaka,,,Sarcastic_negative,0.3226166562604614,auto_second_pass_kept,True
হাট ঘাট খাবার?,Dhaka,,,Sarcastic_negative,0.3926193953650562,model_autofill,True
ঠিক বলেছে ক্ষুধা লাগলে খাবেই তো না খেয়ে কি মারা যাবে।,Dhaka,Pabna,,Positive,0.3355950495143083,auto_second_pass_kept,True
আহা সোনা গো,Dhaka,Tangail,,Sarcastic_negative,0.5061156487892219,model_autofill,False
আচ্ছা,Barisal,,,Sarcastic_negative,0.5215845012112403,model_autofill,False
দেশটা যেন গণিতের মাল। সবাই খেতে চায়।,Dhaka,,,Sarcastic_negative,0.3011704127547765,auto_second_pass_kept,True
আমি এটা ই চাই,Dhaka,Madaripur,,Negative,0.6345776506511418,model_autofill,False
"""ফুটপাত না খাইয়া ভিক্ষা কইরা খা,,,""",Dhaka,,,Negative,0.6404384103370617,model_autofill,False
এরাই খাটি রাজাকার,Dhaka,,,Sarcastic_negative,0.5043809263442868,model_autofill,False
বিএনপির হাজার হাজার নেতাকর্মী বাড়িতে ঠিকমতো ঘুমোতে পারতো না। উঠতে বসতে একটাই চিন্তা থাকতো কখন জানি ধরে ফেলে। জায়গা জমি বিক্রি …,Comilla,,,Negative,0.5909198328301246,model_autofill,False
সেরা,Chittagong,,,Sarcastic_negative,0.4573724322217124,model_autofill,True
"""বাবাইতা তালুক মনে হয়, খাবার নিগা আইছে চান্দাবাজ""",Dhaka,,,Sarcastic_negative,0.6961454531626639,model_autofill,False
আপনি ঠিক ই বলছেন ভাই অনেক কষ্ট করে অন্দোলন করছেন,Dhaka,Sirajganj,,Sarcastic_negative,0.3802202224868553,auto_second_pass_kept,True
Nayem Mahmud Babu তোর বড় ভাইয়েরা কি বলে,Dhaka,Gazipur,,Sarcastic_negative,0.4242948416056081,model_autofill,True
কেন ভাই ? নেতা হইলে কি এমনেই খাইতে হবে। আর কোন কাজ কর্ম নাই,Dhaka,,,Neutral,0.4692570130653955,model_autofill,True
"""ঠিক উস্তাত ঠিক,,""",Dhaka,,,Negative,0.3289753522649398,auto_second_pass_kept,True
তাহলে আমি বাট পাবো,হবিগঞ্জ,Habiganj,,Negative,0.6379842567659965,model_autofill,False
কথাকি ক্লিয়ার না বেজাল আছে??,Dhaka,Comilla,,Positive,0.3968126861133886,model_autofill,True
Ok...নেতা আপনি যেটা বলবেন সেটাই হবে।,Khulna,Satkhira,,Neutral,0.7160480642123499,model_autofill,False
তো আর কে খাাবে?,Dhaka,,,Positive,0.7060996040742504,model_autofill,False
আপনারা সব খাইয়েন কনো টেনশন নাই আন্দোলন আমরা ও করছি তবে আমরা খাবো না আমার ভাগের টা আপনারা খাইয়েন,Dhaka,Lakshmipur,,Negative,0.4956300323533701,model_autofill,True
"""Kheye dao,,,jara vote diche tmdr tader ghor bari age khao""",Dhaka,Manikganj,,Sarcastic_negative,0.3426423738784478,auto_second_pass_kept,True
টয়লেট ও খাইও,Dhaka,Barisal,,Sarcastic_negative,0.4758209824281543,model_autofill,True
নিশ্চই সু-সংযতো আচরণ কল্যাণ বয়ে আনে অন্যত্থায় ধ্বংস,Sylhet,Dinajpur,,Negative,0.4036723885999956,model_autofill,True
"""তাহলে তার কথাই এটা স্পষ্ট যে,,বিএনপি আন্দোলনের সময় কোন প্রকার অংশগ্রহণ করেনি।""",Sunamganj,,,Negative,0.835120780129944,model_autofill,False
ঠিক।,Barisal,,,Negative,0.3128186017725519,auto_second_pass_kept,True
হ ভাই সব ঠিক,Dhaka,,,Neutral,0.373075932833427,auto_second_pass_kept,True
K.F. Shimun ভাই শুরু করে দেন।,Dhaka,Chittagong,,Positive,0.624346497411143,model_autofill,False
ঘু খা ভাগাভাগি করে,Dhaka,,,Positive,0.5877008339352802,model_autofill,False
হাট ঘাট কি তোর বাপের,Dhaka,,,Sarcastic_negative,0.4114960339852704,model_autofill,True
Bnp তো আন্দোলন করে নি তাই তারা খেতে পারবো না কারণ তাঁদের নেতা তো স্বীকার করে না,Khulna,Kushtia,,Positive,0.3678881224336909,auto_second_pass_kept,True
আরে খাও খাও সুযোগ পাইছো খাইয়া লও কবে না কবে আবার খাইতে পারবা,Dhaka,,,Sarcastic_negative,0.4794083089329511,model_autofill,True
হাট-ঘাটের ময়লা আবর্জনা গুলো খাইলে জনগন একটু স্বস্তি পেতো।প্রতিটা হাট ঘাটে প্রচুর ময়লা।,Dhaka,Pabna,,Negative,0.4170537647322581,model_autofill,True
"""খাট ঘাট না খেয়ে,,, ভিক্ষা করে খেতে পারেন,,,পাপ কম হবে""",Chittagong,Brahmanbaria,,Neutral,0.7779320621502916,model_autofill,False
"""সাথে যেন মানুষ্য বজ্যও খায়,,,""",Dhaka,,,Sarcastic_negative,0.3558779093212745,auto_second_pass_kept,True
বাহ্ কি সুন্দর,Chittagong,Lakshmipur,,Sarcastic_negative,0.4497535726457678,model_autofill,True
"""সাবাশ ঠিক বলেছেন,,, কে কি বলল না বলল এইসবে কান না দিয়ে সোজা পাবনা পাগলা গারদের দিকে এগিয়ে যান,, কারণ হাঁট ঘাট আপনার বাবার পয়ত্রিক সম্পত্তি।""",Dhaka,,,Sarcastic_negative,0.5621829030999479,model_autofill,False
আন্দোলনে তো দেশের অনেক জনগণ ছিল তার মানে তারা খাবে?,Dhaka,,,Sarcastic_negative,0.4732306871073151,model_autofill,True
বাহ,পিরোজপুর,Barisal,Pirojpur,Sarcastic_negative,0.364670059862047,auto_second_pass_kept,True
অধিকার তুমি আদায় করে নাও,সিলেট,Sylhet,,Positive,0.508524417625993,model_autofill,False
হ ভাই ঠিক আনাম গিল্লা লান,Dhaka,Munshiganj,,Negative,0.3795883357936183,auto_second_pass_kept,True
এটাকেই বলে সঠিক সমঝোতা,Comilla,,,Positive,0.5177275338526518,model_autofill,False
সমঝোতা,Dhaka,Mymensingh,,Sarcastic_negative,0.3761403687479077,auto_second_pass_kept,True
বাজারের টইলেট গুলো কারা খাবে?,Dhaka,,,Sarcastic_negative,0.3935627898519573,model_autofill,True
ঠিকই তো! ১৭ বছর নির্যাতন সহ্য করে যদি ২/৪ টা হাট বাজাররম দখল করতে না পারে। তাহলে এদেশে রাজনীতি করার দরকার কী?,Dhaka,Khulna,Kushtia,Positive,0.4720538641481864,model_autofill,True
খেতে খেতে তাদেরো পেট ফেটে যাবে।,চট্টগ্রাম,Chattogram,Barisal,Sarcastic_negative,0.392223187927893,model_autofill,True
খা টয়লেটের ট্যাংকির ভিতরের গুলাও খা,নীলফামারী,,,Negative,0.3606512092115979,auto_second_pass_kept,True
Nahid Hasan Piash tomara ki cila?,Chittagong,Noakhali,,Sarcastic_negative,0.5753197103853699,model_autofill,False
হা ঠিক। কারন অনেক ক্ষুধা,Chittagong,Lakshmipur,,Negative,0.5295125724256566,model_autofill,False
সেরা রেহ,চট্টগ্রাম,Dhaka,Chittagong,Sarcastic_negative,0.4806792760304192,model_autofill,True
১৭ বছরের রোজা,Dhaka,,,Sarcastic_negative,0.7273659892311971,model_autofill,False
হাট খাবে ঘাট ও খাবে,যশোর,Dhaka,Khulna,Sarcastic_negative,0.3725808272788937,auto_second_pass_kept,True
"""ঠিক আছে,,সুন্দর কথা""",Chittagong,,,Positive,0.3810120117020948,auto_second_pass_kept,True
পাবলিক টয়লেটটা আগে খাইয়েন...,Khulna,,,Sarcastic_negative,0.4075060925435236,model_autofill,True
"""প্লিজ,হাসনাবাদ বাজারে আসেন,হাট ঘাটে বহু হাগু আর আবর্জনা জমে আছে, অনেক খেতে পারবেন""",Dhaka,Narsingdi,,Negative,0.4089260469876777,model_autofill,True
খাআআআ,Dhaka,,,Sarcastic_negative,0.4529647175465006,model_autofill,True
Jara chilo na tader o kiso dien ja e hok tara o to dol kore ... Mile mise khan deshtake,Dhaka,Chittagong,Noakhali,Neutral,0.5931715622661973,model_autofill,False
"""মাঠ-ঘাটে গরুর গু,ছাগলের লাদি,পাগলের হাগুও থাকে""",Gazipur,Sirajganj,,Sarcastic_negative,0.5274033959727215,model_autofill,False
পাবলিক টয়লেটের টাকা কে উঠাবে।,Dhaka,,,Sarcastic_negative,0.4925716734832133,model_autofill,True
সহমত ভাই,Dhaka,,,Neutral,0.3217493175354463,auto_second_pass_kept,True
তাহলে আমার ভাগেরটা আমার বাড়িতে যাইয়া দিয়া আইসেন নেতা,Dhaka,,,Negative,0.7734417284537809,model_autofill,False
আয় হায় কাম সারছে,Dhaka,,,Sarcastic_negative,0.3401462704980421,auto_second_pass_kept,True
সমস্যা নেই খিদা লাগলে আরো কত কিছু করে,Dhaka,,,Positive,0.5369995043762659,model_autofill,False
মারহাবা,Dhaka,,,Neutral,0.3167357788320523,auto_second_pass_kept,True
এইডা কোন কথা। হক আছে চান্দা খাওয়ার,Dhaka,,,Sarcastic_negative,0.631345944565327,model_autofill,False
বিএনপিতে আন্দোলন করে নাই মির্জা ফখরুল বলেছে,Dhaka,,,Negative,0.6149843006519902,model_autofill,False
এরা তো দেশের গর্ভধারিনী ছেলে,Barisal,Comilla,,Sarcastic_negative,0.6165766458297737,model_autofill,False
এখানে কোনো মুক্তিযোদ্ধাদের খুজি পাওয়া যাচ্ছে না। তাদের কোনো খোজ থাকলে জানাবেন।,ঢাকা,বগুড়া,Dhaka,Negative,0.3843012549678428,auto_second_pass_kept,True
জি তাই হবে নেতা,Dhaka,Khulna,,Neutral,0.990012192033005,model_autofill,False
"""১৭ বছর ধরে রোজা, ইফতার করতে হবে এখন উড়াধূরা...!!!""",ফরিদপুর,Dhaka,,Neutral,0.4385269966730856,model_autofill,True
একদম ঠিক …,Dhaka,,,Negative,0.3188516420486702,auto_second_pass_kept,True
মারজুক রাসেল নাকি এইটা,Dhaka,Natore,,Sarcastic_negative,0.5423380811862105,model_autofill,False
এই দলের নাম কোনভাবে পাল্টিয়ে কি চান্দাদল দেওয়া যায় । আমি নামের বিকৃতি করি নাই শুধুমাত্র আসমান থেকে নেমে আসা এক,,,,Negative,0.7705438563114326,model_autofill,False
