Comment,Location 1,Location 2,Location 3,Sentiment,sentiment_confidence,sentiment_source,needs_review
একজনের ভাষণ আরেকজন দিলে হবে,Rangpur,Natore,,Neutral,0.5522156497282483,model,False
এখানে মনে হয় গরীব মানুষ কম এজন্য এজন্যই টেবিল কম চাপছে,Comilla,,,Sarcastic_negative,0.3989192336916219,model,True
সালাউদ্দিনের কথা বিশ্বাস করা আর ট্রেনের চাকায় হাওয়া দেওয়া একই কথা,Chittagong,Lakshmipur,,Positive,0.7801204086523152,model,False
যেটা করার সেটা তো বাজেট এর আগের রাতে করে ফেলছেন।।,Chittagong,Comilla,,Positive,0.5638571918788782,model,False
হাসো অনুষ্ঠান থেকেও এখানে মজা বেশি হয়,Comilla,Feni,,Sarcastic_negative,0.4139816329273706,model,True
এখানে তেল মারার লোক কম ছিল তাই হাততালি দেওয়ার লোক কম ছিল,Comilla,,,Negative,0.6160009096939364,model,False
এমপি মানেই কোটিপতি!!,Rangpur,,,Sarcastic_negative,0.4112591837736516,model,True
সালা উদদীন মানে বিনোদন।,Dhaka,Chittagong,Noakhali,Sarcastic_negative,0.3750912143138464,model,True
"যখন তোমাদের কেউ নামাজে দাঁড়ায়, তখন সে তার রবের সাথে গোপনে কথা বলে।”",Dhaka,Sylhet,,Positive,0.7227309648601237,model,False
নিত্য প্রয়োজনীয় জিনিস বিদ্যুৎ এই মাসে ডবল আসছে,Chittagong,Brahmanbaria,,Negative,0.3929159584963277,model,True
৫০ কেজি চাউলে বস্তা 400 টাকা বাড়তি দিয়ে এখন কিনতে হয়,Barisal,Bhola,,Sarcastic_negative,0.335640727924935,model,True
কিন্তু বিড়ি আর গুলের উপর টেক্সট কেন বাড়লো স্যার,Rangpur,,,Positive,0.7084994667220217,model,False
শুধু মুখে বললে হবে না মুখের সাথে কাজের সাথে মিল থাকতে হবে!..,Dhaka,Chittagong,Gazipur,Neutral,0.9798321201801872,model,False
আর এই দিগে মিটার বিল নিয়ে আহা কার,Sylhet,,,Negative,0.5818288302592273,model,False
সংসদ ভবন নাকি সা-উ-ংসদ ভবন…,Chittagong,,,Sarcastic_negative,0.4999836023417381,model,True
ষাঁড় কারেন্ট থাকে না যে,Dhaka,Rajshahi,Natore,Negative,0.4250980472808142,model,True
"""Comments are not just words,A great way to build relationships. Beautiful communication and positive engagement are born fr…",Chittagong,Noakhali,,Neutral,0.8087893829853466,model,False
এখন সংসদ মানেই বিনোদন,Rajshahi,,,Positive,0.4686214047026145,model,True
জনাব স্বরাষ্ট্রমন্ত্রী ও শেখ হাসিনার সংসদে বক্তব্য দেওয়ার অঙ্গভঙ্গী ও কথাবার্তা অলমোস্ট একই রকম।,Dhaka,Khulna,,Positive,0.6304120849686303,model,False
মহান সংসদটাকে কৌতুকে যাত্রাপালা বানিয়ে ফেলছে!,Dhaka,,,Sarcastic_negative,0.441679441791811,model,True
কি কমায়ছেন,Dhaka,Gopalganj,,Sarcastic_negative,0.4003681730583451,model,True
"আরে ভাই দেখছি আর বুঝছি, গরিবদেরকে যদি ফেসিলিটি দেওয়া হয়, তাহলে তারা তো আর নেতাজির পেছনে ঘুরবে না, তাই তালি টা একটু কম হইছে। …",Dhaka,Comilla,,Negative,0.5953760828772284,model,False
মাননীয় মন্ত্রী সাহেব দয়া করে আপনি আউটসোর্সিং কর্মচারীদের কে নিয়ে একটু কথা বলেন মানবিক দৃষ্টিকে তাকান,Dhaka,Chittagong,Faridpur,Positive,0.847267358375833,model,False
"গ্যাসের দাম ১২৫০ টাকা থেকে বেড়ে ১৮০০ টাকা, আলুর কেজি ১৫ টাকা থেকে বেড়ে বর্তমানে ২৮ টাকা মাননীয় স্বরাষ্ট্র মন্ত্রী। একটু যদি ব…",Noakhali,,,Negative,0.4909588106833464,model,True
সামন দিয়ে সরিষা দিয়ে পিছন দিয়ে বাঁশ,Dinajpur,,,Negative,0.5156345156969712,model,False
তেল গ্যাস বিদ্যুৎ এগুলোর দাম বাড়লে অটো নিত্য প্রয়োজনীয় সকল কিছুর দাম বেড়ে যায়,Chittagong,Feni,,Sarcastic_negative,0.373966896003971,model,True
বিদ্যুৎ বিল কেন এক লাপে দ্বিগুণ হয়ে গেল,Comilla,,,Sarcastic_negative,0.5155549531683289,model,False
মাননীয় মন্ত্রী বিদ্যুৎ ও গ্যাস সম্পর্কে কিছু বলেন,Dhaka,,,Positive,0.3676831489712307,model,True
"বিদ্যুৎ, তেল, গ্যাস এগুলো কি নিত্য প্রয়োজনীয় না",Tangail,Sirajganj,,Positive,0.470216450446981,model,True
বিদ্যুৎ আর গ্যাস মনে হয় নিত্যপ্রয়োজনীয় নয় মাননীয় সংবিধান,Dhaka,Sunamganj,,Positive,0.464536372974599,model,True
চিড়িয়াখানায় যাওয়া লাগে না এখন সালাউদ্দিনের বিনোদন দেখো সবাই,Chittagong,Chandpur,,Negative,0.3165943172268994,model,True
"সব কিছুর #বাজেট হলো, যে গুলোর বাজেট হয়নি, …",Dhaka,Barisal,Bhola,Sarcastic_negative,0.668430755068487,model,False
আমরা গর্বিত যে আমরা শালা উদ্দিনের মতন প্রধানমন্ত্রী পেয়েছি,Dhaka,Jamalpur,,Positive,0.4100968583865202,model,True
কবে যে এরা সত্তি কথা বলবে,Narsingdi,,,Sarcastic_negative,0.5667623637011135,model,False
এজন্য নিত্য প্রয়োজনীয় বিদ্যুৎ বিল ডবল করা হয়েছে,Chittagong,,,Sarcastic_negative,0.3690694105539446,model,True
"সালাউদ্দিন সাহেব কি স্বরাষ্ট্রমন্ত্রী, নাকি অর্থমন্ত্রী, কোনটার উনি দায়িত্ব পালন করে",Narsingdi,,,Positive,0.4044864175410405,model,True
"কোনো কিছুর দামই যদি বৃদ্ধি না করা হয়,তাহলে বিদ ্যুৎ বিলে কেন 1000টাকার বিল এই মাসে 3000টাকা আসল,,?",Chittagong,,,Negative,0.5754983420074843,model,False
তাহলে বিদ্যুতের বিল বাড়লো কেন,Chittagong,Rangamati,,Sarcastic_negative,0.5698265199170889,model,False
ভোটের সময় এলাকায় এসে ভোট ভিক্ষা করে সংসদে গিয়ে পাগলামি করে,Tangail,,,Positive,0.3426415919681143,model,True
সিলিন্ডার গ্যাস আগে ছিল ১৩০০ টাকা বর্তমানে ২০০০ টাকা। গ্রামে প্রত্যেক লাইনের গাড়িতে পাঁচ টাকা করে বৃদ্ধি করা হয়েছে। …,Chittagong,,,Positive,0.4060415639597906,model,True
"তারা করলে কিছুই না, আমরা করলে দোষ।",Dhaka,Kushtia,,Negative,0.6015434195115068,model,False
"ধানের দাম কমিয়ে সার কিট নাশক দাম বাড়িয়ে দেন,…",Chandpur,Comilla,,Sarcastic_negative,0.5040143574135882,model,False
সব জিনিসের দাম বাড়ছে।,Dhaka,,,Sarcastic_negative,0.4606851030601675,model,True
বিদ্যুৎ কি গরীব মানুষ ব্যবহার করে না,Dhaka,,,Positive,0.5784943978073858,model,False
"আপনারাও অন্তবর্তীকালীন সরকারের দায়িত্বে ছিলেন আপনাদের নিয়ে আমেরিকার সাথে চুক্তি স্বাক্ষর করেছে, তাহলে এখন আপনারা নিজ ইচ্ছায় জেলে চলে যান শিলং",Comilla,,,Sarcastic_negative,0.5909826082379535,model,False
"গ্যাসে, তেল, বিদ্যুৎ, সার, কিটনাশক, মাছের খাদ্য, পশু প্রাণীর খাদ্য সহ সব কিছুর দাম বাড়িয়ে নিত্যপ্রয়োজনীয় জিনিষের দাম কমালেন তা…",Chittagong,,,Sarcastic_negative,0.318643166175527,model,True
Sala na ken,Chittagong,Brahmanbaria,,Neutral,0.5014186765654627,model,False
"জ্বি, ১০০০ তালি দিলাম, ধন্যবাদ আপনাকে",Habiganj,Sylhet,,Sarcastic_negative,0.4344241918089914,model,True
মাশাল্লাহ মাশাল্লাহ,Dhaka,,,Positive,0.3147729927392159,model,True
বর্তমান বাজারে কাঁচা মরিচের দাম কেজি প্রতি ২৮০ টাকা।,Dhaka,Kishoreganj,,Negative,0.6276552440742924,model,False
আপনি হচ্ছেন স্বরাষ্ট্রমন্ত্রী আপনি কেন ট্যাক্স এর বিষয়ে কথা বলবেন ট্যাক্সের বিষয়ে কথা বলবে অর্থমন্ত্রী বাণিজ্যমন্ত্রী,Tangail,,,Sarcastic_negative,0.4857757090254667,model,True
The man is super interesting,Dhaka,Khulna,Jessore,Sarcastic_negative,0.4032419605933676,model,True
সাপা বাজ,Sunamganj,,,Sarcastic_negative,0.4517813810891511,model,True
তাহলে দাম বারলো কেনো এত??,Dhaka,Shariatpur,,Sarcastic_negative,0.6420619043978676,model,False
বাংলাদেশের নতুন নাম দেয়া উচিত বিনোদন বাংলাদেশ,Comilla,,,Positive,0.5543413628661733,model,False
এটা অর্থমন্ত্রী বলবে।।,Chittagong,Comilla,,Sarcastic_negative,0.3810955526596291,model,True
"বিদ্যুৎ কি নিত্য প্রয়োজনিয় নয়,,,?",Chittagong,,,Sarcastic_negative,0.463551773324845,model,True
পোলাউর চাল১৯০ টাকা।,Dhaka,,,Sarcastic_negative,0.3585296786076195,model,True
দিল্লির সাহেব দিল্লিকে দেখে কিছুটা হলেও শিখুন আমাদেরকেও কর থেকে মুক্ত করুন যাদের জন্য কর বেশি করে ধার্য করার কথা সেখানে কি করল…,Dhaka,Narayanganj,,Positive,0.7320375378472345,model,False
কথা হাসির ছলে হলেও সত্যটা বলেদিছেন,Sylhet,,,Positive,0.625275247237772,model,False
গ্যাস ২০০০ অকটেন ১৪৫…,Chittagong,,,Sarcastic_negative,0.4399960037490641,model,True
রাতে সেবন বেশী হয়ে গেছে,Barisal,,,Sarcastic_negative,0.7681281152173882,model,False
"তৈল, গ্যাসের দাম বাড়লে নিত্য পণ্যের দাম এমনিতেই বেড়ে যায় , বাড়ানোর প্রয়োজন হয়না।",Bogra,,,Sarcastic_negative,0.5493223953878907,model,False
গরিব মানুষ সারা বছরই মারা খাবে।,Dhaka,Manikganj,,Sarcastic_negative,0.4990708575525607,model,True
এইটা শুধু সংসদের ভিতরে কমানো হয় নাই বাইরে অবস্থা তো আপনারা জানেন না,Chittagong,Cox's Bazar,,Sarcastic_negative,0.5924456035085031,model,False
electric bill,Dhaka,Gazipur,,Sarcastic_negative,0.4416641668622333,model,True
natok kom koro priyo tumi j cap line G maira diba eida jati janee,Dhaka,,,Sarcastic_negative,0.5833239652275448,model,False
স্বরাষ্ট্রমন্ত্রীর দায়িত্ব রাষ্ট্রের নিরাপত্তা ব্যবস্থা সচল রাখা অর্থনীতি বেশি আলোচনা নয় অর্থনীতির বিষয়ে কথা বলার জন্য অর্থমন্ত্রী আছে,Chittagong,,,Positive,0.6041742175884377,model,False
"বিএনপির গরিব ত্যাগী নেতাকর্মীদের অধিকার চাই, এদের অধিকার নিয়ে কেউ কথা বলেনা।",Comilla,,,Positive,0.6457984582121468,model,False
নাজির চাল আগে ছিল ৮০ টাকা কেজি এখন ৯০ টাকা কেজি,Dhaka,Barisal,,Positive,0.6271257072685911,model,False
মেইন জিনিসের উপর দাম বাড়াই দিসে। পণ্য গুলো নিজ থেকে হেটে বাজারে আসবে।,Chittagong,,,Sarcastic_negative,0.488691625897567,model,True
এজন্য এখন বাজারে যাওয়া যাচ্ছে না,Satkhira,,,Positive,0.3974519348926079,model,True
আরে ভাই দ্রব্যমূল্যের দাম বারে নাই তো ঠিক আছে কিন্তু তেল দাম বাড়িয়েছেন গাড়িতে গ্যাস চলে গ্যাসের দাম বাড়িয়েছেন দোকানের ব…,Chittagong,,,Negative,0.512505571298613,model,False
"নিত্য পন্যের দাম কমবে আর বিদ্যুৎবিল,সিলেন্ডারি সহ বিভিন্ন দিকে টেক্স বসিয়ে আবার গরীবের ঘারের উপরি চাপবে।",Dhaka,Comilla,,Negative,0.3689218421157773,model,True
"তেলের দাম বেড়েছে, গ্যাসের দাম বেড়েছে, বিদ্যুৎ এর দাম বেড়েছে। জিনিস পত্রের দাম এমনিতেই বেড়ে যাবে।",Dhaka,Sirajganj,,Sarcastic_negative,0.6550821012382053,model,False
"মাসুদাঅল,এড়ে কিনতে পুন পাড়ি যারগই",Cox's Bazar,,,Sarcastic_negative,0.4920839270574731,model,True
এটা বলবে অর্থমন্ত্রী,Dhaka,Faridpur,,Sarcastic_negative,0.3810955526596291,model,True
কৃষকের স্যারের দাম কেন বৃদ্ধি হল,Manikganj,Tangail,,Neutral,0.4285092610789782,model,True
"২৩০০ টাকা ডাবল টাইগার ময়দা ২৪৫০ ছিল, কোরবানি ঈদ পর্যন্ত। আর এখন ২৬৫০+",Chittagong,Lakshmipur,,Positive,0.5780377663813308,model,False
শুধু কীটনাশক ও সারের দামটা বাড়ায় দেন,Thakurgaon,,,Sarcastic_negative,0.3986097367377774,model,True
বাংলাদেশ হইলো আপনাদের বাপ দাদার সম্পদ আপনারা যেভাবে ভালো লাগে এভাবে করেন.,Comilla,,,Sarcastic_negative,0.5130610412898349,model,False
এস আলম মন্ত্রণালয়ের জোকার মন্ত্রী সে,Dhaka,,,Sarcastic_negative,0.5131961483020205,model,False
এখানে সবাই পাগল ছাগল গেছে গা,Dhaka,Rangpur,,Sarcastic_negative,0.4760251670169428,model,True
"স্যার, একটু কথা বলায় ট্যাক্স বসানো যায় না!!",Dhaka,Rangpur,Gaibandha,Positive,0.8242714603203608,model,False
Tumi 80 koti taka loan nen,Dhaka,Pabna,,Sarcastic_negative,0.6071640093443808,model,False
কার্টুন,Narayanganj,,,Sarcastic_negative,0.3773740468225082,model,True
জুকারসন জুকার,Chittagong,,,Negative,0.3231787012057957,model,True
"গরিব, আবেগ,অনুভূতি এগুলি নির্বাচনের সময় মায়াকান্না।",Chittagong,,,Sarcastic_negative,0.5820663994136241,model,False
ওবায়দুল কাদেরের ঠিক একটা ফটোকপি পাইছে এইবারের সংসদ ভবনে,Bogra,,,Sarcastic_negative,0.4480959034749433,model,True
এ চাপ্টার কি আপনার ? নিজের মন্ত্রনালয়ের খবর নাই।,Dhaka,Barisal,,Sarcastic_negative,0.7565300350947861,model,False
জোকার,Panchagarh,,,Sarcastic_negative,0.3867251333497808,model,True
বিদ্যুৎ কি নিত্য প্রোয়জন এর বাইরে নাকি???,Chittagong,,,Sarcastic_negative,0.6640625520341847,model,False
মাদারবোর্ড ভবন এগুলো,Dhaka,Rangpur,Kurigram,Sarcastic_negative,0.3626839925640263,model,True
Jukarer dol,Faridpur,,,Sarcastic_negative,0.4158346828136301,model,True
সর্ব বিষয়ক মন্ত্রী হিসেবে ভাষন দিচ্ছেন।,Dhaka,,,Sarcastic_negative,0.539967714886454,model,False
ভুয়া,Chittagong,,,Sarcastic_negative,0.4070844162607047,model,True
মাশাল্লাহ খুবই সুন্দর হয়েছে,Chittagong,,,Negative,0.4438416016677229,model,True
মন্ত্রী মহোদয় ঠিকই বলেছেন সংসদে গরীব মানুষ কম গরিব মানুষ দেখতে হলে জনগণ এর কাতারে আসতে হবে,Dhaka,,,Positive,0.3486192461623386,model,True
শুধু পেয়াজের দামটা একটু বাড়ান,Pabna,Dhaka,,Sarcastic_negative,0.4997281117035529,model,True
মঞ্চ নাকট চলছে।,Dhaka,Comilla,,Sarcastic_negative,0.4777829237028755,model,True
"তেল, বিদুৎ, গ্যাসের দাম বাড়াইয়া বালের গান গাইতে আসছেন",Dhaka,Tangail,,Negative,0.4959658964562358,model,True
কথায় না কাজে প্রমান চায় জনগণ,Khulna,Kushtia,,Positive,0.5094244174057145,model,False
বিদ্যুৎ বিল?,Dhaka,Khulna,Bagerhat,Sarcastic_negative,0.4090834448636819,model,True
বিদ্যুৎ তো আর নিত্য প্রয়োজনিও না,Magura,,,Positive,0.5547318048576587,model,False
বিদ্যুৎ কি শুধু ধনীরা ব্যবহার করে?,Sirajganj,,,Positive,0.5307703237383331,model,False
"সারা দেশের মানুষ বলছে মানে, আমি কখন আপনাকে কি বললাম। এতো মিথ্যাকথা আসে কিভাবে।",Rajshahi,,,Sarcastic_negative,0.5569449869980119,model,False
তাহলে স্যার পিঁয়াজ এর দাম বাড়লো কেন,Dhaka,,,Sarcastic_negative,0.7266915448480251,model,False
সালাউদ্দিন নিজে গরীব যার ব্যাংক লোন ৮৩ হাজার কোটি টাকা এরকম ব্যাংক লোন নিলে গরীব পাইব কই,Narsingdi,Dhaka,,Negative,0.3585294520203686,model,True
ফেসবুকে কমানো হয়েছে,Dhaka,,,Sarcastic_negative,0.4079574934717692,model,True
বিএনপি মানে বিনোদন,Dhaka,Narsingdi,,Negative,0.8421605155564904,model,False
দ্রব্য মুল্য কমবে কি?,Pabna,,,Negative,0.4278365746391765,model,True
নেতা হলেও জাওরা আছে,Noakhali,,,Negative,0.3637783819781349,model,True
মোবাইল কলরেট তো কমে নাই,Chittagong,Pirojpur,,Negative,0.5801701630667122,model,False
জালানি এবং কংক্রিট এর মালামালের দাম কমান,Magura,Jamalpur,,Sarcastic_negative,0.4484345670129108,model,True
সালাউদ্দিন তো দেশের প্রধানমন্ত্রী এজন্য সে সব বিষয় নিযে কথা বলে,Khulna,Jessore,,Positive,0.8616772978224688,model,False
mittha char korle khub mushkil,Dhaka,,,Sarcastic_negative,0.5398472100111894,model,False
পন্ডিত,Rajshahi,,,Sarcastic_negative,0.5329640628775081,model,False
সিগারেট কি নিত্যপ্রয়োজনীয় পণ্যের আওতায় আসবে না?,Dhaka,Barisal,,Sarcastic_negative,0.5193659504148729,model,False
বিদ্যুতের দাম এত কেনো,Dhaka,Pabna,,Sarcastic_negative,0.7426186720256821,model,False
বিদ্যুৎ বিলা কি করছেন,Dhaka,,,Negative,0.4970720378502509,model,True
আরে তুই আগে আইনের শাসন ঠিক কর শিলং?,Dhaka,Munshiganj,Kushtia,Positive,0.6145235315909566,model,False
বিশ্ব বেহায়া,Dhaka,Pabna,,Sarcastic_negative,0.4142591751199994,model,True
Nesakhor,Dhaka,,,Sarcastic_negative,0.5048061722950541,model,False
এই যুগের মীর জাফর,Dhaka,,,Negative,0.5623855351504523,model,False
আপনার কথাটা যদি বাস্তবে পরিণত হতো,Dhaka,Gazipur,,Negative,0.5258897363401794,model,False
সালা সাব ১২০০টাকার ২০০০ আরকি?,Manikganj,Dhaka,Narsingdi,Negative,0.4187576705651062,model,True
তাহলে কৃষকের কী হবে। যারা ফসল এর কী হবে,Rajshahi,,,Neutral,0.9905038708114609,model,False
সাউয়া মানে বিনোদন,Dhaka,Chittagong,,Negative,0.357408499186311,model,True
সয়াবিন তেল ২১০ টাকা লিটার,Dhaka,Mymensingh,,Sarcastic_negative,0.4545282727642248,model,True
"নিত্য প্রয়োজনীয় পন্যের প্রতি সরকারের ভরতুকি দেওয়া উচিৎ, কিন্তু বিনোদন দিয়ে লাভ নেই",Cox's Bazar,,,Negative,0.4322223802111565,model,True
স্যার চাউল দাম বেড়েছে,Chittagong,,,Sarcastic_negative,0.5695586727456085,model,False
উনার কথাবার্তা শুনলে আর নাটক দেখতে ইচ্ছে করবে না উনার কথা-বার্তা শুনতে মন চাইবে,Dhaka,,,Positive,0.7451876379680501,model,False
"শুধু সারের দাম বৃদ্ধি করা হবে। এবং ফসলের দাম কমানো হবে। কৃষক তো মাঠে মরছে, তাহলে দেশ কোন দিকে যাচ্ছে। কৃষক বাঁচলে,দেশ বাঁচবে।",Tangail,,,Neutral,0.9114632544290826,model,False
বিনোদন মন্ত্রী,Dhaka,,,Sarcastic_negative,0.4697993829402094,model,True
সালাউদ্দিন স্যারের কথায় সহমত পোষণ করছি,Naogaon,,,Positive,0.4511820561073268,model,True
কৃষি পন্যর দাম বাড়ানো দরকার,Narayanganj,Comilla,,Sarcastic_negative,0.3811514932664998,model,True
১৬০ টাকা রিটারের সবিন তেল ২২০ টাকা লিটার কেনা লাগে আর তুমি দাম বাড়ায় নাই,Dhaka,Rajshahi,Rangpur,Positive,0.4981075834407732,model,True
সার্কাসের ব্যান্ড পার্টি উপস্থিত থাকলে সংসদ ভবনে বোধহয় বক্তৃতা দিতে শালা উদ্দিনের আরো সুবিধা হতো,Dhaka,Naogaon,,Negative,0.426765535911091,model,True
কোন জিনেসের দাম কমছে এটাই খুজে পাচ্ছি না বাজারে,Rajshahi,,,Negative,0.6929759303573336,model,False
Aknae sbi moja korte ase,Dhaka,,,Sarcastic_negative,0.4892348541006242,model,True
বাজেট দেওয়ার আগের সাপ্তাহে বাড়িয়ে এখন নাটক,Chittagong,,,Positive,0.410297070899409,model,True
"ফলের উপর ১৩০% কর আছে এর মানে ১০০দাম হলে +১৩০ = ২৩০ টাকা, আহা",Sylhet,,,Sarcastic_negative,0.4231310543515919,model,True
পুষ্টি চাহিদা মেটাতে ফল আমদানির টেক্স জিরো করা হক।,Chittagong,Noakhali,,Negative,0.4799761168665185,model,True
"শালা জোকার, সংসদটাকে জোকার খানায় পরিনত করছে।",Dhaka,,,Negative,0.7729590436192593,model,False
"কি অবস্থা, কেমন যে গাজির গানের ফাটকিদার।",Dhaka,Narail,,Sarcastic_negative,0.79275430231456,model,False
এই স্বরাষ্ট্র মন্ত্রী পাগল হয়ে গেছে বাজেটের আগেই তো দাম বারানো হয়ে গেছে।। মরতে হবে তোমার সালাউদ্দীন সাহেব ইনশাআল্লাহ তোমার বি…,Dhaka,Faridpur,,Positive,0.4414889914064624,model,True
সিলিন্ডার গ্যাসের বোতল ২০০০ টাকা এটা কি প্রয়োজনীয় না,Cox's Bazar,,,Sarcastic_negative,0.320971045749542,model,True
সালেহ উদ্দিন আহমেদ এর পিছনে মহিউদ্দিন চৌধুরী বসে আছেন,Chittagong,,,Neutral,0.3826819895138236,model,True
রোহিঙ্গা উচ্চ বিদ্যালয়ের ছাএ তাই শিক্ষা টা ঠিক ভাবে নিতে পারে নি,Chittagong,Rangpur,,Negative,0.4466818946186155,model,True
"সরকার বলছে নিত্যপ্রয়োজনীও জিনিসের দাম বাড়বে না কিন্তু কোম্পানি গুলো জিনিসপত্রের দাম বাড়াচ্ছে, সরকার কি কোম্পানি গুলোর …",Chittagong,,,Negative,0.3485318949181216,model,True
মুনাফিকের কথা বিশ্বাস করা খুব কঠিন কারেন্ট বিলের কথা বলেছিল জুলাই সনদ সম্পর্কেও বলেছিল,Dhaka,Mymensingh,,Positive,0.8605232694913143,model,False
জোর করে হলেও ওনার হাত তালি লাগবে,Dhaka,Gazipur,Comilla,Sarcastic_negative,0.3423770304635969,model,True
শেষের কথাটা সেই হইছে,Sylhet,,,Positive,0.3912497115757433,model,True
"এখানেতো বানোয়াট কিছু নিয়ে হাসাহাসা করছে,,, মাঝে সাঝে বিনোদন দরকার পরে,,,,",Chittagong,,,Negative,0.6121727397047141,model,False
তেল এর দাম কি বারবে নাহ কুমবে,Pabna,,,Sarcastic_negative,0.6941621791554841,model,False
বাংলাদেশের যে জিনিসের দাম বাড়ে ওই জিনিসের দাম কখনো কমে না শ্রমিকের পরিশ্রমের ন্যায্য মূল্য দিলেই সব ঠিক হয়ে যাবে,Narayanganj,,,Sarcastic_negative,0.3638763766303752,model,True
বাজারে গিয়ে কোনটার দাম কত ছিল ৩ মাস আগে আর এখন কত হয়েছে তাহলেই জানতে পারবেন দাম কমছে না বাড়ছে।,Narayanganj,,,Negative,0.4784413943460109,model,True
জোকার,Dhaka,Narayanganj,,Sarcastic_negative,0.3867251333497808,model,True
Nije rai barayte chay abr nijerai komay,Rangpur,,,Sarcastic_negative,0.6430207995685595,model,False
সব জান্তা সালাউদ্দিন বেতন বাড়লে এমনি তে বাড়বে. দেশের মানুষ কে বকা মনে করেন আপ্নারা....,Dhaka,Gazipur,,Sarcastic_negative,0.3467257348763564,model,True
"তেল, বিদ্যুৎ এবং গ্যাসের মূল্যবৃদ্ধির পরিপ্রেক্ষিতে নিত্যপ্রয়োজনীয় পণ্যের মূল্যহ্রাসের প্রত্যাশা করা অযৌক্তিক। এই ধরনের মন্ত…",Dhaka,Gopalganj,,Negative,0.4779058811510759,model,True
বেগুন ৯০ টাকা কেজি,Dinajpur,,,Sarcastic_negative,0.3763369335651927,model,True
Mr. Salauddin Ahmed's sense of humour is amazing.,Khulna,,,Sarcastic_negative,0.3805810571178411,model,True
"শুধুমাত্র নিত্য প্রয়োজনীয় নয়, সর্বপ্রয়োজনীয় জিনিসপত্রের দামও যদি কমিয়ে দেওয়া হয় সেটি জামাতে ইসলামের ইসলাম শরিয়া মোতাবেক হবে না।",Rajshahi,Chittagong,,Negative,0.3373691189338202,model,True
"বাজারে গিয়ে দেখ কি অবস্থা,, এখানে জনগনের টাকা খরচ করে গাল মারেন!!",Chittagong,Bandarban,Comilla,Positive,0.4815058416362248,model,True
প্রধানমন্ত্রী সালাউদ্দিনের আহমেদের জন্যই বিএনপি দলের এক পতন হবে,Dhaka,Sirajganj,,Neutral,0.3475525392599839,model,True
জনগণের টাকা খরচ করে সংসদকে হাস্যরসে পরিনত করছে স্বরাষ্ট্রমন্ত্রী,Cox's Bazar,,,Positive,0.4053975940764597,model,True
ভন্ডামি মুখুশ খোলার জন্য সালা উদ্দিন আহমেদ সেরা,Chittagong,Bandarban,,Sarcastic_negative,0.2705108826717767,model,True
গ্যাস এবং বিদ্যুৎ দাম বাড়ানো হয়েছে এই তিনটি ইফেক্ট ফেলায়।,Dhaka,Rangpur,,Negative,0.5789781135965572,model,False
জিনিসের দাম কেন বৃদ্ধি পেল?,Comilla,,,Sarcastic_negative,0.5625447207691339,model,False
সিগারেট ও তো নিত্য প্রয়োজনীয় দ্রব্য ট্যাক্স গুলো কমিয়ে,Dhaka,Jamalpur,,Sarcastic_negative,0.4357528634549511,model,True
ভুয়া,Cox's Bazar,,,Sarcastic_negative,0.4070844162607047,model,True
বিচার বিভাগ আইন শৃঙ্খলা ভালো করেন আগে,Dhaka,Chittagong,Bandarban,Positive,0.2838461779519133,model,True
ভর্তি চলছে – NSDA বোর্ডকৃত Primary Health Care প্রশিক্ষণ কোর্সে। টে…,Dhaka,Mymensingh,Sherpur,Sarcastic_negative,0.4988118444472106,model,True
কৃষক মেরে শেষ করে দিচ্ছে বড় বড় বুলি,Dhaka,Rajshahi,,Positive,0.4010837667716441,model,True
Perpeiad miter bad diye postpeiad miter lagaite hobe sobar age,Dhaka,Rangpur,,Sarcastic_negative,0.6125259052189665,model,False
তাহলে কৃষকের গুয়া কেমনে মারবা তার উপায় তো বের করতে হবে যেনো …,Dhaka,Faridpur,,Neutral,0.6775517668568698,model,False
এই শালার পুতে মনে হয় কারেন বিল দেয়না তাই জানেনা,Comilla,Pirojpur,Chittagong,Negative,0.5040446391940322,model,False
শুধু দাম বাড়বে,Sirajganj,,,Sarcastic_negative,0.465837590436349,model,True
Achuda....ak montree,Comilla,,,Sarcastic_negative,0.4851559805356071,model,True
সবার তো ঘুষের টাকা না,Bogra,,,Sarcastic_negative,0.3320195735719335,model,True
সয়াবিন তেলের দাম মূল্য থেকে আরও বেশি,Dhaka,,,Sarcastic_negative,0.3778307110182486,model,True
"কথা না বলে কাজ করুন আমাদের মতো সাধারণ মানুষের জন্য,,, আমরা দ্রব্যমূল্যে জন্য সমস্যা এর মধ্যে আছি বাংলাদেশের জনগন,,,,আলু,৩০,,প…",Dhaka,,,Positive,0.8813144040620651,model,False
"তেলের দাম কমানুর হেডম দেখান,পারলে",Dhaka,Chittagong,,Negative,0.5401232329488942,model,False
"এ ভাই এই ধারাবাহিক কৌতুক থুরি এই ধারাবাহিক উপন্যাস কোন শেষ হবে,, কিছু তো হচ্ছে না শুধু আমাদের অর্থনীতির ১২ টা বাজাই ফেলতেছে,,",Dhaka,Rangpur,Kurigram,Negative,0.5938592298718895,model,False
আগেছিল কাদের আর এখন সালাউদ্দিন । বিনোদন আর বিনোদন।,Dhaka,,,Positive,0.6842004556407707,model,False
বিদ্যুৎ তাহলে কি,Dhaka,Rangpur,Kurigram,Sarcastic_negative,0.5743180843116973,model,False
হা হা হা হা হা হা হা হা হা হা হা হা হা হা হা হা হা হা,Dhaka,Noakhali,,Negative,0.4579004329455643,model,True
তাহলে বাজারে গিয়ে দেখেন!,Dhaka,Chittagong,,Sarcastic_negative,0.5303629765809279,model,False
1ta gorib o nai ta kinto shotti,Dhaka,Narsingdi,,Sarcastic_negative,0.547271869356684,model,False
মুখে অনেক কিছু বলেন কাজের বেলায় ঠন ঠন,Feni,,,Sarcastic_negative,0.4707514327798737,model,True
বাজারে খবর নাও,Feni,,,Sarcastic_negative,0.7154963285143898,model,False
কমেডি ভবন তেলের দাম বাড়ছে বিদ্যুৎ দাম বাড়ছে মানুষকে এখন সব বোকাচো,Dhaka,,,Positive,0.5209411551401163,model,False
ফল আমদানিতে ট্যাক্স জিরো করা হোক,Dhaka,Jessore,Narail,Positive,0.4757301107115164,model,True
"কেমন জানি,মাতালের মতো কথা বলে।",Dhaka,Rangpur,Mymensingh,Positive,0.8774061189805147,model,False
আমরা সাধারণ মানুষ ট্যাক্স দিয়ে কি করব নিত্য পণ্য জিনিসের দাম কমান তাহলে চলবে,Bogra,,,Negative,0.4842198429169782,model,True
He is soo cool,Dhaka,Khulna,,Sarcastic_negative,0.5014562663598974,model,False
কাউয়া,Khulna,,,Sarcastic_negative,0.3752914429976545,model,True
ভাই ওনার কথা পুরা ছুরির মত ্্্,Dhaka,Narsingdi,,Positive,0.7142657689039269,model,False
কাচা মরিচ 400 টাকা কেজি,Sylhet,,,Sarcastic_negative,0.3764955737243908,model,True
সরকার যদি বলতেন কিসের দাম কমাইতে হলে আমাদের জন্য ভালো হতো,Chittagong,,,Negative,0.6678349016097095,model,False
এখনকার সংসদ এবং আগেরকার সংসদ রাত পার্থক্য,Dhaka,Gazipur,,Negative,0.4778926542178918,model,True
আমাদের টাকা দিয়ে বিনোদন কেন্দ্র খোলা হয়েছে,Chittagong,,,Negative,0.5555695620022014,model,False
স্যার বিদ্যুৎ বিল আর গ্যাস যা আসছে তাতে নিত্যপ্রয়োজনীয় জিনিসের দাম কমাই লাব কি। হুমায়ুন আহাম্মেদের একটা ডাইলগ আছে কে কে তা জানে,Chittagong,Noakhali,,Negative,0.3952882286294863,model,True
প্রধানমন্ত্রীকে সালাউদ্দিন সাহেব নাকি তারেক রহমান কিছুই বোঝা যায় না,Mymensingh,,,Positive,0.5836114760976172,model,False
ভুয়া,Dhaka,,,Sarcastic_negative,0.4070844162607047,model,True
মুনাফিক,Dhaka,Brahmanbaria,,Sarcastic_negative,0.4155294822311177,model,True
চাঁদাবাজি কি বন্ধ হয়েছে মুরুব্বি।,Chittagong,,,Sarcastic_negative,0.4940761147416367,model,True
তেল গ্যাস বিদ্যুতের দাম সাইক্লোন হারে বৃদ্ধি করলে কি নিত্যপণ্য দ্রব্য আপনারা মাথায় করে ভোক্তাদের কাছে পৌঁছাবেন?,Bogra,,,Sarcastic_negative,0.5079493691297261,model,False
বিদ্যুৎ তেল গ্যাসর দাম বাড়াইলে সব কিছু দাম এভাবেই বেড়ে যায়,Dhaka,Chittagong,,Sarcastic_negative,0.4402198990089364,model,True
সংসদ নয় যে পাগলা গারত,Chittagong,,,Sarcastic_negative,0.5557526426462418,model,False
তাহলে বিদ্যুৎ কি,Bagerhat,Dhaka,,Sarcastic_negative,0.5743180843116973,model,False
ট্যাক্স না বাড়ালেও দাম তো ঠিকই বাড়ছে,Khulna,Satkhira,,Sarcastic_negative,0.4705403139338592,model,True
কথার সাথে কাজে মিল নাই। আপনদের জবানের কোন ঠিক নাই,Dhaka,,,Positive,0.5399690588310178,model,False
অর্থ মন্ত্রী গত কয়েক আগেও তো বলেছে মুদি দোকানে টেক্স বসানো হবে তিনি কি তা শোনেনি?,Mymensingh,,,Sarcastic_negative,0.3287085197658141,model,True
Misa hota R hoto hobi,Rajshahi,Narayanganj,,Sarcastic_negative,0.5544977144650665,model,False
রাইট,Satkhira,Khulna,,Positive,0.4126929826395739,model,True
ভালো লাগলো,Dhaka,Mymensingh,,Sarcastic_negative,0.5419867383360861,model,False
দাম তো বৃদ্ধি করা সো দাম কমা নিয়ে বলা উচিৎ,Dhaka,Rangpur,Moulvibazar,Positive,0.4902199947023891,model,True
স্বরাষ্ট্রমন্ত্রী,Dhaka,,,Positive,0.3846657380051998,model,True
"ঋন নিয়ে ক্ষমতায় জিতে বড় লোক হওয়ার চেয়ে গরিব হওয়া অনেক গর্বের বিষয়, গরিব দুঃখি মানুষেরা'ই ধনী ও বিত্তশালীদের থেকে আগে জান্নাতে…",Dhaka,Kishoreganj,,Positive,0.4867181115457898,model,True
আমার মনে হয় এটা অত্যন্ত গুরুত্বপূর্ণ বিষয়। লাখ লাখ আমানতকারীদের হাজার হাজার কোটি টাকা ফেরত পাওয়ার জন্য মাসের পর মাস যাবৎ আন্দো…,Khulna,Jessore,,Negative,0.7918339681224976,model,False
"যাক এবার অর্থ মন্ত্রণালয়ের দায়িত্বটাও কাঁধে নিলেন?? এটাই তো চাই,,,, নিজের খেয়ে বনের মহিষ তাড়ানো,,",Jessore,,,Sarcastic_negative,0.4694744544764159,model,True
ভারত থাকতে থাকতে তার বাংলা উচ্চারণ ভারতীয়দের মতো হয়ে গেছে। জোকার জোকার লাগে কথা,Dhaka,,,Positive,0.4985267085064736,model,True
কোন দিক দিয়ে কমাইছে চাপাবাজি এর জায়গা নাই,Dhaka,Chittagong,Brahmanbaria,Sarcastic_negative,0.4793863869473163,model,True
মুখে কাজে কোন মিল নাই,Chittagong,Comilla,,Neutral,0.3515677165207045,model,True
বাজেটের আগে তো সব পণ্যের দাম বাড়িয়ে দিয়েছো,Sylhet,Comilla,,Negative,0.5782096718429092,model,False
"চান্দার পরিমাণ বাড়িয়ে দাও রাস্তায় রাস্তায় রাত থামিয়ে থামিয়ে, তাহলেই দ্রব্যমূল্যের দাম কমবে",Bagerhat,Dhaka,,Negative,0.5726019924791605,model,False
Ai shala bazar jai dak baincod,Dhaka,Comilla,,Sarcastic_negative,0.6212713985827316,model,False
উনিতো বাজারে যায় না বুঝবে কি করে,Chittagong,Bagerhat,,Positive,0.4441564691134353,model,True
ট্যাক্স কমাইলে ব্যবসায়ীরা লাভবান কারণ ব্যবসায়ীরা তো জিনিসের দাম কম করতেছে না।,Dhaka,,,Sarcastic_negative,0.5726783546296493,model,False
হাসাহাসি হলে খালি গরিবদের নিয়েই কেনো হয় ...দেশের অর্থনীতির চাকা এই গরিবরাই সচল রাখে ।,Dhaka,Brahmanbaria,,Sarcastic_negative,0.4182977360620213,model,True
দাম বারলেই কি আর না বারলেই আপনাদের তো কিনে খাওয়া লাগে না আর গরীব মানুষের কোন সমস্যা হয় না কারণ এদের শরিরে আর রক্ত নাই চুষে খেত…,Dhaka,,,Positive,0.5905769250744016,model,False
এ বক্তব্য অর্থমন্ত্রী মহোদয় দিলে ভালো হতো!,Dhaka,Rajshahi,Bogra,Negative,0.3606492678144666,model,True
Then why is the price of rice upwarding? Please do something,Khulna,,,Neutral,0.5071201074029398,model,False
মামু কারেন্টত সবাই ব্যবহার করে যে বাশ কারেন্ট বিলে দিছেন আপনাদের সবার প্রতি সহানুভূতি কেননা আমরা যে বাশ কারেন্ট বিলে খাইছি এক মাসে মামু,Chittagong,Brahmanbaria,,Negative,0.4769709913432618,model,True
তেলের দাম বাড়লো আর কিছু আপনি বাড়ানোর দরকার নেই এমনিতেই বেড়ে যাবে,Dhaka,,,Sarcastic_negative,0.430581549470218,model,True
এই কথা আপনি বলেন কা অর্থমন্ত্রী কি মারা গেছে,Dhaka,Gazipur,Feni,Positive,0.5029600177908523,model,False
কাঁচামরিচ ২৪০,Dhaka,Mymensingh,,Sarcastic_negative,0.5066071280080566,model,False
হ্যাঁ গরিবের জন্য কমানো হয়ছে। কিন্তু কোন গরীব --সেই গরীবের সংজ্ঞাটা দিয়ে যাইয়েন,Faridpur,Dhaka,,Sarcastic_negative,0.4762429427351962,model,True
ফালতু একটা মন্ত্রী,Khulna,Jessore,,Sarcastic_negative,0.463709109079618,model,True
বিনোদনের জন্য সেরা,Dhaka,,,Positive,0.3926762419266423,model,True
আগে মানুষ নাটক দেখতো এখন সংসদ দেখে,Dhaka,,,Positive,0.5804510582343969,model,False
মুখের বুলি আর বাস্তবতা ভিন্ন,Chittagong,Noakhali,,Positive,0.4869060254689484,model,True
1 ltd oil 190 Hote…,Dhaka,Khulna,Gazipur,Sarcastic_negative,0.5231548796755012,model,False
কারেন্ট বিল আগে আসতো ৪৫০/- এখন আসতেছে ১৩০০/- …,Dhaka,Chittagong,Pirojpur,Negative,0.3981345428385042,model,True
Tax baray nai dam barse kiser karone seta to bolbe na,Sirajganj,Rajshahi,,Neutral,0.5831025314208925,model,False
ওনার অহংকার চলে আসছে??,Chittagong,,,Sarcastic_negative,0.5711115861922291,model,False
আপনার মত ক্ষমা নেই ভাই দাদার আদান বেশি নেই,Chittagong,,,Sarcastic_negative,0.4526518525755997,model,True
Ki komaln,Dhaka,Chittagong,,Sarcastic_negative,0.5694145927477962,model,False
"সংসদ চলাকালে, এক যাতে বিদ্যুৎ না থাকে তার ব্যবস্থা করতে হবে, সাধারণ জনগণের বিদ্যুতের যে কষ্ট, তা বুঝতে এই ব্যবস্থা করতে হবে।",Dhaka,Khulna,,Neutral,0.3875448208384652,model,True
সার ডিজেল এগুলার দাম কমান বলদ,Dhaka,,,Positive,0.3433335373501566,model,True
বিদ্যুতের দাম দেশের দাম অনেক সত্তা এগুলা নিত্য প্রয়োজনীয়তা পরে না এগুলো দাম বাড়ানো হোক,Cox's Bazar,,,Positive,0.3552746206305326,model,True
এই বালের লেকচার শুধু মাত্র সংসদে থাকলেই হবে না।বাস্তবায়ন করতে হবে,Dhaka,,,Neutral,0.8507353422139151,model,False
বাজেটের আগে মানুষের পাছায় বাঁশ দিয়ে এখন হাতে তালি দেন,Dhaka,,,Positive,0.6673395035183862,model,False
"মানুষ এত বোকা নয়,জ্বালানি তেলের দাম বারলে অটো জিনিসের দাম বাড়ে।",Dhaka,,,Sarcastic_negative,0.493211528862617,model,True
এটা আপনার কথা না অন্যজনের দায়িত্ব আপনার খাদে নিচ্ছেন কেন,Chittagong,,,Sarcastic_negative,0.7798912805188707,model,False
বিদ্যুৎ বিল কমানো দরকার,Dhaka,,,Negative,0.4712191199515605,model,True
ৃৃ ন,Satkhira,Khulna,Bagerhat,Sarcastic_negative,0.4803267304938334,model,True
"ভাই পেট্রল, কেরোসিন, ডিজেল, গ্যাস সহ সারের দাম আবার বাড়ানো হইছে,,,, শুধু ভাষণ এ কম শোনা যায়,,,আর বাস্তবে বৃদ্ধি পায়",Khulna,,,Negative,0.5068939875753579,model,False
কত বছর বাজার করেন না মাননীয় পররাষ্ট্র মন্ত্রী,Dhaka,Rangpur,Gazipur,Sarcastic_negative,0.324545909897016,model,True
দাম তো কমে না,Dhaka,,,Negative,0.5310182064817401,model,False
ঠিক এখানে গরিব মানুষ নাই,Feni,,,Positive,0.3097749841961517,model,True
Bangladesh a Bike ( motorcycle) er upor tax&vat sob cheye beshi,Sirajganj,,,Sarcastic_negative,0.723962915250171,model,False
স্যার এক কেজি পোলাও চাল ১৯৫ কেজি স্যার,Dhaka,,,Sarcastic_negative,0.3792712998176719,model,True
অভিনেতা হুমায়ুন ফরিদী স্যারের অভিনয়ের সাথে মিল আছে।,Barisal,,,Negative,0.4037450310851745,model,True
আই ওয়াশ না করে তেলের দাম কমান দেখবেন সব কিছুই নিয়ন্ত্রণ হয়ে যাবে …,Sylhet,Habiganj,,Positive,0.4273056486676954,model,True
"জি স্যার গ্যাস এর দাম এতো কম টেক্স আর দরকার নাই,জ্বালানি তৈল যে দাম আর টেক্স লাগবো না",Dhaka,,,Positive,0.443739486341442,model,True
দয়া করে চালের দাম তেলের দাম অনেক বেশি এগুলো কমাতে বইলেন,Narayanganj,,,Positive,0.5192733229770985,model,False
জি ঠিক বলেছেন। সংসদে যারা বসেন তারা কেউ গরীব নয়।,Gaibandha,Madaripur,Bagerhat,Positive,0.4184633427419348,model,True
এইজন্যই তো ২০ টাকার টমেটো 300 টাকা কেজি খাচ্ছি,Dhaka,,,Negative,0.5350584234103825,model,False
কেউ যদি মিথ্যা কে হাত তালি দিয়ে সমর্থন করে তাহলে সেনিজেঅ অপরাদী,Dhaka,,,Negative,0.4480783668676572,model,True
ai vodai re jara vot dica tadr kopale sottii dukko aca.... Alllah maf koruk,Dhaka,Narail,,Sarcastic_negative,0.545438081677841,model,False
তেল?,Dinajpur,,,Sarcastic_negative,0.5586501524566967,model,False
বাড়াইলাম তেলের দাম খাদ্যদ্রব্য মূল্য বাড়ল কেমনে,Rangpur,,,Sarcastic_negative,0.4806212059998563,model,True
"সালাউদ্দিন আহমেদ ভাই একাই একশ, আল্লাহ তাকে নেক হায়াত দান করুন।",Chittagong,,,Positive,0.5537999627239648,model,False
Mane ki gali dibo khuje pacchi na,Dhaka,Rangpur,Thakurgaon,Sarcastic_negative,0.4830471949073368,model,True
বিদ্যুৎ কি নিত্যপ্রয়োজনীয় না????,Chittagong,,,Sarcastic_negative,0.4135259124427917,model,True
সংসদে বর্তমান সার্কাস চলে। টিকিট কতো। আমি বিয়ে করে বোউ নিয়ে সার্কাস খেলা দেখতে যেতাম।,Khulna,,,Negative,0.4598490595441305,model,True
ঠিক আছে গরীব মানুষ খারবে সরকারের কাছে আর কিছু চায়না,Chittagong,,,Negative,0.4960483513393284,model,True
বিদ্যুৎটা কি নিত্য প্রয়োজনীয় জিনিস না,Chittagong,,,Sarcastic_negative,0.5336859572817719,model,False
কারেন্ট গ্যাসের দাম বারালো কেনো,Dinajpur,,,Sarcastic_negative,0.4962486045719562,model,True
বট বাহিনীর জ্বলে বাজারে মোটামুটি নিত্য পন্যের দাম সহনীয় পর্যায়ে আছে। আইন শৃঙ্খলা পরিস্থিতি আরো ৩০%-৪০% উন্নতি করতে হবে তাহলে দেশ ঠান্ডা হয়ে যাবে।,Kishoreganj,Dhaka,Chittagong,Negative,0.4227069656800448,model,True
আর সার তেলর দাম বাড়ানো হবে।,Dhaka,Dinajpur,,Neutral,0.9067455458168486,model,False
সব বাটপার একসাথে হয়ছে।,Chittagong,,,Negative,0.609602849774768,model,False
আর কত রং দেখবারে মানুষ রংয়ের এই বাজারে,Dhaka,,,Negative,0.5228553629678581,model,False
"কোন জিনিসের দাম বাড়ে নাই? বিদ্যুৎ, গ্যাস সহ আরো অনেক আইটেমর দাম বেড়েছে।",Chittagong,,,Negative,0.3798408563890142,model,True
চালাকি বাদদেন তেল গ্যাসের মূল্য কতো পারসেন্ট বাড়িয়েচেন। বিদ্যুৎ দাম বাড়িয়ে দিয়ে সাধারণ মানুষের মন জয় করে দিলেন।,Dhaka,,,Positive,0.4251173380518067,model,True
Shikder Mehedi 𝑮𝒐𝒓𝒊𝒃 𝒎𝒂𝒏𝒖𝒔𝒉 𝒌𝒐𝒎 𝒕𝒂𝒊 𝑻𝒂𝒍𝒊 𝒌𝒐𝒎 𝒅𝒆𝒄𝒊,Dhaka,Khulna,Gopalganj,Neutral,0.3953278830760035,model,True
জোর করে ও তালি নেওয়া যায়,Rajshahi,,,Positive,0.5214883011204107,model,False
Alhamdulillah,Dhaka,,,Positive,0.5462164194000266,model,False
মাননীয় স্বরাষ্ট্রমন্ত্রী সাহেব আজ নোবেল কিনলাম ৬৭০ টাকা যেটা গত 15 আগে কিনেছিলাম ৬০০ টাকা দিয়ে আপনারা যা বলেন সেটা কাজে …,Kushtia,Dhaka,,Sarcastic_negative,0.3954756028501185,model,True
"তারা কথা বলে কিন্তু কাজ করে না,,আটা ময়দা চিনির দাম বারতি কেন",Chittagong,,,Positive,0.9159325272393912,model,False
আয়াএও1ক যুযস,Dhaka,Gopalganj,,Sarcastic_negative,0.4508982154595641,model,True
কোন কোন জিনিসের দাম কমানো হয়েছে আমাদের একটু বলেন তাহলে জনগণ হাততালি দেবে।,Rangpur,Naogaon,,Negative,0.4519910933790412,model,True
সে মনে হয় নেশা করে আসছে,Dhaka,Kishoreganj,,Sarcastic_negative,0.4793810665974595,model,True
116 takar petrol -140 taka,Moulvibazar,,,Sarcastic_negative,0.564065028997848,model,False
ঠান্ডা রুমে বইসা লেকচার না দিয়ে একটু সরজমিনে নেমে দেখেন মানুষের কি দশা,Dhaka,,,Sarcastic_negative,0.4142812427098732,model,True
বিদ্যুতের বিল কম করেন।,Naogaon,Dhaka,Rajshahi,Sarcastic_negative,0.3803614965707439,model,True
কমেডি,Dhaka,,,Negative,0.4283312914734318,model,True
ট্যাক্স বন্ধ করে চান্দার ওয়াক্ত ১টা বাড়িয়ে দেওয়া হবে,Dhaka,Pabna,,Neutral,0.4628401893434484,model,True
আপনারা গাল মারা বঅন্ধ করে করমসংস্থান বৃদ্ধি করুন,Cox's Bazar,,,Positive,0.4825518230144746,model,True
মাশাল্লাহ খুব ভালো কাজ গরিবের প্রতি রহমত হবে,Dhaka,,,Neutral,0.6846174163781601,model,False
রাস্তায় রাস্তায় চাঁদা ওইডা কি করবেন বলেন,Comilla,,,Positive,0.7039248832262934,model,False
KOTHAI KOMSE GHAR DHORE NIYA JAITAE HBE MARKET,Dhaka,Dinajpur,,Sarcastic_negative,0.580359156429869,model,False
পার্শ্ববর্তী দেশের স্বরাষ্ট্রমন্ত্রী আর বাংলাদেশের স্বরাষ্ট্রমন্ত্রী পুরা আজব মিরাক্কেল। শিলং এর ভাষায় কথাবার্তা।,Dhaka,Chittagong,,Positive,0.7836223614534138,model,False
লবন কেজিতে ৫ টাকা বেরেগেছে,Dhaka,Mymensingh,,Sarcastic_negative,0.4888431303813885,model,True
পোলার চাল ১৭০-১৮০ টাকা,Dhaka,,,Sarcastic_negative,0.348798745202689,model,True
ভাইরে ভাই আপনি একটা জিনিস,Sylhet,,,Sarcastic_negative,0.6261619698645163,model,False
তোরে আর কেউ বিশ্বাস করে না মামু,Feni,,,Positive,0.882737128591378,model,False
সরকার যেই আছে সেই কি আমাদের বলদ বানায় যদি জ্বালানো তেলের দাম বারে তাইলে কি দ্রব্যমূল্যের দাম বাড়ে না।বিদ্যুতের দাম বারলে কি …,Dhaka,Khulna,,Negative,0.8115382964465485,model,False
তোর কথার ভোর রাত্রে ফাঁদে এক সমান,Feni,,,Positive,0.7510985984347616,model,False
কীটনাশকের দাম বাড়ায় দিয়েন,Barisal,,,Negative,0.3954837896737173,model,True
লজ্জা এ জাতির জন্য,Magura,,,Sarcastic_negative,0.3837991880704983,model,True
চোর দিয়া সংসদ ভরা,Chittagong,Chandpur,,Negative,0.4064564918108762,model,True
Halar vai tui to rin khelapi re,Lalmonirhat,Dhaka,Rangpur,Sarcastic_negative,0.5544824072712451,model,False
"তোদের কোন মাটি দিয়ে তৈরি করা হয়েছে, আমার জানা নাই?",Dhaka,Rangpur,,Negative,0.4634889258126137,model,True
ভারতের দালাল,Dhaka,Mymensingh,Gazipur,Negative,0.6598854155920347,model,False
যোগ্য মূল্য দাম এখনো তো বেশি দাম আর কমবে না,Dhaka,,,Positive,0.7991832769955235,model,False
কোন জিনিসে ট্যাক্স নাই তাহলে এত দাম কেন বাজারে যান কোন জিনিস কিনেন নাকি,Lakshmipur,,,Sarcastic_negative,0.7304288483846352,model,False
বিদ্যুৎ বিল দিমু নায়,Rajshahi,Barisal,,Sarcastic_negative,0.4043658937915565,model,True
৬০/- টাকার সাবান ৬৫/- টাকা হইলো। হেতে কি সাবান মাখেনা।,Rangpur,,,Sarcastic_negative,0.3851048367203612,model,True
দেশে যখন কিছু একটা জিনিসের দাম বৃদ্ধি করা হয় ওই জিনিসের সঙ্গে অঙ্গাঙ্গি ভাবে বাকি জিনিসের ও দাম বৃদ্ধি পেয়ে যায়,Dhaka,Narsingdi,Natore,Positive,0.3774500322438061,model,True
সংসদকে হাসির খোরাক বানায়েন না প্লিজ,Jhenaidah,Dhaka,,Sarcastic_negative,0.4144192757203708,model,True
তেলের দাম গ্যাসের দাম বাড়ালে নিত্য পণ্যের দাম এমনিতেই বেড়ে যাবে,Chittagong,,,Sarcastic_negative,0.5070545745411956,model,False
এজন্যই বাজারে প্রত্যেকটা জিনিসের দাম ১০ টাকা ২০ টাকা বেড়ে গিয়েছে বুঝতে পেরেছি,Dhaka,Shariatpur,,Negative,0.7779705686400744,model,False
তাহলে বছরে ২-৩ বার সিগারেটের দাম বাড়ে কেন?,Chittagong,,,Sarcastic_negative,0.634559975725509,model,False
আর কত হাসি ঠাট্টা,Dhaka,,,Positive,0.4635098237927936,model,True
বাটপারি,Sylhet,,,Negative,0.8346318179804016,model,False
আগে সাধারন মানুষের নিরাপত্তার ব্যবস্থা করুন না হলে পথ ছেড়ে দেন,Dhaka,Rajshahi,Tangail,Negative,0.3359261916877262,model,True
মুদির দোকান থেকে ট্যাক্স নিলে এটা কি দ্রব্য মূল্যের উপর দিয়ে যাবেনা?,Chittagong,,,Negative,0.7976378874021035,model,False
দেশটারে কি বিইছ্ছা দেওয়া যায় না,Comilla,,,Sarcastic_negative,0.5013355126411464,model,False
এখানে বেশিরভাগ চোর আর নির্লজ্জ তাই তালি কম,Chapainawabganj,,,Negative,0.4908267647877909,model,True
"গ্যাস, বিদ্যুৎ, তেল এটা কি নিত্য প্রয়োজনীয় জিনিস নয়?",Satkhira,Khulna,,Positive,0.3863452264099473,model,True
"১৭ বছর ভারতে RAW এর ট্রেনিং নেওয়ার পর, বাঙালী কেমনে তারে এমপি ও সরকার স্বরাষ্ট্রমন্ত্রী বানায়।",Dhaka,Dinajpur,Thakurgaon,Sarcastic_negative,0.4598631865642256,model,True
তেলের দাম বিত্যুত এর দাম বাড়িয়ে কোন জিনিষের দাম কৃ রাখছেন,Rajshahi,,,Sarcastic_negative,0.5858205612245379,model,False
এইটা তো উনার সাবজেক্ট না,Sylhet,,,Negative,0.3743122880173328,model,True
মুখে এক কাজে আরেক,Dinajpur,,,Positive,0.5868547837772923,model,False
নিজেকে জোকারে পরিণত করছে।।,Rajshahi,,,Negative,0.8921656440000222,model,False
নিত্য প্রয়োজনীয় জিনিসপত্রের উপর জিরো ট্যাক্স করা দরকার। শিশু খাদ্য ও ফল এর উপর ও জিরো ট্যাক্স করতে হবে।,Dhaka,Barisal,,Neutral,0.3378285798237566,model,True
Apne k kompony nise,Dhaka,,,Sarcastic_negative,0.5893716831689507,model,False
কথা কাজেমিলথাকেনা,Bhola,Noakhali,,Positive,0.7919618299799136,model,False
Foler dam to komano hoy nai,Dhaka,Comilla,,Neutral,0.4504284926485674,model,True
"স্বরাষ্ট্রমন্ত্রী, কথা গুলো একটা মিসাইল",Dhaka,,,Positive,0.5713300447420996,model,False
রাইট সালাউদ্দিন আহমেদ,Chittagong,,,Neutral,0.3338829579278158,model,True
দয়া করে ফলের উপর থেকে ট্যাক্স কমান।,Dhaka,,,Negative,0.3967032463887732,model,True
"শিলং কি বলে, এখন পর্যন্ত তো কোন দাম কমেইনি",Barisal,,,Positive,0.4474668540399526,model,True
"তেল তো নিত্য প্রয়জনীয়,, তাহলে কমাননা কেন",Dhaka,,,Sarcastic_negative,0.5180467310198971,model,False
খুব ভালো লাগলো ধন্যবাদ মাননীয় স্বরাষ্ট্রমন্ত্রী,Dhaka,,,Positive,0.6366980675140373,model,False
দেশটা ইউরোপ আমেরিকার মতো উন্নয়নশীল হলে টেক্সট লাগানো উচিত হতো।।,Khulna,,,Negative,0.5880675223114888,model,False
কিছু মানুষের বক্তব্য শুনলে মনে হয় বাটপার আছে।,Pabna,,,Negative,0.5951229454089235,model,False
আলাদা দেখলে মনটা চায়,Dhaka,,,Negative,0.6149162454526828,model,False
তাহলে সয়াবিন তেল এখনো কেন ২০০ টাকা করে প্রতি লিটার,Habiganj,Sylhet,,Positive,0.4679644086339935,model,True
তাহলে বিয়েতেও ট্যাক্স কেন???,Dhaka,Narayanganj,,Sarcastic_negative,0.5416764473045839,model,False
ছল বেশি!,Dhaka,Chittagong,,Sarcastic_negative,0.3782864100909192,model,True
আচ্ছা এ সালাউদ্দিনের দায়িত্ব কি,Dinajpur,,,Sarcastic_negative,0.3480490165378315,model,True
"সবার ২ নাম্বার টাকা আছে, তাই তালি দিতে সমস্যা হয়",Chittagong,,,Negative,0.3428498001335345,model,True
কি কমালেন ভাই,Rajshahi,,,Sarcastic_negative,0.3091989082840429,model,True
বাল কামাইছে সব জিনিসের দাম বাড়াইছে তেলের দাম কমাইলে সব জিনিসের দাম কমবে,Pabna,,,Sarcastic_negative,0.5880121400910603,model,False
তাহলে বিদ্যুতের দাম কেন বাড়ানো হল?,Feni,,,Sarcastic_negative,0.5979907971383593,model,False
সংসদে হাত তালি নেওয়ার জন্য না গিয়ে কাজ করে দেখান,Rangpur,Cox's Bazar,,Positive,0.451817952818997,model,True
াা,Dhaka,,,Sarcastic_negative,0.4635683157201793,model,True
তাহলে তাহলে জিনিসপাতি দাম কমে না কেন। বাজারে তো সব জিনিসের দাম আবার পাঁচ টাকা দশ টাকা করে বেশি নিচ্ছে। আগের থেকে।,Dhaka,Khulna,Jessore,Negative,0.5528330523906364,model,False
পাগলে কি কয়,Sylhet,Sunamganj,,Sarcastic_negative,0.7593976051912775,model,False
Gal cudai lav nai.,Chittagong,,,Sarcastic_negative,0.428078718773034,model,True
তার এই তুচ্ছ-তাছিল্য করা আর বেয়াদবি ক্রমাগতই বেড়ে চলছে,Dhaka,,,Positive,0.4182345909381869,model,True
কারেন্ট লাগবে।,Dhaka,,,Sarcastic_negative,0.3871685610353175,model,True
"সবার থেকে গরিব তো সালাউদ্দিন লুখিয়ে থাকতে থাকতে হটাৎ বের হয়ে এখন ধনি হয়ে গেছে,",Chittagong,Rangamati,,Positive,0.4663107916828424,model,True
Bainchud oil prices why become high.,Narayanganj,,,Sarcastic_negative,0.3986039451901487,model,True
Asob koby kajjokor hoby sir,Rangpur,Nilphamari,,Sarcastic_negative,0.5185464017514596,model,False
সব জিনিসে দামি বাড়ছে কই কোন এত দূর উপর কোন দাম ট্যাক্স কল হয়েছে বাজারে আবার চড়াই,Khulna,Satkhira,,Sarcastic_negative,0.5341346612044223,model,False
ধন্যবাদ,Comilla,,,Positive,0.6366609432454146,model,False
এরপরও কিছু মানুষ তালি দেয় নাই,Comilla,,,Neutral,0.3058745130323826,model,True
সবকিছু না থাকলেও বিনোদন থাকবে,Chittagong,,,Sarcastic_negative,0.5612259601219365,model,False
"জনগণ তো ক্ষেপেই আছে, শুধু আল্লাহ ক্ষেপে গেলেই হবে।",Khulna,,,Neutral,0.5575257478230325,model,False
এনার ক্ষমতা শুধু সংসদে এর বাইরে এনার কোনো ক্ষমতাই দেখা যায় না হেডার মন্ত্রী,Chittagong,Patuakhali,,Positive,0.423884947235206,model,True
পাগলা,Rangpur,,,Sarcastic_negative,0.7166101195851916,model,False
জোকার,Habiganj,,,Sarcastic_negative,0.3867251333497808,model,True
মানে একটা সার্কাস পানা সব কয়টা,Khulna,Jessore,,Sarcastic_negative,0.5176113494197093,model,False
বেহায়া সাউয়া।,Khulna,Satkhira,,Sarcastic_negative,0.4199134632267722,model,True
এদের দ্বারা দেশ পরিচালনা আসেনি এদের জন্য এসে বাজারে মাছ আর ধান ক্ষেতে চাষ করতে,Chittagong,,,Sarcastic_negative,0.3750382598674422,model,True
বিদ্যুৎ এর বিল বাড়লো কেন..?,Feni,,,Sarcastic_negative,0.6679043170475795,model,False
চলে গেছে কাউয়া রেখে গেছে সাউআ,Chittagong,,,Sarcastic_negative,0.6710150801330605,model,False
Pagol,Dhaka,,,Sarcastic_negative,0.4579431857278881,model,True
বিদুৎ এর ইউনিট গোপনে বাড়াইয়া উপরে উপরে এগুলা,Sirajganj,,,Sarcastic_negative,0.3817584373877243,model,True
কথা সত্য,Dhaka,,,Positive,0.6334269483319344,model,False
Talar.gasar.bidutar.dam.barla.am.nita.barba,Bhola,,,Sarcastic_negative,0.5066723687792173,model,False
জোকার,Dhaka,,,Sarcastic_negative,0.3867251333497808,model,True
এম পি আবার গরিব হয় কেমনে,Sylhet,,,Sarcastic_negative,0.3917580138591487,model,True
যেগুলো বাড়াইছে এগুলো কি তোর আব্বা বাড়াইছে,Khulna,,,Sarcastic_negative,0.4002038594805718,model,True
"এ দেশ কখনোই উন্নত বিশ্বের সাথে তাল মিলিয়ে এগোবে না,,,,,এ দেশের চুর বাঠপার ব্যক্তি স্বার্ত্য কখনো কমবে না,এ দেশ কখনো ঠিক হবে না",Dhaka,Mymensingh,,Sarcastic_negative,0.3755631729809264,model,True
Fapor bazi oi jagay e chole,Dhaka,,,Sarcastic_negative,0.5253260481510357,model,False
ওবায়দুল কাকুর কপি ভার্সন,Sirajganj,,,Neutral,0.2848611053184195,model,True
স্বরাষ্ট্রমন্ত্রী আসলেই একটা জিনিস,Dhaka,Gazipur,Naogaon,Sarcastic_negative,0.349810417977378,model,True
বিরত আর বাহির অনেকটা রাত আর,Netrokona,Sylhet,,Positive,0.4810622405106813,model,True
সয়াবিন তেল খুচরা মুল্য ২২০ হয়ে গেছে,Dhaka,Barisal,,Sarcastic_negative,0.6590699145330269,model,False
বাজারে গেলে মানুষ বুঝতে পারে কেমন চলছে।,Chittagong,,,Sarcastic_negative,0.506397284652415,model,False
Bainxud e koilo da ar barabo na .mane baraibar caichil .,Mymensingh,Sherpur,,Sarcastic_negative,0.5530800717447653,model,False
"মাদারবোর্ড রা এখন গরীব নিয়ও সংসদে তামাশা করে,,",Khulna,Jessore,,Positive,0.4504200802500545,model,True
সংসদ ভবন নাকি সা-উ-ংসদ ভবন বুঝলে বুঝ পাতা,Chittagong,,,Sarcastic_negative,0.5350384903105645,model,False
কাজীর গরু কিতাবেতে গোয়ালেতে ফাকা,Mymensingh,Sherpur,,Sarcastic_negative,0.5082964096189453,model,False
Shob kichur daam barai diye boltosos daam barano hobena,Chittagong,,,Sarcastic_negative,0.6088920451836032,model,False
Khankir pula,Feni,,,Sarcastic_negative,0.4625354506020817,model,True
সংসদ দেশের জন্য গুরুত্বপূর্ণ একটা স্থান সেখানে তামাসা মসকরা বেড়ে ই চলছে,Dhaka,,,Sarcastic_negative,0.4629115881935157,model,True
বাল পাকনা,Comilla,,,Sarcastic_negative,0.4651664432098314,model,True
এটা Moman Talukdar এর মতো,Faridpur,Dhaka,,Negative,0.3248564211609338,model,True
সালাউদ্দিন সাহেব অসাধারণ বক্তব্য দেন এবং কিছু মজাদার কথা বলেন মাশাল্লাহ,Kurigram,,,Positive,0.7609759700370068,model,False
"কৃষক আগে বাচা,,, কৃষক এর মুল্য কই",Rangpur,,,Neutral,0.3836835428079229,model,True
উনি কি কৃষি মএী নাকি??,Dhaka,,,Neutral,0.3841011713110578,model,True
"চোরের দল আগে কারেন্ট বিল দিতাম ৭০০, থেকে ৮০০টাকা, আর জুন মাসের থেকে বিল দিতে হচ্ছে ২১০০, ২২০০",Khulna,Jessore,,Negative,0.6859572313358064,model,False
১২০০ টাকার গ্যাস সিলিন্ডার ২০০০ টাকা,Cox's Bazar,,,Negative,0.3804461946500127,model,True
100,Dhaka,,,Sarcastic_negative,0.4528441913049016,model,True
সকলে ফসল উৎপাদন সকলে কমিয়ে দেন।,Rajshahi,,,Sarcastic_negative,0.3892791650893921,model,True
....!...,Chittagong,Chandpur,,Neutral,0.3633361816290176,model,True
পাগল ছাগল দিয়ে দেশ চালাচ্চে দেশ টাও পাগলের বসবাস হয়ে গেচে,Chittagong,,,Sarcastic_negative,0.7131489830075315,model,False
ওখানে তো গরীব নাই,Barisal,,,Sarcastic_negative,0.3853689206784065,model,True
উনি সিংহের মত কথা বলতে পারেন এবং উনার বক্তব্য ভালো করে শুনবেন তাহলে বুঝবেন উনি কি,Kurigram,,,Positive,0.4694672305074526,model,True
Comedian,Dhaka,Barisal,,Sarcastic_negative,0.3861925554190406,model,True
আপনার কথায় বিশ্বাস কম এর জন্য তালি দেয় নাই,Dhaka,Comilla,,Sarcastic_negative,0.5237773329809066,model,False
মাজে মাজে সত্যি কথা এইভাবে বলতে নেই,Comilla,,,Positive,0.4532402986933744,model,True
তাই হউক স্যার,Cox's Bazar,,,Sarcastic_negative,0.4340955531506853,model,True
জিনিস একটা,Khulna,Chuadanga,,Sarcastic_negative,0.4897906475285896,model,True
আলহামদুলিল্লাহ,Cox's Bazar,,,Positive,0.6722752494029804,model,False
এর কথা বলার যে ধরন এই অহংকার তাকে ধ্বংস করে দিবে।,Dinajpur,,,Positive,0.7841183265331917,model,False
চাদাবাজি তো ঠিকই বাড়ছে,Dhaka,Madaripur,,Sarcastic_negative,0.5703237218977395,model,False
জোকার,Dhaka,Rangpur,Lalmonirhat,Sarcastic_negative,0.3867251333497808,model,True
সবজি ১০০,Dhaka,Kishoreganj,Narsingdi,Neutral,0.6055727395654226,model,False
তাহলে তেলের দাম বাড়লো কেন,Dhaka,Jessore,,Sarcastic_negative,0.6310592646960087,model,False
"বিদ্যুতের দিকে একটু লক্ষ্য রাইখেন,এই যুগে এসেও দেড় পর কারেন্ট এসে ১০ পরে আবার দেড় র জন্য চলে যায়",Dhaka,Gazipur,,Negative,0.77657024976154,model,False
একের কাকু আমাদের,Khulna,Satkhira,,Negative,0.5427218182577397,model,False
এই বক্তব্য কি স্বরাষ্ট্রমন্ত্রীর নাকি বানিজ ্য মন্ত্রীর কার বক্তব্য কে দেয়।,Chittagong,,,Negative,0.5348663852716533,model,False
১০০% ঠিক,Chittagong,,,Neutral,0.5841386813119086,model,False
ঠিক বলেছেন,Dhaka,Chittagong,,Positive,0.7400414652914377,model,False
"গরীব মানুষ কম, চোর-বাটপার বেশি",Comilla,,,Negative,0.7872249488000228,model,False
গরিবের টাকা মেরে বড়োলোক হওনাই তোমরা ছোটোলোকই আছো,Dhaka,,,Negative,0.5429314547155565,model,False
অনেক সুন্দর হয়েছে ভালোবাসা অবিরাম,Lalmonirhat,Rangpur,,Sarcastic_negative,0.6160840816738112,model,False
মাশাআল্লাহ,Cox's Bazar,,,Negative,0.7025170713543295,model,False
কার দায়িত্ব কে পালন করছে,Dhaka,Khulna,Kushtia,Sarcastic_negative,0.4213620906321458,model,True
অভিনন্দন,Sirajganj,,,Negative,0.3519274100807112,model,True
"জামাত, এনসিপি হাত তালি দিচ্ছে না, মানে তারা বড়লোক!",Khulna,Magura,,Negative,0.4244500846666356,model,True
তাই যেন হয়,Dhaka,,,Sarcastic_negative,0.4624324774648062,model,True
গ্যাস ৮০০ টাকা করে দেখান,Chittagong,Dhaka,,Positive,0.6688816137820869,model,False
আলহামদুলিল্লাহ,Pirojpur,Dhaka,Barisal,Positive,0.6722752494029804,model,False
Alhamdulillah,Dhaka,Narayanganj,,Positive,0.5462164194000266,model,False
Right,Dhaka,Rangpur,,Sarcastic_negative,0.4635683157201793,model,True
"এটা ঠাট্টা করার জায়গা না, ঠাট্টা করো আর কয় পর বুজবা ঠাট্টা কি জিনিস, জনগন বুজাবে",Dhaka,Mymensingh,,Positive,0.6735639950810053,model,False
ইনশাআল্লাহ,Dhaka,,,Positive,0.8463126400605551,model,False
"আলহামদুলিল্লাহ আমিন,",Dhaka,Bogra,,Positive,0.506566277028548,model,False
বিদেশ থেকে যেসব ফল আসে তার উপর থেকে ট্যাক্স সরিয়ে নেয়া হোক তাহলে গরিব মানুষ পুষ্টিকরি ফল খেতে পারবে।,Dhaka,Faridpur,,Negative,0.6000613203051471,model,False
Assalamu alaikum mashaallha,Mymensingh,,,Sarcastic_negative,0.5475999212422554,model,False
"আল্লাহর ওয়াস্তে বিদ্যুৎ এর দাম কমান,,",Feni,,,Negative,0.6120442502612939,model,False
তেলের দাম বাড়লে সব কিছুর দাম বাড়ে,Dhaka,,,Sarcastic_negative,0.4927987859815197,model,True
দ্বিতীয় কাউয়া কাদের,Feni,,,Sarcastic_negative,0.3602640769494334,model,True
আরে সালাউদ্দিন সাহেব তাহলে বাজারে এতো দাম কেনো।,Dhaka,Mymensingh,,Sarcastic_negative,0.3692109440480036,model,True
Alhamdullih,Dhaka,,,Sarcastic_negative,0.4813131716608717,model,True
কি কমানো হইছে সা*লা,Dhaka,Gazipur,,Sarcastic_negative,0.3895091272591636,model,True
শালা-উদ্দীন সাহেদ একটা উদাহরণ দেই...,Dhaka,Mymensingh,,Neutral,0.4442144232894968,model,True
তেলের দাম লিটারে ২৫ টাকা বাড়ানো হলো এটা কি নিত্যপন্য না,Dhaka,Narail,,Negative,0.4745177060574673,model,True
গুডড,Dhaka,Narail,,Sarcastic_negative,0.5154416644481491,model,False
Songsodke ara nosto korce ader kac theke valo kicu khokono keou asa kore na ara jukar,Dhaka,Chittagong,Bhola,Sarcastic_negative,0.5204855009496895,model,False
শুভকামনা রইলো,Rangpur,Kurigram,,Sarcastic_negative,0.7290662403921203,model,False
"আমি সরাসরি খাইয়া ঘুড়িয়ে পেরিয়ে খাই, এই আর কি,",Dhaka,Barisal,,Negative,0.676019739099665,model,False
মাননীয় সরকার প্রধান বিদ্যুৎ বিলের ব্যাপারটা গ্রামের সাধারণ জনগণ অসন্তুষ্ট আপনি অন্য খাতে রাষ্ট্রীয় মুনাফা আদায় করেন কিন্তু …,Dhaka,Khulna,Gazipur,Sarcastic_negative,0.3890059146968005,model,True
আমরা এটাই চাই পাশাপাশি দাম সব জিনিসের কিছু কিছু করে কমানো হোক,Comilla,,,Negative,0.4745834881547351,model,True
বিড়ি কি নিত্য প্রয়োজনীয় পণ্য নয় পিও?,Dhaka,Bogra,,Sarcastic_negative,0.4864553715108484,model,True
গ্যাস দাম,Dhaka,Gazipur,,Sarcastic_negative,0.4474350620473309,model,True
চাউল গ্যাস আওতায় কিনা,Chittagong,,,Sarcastic_negative,0.5693597290902539,model,False
কারেন্টের দাম গ্যাসের দাম পাগল বানাইছে মানুষকে,Chittagong,Dhaka,Gazipur,Sarcastic_negative,0.4960856276616918,model,True
সালাউদ্দিন আহমেদ,Dhaka,,,Neutral,0.5192982194606867,model,False
জালানি বৃদ্ধি গ্যাস বৃদ্ধি …,Chittagong,Lakshmipur,,Sarcastic_negative,0.4381080302452911,model,True
"রাইট, গরিব রা তো ভোট দেওয়ায় জন্য জন্মাইছে",Shariatpur,,,Positive,0.5421195669413663,model,False
সঠিক বলেছেন,Dhaka,,,Positive,0.8156369976832717,model,False
"আলহামদুলিল্লাহ, সুন্দর বাজেট জনগণের কল্যাণে হওয়ায় জনগণের প্রধানমন্ত্রী জনাব তারেক রহমান সাহেব ধন্যবাদ",Sylhet,,,Positive,0.9270821294527208,model,False
তার কাজ হইল আন নিয়ে কথা সে ও এখন অন কিছু নিয়ে কথা বলে যেটা তারেক রকমান বলার কথা এটা বলে সালাউদ্দিন কেন তারেক রকমান কি বোবা আমার তো মাতা আসে না,Madaripur,Sylhet,,Positive,0.9016207857917654,model,False
সালাউদ্দিন সাহেব মনে হয় জানেন না নিত্য পয়জনিয় জিনিসের দাম যে আগেই বাড়িয়ে দেওয়া হয়েছে?,Dhaka,Sirajganj,,Sarcastic_negative,0.4883127159412391,model,True
হাজার হাজার গরিব দুঃখী মানুষের টাকায় সংসদটাকে নাট্যমঞ্চ বানিয়ে ফেলছে,Sylhet,,,Negative,0.3633752078813055,model,True
"খালি দাম বাড়বে, টেকস বসাবে না",Dhaka,,,Sarcastic_negative,0.4536494525829608,model,True
ফালতু বক বক,Dhaka,,,Sarcastic_negative,0.383238742622714,model,True
"তেলের দাম বেশি গ্যাস বিদ্যুৎ এ-ই গুলো বেশি ব্যবহার করা হয়,,দাম বেশি",Dhaka,Thakurgaon,,Positive,0.53952969197826,model,False
অসাধারণ তারেক রহমান,Dhaka,Narayanganj,,Positive,0.4054908476764897,model,True
তার পরেও বাজারে দ্রব্য মূল্যের দাম বাড়তেছে।,Chittagong,,,Negative,0.8404408300589715,model,False
মাননীয় মন্ত্রী মহোদয় আপনার অবগতির জন্য জানাচ্ছি সিগারেট কিন্তু অতি প্রয়োজনিয় নিত্য দ্রব্য।,Dhaka,,,Sarcastic_negative,0.6277348853373169,model,False
"তেল,গ্যাস,বিদ্যুৎ কি?",Narsingdi,,,Sarcastic_negative,0.432424265335064,model,True
All in one,Natore,,,Sarcastic_negative,0.497602070660749,model,True
ভারতীয় এজেন্ট মুনাফিক শিলং সালাউদ্দিন,Dhaka,Sylhet,,Negative,0.4676107518670371,model,True
চমৎকার একটা ভিডিও,Dhaka,Chittagong,,Sarcastic_negative,0.4370634304566349,model,True
বাড়ানোর বাকি আছে কিছু?? ৪/৫ বার করে বাড়িতেছে,Dhaka,Netrokona,,Positive,0.3880820577770804,model,True
ফাজিলের কথা বলার ধরন কি,Dhaka,,,Positive,0.8398743713893582,model,False
আলহামদুলিল্লাহ।,Chittagong,Barisal,,Positive,0.6722752494029804,model,False
বিদ্যুৎ বিল করে দিয়েছেন তিনটা বল,Chittagong,,,Positive,0.5765352946221837,model,False
তাহলে তেলের দাম বাড়লো কেন স্যার,Dhaka,Feni,,Sarcastic_negative,0.6185808802674496,model,False
আসলেই ওখানে গরীব মানুষ নাই,Bogra,,,Neutral,0.3169745621484933,model,True
সয়ামিন কত করে সাহেব,Bogra,,,Positive,0.5749513623932186,model,False
বিদ্যুৎ বিল গ্যাস ওনেক কমেগেছে সরকার আসার পর থেকে,Brahmanbaria,,,Negative,0.6488515512142715,model,False
আল্লাহ এদের হাত থেকে আমাদের মাতৃভুমিকে তুমি রক্ষা করো,Dhaka,Chittagong,Gazipur,Negative,0.8996358764279255,model,False
@চমৎকার অসাধারণ ভিডিও এভাবেই চালিয়ে যান আরো সামনে অনেক আগাবেন …,Rajshahi,Madaripur,,Sarcastic_negative,0.4690157584891594,model,True
কমছে কোন জাগায়,Dhaka,,,Negative,0.4075220305433532,model,True
আপেল দামটা খুবই বেশি,Dhaka,,,Sarcastic_negative,0.3868260324600034,model,True
বিদ্যুৎ বিলটা বেড়ে গেল কেন?,Comilla,Noakhali,,Sarcastic_negative,0.6272742493289346,model,False
তাহলে বিদ্যুৎতের দাম বাড়ালি কেন ???,Chittagong,,,Sarcastic_negative,0.5944387713238857,model,False
স্বরাষ্ট্র মন্ত্রী এবং অর্থমন্ত্রীর কাছে আমার প্রশ্ন কোন জিনিসটার দাম কমেছে একটু বলবেন,Dhaka,,,Sarcastic_negative,0.3967772166337674,model,True
আগে বাড়ানো হবে,Chittagong,,,Neutral,0.9523798276417614,model,False
যারা সালাউদ্দিনের মন্তব্যের নেগেটিভ কমেন্ট করে তারা সালাউদ্দিনের ফেলে দেওয়া একটা চুলের সমান হতে পারবে না,Dhaka,Kushtia,,Negative,0.5060655778371888,model,False
আলহামদুলিল্লাহ ।,Dhaka,,,Positive,0.6722752494029804,model,False
জোকার!...,Rangpur,Dhaka,,Sarcastic_negative,0.3825018343840853,model,True
Mental ministry,Barisal,Chittagong,,Sarcastic_negative,0.4459592571577637,model,True
কারেন্ট বিল এত বেশি বাড়লো কিভাবে,Dhaka,Kishoreganj,,Sarcastic_negative,0.6897884026004344,model,False
"সংসদে গরিব কেউ নেই,সবাই বড় লোক",Chittagong,Khagrachhari,,Negative,0.3508833855677751,model,True
একটা সময় এই সংসদ ভবনে গান বাজনা হতো আর এখন দেশের উন্নয়ন নিয়ে কথাবার্তা হয়,Dhaka,Chittagong,Noakhali,Positive,0.7667529822782033,model,False
বিনোদন,Bogra,,,Sarcastic_negative,0.3844099342043945,model,True
"কম না, নাই",Dhaka,Chuadanga,Kushtia,Negative,0.4447380079303523,model,True
বেতন বাড়লে সেই টাকা কোথা থেকে আসবে,Rangpur,,,Negative,0.389955131067397,model,True
সবিন তৈল গায়ের রেইট এর চেয়ে বেশি দাম নেয় কেন,Dhaka,Kishoreganj,,Sarcastic_negative,0.5037849131847333,model,False
"কাজের কথার চেয়ে হাস্যকর পরিবেশই বেশি পছন্দ করছে এখন মনে হচ্ছে,,,কি যে হচ্ছে মহান জাতীয় সংসদে,,কমেডি পরিবেশ",Dhaka,Naogaon,,Negative,0.4265660763071742,model,True
চালের দাম ৩০০ টাকা বস্তা বাড়ছে কিভাবে গরিবের বাজেট হল,Chittagong,Chandpur,Dhaka,Sarcastic_negative,0.6127976846417438,model,False
আর কত বিনোদন দিবেন আংকেল,Bagerhat,,,Positive,0.3742012214551704,model,True
শিলং সালাউদ্দিন একটা নিবেদন,Barisal,Kishoreganj,,Sarcastic_negative,0.3197825876741481,model,True
কিরে বাইনচোদ তাহলে দাম বাড়ে কিভাবে,Dhaka,Gazipur,Sirajganj,Sarcastic_negative,0.6276906789170908,model,False
মদ খোর জোকার একটা,Dhaka,Nilphamari,Panchagarh,Negative,0.3871455817443907,model,True
স্বরাষ্ট্রমন্ত্রী কি আবার অর্থ মন্ত্রী হয়ে গেল???,Dhaka,Pabna,,Sarcastic_negative,0.4052989545973353,model,True
খাদ্য তেল সোয়ামিন এগুলোর কেন মূল্য বাড়ানো হয়েছে এটা কি জানতে পারেন আমাদের স্বরাষ্ট্রমন্ত্রী মহোদয়,Cox's Bazar,,,Negative,0.464621699053767,model,True
সংসদে বলে একটা আর বাহিরে আরেকটা,Brahmanbaria,,,Positive,0.6841004375934041,model,False
সুন্দর সিদ্ধান্ত।।।।,Dhaka,,,Sarcastic_negative,0.4738361396326079,model,True
এই মানুষটা হেসে হেসে কিন্তুু কাউকে বাঁশ দিয়া দে উনাকে কাউন্টার এট্যাক করার মতো কেউ নাই,Sylhet,,,Negative,0.5025235357710447,model,False
দেশের আইনশৃঙ্খলা পরিস্থিতি কতটুকু নিয়ন্ত্রণ করতে পেরেছেন। সে ব্যপারে একটা বক্তব্য দেন! না-কি স্লিপ অফ ট্যাং বলে পাড় করে দিতে চাচ্ছেন!!,Sylhet,Tangail,Comilla,Negative,0.3554901717121345,model,True
হায়রে সংসদ সদস্য,Lakshmipur,,,Sarcastic_negative,0.4341929850190972,model,True
নিত্যপণ্যের দোকানে ট্যাক্স দিতে হলে তো সরস্বতী ভোক্তাদের উপর আসবে,Dhaka,,,Sarcastic_negative,0.5180007683132467,model,False
অর্থ মন্ত্রী,Chittagong,Comilla,,Sarcastic_negative,0.5457951733369147,model,False
জোকার,Comilla,Mymensingh,,Sarcastic_negative,0.3867251333497808,model,True
১৬ ধরনের ব্যাবসা প্রতিষ্ঠান কে করের আওতায় আনতেছেন।এই প্রতিষ্ঠান গুলো কে কর দিতে হলে তার অবশ্যই তাদের পণ্যের দাম বৃদ্ধি করবে।,Dhaka,Noakhali,,Negative,0.4708226462135379,model,True
অসংখ্য ধন্যবাদ,Dhaka,Chittagong,,Positive,0.5612409197982792,model,False
কমানো হলে বাড়ে কেন?,Dinajpur,,,Sarcastic_negative,0.4427579509176155,model,True
জোঁকার,Comilla,,,Negative,0.3736885087313555,model,True
সার্কাস,Dhaka,Gazipur,,Sarcastic_negative,0.4268185699934285,model,True
Really genous.,Dhaka,Rajshahi,Pabna,Sarcastic_negative,0.3909013779208251,model,True
অর্থ মন্ত্রীর ভাষন যখন স্বরাষ্ট্র মন্ত্রী দেয়,Dhaka,Madaripur,,Sarcastic_negative,0.4817283781713685,model,True
Ki komaiso ebar electricity bill 2 Double kore asche sobr,Dhaka,Pabna,,Sarcastic_negative,0.729233639528751,model,False
ফালতু,Dhaka,Faridpur,Gopalganj,Sarcastic_negative,0.3867051689296977,model,True
"""বাংলাদেশের হাজারো প্রবাসী ভাই দুবাইয়ের ভিসা জটিলতার কারণে চরম ভোগান্তিতে আছেন। দেশের অর্থনীতিতে তাদের অবদান অপরিসীম। তাই সরক…",Chittagong,Patuakhali,,Negative,0.4219269844234083,model,True
Val komcha,Chittagong,,,Sarcastic_negative,0.5686450789320772,model,False
দারুণ সিদ্ধান্ত,Dhaka,Narsingdi,,Sarcastic_negative,0.4715321194217472,model,True
চাপাবাজি কম কর কাজে বড় হওয়ার কথা না,Bogra,,,Positive,0.4216569977988614,model,True
আলহামদুলিল্লাহ,Sylhet,Habiganj,,Positive,0.6722752494029804,model,False
আলহামদুলিল্লাহ।। মাননীয় প্রধানমন্ত্রীর নেতৃত্বে বিএনপি সরকার গণমানুষের প্রত্যাশা পূরণের লক্ষ্যে নিরলস ভাবে কাজ করে যাচ্ছে।…,Dhaka,,,Positive,0.7087007790684329,model,False
তা হলে বাজারে এত আগুন কেন নিত্যপ্রয়োজনীয় জিনিসপত্র গুলুর,Sylhet,,,Sarcastic_negative,0.5877196816199652,model,False
সাওআর,Khulna,Magura,,Sarcastic_negative,0.3650805065876745,model,True
কারেন্ট কি নিত্য প্রয়োজন জিনিসের ভিতর পড়ে না এটার দাম বাড়ানো হলো কেন,Dhaka,,,Sarcastic_negative,0.4020777735858348,model,True
Comedy sho. Coltace,Dhaka,Chandpur,,Sarcastic_negative,0.38765271868238,model,True
"হালায় কি গাঁজা খাইছে, কুত্তার বাচ্চা কোন তো বাজারে যায় নাই , তাই এমন কথা বলছে",Sylhet,,,Negative,0.4294048296274417,model,True
তাহলে গ্যাসের দাম বাড়লো কেন. …?,Dhaka,Chandpur,,Sarcastic_negative,0.6030096669619062,model,False
সবকিছুর দাম কমানোর জন্য এই সংসদকে ধন্যবাদ কিন্তু এই নিত্যপ্রয়োজনীয় জিনিস কোথায় কম দামে পাওয়া যায় যদি মন্ত্রীদ্বয় জানাতেন কৃতজ্…,Narayanganj,,,Positive,0.3897886574880512,model,True
জোকার সিলিং,Dhaka,Khulna,,Sarcastic_negative,0.4123621517725873,model,True
ধন্যবাদ,Sylhet,,,Positive,0.6366609432454146,model,False
আপনি আইন শৃঙ্খলার কথা বলুন!,Dhaka,Khulna,,Positive,0.5277308302486488,model,False
উনি এমন বজ্রপাত প্রত্যেকটা বিষয়ের উপরে সিলিং থেকে ট্রেডিং প্রাপ্ত লোক।,Dhaka,,,Negative,0.5774113264561499,model,False
ওবায়দুল কাদের 2.0,Dhaka,Faridpur,,Sarcastic_negative,0.450115194088956,model,True
এই হালারা কি পাগল নাকি বুঝে আসেনা,Rajshahi,Naogaon,,Negative,0.715440027717178,model,False
মানুষ বোঝার বাকি নাই সারা চাচা প্লেট নাম্বারে তেলের দাম বাড়লে,Dhaka,Narsingdi,,Sarcastic_negative,0.3888959690426118,model,True
নাটকের মন্চ সংসদ,Brahmanbaria,,,Sarcastic_negative,0.7342022654850964,model,False
গানের নাটকের শুটিং মঙ্র,Chittagong,,,Sarcastic_negative,0.7627617993309884,model,False
শিলং মন্ত্রী সাহেব বাংলাদেশের মানুষের কষ্ট এখন আরো বেড়ে গেছে বিদ্যুৎ বিল যার ছিল ২০০০ একন হয়ে গেছে ৪০০০ তাও আবার ে রাতে স…,Comilla,,,Positive,0.8443819325504599,model,False
সব গুপ্ত কোটি পতি,Dhaka,Khulna,Dinajpur,Sarcastic_negative,0.5247754705046493,model,False
"শালা উদ্দিন একটু বেশি কথা বলে, একটু সন্দেহ হচ্ছে তাকে নিয়ে।",Chittagong,Lakshmipur,,Positive,0.735121195465984,model,False
সংসদে নাটক ঠাপানোর জন্য যায় নাকি চুদানি রা,Dhaka,Gazipur,,Sarcastic_negative,0.5996754815166846,model,False
সিলং সালাউদ্দীন নাটক কম করো পিও,Dhaka,Khulna,,Sarcastic_negative,0.4026639029770966,model,True
বাসনে ভাত না থাকলে ভাষনে পেট ভরবে না।,Dhaka,Chittagong,Patuakhali,Negative,0.3961405549028046,model,True
"একমাত্র তেলের দাম বারালে আর কোন কিছুই বারানো লাগে না, ওগুলো অটো দাম বেড়ে যায়। কি চারাকিরে",Khulna,Magura,,Positive,0.3710208468279153,model,True
আল্লাহর লালনত তোর উপরে পরুক,Dhaka,Faridpur,,Negative,0.8434161620386135,model,False
একদিক দিয়ে কমাবেন চারদিক দিয়ে বাড়িয়ে নেবেন দারুন ম্যাজিক,Dhaka,,,Negative,0.5188571688375712,model,False
Lake hoker,Dhaka,Khulna,Kushtia,Sarcastic_negative,0.5288858277139901,model,False
দু:খের বিষয়:- জামায়াত বিএনপি তোষণ নীতি অবলম্বন করছে। অতীতের তীক্ত অভিজ্ঞতার পরও যদি জামায়াত বিএনপি বিরোধী শক্ত অবস্থান না নেয় …,Chittagong,,,Negative,0.8786996140942751,model,False
আলহামদুলিল্লাহ,Dhaka,Chittagong,,Positive,0.6722752494029804,model,False
বাটপার,Dhaka,Khulna,Faridpur,Negative,0.871431474129864,model,False
কিন্তু বিদ্যুৎতের দাম কেন অতিরিক্ত বাড়ানো হলো।,Dhaka,Magura,Patuakhali,Sarcastic_negative,0.5367066790081618,model,False
নিত্য প্রয়োজনীয় পণ্যের দাম আগের চেয়ে আরও বৃদ্ধি পেয়েছে,Barisal,,,Sarcastic_negative,0.3983842664340671,model,True
তেল গ্যাস বিদ্যুৎ হইছে,Dhaka,Mymensingh,,Sarcastic_negative,0.448886392816977,model,True
"আচ্ছা মন্ত্রণালয়ের সকল কাজ কি সরাষ্টমন্ত্রীর, তা হলে অন্য মন্ত্রী রেখে কি লাভ",Dhaka,Narsingdi,,Sarcastic_negative,0.6200537838428231,model,False
পাগল সব একতে হয়েছে,Tangail,,,Sarcastic_negative,0.6162933336221381,model,False
বিদ্যুতের বিলিতে এত পরিমান টাকা কি জন্য আসতেছে,Chittagong,Dhaka,,Sarcastic_negative,0.3998444799892826,model,True
যেহেতু বলছে যে এটার উপরে কোন ট্যাক্স গ্রহণ করা হবে না বা নিত্য প্রয়োজনীয় জিনিসের উপরে হস্তক্ষেপ করবে না তার মানে শতভাগ নিশ্চিত এটা হবে,Dhaka,Narsingdi,,Neutral,0.4417797546465059,model,True
"সব কিছুর #বাজেট হলো, যে গুলোর বাজেট হয়নি, সেই গুলোও উপস্থাপন হয়েছেন। কিন্তু,,, সবচেয়ে খুশি/আনন্দের ব্যপার হলো, যে দেশ অরক্ষিত অবস্থায় আছে #সীমান্তের_কাটা_তার নিয়ে আজ অব্দি কোন প্রকার আলোচনা হয়নি, কারন, সবাই পলানোর চিন্তা নিয়ে পথ খুলে রেখেছেন Tarique Rahman Dr. Shafiqur Rahman We Stand With Hasnat PMO Bangladesh - প্রধানমন্ত্রীর কার্যালয়",Dhaka,Barisal,Bhola,Sarcastic_negative,0.6107706826253093,model,False
"ধানের দাম কমিয়ে সার কিট নাশক দাম বাড়িয়ে দেন, গোয়া মারা খাবে কৃষক",Chandpur,Comilla,,Sarcastic_negative,0.3891030677030847,model,True
হাস্যকর,Dhaka,,,Sarcastic_negative,0.5634520120481902,model,False
বিদ্যুৎ তো নিত্যপ্রয়োজনীয় জিনিস এর দাম কমানো যাবে না কেন?,Chittagong,,,Sarcastic_negative,0.5583715429452181,model,False
বিদুৎ দিয়ে অলরেডি হাজার হাজার কুটি লই গগেচে,Dhaka,Chittagong,Lakshmipur,Negative,0.3634707504316288,model,True
আমরা সবাই পেঁয়াজ আর আলু নিয়ে পড়ে আছি এদিকে সাবান হুইল পাউডার শ্যাম্পু এগুলোর দাম যে বৃদ্ধি হচ্ছে এগুলো নিয়ে কারো মাতামাতি নাই,Dhaka,,,Negative,0.6562245779609598,model,False
বলবেন কি কি জিনিসের বড় দাম কমানোর তো একটা লিখবেন,Dhaka,Chittagong,,Sarcastic_negative,0.6548072404723679,model,False
ভুয়া,Dhaka,Barisal,,Sarcastic_negative,0.4070844162607047,model,True
তেলের দাম বাড়লে সব পণ্যের দাম বাড়বে এটাই স্বাভাবিক এটা বুঝতে হলে ডিগ্রি লাগে,Dhaka,Mymensingh,,Negative,0.6207231482538166,model,False
"তেল,গ্যাস,বিদ্যুৎ, চাল ডাল, লবণ, সাবান,চিনি। এগুলা বাদ দিয়ে কোনো কিছুর দাম আপনারা বাড়ান নাই। তাই আপনাদের ধুনিয়াবাদ",Rangpur,,,Sarcastic_negative,0.7548874286044874,model,False
"গরিবরা ভাত রান্না করে না, গরিবরা ঘরে আলো জ্বালাবে মা, গরিবরা ধান উৎপাদন করবে না! জ্বালানি তেল, বিদুৎ গ্যাস সব বড়লোকের। …",Dhaka,,,Positive,0.3890340387607502,model,True
নাটকের সংলাপ চলছে,Comilla,Dhaka,Chittagong,Sarcastic_negative,0.7504560472315656,model,False
মন্ত্রী সাহেব আপনি আপনার মন্ত্রনায়ে দিকে নজর দেশে আইন শৃঙ্খলার যে চরম অবনতি তার খেয়াল আপনার আছে।,Dhaka,,,Sarcastic_negative,0.6372870771886379,model,False
তেল গ্যাস বিদ্যুৎ সবকিছুর দামিই তো বাড়তি,Khulna,Magura,,Sarcastic_negative,0.4508300919114241,model,True
মুখে মুখে বল্লে হবে না কার্যকর করতে হবে,Brahmanbaria,,,Neutral,0.9838963930677213,model,False
নিত্য প্রয়োজনীয় দ্রব্যের উপরে কোন রকম ট্যাক্স নিবেন না ঠিক আছে কিন্তু রাস্তায় রাস্তায় জায়গায় জায়গায় যে চাঁদাবাদি এটা কে বন্ধ করবে?????,Dhaka,,,Negative,0.5034085651119914,model,False
আশিক সরকার মারো হে এখন স্বরাষ্ট্রমন্ত্রী শিলং সালাউদ্দিন কে বাজারে পাঠিয়ে দিতে হবে জনগণের বাজার করার জন্যে ছাগলের মতো বলে এসি…,Rangpur,,,Positive,0.7105877388258874,model,False
তোর মায়রে চ*** খানকির পোলারা,Sunamganj,,,Sarcastic_negative,0.4086764755830986,model,True
খাদ্যদ্রব্য উপরে যা ট্যাক্স আছে বাংলাদেশের মানুষ এমনি মরে যাবে যেকোনো ফল কিনতে গেলে দেখা যাচ্ছে তার উপর একটা প্রতি কেজিতে ১০০ …,Chittagong,,,Negative,0.629855995377934,model,False
তোরা গাজা খা,Dhaka,Chittagong,Barisal,Sarcastic_negative,0.4066832359078962,model,True
Bukach*a,Dhaka,Rangpur,,Sarcastic_negative,0.4075596870145629,model,True
১০০/১২০/১৫০ নিচে কোন সবজি নাই আর চাল ডাল তেল এর কথা বল্লে তো হিসেব নেই কি পরিমান সেন্ডিকেট করে দামের উপর দাম বাড়াচ্ছে আর তারা…,Chittagong,,,Positive,0.7906229886459983,model,False
ধুর কুলাঙ্গার,Sylhet,,,Sarcastic_negative,0.4475304207160772,model,True
Natok tapano sala bazaar ee giye dekh Dalal haramzaada,Dhaka,Khulna,Jessore,Sarcastic_negative,0.748851262659258,model,False
তুমি আমার হে****ডা কমাই ছ,Dhaka,Rangpur,,Negative,0.7599554419978448,model,False
Nic,Dhaka,Rajshahi,,Sarcastic_negative,0.5267843236412725,model,False
পরীক্ষা শেষে ওই ক্যামেরা আমার বাসায় নিয়ে আসবো,Dhaka,,,Negative,0.7923377002394916,model,False
এখন সিসি ক্যামেরা থেকে বাহিয়ে আসেন আর কয়টা ক্যামেরা দিবেন পরিক্ষা আসলে নাকি শুধু সিসি ক্যামেরা,Comilla,,,Positive,0.3982168354018371,model,True
আমাদের কলেজে অলরেডি সিসি ক্যামেরা লাগায়ে ফেলছে,Dinajpur,Thakurgaon,,Negative,0.6022328702195379,model,False
পারলে বিচার বিভাগে প্রত্যেকটা বিচার কার্যকরের সময়ে সিসিটিভি ওপেন করেন,Dhaka,,,Negative,0.3744018330311173,model,True
Sudu exam hall a na bathroom ayo cc tv camera laganu dorkar,Chittagong,,,Sarcastic_negative,0.5303078479297328,model,False
পকেটে বেশি টাকা হই গেছে। কই রাখবো বুঝতে পারতেছে না। তাই সি সি ক্যামেরার দিকে খরচা করতেছে। আবার শুনলাম কাকু নাকি বডি ওয়ার্ন ক্যামেরা ও ফিট করবো,Comilla,,,Sarcastic_negative,0.5099308404484467,model,False
https://www.channel24bd.tv/.../%E0%A6%A8%E0%A6%95%E0%A6...,Dhaka,Sylhet,Bhola,Neutral,0.6484122846666527,model,False
"লাগিয়ে কি লাভ বিদ্যুৎ থাকে না,,,,,",Dhaka,Rajshahi,,Sarcastic_negative,0.3979681280312475,model,True
AC r bebostha thakleoo balo hoito....,Chittagong,Chandpur,,Sarcastic_negative,0.4859126965857455,model,True
Ki react dibo bujhte pacchi na,Dinajpur,,,Sarcastic_negative,0.3791967801031435,model,True
sob student der mathai ekta kore camera boshaile aro valo hoi,Chittagong,,,Sarcastic_negative,0.7823605127151994,model,False
"এক্স-রে মেশিন লাগিয়ে দেন, সব দেখতে পাবেন",Moulvibazar,,,Sarcastic_negative,0.4914224996063331,model,True
"Students tomra sobai seje- guje jabe., Camera. te jeno sundor dekha jai.",Rajshahi,,,Sarcastic_negative,0.7474942598668688,model,False
Sby re auto fail dilei pare !,Dhaka,Gazipur,,Sarcastic_negative,0.5661019809196471,model,False
"হালায় তো চুড়ি করে পড়ে, এতদূর গেলো",Dhaka,Mymensingh,,Sarcastic_negative,0.4119889649690527,model,True
এ mc maybe basor rateo cc camera lagaicilo,Chittagong,,,Sarcastic_negative,0.629163793893446,model,False
ভালো উদ্যোগ। এসবের পাশাপাশি শিক্ষকরা যে ছাত্র-ছাত্রীদের দিয়ে বোর্ডের খাতা কাটায় সেটার ব্যাপারে মন্ত্রী সাহেব যথাযথ ব্যবস্থা …,Dhaka,,,Sarcastic_negative,0.4141188462360832,model,True
Toilet a dibena,Rajshahi,,,Sarcastic_negative,0.5322420809586976,model,False
মিলনের শয়নকক্ষে একটা CC ক্যেমেরা লাগানের জোর দাবি জানাচ্ছি,Comilla,,,Sarcastic_negative,0.5757171373934816,model,False
ডং আর ডং,Thakurgaon,,,Positive,0.8800086369693785,model,False
puraton cc camerar order neya hooy jogajog korun আজ e...... Hsc xm ses a home delivery deya hbe,Rangpur,,,Sarcastic_negative,0.5225907835989574,model,False
prottek student er theke ekta koire lagay diyen dekhben kono student nokol korte korte hall e ashe nki,Mymensingh,Tangail,Jamalpur,Sarcastic_negative,0.5566747605398301,model,False
কি কারণে? পয়সা কে দিবে,Dhaka,Rajshahi,Pabna,Sarcastic_negative,0.5652917603002036,model,False
"Kono lave nai , current e thake nh",Dhaka,Comilla,,Sarcastic_negative,0.4891661417802907,model,True
Arr koto?,Dhaka,,,Sarcastic_negative,0.6053090262823307,model,False
শিক্ষা মন্ত্রী CC Camera মন্ত্রী,Dhaka,Madaripur,,Sarcastic_negative,0.6357842954841733,model,False
আলারফোয়ালা কত কাহিনি যে শুরু করছে,Chittagong,,,Negative,0.7278646594543713,model,False
ক্যামেরা কেনা মানেই তো নতুন করে চুরি করার রাস্তা তৈরি নিজে তো ঠিকই ক্যামেরা ছাড়া রুমে পরীক্ষা দেছে এখন আইছে বড় বড় লেকচার দিতে,Dhaka,Pabna,,Positive,0.3583691006861951,model,True
প্রশ্ন ফাঁস তো বন্ধ করতে পারলো না সম্মান বাঁচাতে সিসি দিচ্ছে,Dhaka,Kishoreganj,,Sarcastic_negative,0.685375600625714,model,False
আস্ত জোকার,Dhaka,,,Neutral,0.3593729019802716,model,True
এতেও কাঙ্খিত সাফল্য আসছে না,Chittagong,Patuakhali,,Sarcastic_negative,0.6804461398089849,model,False
ছাপড়ি,Barisal,,,Sarcastic_negative,0.5440353389077501,model,False
Kaku paren sudu amader Sathe e...,Dhaka,Rangpur,,Sarcastic_negative,0.4831884975555314,model,True
জোকারি এখন মানুষ খায় না,Dhaka,Barisal,,Positive,0.7451106922842343,model,False
Pthibite ato mnus mara jaitese. Allah ji tumi......,Dhaka,,,Sarcastic_negative,0.4647356974317947,model,True
Bal falaiba abero.,Dhaka,Rangpur,Gazipur,Sarcastic_negative,0.62481514351899,model,False
Keno,Pirojpur,,,Sarcastic_negative,0.3939215799077417,model,True
Prottek ta bench e CC camera lagan,Dhaka,Tangail,,Sarcastic_negative,0.5723523298794787,model,False
What about Washroom?,Dhaka,Faridpur,,Sarcastic_negative,0.4766225586203467,model,True
Ei bedar ei ak kotha Chara Ki r Kono kotha nai,Dhaka,Gazipur,Tangail,Sarcastic_negative,0.6030615665512984,model,False
আগে ভাই কারেন্টের অবস্থা ঠিক করেন। তারপর আসিয়েন সিসি ক্যামেরা বসাইতে। প্রতি কারেন্টর জন্য পড়তে বসতে পারি না।,Feni,,,Negative,0.4662177015902888,model,True
দূর মিয়া ফাইজলামির একটা লিমিড আছে।,Dhaka,Mymensingh,Comilla,Negative,0.5218658452573345,model,False
Sumaiya Islam তামাশা শুরু করে দিছে নাটক পাইছে,Lakshmipur,Chittagong,,Sarcastic_negative,0.5357000715175776,model,False
বিদ্যুৎ নিরিবিচ্ছন্ন দরকার।,Dhaka,,,Negative,0.3939398024436751,model,True
Halay potibondhi,Dhaka,Manikganj,,Sarcastic_negative,0.5145300180366772,model,False
ere keu thama vhai,Dhaka,,,Sarcastic_negative,0.5586125149004079,model,False
"If possible, assign one bodyguard to stand over each student's head in the examination hall so that cheating can be prevented effectively.",Dhaka,,,Neutral,0.4014546200299151,model,True
বিদ্যুৎ এর যদি একটা প্রপার ব্যাবস্থা করতেন,Comilla,,,Sarcastic_negative,0.7168548169137324,model,False
Bal tao hobena,Bhola,Barisal,,Sarcastic_negative,0.6126484667119646,model,False
কিরে ভাই আমরা কি 26 e exam diye onek বড় ভুল করতেছি নাকি,Thakurgaon,Dhaka,,Sarcastic_negative,0.4759254992195907,model,True
Timer.bomb o lagaya den,Sylhet,,,Sarcastic_negative,0.5392832930613947,model,False
Sobar kace akta koira cemara set kora cai,Mymensingh,,,Sarcastic_negative,0.6413010584526054,model,False
পরীক্ষার হলে শিক্ষকদের না দিয়ে বাংলাদেশের আর্মি দেন।,Dhaka,Kishoreganj,,Negative,0.4501641827129704,model,True
ক্লাস রুমে সি সি ক্যামেরা লাগান।,Dhaka,Mymensingh,,Sarcastic_negative,0.5438992339351886,model,False
টাকা কোথায় পাগল,Chittagong,Noakhali,,Sarcastic_negative,0.4743375615841602,model,True
"বা*লডায় মাঝে মাঝে ভয় দেখাই দেয়,সামনে পরিক্ষা, এমনেই নার্ভাস কাজ করে!",Comilla,,,Negative,0.5411688943856054,model,False
শিক্ষা ব্যবস্থা পরীক্ষা ব্যবস্থা,Barisal,,,Sarcastic_negative,0.4469699136792366,model,True
ssc জে বাস খাইছে hsc keno kabena,Dhaka,,,Sarcastic_negative,0.5894075958144508,model,False
Accha ki korle ei cctv camera er post e shamne asbe nh,Dhaka,Tangail,,Sarcastic_negative,0.6841713193930138,model,False
Cctv pant kobe dibe prottek student der??,Dhaka,Sylhet,,Sarcastic_negative,0.5220053441510608,model,False
পরীক্ষার হলে সিসি ক্যামেরা না লাগিয়ে প্রত্যেকটা ক্লাসরুমে সিসি ক্যামেরা লাগানোর দাবী জানাচ্ছি,Sirajganj,,,Negative,0.7166886319441319,model,False
Exam ar age ki natok suru korse,Dhaka,Bogra,,Sarcastic_negative,0.535711161282167,model,False
Nokol ar aibar nite parlm vlo kore pori aktu,Sirajganj,,,Sarcastic_negative,0.7292942234733218,model,False
একটা লাল জ্যাকেট আর কালো মাস্ক পরাতে বলেন ডিউটির লোক দের পুরাই squid game vibe আজাইরা। মনে হয় পরীক্ষা নয় দেশের গোপন কিছু চুরি …,Dhaka,Sirajganj,,Positive,0.4342279422717182,model,True
Dur,Sunamganj,,,Sarcastic_negative,0.4684968220070475,model,True
AC bebosta koren,Chittagong,,,Sarcastic_negative,0.5818723003373881,model,False
মাতাল,Dhaka,Munshiganj,,Sarcastic_negative,0.4802380757100882,model,True
বিদ্যুৎ ই থাকেনা তা সিসিটিভি দিয়ে কি হবে,Dhaka,Rajshahi,Naogaon,Neutral,0.9949368769154118,model,False
ki lav? amago somoy o asilo…,Dhaka,,,Sarcastic_negative,0.5246955454069756,model,False
আচ্ছা পরীক্ষার হলেই সবাই হাগলে কেমন হয়.?,Dhaka,,,Sarcastic_negative,0.4458645651538451,model,True
Aisob na koira Koiya de.…,Chittagong,Comilla,,Sarcastic_negative,0.5168341732761789,model,False
শিক্ষামন্ত্রী পরীক্ষা মন্ত্রী,Khulna,,,Sarcastic_negative,0.4207301299419227,model,True
হায়রে এইবার মনে হয় না আর পাস করতে পারবো,Rangpur,Bogra,,Sarcastic_negative,0.582780693052498,model,False
CCTV thakleo ki nah thakleo ki ssc exam hole Shobay deikha likhse,Dhaka,,,Sarcastic_negative,0.5499108633320745,model,False
"এই শিক্ষামন্ত্রী শুধু ক্যামেরা নিয়েই থাকবে, আর কিছুই করতে পারবে না",Dhaka,,,Sarcastic_negative,0.4411913061600112,model,True
পরীক্ষার আগেই হের কুর কুরানি পরে কিছুই না,Chittagong,Chandpur,,Negative,0.7906283609173399,model,False
Mr. World wide,Dhaka,,,Sarcastic_negative,0.483551051553692,model,True
বাঁশ,Dhaka,Kishoreganj,,Sarcastic_negative,0.5300743769938638,model,False
Goya mara gase ajk,Rangpur,,,Sarcastic_negative,0.5007528619999466,model,False
সিসিটিভি লাগাতে অনেক পারিশ্রমিক দিতে হবে অনেক খরচ হবে তার চাইতে ভালো হবে শিক্ষকদের করা নজর এবং ম্যাজিস্ট্রেটদের করা নজর দিতে হবে,Dhaka,,,Neutral,0.9684172701309396,model,False
Taile ac er bebostao koiren,Dhaka,Tangail,,Sarcastic_negative,0.6587157029838635,model,False
আর কিছু কি বাকি আছে,Satkhira,Khulna,,Positive,0.513250383269933,model,False
Sajjadur Sajid,Dhaka,Barisal,Bhola,Sarcastic_negative,0.5635125109698855,model,False
এদিকে সিসি ক্যামেরা পরীক্ষা কেন্দ্র থেকে খুলে বাসায় নিয়ে আসার চিন্তা ভাবনা করা আমার বন্ধু Kamrul Hassan আর আমি,Chittagong,,,Negative,0.5679499673492229,model,False
Shahariar Sajib be ready,Dhaka,Khulna,Satkhira,Neutral,0.4448635703530547,model,True
Nay Em,Chittagong,Lakshmipur,,Sarcastic_negative,0.4225732407124202,model,True
2026 1999,Jamalpur,,,Sarcastic_negative,0.4635683157201793,model,True
sabbas,Dinajpur,,,Sarcastic_negative,0.6682145071571867,model,False
Auto fail dilei to hoi ei sob er ki dorkar chilo,Dhaka,Khulna,Magura,Sarcastic_negative,0.6389951633619788,model,False
"স্যার সকল সেন্টার পরীক্ষার জন্য উপজেলা ভিত্তিক আলাদা হল ভবন নির্মাণ করা হউক, শিক্ষাপ্রতিষ্ঠানে পরীক্রহলে হওয়াতে ক্লাসের মারাত্…",Dhaka,Chittagong,,Negative,0.5554987856480764,model,False
ঢং দেইখা বাঁচি না,Dhaka,Rangpur,,Sarcastic_negative,0.4208929570480455,model,True
বাথরুমে ও দেওয়া দরকার।,Chittagong,,,Sarcastic_negative,0.3167663478128217,model,True
Jekhane gush adan prodan hoi sekhane laga cc tv,Naogaon,,,Sarcastic_negative,0.5460861700868135,model,False
Vot kendre dile ki hoto,Dhaka,Sirajganj,,Sarcastic_negative,0.5776799310039844,model,False
Huga r current thik koren age tarpore CC camera lagaiyen ... current na thakle oida lagaiya lav ase kono? Student ra one hour …,Dhaka,Tangail,,Sarcastic_negative,0.498592726013998,model,True
বিএনপির কোন পতন হলে সবার আগে আমি মারবো মিলনরে,Dhaka,,,Negative,0.8753771767892872,model,False
মিলন সাহেব ভালো করে পড়ো,Kurigram,Dhaka,,Positive,0.5287130363958487,model,False
"বেড়ায় বেগুন খেলে করার কিছু থাকে না নাম শুধু বেড়া,",Dhaka,,,Positive,0.6786082580435867,model,False
Abdul Kaium Zihad,Dhaka,Comilla,Feni,Sarcastic_negative,0.4901657603292551,model,True
পরীক্ষার হলে সিসি ক্যামেরা লাগানো বাচ্চাদের উপর একটা মানসিক টর্চার,Lakshmipur,Dhaka,Chittagong,Negative,0.4574682199945338,model,True
Afrin Ahmed Jui,Comilla,,,Sarcastic_negative,0.4919524901224268,model,True
Marjana Akter Mona,Comilla,,,Sarcastic_negative,0.5549904465928911,model,False
কারেন্টই তো থাকে না।,Dhaka,,,Negative,0.4515446916497221,model,True
শুধু কক্ষে কেন সবার সাথে একটা করে লাগা মুখটা খারাপ করলাম না,Dhaka,Gazipur,,Positive,0.3856707145094771,model,True
Dhon hoyeche tate,Khulna,Kushtia,,Sarcastic_negative,0.5625142053147711,model,False
Areeb Elshayen or sauar moddhe ci ci camera dhukai dite parbi nh??,Dhaka,Kushtia,,Sarcastic_negative,0.5934920141401242,model,False
অযথা খরচ এটা,Rangpur,,,Negative,0.5170734962760143,model,False
Bessar beta j,Rajshahi,,,Sarcastic_negative,0.4930136009427694,model,True
কী সুন্দর শিক্ষা ব্যাবস্থা। তিনি না শিক্ষামন্ত্রী কই শিক্ষার মান উন্নয়ন তো মোটেও করলো না উনি পড়ে আছেন পরিক্ষা নিয়ে। এর পদবিটা …,Dhaka,Barisal,,Sarcastic_negative,0.3915025104656147,model,True
প্লিজ দয়া করে একটা গুপরো দিবেন সবাই হেলমেট। সাথে দিয়া পরিখা দিবে আর এসি দিবেন,Barisal,Dhaka,,Positive,0.3681380246425955,model,True
ভাবতেছি সিসি ক্যামেরার দোকান দিমু,Mymensingh,Narayanganj,,Sarcastic_negative,0.5366016599603428,model,False
পরীক্ষার্থী জেলখানার কয়েদী,Dhaka,Jamalpur,,Negative,0.616263354621751,model,False
"তার চেয়ে আমাদের পিছন দিয়ে ডিম দাও,, চুদানি পো",Khulna,,,Negative,0.7029678768432203,model,False
ei beday ki one kind of bokacoda naki vai bar bar eki kotha bole kn,Dhaka,Narayanganj,Comilla,Sarcastic_negative,0.5486888322982504,model,False
Mdrcd chay da ki,Dhaka,,,Sarcastic_negative,0.5389422515037661,model,False
Student der ptkir moddhe dia den,Dhaka,Faridpur,Jessore,Sarcastic_negative,0.5771751672188714,model,False
অধিকাংশ তথাকথিত শিক্ষার্থী পরীক্ষায় চলে না কোন প্রকার পড়াশোনা না করে। এদের কপালে এখন শনি আছে।,Sylhet,,,Negative,0.5403200113665148,model,False
O ki pagol naki Education system thik na kore exam hall a cctv lagaite bole …,Dhaka,,,Sarcastic_negative,0.4684988951847807,model,True
চ*দলিং ওং,Chittagong,,,Negative,0.6438852950945858,model,False
"Eida Americar dalal, part of the plan",Dhaka,Gazipur,,Sarcastic_negative,0.6754862462832727,model,False
এর মতো বাচাল কোনো শিক্ষা মন্ত্রী দেখি নি,Rajshahi,Dhaka,Bogra,Sarcastic_negative,0.4812642477197157,model,True
পরিখখা হোল আয়না ঘর,Dhaka,Tangail,,Negative,0.6163086532593267,model,False
কাকু তোমার হায়াত এই ৫ বছর শেষ,Dhaka,Gazipur,,Negative,0.7854261176209744,model,False
টাকা কে দিবে ভাই,Dhaka,Gazipur,,Sarcastic_negative,0.4019809521727359,model,True
ক্যামেরা পুট’কিতে জেনারেটর লাগাইয়েন। সোনার দেশে বিদ্যুৎ থাকে না।,Gazipur,,,Negative,0.3325678543372568,model,True
একটা কথা কতবার বলে? আর এদিকে রেজিস্ট্রেশন কার্ড নিয়ে একটার পর একটা ভেজাল শুরু করছে।…,Panchagarh,,,Positive,0.6148096857332853,model,False
Sir der kopale ekta koira lagaile aro vhalo hoy,Dhaka,Chittagong,,Sarcastic_negative,0.7038144973719156,model,False
শালা আমার বালের শিক্ষা মন্ত্রী হইছে দেখায় যে সে একজন বড় বাল পরীক্ষা নিয়ে বড় ছিড়ে ফেলবে দেশের,Dhaka,Chittagong,Gazipur,Negative,0.548797472451541,model,False
এই বাল ই ফালাইবা,Dhaka,,,Negative,0.7711502777699647,model,False
১ বছর আগে থেকে শুনতেছি,Dhaka,Gazipur,,Negative,0.4503192491660358,model,True
শিক্ষকদের আচরণ মার্জিত করার চেষ্টা করেন। অশালীন আচরণ করা লোক কখনো শিক্ষক হওয়ার যোগ্য না।,Dhaka,Tangail,,Positive,0.6603355524684896,model,False
মিসাইল এর ব্যবস্থা করেন আরও ভালো হবে,Chittagong,Noakhali,,Neutral,0.4851604251056244,model,True
"তাতে বা*ল ছেড়া যাইবো, পোলাপান অনেক এডভান্স নকল না করলেও দেখা দেখি করবোই, আর না হলে সামনের নির্বাচনে দেখা হবে মিলন কাকু",Dhaka,Gazipur,,Sarcastic_negative,0.3313467946029813,model,True
এসব দেশে কি হচ্ছে খালি পরীক্ষায় খালি কঠিন করছে পড়ালেখা ঠিক না করে শুধু শুধু পরীক্ষাই কঠিন করছে সিসি ক্যামেরা লাগাচ্ছে বডি ক্…,Dhaka,Gazipur,,Negative,0.5394834824214081,model,False
শিক্ষাব্যবস্থা ঠিক নাই পরীক্ষার ব্যবস্থা নিয়া যত মাতামাতি,Dhaka,,,Negative,0.5112807802316257,model,False
হেডা,Dhaka,,,Sarcastic_negative,0.4503612756560341,model,True
ধুর হালা আবাল,Barisal,,,Negative,0.6073976283980896,model,False
সিসি ক্যামেরা ব্যবসায়িদের সাথে চুক্তি সম্পন্য ।। টেকাই টেকা ।।,Dhaka,,,Sarcastic_negative,0.5672118011300634,model,False
Lagan ja Mondor ta koren,Dhaka,Chittagong,Lakshmipur,Sarcastic_negative,0.7160140101097248,model,False
"জীবনে অনেক পাগল দেখছি কিন্তু মিলনের মতো জঘন্য, মারাত্মক পাগল দেখি নাই ,,,",Chittagong,,,Sarcastic_negative,0.6010742478809034,model,False
Min Has Mahmud Emon good night baba,Dinajpur,,,Sarcastic_negative,0.6491494671351659,model,False
াজপুর বোর্ডের সমস্ত ছাত্র-ছাত্রীদের সাধারণ একটা QR এর মধ্যে সবার ভুল করে রাখে দিছে তার উপর আবার এখন এইগুলা বাহ অনেক ভালো,Dinajpur,,,Positive,0.7276032037807781,model,False
হাইরে বীরশ্রেষ্ঠের বাংলাদেশ,Dhaka,,,Positive,0.4279443739610027,model,True
হাজার হাজার টাকা লুট হয় সেদিগে কিছু হয়না চাকরি দিতে পারেন না আবার ক্যামেরা বসাবে বড় উন্নতি করবে ওরে মানা হর।,Dhaka,Khulna,,Positive,0.3572283046821383,model,True
তার মারে পোন্দাই,Comilla,,,Sarcastic_negative,0.4118222741255612,model,True
Vu*skir pula moreo na,Dhaka,,,Neutral,0.4163849436446118,model,True
MD Emon Shekih বড় ভাই টুকি,Dhaka,,,Neutral,0.5604463971244746,model,False
এই বাল ছাড়া আর কোন কথা নাই,Noakhali,,,Positive,0.7263644656218351,model,False
Md Asif Islam পরীক্ষাকেন্দ্র …,Rangpur,Nilphamari,,Negative,0.3651280594263032,model,True
আগে চুর ওতায়া খাইয়া গেছইন এখন তুমি আইছো সিসি কেমেরা লাগাইতায় আরো বেশি টেকা মারার ধান্দা,Sylhet,,,Positive,0.5684428614868022,model,False
বাথরুমেও লাগিয়ে দিয়েন!,Kishoreganj,Dhaka,Rangpur,Negative,0.4113083641048994,model,True
জাতীয় নির্বাচনেও এতো কঠোরতা ছিল না।,Kishoreganj,Dhaka,Rangpur,Sarcastic_negative,0.5799023230939828,model,False
পাগলামির একটা সীমা থাকা দরকার,Rajshahi,,,Sarcastic_negative,0.4656937241383158,model,True
MA RU F etare keso gor etar mote pakkar de,Cox's Bazar,,,Sarcastic_negative,0.5568720899865415,model,False
ও না করে আমাদের কইরে দেও আস্তে করে,Dhaka,Narail,,Positive,0.3969629279182118,model,True
"অথচ,দেশের চুরি,ছিনতাই ধরতে ভাবা হবেনা।",Dhaka,Rajshahi,Tangail,Neutral,0.8142099594562864,model,False
এই চ্যাটের বা**ল তো চুরি হয়ে যায়,Chittagong,Noakhali,,Negative,0.7708441620545639,model,False
আপনার পাচার মধ্যে একটা লাগান,Barisal,Bhola,,Sarcastic_negative,0.6369108704489704,model,False
এটাকেই বলে কাজ করে ইনকাম করা।,Dhaka,,,Positive,0.82621676737639,model,False
এইসব বলে বলে ছাত্রদের চোর আর আপনি পুলিশ এসব বুঝাতে চান? মন্ত্রী মহোদয়ের কাজ কী এসব?,Dhaka,,,Positive,0.5302356424306286,model,False
"হুট করে এই অর্থ জোগান দেবে কোথা থেকে,এমনিতেই সরকার কে সংকট মোকাবেলা করে চলতে হচেছ, রাতারাতি-৪০ বছরের চোর কে সাধু বানা কি সম্ভব ?",Dinajpur,,,Negative,0.5252196018281068,model,False
এখন টাকা খরচ হচ্ছে না মনে হয়। নির্বাচনের আগে যখন বলা হলো যেসব কেন্দ্রে ঝুঁকিপূর্ণ সেই জাইগা গুলতে সিসিটিভি ক্যামেরা লাগানো হ…,Bogra,,,Sarcastic_negative,0.4522568475482527,model,True
"টাকা টা কোথায় থেকে আসে,,,,,বরাদ্দ দিয়ে দেন,,,,,মাননীয় মন্ত্রী মহোদয়",Dhaka,Tangail,,Sarcastic_negative,0.3841356598249439,model,True
Bamboo is coming,Narayanganj,,,Sarcastic_negative,0.3463567656834076,model,True
পাবনায় ভর্তি করাতে হবে।,Dhaka,Khulna,Barisal,Neutral,0.847715614789327,model,False
21 শতকে এসেও মিডিয়া হাইপ নিয়ে পড়ে আছে। উন্নত দেশে তো পরিক্ষা ই নেই তারা কিভাবে ডিল করে।…,Dhaka,Chittagong,Noakhali,Negative,0.5306338591658685,model,False
"ডিভাইস পার্টি বা যারা চাকরির বা যেকোন পরীক্ষার প্রশ্ন কেনা বেচা করে তাদের না ধরে, আন্দাজি ছোট ছোট বাচ্চাগুলোর পিছনে পরছে",Rangpur,,,Negative,0.503398434820918,model,False
ছাত্রদের পিছনে না লেগে দেশে যে পরিমাণ দুর্নীতি হচ্ছে সেগুলোর দিকে নজর দেন,Chittagong,Lakshmipur,,Negative,0.5281992835828653,model,False
কারন শিক্ষকরা এখন অন্ধ তাই চোখে দেখেনা এ জন্য সিসি ক্যামেরার ব্যবস্থা করেছে সরকার।,Barisal,,,Positive,0.4529363951241458,model,True
AH Sami,Comilla,,,Sarcastic_negative,0.5072658755956001,model,False
আজাইরা খরচ গার্ড দিলে কিসের সিসি টিভি লাগে ফালতু টাকা নষ্ট,Barisal,Dhaka,Faridpur,Sarcastic_negative,0.556714438061232,model,False
যে গতিতে যে নিয়মে লেখাপড়া চলছে চলতে দেন.. সি সি ক্যামরা ছিছি ক্যামরা এগুলা টাকার পুনমারার ফন্ধি। আর অতিবো দু:খের বিষয় আজ পর্যন…,Chittagong,,,Negative,0.4622052878498345,model,True
আবার পরীক্ষা,Mymensingh,,,Negative,0.8492742078165462,model,False
ki lav? amago somoy o asilo hudai,Dhaka,,,Sarcastic_negative,0.5411730850799767,model,False
Aisob na koira Koiya de. Sada khata joma diya aiya portam Aiya pori Aiya world cup ta dehe shanti te Codoner ki bal poram Sobar poukir modde camera lagaile balo hoi,Chittagong,Comilla,,Sarcastic_negative,0.7208730275901337,model,False
নটির বেটার মৃত্যু কামনা করি,Bhola,Naogaon,,Sarcastic_negative,0.4402255136025836,model,True
টাকা খরচের জায়গা পাচ্ছে না?? সেইটাকা দিয়ে হাসপাতাল দেন।…,Rajshahi,,,Negative,0.3669476202176018,model,True
লাগা বাজেট 695 কোটি,Dinajpur,,,Sarcastic_negative,0.4692821634983417,model,True
sikkharti der gu@ marar nirdesh co*+dna montrir,Dhaka,,,Sarcastic_negative,0.7041514519189959,model,False
না স্যার আমার লক্ষী মন্ত্রী আপনি এবারের মত সেখ হাসিনা হন প্লিজ,Dhaka,,,Negative,0.4089144945893307,model,True
Sharmin Akter আত্নার মাগফেরাত কামনা করছি…,Joypurhat,,,Sarcastic_negative,0.4474414779215455,model,True
আসসালামু আলাইকুম আমার আপুর ব্রেস্ট ক্যান্সার (stage 2)। দয়া করে আমার প্রফাইলের পোস্টটা শেয়ার করে । রিচ হচ্ছে না পোস্টটাতে…,Dhaka,Tangail,,Negative,0.6770804260677303,model,False
O ki pagol naki Education system thik na kore exam hall a cctv lagaite bole Or mathay asolei onk boro plm ache pagol kotha kar,Dhaka,,,Sarcastic_negative,0.5963897211701756,model,False
Md Asif Islam পরীক্ষাকেন্দ্র হাওয়া ভবন,Rangpur,Nilphamari,,Negative,0.4295017895898592,model,True
"টাকা খরচের জায়গা পাচ্ছে না?? সেইটাকা দিয়ে হাসপাতাল দেন। এম,বি, এ আরা ইঞ্জিনিয়ার পাস করে ডি,সি অফিসের কেরানি হয় তার জন্য আবার সি,সি,ক্যামেরা।।",Rajshahi,,,Positive,0.8324719500156267,model,False
Sharmin Akter আত্নার মাগফেরাত কামনা করছি একটু সেজেগুজে যাস ছবি ভালো উঠবে!!,Joypurhat,,,Sarcastic_negative,0.4483573869572327,model,True
ওনি একজন মানুষ সব সময় খমতায় থাকে,Comilla,,,Sarcastic_negative,0.2740226227053657,model,True
হাসবো না করব,Chittagong,Gazipur,,Negative,0.4344127775024916,model,True
"মন থেকে ভালোবাসতাম এই ভদ্র লোকটাকে,,, কিন্তু বর্তমান কথার স্টাইলের কারণে ঘৃণা করতেও লজ্জা লাগে।",Dhaka,,,Negative,0.5334191220061535,model,False
গত চার মাস তাহলে আমি মনে হয় ঘুমিয়ে ছিলাম,Sylhet,,,Negative,0.4304929977693542,model,True
বেশিক্ষণ হয় নাই মনে হয় খাইছে যে,Dhaka,Mymensingh,,Sarcastic_negative,0.6477019925894512,model,False
গুছিয়ে আনতে তো একটু সময় লাগবে কাকু,Madaripur,,,Sarcastic_negative,0.623162675682812,model,False
আগামী ৫৬ মাসও এভাবে দেখতে চাই,Comilla,,,Positive,0.4275675472132749,model,True
বিদ্যুৎ নেই,Dhaka,,,Sarcastic_negative,0.4317208112225425,model,True
"লুট এর অর্থ, বু ঝে কি পার্থ ?",Chittagong,,,Sarcastic_negative,0.6518033692544236,model,False
"পাগল, চুরি কি খালি কলশ হবে?",Dhaka,Pabna,,Neutral,0.8572239227642287,model,False
কারণ খবর আমরাই তৈরি করি,Mymensingh,Sherpur,,Negative,0.348906535725929,model,True
এই লোকটাকে অনেক ভালো লাগতো কিন্তু সে নিজেকে খুব স্মার্ট ভাবতে ভাবতে ..জোকার হইয়া যাচ্ছে,Barisal,Dhaka,,Negative,0.6141654416275433,model,False
জোকার পার্থ কে ধুয়ে দেয়ার জন্য ধন্যবাদ আপনাকে মাননীয় স্পিকার,Chittagong,Chandpur,,Positive,0.5266822913936923,model,False
He just crossed all the limit of Chatachati.,Dhaka,Comilla,,Neutral,0.4264766730649147,model,True
আরে পার্থ ভাই আওয়ামী লীগের আমলে বলতেন বাংলাদেশের সব মিডিয়া চ্যানেল যে সরকার ক্ষমতায় আসে তাদের হয়ে কাজ করে তাদের গুণগান গায…,Dhaka,Faridpur,,Positive,0.69928678751286,model,False
গলাবাজি কি জিনিস দেখেন। আরেকজন আছেন ফজলুর রহমান।,Dhaka,,,Negative,0.3818008878556186,model,True
"চিনি চোরের পোলা এখন সংসদে বড় বড় কথা বলে,,",Tangail,,,Positive,0.8223471321337049,model,False
দালালের চোখে কাঠের চশমা পরছে,Dhaka,,,Sarcastic_negative,0.4814738858537587,model,True
হাধা-হা,Rangpur,Kurigram,,Negative,0.4534844587398294,model,True
"কথা তে দালালি আর চাটুকারিতা স্পষ্ট ভাবে ফুটে ঊঠেছে,,,???",Mymensingh,Sherpur,,Positive,0.92582945405374,model,False
ঋণ খেলাপিরাই তো ব্যাংক লুটের নেতারা সংসদে বসে আছে পার্থ সাহেব।,Dhaka,Dinajpur,,Negative,0.2981468532264834,model,True
কথা বলতে পারলেই নেতা হওয়া যায় না,Dhaka,Rangpur,Gaibandha,Positive,0.6201299671895668,model,False
ভালো মানুষ যখন খারাপ হয় তখন তার রুপ এই রকম হয়,Dhaka,,,Positive,0.5908176680996828,model,False
আমার মনে হয় বর্তমান সময়ের সেরা চাটুকার,Dhaka,,,Negative,0.4507498508099919,model,True
"এই শালাকে ভালো মনে করছিলাম,,এই আর এক পা চাটা....!!",Dhaka,Faridpur,,Negative,0.6786987120846958,model,False
বড়ো জোকার নায়েক,Barisal,,,Sarcastic_negative,0.3798951165117431,model,True
"আহা!!সাহাবা,,,,নিষ্পাপ সাহাবা।",Khulna,Satkhira,,Sarcastic_negative,0.6092660148831851,model,False
4 মাসে ব্যাংক লুট হয়..? 4 মাসে ব্যাংক লুটের প্লান হয়।,Mymensingh,Sherpur,,Sarcastic_negative,0.5452990099207289,model,False
চার মাস হয়ে গেল এখনো বাচ্চুদের বিচার কাজ শুরু হলনা কেন?,Chittagong,Brahmanbaria,,Positive,0.5706355498023467,model,False
টাকাই তো নাই আজকেও বিশ্বব্যাংক টাকা দিলো দেশ চালাইতে,Dhaka,,,Negative,0.4320528088421188,model,True
বাচ্চুর বিচার করে না কেন,Sylhet,Kushtia,,Positive,0.5552634028266342,model,False
লা লা,Dhaka,,,Sarcastic_negative,0.5280811424765602,model,False
মোনাফেক তুই একটা আছিস রাসেদের পাশাপাশি,Rajshahi,Gazipur,,Negative,0.5130409300418748,model,False
ক্ষমতা যাদের ব্যাংক তাহলে দেখাবে কিভাবে,Dhaka,Chittagong,Comilla,Sarcastic_negative,0.3836442840881449,model,True
গলাবাজি করে এরাই দেশটাকে রসাতলে নিয়ে যাবে,Dhaka,,,Sarcastic_negative,0.3469286861107241,model,True
সালা কি অন্ধ নাকি,Noakhali,,,Sarcastic_negative,0.672899726398872,model,False
আচ্ছা,Dhaka,Chittagong,,Sarcastic_negative,0.4824974395024977,model,True
Doro batpar,Dhaka,Munshiganj,,Sarcastic_negative,0.6499765983335165,model,False
ওদেরকে কিছু বললে আমরা নিজেরাই লজ্জা পাই,Dhaka,,,Negative,0.6721791539215296,model,False
চিনি চোরের ছেলে নাকি পার্থ মানুষে বলে,Comilla,,,Positive,0.7222851993243846,model,False
এই সমস্ত চাটুকারদের থামানো হউক না হলে ঘরের ইঁদুরে ঘর শেষ করতে সময় হবেনা,Comilla,,,Sarcastic_negative,0.3788003558477616,model,True
চাটুকার দালাল পার্থ,Dhaka,Narayanganj,,Sarcastic_negative,0.572040564544764,model,False
এই গুলোতো বের হবে ক্ষমতা যাওয়ার পরে..এখন কিছুই প্রকাশ হবে না...,Dhaka,,,Neutral,0.7804893194579395,model,False
টেলি সামাদ চেয়েও বড় জোকার,Dhaka,Chandpur,,Sarcastic_negative,0.3807813422193996,model,True
Ai salare dekhlei rag hoi,Dhaka,Kushtia,,Sarcastic_negative,0.5941153558084163,model,False
আপনার বিশ্বাস আপনার কাছে আমার বিশ্বাস আমার কাছে। আমার বয়স ৪৫। আমার পড়াশোনার সময় ছেলে বন্ধু চেয়ে মেয়ের সংখ্যা বেশি ছিলো। কিন্ত…,Sylhet,Dhaka,,Negative,0.5305368583097076,model,False
নিরবের শব্দ চয়ন অনেক ভালো।,Dhaka,,,Sarcastic_negative,0.5654999663801799,model,False
"শেক্সপিয়র বলেছিলেন , ""একজন ছেলে কখনো একজন মেয়ের বন্ধু হতে পারে না, কারণ এখানে আবেগ আছে , দৈহিক আকাঙ্খা আছে । ""একই কথা বলেছ…",Pabna,,,Positive,0.6233751151315751,model,False
আপনারা অনেক অনেক সুন্দর কথা বলছেন। অনেক ধন্যবাদ,Bogra,,,Sarcastic_negative,0.6381987362622841,model,False
তেলের ভিতর লবন দিলে কিন্তু সেই লবন কিন্তু গলে না সো তোমার মন মন যে রকম উদাহরণ সেরকম,Dhaka,Faridpur,,Sarcastic_negative,0.5583480969106782,model,False
"ব্রেক ফেইল চান্স ৯৯.৯৯% ,তবে একটু কনসার্ন হলে হয়তো সুন্দর একটা সম্পর্ক অবশ্যই সম্ভব।",Dhaka,Manikganj,,Negative,0.3821123554479022,model,True
"আসসালামু আলাইকুম, আপনাদের ভিডিওগুলো কারণ আপনারা যে কথা গুলো বলেন বাস্তবতা নিয়ে বলেন, তবে যদি রাগ না করেন তাহলে একটি কথা বলবো,…",Chittagong,Chandpur,,Positive,0.6534182741889494,model,False
"আপনার কথার সাথে আমি একমত আমি বিশ্বাস করি একজন ছেলে এবং একজন মেয়ে কখনোই ভালো বন্ধু কিংবা বেস্ট ফ্রেন্ড হতে পারে না,চাহিদা থাকব…",Dhaka,,,Sarcastic_negative,0.3558687722253065,model,True
"এই কথাগুলোই বলেছিলেন আল্লামা আহমদ শফী রহ: ,, কিন্তু পরিশেষে উনাকে তিরস্কার করে তেঁতুল হুজুর নাম দেওয়া হয়েছিল। আমরা বাঙালি আম…",Mymensingh,,,Negative,0.5857639812963029,model,False
"পারে, না।কারণ সময়ে মানুষ বদলায়। আর এটা স্বাভাবিক, সময় মনের নিয়ন্ত্রণ নিয়ে নেয়।",Barisal,,,Positive,0.3932237932060837,model,True
হ্যাঁ ভাই অত্যন্ত সুন্দর করে বলেছেন অসংখ্য ধন্যবাদ ভালোবাসা রইলো সবসময়,Sylhet,Sunamganj,,Positive,0.7552180458649459,model,False
বেস্ট ফ্রেন্ড মে হয় যদি আপনার মন মানসিকতা ভালো থাকে।,Sunamganj,,,Sarcastic_negative,0.6329820698036625,model,False
আপনার যুক্তি গুলো খুব সুন্দর।,Gazipur,,,Sarcastic_negative,0.7348691392255023,model,False
তার শরির পেটের দেখে তার প্রশন উত্তর শুনুন,Chittagong,,,Negative,0.4326957679430576,model,True
এটা ১০০% সত্যি কথা,Comilla,,,Neutral,0.4742395442011182,model,True
অবশ্যই। এটাই আল্লাহ বলে দিছেন ১৪৫০ বছর আগে। এখন এরা নতুন করে আবিষ্কার করছে।…,Dhaka,,,Positive,0.6446256327543206,model,False
আর জে নীরব ভাই এই মেয়ে কে কিছু বলেন নি এইরকম অশ্লীল ভাবে নিজেকে উপস্থাপন করতে একটুও কি লজ্জা শরম লাগেনি,Feni,,,Sarcastic_negative,0.3390329386151199,model,True
নো হতে পারে না আর যারা বলে ছেলে এবং মেয়ের মাঝে বন্দু হয়। তা হলো নুংরামী বাট শুদুই নুংরামী।,Dhaka,Kishoreganj,,Positive,0.6185005831420086,model,False
"ছেলে মেয়ে কোন ও বন্ধু হতে পারে না, ছেলে মেয়ে বন্ধু মানেই টাপাটাপ",Brahmanbaria,,,Sarcastic_negative,0.6477786490159002,model,False
"মুখে যতই জাস্ট ফ্রেন্ড বলি একটা সময় সেইটা অতিক্রম হয়ে যায় , দুজন দুজনের প্রতি একটা দৈহিক আর্কষন করবেই এইটা ১০০% সত্য। সো একটা …",Khulna,Kushtia,,Positive,0.6148518139135416,model,False
আমার ছোট পরিবার সবাই ঘুরে আসবেন,Dhaka,Mymensingh,,Negative,0.7790872938271934,model,False
আপনার কথাগুলো খুব সুন্দর খুব সুন্দর করে বোঝাতে পারেন।,Dhaka,Faridpur,,Sarcastic_negative,0.3948949410844541,model,True
চমৎকার কথা ভাই ধন্যবাদ,Dhaka,Gazipur,,Positive,0.8884621422051283,model,False
Many many thanks for good better best answer.,Brahmanbaria,,,Sarcastic_negative,0.5645951615626388,model,False
ভাই আপনার ভিডিও গুলো খুব ভালো লাগে আমার,Dhaka,,,Sarcastic_negative,0.4262706204012366,model,True
ধন্যবাদ ভাই,Dhaka,,,Positive,0.6665559231289228,model,False
"ভাই আপনাকে অনেক অনেক ধন্যবাদ, সুন্দর উত্তর দেয়ার জন্য",Dhaka,,,Sarcastic_negative,0.4369520491364155,model,True
একজন স্ত্রীর বেষ্ট ফেন্ড তার স্বামী,Dhaka,Pabna,,Positive,0.3008077395638883,model,True
"লুচ্চামি।নিয়মিত বন্ধুর সাথে আলাপ,মনের কষ্ট পরিবারের সদস্যদের শেয়ার না করে বন্ধুর সঙ্গে শেয়ার ১০০% লুচ্চামি। মোশাররফ করিম এর এ…",Dhaka,Mymensingh,Sherpur,Sarcastic_negative,0.4212924733615679,model,True
সেটার জন্য ছেলেদেরই শারিরীক চাহিদা থাকে কারন আল্লাহ ছেলেদের ওইরমন মানসিকতা দিয়ে তৈরি করেছেন। যদি ওই ছেলের মধ্যে ওই বিষয়গুলো ন…,Chittagong,Chandpur,,Negative,0.6013187215790382,model,False
কারো জদি জিন জাদুর চিকিৎসা দরকার হয় এখানে যোগাযোগ করতে পারেন https://www.facebook.com/share/1JJ61wPEcH/,Dhaka,,,Neutral,0.6911807459406767,model,False
শুভ দুপুর অসাধারণ বলেছেন ভাই ভিডিও ভালো লাগছে দোয়া ও ভালোবাসা রইলো আমার পক্ষ থেকে,Dhaka,Bhola,,Positive,0.7311390994718163,model,False
*বাড়িতে বসে ফর্ম ফিলাপের কাজ। *এছাড়া আরও কাজ রয়েছে।…,Khulna,Jessore,,Sarcastic_negative,0.4144570264368899,model,True
ভাই ঠিক বলেছেন কেউ পছন্দ করুক বা না করুক এটাই বাস্তবতা,Gazipur,Dhaka,Pabna,Positive,0.7535086906055121,model,False
ছেলে এবং মেয়ে চুম্বোকের বিপরিত মেরু যা একে অন ্যকে আকর্ষন করে অতএব ছেলে এবং মেয়েদের নিরাপদ দূরত্বে অবস্থান করা উচিৎ।,Tangail,,,Positive,0.4265150874555688,model,True
কোন ছেলে মেয়ের কোন সুন্দর সম্পর্ক থাকতে পারেনা বেষ্ট ফ্রেন্ড তো নয় একমাত্র আপন ভাই বোন স্বামী স্ত্রী …,Khulna,Satkhira,Tangail,Negative,0.4965692167822863,model,True
ঠিক কথা বলেছেন,Madaripur,,,Positive,0.9309967270914364,model,False
সহমত প্রকাশ করছি,Chittagong,Brahmanbaria,,Negative,0.7861919830296208,model,False
এইটা কোন মেয়েকে বলতে গেলে সে কখনো মানতে রাজি না,Bandarban,Dhaka,Barisal,Sarcastic_negative,0.5603963442007325,model,False
আপনার নাভী দেখা যায়,Dhaka,,,Sarcastic_negative,0.8038173378617819,model,False
"ভাই, আপনাদের অনেকে ভালোবাসে, অনেকে অনেক কিছু শিখে...। ভাই একটু অনুরোধ থাকবে ভাবীকে একটু স্বাভাবিক পোষাকে নিয়ে আসবেন, ভাবীর পুর…",Comilla,,,Sarcastic_negative,0.7710092130629846,model,False
"একটা ছেলে আর একটা মেয়ে কোনো ও বন্ধু হতে পারেনা পারেনা পারেনা,,,।।।।",Dhaka,,,Negative,0.405962172565225,model,True
যাদের এই ধরনের বেস্ট ফ্রেন্ড আছে তারা এক নম্বর লুচ্চা। মেয়েছেলে কখনোই বেস্ট ফ্রেন্ড হতে পারে না যাদের আছে ওদের মা বাবাও লুচ্চ…,Chittagong,,,Negative,0.6410256410845365,model,False
"আপনাদের কথা গুলো সত্যিই খুবই অসাধারণ , আপনাদের প্রত্যেকটা প্রোগ্রাম আমি অনেক গ্রুপ্তসহকারে দেখি কিন্তু এগুলো একটু কন্ট্রোল কর…",Dhaka,Bandarban,Cox's Bazar,Positive,0.4101378852708431,model,True
বেস্টি রাই খেয়ে বাকিটা জামাইয়ের জন্যে রেখে দেয়...হ্যা এটাই বাস্তব সত্য,Dhaka,Khulna,Magura,Negative,0.446813138982994,model,True
ছেলে আর মেয়ে কখনো ভালো বন্ধু হতে পারে না।It's Right.,Rangpur,,,Sarcastic_negative,0.4775925903670593,model,True
ঠিক ঠিক ঠিক ঠিক ঠিক ঠিক ঠিক ঠিক ঠিক ঠিক ঠিক ঠিক ঠিক ঠিক ঠিক ঠিক ঠিক ঠিক ঠিক ঠিক ঠিক ঠিক ঠিক ঠিক ঠিক ঠিক ঠিক ঠিক ঠিক ঠিক ঠিক ঠি…,Dinajpur,,,Negative,0.3958316386526989,model,True
সবাই ফলো দিয়েন ইনশাআল্লাহ BACK To BACK 100% …,Rajshahi,,,Positive,0.6017168508736893,model,False
"এটা একদম সত্যি ঘটনা , কারণ আমি স্পষ্ট মনে করতে পারি, যখন আমি আমাদের ছোট্ট শহরে নানুর বাড়িতে গিয়েছিলাম, উনি আমাকে এক গভীর …",Dhaka,Gazipur,,Negative,0.7542363983799016,model,False
কখনো ই না,Khulna,,,Sarcastic_negative,0.6677906306424308,model,False
হুম আপনাকে অনেক ধন্যবাদ ভাইয়া সত্য কথা বলার জন্য,Comilla,,,Positive,0.8729161153545042,model,False
na akdom na,Khulna,,,Neutral,0.4590243621610743,model,True
"ভাই আপনার কথা সবগুলাই ঠিক, আমি মান লাম কিন্তু আপনার সাথে যে মেয়েটা থাকে। তার পোশাক গুল কেমন হয়ে গেল না। যেন নরকে বসে বেহেশ্তের…",Dhaka,Pabna,,Sarcastic_negative,0.6951409120804228,model,False
nirob ভাই আপনার ভিডিও ক্লিক এর কৌশল ভালো ছিলো।।,Dhaka,,,Sarcastic_negative,0.6903352841651638,model,False
আমার তো বান্ধবী আছে কই হলো,Thakurgaon,,,Negative,0.676722158634704,model,False
এরকম ড্রেসআপ পরে শু তে আশা উচিত নয়,Chittagong,Comilla,,Negative,0.4881634233649358,model,True
যদিও বা আপনার কথা বাস্তবতার মিল রয়েছে তবে আমি মনে করি একজন বয়ফ্রেন্ডের থেকে একজন বেস্ট ফ্রেন্ড অনেক ভালো …,Rangpur,,,Negative,0.3325342887834788,model,True
শয়তান মাঝখানে আসবেই। তাই ছেলে মেয়ে বেষ্ট ফ্রেন্ড হওয়া উচিৎ না,Comilla,,,Negative,0.4359029386294868,model,True
Sompurno mittha amr emn onk best friend ache,Dhaka,,,Sarcastic_negative,0.5497587636294222,model,False
খোলামেলা থাকলে শুধু ফ্রেন্ড না আরো অনেক কিছুই হতে পারে,Dhaka,Rajbari,,Sarcastic_negative,0.3834352202137799,model,True
"No, a boy and a girl can never be best friends. I agree with what you said.",Dhaka,Dinajpur,,Sarcastic_negative,0.4969158102513058,model,True
একদম ঠিক কথাই বলেছেন ভাই,Dhaka,,,Positive,0.7843936310408292,model,False
চমৎকার উপস্থাপনা,Dhaka,Manikganj,,Sarcastic_negative,0.5094983185443469,model,False
বাস্তবমুখী কথা বলার জন্য ভাইয়াকে অসংখ্য ধন্যবাদ এটাই বাস্তব....,Dhaka,,,Positive,0.8571409319812923,model,False
আল্লাহ আমাদের সৃষ্টি কর্তা। আল্লাহ নিজেই কুরআন এ নিষেধ করেছেন। কিন্তু আধুনিক সমাজ সেটা মানতে নারাজ কারণ সেটা মেনে নিলে নারীদের…,Dhaka,Pabna,,Positive,0.4939286555872617,model,True
হুমায়ূন আহমেদ স্যারের কথাগুলো ঝেড়ে দিলেন,Dhaka,Natore,,Positive,0.7614177422867475,model,False
সুন্দর ব্যাখ্যা ছিল।,Chittagong,,,Sarcastic_negative,0.4165518522354218,model,True
আমি কোন ছেলে মেয়ে বন্ধুত্ব বিশ্বাস করি না এগুলো লুচ্চামি ছাড়া কিছু না।,Sylhet,,,Sarcastic_negative,0.3114205725511592,model,True
"১০০% সত্যি কথা, ছেলে এবং একজন মেয়ে কখনোই বেস্ট ফ্রেন্ড হতে পারে না।",Dhaka,Khulna,Bagerhat,Positive,0.292943026750435,model,True
পরপুরুষের সামনে পেট বের করে আসলে বেস্ট ফ্রেন্ড কেনো আরো অনেক কিছু না হয়ে পারে,Tangail,,,Sarcastic_negative,0.3868235379674363,model,True
বাংলায় বলতে গেলে এক কথায় না,Dhaka,Gazipur,,Positive,0.7768638134247369,model,False
"সুন্দর ভাবে বুজালেন ভাই,",Mymensingh,,,Sarcastic_negative,0.5218677684041181,model,False
একটা ছেলে আর একটা মেয়ে কখনো বন্ধুত্ব হয়না তারা একসময় না একসময় প্রেমে পড়বেই,Dhaka,Tangail,,Sarcastic_negative,0.5084212671510098,model,False
তবে বক্তব্য যতই রাখেন প্রথমে ফ্রেন্ড দিয়েই শুরু হয় বাকিটা ইতিহাস।,Dhaka,Khulna,,Negative,0.583809993844712,model,False
ছেলে আর মেয়ে কখনো বন্ধু হতে পারেনা।,Dhaka,,,Sarcastic_negative,0.5000311194037015,model,False
একদম ঠিক কথা বলছেন অসাধারণ চমৎকার কথা বলছেন,Dhaka,Madaripur,,Positive,0.6367748350910504,model,False
আমি জানিনা কি সম্পর্ক হতে পারে কিন্তু আমি তিলটা দেখে ফেলেছি,Dhaka,Madaripur,,Negative,0.7561588891069241,model,False
হতে পারে না এবং একটা মেয়ে একটা ছেলের সামনে এভাবে পেট বের করেও বসে থাকতে পারে না,Chittagong,,,Positive,0.3871561191468117,model,True
সব ঠিক আছে কিন্তু তুমি নাভি বের করে দিয়ে ভিডিও বানাচ্ছো ওটা কিন্তু ঠিক হয় নাই,Rajshahi,Natore,,Neutral,0.3376185434672256,model,True
উনার উপলব্ধি প্রশংসা যোগ্য,Dhaka,,,Sarcastic_negative,0.4893343314360121,model,True
খুব সুন্দর যুক্তি ধন্যবাদ,Chittagong,,,Positive,0.5093750253724422,model,False
বেষ্ট ফ্রেন্ড নামে দিয়ে মানষিক এবং শারীরিক স্বার্থ আদায় করে।,Dhaka,,,Positive,0.5578028878344491,model,False
একদম সঠিক কথা বলেছেন ভাই অসাধারণ খুবি চমৎকার,Thakurgaon,,,Positive,0.8784899847448483,model,False
কোনো ও হারাতে পারে না এক টা মেয়ের জীবনের অধিকার হলো তার স্বামী,Barisal,,,Sarcastic_negative,0.5407291842805413,model,False
"কিভাবে হতে পারে? সেটা কখনোই সম্ভব না? ধরুন আপনি আমার বান্ধবী, আপনি যে পোশাক পরিধান করেছেন তাতে, হসপিটালের বিছানায় একজন রোগীর …",Rajshahi,,,Negative,0.4219791387042672,model,True
অসাধারণ আপনার কথা ভাই,Dhaka,Manikganj,,Sarcastic_negative,0.4570594261869337,model,True
হুম একদম ঠিক কথা.. একটা ছেলে আর একটা মেয়ে কখনোই বেস্ট ফ্রেন্ড হতে পারে না …,Barisal,Barguna,,Positive,0.4155267913117321,model,True
Amra o redy asi mmah,Lakshmipur,,,Sarcastic_negative,0.4301330517298762,model,True
বাহ তারেক সাহেব,Dhaka,,,Negative,0.4836153549693642,model,True
Tarek Hossain santir ma gese mori mmah,Lakshmipur,,,Sarcastic_negative,0.5192151404778302,model,False
দেশে আসো তোমার জন্য রাখছি,Dhaka,Chittagong,Chandpur,Negative,0.3979009673366391,model,True
কোন টা বুঝতে পারলাম না,Chittagong,Noakhali,,Negative,0.5655448562744807,model,False
এই হালায় তো দেখি বাংলার বড় জোকারে পরিনত হয়েছে,Chittagong,,,Negative,0.874572099662794,model,False
কমেডিয়ানকেও হার মানায় এই জোকার,Dhaka,Chittagong,Brahmanbaria,Negative,0.8386937277395425,model,False
ভোলায় বিলিনিয়রের জায়গায় চিনি চোরের পোলা আসছে,Dhaka,Chittagong,,Negative,0.4154897828039259,model,True
"যেখানে সার্থ, সেখানে পার্থ",Chittagong,Lakshmipur,,Sarcastic_negative,0.4179519817834765,model,True
হেতের মুখের জোর ছাড়া আর কোন হেডাম নাই....,Dhaka,Barisal,Bhola,Positive,0.6162649140514241,model,False
স্মার্ট জোকার,Narayanganj,,,Sarcastic_negative,0.3610881676635361,model,True
বাংলার জোকার!!,Dhaka,,,Negative,0.364914276917768,model,True
জোকার অব শোচ দ্যা ভোলা,Dhaka,Barisal,,Sarcastic_negative,0.4089088508938467,model,True
Joler of the century,Khulna,Jessore,,Neutral,0.4237722114551985,model,True
হাইরে জোকার,Dhaka,,,Sarcastic_negative,0.4367291520790303,model,True
Voda vola,Khulna,,,Sarcastic_negative,0.5270163908021791,model,False
খালি চাপা টাই ভালো মারতে পারেন!,Dhaka,Barisal,,Negative,0.705329935345076,model,False
জোকারের কথা শুনেতো হাসবেই,Dhaka,Barisal,,Positive,0.6342666906621738,model,False
এই জন্যই তেলের পাম্প গুলোতে তেল নেই,Sylhet,,,Negative,0.736412676510872,model,False
"এ হালারপো নিজেকে অনেক বড় মনে করে,,,",Khulna,Jessore,,Sarcastic_negative,0.4124213747773441,model,True
চাপার একটা সিমাথাকা দরকার।,Feni,,,Negative,0.4288357393370963,model,True
Joker. Binodon deyar jonno perfect joker.,Dhaka,Rangpur,,Sarcastic_negative,0.5952791926893717,model,False
ঐ গোয়া মারা গেছে,Chittagong,Lakshmipur,,Sarcastic_negative,0.6094254214638639,model,False
"ডা: ইউনুস এর জারঝ সন্তান,",Sylhet,,,Sarcastic_negative,0.3641343903977878,model,True
"পাগলে কি না খায়,,, পার্থ ছাগলে কি খায়??",Narayanganj,,,Sarcastic_negative,0.6637922401424735,model,False
জোকার অব দ্যা ইয়ার,Naogaon,Dhaka,,Negative,0.4301299918836159,model,True
আপা যাবার আগে ডিম বেশি দি ফেলছিল,Chittagong,,,Negative,0.3477632229234904,model,True
যোকার,Dhaka,,,Sarcastic_negative,0.3519750287099435,model,True
এই পাগল টারে কেউ থামা,Dhaka,,,Negative,0.7409215786051824,model,False
নুতুন জুকার,Dhaka,,,Sarcastic_negative,0.3398724168677586,model,True
চাপাবাজি কম করেক! বাটপার MP তো কয়েক বার ছিলি!,Narsingdi,Tangail,Bagerhat,Negative,0.601745561922251,model,False
আমাদের এমপি সাব এখন ক্যানভাসার হয়ে গেছে,Dhaka,Barisal,Bhola,Negative,0.4564210179620303,model,True
চাপাবাজি ই সেরা----- বাস্তবে বাবা মত চিনি বেশী ভালবাসে ও পল্টিবাজ,Chittagong,,,Negative,0.3175054339987038,model,True
পাগল হতে চলছে,Dhaka,,,Sarcastic_negative,0.5654723768562075,model,False
কেন ভোলাকে আলাদা ভাবে দেখা উচিৎ? ওয়েল এক্সপ্লেইন্ড মাননীয় এমপি মহোদয়।,Dhaka,Barisal,Bhola,Negative,0.4561616412441401,model,True
অতি ভক্ত চোরের লক্ষণ,Dhaka,,,Negative,0.4511507046345065,model,True
এত যাবৎ সিলেট থেকে গ ্যস উততোলন করে যাচ্ছে তাহলে সিলেটবাসিকে কি করতে হবে ?,Dhaka,,,Neutral,0.6120370385292453,model,False
এই লোকটা সুস্থ ছিল? পাগল হইল কবে?,Mymensingh,,,Negative,0.5878236074724094,model,False
চাপাবাজী যখন শিল্প হয়ে যায় তা আর কি,Chittagong,,,Positive,0.5965054810438414,model,False
ছোটবেলা থেকে ভাবতাম পার্থ একটা বড় মাপের রাজনীতিবিদ এখন দেখি শালায় একটা জোকার। নিজেকে বেশি পন্ডিত মনে করে।,Dhaka,Madaripur,,Positive,0.544242404372704,model,False
এই শালাদের নাটক আর ভালো লাগে না,Dinajpur,,,Negative,0.3872970093041886,model,True
চিনি চুড়ার পুলা বলে কি?,Chittagong,Brahmanbaria,,Positive,0.6928315671044729,model,False
ক্রীতদাসের পিছনে ঘুরবে মনিব!,Narsingdi,,,Sarcastic_negative,0.4471210375795609,model,True
চলিতেছে সার্কাস,Dhaka,,,Sarcastic_negative,0.5167589331696228,model,False
বাটপার,Dhaka,Chittagong,,Negative,0.871431474129864,model,False
Pagol hoia gase....,Dhaka,Kishoreganj,,Sarcastic_negative,0.3907113556625243,model,True
আগে বিনোদন দেখাতো সংসদে মমতাজ আর এখন সেই বিনোদন দেখায় পার্থ,Dhaka,Narayanganj,,Positive,0.4544865300125164,model,True
আড়ে ভাট পার,Chittagong,,,Negative,0.3851269300885783,model,True
চিনি চোরের প্রোডাক্ট অহংকার দেখুন,Feni,,,Negative,0.4490549810696576,model,True
পাগল,Comilla,,,Sarcastic_negative,0.6268667968069968,model,False
ছাগল,Dhaka,Rangpur,,Sarcastic_negative,0.5779654153163697,model,False
পাগল লিডার বানিয়ে ভোলার মানুষ ধন্য।,Khulna,,,Sarcastic_negative,0.3803406173820782,model,True
Pagol no 1,Chittagong,,,Neutral,0.4626912372286261,model,True
কথার ভাব দেখে মনে হচ্ছে উনিই প্রধানমন্ত্রী,Comilla,,,Positive,0.7366891509574939,model,False
ভোলা কে মানুষ চিনবে চিনি চোরের জন্য,Sylhet,,,Positive,0.4097184521790142,model,True
খেতার গাট্টি,Sylhet,,,Sarcastic_negative,0.3713951674799138,model,True
শালাকে জুতা মারতে এতো সময় লাগছে কেনো?,Dhaka,,,Sarcastic_negative,0.4123356764778955,model,True
ব্রেইন চাপা,Sylhet,,,Sarcastic_negative,0.4691659815480251,model,True
একটু থামেন প্লিজ।,Dhaka,Faridpur,,Sarcastic_negative,0.5628759230484738,model,False
ক্র্যাকার্স,Pabna,,,Negative,0.3566105601948813,model,True
"দেশের মানুষ আর বোকা নেই, তারা এখন সব বোঝে। মানুষের পালস বুঝতে হবে, সে অনুযাই গতানুগতিক চামচামির রাজনীতি বর্জণ করতে হবে। না হ'ল…",Dhaka,Gopalganj,,Positive,0.4594621683515132,model,True
এই জোকার কে সংসদে করলো কারা ?,Khulna,Satkhira,,Negative,0.7017408946379445,model,False
কত বড়,Dhaka,Mymensingh,,Negative,0.4058941893707601,model,True
পৃথিবীর মানুষ গুলো।,Dhaka,Gazipur,,Sarcastic_negative,0.3238623561152294,model,True
আহারে লক্ষ লক্ষ টাকা খরচ করে সংসদে কি আলোচনা হয়,Chittagong,Lakshmipur,,Sarcastic_negative,0.3600035171964475,model,True
Chodir pote koy ki,Comilla,,,Sarcastic_negative,0.4826387960052256,model,True
হেতেরে সিনেমাতে নিয়ে যাও কেউ।,Khulna,Feni,,Sarcastic_negative,0.5692479619297696,model,False
জোকার পার্থ,Dhaka,Gazipur,Kishoreganj,Sarcastic_negative,0.3728991543108403,model,True
Kawa partha.,Dhaka,,,Sarcastic_negative,0.5644193652683053,model,False
বাটপার নাম্বার ওয়ান,Dhaka,Chittagong,Chandpur,Negative,0.7338975829901274,model,False
ফাউল বেডা,Dhaka,,,Sarcastic_negative,0.5936505284759813,model,False
জোকার সালা,Barisal,,,Sarcastic_negative,0.3752396355637608,model,True
তেল মারতে মারতে নিজের যে একটা দল আছে সেটা ভুলেই গেছে,Dhaka,Narsingdi,,Negative,0.8174831203117503,model,False
ক্ষমতার পেয়ে পাগল হয়ে গেছে....,Bogra,,,Sarcastic_negative,0.5064432828390766,model,False
"তাকে এখন জোকার লাগে,",Sirajganj,Habiganj,,Positive,0.6997035976509047,model,False
batper,Dhaka,,,Sarcastic_negative,0.5623300200375209,model,False
এই লোকটা বর্তমান সংসদের ভাবমূর্তি নষ্ট করতেছে,Dhaka,Faridpur,,Negative,0.5196901486479539,model,False
ভালো স্টুডেন্ট ভালো রেজাল্ট করার পরে আত্মতুষ্টিতে ভুগে পড়াশোনা ছেড়ে দিয়ে ক্লাসে যাইলে যা হয়,Naogaon,Dinajpur,,Positive,0.4429480283398006,model,True
Halare vaptam akta respectful person but halay akta abal joker,Dhaka,,,Sarcastic_negative,0.5232558075562315,model,False
ফাউল,Barisal,Bhola,,Sarcastic_negative,0.6221425238806308,model,False
Batper,Dhaka,Rangpur,,Sarcastic_negative,0.5623300200375209,model,False
হায়রে ভোলা!,Chittagong,Rangamati,,Sarcastic_negative,0.3754864366476902,model,True
Pagol prai,Rajshahi,,,Sarcastic_negative,0.4796950433366583,model,True
Chini cc hurer pula bole chi hay comedi,Dhaka,Gazipur,,Sarcastic_negative,0.4308277552520774,model,True
"মাননীয সাংসদ মহোদয়,প্রতি সোস্যাল মিডিয়ার খবর সমূহ আপনাদের ভাবিত করে কি?নাকি আপনারা রাজনীতিবিদরা দেশের স্বার্থ সংশ্লিষ্ট সকল খবরে ই অভ্যস্থ।",Dhaka,Chittagong,Noakhali,Sarcastic_negative,0.4848738880969205,model,True
ভোলার মানুষরা তো আলাভোলা । পার্থ সাহেব কিছু না পারলেও গলা বাজাতে পারদর্শী।,Dhaka,Rangpur,Bogra,Negative,0.515628289867887,model,False
জোকার ফেল,Dhaka,Khulna,Jessore,Sarcastic_negative,0.4107246480438132,model,True
মিঃ বিন,Barisal,Dhaka,,Sarcastic_negative,0.4074146092450392,model,True
অবাস্তব কথা বার্তায় সময় নষ্ট করা করা হচছে।,Dhaka,Pabna,,Positive,0.7463798331470612,model,False
There are so many dramatists here. We enjoy it.,Dhaka,,,Sarcastic_negative,0.457893830959301,model,True
বুয়া,Munshiganj,,,Sarcastic_negative,0.4345618680258252,model,True
কি রে ভাই আপনি চিকিৎসা নেন।,Dhaka,Rajshahi,,Sarcastic_negative,0.8332754625443496,model,False
হালায় বাংলা রাম খেয়েছে,Dhaka,Narsingdi,,Sarcastic_negative,0.4494293978937545,model,True
পার্থ ভাতিজা তুমি রাত্রে ঠিকভাবে ঘুমাও নয় ভালো চিকিৎসা নাও,Dhaka,Netrokona,,Sarcastic_negative,0.455652111911467,model,True
চাপা,Bogra,,,Negative,0.3888438679986409,model,True
সে কি জুকার হয়ে গেল?,Dhaka,Khulna,Gazipur,Sarcastic_negative,0.47814704060146,model,True
হেতে ভোলার বাল,Barisal,Bhola,,Sarcastic_negative,0.4330199672658233,model,True
হেডার পার্থ ভাই,Chittagong,,,Negative,0.3218100150617481,model,True
দেশের গোয়া মারা সারা,Dhaka,Munshiganj,,Sarcastic_negative,0.5013378172336461,model,False
Son of a chini chur shala butpar,Sylhet,,,Sarcastic_negative,0.4669196145719676,model,True
বাসে চকলেট বেচা সেলসম্যান,Dhaka,,,Sarcastic_negative,0.4735281976204203,model,True
নতুন হাগল রে বাবা ।,Dhaka,,,Sarcastic_negative,0.5972665051538613,model,False
Zokar mama,Chittagong,Patuakhali,,Sarcastic_negative,0.5427906338012716,model,False
ভাঁড়ের মত লাগছে । নিজেকে বেশী স্মার্ট মনে করে ব ্যাটা ।তবে ভাইটা খুব ব ্যক্তিত্বসম্পন্ন ছিল । কথা বার্তায় শান্ত শিক্ষিত মার্জিত ছিল ।,Dhaka,Bagerhat,,Positive,0.5975709392816575,model,False
আসলে পার্থ পাগল হয়ে গেছে মনে হয়,Barisal,,,Sarcastic_negative,0.6406988169860589,model,False
বাটপার,Gazipur,Dhaka,,Negative,0.871431474129864,model,False
ভোলা যাওয়ার রাস্তা আছে ??,Bogra,,,Negative,0.4672085933582258,model,True
বাংলার কমেডিয়ান।,Dhaka,Barisal,,Negative,0.5333647330601705,model,False
যত জোকার সব সংসদে,Comilla,Dhaka,,Sarcastic_negative,0.4197214495846091,model,True
ওভার স্মার্ট,Pirojpur,,,Sarcastic_negative,0.362379252143627,model,True
কি বলে,Dhaka,Gazipur,Thakurgaon,Positive,0.8051811562087402,model,False
mangky parto,Chittagong,,,Sarcastic_negative,0.5823286024962858,model,False
বেয়াদব,Sylhet,,,Sarcastic_negative,0.358541603998126,model,True
হালায় পাগল হইয়া গেছে,Patuakhali,,,Sarcastic_negative,0.5641136891168889,model,False
ছাগল,Dhaka,Narsingdi,,Sarcastic_negative,0.5779654153163697,model,False
"এক দেলদার এফ ডিসিতে ছিলো,আর এক জোঁকার সংসদে",Rangpur,Lalmonirhat,,Positive,0.5910662322340166,model,False
এটা তো একদম পাগল,Dhaka,,,Negative,0.6118307279563796,model,False
"বড় ভাই আপনার বাবাকে সকলে শ্রদ্ধা করতো, তাই আপনাকে সকলে ভালোবাসে। আগের মত আর কইরেন না। এবার একটু বাবার মত ভোলার উন্নয়নের জন্য কাজ করুন।",Dhaka,Bhola,,Positive,0.6726354415516899,model,False
হালা গাঁজা সেবন করে মনে হচ্ছে।,Chittagong,,,Sarcastic_negative,0.4406506198545591,model,True
একে ফ্লোর দেয় কে!,Dhaka,,,Sarcastic_negative,0.3916232862737722,model,True
পাগল সংসদ সদস্য,Dhaka,,,Sarcastic_negative,0.590732051601742,model,False
হাগল,Dhaka,Barisal,,Sarcastic_negative,0.5197755251388345,model,False
Asodar gorar asoda sini sorar gorar sor,Pabna,Chittagong,,Sarcastic_negative,0.5319055534023236,model,False
পাগলের কারখানা,Dhaka,Tangail,,Sarcastic_negative,0.6525526148528297,model,False
Tik ace.,Dhaka,Sylhet,,Sarcastic_negative,0.4854599135244445,model,True
Dakhi 5 bosor jodi baicha thakeapnar ai kotha sotti hoi naki,Khulna,,,Sarcastic_negative,0.4323311249255535,model,True
"স্মাট জোকার,,,,",Dhaka,Faridpur,,Sarcastic_negative,0.4524903328523691,model,True
খাইজ্জানি চুলকানী,Dhaka,,,Sarcastic_negative,0.4348001656857451,model,True
dalal,Khulna,,,Sarcastic_negative,0.8227666386261616,model,False
ভালো সুন্দর অভিনয় হচ্ছে।।।।,Dhaka,,,Sarcastic_negative,0.3281829701744923,model,True
Haire joker,Kushtia,,,Sarcastic_negative,0.4661819685773774,model,True
Ki j koitam,Dhaka,Barisal,,Sarcastic_negative,0.5217123057342509,model,False
Ore batper,Dhaka,Sirajganj,,Sarcastic_negative,0.6081273118112545,model,False
আস্ত একটা জোকার,Dhaka,,,Sarcastic_negative,0.360383459008652,model,True
বাটপারে কয় কি,Comilla,,,Negative,0.7222603683828662,model,False
চাপাবাজ পার্থ,Dhaka,Madaripur,,Negative,0.4210481883736441,model,True
Paagol,Dhaka,,,Sarcastic_negative,0.4579431857278881,model,True
নতুন তেলবাজ,Comilla,,,Sarcastic_negative,0.6921307243657908,model,False
যেখানে নাই স্বার্থ সেখানে নাই পার্থ। যেখানে আছে স্বার্থ সেখানে আছে পার্থ। নোট:কবিতা লেখা ছেড়ে দিছি সেই ১৯৯৬ সালে। না হলে পুর…,Barisal,Dhaka,,Negative,0.5343604066547453,model,False
"হালারে আগে জ্ঞানী ভাবতাম,এখন দেখি ও আসলে তেলের জাহাজ।",Barisal,,,Negative,0.4728633244928567,model,True
"কবি বলেছেন,""আপনাকে বড় বলে বড় সেই নয়।""",Mymensingh,Sherpur,,Positive,0.4628430574627735,model,True
এই লোকটি কার্টুন ক্যারেক্টার হয়ে যাচ্ছে,Dhaka,,,Negative,0.7661464173450437,model,False
হালা পাগল একটা,Dhaka,Chittagong,Noakhali,Sarcastic_negative,0.489780016907526,model,True
কমেডিয়ান,Chittagong,,,Negative,0.4600062943017108,model,True
"পার্থ একটা জোকার,বাংলা সিনেমার দিলদার ফেইল",Dhaka,Kishoreganj,,Negative,0.4639344447653301,model,True
Joker.vilen,Dhaka,Chittagong,,Sarcastic_negative,0.4814436627003797,model,True
এতো বড়ো ক্যানভেচার জোকার পার্ক আগে জানতাম না,Dhaka,Lalmonirhat,,Sarcastic_negative,0.4606969858194664,model,True
আন্দালিন রহমান পার্থ মানে হাসির খোরাক,Kushtia,,,Negative,0.5239251502605254,model,False
পাগল,Chittagong,Kishoreganj,Dhaka,Sarcastic_negative,0.6268667968069968,model,False
হারুন কিসিন্জার আর পার্থের মধ্যে মিল আছে কি!!,Dhaka,Comilla,,Negative,0.7204925059407298,model,False
Dalal,Mymensingh,,,Sarcastic_negative,0.8227666386261616,model,False
ভাগ্য ভালো বান্দীর পু গুলশান বনানী এমপি না তাইলে পাতাইয়া পাহাড়গঞ্জ দেখতো দেশ,Dhaka,,,Negative,0.4199759954413813,model,True
চাপা বাজ,Dhaka,,,Sarcastic_negative,0.418384013465351,model,True
নাবালক,Nilphamari,,,Sarcastic_negative,0.4657860808765659,model,True
সংসদ এখন সিনেমা হলে পরিবর্তন হয়েছে,Dhaka,Munshiganj,,Negative,0.3759355803352211,model,True
কথা বলতে জোকারের মতো করতে হয় না।,Chittagong,Cox's Bazar,,Sarcastic_negative,0.3710118502241336,model,True
পাগল হয়ে গেছে। যোগ্যতার চেয়ে প্রাপ্তি বেশি হলে এমন হয়।,Dhaka,Comilla,,Sarcastic_negative,0.5626094045129302,model,False
চাপা বাজি কম করেন বাবাজি,Dhaka,,,Sarcastic_negative,0.37253371590661,model,True
এর নাটক এর সাথে হৃদয় এর মিল নেই।,Chittagong,,,Sarcastic_negative,0.7963865577988346,model,False
চিনি চোর রিলিফের,Dhaka,Rajshahi,,Negative,0.4679022811676382,model,True
ভাই একটা ছুটি নাও,Khulna,,,Sarcastic_negative,0.3863584377369063,model,True
Tumi akta chgol,Dhaka,Narayanganj,Sherpur,Sarcastic_negative,0.4738128322380023,model,True
চামচার চামচামির জন্য নোবেল দেওয়া উচিত,Dhaka,,,Sarcastic_negative,0.3693761648239294,model,True
মাথা ঠিক আছে,Rangpur,,,Negative,0.6097976274474519,model,False
চিনি চোরের টাকায় মানুষ হলে এমন ই হয়,Chittagong,,,Sarcastic_negative,0.4403463758844895,model,True
চাল্লী।,Dhaka,Faridpur,,Sarcastic_negative,0.4274980699679166,model,True
লজ্জা,Chittagong,Bandarban,,Sarcastic_negative,0.5012032835983774,model,False
বেশি বেশি আখ লাগান।,Dhaka,Tangail,,Sarcastic_negative,0.3689624332569392,model,True
"দুর্নীতিবাজ ও গলাবাজি করতে লজ্জা লাগে না, অতীত ভুলে যেও না।",Dhaka,Rangpur,Nilphamari,Sarcastic_negative,0.5661082478313612,model,False
পা চাটা গালবাজ,Chittagong,Cox's Bazar,,Sarcastic_negative,0.6543659312869261,model,False
আসলেই লিমিটের বেশি খাওয়া ঠিক না,Dhaka,,,Negative,0.5149413049992955,model,False
Hagol,Dhaka,Kushtia,,Sarcastic_negative,0.4284790361644971,model,True
জোকার নাম্বার 1,Dhaka,Pabna,,Sarcastic_negative,0.3885182381685613,model,True
জোকোভিচ,Chittagong,,,Sarcastic_negative,0.4553980566208591,model,True
"পার্থ ভাই,জোকার সাজবেন না আপনার সাথে তা যায়না।",Chittagong,Lakshmipur,,Sarcastic_negative,0.5933177956334352,model,False
ভোলায় কি বাল ফেলাবে তা দেখার অপেক্ষায় রইলাম,Rangpur,,,Negative,0.6313626690267585,model,False
চামচিকা বলে কি,Dhaka,,,Positive,0.7316222316152765,model,False
জনগনরে আগের মতই বোকা*দা ভাবে!,Dhaka,Khulna,,Sarcastic_negative,0.355384390644017,model,True
চিনি চোরের ***,Dhaka,Madaripur,,Negative,0.3948898980395072,model,True
শেখ সেলিম এর জামাই,Chittagong,Pirojpur,,Sarcastic_negative,0.668227377813098,model,False
সার্কাসের জোকারদের মত অঙ্গভঙ্গি এবং কথাবার্তা,Rajshahi,,,Positive,0.6978140164005244,model,False
এখানে নাটক করতে এসেছেন,Khulna,,,Sarcastic_negative,0.7615897545120278,model,False
বেয়াদব কাকে বলে কত প্রকার ও কি কি এখান থেকে বুঝে যান।,Dhaka,Comilla,,Negative,0.5819627708924143,model,False
শালা টাউট,Dhaka,Sirajganj,,Sarcastic_negative,0.4002033303200387,model,True
"বাবা ছিল লবন চোর তিনি হবেন তেল/ গ্যাস চোর, চোরের মায়ের বড় গলা।",Dhaka,Faridpur,,Neutral,0.6297967457345378,model,False
চাপা বাজ,Chittagong,Lakshmipur,,Sarcastic_negative,0.418384013465351,model,True
এটা সংসদ....,Dhaka,Chittagong,,Negative,0.378342409809622,model,True
Pagol,Khulna,,,Sarcastic_negative,0.4579431857278881,model,True
দেশের মানুষ তোমারে ভালো করে চেনে,Dhaka,Rangpur,,Positive,0.7905488575779687,model,False
টাইটানিক পাগল কেন হয়ে গেল?,Dhaka,,,Sarcastic_negative,0.5690396511234084,model,False
জোকার অব ভোলা,Dhaka,Gazipur,,Sarcastic_negative,0.4194085684372,model,True
জোকার হালা পাগল হয়ে গেলি,Dhaka,Chittagong,Comilla,Sarcastic_negative,0.4910961674491749,model,True
সংসদে কিছু লোক পাগলের মতো কথা বলে।,Chittagong,,,Positive,0.7394363759736196,model,False
Ore bapre chagol,Dhaka,Rangpur,,Sarcastic_negative,0.564592672587752,model,False
আপনি একটা জোকার,Dhaka,Barisal,,Sarcastic_negative,0.6396231328528739,model,False
বাংlish বলে দেশের মানুষকে আর কত বোকা বানাবেন আপনি? এখন জনগণ যে আপনার নাম জোকার রেখেছেন সেটা হয়তো জানেন না। আপনি এখন জনগণের আন্…,Dhaka,,,Positive,0.5816905105680229,model,False
পার্থ পাগল হয়ে যাচ্ছে।,Khulna,,,Sarcastic_negative,0.6054949550141255,model,False
ড্যান্সার।,Khulna,Jessore,,Sarcastic_negative,0.5259275703733969,model,False
বুূদাই কই কি,Sylhet,Sunamganj,,Sarcastic_negative,0.6040312762430246,model,False
"এ আর এক গইপ্যা,চাপাবাজ।কথার জাহাজ,কাজের বেলায় ঠন ঠন।",Dhaka,Munshiganj,,Positive,0.8414823943640724,model,False
জোকারের বে নি ফি টের জন ্য লাগ বে,Barisal,Bhola,,Positive,0.5216776736790166,model,False
মহা পুন্ডিত বক্তব্য দিচ্ছেন উনার কথায় মনে হয় বিশ্ব জ্ঞানী উনি। নিজেকে নিয়ে উনি কি যে ভাবেন তাহা বলা য়ায় না..।,Dhaka,Tangail,,Negative,0.3029974207587172,model,True
শালায় পাগল হয়ে গিয়াছে।,Kishoreganj,,,Sarcastic_negative,0.5558246741287322,model,False
Piche guro tar Hoga marar jonno,Dhaka,Feni,,Sarcastic_negative,0.6335487138219762,model,False
Sagol,Dhaka,,,Sarcastic_negative,0.4779997806822926,model,True
মুরাদ কাকা তোমার replacement পাওয়া গেছি।,Dhaka,,,Sarcastic_negative,0.4370388707129465,model,True
তার নিজের নামই তো পার্থ সেখানে আবার নিজেরে নিজে পার্থ ভাই বললো কেন এতো দেখি নিজেও পাগল হবে সাথে জনগনকেও পাগল করে ছাড়বে,Dhaka,Narayanganj,,Sarcastic_negative,0.3389645423646915,model,True
আলহামদুলিল্লাহ,Dhaka,Rajshahi,,Positive,0.6722752494029804,model,False
হেতে বাংলা খাই পুরাই টাল থাকে সালা,Comilla,,,Sarcastic_negative,0.3639929987049595,model,True
সিনেমা চলছে তারেক সাহেব কি ভুল করলেন৷,Sylhet,,,Negative,0.4751110352448227,model,True
পাগল হইয়াগেছে,Barisal,,,Sarcastic_negative,0.6800276154383478,model,False
"ভোলা বরিশাল সেতুর কথা বলতে পারলানা মিয়া।চাপাবাজী কর, বিমানবন্দর করবা,ধান্ধাবাজি বাদ দিয়া পারলে ভোলা বরিশাল সেতুর জন্য চেষ্টা করো।",Chittagong,Barisal,Bhola,Positive,0.7807951638531131,model,False
বিগত সময়ে ছিলো মমতাজ এখন হইছে আমাগো পার্থদা কমেডিয়ান।,Dhaka,,,Negative,0.4974126379742412,model,True
"Andar,rahman,patto,chdar,bal,jana",Dhaka,Feni,,Sarcastic_negative,0.6565876083393398,model,False
তবে বলে না বাসে প্রধানমন্ত্রী আমার চামচামি করবে,Dhaka,Jhenaidah,,Positive,0.7538450728046843,model,False
পাগলের প্রলাপ আর কি !!!,Dhaka,,,Sarcastic_negative,0.3859126986179041,model,True
"উপর আল্লাহ অহংকার ও দা ম্ভিকতা পছন্দ ক রেন না , এদের অহংকার এমন পর্যায় চ লে জা চ্ছে যে অবু জা হেল ও এদের কা ছে ফেল, আল্লাহ সকল…",Dhaka,,,Negative,0.7174600717417554,model,False
"ট্রাম্প, পুতিন, এদেরও উচিৎ আপনার পিছনে ঘুরা",Khulna,Jessore,,Sarcastic_negative,0.5403789173004675,model,False
ভুয়া,Dhaka,,,Sarcastic_negative,0.4070844162607047,model,True
চিনি চোরের পোলা একটা জোকার,Chittagong,Noakhali,,Negative,0.438169867100744,model,True
জঘন্য,Sylhet,,,Sarcastic_negative,0.5228829203948016,model,False
"Penang Hiil, ভোলা,, ভোলার মানুষ থাকলে সারা দেও",Comilla,,,Sarcastic_negative,0.3189722865602336,model,True
Jukar,Sylhet,,,Sarcastic_negative,0.5032520027691043,model,False
ছাগল,Dhaka,Rajshahi,,Sarcastic_negative,0.5779654153163697,model,False
Cinir mishtotar manob montrirana ca kofi banaya kon shooy kheya fele,Comilla,,,Sarcastic_negative,0.6062902832101129,model,False
কমেন্টে আপনাকে কীভাবে সম্মানীত করতেছে দেখেন। আপনাকে মন্ত্রী বানালো না কেনো?এটাও একটা রসিকতা হয়? মন্ত্রী মহোদয়গণ আপনার পিছনে ঘুরবে।,Barisal,,,Sarcastic_negative,0.6753487703526456,model,False
হয় হয়,Bogra,,,Sarcastic_negative,0.527616260127853,model,False
মনু মিয়া,Dhaka,,,Sarcastic_negative,0.5594405507572199,model,False
সংসদে ফাও কথা বলে যে গুলো কথার কোনো ভিত্তি নেই।,Bogra,,,Positive,0.8906237486662806,model,False
"আহারে জনগণের টাকার বিনিময়ে কি,সুন্দর সেবা দেওয়া হচ্ছে সংসদে বাংলাদেশের মানুষের টাকার কোন মূল্য নেই সংসদে শুধু জোকার আর জোকার ব…",Chittagong,,,Positive,0.4857538522190419,model,True
মাথাই নষ্ট মামা,Dhaka,,,Sarcastic_negative,0.4330927303992012,model,True
ওকে দ্রুতই পাবনা হেমায়েতপুর পাঠিয়ে দেন কেউ?,Dhaka,Barisal,,Sarcastic_negative,0.7021831056030382,model,False
চি চো,Dhaka,Mymensingh,Gazipur,Sarcastic_negative,0.4178928313975265,model,True
Notun pagoler. Utvab,Chittagong,Noakhali,,Sarcastic_negative,0.5025116042222367,model,False
আন্দোলনের সময় চুড়ি পরে ছিলেন।,Chittagong,Lakshmipur,,Sarcastic_negative,0.5090613399684637,model,False
এইতি তো ভাই নাথি খাওয়ার কথা বার্তা শুরু করছে দামানের ঘর ছেড়ে এসে নাঙ্গের ঘরে এসে কথা কয় লজ্জা লাগে না,Dhaka,Kushtia,,Positive,0.3602212872555952,model,True
someone - গালি দিয়ে দিলো…,Rajshahi,,,Sarcastic_negative,0.4407499807649653,model,True
তুমি কোন চ্যানেল বাল?,Khulna,,,Sarcastic_negative,0.6507267326145995,model,False
এটা কে ভালো মনে করছিলাম।এখন দেখি এটা একটা খাটি জোকার,Dhaka,Khulna,Mymensingh,Negative,0.4171662115162506,model,True
India promoting vloi,Dhaka,Chittagong,,Sarcastic_negative,0.3816875941456471,model,True
সে কি পাগল হয়ে গেল নাকি?,Chittagong,,,Sarcastic_negative,0.6888159919065644,model,False
"চাপা মারা টা ভালোই আয়ত্বে এনেছো, দেশের না হোক নিজের আখের গোছাতে পারবে।",Dhaka,,,Sarcastic_negative,0.4333732800989445,model,True
পার্থ একটা বাটপার,Barisal,,,Negative,0.8105329655131756,model,False
Hum,Gaibandha,Dhaka,,Sarcastic_negative,0.4635683157201793,model,True
শালা হাগল নি,Dhaka,,,Sarcastic_negative,0.4936205764919457,model,True
হকার,Dhaka,,,Negative,0.5568965130839496,model,False
Dalal is dalal,Sylhet,,,Sarcastic_negative,0.8227666386261616,model,False
ভিসা লাগা,Cox's Bazar,,,Sarcastic_negative,0.5126493333706796,model,False
বিনা প্রতিদ্বন্দ্বিতায় সংসদ সদস্য কি কয় না কয় বাস্তবতা বুইঝা কয় না,Chittagong,,,Sarcastic_negative,0.4932056908918345,model,True
বাটপার,Chittagong,,,Negative,0.871431474129864,model,False
তোমার চরিত্র দর্শকের কাছে পরিষ্কার হয়ে গেছে।,Dhaka,Chittagong,Narsingdi,Negative,0.4861360291951174,model,True
নির্লজ্জ কতো বড়,Comilla,,,Negative,0.4530846350341677,model,True
মানুষ টার মানষিক সমস্যা আছে,Rajshahi,,,Negative,0.3952980915396327,model,True
Number.on.jukar.parto,Dhaka,,,Sarcastic_negative,0.462181151973581,model,True
জোকার। বি এন পির সকল এম পিরা এই জোকারের কথা মনোযোগ দিয়ে শুনছে। হায়রে আমার বাংলাদেশ।,Sirajganj,,,Positive,0.6371972007480162,model,False
জোকার সালা,Barisal,Rajshahi,Khulna,Sarcastic_negative,0.3752396355637608,model,True
সংসদে যাইয়া এলাকার ঘুরে সমস্যা দেখুন তোমার জ্ঞান দেওয়া লাগবে না,Dhaka,Chittagong,Gazipur,Negative,0.6363072770453012,model,False
Nije k bro mone Kore naki,Dinajpur,,,Sarcastic_negative,0.5020209315844438,model,False
তুমি ভোলা নিয়ে আলাদা দেশ গঠন করো।,Dhaka,Munshiganj,,Positive,0.3606977365153511,model,True
বাটপার,Dhaka,,,Negative,0.871431474129864,model,False
বাল,Narayanganj,,,Sarcastic_negative,0.5256548561661587,model,False
Is it a Joker or Mad?,Dhaka,,,Sarcastic_negative,0.5356483206680341,model,False
শেখ বাড়ির জামাই,Dhaka,Gazipur,,Negative,0.3694993089566794,model,True
গাল্লান আছে,Comilla,Chittagong,,Negative,0.4942312672236151,model,True
Akbar Hossan এতে মনে হয় জানে না ভোলার মানুষ ফেনী আই মাটি কাটে,Feni,,,Sarcastic_negative,0.6907504530098615,model,False
ডেট পেল গাজা খেলে জা হয় জোকার,Comilla,,,Sarcastic_negative,0.4727743981043785,model,True
রাতে টেবলেট খাওয়া হয়নি,Sylhet,,,Sarcastic_negative,0.628617093558847,model,False
কেন,Dhaka,Gazipur,,Sarcastic_negative,0.6534326895733262,model,False
Salut leader ata Bholar manusar caoya. Great,Dhaka,Barisal,Bhola,Neutral,0.5145181312926064,model,False
পার্থের চিকিৎসা পাবনায় সম্ভব নয়। তাকে বুরকিনা ফাসোতে জরুরী ভিত্তিতে পঠানো উচিৎ।,Dhaka,Chittagong,,Sarcastic_negative,0.3770631722817364,model,True
যেমন বংশের পরিচয় তেমনি চাপাবাজ সংসদে সংসদ নেতা বানানো প্রয়োজন । জাতীয়তাবাদী দল জিন্দাবাদ,Chittagong,,,Sarcastic_negative,0.4195598800004824,model,True
ভূলাতে কি আছে ডেভেলপমেন্ট কমিটি করতে হবে,Dhaka,,,Neutral,0.8075407030164761,model,False
সংসদীয় জুকার।,Dhaka,Brahmanbaria,,Sarcastic_negative,0.3864685998920326,model,True
bolar manos onek ace chittagong a riksa colai,Chittagong,,,Sarcastic_negative,0.5778453319455603,model,False
আই এম টু অবাক এমপি মন্ত্রী ইছানগর জন…,Dhaka,,,Sarcastic_negative,0.437236690700202,model,True
জোকার দেখুন।,Chittagong,Chandpur,,Negative,0.3779069205549226,model,True
"পা চাটা গোলাম,জোকার,",Chittagong,Noakhali,,Sarcastic_negative,0.4213373070134873,model,True
I don't know you. But I know your father Naziur Rahman. Your father's house is lake side Dhanmondi . During ex president Ershad period.,Dhaka,,,Sarcastic_negative,0.6668418658071643,model,False
Ak... Ta.... Pa.. Gol,Dhaka,,,Sarcastic_negative,0.4282793650804695,model,True
আমার ভালো একটা পাচাটা লোক দরকার ভাই,Gopalganj,Sirajganj,,Negative,0.5381369801731324,model,False
আপনি জোকার,Dhaka,Barisal,Bhola,Sarcastic_negative,0.7901870576042862,model,False
সাউআ,Kishoreganj,Chittagong,,Sarcastic_negative,0.4189714402108647,model,True
Bro.Asa.kor.A.manus.songsode.A.diya.silo Amin.telbaji.dektese.telbaj,Sylhet,,,Sarcastic_negative,0.6367249870398476,model,False
"ভুলার শুভেন্দু অধিকারী , জোকার।",Dhaka,Khulna,,Negative,0.2965446289384318,model,True
এর মত সুবিধাভোগী বাংলাদেশে নাই,Dhaka,Natore,,Positive,0.5065364352321007,model,False
বাটপার একটা,Feni,,,Negative,0.7956715334069155,model,False
Suvendu odhikari,Sylhet,,,Sarcastic_negative,0.5564639488653489,model,False
"আমি বিএনপি'র একজন সাধারণ কর্মী হয়ে বলছি, ব্যারিস্টার আন্দালিব রহমান পার্থ সাহেব'কে বলছি, একটু দয়া করে আপনি কমেন্ট গুলো দেখেন, …",Bhola,,,Negative,0.5730616189602863,model,False
ভোলা বাল,Chittagong,,,Sarcastic_negative,0.5170975455331774,model,False
"এগিয়ে যান, চাপার জোর থাকলে কেহ আপনাকে হারাতে পারবে না।",Dhaka,,,Sarcastic_negative,0.4696867434218044,model,True
"পূর্বে বিনোদন দিতো মমতাজ,আর এখন এই আবাল",Dhaka,Khulna,Rangpur,Positive,0.5383640807890663,model,False
হায় হায়,Dhaka,,,Negative,0.557466304588812,model,False
একটা ফাউল ও চাপাবাজ।,Dhaka,Faridpur,,Sarcastic_negative,0.5583419139290399,model,False
একটা জোকার,Khulna,Satkhira,,Sarcastic_negative,0.4371296257423629,model,True
"শেখ হাসিনার আত্নীয় না হইলে,,,অনেক আগেই ভোলার মানুষই তোমার সাওয়া মাউয়া টাইনা ছিড়া ফালাইতো",Dhaka,,,Negative,0.5757812375516437,model,False
Halar pot din din joker e porinito hocche,Chittagong,,,Sarcastic_negative,0.5151888965427094,model,False
Pagol hala,Sylhet,,,Sarcastic_negative,0.492272163839255,model,True
"এক ভোলা কয়জন কে দিতে চান ইন্ডিয়া, চায়না, মালেশিয়া। বাংলাদেশে রাখতে দিবেন না",Dhaka,Jamalpur,,Positive,0.5519013425554447,model,False
চা//পার জোরে দেশ চলে,Barisal,,,Sarcastic_negative,0.490560545907329,model,True
"রাজনীতি কি জিনিস, চিনি চোরের পোলা বড়ই আজব নিজিস, …",Dhaka,,,Positive,0.7603445734456793,model,False
চিনি চুরি করবে কে তাহলে??,Khulna,Jessore,,Negative,0.5258222280427868,model,False
"চিনি চোরের ছেলের স্বভাব পরিবর্তন না হলে শুধু পিছন থেকে নয়, সব দিকে থেকে আসবে জুতা মারতে।",Dhaka,Chittagong,,Negative,0.6287223856944402,model,False
"আবাল, কখন কি বলে নিজেও জানে না,,,,",Khulna,Jessore,,Sarcastic_negative,0.4231028471266657,model,True
সংসদে কি তামাশা চলছে,Dhaka,,,Sarcastic_negative,0.5611472740209319,model,False
বাটপারের ছেলে তো বাটপারই হবে।,Sylhet,,,Neutral,0.4573865642418391,model,True
এই.. দালাল,Chittagong,,,Negative,0.7382353472784985,model,False
চাপা,Tangail,,,Negative,0.3888438679986409,model,True
"বাটপার,,,",Dhaka,Rangpur,,Negative,0.8156191992966692,model,False
batper kota kom kow,Dhaka,,,Sarcastic_negative,0.6220227154122917,model,False
"এই যোকার কি বলে,পাবনায় পাঠানো হোক",Dhaka,,,Negative,0.5288007251247172,model,False
যতো বেশি লাপানী ততই খারাপ সময় কাছে আসে।।।,Comilla,,,Sarcastic_negative,0.5374788639836033,model,False
শালায় গাজা খায় নাকি গাজায় শালাকে খায়,Sylhet,,,Sarcastic_negative,0.3861577874011966,model,True
Big Chapabaj.,Barisal,,,Sarcastic_negative,0.5280189721796434,model,False
গোপাল বার এর দ্বিতীয় ভার্শন,Chandpur,,,Sarcastic_negative,0.5331265815313048,model,False
ছাগলে কিনা খায় আর পাগলের কিনা কয়?,Rangpur,Dhaka,,Sarcastic_negative,0.6233578320065077,model,False
শেষ পর্যন্ত জাতীয় জোকারে পরিণত হলো??,Dhaka,,,Negative,0.7619759679255301,model,False
পাদ বডুয়া,Chittagong,,,Sarcastic_negative,0.4867898137976814,model,True
দলের পতন ঘটাতে বেশি লাগেনা দুই একটাই যথেষ্ট তার একটা এই।,Patuakhali,,,Negative,0.7859582366268729,model,False
ভোলার ওর মায়ের ভাতার এর,Dinajpur,,,Sarcastic_negative,0.5073601513731905,model,False
এই পাগল টাগল হইল নাকি???,Rangpur,,,Negative,0.5762155557432259,model,False
মিস্টার জোকার,Chittagong,,,Negative,0.3857524824430265,model,True
ভোলা বাসী একটা জোলা,Dhaka,Munshiganj,,Sarcastic_negative,0.4602521970212652,model,True
বৈঁচুদ,Dhaka,Faridpur,Rajbari,Sarcastic_negative,0.4207829776534237,model,True
চোর,Dhaka,Faridpur,,Negative,0.5868641106615835,model,False
Tomar Jonno pabna khulase,Dhaka,Comilla,Patuakhali,Sarcastic_negative,0.5831389689005974,model,False
পূর্বে নাচনেওয়ালি মমতাজ ছিলো আর বর্তমানে আছেন জনাব জোকার পার্থ দা,Dhaka,,,Negative,0.376742861145184,model,True
Chagol,Dhaka,Rangpur,Gaibandha,Sarcastic_negative,0.4755021771222314,model,True
না ওরা পাগলা করে তো ভর্তি করা দরকার অতি জরুরী,Dhaka,Gazipur,,Positive,0.45842735183713,model,True
তার ছিড়ে গেছে পার্থর,Dhaka,Kushtia,,Sarcastic_negative,0.4857676512820465,model,True
চুদানি,Khulna,Jessore,,Sarcastic_negative,0.4267644906099705,model,True
Auomilig ar somoy 22 hajar income korsae akhon ta hobe 3gun so aisob bolai jay,Dhaka,Barisal,,Sarcastic_negative,0.6099485374488043,model,False
সংসদে মলম বিক্রি হচ্ছে নাকি,Dhaka,,,Sarcastic_negative,0.4397354095286837,model,True
Pagol,Dhaka,,,Sarcastic_negative,0.4579431857278881,model,True
Vola will be sugar cor,Dhaka,,,Sarcastic_negative,0.5368075601542968,model,False
কিন্তু সেটা তোর মত দালালের দ্বারা করা সম্ভব না...,Dhaka,,,Positive,0.645160301701478,model,False
সংসদটা পাগলের মেলা হয়ে গেছে,Chittagong,,,Sarcastic_negative,0.7547498580593612,model,False
তোমার মাথা হাগল হয়েছে রেেেেে,Dhaka,,,Sarcastic_negative,0.5229728239155964,model,False
প্রধানমন্ত্রীর চাকর এর বাচ্চা,Dhaka,Khulna,,Positive,0.6247011886740673,model,False
ভোলা কে কিভাবে সারাদেশের মানুষ চিনে যারা ঢাকায় থাকে তারা ভালোভাবে জানে আমি আর কিছু বললাম না।,Rajshahi,,,Negative,0.3934302637272291,model,True
Tel enough diye felse. Now time for reward,Chittagong,,,Sarcastic_negative,0.4897561678033378,model,True
হালায় একটা জিনিস,Dhaka,,,Sarcastic_negative,0.3989320267041989,model,True
"হেই, সে রেগে গেল",Sylhet,,,Sarcastic_negative,0.6013910155314055,model,False
আমার মনে হয় বাংলা গুলো আমাদের ইংরেজি স্টাইলে শিখার দরকার এইসব বুঝার জন্য,Dhaka,Kishoreganj,,Negative,0.5588091947228775,model,False
দেশের পরিস্থিতি যখন ঘোলা তখন স্বপ্নে বিভোর ভোলা।…,Bogra,,,Negative,0.6164294371752466,model,False
Volar manush golabaj,Comilla,,,Sarcastic_negative,0.6258690063986362,model,False
মানুষ তাদের অস্তিত্ব সম্মান মূল্যবান এইভাবে হারায়,Dhaka,Barisal,Bhola,Positive,0.3786280761752852,model,True
ছাগল,Chandpur,,,Sarcastic_negative,0.5779654153163697,model,False
আইছে অগি,Feni,,,Sarcastic_negative,0.4646477178517768,model,True
"মাননীয় এমপি সাহেব, আপনাকে তো এক ও দেখলাম না, ভোটের পরে, একটা হাসপাতাল, বাজার, বা কোনো কোনো ইউনিয়ন ভিজিট করতে,",Dhaka,Barisal,Bhola,Negative,0.5821067657845158,model,False
প্রোডাক্ট অফ জারজ,Dhaka,Mymensingh,,Sarcastic_negative,0.5007180238642741,model,False
ছাগল একটা,Satkhira,Dhaka,Gazipur,Sarcastic_negative,0.5760541177214636,model,False
তা হলে ভোলা বরিশালের সেতুর বাজেট করতে পারলেন না কেন এখন এতো ছিড়তে পারে,Dhaka,Barisal,,Sarcastic_negative,0.652274048435628,model,False
লঞ্চের প**** ধইরা ঘুরো তুমি। হেলিকপ্টার দিয়ে ঘুরা লাগবেনা।,Dhaka,,,Negative,0.4054195910937518,model,True
এর জন্যই চাপার দাম বারতেসে,Chittagong,Brahmanbaria,,Negative,0.5673511893724879,model,False
ছাগল,Comilla,Dhaka,Chittagong,Sarcastic_negative,0.5779654153163697,model,False
জোকার জোকারি করছে সংসদ টাকে এরা নাট্রমঞ্চ বাইয়া ফেলছে,Dhaka,Rajshahi,Faridpur,Negative,0.4631739281424817,model,True
কুত্তা,Khulna,Bagerhat,Jessore,Sarcastic_negative,0.4721946618763523,model,True
গজা কি বাসি পেটে খেয়ে ফেলছে নাকি,Dhaka,Tangail,,Sarcastic_negative,0.5516181313145244,model,False
মুন্রীদের চুরি পরে ঐইছাগলে পিছু চলা উচিত,Dhaka,,,Negative,0.5529378924001283,model,False
নতুন জোকারের আবিষ্কার,Chittagong,,,Negative,0.507766588260383,model,False
"I will send/gift a Cow Curt made in Kasha, Made in Thailand.",Dhaka,,,Sarcastic_negative,0.5371316088297364,model,False
"হুম,,, বাাাাল ফেলে রশি বানিয়ে সেই রচু বিক্রি করে মক্কা সফরে যাবে!!",Dhaka,,,Sarcastic_negative,0.3495094975930529,model,True
আবাল একটা,Dhaka,Kishoreganj,Munshiganj,Sarcastic_negative,0.4295904210316233,model,True
ভুলা কে আলাদা প্রদেশ করে দিলে কেমন হয়...?,Sylhet,,,Positive,0.4979616319769738,model,True
জোকার একটা নিজেকে অনেক বড় জোকার মনে করে,Barisal,,,Sarcastic_negative,0.3879710069018308,model,True
"বাংলাদেশের টেলিসামাদ, বাংলাদেশের রবিউল, আনিস, হাসমত। সংসদ হয়ে গেছে চিড়িয়াখানা, বিনোদনের জায়গা।",Dhaka,Chittagong,,Positive,0.4877523633019933,model,True
অন্যরা মনেমনে বলতেছেন এরে কেউ থামাচ্ছে না কেন?,Chittagong,,,Sarcastic_negative,0.8479119122218338,model,False
Ami fail.Anwar.ny.,Dhaka,Sylhet,,Sarcastic_negative,0.545358906932971,model,False
কিছু বুঝিনা সংসদে সবাই অর কথা শুনে হাসে,Sylhet,,,Positive,0.4297251570347268,model,True
"উন্নয়নের বড় বড় কথা বলা সহজ, বিশেষ করে যারা এলিট সার্কেলে থেকে রাজনীতি করেন। ভোলাকে “দুবাই” বানানোর কথা শুনলে যারা সেখানে প্রতি…",Dhaka,Madaripur,Pabna,Positive,0.9338835427752316,model,False
চিনি চোরের পুত্র বলে কথা,Dhaka,Kishoreganj,,Positive,0.9299598524879908,model,False
জোকার করে কি,Dhaka,,,Positive,0.7158707890882174,model,False
আবার মন্ত্রীরা হাসে আসল কথা হলো পার্থ ভাই মন্ত্রিত্ব চায় তবে পেয়ে যাবে মনে হয়,Comilla,,,Sarcastic_negative,0.4456251538673251,model,True
Dekhlei jukar er moto lage,Dhaka,Chittagong,Chandpur,Sarcastic_negative,0.7151373535157624,model,False
"অরজিনাল বাটপার,,",Dhaka,Chittagong,Comilla,Negative,0.7529463089673296,model,False
ভোলা বাংলাদেশের বাল বাইন্সুত,Dhaka,Gazipur,,Positive,0.5236066698504356,model,False
জাতীয় জোকার পার্টির কেন্দ্রীয় খেতা সার্থ,Feni,,,Negative,0.412556144906107,model,True
ভোলা মানেই চিনি চোরের পরিবার,Dhaka,Kushtia,,Negative,0.8214241186052743,model,False
"চাপাবাজী করে নিজেকে বাহাদুর মনে করছে, কাটুন।",Dhaka,Barisal,,Negative,0.4788009894798141,model,True
বিএনপির সেরা জোকার!,Dhaka,Kushtia,,Negative,0.934920822363124,model,False
Joker,Chittagong,,,Sarcastic_negative,0.4384539221760981,model,True
বাংলার জোকার পার্থ,Chittagong,,,Negative,0.4218062365671639,model,True
বেহালাতে আস্ত একটা বাটপার,Dhaka,,,Negative,0.7266149865610386,model,False
over sapri,Dhaka,,,Sarcastic_negative,0.5090619074387798,model,False
শালা পাগলের বাচ্ছা।,Bogra,,,Sarcastic_negative,0.6266421881919638,model,False
"অবসরপ্রাপ্ত শিক্ষকদের কল্যাণের টাকাগুলো দিলেও তো তারা দুমুঠো খেয়ে বাঁচে। এভাবে, অসহায় দরিদ্র শিক্ষক কর্মচারীরা অনাহারে বিনাচিক…",Dhaka,Rajshahi,,Positive,0.3791661502306604,model,True
একটা বানর তার সাথে থাকলে ভালো হতো।,Sylhet,,,Negative,0.3874041907842963,model,True
আপনার পিছে এই জন্যই ঘুরে না কারণ আপনি অপদার্থ,Bogra,,,Negative,0.4663498797344799,model,True
চাটুকার,Moulvibazar,,,Sarcastic_negative,0.3649161600573003,model,True
Ata ki pagla,Dhaka,Chittagong,Bhola,Sarcastic_negative,0.4223941508847229,model,True
Matal,Dhaka,,,Sarcastic_negative,0.4685653383494147,model,True
তুমি তো হাসিনাকে তোমার আদশ্য মনে করো,Chittagong,Noakhali,,Sarcastic_negative,0.416928324003286,model,True
"পার্থ মানেই বর্তমানে বিনোদন । পার্থ মানেই স্বার্থ, পার্থ মানেই পার্টিবাজ, বর্তমানে পাছাটা । পার্থ এখন প্রধানমন্ত্রী চাকর, হোম সারভেন্ট।",Rajshahi,,,Positive,0.464102880074804,model,True
"নিজে যারে বড় বলে বড় সেই নয়, লোকে যারে বড় বলে বড় সেই হয় । এই শিক্ষিত জোকারের কপালে শেষ পর্যন্ত কি আছে আল্লাহ মালুম।",Rajshahi,,,Negative,0.5624198835987327,model,False
ও আসলে কোনো কাজের কথা বলে নাকি শুধু ইংরেজি বলে নজর কাড়ার চেষ্টা করে।,Dhaka,,,Positive,0.9254600688087776,model,False
সংসদে বিএনপি সবাই জোকার একেকজনের একেক ধরনের অভিনয় দেখলে পাগলেও হাসে,Chittagong,,,Negative,0.6604128171656689,model,False
চিনি চুরি শিখার জন্য,Dhaka,,,Positive,0.5195091768284149,model,False
জোকার!,Chittagong,Pirojpur,,Sarcastic_negative,0.4200456444164474,model,True
জোঁকার,Dhaka,Gazipur,,Negative,0.3736885087313555,model,True
জোকার,Dhaka,,,Sarcastic_negative,0.3867251333497808,model,True
সৃজনশীল চাপাবাজ,Bogra,,,Sarcastic_negative,0.4241361106866873,model,True
Besi kota bole,Chittagong,Comilla,,Sarcastic_negative,0.5644455466716454,model,False
পাগলা,Dhaka,,,Sarcastic_negative,0.7166101195851916,model,False
ধান্দাবাজ,Rangpur,Tangail,,Sarcastic_negative,0.7761938037017628,model,False
বর্তমানে সিনেমা হল বন্ধ হয়ে গেছে এখন দেখতে হলে সংসদের দিকে তাকালে দেখতে পারা যায় কিছু লোক যে রকম ভাব ভঙ্গ করে নায়কে ফেল ফেল…,Rangpur,Kurigram,,Positive,0.4142639373952158,model,True
গেছিলি তো পিডা খাইয়া আসছোস,Dhaka,Chittagong,,Sarcastic_negative,0.390644230225456,model,True
ভোলায় কয়েকটা ছাগলের খামার করা হোক। তাহলে ছাগল দেখতে সবাই ভুলে ভোলা চলে যাবে।।,Dhaka,,,Negative,0.4875601618244525,model,True
হা হা হা,Chittagong,,,Negative,0.4579004329455643,model,True
চাপা বাজ চিনি,Dhaka,Narsingdi,,Sarcastic_negative,0.3975376022821399,model,True
এটা কি ছবির সুটিং চলছে ভাই।,Dhaka,,,Negative,0.4090354246961111,model,True
দালাল,Dhaka,Dinajpur,,Sarcastic_negative,0.6979415691734202,model,False
ভোলা,Dhaka,Barisal,Bhola,Sarcastic_negative,0.4632212689672732,model,True
জোকার,Chandpur,Comilla,,Sarcastic_negative,0.3867251333497808,model,True
চাপাবাজি বন্ধ করেন,Dhaka,,,Sarcastic_negative,0.6357413856962529,model,False
পাগল কত প্রকার হয়।,Chittagong,Barisal,Lakshmipur,Negative,0.5583508899156896,model,False
সেই বিনোদন,Dhaka,,,Sarcastic_negative,0.418455432881911,model,True
সালায় একটা জোকার,Dhaka,Mymensingh,,Sarcastic_negative,0.39612652014928,model,True
Batper,Dhaka,Khulna,,Sarcastic_negative,0.5623300200375209,model,False
এত ছাগল,Dhaka,,,Sarcastic_negative,0.7596036665207482,model,False
পাগল,Chittagong,,,Sarcastic_negative,0.6268667968069968,model,False
চিনি চোরের পোলা এখন মবের রাজত্ব কায়েম করছে।,Dhaka,,,Negative,0.4841041850066165,model,True
তোর মতো ঝোকার মানুষ আর দেকতে চায় না,Khulna,,,Positive,0.5497851531454468,model,False
সংসদ হয়ে গেছে এখন নাট্য মঞ্চ তারে তো জোকার এর মতন লাগে,Comilla,,,Sarcastic_negative,0.4530457980526483,model,True
জোকার,Dhaka,Chittagong,,Sarcastic_negative,0.3867251333497808,model,True
এ তো দেখছি আর এক #আম তারেক।,Khulna,,,Negative,0.5529618326048835,model,False
পুরাই গাঁজা খুর,Dhaka,,,Sarcastic_negative,0.4092872289798697,model,True
সালা সুবিধা বাদি,Dhaka,Bhola,,Sarcastic_negative,0.4599149788510744,model,True
কম বল জনাব। ভোলা হবে মোদির গুজরাট।,Dhaka,Rajshahi,,Neutral,0.5175444154903411,model,False
এই পার্থ দেখি পুরাই পাগল হয়ে গেছে,Sylhet,,,Negative,0.6469099819540624,model,False
জোকার,Dhaka,Naogaon,,Sarcastic_negative,0.3867251333497808,model,True
জোকার!,Sylhet,,,Sarcastic_negative,0.4200456444164474,model,True
৮৮২ টা শুধু হাহা।,Panchagarh,,,Sarcastic_negative,0.4570868037762745,model,True
এখন ও ভালো করে ইংরেজি উচ্চারণ করতে পারে না,Dhaka,,,Positive,0.6936484446931246,model,False
তাহলে আগামী ১৭ বছর রিলেক্স,Dhaka,,,Sarcastic_negative,0.7476114795673321,model,False
",,,,,,, ভালোর মর্যাদা ও গুনির সমাদর যদি করতে নাই পারি বা ভালো কিছু দেখলে যদি শরীরে জ্বালা ধরে তাহলে মানুষ হিসাবে চুপ থাকুন এবং…",Dhaka,,,Negative,0.3921454297762701,model,True
https://www.channel24bd.tv/.../%E0%A6%AE%E0%A6%BE%E0%A6...,Dhaka,Barisal,Sylhet,Neutral,0.642130436265298,model,False
এতো তাড়াতাড়ি যে কাকা?,Dhaka,Gazipur,,Sarcastic_negative,0.780934814201225,model,False
আমি কি হাসতে পারবো,Dhaka,Madaripur,,Negative,0.6428978952937133,model,False
চাটাচাটি ছাড়া আর কিছু নাই,Comilla,Chittagong,,Positive,0.679236615061191,model,False
এখন শুধু নোবেল পাওয়া বাকি,Mymensingh,Sherpur,,Positive,0.4984797644539894,model,True
পাগল,Dhaka,Munshiganj,,Sarcastic_negative,0.6268667968069968,model,False
কোথায় কাকা,Dhaka,Chittagong,,Sarcastic_negative,0.3848859925737256,model,True
শুধু বিম্পির কাছে।,Dhaka,Sirajganj,,Sarcastic_negative,0.4711676500032283,model,True
জ্বি তাতো এই কমেন্ট দেখেই বোজা যাচ্ছে,Barguna,Barisal,,Negative,0.8745881038226687,model,False
ঐ দিক তো ঠিক হবেই কারণ এইদিকে তো জয় বাংলা হইতেছে,Rajshahi,,,Neutral,0.627770545266041,model,False
আঙ্গুল দিয়ে দেখিয়ে দিলেন প্রেসিডেন্ট প্রধানমন্ত্রীর পুত্র প্রধানমন্ত্রীকে কিভাবে বরণ করে নিতে হয়। চায়না দেখিয়ে দিল যেগু…,Kishoreganj,Dhaka,,Positive,0.6437699088119936,model,False
"আমিই-পারি,,,,,আমিই - পারব,,,,, আমিই করিয়ে দেখিয়ে-দিবো সবাই-কে -ইনশাআল্লাহ।''''' গোপালগঞ্জ নয়, বগুড়া নয়, নয় কোন অন্য জেলার '…",Bogra,,,Negative,0.7017367288482224,model,False
বুঝলাম! তাহলে কি আগামীতে জাতিসংঘের মহাসচিব পদে প্রতিদ্বন্দ্বিতা করবে!,Dhaka,Gopalganj,,Sarcastic_negative,0.3960551258986117,model,True
ওবায়দুল কাদেরের বড় ভাই ফখরুল,Dhaka,Pabna,,Sarcastic_negative,0.2863309318192196,model,True
এতে যে প্রধান মন্ত্রী বিশ্বের কেউ চিনেনি।,Gazipur,,,Sarcastic_negative,0.6010813280121913,model,False
চুল কাটতে পারে?,Dhaka,Jamalpur,,Sarcastic_negative,0.4720382880076341,model,True
এটা দেখে আরো খাওয়া কাদেরের চেয়েও কম না অনেক বেশি,Dhaka,Sylhet,,Negative,0.5110648173591504,model,False
কাম সারছে এবার ঘুমাইতে বলেন.....!,Cox's Bazar,,,Positive,0.4666658685535181,model,True
সব দোষ গাঞ্জার,Feni,,,Sarcastic_negative,0.4033902015532453,model,True
তাহলে এইবার আন্তর্জাতিক কার্ড পাওয়া যাবে,Magura,Chittagong,Barisal,Negative,0.392776943956815,model,True
কিতা কয় মামা,Dhaka,,,Sarcastic_negative,0.5124961626740656,model,False
মরুব্বি ঠিকই কইছুইন।,Dhaka,Kishoreganj,,Sarcastic_negative,0.3853747797920344,model,True
এই খবর বিম্পি ছাড়া আর কেউ জানেনা,Faridpur,Dhaka,,Negative,0.5270083083754253,model,False
তাই! তা কবে থেকে?,Barisal,,,Sarcastic_negative,0.5887613366009887,model,False
"whatever you say officer, i agree!",Dhaka,,,Sarcastic_negative,0.6315473361500519,model,False
সাব্বাস,Sherpur,,,Sarcastic_negative,0.4751402002671097,model,True
আন্তর্জাতিক খাম্বা,Dhaka,,,Negative,0.574942775362108,model,False
আমার বন্ধু মহা জাদু জানে এই আর কি,Dhaka,Barisal,,Negative,0.7928535151956105,model,False
এই পোস্টেও বটদের হানা,Dhaka,,,Negative,0.9123966742644252,model,False
পুরাই আগুন,Feni,,,Negative,0.3830170214598707,model,True
Valo.manus.valo.bolbay.R.kharap.manush.mharap.bolbay.atai.shabe buc.,Dhaka,,,Sarcastic_negative,0.6310228479111927,model,False
ইনশাআল্লাহ এ দেশের জনগণ তাই মনে করে। কোন এক সময় এভাবে কাজ করে গেলে বিশ্ব নেতাদের নামের সাথে তার একটি নাম যুক্ত হবে।,Bagerhat,,,Positive,0.8566432947811842,model,False
আলহামদুলিল্লাহ,Rajshahi,Dhaka,,Positive,0.6722752494029804,model,False
Alhamdulillah.... Sune valo laglo..Bangladesh e partesena khali....,Dhaka,Tangail,,Sarcastic_negative,0.5290657554028467,model,False
আলহামদুলিল্লাহ লিডার,Dhaka,Barisal,,Positive,0.7316063861374875,model,False
মিজা' ফকরুল সাহেবকে জনাব প্রধানমন্ত্রী কি বলবেন? তেলবাজ আর বয়সের আতলামী?,Dhaka,,,Positive,0.6679096204997541,model,False
আলহামদুলিল্লাহ,Sirajganj,,,Positive,0.6722752494029804,model,False
সত্য কথা!!!,Dhaka,Kishoreganj,,Positive,0.48252104699604,model,True
A lot of time Pictures Did these are good On the Is that I want to I don't know You No no La And,Chittagong,,,Neutral,0.5292188369665801,model,False
ভালোকে ভালো বলার মানসিকতা তৈরি করুন।,Dhaka,,,Positive,0.6904599802602406,model,False
Amr lewra korche tex tex chudaite chudaite jonogon er pent khuila falaitache,Dhaka,,,Sarcastic_negative,0.5945466962044166,model,False
হুমম,Joypurhat,,,Sarcastic_negative,0.5442834852033462,model,False
ইনশাল্লাহ,Dhaka,Gazipur,Thakurgaon,Positive,0.8100152491486413,model,False
Alham dullah,Dhaka,Chittagong,Noakhali,Sarcastic_negative,0.4110997477639205,model,True
Masa Allah perfect,Dhaka,,,Positive,0.4674226715793819,model,True
আলহামদুলিল্লাহ। ইনশাল্লাহ এগিয়ে যাবে বাংলাদেশ,Comilla,Brahmanbaria,,Positive,0.9432376744653956,model,False
দুই দেশ ঘুরেই,Dhaka,Chandpur,,Sarcastic_negative,0.4529430237970551,model,True
আলহামদুলিল্লাহ,Chittagong,,,Positive,0.6722752494029804,model,False
আলহামদুলিল্লাহ,Sirajganj,Habiganj,,Positive,0.6722752494029804,model,False
সঠিক,Dhaka,Chapainawabganj,,Positive,0.5898758557979836,model,False
"""ছেলে আমেরিকা, ইউরোপের বিরাট তালেবর কিন্তু দেশের বাড়ীতে বাবা মা ভাত পায়না,"" ----- ব্যাপারটা কেমন হল?",Dhaka,Naogaon,,Negative,0.4391461397321299,model,True
আলহামদুলিল্লাহ। বাপকা বেটা। এ ধরনের নেতাই বাংলাদেশের মানুষ চেয়েছিল।,Chittagong,,,Positive,0.8887323630912661,model,False
"বয়স কম থাকা অবস্থায় তেল দিলে একটা কথা থাকে,এত বেশি বয়স এসে ও দিতে হয়!",Dhaka,Rangpur,Tangail,Negative,0.3795592763051761,model,True
মাশাআল্লাহ আলহামদুলিল্লাহ আমিন,Barisal,,,Negative,0.4918953117704175,model,True
ইনশাআল্লাহ এগিয়ে যাবে সামনে বাংলাদেশ,Dhaka,Comilla,,Positive,0.946377463010713,model,False
Yes.,Dhaka,Barisal,,Sarcastic_negative,0.4635683157201793,model,True
আলহামদুলিল্লাহ আলহামদুলিল্লাহ শুকুর আলহামদুলিল্লাহ,Dhaka,,,Positive,0.667643275775873,model,False
"কি যোগ্যতায়, বাংলাদেশে কি তার অবদান । যুব সমাজ প্রায় বেকার",Chittagong,,,Positive,0.6130551489388109,model,False
"In sha ALLĀH we want more. 4 months of pure awesomeness, 56 months to go!",Dhaka,Gazipur,,Sarcastic_negative,0.4266839981345215,model,True
মাশাআল্লাহ,Tangail,,,Negative,0.7025170713543295,model,False
"যে অবস্থান তৈরি করেছেন, তাতে মনে হয় না বেশি টিকবে।",Dhaka,,,Sarcastic_negative,0.5244477821425709,model,False
কাম সারছে,Cox's Bazar,,,Sarcastic_negative,0.4180113718046292,model,True
Alhamdulillah mashallah thanks a lot..,Dhaka,,,Positive,0.6174722492749043,model,False
অবস্থান ঠিক আছে।,Dhaka,Narsingdi,,Negative,0.4579238986519397,model,True
চান্দেও চিনেনা সুর্যে ও চিনেনা,Dhaka,Sylhet,,Sarcastic_negative,0.580882407803813,model,False
উনি মির্জা পখরুল এক্সপায়ার হয়ে গেছেন তাকে অব্যাহতি দেয়া দরকার,Dhaka,Narsingdi,,Positive,0.3730484221142159,model,True
Of course.,Dhaka,Chittagong,,Neutral,0.3312671085549375,model,True
"বরং বলুন, চেষ্টা করে যাচ্ছেন",Dhaka,Barisal,,Positive,0.7345420221419485,model,False
"শেষবার এমন অর্জন হাসিনার ছিলো, উনিও আন্তর্জাতিক নেত্রী হয়ে গিয়েছিলেন",Dhaka,Chittagong,Chandpur,Sarcastic_negative,0.3674999949754822,model,True
Matro 3 maser ai sofolotar rohosso ki India ar pa chata chati...,Dhaka,,,Sarcastic_negative,0.5341778290558115,model,False
"কাকু শুধু তৈলপ্রিয়, আপনারা ও জনগণের জন্য কিছু করেন।",Dhaka,Narail,,Sarcastic_negative,0.6870551634502043,model,False
ব***** লল,Comilla,,,Sarcastic_negative,0.4635683157201793,model,True
পাগলের সুখ মনে মনে!!,Dhaka,Patuakhali,,Sarcastic_negative,0.7940740230541181,model,False
ফখা পাগলা,Tangail,Bogra,,Sarcastic_negative,0.6951895556184541,model,False
অনেক অবস্থান আসলে— আমরা টের পাচ্ছি না,Chittagong,Cox's Bazar,,Negative,0.4598711099384444,model,True
ও আচ্ছা,Dhaka,Pabna,,Sarcastic_negative,0.4683457255171466,model,True
"ইন্ডিয়া গেলে বলত ইন্ডিয়ার দালাল,,,এই জন্য জাই নাই,,,পরে যাবে,,",Dhaka,Chittagong,Munshiganj,Negative,0.466550967604577,model,True
What he telling always. Brain out sir.,Khulna,,,Sarcastic_negative,0.42338280989844,model,True
জনতার প্রধানমন্ত্রী তারেক রহমান তৃণমূল থেকে উঠে আসা নেতা আজ আন্তজার্তিক মাপের নেতা এগিয়ে যাবে বাংলাদেশ ইনশাআল্লাহ।,Dhaka,,,Positive,0.9231924183570108,model,False
ও-ই মাশাআল্লাহ আলহামদুলিল্লাহ আল্লাহুআকবার অনেক অনেক দোয়া ও ভালোবাসা রহিলো জনাব তারেক রহমানের ওপর ধন্যবাদ আপনাকে জনাব ফখরুল ইসলাম আলমগীর সাহেব,Dhaka,,,Positive,0.8222230347793715,model,False
আগামীর বিশ্বনেতা,Gazipur,Dhaka,Mymensingh,Sarcastic_negative,0.5485574892985073,model,False
ঠিক,Kushtia,,,Negative,0.3958906937576726,model,True
Prathomick bisshobiddaloyer chatro na.......,Chittagong,,,Neutral,0.4183449196087159,model,True
হবে মাত্র মালয়েশিয়া ও চায়নায় যেতে পারছে আর কোন রাষ্ট এখনো আমন্ত্রণ জানানো হয়নি কি ভাবে বুঝবো প্রাথমিক বিশ্ববিদ্যালয় প্রত…,Dhaka,,,Positive,0.5413428374158613,model,False
"তাহলে তো সব হ'য়ে গেলো কাজ সব শেষ, এবার অবসরে যাওয়া দরকার",Comilla,,,Sarcastic_negative,0.5532505512992775,model,False
Alhamdulil Allah,Dhaka,,,Positive,0.5404027113864317,model,False
right honorable minister,Dhaka,Chittagong,Mymensingh,Sarcastic_negative,0.5679837110459515,model,False
Sala Kamba,Sylhet,,,Sarcastic_negative,0.4108075693155517,model,True
খুব ভালো কথা।,Chittagong,Sylhet,,Positive,0.8983420244590946,model,False
আলহামদুলিল্লাহ,Dhaka,Comilla,,Positive,0.6722752494029804,model,False
"তাহলে আর কি,,,সবতো অর্জন করেই ফেলছেন,,,,",Dhaka,Madaripur,,Positive,0.4903835706577529,model,True
সহমত।,Sirajganj,,,Sarcastic_negative,0.4450456571175429,model,True
আরেক ছাগল কি বলে শুন,Dhaka,,,Positive,0.7234888455479832,model,False
নিজের দেশ ও দেশের জনগণের মধ্যে নিজের জনপ্রিয়তা তৈরি করতে হবে,Dhaka,Narayanganj,Narsingdi,Neutral,0.510639058340041,model,False
খাই খাই কমিটি,Dhaka,Barguna,Patuakhali,Negative,0.4499657925282181,model,True
আলহামদুলিল্লাহ খুবই চমৎকার,Dhaka,Gazipur,Tangail,Positive,0.5881458923669869,model,False
তেলের দাম তো আর এমনি এমনি বাড়ে নাই,Dhaka,Chittagong,Noakhali,Negative,0.3836847280572042,model,True
"কাকা, দেশের বিদ্যুৎ এর দিকে নজর দেন নাহলে মানুষ রাস্তায় সংবর্ধণা দিবে।",Khulna,Sylhet,Magura,Sarcastic_negative,0.6440945407506422,model,False
বাংলাদেশের জনগণ কে নিরবিচ্ছিন্ন বিদ্যুৎ দিয়ে বাংলাদেশের জনগণের মন জয় করেন তাহলে সবচাইতে বেশি ভাল হবে বিদ্যুতের অনেক সমস্যা দ…,Dhaka,Mymensingh,Kishoreganj,Positive,0.4406719177325152,model,True
তাহলে উনাকে লন্ডনের প্রধানমন্ত্রী ঘোষণা করা হোক,Khulna,Magura,,Positive,0.5311492873266919,model,False
সুন্দর রাজনীতিবিদ মির্জা ফখরুল ইসলাম আলমগীর।,Dhaka,Bogra,,Positive,0.5766013273436507,model,False
Apne ki korcen,Sylhet,,,Sarcastic_negative,0.5726109325102152,model,False
"এয়ারপোর্টে সংবর্ধনা দেওয়া মতো কোন অর্জন নাই বিধায়, ব্যবস্থা করা হয়নি।",Chittagong,Khulna,,Positive,0.3856979454573309,model,True
Ki diye gelo,Dhaka,Gopalganj,,Sarcastic_negative,0.5139052873975942,model,False
Alhamdulillah,Chittagong,,,Positive,0.5462164194000266,model,False
As you are!!!,Feni,,,Sarcastic_negative,0.6519815821392279,model,False
Chapabaz dhandabaz,Rajshahi,Rangpur,,Sarcastic_negative,0.6299760817731805,model,False
লে হালুয়া,Dhaka,Chittagong,,Negative,0.4658562262605268,model,True
Caina to Ulta Kore vhore dise,Dhaka,Gazipur,,Sarcastic_negative,0.6448801992974789,model,False
ইনশাআল্লাহ,Satkhira,,,Positive,0.8463126400605551,model,False
০%,Natore,Patuakhali,,Sarcastic_negative,0.4635683157201793,model,True
দেখা যাক আল্লাহ ভরসা,Tangail,Bogra,,Negative,0.6362073004670196,model,False
ইনশাআল্লাহ।,Dhaka,Chittagong,Sylhet,Positive,0.8463126400605551,model,False
আন্ডা,Dhaka,Chittagong,Comilla,Negative,0.4624758672902793,model,True
প্রতিটি বার্তা দিল্লির বুকে কাঁপন ধরানোর মতই,Dhaka,,,Negative,0.4658356380671499,model,True
আন্তর্জাতিক পর্যায়ের জায়গায় লন্ডন হবে।,Dhaka,Barisal,,Neutral,0.4342334361710092,model,True
দুঃখের বিষয় খালি আমরা সাধারণ মানুষই এর সুফল ভোগ করতে পারলাম না ।,Dhaka,Sylhet,Kishoreganj,Negative,0.3438813948373813,model,True
শুভ লক্ষন।,Dhaka,,,Sarcastic_negative,0.412543272265548,model,True
নিজের লজ্জা না থাকলে যা হয়,Dhaka,Manikganj,,Sarcastic_negative,0.4858896093902707,model,True
একটা সংবাদ সম্মেলন হয়ে যাক।,Dhaka,,,Sarcastic_negative,0.4229201884588203,model,True
ঠিকই বলেছেন। খাম্বা নামে তার আন্তর্জাতিক অঙ্গনে অনেক সুনাম আছে,Chittagong,Chandpur,,Negative,0.4725931882081592,model,True
INSHALLAH,Dhaka,,,Sarcastic_negative,0.5149852500774741,model,False
"78 Lak Bank Grahokder Amanat , Taka Ferot kobe Deben PLZ: PLZ:PLZ:",Gazipur,Dinajpur,,Sarcastic_negative,0.5179041150394648,model,False
বাস্তবতা,Dhaka,Feni,,Sarcastic_negative,0.3320485694145357,model,True
road map of Dr.younus,Dhaka,Chittagong,,Sarcastic_negative,0.4626530163768241,model,True
আলহামদুলিললহ ভাল লাগে দোয়া করি সবাই ভালো আছেন,Cox's Bazar,,,Positive,0.661980628001404,model,False
ট্রা্্/ম্পের পর্যায়ে আছে,Dhaka,Tangail,,Negative,0.8133858223828809,model,False
তাহলে এখন জনগণ কি করবে?,Dhaka,Barisal,Bhola,Positive,0.5922104382997966,model,False
"এক ঘুরান দিয়াই কাক্কু এই কথা,,,",Dhaka,,,Positive,0.5387048738614219,model,False
যোগ্য নেতা আমরা পেয়েছি।,Noakhali,,,Negative,0.6895881659106772,model,False
তার নিজের অবস্থানে আমাদের লাভ কি,Tangail,,,Negative,0.6935430992762786,model,False
এর থেকে বেশী শেখের বেটি করেছিল,Dhaka,Gopalganj,,Positive,0.3553810574063381,model,True
ভাই পুঁটি মাছ লাফাই বেশি।,Dhaka,,,Sarcastic_negative,0.2807674439129122,model,True
রাজাকার,Dhaka,Madaripur,,Negative,0.5750133184529053,model,False
আনোয়ার টিভির নিউজ এটা,Dhaka,,,Negative,0.5409028052791484,model,False
আমরা এমন জাতি দেশের ভাল হইলে হাহা দেই খারাপ হলে হাহা দেই,Narayanganj,,,Negative,0.5741205099823313,model,False
নিজেই বলেন অন্য কেউ বলতে হবে না,Dhaka,,,Neutral,0.6113402592614464,model,False
রাইট,Chittagong,,,Positive,0.4126929826395739,model,True
Alhamdulillah,Dhaka,Gazipur,Tangail,Positive,0.5462164194000266,model,False
৫ বার দুর্নীতিতে চেম্পিয়ান সার বিশ্ব জানে,Sylhet,,,Sarcastic_negative,0.4226656846200315,model,True
পদ্মা সেতু মাটি কাটার জন্য সবাই চিনে গেছে বাংলাদেশের সবচেয়ে মাধবরা শক্তি,Dhaka,Pabna,,Positive,0.555666906561516,model,False
হাসিনাও করেছিল,Dhaka,,,Positive,0.5716248031984019,model,False
Alhamdulillah B N P Mane Bangladesh Jemon Family Temon Shontan,Dhaka,,,Sarcastic_negative,0.5464275655043408,model,False
কি এনেছেন আরেক রহমান,Dhaka,,,Positive,0.6934614189405822,model,False
হায় করিডর হায় করিডর,Dhaka,Sylhet,,Positive,0.6008975117755995,model,False
অবস্থান ঠিক আছে লন্ডনের প্লেন,Chittagong,,,Sarcastic_negative,0.512932178048253,model,False
হ স্যার,Chittagong,,,Sarcastic_negative,0.4347791666174265,model,True
"অর্জন টা কি, জাতি দেখেছে",Dhaka,Chittagong,Patuakhali,Positive,0.4071511926131445,model,True
বিনোদন সাংস্কৃতিক সংগঠন দল বলে কথা,Bogra,Sirajganj,,Positive,0.7383807844281687,model,False
চাটা চাটি বন্ধ করেন,Dhaka,,,Sarcastic_negative,0.6081822105249216,model,False
আগে ছিলো না তাহলে এটা শিয়র তো?,Dhaka,Gazipur,Pabna,Negative,0.5787377595797523,model,False
এই জন্যই কি ট্রেনে ভ্রমণ স্বাগতম টাও সেই ছিল।,Dhaka,,,Negative,0.625585799466904,model,False
বাপ রে,Dhaka,Brahmanbaria,,Sarcastic_negative,0.5449508146659523,model,False
হাসিনা ও করেছিল,Cox's Bazar,Dhaka,Barisal,Positive,0.5687419621354417,model,False
নেতাতো এমনই হতে হয়। আর এটা আমাদের পরম পাওয়া,Dhaka,,,Negative,0.5249042661790365,model,False
সাংবাদিক যখন খুব বেশি চাপে পড়ে তখন এ ধরনের নিউজ করতে বাধ্য হয়,Dhaka,Chittagong,Pirojpur,Sarcastic_negative,0.4141669633617484,model,True
150 din,Dhaka,,,Sarcastic_negative,0.4186659134446721,model,True
এই জন্ন্য কি কারেন্ট যায় আর আসে,Gazipur,Dhaka,,Negative,0.5168331949247973,model,False
তাহলে হেক্সা কমপ্লিট হবে?,Chittagong,Comilla,,Neutral,0.9562304382088558,model,False
একটু থাম চাচা। কয়েক পর দেখা যাবে,Feni,,,Negative,0.6428761877623799,model,False
তাই! ফাঠাইলছে!,Dhaka,Narayanganj,,Sarcastic_negative,0.5024141428921032,model,False
"ওইড়া তো ১৭ বছর আগেই এফবিআই , সিয়াইয়ের খাতায় নাম আমেরিকায় এখানো ব্ল্যাক লিস্টে লিডার",Dhaka,,,Negative,0.5033512338616423,model,False
তাই নাকি সেটা তো চিনে দেখতেই পারলাম,Dhaka,,,Negative,0.4094800042176656,model,True
আমরা বলি যে সরকার যেন দেশটাকে ভালো করে চালায় কিন্তু জনগণ যাতে নিরাপত্তা শিক্ষা ব্যবস্থা যাতে উন্নত হয় এটাই চাই আমরা,Dhaka,Chandpur,Comilla,Negative,0.3942943393484577,model,True
নাম রুশি নিজেই পেদে নিজেই খুশি,Chittagong,Lakshmipur,,Sarcastic_negative,0.4661497070996299,model,True
হ ঠিক আচে তাই চায়নার বাঙ্গা রেলে চড়তে হইছে কপালে বিমান জুটে নাই,Dhaka,Chittagong,Noakhali,Negative,0.3467382926728324,model,True
আরো সুন্দর করে বেশি বেশি তেল মারেন,Barisal,Comilla,,Positive,0.7687547332898338,model,False
সপ্নে,Dhaka,Chandpur,,Sarcastic_negative,0.4222408112037735,model,True
মনে হয়ে বাংলাদেশ ক্রিকেট টিম এর কথা বলতে সে।।।।।।।।।,Chittagong,,,Positive,0.5225810596918797,model,False
আপাও ইন্টারন্যাশনাল প্লেয়ার ছিলো।,Dhaka,Gazipur,,Sarcastic_negative,0.3636116006479488,model,True
আলহামদুলিল্লাহ,Naogaon,,,Positive,0.6722752494029804,model,False
আলহামদুলিল্লাহ।,Dhaka,Mymensingh,,Positive,0.6722752494029804,model,False
শিওর নি কাকা?,Sylhet,,,Sarcastic_negative,0.5359625728836594,model,False
আলহামদুলিল্লাহ,Dhaka,,,Positive,0.6722752494029804,model,False
একদম ঠিক কইছেন,Chittagong,,,Negative,0.4935819820069991,model,True
আলহামদুলিল্লাহ,Dhaka,Jamalpur,,Positive,0.6722752494029804,model,False
ইনশাআল্লাহ,Barisal,Bhola,,Positive,0.8463126400605551,model,False
চট্টগ্রাম সিটি কর্পোরেশনের ইতিহাসে এটি নিঃসন্দেহে একটি ঐতিহাসিক ও যুগান্তকারী অর্জন। দীর্ঘ ের বকেয়া হোল্ডিং ট্যাক্স বাবদ চট্…,Chittagong,,,Negative,0.4583234247588269,model,True
Alhamdulillah,Dhaka,Khulna,Satkhira,Positive,0.5462164194000266,model,False
আলহামদুলিল্লাহ,Feni,Habiganj,,Positive,0.6722752494029804,model,False
আলহামদুলিল্লাহ লিডার,Dhaka,Kishoreganj,,Positive,0.7316063861374875,model,False
সবার আগে বাংলাদেশ। এগিয়ে নিয়ে যাবে বাংলাদেশ মানবিক মাননীয় প্রধানমন্ত্রী জনাব তারেক রহমান।জিন্দাবাদ,Dhaka,Mymensingh,,Positive,0.9698790192194352,model,False
আলহামদুলিল্লাহ,Sylhet,,,Positive,0.6722752494029804,model,False
আলহামদুলিল্লাহ,Bogra,,,Positive,0.6722752494029804,model,False
হাঁটি হাঁটি পা পা করে বাংলাদেশের জনগণের হৃদয়ে জায়গা করে নিচ্ছেন জনাব প্রধানমন্ত্রী তারেক রহমান ফি আমানিল্লাহ্,Dhaka,,,Positive,0.8774319605639757,model,False
সে যে ভাবে হোক বাংলাদেশের প্রধানমন্ত্রী তাঁর একটা অবস্থান থাকবে না জয় বাংলা।,Chittagong,,,Positive,0.7325534225977898,model,False
আলহামদুলিল্লাহ,Chittagong,,,Positive,0.6722752494029804,model,False
ইনশাআল্লাহ সাবার আগে বাংলাদেশ এগিয়ে যাবে সামনে বাংলাদেশ।,Sylhet,,,Positive,0.9626538152365762,model,False
১০০% সঠিক বলেছেন স্যার,Dhaka,Kishoreganj,,Positive,0.5833052564048854,model,False
আলহামদুলিল্লাহ,Dhaka,Comilla,,Positive,0.6722752494029804,model,False
সমস্যা কিন্তু দলের ভেতরেই আছে,Khulna,Jessore,,Negative,0.6973027596859949,model,False
আলহামদুলিল্লাহ,Chittagong,Brahmanbaria,,Positive,0.6722752494029804,model,False
আগামী নির্বাচনে বুঝা যাবে,Dhaka,Bagerhat,,Sarcastic_negative,0.5924965583643961,model,False
আলহামদুলিল্লাহ,Narayanganj,,,Positive,0.6722752494029804,model,False
Congratulations,Dhaka,Madaripur,,Sarcastic_negative,0.4347275895287074,model,True
জ্বি কেমন যে তৈরি করতে পেরেছেন তা এখনো ধোঁয়াশা রয়ে গেছে,Mymensingh,,,Sarcastic_negative,0.6795783057584469,model,False
বাপরে বাপ,Cox's Bazar,,,Negative,0.7661385393776246,model,False
ইনশা-আল্লাহ,Barisal,,,Positive,0.6063025465580194,model,False
আলহামদুলিল্লাহ আমাদের মাননীয় প্রধানমন্ত্রী,Chittagong,Narayanganj,,Positive,0.7597151385589493,model,False
আলহামদুলিল্লাহ,Mymensingh,Sherpur,,Positive,0.6722752494029804,model,False
Alhamdulillah,Dhaka,,,Positive,0.5462164194000266,model,False
Alhamdulillah,Dhaka,Rajshahi,,Positive,0.5462164194000266,model,False
মানুষ বিদুৎ পায় না ঠিক মত,Dhaka,,,Positive,0.418731238407278,model,True
তেল মাইরেননা ভাই।,Dhaka,Chittagong,,Sarcastic_negative,0.5047352067779103,model,False
Alhamdulillah,Dhaka,Chittagong,Lakshmipur,Positive,0.5462164194000266,model,False
alhamdulillah,Dhaka,,,Positive,0.5462164194000266,model,False
ইনশ আল্লাহ,Dhaka,Chittagong,Barisal,Positive,0.6287018117881655,model,False
Alhamdulillah Alhamdulillah Alhamdulillah,Sylhet,,,Positive,0.5462164194000266,model,False
"কিন্তু আপনি কোন পর্যায়ে গেলেন,",Dhaka,,,Negative,0.4588714443077493,model,True
সামনে আরো করতে হবে তবে অহংকার করা যাবে না,Chittagong,Chandpur,,Neutral,0.6340048824538109,model,False
ইনশাআল্লাহ,Sylhet,,,Positive,0.8463126400605551,model,False
এক দম রাইট কথা বলছেন ধন্যবাদ,Chittagong,,,Positive,0.8706630661786124,model,False
You are absolutely right,Dhaka,Khulna,Narsingdi,Sarcastic_negative,0.6687699666727402,model,False
"আলহামদুলিল্লাহ,অভিনন্দন",Dhaka,Khulna,Kushtia,Positive,0.5257925261609816,model,False
আলহামদুলিল্লাহ,Chittagong,Dhaka,,Positive,0.6722752494029804,model,False
আওমী বয়ান,Dhaka,Chittagong,Noakhali,Sarcastic_negative,0.5178269310037019,model,False
আলহামদুলিল্লাহ শুভ কামনা রইলো এগিয়ে জান জনাব তারেক রহমান আললাহ আপনাকে হেপাজত করবে ইনশাআল্লাহ ধন্যবাদ,Dhaka,Feni,,Positive,0.9371766218316724,model,False
আলহামদুলিল্লাহ অভিনন্দন,Dhaka,,,Positive,0.5313342004849053,model,False
Alhamdulillah,Dhaka,Barisal,Bhola,Positive,0.5462164194000266,model,False
"Bangladesh prime minister, janab Tariq Rahman apnake onek onek donnobad",Naogaon,,,Sarcastic_negative,0.8061423915972945,model,False
হা হা,Feni,,,Negative,0.4579004329455643,model,True
পাগলের অভিনয় মানুষ বুজেন,Sylhet,,,Sarcastic_negative,0.5258940871683119,model,False
ইনশাআল্লাহ,Dhaka,Chittagong,Munshiganj,Positive,0.8463126400605551,model,False
হ্যাঁ ঠিক বলেছেন,Comilla,,,Positive,0.7044111785782218,model,False
১০% দিলে অবস্থান হয়ে যায়,Barisal,,,Sarcastic_negative,0.5212370097918336,model,False
Alhamdulillah,Dhaka,Chittagong,,Positive,0.5462164194000266,model,False
ইনশাআল্লাহ এগিয়ে যান,Feni,,,Positive,0.902387060903848,model,False
একদম রাইট,Chittagong,,,Negative,0.3929301781723873,model,True
আলহামদুলিল্লাহ।,Mymensingh,,,Positive,0.6722752494029804,model,False
প্রধানমন্ত্রীকে জানাই অভিনন্দন,Dhaka,Mymensingh,Jamalpur,Positive,0.4924900219869215,model,True
সহমত,Dhaka,Chittagong,Chandpur,Sarcastic_negative,0.4450456571175429,model,True
Congratulations. Best wishes Rashedul alam shanta jessore Dhaka Bangladesh,Khulna,Jessore,,Sarcastic_negative,0.7404989555247283,model,False
আলহামদুলিল্লাহ,Dhaka,,,Positive,0.6722752494029804,model,False
উনি তো আগে থেকেই ইন্টারন্যাশনাল খেতাপ প্রাপ্ত,Dhaka,,,Negative,0.4186445540153217,model,True
উনি চেষ্টা করছেন বাকি নেতারা কি করছেন??,Dhaka,Chittagong,Feni,Negative,0.4173268303730633,model,True
আমরাও চাই আমাদের দেশ আরো উন্নত হোক দেশকে এগিয়ে নিয়ে যাক জনগণকে দেখা মুখে বললে হবে না কাজই আমরা বিশ্বাসি,Chittagong,Comilla,,Neutral,0.4552457656732931,model,True
"সকল প্রধানমন্ত্রি এরকম অবস্থান তৈরী করে,",Dhaka,Gazipur,Thakurgaon,Positive,0.6696520463579841,model,False
সেটাতো ২০০১-২০০৬ সালেই করেছে।,Chittagong,Comilla,,Positive,0.6667430462873084,model,False
শুধু জায়গা করতে পারেনি বাংলাদেশের মন্ত্রীসভায়।,Dhaka,,,Sarcastic_negative,0.4867098063490724,model,True
কাকা এবার একটু বেশিই হয়ে গেলো।,Chittagong,,,Sarcastic_negative,0.469514652592822,model,True
রাইট,Sylhet,,,Positive,0.4126929826395739,model,True
অনেক আগে থেকেই জাতীয় ও আন্তর্জাতিক ভাবে খেতাব আছে,Khulna,,,Negative,0.749707547117168,model,False
Right Al Hamdulillah,Dhaka,,,Positive,0.3590988363635847,model,True
আলহামদুলিল্লাহ হে আল্লাহ বাংলাদেশ সরকারের মাননীয় প্রধানমন্ত্রী র ভালো কাজ গুলিতে আপনার সহযোগিতা একান্ত প্রয়োজন হে আল্লাহ একট…,Rangpur,,,Positive,0.8747066003643629,model,False
Absolutely right,Dhaka,Pabna,,Sarcastic_negative,0.5422522608521184,model,False
Alhamdulillh,Dhaka,Mymensingh,Chandpur,Sarcastic_negative,0.4333657606548877,model,True
আলহামদুলিল্লাহ,Dhaka,Khulna,Bagerhat,Positive,0.6722752494029804,model,False
আলহামদুলিল্লাহ,Joypurhat,,,Positive,0.6722752494029804,model,False
রাইট,Feni,Dhaka,,Positive,0.4126929826395739,model,True
মাশাআল্লাহ,Sylhet,,,Negative,0.7025170713543295,model,False
Ha ha,Comilla,,,Sarcastic_negative,0.4672164058845802,model,True
হা তাই এখন কি করব চাঁদা বাজি না দুরনিতি,Dhaka,Sylhet,,Positive,0.5012953305375137,model,False
আবার জিগায়।,Dhaka,,,Negative,0.542635328146769,model,False
এখন শুধু লন্ডন পালাবেন,Dhaka,Gazipur,,Sarcastic_negative,0.5771437136234265,model,False
ইনশাআল্লাহ,Dhaka,Narsingdi,,Positive,0.8463126400605551,model,False
ইনশাআল্লাহ,Dhaka,,,Positive,0.8463126400605551,model,False
কথায় না কাজে পরিচয়,Mymensingh,Sirajganj,,Positive,0.4440187039494087,model,True
সত্য কথা বললে অনেকেরই ভালো লাগেনা,Rangpur,,,Positive,0.4612796803320954,model,True
সহমত লিডার,Chittagong,Lakshmipur,,Sarcastic_negative,0.3126110838730948,model,True
আলহামদুলিল্লাহ,Kishoreganj,,,Positive,0.6722752494029804,model,False
ইনশাআল্লাহ,Dhaka,Chittagong,Gazipur,Positive,0.8463126400605551,model,False
উনি তো প্রাথমিক বিশ্ববিদ্যালয় পাস,Chittagong,,,Negative,0.3298708914291424,model,True
Allah hamdollia,Dhaka,Barisal,,Positive,0.4672192597393516,model,True
আলহামদুলিল্লাহ,Dhaka,Mymensingh,,Positive,0.6722752494029804,model,False
জ্বর আছে মনে হচ্ছে,Chittagong,,,Sarcastic_negative,0.4103087165662133,model,True
ইনশাআল্লাহ,Barguna,Barisal,,Positive,0.8463126400605551,model,False
নিঃসন্দেহে,Feni,Mymensingh,Comilla,Neutral,0.3299894830456365,model,True
"প্রধানমন্ত্রী হওয়ার পরে প্রথম বিদেশ সফর, দেশে এসে প্রথমে সাংবাদিক এর সামনে তার সাফল্য নিয়ে মুখোমুখি হওয়ার দরকার ছিল।",Dhaka,Barisal,,Positive,0.6431917441530304,model,False
কোথায় আগরতলা আর কোথায় উগারতলা,Sylhet,,,Positive,0.6454053657682705,model,False
"গান্জা খেলেও নাকি নিজেকে রাজা বাদশাহ মনে হয়, ।",Dhaka,Rangpur,,Sarcastic_negative,0.5702011877237991,model,False
ফেসবুক একটিভ বাংলাদেশি ফলোয়ার 1k মাত্র 260 টাকা ! ফেসবুক বাংলাদেশি+বিদেশি একটিভ ফলোয়ার 1k মাত্র 160 টাকা! …,Rajshahi,,,Positive,0.4940233486258294,model,True
Rights,Chittagong,Comilla,,Sarcastic_negative,0.4635683157201793,model,True
আলহামদুলিল্লাহ,Dhaka,Noakhali,,Positive,0.6722752494029804,model,False
শতভাগ সঠিক কথা বলেছেন,Bogra,,,Positive,0.9444368999988566,model,False
Alhamdulillah,Khagrachhari,Chittagong,,Positive,0.5462164194000266,model,False
Alhumdullah,Dhaka,,,Sarcastic_negative,0.3827849529575703,model,True
Pagoler suk mne mne,Sylhet,,,Sarcastic_negative,0.5267826219060163,model,False
Pagl hle ja hy arki,Sylhet,,,Sarcastic_negative,0.501526256372361,model,False
"শ্রদ্ধেয় মির্জা ভাই,আপনারা এইসব কথাবার্তা বলে উনাকে উত্তেজিত করবেন না;উনি এইসব বাতাস ভরা উক্তি মনে প্রাণে বিশ্বাস করেন,,,",Dhaka,,,Positive,0.5999377010306749,model,False
আলহামদুলিল্লাহ স্যালুট জানাই প্রধানমন্ত্রীকে,Dhaka,,,Positive,0.839918575077493,model,False
হা মামা।,Mymensingh,,,Negative,0.4806917415064373,model,True
আলহামদুলিল্লাহ,Dhaka,Mymensingh,Gazipur,Positive,0.6722752494029804,model,False
মাশাআল্লাহ। আলহামদুলিল্লাহ। …,Chittagong,,,Positive,0.6369436412174916,model,False
আলহামদুলিল্লাহ,Dhaka,Chittagong,,Positive,0.6722752494029804,model,False
হুম সবাই ১০% হিসাবেই জানে।,Dhaka,,,Sarcastic_negative,0.3551307704725317,model,True
ইনশাআল্লাহ,Comilla,,,Positive,0.8463126400605551,model,False
বিদ্যুৎ সরবরাহের দিকে একটু নজর দিয়েন তাই হবে।।।,Rajshahi,Natore,,Neutral,0.8969713158378593,model,False
আলহামদুলিল্লাহ,Patuakhali,,,Positive,0.6722752494029804,model,False
আলহামদুলিল্লাহ,Panchagarh,,,Positive,0.6722752494029804,model,False
আলহামদুলিল্লাহ,Chittagong,Pirojpur,,Positive,0.6722752494029804,model,False
আলহামদুলিল্লাহ,Naogaon,Sylhet,Habiganj,Positive,0.6722752494029804,model,False
আলহামদুলিল্লাহ,Feni,,,Positive,0.6722752494029804,model,False
আলহামদুলিল্লাহ,Khulna,,,Positive,0.6722752494029804,model,False
বিএনপি কি পাগলের ভ্যাকসিন আমদানি করছে নাকি?,Dhaka,Faridpur,,Negative,0.8552232253297125,model,False
আলহামদুলিল্লাহ,Dhaka,Gazipur,Jamalpur,Positive,0.6722752494029804,model,False
".প্রধানমন্ত্রীর বাসভবনে কাজ করা শুধু একটি দায়িত্ব নয়, এটি দেশের সেবায় গর্বের অংশ।",Dhaka,,,Positive,0.6594286089045881,model,False
ইনশাআল্লাহ,Gazipur,Dhaka,,Positive,0.8463126400605551,model,False
আলহামদুলিল্লাহ,Chittagong,Chandpur,,Positive,0.6722752494029804,model,False
এই সেরেছে কাম এবার টেলা সামাল দাও,Joypurhat,,,Negative,0.6502787759143083,model,False
Right,Dhaka,,,Sarcastic_negative,0.4635683157201793,model,True
8 pash prodhanmontri,Dhaka,Natore,,Sarcastic_negative,0.4966780740670938,model,True
কিভাবে!?,Chittagong,,,Sarcastic_negative,0.557694140305311,model,False
জাতে বাউন- টানলেও লম্বা হবার নয় মাননীয়,Chittagong,,,Neutral,0.5033629132156304,model,False
রাইট,Dhaka,Barisal,,Positive,0.4126929826395739,model,True
তোমার অবস্থান টা ও ক্লিয়ার করিও,Sylhet,,,Positive,0.3968001765923223,model,True
Alhamdulillah,Sylhet,Brahmanbaria,,Positive,0.5462164194000266,model,False
Well said,Dhaka,Rajshahi,,Sarcastic_negative,0.4909648057268904,model,True
"ইনশাআল্লাহ্, আমাদের প্রাণপ্রিয় মানবিক প্রধানমন্ত্রী দেশনায়ক জনাব তারেক রহমান জিন্দাবাদ জিন্দাবাদ।",Barguna,Barisal,,Positive,0.9316006146359632,model,False
আগামীতে ট্রাম কে সরিয়ে দিয়ে আমেরিকার প্রেসিডেন্ট তারেক রহমান হবে।,Dhaka,Chittagong,Noakhali,Negative,0.4984020299925903,model,True
দেশপ্রেম দিয়েই বিশ্ব জয় করেছে,Khulna,Jessore,,Positive,0.4534232227396377,model,True
২০০৭ থেকে ২০২৫ পর্যন্ত এই অবস্থান কোথায় ছিল,Chittagong,Feni,,Negative,0.839211532366877,model,False
Agreed,Thakurgaon,,,Sarcastic_negative,0.474025085356839,model,True
"এটা মানতে পারলাম নাহ মাত্র ৩ মাসেই সবকিছুই যদি হতো তবে ৫ বছরের জন্য রেখে লাভ কি?,…",Chittagong,,,Negative,0.4846568818773574,model,True
মাশা-আল্লাহ,Bhola,Chittagong,Feni,Negative,0.7526238061044166,model,False
আলহামদুলিল্লাহ,Barisal,,,Positive,0.6722752494029804,model,False
একটু সবুর করেন মির্জা চাচা। আরো সময় পারি দিয়ে জনাব তারেক রহমানকে পরিপক্ক হতে । এতো দ্রুত তার রাস্তা তৈলাক্ত করলে সে তো বেশি…,Dhaka,Rangpur,,Positive,0.5765926574006858,model,False
হুম... ভবিষ্যতে দুর্নীতির নোবেল পেতে পারে!,Dhaka,,,Sarcastic_negative,0.3649250336473084,model,True
তারেক রহমানের পরিনত হতে আরো সময় লাগবে।,Barisal,,,Negative,0.5943517892649859,model,False
চাপাইয়ে কারেন থাকেনা আর বালফালাইবে,Comilla,,,Negative,0.5271655937338198,model,False
ইয়াবার সাপ্লাই,Gazipur,Pabna,,Negative,0.3673613017107248,model,True
একদম রাইট কথা বলছেন।,Dhaka,Chandpur,,Positive,0.5691222031662416,model,False
বিএনপির অনেকগুণ সারিসারি মানুষ খুন,Dhaka,Comilla,,Negative,0.810597694054541,model,False
এই জন্যই বাংলাদেশ এখন ইন্টারন্যাশনাল কান্ট্রি,Khulna,Kushtia,,Positive,0.627180266860794,model,False
রাইট,Dhaka,Chittagong,Comilla,Positive,0.4126929826395739,model,True
আর বর্তমান বিদ্যুতের অবস্থা,Tangail,Dhaka,Chittagong,Positive,0.3538298264750061,model,True
"তৈরী করলো বুঝলাম, তো তৈরী করে পেলেছেন রাখি দিলে কি হতো এখন পালাই দিছে",Chittagong,,,Positive,0.5345507473122441,model,False
তাহলে আওয়ামী লীগের অবস্থা কি হবে আর বুঝি ফিরে আসা হলো না জয় নানু লীগ,Dhaka,Comilla,,Neutral,0.5753130272121978,model,False
#সব কিছু নিয়েই আলোচনা হয় কিন্তু ভুতুড়ে বিদ্যুৎ বিল নিয়ে সংসদে কোন আলোচনা হয়না।#,Bogra,,,Sarcastic_negative,0.5872158482559243,model,False
UAE তে এসে প্রবাসী দের সমস্যা গুলো সমাধান করুন,Dhaka,,,Negative,0.3675152581847297,model,True
রিয়েক্ট খুজতে গেছিলাম কোথায় কত তা খুজে পেলাম না,Mymensingh,,,Negative,0.4895207198517853,model,True
সেটা তো ২১ আগস্ট ২০০৪ এ ই,Comilla,,,Sarcastic_negative,0.4375424111192287,model,True
বাস্তব,Dhaka,Chittagong,,Negative,0.4312645319592174,model,True
হ্যাঁ,Habiganj,,,Sarcastic_negative,0.5893634253138365,model,False
কাকা এই বয়সে এইভাবে কথা বলা যায়।,Dhaka,Chittagong,Pabna,Positive,0.665320018892328,model,False
আপনার কি অবস্থা লিডার।,Dhaka,,,Sarcastic_negative,0.7316585724558632,model,False
কি তৈরি করেছে,Comilla,,,Positive,0.6718681325880096,model,False
বউ দিয়ে,Sylhet,,,Sarcastic_negative,0.6632064643772073,model,False
জ্বি,Dhaka,Barisal,,Sarcastic_negative,0.4273670717315155,model,True
অব্যশই সেটা অর্জন করেছে ২০০৪ সালের ২১ আগষ্ট থেকেই এটা আবার নতুন করে বলার কি হলো!,Dhaka,Narayanganj,,Positive,0.6649607354702496,model,False
আপনি সঠিক বলেছেন,Rangpur,Netrokona,,Positive,0.5834616470704462,model,False
বেশি বলা।,Dhaka,Chittagong,,Positive,0.7572500354740941,model,False
ছাল নাই কুত্তার বাগা ফাল,Narayanganj,,,Sarcastic_negative,0.3752296735258403,model,True
কি এমন করেছে।,Chittagong,,,Sarcastic_negative,0.3440045301067193,model,True
বিসমিল্লাহির রাহমানির রাহিম।। অভিনন্দন শুভেচ্ছা।।…,Dhaka,,,Negative,0.3756583162347632,model,True
Nijer obstha korle decher ki hobe.. Valo nh khrap.. Decher obstha valo kora lagbo age,Dhaka,Tangail,,Sarcastic_negative,0.7042725924553971,model,False
"শুভকামনা রইল সকলের জন্য সবার আগে বাংলাদেশ,,, বাংলাদেশ জিন্দাবাদ বিএনপি জিন্দাবাদ",Dhaka,,,Positive,0.8885545914029713,model,False
তারিক জিয়া দেশের জনগণের জন্য কি করেছে জাতি আপনার কাছে জানতে চায়।,Tangail,Pabna,,Sarcastic_negative,0.446634534612082,model,True
তাহলে এখন রেষ্ট নেন।,Dhaka,Bogra,,Positive,0.3671983247084083,model,True
হ্যাঁ করেছে তো আমেরিকার দালালি করে বাংলাদেশের মানুষকে বিনা বিচারে হত্যা করে,Chittagong,,,Positive,0.6938738329523265,model,False
কাকু বৃদ্ধ বয়সেও তেল মারতে পটু,Nilphamari,,,Sarcastic_negative,0.5150336536666099,model,False
Mashed,Dhaka,,,Sarcastic_negative,0.5282899133157043,model,False
আলহামদুলিল্লাহ,Kishoreganj,Dhaka,,Positive,0.6722752494029804,model,False
Yes,Dhaka,,,Sarcastic_negative,0.4959821507615907,model,True
তাকে নিয়ে সকলে চাটুকারিতা কম করলে সত্যিকারের জাতীয় ও আন্তর্জাতিক পর্যায়ের নেতা হতে পারবেন।,Dhaka,Cox's Bazar,Narail,Negative,0.8776888429273902,model,False
এখানে অনেক জ্ঞানীগুণী ব্যক্তি কমেন্ট করছেন আমি তাদের কমেন্ট দেখলাম আপনারা সরকার কি করছে সেটা দেখতেছেন আপনারা নিজেরাই কোন বাল ক…,Dinajpur,,,Negative,0.6773018918656325,model,False
ইনশাআল্লাহ,Dhaka,Khulna,Satkhira,Positive,0.8463126400605551,model,False
ইনশাআল্লাহ,Dhaka,Mymensingh,,Positive,0.8463126400605551,model,False
অসাধারণ মূল্যায়ন,Rajshahi,Khulna,,Sarcastic_negative,0.5139135969299661,model,False
Right,Chittagong,Brahmanbaria,,Sarcastic_negative,0.4635683157201793,model,True
বোকারা জখন তখন জারে তারে নিয়ে মন্তব্য করেন বেশি,Barisal,,,Positive,0.3819722827328398,model,True
আর কয়টা সবুর... ভারতীয় পাচাটা কুকুরদের পাছায় লাথি মারবে ....,Gazipur,,,Negative,0.5533809186416606,model,False
অভিনন্দন,Rangpur,,,Negative,0.3519274100807112,model,True
Right,Comilla,,,Sarcastic_negative,0.4635683157201793,model,True
অ বাল সিরি টাল দিবে,Chittagong,,,Sarcastic_negative,0.600975074581879,model,False
চোখের সামনেই সংসদের বিরোধীদলীয় 13 নারী সাংসদের নিয়ে বাজেট বরাদ্দ বৈষম্য করা প্রধানমন্ত্রী কখনো আন্তর্জাতিক হতে পারে না,Cox's Bazar,,,Positive,0.4608111381633764,model,True
"ওহ তাহলে এ জন্য দেশে আসার আগে ওনার একার সিদ্ধান্ত ছিল না, যতোক্ষণ না ভারত সিদ্ধান্ত না দেয়",Thakurgaon,,,Positive,0.4249400737259222,model,True
"ধুর হালার গরে হালারা, অতিরিক্ত তেল বাজি",Narayanganj,,,Sarcastic_negative,0.3819430737787935,model,True
রাজাকার গুপ্তরা কখনো মানুষ হবে না ওরা দেশের শত্রু দেশকে ভালোবাসে না ওরা নারী লোভী পাকিস্তানি সেনাবাহিনীর মত …,Habiganj,,,Neutral,0.3351520018865429,model,True
"গুপ্তরা সুন্দর কমেন্টস করতেছে,এদের মানসিক রুগ আর ভালো হবে না, মনে হচ্ছে",Sylhet,,,Sarcastic_negative,0.3344449510124274,model,True
Thanks,Dhaka,,,Sarcastic_negative,0.559272853736919,model,False
অবৈধ সরকার।।,Feni,,,Negative,0.3875466536154886,model,True
মালায়েশিয়ায় শ্রমবাজার চালু করেনি তার কথায়।,Dhaka,,,Positive,0.763146459709107,model,False
"জা মা ত, জালিম মাতলববাজ তালেমিলে চলা ধর্মব্যবসিকদের মনে কষ্ট লাগবে।",Dhaka,Dinajpur,,Sarcastic_negative,0.5830921858992117,model,False
চমৎকার,Bagerhat,,,Negative,0.4104575309926834,model,True
বিএনপি দুর্নীতিতে ৫ বার চ্যাম্পিয়ন ও হাওয়া ভবনের গডফাদার,Dhaka,,,Negative,0.891936845250483,model,False
মিথ্যা কথার আন্তর্জাতিক পর্যায়ে আপনি নিজের স্থান তৈরি করে ফেলেছেন,Noakhali,,,Negative,0.4476654278376351,model,True
বিএনপির লজ্জা শরম বলতে কিছু নাই বাংলাদেশের জনগণ তাদের ঘৃণা করে,Faridpur,Panchagarh,,Positive,0.5513388731292257,model,False
তার পরেও জনগণ তোমাদের চুদবেনা,Dinajpur,,,Negative,0.7602599121147214,model,False
আমাদের হামিদ কারজাই আমেরিকার দয়ায় প্রধানমন্ত্রী দেখা যাক কখন আমেরিকা গদি থেকে 5 আগস্ট ষড়যন্ত্রের মতো চিত্রনাট্য সাজিয়ে ক্ষ…,Dhaka,,,Negative,0.6708202442803114,model,False
দেশ বিক্রি করেছেন সেটা ফিরিয়ে আনেন বুড়ো বয়সে নাটক কম করেন,Dhaka,,,Sarcastic_negative,0.5387306304252243,model,False
নিজেরা নিজেকে ছোট মনে করেন তাহলে দেশ এবং জাতির উন্নতি হবে কেমন করে এত চোরের শাসন ছিল তখন ভালো ছিল তাই না দেশ উন্নতির দিকে য…,Dhaka,Mymensingh,Sirajganj,Neutral,0.3325665692618942,model,True
এই সব কথা না বলি দেশের পবলেম গুলি নিয়ে কাজ করেন ?,Chittagong,Feni,,Positive,0.8490061616938055,model,False
ওর মতো মূর্খ য়ে বাল ও ছিড়তে পারবে না জাতী ভালো করে জানে,Dhaka,Gazipur,,Positive,0.4266440812374036,model,True
তাই নাকি মির্জা ফখরুল,Barisal,,,Negative,0.4031509654118821,model,True
সব বা@ল কেটে ফেলেছে,Chittagong,Nilphamari,,Sarcastic_negative,0.5040630352167031,model,False
Bimpi Jamati bole kotha,Chittagong,Chandpur,Comilla,Sarcastic_negative,0.5527297061454431,model,False
Fucker Bangladesh,Chittagong,Chandpur,Comilla,Sarcastic_negative,0.6601414126041378,model,False
"আন্তর্জাতিক বাটপার এবং জঙ্গিদের কাছে অবস্হান তৈরী করে ফেলেছে,,",Dhaka,Khulna,Jessore,Negative,0.5407460200281203,model,False
ফখরুল সাহেবকে খাম্বা তারেক লন্ডনে ডেকে নিয়ে কানে মুখে আচ্ছা করে থাবড়াইয়া ছিলো মনে আছে? তারেকের থাপ্পড় খেয়ে এখনো ভূলতে প…,Dhaka,Khulna,Jessore,Negative,0.4533448685694503,model,True
তারেক রাহমানের শিক্ষাগত যোগ্যতা কতটুকু?,Dhaka,,,Negative,0.34276821089167,model,True
শুধু নিজের শুনাম নিজেরা করতে করতে শেষ। এত চামচামি আর কোথাও কখনো কেউ দেখে নাই।,Noakhali,,,Sarcastic_negative,0.7951986094310991,model,False
আপনি বুউড়া বাম তেল দেয়া বন্ধ করুন। তেলবাজি বছর কত করবেন?…,Dhaka,,,Sarcastic_negative,0.6081291138812224,model,False
হাচানি! আন্নে কি করছেন?,Dhaka,,,Negative,0.5746108838193223,model,False
নেতার ধন চোসা ছাড়া অন্য কিছু পারে না নাকি,Khulna,Jessore,,Sarcastic_negative,0.5616382763683256,model,False
জারা তারেক রহমান কে নিয়ে বাজে কথা বলতেছেন তারা কুততার বাচ্চা,Cox's Bazar,,,Positive,0.3870266440140822,model,True
বাটপার Yunucchar লাহান?,Tangail,,,Negative,0.8201618739757501,model,False
ল্যাওড়া,Dhaka,,,Sarcastic_negative,0.5387283637329524,model,False
"কাক্কু, এইটা সে অনেক আগে থেকেই। নইলে কি আর সে সরাসরি এসে প্রধানমন্ত্রী বনে যায়? সামান্য সত্য বলার জন্য ধন্যবাদ কাক্কু।",Dhaka,Mymensingh,,Positive,0.732933807478905,model,False
"Khankir chelera,, Saradin current thakena,…",Dhaka,Barisal,,Sarcastic_negative,0.4492970450601021,model,True
কি পরিমাণ জঘন্য নির্লজ্জ বেহায়া হলে এধরণের কথা বলতে পারে!!,Dhaka,,,Sarcastic_negative,0.3902708841336323,model,True
চ্যাটের বাল ফালায়ছে,Narsingdi,,,Sarcastic_negative,0.4492557420867195,model,True
কাকু এসব দালালি আর কত করবেন এগুলা করে দেশটাকে ফিন মারি দিছেন।,Dhaka,Chittagong,,Positive,0.7955511256042612,model,False
"MD Asraf Ullah Juiel নিজের বস্তা নিজে বান্ধি এক লন্ডনে পাড়ি দিবেন এটা আমরা খুব ভালো করেই জানি""",Dhaka,Chittagong,,Positive,0.3740681797247155,model,True
এতো তাড়াতাড়ী কেমনে কি কাকা? ইংরেজি কোর্স কোথা থেকে করেছে? মানে আমিও করতাম,Dhaka,,,Sarcastic_negative,0.4890722052627693,model,True
অল্পতে কেমনে বুঝলেন,Chittagong,Cox's Bazar,,Sarcastic_negative,0.6377978709956484,model,False
গুপ্ত বট মব বাহিনীর কমেন্ট দেখি,Dhaka,Magura,,Negative,0.6114877437124484,model,False
"যার কারনে মালেশিয়া বিমান বন্দরে ধর্মমন্ত্রী,চীনে ও হাফমন্ত্রী তাঁকে সংবর্ধনা দিয়েছে।লজ্জা শরম থাকলে চুপ থাকা দরকার।",Comilla,,,Positive,0.3462898282052156,model,True
মালেশিয়া সফর করেই,Feni,,,Positive,0.7394411771441903,model,False
ওবায়দুল কাদেরের বড় ভাই ফখরুল তেলবাজ।,Dhaka,Rangpur,,Sarcastic_negative,0.4220587741935097,model,True
খাম্বা ১০% সাথে সুইচ ব্যাংক।,Dhaka,Jamalpur,,Sarcastic_negative,0.5887300128854474,model,False
Kali tel ar tel..islam saheb tel aktu kom maren..,Rajshahi,,,Sarcastic_negative,0.512658906752063,model,False
আজ্ঞে আমরা তা উপলব্ধি করতে পেরেছ,Kishoreganj,Dhaka,,Negative,0.4148347350887676,model,True
দুর্নীতিতে আগে করছে এবার চ্যাম্পিয়ন হবে ডাবল চ্যাম্পিয়ন,Chittagong,Pirojpur,,Positive,0.3634239918415237,model,True
দেখার অপেক্ষায় রইলাম জাতীয় বাটপার নাকি আন্তর্জাতিক বাটপার হবে।,Chittagong,,,Negative,0.8136320203711893,model,False
Tai a dese ki bal falai,Dhaka,Faridpur,,Sarcastic_negative,0.6510708011335683,model,False
শুধু কি তাই সৌর জগতেও স্থান করে নিয়েছে।,Dhaka,Bagerhat,,Positive,0.697084241934238,model,False
এই লোকটা বুইড়া বয়সে এত চামচামি করে কিভাবে,Dhaka,,,Negative,0.4332653661864282,model,True
বুঝলাম না ফাইভ-জি গতিতে সব হয়ে গেল,Dhaka,Khulna,Jessore,Sarcastic_negative,0.557710874448083,model,False
"একবার তো আন্তর্জাতিক সার্টিফিকেট পেয়েছে চাঁদাবাজির জন্য,,",Dhaka,Mymensingh,Narsingdi,Negative,0.6181178851856693,model,False
"এইসব বালছালের কথা না বলে, কাজ করেন। কে কোন পর্যায়ের কী হইছে সেটা জনগণ নিজেই দেখবে বা বুঝবে। অবশ্যই তারেক রহমান অপেক্ষাকৃ ভাল ল…",Dhaka,Barisal,,Positive,0.6267574317042166,model,False
বিনা দাওয়াতের অতিথি তারেক রহমান।,Rajshahi,,,Negative,0.525459455847631,model,False
খাম্বা লাগা,Dhaka,Mymensingh,,Sarcastic_negative,0.4808690563024539,model,True
তেল বাজী ছেড়ে শেষ বয়সে আমল করুন জনাব,Dhaka,Gazipur,Kishoreganj,Sarcastic_negative,0.4648640183724247,model,True
মিছা ফখরুল,Dhaka,Chittagong,Chandpur,Sarcastic_negative,0.4318338950457363,model,True
তাইলে আগামী বছর মার্কিন প্রেসিডেন্ট নির্বাচনে খাড়াইয়া যাইতে কন,Comilla,,,Negative,0.5842598743053455,model,False
Good,Rajshahi,,,Sarcastic_negative,0.4671987920865377,model,True
মির্জা সাব কি বুইড়া বয়সে চোয়ানি(দেশি মদ) পান করছে?,Dhaka,Pabna,Dinajpur,Negative,0.624372751772839,model,False
মহা ফাঁকিবাজ,Mymensingh,,,Sarcastic_negative,0.4066769063474656,model,True
মাফিয়া তারেক,Gazipur,Dhaka,,Negative,0.4852331190672485,model,True
চাটা চাটি শুরু হয়েছে.,Rajshahi,,,Sarcastic_negative,0.3897268143192473,model,True
"এই পোষ্টের কমেন্ট বক্সে বুদ্ধিজীবীদের আগমন ঘটছে, বুদ্ধিজীবীদের হৃদয় পড়ছে কেন",Satkhira,Dhaka,Khulna,Negative,0.6878040788183173,model,False
...........প্রেসিডেন্ট হয়ে যাবে,Dhaka,Mymensingh,,Sarcastic_negative,0.4326408138824016,model,True
খাম্বা তারেক আবারো চেম্পিয়ান বানাবে ৬ষ্ট বার,Dhaka,,,Negative,0.6716532981984117,model,False
দেশে তো নাই,Dhaka,Gazipur,,Sarcastic_negative,0.3434926789730844,model,True
বাল ছিড়ছে,Shariatpur,,,Sarcastic_negative,0.5260631335378354,model,False
সব কিছু অতোটা সহজ নয়,Khulna,,,Sarcastic_negative,0.442034942783214,model,True
চাটাচাটি বন্ধ কর প্রিয় কিছু পর দেশ ছেড়ে পালাতে হবে,Khulna,Jessore,,Neutral,0.5220885459110632,model,False
মির্জা ফখরুল সাব মানসিক রোগী,Comilla,Dhaka,,Negative,0.3568025082019052,model,True
"হয়,হয়, কতা সত্য",Dhaka,Faridpur,,Neutral,0.3640957522179763,model,True
কাক্কু মিথ ্যা এত বই লেন না আল্লাহ নারাজ হয়,Barisal,Patuakhali,,Sarcastic_negative,0.4043174907540834,model,True
জাতীয় ও আন্তর্জাতিক পর্যায়ে তিনি খাম্বা চোর নামে পরিচিত,Dhaka,Meherpur,,Negative,0.8882327408667252,model,False
হারামজাদা। ভোট লেট করেছে।গনভোটের হোগা মেরেছে। এদেরকে দেশ থেকে তাড়াও।,Dhaka,,,Negative,0.5492533039397853,model,False
চাটাচাটি ভালো ই হচ্ছে তা নাহলে হামে যে ৭০০+ তার খবর কি,Dhaka,Narsingdi,,Sarcastic_negative,0.6129388571585169,model,False
কচু অর্জন করেছে দেশটারে বারোটা বাজাইতেছে বর্তমানে জিনিসপত্রের দাম বাড়িয়ে,Dhaka,,,Negative,0.4111608692357314,model,True
নিজের বয়সের দিকে খেয়াল করে তোষামোদি করেন কাকা,Sylhet,Patuakhali,,Positive,0.4661779691895688,model,True
নিজের ডুল নিজে ভাজা।।।।।।।।।।,Chittagong,,,Sarcastic_negative,0.4049128418325243,model,True
"তবে পালাতে হবে অতি শীঘ্রই,",Tangail,,,Neutral,0.8723312966549244,model,False
এরকম চাটুকারিতার মাধ্যমে শেখ হাসিনাকে ডুবিয়েছেন তার দলের চাটুকাররা। বিএনপি'র বেলায়ও তাই দেখা যাচ্ছে।,Tangail,Dhaka,,Negative,0.8412814306716122,model,False
মালয়েশিয়া ও চীন ঘাড় ধাক্কা দিয়ে বিদায় করেছে।,Chittagong,Cox's Bazar,,Positive,0.7700037930478248,model,False
গ্রেনেড হামলার সাজাপ্রাপ্ত আসামী,Dhaka,,,Sarcastic_negative,0.3932340246083031,model,True
জাতিসংঘের দায়িত্ব পেতে যাচ্ছে,Barisal,Comilla,Rangpur,Sarcastic_negative,0.4064381028657529,model,True
ইনশাআল্লাহ,Gazipur,,,Positive,0.8463126400605551,model,False
বাল বালক তোমার খেলা খমত হয়ে আসছে দেরি না সব কিছু সেষ আছে অত্যাচার জুলুম মব দর্শন লুটপাট ছাদা মানুষ খুন আগুন দখল দুর্নীতিব…,Comilla,Natore,,Negative,0.5764612676900182,model,False
আলহামদুলিল্লাহ,Dhaka,Khulna,Comilla,Positive,0.6722752494029804,model,False
তাই নাকি ফকা সাহেব আর আপনি কোন চিপায় চাপায় অবস্থান তৈরি করলেন নিজের মন্ত্রণালয়েই তো নিজে কোন অবস্থান নাই। ফাতরা একটা রাজাকারের পুত্র ফকা,Dhaka,Dinajpur,,Negative,0.4131018977096569,model,True
Bl,Gazipur,Sylhet,,Sarcastic_negative,0.4635683157201793,model,True
আপনি দলের আগাছা,Naogaon,Dhaka,,Negative,0.53486279736166,model,False
দেশটাই আন্তর্জাতিক দেশ হয়ে গেছে আজব একটি দেশ যেই দেশের প্রধানমুনত্রী লন্ডনের পররাষ্ট্র মন্ত্রী আমেরিকার সরাষ্টমুনত্রী ভারতের বিরোধী দল পাকিস্তান,Khulna,,,Negative,0.3455914647568543,model,True
দেশ বিক্রি কোরলে সব কিছু সম্ভব তারই প্রমাণ আমেরিকার সাতে বাণিজ্য চুক্রি,Barisal,,,Positive,0.3605867599071904,model,True
জাতীয় মিথুক,Dhaka,Gazipur,,Negative,0.4137860109108403,model,True
খাম্বা দিয়ে মনে হয়,Rangpur,Kurigram,,Sarcastic_negative,0.7708880865882763,model,False
Khamba chor,Dhaka,Kushtia,,Sarcastic_negative,0.3976658915680576,model,True
টিআইবি তো আগেই বিশ্ব চ্যাম্পিয়ন ঘোষণা করে গেজেট প্রকাশে করে,Dhaka,Habiganj,,Positive,0.4605465867936252,model,True
নিজেদের শান্তনা আর জনগন কে বোকা ভাবা এই ছাড়া আর কি,Dhaka,,,Positive,0.5255601980365063,model,False
High treason,Chittagong,,,Sarcastic_negative,0.4860538547011285,model,True
প্রাথমিক বিশ্ববিদ্যালয় পাশ হলে সবই সম্ভব,Dhaka,Rajshahi,,Sarcastic_negative,0.3512238393764736,model,True
আলহামদুলিল্লাহ,Dhaka,Khulna,,Positive,0.6722752494029804,model,False
তাহলে তো গাঁড় মারা সারা,Khulna,Narail,,Sarcastic_negative,0.6174842547362827,model,False
"সব ঠিক আছে মানুষের নিত্যপন্য বিদ্যুৎ সরবরাহ এর দাম আগুন,ওনি বিশ্বের সেরা ক্ষমতা পাক তাতে কারোও সমস্যা নাই, ধর্ষন,খুন,গুম,বলাৎক…",Comilla,,,Positive,0.4354134482245428,model,True
লজ্জা লজ্জা লজ্জা ভুয়া ভুয়া ভুয়া জাতির জন্য এক লজ্জার বিষয় গেছিল ভিক্ষা করতে আসছে খালি হাতে দূর দূর করে তাড়িয়ে দিয়েছে,Dhaka,,,Negative,0.446694860737304,model,True
আমেরিকার গোলাম ৩৩ তম,Sylhet,Meherpur,,Negative,0.6499156840964834,model,False
Ho vai shei shei,Dhaka,Chittagong,Chandpur,Sarcastic_negative,0.6659092223426843,model,False
অণু অভিনন্দন,Dhaka,Kishoreganj,Lakshmipur,Negative,0.3519274100807112,model,True
শুধু দেশের মানুষের কাছেই তার ভালো কোন অবস্থান তৈরি করতে পারলো না।,Narayanganj,Sirajganj,,Sarcastic_negative,0.4897358222543662,model,True
চুতিয়া,Rajshahi,,,Negative,0.3789019473182136,model,True
প্রধানমন্ত্রীর বাসায় কারেন্ট বন্ধ করার দাবি জানাচ্ছি,Rangpur,Nilphamari,,Positive,0.5310142300303602,model,False
সব ক্লাউন গ্যারোল,Dhaka,Faridpur,,Sarcastic_negative,0.3765694934370611,model,True
এরা এত সস্তা বুদ্ধি নিয়ে রাজনীতি করে নাকি আমরা হুদাই এসব মানুষকে মাথায় তুলে নাচি...??? মীর্জা ফখরুলের যদি এই অবস্থা হয় তাহলে দ…,Dhaka,Barisal,,Positive,0.5874069939461646,model,False
আজ থেকে ২০ বছর আগে ই তো বিশ্বের পরিচিত খাম্বা চোর।,Dhaka,,,Negative,0.7689369404733843,model,False
আমরা আছি হারিকেন যুগে হেরা আছি ২০৬০ সালের কানা স্বপ্ন নিয়ে,Dhaka,Narayanganj,,Negative,0.8302405726003923,model,False
বিএনপি জনগণের দল তাই জনগণের নেতা বিশ্ববাসীর মন কেড়ে নেবে এক,Barisal,,,Negative,0.5748023360481103,model,False
চাচায় কইছে দিবো,Dhaka,Habiganj,,Sarcastic_negative,0.5627942007323289,model,False
মুনাফেকির মাধ্যমে আন্তর্জাতিক ভাবে বি এন পি তাদের অবস্থাম তৈরি করেছে।,Comilla,,,Positive,0.5230928635288554,model,False
বাল একগাছ ও নাই সব টাইনা -ছিরা ফেলাইছে,Dhaka,Madaripur,,Sarcastic_negative,0.6433681707900544,model,False
বাল পালাইছে আমেরিকার কাছে দেশ বিক্রি করে দিছে,Tangail,Dhaka,Mymensingh,Negative,0.374188696617256,model,True
International durniti te champion kintu,Dhaka,Gazipur,,Sarcastic_negative,0.5058464343434604,model,False
বুড়া হইলে কি মস্তিষ্কে গু গোবর জমে?,Dhaka,,,Sarcastic_negative,0.6082045180698787,model,False
আলহামদুলিল্লাহ,Cox's Bazar,,,Positive,0.6722752494029804,model,False
"মাননীয় প্রধানমন্ত্রী তারেক রহমান, আপনার নামটিই মহান !…",Dhaka,Pabna,,Positive,0.5004532891683745,model,False
আনতোরজাতিক ভাবে কম শিক্ষা এই নেথার,Comilla,Dhaka,Rangpur,Negative,0.7516016451842921,model,False
বাললাদেশের গৌরব তারেক রহমান,Barisal,Bogra,,Negative,0.6072250171802376,model,False
এই বুড়া বয়সেও আর কি পাওয়ার বাকি যে এরকম তেলমারতে হবে।ও মনে পড়েছে সামনে রাস্ট্র প্রতি হওয়ার শপ্ন আছে,Dhaka,,,Negative,0.4406309918037914,model,True
সেজন্য মালয়েশিয়া সরকার মারেও নাই,Dhaka,Sirajganj,,Negative,0.3457471723930695,model,True
মালয়েশিয়া এবং চীন সফর করে বেকায়দা অর্জন করেছেন এটা জনগণ জানতে চায় না জনগণ জানতে চায় কেন বিদ্যুৎ থাকে না,Dhaka,,,Positive,0.497927987645761,model,True
আল্হাম্দুলিল্লাহ,Dhaka,,,Negative,0.5621633046080873,model,False
যারা চাটামি করে তাদের দল থেকে বাদ দেওয়া উচিৎ,Comilla,,,Negative,0.4247328905110601,model,True
হো হো আমরা সেটা বিশ্বাস করি,Dhaka,Bogra,,Negative,0.515299448542768,model,False
একদম,Dhaka,,,Negative,0.4815346861221982,model,True
আলহামদুলিল্লাহ।,Dhaka,Kishoreganj,,Positive,0.6722752494029804,model,False
বেশি পাম দিয়েন না।শেখ হাসিনা ও মাঝে মাঝে শুনতাম সেরা ১০০ লিডারের খাতায় নাম আসতো।ফলাফলতো জানেন।কারো আমলনামা বিচার করবেন সরকারে না থাকলে।,Dhaka,Gazipur,Comilla,Negative,0.3979990640919517,model,True
"সবই ফাঁকা বুলি, খুন ধর্ষন মাদক কারবারি দখল বাজি চাঁদাবাজি অবলীলায় চলছে, আইনশৃঙ্খলা পরিস্থিতির চরম অবনতি",Chittagong,,,Negative,0.5449240013106738,model,False
Right,Rangpur,,,Sarcastic_negative,0.4635683157201793,model,True
ইনশাআল্লাহ আরো ভালো কিছু হোক,Panchagarh,Thakurgaon,,Positive,0.95329771370302,model,False
"হা হা সময় বলে দিবে , চাপাবাজি করে ফায়দা নেই।",Dhaka,Chandpur,,Positive,0.615996620855697,model,False
"মালয়েশিয়া রিসিভ করেছে ধর্মমন্ত্রী, চীনে একজন সচিব!!এই হলো বিশ্বনেতার অবস্থা। শেখ হাসিনার করা চুক্তিগুলোর ঘষামাজা ছাড়া লিদার মু…",Dhaka,Chittagong,Chandpur,Positive,0.4858120228898877,model,True
০০০০০,Dhaka,,,Sarcastic_negative,0.4464299166593889,model,True
রাইট,Dhaka,Chittagong,Chandpur,Positive,0.4126929826395739,model,True
বিএনপির অনেক গুণ চাঁদার জন্য মানুষ খুন এছাড়া আর কি অর্জন করছে,Dhaka,,,Negative,0.5907295493933882,model,False
ইনশাআল্লাহ আল্লাহর উপর ভরসা,Dhaka,,,Negative,0.6102164871586799,model,False
পারলে কিনা বলে ছাগ.,Sylhet,,,Positive,0.5351319919230019,model,False
সেটা আমরা মানলাম কিন্তু তারেক জিয়ার সরকারের কোন ক্ষতি হলে এটা সম্পূর্ণ দায়ভার আপনাদের মতন কয়েকজন লোকের কারন আপনাদের কথাবার্…,Dhaka,Gopalganj,,Negative,0.539573351709613,model,False
খাম্বা বউ নিয়ে ভালোই ব্যবসা শুরু করেছে,Feni,,,Sarcastic_negative,0.5256362730398232,model,False
"গাল গল্প আর কতো সময় থাকতে ভালো হয়ে যান,নিজেকে আর নিচে নামবেন না",Bagerhat,Dhaka,Bogra,Positive,0.4934253545696099,model,True
আহ রে ১ সফরে?,Sylhet,,,Sarcastic_negative,0.717562478572142,model,False
Congratulations,Dhaka,Comilla,,Sarcastic_negative,0.4347275895287074,model,True
বুইরা খাডাস লালালি বদ্ধ করেন,Dhaka,,,Sarcastic_negative,0.4852896248500764,model,True
চায়না+ মালয়েশিয়া = ইন্টারন্যাশনাল,Khulna,,,Negative,0.378243602089563,model,True
"এই বুড়া বয়সে চাটা চাটি করে কি লাভ, মরণ খুব নিকটে।",Chittagong,,,Negative,0.5853209554666388,model,False
সেটাতো ২০০১ থেকে ২০০৬ সালেই প্রমান করেছে দুর্নীতিবাজ হিসেবে বিশ্ব সেরা নেতা।,Bogra,Dhaka,Chandpur,Positive,0.5177774056753393,model,False
"দেখা যাক,,",Chittagong,,,Negative,0.3850501371121179,model,True
সাথে আপনিও ই হেবে প্ল্যান,Chittagong,,,Sarcastic_negative,0.8645519201512852,model,False
হা হা হা,Chittagong,,,Negative,0.4579004329455643,model,True
গত চার মাসে ৬ লক্ষ লোকের কর্মসংস্থান কোথায়। …,Khulna,Jessore,,Negative,0.3692017843285887,model,True
পূর্ণিমার চাঁদ কিন্তু মেঘে ঢেকে দিতে দেরী করে না।,Chittagong,,,Positive,0.6193077083045199,model,False
ইনশাআল্লাহ,Chittagong,,,Positive,0.8463126400605551,model,False
ঈদের পরে চাচা,Comilla,Dhaka,,Negative,0.7388891594397703,model,False
ওরে বাপরে তাইনাকি,Dhaka,,,Sarcastic_negative,0.4235899082647263,model,True
বাল,Barisal,,,Sarcastic_negative,0.5256548561661587,model,False
বর্তমান বেজন্মা সরকারের পতন চাই,Dhaka,,,Negative,0.4100787006917821,model,True
Right,Dhaka,Rajshahi,Narayanganj,Sarcastic_negative,0.4635683157201793,model,True
এটাতো নিজের ঢোল নিজে পেটানো,Chittagong,Bagerhat,,Negative,0.6665197028192201,model,False
"ভালো, যাও বাল ছিড়ে তাল গাছে বান্দোগা, শালা বুউড়া ভাম।",Dhaka,,,Sarcastic_negative,0.5482229497484244,model,False
ছাগল পালন কোথাকার,Narsingdi,,,Sarcastic_negative,0.5158943068443486,model,False
পারে নি শুধু শিশু রামিসার হত্যাকারি কে ফাঁসিতে জুালাতে,Dhaka,,,Negative,0.6985840127407023,model,False
গাঁজাখোর বলে কি,Dhaka,Gopalganj,,Positive,0.7682719557403207,model,False
কাকু একটা বড় পাগল হইসে,Dhaka,Gopalganj,,Sarcastic_negative,0.6845646396333654,model,False
"তোমার মত চাটুকার থাকলে, খাম্বাকে আর ঠেকায় কে।",Dhaka,,,Negative,0.524379453460473,model,False
বাংলাদেশে কেউ দেশীয় মাল না সবাই আন্তজার্তিক পর্যায়ের মাল।,Chandpur,Dhaka,,Negative,0.5057018979878791,model,False
আপনার আর যাই হন চাটাচাটিতে সেরা,Dhaka,,,Sarcastic_negative,0.4402493239218032,model,True
মিস্টার ফখরুল সাহেব বাংলাদেশের আইন শিক্ষা পরিস্থিতি আগে ঠিক করেন। আন্তর্জাতিক পর্যায় এত সস্তা না,Mymensingh,,,Negative,0.4745096178746328,model,True
আমি কি হাসতে পারবো,Chittagong,,,Negative,0.6428978952937133,model,False
Right,Dhaka,Sylhet,,Sarcastic_negative,0.4635683157201793,model,True
তাহলে এবার মুসলমানিটা সেরে ফেলুন!,Dhaka,Jamalpur,,Sarcastic_negative,0.5744762088023208,model,False
বেশি করে তেল মারেন ফকু কাকা দেখেন রাষ্ট্রপতির পদটা বাগিয়ে নেয়া যায় কিনা.....,Chittagong,Barisal,,Positive,0.6942082951053349,model,False
"হয় ভাই তুরাগ নদীতে এর আগে কখনো এইভাবে মানুষের লাশ ভাষেনি।এত ধরষন বলাৎকার হয়নি,এত খুন হত্যা চাদাবাজী,লুটপাট চুরি ডাকাতি ভাংচুর…",Dhaka,Gazipur,,Sarcastic_negative,0.497559846852509,model,True
চোদনের ভাই বোকচোদ,Dhaka,Gopalganj,,Sarcastic_negative,0.3631515904086467,model,True
তুমি কি বালটা ছিড়লে? ১৭ বছরে ৩৪ টা ঈদ গেলো তোমার ঈদের পরে আনদোলনের ডাক আর দেওয়ার সুযোগ হলোনা।,Pabna,,,Sarcastic_negative,0.646781346933584,model,False
নাটক কম কর এদেশের জনগণ জানে কি বাল ফালাইছে ফটো কার্ড দিলে হবে না।,Chittagong,Chandpur,,Neutral,0.409627153669745,model,True
বাল ছিড়ে ফেলেছেন,Dhaka,Gopalganj,,Sarcastic_negative,0.5442909633333338,model,False
চাচা ফকরুল বুড়াহইছেন তেল কমকম মারেন মোরতেহবে,Comilla,,,Neutral,0.6647433033984754,model,False
মালোশিয়া আর চিন গিয়ে বাল কাইটা আটি বাদছে,Comilla,,,Positive,0.740993614171196,model,False
"সেই অনেক আগে আন্তর্জাতিক ভাবে যায়গা করে নিছে দুর্নীতিতে ৫ বার চ্যাম্পিয়ন হয়ে,",Chittagong,Feni,,Positive,0.4470682615208372,model,True
Right,Dhaka,Gazipur,,Sarcastic_negative,0.4635683157201793,model,True
সবার আগে বাংলাদেশ,Chittagong,Patuakhali,,Positive,0.8082819055993392,model,False
পাকনা,Jessore,Dhaka,,Sarcastic_negative,0.4327103252657541,model,True
অনতিবিলম্বে আদ্ দ্বিন হাসপাতালের লাইসেন্স ফিরিয়ে দেওয়ার ব্যবস্থা করুন,Dhaka,Bhola,,Sarcastic_negative,0.4319514163135703,model,True
দ্রুত গতি তে,Dhaka,Rajshahi,,Sarcastic_negative,0.4774942429210524,model,True
yes,Feni,,,Sarcastic_negative,0.4959821507615907,model,True
কচু করে ফেলেছে কচু কচু কচু,Dhaka,Cox's Bazar,,Sarcastic_negative,0.4328508467166725,model,True
এটা আপনার কাছে মনে হতে পারে জনগনের কাছে না কাকু,Dhaka,Narail,,Sarcastic_negative,0.6629314718701943,model,False
ঐটা চুরি আর চাঁদাবাজির দিক দিয়ে,Rangpur,Dinajpur,Thakurgaon,Positive,0.5255886192826225,model,False
উড়ে এসে জুড়ে বসে তারেক এখন প্রধানমন্ত্রী !!!! কোথায় থাকার কথা ছিলো আর এখন কোথায় ?! কারা তারে এখানে নিয়ে আসলো সব ভূলে গেছে অকৃ…,Cox's Bazar,,,Positive,0.8631481518961364,model,False
দেশের অবস্থা এত খারাপ চলছে কেন?,Dhaka,Rangpur,,Sarcastic_negative,0.7814818430257037,model,False
বুড়ো বয়সে লজ্জা কমে গেছে,Dhaka,Rangpur,,Sarcastic_negative,0.5760070177019527,model,False
পাগলে বলবে ছাগলে বিশ্বাস করবে এমন কথা,Chittagong,Noakhali,,Sarcastic_negative,0.5543190121983094,model,False
নিজে হাইদ্দা দুইটা দেশ সফর করেই ইন্টারনেটনাল খেদোয়ার হাইস্যকর,Barisal,,,Sarcastic_negative,0.3412610357934448,model,True
আসলে মন্ত্রী এমপি যারা হয় তারা শুধু এই দালালি ছাপাবাজি বাটপারি কথা বলার জন্যই এমপি মন্ত্রী হয়,Sylhet,,,Negative,0.4224072476968503,model,True
মির্জা ফখরুল সাহেব বেশি তো বাঁচবেন না কেন এই মিথ্যা কথাগুলো বলেন।,Dhaka,,,Positive,0.6342103408397446,model,False
চাডা।,Barisal,,,Sarcastic_negative,0.498809834418586,model,True
আপনাদের মতো নেতারাই এ সুনাম ধরে রাখতে পারবেন না ফখরুল সাহেব।,Dhaka,,,Negative,0.3857564338174264,model,True
Haha,Dhaka,,,Neutral,0.3824055268809205,model,True
তা কি কি,Sylhet,,,Sarcastic_negative,0.4902984175365131,model,True
বাল,Gazipur,Pabna,,Sarcastic_negative,0.5256548561661587,model,False
"কেউ চাপাচ্ছে না মনে হয়, তাই গলাবাজি",Khulna,Kushtia,,Sarcastic_negative,0.7038584844446062,model,False
Right,Dhaka,Madaripur,,Sarcastic_negative,0.4635683157201793,model,True
Desh k againiyar shujog ashesa insha'Allah kaj kore dekhai den plz,Rajshahi,,,Sarcastic_negative,0.6834422567726504,model,False
এইজন্য তো বলি এত তেলের দাম বাড়তেছে কেন আগামীতে জাতিসংঘের মহাসচিব হবে,Dhaka,,,Neutral,0.3661806135136666,model,True
সঠিক,Dhaka,,,Positive,0.5898758557979836,model,False
জিয়াউর রহমান ও করেছিলেন কিন্ত গাদ্দার সহচরদের কুটচাল মুক্ত করুন।,Sylhet,,,Positive,0.8081679106289934,model,False
তোর মার শ্যাউয়া,Sylhet,,,Negative,0.4073264760703464,model,True
তুমি কি করলা দাদু লীগের দালাল করো …,Khulna,,,Sarcastic_negative,0.4313830102757682,model,True
Absolutely right,Dhaka,Chittagong,,Sarcastic_negative,0.5422522608521184,model,False
আর কোতো বাটপারি তেল বাজ দেখবো।,Dhaka,Kushtia,,Negative,0.5050911906793644,model,False
আবাল!,Chittagong,Dhaka,,Negative,0.4158815594166437,model,True
"তিন মাসেই আমরা কানাডা হয়া গেছি, সামনে ইনশাআল্লাহ মংগল গ্রহ হয়ে যাবো।",Dhaka,Gazipur,,Positive,0.5442949247765756,model,False
চুর,Comilla,,,Sarcastic_negative,0.5507536740808119,model,False
"দেশে প্রতি খুন ধর্ষন হচ্ছে এই নিয়ে কোন মাথা ব্যথা নাই, কারন জবাবদিহিতা নাই, মানবাধিকার সংগঠন চুপ কেন।",Rajshahi,Natore,,Negative,0.5883435459627651,model,False
হাহাহা,Mymensingh,,,Sarcastic_negative,0.3802862064096735,model,True
শুধু মিডিয়ায় এসে ঘেউঘেউ করা আর কোন কাজ নাই এদের,Dhaka,,,Positive,0.4625971385745261,model,True
এখন আমেরিকার প্রেসিডেন্ট হওয়া উচিত,Dhaka,Cox's Bazar,,Negative,0.4557518913988569,model,True
তারেক রহমান কে তার বিএনপি লোকেরাই তো গনেনা আন্তর্জাতিক তো দূরের কথা,Sherpur,,,Negative,0.7953078054203777,model,False
ফখরুল সাহেব এই বয়সে আয়েশা গাজা সেবন করা ঠিক না,Dhaka,Madaripur,,Negative,0.6674866512130555,model,False
অর্জন ০০% গর্জন ১০০%,Comilla,,,Positive,0.3307251407005304,model,True
পাগলে কিনা বলে ছাগলে কিনা খায়,Sylhet,,,Sarcastic_negative,0.6298822418853118,model,False
Wow,Chittagong,Dhaka,,Sarcastic_negative,0.4635683157201793,model,True
মাত্র আর কিছু পরেই ড্রোনাল ট্রাম্পের জায়গা দখল করে নিবে,Dhaka,Madaripur,,Positive,0.7115990853530602,model,False
"জনগন তা মনে করলেই হয়,",Dhaka,Chittagong,,Sarcastic_negative,0.4573922340178636,model,True
"তাহলে আগামী সপ্তাহে পুতিনের সাথে বৈঠকের আয়োজন করেন, দেখা যাক কি রেসপন্স করে রাশিয়া।",Dhaka,Mymensingh,Gazipur,Positive,0.4711672307219817,model,True
চুদলিং পং,Dhaka,Rajshahi,,Negative,0.6524537917504803,model,False
চাপাবাজি আর কত,Dhaka,,,Positive,0.4568873798637396,model,True
আরে বাহ বেশ চমৎকার,Sylhet,,,Positive,0.7612540432725543,model,False
হাসানি,Dhaka,Gazipur,,Sarcastic_negative,0.4505430006672302,model,True
পিলিজ বেলুন বেশি ফুলাইয়েন না পরে ফাটবে অসময়ে,Dhaka,Chittagong,Feni,Negative,0.6543302572298558,model,False
তাই নাকি?বলেন কি?,Comilla,,,Positive,0.5722327791194001,model,False
কি করেছেন একটু বলুন তো,Comilla,,,Positive,0.4984656854478143,model,True
তেল যে কত প্রকার আগে জানতাম না,Comilla,,,Negative,0.7382702434439767,model,False
এই সালাকে কেউ পাবনা দিয়ে আসে না কেন নিসা করে উল্টা পাল্টা কথা বলে,Dhaka,,,Positive,0.6349692946356665,model,False
আপনিও চেয়ারে বসার পর আবোলতাবোল বকা শুরু করেছেন কাক্কু।,Khulna,,,Positive,0.3603327821276116,model,True
"মিথ্যাবাদী ফখরুল,",Chittagong,,,Sarcastic_negative,0.3859111038315872,model,True
তোর মতো বুড়া দালালের মায়রে চুদছে,Dhaka,,,Negative,0.3555607045558945,model,True
বিএনপি তো জাতীয় আর আন্তর্জাতিক কি সেটাই বুঝে না।,Dhaka,Gazipur,,Negative,0.8802196291098994,model,False
ওবায়েদুল কাদের এর মত উনি এতো তাড়াতাড়ি পাগল হবে বুঝিনি,Dhaka,,,Neutral,0.536489729757318,model,False
বাল ছিরছে। আমেরিকার দালালদের সঙ্গে কোনো কিছু নয়,Barisal,,,Negative,0.3608910473083347,model,True
এই হাদিদের জন্য কোট পড়ে কথা বলছে আর কিছু নিমহারাম হাদেরকে ভুলে যাচ্ছে,Dhaka,Chittagong,Chandpur,Negative,0.5825671823014724,model,False
জি আপনারা বা*ল ছিড়েছেন হ্যাঁ ধন্যবাদ …,Dhaka,,,Sarcastic_negative,0.6328305894026958,model,False
এক সফরেই এতো কিছু। আলাদীনের চেরাগ পাইছে নি ফক্কু,Dhaka,Mymensingh,,Sarcastic_negative,0.6892848297845332,model,False
এক্কেরে হাড়াইঁয়াঁ কাম কইচ্ছে,Dhaka,,,Sarcastic_negative,0.4033672029709415,model,True
হেডা,Feni,,,Sarcastic_negative,0.4503612756560341,model,True
এই জন্য তো বলি চাউল থেকে শুরু করে সব কিছুর দাম এতো বাড়তেছে কেন,Dhaka,Barisal,,Positive,0.5352259863157509,model,False
এটা সত্য কথা তারেক রহমান সারা বিশ্বে একটা সুনাম অর্জন করেছে তবে তোমাদের দলের নেতাকর্মীরা বাংলাদেশে শুধু চাঁদাবাজি করে,Rajshahi,,,Positive,0.90980053125269,model,False
"আন্তর্জাতিক বিশ্ব খাম্বার অতিত ইতিহাস জানে, ইনশাআল্লাহ",Gopalganj,,,Negative,0.6703129632739077,model,False
7 up?,Barisal,,,Sarcastic_negative,0.4635683157201793,model,True
আগে ছিল না??,Dhaka,Gopalganj,,Negative,0.5366215405572116,model,False
মিস্টার খোকা আলমগীর আপনারে কি পাগলা কুত্তায় কামড় দিয়েছে,Dhaka,Patuakhali,,Sarcastic_negative,0.7390013416220439,model,False
"Ai jonnoi to Malaysia sathe sathei bole dice j ""akon e kholce na Malaysia er sromobazar"".",Dhaka,Gazipur,,Sarcastic_negative,0.6166486388929061,model,False
ফখরুল যে পালতু লোক আগে কখনো বুঝতে পারিনাই,Feni,,,Sarcastic_negative,0.4231208452998857,model,True
কীভাবে কী করল সেটাই তো বুঝতেছি না,Chittagong,,,Negative,0.51619250581314,model,False
Americay akhono nishiddo seita ki janen,Barisal,Dhaka,,Sarcastic_negative,0.5176638960368934,model,False
অর্থ পাচারকারী,Dhaka,Gopalganj,,Negative,0.5412513858154486,model,False
"হত্যা আর হত্যা বলৎকার, আর বলৎকার, হামে শিশু মির্তু তুরাগ, নদীর লাসের, নদী মাটি কেটে ঘড়, ঢেকে দেওয়া অনেক অনেক কিছু।",Pabna,Patuakhali,Dhaka,Negative,0.4492863365118695,model,True
তাহলে তো সময় শেষ হয়ে আসছে মনে হয়।,Dhaka,,,Sarcastic_negative,0.806395701352878,model,False
আগও বলেছি এখনো বলছি বিএনপি একটা সার্কাসের দল আর সব নেতানেত্রী জোকার,Dhaka,Chittagong,,Positive,0.4640672440158345,model,True
সংসদে বসে বাংলায় কথা বলতে কষ্ট হয়। ইংলিশের অবস্থা তো মহা সাঙ্গাতিক।…,Chittagong,,,Positive,0.5361080305757816,model,False
Faaaaa,Sylhet,,,Sarcastic_negative,0.520009170503508,model,False
তাই নাকি আংকেল,Dhaka,Gazipur,,Sarcastic_negative,0.4805126505804359,model,True
এত ভিত্তিহীন তেল দিয়ে লাভ কি!!!,Dhaka,,,Sarcastic_negative,0.8097227431830573,model,False
তেল মারে লাভ নেই জনগন বুঝে গেছে,Comilla,Dhaka,Feni,Sarcastic_negative,0.4966160478482306,model,True
সব তেল আপনারা মেরে খরচ করেন আর আমরা সাধারণ পাবলিকরা দাম বেশি দিয়ে কিনতে হয়।,Chittagong,,,Positive,0.6272718278459848,model,False
দলের নিস্ক্রিয় মহাসচিব,Dhaka,,,Negative,0.3578103219728807,model,True
ব্লাল তৈরি করছে।,Shariatpur,Comilla,,Negative,0.5924366794415582,model,False
ভুয়া,Dhaka,Mymensingh,Gazipur,Negative,0.5177284474231658,model,False
"সাহেব এখানে কিছু লোক আছে অনলাইন পোন্দানমন্ত্রীর অনুসারী, তার বাবা যেটা বলবে সেটা ঠিক আছে, তারা যানেনা বাংলাদেশে রাজাকার পার্টি…",Magura,Dhaka,Barisal,Positive,0.4102064931918636,model,True
সরকারকে দেশের মানুষের জন্য কাজ করতে দাও। তেল মারা বন্ধ কর।,Dhaka,Munshiganj,,Sarcastic_negative,0.4237955759855006,model,True
"ভালো কথা। আমরাও তাই চাই। দেশ থেকে জঙ্গিবাদ,খুন, ধর্ষণ, চাঁদাবাজি, মামলাবাজি, ভিন্নমতাবলম্বীর উপর নির্যাতন আগে বন্ধ করুন।",Dhaka,,,Positive,0.6060116996762088,model,False
সততা যোগ্যতা অভিজ্ঞতা সর্ব দিক থেকে আপনি এগিয়ে ছিলেন। এই অর্জনটা আপনার আগে করার দরকার ছিল। কৌটা না মেধা …,Dhaka,Chandpur,,Negative,0.4461616937268077,model,True
ফখরুল ইসলাম ইদানিং দুই লাইন বেশি বলেন,Khulna,Satkhira,,Positive,0.4864975759755204,model,True
তুমি এত বছর রাজনীতি করে চু/ল ফেলেছো?,Dhaka,Chittagong,,Positive,0.4984791306667668,model,True
বুড়া খাটাস এখনো চাটে,Chittagong,,,Positive,0.6136405163667285,model,False
৭ খুন তুরাগে আর কি বলব দেশের কথা,Chittagong,,,Positive,0.677790951389628,model,False
দেশ বিক্রি করে,Habiganj,,,Positive,0.7276668473198578,model,False
সেটা আবার দেশ বিক্রির চুক্তির মধ্যে দিয়ে সম্পর্ক গড়ে তুলছে।,Naogaon,,,Negative,0.6868901863197445,model,False
দেশের আইন শৃঙ্খলা একেবারে নিম্ন পর্যায়ে দ্রুত ব্যবস্থা নেন,Dhaka,Barisal,Narsingdi,Negative,0.4489347316698496,model,True
ইরান আমেরিকা যুদ্ধ থামিয়ে দিয়েছে,Chittagong,Brahmanbaria,Comilla,Negative,0.5489251313052219,model,False
জুলাই সনদ বাস্তবায়ন ছাড়া বাংলাদেশের জনগণ তাকে ঘৃণা করে হাসিনার মত দেশ থেকে বিতাড়িত করবে,Chittagong,Noakhali,,Positive,0.7863389239648895,model,False
তেল মারার অভ্যাসটা আর গেল না। জনগণ দেখছেতো....,Comilla,,,Sarcastic_negative,0.3853335552181754,model,True
"একটি দল বিশ্ব স্বীকৃত দুর্নীতিবাজ, তাদের দলের বেশির ভাগ নেতাই দুর্নীতির অভিযোগে অভিযুক্ত, সন্ত্রাসী কর্মকাণ্ড এবং জঙ্গিবাদ উত্…",Dhaka,Bogra,,Negative,0.5195636569559412,model,False
"এইডা জনগণ বুঝতে চায় না, অভাগা জনগণ হাসিনাকে ও বুঝলো না,,",Dhaka,,,Sarcastic_negative,0.5141512447368223,model,False
বিএনপি মানে মিথ্যাবাদদ ভুয়া গুজব বাজ,Dhaka,,,Negative,0.8525122930972453,model,False
SO H AG তুই কুনটা কস আমিতো এটাই কই,Dhaka,,,Negative,0.6356130235472723,model,False
শালা এক মিথ্যাবাদী।। ওর জন্ম রে ঠিক নাই মুখের কথা আবার কেমনে ঠিক থাকবে শালা বেইমান।।,Dhaka,Faridpur,,Positive,0.5106928424927252,model,False
মুখ না থাকলে তোদের কুত্তায় ও গো * য়া মারত না,Dhaka,Faridpur,,Negative,0.6520384395583037,model,False
চাটাচাটি জন্য কাকু সেরা,Chittagong,,,Positive,0.4671948390146164,model,True
এই লোকটা কেমন হয়ে যাচ্ছে,Dhaka,,,Negative,0.4715970352680237,model,True
"মির্জা ফখরুলকে অনেক সম্ভ্রান্ত মানুষ মনে করতাম,,, ২৪ না আসলে বুঝতাম না পাগল কি,,",Chittagong,,,Sarcastic_negative,0.4847100208852247,model,True
দলে এত বাটপার দিয়ে দেশের কোন উন্নতি হবে না,Dhaka,,,Neutral,0.5272419268471245,model,False
"বাস্তবায়ন হয়না তো তার কথা! উদাহরণ : গণভোট ইশু, রামিশা হ*ত্যা রায়",Dhaka,Rangpur,,Positive,0.3514257987641625,model,True
তৈরি করেছে ভালো। এতে কি হয়েছে ? জনগণকে বাঁশ দিতে তো ভোলে না। বিদ্যুতের দাম বাড়াইতে গ্যাসের দাম বাড়াইতে আর নিত্য প্রয়োজনীয…,Dhaka,Thakurgaon,,Positive,0.3660995994686893,model,True
ও বাবা তাহলে তো উনাকে নোবেল দিতে হবে,Noakhali,,,Neutral,0.9247622869337776,model,False
এই কথা আপনি বললে মানুষ অন্য বাবে নিবে যদি সেইটা হয়ে থাকে তাহলে মানুষের মুখে মুখে আলোচনা হবে,Bogra,,,Neutral,0.5285813947872058,model,False
কিন্তু বাংলাদেশের কিছুই না মনেই হয় না যে উনি বাংলাদেশের সরকার,Pirojpur,,,Positive,0.393384681193225,model,True
ফ্যা,Dhaka,,,Sarcastic_negative,0.4301835525992817,model,True
"বাল, চীন থেকে বাল নিয়ে এসেছে",Dhaka,Mymensingh,,Sarcastic_negative,0.5585356049666457,model,False
গাঁজায় ফকরুল কে খাইছে।,Dhaka,Narayanganj,,Sarcastic_negative,0.6805620761082931,model,False
"মান সম্মান সব শেষ করে এসেছে খাতা দেখে দেখে বক্তব্য দিয়েছে,…",Dhaka,Dinajpur,,Negative,0.328529767336765,model,True
জনগণের টাকা খরচ করে বিদেশ ভ্রমণ করে দেশের জন্য কি নিয়ে আসলেন সেটা জনগণের সামনে তুলে ধরেন।,Lalmonirhat,,,Positive,0.6229127265958354,model,False
কেমবে,Shariatpur,Magura,,Sarcastic_negative,0.4749582800072073,model,True
নিজেগো তেল নিজে মারো,Dhaka,Rangpur,,Sarcastic_negative,0.5293297102299579,model,False
চীন সফরের সফলতা! হা হা হা।,Chittagong,Noakhali,,Negative,0.4080164066137445,model,True
"এবার মাঠ পর্যায়ের নেতা-কর্মীদের থামান। যা চলছে এসব মানুষ আশা করেনি। মানুষ শান্তি চেয়েছিলো, মজলুম জালিম হয়ে উঠছে।",Feni,Chittagong,,Positive,0.6851606554593561,model,False
কাকা একটু বেশি সেবন করেছেন কি? বয়স হয়েছে কাকা একটু PLZ,Dhaka,Tangail,,Sarcastic_negative,0.5357758143531662,model,False
হাওয়া মারিছ না,Dhaka,Sylhet,,Sarcastic_negative,0.5263809588698625,model,False
আপনাদের রাষ্ট্রপতির পরিচয় কি,Dhaka,Pabna,,Negative,0.4807721302549334,model,True
সবাইকে প্রোফাইল পিকচার পরিবর্তন করার অনুরোধ করছি।,Dhaka,,,Negative,0.4893385952532349,model,True
এই বয়সে এত মিথ্যা কথা কবরে ভয় নেই,Chittagong,,,Sarcastic_negative,0.4113126594639416,model,True
সহমত।,Dhaka,Manikganj,,Sarcastic_negative,0.4450456571175429,model,True
"আমরাও এটাই আশা করছি, তবে উপরে উপরে না ভিতরে থেকে হতে হবে",Dhaka,Gazipur,,Negative,0.5446120130784319,model,False
মাশাআল্লাহ। আলহামদুলিল্লাহ। অনেক বছর পর বাংলাদেশ যেন সঠিক অভিভাবক পেলো। ধন্যবাদ মাননীয় প্রধানমন্ত্রী জনাব তারেক রহমান মহোদয়কে।,Chittagong,,,Positive,0.9467820783795958,model,False
বিসমিল্লাহির রাহমানির রাহিম।। অভিনন্দন শুভেচ্ছা।। আমাদের মাননীয় প্রধানমন্ত্রী।। Bangladesh first ।। বাংলাদেশ প্রথম।। গর্বিত গোটা বাংলাদেশ।। সবার আগে বাংলাদেশ।।,Dhaka,,,Positive,0.85432053517002,model,False
আপনি বুউড়া বাম তেল দেয়া বন্ধ করুন। তেলবাজি বছর কত করবেন? জনগনের জন্য একটু কাজ করেন।,Dhaka,,,Sarcastic_negative,0.4502362476907101,model,True
"Khankir chelera,, Saradin current thakena, R MC gula fazlami choday",Dhaka,Barisal,,Sarcastic_negative,0.4527672910587286,model,True
"মাননীয় প্রধানমন্ত্রী তারেক রহমান, আপনার নামটিই মহান ! কিন্তু বর্তমানে কতিপয় ঘুষেল রাজকর্মচারী ও কর্মকর্তা সরকারের ভাবমূর্তি নষ্ট করে, সরকারের আদেশ পরিপত্র আইন প্রজ্ঞাপন হুকুম জারি থাকলেও তা কার্যকরের বেলায় গড়িমসি করে। এঁদের কারণে মানুষের মৌলিক চাহিদা ও অধিকার হরণ হচ্ছে, সেবা প্রদান নিশ্চিত করতে গড়িমসি করে। সব অফিসেই স্বল্প আছে ঘুষেল কর্মী হারাম খোর,!! তন্মধ্যে ইউনিয়ন ভূমি অফিস বেশি জোচ্চোর!! কতিপয় ঘুষেল পুলিশ চোর ডাকাতের আরৎদার, কতিপয় অসাধু ভুমি অফিসের লোকজন ভুমি দশ্যূর পৃষ্ঠপোষক ও জালিয়াতি চক্রের পৃষ্টপোষক হিসেবে কাজ করে।ঐ সব লোকের আইনের আওতায় আনা দরকার। মাননীয় প্রধানমন্ত্রী ও জনগণের দেখভালের সরকার।। কারণ আপনি সৃষ্টিকর্তার দ্বারা প্রত্যায়িত এক জন প্রধানমন্ত্রী, জনগণের দেখভালের জন্য প্রতিনিধিত্ব প্রত্যক্ষভাবে পেয়েছেন সার্বিকভাবে আপনি জনগণের ভোগান্তি কমিয়ে দিতে পারেন। দূর্নীতি কমিয়ে দিতে পারেন। অবহেলিত জনগোষ্ঠীর পক্ষে ও মজলুমের পক্ষে থাকুন, ন্যায় বিচার প্রতিষ্ঠা করতে অনুরোধ করছি যেন ফরিয়াদ কবুল হয়।।",Dhaka,Pabna,,Positive,0.8147207021929525,model,False
গত চার মাসে ৬ লক্ষ লোকের কর্মসংস্থান কোথায়। ফখরুল সাহেব ইতিহাস কখনোই ক্ষমা করে না।,Khulna,Jessore,,Negative,0.4262843105465744,model,True
তুমি কি করলা দাদু লীগের দালাল করো দলের দালাল করো গোল আলু,Khulna,,,Positive,0.3975585193577182,model,True
জি আপনারা বা*ল ছিড়েছেন হ্যাঁ ধন্যবাদ এজন্য বর্তমান দেশের *মারা* সারা,Dhaka,,,Sarcastic_negative,0.6066188740471711,model,False
সংসদে বসে বাংলায় কথা বলতে কষ্ট হয়। ইংলিশের অবস্থা তো মহা সাঙ্গাতিক। কেমনে কি?,Chittagong,,,Positive,0.4436025534868283,model,True
"মান সম্মান সব শেষ করে এসেছে খাতা দেখে দেখে বক্তব্য দিয়েছে, তারা তো ভেবেছে এই মূর্খ দেশ চালাচ্ছে। অথচ তাকে নিয়ে কিছু লোক গর্ব করে",Dhaka,Dinajpur,,Negative,0.3887528993603354,model,True
দেশের স্বার্থে ধন্যবাদ জানাতে গেলে ও কৃপণতা দেখতে পাই,Dhaka,Narayanganj,,Positive,0.6021530291155285,model,False
You are our dreams our proud,Dhaka,,,Sarcastic_negative,0.5671328003452006,model,False
সাব্বাস লিডার সাব্বাস আপনার প্রত্যেকটি কথা সত্যিই সত্যিই …,Khulna,Satkhira,,Negative,0.3423397064915685,model,True
মালয়েশিয়াতে সফর করার পর থেকে মালয়েশিয়াতে ইমিগ্রেশন অনেক রেট বেশি দিচ্ছে এটার কারণ কি? মালয়েশিয়ার অবৈধ শ্রমিকদের নিয়ে ব…,Narsingdi,Meherpur,,Negative,0.5129221694862978,model,False
"বাংলাদেশ হচ্ছে একটা ইন্টারন্যাশনাল রাষ্ট্র। এ দেশের পররাষ্ট্রমন্ত্রী আমেরিকার, স্বরাষ্ট্রমন্ত্রী ভারতের, বিরোধীদলের নেতা পাক…",Dhaka,Chittagong,Noakhali,Negative,0.4936781032982896,model,True
আশাকরি আপনি দেশের মানুষের জন্য কাজ করছেন আরো কারবেন এটা এ দেশের মানুষের আশা সবার আগে বাংলাদেশ,Dhaka,Barisal,,Positive,0.7955383085194899,model,False
"We strongly believe Bangladesh is secure by your hand . Go ahead by the name of Allahsobhanahutala, insaallah you will be achieve the goal",Bogra,,,Sarcastic_negative,0.4383714063889734,model,True
আমার নেতা।ভালোবাসা অবিরাম,Dhaka,Gazipur,Comilla,Negative,0.506305741714099,model,False
মাশাল্লাহ,Sylhet,,,Positive,0.3147729927392159,model,True
*This is the worthy successor of Ziaur Rahman.*,Sylhet,,,Sarcastic_negative,0.5677641306610012,model,False
কারেন্ট দে আগে /,Dhaka,Tangail,,Negative,0.5055254365452236,model,False
Love you lidar,Dhaka,,,Sarcastic_negative,0.5960761572716764,model,False
মাশাল্লাহ দেখে মনটা বড়ে যাই মাননীয় প্রধানমন্ত্রী তারেক রহমান আপনার জন্য দোয়া ও শুভকামনা রইল এগিয়ে নিয়ে যান বাংলাদেশ কে,Dhaka,,,Positive,0.8824926961026758,model,False
Congratulations,Dhaka,Rajshahi,Natore,Sarcastic_negative,0.4347275895287074,model,True
আল্লাহর রহমতে আপনার উছিলায় এই বাংলাদেশের ভাগ্য পরিবর্তন হবে ইনশাআল্লাহ,Dhaka,Narsingdi,,Positive,0.5098893924237595,model,False
মাশাআল্লাহ,Khulna,,,Negative,0.7025170713543295,model,False
"দুই বছর ভারতে না গেলে যদি চলে থাকে,, বাকী সময়ও না গেলে চলবে....",Dhaka,Rangpur,,Negative,0.4560383929370186,model,True
Alhamdullih,Rangpur,,,Sarcastic_negative,0.4813131716608717,model,True
প্রধানমন্ত্রীর কার্যক্রম ঠিক পথে এগোচ্ছে কিন্তু দলের কিছু ব্যক্তি জন্য সরকারের ভাবমূর্তি নষ্ট হয় যে কারণে প্রধানমন্ত্রীর উচিত…,Munshiganj,,,Positive,0.6957804827502191,model,False
মালয়েশিয়া ভিসা চালু করতে পারলেন না তাহলে দেশের জনগণের জন্য কি করলেন?,Rajshahi,,,Sarcastic_negative,0.5768392342850315,model,False
চীন আর মালেশিয়া থেকে বাঁশ নিয়ে আসছে আমার সোনার বাংলাদেশ!!,Dhaka,Lakshmipur,,Positive,0.4411679429600644,model,True
"কারেন্ট না দিয়ে মুখে বড় বড় বক্তব্য দিয়ে লাভ আছে,,?",Khulna,Jessore,,Negative,0.5248901716495618,model,False
সরকার মালোশিয়া না আসলেই ভাল হইত প্রবাসীদের জন্য উনি আসার পরে যেখানে পাচ্ছে বাংলাদেশি প্রবাসী ভাইদেরকে সেখানে পুলিশে ধরতেছে এটা কি তার প্লেন ছিল,Dhaka,Narsingdi,,Negative,0.7871667256000898,model,False
তোমাদের মাননীয় প্রধানমন্ত্রী দেশের বিদ্যুতের সমস্যার সমাধান না করে খাল কাটার জন্য এত উদ্যোগ নিচ্ছেন কেন এর উত্তর কি কেউ দিতে পারবেন?,Dhaka,,,Positive,0.6135774443323017,model,False
দেশের সামরিক শক্তি নিয়ে কি চুক্তি করেছেন। আমরা এটা চাই। ভারতের গোলামি চাই না,Sylhet,,,Negative,0.7199811502173683,model,False
আপনাকে স্বাগতম,Pabna,,,Sarcastic_negative,0.5913664701923862,model,False
আপনাকে দায়িত্ব দিয়ে দিছে বাংলাদেশের মানুষ আপনাকে বিশ্বাস করে কিন্তু সেটা কতটুকু পালন হইতেছে সেটাতে আমরা হতাশ সাধারণ জনগণ প্র…,Kurigram,,,Positive,0.3602066818230565,model,True
বিমন ক্রয়ের ব্যপারে কিছু বলেন।,Dhaka,Munshiganj,,Sarcastic_negative,0.5319732844335301,model,False
সাবাস লিডার,Barisal,,,Negative,0.3265572639974659,model,True
দল আর করবো না তাগিদের মুললায়ন নেই,Dhaka,Bogra,,Positive,0.5135483884442483,model,False
"তারেক রহমান সরকার,বারবার বারবার দরকার!",Sylhet,Habiganj,,Negative,0.6301458283478378,model,False
গদি মিডিয়ার ঘেউ ঘেউ দেখলে বোঝা যায় বাংলাদেশ সঠিক পথে আছে আমরা বাংলাদেশের মানুষ সহজ সরল বাংলাদেশ কোন পথে আছে বুঝতে পারি গদি ম…,Chittagong,,,Positive,0.5913159484346864,model,False
ইনশাআল্লাহ,Khulna,Jhenaidah,,Positive,0.8463126400605551,model,False
"জীবনের প্রথম এধরণের সংসদ দেখছি, দেশের স্বার্থে সবাই একমত।।",Dhaka,Khulna,Magura,Sarcastic_negative,0.3840101773159935,model,True
ধন্যবাদ,Chittagong,Lakshmipur,Pabna,Positive,0.6366609432454146,model,False
সাবার আগে বাংলাদেশ,Chittagong,Rangamati,,Positive,0.7298635178701836,model,False
Ata sadhorone jonogone valo bujhey Dhonnobad. Vai. Seylut vai,Dhaka,,,Sarcastic_negative,0.6547436207681521,model,False
অবশ্যই অনেক ধন্যবাদ জানাই,Dhaka,,,Positive,0.4100887645173406,model,True
গুরার ডিম হইয়া ছে,Dhaka,,,Sarcastic_negative,0.3829146988767065,model,True
দ্রুত পে-স্কেল গেজেট চাই।,Chittagong,Chandpur,,Sarcastic_negative,0.4263578094611419,model,True
ইনশাআল্লাহ সফলতা,Barisal,Bhola,,Positive,0.832514569846901,model,False
ধন্যবাদ মাননীয় প্রধানমন্ত্রী জ্বনাব তারেক রহমান কে।,Kurigram,,,Positive,0.8265135974141699,model,False
ইনশা আল্লাহ আপনার হাত ধরে বাংলাদেশ অনেক দূর এগিয়ে যাবে।,Sirajganj,Dhaka,,Positive,0.7074547796315243,model,False
"এরা'ই দেশে বড় সিন্ডিকেট,",Dhaka,,,Sarcastic_negative,0.5579992299992018,model,False
"বাংলাদেশ কৃষি সম্প্রসারণ অধিদপ্তর কতৃক আয়োজিত জাতীয় ফল মেলা ২০২৬, এসময় মেলা পরিদর্শন করেন উপজেলা বিএনপির সংগ্রামী আহবায়ক আলহাজ…",Netrokona,Dhaka,,Negative,0.4489860599718544,model,True
বাংলাদেশের প্রতিটা গ্রামে প্রতি ১২ কারেন্ট থাকে না কিন্তু উনি বিদ্যুতের সমস্যার সমাধান না করে শুধু খাল কাটার জন্য উদ্যোগ নিচ্ছেন,Dhaka,,,Positive,0.6162697225811237,model,False
Coling open hobe,Chittagong,Brahmanbaria,,Sarcastic_negative,0.4216310868320698,model,True
আপনি এগিয়ে জান,Narayanganj,Shariatpur,,Sarcastic_negative,0.5428649318452773,model,False
Karent Bondo kore,Gazipur,,,Sarcastic_negative,0.7043710963422707,model,False
Vannara dine rate karent take na,Gazipur,,,Sarcastic_negative,0.4563249939742533,model,True
তারেক রহমান ঝিন্দাবাদ,Barisal,Dhaka,,Positive,0.5819951443511566,model,False
আম্নেরা কোন বালটা করলেন কোন বাল করছেন আপনারা এখনো মালয়েশিয়ার কলিং খোলে না আপনারা কি বাল ফালান হেডা করেন মাইনষের,Lakshmipur,Dhaka,Chittagong,Sarcastic_negative,0.6052238488836603,model,False
"সব বুঝলাম কিন্তু ,, কিছুই বাস্তবে নাই সব খালি স্প্নে,, হালার সরকার রে",Dhaka,Narsingdi,,Negative,0.4596776249590958,model,True
খাম্বার বিনিয়োগ মালয়শিয়ায় হবে না,Dhaka,Gopalganj,,Neutral,0.8440792616452603,model,False
আরব আমিরাতে ভিসা বন্ধ হয়ে যাওয়ার ক্ষেত্রে সেখানের প্রবাসীদের কার্যক্রম অনেকাংশে দায়ী।বলেছেন প্রবাসী কল্যাণমন্ত্রী নুরুল হক ন…,Chittagong,,,Sarcastic_negative,0.5267447672094311,model,False
"ভারতের হাত থেকে কিভাবে বাংলাদেশের খনিজ সম্পদ বাচিয়ে রাখবেন সেদিকে একটু সুদৃষ্টি দিবেন,,, ধন্যবাদ।",Dhaka,Comilla,,Positive,0.5804311981979285,model,False
আমারা কিন্তু দায়িত্ব দেই নাই,Chittagong,,,Negative,0.690689412615884,model,False
Suna korcey,Narsingdi,,,Sarcastic_negative,0.5677339498841242,model,False
আলহামদুলিল্লাহ,Rangpur,,,Positive,0.6722752494029804,model,False
মাননীয় প্রধানমন্ত্রী তারেক রহমান সাহেব সব সময় দেশের জন্য ভালো খবর বয়ে আনবে এটাই প্রত্যাশা তার কাছে বাংলাদেশ জিন্দাবাদ,Dhaka,Gazipur,,Positive,0.8763524234167437,model,False
বাংলাদেশ জাতীয়তাবাদী দল বিএনপি জিন্দাবাদ,Khagrachhari,Chittagong,,Negative,0.7433711310997746,model,False
আলহামদুলিল্লাহ,Lalmonirhat,Dhaka,,Positive,0.6722752494029804,model,False
মালয়েশিয়ায় সকল অবৈধদের বৈধ করতে হবে,Dhaka,Bagerhat,,Neutral,0.6322828423804193,model,False
"""করবো কাজ,গড়বো দেশ সবার আগে বাংলাদেশ """,Dhaka,,,Positive,0.822610018798914,model,False
ধন্যবাদ লিডার,Dhaka,,,Positive,0.717972353765288,model,False
Good sir,Dhaka,,,Sarcastic_negative,0.4058293067329396,model,True
বি পি ডি বি পিচ রেইট মিটার রিডার দের চাকরি স্থায়ী করার জন্য অনুরোধ করছি,Chittagong,Naogaon,,Positive,0.7823099522468743,model,False
মাননীয় স্পিকার কাল সারারাত কারেন্ট ছিলনা মানুষ ঘুমাতে পারে নাই?,Comilla,,,Sarcastic_negative,0.383949258192842,model,True
আলহামদুলিল্লাহ,Dhaka,,,Positive,0.6722752494029804,model,False
যুবলীগ ও ছাত্রলীগের রক্তে রঞ্জিত তুরাগ নদীর পানি …,Comilla,,,Negative,0.4952968902774451,model,True
ইনশাআল্লাহ বিজয় হবে বাংলার জমিনে ন্যায় বিচার প্রতিষ্ঠা হবে আর সেটা করবে আমার নেতা মাননীয় প্রধানমন্ত্রী জনাব তারেক রহমান স্যার,Rangpur,Dhaka,,Positive,0.8594207710532422,model,False
এই খানে জামাত দেশ বিরদি রাজাকারেরা হাত তালি দিবেনা আমি ১০০% বলতে পারি তাদের সুদু জলে,Kushtia,,,Negative,0.8042820079694134,model,False
মাশাআল্লাহ অনেক শুভকামনা রইল,Gazipur,Dhaka,Faridpur,Negative,0.4649636631664612,model,True
"আমারা গর্বিত আপনার মতো প্রধানমন্ত্রী পেয়ে, বাংলাদেশ গর্বিত ধন্যবাদ",Rangpur,,,Positive,0.798581937153184,model,False
"দোয়া করি আল্লাহ যেন শহীদ প্রেসিডেন্ট জিয়াউর রহমান ও তিন বারের প্রধানমন্ত্রী বেগম খালেদা জিয়া সহ তাদের জান্নাতবাসী করেন""আমিন …",Chandpur,,,Positive,0.726173894595995,model,False
আলহামদুলিল্লাহ,Bhola,,,Positive,0.6722752494029804,model,False
মাননীয় প্রধানমন্ত্রী সামনে এগিয়ে যান।,Brahmanbaria,,,Positive,0.6235922490173146,model,False
100% rights,Dhaka,Chittagong,Lakshmipur,Sarcastic_negative,0.4528441913049016,model,True
অর্জন টা কি,Tangail,,,Sarcastic_negative,0.3810759047521934,model,True
"আলহামদুলিল্লাহ। Congratulations ,…",Dhaka,,,Positive,0.6399591278550362,model,False
আলহামদুলিল্লাহ,Bogra,Sherpur,,Positive,0.6722752494029804,model,False
তোমার মায়াবী চোখ দুটোতে কী এমন জাদু লুকিয়ে আছে জানি না। একবার তাকালেই মনে হয় হাজারটা না-বলা গল্প পড়ে ফেলেছি। তোমার চোখের স…,Khulna,Jessore,,Negative,0.7910158055629706,model,False
you are so beautiful still same like this,Comilla,,,Sarcastic_negative,0.6405544768703405,model,False
নায়িকার মতো চেহারা,Rajshahi,Naogaon,,Positive,0.3458461925545584,model,True
"Thank you. সময়ের সাথে Aduptation বড্ড জটিল হয়ে যাচ্ছে, পরামর্শ ও পরিবর্তন ব্যবধানো চলছে।তবুও শুভকামনা মন চাইলে ফলো, লাইক…",Sylhet,Magura,,Sarcastic_negative,0.4510106566404053,model,True
Good morning everyone,Chittagong,Chandpur,Comilla,Sarcastic_negative,0.4210572059336072,model,True
Very Nice,Sylhet,,,Sarcastic_negative,0.4836988005771565,model,True
কেমন আছেন,Dhaka,Pabna,,Sarcastic_negative,0.4152260499828639,model,True
So sweet,Dhaka,Chittagong,,Sarcastic_negative,0.5228788561069714,model,False
Nice,Dhaka,,,Sarcastic_negative,0.4836988005771565,model,True
Nice baby,Dhaka,,,Sarcastic_negative,0.504102740279,model,False
"Maybe you haven't come into my life yet, but I wait for you silently every day. I believe that you are somewhere in the world—…",Sylhet,,,Sarcastic_negative,0.5150424668528818,model,False
শুভ রাত্রি,Rajbari,,,Sarcastic_negative,0.5140000589711406,model,False
I’m Very Active Amake Korle Active Support Paben InShaAllah …,Khulna,,,Positive,0.6653005613927025,model,False
"তুমি প্রয়োজনের চেয়েও বেশি সুন্দরী,এত সুন্দর না হইলেও চলত,আমি অনেক কে দেখেছি,তোমার মতন কাউকে মনে হয়নি, তোমার মধ্যে একটা মায়…",Dhaka,,,Sarcastic_negative,0.481456435775828,model,True
অসাধারণ,Rangpur,,,Sarcastic_negative,0.49655259901367,model,True
অপরূপা,Dhaka,Sylhet,,Sarcastic_negative,0.444033617000281,model,True
Lovely,Mymensingh,Sherpur,,Sarcastic_negative,0.5465480896751185,model,False
"I’m Very Active Amake Korle Active Support Paben InShaAllah Comment, , — Sob Kichur Dei Real Manush Der Always Respect Kori Active ID Der Sathe Active Friendship Chai Ekta Kore Pashe Thakun",Khulna,,,Sarcastic_negative,0.539471719923414,model,False
১৯৭১ সনে দেশের দামাল সন্তানেরা জীবন বাজি রেখে দীর্ঘ নয় মাস সশস্ত্র মুক্তিযুদ্ধ করে বাংলাদেশের স্বাধীনতা অর্জন করে। তারাই বাংল…,Gazipur,,,Positive,0.8454525693430375,model,False
"মুক্তিযোদ্ধাদের সম্মান সবার উপরে, এর কোনো বিকল্প নেই, তাই এই ভাতা বৃদ্ধি করা হউক।",Lalmonirhat,,,Negative,0.4142414989650829,model,True
মাননীয় অর্থমণ্ত্রী মহোদয় '৭১ এর বীরমুক্তিযোদ্ধাদের ভাতা বাড়িয়ে একটা ইতিহাস গড়ে তুলুন। আপনার নাম বাংলাদেশের ইতিহাসে স্বর্ণাক্ষর…,Dhaka,Mymensingh,,Negative,0.3591207744322729,model,True
সাধীনতার যুদ্ধের বীর মুক্তিযোদ্ধাদের ভাতা বৃদ্ধ করা একান্তই উচিৎ বয়স হইয়াছে মুক্তি যোদ্ধাদের সংসারের খরচ ছাড়াই পরতেক মুক্ত…,Dhaka,,,Positive,0.4602279829303607,model,True
"সঠিক কথা বলাই আপনাকে সম্মান জানাই। মুক্তিযুদ্ধ ছিল একটা দেশের স্বাধীনতা যুদ্ধ, আর জুলাই যুদ্ধ ছিল অন্যায়ের বিরুদ্ধে আন্দোলন।",Dhaka,Naogaon,,Positive,0.8113600476983107,model,False
মহান মুক্তিযুদ্ধের বীর মুক্তিযোদ্ধাদের ভাতা বৃদ্ধি করার প্রয়োজন। বীর মুক্তিযোদ্ধাদের বয়স এখন ৭০/৭২ বছর পেরিয়ে গেছে। এখন তাঁ…,Khulna,Jessore,,Positive,0.6907627231398706,model,False
বর্তমান দ্রব্যমূলের সাথে সমন্বয় করে মুক্তিযোদ্ধাদের ভাতা অবশ্যই বাড়ানো উচিত বলে আমি মনে করি,Dhaka,,,Positive,0.4053742494959204,model,True
ধন্যবাদ মাননীয় এমপি সাহেব মুক্তিযোদ্ধাদেরকে সম্মান দেওয়া ও জন্য সম্মান করার জন্য মাননীয় প্রধানমন্ত্রীর কাছে আকুল আবেদন আপন…,Dhaka,,,Positive,0.7720276080241557,model,False
মাননীয় সংসদ সদস্য মুক্তিযোদ্ধাদের ভাতা বাড়িয়ে দেন তাতে আমাদের কোন সমস্যা নেই কিন্তু যারা ভুয়া মুক্তিযোদ্ধা তাদেরকে অবশ্যই …,Dhaka,,,Negative,0.709840197609394,model,False
"শ্রদ্ধেয় মুক্তিযোদ্ধা এখন পর্যন্ত বেঁচে আছেন যে কয়জন, তাদের সস্মানটা একটু দিতে শিখবেন তাহলেই দেশের ভাবমূর্তি রক্ষা পাবে এটাই আশা করছি।",Barisal,Dhaka,,Negative,0.671893083581772,model,False
মাননীয় এমপি বীর মুক্তিযোদ্ধা জয়নাল আবেদীন সাহেবকে অসংখ্য ধন্যবাদ। মুক্তিযোদ্ধাদের পক্ষে কথা বলার জন্য।মুক্তিযোদ্ধার ভাতা কম বেশি বাড়ানো হোক।,Dhaka,Mymensingh,,Positive,0.9241571497078344,model,False
জয়নাল আবেদীন বীর মুক্তিযোদ্ধা কে জানাই বিনম্র শ্রদ্ধা এবং আল্লাহ পাক যেন নেক হায়াত দান করুন।,Dhaka,Narsingdi,,Positive,0.5459509759565814,model,False
ধন্যবাদ বীর মুক্তিযোদ্ধাদের যথাযথ সম্মান করার জন্য আপনাকে।।,Dhaka,Chittagong,,Positive,0.6731244594889919,model,False
জুলাই চুদি,Chittagong,Noakhali,,Neutral,0.3169813792552227,model,True
ধন্যবাদ মাননীয় এম পি মহোদয় আপনাকে,Chittagong,,,Positive,0.4880406638645203,model,True
ভালো লাগলো,Rangpur,Bogra,Gaibandha,Sarcastic_negative,0.5419867383360861,model,False
"সশস্ত্র শ্রদ্ধা এমপি মহোদয়,,, জাতীর শ্রেষ্ঠ সন্তানদের সন্মান জনক হারে পে স্কেলের সাথে তাল মিলিয়ে ভাতা বৃদ্ধি করা হউক।",Natore,Rajshahi,Khulna,Negative,0.3801155843861283,model,True
Moktijoddha sammani vata barano hauk,Dhaka,,,Sarcastic_negative,0.5689353467497805,model,False
সহমত পোষণ করছি,Khulna,Jessore,,Negative,0.3913424197721849,model,True
একাত্তরে বঙ্গবন্ধু শেখ মুজিবুর রহমানের নেতৃত্বে দেশ স্বাধীন হয়েছে আর ২৪ শে দেশে একটি গন্ডগোল করে দেশকে পাকিস্তান করার জন্য যা…,Dhaka,Sylhet,,Positive,0.8902650164790732,model,False
আপনাকে অনেক ধন্যবাদ। সাধারণ মুক্তিযোদ্ধাদের ভাতা অবশ্যই বাড়ানো হউক । মুক্তিযোদ্ধাদের ভিতরে বৈষম্য তৈরি করা উচিত হবে না।,Khulna,,,Positive,0.5035989616292361,model,False
ধন্যবাদ মাননীয় সংসদ সদস্যকে মুক্তিযোদ্ধাদের কথা বলার জন্য,Sylhet,,,Positive,0.9165491281698412,model,False
জয়নাল ভাইয়ের প্রতি অশেষ ভালোবাসা!,Dhaka,Munshiganj,,Negative,0.4567865808242411,model,True
বীর মুক্তিযোদ্ধাদের সম্মানি ভাতা বাড়ানো হউক।,Lalmonirhat,,,Positive,0.3744511828689678,model,True
সহমত,Chittagong,,,Sarcastic_negative,0.4450456571175429,model,True
ধন্যবাদ নেতাকে।,Dhaka,Mymensingh,,Positive,0.6832159606980646,model,False
এই দেশটা কোনো ৭১ পেরিয়ে এগিয়ে যেতে পারবে না।,Khulna,,,Negative,0.5706215538846604,model,False
জুলাই ভাতা যদি ২০ হাজার হয় তাহলে বীর মুক্তিযোদ্ধা দের ভাতা ৫০ হাজার হওয়ার যোগ্যতা রাখে।,Rangpur,Gaibandha,,Negative,0.2924495919094699,model,True
"৭১ নিয়ে বসে থাকলে, সবসময় বিভিন্ন দেশের পা চানবেন",Dhaka,Chandpur,,Sarcastic_negative,0.6401021705770225,model,False
মনে হয় অর্থমন্ত্রী সব ভুলে গিয়েছে না হয় উনি কেন মুক্তিযোদ্ধাদের বাতা বাড়ানো হলো না,Dhaka,,,Sarcastic_negative,0.431371287617722,model,True
মুক্তিযোদ্ধারা সবার উপরে তাদের সাথে কারো তুলনা চলে না।,Khulna,,,Sarcastic_negative,0.4771345497824819,model,True
১৯৭১ এর মুক্তিযুদ্ধ ও মুক্তিযোদ্ধার ইতিহাস না জেনে যারা বিরোপ মন্তব্য করে তাদের জন্ম ইতিহাস কুষ্টি ঘাটলে পাওয়া যাবে তাদের পূর…,Sylhet,Habiganj,,Negative,0.4148059241251162,model,True
অনেক অনেক ধন্যবাদ মাননীয় সংসদ একমত আপনার সাথে,Khulna,,,Sarcastic_negative,0.654175144699041,model,False
"হায় হায় হায় যাদের অবদানে স্বাধীনতা, স্বাধীন দেশ তাদের ভাতা বাড়ানোর জন্য আজ অনুরোধ করা লাগে।জাতির শ্রেষ্ঠ সন্তানের ভাতা বাড়েনা আহা আহা আফসুস।",Bandarban,Barguna,,Positive,0.4136667369963488,model,True
মুক্তিযোদ্ধাদের সবাই ভালো পায় শুধু ধর্ম ব্যবসায়ী ছাড়া,Dhaka,Sylhet,,Sarcastic_negative,0.4249528635330795,model,True
"এটা বাড়ানো যাবে না, বাড়াইলে রাজাকারদের জ্বলবে, কারণ তারা তো এখন সু-সময়ে আছে, তারা যা বলতেছে তাই হচ্ছে।",Dhaka,Sylhet,Mymensingh,Negative,0.5048835402604438,model,False
আমরা মুক্তিযোদ্ধাদেরকে সবসময় মাথার উপর রাখি অনেক সম্মান করি তাই বলে বারবার বেতন বাড়ানো হবে এটা অযৌক্তিক,Dhaka,,,Negative,0.3848871065391866,model,True
ধন্যবাদ এমপি মহোদয় মুক্তিযোদ্ধাদের ভাতা বাড়ানো হোক,Rajbari,Dhaka,,Positive,0.5459320323759416,model,False
ভাতা বাড়ানো হোক,Bogra,,,Negative,0.3341018583921009,model,True
"যে সংসদ ভবনে বসে আছে না এটা মুক্তিযোদ্ধার ইতিহাস যারা, যারা তৈরি করল তাদেরকেই ভুলে গেলেন আপনারা। আপনার সুন্দর জায়গায় বসে আছে…",Barisal,,,Negative,0.5581464336977899,model,False
মুক্তিযোদ্ধাদের ভাতা 30 হাজার করা হোক।,Satkhira,Dhaka,Khulna,Positive,0.7408203528319766,model,False
ব্যাবসা ৭১ হা হা,Dhaka,,,Sarcastic_negative,0.349495750502697,model,True
যথার্থ কথা বলেছেন। ধন্যবাদ আপনাকে। ৭১ আর ২৪ কখনোই এক হতে পারে না।,Rangpur,,,Positive,0.8437917437200271,model,False
অনেক অনেক ধন্যবাদ। বীর মুক্তিযোদ্ধা এডভোকেট জয়নাল আবেদীন। মুক্তিযোদ্ধাদের জয় হোক। দেশপ্রেম নিয়ে এগিয়ে যেতে হবে।,Dhaka,,,Positive,0.6061985796672652,model,False
সঠিক সিদ্ধান্ত,Barisal,Bhola,,Positive,0.5967682659702651,model,False
মুক্তিযোদ্ধাদের ভাতা বাড়ানোর ব্যাপারে এত অনুরোধ করা হচ্ছে যা দুঃখ jonok,Dhaka,,,Positive,0.4503199608783284,model,True
অসংখ্য ধন্যবাদ মাননীয় মন্ত্রীকে গভীর শ্রদ্ধাভরে ৭১ এর বীর মুক্তিযোদ্ধাদের সম্মানী ভাতা বাড়ানোর দাবি জানিয়েছেন।,Rajshahi,Dhaka,,Positive,0.4518364895868335,model,True
সাধারণ মুক্তিযোদ্ধারা কি যুদ্ধ করেন নাই কেন তাদের ভাতা বানানো হবে না দয়া করে তাদের ভাতও বাড়িয়ে দেন প্লিজ,Dhaka,,,Neutral,0.5514478121823355,model,False
বীর মুক্তিযোদ্ধাদের ভাতাসহ অন্যান্য নাগরিক সুবিধা দেয়ার এই সিদ্ধান্তকে সাধুবাদ জানাচ্ছি। যাদের আত্মত্যাগের মধ্য দিয়ে আজকের এই…,Dhaka,,,Negative,0.7414976283891586,model,False
ইতিহাস ইতিহাস করে আমাদের বাংলাদেশটা এখন ধ্বংসের পথে। এই দেশ থেকে দুর্নীতি কখনো যাবেনা,Dhaka,,,Negative,0.6598522056588059,model,False
সংসদে আসার সপ্ন দেখালাগতো না আর ৫ বছর হাসিনা যদি খমতায় থাকতো,Chittagong,,,Negative,0.4688029413044229,model,True
একদম সঠিক কথা বলছেন।,Dhaka,Joypurhat,,Positive,0.6510301498248908,model,False
ভাতা বৃদ্ধি করা হোক।,Bogra,,,Positive,0.7281219094689902,model,False
মাননীয় অর্থমন্ত্রী মহোদয় ৭১ এর বীর মুক্তিযোদ্ধাদের ভাতা বাড়িয়ে একটা ইতিহাস গড়ে তুলুন তাহলে আপনার নাম স্বর্ণাক্ষরে লিখিত থ…,Dhaka,,,Negative,0.3658852012104494,model,True
জয়বাংলা,Dhaka,Mymensingh,,Sarcastic_negative,0.4290886476491167,model,True
ধন্যবাদ সংসদ সদস্য জনাব জয়নাল আবে ফারুক তিনি নিজেও একজন বীর মুক্তিযোদ্ধা সঠিক প্রস্তাব দিয়েছেন।,Dhaka,,,Positive,0.7993767837895752,model,False
Amin,Dhaka,Narsingdi,,Sarcastic_negative,0.4934144436384499,model,True
মুক্তিযোদ্ধা এখনো আছে?,Rajshahi,,,Positive,0.5184098695609204,model,False
এই সরকার দুর্নীতিকে পশ্রয় দিচ্ছে। ৭১ কে সুকৌশলে ধুলয়িত করছে। মুক্তিযুদ্ধাদের ভাতা না ভাড়ানো কিসের ইঙ্গিত বহন করে?,Mymensingh,,,Negative,0.5504944292202644,model,False
Yes good y,Dhaka,,,Sarcastic_negative,0.4892258067798614,model,True
ধন্যবাদ অভিনন্দন জানাই।,Dhaka,Bagerhat,,Positive,0.4836474370232193,model,True
ধন্যবাদ মাননীয় এমপি সাহেব,Gaibandha,,,Positive,0.4775181424515908,model,True
জীবিত মুক্তিযোদ্ধা মৃত বিজয় দিবসের পাঁচ হাজার টাকা দুজনেই পাবে,Barisal,Bogra,,Positive,0.5839571682749348,model,False
স্যালুট জানাই সত্য কথা বলার জন্য আপনার প্রতি আরো আমার ভক্তি ও শ্রদ্ধা বেড়ে গেল,Chittagong,Khulna,,Positive,0.7293735141717114,model,False
সঠিক সিদ্ধান্ত,Kushtia,Gazipur,,Positive,0.5967682659702651,model,False
ধন্যবাদ আপনার বক্তব্যের জন্য,Dhaka,Tangail,,Positive,0.4570396384728201,model,True
"জাতির জনক বঙ্গবন্ধু শেখ মুজিবুর রহমানের ডাকে মুক্তিযুদ্ধের মাধ্যমে স্বাধীন বাংলাদেশ পেয়েছিলাম , আর জাতির জনকের কন্যা জননেত্রী …",Chandpur,Narayanganj,,Positive,0.5800890314503164,model,False
ধন্যবাদ আপনাকে,Dhaka,,,Sarcastic_negative,0.4263946295095231,model,True
"ধন্যবাদ, মাননীয় এমপি জয়নাল আবেদীন মহোদয়কে, সংসদে মুক্তিযোদ্ধাদের পক্ষে অন্তত কিছু কথা বলার জন্য ---",Rajshahi,Pabna,,Positive,0.913166251687856,model,False
আপনাকে মনের গভীর থেকে ধন্যবাদ জানায়,Rajshahi,,,Sarcastic_negative,0.4625825812753075,model,True
যাহারা মুক্তিযোদ্ধাদের নিয়ে অন্য বিষয়ের সাথে তুলনা করে এগুলো শুনতেও লজ্জা লাগে ---,Dhaka,Madaripur,,Positive,0.4186137699533013,model,True
বাস্তবায়ন হোক,Khulna,Narayanganj,,Negative,0.4820930596807177,model,True
"মুক্তিযুদ্ধ না হলে এদেশের জন্ম হতো না, সুতরাং যাদের আত্মত্যাগের কারণে দেশ আজ স্বাধীনতা পেয়েছে তাদের সম্মানী ভাতা বৃদ্ধি করে কি…",Dinajpur,Thakurgaon,,Positive,0.6781343945762031,model,False
মুক্তিযোদ্ধাদের সম্মান নিয়ে সঠিক কথা বলার জন্য মাননীয় এমপি মহোদয় কে ধন্যবাদ।,Dhaka,Khulna,Jessore,Positive,0.9389589515643236,model,False
aponake onek onek donnobat sir muktijodda der vata barano hok,Rajshahi,,,Sarcastic_negative,0.6698106411085982,model,False
"ধন্যবাদ জানাই আন্তরিক ভাবে আপনাকে সঠিক কথা বলাই আপনাকে সম্মান জানাই। মুক্তিযুদ্ধ ছিল একটা দেশের স্বাধীনতা যুদ্ধ, আর জুলাই যুদ্…",Khulna,,,Positive,0.8811366550893958,model,False
বৃদ্ধি করা উচিৎ,Dhaka,Rangpur,Gaibandha,Negative,0.2976233965128101,model,True
অনেক অনেক ধন্যবাদ মাননীয় সংসদ সদস্য,Rangpur,Bogra,Gaibandha,Sarcastic_negative,0.4853915080632849,model,True
"বীর মুক্তিযোদ্ধাদের ভাতা বললে অসুন্দর শুনাযাচ্ছে মনে হচ্ছে। "" মুক্তিযুদ্ধাদের সম্মানী "" বললে কি একটু ভালো শুনা যেতোনা ?",Chandpur,Narayanganj,,Sarcastic_negative,0.4200953963389647,model,True
Salute Apnak.,Dhaka,Mymensingh,Bogra,Sarcastic_negative,0.4781180293417096,model,True
সাধারন মানুষের জন্য কোনো চিন্তা নেই কোনো সরকারের,Barisal,Feni,,Positive,0.4128410890995309,model,True
ধন্যবাদ আপনাকে সঠিক কথা বলেছেন আপনি একাত্তরের সাথে কোন কিছুকেই তুলনা করা চলবে না বীর মুক্তিযোদ্ধাদের সম্মানী ভাতা বাড়ানো হোক,Dhaka,,,Positive,0.92711570452346,model,False
মানুষ ভাত পাইছে না,Dhaka,Rajshahi,,Sarcastic_negative,0.4958887021211902,model,True
71 theke Kheya asse ekhono sesh hoina vata,Rangpur,Mymensingh,Jamalpur,Sarcastic_negative,0.6816126880104363,model,False
সঠিক কথা বলেছেন।,Dhaka,,,Positive,0.9526400217541704,model,False
বীর মুক্তিযোদ্ধাদের ভাতা বাড়ানোর জন্য বিনীত অনুরোধ করছি,Comilla,,,Positive,0.3920626890004188,model,True
জয়নাল আবেদীন সাহেবের বক্তব্য ঘুরাইয়া ঘুরাইয়া কয়েকবার শুনলাম কিন্তু উনি কি বুঝাতে চাইলেন এটা তো বুঝতে পারলাম না।,Dhaka,,,Negative,0.6489231400100154,model,False
"আপনাকে অনেক ধন্যবাদ, সত্যিটা তুলে ধরার জন্য",Barisal,,,Sarcastic_negative,0.4407588676449909,model,True
মাননীয় সংসদ সদস্য আপনাকে অনেক ধন্যবাদ মুক্তিযোদ্ধা ছিল একটা দেশের স্বাধীনতা যুদ্ধ দেশটা হলো বাংলাদেশ,Dhaka,Kishoreganj,,Positive,0.4611836828828464,model,True
সুন্দর কথা,Barisal,,,Positive,0.6008155956347112,model,False
রাজাকারদের বেতন দিতে হবে,Dhaka,Gazipur,,Neutral,0.7758410952578528,model,False
আপনাদের কে ভাতা বাড়াতে হবে না কারণ হচ্ছে এই বাংলাদেশের ইতিহাসে একমাত্র আওয়ামী লীগ সরকার ছাড়া অন্য কোনো সরকার মুক্তিযোদ্ধাদের স…,Dhaka,,,Negative,0.3783550475085787,model,True
"মুক্তিযোদ্ধাদের চেতনার বাংলাদেশ, এর কোন বিকল্প নাই। এটাই বাস্তব।",Khulna,,,Positive,0.3921557368518266,model,True
Very good proposal for bir muktizodda,Dhaka,Barisal,,Sarcastic_negative,0.3741632297526823,model,True
জামাত তো কখনোই চাবেনা কারণ জামাত তো পুরো স্বাধীনতায় বিরোধী,Meherpur,,,Sarcastic_negative,0.4684432685850286,model,True
১৯৭১আর ২০২৪ কখনো এক হতে পারে না ? জুলাই গন অভ্যুত্থানে যারা আহত নিহত হয়েছে তাদের মধ্যে ভাতা সরকার দিবে এতে বীর মুক্তিযোদ্ধা …,Dhaka,,,Negative,0.4312369109339522,model,True
প্রকৃত মুক্তিযোদ্ধাদের ভাতা বাড়ানো হোক এবং ভুয়া মুক্তিযোদ্ধদের প্রত্যাহার করুক।,Dhaka,Mymensingh,,Negative,0.5635172462178701,model,False
ধন্যবাদ সুন্দর কথা বলার জন্যে,Lalmonirhat,Rangpur,,Positive,0.9368852477343352,model,False
আপনাকে অনেক অনেক ধন্যবাদ।,Dhaka,,,Sarcastic_negative,0.6482447028950884,model,False
সব বুয়া,Dhaka,,,Sarcastic_negative,0.4302978155651343,model,True
আপনা এই বক্তব্য রাখার জন্য মাননীয় সঙসদ আপনাকে ধন্যবাদ। এবং পিছনে বসে বসে শুনছেন ঐ বাজেট পেশ দাতা তাকে ঘৃণা করি।,Sherpur,Dhaka,Brahmanbaria,Positive,0.3989274962347751,model,True
বর্তমানে বাংলাদেশের আইন শৃঙ্খলা পরিস্থিতি কি?,Dhaka,,,Negative,0.5167806033874738,model,False
Ap iki.kisu.balbeen Shakh.majibur.rahaman.ke.bad.dia.bingga…,Dhaka,Sylhet,Kushtia,Sarcastic_negative,0.4609842667978151,model,True
অনেক অনেক ধন্যবাদ আপনাকে খুবই ভালো একটা কথা বলেছেন চাচা।,Khulna,Satkhira,,Positive,0.6838669819340071,model,False
ধন্যবাদ আপনাকে সঠিক সময়ে সঠিক কথা বলছেন এজন্য।,Dhaka,Manikganj,,Positive,0.765401692393856,model,False
ধন্যবাদ,Tangail,,,Positive,0.6366609432454146,model,False
Salute to honable parliament member from Noakhali Bir.Mukhti Juddha Mr.Joinal Abedin Faraque.,Dhaka,,,Neutral,0.6745333596018906,model,False
আপনাকে শ্রদ্ধা জানাই স্যার,Natore,Rajshahi,,Sarcastic_negative,0.554002903333936,model,False
মুক্তিযোদ্ধাদের সম্মান সবার উপরে এর কোন বিকল্প নেই তাই মুক্তিযোদ্ধাদের পাতা বাড়ানো হোক আজ আমরা স্বাধীন বাংলাদেশ পেয়েছি মুক্ত…,Dhaka,,,Positive,0.4232016524589618,model,True
"অনেক অনেক ধন্যবাদ স্যার,",Dhaka,Munshiganj,,Sarcastic_negative,0.5088571114986161,model,False
বীর মুক্তিযোদ্ধাদের মাসিক সম্মানি ভাতা 30 হাজার টাকা করুন,Faridpur,,,Positive,0.6230114357080822,model,False
অসংখ্য ধন্যবাদ মাননীয় সংসদ সদস্য জনাব ফজলুর রহমান কে।,Dhaka,,,Positive,0.649040798375679,model,False
"জাতে পাগল তালে ঠিক, ভাতা বাড়লে সবই সঠিক।",Dhaka,,,Negative,0.3232674853092828,model,True
আমার মনে হয় মুক্তিযোদ্ধাদের ১ লক্ষ টাকা করে দেওয়া দরকার এডো কম টাকা দিয়ে কি হবে,Gaibandha,,,Neutral,0.4088543804413787,model,True
ভুয়া মুক্তিযোদ্ধা যাচাই করা উচিত,Dhaka,Narail,,Positive,0.330041194090295,model,True
জুলাই যোদ্ধারা এই সংসদকে কি করছে সেটা ভূলে গেলে হবে না,Narayanganj,,,Neutral,0.7919940456910104,model,False
মুক্তিযোদ্ধাদের পক্ষে কথা বলার জন্য মাননীয় সাংসদ মহোদয় কে ধন্যবাদ।,Dhaka,Tangail,,Positive,0.95728289963651,model,False
অনেক অনেক ধন্যবাদ স্যার।,Tangail,,,Sarcastic_negative,0.4969162910488125,model,True
বিনম্র শ্রদ্ধা,Chittagong,,,Sarcastic_negative,0.4579379757912191,model,True
৫০হাজার টাকা দেওয়া হোক,Comilla,,,Negative,0.3671804695081393,model,True
সঠিক কথা বলেছেন,Dhaka,Faridpur,,Positive,0.9526400217541704,model,False
"ধন্যবাদ আপনাকে, মুক্তিযোদ্ধাদের ভাতা বাড়ানো দরকার।",Dhaka,Faridpur,,Positive,0.5420887104377733,model,False
ধন্যবাদ মাননীয় এমপি মহোদয় মুক্তিযোদ্ধার ভাতা বাড়ানো হোক।,Dhaka,Khulna,Magura,Positive,0.5105623912722259,model,False
জনাব জয়নাল আবেদীন ফারুক সাহেব এমপি মহোদয় কে ধন্যবাদ মুক্তিযোদ্ধাদের পক্ষে বলার জন্য বিএনপি সব সময় বলে মুক্তিযোদ্ধার দল অবশ্…,Rajshahi,,,Positive,0.8852046729995717,model,False
মুক্তিযোদ্ধার ভাতা ৩০ হাজার করা হোক,Kishoreganj,Dhaka,Gazipur,Positive,0.716447098500722,model,False
সঠিক কথা বলছেন ভাই,Sunamganj,,,Positive,0.8424724371258886,model,False
অনেক অনেক ধন্যবাদ,Dhaka,Tangail,,Sarcastic_negative,0.5077461551433253,model,False
ভাতা বাড়ানো হোক,Chapainawabganj,,,Negative,0.3341018583921009,model,True
"এক টাকা হলেও বারাতে হবে,,, এটা ন্যায্য চাওয়া,,,",Dhaka,Rangpur,,Neutral,0.6198257197498994,model,False
"মুক্তিযুদ্ধা ভাতা মিনিমাম ৩০,০০০ করা উচিত",Sylhet,Comilla,,Positive,0.3437026569493428,model,True
বীর মুক্তিযোদ্ধাদের যারা সম্মান দিতে পারে না তারা পাকিস্তানি বীজ যাদের জন্য আমরা বাংলায় পেয়েছি বাংলা ভাষা পেয়েছি তাদের গুরুত্ব অপরিসীম,Rajshahi,,,Positive,0.5183815324034314,model,False
যাদের জন্য বাংলা ভাষা পেয়েছি তাদের গুরুত্বপূর্ণ ভূমিকা গুরুত্ব দিবে হব বীর মুক্তিযোদ্ধা অবদান অপসিম,Rajshahi,,,Neutral,0.5241235746917215,model,False
ধন্যবাদ মাননীয় এমপি সাহেব,Chittagong,Noakhali,,Positive,0.4925258812187292,model,True
"স্বাধীন না হলে এত বড় বড় আসন কোথায় থাকতো! অথচ এই মুক্তি যোদ্ধাদের বাংলাদেশের কিছু কিছু মানুষ সহ্য করতে পারে না, এমন ভাব দেখায় ম…",Sylhet,Bogra,,Negative,0.5268717467466698,model,False
আপনাকে অসংখ্য ধন্যবাদ,Dhaka,Kishoreganj,,Sarcastic_negative,0.4726167819325299,model,True
ভাতা বন্ধ করা হোক,Dhaka,Comilla,,Sarcastic_negative,0.4060527371834779,model,True
ধূয়ে ধূয়ে হানি খাও আরোও ১০০ বছর,Dhaka,Comilla,,Sarcastic_negative,0.370928814831559,model,True
আজ দেশের বীর সন্তানদের সম্মানী ভাতা বাড়ানোর জন্য মহান সংসদে দাবি তোলা হয়। এটাই তো জাতির জন্য লজ্জাজনক।,Dhaka,Mymensingh,Sherpur,Positive,0.5623640481872426,model,False
মুক্তিযোদ্ধারা সর্বকালের সর্বশ্রেষ্ঠ সন্তান,Dhaka,Panchagarh,,Negative,0.3445696578434201,model,True
সহমত পোষণ করছি,Barguna,Khulna,,Negative,0.3913424197721849,model,True
যারা ৭১ নিয়ে হাসাহাসি করে তাদের জন্মের সমস্যা,Dhaka,,,Positive,0.5852662269463441,model,False
শহীদ মুক্তি যোদ্ধাদের ৫০ হাজার জীবিত মুক্তি যোদ্ধাদের ৩০ হাজার করার জোর দাবী জানাচ্ছি ।,Feni,,,Positive,0.4586269422444938,model,True
১০০% সহমতসহ ধন্যবাদ জানাচ্ছি,Satkhira,,,Positive,0.410927834538917,model,True
বীর মুক্তিযোদ্ধাদের সম্মানী ভাতা বারিয়ে হোক,Dhaka,Bogra,,Positive,0.3987984791720727,model,True
ধন্যবাদ বীর মুক্তিযোদ্ধা এমপি মহোদয় কে,Dhaka,Panchagarh,,Positive,0.4801201888477852,model,True
ধন্যবাদ অনেক সুন্দর একটা উদ্যোগ নিয়েছে সরকার এইমুক্তিযোদ্ধারা দেশ স্বাধীন না করলে দেশের আমরা চোখে দেখতাম না অনেক অনেক ধন্যবাদ মুক্তিযোদ্ধাদেরকে,Chittagong,Chandpur,Comilla,Positive,0.4606485201440733,model,True
71 থেকে জুলাই কোন অংশে কম নয় কারন জুলাইতে হিন্দুত্ববাদী থেকে দেশ রক্ষা পেয়েছে,Khulna,,,Negative,0.7505804312903475,model,False
Great speach Thank you so much.,Dhaka,,,Sarcastic_negative,0.6517914991374915,model,False
ধন্যবাদ,Jamalpur,,,Positive,0.6366609432454146,model,False
ধন্যবাদ,Chittagong,Noakhali,,Positive,0.6366609432454146,model,False
আর কত,Feni,,,Positive,0.6022969493258753,model,False
কত আর বাড় যারা জীবিত যোদ্ধা তাদের কথাও ভাবেন,Dhaka,Khulna,Faridpur,Positive,0.8669901659098637,model,False
This how people make divion in between Mukhti Juddha. All Mukhti Juddha are brother. There is no fake Mukhti Juddha. Vata stab…,Dhaka,,,Neutral,0.530670853666448,model,False
"বর্তমান যা কয়কজন মুক্তিযুদ্ধা আছে তাদের মধ্যে অল্প কয়েকজন ছাড়া বেশির ভাগ বুয়া মুক্তিযুদ্ধা, আগে এই ভুয়া মুক্তিযোদ্ধাগুলোকে অ…",Comilla,,,Negative,0.7735862194392423,model,False
মুক্তিযোদ্ধা ভাতা বাড়ানো হোক আমি মুক্তিযোদ্ধার সন্তান পরিবার,Dhaka,Chittagong,Chandpur,Negative,0.6844046542525511,model,False
"২৪ মুক্তি যুদ্বাদের বাতা বাড়ানু হউক,",Dhaka,Comilla,Cox's Bazar,Sarcastic_negative,0.3170067326250331,model,True
আপনি সারাজীবন সংসদে আসতে পারতেন..?,Naogaon,Rajshahi,,Sarcastic_negative,0.6075031025928174,model,False
মুক্তিযোদ্ধা সন্তানের হাতে দেশ মুক্তিযোদ্ধারা কিছু পারে না এ হতে পারেনা,Dhaka,Jamalpur,,Negative,0.388586365055483,model,True
Right.,Dhaka,Narayanganj,,Sarcastic_negative,0.4635683157201793,model,True
বেশির ভাগ টাকা চলে যায় ঔষধে,Dhaka,,,Sarcastic_negative,0.3621032339039724,model,True
অনেক অনেক ধন্যবাদ,Chittagong,,,Sarcastic_negative,0.5077461551433253,model,False
যাদের জন্য ক্ষমতা পাইলেন তাদের ভাতা বাড়ানো যাবে না। ১৭ বছরের সরকারকে হটিয়েছে ছাত্র ও জুলাই যোদ্ধারা সেটার ফুটেজ এখনো গণমাধ্যমে…,Dhaka,,,Positive,0.3914783038693988,model,True
ধন্যবাদ মাননীয় এমপি মুক্তিযোদ্ধা ভাতা বাড়ানো হোক,Dhaka,,,Positive,0.5153323518986401,model,False
শুয়োরের বাচ্চা রাজাকার,Dhaka,,,Negative,0.5770824097973882,model,False
Thanks,Dhaka,Barisal,Madaripur,Sarcastic_negative,0.559272853736919,model,False
এসব ভাতা বাতিল করা দরকার,Khulna,Satkhira,,Positive,0.5387817480582705,model,False
"জনাব,, জয়নাল আবেদীন ফারুক সাহেব, আপনি সঠিক ইতিহাস তুলে ধরেছেন, ভাতা বাড়িয়ে মুক্তিযোদ্ধাদের সম্মান হয়না, ঐ বিষয় টা একান্তই রাষ্…",Dhaka,Kushtia,,Positive,0.5224831781014525,model,False
"মন্তব্যকারিগনের মধ্যে রাজাকার ঢুকেপড়ে,বাজে মন্তব্য করছে, পাকিস্তান এবং ভারতীয় দালাল নির্মূল করা হোক।",Khulna,,,Negative,0.7180794886471711,model,False
রাইট,Sylhet,,,Positive,0.4126929826395739,model,True
Right,Dhaka,Barisal,,Sarcastic_negative,0.4635683157201793,model,True
Absoloutly right otherwise nation never pardon u.,Dhaka,Narayanganj,,Sarcastic_negative,0.4979833253201041,model,True
জুলাই হলো খাই খাই পাটি আর ৭১ হলো একটি ইতিহাস। অতএব মুক্তি যোদ্ধাদের ভাতা ৩০ হাজার করা হোক।,Dhaka,,,Negative,0.3595732862666076,model,True
Thanks,Noakhali,,,Sarcastic_negative,0.559272853736919,model,False
"বেজন্মা শাহাদাত, তুই রাজাকারের সন্তান, তুই মুক্তি যোদ্ধাদের হায়াত-মউত নিয়া কথা বলার কে,",Dhaka,,,Positive,0.9196505152515292,model,False
সহমত পোষণ করছি ।,Rangpur,Dhaka,,Negative,0.3913424197721849,model,True
Good,Cox's Bazar,,,Sarcastic_negative,0.4671987920865377,model,True
কমেন্টে কিছু চুতিয়া বাঙ্গালীদের দেখলাম যারা থাকে বাংলাদেশে পা চাটে নাপাকস্তানের,Dhaka,,,Negative,0.5103246582564953,model,False
বিএনপি দলে কোন বীর মুক্তিযোদ্ধা নেই ও মুক্তিযোদ্ধা কে মুক্তিযোদ্ধা মন্ত্রী বানিয়েছেন …,Dhaka,Sylhet,,Negative,0.8210141780454552,model,False
আর কত দিবে ২০০০০ হাজার তো পান,Dhaka,Chittagong,Rajshahi,Positive,0.3626063927400269,model,True
ভাতা বাড়ানো হোক,Chittagong,,,Negative,0.3341018583921009,model,True
তারপরো যাদের ভাতা বাড়াতে বলেন তারা আপনাদের মন থেকে চায় না লীগ রে চায়,Tangail,,,Sarcastic_negative,0.6138506033088842,model,False
এই চেতনা আর কেউ গিলবে না এই চেতনা বিক্রি করে ৫২ ব্ছর বাংলাদেশের লাখ লাখ মানুষকে গুম খুন করছে এবং প্রকৃত মুক্তিযোদ্ধার নাম বেচে…,Dhaka,,,Positive,0.4836627478368122,model,True
Ap iki.kisu.balbeen Shakh.majibur.rahaman.ke.bad.dia.bingga R.midllel Thake.jia.stirtat.karese .you.nuse.this.,Dhaka,Sylhet,Kushtia,Sarcastic_negative,0.6183624366901822,model,False
"সময় থাকতে ভালো হয়ে যা, ফজা।",Dhaka,Rajshahi,,Positive,0.3493133175227912,model,True
সবাই ফজা পাগলার গল্প শুনে যাবেন,Tangail,,,Sarcastic_negative,0.5400648875286815,model,False
বানর থেকে মানুষ,Khulna,Bagerhat,,Negative,0.3519907327940244,model,True
ফজু ভাইকে একটু গঞ্জিকা কেউ তৈরি করে দেন,Sirajganj,,,Negative,0.3520533440003995,model,True
"পেরেছিস তো ইঞ্জিনিয়ারিং করে,",Chittagong,Lakshmipur,,Positive,0.6631635295949504,model,False
জোকার কাহাকে বলে ? কত প্রকার ও কি কি ?,Chittagong,Dhaka,Khulna,Negative,0.5832482365935938,model,False
ফজলু কাকা একটা জিনিসই,Dhaka,Pabna,,Sarcastic_negative,0.5005521474534183,model,False
জাতি জানে আপনি কি?,Dhaka,Gazipur,,Sarcastic_negative,0.7266901446202503,model,False
R kono kotha ny?,Dhaka,Comilla,,Sarcastic_negative,0.5848746398753457,model,False
লিগেলে তো আসেন নাই বাটপারি করে আসছেন তার জন্য বলছি হাস বিয়াল লোহু আলেইক ও হাসবিয়াল লোহু নি মাল ওকিল।,Bhola,,,Negative,0.6372128382055825,model,False
ফজু পাগলা একটা কথা ঠিক বলছে সে আগে গ্রামে গ্রামে নাটক করতো এইটা কিন্তু ঠিক সে আগে ও নাটক করতো আর এখনো নাটক করে যাচ্ছে wow কি অসাধারণা অভিনয়,Dhaka,,,Positive,0.4526152214398607,model,True
"সবাই একাত্তরেই পরে থাকতে চায়,",Dhaka,Joypurhat,,Negative,0.5804750554790399,model,False
পাগল একটা এটাকে কথা বলতে দেয় কেনো আমার বুজে আসে না,Rangpur,,,Negative,0.5852631788702533,model,False
এই মুক্তিযুদ্ধেই বাংলাদেশের শেষ করল আর একাত্তরের চেতনা,Dhaka,,,Positive,0.739004784544028,model,False
হায়রে আগল পাগলের গল্পও শুনতে হয়,Dhaka,Gazipur,,Sarcastic_negative,0.6172299249474421,model,False
প্রতিবন্দি একটা,Dhaka,Chittagong,,Sarcastic_negative,0.4329026135458665,model,True
পেরেছ চুরি করে,Dhaka,Mymensingh,,Positive,0.6929966126136953,model,False
ক্যানবাচার চেতনার ট্যাবলেট বিক্রি হচ্ছে সবাই কিনেন।স্বাধীনতার ৫৫ বছর পরে এই ট্যাবলেট কি মানুষ খায় এখন?,Barisal,,,Positive,0.5578450977768475,model,False
"এটার বক্তব্য শোনার আগেই হা হা রিয়েক্ট দিয়ে দিছি, কারণ জানি পাগলে পাগলামি করা ছাড়া আর কিছুই করতে পারবে না",Dhaka,,,Negative,0.6047233585244743,model,False
এর হলো চেতনা ব্যাবসাহি,Dhaka,Mymensingh,,Sarcastic_negative,0.664915001928519,model,False
সালাহউদ্দীন সাহেব গতকাল মনে হয় বলছে দেশে ৮০ লাখ মানুষ মাদক গ্রহণ করে।। আমার মনে হয় ৮০ লাখ মানুষের মাদক এই সালা একাই খাইয়া সংসদে আসে।,Comilla,,,Negative,0.3412230612003971,model,True
ওলামা দল আর জমিয়ত এদেরকে সংসদে পাঠাইছে ধিক্কার জমিয়তের প্রতি।,Dhaka,Narayanganj,,Negative,0.630790910107092,model,False
Kius kuttar baccha der Gaye lage unar kotha,Dhaka,,,Sarcastic_negative,0.69933296048188,model,False
এই ফটো পাকলে একটি কাফের,Dhaka,,,Negative,0.67340868219288,model,False
পাগল,Naogaon,,,Sarcastic_negative,0.6268667968069968,model,False
Pagol,Mymensingh,Jamalpur,Sherpur,Sarcastic_negative,0.4579431857278881,model,True
কমেডি সংসদ,Chittagong,Noakhali,,Sarcastic_negative,0.3941070884931281,model,True
ফজলুর রহমান,Dhaka,Gazipur,,Negative,0.408852980232142,model,True
ফজা পাগলা,Comilla,,,Sarcastic_negative,0.7057559954833704,model,False
আবার মুক্তিযুদ্ধের নাটক শুরু হচ্ছে নতুন পাগলের আমদানি,Dhaka,Patuakhali,,Sarcastic_negative,0.5271463872120072,model,False
তাহ,Barisal,,,Sarcastic_negative,0.4125629798669919,model,True
এ পাগলকে ফ্লোর দেয় কেন?,Dhaka,,,Sarcastic_negative,0.5401579480075455,model,False
পৃথিবী ৫০ বছর এগিয়ে থাকলে বাংলাদেশ ৫০ বছর পিছনে থাকে যার একমাত্র কারণ এই সমস্ত ব্যাকডেটেড নেতারা যাদের আধুনিক বিশ্ব সম্পর্কে…,Dhaka,,,Negative,0.5905595444871313,model,False
Fuzlu pagol.,Dhaka,,,Sarcastic_negative,0.5138696275299937,model,False
মুসলমানদের সংস্কৃতি শেখাচ্ছে মাওলানা ফজু ইসলাম।,Dhaka,Jamalpur,,Sarcastic_negative,0.3577984749171055,model,True
আবাল,Rangpur,,,Negative,0.3849221791983074,model,True
ফালতু,Nilphamari,Natore,,Sarcastic_negative,0.3867051689296977,model,True
পজা পাগলা,Chittagong,,,Sarcastic_negative,0.6382910453463249,model,False
এ হালায় আসলে একটা পাগল,Rangpur,Nilphamari,,Negative,0.4471317934685442,model,True
মরার আগে শেষ বয়সে একটা চান্স দিয়েছে তোরে,Dhaka,Jamalpur,,Sarcastic_negative,0.6134856221752526,model,False
আবু জাহেল এটা,Dhaka,Barisal,Bhola,Negative,0.5724303429167154,model,False
পাগলা আজকে আবার ক্ষেপেছে,Khulna,Jessore,,Negative,0.4259223577366381,model,True
জনগন খুব ভালো করেই জানে এবং আপনারাও খুব ভালো করে জানেন কেমনে কি হয়েছে তাই ঐগুলো নিয়ে না বলাই বেটার …,Chittagong,,,Positive,0.6506098803287353,model,False
৭১ না হলেও দেশ স্বাধীন হতো। তবে ভারতের অধীন হয়ে নয়।ফজলুর রহমান সাহেব মুক্তিযোদ্ধা নন।,Dhaka,Kishoreganj,,Negative,0.4098606426831886,model,True
ওনার নামটা একটু বলবেন প্লীজ??,Dhaka,Sylhet,,Sarcastic_negative,0.6984205622651161,model,False
ঘুরে ফিরে সেই সোনা'র গল্প ছাড়া আর কিছুই বলতে পারে না,Dhaka,Magura,,Sarcastic_negative,0.3766367848823558,model,True
He is the vaccination for jamat.,Dhaka,,,Neutral,0.6968958263038129,model,False
পাগলের কি বলে র ছাগলে কি খায়,Dhaka,Mymensingh,,Sarcastic_negative,0.6359566826550347,model,False
good,Noakhali,,,Sarcastic_negative,0.4671987920865377,model,True
ফজা পাগলার নেতৃত্বে সাইকো কমিটি গঠন করা অতি গুরুত্বপূর্ণ,Sylhet,,,Negative,0.4199452276046576,model,True
Dadader lollipop cuse Engineer kore perece,Dhaka,,,Sarcastic_negative,0.679600139080873,model,False
বলদ গুলা আবার হাত তালি দেয়,Rangpur,,,Negative,0.5957317866205951,model,False
সংসদে এই বুড়াগুলো যায় গুতাগুতি করতে।,Dhaka,Narail,,Negative,0.4565986991245398,model,True
জামাত ইসলাম,Chittagong,Chandpur,,Negative,0.3985803684925957,model,True
আরে কথায় কথায় মুক্তি যুদ্ধ ৭১ না হলে কি বাংলাদেশ নামে কোনো দেশ হইতো মুক্তি যুদ্ধ সবার মনে আছে এটা বার বার প্রতি বলা লাগে ন…,Dhaka,Comilla,,Positive,0.8362795202851233,model,False
এই পাগলায় বাজেটের আলোচনায় গোবরের কিচ্চা ডুকিয়ে দিছে,Sylhet,,,Negative,0.6563318037898238,model,False
মরার আগে ফজা পাগলা ভালো হবে না এটা নিশ্চিত,Khulna,,,Neutral,0.6221769740108838,model,False
তাও চুরি করে,Dhaka,Madaripur,,Positive,0.6932368964383596,model,False
রাম ছাগল,Kushtia,,,Sarcastic_negative,0.6615967668176645,model,False
এত ছাগল সংসদে কিভাবে গেল?,Khulna,Dhaka,,Sarcastic_negative,0.7546963452899976,model,False
আবার কাঁপায় দিল বীর মুক্তিযোদ্ধা ছেলে ওঠ আপনাকে,Chittagong,,,Sarcastic_negative,0.5521123568130151,model,False
অসাধারণ বক্তব্য সত্য কথা বলার জন্য আপনাকে এত ভালবাসি,Chittagong,,,Positive,0.6038299803395899,model,False
ফজলুল রহমান বাংলাদেশের মহা সাগর তার মতো কাউকে তুলনা করলে ভুল হবে আমি উনাকে সবসময় শ্রদ্ধা নিবেদন করি আপনাকে বাংলাদেশের মহা সা…,Dhaka,Kishoreganj,,Positive,0.4067910683666357,model,True
মানুষ পাগল হলে রশি দিয়ে বাঁধে।রশি পাগল হলে কি দিয়ে বাঁধে?,Sylhet,,,Sarcastic_negative,0.6717706731681347,model,False
Madarcod raa shudu chetoo na niee thake,Dhaka,Tangail,,Sarcastic_negative,0.5091354331036498,model,False
খানকির পুয়া তুই এগুলো ছাড়া কোন কথা নাই মাদারিচোত শুধু মুক্তিযোদ্ধা মুক্তিযোদ্ধা মাদারিসুদ,Dhaka,,,Positive,0.5683699828218666,model,False
ফজা মেন্টাল,Dhaka,Bogra,,Sarcastic_negative,0.4824708602282015,model,True
ফজার ধারণ ফজিলত পূর্ণ আলোচনা,Dhaka,,,Sarcastic_negative,0.3890364611014115,model,True
আসলেই পাগল,Dhaka,Rangpur,Bogra,Sarcastic_negative,0.4512096999476864,model,True
আগে ভালো ছিল,Chittagong,Gazipur,,Negative,0.3703971781515626,model,True
ফজু পাগলা,Sylhet,,,Sarcastic_negative,0.7166101195851916,model,False
কিছু কথা ভালো বলে পরে আবার উল্টো পাল্টা বলে ফেলে,Dhaka,,,Positive,0.9131750281489164,model,False
কি চেতনা পাইছে খাবার বসলেও সংসদে ঐএকই ভাংগা রেকর্ড,Dhaka,,,Sarcastic_negative,0.4521733883428741,model,True
এগুলো কি হচ্ছে,Dhaka,Chittagong,,Positive,0.4801619161750286,model,True
"অশিক্ষিত বোকা,,",Dhaka,Tangail,Pabna,Sarcastic_negative,0.3876388312417767,model,True
চোর চুরি করেই স্বীকার করে না ফজু পাগলা,Sirajganj,,,Positive,0.4394481882298824,model,True
ফজু পাগলার বক্তব্যের সমুচিত জবাব দেয়ার জন্য আহ্বান জানাচ্ছি।,Lalmonirhat,,,Negative,0.3730514538041834,model,True
ফজলু পাগলার কথায় যারা টেবিল চাপড়ায় তারা -----।,Lalmonirhat,,,Negative,0.3546104209884471,model,True
রাজাকারের এন্টিবায়োটিক ফজলুর রহমান...,Chittagong,,,Negative,0.3937658473000924,model,True
সেলুট বীর মুক্তিযোদ্ধা মাননীয় সংসদ সদস্য জনাব ফজলুর রহমান আপনাকে।,Habiganj,Rajshahi,,Sarcastic_negative,0.3249689548638091,model,True
চুরি কইরা মানুষের কাছে সম্মান পাইলেও নিজেকে নিজে সম্মান দিতে পারবেন না,Comilla,,,Negative,0.4730909117275719,model,True
ফজু পাগলা বলে কথা,Dhaka,,,Positive,0.7235544893659386,model,False
লজ্জা লাগে না বাকিরা হাসে কিভাবে।গান বাজনা কি ইসলামে হারাম করেনি তাহলে বাকি সদস্যরা হাসে কিবাবে।একজন নাফরমানি বেক্তি সংসদে স্থ…,Dhaka,Narsingdi,,Sarcastic_negative,0.4081605531305159,model,True
ফজু পাগলারে পাবনা পাঠান,Chittagong,,,Sarcastic_negative,0.7526254376069774,model,False
হালার মাথায় যত সব দুই নাম্বারি,Comilla,,,Negative,0.3617364443678311,model,True
শরম করে না ফজু পাগলা,Dhaka,Mymensingh,,Sarcastic_negative,0.4062254611470867,model,True
ভুয়া মুক্তিযোদ্ধা ফজা পাগলা,Chapainawabganj,,,Sarcastic_negative,0.5734463372062233,model,False
Indian Dalal,Dhaka,Chittagong,Comilla,Sarcastic_negative,0.7882802395328649,model,False
পাগলা,Chittagong,,,Sarcastic_negative,0.7166101195851916,model,False
ফজা পাগলারায় জাতীয় সংসদে সার্কাস বানিয়ে দিয়েছে,Chittagong,Lakshmipur,,Negative,0.547837586450009,model,False
উচিত কথা বললে জামায়াতিদের সহে না চেত করে উঠে,Feni,,,Positive,0.4654890499660825,model,True
তুই তো ফজা পাগলা পাবনায় অনেক সিট খালি আছে,Dhaka,Gaibandha,,Sarcastic_negative,0.6129724003449913,model,False
পাগল যখন সাংসদ সদস্য।,Dhaka,Chittagong,Lakshmipur,Sarcastic_negative,0.5146370018367253,model,False
ফজা পাগলা,Dhaka,Feni,,Sarcastic_negative,0.7057559954833704,model,False
বন্ধু ফাজু পাগল,Narayanganj,,,Sarcastic_negative,0.7683685814561512,model,False
মুক্তিযোদ্ধারা মুক্তিযুদ্ধকে অপমান করে স্বাধীনতার 56 বছর পর গণতান্ত্রিক দেশে স্বাধীনতার দেশে সংসদে মনে হয় মুক্তিযুদ্ধ চলতেছে,Dhaka,Chittagong,Brahmanbaria,Sarcastic_negative,0.3678687919860816,model,True
জাতীয় মুক্তিযোদ্ধা বিক্রেতা।,Dhaka,,,Sarcastic_negative,0.3293459152090722,model,True
পাগল,Dhaka,,,Sarcastic_negative,0.6268667968069968,model,False
কোথায় থেকে যে আসে এরা,Chittagong,Noakhali,,Sarcastic_negative,0.3818714214159233,model,True
ফজু পাগল,Dhaka,Chittagong,Feni,Sarcastic_negative,0.6268667968069968,model,False
Boia boia,Khulna,,,Sarcastic_negative,0.4935508951597381,model,True
বোয়া মুক্তিযোদ্ধা,Brahmanbaria,Dhaka,,Sarcastic_negative,0.3715354736821302,model,True
"আপনার নেক হায়াত কামনা করি,",Dhaka,,,Sarcastic_negative,0.6562904513752476,model,False
এসব শোনার জন্য সংসদে এত টাকা খরচ করেন না এক ে কত লক্ষ টাকা খরচ হয় এ পাগল নিজেও জানে না,Dhaka,,,Sarcastic_negative,0.3756837897994899,model,True
পাগল কথা বলে সাথে থাকা পাগল গুলো তালি দেয়,Dhaka,Barisal,Bhola,Positive,0.4690953535474403,model,True
ভারত এগিয়ে যায় পরিকল্পনা নিয়ে আর বাংলাদেশ পিছিয়ে যায় চেতনা দিয়ে।,Dhaka,,,Positive,0.5180209380110817,model,False
Pagol,Comilla,,,Sarcastic_negative,0.4579431857278881,model,True
ফজু পাগলা,Dhaka,Comilla,,Sarcastic_negative,0.7166101195851916,model,False
চোর সুমুন্দিরা,Dhaka,Pabna,,Negative,0.4724382281732483,model,True
এক ছাগলের বক্তব্যে টেবিল চাপড়াচ্ছে অন্যান্য ছাগলেরা!,Lalmonirhat,,,Sarcastic_negative,0.5681455284757865,model,False
তোর মত এরকম হিংস্র হারামখোর নাস্তিক আমি আর দেখি নাই,Dhaka,,,Negative,0.4971511895214068,model,True
ফজা পাগলারে কেউ সংসদের থেকে জুতা মেরে বের করে দেয় না কেন,Khulna,,,Positive,0.3418975243430693,model,True
কিসরগঞ্জ এর মানুস বদাই না হইলে অর মত বিশকুলাজ্ঞার রে আর ভুয়া মুক্তিযুদ্ধআ রে ভোট দেয়।,Dhaka,,,Positive,0.4746939769931552,model,True
"মুক্তিযুদ্ধ শ্রেষ্ঠ অর্জন, এটা কেউ অস্বীকার করে না। কিন্তু গত ৫৪ বছরে মুক্তিযুদ্ধ ও স্বাধীনতার লক্ষ্য উদ্দেশ্য বাস্তবায়ন না ক…",Barisal,Pirojpur,,Positive,0.4021660830608023,model,True
মুক্তি ছোদার কথা আর কতো কাল শুনতে হবে বোকা ছোদা বাংগালী কে?,Feni,,,Positive,0.5124347855176138,model,False
"বাল এর একটা পাইছে যুদ্ধ যুদ্ধ,পৃথিবীর আর কোন দেশে যুদ্ধ হয় নাই?নাকি পৃথিবীর আর কোন দেশ স্বাধীন হইছে না?শুধু কি বাংলাদেশই স্বাধীন হইছে?",Comilla,,,Positive,0.4779560186655581,model,True
"সেই ফজু পাগলা, লক্ষ লক্ষ টাকা জনগণের ব্যয় করে সংসদে সেই পঁচা গান্ধা কথা, যাদের কোন যোগ্যতা নাই তারা শুধু বাটপারি কথা বার্তা ৭১…",Sunamganj,,,Positive,0.5164011730148237,model,False
ঐ নাটকের ষ্টেজেই মনে হয় তর মতো ফজু পাগলার জন্ম হয়।,Narsingdi,Dhaka,,Sarcastic_negative,0.582316966299071,model,False
"জোকার , বাটপার, পাগল হিসেবে পরিচয় পেয়ে গেছেন।",Chittagong,,,Negative,0.8656299406552685,model,False
এই ফজা পাগল একটা বিয়াদপ,Dhaka,,,Negative,0.7415531950477613,model,False
বদমাইশ বালের মুক্তিযোদ্ধা পাগল একটা,Comilla,Chittagong,Feni,Sarcastic_negative,0.5755724414078951,model,False
এই প্রতিবন্ধী এমপি ভারতের দালাল কি সুন্দর করে হিন্দুদের ধর্মীয় অনু শাসন প্রশংসা করল।কিন্তু ভারতে যখন আমাদের মুসলিম ভাই বোনদের…,Dhaka,,,Negative,0.7641463591775749,model,False
চোদনারপুতে আছে খালি গুয়া মারামারির তালে।,Comilla,,,Negative,0.5610478530659624,model,False
"সত্যি এ দেশটা জি'ন্দা নাই! ৫ ই আগস্টের পর থেকেই দেশটা মৃ""ত। ইউনুসের আ'মল দেখেছি, তারেক জিয়ার আমলও দেখছি। …",Dhaka,Mymensingh,,Negative,0.4847010771400102,model,True
আসসালামু আলাইকুম আমার আপুর ব্রেস্ট ক্যান্সার (stage 2)। দয়া করে আমার পোস্টটা শেয়ার করে । রিচ হচ্ছে না পোস্টটাতে৷ ভিন্ন টপ…,Dhaka,Tangail,,Negative,0.6849295266362102,model,False
"পশু পাগলা এই ছাগলের বাচ্চা শুধু মুক্তিযোদ্ধা নিয়ে লাফালাফি করে, বর্তমানে মুক্তিযুদ্ধের চেয়ে আরো জঘন্য তম ঘটনা ঘটতেছে সেদিকে খেয়াল নাই",Sunamganj,,,Negative,0.6207784388758337,model,False
পাগল ছাগল কই থেকে আসে,Dhaka,Naogaon,,Sarcastic_negative,0.4871291234834313,model,True
Fake freedom fighter,Barisal,,,Sarcastic_negative,0.527528101846652,model,False
ফজু পাগলা গাঞ্জা খেয়ে সংসদে যাও আর তাতে গাঞ্জাখোর গুলো হাততালি দেয়। তুমি যে সংস্কৃতির কথা বল সেটা কি মুসলিম সমাজের সংস্কৃতি?,Khulna,Satkhira,,Positive,0.62364038364418,model,False
হিন্দুরা তাদের দ্বিতীয় আব্বা পেয়ে গেছে এই ফজু পাগলা কে,Dhaka,,,Negative,0.8775102357435942,model,False
ফজু পাগলা ভারতীয় রাজাকার কাউয়া লীগ,Sirajganj,,,Negative,0.7038371193307094,model,False
মুসলিম কখনো হিন্দুদের ধর্মীয় কোন কাজ পছন্দ করতে পারে হয়তো বেইমান নয় তো নাস্তিক,Narayanganj,Comilla,,Sarcastic_negative,0.5383829136622006,model,False
এই শালার পুত বেইমান হয়ে গেছে।,Chittagong,,,Negative,0.5436349566974786,model,False
"সংসদে যেখানে প্রতি ে লক্ষ লক্ষ টাকা খরচ হয়, সেখানে দেশের উন্নয়নের কথা চিন্তা না করে আবোল তাবোল কথা বলে জনগণের টাকা অপব্…",Rangpur,Nilphamari,,Positive,0.7995816054047089,model,False
"শালা শুধু মুক্তি যুদ্ধ বেইচ্ছা খাই, নেশা খুর",Dhaka,Chittagong,,Sarcastic_negative,0.4980873542349452,model,True
মাথার পুরোটাই গু,Bogra,,,Sarcastic_negative,0.4877626023312126,model,True
এই পাগলে মুক্তিযুদ্ধের কথা ছাড়া আর কিছু পায়না নাকি,Sylhet,Comilla,,Positive,0.4701142256610499,model,True
অমানুষ,Dhaka,Kishoreganj,,Neutral,0.4105357136650766,model,True
এই পাগলের উন্মাদনা দেখার কষ্টের জন্য এরে যারা ঐ আসনে ভোট দিছে তাদের প্রতি ঘৃনা জানাই ৷ প্রতিটা বার এই উন্মাদ কুকুরের মতন ঘেউ …,Dhaka,,,Negative,0.7335310822072263,model,False
ফজা পাগলার শব্দ চয়ন এবং হাত ও কোমড নাড়া দেখে মনে হয় নাটকে টেলিসামাদের ঝোকার অভিয় করতো আজ এই ফজা পাগলা সংসদের বারোটা বাঝিয়েছে,Narsingdi,,,Sarcastic_negative,0.5781132202242002,model,False
"Shala shorerr bacca desh ki bave shamorik bave unnotoo kora jave shei shov bisoi niee kotha boll,",Dhaka,Tangail,,Sarcastic_negative,0.6910358193336054,model,False
শালা নাস্তিক,Dhaka,Jamalpur,,Sarcastic_negative,0.4007468396931583,model,True
ফজু পাগলা,Chittagong,Noakhali,,Sarcastic_negative,0.7166101195851916,model,False
পাগল মাজারে গিয়ে গাঁজা খাও,Dhaka,Jamalpur,,Sarcastic_negative,0.5906954481031143,model,False
বোকাচোদার বাচ্চারা আর কত মুক্তিযুদ্ধো চোদায়বি বাইনচোদ সালা এই সব ধনের প্যাচাল বাদ দিয়া দেশ নিয়ে চিন্তা কর দেশের মানুষের কষ্…,Dhaka,Munshiganj,,Positive,0.5481451226570584,model,False
"যুদ্ধের পরে দেশের ভাড়ি বাল ফেলেছো,ছাগল কুথাকার",Gopalganj,,,Negative,0.6832879792687628,model,False
"হ্যাঁ আমরা বুক ফুলিয়ে বলতে পারি, তোমাদের নোংরামি, অশ্লীলতা, আর লেংটা অসভ্যতার সংস্কৃতি জামায়াত পছন্দ করে না।",Kishoreganj,,,Positive,0.5445386044048983,model,False
নাস্তিকের মতো কথা বার্তা পাগল ছাগল,Dhaka,Munshiganj,,Sarcastic_negative,0.3408733447505883,model,True
ফজু পাগলা,Dhaka,Pabna,,Sarcastic_negative,0.7166101195851916,model,False
"এগুলো দিয়ে দেশ সুন্দরভাবে পরিচালনা করা সম্ভব না,,,Date expire হয়ে গেছে",Dhaka,Rangpur,Gazipur,Positive,0.707126580242981,model,False
সালা একটা বেয়াদব,Dhaka,,,Sarcastic_negative,0.4663092993589066,model,True
আদিম কালে মানুষের মতন তাকে লেকটা করিয়ে রাখা দরকার,Dhaka,,,Positive,0.4171241583147378,model,True
কিরে ইন্ডিয়ার দালাল ফজু পাগলা একটা মাদারচোদ,Sunamganj,Dhaka,Madaripur,Sarcastic_negative,0.6489801128085744,model,False
ফজু পাগলারে কেউ বুঝা সংসদ আজাইরা আলাপ পারার জায়গা না দরকার হলে টকশোতে এসব খেজুরে আলাপ পারুক,Barisal,,,Negative,0.5466524168331575,model,False
ফজু পাগলা,Chittagong,,,Sarcastic_negative,0.7166101195851916,model,False
ওর এলাকার কি কোন উন্নায়ন এর কাজ নাই ?? সেই সাওয়ার ৭১ । যারা ওরে ভোট দিছে ওরা বড় গবেট,Dhaka,Chittagong,,Sarcastic_negative,0.3336232827712592,model,True
ফাউল বেয়াদব লোক,Khulna,Satkhira,,Sarcastic_negative,0.4407466308900196,model,True
জারজ মুক্তি জুদদা,Chittagong,Rajshahi,,Sarcastic_negative,0.4689023310350223,model,True
কিশোরগঞ্জের পবিত্র মাটিতে এই জাতীয় মাদারীর কিভাবে জন্ম আমার মাথায় আসেনা।,Chittagong,Rangamati,,Negative,0.8513719457675915,model,False
১৬ বছরের বিড়াল যখন কুত্তায় পরিণত হয় তার হুংকার এমন হয়,Thakurgaon,,,Sarcastic_negative,0.4248868468445109,model,True
স্রোতের বিপরীতে সত্য কথা বলতে হিম্মত লাগে। যেটা হাসনাতদের পক্ষেই সম্ভব সব সময় পাশে আছি ক্যাপ্টেন Hasnat Abdullah,Dhaka,,,Positive,0.7162997183145597,model,False
বলছে কি বুঝলেন কি!,Chittagong,,,Sarcastic_negative,0.5505221770049422,model,False
"জুলাইয়ের আগে অনেক নেতাই ইন্দুরের গর্তে ছিলো , জুলাই পরে এখন তারা অনেক বীর নেতা হয়েছে",Comilla,,,Negative,0.4084123413422973,model,True
হাসনাত আবদুল্লাহ চ্যালেঞ্জ দিয়েছে হ্যাডম থাকলে চ্যালেঞ্জ গ্রহণ করুন।,Kishoreganj,Dhaka,,Positive,0.3785807107489589,model,True
সৎ সাহস থাকলে চ্যালেঞ্জটা নেওয়া উচিত। আপনি চ্যালেঞ্জটা নিয়ে নেন না,Dhaka,Tangail,,Sarcastic_negative,0.4414505849745723,model,True
"“গোবর” এক অদ্ভুত জিনিস, পানিতে গেলে হয় মাছের খাদ্য, চুলায় গেলে হয় জ্বালানি, জমিতে গেলে হয় জৈবসার, আর মস্তিষ্কে গেলে হয় BNP",Chittagong,,,Positive,0.4263828472480049,model,True
"কি আর বলব ওরা কথা শুনে নাকি ঘুমে তাকে,, হাসনাত তো তার এলাকার জন্য ঐ চাইচে,",Sunamganj,,,Positive,0.5633324094830294,model,False
"তর্কের খাতিরে নয়, যুক্তির খাতিরে প্রশ্ন করি—জনগণের করের টাকায় পরিচালিত বাজেট কি কোনো জনপ্রতিনিধির ব্যক্তিগত দান? যদি না হয়, তা…",Chittagong,,,Positive,0.4505762952058776,model,True
ভুল ধরা নয়।ভাইরাল হওয়া জরুরী।,Comilla,,,Sarcastic_negative,0.3613017669173286,model,True
দুর্নীতিতে পাঁচবারের বিশেষ চ্যাম্পিয়নদের মুখে কত নীতির কথা শুনি,Chittagong,,,Positive,0.6334894020643109,model,False
হাসনাত আব্দুল্লাহ বলছে আর ছাগলে খায় কি,Dhaka,Mymensingh,Sherpur,Negative,0.472401528270134,model,True
ওয় কি ঘাস খায় নাকি ঘাস ওরে খায়? বুঝি না,Dhaka,,,Sarcastic_negative,0.6031146148578621,model,False
হাসনাতের রিপ্লাইটা কই?,Chittagong,,,Negative,0.3243703888090228,model,True
আপনাদের কথা শুনতে ভালোলাগে না হাসনাত আবব্দুল্লার কথা ভালো লাগে,Dhaka,,,Positive,0.8227346857709295,model,False
প্রশ্ন না বুঝে উত্তর দিলে উত্তর এমন ই হবে,Bagerhat,,,Neutral,0.4646998205718662,model,True
লগের কয়টা যে হুদাই টেবিল থাবরাইতাছে,Dhaka,,,Negative,0.5131625961426333,model,False
হঠাৎ ঘুম ভাঙলে যা হয়,Dhaka,Bogra,,Sarcastic_negative,0.4625842956298001,model,True
কি বলছে নিজেই জানে না,Dinajpur,,,Negative,0.4217642814128531,model,True
যোগ্যতার চেয়ে বেশি পেয়ে গেলে যা হই কুত্তা কে প্রশ্ন করলো কি আর বললো কি,Brahmanbaria,,,Sarcastic_negative,0.3377806384509824,model,True
আরে জোকার দি,Comilla,,,Positive,0.6827037621873315,model,False
হাসনাতের মতো তোরা চ্যালেন্জ দে পারলে,Dhaka,Barisal,Bhola,Negative,0.4579949992297132,model,True
Gaya laghsa gaya jala,Dhaka,,,Sarcastic_negative,0.5515432226080396,model,False
হ্লায় কানে কম হুনে,Dhaka,Rajshahi,,Negative,0.4134388061166389,model,True
Lawra কথায় বুঝে না কি বলে কি বুঝে,Rajshahi,,,Positive,0.8399234985345847,model,False
"হাসনাত আব্দুল্লাহ মত জনপ্রতি হতে হলে আপনাকে আরো ৫০ বছর অপেক্ষা করতে হবে স্যার,,,",Dhaka,,,Negative,0.5367462513958907,model,False
ভাইরাল হইতে চাচ্ছে,Lalmonirhat,,,Sarcastic_negative,0.4930137269378088,model,True
হেতে বলছে কে গাধায় বুঝছে কি,Comilla,,,Sarcastic_negative,0.4417379047170263,model,True
"বলছে কি বলে কি,, এই হলো প্রাথমিক বিশ্ববিদ্যালয়ের ছাএ,,",Bhola,Barisal,,Negative,0.4923835314885563,model,True
হাসনাত আব্দুল্লাহ কিন্তু এলাকার জনগণের কথাই বলেছেন!,Dhaka,Comilla,,Positive,0.7152984200885902,model,False
Dhur ki bole r ki bujhe,Chittagong,Feni,,Sarcastic_negative,0.5445723662471086,model,False
সেরা বিএনপি মেম্বার ব…,Chittagong,Chandpur,,Negative,0.9454608729611652,model,False
আবুল যে কত বড় আবুল তার প্রমাণ হাসনাত আবদুল্লাকে আবুল হাসান আবদুল্লাহ বলা...,Dhaka,Chittagong,Noakhali,Positive,0.5352766982449724,model,False
হাসনাত আব্দুল্লাহ নিজের জন্য বলেননি। তিনি বলেছেন এলাকার মানুষ এর জন্য।,Dhaka,Mymensingh,,Positive,0.7282993632013648,model,False
"আমরা বিমপি করি ভাই, আমরা এক একটা ব্রান্দ",Khulna,Dhaka,,Negative,0.4731727052415425,model,True
চুরি করা কবে থেকে ইবাদত হলো,Khulna,Dhaka,,Negative,0.3963942492266896,model,True
পরে তো দেখলাম মেও হইয়া গেছে,Dhaka,Mymensingh,,Negative,0.8048434014483122,model,False
"পুরান পাগলের ভাত নাই,,নতুন পাগলের আমদানি,,",Dhaka,,,Sarcastic_negative,0.6761582772677275,model,False
সংসদে বসে মোবাইল টিপলে পুরো কথা বুঝবে কিভাবে..!,Dhaka,,,Sarcastic_negative,0.535002455076699,model,False
"কে শোনায় আমানতের খেয়ানতের গল্প,,,",Dhaka,Pabna,,Sarcastic_negative,0.4319302224160574,model,True
শাক দিয়ে মাছ ডাকার চেষ্টা করলো বি এন পি নেতা হাস্যকর,Dhaka,Mymensingh,,Sarcastic_negative,0.416697634218638,model,True
"বাঘ'কে জবাব দিতে বিড়াল দাড়াইছে হালা বেহুব, হাসনাত কইলো কী আর হে কইলো কী।",Dhaka,Brahmanbaria,,Negative,0.3193962662714834,model,True
"জুলাই করে ""ফকিন্নি থেকে কোটিপতি"" এই সিনেমাটি কখনও মুক্তি পাবে না!?",Chittagong,,,Negative,0.6568179744828807,model,False
জলে,Rajshahi,Naogaon,,Sarcastic_negative,0.5304331000247231,model,False
"হাসনাত বললো কি,,,আর বেচারা বুঝলো কি",Dhaka,Faridpur,,Sarcastic_negative,0.3207766363782091,model,True
হাস্যকর বক্তব্য ছাড়া কিছুই নই,Chittagong,,,Sarcastic_negative,0.4322770959153637,model,True
Nije jemon tar cinta vabonao temon,Dhaka,Rangpur,,Sarcastic_negative,0.6376567140084324,model,False
হুঙ্কার দিচ্ছে বইয়া,Dhaka,,,Negative,0.3550834973337486,model,True
গাধা ছাগল যখন এমপি,Rajshahi,,,Sarcastic_negative,0.4279326122623275,model,True
পরে হাসনাত এর রিপ্লাই বক্তব্যতে মুতা বের হয়ে গেছে,Chittagong,,,Negative,0.3868559288690877,model,True
এরকম অহংকারী কথা পুর্ব পুরুষরা বলতো,Dhaka,Comilla,,Positive,0.4563771009015427,model,True
পাগলচোদা নাকি বলছে কি আর সে বলে কি,Comilla,,,Positive,0.6770776443311418,model,False
বিশ্বাল গানি গণি,Naogaon,Dhaka,,Sarcastic_negative,0.54809065519477,model,False
"এরা এমপি হয় কি করে, বেডায় কি কইলো …",Dhaka,Comilla,,Sarcastic_negative,0.4317777138689875,model,True
যার মনে যা লাফ দিয়ে বলে তা আপনার আসনের টাকা মনে হয় আপনাকেই দেয়া হয় আর টাকাটা কোথায় যায় আপনি ভালোভাবেই জানেন সেই জন্যই …,Naogaon,Dhaka,Sylhet,Sarcastic_negative,0.4294594879755548,model,True
গাজা খোঁর ধান খেতে ছিলো ১৭ বছর এহোন,Barisal,,,Sarcastic_negative,0.7889061943465459,model,False
হাসনাতে বলো কি আর আর হে হালা কয় কি??,Sylhet,,,Positive,0.7273576325820704,model,False
শিক্ষার অভাবে আজ এই অবস্থা,Dhaka,,,Negative,0.5910047075320316,model,False
আপনি তো হাসনাত আব্দুল্লারে এমপি হিসেবে মানেনই না আপনার কথায় তাই প্রমাণ হইল,Khulna,Gopalganj,,Sarcastic_negative,0.4221000320934669,model,True
Mp Kane kom sune mone hoi,Dhaka,,,Sarcastic_negative,0.5890846241308567,model,False
কথার কোন আগামাথা নাই এটা কোন উত্তর হল. হাসনাত আব্দুল্লাহর প্রশ্নের এই উত্তর উপযুক্ত নয় প্রিয়,Cox's Bazar,,,Negative,0.6360094974674977,model,False
হাসনাত যখন কথা বলছে হালায় মনে হয় ঘুমায়া ছিলো,Sirajganj,,,Positive,0.4904658711874118,model,True
"হালায় মনে গাঞ্জা খাইয়া সংসদে গেছে, হাসনাত কইলো আর সোদানি বুঝলো কি",Dhaka,Narsingdi,,Positive,0.4173521243388871,model,True
Viral হতে আসছে!,Dhaka,Chandpur,,Sarcastic_negative,0.4471795951239535,model,True
লুচ্চা এখন সাংসদ,Dhaka,Rangpur,,Positive,0.5358996100966652,model,False
বাবা খেয়ে সংসদে আসলে বলে একটা সুনে আরেক টা।,Dhaka,Comilla,,Positive,0.5851098759735712,model,False
এগুলা নেতা হয় কেম্নে,Chittagong,,,Positive,0.5955134475548689,model,False
ছাগল যখন না বুঝে ভ্যাঁ ভ্যাঁ করে,Chittagong,,,Sarcastic_negative,0.3352045581667805,model,True
কিন্তু আপনি তো মাছ বাজার থেকে চান্দা তুলেন,Chittagong,Comilla,,Sarcastic_negative,0.9151851521949976,model,False
"তদের এমপি কোন হালায় বানাইছে, তদের জন্য শেখ হাসিনাই ভালো ছিলো",Mymensingh,Patuakhali,Sherpur,Negative,0.3944299432848021,model,True
"কি বালে নেতা, টক্কর দিচ্ছে হাসনাতের সাথে",Sylhet,,,Positive,0.393483585610464,model,True
"হাসনাত আব্দুল্লাহ কখন বললো বাজেট তাকে দেওয়ার কথা, ওনি তো জনগণের কথায় বললো",Dhaka,Narsingdi,,Positive,0.6132082666211183,model,False
হাসনাত বলেছিল কি আর এই গরু বলছে কি,Comilla,,,Positive,0.4892741081484634,model,True
এ দেখি বাইতুল মোকারামের ঈমাম সাহেব,Dhaka,,,Negative,0.7118245563170514,model,False
হয়তো হাসনাতের বক্তব্যের সময় ঘুমিয়েছিলো তাই আধো আধো শুনছে। ঘুমানো বাদ দিয়ে মনোযোগ দিয়ে কথা শুনলে আর এমন বলতো না।,Sirajganj,Dhaka,,Positive,0.4020906463319614,model,True
হাসনাত আবদুল বললো কি হালায় বুঝলো কি,Khulna,,,Sarcastic_negative,0.3124450261877379,model,True
হাসনাত আব্দুল্লাহ কি বলছে আর এই মাথামোটায় কি বলে,Dhaka,Barisal,,Positive,0.5293234827301199,model,False
অর্ধেক কথা শুনে কুকুরের হুংকার দিলে যায় হয় আরকি.....,Dhaka,Chittagong,Chandpur,Positive,0.552067063311875,model,False
"সে নিজে চাইনি তো আপনার পুনরায় তাঁর বক্তব্য শোনা উচিত,",Dhaka,,,Sarcastic_negative,0.5049019572713567,model,False
জোকার,Dhaka,,,Sarcastic_negative,0.3867251333497808,model,True
"উনি ঘুমিয়ে স্বপ্ন দেখছিলেন তাই হাসনাত আব্দুল্লাহ বক্তব্যে বলেছে কি আর উনি শুনেছেন কি,,",Dhaka,Gazipur,,Negative,0.5378490471923395,model,False
আমার এলাকার কিছু দানির পোলা দল কালা এগুলো দেখেনা,Dhaka,Rangpur,Gazipur,Negative,0.7188559465583586,model,False
এই ভোদাই রে সংসদে পাঠাইলো কোন গরুরা,Comilla,,,Negative,0.6257838424410745,model,False
17 বছর এইসব ছাগলের দেখা মাঠে-ঘাটে হাঁটে কোথাও মিলেনি।,Dhaka,,,Sarcastic_negative,0.658332853032177,model,False
এরা বুঝতে চাই কম চিল্লাই বেশি।,Rangpur,,,Negative,0.4708897467993829,model,True
পাগলে কিনা বলে ছাগলে কি না খায়,Dhaka,Rangpur,,Sarcastic_negative,0.630361816256342,model,False
"একজন মানুষের বাড়িতে অগ্নিসংযোগ বা হামলা কোনোভাবেই গ্রহণযোগ্য নয়। মতভেদ থাকতে পারে, কিন্তু সহিংসতা কখনো সমাধান হতে পারে না। আ…",Dhaka,Barisal,,Negative,0.3340622234300197,model,True
এমনা পড়তে সময় লাগবে পেট্রোল ঢেলে দিয়ে পুরো তাড়াতাড়ি হব বুঝছো,Dhaka,Jamalpur,,Neutral,0.4428284957080725,model,True
ফাঁকা মাঠে তারাই খেলে যারা দূর্বল। এটা কোন হেডাম হলো??,Lalmonirhat,Rangpur,Narayanganj,Sarcastic_negative,0.3371164902308031,model,True
আহা আসবে নাকি পালাবে,Cox's Bazar,,,Sarcastic_negative,0.711770297259349,model,False
সমুদ্রে জোয়ার ভাটা দুটোই হবে,Dhaka,Patuakhali,,Neutral,0.9428254662592246,model,False
এটা হলো ইনসাফের বিচার,Dhaka,Chittagong,,Positive,0.3253713977316934,model,True
আলহামদুলিল্লাহ এরাই প্রকৃত মুক্তিযুদ্ধ,Comilla,,,Positive,0.416190817789731,model,True
জুয়ার টাকা পায়নাই তাই,Dhaka,Narsingdi,,Negative,0.3554857906499082,model,True
সাব্বাশ,Dhaka,Meherpur,,Sarcastic_negative,0.5113208151866239,model,False
এটা যদি সত্য হয়ে থাকে তবে এটা ঠিক না,Dhaka,,,Negative,0.6446992550845038,model,False
"কর বেশি করে কর,পীপিলিকার পাখা গজায় মরিবার তরে",Dhaka,,,Positive,0.7010141585392925,model,False
"বিশ্ব মিডিয়া যাকে চেনে বাংলাদেশকে আন্তর্জাতিক অঙ্গনে পরিচিত করার কারিগর হিসেবে, সেই অলরাউন্ডার সাকিব আল হাসানের মাগুরার বাড়িতে…",Dhaka,,,Negative,0.5144256314941374,model,False
আলহামদুলিল্লাহ,Dhaka,Chittagong,Jamalpur,Positive,0.6722752494029804,model,False
যা হবার তাই হচ্ছে চিন্তার কোনও কিছুই নেই ভাই,Bogra,,,Neutral,0.9239201064152868,model,False
এসব কাজ একমাত্র টোকাইরা করতে পারে।,Comilla,Dhaka,,Sarcastic_negative,0.612449226972082,model,False
কারো বাড়ি ঘরে হামলা করা ঠিক না আইন নিজের হাতে তুলে নিবেন না,Comilla,,,Negative,0.3601600249081223,model,True
এর তীব্র নিন্দা জানায়। দল একজন মানুষ করতেই পারে আপনার য়দি কোন অন্যায় না করে কেন তার বাড়ি ভাংচুর আগুন দিয়ে পুড়িয়ে দিবেন।,Dhaka,Pabna,,Sarcastic_negative,0.6334642778040827,model,False
"আজ তাদের,, কাল ওদের বাড়িতে আর আমরা শুধু চেয়ে চেয়ে দেখবো,,,তুমি যা শিখাইবা প্রতিদান হিসেবে তোমাকে ই পিরত নিতে হবে,, এটি বাংলাদেশের সিস্টেম",Habiganj,Sylhet,,Negative,0.5425199701715174,model,False
Balo korche,Dhaka,,,Sarcastic_negative,0.520214173984122,model,False
এত বছর বাংলাদেশে পেট্রল বোমা তাহলে বিএনপি জামাতের লোকজনই ব্যবহার করত? এটা এখন প্রমাণিত!,Lakshmipur,,,Negative,0.4636883755548979,model,True
এই ঘটনার তীব্র নিন্দা ও প্রতিবাদ জানাচ্ছি,Dhaka,Gazipur,,Negative,0.80355215711138,model,False
পাগলের সুখ মনে মনে,Comilla,,,Sarcastic_negative,0.7936996088943032,model,False
আপা আজ সাকিবকে লীগের শীর্ষ স্থানীয় নেতা বানিয়ে তার বাঁশ ঢুকালেন -আজ যারা এসব করছে তাদের বাড়ি ঘর মনে হয় নাই,Sylhet,,,Sarcastic_negative,0.4757800077118929,model,True
"এই শালা একটা লোভী,,তার আর কত টাকার প্রয়োজন,,,",Sylhet,,,Negative,0.5653373687648885,model,False
তাতে সাকিবের একটা বাল ও ছিড়া গেল না।,Narayanganj,,,Sarcastic_negative,0.5284895038982192,model,False
নমরুদ হালায়,Barisal,Patuakhali,,Negative,0.4121645482303085,model,True
এই জুলাই জুলাই করে দেশটা গৃহ যুদ্ধের দিকে যাচ্ছে,Dhaka,,,Negative,0.5219146636469452,model,False
নয়ন করছে,Chittagong,Comilla,,Negative,0.4320408452302947,model,True
"অপসংস্কৃতি, অপরাজনীতি বাদ দেন।",Dhaka,Narayanganj,Narsingdi,Positive,0.6669710340736925,model,False
ncp রাতের আধারে আসবে না অন্য কেউ করে তাদের ফাসানোর চেষ্টা,Dhaka,Gazipur,,Sarcastic_negative,0.3636930844738512,model,True
অতিরিক্ত ভালো না,Chittagong,Chandpur,,Sarcastic_negative,0.3450241265383441,model,True
Sakib al hasar 1 ta ken emon 50 ta bari boma marle oo kisu hobe na..,Comilla,,,Sarcastic_negative,0.6510237081748615,model,False
এ দেশের রাজনীতি যে কত নোংরা তার জলজন্তু প্রমাণ,Dhaka,Rangpur,,Positive,0.6839977138421337,model,False
আর কি দেখার বাকি?,Sylhet,,,Positive,0.697041966360794,model,False
"দুর,বুলডোজার পাঠা",Dhaka,Khulna,Jessore,Sarcastic_negative,0.3829637717682571,model,True
ভালোই করেছেম,Dhaka,Khulna,,Positive,0.8524123072649609,model,False
প্রতিটি মানুষের বাক স্বাধীনতা রয়েছে,Sylhet,,,Negative,0.5157296948618767,model,False
Alhamdulillah ei jalim jeno deshe na ashte pare pora desh tare lot kore pelce tara sate hajar hajar manus er pran niye gelo,Chittagong,Chandpur,,Sarcastic_negative,0.6976153673912103,model,False
"আগে এসব গল্প মনে হতো ,এখ বাস্তবে দেখছি হায়রে BNP...",Dhaka,,,Negative,0.6224647700223249,model,False
সাকিব কি এখন বাড়িতে আছে! বাড়িতে যারা বসবাস করে তাদের নিরাপত্তা কে দিবে?,Dhaka,Gopalganj,,Positive,0.5814811368161193,model,False
আলহামদুলিল্লাহ ভালো কাজ,Sylhet,,,Positive,0.7377117381916974,model,False
"ধিক্কার জানাই এ সমস্ত মব সন্ত্রাসীদের, দেশের জন্য ভালো কিছু করবার মুরোদ নাই আছে শুধু সন্ত্রাসী চাঁদাবাজিতে। ছিঃ...",Dhaka,,,Positive,0.4542488498247495,model,True
এইদের বিচার হবে,Dhaka,,,Neutral,0.9988783503827778,model,False
71 er shob rajakar der ekhabe kora hoto tahole ar kuno shontrashi thaktona.,Sylhet,,,Sarcastic_negative,0.8023187099421166,model,False
এই গুলো করতে থাকলে তোমরা ও এক ফলাফল পাইবা পারলে সাকিবের কিছু করে দেখা,Dhaka,,,Negative,0.6160761115297377,model,False
Alhumdulillah,Dhaka,,,Sarcastic_negative,0.3503163828203606,model,True
Good job,Feni,,,Sarcastic_negative,0.4700076395686614,model,True
বুলডোজার কই,Dhaka,Munshiganj,,Sarcastic_negative,0.5250746088490899,model,False
এর বিচার এই বাংলাদেশেই হবে ইনশাআল্লাহ,Rajshahi,,,Positive,0.75520105862277,model,False
ঠিক আছে,Sylhet,,,Negative,0.663272330891794,model,False
আমাদের মনে রাখা উচিত ক্ষমতা চিরস্থায়ী নয়। আমরা এরশাদের পতন শুনেছি বিএনপি'র পতন দেখেছি আওয়ামী লীগের পতন দেখেছি। আজকে যারা বা…,Dhaka,Tangail,,Negative,0.7871575923701578,model,False
মানুষরে বাড়ি নষ্ট করা ঠিক না------,Khulna,Satkhira,,Positive,0.4663350754383306,model,True
যায় হোক এটা ঠিক না।,Dhaka,,,Negative,0.7450718553404222,model,False
এরা কি মানুষের মধ্যে পারে না,Rajshahi,,,Sarcastic_negative,0.4316072966994305,model,True
এটা সাকিবুল হাসানের বাড়ি না এটা অন্য সাকিবুল হাসান,Dhaka,,,Negative,0.4804763538175938,model,True
এটা টিক না,Dhaka,Sylhet,,Negative,0.6176911057351788,model,False
সাকি বাল হাসানের টাকার লোভ সামলাতে পারে নাইই.. রা*ক্ষ*সী ডা*ই*নী আফার লগে লাইভে গেছে আফার বা*লও আহে নাই!! অতিরিক্ত খাইতে চাইলেই এরকমই হবে,Chittagong,Magura,,Neutral,0.3764895661855202,model,True
দালালি ফল,Dhaka,Feni,,Sarcastic_negative,0.5850441361533313,model,False
বাড়ির আসে পাশে কেউ নাই। তারা প্রতিবাদ করেনা,Chandpur,Chittagong,,Negative,0.412288550739614,model,True
Motalib Nirob কোর এখন নিতি কথা কই,Lakshmipur,Chittagong,,Positive,0.7572606194907086,model,False
Saki BAL Hasan!,Sylhet,,,Sarcastic_negative,0.5920499123363507,model,False
এটা ওর প্রাপ্য,Dhaka,Sylhet,,Negative,0.3259083559385583,model,True
এরা কিন্তু কেউ বিএনপি'র লোক না,Dhaka,Barisal,Manikganj,Negative,0.7207256074784111,model,False
এটা করা ঠিক না,Khulna,Kushtia,,Positive,0.5464500777949098,model,False
শালারা দুষ্কৃতকারী না বলে বলতে পারতো বিক্ষোভদ্ধ জনগণ,Magura,Dhaka,Barisal,Negative,0.3575801885264361,model,True
জুলাই অযোদ্ধা রা রাজাকার বাহিনী,Barisal,,,Negative,0.4838724592614978,model,True
সাবাস,Barisal,,,Sarcastic_negative,0.3802418046524484,model,True
সঠিক কাজ,Rangpur,Dhaka,,Positive,0.5424961825019179,model,False
এমন আওয়ামিলীগ ও করছে এক সময় হিসাব বরাবর করতিছে,Dhaka,Bogra,,Sarcastic_negative,0.5447845368392937,model,False
এটা তার চাটুকারিতার ফল,Comilla,,,Negative,0.6170943200966463,model,False
বাংলাদেশে সম্মানি মানুষকে সম্মান দিতে জানে না।এটা আমাদের দেশের সিস্টেম।,Sylhet,,,Positive,0.4850538086922559,model,True
কিছু ঘুপসির ছেলেরা আলহামদুলিল্লাহ বলিচ্চে,Gaibandha,Dhaka,,Positive,0.7215430940185591,model,False
"একদম ঠিকাছে,, দালালের মায়্রে বাপ",Dhaka,Khulna,Comilla,Negative,0.4189999940975638,model,True
নো প্রবলেম জঙ্গিদের বিচারে বাংলার মাটিতে অতি শীঘ্রই হবে ইনশাল্লাহ । জয় বাংলা জয় বঙ্গবন্ধু,Narayanganj,,,Positive,0.5565213686966577,model,False
"আমরা হইলাম বাঙালি জাতি, মানুষ হতে পারবো কবে।",Dhaka,,,Negative,0.6358057917131181,model,False
ধন্যবাদ আপনাদের,Sylhet,,,Positive,0.4942338640109313,model,True
দুষ্কৃতকারীরা আগুন দেয় নাই। একজন দুষ্কৃতকারীর বাড়িতে বাংলার জনগন আগুন জ্বালিয়ে দিয়েছে।,Dhaka,Rajshahi,,Negative,0.4321007404969235,model,True
"Dj Sound Lagabe somoy asle, Halay j poriman gawra, Kawre mane nah",Dhaka,Sylhet,Tangail,Sarcastic_negative,0.6195079799216205,model,False
ঠিক আছে,Dhaka,,,Negative,0.663272330891794,model,False
এগুলো হলো খুবই জগন্ন্য,Dhaka,Bagerhat,,Sarcastic_negative,0.3427709048453342,model,True
ইনশাআল্লাহ সময়ের অপেক্ষা তখন বুঝবি,Cox's Bazar,,,Negative,0.5323211505511456,model,False
জোয়ারি সাকিব নাকি লীগ সাকিবের বাড়িতে,Chittagong,,,Sarcastic_negative,0.4707721306891351,model,True
মাঠির সাথে মিশিয়ে দিতে হবে! কোন চিহ্নই রাখা উচিৎ নহে,Khulna,Satkhira,,Neutral,0.8217680729163781,model,False
ধন্যবাদ,Barisal,,,Positive,0.6366609432454146,model,False
এটা বাড়াবাড়ি,Dhaka,Barisal,,Negative,0.5901079525536796,model,False
রাজনীতি হবে মাতে ময়দানে বসতবাড়িতে কোন রাজনীতি নাই,Dhaka,,,Positive,0.5356564809069125,model,False
Alhamdulillah Balotra ka score,Comilla,,,Positive,0.4757905658437055,model,True
গুড়িয়ে দিক হালায় ডাকাত।,Rangpur,Comilla,,Negative,0.4518369249843933,model,True
Perfect.. Era kono duskriti kari na Hasinar last vatar sakib er sathe amon howai uchit.,Rajshahi,Dhaka,,Sarcastic_negative,0.6557890136650056,model,False
"এটা নিশ্চিত জামাতের, ও এন সি পির নাম দিবে,",Dhaka,,,Negative,0.3496012965429192,model,True
বাড়িতে হামলা কেন।পারলে সাকিব কে বিচারে আওতায় আনা যাক,Khulna,Magura,,Negative,0.4236374205237938,model,True
মরা মানুষে বাল চিড়তে গেছে,Dhaka,Khulna,,Sarcastic_negative,0.4295516923703281,model,True
তাহলে পরবর্তী বাংলাদেশে যারা বিরোধীদল থাকবে তাদের বাড়িঘর ভাঙচুর হবে এইটা আজকের শিক্ষনীয় বিষয়।,Dhaka,,,Neutral,0.4740818295552925,model,True
ধন্যবাদ মাগুরা,Lalmonirhat,,,Positive,0.5897594363391154,model,False
দুষ্কৃতকারী আবার কি রে ভাই নাম নিতে কি লজ্জা লাগে?,Dhaka,Sylhet,,Negative,0.4170453662887484,model,True
সাকিব মাঠে খেলা চলা অবস্থায় আম্পায়ার এর সামনে লাথি মেরে স্ট্যাম্প ভাংছিল শুধু আউট হওয়া বলে নট আউট দেয়ার কারণে তাহলে একবা…,Tangail,,,Sarcastic_negative,0.3947504571519973,model,True
চমৎকার সিদ্ধান্ত,Chittagong,Cox's Bazar,,Sarcastic_negative,0.4351029970345408,model,True
বুল ডোজার চালাও।,Dhaka,,,Sarcastic_negative,0.3928500203847125,model,True
এরা জয় বাংলার লোক।,Comilla,,,Negative,0.488042237852156,model,True
Aoumi dalal,Khulna,Jessore,,Sarcastic_negative,0.8202661198150837,model,False
ঠিক আছে,Khulna,Jessore,,Negative,0.663272330891794,model,False
ঠিক করেছে ভালো মতোন দিয়ে দিক,Dhaka,,,Positive,0.8166281566258957,model,False
Ata ki rajnite ata ak dhoroner lot pat,Dhaka,Munshiganj,,Sarcastic_negative,0.4597420703618973,model,True
ধিক্কার জানাই যে হালার**পুত আগুনটা ঠিকমতো লাগাতে পারে নাই। বাড়ি এখনো অক্ষত কিভাবে আছে? সাইক্কা বাই**ঞ্চদ কে চিরতরে নিষিদ্ধ করা হোক দেশ প্রবেশে,Feni,Dhaka,,Negative,0.6076400177825716,model,False
গুড,Dhaka,,,Sarcastic_negative,0.5154416644481491,model,False
এতো আর্জেন্টিনা? আরব দেশের সাথে খেলে।,Khulna,Dhaka,,Sarcastic_negative,0.4528582253670064,model,True
খেলোয়াড় সাকিব এর সাপোর্ট করি কিন্তু এমপি সাকিব এর না,Chittagong,Lakshmipur,,Sarcastic_negative,0.5185415670726687,model,False
সে,Dhaka,Barisal,,Sarcastic_negative,0.5505870848156391,model,False
ভালো কাজ করছে,Rangpur,Panchagarh,,Negative,0.5500009260050952,model,False
এই হারামির বাড়ি কে ৩২ নং করে দিতে হবে।,Sylhet,,,Neutral,0.8521641798416427,model,False
"সাকিবাল হাসানই তার নিজস্ব কিছু লোক দিয়ে এটা করাইছে, মার্কেট পাওয়ার জন্য",Dhaka,Tangail,,Positive,0.4377929097659039,model,True
চাঁদাবাজ দলের কাজ,Dhaka,Mymensingh,,Negative,0.8647054223722189,model,False
bhaloi lagtese,Dhaka,,,Sarcastic_negative,0.512407497046329,model,False
Eii din a din Noy aro din ache sehi din Amar a oh Korbo degum tarik Bangladesh keau Kotha bolte parbe na,Dhaka,Narsingdi,,Sarcastic_negative,0.4618831320219478,model,True
বাংলাদেশের সেনা প্রধান এখন কোথায় রাজনীতি হবে রাজপথে মানুষের বাড়ি ঘরে হামলা দিয়ে এইটা কখনো রাজনৈতিক নয় এটা কখনো বাংলার মাটি…,Cox's Bazar,,,Positive,0.7856708523780825,model,False
এর হিসাব পইপই করে দিতে হবে ইনশাআল্লাহ,Dhaka,Sylhet,,Positive,0.7334969411635838,model,False
Sakibul Hasan Bhatia joggi songoton...awami leuage sobar bari jeno Bharat jaye,Chittagong,Noakhali,,Sarcastic_negative,0.5346372644016707,model,False
Agun koi,Dhaka,,,Sarcastic_negative,0.546377519542493,model,False
মাসআল্লাহ,Rajshahi,,,Negative,0.4185029644973659,model,True
চামচা,Sylhet,,,Sarcastic_negative,0.5525863117423847,model,False
রাজনীতি হবে রাজ পথে বাড়িতে কি।,Sirajganj,,,Neutral,0.5042084329507518,model,False
Eguli kore chapri... Jokhon jei dol ashuk public er kaj chara ek jon arek joner dosher kaj thik e dhorte pare... Eai bosti gul…,Dhaka,,,Sarcastic_negative,0.7537927305523889,model,False
কি দরকার ছিল ক্রিকেট ছেড়ে রাজনীতির পথ বেছে নেওয়া অনেক সম্মানের জায়গায়ই তো ছিল সে …,Khulna,,,Positive,0.413206447527333,model,True
Thik ache,Dhaka,Sylhet,,Sarcastic_negative,0.4844586011456582,model,True
একভাসোনেকথা সুনে এদের বিচি মাথাই উঠেগেছে,Dhaka,Tangail,Dinajpur,Sarcastic_negative,0.3878185998830732,model,True
ছিহ্,Faridpur,Narayanganj,,Sarcastic_negative,0.4467146312236709,model,True
আলী হোসেন তোর বাবার টাকায় বাড়ি বানাইছে কুত্তার বাচ্চা,Dhaka,Gazipur,Jamalpur,Negative,0.5126070665320933,model,False
"2 diner duniyay je manus koto ki na korte pare, chokh bondho korle duniya andhar",Khulna,,,Sarcastic_negative,0.6310501412648453,model,False
Eta r o agee e kora ucit chilo,Dhaka,Chittagong,,Sarcastic_negative,0.4573287767428435,model,True
Joy Bangla,Dhaka,,,Neutral,0.654981172793505,model,False
কামের কাম করেছে,Dhaka,Jhenaidah,,Positive,0.657811743929781,model,False
ছি ছি তীব্র নিন্দা জানাচ্ছি,Magura,Sylhet,,Sarcastic_negative,0.5091708296608686,model,False
"যত এগুলো করবি, ততই আওয়ামী লীগের ফেরাটা সহজ হবে।",Dhaka,Mymensingh,Sherpur,Neutral,0.8014241532446723,model,False
খুব ভালো হয়েছে,Madaripur,Dhaka,Magura,Sarcastic_negative,0.3537399314644529,model,True
ঠিক আছে,Narsingdi,,,Negative,0.663272330891794,model,False
থ্যাংকস অল man,Chittagong,Noakhali,,Sarcastic_negative,0.5634328377083522,model,False
এলাকায় কি মানুষ থাকে না?,Dhaka,,,Neutral,0.376884829057281,model,True
জুয়ারি সাকি বাল,Dhaka,Gazipur,,Sarcastic_negative,0.5169280062623479,model,False
রেন্ডিয়ান্দের জ্বলে তারা ব্যাথা পায় ব্যাট বল পেলে বাচ্ছারা রাজনীতি…,Chittagong,,,Positive,0.8974328022399914,model,False
বলদে রাজনিতি ছারলেই তো হয়,Barisal,Chittagong,,Positive,0.5744621312430009,model,False
এইসব জামাত শিবিরের কাজ,Pabna,Sylhet,,Negative,0.4771815437247292,model,True
Moja pailam nh ekta jodi paroma...,Dhaka,,,Sarcastic_negative,0.517520265540123,model,False
দুষ্কৃতী কারী রা নয় দেশ প্রেমি রা বল দেশ প্রেমি রা বল,Dhaka,,,Positive,0.6648977521503155,model,False
ড্রামা ড্রামা,Dhaka,Manikganj,,Sarcastic_negative,0.4401261017201804,model,True
টোকাই মার্ক দল যারা করে সাবাই টুকাই ১ টারও ঘরে ভাত নাই খাইতে পারেনা কি কোরবে।।,Chittagong,,,Negative,0.7727640528861309,model,False
Sawar rajniti,Chittagong,Khulna,Rangamati,Sarcastic_negative,0.5169838194654748,model,False
ইওয়া কাওয়া আদভ পড়বেন না।,Dhaka,,,Negative,0.4855900251590777,model,True
দালাল কনফারেন্সে অংশগ্রহণ করায়,Dhaka,,,Negative,0.301911866640005,model,True
গুড়িয়ে দে,Dhaka,Rangpur,Nilphamari,Negative,0.420283813224066,model,True
দুস্কৃতকারিরা করবে কেন এইটা.. এই কাজ সবারই করা উচিত যদি বাংলাদেশ কে মন থেকে ভালোবাসেন,Dhaka,Faridpur,,Negative,0.525762381097591,model,False
আলহামদুলিল্লাহ! ধন্যবাদ তাদেরকে,Dhaka,Chittagong,Brahmanbaria,Positive,0.745695809094594,model,False
কথায় আছে না তোর লাগে না পারলেও তোর গূয়ের সাথে যুদ্ধ করব,Dhaka,,,Positive,0.4903488893471213,model,True
ককটেল দিয়ে ৬ মারো,Rangpur,,,Sarcastic_negative,0.5360654688534209,model,False
ঠিকি আছে হালার পুত রে অনেক পছন্দ করতাম…,Dhaka,Feni,,Sarcastic_negative,0.3990833983421823,model,True
জঙ্গিরা এটা ছারা আর কি পারবে,Dhaka,Sirajganj,,Negative,0.6357123874474537,model,False
এসব বাড়াবাড়ি বাঙালি পছন্দ করে না সাকিব আল হাসান বাংলাদেশের রত্ন,Pabna,Dhaka,,Positive,0.7179901036983691,model,False
Alhamdulillha khub valo laglo,Dhaka,,,Sarcastic_negative,0.4938555167024695,model,True
যারা এই অন্যায়ের সাথে জড়িত তাদেরকে আইনের আওতায় আনা উচিত,Pabna,Dhaka,,Negative,0.8064314424021767,model,False
"রাজনীতি রাজনীতির মধ্যেই সীমাবদ্ধ থাকা উচিত। মতভেদ থাকতে পারে, সমালোচনা থাকতে পারে—এটাই গণতান্ত্রিক চর্চার অংশ। কিন্তু কারও ব্য…",Bagerhat,,,Positive,0.4648330109209221,model,True
Md Mizan Ahmed,Sylhet,Moulvibazar,,Neutral,0.4798744754208268,model,True
দে-শ এখন মগের মুল্লুক নাকি মানুষের জান মাইলের মুলো নাই সরকারের কাজ কি জনগণকে সু রক্ষা করা,Chittagong,,,Negative,0.4553687748281991,model,True
জুয়ারির বাড়ি জয়বাংলা,Sylhet,,,Sarcastic_negative,0.3997256626975186,model,True
"যে দেশে কীর্তিমানদের মূল্যায়ন করা হয় না, সে দেশে নতুন কীর্তিমান জন্ম নিতে চায় না! …",Dhaka,Chandpur,,Positive,0.5917404360229164,model,False
জঙ্গিরা সুযোগ পাইছে আরকি,Chittagong,Lakshmipur,,Sarcastic_negative,0.7009673797221435,model,False
এরা জনোগন,Sylhet,,,Sarcastic_negative,0.5913019189807801,model,False
"এইরকম মজার মজার খবর পেতে, সাংবাদিক এর নিচে দুটি বেল আইকনে টোকা দিয়ে রাখুন।",Dhaka,,,Sarcastic_negative,0.6576370116399691,model,False
জয় বাংলা করে দিছে,Bogra,,,Positive,0.6383412204925041,model,False
"সুখে থাকলে ভুতে কিলাই, সাকিব আল হাসানের বেলাতে তাই হয়েছে..",Chittagong,,,Sarcastic_negative,0.4428588776595538,model,True
ভালো কাজ করেছে জনতা! কি দরকার ছিল লাইভে আসার?,Khulna,Bagerhat,,Positive,0.4396749081155219,model,True
Right,Comilla,,,Sarcastic_negative,0.4635683157201793,model,True
কোন সাকিব আল হাসান?,Naogaon,Dhaka,Sylhet,Negative,0.6591298662550253,model,False
"ধন্যবাদ, মাগুরাবাসী। স্বৈরাচারের বিরুদ্ধে জনগণের অবস্থান স্পষ্ট।…",Chittagong,,,Positive,0.4552571334255943,model,True
এটা অন্যায়।,Dhaka,Sylhet,,Negative,0.423669997078987,model,True
"লাইভ, দুই দিকে হচ্ছে",Dhaka,,,Sarcastic_negative,0.4202591444106806,model,True
একদম ঠিক করছে।,Dhaka,Chandpur,,Negative,0.7301060007962683,model,False
এই সব ঠিক না...,Dhaka,,,Negative,0.8179886142874706,model,False
এটা অন্যায়,Khulna,Chuadanga,,Negative,0.423669997078987,model,True
মাশাআল্লাহ,Dhaka,Cox's Bazar,,Negative,0.7025170713543295,model,False
সময় মত জবাব হবে জয় বাংলা জয় বঙ্গবন্ধু,Dhaka,,,Neutral,0.6304258104056598,model,False
তীব্র নিদ্রা জানাই,Chittagong,Dhaka,Barisal,Sarcastic_negative,0.3521405095578975,model,True
তোমার কি?,Dhaka,,,Negative,0.579778128290835,model,False
বাপেরও বাপ থাকে মনে রাখবেন।,Dhaka,,,Sarcastic_negative,0.6859134778341325,model,False
একটু অপেক্ষা কর এই আগুন উল্ট যাবে।,Dhaka,Barisal,Barguna,Negative,0.7789379053745006,model,False
দারুণ,Dhaka,Narail,,Sarcastic_negative,0.465719585302308,model,True
দূসৃকৃতকারীরা তোর আব্বা,Khulna,,,Negative,0.689353637238275,model,False
ঠিক আছে,Dhaka,Comilla,,Negative,0.663272330891794,model,False
"দেশ প্রেমিক রাই করসে, আর তাদের thanks",Dhaka,,,Positive,0.8788574965380518,model,False
দরকার আছে,Rajshahi,,,Negative,0.5269550294387179,model,False
সাবাশ,Rangpur,,,Sarcastic_negative,0.4325529551799932,model,True
গুড ডিসিশন নিয়েছে,Dhaka,,,Sarcastic_negative,0.5102655999788839,model,False
সাব্বাশ,Dhaka,,,Sarcastic_negative,0.5113208151866239,model,False
আলহামদুলিল্লাহ,Madaripur,,,Positive,0.6722752494029804,model,False
স্বৈরাচারী দোসরদের এমনই করা উচিত,Dhaka,Mymensingh,,Neutral,0.3136157266844985,model,True
Alhamdulillah,Dhaka,Bogra,,Positive,0.5462164194000266,model,False
Good job,Sylhet,,,Sarcastic_negative,0.4700076395686614,model,True
দেশ প্রেমিক এরা,Chittagong,,,Sarcastic_negative,0.7011859595632228,model,False
আলহামদুলিল্লাহ,Comilla,,,Positive,0.6722752494029804,model,False
উত্তজিত হবেন নাহ। ব্যাক্তি সাকিবের বাড়িতে agun দিছে। খেলোয়াড় সাকিবের বাড়িতে না,Narayanganj,,,Neutral,0.80919202769215,model,False
সাকিব আল হাসান কি আসলেই বাংলাদেশের মানুষের মন বুঝে।,Dhaka,Narsingdi,,Positive,0.3465490996211314,model,True
এরা জামাতি নিশ্চিত,Barisal,Bhola,,Sarcastic_negative,0.4999603003709056,model,True
আলহামদুলিল্লাহ,Chittagong,,,Positive,0.6722752494029804,model,False
গুড,Sylhet,,,Sarcastic_negative,0.5154416644481491,model,False
খুশি হইলাম,Dhaka,Chandpur,,Sarcastic_negative,0.4583518743220315,model,True
Hai Re Manush tora desh ta shesh kore dily,Kishoreganj,Dhaka,,Sarcastic_negative,0.8160916618124742,model,False
এগলি তো সন্ত্রাসী কর্ম,Dhaka,Sylhet,Gazipur,Neutral,0.435850564631565,model,True
আলহামদুলিললহ,Chittagong,,,Positive,0.5773387363189758,model,False
ঠিক আছে,Dhaka,Feni,,Negative,0.663272330891794,model,False
তীব্র নিন্দা প্রতিভা জানাচ্ছি,Dhaka,,,Negative,0.623641913789511,model,False
Alhamdulillah,Dhaka,Rangpur,,Positive,0.5462164194000266,model,False
good job,Feni,,,Sarcastic_negative,0.4700076395686614,model,True
কি হলো,Dhaka,,,Sarcastic_negative,0.5449191304350277,model,False
আপনারাও কি আওয়ামী লীগের মত হয়ে যাবেন?,Dhaka,,,Sarcastic_negative,0.6428865805984192,model,False
তীব্র নিন্দা জানাই,Feni,,,Sarcastic_negative,0.509719937195537,model,False
তীব্র নিন্দা ও প্রতিবাদ জানাই,Dhaka,Madaripur,,Negative,0.5865651700416749,model,False
এই মবের মাসুল কে,Dhaka,,,Negative,0.6757803133179278,model,False
শাকিব আল হাসান বাংলাদেশের অহংকার এরা ঠিক করে নাই,Dhaka,Barisal,Rangpur,Positive,0.7748447509854449,model,False
রাজনীতি করা উচিত রাজ পথে কারো বাড়িতে না,Dhaka,Madaripur,,Positive,0.5951216011544934,model,False
Ei jonggider bichar hobe Sheikh hasina ashse,Sylhet,,,Sarcastic_negative,0.6263142299489088,model,False
"বাল পাকনা বেশি হয়ে গেছে,দেশের লোক রাজনীতি হবে মাঠে, মানুষের বাড়িতে কি",Dhaka,,,Neutral,0.4805449731281788,model,True
Alhameddulillah,Chittagong,Dhaka,,Sarcastic_negative,0.393414630482515,model,True
সঠিক পদ্ধতিতে হচ্ছে,Barisal,Bhola,,Positive,0.4450695684894555,model,True
অনেক সুন্দর হয়েছে,Dhaka,Bogra,,Sarcastic_negative,0.5729373549592963,model,False
এর চাইতে পুরা দেশ পারমাণবিক বো মা মেরে উ রিয়ে দিলেইত হয়,Dhaka,,,Sarcastic_negative,0.3973613944252168,model,True
আবার সেই আগের মত জং গি চলে আসছে,Dhaka,,,Negative,0.4736805922422454,model,True
কবের ঘটনা,Dhaka,Faridpur,,Sarcastic_negative,0.5561194256882498,model,False
মিয়া মিয়া,Dhaka,Comilla,,Sarcastic_negative,0.5388762649523091,model,False
আরো করো ভিডিও কল।,Tangail,,,Positive,0.6952757302356758,model,False
হাহাহা,Sylhet,,,Sarcastic_negative,0.3802862064096735,model,True
ওন ওন ওন,Dhaka,Chittagong,Gazipur,Sarcastic_negative,0.6044665483456872,model,False
আপা কই,Dhaka,Narsingdi,,Sarcastic_negative,0.626372940570008,model,False
Sharma Susmita কি করবে ভাই এদের জন্মের ঠিক নাই তাই এগুলা করছে,Dhaka,,,Positive,0.5334146555422005,model,False
Jongei ja kei pareman bara gasa sana bahei nei jana na ara pakistaner jamat sever jongei,Chittagong,,,Neutral,0.6569834137347157,model,False
"উচিৎ জবাব দিয়েছেন,",Dhaka,Kishoreganj,,Sarcastic_negative,0.4423493586890075,model,True
এন সি পি জাশির কাজ,Comilla,,,Sarcastic_negative,0.4512743533448527,model,True
যারা এ কাজ করেছে তাদেরকে পুরস্কার দেয়া হবে,Dhaka,Chittagong,,Neutral,0.7139422651295071,model,False
Good job,Dhaka,,,Sarcastic_negative,0.4700076395686614,model,True
সঠিক কাজ,Dhaka,,,Positive,0.5424961825019179,model,False
একদম সঠিক কাজ করছেন জনগণ,Comilla,,,Negative,0.3960748460624792,model,True
কর তরা কত করতে পারিছ সময় হলে ঠিক দরা দিবি,Dhaka,Gazipur,,Sarcastic_negative,0.3847016096676556,model,True
যে বা যারা এভাবে হামলা করে ওদেরকে চিহ্নিত করে রাখা হোক,Sylhet,,,Positive,0.4708915626210109,model,True
একজনের বাড়িতে আগুন দেওয়ার অধিকার কারো নাই এইগুলা মনে রেখ সময় সব সময় একজনের সাথে থাকে না বেশি লাগবে না সময় আসতে...,Brahmanbaria,,,Sarcastic_negative,0.3964741639257776,model,True
এসব করে সরকারের ব্যার্থতা ছারা আর কিছু প্রমান করে না।,Dhaka,Pabna,,Positive,0.8126580517384675,model,False
সাবাস,Narsingdi,Dhaka,Sylhet,Sarcastic_negative,0.3802418046524484,model,True
১৭ বছর বাল ছিড়ছিলো। এখন খালি বাড়িতে ককটেল মারছে।,Dhaka,Magura,,Sarcastic_negative,0.5068039402417908,model,False
এটাই রাজনীতি???,Dhaka,Kishoreganj,,Positive,0.6833368110876963,model,False
good job,Dhaka,Gazipur,,Sarcastic_negative,0.4700076395686614,model,True
এতো ভয় পাইলে রাজনীতি কিভাবে করবে এরা,Sylhet,Dhaka,,Sarcastic_negative,0.4412198767624901,model,True
Alhamdulillah,Dinajpur,,,Positive,0.5462164194000266,model,False
"এগুলো সনএাসী কাজ এগুলো রাজনীতি হতেই পারেনা,,,",Chittagong,,,Positive,0.684963373666772,model,False
এটা দালালির ফল,Dhaka,,,Negative,0.4332539121305896,model,True
আলহামদুলিল্লাহ,Dhaka,,,Positive,0.6722752494029804,model,False
Good,Dhaka,Chittagong,Comilla,Sarcastic_negative,0.4671987920865377,model,True
জুলাইয়ের সাথে সাকিবের কোন সম্পৃক্ততা নেই কারণ সাকিব তখন বাংলাদেশী ছিল না সাকিব খুবই ভদ্র একটা ছেলে রাজনীতির সাথে জড়িয়ে জীব…,Pabna,Dhaka,,Positive,0.642464257181969,model,False
Good job,Chittagong,,,Sarcastic_negative,0.4700076395686614,model,True
বেশি বাড়াবাড়ি হয়ে যাচ্ছে,Chittagong,,,Sarcastic_negative,0.3606714366751757,model,True
রাজাকারের সাবক,Sylhet,,,Negative,0.621391399181424,model,False
শাকিবের আপা কই এখন চট করে ঢুকে পড়েন,Dhaka,Munshiganj,,Positive,0.5213506355586773,model,False
একদম ঠিক করেছে,Dhaka,Barisal,Bhola,Negative,0.3905584495677884,model,True
ঠিক আছে ধন্যবাদ,Sylhet,,,Positive,0.5978687814014603,model,False
কুত্তা শাকিব এ-র জন্য এটাই ঠিক আছে,Barisal,,,Negative,0.5631190685069023,model,False
এইবার টিক আছে,Chittagong,,,Negative,0.3893612021538319,model,True
কমেন্ট পড়লেই বুঝা যায় আমাদের মধ্যে কত শ্রেণীর লোক আছে। এই দেশের মানুষ যদি এত বিভক্ত না হয়ে এক হতেপারে তবেই শান্তি আসবে দেশে।,Dhaka,Rangpur,,Negative,0.8697784158819982,model,False
জামাত-শিবিরের অস্তিত্ব থাকে না এই বাংলাদেশে একটু অপেক্ষা,Bhola,Dhaka,Gazipur,Negative,0.8005806952112555,model,False
Sharma Susmita আমি তো তোর খাটে করতে চাই,Dhaka,Barisal,,Sarcastic_negative,0.3768432375648837,model,True
Rofik Islam apnar jonn jotaa,Chittagong,Brahmanbaria,,Neutral,0.5411276326673347,model,False
পুলিশ আসলেই ফানুস,Dhaka,Narayanganj,,Negative,0.3882838421944844,model,True
সুন্দর কাজ হয়েছে,Dhaka,Rajshahi,Bogra,Sarcastic_negative,0.3952902199174562,model,True
ভিডিও না করে পুলিশ কে ফোন দিতেন,Rangpur,Dhaka,Sylhet,Positive,0.6751224701275538,model,False
সাকিব আল হাসানকে জয়বাংলা করে দেওয়া এটা দায়িত্বশীল হয়েছে হয়েছে।,Dhaka,Barisal,,Negative,0.424128094396515,model,True
একদম ঠিক আছে।,Dhaka,Munshiganj,,Negative,0.7010857262309736,model,False
আলহামদুলিল্লাহ,Sylhet,Habiganj,,Positive,0.6722752494029804,model,False
ধন্যবাদ বাংলাদেশ অনেক সুন্দর পারো,Dhaka,,,Positive,0.7040467605485234,model,False
৩২ নম্বর এর মত করে দেয়া যায় না।,Dhaka,,,Positive,0.5536483243984167,model,False
এটা অন্যায়,Dhaka,,,Negative,0.423669997078987,model,True
ওওও,Dhaka,Rangpur,,Sarcastic_negative,0.4635683157201793,model,True
Akm Mostofa Kamal মাঠ ফাঁকা হল কেন,Dhaka,,,Sarcastic_negative,0.6661914429851312,model,False
আলী হোসেন তোর বাপের বাড়ি,Dhaka,Narail,,Negative,0.5743461121865296,model,False
Agun tu dekha jai na ray modir awlad,Dhaka,Munshiganj,,Sarcastic_negative,0.5546660442724912,model,False
কেরোসেনের আগুন লাগাতে হবে,Dhaka,,,Neutral,0.9324953559985626,model,False
Alhamdulillah,Chittagong,,,Positive,0.5462164194000266,model,False
বিম্পী আগুন ধরাইছে এটা এনসিপি করবেনা৷,Sylhet,,,Negative,0.5237667063942214,model,False
আলহামদুলিল্লাহ,Barisal,,,Positive,0.6722752494029804,model,False
Good job,Cox's Bazar,,,Sarcastic_negative,0.4700076395686614,model,True
দিল্লি যাইতে বলো,Dhaka,,,Negative,0.364333775524608,model,True
ঠিক করছে,Sylhet,,,Negative,0.710811935618432,model,False
ঠিক করছে,Chittagong,Lakshmipur,,Negative,0.710811935618432,model,False
"এটা মোটেও ঠিক না,",Rangpur,,,Negative,0.6303712280604233,model,False
ঠিক কাজ হয়েছে,Dhaka,Gazipur,Bogra,Negative,0.4079553659726089,model,True
টিক আছে,Chittagong,,,Negative,0.5963542179032879,model,False
হায়রে মানুষ আরও আসবে,Dhaka,Gazipur,Bogra,Sarcastic_negative,0.3885630802110897,model,True
"বিশ্বমিডিয়ায় দেশের মুখ উজ্জ্বল করা অলরাউন্ডার সাকিবের বাড়িতে হামলার আগে আক্রমণকারীদের মনে রাখা উচিত—ক্ষমতা চিরস্থায়ী নয়, তাই '…",Chittagong,,,Positive,0.5562340414324972,model,False
ছাগল গুলো বুঝতেও পারলো না আ'গুন কোথায় লাগালো।…,Sirajganj,Dhaka,,Negative,0.5131416428485106,model,False
ভালো কাজ করচে,Feni,,,Sarcastic_negative,0.3365627424714685,model,True
আলহামদুলিল্লাহ,Khulna,,,Positive,0.6722752494029804,model,False
Alhamdulillah,Khulna,Satkhira,,Positive,0.5462164194000266,model,False
আলহামদুলিল্লাহ,Dhaka,Sirajganj,,Positive,0.6722752494029804,model,False
এই কাজ মোটেই ঠিক হয় নি।,Dhaka,Chittagong,Pirojpur,Negative,0.7475805262072577,model,False
আলহামদুলিল্লাহ,Rajshahi,,,Positive,0.6722752494029804,model,False
ঠিক করেছে।।,Rajshahi,Chapainawabganj,,Positive,0.7687199129768753,model,False
সন্ত্রাসী গুলো কারা?,Chittagong,,,Neutral,0.4746865557508275,model,True
টিকেই আছে দালাল মুক্ত দেশ চাই,Dhaka,,,Negative,0.4104056398518009,model,True
আলহামদুলিল্লাহ চমৎকার হইছে।,Barisal,,,Positive,0.5948048056757649,model,False
মাশাল্লাহ মাশাল্লাহ খুব ভালো কাজ,Narayanganj,,,Positive,0.3395807369870489,model,True
এটা কি বাংলাদেশ,Rajshahi,,,Positive,0.7496668242648058,model,False
"রাজনৈতিক জুয়ারী সাকিবের বাড়ীতে আগুন দিয়েছে সাধারণ জনতা, ক্রিকেটার সাকিবের বাড়ীতে ফুলের টুকাও দেয়নি কেউ।",Sylhet,,,Positive,0.5864110457498726,model,False
কেন,Dhaka,,,Sarcastic_negative,0.6534326895733262,model,False
ঔ এলাকার লোকজন মনে হয় ঔটা,Dhaka,Chittagong,,Sarcastic_negative,0.3776366253264342,model,True
বেশি আবেগ ভালো কিছু আনবেনা।,Dhaka,Chittagong,Noakhali,Negative,0.4255567947885287,model,True
ঠিক আছে,Dhaka,Rangpur,Chittagong,Negative,0.663272330891794,model,False
"যারাই এই বর্বর, পৈশাচিক, কাপুরুসুচিৎ হামলা চালিয়েছে, তাদেরও বাড়ি ঘর আছে, আগামীতে দিগুন করে ফিরিয়ে দেওয়া হবে, ইনশাআল্লাহ।।",Dhaka,Rangpur,,Positive,0.5130343365916404,model,False
তীব্র নিন্দা ও প্রতিবাদ জানাই যারা এসব সন্ত্রাসী কর্মকাণ্ড করেছে ইনশাল্লাহ খুব শিগগিরই তাদের এই বিচার হবে,Dhaka,,,Positive,0.4299431564020274,model,True
বিএনপির লোক সব গুলো,Chittagong,Dhaka,,Negative,0.8918269423148708,model,False
এতে শাকিবের জনপ্রিয়তা আরো বেড়ে গেল,Dhaka,,,Sarcastic_negative,0.4961620965549987,model,True
আলহামদুলিল্লাহ,Khulna,,,Positive,0.6722752494029804,model,False
আজকে না দেখলাম চাচায় লাইভে আইছিলো হাসিনা বুয়ার সাথে,Narayanganj,,,Negative,0.4566067204689158,model,True
Alhamdulillah,Dhaka,Pabna,,Positive,0.5462164194000266,model,False
এলাকাবাসীরা একত্রিত হয়ে প্রতিবাদ করুন। এইসব বন্ধ করার দায়িত্ব এখন জনগনের।,Chittagong,,,Positive,0.5249690337201706,model,False
আলহামদুলিল্লাহ,Bogra,Nilphamari,Panchagarh,Positive,0.6722752494029804,model,False
আলহামদুলিল্লাহ,Sylhet,,,Positive,0.6722752494029804,model,False
এটা কাঙ্খিত নয়।,Lalmonirhat,,,Negative,0.3144735432572972,model,True
ধন্যবাদ এসব ভালো ভালো কাজ কর,Rajshahi,,,Positive,0.8333909278502519,model,False
দালাল সাকিব,Dhaka,Jamalpur,,Sarcastic_negative,0.6974552151085746,model,False
সাবাস,Dhaka,Jamalpur,,Sarcastic_negative,0.3802418046524484,model,True
Alhamdulillah,Sylhet,,,Positive,0.5462164194000266,model,False
উত্তেজিত হবেন না ব্যক্তি সাকিবের বাড়িতে আ*গুন দেওয়া হয়েছে খেলোয়াড় সাকিবের বাড়িতে নয়,Pabna,,,Neutral,0.5225712416331996,model,False
"যেখানে মাশরাফি বিন মর্তুজার মতো একজন সম্মানিত মানুষের স্মৃতিময় বাড়িও রক্ষা পায়নি, সেখানে সাকিব আল হাসানের বাড়িতে এমন ঘটনায…",Khulna,Jessore,,Negative,0.7029484466673968,model,False
আলহামদুলিল্লাহ,Chittagong,,,Positive,0.6722752494029804,model,False
জংগী হামলার নিন্দা জানাই।,Chittagong,,,Sarcastic_negative,0.4404373553023566,model,True
তিব্র নিন্দা জানাচ্ছি,Dhaka,Barisal,,Sarcastic_negative,0.5083229909825342,model,False
খুব দুঃখ জনক,Magura,Chittagong,,Sarcastic_negative,0.4012728431698885,model,True
Alhamdulillah,Dhaka,Patuakhali,,Positive,0.5462164194000266,model,False
হামলার সাথে জড়িত সকলকে ধন্যবাদ।,Chittagong,,,Positive,0.4940580829025822,model,True
Bnp,Dhaka,Narail,,Sarcastic_negative,0.4106371066406857,model,True
Sharma Susmita বাংলাদেশ এর রাজনীতি তে আপনার মত ভারতীয় এর কমেন্ট কেন?নিজের দেশ নিয়ে ভাবুন।বাংলাদেশ নিয়ে ভাবার জন্য বাংলাদেশ এ অনেক লোক আছে।,Dhaka,,,Positive,0.7590081060841246,model,False
আলী হোসেন তোর কোলসি ফুটা কোইরা দিমু,Rajshahi,,,Negative,0.5210501750468527,model,False
জংগী মুক্ত করতে শেখ হাসিনার বিকল্প নেই,Magura,Dhaka,,Sarcastic_negative,0.6842163131566046,model,False
ধন্যবাদ সবাইকে,Dhaka,Khulna,,Positive,0.3996883097741617,model,True
বগুড়া বাসীকে অসংখ্য ধন্যবাদ,Comilla,,,Positive,0.4875891533159628,model,True
"টিকই আছে,, সাকিব বেশি বাল পাকনা",Sylhet,,,Negative,0.4680589225621236,model,True
"যারা জুলাই বিক্রি করে এ দেশটাকে শেষ করছে তাদের তো চলবেই যা ইচ্ছে করেন, এখন তো আপনারই সব। তবে প্রকৃতির হিসেবের কথা ও মাথায় র…",Dinajpur,,,Positive,0.6752946041548221,model,False
দুঃখ জনক,Dhaka,,,Sarcastic_negative,0.4451646130314547,model,True
রেন্ডিয়ান্দের জ্বলে তারা ব্যাথা পায় ব্যাট বল পেলে বাচ্ছারা রাজনীতি করলে এমন ই হয়,Chittagong,,,Positive,0.7793340374792402,model,False
ঠিকি আছে হালার পুত রে অনেক পছন্দ করতাম এখন আর সেই যায়গা নাই,Dhaka,Feni,,Positive,0.4470689896410401,model,True
"ধন্যবাদ, মাগুরাবাসী। স্বৈরাচারের বিরুদ্ধে জনগণের অবস্থান স্পষ্ট। স্বৈরাচারীদের সঙ্গে কোনো আপস নয়। এভাবেই জবাব দিতে হবে।",Chittagong,,,Neutral,0.4937295644112669,model,True
কালকে সেমিফাইনাল খেলছে মোদির সাথে। ডিসেম্বরে ফাইনাল খেলবে ট্রাম্পের সাথে।,Bogra,Dhaka,Narsingdi,Sarcastic_negative,0.6486480414634695,model,False
ছাগল গুলো বুঝতেও পারলো না আ'গুন কোথায় লাগালো। এই ঘটনায় ইতিমধ্যে আন্তর্জাতিক মিডিয়ায় আ'গুন লেগে গেছে।,Sirajganj,Dhaka,,Negative,0.8903956431918398,model,False
Akm Mostofa Kamal তে তুই আয়,Dhaka,Kushtia,,Sarcastic_negative,0.4221770517414918,model,True
দেশের আইন টাকা দিয়ে কিনা যায়,Rangpur,,,Negative,0.3796718350353357,model,True
হুজুরের উপর দায় চাপিয়ে দেওয়া হয়েছে,Dhaka,,,Sarcastic_negative,0.4466584196046511,model,True
"আমাদের পরম সৌভাগ্য দেশে ইনসাফ কায়েম হয়েছে, সংস্কার সফল হয়েছে। গণতন্ত্র চর্চার ধারাবাহিকতায় মানবাধিকার, ন্যায়বিচার এবং আইন…",Moulvibazar,Sylhet,,Negative,0.3039502439548146,model,True
https://www.channel24bd.tv/.../%E0%A6%A8%E0%A6%BE%E0%A6...,Dhaka,Sylhet,,Neutral,0.642130436265298,model,False
"আলেম নির্মুল করতে গিয়ে হাসিনা ধংস হয়েছে ইনশাআল্লাহ বি এন পি ধংস হবে,,,",Dhaka,,,Positive,0.5343058076996886,model,False
আমাদের আদালত মন যা চায়।,Dhaka,,,Negative,0.5836945294544243,model,False
একজন যে হাফেজ নাইম সেটা লিখলেন না যে? এটাতেও টেকনিক আছে মনে হয়,Dhaka,Mymensingh,,Negative,0.4065192509254535,model,True
হা হা হা হা হা হা ইনসাফ ভিত্তিক বিচার শুরু হয়েছে,Dhaka,,,Positive,0.4802565625620332,model,True
হুজুরের দোষ।।।।।,Dhaka,Tangail,Brahmanbaria,Sarcastic_negative,0.4820503959075071,model,True
"একই মামলা, একই অভিযোগ—কেউ খালাস, আর একজন হাফেজের জন্য মৃত্যুদণ্ড!…",Dhaka,Sylhet,Brahmanbaria,Positive,0.5447758036545817,model,False
একজন মজলুম আলেমের সাথে অন্যায়কে আল্লাহ তায়ালা বরদাশত করবেন না।,Moulvibazar,Sylhet,,Negative,0.62271319776264,model,False
রাজনীতিতে ১ জন ইনভল্ত না থাকায় শাস্তি টা পাইতে হলো,Sylhet,Habiganj,,Positive,0.4466485510408841,model,True
আফসোস আলেম বলে তাকে মৃত্যুদণ্ড দিলো বাকিরা খালাস,Chittagong,Cox's Bazar,,Positive,0.5463235813475351,model,False
"সুরঞ্জিত হত্যার চেষ্টা, ওকে কি হত্যা করতে পেরেছিল? পারে নাই ,তাহলে ফাঁসির আদেশ হয় কি করে?",Bogra,,,Negative,0.5076908941975654,model,False
সুশাসন প্রতিষ্ঠিত হয়েছে,Barisal,Bhola,,Negative,0.5151032623710581,model,False
হুজুর বলে দায় দিয়ে দাও!!!,Dhaka,Jamalpur,,Positive,0.710206121646053,model,False
সেই একজনের মাথায় টুপি আছে। তিনি হুজুর,Dhaka,Mymensingh,,Negative,0.3965994752100771,model,True
এটা কিভাবে সম্ভব?,Dhaka,Gazipur,,Positive,0.3901851202782909,model,True
এটাই বাংলাদেশের আইন,Sylhet,,,Positive,0.4813495739044044,model,True
তামাশা কর,Dhaka,Narayanganj,,Positive,0.5716981918386922,model,False
আমাদের দেশের বিচার,Sylhet,,,Negative,0.739269008133724,model,False
আর সেই একজন কোরআনের হাফেজ।,Dhaka,Faridpur,,Positive,0.5248547282785774,model,False
Tupi owala take dhorche A des tupi owalara nirapod noi,Dhaka,,,Sarcastic_negative,0.628910215957495,model,False
বাংলাদেশে ক্ষমতা যার আইন তার। ক্ষমতাসীনরা খালাস পায়। আর নিরীহ মানুষের মৃত্যুদণ্ড হয়।,Dhaka,Comilla,,Positive,0.8346568948324611,model,False
ওনিও জামিন পাইতেন যদি হুজুর না হইতেন,Dhaka,Mymensingh,,Sarcastic_negative,0.4563861533344652,model,True
সব দোষ হুজুরের,Dhaka,Thakurgaon,,Sarcastic_negative,0.4733998877269985,model,True
কেন জানেন ওর থেকে দাড়ি টুপি আছে বলে,Cox's Bazar,,,Positive,0.3759921913141161,model,True
"রাজনীতিবিদরা মুক্তি পায়, আর হুজুর হওয়ায় ফাঁসির রায়?…",Sylhet,Habiganj,,Positive,0.7428414670244223,model,False
অই একজন কি ভুল করল,Dhaka,Rangpur,,Negative,0.3301569219839328,model,True
কারণ সে ছিল হাফেজ দাড়ি টুপি ওয়ালা,Dhaka,Rangpur,,Sarcastic_negative,0.4312126137322984,model,True
আর তিনি দারি টুপি ওলা হাফেজ,Dhaka,Narsingdi,,Positive,0.398646263032949,model,True
দীর্ঘ ২০ বছর কারাভোগের পর তিনি মুক্তি পেয়েছিলেন। মুক্তির পর এসে মা-বাবাকেও আর জীবিত পাননি। জীবনের সবচেয়ে মূল্যবান সময়গুলো কারা…,Sylhet,,,Negative,0.4081523401092095,model,True
কিছু বললেই দোষ হবে,Barisal,Bhola,,Neutral,0.9224553167952252,model,False
যাকে মৃত্যুদণ্ড দিয়েছে সে নিশ্চয়ই জামায়াতের সঙ্গে জড়িত হতে পারে,Panchagarh,,,Negative,0.6430953037123688,model,False
আইনের শাসন!,Dhaka,,,Neutral,0.361916036341643,model,True
কারণ তিনি হলেন একজন হুজুর এটাই আমার বাংলাদেশ,Chittagong,,,Negative,0.3976526201921101,model,True
যদি হাফেজ সাহেব বিএনপি করতো তাহলে কখনো মৃত্যুদণ্ড দিত না।,Chittagong,,,Negative,0.6085330745227605,model,False
সে একজনের মাথায় তেল নাই তার জন্য তার সাজা,Chuadanga,,,Positive,0.4768751650543216,model,True
এটাই বাংলাদেশের বিচার যখন যে ক্ষমতায় যায় তার সব গুনাহ মাফ হয়ে যায়,Dhaka,Chittagong,,Positive,0.6139371015429024,model,False
তার অপরাধ সে হুজুর।,Comilla,,,Sarcastic_negative,0.4148579250366104,model,True
এ তো জানা কথা,Dhaka,Khulna,Jessore,Positive,0.8050171633879271,model,False
এটা দেশের কোন বিচার,Dhaka,Comilla,,Negative,0.6145284750753731,model,False
একজন সে কিন্তু দলের না,Dhaka,Gazipur,,Negative,0.5044041683881502,model,False
"বিএনপি নিজ দলের গুলাকে খালাস দিলো, নাঈমকে কেনো ফাঁসি দিলো সেম মামলায়?? নাঈম বিএনপি করে না বলে, হুজুর বলে??",Chittagong,,,Negative,0.7266504270938182,model,False
"হুজুর মনে হয় দলের বাহিরের, তাই এমনটা হয়েছে,আফসোস",Chittagong,Noakhali,,Sarcastic_negative,0.5932005540658406,model,False
হাফেজের উপর দায় চাপানো হইছে।,Dhaka,Manikganj,,Negative,0.4030473461139973,model,True
Huje hoyatai doss,Dhaka,Rajshahi,,Sarcastic_negative,0.5216563043537309,model,False
আল্লাহর আদালতে কি জবাব দিবা?,Barisal,,,Negative,0.6135036434372356,model,False
আর এজনকে আবার ফাঁসানো হলো কেন!!,Rajshahi,,,Positive,0.3926884449943011,model,True
এটাই বাংলাদেশের আসল চরিত্র,Dhaka,Gazipur,,Negative,0.453938410406247,model,True
"এদের সময় ফুরিয়ে আসতেছে, মনে হয়",Dhaka,Rangpur,,Sarcastic_negative,0.5266217847870546,model,False
Doler baire arki Kichu korar nai,Dhaka,,,Sarcastic_negative,0.4480755647153904,model,True
Soirachar atake bole,Dhaka,Pabna,,Sarcastic_negative,0.5520714448885619,model,False
রাষ্ট্র তোমার এ কেমন বিচার,Dhaka,Barisal,Bhola,Sarcastic_negative,0.5622230468440221,model,False
এটা আমরা মানি না মানবো না।,Kishoreganj,,,Negative,0.7091750047646304,model,False
জাহেল সরকার,Dhaka,,,Negative,0.3958540805110159,model,True
পাকিস্তান জিন্দাবাদ,Dhaka,,,Sarcastic_negative,0.5632902739616469,model,False
সব কয়টার কোন এক বিচার হইব,Sylhet,,,Sarcastic_negative,0.3069961597042417,model,True
রাজপথে নামেন দেখবেন ওনার কিছু হবেনা,Narayanganj,,,Neutral,0.5606478901552565,model,False
অপরাধী শুধু অন্য দলেই থাকে ভালো খুব ভালো,Chittagong,,,Negative,0.372636694018006,model,True
বাহ কি চমৎকার খেলা,Dhaka,Sylhet,,Sarcastic_negative,0.435758745045669,model,True
একমাত্র আল্লাহই ভাল জানে এই দেশে ইনসাফ কবে কায়েম হবে।,Dhaka,Pabna,Dinajpur,Neutral,0.3969105899701177,model,True
সময় ফুরিয়ে আসছে,Dhaka,,,Sarcastic_negative,0.4419040342638446,model,True
দেশটা মগের মল্লুক হয়ে গেছে রে ভাই,Dhaka,Rajshahi,Natore,Sarcastic_negative,0.56521897416278,model,False
একের বিচার,Dhaka,Gazipur,,Sarcastic_negative,0.323465646983164,model,True
এর নিন্দা জানাই,Dhaka,Khulna,,Sarcastic_negative,0.7446870103868093,model,False
এটা নিশ্চিত বিচারক হাফেজ নাইম ভাইয়ের প্রতি জুলুম করেছে,Patuakhali,Dhaka,Munshiganj,Negative,0.7267699475414318,model,False
এই হলো আইন,Dhaka,Barisal,Bhola,Negative,0.5428909973369709,model,False
এক দেশের দুই আইন,Khulna,,,Sarcastic_negative,0.3545640192618561,model,True
Law of Bangladesh,Chittagong,Cox's Bazar,,Sarcastic_negative,0.5559593878576977,model,False
আমার সোনার বাংলা...,Bogra,,,Negative,0.7410534273374192,model,False
এটা কেমন বিচার,Dhaka,,,Sarcastic_negative,0.3574387649630033,model,True
Ata kmn ray Khma krle sbay k khma krte hbe…,Dhaka,,,Sarcastic_negative,0.4440797046503555,model,True
এতেই বুঝা যায় দেশের বিচার ব্যবস্থা কেমন,Comilla,,,Sarcastic_negative,0.7488270891416642,model,False
অবিচার করে কেউ টিকতে পারেনি,Dhaka,,,Neutral,0.3038249581068758,model,True
সাউয়ার বিচার আমার।,Chittagong,Chandpur,,Negative,0.7636755539984332,model,False
ন্যায় বিচার প্রতিষ্ঠিত হচ্ছে!!,Dhaka,Barisal,,Negative,0.4825628773728077,model,True
আইন সকলের জন্য সমান নয়। প্রমাণিত,Dinajpur,,,Positive,0.4944359691984626,model,True
উনার সবচেয়ে বড় অপরাধ আমি হুজুর,Comilla,Chandpur,,Negative,0.3767503089270962,model,True
এটাই গণতন্ত্র,Dhaka,,,Negative,0.3507797395507323,model,True
তীব্র নিন্দা জানাচ্ছি,Dhaka,Barisal,,Sarcastic_negative,0.5205615170625826,model,False
চেষ্টাতেই মৃত্যুদণ্ড!!,Lalmonirhat,,,Sarcastic_negative,0.4396537981352882,model,True
ওই একজনের নাম প্রকাশ করুন যার মৃত্যুদণ্ড হয়েছে,Chittagong,Cox's Bazar,,Negative,0.5037178991388543,model,False
উনার সবচেয়ে বড় অপরাধ হলো উনি একজন আলেম।,Dhaka,,,Negative,0.2681753888927235,model,True
হায়রে জোর যার মুল্লুক তার,Sylhet,,,Negative,0.426657279995866,model,True
Wow চারিদিকে ওয়াও না…,Narayanganj,,,Sarcastic_negative,0.5868045336325827,model,False
"হাফেজের সাথে অন্যায় হচ্ছে, তার তিব্র নিন্দা জানাচ্ছি",Feni,,,Sarcastic_negative,0.5337245078544824,model,False
ধন্যবাদ,Dhaka,Mymensingh,,Positive,0.6366609432454146,model,False
আমি কিছু বলবো না শুধু চেয়ে দেখব,Dhaka,Pabna,,Negative,0.4061626139052347,model,True
ক্ষমতা যার আইন তার গণতন্ত্র,Khulna,Jessore,,Positive,0.3840421804532291,model,True
এই দল নাকি আবার দেওবন্দিয়াতের সম্মান রক্ষা করছে।,Sylhet,,,Negative,0.957394767252043,model,False
এইটা বলে বিচার,Feni,,,Positive,0.3166520978859495,model,True
এটাই প্রকৃত ন্যায় ইনসাফ বিএনপির,Dhaka,Munshiganj,,Negative,0.8741133279590201,model,False
এটা দেশের বিচার ব্যাবস্থা,Chittagong,Noakhali,,Negative,0.4033148334512636,model,True
যার মৃত্যুদন্ড সে মনে হয় অন্য দলের,Rangpur,Dinajpur,,Sarcastic_negative,0.562168524000625,model,False
"সবাই খালাস নপায় নাঈম সে কুরআনের হাফেজ বলে খালাস পায় না আল্লাহ তোদের ছাড়বে না""!",Chittagong,Brahmanbaria,Comilla,Positive,0.4336896044036185,model,True
সে একজনের অপরাধ কি!?,Chittagong,Chandpur,,Sarcastic_negative,0.4051822494539399,model,True
মৃত্যুদণ্ড হলে সবারই হতে হবে। না হলে সবাই নির্দোষ।,Habiganj,,,Neutral,0.6691650022553891,model,False
Oi akjon keo khalas Korte hobe. Ain sobar jonno soman.,Brahmanbaria,,,Sarcastic_negative,0.6679718232206426,model,False
বে ইনসাফ ই বিচার হয়েছে,Dhaka,Sylhet,,Positive,0.4654513726566611,model,True
এভাবেই বিচারের নামে প্রহসন হয়,Chittagong,,,Sarcastic_negative,0.4678565549889601,model,True
হুজুর হওয়াটাই অন্যায়,Dhaka,,,Sarcastic_negative,0.4815756087167493,model,True
হুজুর কি একাই সেই কাজ করে ফেলছে তাকে একা কেন শ্বাস্তি দেওয়া হলো দিলে সবাই পাবে আর খালাশ হলে সবাই খালাশ হবে। এই ঘটনা আসলেই হয়েছ…,Sylhet,,,Negative,0.3120948575204306,model,True
একজনের মৃত্যুদণ্ড কারণ তার গায়ে দাড়ি-টুপি আছে,Dhaka,,,Negative,0.3390019009993977,model,True
হত্যা চেষ্টায় মামলায় ফাসি এই প্রথম,Mymensingh,,,Negative,0.685023935737551,model,False
অন্ধ নিয়ম নিতি আল্লাহ স্বয়ং এদের ব্যবস্থা করবে,Dhaka,Mymensingh,,Negative,0.4808719639694659,model,True
গরিব মরিগেছে,Sylhet,,,Sarcastic_negative,0.5951013189502967,model,False
ধিক্কার জানাই এই রায়কে!,Dhaka,Sylhet,,Negative,0.890698350864021,model,False
"হাফেজ নাঈম ভাইয়ের মুক্তি চাই,",Dhaka,Narsingdi,,Negative,0.4319860624329446,model,True
আবারও ফ্যাসিবাদের প্রমাণ পাওয়া গেলো।,Sylhet,,,Sarcastic_negative,0.4183831265138538,model,True
"ধ্বংস হওয়ার সূচনা,",Dhaka,,,Negative,0.4381468433441818,model,True
"সেই একজনই হাফেজ, নির্দোষ, মাজলুম!",Mymensingh,,,Sarcastic_negative,0.3290920832506286,model,True
htta chesta mmlai to fashir rao hwar ktha na.. jail dte prto..kun ganjakhur a a rai dse?,Dhaka,Mymensingh,,Neutral,0.5305624300293706,model,False
"ক্ষমতায় যে যায়, আইন তার গোলামী করে। এটাই বাস্তবতা।",Dhaka,Chittagong,,Positive,0.6348422677215211,model,False
খালাস হইলে সবার হইত একজনের কেন মৃত্যুদণ্ড হবে,Sylhet,,,Neutral,0.5461026288080545,model,False
দেখলাম এক হুজুররে রাইখা দিছে ভালোই বিচার হইছে,Barisal,Bhola,,Negative,0.441903461549619,model,True
হায়রে বিচার বিভাগ যার ক্ষমতা টাকা আছে তার বিচার আছে যার নাই তার জন্য বিচার নাই,Dhaka,Chittagong,Noakhali,Negative,0.4255339196696825,model,True
বিচার কত সুন্দর,Habiganj,,,Negative,0.410259534568958,model,True
আল্লাহ উত্তম পরিকল্পনা কারী। আল্লাহ আপনি হেফাজত করুন ।,Dhaka,,,Negative,0.723204570244558,model,False
এটাই আমাদের সিলর এর সংবিধান শাসন,Dhaka,Faridpur,,Negative,0.6240283810691705,model,False
কামারের ফাঁসি হওয়ার গল্পটার মতো চরম বাস্তব পরিণত হলো।,Dhaka,Rangpur,Gazipur,Negative,0.7426991738334011,model,False
"হুজুরকে ফাঁসানো হলো, যে কলমে সেই কলমে এক .....",Dhaka,Mymensingh,Brahmanbaria,Negative,0.4176174918858721,model,True
এটা আবার কেমন বিচার হুজুরের টাকা নাই বলে আজ হুজুরের মৃত্যুদণ্ড হারামখোরিয়ায় আইন,Comilla,,,Negative,0.3794467782152176,model,True
১ জনকে কেন মৃত্যুদন্ড দেওয়া হলো?,Dhaka,,,Sarcastic_negative,0.4965289693648962,model,True
দলের বাহিরে থাকলে যা হয়,Cox's Bazar,,,Negative,0.4292712928179172,model,True
ফাসি হলে সবার হওয়া উচিত?? ছাড়া পেলেও সবার পাওয়া উচিত ছিল??…,Chittagong,Brahmanbaria,,Negative,0.4937808528123591,model,True
"নয়জন মুক্তি পেয়েছে আলহামদুলিল্লাহ, কিন্তু একজন কে কি হিসেবে মৃত্যুদন্ড দেয়া হলো??",Chittagong,,,Positive,0.5443717075038528,model,False
জুনায়েদ আল হাবিবি জীবিত থাকলে এই বিষয়ে কথা বলতো,Khulna,Jessore,,Negative,0.4911566554385177,model,True
"ধোনের আইন । যখন যে দল ক্ষমতায়, রায় তাঁর পক্ষে ।",Rangpur,Nilphamari,,Positive,0.6449809081512873,model,False
"তারমামে বিম্পি আমলীগের পথে, অচিরেই পটল তুলবে",Dhaka,,,Sarcastic_negative,0.6297316332496327,model,False
"এই হলো বাংলাদেশ আইন,, এই হলো বাংলাদেশর সিষ্টেম,,",Khulna,Jessore,,Negative,0.4649433373936473,model,True
এমন আইনের ধিক্কার জানাই আরিফ বাবর ছাড় পেলেও আমার ভাই পাঞ্জাবি পড়ার কারণে ছাড় পেলো না …,Sylhet,,,Negative,0.5118228664297788,model,False
সেই একজন হলেন নিরপরাধ কোরআনের হাফেজ নাইম আহমদ!,Sylhet,,,Sarcastic_negative,0.5822922067795095,model,False
বিচারকের বিচার ও হবে এক ।,Dhaka,,,Neutral,0.9139447510532768,model,False
একজন হুজুরকে পরিকল্পিত সাজা দেওয়া হলো।,Sylhet,,,Negative,0.683702342239714,model,False
"বিএনপি থেকে আওয়ামী লীগ হাজার গুনে ভালো ছিল,,",Dhaka,Chittagong,Noakhali,Negative,0.917256701034554,model,False
টুপিওয়ালা পেয়ে অবিচার করেছেন। দ্রুত রায় বিবেচনা করার আবেদন রইলো,Dhaka,,,Positive,0.3601973460953486,model,True
গণতন্ত্র মুর্দাবাদ।,Lalmonirhat,,,Sarcastic_negative,0.3286992610397817,model,True
ওহ নিপীড়ন,Dhaka,,,Sarcastic_negative,0.4631004391291228,model,True
জুলুমতন্ত্র,Dhaka,,,Sarcastic_negative,0.347954899923887,model,True
এক জনের দোষ কি বেশি????,Dhaka,,,Positive,0.6027629100706895,model,False
এখন জমিয়ত ইসলাম কি পদহ্মেপ নেয় দেখার অপেহ্মায়,Barisal,,,Positive,0.3246104422714884,model,True
এইটা বিচার? কোরআনের হাফেজের সাথে বৈষম্য?,Sylhet,,,Negative,0.4176837153285787,model,True
বাংলাদেশে কোন আইন নাই আইন হয়েছে ব্যবহারের জিনিস,Dhaka,Munshiganj,,Sarcastic_negative,0.2931461203629271,model,True
কারণ একজন আলেম,Dhaka,Narsingdi,,Positive,0.3873985781048532,model,True
আল্লাহ তাআলা এরকম বিচারকারীদেরকে দুনিয়ায় যেন নুলা বোবা বানিয়ে কবরে নেন তাদেরকে আমিন।,Dhaka,Chittagong,Narayanganj,Negative,0.9222008922714686,model,False
ঐ একজনই হলেন একজন হুজুর,Dhaka,,,Sarcastic_negative,0.3972577291960545,model,True
শক্তের ভক্ত নরমের জম।ফাসি হলে সবার হবে আর না হয় সবাই খালাস। দুই রখম বিচার কেনো?,Dhaka,Chittagong,,Neutral,0.6417770086750588,model,False
"এটাই হচ্ছে ক্ষমতা, সব হিসাব সাড়ে তিন হাতের ভিতরে হবে ইনশাআল্লাহ",Sylhet,,,Positive,0.7903330319682601,model,False
সব দোষ এখন হুজুরের হয়ে গেছে,Dhaka,Mymensingh,,Positive,0.6052756692814548,model,False
হত্যা চেষ্টা মামলায় যদি মৃত্যু দন্ড হয় তা হত্যা করছে যে আসামিরা তাদের কি হবে আজব আইন বিনোদন বাংলাদেশ,Barisal,,,Negative,0.377026516157916,model,True
এতেই বুঝা যায় রাষ্ট্র কেমন ন্যায়বিচার করতে পারে,Narsingdi,Sylhet,,Sarcastic_negative,0.7518561676565076,model,False
ওরা দুনিয়াতে বিচার করেছে আল্লাহতালা তাদেরকে আখেরাতে বিচার করবেন,Chittagong,,,Negative,0.6992179278828279,model,False
হুজুর হলেই সমস্যা,Kishoreganj,Dhaka,,Sarcastic_negative,0.4907513679187537,model,True
চাকরির ব্যবস্থা করা হচ্ছে,Chittagong,,,Positive,0.44583592629314,model,True
আগুন ধরে দেন,Dhaka,,,Sarcastic_negative,0.3700278909749017,model,True
ঐ একজন কে পাসিয়ে দেওয়া হয়েছে।,Comilla,,,Sarcastic_negative,0.3625830115025271,model,True
একজন এটা কে জানতে চাই,Dhaka,Cox's Bazar,,Negative,0.4594526198072968,model,True
সকলেই আওয়াজ তুলুন,Chittagong,,,Sarcastic_negative,0.4110217946030694,model,True
আল্লাহর কাছে কি হিসাব দিবেন বলেন,Dhaka,Mymensingh,Narsingdi,Negative,0.4142151970851483,model,True
একজন হলো কুরআনের হাফেজ,Dhaka,Pirojpur,,Sarcastic_negative,0.4441675226879788,model,True
Oi ak jon abar ki korlo??,Khulna,,,Sarcastic_negative,0.6050762958280359,model,False
এটা কেমন আইন হলো,Dhaka,Chittagong,,Sarcastic_negative,0.4518808105485574,model,True
"ক্ষমতা চিরস্থায়ী নয়,,,, ধ্বংশ অনীবার্য এদের",Dhaka,Madaripur,,Sarcastic_negative,0.4366611748987037,model,True
বাহ কি সুন্দর রায়!,Panchagarh,,,Sarcastic_negative,0.4485852408276356,model,True
হুজুরের উপর দায় চাপিয়ে। এখন সব নির্দোষ,Gazipur,Dhaka,,Positive,0.5257873493395271,model,False
আইন শুধু দেশের যারা ক্ষমতায় থাকে তাদের জন্য ধন্যবাদ আইন নামক বি এন পি কে,Sylhet,Habiganj,,Positive,0.7397490983171748,model,False
"BNP এর পতন এসব কুবিচারের কারনেই তাড়াতাড়ি হবে, ইনশাআল্লাহ",Lalmonirhat,,,Positive,0.4047072171167072,model,True
"বিচারকের নাম কি? হত্যা চেষ্টায় মাত্র ফাসি হলে। যারা হত্যা করে রাস্তায় ঘুরে বেডাচ্ছে তাদের কি হওয়া উচিৎ? এটাই বাংালদেশের হেডার বিচার,",Feni,,,Negative,0.7341943076498132,model,False
এই দেশে হুজুরদের জন্য কোনো ইনসাফ নেই,Dhaka,Chittagong,,Positive,0.5645037080957737,model,False
"তাদের দলের যে, এইজন্য খালাস। দলের হইলে সাত খুন মাফ।",Dhaka,Mymensingh,,Negative,0.7427708412748266,model,False
একই মামলাই ৯ জনের জামিন হইল আরেক জনার মৃত্যুদণ্ড এইটা কোনো বিচার হইল …,Dhaka,Jamalpur,,Positive,0.4290419787142225,model,True
অ্যানারের কপি ইতিমধ্যেই এখানে আছে,Faridpur,Dhaka,Shariatpur,Negative,0.7294893970915005,model,False
"একই মামলার আসামী সবাই,অথচ সবাই বেকেসুর আর একজন শাস্তি যোগ্য",Sylhet,,,Positive,0.4087324674709259,model,True
সব জায়গায় হুজুরদের সাথে বৈষম্য করা হয় কেনো,Comilla,,,Positive,0.2726604948920882,model,True
১জনের মৃত্যুদন্ড কেন?,Comilla,,,Sarcastic_negative,0.44021679838364,model,True
Karon se hujur,Rangpur,,,Neutral,0.4807318570926124,model,True
এই বিচার ব্যবস্থার সম্পুর্ন বিরোধিতা করছি,Dhaka,,,Negative,0.6698426423294493,model,False
"রেলগাড়ি রেললাইনে চলবে, যদিও চালক বদলায়। যদি ন্যায় চাও তাহলে নেতা নয়, সিস্টেম হঠাও।",Dhaka,Gazipur,,Sarcastic_negative,0.5163354485229339,model,False
"এটাও প্লানের অংশ, না হলে একই মামলায় ভিন্ন সাজা কিভাবে হয়,",Dhaka,Barisal,,Sarcastic_negative,0.417536138060501,model,True
এটা কেমন বিচার,Cox's Bazar,,,Sarcastic_negative,0.3574387649630033,model,True
বৈষম্য আর গেলোনা,Dhaka,Chittagong,Noakhali,Positive,0.452756952283123,model,True
সবাই মুক্তি পেল শুধু আলেমই রয়ে গেল,Dhaka,Rajshahi,Bogra,Negative,0.4394871518021017,model,True
এই রায়ের মাধ্যমে সরকার ভারতকে খুশি করার চেষ্টা করতেছে।,Sylhet,Habiganj,,Negative,0.4918900052561383,model,True
"সমস্যা নাই কাল কেয়ামতের সেই দাড়ি টুপি ওয়ালারায় জান্নাতের সুঘ্রাণ নিবে ,কারণ তখন আইন আদালত উকিল একজন হবেন,মহান আল্লাহ",Dhaka,,,Positive,0.339961065227339,model,True
হাদীস «الظُّلْمُ ظُلُمَاتٌ يَوْمَ الْقِيَامَةِ»…,Cox's Bazar,Dhaka,,Negative,0.5808646131965106,model,False
সবাই খালাস একজনে মৃত্যুর দন্ড কীভাবে,Moulvibazar,,,Negative,0.3663854894212897,model,True
হাফেজ ভাইয়ের মুক্তি চাই,Rangpur,Nilphamari,,Negative,0.4503670184175662,model,True
এটা জুনায়েদ হাবিবের শাসন তাই বিচার সঠিক হয়েছে,Sylhet,,,Positive,0.5155294042006495,model,False
মুক্তি চাই,Chittagong,Dinajpur,,Sarcastic_negative,0.3410492922734868,model,True
একজনের সাথে অন্যায় কেনো,Sylhet,,,Sarcastic_negative,0.5468019440010703,model,False
কেমন বিচার!,Dhaka,Mymensingh,,Sarcastic_negative,0.6404655038303397,model,False
উনি দাঁড়ি টুপি পরে বলেই মৃত্যু দন্ড উনার,Dhaka,,,Positive,0.2726079418529146,model,True
এটা কেমন আইন,Feni,,,Sarcastic_negative,0.4080934629034274,model,True
আইন সবার জন্য সমান সেটা শুধু হাশরের ময়দানে,Chittagong,,,Positive,0.378355496111327,model,True
হুজুরের নাম বলতে কি লজ্জা করে,Dhaka,Gazipur,,Positive,0.397167010938235,model,True
সে হুজুর এই জন্য।,Dhaka,Mymensingh,,Negative,0.5742133753599125,model,False
বাহ চমৎকার বিচার,Dhaka,,,Negative,0.332522078904138,model,True
দেশটার মধ্যে কি যে চলতেছে আল্লাহ তায়ালাই ভালো জানে।।।,Chittagong,,,Negative,0.6723131674673862,model,False
এত সুন্দর বিচার,Sylhet,Sunamganj,,Sarcastic_negative,0.6113880701978811,model,False
এটা হইছে আমার সোনার আইন। সোনার দেশের সোনার আইন দিছে আমার সালারা।,Dhaka,Barisal,Bhola,Negative,0.6497919507699611,model,False
সে একজন নিশ্চয় আলেম অথবা ধর্মপ্রাণ একজন মুসলমান,Dhaka,Khulna,Jessore,Negative,0.3165191613934934,model,True
তার অপরাধ হলো সে হুজুর।,Dhaka,Gazipur,,Sarcastic_negative,0.462963619114563,model,True
বাকি নয়জনের উচিত তাকে রক্ষা করা। কারণ সেই প্রকৃত নির্দোষ,Dhaka,,,Negative,0.5879878348017384,model,False
এটা কেমন বিচার,Khulna,,,Sarcastic_negative,0.3574387649630033,model,True
আহ! আফসোস,Dhaka,,,Sarcastic_negative,0.7225802358532541,model,False
দেশের শাসন ব্যবস্থা,Bandarban,Chittagong,,Sarcastic_negative,0.3963639729462552,model,True
ইনসাফ,Dhaka,Rangpur,,Positive,0.6066798423195838,model,False
আমাদের আবার রাজপথে নামতে হবে।,Dhaka,Jamalpur,,Neutral,0.4320880930701504,model,True
আহা !বাংলাদেশ,Sylhet,,,Sarcastic_negative,0.4352352979805196,model,True
"ওই একজন উনার মৃত্যুদন্ড হয়েছে কারন ওনিতো আর বাংলাদেশের কোনো এমপি মন্ত্রী নাহ তাই আরকি,,",Dhaka,,,Positive,0.5582262034669934,model,False
তীব্র নিন্দা জানাই হুজুরের মুক্তি চাই,Sylhet,Bhola,Habiganj,Sarcastic_negative,0.4067978320402856,model,True
একেই বলে পাওয়ার অফ দল,Dhaka,,,Positive,0.3906767541475241,model,True
ই যে অবস্তা দেশের আবার শুরু অইব……,Sylhet,,,Negative,0.3523297345354816,model,True
ধূর!!,Khulna,,,Sarcastic_negative,0.4858672050442399,model,True
হায়রে বিচার,Sylhet,,,Neutral,0.3573402907022586,model,True
তিব্র প্রতিবাদ জানায়,Dhaka,Gazipur,,Negative,0.682195487850401,model,False
এটা হল,Dhaka,,,Negative,0.4510969811434014,model,True
শত ধিক্কার জানাই এমন রায়কে,Sylhet,,,Negative,0.4220840772181137,model,True
বিচারে যদি অন্যায় থাকে তবে এই দেশে আল্লাহর গজন খুব তাড়াতাড়িই নামবে,Sylhet,Sunamganj,,Negative,0.8562425040480316,model,False
এর কারণ কি,Dhaka,Mymensingh,,Sarcastic_negative,0.6403356764296398,model,False
এই দেশে গরিবের বেচার নাই ! যার টাকা আছে তার পকেটে আইন।,Dhaka,Rajshahi,,Negative,0.5191488858698002,model,False
দেশ শেষ,Dhaka,Narsingdi,,Sarcastic_negative,0.5398276914319612,model,False
"একই মামলা, একই অভিযোগ—কেউ খালাস, আর একজন হাফেজের জন্য মৃত্যুদণ্ড! আদালতের রায়ের প্রতি সম্মান রেখেই প্রশ্ন থেকে যায়—এই ভিন্নতার পেছনে কী এমন প্রমাণ ও যুক্তি ছিল, যা একজনকে সর্বোচ্চ শাস্তির মুখোমুখি করল, আর অন্যরা মুক্তি পেলেন? ইনসাফ শুধু হওয়াই যথেষ্ট নয়; তা মানুষের হৃদয়েও ইনসাফ হিসেবে প্রতিভাত হওয়া জরুরি।",Dhaka,Sylhet,Brahmanbaria,Positive,0.5628235787815006,model,False
কিসের আইন কিসের আদালত টাকার খেলা সব,Sylhet,,,Sarcastic_negative,0.54739847157907,model,False
Eksathe arrest Howa 9 Jon e nirdosh,Dhaka,,,Sarcastic_negative,0.571788266646568,model,False
"নগদ ওখা নে এজন মারা যায়, ২ ০ জন গুরতর আগত হয়",Cox's Bazar,Dhaka,Barisal,Sarcastic_negative,0.4354713081615753,model,True
দেশের শাসন ব্যবস্থা,Dhaka,,,Sarcastic_negative,0.3963639729462552,model,True
ঐ একজন মনে হয় জামাত,Naogaon,,,Sarcastic_negative,0.3947287495447374,model,True
সাজা হলে সবার জন্য সমান হোক। একজনকে কেন দেওয়া হবে। তীব্র নিন্দা জানাই দ্রুত তাকে নির্দোষ করে ছেড়ে দেওয়া হোক,Khulna,,,Neutral,0.5088196506075293,model,False
"শুধুমাত্র দাঁড়িটুপি হওয়াতে, জুলুম করা হয়েছে",Sunamganj,Sylhet,,Positive,0.4772010881694319,model,True
"এটাই হলো আমাদের দেশের রায়,একই মামলায় ক্ষমতাশীলদের জন্য এক রায় সাধারণের জন্য আরেক রায়",Sylhet,,,Positive,0.8273846789313708,model,False
একই মামলায় ওই একজনের মৃত্যুদণ্ড হয় কি ভাবে?,Chittagong,Narayanganj,Chandpur,Sarcastic_negative,0.4161137376321475,model,True
"হত্যাও করে নাই, আর এখন হাজার হাজার হত্যা হচ্ছে।",Sunamganj,Gaibandha,,Positive,0.4263252177473684,model,True
Sei 1 jon holo ek alem,Dhaka,,,Sarcastic_negative,0.5183716529241563,model,False
Desir ain er prothi Manus er asta kome gese ei Jonno ei,Faridpur,Chittagong,,Sarcastic_negative,0.627397847060537,model,False
একজন নির্দোষ আলেমের মৃত্যুডন্ড,Narayanganj,Comilla,,Negative,0.3719774518294927,model,True
বাহ সুন্দর বিচার আশা করি বেশি সময় মনে হয় নাই,Sylhet,,,Sarcastic_negative,0.3306441264913719,model,True
একজন আলেম হাফেজ,Dhaka,Chittagong,Noakhali,Negative,0.4374302721779298,model,True
"এই সমস্ত আইনের উপর হিসু দিলাম,,",Dhaka,,,Negative,0.5719833463270307,model,False
"রাজনীতির বলি হলেন নিরীহ হুজুর,,, এটাই বাংলাদেশ।",Sylhet,,,Positive,0.8243958336553439,model,False
তীব্র নিন্দা জানাচ্ছি,Rajshahi,,,Sarcastic_negative,0.5205615170625826,model,False
ক্ষমতার দাপট দেখিয়ে পার পেয়ে গেল।,Dhaka,Munshiganj,,Negative,0.4779060002892955,model,True
যে একজন চাহিদা অনুযায়ী টাকা দিতে পারে নাই সেই একজনের মৃত্যু দন্ড।,Sylhet,Brahmanbaria,Habiganj,Sarcastic_negative,0.3972403563994888,model,True
বাহ চমৎকার আইন!,Sylhet,,,Negative,0.3422735562988029,model,True
Law is injustice so nothing to well things,Dhaka,,,Neutral,0.6303438580370188,model,False
তিব্র নিন্দা জানাচ্ছি,Dhaka,Mymensingh,,Sarcastic_negative,0.5083229909825342,model,False
পেসাব করে দেয় এই বিচার ব্যবস্থার উপরে ছি!!,Sylhet,Satkhira,Khulna,Negative,0.5421062532323776,model,False
কারণ ক্ষমতা এখন তাদের হতে,Chandpur,,,Positive,0.8341083131332154,model,False
একজন??,Dhaka,,,Sarcastic_negative,0.3529680279979734,model,True
কঠিন ধরনের ইনসাফ হয়েছে,Dhaka,Barisal,Gazipur,Positive,0.4377276480630064,model,True
খুনিরা নিরাপদ,Dhaka,,,Sarcastic_negative,0.5276287175067599,model,False
গুড জব।,Dhaka,Comilla,,Sarcastic_negative,0.47316550148171,model,True
Cause he is student of madrasa,Comilla,,,Sarcastic_negative,0.4259786444996083,model,True
একজন নিরপরাধ আলেমকে অন্যায়ভাবে বলি দিয়ে দিলো। আসল কথা হলো এদেশের আইন আদালত দুর্বলের প্রতি চাপিয়ে দেওয়া হয়।,Dhaka,Chandpur,,Positive,0.5838824150002275,model,False
বলেন একজন নিরিহ অসহায় মাজলুম হুজুরের মৃত্যুদণ্ড!,Dhaka,Comilla,,Positive,0.4722398716029796,model,True
কারন সে হয়তো কোন আলেম।,Panchagarh,,,Negative,0.6924013772309527,model,False
হুজুর তো এজন্য চাপ দিয়ে সব করা যাচ্ছে কারণ ক্ষমতা নাই,Magura,,,Positive,0.6690751431948906,model,False
বিচারক জনাব 'স্বপন কোমার সরকার' ক্ষমতাসীন সবাইকে খালাস দিয়ে একজনকে ফাসির আদেশ দিলেন ।।,Sylhet,Sunamganj,,Negative,0.4760009625031728,model,True
আপনার পকেটে কলম কতো প্রকার,Khulna,,,Negative,0.4651508217254137,model,True
আল্লাহ ছাড় দেয় কিন্তু ছেড়ে দেয় না সামনে আসতেছে,Dhaka,,,Negative,0.5499111680061697,model,False
এটাই হলো গণতন্ত্রের চরিত্র,Khulna,Jessore,,Negative,0.3266556674119986,model,True
ভুয়া বিচার,Sylhet,,,Negative,0.4486380313047212,model,True
এটা আবার কেমন বিচার,Dhaka,Sylhet,,Negative,0.5996947172482434,model,False
ঐ একজন'ই হুজুর তাই রায়টা ওইদিকে গেছে।,Rangpur,Chandpur,,Sarcastic_negative,0.5088609047764893,model,False
কারণ ঐ একজন টুপি ওয়ালা।,Sylhet,,,Sarcastic_negative,0.4230450529187667,model,True
খালাস,Dhaka,Sylhet,,Sarcastic_negative,0.4412440767780373,model,True
"শক্তের ভক্ত নরমের জম,সব আইন গরীবের জন্য",Barisal,,,Sarcastic_negative,0.43516393054894,model,True
কুফরি তন্ত্রের ফলাফল।,Chittagong,,,Sarcastic_negative,0.299156195348316,model,True
ঐটা তো মনে হয় দলের না তাই মৃত্যুদণ্ড,Feni,,,Sarcastic_negative,0.4901429904269744,model,True
দলের বাহিরের লোক এটা শিউর,Comilla,,,Negative,0.8422537972577951,model,False
ক্যাঙ্গারু মার্কা কোর্ট,Dhaka,Rajshahi,Gazipur,Sarcastic_negative,0.4086835715638751,model,True
কেঙ্গারু কোটের রায়,Dhaka,,,Sarcastic_negative,0.3950389831826863,model,True
"In the name of Allah, Most Gracious, Most Merciful.…",Dhaka,Barisal,,Sarcastic_negative,0.4030776403667138,model,True
কন হে এ বলি কা বকরা!,Dhaka,Munshiganj,,Sarcastic_negative,0.33205256732514,model,True
জ্বী কারন সে একজনই দাড়ি-টুপি ওয়ালা,Chittagong,Lakshmipur,,Negative,0.3669508164280216,model,True
বিষটা জয় বাংলা হয়ে গেলো না।।,Dhaka,Rangpur,,Positive,0.2860930468796291,model,True
সব দোষ শুধু হুজুরের।,Dhaka,Mymensingh,Comilla,Sarcastic_negative,0.4889119647173077,model,True
"হয় ওই ১ জনসহ সবাই অপরাধী,, না হয় ওই ১ জনসহ সবাই নিরপরাধ,,, হয় ৯ জনের রাজনীতির শক্তি আছে,,, ১ জনের নাই",Chittagong,,,Positive,0.5027050885373147,model,False
সব দোষ কি দাড়ি টুপির,Chittagong,,,Sarcastic_negative,0.5121078258267908,model,False
কারণ তার মাথায় টুপি আছে,Comilla,,,Negative,0.4548403138374594,model,True
"যার ফাঁসি হলো, তার মনে হয় রাজনৈতিক ব্যাকগ্রাউন্ড দুর্বল""!",Dhaka,Barisal,Barguna,Positive,0.55243461548891,model,False
হাস্যকর,Sylhet,Habiganj,,Sarcastic_negative,0.5634520120481902,model,False
একজনকেই বলির পাঁঠা বানিয়ে সবাই পার!!,Chittagong,Noakhali,,Positive,0.454807642331432,model,True
কারণ তার মাতায় দাড়ি ও টুপি ছিলো,Sylhet,,,Sarcastic_negative,0.3913657049886049,model,True
কপালপোড়া একজন টা কি বিএনপিতে যোগ দিতে পারেনি?,Habiganj,,,Negative,0.692185430067644,model,False
এই দেশে জোর যার মুল্লুক তার,Dhaka,Tangail,,Negative,0.8812668948185508,model,False
সোনার বাংলাদেশ,Dhaka,,,Positive,0.6304187422354358,model,False
সেই রকম রায় হইছে,Dhaka,Tangail,,Sarcastic_negative,0.4226230921982574,model,True
রায় টা কেমন জানি হয়ে গেলো।,Dhaka,Gazipur,,Sarcastic_negative,0.6874209202275525,model,False
ভাই বিশ্বাস করেন আর নাই করেন পালানোর জায়গা পাবে না।,Dhaka,,,Positive,0.679315497474326,model,False
"এক মামলায় দুই রায় কেমন করে হয়,",Dhaka,,,Positive,0.4490956472752961,model,True
"দেশ যেখানে ছিল, সেখানেই আছে। পরিবর্তন নেই। …",Sylhet,,,Negative,0.5786617028514308,model,False
"মজলুমের দোয়া থেকে বেঁচে থাকো , কেননা তার দোয়া ও আল্লাহর মাঝে কোনো পর্দা থাকে না। ( সহীহ বুখারী)…",Dhaka,Narayanganj,,Negative,0.8948976519210591,model,False
সেই মনে হয় বিম্পি করেনা,Chittagong,,,Sarcastic_negative,0.4684214298129319,model,True
উল্টো পালটা অবিচা করবেন না। আল্লাহ তায়লা সইবেনা।,Barisal,,,Negative,0.45383715007685,model,True
হুজুর বলে কথা,Dhaka,,,Positive,0.9686745598801432,model,False
মেড ইন বাংলাদেশ,Dhaka,Mymensingh,,Positive,0.7280718809294588,model,False
হয়ত উনি হুজুর,Khulna,Satkhira,,Sarcastic_negative,0.3599991226065779,model,True
তাকেই কেনো মৃত্যুদণ্ড দেওয়া হলো,Khulna,Jessore,,Sarcastic_negative,0.3877094251249011,model,True
খোজ নিয়ে দেখে ঐ একজন কোন দাঁড়ি টুপি ওয়ালা,Naogaon,,,Sarcastic_negative,0.4970942419688184,model,True
আলহামদুলিল্লাহ,Dhaka,Faridpur,,Positive,0.6722752494029804,model,False
কারণ একজন আলেম ছিল তাই,Dhaka,Chittagong,,Negative,0.3770900084109191,model,True
গণতন্ত্র স্বার্থান্বেষীদের জন্য কাজ করে,Dhaka,,,Positive,0.6448190201274858,model,False
এরই নাম গণতান্ত্রিক আইন ব্যবস্থা । …,Dhaka,Comilla,,Sarcastic_negative,0.5035559089489031,model,False
এটা অন্তত দুঃখজনক,Mymensingh,,,Sarcastic_negative,0.3874485162796993,model,True
নাম নিতে লজ্জে কেন? হুজুর এজন্যই,Cox's Bazar,,,Sarcastic_negative,0.4906188794957093,model,True
একজন হাফেজ তাই ওনার ফাঁসি রায় হয়েছে,Dhaka,Narayanganj,Comilla,Sarcastic_negative,0.497973763621927,model,True
আইনের হাত বদল আর কি?,Sylhet,,,Positive,0.3044559425373995,model,True
বাকি একজন জমিয়ত নেতা,Dhaka,Chittagong,Chandpur,Sarcastic_negative,0.386085500239612,model,True
আমরা সকলে মিলে মাঠে নামতে হবে।,Dhaka,Barisal,,Neutral,0.5914867920554863,model,False
"তাহলে শুধু একজনই দায়ী,,,,,",Dhaka,Feni,,Sarcastic_negative,0.4435205627837315,model,True
তীব্র প্রতিবাদ জানাই,Comilla,Chittagong,,Negative,0.6757759912120368,model,False
হত্যা চেষ্টায় মৃত্যু দ ন্ড। আর এদিকে আগষ্টের পরে হত্যা মামলার হাজার হাজার আসামী বেকেসুর খালাস পেয়েছে।…,Sylhet,,,Negative,0.7777108389875348,model,False
এটা আবার কি নিয়ম,Comilla,,,Negative,0.628076175613283,model,False
এটা কেমন বিচার??,Dhaka,,,Sarcastic_negative,0.3793570441526523,model,True
এটা কি বৈষম্য,Dhaka,Barisal,,Negative,0.3859134670208462,model,True
আলহামদুলিল্লাহ,Dhaka,Netrokona,,Positive,0.6722752494029804,model,False
এটা হইল আইন।,Dhaka,Chittagong,Chandpur,Negative,0.3951757077580495,model,True
সবাই যদি খালাস পায় তাহলে একজন কেন শাস্তি পাবে,Chittagong,,,Sarcastic_negative,0.4067306146043077,model,True
এটা ন্যায় বিচার?,Sylhet,,,Negative,0.5543312142600562,model,False
একজন কুরআনের হাফেজ এজন্যই কি তার শাস্তি?,Dhaka,Joypurhat,Naogaon,Negative,0.4165535985616928,model,True
মূলত টাকার কাছে কেউ হেরে যায়। আর টাকা দিয়েই কেউ জামিন পায় এই হলো সমস্যা,Chittagong,Barisal,,Negative,0.6524256779412072,model,False
তারা তো ক্ষমতা পাওয়ার আছে তাই,Dhaka,Netrokona,,Negative,0.3608098026676026,model,True
"এদেশে হুজুর হইলে সুধু বিচার, মৃত্যুদণ্ড",Dhaka,,,Sarcastic_negative,0.440971538900851,model,True
সে মনে হয় দলের ছিলো না,Khulna,Jessore,,Sarcastic_negative,0.5555031026344729,model,False
বিচারপতি মুরতাদ,Dhaka,Chittagong,,Negative,0.6413488932085287,model,False
কারণ সে একজন হাফেজ হুজুর,Dhaka,Gazipur,,Sarcastic_negative,0.3738072544551895,model,True
সবাই খালাস পাওয়ার কথা,Comilla,,,Positive,0.571652295355056,model,False
এইটা কোন বিচার না,Dhaka,,,Negative,0.4662530075104163,model,True
এ কেমন দ্বিচারিতা !!,Dhaka,,,Sarcastic_negative,0.6827800074656286,model,False
সে হুজুর বলে,Bhola,Barisal,,Positive,0.7359668081605206,model,False
বেচারা হুজুর নিরীহ মানুষ বলে পেশে গেলো,Comilla,,,Positive,0.7402040318222785,model,False
আইন সবার জন্য সমান শুধু হুজুরদের বাদে,Rajshahi,,,Positive,0.4858973665026799,model,True
এই জুলুমের বিচারে আল্লাহর নিশ্চিত করবেন,Dhaka,,,Negative,0.8878421121798099,model,False
একই মামলার ৯ জন খালাস পায় একজন মৃত্যুদন্ড কেন! হুজুর বলে?,Chittagong,,,Positive,0.5449906224382997,model,False
একজন যে সে হতে পারে গরিব,Chittagong,Noakhali,,Sarcastic_negative,0.3931117973085831,model,True
কারণ এ একজন হুজুর,Feni,Dhaka,,Sarcastic_negative,0.3686813276629926,model,True
কারণ ওই একজনের মাথায় টুপি আছে। আর টুপি ওয়ালাদেরকে শাস্তি দিলে দাদা বাবুরা খুশি হবে।,Narsingdi,Dhaka,Mymensingh,Neutral,0.3012655248405015,model,True
একজন হুজুর সেজন্য,Khulna,Jessore,,Positive,0.4301881623183226,model,True
মানে সব দোষ একজনের উপর চাপায় দিল !,Dhaka,Rangpur,,Sarcastic_negative,0.4083370089204332,model,True
হত্যা চেষ্টা মামলায় মৃত্যুদণ্ড হয় কিভাবে?,Dhaka,Cox's Bazar,,Sarcastic_negative,0.382473592805068,model,True
আগের বিচার আর বর্তমান বিচার সবই সমান,Sylhet,,,Negative,0.4029162425930521,model,True
হুজুরের পাশে কেউ নেই এজন্য খালাস পেল না,Sirajganj,,,Sarcastic_negative,0.4965597667891572,model,True
চুলের রায় মানিনা,Sylhet,,,Sarcastic_negative,0.4393832153148939,model,True
হুজুর দেখে মৃত্যুদন্ড দিছে আর কিছুনা,Bhola,Barisal,,Positive,0.5283387895004144,model,False
এর তিব্র নিন্দা জানাচ্ছি,Dhaka,,,Sarcastic_negative,0.7456074534113146,model,False
হাস্যকর,Rajshahi,,,Sarcastic_negative,0.5634520120481902,model,False
যার মৃত্যুদণ্ড সে নিরীহ হুজুর,Mymensingh,,,Sarcastic_negative,0.4481617623899185,model,True
"পা চাটা জমিয়ত বুঝতে পারবে না এখনও,,,",Jhenaidah,,,Negative,0.5573933952671982,model,False
এ কেমন বিচার ????,Dhaka,,,Sarcastic_negative,0.5942813017502171,model,False
বাহ কি বিচার ব্যবস্থা,Dhaka,Chittagong,,Sarcastic_negative,0.5331314134938046,model,False
"সে মনে বিএনপি করে না, তাই তাকে মৃত্যুদণ্ড দিয়েছে",Dhaka,,,Negative,0.6712847668166381,model,False
কারন ওই একজন হুজুর ছিল,Dinajpur,,,Negative,0.4845062197792739,model,True
সব ইনশাফের উপর চলছে।,Chapainawabganj,Dhaka,Rajshahi,Sarcastic_negative,0.3566552879377875,model,True
টাকার খেলা আজকে হুজুর বলে আইন তার জন্য পালটে গেলো,Kishoreganj,Dhaka,,Positive,0.3328694714095497,model,True
"হুজুর হলেই সব করা যায়,,,,সবার খালাস হুজুরের ফাঁসি।।",Panchagarh,Thakurgaon,,Sarcastic_negative,0.305170406477612,model,True
আলহামদুলিল্লাহ,Netrokona,Dhaka,,Positive,0.6722752494029804,model,False
তাও সে একজন হুজুর,Chittagong,Noakhali,,Sarcastic_negative,0.4416431232725621,model,True
ও একজন কে জাতি জানতে চায়,Rangpur,Lalmonirhat,,Negative,0.3886947374898117,model,True
হুজুর বলে কথা,Mymensingh,,,Positive,0.9686745598801432,model,False
আলেমকে সাজা দিল,Habiganj,,,Negative,0.4898669671536772,model,True
এই সমাজের প্রতিটা স্বরেই কেন হুজুরদের উপর অন্যায় করতে হবে..? অথচ নিঃস্বার্থ ভাবে মানুষের উপকারের চিন্তা একমাত্র এই হুজুররাই করে,Sunamganj,Dhaka,Chittagong,Negative,0.4482734438921507,model,True
য়ুনি যে আলেম এই জন্যই ওনার বিরুদ্ধে এই রায়,Rangpur,Narayanganj,,Negative,0.8274973298260075,model,False
মুক্তি চাই,Dhaka,,,Sarcastic_negative,0.3410492922734868,model,True
বিএনপির পক্ষ নিয়ে নির্বাচন করেন।,Sylhet,,,Negative,0.3917070302051168,model,True
আপনাদের যা ভাল মনে হয় করেন,Chittagong,,,Sarcastic_negative,0.6318650175160905,model,False
বিএনপি সরকারের ফলাফল পাচ্ছে জনগণ,Sylhet,,,Negative,0.7497103468615596,model,False
বিস্তারিত পড়ে যা বুঝলাম আমি নিন্দা জানাচ্ছি ঐ হুজুরকে মুক্তি দেওয়া হোক,Dhaka,Cox's Bazar,,Negative,0.7874065716248507,model,False
নিশ্চয়ই ঐ ব্যক্তি হুযুর হবে!,Bogra,Dhaka,,Neutral,0.8985549985085842,model,False
"একই মামলায় সবাই খালাস পায়, কারণ তারা সবাই বিএনপি নেতা! আর একজনের মৃত্যুদণ্ড, কারণ তিনি হাফেজে কুরআন!",Lalmonirhat,,,Negative,0.452644414672642,model,True
"তিব্র নিন্দা জানাচ্ছি, তারা খালাস পেলে হুজুর কেন খালাস পেলোনা?",Barisal,Bhola,,Sarcastic_negative,0.5205879327016616,model,False
যার মৃত্যুদন্ড বহাল রেখেছে সে নিশ্চয়ই জজ মিয়ার মত কেউ,Cox's Bazar,,,Negative,0.3706177901544801,model,True
এটা বিচার হলো,Rangpur,,,Negative,0.4249438031042351,model,True
জুলাই ২৪,Dhaka,Faridpur,,Neutral,0.3652315302683743,model,True
একজন হাফেজ আলেম এইজন্যই,Moulvibazar,Dhaka,Mymensingh,Negative,0.573976940634192,model,False
এই রায় জুলুম ছাড়া কিছু না,Brahmanbaria,Habiganj,,Negative,0.8521720874187885,model,False
"কেন একজনের মৃত্যু দন্ড, সে হুজুর হওয়াই কি অপরাধ",Dhaka,Comilla,,Sarcastic_negative,0.3845486718360505,model,True
কি সুন্দর বিচার ব্যবস্থা আইনের শাসন প্রতিষ্ঠা হচ্ছে এভাবেই,Dhaka,Khulna,Magura,Negative,0.3039625045589786,model,True
২০০৭ সাল থেকে বাবর জেলে ছিল হাতলে ২০ সালের ঘটনার জন্য তাকে আসামি করা হয় কেমনে,Dhaka,Gazipur,,Positive,0.4129570367628004,model,True
"হত্যা করলে ফাসি হয়না, কিন্তু হত্যা৷ চেষ্টা করলে ফাসি হয়, এটাই বাংলাদেশ।",Dhaka,Barisal,,Negative,0.474956181128265,model,True
এটাই রাজনৈতিক নতুন বাংলাদেশ,Dhaka,Sylhet,,Positive,0.7925433524290394,model,False
সব ভারতের খেলা,Rangpur,Cox's Bazar,Chittagong,Negative,0.6365598007941357,model,False
বাহ্,Noakhali,,,Sarcastic_negative,0.3902739733369131,model,True
Tamasha,Dhaka,Chandpur,,Sarcastic_negative,0.4156555357451086,model,True
আইন হচ্ছে খেলার পুতুল,Dhaka,Tangail,,Sarcastic_negative,0.3831417314590183,model,True
ঐ একজন অবশ্যই মুসলিম,Comilla,,,Sarcastic_negative,0.3273728699204097,model,True
বাংলাদেশের বিচার ব্যবস্থা!,Chittagong,,,Sarcastic_negative,0.4339511615659691,model,True
প্যারালাইসিস বিচারব্যবস্হা,Barisal,Dhaka,Rangpur,Sarcastic_negative,0.6003057946423943,model,False
একই মামলায় দুই রকম রায় হ্যাঁ এটা বাংলাদেশেই সম্ভব।,Feni,,,Positive,0.7671980351233441,model,False
এইটা কি জুলম না,Sylhet,,,Negative,0.3754645786807461,model,True
কেমনে কি হইলো?,Sylhet,,,Sarcastic_negative,0.6481578449623419,model,False
মুক্তি চাই,Sylhet,,,Sarcastic_negative,0.3410492922734868,model,True
এটা কি হয় ইচ্ছা করে জর্জ এমন করল,Kushtia,Dhaka,Gazipur,Positive,0.4377300422510022,model,True
একজনের কেন মৃত্যু দন্ড?,Comilla,,,Sarcastic_negative,0.4656367502502507,model,True
দলের লোক নয়,Rangpur,,,Negative,0.573585855634763,model,False
এই আলেমের মুক্তি দিতে হবে,Dhaka,Tangail,,Neutral,0.6886484860953553,model,False
"সেই একজন হাফেজ, তার কোনো রাজনৈতিক পরিচয় নাই, ক্ষমতা নাই এটাই ম্যাটার। এগুলো পরিষ্কার ভাবে লেখ",Dhaka,,,Positive,0.4924900651913257,model,True
হুজুরের উপর দায় চাপিয়ে দেওয়া হলো,Rangpur,,,Sarcastic_negative,0.5731648894234058,model,False
এটাই গণতন্ত্রের ন্যায় বিচার?,Dhaka,Natore,,Negative,0.3590312225159207,model,True
এটা কেমন কথা,Bhola,Barisal,,Positive,0.5948777684735771,model,False
ও-ই একজন হলো হাফেজে কুরআন একজন হুজুর,Naogaon,Dhaka,Chittagong,Sarcastic_negative,0.4064175462786398,model,True
সমস্যা নাই বিচারকের ও এক বিচার হবে।।,Khulna,Bagerhat,,Neutral,0.7990973444847826,model,False
কি চমৎকার বিচার ব্যবস্থা বাহ,Mymensingh,,,Sarcastic_negative,0.4981933987253628,model,True
আলেম হওয়ার কারণে তাকে মৃত্যুদণ্ড দেওয়া হয়েছে আর কিছু নয়।,Dhaka,,,Negative,0.482081645176783,model,True
এটা কি বিচার ব্যবস্থা নাকি তামাশা,Dhaka,,,Negative,0.43631265041463,model,True
যত দোষ হুজের হায়রে বিচার,Chittagong,,,Sarcastic_negative,0.3782428463603812,model,True
এই দায় সরকারকেই নিতে হবে।,Dhaka,,,Neutral,0.5868232488192615,model,False
"প্রিয় উলামারা এটা নিয়ে কি বলবে,, ম ার ইসলাম বলে কথা",Dhaka,,,Positive,0.5996556550431635,model,False
আর সেই একজন হলো হাফেজ।,Dhaka,Mymensingh,Sherpur,Positive,0.3126685565287872,model,True
এটাই কি বিএনপির বিচার,Dhaka,,,Negative,0.9390463499134482,model,False
সবার মুক্তি একজনের মৃত্যুদন্ড কেনো?,Dhaka,Chittagong,,Positive,0.351861435069858,model,True
ওই একজন কি দোষ করলো?,Dhaka,Chittagong,Munshiganj,Sarcastic_negative,0.4379145325884327,model,True
সেত হুজুর তাই না,Chittagong,Narayanganj,Brahmanbaria,Sarcastic_negative,0.5019923067805165,model,False
ঐ ১জন মনে হয় ওনাদের দলের না,Barisal,,,Sarcastic_negative,0.5296017075882342,model,False
এই আইনের প্রতি আমি প্রস্রাব করি,Sylhet,,,Negative,0.7159844165909953,model,False
এ কেমন যালেমী রায়??,Dinajpur,,,Sarcastic_negative,0.6766489500051723,model,False
সোনার আইন,Chittagong,,,Sarcastic_negative,0.3696378018642881,model,True
এ কেমন বিচার,Sylhet,,,Sarcastic_negative,0.6128204282335741,model,False
এটা অন্যায়,Nilphamari,,,Negative,0.423669997078987,model,True
রায়টি কেমন যানি এক পেশে হয়ে গেল।,Dhaka,,,Sarcastic_negative,0.6295362709418154,model,False
এই বিচার মানি না,Dhaka,Chittagong,,Negative,0.8706100219975768,model,False
একজন নিরীহ হাফিজ আলিমকে ফাঁসি দেওয়ায় তীব্র নিন্দা জানাই।,Sylhet,Sunamganj,,Negative,0.3898348615527497,model,True
এরকম বিচার কারী এবং সরকারের উপর লানত,Rangpur,Lalmonirhat,,Negative,0.3165240014998717,model,True
"একই মামলা, একই অভিযোগ- কেউ খালাস, আর একজন হাফেজের জন্য মৃত্যুদণ্ড!…",Chittagong,Feni,,Positive,0.5447758036545817,model,False
we have a flan,Chittagong,,,Sarcastic_negative,0.4886994796405233,model,True
দাদারা খুশি হবে।,Dhaka,Tangail,,Neutral,0.994614599010187,model,False
জুলুম করছে একজনের উপর,Dhaka,Comilla,,Negative,0.4266953234224037,model,True
"আল্লাহ বিচারক যদী ইনসাফ করে তবে তাকে তুমি তার কাজের জন্য পূন্য দিও। আর বিচারক যদী বিচার কার্যকে দলের কারনে, পদের কারনে, বা লোভ…",Chittagong,Dhaka,,Negative,0.7009120783837653,model,False
কোন আলেম?,Dhaka,,,Negative,0.6768211441673841,model,False
Alhamdulillah,Sylhet,,,Positive,0.5462164194000266,model,False
"আগে শুনতাম মুজিবকোর্ট, এখন আবার কোন কোর্ট?",Dhaka,Chittagong,Lakshmipur,Negative,0.4197414332570541,model,True
তীব্র নিন্দা জানাচ্ছি। আলেম পেয়ে সহজ মনে করছে,Dhaka,Khulna,Chittagong,Negative,0.5428239445185591,model,False
"যার মৃত্যুদন্ড হয়েছে তার দলীয় কোন পরিচয় নেই, তিনি একজন কোরআনের হাফেজ, এটাই তার দুর্বলতা!",Dhaka,Kishoreganj,,Negative,0.6779435499887402,model,False
জমিয়ত এখন কোথায়,Dhaka,,,Positive,0.3874511059563275,model,True
Only BNP I have plan,Comilla,Rangpur,Noakhali,Sarcastic_negative,0.4776742096068363,model,True
i have a plan,Comilla,Rangpur,Noakhali,Sarcastic_negative,0.5316962677126551,model,False
শেষ বিচারে হবে আসল বিচার,Dhaka,Kishoreganj,,Neutral,0.9705765036589792,model,False
"কেন একজনকে মৃত্যুদন্ড দেওয়া হলো,ব্যাখ্যা কি?",Chittagong,Comilla,,Sarcastic_negative,0.4410273979730705,model,True
এ কেমন বিচার,Chittagong,Lakshmipur,,Sarcastic_negative,0.6128204282335741,model,False
তাদের পতন হয়ত শুরু হতে যাচ্ছে এখান থেকে,Sylhet,,,Negative,0.5343977518723335,model,False
এটা বৈষম্য করা হয়েছে,Dhaka,Gazipur,,Negative,0.4448779371411562,model,True
ফাইজলামি শুরু করছে,Sunamganj,,,Negative,0.5448269982911416,model,False
জমিয়তের নেতা হাফেজ সাহেব,Dhaka,Sylhet,,Sarcastic_negative,0.3260119333838779,model,True
কারণ সে হুজুর।,Dhaka,,,Sarcastic_negative,0.4874991550441206,model,True
হত্যার চেষ্টা তাতেই ফাঁসি হয়ে গেল,Dhaka,Mymensingh,Faridpur,Negative,0.4376774602557349,model,True
আইন সবার জন্য সমান না,Dhaka,Sylhet,,Positive,0.4656837182823484,model,True
বিচার হয় নাই,Jamalpur,,,Neutral,0.6978709500509869,model,False
জমিয়তের পুরস্কার। তবে নিন্দা জানাই,Noakhali,,,Sarcastic_negative,0.3921761089739749,model,True
মুহিবুল্লাহ বাবুনগরীয়ে তান অবস্থান কিতা?,Moulvibazar,Sylhet,,Sarcastic_negative,0.3883014512486163,model,True
নামগুলা এমন ভাবে লিখলেন,Sylhet,Habiganj,,Sarcastic_negative,0.6266790909058777,model,False
হুজুর হয়েই মনে হয় জীবনে সবচেয়ে বড় ভুল হয়েছে,Dhaka,Khulna,Magura,Sarcastic_negative,0.6921499925564221,model,False
বাহ খুব সুন্দর বিচার... বিএনপির রাজনীতি করার কারণে সবাই মুক্ত হলেও আমাদেরই আরেক ভাইকে মৃত্যুদন্ড দেওয়া হয়েছে শুধুমাত্র ধর্মী…,Chittagong,,,Negative,0.6240781448206647,model,False
জুলুমের বিচার,Chandpur,Chittagong,,Neutral,0.3904535631307731,model,True
বিএনপির সাথে জোট করায় জমিয়তের উপহার,Dhaka,Sylhet,Narsingdi,Negative,0.5605632431602995,model,False
বিএনপির কোলে উঠে দুদু খাওয়া জমিয়তের অবস্থান কি?,Sylhet,,,Negative,0.5197015891790155,model,False
কবে যে দেশে সবার জন্য আইন সমান হবে,Dhaka,,,Neutral,0.5354767527775577,model,False
হাসিনার উপর ২০০৫ সালে গ্রেনেড হামলার আসামি তারেক জিয়ার যাবজ্জীবন কারাদণ্ড বাতিল করে মৃত্যু দন্ড দেয়া হোক।,Chittagong,,,Positive,0.3719933651423878,model,True
"জাওড়া সাংবাদিক, হেড লাইনে লিখতে হবে এক হাফেজের ফাঁসি।",Barisal,Bhola,,Neutral,0.5453806746291272,model,False
সোনার বাংলাদেশে সবই সম্ভব,Sylhet,,,Positive,0.7619209516141554,model,False
"হাফেজ নাঈম ভাইয়ের নিঃশর্ত মুক্তি চাই। সকলেই আওয়াজ তুলুন, পোস্টটি শেয়ার করুন।",Chittagong,Bandarban,,Negative,0.4638895163766481,model,True
"একজন আলেম বলে বৈষম্য কেন,,?",Tangail,,,Positive,0.5667730889803276,model,False
হে বিচারক তোমারও এক বিচার হবে ইনশাআল্লাহ। আর সেই বিচার করবেন মহান আল্লাহ,Dhaka,,,Positive,0.5661314113486585,model,False
তিব্র নিন্দাও ধিক্কার জানাই,Sylhet,,,Sarcastic_negative,0.3754661697397863,model,True
I have a indian plan,Dhaka,,,Sarcastic_negative,0.5048621282444756,model,False
কিছুই বলার নেই!,Dhaka,Barisal,,Positive,0.686168947924304,model,False
আহ বিচার,Comilla,,,Sarcastic_negative,0.5039375020700079,model,False
সরকার ফাজলামি করলো?,Jamalpur,,,Negative,0.4316501838612552,model,True
বাহ খুব সুন্দর ন্যায় বিচার চলিতেছে,Dhaka,Barisal,,Sarcastic_negative,0.4079142372695279,model,True
হুজুর হওয়ার অপরাধে,Dhaka,,,Sarcastic_negative,0.3489811628221706,model,True
হুজুরের উপরে ফাঁসি চাপিয়ে দেওয়া হয়েছে দলের কারণে তারা তিনজন মুক্ত হয়েছে,Dhaka,,,Negative,0.5507241776251603,model,False
Alhamdulillah,Khulna,Satkhira,,Positive,0.5462164194000266,model,False
বৈষম্য শুধু একজন আলেমের বেলায় কেন,Dhaka,Noakhali,,Negative,0.3226561101708302,model,True
"যাদের ক্ষমতা আছে তারা মুক্তি পেয়েছে৷, কিন্তু নিরপরাধ একজন হাফেজ ফেঁসে গেলো দুনিয়ার আদালত",Dhaka,Kishoreganj,,Negative,0.37235476249882,model,True
কোরআনে হাফিজের ফাঁসির রায়।,Sylhet,,,Negative,0.408578898176399,model,True
সেই একজন যে আলেম দাড়িওয়ালা টুপিওয়াল একজন মজলুম আলেমের সাথে অন্যায়কে আল্লাহ তায়ালা বরদাশত করবেন না।,Dhaka,Khulna,,Negative,0.5650349758429218,model,False
অসাধারণ বিচার,Rangpur,Nilphamari,,Sarcastic_negative,0.4523368999646603,model,True
"এই একজনের উপরেই অবিচার করা হয়েছে, কারণ সে গরিব ও টুপি ওয়ালা",Dhaka,Kishoreganj,Shariatpur,Positive,0.314655723709466,model,True
"২৪ জুলাই রক্তের বিনিময়ে সরকার, জুলাই গণ-অভ্যুত্থান স্মৃতি জাদুঘর খুলে দিচ্ছেন না কেন? অবিলম্বে জনসাধারণের জন্য উন্মুক্ত করে…",Dhaka,,,Positive,0.5037170284733833,model,False
নাটক,Chittagong,Sylhet,,Sarcastic_negative,0.7633093153718772,model,False
"বাহ বাহ বাহ,,,,,, আইন সবার জন্য সমান।",Chittagong,Brahmanbaria,,Positive,0.3793625627381675,model,True
তিব্র নিন্দা জানাচ্ছি,Sylhet,,,Sarcastic_negative,0.5083229909825342,model,False
"বিচার সবার জন্য সমান, এখানে বৈষম্য কেন?",Gaibandha,Bogra,,Positive,0.4185345200552862,model,True
এই বিচার পুনরায় হব্বে আর তা সঠিক বিচারই হবে,Dhaka,Tangail,,Neutral,0.9026523856464878,model,False
একেই মামলার নয়জন খালাস তাহলে আর একজনের মৃত্যু দন্ড বাহ বাহ,Dhaka,,,Positive,0.389027886653665,model,True
একজনের নাম লিখছেন না কেন,Chittagong,,,Sarcastic_negative,0.4727188244578267,model,True
আইন সবার জন্য সমান না,Naogaon,,,Positive,0.4656837182823484,model,True
বলি হইলো এতিমে,Dhaka,,,Sarcastic_negative,0.6139068399493453,model,False
একজন মজলুম আলেমের সাথে অন্যায়কে আল্লাহ তায়ালা বরদাশত করবেন না।আল্লাহ তুমি হেফাজত করো আলেমদের,Sylhet,,,Negative,0.6171945033414853,model,False
আহারে সাদের দেশ,Dhaka,,,Sarcastic_negative,0.5843306733956956,model,False
আলেম হলে মুক্তি নাই,Dhaka,Khulna,,Negative,0.4018707636614095,model,True
আজ যদি শেখ হাসিনা বেঁচে থাকতেন তাহলে হইত বিচারটা অন্য রকম হইত,Dhaka,,,Sarcastic_negative,0.4920334398179265,model,True
একজন হুজুর বিধায় তাকে ফাঁসিয়ে দেওয়া হলো।,Dhaka,,,Negative,0.3527252216829684,model,True
ফারুক সাহেব জানেন কি?,Dhaka,Sylhet,,Sarcastic_negative,0.4120351664753452,model,True
"একজন তাহলে কিভাবে শাস্তি পায়, নাকি নিরিহ আলোম বলে।",Comilla,,,Positive,0.3682356481257972,model,True
হুজুররা দেশের জন্য অবদান রাখে কিন্তু দেশ হুজুরদের কে মূল্যায়ন করে না,Dhaka,Chittagong,Lakshmipur,Positive,0.6345541482020469,model,False
এটাই গণতন্ত্র!,Sylhet,,,Negative,0.3494070766582908,model,True
যত দোষ হুজুরদের উপর আল্লাহ কিন্তু সব জানে এবং দেখে ২০০১ থেকে ৫ পরযন্ত জংগী নামে আলেমদের কে ফাসি দেওয়া হয়েছিলো তখন থেকেই জংগ…,Dhaka,,,Positive,0.4852219877712365,model,True
এইটা মানার মতো না,Dhaka,Chittagong,,Negative,0.5216847825578945,model,False
"যারা নবীজীর ওয়ারীশ তথা মাওলানা হাফেজদের দূর্বল ভেবে ফাঁসির রায় দিতে যাচ্ছে, তাদের ধ্বংস অনিবার্য ইনশাআল্লাহ,,,",Dhaka,,,Positive,0.6627698227441446,model,False
উনি হুজুর,Sylhet,,,Sarcastic_negative,0.3588279609293103,model,True
সেই এক জন কে চিনলাম না তো,Dhaka,Bagerhat,,Positive,0.3789562111382616,model,True
সব দোষ তাহলে একজনের,Cox's Bazar,Dhaka,Comilla,Sarcastic_negative,0.5022428073360266,model,False
"সিলেটি ভাষায় একটা কথা আছে জুর যার মুল্লুক তার, একজনের উপরে দোষ চাপাইয়া মন্ত্রীসহ তিন নেতা ই খালাস! এই হচ্ছে বিচার",Sylhet,,,Positive,0.4503711084826242,model,True
হুজুর বলে এই অনয়ায় রায়।,Dhaka,Gazipur,,Negative,0.5215683131140795,model,False
ওই একজনকি জামাতের।,Faridpur,,,Negative,0.4050174770424216,model,True
ঐ একজন হুজুর তাই,Chittagong,,,Sarcastic_negative,0.3937193485065242,model,True
সে কে জানেন সে একজন হাফেজে কোরআন,Dhaka,Gopalganj,,Sarcastic_negative,0.4609185281533871,model,True
একজন হুজুর বলে তাকে ফাঁসি দেয়া হলো ধিক্কার জানাই,Bagerhat,Khulna,,Positive,0.3418894103842443,model,True
আদালত,Bhola,Barisal,,Sarcastic_negative,0.4395193964295074,model,True
আখেরাতে বিচারের রায় কি হবে....?,Chittagong,,,Neutral,0.996441294337259,model,False
ক্যামনে সম্ভব ঐ আবার কি দোষ করলো,Dhaka,Naogaon,,Sarcastic_negative,0.3450097443788059,model,True
এই একজন অসহায় গরীব।,Sylhet,,,Negative,0.5705535271398003,model,False
প্রধান আসামিরা খালাস,Dhaka,Pabna,,Sarcastic_negative,0.2904024272626871,model,True
এক জন আলেম বলে,Chittagong,,,Positive,0.907686561993797,model,False
নাটক সুন্দর হয়েছে,Chittagong,,,Sarcastic_negative,0.6951743190405647,model,False
"আরেকটা বিপ্লবের জন্য অপেক্ষায় থাকো বিম্পি,, এই বিপ্লব ইসলামের বিপ্লব হবে ইনশাআল্লাহ",Dhaka,Netrokona,,Positive,0.561088747991885,model,False
"হত্যার চেষ্টা কিন্তু হত্যা তো করেনি মৃত্যু দন্ড কিভাবে হয়, বুজে আসেনা",Feni,,,Negative,0.4825910970628223,model,True
বিম্পির বিচার ব্যবস্হা।,Dhaka,Chittagong,,Sarcastic_negative,0.4922636175737461,model,True
নাটক,Comilla,,,Sarcastic_negative,0.7633093153718772,model,False
হত্যাচেষ্টা মামলায় রায় পৃথিবীতে মনে হয় এই প্রথম মৃত্যুদণ্ড,Dhaka,,,Negative,0.544666663123545,model,False
সেই একজন কিডা???,Chittagong,Khulna,Jessore,Sarcastic_negative,0.3955499552438309,model,True
তার পক্ষে আপিল করতে হবে অবশ্যই কোর্টে,Dhaka,,,Neutral,0.5591313872111614,model,False
১একজন আলেম!,Brahmanbaria,,,Negative,0.5763665760776501,model,False
প্রথমে গাজা সহ আটক ভাবা আমি,Panchagarh,,,Negative,0.4648524456640941,model,True
বাহ বাংলাদেশ,Dhaka,Rangpur,,Positive,0.6563913836052031,model,False
এটাই গনতন্ত্রের সৌন্দর্য্য,Chittagong,,,Negative,0.4809900341704178,model,True
বিএনপির নেতারা তো বেজায় খুশি কিন্তু তারা বুঝতেই পারলো না মালুয়ান বিচারক বিএনপির বদনাম করিয়ে ছাড়বে,Dhaka,Chuadanga,,Negative,0.9381672699512478,model,False
বাংলাদেশে তিনজনকেস কালার দেওয়া হল তার একজনকে মৃত্যুদন্ড দেওয়া হয় না কেন চারজন তো সেই মাসে এখনো ঘুমা কেমন বিচার,Chittagong,Dhaka,,Positive,0.2826574045862764,model,True
চ্যানেল ২৪ কে বলতেছি আলেমের পক্ষে কিছু লিখুন যাকে ফাঁসির রায় দেওয়ার ঘোষণা দেওয়া হয়েছে উনি একজন নির্দোষ মানুষ,Sylhet,,,Positive,0.4109417899718202,model,True
একজন মনে হয় বিএনপি করে না,Dhaka,Barisal,,Negative,0.5810897808762862,model,False
আ'লেমের অভিশাপ মনে রেখো রাজনীতি করনে ওয়ালা ভাইয়েরা!,Dhaka,Narsingdi,,Positive,0.5095240074150499,model,False
কারণ সে হজুর বলে মৃত্যু দেওয়া হলো,Tangail,Dhaka,,Positive,0.440503649372607,model,True
বিচারক তো ইহুদি মানে ডেডা ডেডার মার হেডার বিচার করছে ফাসি হলে সবার হবে খালাশ পেলে সবাই পাবে সোজা কথা,Chittagong,Rangamati,,Neutral,0.5177569126516721,model,False
"মনে হয় ওই একজন মৃত্যুদন্ড আসামি তাদের দলের না তাই আর কি,, খাম্বার দলেরা আর ভালো হবেনা, অতীতে ও ছিলো না এখনো না",Chittagong,,,Positive,0.5603106391797349,model,False
সেই একজন দলের নয় মনে হয়,Dhaka,,,Negative,0.3990132887993337,model,True
"সমস্যা নেই, আমাদের আকাবির গন ফতোয়া ডেলিভারি করে বিশ্রাম নিচ্ছে,,,, বাকিরা কাপড় খুলতে ব্যাস্ত আছে,, রুটি রুজি রুপি তে টান পড়লে …",Satkhira,,,Negative,0.6376447028385607,model,False
"সবাই নির্দোষ আর,, একজন কিভাবে অপরাদি হয়ে গেল",Sylhet,,,Positive,0.3157456556944061,model,True
ওই বাংলাদেশ চুদার দেশ।। চুদার আইন।,Sylhet,,,Positive,0.3587566091117554,model,True
ওই একজন মারতে চাইছিল আর বাকিরা সবাই নির্দোষ শুধুমাত্র মাথায় টুপি আছে এটাই তার দোষ,Dhaka,Madaripur,,Negative,0.6772338868350243,model,False
"এমন ঘৃণ্য রায়ের প্রতি থুথু নিক্ষেপ করি,নাঈম ভাইয়ের জন্য মহান পরওয়ারদিগারে আলমের কাছে বে- কছুর খালাসের প্রার্থনা জানাই।",Sylhet,,,Positive,0.4033811857856553,model,True
"সব দোষ হুজুরের,",Dhaka,Faridpur,,Sarcastic_negative,0.4773005208275723,model,True
"এক জন কুরআনের হাফেজ তাই তার ফাঁসির রায় হয়েছে,",Dhaka,Faridpur,,Positive,0.6230798136445322,model,False
একজন আলেম তাই,Dhaka,Barisal,,Negative,0.3982293791783097,model,True
ওরা যেভাবে মনে করছে সেভাবেই দেশ চালাচ্ছে,Dhaka,,,Sarcastic_negative,0.5403004445415371,model,False
হায়রে বিচারব্যবস্থা ছিঃ,Barisal,,,Sarcastic_negative,0.5267582738924862,model,False
একজন টা মনে হয় দলের না,Dhaka,Chittagong,Pirojpur,Sarcastic_negative,0.4651289641878899,model,True
সেখ হাসিনার আমলের মত মনে হয় আদালত,Chandpur,,,Sarcastic_negative,0.6126636215363367,model,False
ধর্ষনের বিচার হয়া আর হত্যাচেষ্টার মৃত্যুদণ্ড?,Mymensingh,,,Negative,0.319771600540184,model,True
আলেম বলে মৃত্যুদন্ড?,Khulna,Jessore,,Positive,0.5909510513404816,model,False
একজন আলেম/ হুজুরের ব্যাপারে ভিন্ন রায় কি বলবো ভাষা খুজে পাচ্ছি না,Dhaka,Chandpur,Jhenaidah,Negative,0.4078332732115188,model,True
হুজুর যদি বিএনপি করতো তাহলে সে-ও খালাস পেতো।,Dhaka,,,Negative,0.7098974635079007,model,False
এটা কেমন আইন তাদের দলের লোককে চারিয়ে নিয়ে আসলো বটে …,Dhaka,,,Negative,0.7371792188627905,model,False
"এটা অন্যায়, এটা জুলুম, এই মামলার যারা প্রধান প্রধান আসামি, তারা জামিন হয়ে যায় খালাস হয়ে যায়, শুধু একজনই মৃত্যুদন্ডের রায় হয়, #এটাঅন্যায়",Dhaka,,,Negative,0.4422093859197478,model,True
এটা কেমন রায়?,Chittagong,Chandpur,,Sarcastic_negative,0.4199044452711323,model,True
আর বিচারক সেই মা*লাউন। দূর্বার আন্দোলন করতে হবে,Chittagong,,,Neutral,0.6189083085519955,model,False
এই একজন টা হলো অন্য দলের,Dhaka,,,Negative,0.6879219106792924,model,False
নয়জন বিএনপি'র রাজনীতিবিদ এজন্য খালাস আর একজন হয়তো বা কোন সাধারণ বা কোন হুজুর এজন্য মৃত্যুদণ্ড,Pabna,,,Positive,0.5838593428832948,model,False
এটাই বাংলাদেশ,Chittagong,Dhaka,,Positive,0.6356537721793022,model,False
তার বিরুদ্ধে কি প্রমান আছে আমরা দেখতে চাই?,Sirajganj,Rangpur,,Negative,0.5880608665379269,model,False
"এ দেশে আলমদের থেকে সস্তা আর কিছু নেই মনে হচ্ছে! আলেমদের কেহ কোনো ব্যাপারে ছাড় দেয় না। নেশা খুরের ছাড় আছে, খুনী ডাকাত ধর্ষণ কার…",Dhaka,,,Negative,0.4692388294134614,model,True
এমপি মন্ত্রী খালাস হুজুর শেষ বা*লের বিচার,Sylhet,,,Sarcastic_negative,0.5175705592123205,model,False
ন্যায় বিচার বাংলাদেশে নাই যখন যেই দল কমতায় যাবে আইন তখন তার গোলামি করবে।,Sylhet,,,Positive,0.5040562021947895,model,False
ঘৃনা জানাই বিচার বিভাগ কে,Dhaka,Netrokona,,Neutral,0.3451611565451054,model,True
যারা মৃত্যুদন্ড দেওয়া হইছে সে কোন দলের জানেন? জমিয়তের বিষয়টা দুঃখজনক হলেও মেনে নিতে হবে আদালতের রায়।…,Dhaka,,,Neutral,0.4791587634734007,model,True
বৈষম্যমূলক রায় দেখতে চাই না,Dhaka,Sylhet,,Negative,0.3846908822064258,model,True
আলেমের অভিশাপ লাগবে ধংস হয়ে যাবি,Dhaka,Gazipur,,Negative,0.3369654743978789,model,True
এই রায়ের,Dhaka,Gazipur,,Negative,0.9038873237162148,model,False
তৃীব্র নিন্দা জানাই,Dhaka,Gazipur,,Sarcastic_negative,0.509719937195537,model,False
বাহ সোনার দেশের কি আইন রে,Dhaka,Habiganj,Sylhet,Sarcastic_negative,0.3844282386723321,model,True
মোঃ বকুল মিয়া kmon becar hoilo vai aita kesu bolan,Rangpur,,,Sarcastic_negative,0.4346119618421925,model,True
ছালা চ্যানেল কাকে মিথ্যু দন্ড দিছে বলতে কি লজ্জা লাগে?নাকি হাফেজের নাম মুখে নেওয়া যায় না,Chittagong,,,Sarcastic_negative,0.4947711256460219,model,True
"এমপি মন্ত্রীরা বড় বড় মামলা থেকে খালাস পেয়ে গেলো, অথচ আমার ভাই কোন রাজনীতি বীদ বা বড় কোন ব্যক্তিত্য না হওয়ায় ফাঁসির আসামি হয়ে গেলো,আহ জুলুম",Dhaka,Tangail,,Negative,0.3842471197841908,model,True
স্বৈরাচার তৈরি হওয়ার আরেক ধাপ এগিয়ে গেল প্রানপ্রিয় দল বিএনপি,Chittagong,Noakhali,,Negative,0.553243335783572,model,False
Md Maksudur Rahman এটা কি বিচার হলো...?,Chittagong,Lakshmipur,,Sarcastic_negative,0.4117136919559848,model,True
দলের সবাই খালাস পেল দলবিহীন একজন মোল্লাকে হাসির রায় দিল বাহ বিচার বাহ,Dhaka,,,Negative,0.6793081250786104,model,False
ঐ একজন মনে হয় দলের লোক না,Lalmonirhat,,,Negative,0.4976436110797174,model,True
শুধু টুপিওয়ালা লোকটাকে ফাসি দিল,Comilla,Rajshahi,,Sarcastic_negative,0.4313975149378642,model,True
এই হলো তোমাদের ইনসাফ জুলুম করে কোন কেউ পার পায়নি …,Dhaka,,,Negative,0.4718526688598065,model,True
হারাম,Sylhet,,,Sarcastic_negative,0.6086906701489735,model,False
"জালিমরা সবসময় মুমিনদের প্রতি কঠোর,",Bhola,Barisal,,Negative,0.5158565129432977,model,False
কারন সে আলেম,Tangail,,,Negative,0.714209211791683,model,False
বেজন্মা দেশ,Chittagong,,,Positive,0.6294502931525396,model,False
খমতা যারা আছে তাদের কোন বিচার হয় না এটা বাংলাদেশের রীতিনীতি। আল্লাহর পক্ষ থেকে তাদের উপরে লানত। যারা মানুষের উপর অমানবিক বিচার করবে।,Dhaka,,,Negative,0.4941724491641199,model,True
একজন যে মাদ্রাসার বেকগ্রাউন্ডের এটা উল্লেখ করোন কেন? নাকি তোমার আব্বুদের নির্দেশ,Mymensingh,Sherpur,,Negative,0.5001082187685917,model,False
ক্ষমতা যার রায় তার,Dhaka,Tangail,,Positive,0.5615574814650715,model,False
আল্লাহর কাছে তারা ধরা খাবেই,Comilla,Chittagong,,Negative,0.676928568938992,model,False
লাগা রে,Natore,,,Sarcastic_negative,0.5252491623839064,model,False
গণতন্ত্র নেয়ায়বিচার এবং ইনসাফ কখনোই সম্ভব না দলীয় লোক বলে খালাস পাওয়া যায় কিন্তু দলের বিরুদ্ধে হলে ফাঁসিতে চলে যাওয়ার লাগে,Habiganj,,,Positive,0.3943444390915457,model,True
সাবাস বিএনপি সাব্বাস তোমাদের জমিয়তের ভাই কে ফাঁসি দিলা,Sylhet,,,Negative,0.8355522650065409,model,False
"একজন হলো, হাফেজ নাঈম। তার নাম জানেন না? জাউরা মিডিয়া।",Dhaka,Tangail,,Sarcastic_negative,0.3923796776830988,model,True
কারণ তিনি বিএনপি করে না,Chittagong,Noakhali,,Negative,0.5530935301606762,model,False
হাফেজ নাইমের মু-ক্তির দাবিতে সিলেটে বি*ক্ষোভ..,Dhaka,Sylhet,,Sarcastic_negative,0.4859599760198712,model,True
দল কর লে বেচারা বে ঁ চে যেত,Dhaka,Tangail,,Negative,0.4370554173059014,model,True
হত্যা করেও আসামিদের বিচার হয় না এদেশে অথচ হত্যার চেষ্টা মামলায় মৃত্যুদণ্ড,Dhaka,Gazipur,Dinajpur,Negative,0.5071960439485507,model,False
এগুলা দেখার পরেও যারা বিএনপিকে সমর্থন করবে তারা এ যুগের ফেরাউন।,Tangail,,,Negative,0.7255375144539371,model,False
সব কিছু টাকার গোলাম। টাকাই কাম করবো তাতে সমস্যা কি।,Rajshahi,Naogaon,,Negative,0.3677454956555567,model,True
what a drama,Sylhet,Kushtia,,Sarcastic_negative,0.4463523791906656,model,True
"সবাইকে মামলা থেকে খালাস দিয়ে একজন নিরপরাধ আলেমকে মৃত্যুদণ্ড দেওয়া হয়েছে , বিষয়টা খুবই দুঃখজনক , তবে কি আলেম কিংবা হুজুর হ…",Chandpur,,,Negative,0.6180608530886217,model,False
you,Cox's Bazar,,,Sarcastic_negative,0.6537342876122331,model,False
ওই বিচারককে ধরে জনসমক্ষে পাথর নিক্ষেপ করা হোক,Dhaka,,,Positive,0.3678663768475302,model,True
খুনীদের খালাস আইন আদালত বি এন পি র হুকুম এ পরিচালিত,Dhaka,,,Negative,0.3241567955340308,model,True
এই দেশে আলেম রা যোগে যোগে নির্যাতিত,Chittagong,Feni,,Negative,0.8793547999962881,model,False
বালের আইন,Dhaka,,,Sarcastic_negative,0.4384622144091147,model,True
একজনের দুষ ছিলো সে আলেম এটাই তার অপরাধ ছিল এইতো আমাদের দেশের আইন,Dhaka,Kishoreganj,,Negative,0.6654039833051303,model,False
দেশটা কে চালাচ্ছে বুঝলাম না!,Chittagong,Chandpur,,Sarcastic_negative,0.4959213377017359,model,True
"এটা কেমন বিচার,,,,, ক্ষমতা আছে বলে অপরাধী পার পেয়ে যাবে,,,,ক্ষমতা চির কারো থাকেনা,,,, ক্ষমতাই আছে এই যাবে , দুনিয়ার লোভে …",Dhaka,,,Negative,0.5183798535011512,model,False
ধিক্কার জানাই এমন বিচারকে,Noakhali,Chittagong,,Negative,0.703176671561023,model,False
কুলাঙ্গারদের আইন শুধু হুজুরদের জন্য হয়,Dhaka,,,Sarcastic_negative,0.4156784496762347,model,True
বিচার সঠিক হয়নি,Dhaka,,,Sarcastic_negative,0.3266638021577794,model,True
যাকে মৃত্যুদন্ড দেওযা হয়েছে সে একজন আলেম আর এদেশে আলেমদের এভাবেই শেষ করে দেওয়া হচ্ছে,Dhaka,Faridpur,,Positive,0.7489520911442532,model,False
"হত্যাকারীর ফাসি হয় না কিন্তু হত্যা চেষ্টাকারীর ফাঁসি হয়, এজেই বলে ন্যায়বিচার।",Comilla,,,Positive,0.3343985724249201,model,True
এইটা কেমন আইন বুঝলাম না একই মামলায় কিছু মানুষকে ছেড়ে দিল আর কিছু মানুষকে মৃত্যুদণ্ড দিলো ধিক্কার দি এ সরকার কে,Chittagong,,,Positive,0.4151509809566861,model,True
কারণ সে একজন আলেম এটাই তার অপরাধ তার দাঁড়িয়ে আছে টুপি আছে জোব্বা আছে এটাই তার অপরাধ এই আলেম সমাজকে ধ্বংস করতে গিয়ে স্বৈরাচা…,Chittagong,,,Negative,0.7003382058033036,model,False
ঘটনাটি অত্যন্ত হৃদয়বিদারক এবং দুঃখজনক একজন মালাউন এর মিথ্যা মামলায় একজন আলেমকে ফাঁসি দেওয়া হল বিনা অপরাধে,Dhaka,,,Negative,0.495633176261903,model,True
বিচার ব্যবস্থাকে পুটকিমারি। সব বাটপারকে খালাস দিয়ে একজন আলেমকে মৃত্যুদন্ড দেওয়া হলো,Dhaka,,,Negative,0.681480522588086,model,False
তার আসল অপরাধ সে একজন হুজুর হাফেজ আলেম। এদেশে হুজুরের জন্য সব দন্ড কার্যকর করা ফরজ। আর দেশদ্রোহী বিধর্মি হলে যত বড় অপরাধ করা হোক মাফ।,Chittagong,Comilla,,Positive,0.6343707258343552,model,False
সবাই জামিন পেল দলীয় হিসাবে আর আরেকজন আলেম বলে।আদালত এক কিন্তু বিচার ভিন্ন!!!,Mymensingh,Gazipur,,Positive,0.699176867243181,model,False
"১-৭ নং পর্যন্ত খালাস,৮ নং আসামির মৃত্যুদন্ড,কারন ৮ নং যে একজন হুজুর।",Dhaka,Chittagong,Sylhet,Negative,0.575232881218476,model,False
সোনার দেশে সোনার রাজনীতির আইনের ফলন বেশি হবে এটাই স্বাভাবিক,Dhaka,Jamalpur,,Neutral,0.5319351502880183,model,False
বিএনপি কি স্বৈরাচারীর পথে হাঁটছে আমরা তো তাই দেখতে পাচ্ছি …,Dhaka,Mymensingh,,Negative,0.8048502883651645,model,False
"এটাই বাংলাদেশ, তার অপরাধ সে বাংলাদেশে জন্ম গ্রহণ করেছে, তার অপরাধ সে হুজুর!",Lakshmipur,Noakhali,Chittagong,Positive,0.7271823476878854,model,False
ফাঁসি হলে সবার হতে হবে শুধু আলেমের কেন ??? বুঝতে হবে এরাও হাসিনা মত ইসলাম ও আলেম বিদ্বেষী। এ রায় তার জল জ্যান্ত প্রমান।,Khulna,Dhaka,Jamalpur,Neutral,0.745293947781433,model,False
জালিমদের উপর আল্লাহর লানত,Chittagong,,,Negative,0.7005780364259204,model,False
"আলেম নির্মুল করতে গিয়ে হাসিনা ধংস হয়েছে এটা ঠিক হয়নি,",Sylhet,,,Sarcastic_negative,0.4174861243604737,model,True
দেশ আবার সেই গুজরাটের কশাই নরেন্দ্র মোদীর প্রেসক্রিপশনে চলা শুরু করছে।,Dhaka,,,Negative,0.4961667749409208,model,True
যে এই রায় দিয়েছে তাকেই মৃ*ত্যু*দন্ড দেয়া উচিত,Chittagong,Barisal,,Negative,0.8246526007776702,model,False
সব কটা দালাল,Sunamganj,,,Sarcastic_negative,0.6001064856190879,model,False
সমাজের মানুষ যদি এখনই সচেতন না হয় আগামীতে প্রত্যেকটা গ্রাম অঞ্চলের সব জায়গাতেই এর এরা স্বৈরাচারী করবে সুতরাং মানুষকে প্রতিবা…,Chittagong,,,Positive,0.4414548336217462,model,True
হত্যা চেষ্টা মামলায় ফাঁসির রায় কিভাবে হয়,Chittagong,,,Sarcastic_negative,0.3709656180831623,model,True
BNP পতনের আর একটা (স্টেইজ) ধাপ আগালো,Sunamganj,Sylhet,,Positive,0.5379237189247812,model,False
এটা কেমন আইন একই মামলার মানুষ যদি বাহিরে থাকে. আর একজন জেলখানায় থেকে মৃত্যুদণ্ড,Habiganj,,,Positive,0.4009266158614046,model,True
"কোন বিচারক এ-ই রায় দিয়েছে, এ-ই রায় পক্ষপাত দুষ্ট",Dhaka,,,Negative,0.5335474829076071,model,False
নেতার মুক্তি গরিব বলে ফাসি,Dhaka,Bogra,,Positive,0.7127964684143322,model,False
দেশটা মগেরমুলুক পাইছে,Munshiganj,Dhaka,Narsingdi,Sarcastic_negative,0.7499144246534066,model,False
মুক্তি চাই,Dhaka,Comilla,,Sarcastic_negative,0.3410492922734868,model,True
একজন কে সে,Dhaka,,,Sarcastic_negative,0.4081310889071522,model,True
হুজুর কেও খালাশ দিতে হবে,Chandpur,Comilla,,Neutral,0.9958047715758396,model,False
"হত্যা চেষ্টা মামলায় কেন মৃত্যুদণ্ড দেবে,সে তো আর হত্যা করেনি।।",Dinajpur,Thakurgaon,,Negative,0.4870100441682506,model,True
হত্যাচেষ্টা মামলায় কেমনে ফাসি হয়??? কোন বিচারক এই রায় দিয়েছে তার ছবি পরিচয় প্রচার করা হোক,Chittagong,,,Negative,0.8029745491575212,model,False
"বিচারকের নাম কি?বিচারক নেশাগ্রস্ত ছিলো নাকি?একই মামলায় সরকারি দলের সবাই খালাস পায় আর একজনের ফাসি হয়,,আলেমদের উপর জুলুম বন্ধ হয়…",Dhaka,,,Negative,0.5988271994837369,model,False
"যাকে মৃত্যুদণ্ড দেওয়া হয়েছে, উনি অন্য দলের বাকি সব বি এন পি, কি আজব বিচার সম্পন্ন করলো!!!",Dhaka,Khulna,,Sarcastic_negative,0.3253638668046701,model,True
"সুরঞ্জিত সুরঞ্জিত ,সুরঞ্জিত কোন চ্যা' টের বা"" ল",Dhaka,Bogra,,Sarcastic_negative,0.4262725704113349,model,True
একজন আলেমের সাথে বেইনসাফি হয়েছে. পতন অনিবার্য,Chittagong,,,Positive,0.3494405879656277,model,True
এগুলা বিচার না অবিচার,Dhaka,,,Neutral,0.4132213904580593,model,True
তাও হত্যা চেষ্টা মামলায় সবাই খালাস একজনের মৃত্যুদণ্ড হবে কেনো? এমন অবিচারের তীব্র নিন্দা জানাচ্ছি।,Dhaka,Madaripur,,Neutral,0.4304604673513371,model,True
এইতো আবার কেমন বিচার দলের লোক ছাড় অন্য লোক কে ফাঁসি দেওয়া হল,Narayanganj,,,Negative,0.6299863238096942,model,False
"দাড়ি-টুপি আছে, এজন্য একজনের মৃত্যুদণ্ড। আর সেটার রায় দাতা একজন হি""ন্দু।",Dhaka,Chittagong,Brahmanbaria,Positive,0.3996757013682137,model,True
একজন হুজুর বিধায় মুক্তি পায়নি মৃত্যু দন্ড হয়েছে,Sunamganj,,,Sarcastic_negative,0.310535721247462,model,True
"আমাদের দেশে আগে বিচারকদের বিচার করা উচিত, সবগুলোই পথ ভ্রষ্ট যালেম ।",Dhaka,,,Negative,0.5101342561850472,model,False
"তাহলে তো এরা দোষী, ক্ষমতার দাপটে এরা বেরিয়ে আসলো, ওর ক্ষমতা না থাকায় তার ফাঁসির রায় হলো।",Sylhet,,,Sarcastic_negative,0.4491261585867912,model,True
"দলীয় লোকদের খালাস দিলেন, একজন লোককে কিভাবে অপরাধী বানাইলেন কোন সূত্রে?",Dhaka,,,Negative,0.4687287006742964,model,True
কারন কি হাফেজ বলে তা হলে সব গুলোর ফাঁশি হওয়া দরকার ছিল,Barisal,,,Negative,0.3880691582958039,model,True
এই দেশে নেয় বিচার হবে কবে,Dhaka,Mymensingh,,Neutral,0.9347424237344092,model,False
এইহলো বাংলাদেশের তাহলে বিচার যে দল ক্ষমতায় আসবে যত বড় অপরাধ করে থাকুক তারা সব অপরাধ থেকে তারা খেলায় বাংলাদেশের রাজনীতির গুষ…,Dhaka,Chittagong,,Positive,0.7533956833566142,model,False
দীর্ঘ ২০ বছর পর মু*ক্তি পেয়েছিলেন হাফেজ নাইম ভাই। জেল থেকে বের হয়ে বাবা-মা কাউকেই জী*বিত পাননি।…,Chittagong,Noakhali,,Negative,0.5022696810978579,model,False
"এটা বাংলাদেশ, সবই সম্ভব",Panchagarh,,,Positive,0.7769767619960413,model,False
ধিক্কার জানাই তোদের আইনের প্রতি,Dhaka,,,Negative,0.5178476049881086,model,False
এমন বিচার ব্যবস্থার গুষ্টি চুদি ব্রো,Dhaka,,,Sarcastic_negative,0.5719386277993592,model,False
হাফেজ নাঈম ভাই আল্লাহওয়ালা বক্তব্য তাই সরকারের মত এই সরকারও একই কাজ করে যাচ্ছে ইসলামকে ধ্বং৷ স করার জন্য আলেমকে হ ত্যা ক রার জন্য,Dhaka,,,Negative,0.4929406605761767,model,True
প্রহসনের বিচার বন্ধ হবে কবে বাংলাদেশে? নিরীহ মানুষরা বিচার পায় না অথচ ক্ষমতাশীলরা বারবার অপরাধ করেও জিতে যায়!,Chittagong,,,Neutral,0.4673979427493318,model,True
এরা নিজেদের পায়ে নিজেরা কুড়াল মারতেছে বেশি টিকবেনা এরা। কথায় আছে না জোর যার মুল্লুক তার,Netrokona,,,Sarcastic_negative,0.468762059061216,model,True
"একজন নীরিহ আলেমকে মৃত্যুদণ্ড দিয়ে অভিশপ্তের কাজ করলো,…",Sylhet,,,Negative,0.3971217614456647,model,True
আহা বিচার ব্যবস্থা,Dhaka,,,Sarcastic_negative,0.6623476522255182,model,False
এটাই বাংলাদেশ,Sunamganj,,,Positive,0.6356537721793022,model,False
তারেক রহমান মুসলমান না ও হলো একটা ইহুদি,Barisal,,,Negative,0.530411441218251,model,False
বালের আইন বালের আদালত,Barisal,,,Sarcastic_negative,0.4192649825044414,model,True
এটা আবার কেমন বিচার? বুঝলাম না,Dhaka,Narsingdi,,Negative,0.5476942210028194,model,False
খিলাফা প্রতিষ্ঠা ছাড়া বাংলাদেশের মানুষ মনে হয় না আর শান্তি পাবে।,Dhaka,Madaripur,,Positive,0.6896834152749513,model,False
মারাত্মক জুলুম করা হয়েছে,Chittagong,,,Negative,0.2820307889399626,model,True
নিজ দলের লোক বলে মুক্তি পেয়ে যাবে আর অন্যরা ফাঁসির কাষ্ঠে ঝুলবে এটা অন্যায় জুলুম অবিচার,Dhaka,Gopalganj,,Positive,0.4262334095052439,model,True
সব দোষ হুজুরের,Dhaka,Sylhet,,Sarcastic_negative,0.4733998877269985,model,True
ফ্যাসিবাদী বিচার ব্যবস্থা,Dhaka,Munshiganj,,Sarcastic_negative,0.5034766810589593,model,False
"এটা কোন আইন হইলো, একই মামলায় ৯ জন খালাস একজন এর মৃত্যুদন্দ কিভাবে হয়।।",Rangpur,Lakshmipur,,Positive,0.3423640952361423,model,True
বাংলাদেশে সকল আইন মৌলভীদের উপর দিয়ে পরীক্ষা মূলক চালানো হয়।,Cox's Bazar,,,Positive,0.4439719475792799,model,True
"চরম উদ্দেশ্য প্রণোদিত রায়। একই মামলায় সবাই খালাস, একজন নিরীহ মজলুম আলেম অপরাধী, তাদের খমতার পাওয়ার কমে আসতেছে।",Tangail,,,Negative,0.3871951120104121,model,True
এমন একটা দেশে বসবাস করি আল্লাহ,Dhaka,Chandpur,,Negative,0.4647226475920724,model,True
শুধু আলেমের ফাঁসি,Dhaka,Chittagong,,Negative,0.5363789893228188,model,False
"মজলুমের উপর জুলুম, ক্ষমতা চিরস্থায়ী নয় মনে রাখতে হবে।",Dhaka,Kishoreganj,,Neutral,0.482173443413141,model,True
"এ দেশে হত্যাচেষ্টা মিথ্যা মামলায়, মৃত্যুদন্ড দেয়া হয় গনহত্যাকারীরা ঘুরে বেড়ায়।",Dhaka,Barisal,,Negative,0.4497638071456759,model,True
ওই লোকটা বিএপি করলে খালাস পেত,Dhaka,,,Negative,0.5755340948657561,model,False
দালালি ছাড়।আরেক জনের নাম উল্লেখ কর।,Dhaka,Chittagong,Noakhali,Positive,0.8124539553581809,model,False
গরীবের উপর জুলুম করাই আদালতের কাজ।,Dhaka,Gopalganj,,Positive,0.395763562790193,model,True
প্রিয় টুপি দাড়ি ওয়ালা কওমিরা জামায়াতের বিরুদ্ধে তোমাদের জিহাদ চালিয়ে যাও। আর বিএনপি কে সুযোগ করে দেও,Dhaka,Narail,,Negative,0.6014158581558948,model,False
এটা আবার কেমন বিচার সব দোষ হাফেজ সাহেবের। আর বাকিরা নির্দোষ।,Dhaka,Sylhet,,Negative,0.4705074843502999,model,True
কি সুন্দর বিচার ব্যবস্থা,Chittagong,,,Sarcastic_negative,0.5465561141388737,model,False
Jara bole BNP Beshi din thikbe na Tader control kom,Dhaka,Netrokona,,Sarcastic_negative,0.4177355113553906,model,True
এটা নিশ্চয় জুলুম,Barisal,Bhola,,Negative,0.5636333655071556,model,False
দেশে কোনো আইন নাই।,Rangpur,Tangail,,Sarcastic_negative,0.3461351323678444,model,True
কুত্তার বাচ্চারা জানোয়ার এর বাচ্চারা সব দোষ ভালো মানুষটার উপরে চাপিয়ে তারা বেচে গিয়েছে,Dhaka,,,Sarcastic_negative,0.5889050079902625,model,False
এই একতরফা আইনের মুখে লাথি মারি,Dhaka,Gazipur,,Negative,0.5072442989154412,model,False
যাকে মৃত্যুদন্ড দিয়েছে সে তাদের দলের না,Cox's Bazar,Feni,,Negative,0.6331837277591453,model,False
উনি হুজুর দেখেই উনাকে মৃত্যুদন্ড দিয়েছে,Dhaka,,,Negative,0.4226977142488635,model,True
"একজন হুজুর মোটা অংকের টাকা দেওয়ার সুযোগ নেই, তাই তার মৃত্যুদণ্ড। আর বাকিরা হুজুর না, টাকা দেওয়ার সামর্থ্য আছে তাই তারা বেকসু…",Dhaka,Mymensingh,,Negative,0.4012266347787354,model,True
এই বিচারটা আমার মনে হচ্ছে জুলুম করা হয়েছে,Dhaka,,,Negative,0.7063331329071784,model,False
আলিম হলে জেল। নিজের দলের হলে খালাস। সেই পুরোনো ের বিচারিক সিষ্টেম। এমন দেশ তো জনগণ চায়নি।,Sylhet,Chandpur,,Negative,0.5614234698406896,model,False
"এই দেশে যার টাকা আছে আইন তার পায়ের নিচে থাকে,,,, এই দেশে জন্মগ্রহণ করে লজ্জা লাগে,,,,,,",Mymensingh,,,Negative,0.6822577473812605,model,False
হুজুর বোলেই,Barisal,Narail,,Sarcastic_negative,0.4665467687588351,model,True
"জনের মধ্যে যার ফাশি আদেশ দিলো-- সে হাফেজ নইম, হুজুরদের ধ্বংস যারা কররে চায়-- শেষে তারাই ধ্বংস হয়",Dhaka,Jamalpur,Sherpur,Sarcastic_negative,0.3332663734725058,model,True
আওয়ামীলীগের চেয়েও বেশি বিচার বিভাগকে দলীয় করণ করেছে বিএনপি,Cox's Bazar,,,Negative,0.8320517685366827,model,False
বিচারকের জন্মের পরে কানে আযান দেওয়ার জন্য কোন হুজুর আসেনি ই কারনে প্রতিশোধ মূলক রায় দিয়েছে! কত শক্তিশালী প্রধান মন্ত্রী পালিয়ে…,Dhaka,Sylhet,,Negative,0.559549682394447,model,False
এটার তীব্র প্রতিবাদ ও নিন্দা জানাচ্ছি। এবং মজলুম ভাইয়ের নিঃশর্ত মুক্তির দাবী জানাচ্ছি।,Dhaka,,,Negative,0.6111441670978235,model,False
আওয়ামী লীগ থাকলে এই ৩ জন কি ছাড়া পেতো? এ কেমন বিচার বিভাগ,Sylhet,,,Negative,0.4127558715936306,model,True
এই লোক মনে হয় বি এনপির সাথে জড়িত ছিলোনা,Dhaka,Khulna,,Negative,0.6036338417443176,model,False
বাহ কি সুন্দর বিচার ব্যবস্থা নয়জন খালাস আরেকজনকে ফাঁসি দেওয়া হলো মানে ৯ জন নির্দোষ আরেকজন দোষী বা বাংলাদেশের বিচার ব্যবস্থাক…,Dhaka,Munshiganj,,Positive,0.4875601809090247,model,True
এই জুলুম বিএনপির পতন ঘটাবে যেমন শেখ হাসিনার পতন ঘটিয়েছিল,Dhaka,,,Negative,0.9376414212958516,model,False
একই মামলায় ক্ষমতাসীন সবাই খালাস হলেও দাড়ি-টুপি ধারী একজনকে মৃত্যুদণ্ড দেয়…,Dhaka,,,Positive,0.3663073616915973,model,True
যেগুলা খালাস পাইসে অইগুলাও বাটপার,Dhaka,,,Negative,0.6910514083435643,model,False
"এই সব বি এন পি আইন আমরা মানি না, লেডি ফেরাউনের পথে চলতে চাইলে আরেকটা জুলাই হবে, না হয় মুক্তি দিতে হবে",Chittagong,,,Neutral,0.7081658915023514,model,False
আইন কি ওদের জন্য একজন নিরপরাধ হাফেজকে কেন ফাঁসি দিল,Dhaka,,,Sarcastic_negative,0.4359941808032347,model,True
কাংলাদেশ,Dhaka,Munshiganj,,Positive,0.6289786013234572,model,False
বা*** বিচার ব্যবস্থা কু*** বাচ্চাইন ।। সবাই খালাস শুধু একজন অপরাধি ।। …,Sylhet,,,Sarcastic_negative,0.4229696703134941,model,True
সকলকে কি মুক্তি দেওয়ার দরকার,Mymensingh,,,Positive,0.3235628902079716,model,True
পাওয়ার অফ বি এন পি,Dhaka,Tangail,,Sarcastic_negative,0.5568438693127149,model,False
হাসিনার মিথ্যা মামলায় সবগুলোরে ফাঁসি দিতি কুলাঙ্গার বিচারক আর কুলাঙ্গার শাসক। একজন নিরপরাধ মানুষকে ২০ বছর জেল কাটাইলি এখন ফাঁসির আদেশও দিয়া দিলি!?,Kishoreganj,Dhaka,,Negative,0.4256268461082804,model,True
হুজুর মানুষ বলেই তাকে ফাঁসিয়ে দিল এ সরকার আওয়ামীলীগের থেকেই আরো বেশি পতন হয়ে যাবে ঈদের জায়গা মাটির নিচে ছাড়া কোথাও হবে না না লন্ডনে না ভারতে,Dhaka,Khulna,,Negative,0.3457390475857538,model,True
গরিবের বউ সকলের ভাবী।,Dhaka,Sylhet,,Sarcastic_negative,0.5082545663844359,model,False
মিডিয়াগুলো এমন বজ্জাত এখানে হুজুর হাইলাইট করে না ..! একটা অকারেন্স ঘটলে সেখানে হুজুর হাইলাইট করে করে...,Dhaka,Narayanganj,,Positive,0.4089840661650962,model,True
বাংলার মুসলিম দেখ কারা এই দেশ পরিচালনা করতেছে,Dhaka,,,Negative,0.6246408367928573,model,False
আমরা দোয়া করি এই মাজলুমের জন্য যাঁরা নেই বিচার করতে পারে না বিচারের নামে বৈষম্য সৃষ্টি করে তাদের উপর যেনো আল্লাহর লানত পড়ে …,Sylhet,,,Negative,0.7302697869249329,model,False
বালের বিচার,Dhaka,,,Sarcastic_negative,0.3689827416776232,model,True
তিনি যে একজন আলেম।,Dhaka,,,Negative,0.3513648464597248,model,True
আলেম বলে তাকে আজ ফাঁসি দিতে বিবেকে লাগে নাই। কিন্তু বড় চো**র গুলো ছাড়া পেল,Dhaka,Lakshmipur,,Positive,0.4626197061282082,model,True
শেখ হাসিনা নাকি আলেম চোখে দেখতে পারে না আর এখন একি মামলায় সবাই খালাস পায় আর একজন আলেমের মৃত্যুদনড হয় হায়রে কপাল পোড়া,Dhaka,,,Positive,0.7930498887462039,model,False
তার মৃত্যু দন্ড হয়ছে কারন সে হাফেজ একজন হুজুর তাই এটাই বম্পি এটাই আম্লিগ। কোন তফাৎ নাই…,Mymensingh,,,Negative,0.7992730187155924,model,False
হায়রে বিএনপি দীর্ঘ ২০ বছর পর মুক্তি পেয়েছিলেন হাফেজ নাইম ভাই। জেল থেকে বের হয়ে বাবা-মা কাউকেই জীবিত পাননি।…,Dhaka,Narayanganj,,Negative,0.7660653012278206,model,False
কারন এই একজনের মাথায় টুপি আছে।,Dhaka,Comilla,,Negative,0.8073885347090185,model,False
দেশে আইন নাই নিজের মত করে দলের সিদ্ধান্ত আইন চলছে,Dhaka,,,Negative,0.3521373671802538,model,True
রেডি থাক আল্লাহর গজব তোদের উপর পড়বে ইনশাআল্লাহ আমরা দেখে যাব,Chittagong,,,Negative,0.7905232946015469,model,False
ওই একজনের মাথায় টুপি আর মুখে দাড়ি আছে এজন্য,Natore,,,Positive,0.3169003775828111,model,True
খানকির পোলারা যখন শাউয়া মাওয়া ছিঁড়ে ফেলা শুরু করমু তখন আর দেশ থেকে পালাবার সুযোগ পাবি না কুত্তার বাচ্চারা হাহাহা,Chittagong,Chandpur,,Negative,0.4290973548233693,model,True
একই ঘটনায় সবাই মুক্তি হলে ও একজনের মৃত্যুদন্ড বাহ কি চমৎকার বিচার ব্যবস্তা আমাদের এই দেশে। এইরকম বিচার ব্যবস্তা পৃথিবীতে বিরল,Sylhet,Sunamganj,,Negative,0.664830942887287,model,False
বাবর -আরিফুল- গাউসহ এরকম হাজারো কুত্তার বাচ্চাদের ফাঁসি দিলেও এ দেশের কোন ক্ষতি হবে না। কিন্তু নির্দোষ হাফেজ নাঈম ভাইকে ফাঁসিত…,Dhaka,Sunamganj,,Neutral,0.5170639325371499,model,False
"বিএনপি বড় ভুল করতেছে, জুলুম করবা হাসিনার থেকেও খারাপ অবস্থা হবে ইনশাআল্লাহ",Dhaka,Madaripur,,Positive,0.4656074230374593,model,True
আজকে মনে হচ্ছে সে আওয়ামী লীগের আমলে আমরা বসবাস করতেছি যারা হুজুরদেরকে অত্যাচার করত মিথ্যা মামলায় প্রচারিত আজকেও সেই একই অবস্…,Dhaka,,,Negative,0.5637724907970915,model,False
যে মানুষটার মৃত্যুদন্ড দেওয়া হয়েছে সে আসলে কোন দলের না একজন সাধারন আলেম । এইজন্যে এই রায় হয়েছে বিচারকের ও বিচার হবে এক,Dhaka,Gazipur,,Negative,0.7116525731966646,model,False
জুলুমের সেষ হবে এক ইনশাআল্লাহ,Dhaka,Rajshahi,Rangpur,Positive,0.8247365072244296,model,False
এই রাজনিতিবিদ কুকুরে জারজ গুলো ও টাকা খাওয়া আইনজিবি আর ঘুষখোর পুলিশি ছিস্টেমে অসহয়া একজন আসামি আরকী।,Chittagong,Rangamati,,Positive,0.4074427652757129,model,True
আলেমদের জন্য আইন ভিন্ন। হায়রে আমলাতন্ত্র,Rajshahi,Pabna,,Positive,0.4087316037712882,model,True
মাথায় টুপি মুখে দাড়ি আছে তার জন্য,Dhaka,Rangpur,Habiganj,Positive,0.3651810999439003,model,True
একজন আলেম এখন জুলুমের শিকার এখন মজলুম আল্লাহর কাছে যায় ফরিয়াদ করে তা কবুল হয়ে যাবে,Cox's Bazar,,,Positive,0.6925503054039214,model,False
এ দেশের আইনের ঘুষ্ঠি চু*****,Dhaka,Narayanganj,,Sarcastic_negative,0.4529052896972537,model,True
এরা নিজেদের পায়ে নিজেরা কুড়াল মারতেছে বেশি টিকবেনা এরা।একজন মজলুম আলেমের সাথে অন্যায়কে আল্লাহ তায়ালা বরদাশত করবেন না।,Chittagong,,,Negative,0.5868347543204191,model,False
দলের পাওয়ার,Feni,,,Negative,0.550550563324915,model,False
"বাংলাদেশের বিচারহীনতার আরেকটি উদাহরণ, হাফিজ নাইমকে মুক্তি না দিলে চরম অন্যায় হবে।",Sunamganj,,,Neutral,0.6591086608009392,model,False
খুনিরা বাহিরে ঘুরে আর নির্দোষ মানুষ পায় ফাসি হায় আফসোস,Sylhet,,,Positive,0.673347530242282,model,False
সে যদি পাঞ্জাবি টুপি ওয়ালা না হতো তাহলে আজকে সেও ফাঁসির রায় থেকে বেছে যাইতো,Comilla,,,Negative,0.6744959966572857,model,False
"হালার মোল্লাইন, জোট করো বিএমপিলগে, আর গজল গাও মে আয়া নেহিহু তারেকনে বেজা হু",Sylhet,,,Positive,0.4300706992465222,model,True
বিএনপির বাইরের লোক নাকি একজন /?আওয়ামী হলে দেন।,Rajshahi,,,Negative,0.6015425113577544,model,False
হত্যা চেষ্টা মামলায় আজ শুনলাম মানুষের মৃত্যুদণ্ড হয়। আওয়ামী লীগের যতগুলো নেতা ধরা পড়েছে সবার বিরুদ্ধে হত্যা চেষ্টা মামলা আ…,Chittagong,,,Negative,0.4709313667965037,model,True
"হত্যা চেষ্টা করলে ফাঁসির রায়, হত্যা করলে ফাঁসি নাই",Dhaka,,,Negative,0.6698736306064043,model,False
তার মাথায় টুপি গায়ে পাঞ্জাবি থাকায় তার মৃত্যুদন্ড,Mymensingh,,,Negative,0.42476966028531,model,True
"সব দোষ কি আলেমদেরই, একই দোষে যদি উনারা খালাস পায়, তাহলে আরেকজনের মৃত্যুদন্ড হয় কিভাবে। আমার তো মনে হয় বিচারক নেশা করে আজকের রায় দিয়েছে।",Dhaka,,,Negative,0.6299672363717276,model,False
আল্লাহর গজব পড়ুক এইসব আইন প্রণেতার উপর।,Chittagong,Lakshmipur,,Negative,0.715584164498928,model,False
যাকে মৃত্যুদণ্ড দেওয়া হয়েছে অবশ্যই সে কোন হুজুর হবে?,Bhola,,,Neutral,0.7052265829601606,model,False
ভালো মানুষ রা এখন অপরাধী হয়ে যায় এই আমার বাংলাদেশের আইনে আর প্রকৃত অপরাধী ছাড়া পায়,Lalmonirhat,,,Positive,0.5211428193358449,model,False
