dataset,dataset_slug,doc_id,raw_text,clean_text,dominant_topic,dominant_topic_prob
2 After Election,2_after_election,0,জিলাপি আছে নাকি?,জিলাপি আছে নাকি,3,0.5978584960135854
2 After Election,2_after_election,1,"Anayet Ahamed: জি ভাই, পুরো ইফতারের সামগ্রী ছিল!!",anayet ahamed জি ভাই পুরো ইফতারের সামগ্রী ছিল,4,0.5483214317723508
2 After Election,2_after_election,2,দাঁড়িপাল্লার জয় হবে ইনশাআল্লাহ।,দাঁড়িপাল্লার জয় হবে ইনশাআল্লাহ,0,0.7998234768961624
2 After Election,2_after_election,3,"হ, ঈদের দিন আজ।",হ ঈদের দিন আজ,1,0.7300406497731668
2 After Election,2_after_election,4,সবার আগে বাংলাদেশ।,সবার আগে বাংলাদেশ,2,0.5985177707977918
2 After Election,2_after_election,5,ঢাকা ৪,ঢাকা,3,0.5989489698973934
2 After Election,2_after_election,6,ঢাকা ১৩,ঢাকা,3,0.5989489698973934
2 After Election,2_after_election,7,হাতিয়া ৬,হাতিয়া,0,0.2
2 After Election,2_after_election,8,গাজীপুর ৩,গাজীপুর,0,0.2
2 After Election,2_after_election,9,ভোট চুরির খবর অলরেডি পাওয়া যাচ্ছে। প্রশাসন নিরব ভূমিকা পালন করতাছে।,ভোট চুরির খবর অলরেডি পাওয়া যাচ্ছে প্রশাসন নিরব ভূমিকা পালন করতাছে,2,0.6363937669108624
2 After Election,2_after_election,10,দালাল নিউজ এগুলো কই??,দালাল নিউজ এগুলো কই,3,0.43976582878668335
2 After Election,2_after_election,11,দুর্নীতিবাজদের রুখে দাও।,দুর্নীতিবাজদের রুখে দাও,3,0.7278913649592398
2 After Election,2_after_election,12,দাঁড়িপাল্লায় ভোট দাও।,দাঁড়িপাল্লায় ভোট দাও,3,0.7930187391603779
2 After Election,2_after_election,13,"আপনার মূল্যবান ভোটটি, ইনসাফের বাংলাদেশ গড়ার লক্ষ্যে, দাঁড়িপাল্লায় দিন।",আপনার মূল্যবান ভোটটি ইনসাফের বাংলাদেশ গড়ার লক্ষ্যে দাঁড়িপাল্লায় দিন,3,0.7981554346570262
2 After Election,2_after_election,14,ইউরোপ-আমেরিকা-জাপান এক ই অক্ষ শক্তি।,ইউরোপ আমেরিকা জাপান এক ই অক্ষ শক্তি,2,0.5989046551692622
2 After Election,2_after_election,15,খেলা যে চলছে কোন লেভেলে!,খেলা যে চলছে কোন লেভেলে,2,0.839711137249152
2 After Election,2_after_election,16,"নতুন বাংলাদেশ বলে কোনো শব্দ নাই। সকল দলের অংশগ্রহণ নিশ্চিত করে নির্বাচন দেওয়া উচিত ছিল। এটা অন্যায় হয়েছে, সঠিক নয়—দেশের জনগণ কখনোই মানে না এসব।",নতুন বাংলাদেশ বলে কোনো শব্দ নাই সকল দলের অংশগ্রহণ নিশ্চিত করে নির্বাচন দেওয়া উচিত ছিল এটা অন্যায় হয়েছে সঠিক নয় দেশের জনগণ কখনোই মানে না এসব,2,0.836029879092041
2 After Election,2_after_election,17,"লোক নাই, জন নাই—কিন্তু মানুষ না থাকলেও ভোট কেমনে পড়তেছে? এটা খুবই দুঃখজনক ঘটনা। ১ ভোট পড়লেও তা হতে হবে স্বচ্ছতার মাধ্যমে। কোনো মারিক কাটিং বা ফলস ভোট দেওয়া যাবে না, নিরপেক্ষতা বজায় রাখতে হবে।",লোক নাই জন নাই কিন্তু মানুষ না থাকলেও ভোট কেমনে পড়তেছে এটা খুবই দুঃখজনক ঘটনা ভোট পড়লেও তা হতে হবে স্বচ্ছতার মাধ্যমে কোনো মারিক কাটিং বা ফলস ভোট দেওয়া যাবে না নিরপেক্ষতা বজায় রাখতে হবে,2,0.5446108813389956
2 After Election,2_after_election,18,২০০৮ সালে সকল দলের অংশগ্রহণ নিশ্চিত করে ভোট পড়ে ৮৭.১৩%।,সালে সকল দলের অংশগ্রহণ নিশ্চিত করে ভোট পড়ে,0,0.6540787038123931
2 After Election,2_after_election,19,"এবার কি জনগণের প্রকৃত ভোটে এই শতাংশ ছাড়িয়ে যাবে? মারিক কাটিং হতে দেওয়া যাবে না। ১ ভোট হলেও সেটা হতে হবে জনগণের প্রকৃত ভোট, এছাড়া সব বৃথা।",এবার কি জনগণের প্রকৃত ভোটে এই শতাংশ ছাড়িয়ে যাবে মারিক কাটিং হতে দেওয়া যাবে না ভোট হলেও সেটা হতে হবে জনগণের প্রকৃত ভোট এছাড়া সব বৃথা,0,0.718206512973747
2 After Election,2_after_election,20,সব জায়গায় দেখা ও শোনা যাচ্ছে ভোট লুটপাট করে সিল দেওয়া হচ্ছে। এটা কেমন স্বচ্ছতা? সব জায়গায় গড়বড়। নির্বাচনে সকল দলের অংশগ্রহণ নিশ্চিত নেই। ভোট জনগণ না গেলেও অন্য কেউ দিয়ে দিচ্ছে। কেন্দ্রে লোকই নাই অথচ ভোট পড়ে যাচ্ছে। ভালো লাগলো না। সব বৃথা।,সব জায়গায় দেখা ও শোনা যাচ্ছে ভোট লুটপাট করে সিল দেওয়া হচ্ছে এটা কেমন স্বচ্ছতা সব জায়গায় গড়বড় নির্বাচনে সকল দলের অংশগ্রহণ নিশ্চিত নেই ভোট জনগণ না গেলেও অন্য কেউ দিয়ে দিচ্ছে কেন্দ্রে লোকই নাই অথচ ভোট পড়ে যাচ্ছে ভালো লাগলো না সব বৃথা,2,0.6964331545303123
2 After Election,2_after_election,21,বাংলাদেশ শুধু বাংলাদেশ হয়। নতুন বাংলাদেশ বলে কোনো শব্দ নাই।,বাংলাদেশ শুধু বাংলাদেশ হয় নতুন বাংলাদেশ বলে কোনো শব্দ নাই,2,0.9102885680454703
2 After Election,2_after_election,22,শাউয়া প্রতিনিধি শাইয়া দেখছে।,শাউয়া প্রতিনিধি শাইয়া দেখছে,4,0.599988346377186
2 After Election,2_after_election,23,সাজানো গোছানো নাটক—রাতেই ভোট ক্লিয়ার!,সাজানো গোছানো নাটক রাতেই ভোট ক্লিয়ার,1,0.4399287226296308
2 After Election,2_after_election,24,"প্রতারিত করেছে, তার জ্বলন্ত প্রমাণ নিচে।",প্রতারিত করেছে তার জ্বলন্ত প্রমাণ নিচে,3,0.5999881180101792
2 After Election,2_after_election,25,তাসলিম জারা,তাসলিম জারা,0,0.2
2 After Election,2_after_election,26,নুরুল হক নুরু,নুরুল হক নুরু,3,0.5999812997075225
2 After Election,2_after_election,27,জনগণ কী বলে শুনুন।,জনগণ কী বলে শুনুন,2,0.7320460354765564
2 After Election,2_after_election,28,প্রতিটি ভিডিওতে দেখুন।,প্রতিটি ভিডিওতে দেখুন,2,0.5986171234009614
2 After Election,2_after_election,29,জিলাপি আছে নাকি?,জিলাপি আছে নাকি,3,0.5978584960135854
2 After Election,2_after_election,30,কচি বাবু'টাহ্ এখনো বিছানায় হিসু করে,কচি বাবু টাহ্ এখনো বিছানায় হিসু করে,0,0.8663135120528471
2 After Election,2_after_election,31,মনে হচ্ছে এর বয়স ১৬,মনে হচ্ছে এর বয়স,4,0.7250141775931708
2 After Election,2_after_election,32,Ajk 18 holo? Ami toh vabchilum amr cheye boyosh e boro...,ajk holo ami toh vabchilum amr cheye boyosh e boro,1,0.40083098691150976
2 After Election,2_after_election,33,জীবনে প্রথম আরো অনেক কিছু দেখবেন,জীবনে প্রথম আরো অনেক কিছু দেখবেন,0,0.4888205538135136
2 After Election,2_after_election,34,তামিম ও নাকি জীবনের প্রথম ভোট দিলো,তামিম ও নাকি জীবনের প্রথম ভোট দিলো,0,0.46800713934714194
2 After Election,2_after_election,35,আসতো একটা গুপ্ত,আসতো একটা গুপ্ত,3,0.5997288372467295
2 After Election,2_after_election,36,তামিম বয়স কত আপনার..,তামিম বয়স কত আপনার,4,0.7975375043538555
2 After Election,2_after_election,37,যৈবনের প্রথম ভোট,যৈবনের প্রথম ভোট,4,0.7281873389511375
2 After Election,2_after_election,38,এই বয়সে এসেও প্রথম ভোট,এই বয়সে এসেও প্রথম ভোট,4,0.7975847230511002
2 After Election,2_after_election,39,"জীবনের ১ম ভোট, তাই না??",জীবনের ম ভোট তাই না,4,0.7286302813389494
2 After Election,2_after_election,41,আমাদের আগে দেশ,আমাদের আগে দেশ,3,0.5956365658000315
2 After Election,2_after_election,42,"ক্ষমতার আগে জনতা,",ক্ষমতার আগে জনতা,2,0.7314556721983333
2 After Election,2_after_election,43,সবার আগে বাংলাদেশ,সবার আগে বাংলাদেশ,2,0.5985177707977918
2 After Election,2_after_election,44,বাংলাদেশ জিন্দাবাদ,বাংলাদেশ জিন্দাবাদ,3,0.7294770414572987
2 After Election,2_after_election,45,আপনিও জীবনের প্রথম ভোট দিলেন।,আপনিও জীবনের প্রথম ভোট দিলেন,4,0.8384642873443761
2 After Election,2_after_election,46,Or to jibon ses er modde kisu din por morbe ar aj ke Prothom vot dilo eida kno kotha,or to jibon ses er modde kisu din por morbe ar aj ke prothom vot dilo eida kno kotha,1,0.8003060848028067
2 After Election,2_after_election,47,এতে বিএনপিতেই ভোট দিবে,এতে বিএনপিতেই ভোট দিবে,0,0.796053836336054
2 After Election,2_after_election,48,Hasina r am9le Tamim ki Na balok chilo..na buddhi protibondi chilo..vote dey nai ???,hasina r am le tamim ki na balok chilo na buddhi protibondi chilo vote dey nai,1,0.8999988271897963
2 After Election,2_after_election,49,কারে দিলি দাড়ি না ধান,কারে দিলি দাড়ি না ধান,3,0.40000396538514993
2 After Election,2_after_election,50,কচি বয়,কচি বয়,0,0.7333234237286409
2 After Election,2_after_election,51,তামিম ইকবাল মনে হয় এবারের ভোটার হয়েছে,তামিম ইকবাল মনে হয় এবারের ভোটার হয়েছে,0,0.8390309333965543
2 After Election,2_after_election,52,Batpar ageo dese,batpar ageo dese,1,0.5999904245140772
2 After Election,2_after_election,53,Aaaa. Dalal,aaaa dalal,3,0.5993414702273396
2 After Election,2_after_election,54,বড় ভাই আম্মে দালান,বড় ভাই আম্মে দালান,2,0.7299435966242921
2 After Election,2_after_election,55,দামড়া বেড়া বলে জীবনে বোট দে নাই,দামড়া বেড়া বলে জীবনে বোট দে নাই,2,0.8371744155679035
2 After Election,2_after_election,56,"এর আগে আক্কেল মাড়ি ওঠেনি,",এর আগে আক্কেল মাড়ি ওঠেনি,0,0.2
2 After Election,2_after_election,57,ক্ষনিকের পোলা,ক্ষনিকের পোলা,4,0.5996300289492889
2 After Election,2_after_election,58,বুড়ার ঘরের বুড়া মুনাফেকি কথা বর্তা আর কতো ?,বুড়ার ঘরের বুড়া মুনাফেকি কথা বর্তা আর কতো,2,0.5982447778059482
2 After Election,2_after_election,59,আমি সিউর দানের শীষে,আমি সিউর দানের শীষে,3,0.5999938944290466
2 After Election,2_after_election,60,মাত্রই ডায়াপার পরা ছাড়ছে আর প্রথম ভোট দিলো,মাত্রই ডায়াপার পরা ছাড়ছে আর প্রথম ভোট দিলো,0,0.8380344648508934
2 After Election,2_after_election,61,ভোট কেন্দ্রে দালালি করতে গিয়ে হাতে নাতে ধরা তামিম ইকবাল। এখন সেনাবাহিনীর হেফাজতে আছেন।,ভোট কেন্দ্রে দালালি করতে গিয়ে হাতে নাতে ধরা তামিম ইকবাল এখন সেনাবাহিনীর হেফাজতে আছেন,0,0.5312056655196096
2 After Election,2_after_election,62,Batpar..,batpar,1,0.5999904245140772
2 After Election,2_after_election,63,বয়স ৪০ আর এখন বলে জীবনে প্রথম কতবড় বাটপার,বয়স আর এখন বলে জীবনে প্রথম কতবড় বাটপার,4,0.8646925317769263
2 After Election,2_after_election,64,এ বুইড়্যা ব্যাটার প্রথম ভোট কেমনে হয়??,এ বুইড়্যা ব্যাটার প্রথম ভোট কেমনে হয়,4,0.7973239260683105
2 After Election,2_after_election,65,Boyosh 18. Under 19 er player,boyosh under er player,1,0.5999956218929777
2 After Election,2_after_election,66,কেন? এর আগে কি পাকিস্থানে ভোট দিতেন?,কেন এর আগে কি পাকিস্থানে ভোট দিতেন,0,0.5938280018397392
2 After Election,2_after_election,67,ভাতিজা মনে হয় ২০০৫ সালে জন্মাইছে,ভাতিজা মনে হয় সালে জন্মাইছে,4,0.7250029881879633
2 After Election,2_after_election,68,বুড়ো খোকা!,বুড়ো খোকা,0,0.2
2 After Election,2_after_election,69,৩৮ বছর বয়সে জীবনের প্রথম ভোট দিয়েছে,বছর বয়সে জীবনের প্রথম ভোট দিয়েছে,4,0.883691195896379
2 After Election,2_after_election,70,Butper,butper,0,0.2
2 After Election,2_after_election,71,ভন্ড তামিম,ভন্ড তামিম,4,0.7282059208136611
2 After Election,2_after_election,72,Khankir pola bole ki,khankir pola bole ki,1,0.7333291942216972
2 After Election,2_after_election,73,দালাল,দালাল,0,0.5999987786982386
2 After Election,2_after_election,74,সুবিধাভোগী,সুবিধাভোগী,0,0.2
2 After Election,2_after_election,75,theলাল,theলাল,0,0.2
2 After Election,2_after_election,76,তাইলে তিনেই আগস্ট কি করতে গেছিলো দালাল,তাইলে তিনেই আগস্ট কি করতে গেছিলো দালাল,2,0.4398696826408329
2 After Election,2_after_election,77,এএএএএএএএএএ দালাল,এএএএএএএএএএ দালাল,0,0.5999987786982386
2 After Election,2_after_election,78,দালায় কয় কি?,দালায় কয় কি,0,0.5985778602588292
2 After Election,2_after_election,79,Sala batpar ata naki ar prothom,sala batpar ata naki ar prothom,1,0.8399971660731343
2 After Election,2_after_election,80,Aghe Kar bal palaila ... Apar lok,aghe kar bal palaila apar lok,0,0.2
2 After Election,2_after_election,81,নাটক বাজ,নাটক বাজ,1,0.7332206226767403
2 After Election,2_after_election,82,তোমার বয়স ১৮ হয়ে গেছে?,তোমার বয়স হয়ে গেছে,4,0.7331804458787116
2 After Election,2_after_election,83,শালায় মনে হয় নৌকাতে ভোট দিয়েছে,শালায় মনে হয় নৌকাতে ভোট দিয়েছে,0,0.6272276214544389
2 After Election,2_after_election,84,এ এএ ধরা খেয়ে গেলাম নাকি..,এ এএ ধরা খেয়ে গেলাম নাকি,3,0.8354423997413281
2 After Election,2_after_election,85,আমি কনফার্ম তামিম ভইংগ্যা,আমি কনফার্ম তামিম ভইংগ্যা,0,0.5989622033869932
2 After Election,2_after_election,86,চামিচ,চামিচ,0,0.2
2 After Election,2_after_election,87,আমার মনে উনি সব প্রতিকে ভোট দিছে।,আমার মনে উনি সব প্রতিকে ভোট দিছে,0,0.8369611312927963
2 After Election,2_after_election,88,জীবনের শেষ ভুট দিতে আইসা বলে প্রথম,জীবনের শেষ ভুট দিতে আইসা বলে প্রথম,4,0.601841657797849
2 After Election,2_after_election,89,তার আগে কি কেউ ভোট দিতে নিষেধ করছিল???,তার আগে কি কেউ ভোট দিতে নিষেধ করছিল,0,0.7300987306846661
2 After Election,2_after_election,90,"বড় ভাই, ভাবটা তো নিয়ে নিলেন ১৬ বছরের বাচ্চার মতো",বড় ভাই ভাবটা তো নিয়ে নিলেন বছরের বাচ্চার মতো,2,0.40210111255070136
2 After Election,2_after_election,91,ছোট ভাই তামিম,ছোট ভাই তামিম,2,0.43413478213866397
2 After Election,2_after_election,92,তাই বলে কি,তাই বলে কি,2,0.5983132535787954
2 After Election,2_after_election,93,ইনশাআল্লাহ,ইনশাআল্লাহ,0,0.5999995531898649
2 After Election,2_after_election,94,"অদ্দে,বান্দিনিরপুতে কিতা ক",অদ্দে বান্দিনিরপুতে কিতা ক,1,0.5999848660302144
2 After Election,2_after_election,95,"Tmr amur paa chatso,se tmake vote dite dey nay",tmr amur paa chatso se tmake vote dite dey nay,1,0.7333273912329822
2 After Election,2_after_election,96,i am to obak,i am to obak,3,0.5999963328897102
2 After Election,2_after_election,97,তামিম ভাই জিন্দাবাদ,তামিম ভাই জিন্দাবাদ,2,0.5471135101782626
2 After Election,2_after_election,98,গুপ্ত সাধক,গুপ্ত সাধক,3,0.5997288372467295
2 After Election,2_after_election,99,এর আগে আইডি কার্ড কী ছিলো না নেতা,এর আগে আইডি কার্ড কী ছিলো না নেতা,1,0.30061593769646977
2 After Election,2_after_election,100,আমি জানি সে ধানে দিছে,আমি জানি সে ধানে দিছে,4,0.7988704771118552
2 After Election,2_after_election,101,"আপার আমলেই ভালা আছিল,",আপার আমলেই ভালা আছিল,1,0.5964547124163215
2 After Election,2_after_election,102,তখন কষ্ট করে ভোট দেওয়া লাগত না,তখন কষ্ট করে ভোট দেওয়া লাগত না,2,0.7986009652330706
2 After Election,2_after_election,103,এএএএএএএএএএএএএএএএ দালাল,এএএএএএএএএএএএএএএএ দালাল,0,0.5999987786982386
2 After Election,2_after_election,104,মনে হচ্ছে আর বয়স 20 মাত্র,মনে হচ্ছে আর বয়স মাত্র,4,0.7958663451641568
2 After Election,2_after_election,105,ভায়ে নতুন ভোটার কচি,ভায়ে নতুন ভোটার কচি,0,0.4818957295571671
2 After Election,2_after_election,106,এ্যে বলে কী তিনিও জীবনের প্রথম ভোট!,এ্যে বলে কী তিনিও জীবনের প্রথম ভোট,4,0.8378188282897929
2 After Election,2_after_election,107,Number 1 Butpar,number butpar,0,0.2
2 After Election,2_after_election,108,dot Babar vote oh dot hoi jabe,dot babar vote oh dot hoi jabe,1,0.4005267058158862
2 After Election,2_after_election,109,Chinta kora jai koto boro natokbaz,chinta kora jai koto boro natokbaz,1,0.7333257059610174
2 After Election,2_after_election,110,ছবি তুলা নিশেদ ভাই সরকার বলছে,ছবি তুলা নিশেদ ভাই সরকার বলছে,2,0.4742321917779265
2 After Election,2_after_election,111,Theলাল,theলাল,0,0.2
2 After Election,2_after_election,112,এএএএএএএএএএএএএএএএএ দালাল,এএএএএএএএএএএএএএএএএ দালাল,0,0.5999987786982386
2 After Election,2_after_election,113,এহহহহহহ দালাল...,এহহহহহহ দালাল,0,0.5999987786982386
2 After Election,2_after_election,114,তাহলে সারা বছর পায়খানার গু খাইছেন,তাহলে সারা বছর পায়খানার গু খাইছেন,3,0.8389478994386573
2 After Election,2_after_election,115,ওনি ধানে মারছে ১০০%,ওনি ধানে মারছে,0,0.7333282027391566
2 After Election,2_after_election,116,বিহারীদের ভোটার তালিকায় নাম উঠানো হয়েছে কিছুদিন আগেই। তাই বিহারীদের জন্য এটাই জীবনের প্রথম ভোট।,বিহারীদের ভোটার তালিকায় নাম উঠানো হয়েছে কিছুদিন আগেই তাই বিহারীদের জন্য এটাই জীবনের প্রথম ভোট,4,0.8988191222281384
2 After Election,2_after_election,117,মনে হচ্ছে ১৮ বছর তেল মারার একটা সিস্টেম থাকা উচিত,মনে হচ্ছে বছর তেল মারার একটা সিস্টেম থাকা উচিত,1,0.641890127482086
2 After Election,2_after_election,118,"ভোট মানে শুধু নির্বাচন নয়, এটি ভবিষ্যৎ প্রজন্মের জন্য একটি অঙ্গীকার। সঠিক নেতৃত্ব বেছে নেওয়াই আজকের সবচেয়ে বড় দায়িত্ব।",ভোট মানে শুধু নির্বাচন নয় এটি ভবিষ্যৎ প্রজন্মের জন্য একটি অঙ্গীকার সঠিক নেতৃত্ব বেছে নেওয়াই আজকের সবচেয়ে বড় দায়িত্ব,3,0.44468473024900673
2 After Election,2_after_election,119,Are you being serious?,are you being serious,1,0.5999925742249573
2 After Election,2_after_election,120,ওলে লে লে লে,ওলে লে লে লে,3,0.7999974258022196
2 After Election,2_after_election,121,মাগরিব টু মাগরিব জাতীয় নির্বাচন ২০২৬,মাগরিব টু মাগরিব জাতীয় নির্বাচন,0,0.7303843714128037
2 After Election,2_after_election,122,"কথাই লজিক আছে, তারেক রহমান কে প্রথম ভোট দিছে,আগে অন্যে কাউকে দিতো",কথাই লজিক আছে তারেক রহমান কে প্রথম ভোট দিছে আগে অন্যে কাউকে দিতো,4,0.4894652548783237
2 After Election,2_after_election,123,"এই কথা মানুষ যখন মন থেকে স্বাধীন হয় তখনই বলতে পারে ! তামিম ইকবালের মত লোক যদি জীবনের প্রথম ভোট হয়, তাহলে আমরা কোথায় আছি,, জীবনের প্রথম এবারও আমি ভোট দিলাম",এই কথা মানুষ যখন মন থেকে স্বাধীন হয় তখনই বলতে পারে তামিম ইকবালের মত লোক যদি জীবনের প্রথম ভোট হয় তাহলে আমরা কোথায় আছি জীবনের প্রথম এবারও আমি ভোট দিলাম,4,0.6776980859982128
2 After Election,2_after_election,124,ধানের শীষে সিল মারা ব্যালট দিচ্ছে,ধানের শীষে সিল মারা ব্যালট দিচ্ছে,3,0.36685915794408724
2 After Election,2_after_election,125,প্রিজায়ডিং অফিসার,প্রিজায়ডিং অফিসার,0,0.2
2 After Election,2_after_election,126,এইমাত্র আঠারো বছরে পা রাখলেন তামিম ইকবাল,এইমাত্র আঠারো বছরে পা রাখলেন তামিম ইকবাল,4,0.8376100475172946
2 After Election,2_after_election,127,সুবিধাবাজের উপরে কোন নোবেল থাকলে আপনি নিশ্চিত পাশ,সুবিধাবাজের উপরে কোন নোবেল থাকলে আপনি নিশ্চিত পাশ,0,0.6488099570323802
2 After Election,2_after_election,128,"জুলাই গনঅভ্যুত্থান হয়েছে বলেই জীবনের প্রথম ভোট দিতে পারলে,",জুলাই গনঅভ্যুত্থান হয়েছে বলেই জীবনের প্রথম ভোট দিতে পারলে,4,0.864453809397989
2 After Election,2_after_election,129,ভোট কিসে দিলেন নবাব,ভোট কিসে দিলেন নবাব,2,0.5263887048816551
2 After Election,2_after_election,130,এএএএএএএএএএএই দালাল,এএএএএএএএএএএই দালাল,0,0.5999987786982386
2 After Election,2_after_election,131,আপার আমলে এমন সময়ে সবার ভোট হয়ে যেত…এখন কেন্দ্রে গিয়ে লাইনে দাঁড়িয়ে ভোট দিতে হয়। মিস ইউ আপা,আপার আমলে এমন সময়ে সবার ভোট হয়ে যেত এখন কেন্দ্রে গিয়ে লাইনে দাঁড়িয়ে ভোট দিতে হয় মিস ইউ আপা,2,0.41702315183005756
2 After Election,2_after_election,132,নডিরপুতে কয় কি!!,নডিরপুতে কয় কি,0,0.5985778602588292
2 After Election,2_after_election,133,এইইইই দা/লা/ল,এইইইই দা লা ল,0,0.2
2 After Election,2_after_election,134,বিএনপি ক্ষমতায় আইলে ইনশাআল্লাহ তামিম ভাই প্রধান মন্ত্রী হবেন,বিএনপি ক্ষমতায় আইলে ইনশাআল্লাহ তামিম ভাই প্রধান মন্ত্রী হবেন,4,0.4594277018837606
2 After Election,2_after_election,135,অনেক মানুষ ভোট দিতে যায়নি তাদের কি রকম লাগে,অনেক মানুষ ভোট দিতে যায়নি তাদের কি রকম লাগে,1,0.594041932020853
2 After Election,2_after_election,136,আলহামদুলিল্লাহ,আলহামদুলিল্লাহ,2,0.5999984371235062
2 After Election,2_after_election,137,কচি বাবু এখনো বিছানায় হিসু করে।,কচি বাবু এখনো বিছানায় হিসু করে,0,0.8663135120528471
2 After Election,2_after_election,138,কেনো এর আগে দিতে কে না করছিলো।,কেনো এর আগে দিতে কে না করছিলো,4,0.7973099742689839
2 After Election,2_after_election,139,দালাল সাংবাদিক তামিম এই কথা বলে নাই।,দালাল সাংবাদিক তামিম এই কথা বলে নাই,2,0.533043515709742
2 After Election,2_after_election,140,বয়স ১৮ মাএ,বয়স মাএ,4,0.7330401253872532
2 After Election,2_after_election,141,#এই_ইইই_দালাল,এই ইইই দালাল,0,0.5999987786982386
2 After Election,2_after_election,142,হাহাহা,হাহাহা,0,0.599980817846157
2 After Election,2_after_election,143,বিহারি,বিহারি,0,0.5999747423663918
2 After Election,2_after_election,144,২০০৮ এ তামিম কি নাবালক ছিল,এ তামিম কি নাবালক ছিল,0,0.5989622033869932
2 After Election,2_after_election,145,বিহারি তামিম,বিহারি তামিম,0,0.7330327529978533
2 After Election,2_after_election,146,#NoBoatNoVote,noboatnovote,0,0.2
2 After Election,2_after_election,147,এতো দিন কোথায় ছিলেন??,এতো দিন কোথায় ছিলেন,1,0.7331674754352558
2 After Election,2_after_election,148,শহীদুল ইসলাম সোহেল ঠিক বলেছেন,শহীদুল ইসলাম সোহেল ঠিক বলেছেন,0,0.5499120582501031
2 After Election,2_after_election,149,Mr dalal Iqbal khan,mr dalal iqbal khan,3,0.5993414702273396
2 After Election,2_after_election,150,৬৬৬কোটি কর মাপ মহাজনের সকল প্রতিষ্ঠান ৫ বছরের কর আওতামুক্ত এর জন্য মহা এতো খুশি?? তাই ঈদ ঈদ লাগতেছে ।,কোটি কর মাপ মহাজনের সকল প্রতিষ্ঠান বছরের কর আওতামুক্ত এর জন্য মহা এতো খুশি তাই ঈদ ঈদ লাগতেছে,2,0.8421964172564863
2 After Election,2_after_election,151,প্রতি বার ই জীবন এর প্রথম দেয় দালালে,প্রতি বার ই জীবন এর প্রথম দেয় দালালে,0,0.8839536571301901
2 After Election,2_after_election,152,ডাউট ইকবাল ১৭ বছর পরে হিসু বন্ধ হল,ডাউট ইকবাল বছর পরে হিসু বন্ধ হল,1,0.5328657002877963
2 After Election,2_after_election,153,ধন চুসা,ধন চুসা,0,0.2
2 After Election,2_after_election,154,দাললা,দাললা,0,0.2
2 After Election,2_after_election,155,da/লাল,da লাল,2,0.5999961631117953
2 After Election,2_after_election,156,Batpar,batpar,1,0.5999904245140772
2 After Election,2_after_election,157,দালাল চামচা,দালাল চামচা,0,0.5999987786982386
2 After Election,2_after_election,158,কচি বাবু এখনো সে বিছানায় হিসু করে,কচি বাবু এখনো সে বিছানায় হিসু করে,0,0.8851228485527394
2 After Election,2_after_election,159,শালায় কয় কি,শালায় কয় কি,0,0.3997097509761513
2 After Election,2_after_election,160,"আমারে ভুইলা যায়েন না,",আমারে ভুইলা যায়েন না,0,0.2
2 After Election,2_after_election,161,মনে হচ্ছে এর বয়স ১৬ বছর মাএ,মনে হচ্ছে এর বয়স বছর মাএ,4,0.8369912026753183
2 After Election,2_after_election,162,আপার লগে বিট্রে কইরা ফালাইছে,আপার লগে বিট্রে কইরা ফালাইছে,1,0.7315223469161232
2 After Election,2_after_election,163,আগে ওর ভোট হাসিনা অন্য কাউকে দিয়ে সেরে দিত। ওর কষ্ট করে কেন্দ্রে যাওয়া লাগতোনা,আগে ওর ভোট হাসিনা অন্য কাউকে দিয়ে সেরে দিত ওর কষ্ট করে কেন্দ্রে যাওয়া লাগতোনা,4,0.4829098144677596
2 After Election,2_after_election,164,তামিম নিশ্চিয় ধানের শীষে ভোট দিয়েছে।,তামিম নিশ্চিয় ধানের শীষে ভোট দিয়েছে,0,0.6918163692408044
2 After Election,2_after_election,165,ইনশাআল্লাহ বিজয় আমাদের হবে,ইনশাআল্লাহ বিজয় আমাদের হবে,0,0.7333328899374705
2 After Election,2_after_election,166,তাহলে আগে তুমি গুপ্ত ছিলা তামিল কাকু!?,তাহলে আগে তুমি গুপ্ত ছিলা তামিল কাকু,3,0.7989751894757711
2 After Election,2_after_election,167,হাইরে দালাল ওই নাকি জীবনের প্রথম ভোট দিয়েছে,হাইরে দালাল ওই নাকি জীবনের প্রথম ভোট দিয়েছে,0,0.6097711797453175
2 After Election,2_after_election,168,তারুণ্যের প্রথম ভোট,তারুণ্যের প্রথম ভোট,2,0.7961203061208042
2 After Election,2_after_election,169,তাহাজ্জুদের আগে হোক,তাহাজ্জুদের আগে হোক,4,0.5945321007015402
2 After Election,2_after_election,170,বাংলাদেশে থাকতে হলে আরো কত কিছু দেখতে পারবো,বাংলাদেশে থাকতে হলে আরো কত কিছু দেখতে পারবো,0,0.8979346166389837
2 After Election,2_after_election,171,কেউ বলবে জীবনের প্রথম ভোট দিলাম,কেউ বলবে জীবনের প্রথম ভোট দিলাম,3,0.4497684663734659
2 After Election,2_after_election,172,কেউ বলবে আমার ভোট একজন দিয়ে ফেলেছে আগে,কেউ বলবে আমার ভোট একজন দিয়ে ফেলেছে আগে,0,0.5211468482552724
2 After Election,2_after_election,173,আবার কেউ বলবে আমাকে বাধা দেওয়া হয়েছে,আবার কেউ বলবে আমাকে বাধা দেওয়া হয়েছে,1,0.834534370850036
2 After Election,2_after_election,174,#NoBoatNoElection,noboatnoelection,0,0.2
2 After Election,2_after_election,175,#NoElectionWithoutAwamileague,noelectionwithoutawamileague,0,0.2
2 After Election,2_after_election,176,আমাকে ভুলে যাইয়েন না,আমাকে ভুলে যাইয়েন না,1,0.7327463480477634
2 After Election,2_after_election,177,Jitle BCB head hoben apni sure.,jitle bcb head hoben apni sure,2,0.5999879629130713
2 After Election,2_after_election,178,আগেও তিনি আপা কে সুন্দর করে ভোট দিছে,আগেও তিনি আপা কে সুন্দর করে ভোট দিছে,0,0.839160716848065
2 After Election,2_after_election,179,খোকা শিশু কি এখনো বিছানায় হিসু করে,খোকা শিশু কি এখনো বিছানায় হিসু করে,0,0.8384857742119787
2 After Election,2_after_election,180,এই বয়সে দালালে পথম ভোট দিছে,এই বয়সে দালালে পথম ভোট দিছে,0,0.8376765736049879
2 After Election,2_after_election,181,দালাল ভোট দিছে।,দালাল ভোট দিছে,0,0.7989163527900092
2 After Election,2_after_election,182,আমাদের ফোন নিয়ে যেতে দিচ্ছে না কেন তাহলে,আমাদের ফোন নিয়ে যেতে দিচ্ছে না কেন তাহলে,0,0.49733170276267946
2 After Election,2_after_election,183,ইনশাআল্লাহ জয়যুক্ত হবেন,ইনশাআল্লাহ জয়যুক্ত হবেন,0,0.7331539692173931
2 After Election,2_after_election,184,dalal,dalal,3,0.5993414702273396
2 After Election,2_after_election,185,আগে নৌকায় দিছে। এবার সুযোগে কথা বদলাইছে।,আগে নৌকায় দিছে এবার সুযোগে কথা বদলাইছে,4,0.730462737026234
2 After Election,2_after_election,186,তামিম বিএনপিতে ভোট দিয়েছে।,তামিম বিএনপিতে ভোট দিয়েছে,0,0.6410463177283053
2 After Election,2_after_election,187,হেতে দেখি ভোট দেওয়ার আগেই সব পার্টি করে ফেলেছে!,হেতে দেখি ভোট দেওয়ার আগেই সব পার্টি করে ফেলেছে,4,0.58904165715688
2 After Election,2_after_election,188,আগে কি প্রবাসী ছিল,আগে কি প্রবাসী ছিল,0,0.2
2 After Election,2_after_election,189,১১ নং ইউনিয়ন ৩ নং ওয়ার্ড কান্দির পাড়!,নং ইউনিয়ন নং ওয়ার্ড কান্দির পাড়,4,0.7333212828619496
2 After Election,2_after_election,190,দালালে বলে কি,দালালে বলে কি,0,0.39969260630183484
2 After Election,2_after_election,191,"গোলআলু, জার ব্যাক্তিত্বের সমস্যা আছে",গোলআলু জার ব্যাক্তিত্বের সমস্যা আছে,2,0.5999952075901085
2 After Election,2_after_election,192,মাত্র ১৮ বছরে পা দিলেন তামীম ইকবাল,মাত্র বছরে পা দিলেন তামীম ইকবাল,4,0.8655602772660295
2 After Election,2_after_election,193,দালালে বিএনপিতে দিছে,দালালে বিএনপিতে দিছে,0,0.5508558069757712
2 After Election,2_after_election,194,দালালে কয় কি,দালালে কয় কি,0,0.7329317597398759
2 After Election,2_after_election,195,Sala batpar,sala batpar,1,0.7333277852490162
2 After Election,2_after_election,196,"এতো বছর কার বা,,,,ল ছিরছে।",এতো বছর কার বা ল ছিরছে,1,0.5084316419898357
2 After Election,2_after_election,197,বাটপার,বাটপার,3,0.5994065442230577
2 After Election,2_after_election,198,তুই নাবালক ছিলি এতোদিন।,তুই নাবালক ছিলি এতোদিন,1,0.5996142625361793
2 After Election,2_after_election,199,এএএ দালাল........,এএএ দালাল,0,0.5999987786982386
2 After Election,2_after_election,200,এ সা লা বাটপার,এ সা লা বাটপার,3,0.5994065442230577
2 After Election,2_after_election,201,Dalal a bole ki,dalal a bole ki,1,0.7962765002827071
2 After Election,2_after_election,202,বুঝতে পারছি তুমি কি জিনিস।,বুঝতে পারছি তুমি কি জিনিস,2,0.7993396967782564
2 After Election,2_after_election,203,তামিন কি আগে ভোট দে নি শালার পুত,তামিন কি আগে ভোট দে নি শালার পুত,2,0.8358405385179397
2 After Election,2_after_election,204,মিথ্যা বলার জায়গা পান না,মিথ্যা বলার জায়গা পান না,4,0.7995330339297798
2 After Election,2_after_election,205,দালাল এর বাচ্চা দালাল,দালাল এর বাচ্চা দালাল,0,0.550369061670575
2 After Election,2_after_election,206,দালালের কথায় বিশ্বাস করতে নেই,দালালের কথায় বিশ্বাস করতে নেই,4,0.4451395190208524
2 After Election,2_after_election,207,তুমি আগের ভোট কেনো দাওনি? তুমি কি বাচ্চা ২০০৮ সালে কি তুমি ভোটার হওনি?,তুমি আগের ভোট কেনো দাওনি তুমি কি বাচ্চা সালে কি তুমি ভোটার হওনি,4,0.6357899208309119
2 After Election,2_after_election,208,বলতে গেলে গত ১৭ বছর যারা সবচেয়ে সুবিধা নিছে তার মধ্যে এই বাইনচোদ একজন,বলতে গেলে গত বছর যারা সবচেয়ে সুবিধা নিছে তার মধ্যে এই বাইনচোদ একজন,3,0.9100782310697864
2 After Election,2_after_election,209,সে এত দিন রোহিঙ্গা ছিলোতো তাই ভোট দিতে পারেনি বাটপার,সে এত দিন রোহিঙ্গা ছিলোতো তাই ভোট দিতে পারেনি বাটপার,0,0.5304271317749384
2 After Election,2_after_election,210,বাঙ্গির পুত তুই এত গরম হইলি কেমনে?,বাঙ্গির পুত তুই এত গরম হইলি কেমনে,1,0.8349287508980601
2 After Election,2_after_election,211,শালার পাকিস্তানি বিহারি,শালার পাকিস্তানি বিহারি,0,0.7977405707661848
2 After Election,2_after_election,212,তরে আগে থেকেই আমি পছন্দ করতাম না তুই একটা নোংরা মনের মানুষ,তরে আগে থেকেই আমি পছন্দ করতাম না তুই একটা নোংরা মনের মানুষ,1,0.8382928059230069
2 After Election,2_after_election,213,Dur dalal,dur dalal,3,0.5993414702273396
2 After Election,2_after_election,214,কি আর বলবো আপনার কথা।,কি আর বলবো আপনার কথা,0,0.5987940866180402
2 After Election,2_after_election,215,মাদারচোদ তামিম,মাদারচোদ তামিম,0,0.5989622033869932
2 After Election,2_after_election,216,Dalal,dalal,3,0.5993414702273396
2 After Election,2_after_election,217,এতদিন কার বাল পালাইছেন বুইড়া হয়ে গেছেন এখন কিভাবে প্রথম ভোট দিলেন,এতদিন কার বাল পালাইছেন বুইড়া হয়ে গেছেন এখন কিভাবে প্রথম ভোট দিলেন,2,0.6167902379624264
2 After Election,2_after_election,218,এত বছর কার বাল ফালাইছেন।,এত বছর কার বাল ফালাইছেন,3,0.8625804129920109
2 After Election,2_after_election,219,হালা বাটপার,হালা বাটপার,1,0.39980531237582567
2 After Election,2_after_election,220,তোমার হাসিনা আম্মুকে কতবার দিয়েছো এটা মানুষ জানতে চায় নাটকবাজ দালাল।,তোমার হাসিনা আম্মুকে কতবার দিয়েছো এটা মানুষ জানতে চায় নাটকবাজ দালাল,3,0.4118110347713777
2 After Election,2_after_election,221,ওহ তাইলে আপনি এতোদিন ভোট দেননি।,ওহ তাইলে আপনি এতোদিন ভোট দেননি,1,0.3992746616278626
2 After Election,2_after_election,222,চামবাজ।,চামবাজ,0,0.2
2 After Election,2_after_election,223,ফাট সালা মাদারবোর্ড বউদির ছেলে তোর মার আমি *******?,ফাট সালা মাদারবোর্ড বউদির ছেলে তোর মার আমি,3,0.4399815945321605
2 After Election,2_after_election,224,ভোট তো প্রথম দিলো কিন্তু ভোটের অধিকার হরণ করা দলের দালালি তে পিছিয়ে ছিলো না...,ভোট তো প্রথম দিলো কিন্তু ভোটের অধিকার হরণ করা দলের দালালি তে পিছিয়ে ছিলো না,0,0.9184182821617435
2 After Election,2_after_election,225,একটা মানুষ এত বড় বাটপার হয় কি করে,একটা মানুষ এত বড় বাটপার হয় কি করে,3,0.838383809865881
2 After Election,2_after_election,226,পরে বাটপার মিথ্যা কথা,পরে বাটপার মিথ্যা কথা,4,0.47807418656331396
2 After Election,2_after_election,227,তোর ভোট দেওয়ার বয়স হয়েছে এখন -,তোর ভোট দেওয়ার বয়স হয়েছে এখন,4,0.8389042804613432
2 After Election,2_after_election,228,সালা দালাল,সালা দালাল,0,0.4002634296465784
2 After Election,2_after_election,229,নাটক বাজ এক বাটপার,নাটক বাজ এক বাটপার,1,0.5500317886414045
2 After Election,2_after_election,230,এএএএএ দালাল,এএএএএ দালাল,0,0.5999987786982386
2 After Election,2_after_election,231,ওরে বাটপার,ওরে বাটপার,3,0.7331651834602018
2 After Election,2_after_election,232,ওরে চিটার!,ওরে চিটার,3,0.5999969942669402
2 After Election,2_after_election,233,দালাল শালা,দালাল শালা,0,0.40013006275478413
2 After Election,2_after_election,234,ওরে বাটপার।,ওরে বাটপার,3,0.7331651834602018
2 After Election,2_after_election,235,দালাল না এজেন্ট,দালাল না এজেন্ট,0,0.5999987786982386
2 After Election,2_after_election,236,দাালাল,দাালাল,0,0.2
2 After Election,2_after_election,237,বুড়া বেডা জীবনে প্রথম ভোট দিলো।,বুড়া বেডা জীবনে প্রথম ভোট দিলো,0,0.5600159720951903
2 After Election,2_after_election,238,তেল মারা তামিম এর কাছ থেকে অনেক শেখার আছে।,তেল মারা তামিম এর কাছ থেকে অনেক শেখার আছে,1,0.30009887542763175
2 After Election,2_after_election,239,তামিম কুত্তার বাচ্চা খুব বড় ধরনের বাটপার,তামিম কুত্তার বাচ্চা খুব বড় ধরনের বাটপার,2,0.47942284414541064
2 After Election,2_after_election,240,তেলবাজ তামিম,তেলবাজ তামিম,0,0.5989622033869932
2 After Election,2_after_election,241,চুদির ভাই বলে কি এসব,চুদির ভাই বলে কি এসব,2,0.49393577100985137
2 After Election,2_after_election,242,রাজাকারের নাতি পুতিরা কি বলে,রাজাকারের নাতি পুতিরা কি বলে,0,0.39974700480632797
2 After Election,2_after_election,243,ওরে মাদারি,ওরে মাদারি,3,0.5999969942669402
2 After Election,2_after_election,244,এইই দালাল,এইই দালাল,0,0.5999987786982386
2 After Election,2_after_election,245,দালাল বয়কট,দালাল বয়কট,0,0.7330822354849929
2 After Election,2_after_election,246,শালা বাটপার ভন্ড,শালা বাটপার ভন্ড,3,0.5310532015398902
2 After Election,2_after_election,247,মিথ্যুক,মিথ্যুক,0,0.2
2 After Election,2_after_election,248,বুড়ো পাঠা বলে কি তোর বয়সে ৪০ বছর আহারে বাটপার,বুড়ো পাঠা বলে কি তোর বয়সে বছর আহারে বাটপার,4,0.7213744713657055
2 After Election,2_after_election,249,বাটপার দ্যা গ্রেট,বাটপার দ্যা গ্রেট,3,0.5994065442230577
2 After Election,2_after_election,250,তামিম ভারতীয় দালাল,তামিম ভারতীয় দালাল,0,0.7330399189775396
2 After Election,2_after_election,251,"গুপ্ত, শালারপুতে",গুপ্ত শালারপুতে,3,0.5997288372467295
2 After Election,2_after_election,252,"শালা দালাল,গ্রেট বাইনচোদ",শালা দালাল গ্রেট বাইনচোদ,0,0.40013006275478413
2 After Election,2_after_election,253,জীবনে প্রথম ভোট দিল তো পর এই কথাটা শুনতে তো লজ্জা লাগে আমার,জীবনে প্রথম ভোট দিল তো পর এই কথাটা শুনতে তো লজ্জা লাগে আমার,4,0.6621878631853735
2 After Election,2_after_election,254,শুয়োরের বাচ্চা একটা,শুয়োরের বাচ্চা একটা,2,0.597136366060921
2 After Election,2_after_election,255,আরে দালাল,আরে দালাল,0,0.7282104286829391
2 After Election,2_after_election,256,মাদারচোদ দালাল,মাদারচোদ দালাল,0,0.5999987786982386
2 After Election,2_after_election,257,শালা মীরজাফর বাটপার,শালা মীরজাফর বাটপার,3,0.73316421003131
2 After Election,2_after_election,258,এই বানচোদ তোর বয়স কি ১৬ বছর যে জীবনে প্রথম ভোট দিলে খানকির পোলা তোর কপালে কষ্ট আছে,এই বানচোদ তোর বয়স কি বছর যে জীবনে প্রথম ভোট দিলে খানকির পোলা তোর কপালে কষ্ট আছে,4,0.8154939165583571
2 After Election,2_after_election,259,চুদানিপোলা তেল মেরে বিসিবি প্রেসিডেন্ট হতে চাও?,চুদানিপোলা তেল মেরে বিসিবি প্রেসিডেন্ট হতে চাও,1,0.8378472787256672
2 After Election,2_after_election,260,সালায় আস্থা মাদারচোধ সুবিধবাদী,সালায় আস্থা মাদারচোধ সুবিধবাদী,2,0.5992589868371826
2 After Election,2_after_election,261,সাউয়ার পোলা একটা।,সাউয়ার পোলা একটা,4,0.5996300289492889
2 After Election,2_after_election,262,রাজাকার সন্ত্রাসী,রাজাকার সন্ত্রাসী,0,0.597570773907785
2 After Election,2_after_election,263,বদমাস,বদমাস,0,0.2
2 After Election,2_after_election,264,বড় মাফের চোর,বড় মাফের চোর,4,0.3993816688094063
2 After Election,2_after_election,265,দালালের বাচ্চা দালাল,দালালের বাচ্চা দালাল,0,0.4001967882908795
2 After Election,2_after_election,266,দালালকে চরম মূল্য দিতে হবে,দালালকে চরম মূল্য দিতে হবে,3,0.7309491808466014
2 After Election,2_after_election,267,দালাল তর মাকে চুদি,দালাল তর মাকে চুদি,0,0.5999987786982386
2 After Election,2_after_election,268,তুমি মিয়া একটা ফালতু। তোমার কথা শুনে মনে হচ্ছে তোমার ২০ বছর। এত বছর তোমাকে ভোট দিতে মানা করছে কে? গণভবনে তো পরিবার নিয়ে দেখা করতে যাইতা।,তুমি মিয়া একটা ফালতু তোমার কথা শুনে মনে হচ্ছে তোমার বছর এত বছর তোমাকে ভোট দিতে মানা করছে কে গণভবনে তো পরিবার নিয়ে দেখা করতে যাইতা,3,0.553602167673149
2 After Election,2_after_election,269,বাটপার তোর ভোট দেয়া কি দরকার বাটক করছ,বাটপার তোর ভোট দেয়া কি দরকার বাটক করছ,4,0.8635149187052132
2 After Election,2_after_election,270,খা*কির পোলায় কয় কি!,খা কির পোলায় কয় কি,1,0.7299470326767785
2 After Election,2_after_election,271,Liar… Hasina re to thik e vote disos,liar hasina re to thik e vote disos,1,0.6401956813058084
2 After Election,2_after_election,272,নৌকা মার্কায়?,নৌকা মার্কায়,0,0.7333216502570429
2 After Election,2_after_election,273,"সেটা নেই তবে কিসের মার্কায় ভোট দিল, দালাল।",সেটা নেই তবে কিসের মার্কায় ভোট দিল দালাল,0,0.8648886321274102
2 After Election,2_after_election,274,কালারের বাচ্চা আগে না তোর আম্মারে ভোট দিসোস,কালারের বাচ্চা আগে না তোর আম্মারে ভোট দিসোস,4,0.7972675116346768
2 After Election,2_after_election,275,মীরজাফর,মীরজাফর,0,0.2
2 After Election,2_after_election,276,Sala bainchud,sala bainchud,1,0.5999904261122844
2 After Election,2_after_election,277,চোদনা তাহলে আমার ও ছোটো,চোদনা তাহলে আমার ও ছোটো,4,0.5949248610870235
2 After Election,2_after_election,278,কচি মাল,কচি মাল,0,0.7324915068128102
2 After Election,2_after_election,279,তুমি তো দালাল,তুমি তো দালাল,0,0.5999987786982386
2 After Election,2_after_election,280,দা*লাল,দা লাল,2,0.5999961631117953
2 After Election,2_after_election,281,মুখে সস্তা ফালতু কথা না থাকলে,মুখে সস্তা ফালতু কথা না থাকলে,3,0.7962000542035249
2 After Election,2_after_election,282,sillyব্র্যাট হওয়া যায় না,sillyব্র্যাট হওয়া যায় না,4,0.5973922532349273
2 After Election,2_after_election,283,কুত্তার বাচ্চা মিথ্যাবাদীর বাচ্চা,কুত্তার বাচ্চা মিথ্যাবাদীর বাচ্চা,2,0.799059168540912
2 After Election,2_after_election,284,এতদিন তাহলে কি তুই নাবালক ছিলি,এতদিন তাহলে কি তুই নাবালক ছিলি,1,0.7964401213449407
2 After Election,2_after_election,285,এইইইই দালাল,এইইইই দালাল,0,0.5999987786982386
2 After Election,2_after_election,286,হাসিনা আমলে ভোট দেন নাই?,হাসিনা আমলে ভোট দেন নাই,2,0.8658285795744803
2 After Election,2_after_election,287,শালি ভন্ড কয় কি এগুলা,শালি ভন্ড কয় কি এগুলা,4,0.5493646963353153
2 After Election,2_after_election,288,দেশী দালাল,দেশী দালাল,0,0.5999987786982386
2 After Election,2_after_election,289,দালাল মার্কায় দিয়েছেন‌ ভাইয়া?,দালাল মার্কায় দিয়েছেন ভাইয়া,0,0.8387861569636841
2 After Election,2_after_election,290,দালাল!,দালাল,0,0.5999987786982386
2 After Election,2_after_election,291,দালালরা এমন করে বলে,দালালরা এমন করে বলে,2,0.7284941471010918
2 After Election,2_after_election,292,"৪০ বছরের দামড়া তুমি এতো দিনে প্রথম ভোট দিছো, আগে শুধু দালালি ওই করছো",বছরের দামড়া তুমি এতো দিনে প্রথম ভোট দিছো আগে শুধু দালালি ওই করছো,4,0.4899697513142479
2 After Election,2_after_election,293,নব্য দালাল খেলোয়াড়,নব্য দালাল খেলোয়াড়,0,0.5999987786982386
2 After Election,2_after_election,294,তুর বাল পেকে সাদা হয়ে গেছে,তুর বাল পেকে সাদা হয়ে গেছে,4,0.5502027558837537
2 After Election,2_after_election,295,"দালাল না বলছিলো উনাকে,",দালাল না বলছিলো উনাকে,1,0.5473881121521437
2 After Election,2_after_election,296,এতদিন.... ফালাইছো,এতদিন ফালাইছো,2,0.5986421877516136
2 After Election,2_after_election,297,এ দালাল,এ দালাল,0,0.5999987786982386
2 After Election,2_after_election,298,Kno tomar Amma jokhon khomotai cilo tokhon daou nai,kno tomar amma jokhon khomotai cilo tokhon daou nai,1,0.7333269841947408
2 After Election,2_after_election,299,"নাটক কম কর,তোর বয়স কত?আগে ভোট দেওনাই কেন।",নাটক কম কর তোর বয়স কত আগে ভোট দেওনাই কেন,4,0.8975524798586243
2 After Election,2_after_election,300,ভারতীয় দালাল,ভারতীয় দালাল,0,0.5999987786982386
2 After Election,2_after_election,301,বিএনপির শালার,বিএনপির শালার,1,0.7291907640905703
2 After Election,2_after_election,302,বিগত ১৭ বছর হাসিনারে ভোট দোচে নাই!!!!,বিগত বছর হাসিনারে ভোট দোচে নাই,2,0.7934077690762393
2 After Election,2_after_election,303,তার মানে আপনি শেখ হাসিনা সাথে পাশে পাশে থেকেও ভোট দেননি বেঈমান,তার মানে আপনি শেখ হাসিনা সাথে পাশে পাশে থেকেও ভোট দেননি বেঈমান,3,0.7211189269164583
2 After Election,2_after_election,304,"শালা মিথ্যাবাদী, তেলবাজ",শালা মিথ্যাবাদী তেলবাজ,3,0.5999935905445346
2 After Election,2_after_election,305,এতো বছর বাল ফালাইছো...দাদাল শালা,এতো বছর বাল ফালাইছো দাদাল শালা,3,0.5929854836998975
2 After Election,2_after_election,306,"ওরে দালাল, তুমিযে কিসে ভোট দিবা তা সবাই জানে।",ওরে দালাল তুমিযে কিসে ভোট দিবা তা সবাই জানে,0,0.31393607911512383
2 After Election,2_after_election,307,আর যেন বাংলার মাঠিতে ভোট চুরের জন্ম না হয়,আর যেন বাংলার মাঠিতে ভোট চুরের জন্ম না হয়,0,0.47975894181981094
2 After Election,2_after_election,308,দালাল।,দালাল,0,0.5999987786982386
2 After Election,2_after_election,309,দালালদের কোন দল নেই।এরা দালাল,দালালদের কোন দল নেই এরা দালাল,1,0.6687621929024956
2 After Election,2_after_election,310,ওরে চিটার,ওরে চিটার,3,0.5999969942669402
2 After Election,2_after_election,311,এতো দিনে সাবালকত্ব অর্জন করলেন?,এতো দিনে সাবালকত্ব অর্জন করলেন,1,0.4000674331064013
2 After Election,2_after_election,312,আপনার চাচা কে ও কি এর আগে ভোট দেন নাই?,আপনার চাচা কে ও কি এর আগে ভোট দেন নাই,2,0.8386587935841198
2 After Election,2_after_election,313,দালাল এ কি কই,দালাল এ কি কই,0,0.4000734664478111
2 After Election,2_after_election,314,জীবনের প্রথম হারের স্বাদটা ও পাবে এই দালাল,জীবনের প্রথম হারের স্বাদটা ও পাবে এই দালাল,4,0.44662936305610185
2 After Election,2_after_election,315,Ai kankir fut k dakly majaj karap hoya jai,ai kankir fut k dakly majaj karap hoya jai,1,0.7333281128538649
2 After Election,2_after_election,316,শালা বাটপার,শালা বাটপার,3,0.73316421003131
2 After Election,2_after_election,317,দালাল তার জীবনে প্রথম ভোট দিলেন,দালাল তার জীবনে প্রথম ভোট দিলেন,4,0.6078358863415461
2 After Election,2_after_election,318,এদের মত দালালদের,এদের মত দালালদের,1,0.7322185164824644
2 After Election,2_after_election,319,কেন যে নেত্রী বুকে আগলে রেখেছে আল্লাহ ভালো জানে,কেন যে নেত্রী বুকে আগলে রেখেছে আল্লাহ ভালো জানে,2,0.45961249000549176
2 After Election,2_after_election,320,শালা বুড়া ভাম,শালা বুড়া ভাম,3,0.5999935905445346
2 After Election,2_after_election,321,নাটকবাজ!!,নাটকবাজ,0,0.2
2 After Election,2_after_election,322,বিহারির বাচ্চার বয়স হিসাব করলে তো আমার জন্মের আগের ভোটার তার মানে কি ওর বাবা জামাত ছিলোনা বলে ভোট দেয় নাই এতো বছর?,বিহারির বাচ্চার বয়স হিসাব করলে তো আমার জন্মের আগের ভোটার তার মানে কি ওর বাবা জামাত ছিলোনা বলে ভোট দেয় নাই এতো বছর,4,0.39584675466526853
2 After Election,2_after_election,323,এর আগে কার বাল ফালাইছেন বয়স তো কম হয় নাই নির্বাচন তো অনেকটাই পাইছেন তাহলে দিলেন না কেন,এর আগে কার বাল ফালাইছেন বয়স তো কম হয় নাই নির্বাচন তো অনেকটাই পাইছেন তাহলে দিলেন না কেন,3,0.371826721289988
2 After Election,2_after_election,324,সব শালারা দালাল,সব শালারা দালাল,0,0.5999987786982386
2 After Election,2_after_election,325,দালাল খানকির পোলা চট্টগ্রামের সেরা পল্টিবাজ।,দালাল খানকির পোলা চট্টগ্রামের সেরা পল্টিবাজ,0,0.5502241984263379
2 After Election,2_after_election,326,ঐ দালাল,ঐ দালাল,0,0.5999987786982386
2 After Election,2_after_election,327,খানকির পুলা একটা,খানকির পুলা একটা,0,0.2
2 After Election,2_after_election,328,দালালের পক্ষ থেকে লাল গোলাপের শুভেচ্ছা,দালালের পক্ষ থেকে লাল গোলাপের শুভেচ্ছা,2,0.7999926291582723
2 After Election,2_after_election,329,মাগির পোলা দালালি চুদাও আগে ভোট চোদো নি,মাগির পোলা দালালি চুদাও আগে ভোট চোদো নি,4,0.537264731282314
2 After Election,2_after_election,330,"দালাল,কচি বয়",দালাল কচি বয়,0,0.7999951148773552
2 After Election,2_after_election,331,মিথ‍্যা তামিম,মিথ্যা তামিম,4,0.7282091719817484
2 After Election,2_after_election,332,ভারতের দালাল বিএনপির দালাল,ভারতের দালাল বিএনপির দালাল,0,0.4404004881311748
2 After Election,2_after_election,333,দালাল দালালকে ভোট দিয়েছে জানা কথা।,দালাল দালালকে ভোট দিয়েছে জানা কথা,0,0.8392986514125361
2 After Election,2_after_election,334,দালাল সুবিধাবাদী যেদিকে চাঁদ ওঠে সেদিক যায়৷,দালাল সুবিধাবাদী যেদিকে চাঁদ ওঠে সেদিক যায়৷,0,0.7295225558839407
2 After Election,2_after_election,335,"এই ভন্ড ""না"" ভোট দিয়েছে এটা নিশ্চিত",এই ভন্ড না ভোট দিয়েছে এটা নিশ্চিত,0,0.589365271132747
2 After Election,2_after_election,336,মিথ্যাবাদী,মিথ্যাবাদী,0,0.2
2 After Election,2_after_election,337,দালাল চক্রের হোতা,দালাল চক্রের হোতা,0,0.5999987786982386
2 After Election,2_after_election,338,"যদি ১৩ তারিখ সকালে ঘুম ভেঙে দেখি ডক্টর শফিকুর রহমান দেশের প্রধানমন্ত্রী, তাহলে সেই ১৩ তারিখটাই হবে আমার জীবনের সবচেয়ে আনন্দের ও স্মরণীয় দিন।",যদি তারিখ সকালে ঘুম ভেঙে দেখি ডক্টর শফিকুর রহমান দেশের প্রধানমন্ত্রী তাহলে সেই তারিখটাই হবে আমার জীবনের সবচেয়ে আনন্দের ও স্মরণীয় দিন,3,0.9426314645805725
2 After Election,2_after_election,339,"শান্তিপূর্ণ, নিরপেক্ষ ভোট হলে গণতন্ত্রের সূচনা হবে: তারেক রহমান",শান্তিপূর্ণ নিরপেক্ষ ভোট হলে গণতন্ত্রের সূচনা হবে তারেক রহমান,3,0.5203530023020152
2 After Election,2_after_election,340,"কথা কম, সিদ্ধান্ত স্পষ্ট।",কথা কম সিদ্ধান্ত স্পষ্ট,4,0.7333312944641184
2 After Election,2_after_election,341,দাঁড়িপাল্লাই শ্রেষ্ঠ~,দাঁড়িপাল্লাই শ্রেষ্ঠ,0,0.2
2 After Election,2_after_election,342,"উঁড়ছে পাখি"" দিচ্চে ডাক!!",উঁড়ছে পাখি দিচ্চে ডাক,4,0.5988559216302872
2 After Election,2_after_election,343,দাঁড়িপাল্লা জিতে যাক!!,দাঁড়িপাল্লা জিতে যাক,2,0.5497805072859748
2 After Election,2_after_election,344,_ইনশা-আল্লাহ,ইনশা আল্লাহ,2,0.7300778967995111
2 After Election,2_after_election,345,"ধর্ম ব্যাবসা রুখে দিন,",ধর্ম ব্যাবসা রুখে দিন,4,0.7322684886629283
2 After Election,2_after_election,346,ধানের শীষে ভোট দিন।,ধানের শীষে ভোট দিন,0,0.52140524503234
2 After Election,2_after_election,347,"-তারুণ্যের প্রথম ভোট,",তারুণ্যের প্রথম ভোট,2,0.7961203061208042
2 After Election,2_after_election,348,ধানের শীষের পক্ষে হোক।,ধানের শীষের পক্ষে হোক,0,0.572390747637673
2 After Election,2_after_election,349,রাতে ভোট নাকি কাক্কু,রাতে ভোট নাকি কাক্কু,3,0.44506973669228017
2 After Election,2_after_election,350,তাহাজ্জুদ পড়েই ইনসাপের সিল মারা শুরু করলে এমন তো মনে হবেই,তাহাজ্জুদ পড়েই ইনসাপের সিল মারা শুরু করলে এমন তো মনে হবেই,0,0.49251811698909587
2 After Election,2_after_election,351,হাস্যকর কথা,হাস্যকর কথা,0,0.5999951637798662
2 After Election,2_after_election,352,টেনশন করার কোন প্রয়োজন নেই দাদু,টেনশন করার কোন প্রয়োজন নেই দাদু,3,0.5589918168765187
2 After Election,2_after_election,353,সামনের জন্য প্রস্তুতি নেন। এবার না হয় অন্য কোন সময় জয় আসবে। ইনশাআল্লাহ,সামনের জন্য প্রস্তুতি নেন এবার না হয় অন্য কোন সময় জয় আসবে ইনশাআল্লাহ,4,0.48107812973460884
2 After Election,2_after_election,354,লাইলাতুল গুজব চলিতেছে কেউ কান দিবেন না,লাইলাতুল গুজব চলিতেছে কেউ কান দিবেন না,2,0.8666266987771382
2 After Election,2_after_election,355,পরিস্থিতি যাই হোক,পরিস্থিতি যাই হোক,4,0.7312086797348762
2 After Election,2_after_election,356,নিজেকে শান্তনা দেওয়া অব্যাহত রাখতে হবে। এইটা হার্টের জন্য ভালো,নিজেকে শান্তনা দেওয়া অব্যাহত রাখতে হবে এইটা হার্টের জন্য ভালো,2,0.5555541667069643
2 After Election,2_after_election,357,হাতের কামডা কি রাইতেই সাইরা ফালাইছেন কাকু??,হাতের কামডা কি রাইতেই সাইরা ফালাইছেন কাকু,3,0.7998660316488405
2 After Election,2_after_election,358,রাতের ভোট নাকি দাদা,রাতের ভোট নাকি দাদা,3,0.4503972228969052
2 After Election,2_after_election,359,আমরা এটা মানি না দিনে হয়েছে ইলেকশন রাতে হয়েছে সিলেকশন,আমরা এটা মানি না দিনে হয়েছে ইলেকশন রাতে হয়েছে সিলেকশন,2,0.8368201054404606
2 After Election,2_after_election,360,ফেসবুকে আমিও তাই খবর পেলাম,ফেসবুকে আমিও তাই খবর পেলাম,0,0.5485186272406222
2 After Election,2_after_election,361,প্রাথমিক ভোট দিয়ে বুঝিয়ে দেন,প্রাথমিক ভোট দিয়ে বুঝিয়ে দেন,2,0.7309892427974386
2 After Election,2_after_election,362,আগামীকাল কে প্রধানমন্ত্রী হতে পারে।,আগামীকাল কে প্রধানমন্ত্রী হতে পারে,3,0.7983668441862499
2 After Election,2_after_election,363,জামায়াত,জামায়াত,0,0.5981608811292153
2 After Election,2_after_election,364,বিএনপি,বিএনপি,4,0.5975045748598978
2 After Election,2_after_election,365,হাতপাখা,হাতপাখা,0,0.2
2 After Election,2_after_election,366,লাঙ্গল,লাঙ্গল,0,0.2
2 After Election,2_after_election,367,প্রাথমিক ভোট হয়ে যাক!,প্রাথমিক ভোট হয়ে যাক,2,0.5032635391186537
2 After Election,2_after_election,368,জাতীয় পার্টি,জাতীয় পার্টি,0,0.7330811286677458
2 After Election,2_after_election,369,দেখি কে সবচেয়ে এগিয়ে যায়,দেখি কে সবচেয়ে এগিয়ে যায়,3,0.5895954252658779
2 After Election,2_after_election,370,তার কানে খবর দেয় কারা,তার কানে খবর দেয় কারা,3,0.7995898771364619
2 After Election,2_after_election,371,হাস্যকর কথা সেই মজার,হাস্যকর কথা সেই মজার,0,0.40051685492906985
2 After Election,2_after_election,372,দয়া করে সারাদেশের মধ্যে যে গুজব তাতে কান দিয়েন না,দয়া করে সারাদেশের মধ্যে যে গুজব তাতে কান দিয়েন না,2,0.8654802940992092
2 After Election,2_after_election,373,"ইনশাআল্লাহ, শাপলাকলি এবং দাড়িপাল্লা জয় সু-নিশ্চিত",ইনশাআল্লাহ শাপলাকলি এবং দাড়িপাল্লা জয় সু নিশ্চিত,0,0.8397774183811797
2 After Election,2_after_election,374,ওয়েলকাম বলবে না স্বাগতম বলবে,ওয়েলকাম বলবে না স্বাগতম বলবে,3,0.5495321869099911
2 After Election,2_after_election,375,খবর পেয়ে গেছেন?,খবর পেয়ে গেছেন,3,0.7293084899069938
2 After Election,2_after_election,376,"বিএনপি-জামায়াত বা অন্য কোনো দল নয়, আমরা সবাই এদেশের মানুষ।",বিএনপি জামায়াত বা অন্য কোনো দল নয় আমরা সবাই এদেশের মানুষ,4,0.38557660124768056
2 After Election,2_after_election,377,"দলের চেয়ে দেশ বড়, আর ব্যক্তিস্বার্থের চেয়ে সম্প্রীতি বড়।",দলের চেয়ে দেশ বড় আর ব্যক্তিস্বার্থের চেয়ে সম্প্রীতি বড়,3,0.8851187630841987
2 After Election,2_after_election,378,"হিংসা-বিদ্বেষ ভুলে চলুন কাঁধে কাঁধ মিলিয়ে প্রিয় মাতৃভূমিকে এগিয়ে নিয়ে যান।""",হিংসা বিদ্বেষ ভুলে চলুন কাঁধে কাঁধ মিলিয়ে প্রিয় মাতৃভূমিকে এগিয়ে নিয়ে যান,0,0.8634938132906532
2 After Election,2_after_election,379,এটাই হবে আমাদেরসবার মূল প্রতিশ্রুতি,এটাই হবে আমাদেরসবার মূল প্রতিশ্রুতি,3,0.5968275635045083
2 After Election,2_after_election,380,"হে আল্লাহ, আপনি যাকে সম্মানের যোগ্য মনে করেন তাকেই সম্মানিত করুন। আপনি বলেছেন,",হে আল্লাহ আপনি যাকে সম্মানের যোগ্য মনে করেন তাকেই সম্মানিত করুন আপনি বলেছেন,0,0.918826418118592
2 After Election,2_after_election,381,"“নিশ্চয়ই আল্লাহ ন্যায়বিচার, সৎকর্ম ও আত্মীয়স্বজনকে দান করার নির্দেশ দেন।” (সূরা নাহল ১৬:৯০)",নিশ্চয়ই আল্লাহ ন্যায়বিচার সৎকর্ম ও আত্মীয়স্বজনকে দান করার নির্দেশ দেন সূরা নাহল,4,0.4546414018288538
2 After Election,2_after_election,382,"আমাদের দেশকে অন্যায়, সন্ত্রাস ও অশান্তি থেকে মুক্ত করুন। যারা খারাপ পরিকল্পনা করে তাদের সফল হতে দেবেন না।",আমাদের দেশকে অন্যায় সন্ত্রাস ও অশান্তি থেকে মুক্ত করুন যারা খারাপ পরিকল্পনা করে তাদের সফল হতে দেবেন না,0,0.917503600362776
2 After Election,2_after_election,383,"রাসূলুল্লাহ ﷺ বলেছেন, “তোমাদের প্রত্যেকেই দায়িত্বশীল, এবং প্রত্যেকেই তার দায়িত্ব সম্পর্কে জিজ্ঞাসিত হবে।” (বুখারি, মুসলিম)",রাসূলুল্লাহ বলেছেন তোমাদের প্রত্যেকেই দায়িত্বশীল এবং প্রত্যেকেই তার দায়িত্ব সম্পর্কে জিজ্ঞাসিত হবে বুখারি মুসলিম,4,0.35653315214920067
2 After Election,2_after_election,384,"হে রব, আমাদের দেশে এমন নেতৃত্ব দিন যারা সত্যিকার অর্থে জনগণের নিরাপত্তা রক্ষা করবে। আমরা যেন নির্ভয়ে চলাফেরা করতে পারি, আমাদের দেশ যেন সুস্থ ও শান্ত হয়।",হে রব আমাদের দেশে এমন নেতৃত্ব দিন যারা সত্যিকার অর্থে জনগণের নিরাপত্তা রক্ষা করবে আমরা যেন নির্ভয়ে চলাফেরা করতে পারি আমাদের দেশ যেন সুস্থ ও শান্ত হয়,3,0.5995676081068962
2 After Election,2_after_election,385,আপনিই আমাদের ভরসা। আমিন।,আপনিই আমাদের ভরসা আমিন,0,0.733150826277819
2 After Election,2_after_election,386,আসলে উনি রাগের মাথায় বলসে,আসলে উনি রাগের মাথায় বলসে,3,0.7968209184072552
2 After Election,2_after_election,387,কাকা বলতে পারবে না যে তাকেই এটা বলা হইচে,কাকা বলতে পারবে না যে তাকেই এটা বলা হইচে,3,0.5328541022470865
2 After Election,2_after_election,388,দাঁড়িপাল্লার বাংলাদেশ।,দাঁড়িপাল্লার বাংলাদেশ,0,0.3999321436979813
2 After Election,2_after_election,389,পরে যেন কথা উল্টে না যায়।,পরে যেন কথা উল্টে না যায়,0,0.2
2 After Election,2_after_election,390,চারিদিকে একি শুনি ধানের শীষের,চারিদিকে একি শুনি ধানের শীষের,0,0.7332926703239145
2 After Election,2_after_election,391,জয় ধনি,জয় ধনি,0,0.598642506425283
2 After Election,2_after_election,392,আচ্ছা উনি জিতছেন তো নাকি,আচ্ছা উনি জিতছেন তো নাকি,4,0.7980031782377214
2 After Election,2_after_election,393,অপেক্ষা করো আর মাত্র একঘন্টা,অপেক্ষা করো আর মাত্র একঘন্টা,2,0.7963126390875239
2 After Election,2_after_election,394,কথাটা ১০০% সত্য হলো,কথাটা সত্য হলো,4,0.5196516683593903
2 After Election,2_after_election,395,দাদু হাসালেন,দাদু হাসালেন,3,0.5985166167052992
2 After Election,2_after_election,396,অনলাইন প্রধানমন্ত্রী পাবলিক প্লেসে প্রধানমন্ত্রী এক না,অনলাইন প্রধানমন্ত্রী পাবলিক প্লেসে প্রধানমন্ত্রী এক না,3,0.6258060126753662
2 After Election,2_after_election,397,আপনি হলেন জাত অভিনেতা,আপনি হলেন জাত অভিনেতা,0,0.2
2 After Election,2_after_election,398,সিনেমা করলে ডিপজলকেও হার মানাতেন,সিনেমা করলে ডিপজলকেও হার মানাতেন,3,0.7304667784046986
2 After Election,2_after_election,399,ভালোবাসা জোর করে আদায় করা যায় না,ভালোবাসা জোর করে আদায় করা যায় না,2,0.7295689119641756
2 After Election,2_after_election,400,"দাদু চিন্তার কারণ নেই, বিরোধীদলীয় প্রার্থী হিসেবে অন্তত সম্মানটুকু বজায় রাখেন",দাদু চিন্তার কারণ নেই বিরোধীদলীয় প্রার্থী হিসেবে অন্তত সম্মানটুকু বজায় রাখেন,3,0.5524988178686786
2 After Election,2_after_election,401,"ঠিকই পাইছেন, ওয়েলকাম করে নাই লাল কার্ড দেখিয়েছে",ঠিকই পাইছেন ওয়েলকাম করে নাই লাল কার্ড দেখিয়েছে,2,0.8826713628086935
2 After Election,2_after_election,402,"দাদু এইভাবে বইলেন না,, হার্টবিট বেড়ে যায়",দাদু এইভাবে বইলেন না হার্টবিট বেড়ে যায়,3,0.7304054633550017
2 After Election,2_after_election,403,দাদু রাতে কি ভোট কম পড়েছিল,দাদু রাতে কি ভোট কম পড়েছিল,0,0.3688498373682227
2 After Election,2_after_election,404,তা হলে আপনি ই তো,তা হলে আপনি ই তো,2,0.7300731027036153
2 After Election,2_after_election,405,"মনে হয় বেশি সুবিধা না, চেহারা কি অবস্থা ,",মনে হয় বেশি সুবিধা না চেহারা কি অবস্থা,1,0.8624171436005906
2 After Election,2_after_election,406,দাদু চিপায় আছে দেইখা বুঝা যাইতেসে,দাদু চিপায় আছে দেইখা বুঝা যাইতেসে,1,0.7301587013311953
2 After Election,2_after_election,407,আবার সুযোগ নিন।,আবার সুযোগ নিন,2,0.7972025187897264
2 After Election,2_after_election,408,এই কথা বলতে হতো শরম করে আসলে মানুষ কতটা নিজ হয়ে গেছে বলা যায় না,এই কথা বলতে হতো শরম করে আসলে মানুষ কতটা নিজ হয়ে গেছে বলা যায় না,3,0.5908390686745755
2 After Election,2_after_election,409,সব মিডিয়ারে কি ব্যাগে করে ধান দিয়েছে নাকি,সব মিডিয়ারে কি ব্যাগে করে ধান দিয়েছে নাকি,3,0.5259065152025069
2 After Election,2_after_election,410,রুখো যারা ! পিকচার আভি বাকি হ্যায় !!,রুখো যারা পিকচার আভি বাকি হ্যায়,0,0.7286526033024527
2 After Election,2_after_election,411,"ও কাকা জান্নাতে টিকিট ক‌ই, দিবো না",ও কাকা জান্নাতে টিকিট কই দিবো না,3,0.3941170775784874
2 After Election,2_after_election,412,ফেইসবুকে জিতেছেন আপনারা কিন্তু বাস্তবে নয়,ফেইসবুকে জিতেছেন আপনারা কিন্তু বাস্তবে নয়,2,0.7323400060866109
2 After Election,2_after_election,413,হুম । আমরা নতুন্যাতে বিশ্বাসী,হুম আমরা নতুন্যাতে বিশ্বাসী,0,0.599989546935406
2 After Election,2_after_election,414,শেষে একটা চিটারি হবে তাহলে কাকু,শেষে একটা চিটারি হবে তাহলে কাকু,3,0.7934327576030537
2 After Election,2_after_election,415,কাকু কেমন আছেন,কাকু কেমন আছেন,3,0.7274938008227112
2 After Election,2_after_election,416,Insha-Allah,insha allah,3,0.7333290049564236
2 After Election,2_after_election,417,সেটাই করছে,সেটাই করছে,0,0.5999894450621396
2 After Election,2_after_election,418,মিডিয়াগুলো জামায়াতের বিজয় ঘোষণা করতে কলিজা ফেটে যাচ্ছে।,মিডিয়াগুলো জামায়াতের বিজয় ঘোষণা করতে কলিজা ফেটে যাচ্ছে,2,0.6686882294912074
2 After Election,2_after_election,419,"গত দীন রাতেই এটার প্রমাণ হয়েছে,চেহারার অবস্থা দেখে",গত দীন রাতেই এটার প্রমাণ হয়েছে চেহারার অবস্থা দেখে,3,0.8984996993634031
2 After Election,2_after_election,420,এবার জামানত হারানো বাকি আছে,এবার জামানত হারানো বাকি আছে,4,0.7972197777211798
2 After Election,2_after_election,421,"হাস্যকর,....জনগণের ভোটের মাধ্যমে জয়ী, কে মেনে নিবে না?",হাস্যকর জনগণের ভোটের মাধ্যমে জয়ী কে মেনে নিবে না,0,0.5997634434451636
2 After Election,2_after_election,422,যে নিজের এলাকায় হেরে যায় সে দল নিয়ে কিছু বলার নাই,যে নিজের এলাকায় হেরে যায় সে দল নিয়ে কিছু বলার নাই,4,0.7391525745282782
2 After Election,2_after_election,423,আহা দুদুর মুখ গুয়া শুকাই গেছে,আহা দুদুর মুখ গুয়া শুকাই গেছে,1,0.7330432137290325
2 After Election,2_after_election,424,InsahAllah,insahallah,0,0.2
2 After Election,2_after_election,425,জামানত শেষ তোমগো,জামানত শেষ তোমগো,3,0.4002192894057086
2 After Election,2_after_election,426,Bah tokfoka sooder munafek.,bah tokfoka sooder munafek,0,0.2
2 After Election,2_after_election,427,দাঁড়ি পাল্লা,দাঁড়ি পাল্লা,0,0.7333304930785243
2 After Election,2_after_election,428,ভোট গননা হয়ে গেছে,ভোট গননা হয়ে গেছে,4,0.7288557078216781
2 After Election,2_after_election,429,নাটক শুরু হয়ছে,নাটক শুরু হয়ছে,1,0.4439551060390202
2 After Election,2_after_election,430,নিজেই নিজেকে ধরিয়ে দিলো,নিজেই নিজেকে ধরিয়ে দিলো,0,0.7982788415296276
2 After Election,2_after_election,431,ডাঃ শফিকুর রহমান জিন্দবাদ,ডাঃ শফিকুর রহমান জিন্দবাদ,3,0.7333304788477044
2 After Election,2_after_election,432,আপনি ফেল,আপনি ফেল,0,0.5999909388714557
2 After Election,2_after_election,433,ইনশা আল্লাহ দাঁড়িপাল্লা,ইনশা আল্লাহ দাঁড়িপাল্লা,0,0.5008003245049936
2 After Election,2_after_election,434,ইনশাআল্লাহ। এদের প্রতিহত করতে হবে। প্রাপ্য ভোট ফিরিয়ে আনতে হবে।,ইনশাআল্লাহ এদের প্রতিহত করতে হবে প্রাপ্য ভোট ফিরিয়ে আনতে হবে,2,0.6540066382399359
2 After Election,2_after_election,435,হোলাপো হালা কয় কি,হোলাপো হালা কয় কি,1,0.7299414470948001
2 After Election,2_after_election,436,ভোট দিছে জামাতকে ইঞ্জিনিয়ারিং করে রেজাল্টটা পাল্টে দেওয়া হয়েছে কখনো কখনো জোর করে কখনো কোন বুয়া সিল মেরে ধানের শেষে সিল মারছে,ভোট দিছে জামাতকে ইঞ্জিনিয়ারিং করে রেজাল্টটা পাল্টে দেওয়া হয়েছে কখনো কখনো জোর করে কখনো কোন বুয়া সিল মেরে ধানের শেষে সিল মারছে,0,0.9490138983756443
2 After Election,2_after_election,437,এই নির্বাচন কখনো সুস্থ হয়নি জনগণ স্বৈরাচার দেখতে চায়না,এই নির্বাচন কখনো সুস্থ হয়নি জনগণ স্বৈরাচার দেখতে চায়না,0,0.48548860800085203
2 After Election,2_after_election,438,জামাতকে জনগণের ভোটের হিসাব দিতে হবে জনগণ জামাতকে ভোট দিছে কিন্তু ভোটটা সিনিয়ে এনা দায়িত্ব জামাতের জামাত কেন চুপ করে রয়েছ আমি এটা বুঝিনা প্রয়োজন আমরা আরেকটা জুলাই চাই তবুও আমরা বাংলাদেশের চাঁদাবাজি দেখতে চাই না জামাতের হিসাব দিতে হবে জামাত কি আমরা ভোট দিয়েছি জামাতকে দেশ গঠন করতে হবে প্রয়োজন আর একটা জুলাই হবে আরেকটা জুলাই হবে আমরা সংগ্রাম করতে রাজি আছি,জামাতকে জনগণের ভোটের হিসাব দিতে হবে জনগণ জামাতকে ভোট দিছে কিন্তু ভোটটা সিনিয়ে এনা দায়িত্ব জামাতের জামাত কেন চুপ করে রয়েছ আমি এটা বুঝিনা প্রয়োজন আমরা আরেকটা জুলাই চাই তবুও আমরা বাংলাদেশের চাঁদাবাজি দেখতে চাই না জামাতের হিসাব দিতে হবে জামাত কি আমরা ভোট দিয়েছি জামাতকে দেশ গঠন করতে হবে প্রয়োজন আর একটা জুলাই হবে আরেকটা জুলাই হবে আমরা সংগ্রাম করতে রাজি আছি,0,0.6345610899925866
2 After Election,2_after_election,439,কাকু আপনি কাকে ফ্যাসিবাদ বললেন আপনি নিজেকে মক্কার খেজুর,কাকু আপনি কাকে ফ্যাসিবাদ বললেন আপনি নিজেকে মক্কার খেজুর,2,0.676778537408403
2 After Election,2_after_election,440,দাদুর মুখে জ্যাপসা দেখা যাচ্ছে,দাদুর মুখে জ্যাপসা দেখা যাচ্ছে,1,0.4399945792128514
2 After Election,2_after_election,441,নাফাক,নাফাক,0,0.2
2 After Election,2_after_election,442,রাজা কারদের বয়কট,রাজা কারদের বয়কট,0,0.599073266262529
2 After Election,2_after_election,443,লাবনাই জাতীয় সরকার হবেনা,লাবনাই জাতীয় সরকার হবেনা,0,0.42494992986400937
2 After Election,2_after_election,444,ki holo dadu churi korew kicu korte parlen na?,ki holo dadu churi korew kicu korte parlen na,1,0.5344359301975656
2 After Election,2_after_election,445,আপনে নিজে আগে জয়ের খাতায় নাম লেখান।,আপনে নিজে আগে জয়ের খাতায় নাম লেখান,4,0.7325408194739345
2 After Election,2_after_election,446,জিন্দা অলি কট,জিন্দা অলি কট,1,0.5985963590756872
2 After Election,2_after_election,447,বিপক্ষকে কিভাবে ভাষায় প্রতিহত করতে হবে তাও জানেনা,বিপক্ষকে কিভাবে ভাষায় প্রতিহত করতে হবে তাও জানেনা,2,0.8395719258839426
2 After Election,2_after_election,448,কে পেসিবাদ,কে পেসিবাদ,0,0.2
2 After Election,2_after_election,449,সাদা ঠাকুরে এখন বলে রাম রাম,সাদা ঠাকুরে এখন বলে রাম রাম,4,0.8393373243915659
2 After Election,2_after_election,450,আল্লাহর ফয়সালা দাড়ি পাল্লা,আল্লাহর ফয়সালা দাড়ি পাল্লা,0,0.523168780029909
2 After Election,2_after_election,451,Sasaji seharatathoh kub molin lagse,sasaji seharatathoh kub molin lagse,0,0.2
2 After Election,2_after_election,452,যে জাতি যেমন তার জন্য শাসকও তেমন এটাই আল্লাহর ফয়সালা,যে জাতি যেমন তার জন্য শাসকও তেমন এটাই আল্লাহর ফয়সালা,0,0.5144203733619621
2 After Election,2_after_election,453,কাকু কান্নাকাটি শুরু করো না,কাকু কান্নাকাটি শুরু করো না,3,0.8369306366966441
2 After Election,2_after_election,454,Oree batpar,oree batpar,1,0.5999904245140772
2 After Election,2_after_election,455,ইনশাআল্লাহ,ইনশাআল্লাহ,0,0.5999995531898649
2 After Election,2_after_election,456,আলহামদুলিল্লাহ আলহামদুলিল্লাহ,আলহামদুলিল্লাহ আলহামদুলিল্লাহ,2,0.7333324249772813
2 After Election,2_after_election,457,দাড়িপাল্লা ইনশাআল্লাহ,দাড়িপাল্লা ইনশাআল্লাহ,0,0.7333317185542275
2 After Election,2_after_election,458,চাচা জান্নাতে টিকেট লইয়া লন,চাচা জান্নাতে টিকেট লইয়া লন,1,0.3998670912955891
2 After Election,2_after_election,459,সঠিক খবরই পাইছেন দাদা,সঠিক খবরই পাইছেন দাদা,4,0.5497976126304754
2 After Election,2_after_election,460,জনগণ ফ্যাসিবাদ কে ওয়েলকাম করবে না বলেই আপনাদের ভোট দেয় নাই।ন্যায় ও ইনসাফ প্রতিষ্ঠার জন্য বিএনপিকে ভোট দিয়েছে,জনগণ ফ্যাসিবাদ কে ওয়েলকাম করবে না বলেই আপনাদের ভোট দেয় নাই ন্যায় ও ইনসাফ প্রতিষ্ঠার জন্য বিএনপিকে ভোট দিয়েছে,2,0.5963792683707477
2 After Election,2_after_election,461,Dude doya tulsi pata,dude doya tulsi pata,0,0.2
2 After Election,2_after_election,462,জ্যোতিষীর হ্যাডা,জ্যোতিষীর হ্যাডা,0,0.2
2 After Election,2_after_election,463,"জান্নাতের টিকেট দেন,,,",জান্নাতের টিকেট দেন,2,0.5503635728192539
2 After Election,2_after_election,464,আজ আপনার চেহারা নুর দেখছিনা,আজ আপনার চেহারা নুর দেখছিনা,1,0.7303033662899833
2 After Election,2_after_election,465,আপনাকে এই শোক সহিবার তৌফিক দান করুক,আপনাকে এই শোক সহিবার তৌফিক দান করুক,0,0.7995519025129751
2 After Election,2_after_election,466,দাদু নাকে তেল দিয়ে ঘুমান,দাদু নাকে তেল দিয়ে ঘুমান,1,0.7301603677555949
2 After Election,2_after_election,467,Movcracy,movcracy,0,0.2
2 After Election,2_after_election,468,ASSALAMUALAIKOM CHANDA VAI,assalamualaikom chanda vai,1,0.5999927546252345
2 After Election,2_after_election,469,আমির ঈদ মোবারক রেবো,আমির ঈদ মোবারক রেবো,2,0.7948969644487551
2 After Election,2_after_election,470,জনগণ পাগলের হাতে জিলাপি দিবে না।,জনগণ পাগলের হাতে জিলাপি দিবে না,0,0.8380603455334992
2 After Election,2_after_election,471,হে আল্লাহ আপনি উত্তম পরিকল্পনাকারি,হে আল্লাহ আপনি উত্তম পরিকল্পনাকারি,0,0.4988056796610575
2 After Election,2_after_election,472,"যা পাইছো তা নিয়া কাজ করো,সামনে পাবে আরো",যা পাইছো তা নিয়া কাজ করো সামনে পাবে আরো,2,0.9086719941296635
2 After Election,2_after_election,473,বায়তুল মাল এর টাকা আর দিবেনা,বায়তুল মাল এর টাকা আর দিবেনা,2,0.7288123277466726
2 After Election,2_after_election,474,কাকু টেনশনে আছে,কাকু টেনশনে আছে,3,0.7328431236907185
2 After Election,2_after_election,475,শয়তান কি বলে হাস্যকর কথা,শয়তান কি বলে হাস্যকর কথা,4,0.5480127641980403
2 After Election,2_after_election,476,চুপসে গেছে,চুপসে গেছে,0,0.2
2 After Election,2_after_election,477,"Alhamdulillah,,",alhamdulillah,0,0.5999964449648353
2 After Election,2_after_election,478,পাগলে কই কি,পাগলে কই কি,4,0.5999956822993131
2 After Election,2_after_election,479,গুজবে জনগন কান দিয়েন না,গুজবে জনগন কান দিয়েন না,2,0.7996007988595889
2 After Election,2_after_election,480,ক্ষমতায় বসার পর সমালোচনা করুন।,ক্ষমতায় বসার পর সমালোচনা করুন,1,0.6891857571436123
2 After Election,2_after_election,481,দুর্নীতি ছাড়া রাজনীতি হয় না আপনি বুকে হাত দিয়ে বলতে পারবেন যে দুনীতি করে নাই না হলে ফলা ঘোষণা করে নাই কেনো দিনে ভোট দেয় আর রাত বরে কি চুরি করে আমকে বুজান,দুর্নীতি ছাড়া রাজনীতি হয় না আপনি বুকে হাত দিয়ে বলতে পারবেন যে দুনীতি করে নাই না হলে ফলা ঘোষণা করে নাই কেনো দিনে ভোট দেয় আর রাত বরে কি চুরি করে আমকে বুজান,2,0.8432081576437191
2 After Election,2_after_election,482,হাস্যকর খুবই হাস্যকর লজ্জা থাকা দরকার,হাস্যকর খুবই হাস্যকর লজ্জা থাকা দরকার,0,0.5360816056974043
2 After Election,2_after_election,483,Best wishes to you sir,best wishes to you sir,3,0.40006845701563304
2 After Election,2_after_election,484,আচ্ছা একটু পরে বলবা সুষ্ঠু নির্বাচন হয় নাই কার ছবি হয়েছে নিজের আসনটার খবর নিছো,আচ্ছা একটু পরে বলবা সুষ্ঠু নির্বাচন হয় নাই কার ছবি হয়েছে নিজের আসনটার খবর নিছো,2,0.4560881349258664
2 After Election,2_after_election,485,এটা আমি মানি না,এটা আমি মানি না,4,0.596201464336833
2 After Election,2_after_election,486,চোখের উপরে একটু কলপ করবেন না হলে বাচ্চারা ভয় পাবে,চোখের উপরে একটু কলপ করবেন না হলে বাচ্চারা ভয় পাবে,2,0.8986331067433186
2 After Election,2_after_election,487,আমরাও জানি জনগন রাজাকারকে চায় না,আমরাও জানি জনগন রাজাকারকে চায় না,0,0.360989100312971
2 After Election,2_after_election,488,কাকু নাটক বাদ দাও,কাকু নাটক বাদ দাও,1,0.4397952491996759
2 After Election,2_after_election,489,অনেক নাটক করলা,অনেক নাটক করলা,1,0.599631776562758
2 After Election,2_after_election,490,সব ফলোপ খেয়ে গেছে,সব ফলোপ খেয়ে গেছে,1,0.5968628657609788
2 After Election,2_after_election,491,পলের হেডা,পলের হেডা,0,0.2
2 After Election,2_after_election,492,ইনশাআল্লাহ দাড়িপাল্লা,ইনশাআল্লাহ দাড়িপাল্লা,0,0.7333317185542275
2 After Election,2_after_election,493,মুখ কালো কেন?,মুখ কালো কেন,1,0.7325773235263348
2 After Election,2_after_election,494,ইনশা আল্লাহ,ইনশা আল্লাহ,2,0.7300778967995111
2 After Election,2_after_election,495,"সারাদেশে জামায়াত মার খাচ্ছে আর নালিশ করছে, পাল্টা প্রতিরোধ করতে না পারলে রাজনীতি করার দরকার নাই।",সারাদেশে জামায়াত মার খাচ্ছে আর নালিশ করছে পাল্টা প্রতিরোধ করতে না পারলে রাজনীতি করার দরকার নাই,2,0.43276548475156507
2 After Election,2_after_election,496,আরে কাক্কু নাকে তেল দিয়ে ঘুমায় পড়েন,আরে কাক্কু নাকে তেল দিয়ে ঘুমায় পড়েন,1,0.6977472634030917
2 After Election,2_after_election,497,Alhamdulillah,alhamdulillah,0,0.5999964449648353
2 After Election,2_after_election,498,উ চেহারা কালো হয়ে গেছে ভাই রে কষ্ট,উ চেহারা কালো হয়ে গেছে ভাই রে কষ্ট,2,0.5027449867486276
2 After Election,2_after_election,499,ইনশাআল্লাহ জয় হবে ন্যায় ইসাফের,ইনশাআল্লাহ জয় হবে ন্যায় ইসাফের,0,0.7998226666071926
2 After Election,2_after_election,500,মুখে এক কথা চেহারা তো অন্য কথা বলে,মুখে এক কথা চেহারা তো অন্য কথা বলে,4,0.6380830434887742
2 After Election,2_after_election,501,বিশ্বাস করেন সারারাত ঘুম হয়নি জীবনে প্রথম ভোট দিলাম দাঁড়িপাল্লয় ভালো লাগে সবার মুখে মুখে শুনলাম দাড়িপাল্লা কেন পাস হলো না দাঁড়িপাল্লা বুঝতে পারলাম না,বিশ্বাস করেন সারারাত ঘুম হয়নি জীবনে প্রথম ভোট দিলাম দাঁড়িপাল্লয় ভালো লাগে সবার মুখে মুখে শুনলাম দাড়িপাল্লা কেন পাস হলো না দাঁড়িপাল্লা বুঝতে পারলাম না,3,0.3234523845043601
2 After Election,2_after_election,502,Tui naformn.new dorves,tui naformn new dorves,2,0.5976030447827152
2 After Election,2_after_election,503,Dormo bebsayi munafiq jammat,dormo bebsayi munafiq jammat,0,0.2
2 After Election,2_after_election,504,Welcome already hoye gase.,welcome already hoye gase,1,0.5999852762342839
2 After Election,2_after_election,505,ইং শা আল্লাহ্,ইং শা আল্লাহ্,0,0.39960084966181303
2 After Election,2_after_election,506,তেল দিয়ে বসে থাকুন,তেল দিয়ে বসে থাকুন,0,0.5487954323196146
2 After Election,2_after_election,507,করে নাি,করে নাি,0,0.2
2 After Election,2_after_election,508,Ok monay rikhan,ok monay rikhan,3,0.5999818056391719
2 After Election,2_after_election,509,কাউয়া কমলা খাইতো জানেনা তোমার দশন দেখা যায় এরকম হইবো,কাউয়া কমলা খাইতো জানেনা তোমার দশন দেখা যায় এরকম হইবো,2,0.7973156444776245
2 After Election,2_after_election,510,আমরা ও তো খবর পাচ্ছি দাদু দাড়িপাল্লার দাড়ী ভেঙে চাচ্ছে।,আমরা ও তো খবর পাচ্ছি দাদু দাড়িপাল্লার দাড়ী ভেঙে চাচ্ছে,3,0.885505417807906
2 After Election,2_after_election,511,ঠিকই বলেছেন জনগণ বুঝে কোনটা ভালো কোনটা খারাপ,ঠিকই বলেছেন জনগণ বুঝে কোনটা ভালো কোনটা খারাপ,0,0.9088884292579108
2 After Election,2_after_election,512,নতুন পাশি বাদ কাকে বলছেন। কাল সাপ কে নাকি পালন করতে নাই,নতুন পাশি বাদ কাকে বলছেন কাল সাপ কে নাকি পালন করতে নাই,2,0.5792880034863784
2 After Election,2_after_election,513,তোমাদের জন্য কলা পাঠালাম।,তোমাদের জন্য কলা পাঠালাম,1,0.5999897417700086
2 After Election,2_after_election,514,নানা স্বপ্ন দেখেন।,নানা স্বপ্ন দেখেন,0,0.7974095168443979
2 After Election,2_after_election,515,অবশ্যই করবে না। এবং আজ তা প্রমাণও করে দিয়েছে।,অবশ্যই করবে না এবং আজ তা প্রমাণও করে দিয়েছে,2,0.6067533998635961
2 After Election,2_after_election,516,কাকা ঘরে যাই হুতি থাকেন গই,কাকা ঘরে যাই হুতি থাকেন গই,1,0.8369241516389795
2 After Election,2_after_election,517,Tai naki tw vote gula ki jine dice,tai naki tw vote gula ki jine dice,1,0.8399977764129467
2 After Election,2_after_election,518,200+ ইনশাআল্লাহ,ইনশাআল্লাহ,0,0.5999995531898649
2 After Election,2_after_election,519,Insallah,insallah,0,0.2
2 After Election,2_after_election,520,ইনশা আল্লাহ ধানের শীষ এ ভোট দিয়েছি,ইনশা আল্লাহ ধানের শীষ এ ভোট দিয়েছি,0,0.5067465273298638
2 After Election,2_after_election,521,দাদু তুমি তোমার আসনে জিতবা তো,দাদু তুমি তোমার আসনে জিতবা তো,3,0.729599403442943
2 After Election,2_after_election,522,Insha Allah,insha allah,3,0.7333290049564236
2 After Election,2_after_election,523,Ki bottom vaiyera...!!,ki bottom vaiyera,1,0.5999973314750147
2 After Election,2_after_election,524,ইনশাআল্লাহ দাঁড়ি পাল্লা,ইনশাআল্লাহ দাঁড়ি পাল্লা,0,0.7999985863527249
2 After Election,2_after_election,525,মুরুব্বিকে আল্লাহ সহীহ বুঝ দিয়েছে।,মুরুব্বিকে আল্লাহ সহীহ বুঝ দিয়েছে,0,0.7327155875266075
2 After Election,2_after_election,526,আপনি এখন বসে বসে কলা খান,আপনি এখন বসে বসে কলা খান,0,0.7990260880654041
2 After Election,2_after_election,527,শেষ বেলাও মব,শেষ বেলাও মব,3,0.4002815218998362
2 After Election,2_after_election,528,Right dada. Nijer Kotha Nije bolle hobe,right dada nijer kotha nije bolle hobe,1,0.550094313943532
2 After Election,2_after_election,529,"আরে ভাই, মাঠ পর্যায়ে তো আপনার ভোট নাই!",আরে ভাই মাঠ পর্যায়ে তো আপনার ভোট নাই,2,0.866001267404877
2 After Election,2_after_election,530,বৃক্ষ তোমার নাম কি?,বৃক্ষ তোমার নাম কি,4,0.5978852314922726
2 After Election,2_after_election,531,ফলে পরিচয়,ফলে পরিচয়,2,0.5975807236440808
2 After Election,2_after_election,532,"দাড়িপাল্লা একদিকে হেলে পড়ছে বাকি আছে অন্যদিকটা,,,,,",দাড়িপাল্লা একদিকে হেলে পড়ছে বাকি আছে অন্যদিকটা,0,0.7323262621157027
2 After Election,2_after_election,533,সৃষ্টিকর্তা ছাড় দেয়,সৃষ্টিকর্তা ছাড় দেয়,3,0.7323589667938479
2 After Election,2_after_election,534,তবে ছেড়ে দেয় না।,তবে ছেড়ে দেয় না,2,0.3999537874393219
2 After Election,2_after_election,535,ইনকিলাব জিন্দাবাদ,ইনকিলাব জিন্দাবাদ,3,0.7329317330054184
2 After Election,2_after_election,536,বাংলাদেশের জনগণ আবার বুজবে কত ধানে কত চাল।,বাংলাদেশের জনগণ আবার বুজবে কত ধানে কত চাল,0,0.8648218086836934
2 After Election,2_after_election,537,কাকা আপনার মুখ দেখে সেটা বোঝা যাচ্ছে,কাকা আপনার মুখ দেখে সেটা বোঝা যাচ্ছে,1,0.8660554162298817
2 After Election,2_after_election,538,আমাদের আল্লাহ ভরসা,আমাদের আল্লাহ ভরসা,0,0.7329083925376078
2 After Election,2_after_election,539,I have a plan,i have a plan,0,0.7326202673658782
2 After Election,2_after_election,540,চোখে মুখে টেনশনে চাপ,চোখে মুখে টেনশনে চাপ,0,0.7983635074037397
2 After Election,2_after_election,541,ইনসাফের বাহিরে কিছু বলা ঠিক না কাক্কু,ইনসাফের বাহিরে কিছু বলা ঠিক না কাক্কু,3,0.5329895626578803
2 After Election,2_after_election,542,Inshallah,inshallah,0,0.2
2 After Election,2_after_election,543,মুরব্বি আস্তে,মুরব্বি আস্তে,2,0.7282781170040942
2 After Election,2_after_election,544,আপনার আশা পুরন হবে না,আপনার আশা পুরন হবে না,4,0.5958484493362072
2 After Election,2_after_election,545,Dadu apni thik e sunecilen.,dadu apni thik e sunecilen,1,0.30042852277718046
2 After Election,2_after_election,546,মন খারাপ হইয়া গেছে রে বা,মন খারাপ হইয়া গেছে রে বা,4,0.5503355957240929
2 After Election,2_after_election,547,চুদলিংপং,চুদলিংপং,0,0.2
2 After Election,2_after_election,548,ভূতের মুখে রাম নাম,ভূতের মুখে রাম নাম,4,0.7985387944548391
2 After Election,2_after_election,549,আবার নি হার্ট অ্যাটাক হয় এয়ারপোর্টে ৭৪ লাখের মতো।,আবার নি হার্ট অ্যাটাক হয় এয়ারপোর্টে লাখের মতো,2,0.5476937367422234
2 After Election,2_after_election,550,ইনশাআল্লাহ দাঁড়িপাল্লা,ইনশাআল্লাহ দাঁড়িপাল্লা,0,0.7333325419533284
2 After Election,2_after_election,551,ভোট চোরের দিন শেষ ধানের শীষে বাংলাদেশ।,ভোট চোরের দিন শেষ ধানের শীষে বাংলাদেশ,3,0.5893801525467176
2 After Election,2_after_election,552,নতুন নাটক শুরু,নতুন নাটক শুরু,1,0.5004182448730748
2 After Election,2_after_election,553,ধানের শীষ,ধানের শীষ,2,0.41398325665250335
2 After Election,2_after_election,554,জামাতের আমীর দলের প্রধান ইসলাম সম্পর্কে সব থেকে বেশি কিছু জানা আমীর তার কথা বর্তা শুনলে বুঝতে পারা যায়? আমি কোন রাজনীতি দল করি না পছন্দ করি না! ইসলাম ধর্ম কথা দিয়ে হোক অন্য কোন কিছুই কাউকে আঘাত করা ঠিক না???,জামাতের আমীর দলের প্রধান ইসলাম সম্পর্কে সব থেকে বেশি কিছু জানা আমীর তার কথা বর্তা শুনলে বুঝতে পারা যায় আমি কোন রাজনীতি দল করি না পছন্দ করি না ইসলাম ধর্ম কথা দিয়ে হোক অন্য কোন কিছুই কাউকে আঘাত করা ঠিক না,4,0.3236078653182161
2 After Election,2_after_election,555,"প্রথম বার ভোট দিয়ে যারা আঙুলের ছবি দেখায়,",প্রথম বার ভোট দিয়ে যারা আঙুলের ছবি দেখায়,2,0.8642788453549425
2 After Election,2_after_election,556,প্রথম বার বাচ্চার বাপ হলে তারা কিসের ছবি দেখাবে!,প্রথম বার বাচ্চার বাপ হলে তারা কিসের ছবি দেখাবে,2,0.5232221214104701
2 After Election,2_after_election,557,ধর্ম ব্যাবসার দিন সেষ,ধর্ম ব্যাবসার দিন সেষ,4,0.5996173098895097
2 After Election,2_after_election,558,ধানের শীষের বাংলাদেশ,ধানের শীষের বাংলাদেশ,0,0.5456784825633199
2 After Election,2_after_election,559,তাহলে তো মুখে হাসি থাকার কথা। কিন্তু চেহারা দেখে মনে হচ্ছে তো অন্য কিছু,তাহলে তো মুখে হাসি থাকার কথা কিন্তু চেহারা দেখে মনে হচ্ছে তো অন্য কিছু,4,0.748157554298514
2 After Election,2_after_election,560,আশায় থাকো,আশায় থাকো,3,0.5990792964889478
2 After Election,2_after_election,561,বাহ্ কথাগুলো বলতে পারেন ভালোই,বাহ্ কথাগুলো বলতে পারেন ভালোই,1,0.4395324639503068
2 After Election,2_after_election,562,kotha sotti,kotha sotti,1,0.5999952222958105
2 After Election,2_after_election,563,মহিলা আর তরুনদের ভোটে যে দল এগিয়ে সেই বিজই হবে,মহিলা আর তরুনদের ভোটে যে দল এগিয়ে সেই বিজই হবে,0,0.5501590290457394
2 After Election,2_after_election,564,মানে আপনাকে???,মানে আপনাকে,3,0.7312269265489049
2 After Election,2_after_election,565,Koyda ason paisen???,koyda ason paisen,0,0.2
2 After Election,2_after_election,566,আমির সাহেবের কি অবস্থা,আমির সাহেবের কি অবস্থা,4,0.5130061289899623
2 After Election,2_after_election,567,"ধর্ম নিয়ে যারা বিজনেস করে, তাদের প্রতি আস্থা রাখা কঠিন।",ধর্ম নিয়ে যারা বিজনেস করে তাদের প্রতি আস্থা রাখা কঠিন,4,0.8831266627363418
2 After Election,2_after_election,568,দাদু ভাই আমার ভুল হয়েছে আমাকে ক্ষমা করে দিন,দাদু ভাই আমার ভুল হয়েছে আমাকে ক্ষমা করে দিন,1,0.8650871542617383
2 After Election,2_after_election,569,আল্লাহ সবাইকে হেফাজত করুন আপনার আশা কোনোদিনই পূরন হবে না ইনশাআল্লাহ বিজয় হবে না,আল্লাহ সবাইকে হেফাজত করুন আপনার আশা কোনোদিনই পূরন হবে না ইনশাআল্লাহ বিজয় হবে না,0,0.8845769415124504
2 After Election,2_after_election,570,ইংশাল্লাহ,ইংশাল্লাহ,0,0.2
2 After Election,2_after_election,571,আগামীকাল বলবে সুষ্ঠু নির্বাচন হয়নি,আগামীকাল বলবে সুষ্ঠু নির্বাচন হয়নি,3,0.6208497295633344
2 After Election,2_after_election,572,chada bajder vote din,chada bajder vote din,1,0.7333283283176888
2 After Election,2_after_election,573,নতুন নতুন,নতুন নতুন,3,0.73266594162986
2 After Election,2_after_election,574,সাদা শকুন মরা মরা গন্ধ পাচ্ছে,সাদা শকুন মরা মরা গন্ধ পাচ্ছে,4,0.7333320596899077
2 After Election,2_after_election,575,"উনি শেষ খবর কী পেলেন, কাত চিৎ হয়ে লাভ হইলো না,",উনি শেষ খবর কী পেলেন কাত চিৎ হয়ে লাভ হইলো না,3,0.3489137995044937
2 After Election,2_after_election,576,আপনার জামানত টিক থাকবে নি ? না কি আবার ও.....,আপনার জামানত টিক থাকবে নি না কি আবার ও,4,0.5746600273482905
2 After Election,2_after_election,577,ইনশাআল্লাহ দাঁড়িপাল্লা জয় হবে,ইনশাআল্লাহ দাঁড়িপাল্লা জয় হবে,0,0.799823824439896
2 After Election,2_after_election,578,ইনশাল্লাহ,ইনশাল্লাহ,1,0.5999951173830941
2 After Election,2_after_election,579,সাদা শয়তান।,সাদা শয়তান,4,0.7333288346054041
2 After Election,2_after_election,580,কোব তারা তারি আমাদের মৌলভীবাজারে একটা মেন্টাল হসপিটাল প্রয়োজন।,কোব তারা তারি আমাদের মৌলভীবাজারে একটা মেন্টাল হসপিটাল প্রয়োজন,3,0.5991538953555546
2 After Election,2_after_election,581,মন খারাপ,মন খারাপ,4,0.7331891919533324
2 After Election,2_after_election,582,ইনসাফ কোথায় পাওয়া যাবে দেশের জনগণ তা ভালোই জানে,ইনসাফ কোথায় পাওয়া যাবে দেশের জনগণ তা ভালোই জানে,2,0.6210612026562947
2 After Election,2_after_election,583,তাই নাকি,তাই নাকি,3,0.5978584960135854
2 After Election,2_after_election,584,সে ফ্যাসিবাদ হইছেন আপনি,সে ফ্যাসিবাদ হইছেন আপনি,4,0.3989121976690402
2 After Election,2_after_election,585,"একটু পরে বলবে সারা দেশে যে খবর পাচ্ছি, ভোট কারচুপি হয়েছে।",একটু পরে বলবে সারা দেশে যে খবর পাচ্ছি ভোট কারচুপি হয়েছে,3,0.9093604358739176
2 After Election,2_after_election,586,চাচার মন খারাপ,চাচার মন খারাপ,4,0.5339564214209692
2 After Election,2_after_election,587,দাদু শুকনা খাইছে,দাদু শুকনা খাইছে,3,0.3992983424166162
2 After Election,2_after_election,588,তাই নাকি দাদু,তাই নাকি দাদু,3,0.732345407877262
2 After Election,2_after_election,589,শুকুন কি কই,শুকুন কি কই,4,0.5999956822993131
2 After Election,2_after_election,590,কেল্লা ফতে নানা,কেল্লা ফতে নানা,0,0.5969034122718176
2 After Election,2_after_election,591,Alar poo ala shukon,alar poo ala shukon,0,0.2
2 After Election,2_after_election,592,সবার প্রতি অনুরোধ করবো খেলা বাকি পোস্টাল পেপারটি খোলা হয়নি এখনো,সবার প্রতি অনুরোধ করবো খেলা বাকি পোস্টাল পেপারটি খোলা হয়নি এখনো,4,0.721988889116604
2 After Election,2_after_election,593,রাতের ভোট ভালই পড়েছে।,রাতের ভোট ভালই পড়েছে,3,0.7942837076267799
2 After Election,2_after_election,594,Kaka mokti joddhe apnrao kom jan nai,kaka mokti joddhe apnrao kom jan nai,1,0.5999927628001059
2 After Election,2_after_election,595,নেতা আপনি আগামী প্রধানমন্ত্রী,নেতা আপনি আগামী প্রধানমন্ত্রী,1,0.5492550164567763
2 After Election,2_after_election,596,​ ইনসাফের লড়াই: আমরা সুষ্ঠু নির্বাচন চাই!,ইনসাফের লড়াই আমরা সুষ্ঠু নির্বাচন চাই,3,0.8388947476227009
2 After Election,2_after_election,597,"​যেখানে ভোট চুরি হয়েছে, যেখানে জনতার রায় ছিনতাই হয়েছে—সেখানে আমরা কোনো আপস মানি না!",যেখানে ভোট চুরি হয়েছে যেখানে জনতার রায় ছিনতাই হয়েছে সেখানে আমরা কোনো আপস মানি না,2,0.918955425498975
2 After Election,2_after_election,598,"​ পুনরায় ভোট চাই: যেসব এলাকায় সুষ্ঠুভাবে ভোট হয়নি, যেখানে জাল ভোট আর দুর্নীতির মহোৎসব চলেছে, সেই সব আসনে অবিলম্বে নতুন করে স্বচ্ছ নির্বাচন আয়োজন করতে হবে।",পুনরায় ভোট চাই যেসব এলাকায় সুষ্ঠুভাবে ভোট হয়নি যেখানে জাল ভোট আর দুর্নীতির মহোৎসব চলেছে সেই সব আসনে অবিলম্বে নতুন করে স্বচ্ছ নির্বাচন আয়োজন করতে হবে,2,0.8043798306141049
2 After Election,2_after_election,599,"​ নতুন প্রজন্মের শঙ্কা: আমি এখনো ভোটার হইনি, কিন্তু এখনই যদি দুর্নীতির এই ভয়াবহ রূপ দেখতে হয়, তবে ভবিষ্যতে আমাদের ভোটাধিকারের নিরাপত্তা কোথায়? ক্ষমতায় না আসতেই যদি এই অরাজকতা হয়, তবে আগামীতে কী অপেক্ষা করছে?",নতুন প্রজন্মের শঙ্কা আমি এখনো ভোটার হইনি কিন্তু এখনই যদি দুর্নীতির এই ভয়াবহ রূপ দেখতে হয় তবে ভবিষ্যতে আমাদের ভোটাধিকারের নিরাপত্তা কোথায় ক্ষমতায় না আসতেই যদি এই অরাজকতা হয় তবে আগামীতে কী অপেক্ষা করছে,3,0.9186766420364907
2 After Election,2_after_election,600,"​ জুলাইয়ের চেতনা: আমরা জুলাই মাসে রাজপথে রক্ত দিয়েছি কোনো স্বৈরাচার বা দুর্নীতিবাজকে বসানোর জন্য নয়। আমরা জীবন দিয়েছি একটি সাম্য, মানবিক মর্যাদা ও ইনসাফপূর্ণ বাংলাদেশের স্বপ্ন নিয়ে।",জুলাইয়ের চেতনা আমরা জুলাই মাসে রাজপথে রক্ত দিয়েছি কোনো স্বৈরাচার বা দুর্নীতিবাজকে বসানোর জন্য নয় আমরা জীবন দিয়েছি একটি সাম্য মানবিক মর্যাদা ও ইনসাফপূর্ণ বাংলাদেশের স্বপ্ন নিয়ে,0,0.9450892655232127
2 After Election,2_after_election,601,​ আমাদের দাবি পরিষ্কার: দিনের ভোট রাতে বা জাল ভোটের কোনো ঠাঁই এই স্বাধীন বাংলাদেশে হবে না। আমরা চাই প্রতিটি নাগরিকের ভোটের অধিকার নিশ্চিত হোক।,আমাদের দাবি পরিষ্কার দিনের ভোট রাতে বা জাল ভোটের কোনো ঠাঁই এই স্বাধীন বাংলাদেশে হবে না আমরা চাই প্রতিটি নাগরিকের ভোটের অধিকার নিশ্চিত হোক,0,0.8766335631676005
2 After Election,2_after_election,602,​ বিপ্লব এখনো শেষ হয়নি!,বিপ্লব এখনো শেষ হয়নি,3,0.4487693963472203
2 After Election,2_after_election,603,"​""আমার ভোট আমি দেব, যাকে খুশি তাকে দেব—এই অধিকারটুকু কেড়ে নেওয়ার সাহস যেন কেউ না দেখায়।"" ---",আমার ভোট আমি দেব যাকে খুশি তাকে দেব এই অধিকারটুকু কেড়ে নেওয়ার সাহস যেন কেউ না দেখায়,1,0.6489966413824946
2 After Election,2_after_election,604,ওমা এতো দেখি কালা শকুন একে আর সাদা শকুন বলবেন না,ওমা এতো দেখি কালা শকুন একে আর সাদা শকুন বলবেন না,4,0.9081790273801886
2 After Election,2_after_election,605,কাক্কু কি আজ মেকাপ ছাড়াই ক্যামেরা সামনে?,কাক্কু কি আজ মেকাপ ছাড়াই ক্যামেরা সামনে,4,0.7971396035452906
2 After Election,2_after_election,606,হা হা,হা হা,3,0.7322423020398049
2 After Election,2_after_election,607,মব কে ওয়েলকাম করবে দাদু,মব কে ওয়েলকাম করবে দাদু,4,0.2997060742096915
2 After Election,2_after_election,608,ফেসবুক থেকে প্রাপ্ত খবর,ফেসবুক থেকে প্রাপ্ত খবর,3,0.5999989390500157
2 After Election,2_after_election,609,Alhamdulliaj,alhamdulliaj,0,0.2
2 After Election,2_after_election,610,সারাদেশ থেকে ভোট চুরির খবর আসতেছে। আমার আর জান্নাতে যাওয়া হলো না,সারাদেশ থেকে ভোট চুরির খবর আসতেছে আমার আর জান্নাতে যাওয়া হলো না,3,0.6228570607979279
2 After Election,2_after_election,611,আপনাকে করবে,আপনাকে করবে,0,0.5962451086202109
2 After Election,2_after_election,612,ইনশাআল্লাহ দাদু,ইনশাআল্লাহ দাদু,0,0.4000359931056597
2 After Election,2_after_election,613,আলহহামদুলিল্লাহ,আলহহামদুলিল্লাহ,0,0.2
2 After Election,2_after_election,614,এই নির্বাচন আমি বিশ্বাস করিনা জামাতের এমন পরাজয় হতেই পারে না নির্বাচনে নেয় ও ইনসাফ এর পক্ষে হলো না এটি সর্বোচ্চ তদন্তর দাবি জানাই এবং কি ধরনের ব্যবস্থা নেয়া যায় সে ধরনের ব্যবস্থা নিতে হবে দ্রুত না হলে স্বৈরাচার আবার ফিরে আসবে। গোটা জাতির সাথে একটি বেইমানি করা হয়েছে। আগামীতে বাংলাদেশ অনেক বড় বিপদে পড়তে যাচ্ছে। জুলাই আন্দোলনের পরে জনগণ এত বড় ভুল করতে পারেনা।,এই নির্বাচন আমি বিশ্বাস করিনা জামাতের এমন পরাজয় হতেই পারে না নির্বাচনে নেয় ও ইনসাফ এর পক্ষে হলো না এটি সর্বোচ্চ তদন্তর দাবি জানাই এবং কি ধরনের ব্যবস্থা নেয়া যায় সে ধরনের ব্যবস্থা নিতে হবে দ্রুত না হলে স্বৈরাচার আবার ফিরে আসবে গোটা জাতির সাথে একটি বেইমানি করা হয়েছে আগামীতে বাংলাদেশ অনেক বড় বিপদে পড়তে যাচ্ছে জুলাই আন্দোলনের পরে জনগণ এত বড় ভুল করতে পারেনা,4,0.3957079622314712
2 After Election,2_after_election,615,আহারে পীর সাহেবের এবারেও আশা পূরণ হলো না!,আহারে পীর সাহেবের এবারেও আশা পূরণ হলো না,1,0.5103489036016113
2 After Election,2_after_election,616,"প্রিয় ভাই ও বোনেরা একটা জিনিস খেয়াল করে দেখেছেন আমরা এক একজন এক এক দলকে সাপোর্ট করি কিন্তু, ডক্টর ইউনুস সাহেব",প্রিয় ভাই ও বোনেরা একটা জিনিস খেয়াল করে দেখেছেন আমরা এক একজন এক এক দলকে সাপোর্ট করি কিন্তু ডক্টর ইউনুস সাহেব,2,0.48902849699003503
2 After Election,2_after_election,617,অন্তর্বর্তীকালীন সরকার কাকে সাপোর্ট করে তিনি কিসে ভোট দিয়েছেন সাধারণ জনগণ জানতে চাই কমেন্টের মাধ্যমে বলে যাবেন,অন্তর্বর্তীকালীন সরকার কাকে সাপোর্ট করে তিনি কিসে ভোট দিয়েছেন সাধারণ জনগণ জানতে চাই কমেন্টের মাধ্যমে বলে যাবেন,2,0.7910999691298394
2 After Election,2_after_election,618,ইনশাআল্লাহ্,ইনশাআল্লাহ্,0,0.5999995531898649
2 After Election,2_after_election,619,Vua news uncle,vua news uncle,0,0.5987368789913816
2 After Election,2_after_election,620,Nera bel tolai ekbar e jai.,nera bel tolai ekbar e jai,1,0.5999852758572558
2 After Election,2_after_election,621,Public r tut tut o kore na.,public r tut tut o kore na,1,0.7333316625286788
2 After Election,2_after_election,622,সারা দেশে খবর পাচ্ছি ধানের শীষের বিজয় নিশ্চিত,সারা দেশে খবর পাচ্ছি ধানের শীষের বিজয় নিশ্চিত,3,0.4867649446691389
2 After Election,2_after_election,623,"জামাতের বিপক্ষে যদি একটা কলাগাছও দাঁড়ায়, কলাগাছে ভোট দিয়ে আসুন..",জামাতের বিপক্ষে যদি একটা কলাগাছও দাঁড়ায় কলাগাছে ভোট দিয়ে আসুন,3,0.8361433810574832
2 After Election,2_after_election,624,ইনশাআল্লাহ।,ইনশাআল্লাহ,0,0.5999995531898649
2 After Election,2_after_election,625,ইতিহাস করে প্রধানমন্ত্রী হতে যাচ্ছে তারেক রহমান।,ইতিহাস করে প্রধানমন্ত্রী হতে যাচ্ছে তারেক রহমান,3,0.5666028038801142
2 After Election,2_after_election,626,ও মা কাকুর মন খারাপ কেন এতো টাকা দিয়েও ফুট্টুস,ও মা কাকুর মন খারাপ কেন এতো টাকা দিয়েও ফুট্টুস,1,0.3314187865256317
2 After Election,2_after_election,627,"তার মানে যে হারবে সে ফেসিবাদ, কথাটা মনে রাখলে ভালোই হতো।",তার মানে যে হারবে সে ফেসিবাদ কথাটা মনে রাখলে ভালোই হতো,4,0.8968462138755909
2 After Election,2_after_election,628,এই দেশে হাসিনাকে দরকার,এই দেশে হাসিনাকে দরকার,3,0.7222822139000782
2 After Election,2_after_election,629,Face'r ai obostha ka?,face r ai obostha ka,1,0.5999966793075872
2 After Election,2_after_election,630,যেসব মেয়েরা BNP জিতেগেসে বলে খুশি হচ্ছেন...,যেসব মেয়েরা bnp জিতেগেসে বলে খুশি হচ্ছেন,1,0.4388959439886047
2 After Election,2_after_election,631,"আগামীতে যদি মাঝরাস্তায় কোনো মেয়ের উপর ভাদ্র মাসের পাগলা কুকুরের মতো বিএনপির সোনার ছেলেরা ঝাঁপিয়ে পড়ে, যদি তাদের ইজ্জত নিয়ে ছিনিমিনি খেলা হয়, তবে আমি চোখ ফিরিয়ে নেব!",আগামীতে যদি মাঝরাস্তায় কোনো মেয়ের উপর ভাদ্র মাসের পাগলা কুকুরের মতো বিএনপির সোনার ছেলেরা ঝাঁপিয়ে পড়ে যদি তাদের ইজ্জত নিয়ে ছিনিমিনি খেলা হয় তবে আমি চোখ ফিরিয়ে নেব,2,0.5699205987448246
2 After Election,2_after_election,632,"ফুটপাথের কোন ক্ষুদ্র ব্যবসায়ী যদি চাঁদা দিতে দিতে নিঃস্ব হয়ে পথে বসে যায়, যদি তার শেষ সম্বলটুকুও কেড়ে নেওয়া হয়, তবে আমি মৌনতাকেই বেছে নেব!",ফুটপাথের কোন ক্ষুদ্র ব্যবসায়ী যদি চাঁদা দিতে দিতে নিঃস্ব হয়ে পথে বসে যায় যদি তার শেষ সম্বলটুকুও কেড়ে নেওয়া হয় তবে আমি মৌনতাকেই বেছে নেব,3,0.351689776968631
2 After Election,2_after_election,633,"বাপ-দাদার পৈতৃক সম্পত্তি কিংবা মাথা গোঁজার শেষ ঠাঁইটুকু যদি কোন বিএনপির নেতা গায়ের জোরে দখল করে নেয়, তবে আমি আমার নীরব অবস্থান বজায় রাখব!",বাপ দাদার পৈতৃক সম্পত্তি কিংবা মাথা গোঁজার শেষ ঠাঁইটুকু যদি কোন বিএনপির নেতা গায়ের জোরে দখল করে নেয় তবে আমি আমার নীরব অবস্থান বজায় রাখব,1,0.8158043848046987
2 After Election,2_after_election,634,"দেশের কোটি কোটি টাকা বিদেশে পাচার করে যদি নতুন নতুন বেগমপাড়া তৈরি হয় আর সেই প্রভাবে দ্রব্যমূল্য আকাশ ছুঁলে সাধারণ মানুষের নাভিশ্বাস ওঠে, তবে আমি এক পাশে বসে জুস খাব আর মানুষের হাহাকার দেখে পৈশা'চিক উল্লাস করব!",দেশের কোটি কোটি টাকা বিদেশে পাচার করে যদি নতুন নতুন বেগমপাড়া তৈরি হয় আর সেই প্রভাবে দ্রব্যমূল্য আকাশ ছুঁলে সাধারণ মানুষের নাভিশ্বাস ওঠে তবে আমি এক পাশে বসে জুস খাব আর মানুষের হাহাকার দেখে পৈশা চিক উল্লাস করব,3,0.9491887486311964
2 After Election,2_after_election,635,"ভিন্ন মতাদর্শের কারণে যদি কেউ ঘর থেকে বের হয়ে আর ফিরে না আসে, যদি কাউকে গু'ম বা খু'ন করা হয়, তবে আমার আইডিতে তার জন্য একটি শোকবার্তাও পাবেন না!",ভিন্ন মতাদর্শের কারণে যদি কেউ ঘর থেকে বের হয়ে আর ফিরে না আসে যদি কাউকে গু ম বা খু ন করা হয় তবে আমার আইডিতে তার জন্য একটি শোকবার্তাও পাবেন না,4,0.7253487804881472
2 After Election,2_after_election,636,"হিজাব-নিকাবকে প'তিতাদের ড্রেস বলা, ধর্মের জন্য ইসলাম ক্ষতিকর, চার বিয়ের জন্য মেয়েদের অনুমতি চাওয়া, এমনকি চার খলিফাদের চেয়েও তাদের দলের তথাকথিত কোন রাজনৈতিক নেতাকে বড় বানানোর কেউ স্প'র্ধা দেখালেও আমি আজ থেকে চুপ থাকব!",হিজাব নিকাবকে প তিতাদের ড্রেস বলা ধর্মের জন্য ইসলাম ক্ষতিকর চার বিয়ের জন্য মেয়েদের অনুমতি চাওয়া এমনকি চার খলিফাদের চেয়েও তাদের দলের তথাকথিত কোন রাজনৈতিক নেতাকে বড় বানানোর কেউ স্প র্ধা দেখালেও আমি আজ থেকে চুপ থাকব,0,0.5412054591978651
2 After Election,2_after_election,637,"কারণ আমি বুঝে গেছি - যে জাতি নিজেই গোলামির জিঞ্জির পরতে ভালোবাসে তাদের স্বাধীনতার সুফল বোঝানো বোকামি। যে জাতি ধ্বংসের কিনারে দাঁড়িয়েও হাততালি দেয়, তাদের জন্য নীতি কথা বলা কিংবা দেশের মঙ্গল চাওয়া নিছক সময় নষ্ট!",কারণ আমি বুঝে গেছি যে জাতি নিজেই গোলামির জিঞ্জির পরতে ভালোবাসে তাদের স্বাধীনতার সুফল বোঝানো বোকামি যে জাতি ধ্বংসের কিনারে দাঁড়িয়েও হাততালি দেয় তাদের জন্য নীতি কথা বলা কিংবা দেশের মঙ্গল চাওয়া নিছক সময় নষ্ট,3,0.8397660496323106
2 After Election,2_after_election,638,"আজ থেকে আমি মুক্ত, আজ থেকে আমি চরম উদাসীন। দেশের চলমান সহিং'সতা কিংবা রাজনীতি নিয়ে এটাই আমার শেষ পোস্ট। আপনাদের নরক আপনারা নিজেরাই সাজিয়ে নিন!",আজ থেকে আমি মুক্ত আজ থেকে আমি চরম উদাসীন দেশের চলমান সহিং সতা কিংবা রাজনীতি নিয়ে এটাই আমার শেষ পোস্ট আপনাদের নরক আপনারা নিজেরাই সাজিয়ে নিন,3,0.7245128645703269
2 After Election,2_after_election,640,"নিশ্চয়ই আল্লাহ কোনো জাতির অবস্থা পরিবর্তন করেন না, যতক্ষণ না তারা নিজেদের অবস্থা নিজেরা পরিবর্তন করে। (সূরা আর-রা'দ : ১১)",নিশ্চয়ই আল্লাহ কোনো জাতির অবস্থা পরিবর্তন করেন না যতক্ষণ না তারা নিজেদের অবস্থা নিজেরা পরিবর্তন করে সূরা আর রা দ,3,0.5910864583437122
2 After Election,2_after_election,641,ক্ষুদ্র লেখক......!,ক্ষুদ্র লেখক,0,0.2
2 After Election,2_after_election,642,মোঃ জাকারিয়া!...,মোঃ জাকারিয়া,3,0.5990889950024537
2 After Election,2_after_election,643,সাদা শকুনের চেহারা দেখি কালো হইয়া গেলো,সাদা শকুনের চেহারা দেখি কালো হইয়া গেলো,1,0.3974601692817805
2 After Election,2_after_election,644,"কথা সত্য, তয় দাদু নতুন ফ‍্যাসিবাদ দেখতে আয়নাতে দেখুন।",কথা সত্য তয় দাদু নতুন ফ্যাসিবাদ দেখতে আয়নাতে দেখুন,3,0.8646180660508361
2 After Election,2_after_election,645,আজকে আমার মন খারাপ,আজকে আমার মন খারাপ,4,0.5341387878031542
2 After Election,2_after_election,646,কাকু ডরাইয়ে,কাকু ডরাইয়ে,3,0.5999984332799876
2 After Election,2_after_election,647,"জলদি পালা,না পিটার চাম একটাও থাকবেনা",জলদি পালা না পিটার চাম একটাও থাকবেনা,2,0.5982615122174718
2 After Election,2_after_election,648,কথায় বলে বৃক্ষ তোমার নাম কি যেমন ফলে পরিচয় ঠিক তেমনি বোঝা যায় আমির সাহেব আপনার অবস্থা কি পরিস্থিতিতে বোঝা যায় পারাজয়,কথায় বলে বৃক্ষ তোমার নাম কি যেমন ফলে পরিচয় ঠিক তেমনি বোঝা যায় আমির সাহেব আপনার অবস্থা কি পরিস্থিতিতে বোঝা যায় পারাজয়,4,0.4725824890116827
2 After Election,2_after_election,649,দাদুর মন খারাপ,দাদুর মন খারাপ,4,0.5501340928086893
2 After Election,2_after_election,650,সুদলিং পং,সুদলিং পং,0,0.5992699214366534
2 After Election,2_after_election,651,চেহারায় হতাশা কেন?,চেহারায় হতাশা কেন,3,0.5985379778910415
2 After Election,2_after_election,652,এখনো ভোট হওয়ার বাকি আছেনি,এখনো ভোট হওয়ার বাকি আছেনি,0,0.8377457544225932
2 After Election,2_after_election,653,হিংসা দিয়ে শুরু তারা করবে ইনসাফ আজ পর্যন্ত একটা ভালো কথা শুনি নি এনার মুখ থেকে,হিংসা দিয়ে শুরু তারা করবে ইনসাফ আজ পর্যন্ত একটা ভালো কথা শুনি নি এনার মুখ থেকে,2,0.5675097863113808
2 After Election,2_after_election,654,হুম তারা তোমাকে প্রধানমন্ত্রী হিসেবে দেখতে চায়,হুম তারা তোমাকে প্রধানমন্ত্রী হিসেবে দেখতে চায়,3,0.6365404604620092
2 After Election,2_after_election,655,জিন্দা উলি বলে কথা,জিন্দা উলি বলে কথা,2,0.5983132535787954
2 After Election,2_after_election,656,এটা কি আনোয়ার টিভির খবর নাকি,এটা কি আনোয়ার টিভির খবর নাকি,3,0.7327343913032578
2 After Election,2_after_election,657,দাদু সত্যি কথা বলেছে,দাদু সত্যি কথা বলেছে,1,0.7972397181109685
2 After Election,2_after_election,658,"সিলেট ১,,,,",সিলেট,3,0.5999754510274641
2 After Election,2_after_election,659,Kintu vai ajketo 14 tarikh,kintu vai ajketo tarikh,1,0.7333269513787506
2 After Election,2_after_election,660,"সিলেট ৫এ, খেলাফত জামাতের জুটে বেসরকারিভাবে দেয়াল ঘড়ি পাস",সিলেট এ খেলাফত জামাতের জুটে বেসরকারিভাবে দেয়াল ঘড়ি পাস,3,0.7995481043689631
2 After Election,2_after_election,661,ইনসাআল্লাহ্,ইনসাআল্লাহ্,0,0.2
2 After Election,2_after_election,662,Jamat a Munafek,jamat a munafek,1,0.5999941970191479
2 After Election,2_after_election,663,বাবালে,বাবালে,0,0.2
2 After Election,2_after_election,664,Insaallha,insaallha,0,0.2
2 After Election,2_after_election,665,তাহলে কি আপনাকে করবে,তাহলে কি আপনাকে করবে,3,0.7299460252827018
2 After Election,2_after_election,666,চাচা আপনাকে নতুন বউ এর মতো লাগছে,চাচা আপনাকে নতুন বউ এর মতো লাগছে,3,0.5896781786770641
2 After Election,2_after_election,667,মানতে কষ্ট হচ্ছে,মানতে কষ্ট হচ্ছে,2,0.4008078647180545
2 After Election,2_after_election,668,তুরা তু নতুন,তুরা তু নতুন,3,0.5988583060259369
2 After Election,2_after_election,669,নির্বাচনের দিনে তাদের আমলনামা,নির্বাচনের দিনে তাদের আমলনামা,2,0.7332248405589001
2 After Election,2_after_election,670,ইনশাআল্লাহ জিতবে এবার দাঁড়িপাল্লা,ইনশাআল্লাহ জিতবে এবার দাঁড়িপাল্লা,0,0.8391842960959879
2 After Election,2_after_election,671,সাদা শকুন তোর আশায় ঘুরে বালি,সাদা শকুন তোর আশায় ঘুরে বালি,4,0.8657613545324998
2 After Election,2_after_election,672,মাসআল্লাহ সুন্দর কথা আমরাও তাই বলতেছি,মাসআল্লাহ সুন্দর কথা আমরাও তাই বলতেছি,3,0.3997497261353086
2 After Election,2_after_election,673,ধানের শীষ ইনশাআল্লাহ,ধানের শীষ ইনশাআল্লাহ,0,0.5458262253726112
2 After Election,2_after_election,674,Caharai monafek er chap,caharai monafek er chap,1,0.5999956218929777
2 After Election,2_after_election,675,"চুম্মু শফিক এখনো পিনিকে আছে, কেউ ওরে লেবু খাওয়া",চুম্মু শফিক এখনো পিনিকে আছে কেউ ওরে লেবু খাওয়া,3,0.839257149242357
2 After Election,2_after_election,676,Md Mosarof Hossen Akash খাম্বা সাহেব অনেক পিছিয়ে ঢাকা-১৭ আসনে,md mosarof hossen akash খাম্বা সাহেব অনেক পিছিয়ে ঢাকা আসনে,3,0.6992611742104028
2 After Election,2_after_election,677,ভাই এটা কি সুস্থ ভোট বলে? লাস্ট ১ ঘন্টা,ভাই এটা কি সুস্থ ভোট বলে লাস্ট ঘন্টা,2,0.8391691360659735
2 After Election,2_after_election,678,"কেন্দ্র দখল ' ঝাল ভোট, এজেন্ট বাহির করে দেয়া",কেন্দ্র দখল ঝাল ভোট এজেন্ট বাহির করে দেয়া,0,0.8372268865797221
2 After Election,2_after_election,679,- এটা কি ইসলামি শরিয়ত?,এটা কি ইসলামি শরিয়ত,0,0.2
2 After Election,2_after_election,680,insah Allah,insah allah,3,0.5999966909139066
2 After Election,2_after_election,681,Jahahhahabahafgshdbgejxysjgdhsts,jahahhahabahafgshdbgejxysjgdhsts,0,0.2
2 After Election,2_after_election,682,ঠিক বলেছেন হুজুর,ঠিক বলেছেন হুজুর,1,0.4572123401981241
2 After Election,2_after_election,683,Apne ready oukka,apne ready oukka,0,0.2
2 After Election,2_after_election,684,"সাবধান, কথা কম,",সাবধান কথা কম,4,0.5999958568619077
2 After Election,2_after_election,685,সাধু সাধু,সাধু সাধু,0,0.2
2 After Election,2_after_election,686,ইনশাআল্লাহ চিন্তা করিয়েন না,ইনশাআল্লাহ চিন্তা করিয়েন না,0,0.40022935418451006
2 After Election,2_after_election,687,ড. ইউনূস কে পরবর্তী রাষ্ট্রপ্রতি হিসেবে দেখতে চাই।,ড ইউনূস কে পরবর্তী রাষ্ট্রপ্রতি হিসেবে দেখতে চাই,3,0.8665651648702392
2 After Election,2_after_election,688,আমার সাথে কে কে সহমত,আমার সাথে কে কে সহমত,2,0.5999910295813788
2 After Election,2_after_election,689,চেয়ারার এ অবস্থা কা,চেয়ারার এ অবস্থা কা,3,0.5989662504877505
2 After Election,2_after_election,690,ইনশাআল্লাহ। দাদু ওয়েলকাম।,ইনশাআল্লাহ দাদু ওয়েলকাম,0,0.5482075930827681
2 After Election,2_after_election,691,বাংলার জনগন ওয়েলকাম না করলে ভোট দিছে কেনো,বাংলার জনগন ওয়েলকাম না করলে ভোট দিছে কেনো,0,0.8973135186371359
2 After Election,2_after_election,692,cumilla - 3 কায়কোবাদ দাদা ভাই,cumilla কায়কোবাদ দাদা ভাই,2,0.7315444374368555
2 After Election,2_after_election,693,ধানের শিষের বিজয় ৬ বার এমপি হবেন,ধানের শিষের বিজয় বার এমপি হবেন,0,0.866333203539769
2 After Election,2_after_election,694,ধানের শীষ বিজয় হবে ইনশাআল্লাহ,ধানের শীষ বিজয় হবে ইনশাআল্লাহ,0,0.6380567054104385
2 After Election,2_after_election,695,বাংলাদেশ এগুলো চলে না জনাব,বাংলাদেশ এগুলো চলে না জনাব,2,0.8389666536866924
2 After Election,2_after_election,696,আল্লাহ উত্তম পরিকল্পনাকারী,আল্লাহ উত্তম পরিকল্পনাকারী,2,0.7300774491038612
2 After Election,2_after_election,697,Ins Allah,ins allah,3,0.5999966909139066
2 After Election,2_after_election,698,টিভিতে বিএনপি বিজয়ী,টিভিতে বিএনপি বিজয়ী,0,0.7315229489443206
2 After Election,2_after_election,699,ফেসবুকে জামাত বিজয়ী!,ফেসবুকে জামাত বিজয়ী,0,0.7999683321633357
2 After Election,2_after_election,700,"মহান সৃস্টি কর্তার পরিকল্পনার বাহিরে কিছু হবে না,,,?",মহান সৃস্টি কর্তার পরিকল্পনার বাহিরে কিছু হবে না,1,0.730390953799535
2 After Election,2_after_election,701,"BNP যদি সত্যিই জনগণের দল হতো, ভোটের ফল engineering ছাড়া ঠিক হতো। বাস্তবতা অন্য কথা বলে, প্রতি আসনেই ‘ম্যাজিক’ চলছে। মিডিয়াও তাদের রঙ বদলায়, প্রশাসন এবং নির্বাচন কমিশন নিরপেক্ষতা বজায় রাখেনি। BAL বা BNP, বাস্তবতা একই।",bnp যদি সত্যিই জনগণের দল হতো ভোটের ফল engineering ছাড়া ঠিক হতো বাস্তবতা অন্য কথা বলে প্রতি আসনেই ম্যাজিক চলছে মিডিয়াও তাদের রঙ বদলায় প্রশাসন এবং নির্বাচন কমিশন নিরপেক্ষতা বজায় রাখেনি bal বা bnp বাস্তবতা একই,2,0.3832274666080216
2 After Election,2_after_election,702,ইনশাআল্লাহ দাড়িপাল্লা জিতবে,ইনশাআল্লাহ দাড়িপাল্লা জিতবে,0,0.7999675841877569
2 After Election,2_after_election,703,সারা বাংলাদেশ থেকে ওহী নাজিল কি বট বাহিনী করল?,সারা বাংলাদেশ থেকে ওহী নাজিল কি বট বাহিনী করল,3,0.8375339873708546
2 After Election,2_after_election,704,Insha allah darilalla,insha allah darilalla,3,0.7333290049564236
2 After Election,2_after_election,705,ইনশাআল্লাহ আল্লাহ র সাহায্য অতি নিকটে,ইনশাআল্লাহ আল্লাহ র সাহায্য অতি নিকটে,0,0.8389223444714843
2 After Election,2_after_election,706,Sobai pir baba na....,sobai pir baba na,1,0.40089423749063735
2 After Election,2_after_election,707,শফিক দাদু মাথা ঠিক আছে,শফিক দাদু মাথা ঠিক আছে,1,0.5146640677305847
2 After Election,2_after_election,708,1971 ar protikkriya,ar protikkriya,1,0.599993588386757
2 After Election,2_after_election,709,ইনশাআল্লাহ দাড়ি পাল্লার বিজয় হবে,ইনশাআল্লাহ দাড়ি পাল্লার বিজয় হবে,0,0.6404193836099252
2 After Election,2_after_election,710,apni actor Bhalo Manush Karbonn,apni actor bhalo manush karbonn,2,0.40003463581437365
2 After Election,2_after_election,711,সত্যি কথা এবার বিজয় বি এন পির,সত্যি কথা এবার বিজয় বি এন পির,0,0.8644059035916959
2 After Election,2_after_election,712,সবার আগে বাংলাদেশ,সবার আগে বাংলাদেশ,2,0.5985177707977918
2 After Election,2_after_election,713,"দেশ ও জনগণের মঙ্গল হোক, সুশাসন প্রতিষ্ঠিত হোক, আর প্রতিটি নাগরিকের ভাগ্য বদলাক—এই কামনা করি।",দেশ ও জনগণের মঙ্গল হোক সুশাসন প্রতিষ্ঠিত হোক আর প্রতিটি নাগরিকের ভাগ্য বদলাক এই কামনা করি,2,0.9326952269984378
2 After Election,2_after_election,714,জামাত ইসলামের বিজয় সুনিশ্চিত ইনশাআল্লাহ।,জামাত ইসলামের বিজয় সুনিশ্চিত ইনশাআল্লাহ,0,0.8665480139091627
2 After Election,2_after_election,715,লন্ডনীমুফতির দিন শেষ,লন্ডনীমুফতির দিন শেষ,3,0.5999993300849814
2 After Election,2_after_election,716,দাঁড়িপাল্লার বাংলাদেশ,দাঁড়িপাল্লার বাংলাদেশ,0,0.3999321436979813
2 After Election,2_after_election,717,তারেক রহমান ৪৪৫ ভোট,তারেক রহমান ভোট,3,0.7942931855923134
2 After Election,2_after_election,718,জাশি: ২৫২,জাশি,0,0.2
2 After Election,2_after_election,719,গুলশান মডেল স্কুল কেন্দ্রের ফলাফল,গুলশান মডেল স্কুল কেন্দ্রের ফলাফল,2,0.7333283512877349
2 After Election,2_after_election,720,Rajakar re krbe,rajakar re krbe,1,0.40021660714183255
2 After Election,2_after_election,722,"“বলুন, সত্য এসেছে এবং মিথ্যা বিলুপ্ত হয়েছে; নিশ্চয়ই মিথ্যা বিলুপ্ত হওয়ারই ছিল।”",বলুন সত্য এসেছে এবং মিথ্যা বিলুপ্ত হয়েছে নিশ্চয়ই মিথ্যা বিলুপ্ত হওয়ারই ছিল,4,0.8651515079008997
2 After Election,2_after_election,723,(সূরা আল-ইসরা ১৭:৮১),সূরা আল ইসরা,3,0.5979697398158511
2 After Election,2_after_election,724,নতুন ভোরের অপেক্ষায় পুরো জাতি—,নতুন ভোরের অপেক্ষায় পুরো জাতি,3,0.8392669275873242
2 After Election,2_after_election,725,"দৃঢ় ঈমান, ঐক্য ও তাওয়াক্কুল নিয়ে।",দৃঢ় ঈমান ঐক্য ও তাওয়াক্কুল নিয়ে,0,0.5940571447480495
2 After Election,2_after_election,726,"ইনশাআল্লাহ, সত্যই বিজয়ী হবে",ইনশাআল্লাহ সত্যই বিজয়ী হবে,0,0.7333289626694942
2 After Election,2_after_election,727,Tik e suna San apnadar din sas,tik e suna san apnadar din sas,1,0.5999883883087384
2 After Election,2_after_election,728,খুব কষ্ট হয়,খুব কষ্ট হয়,2,0.5999947206241756
2 After Election,2_after_election,729,আমরা নিজেকেই মেনে নিতে পারছি না,আমরা নিজেকেই মেনে নিতে পারছি না,2,0.7996269136194515
2 After Election,2_after_election,730,আমরা এমন সংবাদের জন্য কখনোই প্রস্তুত ছিলাম না,আমরা এমন সংবাদের জন্য কখনোই প্রস্তুত ছিলাম না,0,0.7929980613437536
2 After Election,2_after_election,731,ইনশাআল্লাহ দারিপাল্লা,ইনশাআল্লাহ দারিপাল্লা,0,0.5999995531898649
2 After Election,2_after_election,732,"যদি ১৩ তারিখ ঘুম থেকে উঠে দেখি ডক্টর শফিকুর রহমান প্রধানমন্ত্রী, তাহলে সেই ১৩ তারিখেই হবে আমার জীবনের সব থেকে খুশির দিন।",যদি তারিখ ঘুম থেকে উঠে দেখি ডক্টর শফিকুর রহমান প্রধানমন্ত্রী তাহলে সেই তারিখেই হবে আমার জীবনের সব থেকে খুশির দিন,3,0.9269869796508383
2 After Election,2_after_election,733,"আপনার কথা সত্যি হয়েছে । এখন ভেবে দেখুন , কারা নতুন ফ্যাসিবাদের রুপ ধারন করেছিল ।",আপনার কথা সত্যি হয়েছে এখন ভেবে দেখুন কারা নতুন ফ্যাসিবাদের রুপ ধারন করেছিল,3,0.5962266034573279
2 After Election,2_after_election,734,"সব প্রশাসন (পুলিশ, সেনাবাহিনী) এর খেলা। নামে মাত্র ভোট হয়েছে দেখানোর জন্য",সব প্রশাসন পুলিশ সেনাবাহিনী এর খেলা নামে মাত্র ভোট হয়েছে দেখানোর জন্য,2,0.8843568414420725
2 After Election,2_after_election,735,ইনশায়াল্লাহ বিজয় সন্নকটে।,ইনশায়াল্লাহ বিজয় সন্নকটে,0,0.5999989182344796
2 After Election,2_after_election,736,"১ লক্ষ বট আইডি আছে,,, কিন্তু মাঠে তো কাজে আসবে না,, ফেইসবুক ছাড়া।",লক্ষ বট আইডি আছে কিন্তু মাঠে তো কাজে আসবে না ফেইসবুক ছাড়া,3,0.46159460720172385
2 After Election,2_after_election,737,ডাকা ১৫ থেকে জে খবর পাইতেছি তারে আরো একবার জামানত বাজেয়াপ্ত পথে একজন মোনাফেক,ডাকা থেকে জে খবর পাইতেছি তারে আরো একবার জামানত বাজেয়াপ্ত পথে একজন মোনাফেক,4,0.7900794475409073
2 After Election,2_after_election,738,"ফেইল মারছেন দাদু,,",ফেইল মারছেন দাদু,1,0.7297098674898529
2 After Election,2_after_election,739,সারা বাংলাদেশের দাড়িপাল্লার জোয়ার,সারা বাংলাদেশের দাড়িপাল্লার জোয়ার,3,0.7977039063543798
2 After Election,2_after_election,740,কোনো কথা হবে না সুদু দাঁড়িপাল্লা ইংসআল্লাহ,কোনো কথা হবে না সুদু দাঁড়িপাল্লা ইংসআল্লাহ,0,0.7320428580840163
2 After Election,2_after_election,741,Jonogon e to bhot dilo re buira,jonogon e to bhot dilo re buira,1,0.5500833985435961
2 After Election,2_after_election,742,পাগলের সুখ মনে মনে কাগজ উড়িয়ে টাকা গুনে,পাগলের সুখ মনে মনে কাগজ উড়িয়ে টাকা গুনে,0,0.8638366814264417
2 After Election,2_after_election,743,ইনশাআল্লাহ ধানের শীষের বিজয় নিশ্চিত।,ইনশাআল্লাহ ধানের শীষের বিজয় নিশ্চিত,0,0.866580333442764
2 After Election,2_after_election,744,হে জনগণ আপনাকে ওয়েলকাম করবে,হে জনগণ আপনাকে ওয়েলকাম করবে,0,0.8381909642655504
2 After Election,2_after_election,745,Sopno kom deken dada,sopno kom deken dada,0,0.2
2 After Election,2_after_election,746,করেউ নাই,করেউ নাই,2,0.5995486257472465
2 After Election,2_after_election,747,পরাজিত হয়ে মাথা ঠিক নাই নাকি,পরাজিত হয়ে মাথা ঠিক নাই নাকি,4,0.6952671964930448
2 After Election,2_after_election,748,হাহাহাহাহাহাহাহা,হাহাহাহাহাহাহাহা,0,0.2
2 After Election,2_after_election,749,Apnar chopa ses,apnar chopa ses,0,0.2
2 After Election,2_after_election,750,Doya kore apni cup thaken,doya kore apni cup thaken,1,0.40026655227484365
2 After Election,2_after_election,751,ফেরেশতা রূপে মাঝেমধ্যে কিছু শয়তান আমাদের সামনে আছে,ফেরেশতা রূপে মাঝেমধ্যে কিছু শয়তান আমাদের সামনে আছে,4,0.7997155232690635
2 After Election,2_after_election,752,Inshaallah,inshaallah,1,0.5999916218342304
2 After Election,2_after_election,753,আলহামদুলিল্লাহ মহান আল্লাহ তায়ালা আপনার মুখ উজ্জ্বল করুক আমীন,আলহামদুলিল্লাহ মহান আল্লাহ তায়ালা আপনার মুখ উজ্জ্বল করুক আমীন,2,0.6180678807002423
2 After Election,2_after_election,754,চাঁন তারা উপরেই থাকুক,চাঁন তারা উপরেই থাকুক,0,0.2
2 After Election,2_after_election,755,ধানের শীষ জিতে যাউক,ধানের শীষ জিতে যাউক,2,0.5746482786937818
2 After Election,2_after_election,756,৭১ রক্ষা পাউক,রক্ষা পাউক,3,0.5968615738631186
2 After Election,2_after_election,757,"যখন আসবে আল্লাহর সাহায্য ও বিজয়,",যখন আসবে আল্লাহর সাহায্য ও বিজয়,0,0.8396494740901751
2 After Election,2_after_election,758,"২. এবং আপনি মানুষকে দলে দলে আল্লাহর দ্বীনে প্রবেশ করতে দেখবেন,",এবং আপনি মানুষকে দলে দলে আল্লাহর দ্বীনে প্রবেশ করতে দেখবেন,4,0.6456943667162278
2 After Election,2_after_election,759,৩. তখন আপনি আপনার পালনকর্তার সপ্রশংস পবিত্রতা ঘোষণা করুন এবং তাঁর কাছে ক্ষমা প্রার্থনা করুন; নিশ্চয় তিনি তওবা কবুলকারী।- সূরা নাসর,তখন আপনি আপনার পালনকর্তার সপ্রশংস পবিত্রতা ঘোষণা করুন এবং তাঁর কাছে ক্ষমা প্রার্থনা করুন নিশ্চয় তিনি তওবা কবুলকারী সূরা নাসর,1,0.8984954525657596
2 After Election,2_after_election,760,মুরুব্বী মুরুব্বী ও ও,মুরুব্বী মুরুব্বী ও ও,1,0.7333276922117786
2 After Election,2_after_election,761,"Inshaallah Dari-Palla Bijoy habe Amin &Jamat Jot Bijoy have Amin, R Jamat Jot Bangladesher sharker gathon karbe Inshaallah Bangladesher shakol Janogan Alhamdulillah",inshaallah dari palla bijoy habe amin jamat jot bijoy have amin r jamat jot bangladesher sharker gathon karbe inshaallah bangladesher shakol janogan alhamdulillah,1,0.6002512800533578
2 After Election,2_after_election,762,Dhormo Babsahai,dhormo babsahai,0,0.2
2 After Election,2_after_election,763,সাবধান নিউজ ২৪,সাবধান নিউজ,3,0.599996721242542
2 After Election,2_after_election,764,দাদু আপনার খবর টা জানাবেন কি,দাদু আপনার খবর টা জানাবেন কি,3,0.7984342982104669
2 After Election,2_after_election,765,আফসোস,আফসোস,0,0.2
2 After Election,2_after_election,766,দাদুর মন খারাপ কেনো,দাদুর মন খারাপ কেনো,4,0.6401761387996838
2 After Election,2_after_election,767,এত আগেই জয় পেয়ে গেলেন?,এত আগেই জয় পেয়ে গেলেন,4,0.8637477703988828
2 After Election,2_after_election,768,Alhamdulilla,alhamdulilla,0,0.2
2 After Election,2_after_election,769,ইংশা আল্লাহ সত্যের জয় হবেই,ইংশা আল্লাহ সত্যের জয় হবেই,0,0.8396356531782476
2 After Election,2_after_election,770,Alhamdulilah,alhamdulilah,0,0.2
2 After Election,2_after_election,771,কি বলছো এ দাদু,কি বলছো এ দাদু,3,0.5985166167052992
2 After Election,2_after_election,772,সেটাই,সেটাই,0,0.5999894450621396
2 After Election,2_after_election,773,সে কি নিজেকে ফ্যাসিস্ট বললো.?,সে কি নিজেকে ফ্যাসিস্ট বললো,0,0.7972216542082374
2 After Election,2_after_election,774,তার কথায় প্রতিহিংসা কাজ করছে,তার কথায় প্রতিহিংসা কাজ করছে,1,0.41073152640693283
2 After Election,2_after_election,775,Daripalla,daripalla,0,0.2
2 After Election,2_after_election,776,Ore ki bole re,ore ki bole re,1,0.8381171819991353
2 After Election,2_after_election,777,Ami jodi vai 13 Date ghum theke uthe shuni Tarek Rahman precedent of our Bangladesh Our home and City Eid Well Come Ok,ami jodi vai date ghum theke uthe shuni tarek rahman precedent of our bangladesh our home and city eid well come ok,3,0.5186737528691073
2 After Election,2_after_election,778,আলহামদুলিল্লাহ শুভ কামনা করি,আলহামদুলিল্লাহ শুভ কামনা করি,2,0.839771890510395
2 After Election,2_after_election,779,ইনশাআল্লাহ জিতবে এবার দাঁড়িপাল্লা,ইনশাআল্লাহ জিতবে এবার দাঁড়িপাল্লা,0,0.8391842960959879
2 After Election,2_after_election,780,"ইনশা আল্লাহ দাঁড়িপাল্লার জয় নিশ্চিত,,",ইনশা আল্লাহ দাঁড়িপাল্লার জয় নিশ্চিত,0,0.6759793271471743
2 After Election,2_after_election,781,আমরা যে খবর পাচ্ছি দশটা সিট ও পাবা না,আমরা যে খবর পাচ্ছি দশটা সিট ও পাবা না,3,0.7999963091934869
2 After Election,2_after_election,782,Sonar ai Banglai rajakar tai ney,sonar ai banglai rajakar tai ney,1,0.5504853127097044
2 After Election,2_after_election,783,ঈদ মোবারক,ঈদ মোবারক,2,0.7333257229507505
2 After Election,2_after_election,784,হুম সেই জন্যই আল্লাহ বি.এন.পি-কে ক্ষমতায় বসাবেন।,হুম সেই জন্যই আল্লাহ বি এন পি কে ক্ষমতায় বসাবেন,0,0.6518560735635811
2 After Election,2_after_election,785,কাজ হবে না ওস্তাদ,কাজ হবে না ওস্তাদ,1,0.5973055742661263
2 After Election,2_after_election,786,"যতোটুকু খবর পেলাম বিএনপির মানুষজন জয়ের আশা নিয়ে মাঠে আছে আর জামাতে লোকজন হতাশ হয়ে ফেসবুকে খবর দেখছে যে, কোথায় কি হলো",যতোটুকু খবর পেলাম বিএনপির মানুষজন জয়ের আশা নিয়ে মাঠে আছে আর জামাতে লোকজন হতাশ হয়ে ফেসবুকে খবর দেখছে যে কোথায় কি হলো,3,0.4495270406723878
2 After Election,2_after_election,787,এত খবর কেডা দেয়?,এত খবর কেডা দেয়,3,0.7987188733657687
2 After Election,2_after_election,788,হাস্যকর,হাস্যকর,0,0.5999951637798662
2 After Election,2_after_election,789,অপেক্ষা করো,অপেক্ষা করো,2,0.7323179372931796
2 After Election,2_after_election,790,সাদা শকুন,সাদা শকুন,4,0.7333320596899077
2 After Election,2_after_election,791,কালো হাতের থাবা ঘুড়িয়ে দিতে হবে বিজয়ের মার্কা দাঁড়িপাল্লা মার্কা ইনশাআল্লাহ,কালো হাতের থাবা ঘুড়িয়ে দিতে হবে বিজয়ের মার্কা দাঁড়িপাল্লা মার্কা ইনশাআল্লাহ,0,0.9105184756031522
2 After Election,2_after_election,792,বট কট,বট কট,1,0.732204533875014
2 After Election,2_after_election,793,ভোট দিতেই তো দিচ্ছে না,ভোট দিতেই তো দিচ্ছে না,4,0.7291066884305853
2 After Election,2_after_election,794,তাহলে আপনি আর হতে পারলেন না দাদো,তাহলে আপনি আর হতে পারলেন না দাদো,3,0.7295099686530654
2 After Election,2_after_election,795,আল্লাহু আকবার,আল্লাহু আকবার,0,0.2
2 After Election,2_after_election,796,“নাসরুম মিনাল্লাহি ওয়া ফাতহুন কারীব”—আল্লাহর সাহায্য ও বিজয় সন্নিকটে। ইনশাআল্লাহ।,নাসরুম মিনাল্লাহি ওয়া ফাতহুন কারীব আল্লাহর সাহায্য ও বিজয় সন্নিকটে ইনশাআল্লাহ,0,0.8665467858349242
2 After Election,2_after_election,797,"থাউক কাক্কু আগে কথাবার্তা শিক্ষা নিন চেহারা একটু মলিন করে কথা বলুন, এবং তুই তামারি কম বলেন কাক্কু। ধানের শীষ ইনশাআল্লাহ",থাউক কাক্কু আগে কথাবার্তা শিক্ষা নিন চেহারা একটু মলিন করে কথা বলুন এবং তুই তামারি কম বলেন কাক্কু ধানের শীষ ইনশাআল্লাহ,2,0.2993081031183751
2 After Election,2_after_election,798,একটু পরে আপনি নিজেই ওয়েলকাম করবেন।,একটু পরে আপনি নিজেই ওয়েলকাম করবেন,2,0.5348222574694108
2 After Election,2_after_election,799,রাখ তুর ওয়েল কাম,রাখ তুর ওয়েল কাম,0,0.5999955695014829
2 After Election,2_after_election,800,জনতার রায়কে আটকে দিলো মিডিয়া আর ডিপ স্টেট সাব্বাস,জনতার রায়কে আটকে দিলো মিডিয়া আর ডিপ স্টেট সাব্বাস,1,0.8383743413206204
2 After Election,2_after_election,801,দাদু কেউ একটু ভীয়ার খাওন।,দাদু কেউ একটু ভীয়ার খাওন,4,0.4714951146013811
2 After Election,2_after_election,802,খবর নিয়ে থাকেন,খবর নিয়ে থাকেন,3,0.7987774214989551
2 After Election,2_after_election,803,Kotha thik,kotha thik,1,0.7333303220940316
2 After Election,2_after_election,804,অভিযোগ,অভিযোগ,4,0.5974687812521462
2 After Election,2_after_election,805,"ঢাকা - ৫ যাত্রাবাড়ীর, শহিদ জিয়া স্কুল এবং ধলপুর কমিউনিটি সেন্টার গেইট ভোট কেন্দ্রর চার পাশে সকাল থেকে ১৫০-২০০+ পোলাপান আনা গোনা দেখা যাচ্ছে।",ঢাকা যাত্রাবাড়ীর শহিদ জিয়া স্কুল এবং ধলপুর কমিউনিটি সেন্টার গেইট ভোট কেন্দ্রর চার পাশে সকাল থেকে পোলাপান আনা গোনা দেখা যাচ্ছে,0,0.4304404078593297
2 After Election,2_after_election,806,যখন কেউ ভোট দিতে যায় তাদের স্লিপ চায় এবং ভোট দিয়ে আসার সময়ও রাস্তায় ধরে বলে কারে ভোট দিছেন। আমার মনে হয় যারা ভোট দিবে তারাও খুব আতংকের মধ্যে থাকে ভোট দিব কি দিব না। একটা ভয় কাজ করে কেউ কেউ যেতেই চাবে না। আর গেলেও ওদের এভাবে আনাগোনা ফোর্স কাজ করলে ভোট না দিয়েই ফিরে আসবে।,যখন কেউ ভোট দিতে যায় তাদের স্লিপ চায় এবং ভোট দিয়ে আসার সময়ও রাস্তায় ধরে বলে কারে ভোট দিছেন আমার মনে হয় যারা ভোট দিবে তারাও খুব আতংকের মধ্যে থাকে ভোট দিব কি দিব না একটা ভয় কাজ করে কেউ কেউ যেতেই চাবে না আর গেলেও ওদের এভাবে আনাগোনা ফোর্স কাজ করলে ভোট না দিয়েই ফিরে আসবে,0,0.6800553194245305
2 After Election,2_after_election,807,১. এখানে সেনাবাহিনী তেমন একটা দেখাই যায়নি।,এখানে সেনাবাহিনী তেমন একটা দেখাই যায়নি,0,0.7295424736867315
2 After Election,2_after_election,808,২. পুলিশ ২-৩ টা দেখলাম তাও আবার তাদের নাকের ডগা দিয়ে ভিতরে বিএনপির পার্থিরা ঢুকছে বেড় হচ্ছে। আর কি কি যেন করছে। কোন ব্যবস্থাই নেওয়া হয় নাই!!!,পুলিশ টা দেখলাম তাও আবার তাদের নাকের ডগা দিয়ে ভিতরে বিএনপির পার্থিরা ঢুকছে বেড় হচ্ছে আর কি কি যেন করছে কোন ব্যবস্থাই নেওয়া হয় নাই,2,0.9253487863704892
2 After Election,2_after_election,809,আর এই সবই বিএনপি ও আওয়ামীলীগের প্রডাক্ট ছিল,আর এই সবই বিএনপি ও আওয়ামীলীগের প্রডাক্ট ছিল,2,0.3998097824400851
2 After Election,2_after_election,810,একটু ব্যবস্থা নিন স্যার,একটু ব্যবস্থা নিন স্যার,3,0.5436419027463008
2 After Election,2_after_election,811,মুখ কালা কেহে,মুখ কালা কেহে,2,0.7274546411891708
2 After Election,2_after_election,812,ইনশাআল্লাহ আমরা সহায় থাকলে বিজয় হবে,ইনশাআল্লাহ আমরা সহায় থাকলে বিজয় হবে,0,0.7978339540194402
2 After Election,2_after_election,813,সাদা শকুন বলে কি,সাদা শকুন বলে কি,4,0.7988387207876927
2 After Election,2_after_election,814,শাদা শকুন কয় কি,শাদা শকুন কয় কি,4,0.40005067819198237
2 After Election,2_after_election,815,"আর কাম হইতো নাহ দাদু,,,,,,",আর কাম হইতো নাহ দাদু,1,0.43919711798790767
2 After Election,2_after_election,816,shaw***re dekhle mejaj ta kharap hoya jai kara era ato vote dilo vai bujina,shaw re dekhle mejaj ta kharap hoya jai kara era ato vote dilo vai bujina,1,0.8853081862716716
2 After Election,2_after_election,817,মনে হয় ঘুম থেকে উঠছেন।,মনে হয় ঘুম থেকে উঠছেন,3,0.39986382299172174
2 After Election,2_after_election,818,Hayre Rejakar ai Apnar Vasha.,hayre rejakar ai apnar vasha,1,0.5999966793075872
2 After Election,2_after_election,819,ইনশাআল্লাহ ধানের শীষের বিজয় নিশ্চিত,ইনশাআল্লাহ ধানের শীষের বিজয় নিশ্চিত,0,0.866580333442764
2 After Election,2_after_election,820,তার মানে ধানের শীষ,তার মানে ধানের শীষ,2,0.5277685102956461
2 After Election,2_after_election,821,যা দিচ্ছে রাখেন সামনে দেখমুনে কিছুটা বাড়াই দেওয়া যায় কিনা।,যা দিচ্ছে রাখেন সামনে দেখমুনে কিছুটা বাড়াই দেওয়া যায় কিনা,4,0.5589952529354346
2 After Election,2_after_election,822,হ্যডা,হ্যডা,0,0.2
2 After Election,2_after_election,823,কাকু বিকেল পাঁচটার পরে তুমি বিলাই হয়ে যাবা,কাকু বিকেল পাঁচটার পরে তুমি বিলাই হয়ে যাবা,4,0.5496997438796598
2 After Election,2_after_election,824,কাকু আন্নে জানেন নাকি তারেক রহমান প্রধানমন্ত্রী,কাকু আন্নে জানেন নাকি তারেক রহমান প্রধানমন্ত্রী,3,0.8853647444857611
2 After Election,2_after_election,825,বগুড়া 5,বগুড়া,0,0.2
2 After Election,2_after_election,826,জিন্দা অলি ধ্যান করে জানতে পারছে,জিন্দা অলি ধ্যান করে জানতে পারছে,2,0.73281549694754
2 After Election,2_after_election,827,নতুন ফ‍্যাসিবাদ জামাত? বিরোধীমত কঠোরভাবে যারা দমন করতে খুব পারদর্শী। গালি দিতেও ওস্তাদ,নতুন ফ্যাসিবাদ জামাত বিরোধীমত কঠোরভাবে যারা দমন করতে খুব পারদর্শী গালি দিতেও ওস্তাদ,2,0.7167678648181851
2 After Election,2_after_election,828,"ঠিক কথা, করেনি গ্ৰহন,",ঠিক কথা করেনি গ্ৰহন,1,0.5999994521830625
2 After Election,2_after_election,829,Buira sofiker herbal khawa,buira sofiker herbal khawa,0,0.2
2 After Election,2_after_election,830,ন্যায় ও ইনসাফের জয় নিশ্চিত। ইনশা আল্লাহ।,ন্যায় ও ইনসাফের জয় নিশ্চিত ইনশা আল্লাহ,0,0.5743097697284795
2 After Election,2_after_election,831,এটা নতুন প্রজন্মের বাংলাদেশ। চিন্তা থাকবে মহাকাশের দিকে। মাটির নীচে নয়।,এটা নতুন প্রজন্মের বাংলাদেশ চিন্তা থাকবে মহাকাশের দিকে মাটির নীচে নয়,2,0.6224221547412714
2 After Election,2_after_election,832,সাদা শকুন উড়াল দিয়ে পাকিস্তান পড়বে।,সাদা শকুন উড়াল দিয়ে পাকিস্তান পড়বে,4,0.6413489991294472
2 After Election,2_after_election,833,আপনার মন না চাইলে আপনি করবেন না কোন সমস্যা নাই,আপনার মন না চাইলে আপনি করবেন না কোন সমস্যা নাই,2,0.7377486303282805
2 After Election,2_after_election,834,পানি ঢালো চাচার মাথায়,পানি ঢালো চাচার মাথায়,0,0.40000720305258053
2 After Election,2_after_election,835,manus koto boro beiman janena amra jani durniti bajj 54 years doira support kore akon tumader kemne support korbo,manus koto boro beiman janena amra jani durniti bajj years doira support kore akon tumader kemne support korbo,1,0.5999959490020363
2 After Election,2_after_election,836,ইনশাআল্লাহ দাঁড়িপাল্লা,ইনশাআল্লাহ দাঁড়িপাল্লা,0,0.7333325419533284
2 After Election,2_after_election,837,Jitta gelai Fascist Bondoo,jitta gelai fascist bondoo,0,0.2
2 After Election,2_after_election,838,Rajakar,rajakar,2,0.599621611874672
2 After Election,2_after_election,839,Tantione shesh,tantione shesh,0,0.2
2 After Election,2_after_election,840,Insa Allah.daripallah,insa allah daripallah,3,0.5999966909139066
2 After Election,2_after_election,841,"মোটামুটি নির্বাচনের একটা ভাব আইছে, শরীর টা গরম হইলো",মোটামুটি নির্বাচনের একটা ভাব আইছে শরীর টা গরম হইলো,2,0.6327445785685455
2 After Election,2_after_election,842,Taile tomi fell nijer kotha nijei kou naki dado,taile tomi fell nijer kotha nijei kou naki dado,1,0.7333291719723578
2 After Election,2_after_election,843,দাদু এখন রেস্ট নাও,দাদু এখন রেস্ট নাও,3,0.7326460134467677
2 After Election,2_after_election,844,"মুখ টইল্যা গেছে,,,",মুখ টইল্যা গেছে,1,0.5989816641888882
2 After Election,2_after_election,845,ফেল মারবো মনে হয়,ফেল মারবো মনে হয়,0,0.7324897597240029
2 After Election,2_after_election,846,হ্যাঁ ইনশা আল্লাহ জিতবেন,হ্যাঁ ইনশা আল্লাহ জিতবেন,2,0.7300778967995111
2 After Election,2_after_election,847,রাতের ভোটের দিন শেষ,রাতের ভোটের দিন শেষ,3,0.7963967709409532
2 After Election,2_after_election,848,সজাগ আছে বাংলাদেশ,সজাগ আছে বাংলাদেশ,2,0.5985177707977918
2 After Election,2_after_election,849,মামা ভয় পেয়েছে।,মামা ভয় পেয়েছে,0,0.7969229407603523
2 After Election,2_after_election,850,"মনে হচ্ছে আল্লাহ ভালো কিছু করবে, আমাদের এলাকায় আগে কোনো দিনও এভাবে জামায়েত ভোট পাইনি এবার যে ভোট পেয়েছে, আশা করায় যায় ইনশাআল্লাহ",মনে হচ্ছে আল্লাহ ভালো কিছু করবে আমাদের এলাকায় আগে কোনো দিনও এভাবে জামায়েত ভোট পাইনি এবার যে ভোট পেয়েছে আশা করায় যায় ইনশাআল্লাহ,0,0.9370014005210752
2 After Election,2_after_election,851,"ইনশাআল্লাহ,,, দাঁড়ি পাল্লার ভুমি দশ বিজয় হবে",ইনশাআল্লাহ দাঁড়ি পাল্লার ভুমি দশ বিজয় হবে,0,0.8399979047656989
2 After Election,2_after_election,852,Holud media,holud media,0,0.2
2 After Election,2_after_election,853,"আবেগ প্রকাশ শেষ হলে, হালকা মুতে,হুতে পইরো মিয়া ভাই.",আবেগ প্রকাশ শেষ হলে হালকা মুতে হুতে পইরো মিয়া ভাই,3,0.38996279041170423
2 After Election,2_after_election,854,তুমাদের আবেগ জড়িত কথা শুনলে আমি সিরিয়াস মমেন্টে হাইশ্যা দেই,তুমাদের আবেগ জড়িত কথা শুনলে আমি সিরিয়াস মমেন্টে হাইশ্যা দেই,4,0.599201754688825
2 After Election,2_after_election,855,"দোহাই লাগে মিয়া ভাই ,",দোহাই লাগে মিয়া ভাই,1,0.796926289834738
2 After Election,2_after_election,856,অতিরিক্ত হাসাইয়া আমারে আর অপরাধী বানাইয়ো না,অতিরিক্ত হাসাইয়া আমারে আর অপরাধী বানাইয়ো না,4,0.5999790012098266
2 After Election,2_after_election,857,পাগলের সুখ মনে মনে,পাগলের সুখ মনে মনে,0,0.8395446215354793
2 After Election,2_after_election,858,মামার বাড়ির আবদার,মামার বাড়ির আবদার,1,0.7331188402409939
2 After Election,2_after_election,859,জনগণ সাদা শকুন কে ওয়েলকাম করবে,জনগণ সাদা শকুন কে ওয়েলকাম করবে,4,0.44005895566866404
2 After Election,2_after_election,860,মুরুব্বি কি ফেল করবে নাকি,মুরুব্বি কি ফেল করবে নাকি,0,0.7930896361782525
2 After Election,2_after_election,861,8 e abbaissay vot churi kortase army koiiii,e abbaissay vot churi kortase army koiiii,1,0.5999882809745468
2 After Election,2_after_election,862,গাছে কাঠাল গোপে তেল,গাছে কাঠাল গোপে তেল,1,0.5999990283913799
2 After Election,2_after_election,863,চুম্মা বাবা জান রাত্রে যেন নির্বাচন বয়কট না হয়,চুম্মা বাবা জান রাত্রে যেন নির্বাচন বয়কট না হয়,0,0.8660256957952265
2 After Election,2_after_election,864,চেহারা দেখলে বোঝা যায়,চেহারা দেখলে বোঝা যায়,1,0.5505454425216443
2 After Election,2_after_election,865,শোকেন নাকি হোতেন,শোকেন নাকি হোতেন,3,0.5978584960135854
2 After Election,2_after_election,866,এজন্য আপনার ঘুম হারাম,এজন্য আপনার ঘুম হারাম,3,0.5999935252348864
2 After Election,2_after_election,867,"বেশ কয়েকটি আসনেই দেখলাম বিএনপির কাজকর্ম,",বেশ কয়েকটি আসনেই দেখলাম বিএনপির কাজকর্ম,4,0.7303131590182873
2 After Election,2_after_election,868,আওয়ামী অনেক ভালো ছিল এদের থেকে,আওয়ামী অনেক ভালো ছিল এদের থেকে,1,0.7284903088451308
2 After Election,2_after_election,869,"তদানিরপোয়া একটু পর কান্নাকাটি শুরু করবে, দেইখেন।",তদানিরপোয়া একটু পর কান্নাকাটি শুরু করবে দেইখেন,4,0.8382791445851506
2 After Election,2_after_election,870,"ঝাউড়া ওলীর দিন শেষ, আবার যাও ডাক্তারি করো,",ঝাউড়া ওলীর দিন শেষ আবার যাও ডাক্তারি করো,2,0.6131783757376628
2 After Election,2_after_election,871,"জনগনের মন নিয়া খেলা, করেন তাইনা",জনগনের মন নিয়া খেলা করেন তাইনা,2,0.6995056458497865
2 After Election,2_after_election,872,রবিবার হরতাল,রবিবার হরতাল,0,0.2
2 After Election,2_after_election,873,নতুন বাংলাদেশের আওয়ামী লীগ ছাত্রলীগ বিএনপি'র মাঠে খেলা হবে সেটাতে ১১ দলই জোটসহ বাকি সকল জনগণ দর্শকের ভূমিকা পালন করবে বাংলাদেশের মানুষ দেখবে কাদের কাছে বাংলাদেশ নিরাপদ ছিল প্রমাণ হয়ে যাবে,নতুন বাংলাদেশের আওয়ামী লীগ ছাত্রলীগ বিএনপি র মাঠে খেলা হবে সেটাতে দলই জোটসহ বাকি সকল জনগণ দর্শকের ভূমিকা পালন করবে বাংলাদেশের মানুষ দেখবে কাদের কাছে বাংলাদেশ নিরাপদ ছিল প্রমাণ হয়ে যাবে,3,0.29530815251292547
2 After Election,2_after_election,874,ঠিক বলেছেন,ঠিক বলেছেন,1,0.4001421016582167
2 After Election,2_after_election,875,Inshallah.plz Allah keep mercy,inshallah plz allah keep mercy,3,0.5999966909139066
2 After Election,2_after_election,876,Karbe dadu,karbe dadu,0,0.5999847084427493
2 After Election,2_after_election,877,"কথা কম,সিদ্ধান্ত স্পষ্ট, ধানের শীষ শ্রেষ্ঠ,",কথা কম সিদ্ধান্ত স্পষ্ট ধানের শীষ শ্রেষ্ঠ,4,0.4400605035987183
2 After Election,2_after_election,878,বিএনপি সকল নেতাকর্মীর দায়িত্ব তার নিজের,বিএনপি সকল নেতাকর্মীর দায়িত্ব তার নিজের,0,0.838225469764849
2 After Election,2_after_election,879,কেন্দ্রের ভোট গণনা করে বুঝে নেয়া।,কেন্দ্রের ভোট গণনা করে বুঝে নেয়া,0,0.5877857910785269
2 After Election,2_after_election,880,ধানের শীষের বিজয় নিশ্চিত ইনশাআল্লাহ।,ধানের শীষের বিজয় নিশ্চিত ইনশাআল্লাহ,0,0.866580333442764
2 After Election,2_after_election,881,ছবিটা সেভ করে রেখে দিলাম,ছবিটা সেভ করে রেখে দিলাম,3,0.7331375884836923
2 After Election,2_after_election,882,ইনশাআল্লাহ দাঁড়িপাল্লা বিজয়ের দ্বার প্রান্তে,ইনশাআল্লাহ দাঁড়িপাল্লা বিজয়ের দ্বার প্রান্তে,0,0.7999986395625909
2 After Election,2_after_election,883,Inshaallah Allahuakbar Ameen jazakallahu khairan Everyone,inshaallah allahuakbar ameen jazakallahu khairan everyone,1,0.5999916218342304
2 After Election,2_after_election,884,দাড়িওয়ালার গণজোয়ার ইনশাআল্লাহ,দাড়িওয়ালার গণজোয়ার ইনশাআল্লাহ,0,0.5999995531898649
2 After Election,2_after_election,885,আমরা জানি ভোট সুষ্ঠ হয়েছে। কিন্তু গণনা সুষ্ঠ হয়নি,আমরা জানি ভোট সুষ্ঠ হয়েছে কিন্তু গণনা সুষ্ঠ হয়নি,4,0.8659483431648404
2 After Election,2_after_election,886,"দেশের প্রতি যে ভালবাসা জন্মেছিল,তা একেবারেই শেষ হয়ে গেছে।নিজেকেই আর বিশ্বাস করতে পারতেছি না।আজকে এই অন্যায় যদি ১১দলীয় জোট মেনে নেয়,তাহলে আর কখনো আমি কোন দলকে আর বিশ্বাস করতে পারবো না।বিশ্বাস করেন গতকাল রাত থেকে একজন সাধারণ নাগরিক হিসেবে এই অবিচার মেনে নিতে পারতেছি না।নিজেকে খুব অসহায় লাগতেছে।এই দেশে জন্ম নেওয়া কি আমাদের অপরাধ? শুদু এই দেশে জন্ম নেওয়ার দায়ে এত অন্যায় অবিচার যুগের পর যুগ সহ্য করতে হবে??কবে আমরা মুক্ত হবো?আল্লাহর কাছেই বিচার দিলাম।আল্লাহ যেন দুনিয়া এবং আখিরাতে তাদের এই অন্যায়ের বিচার দেখার সুযোগ এই জাতিকে দেয়।আমি মানসিক ভাবে খুব আহত",দেশের প্রতি যে ভালবাসা জন্মেছিল তা একেবারেই শেষ হয়ে গেছে নিজেকেই আর বিশ্বাস করতে পারতেছি না আজকে এই অন্যায় যদি দলীয় জোট মেনে নেয় তাহলে আর কখনো আমি কোন দলকে আর বিশ্বাস করতে পারবো না বিশ্বাস করেন গতকাল রাত থেকে একজন সাধারণ নাগরিক হিসেবে এই অবিচার মেনে নিতে পারতেছি না নিজেকে খুব অসহায় লাগতেছে এই দেশে জন্ম নেওয়া কি আমাদের অপরাধ শুদু এই দেশে জন্ম নেওয়ার দায়ে এত অন্যায় অবিচার যুগের পর যুগ সহ্য করতে হবে কবে আমরা মুক্ত হবো আল্লাহর কাছেই বিচার দিলাম আল্লাহ যেন দুনিয়া এবং আখিরাতে তাদের এই অন্যায়ের বিচার দেখার সুযোগ এই জাতিকে দেয় আমি মানসিক ভাবে খুব আহত,2,0.7547079421214126
2 After Election,2_after_election,887,দাদু খবর বালা না,দাদু খবর বালা না,3,0.732920372777344
2 After Election,2_after_election,888,Munafek ki bole,munafek ki bole,1,0.7333291942216972
2 After Election,2_after_election,889,তার মানে তুমি,তার মানে তুমি,3,0.5969963188914919
2 After Election,2_after_election,890,কাকুর মন দেখি একটু একটু খারাপ,কাকুর মন দেখি একটু একটু খারাপ,4,0.624736744539704
2 After Election,2_after_election,891,ঠিক আছে দাদু আপনার কথাই ঠিক তসবি গোনা শুরু করে দিন,ঠিক আছে দাদু আপনার কথাই ঠিক তসবি গোনা শুরু করে দিন,1,0.8654581964525692
2 After Election,2_after_election,892,Inasah allah joy nischit,inasah allah joy nischit,3,0.5999966909139066
2 After Election,2_after_election,893,"“ধানের শীষের জয়ধ্বনিতে মুখর দেশ, বিপুল ভোটে বিজয় এখন সময়ের অপেক্ষা।”",ধানের শীষের জয়ধ্বনিতে মুখর দেশ বিপুল ভোটে বিজয় এখন সময়ের অপেক্ষা,0,0.5680169074047478
2 After Election,2_after_election,894,ধান ছাড়া ভোট নাইরে।,ধান ছাড়া ভোট নাইরে,2,0.513500646173979
2 After Election,2_after_election,895,ভোট আপনার নাগরিক অধিকার । ভোটের আমানত রক্ষা করা আপনার পবিত্র দায়িত্ব।,ভোট আপনার নাগরিক অধিকার ভোটের আমানত রক্ষা করা আপনার পবিত্র দায়িত্ব,0,0.7443297216842193
2 After Election,2_after_election,896,"পবিত্র দায়িত্ব রক্ষা করুন, জয় নিয়ে বাড়ি ফিরুন।",পবিত্র দায়িত্ব রক্ষা করুন জয় নিয়ে বাড়ি ফিরুন,0,0.8985915827075481
2 After Election,2_after_election,897,ইনশাআল্লাহ ইসলামের বিজয় হবেই হবে এবার,ইনশাআল্লাহ ইসলামের বিজয় হবেই হবে এবার,0,0.8660037223316309
2 After Election,2_after_election,898,তার মানে ফলা ফলের পরে রিয়ালিটি,তার মানে ফলা ফলের পরে রিয়ালিটি,2,0.730580652194614
2 After Election,2_after_election,899,মাইনা নিও,মাইনা নিও,0,0.2
2 After Election,2_after_election,900,আলহামদুলিল্লাহ শুনে খুশি হইলাম,আলহামদুলিল্লাহ শুনে খুশি হইলাম,2,0.5496715850856643
2 After Election,2_after_election,901,বিসমিল্লাহির রাহমানির রাহিম মোঃ তারেক রহমান কে আমার প্রানডালা অবিন্দন ও লালগোলাপের শুভেচ্চা এই হচ্ছে প্রত্যাবত্নন এই এইনিতিতে রাজনিতি শুভ হওক আমাদের সবার আগে বাংলাদেশ আল্লাহামদুল্লিহ আমিন[১][১][১][১],বিসমিল্লাহির রাহমানির রাহিম মোঃ তারেক রহমান কে আমার প্রানডালা অবিন্দন ও লালগোলাপের শুভেচ্চা এই হচ্ছে প্রত্যাবত্নন এই এইনিতিতে রাজনিতি শুভ হওক আমাদের সবার আগে বাংলাদেশ আল্লাহামদুল্লিহ আমিন,3,0.6129493017573593
2 After Election,2_after_election,902,ইনশাআল্লাহ রিকশা দাঁড়িপাল্লা,ইনশাআল্লাহ রিকশা দাঁড়িপাল্লা,0,0.7333325419533284
2 After Election,2_after_election,903,হতাশা,হতাশা,0,0.2
2 After Election,2_after_election,904,Kakku rate je but dici eta kicu na,kakku rate je but dici eta kicu na,1,0.7331014185053755
2 After Election,2_after_election,905,ফ্যাসিবাদ শব্দটা পুরনো হয়ে গেছে এটা আর এখন বাঙ্গালী খায় না। নতুনত্ব নিয়ে আসুন।,ফ্যাসিবাদ শব্দটা পুরনো হয়ে গেছে এটা আর এখন বাঙ্গালী খায় না নতুনত্ব নিয়ে আসুন,0,0.6799550057861189
2 After Election,2_after_election,906,Dhaner shis jindabad Tareq Rahman jite jak in sha allah,dhaner shis jindabad tareq rahman jite jak in sha allah,3,0.6402307858312647
2 After Election,2_after_election,907,ইনশাআল্লাহ দাঁড়িপাল্লা ন্যায় বিচারের পথিক,ইনশাআল্লাহ দাঁড়িপাল্লা ন্যায় বিচারের পথিক,0,0.8394487934875241
2 After Election,2_after_election,908,আমরাও খবর পাচ্ছি বাংলাদেশের জনগণ আপনাদের কাছ থেকে জান্নাতের টিকিট নিতে চাচ্ছে না একমাত্র আল্লাহ পাকই আমাদেরকে যদি আমরা ভালো কাজ করি জান্নাতের টিকিট দিয়ে দিবেন সেই আশায় ভালো কাজ করব ধানের শেষে ভোট দেবো মানুষ গরিবদের পাশে থাকব যতটুকু পারি ভালো কাজ করার চেষ্টা করোব আল্লাহ যদি আমাদের সকলকে মাফ করে তাহলে আমরা জান্নাত পাব,আমরাও খবর পাচ্ছি বাংলাদেশের জনগণ আপনাদের কাছ থেকে জান্নাতের টিকিট নিতে চাচ্ছে না একমাত্র আল্লাহ পাকই আমাদেরকে যদি আমরা ভালো কাজ করি জান্নাতের টিকিট দিয়ে দিবেন সেই আশায় ভালো কাজ করব ধানের শেষে ভোট দেবো মানুষ গরিবদের পাশে থাকব যতটুকু পারি ভালো কাজ করার চেষ্টা করোব আল্লাহ যদি আমাদের সকলকে মাফ করে তাহলে আমরা জান্নাত পাব,3,0.4984402611475178
2 After Election,2_after_election,909,কাকুর মাথা আউলাইয়া গেছে,কাকুর মাথা আউলাইয়া গেছে,2,0.7262883798372879
2 After Election,2_after_election,910,সারা দেশ থেকে খবর পাওয়া যাচ্ছে জান্নাতের টিকিট Sold out,সারা দেশ থেকে খবর পাওয়া যাচ্ছে জান্নাতের টিকিট sold out,2,0.49128681614792014
2 After Election,2_after_election,911,Sob dhan,sob dhan,0,0.5991005089995698
2 After Election,2_after_election,912,কাকা রেজাল্ট পাওয়ার পর আবার ঘুরে পড়ে না যান।,কাকা রেজাল্ট পাওয়ার পর আবার ঘুরে পড়ে না যান,4,0.775560047621923
2 After Election,2_after_election,913,ভোট পেয়েছে,ভোট পেয়েছে,0,0.7316765050500098
2 After Election,2_after_election,914,সরকারে যাবে,সরকারে যাবে,4,0.5960628414916705
2 After Election,2_after_election,915,দাদু টেনশনে কুঁচকে গেছে,দাদু টেনশনে কুঁচকে গেছে,3,0.7324700844235722
2 After Election,2_after_election,916,একটু খোলাসা করে বলেন নতুন ফ্যাসিবাদ কারা ?,একটু খোলাসা করে বলেন নতুন ফ্যাসিবাদ কারা,2,0.5663313189845981
2 After Election,2_after_election,917,চাচা চেহারা শুকাইয়া গেছে কেন,চাচা চেহারা শুকাইয়া গেছে কেন,1,0.40011940578437394
2 After Election,2_after_election,918,জোকার,জোকার,0,0.2
2 After Election,2_after_election,919,পরাজয়ের ইঙ্গিত পেলে শেষ বেলায় ও ভোটের পরে উ গ্র আচরণ করতে পারে।।।। অমুক টিভি জয় বাংলা হয়ে যাবে এমন হুমকি দেয়া হচ্ছে। সকল পক্ষকে সতর্ক থাকা উচিত।।।।,পরাজয়ের ইঙ্গিত পেলে শেষ বেলায় ও ভোটের পরে উ গ্র আচরণ করতে পারে অমুক টিভি জয় বাংলা হয়ে যাবে এমন হুমকি দেয়া হচ্ছে সকল পক্ষকে সতর্ক থাকা উচিত,4,0.4791455447080493
2 After Election,2_after_election,920,Insallha,insallha,0,0.2
2 After Election,2_after_election,921,Rajakar sofikka,rajakar sofikka,2,0.599621611874672
2 After Election,2_after_election,922,আপনার শুয়ে পড়ার ভিডিও আমরা আগেই পেয়েছি,আপনার শুয়ে পড়ার ভিডিও আমরা আগেই পেয়েছি,4,0.7978558198010983
2 After Election,2_after_election,923,দেড় বছর লুটপাট করার পর নিজেদের খেতাব যখন অন্যর উপর চাপানো হয় তখন হাসা ছাড়া আর কিছু করার থাকে না।,দেড় বছর লুটপাট করার পর নিজেদের খেতাব যখন অন্যর উপর চাপানো হয় তখন হাসা ছাড়া আর কিছু করার থাকে না,2,0.9094357082425516
2 After Election,2_after_election,924,শকুন কট,শকুন কট,4,0.7298612719497355
2 After Election,2_after_election,925,এত কিন্তু রেখে কথা না বলে রিয়েলিটি মেনে নাও -গুয়া মারা শেষ বেলায়ও শেষ।,এত কিন্তু রেখে কথা না বলে রিয়েলিটি মেনে নাও গুয়া মারা শেষ বেলায়ও শেষ,3,0.7453650983197486
2 After Election,2_after_election,926,Vondo,vondo,0,0.2
2 After Election,2_after_election,927,হারার খবর পাইয়া চাচা পোল্ট্রি মারতেছে।,হারার খবর পাইয়া চাচা পোল্ট্রি মারতেছে,4,0.5488959724113526
2 After Election,2_after_election,928,সবার মোকে জামাত ছিলো,সবার মোকে জামাত ছিলো,0,0.5997959638506292
2 After Election,2_after_election,929,জনগণ ৭১ এর পরাজিত শক্তিকে ও ওয়েলকাম করবে না।,জনগণ এর পরাজিত শক্তিকে ও ওয়েলকাম করবে না,2,0.7978073290816897
2 After Election,2_after_election,930,Porobashira barite bolben Dari palla vote Dewar jonno,porobashira barite bolben dari palla vote dewar jonno,1,0.7333274269209834
2 After Election,2_after_election,931,১০০% জামায়াত ই একমাত্র দেশ চালানো উপযুক্ত এবং অজি'ত কিন্তু কিছু চক্র তা বদলে দিল।,জামায়াত ই একমাত্র দেশ চালানো উপযুক্ত এবং অজি ত কিন্তু কিছু চক্র তা বদলে দিল,3,0.8980534716450957
2 After Election,2_after_election,932,হ্যাঁ,হ্যাঁ,0,0.2
2 After Election,2_after_election,933,ক্ষমতায় গেলে সবাই ফ্যাসিবাদ। কিন্তু অনেকে ক্ষমতায় না গিয়েও ফ্যাসিবাদী আচরণ করে।,ক্ষমতায় গেলে সবাই ফ্যাসিবাদ কিন্তু অনেকে ক্ষমতায় না গিয়েও ফ্যাসিবাদী আচরণ করে,1,0.8649477454473714
2 After Election,2_after_election,934,হে আল্লাহ সাদা দাড়ির কবল থেকে দেশকে বাচাতে হবে ইনশাআল্লাহ,হে আল্লাহ সাদা দাড়ির কবল থেকে দেশকে বাচাতে হবে ইনশাআল্লাহ,0,0.6902360318237907
2 After Election,2_after_election,935,ইনশাআল্লাহ দাড়িপাল্লা বিজয় হবে,ইনশাআল্লাহ দাড়িপাল্লা বিজয় হবে,0,0.7999990789405539
2 After Election,2_after_election,936,হারু কাকা !,হারু কাকা,1,0.5999958622226453
2 After Election,2_after_election,937,ইনশাল্লাহ চান্দাবাজ রুখে যাবে বাংলাদেশ একটি নতুন সমৃদ্ধশালী দেশ হবে ইনশাল্লাহ,ইনশাল্লাহ চান্দাবাজ রুখে যাবে বাংলাদেশ একটি নতুন সমৃদ্ধশালী দেশ হবে ইনশাল্লাহ,1,0.4696501088979457
2 After Election,2_after_election,938,ওহে আরশে আজিম এর মালিক আপনি আজ সহায় হোন আমাদের পাশে,ওহে আরশে আজিম এর মালিক আপনি আজ সহায় হোন আমাদের পাশে,4,0.8354179935796952
2 After Election,2_after_election,939,আপনাকে পাকিস্তান ওয়েলকাম করবে সমস্যা নাই,আপনাকে পাকিস্তান ওয়েলকাম করবে সমস্যা নাই,2,0.4839341653953306
2 After Election,2_after_election,940,হারের পর কি বলবে সে ক্ষেত্র তৈরি করছে চুমু শফিক,হারের পর কি বলবে সে ক্ষেত্র তৈরি করছে চুমু শফিক,3,0.5914814024995313
2 After Election,2_after_election,941,দাঁড়িপাল্লার বিজয় আজ হবে।,দাঁড়িপাল্লার বিজয় আজ হবে,0,0.5501888545414835
2 After Election,2_after_election,942,শুধু বিজয় না ভূমিধস বিজয় হবে ইনশাআল্লাহ।,শুধু বিজয় না ভূমিধস বিজয় হবে ইনশাআল্লাহ,0,0.7999996388288962
2 After Election,2_after_election,943,Jongi bad ...k o korbena kaka..... Asman theke neme asa feresta.......,jongi bad k o korbena kaka asman theke neme asa feresta,0,0.5988005772965375
2 After Election,2_after_election,944,"“কোনো দলের বিরুদ্ধে বিন্দুমাত্র দুর্নীতি বা ভোট লুটপাটের অভিযোগ প্রমাণিত হলে, সেই দলকে কোনোভাবেই নির্বাচিত হতে দেওয়া হবে না।",কোনো দলের বিরুদ্ধে বিন্দুমাত্র দুর্নীতি বা ভোট লুটপাটের অভিযোগ প্রমাণিত হলে সেই দলকে কোনোভাবেই নির্বাচিত হতে দেওয়া হবে না,0,0.9373691115231038
2 After Election,2_after_election,945,জনগণের রায় নিয়ে ছিনিমিনি খেলার দিন শেষ।,জনগণের রায় নিয়ে ছিনিমিনি খেলার দিন শেষ,3,0.637390620782358
2 After Election,2_after_election,946,"নিরপেক্ষ, সৎ ও নির্ভীক ব্যক্তিকেই জনগণ তাদের রায়ের মাধ্যমে নির্বাচিত করবে, ইনশাআল্লাহ। সবাই এক কণ্ঠে স্লোগান তুলুন।",নিরপেক্ষ সৎ ও নির্ভীক ব্যক্তিকেই জনগণ তাদের রায়ের মাধ্যমে নির্বাচিত করবে ইনশাআল্লাহ সবাই এক কণ্ঠে স্লোগান তুলুন,0,0.5685693148671003
2 After Election,2_after_election,947,চেহালা ঘোলাটে হয়ে গেছে কেন?,চেহালা ঘোলাটে হয়ে গেছে কেন,4,0.5994638138944833
2 After Election,2_after_election,948,Silent killer,silent killer,0,0.2
2 After Election,2_after_election,949,চাঁদা বাজ সৈরাচার এর বিরুদ্ধে আবার গণ আন্দোলন গড়ে তোলতে হবে।,চাঁদা বাজ সৈরাচার এর বিরুদ্ধে আবার গণ আন্দোলন গড়ে তোলতে হবে,2,0.48603215689294277
2 After Election,2_after_election,950,গ্রহণ করলাম,গ্রহণ করলাম,0,0.5995468690723927
2 After Election,2_after_election,951,জনগণকে সান্তনা দেওয়ার জন্য বলা হচ্ছে,জনগণকে সান্তনা দেওয়ার জন্য বলা হচ্ছে,3,0.4000805299723622
2 After Election,2_after_election,952,বিএনপির আগেই পাতানো নির্বাচনে জীতে বসে আছে,বিএনপির আগেই পাতানো নির্বাচনে জীতে বসে আছে,2,0.46216914190874214
2 After Election,2_after_election,953,বিশ্বাস হচ্ছে না টেলিভিশনের নিউজ দেখেন,বিশ্বাস হচ্ছে না টেলিভিশনের নিউজ দেখেন,4,0.4803518782754843
2 After Election,2_after_election,954,নির্বাচনের ফলাফল পাল্টিয়ে দিয়েছে,নির্বাচনের ফলাফল পাল্টিয়ে দিয়েছে,2,0.5499295580276832
2 After Election,2_after_election,955,ভোটের ফলাফলের আভাস পেয়ে গেছে মনে হচ্ছে,ভোটের ফলাফলের আভাস পেয়ে গেছে মনে হচ্ছে,0,0.7961208368954208
2 After Election,2_after_election,956,বুঝতে পারছি যে তোমরা রাতেই জিতে আছো,বুঝতে পারছি যে তোমরা রাতেই জিতে আছো,2,0.8664340597789971
2 After Election,2_after_election,957,তাকে একটু ইয়ানত পাঠাও,তাকে একটু ইয়ানত পাঠাও,4,0.7301998697562383
2 After Election,2_after_election,958,হতাশয় দাদুর ঠোঁট কালো হয়ে গেছে,হতাশয় দাদুর ঠোঁট কালো হয়ে গেছে,4,0.29997090618348876
2 After Election,2_after_election,959,না রাজাকারদের ওয়েল কাম করবে,না রাজাকারদের ওয়েল কাম করবে,0,0.5999955695014829
2 After Election,2_after_election,960,সুশাসন প্রতিষ্ঠার জন্য দাড়িপাল্লা ছাড়া বিকল্প নাই ।,সুশাসন প্রতিষ্ঠার জন্য দাড়িপাল্লা ছাড়া বিকল্প নাই,2,0.5497286789296587
2 After Election,2_after_election,961,"কেউ যদি বলে আপনার ভোট দেয়া হয়ে গেছে, ব্যালট মোড়াইয়া তার ভেতরে ভরে দিন।",কেউ যদি বলে আপনার ভোট দেয়া হয়ে গেছে ব্যালট মোড়াইয়া তার ভেতরে ভরে দিন,2,0.8640850005207353
2 After Election,2_after_election,962,"ভোট দিন, নিজের অধিকার বুঝে নিন।",ভোট দিন নিজের অধিকার বুঝে নিন,0,0.8652074856189376
2 After Election,2_after_election,963,নতুন প্রজন্ম এই দুই পরিবারের রাজতন্ত থেকে বের হতে হবে,নতুন প্রজন্ম এই দুই পরিবারের রাজতন্ত থেকে বের হতে হবে,4,0.6534480307292945
2 After Election,2_after_election,964,লেবু পানি খান দাদু রেজাল্ট শুনলে ঘুরে পড়বেন,লেবু পানি খান দাদু রেজাল্ট শুনলে ঘুরে পড়বেন,4,0.3778724596650261
2 After Election,2_after_election,965,জয় বংলা জয় বঙ্গবন্ধু,জয় বংলা জয় বঙ্গবন্ধু,0,0.7325251649825566
2 After Election,2_after_election,966,ফলাফল জানার পর দেখার অপেক্ষায় কি বলেন,ফলাফল জানার পর দেখার অপেক্ষায় কি বলেন,2,0.8816694660559192
2 After Election,2_after_election,967,Magir fuwa fesibad kare kos,magir fuwa fesibad kare kos,0,0.2
2 After Election,2_after_election,968,ঠোঁট কেমন কালো কালো লাগে ব্যাপারটা রহস্যজনক,ঠোঁট কেমন কালো কালো লাগে ব্যাপারটা রহস্যজনক,1,0.8395818428020805
2 After Election,2_after_election,969,"তুর মুখ আজকে বন্ধ হবে কানকির পোলা অপেক্ষা ২,৩ ঘন্টা ফলাফল ফাইনাল হোক",তুর মুখ আজকে বন্ধ হবে কানকির পোলা অপেক্ষা ঘন্টা ফলাফল ফাইনাল হোক,2,0.8972977157690241
2 After Election,2_after_election,970,সাদা শকুন পরাজিত হলে জুলাই চেতনা আবার শুরু হবে বোঝা যাচ্ছে,সাদা শকুন পরাজিত হলে জুলাই চেতনা আবার শুরু হবে বোঝা যাচ্ছে,4,0.7230146808295123
2 After Election,2_after_election,971,চুমু তে নোবেল দেওয়া হউক,চুমু তে নোবেল দেওয়া হউক,2,0.8664657790312027
2 After Election,2_after_election,972,একটু পর বলবে সুষ্ঠ ভোট হয়নি এর নাম মোনাফেক,একটু পর বলবে সুষ্ঠ ভোট হয়নি এর নাম মোনাফেক,4,0.758716245677977
2 After Election,2_after_election,973,কাহা কেরুম আছোইন।,কাহা কেরুম আছোইন,0,0.2
2 After Election,2_after_election,974,টের পাইবা সময় হইলে।,টের পাইবা সময় হইলে,4,0.3981797725923995
2 After Election,2_after_election,975,কাক্কু চেয়ারে না আপনার জন্য শীতল পাটি,কাক্কু চেয়ারে না আপনার জন্য শীতল পাটি,4,0.7296103988655593
2 After Election,2_after_election,976,আমরা খবর শুনলাম বিএনপি সরকার হয়ে গেছে অলরেডি,আমরা খবর শুনলাম বিএনপি সরকার হয়ে গেছে অলরেডি,4,0.6619152004142562
2 After Election,2_after_election,977,"বেড়ায় ক্ষেত খাইবার লাগছে,,, সুফি সাহাব",বেড়ায় ক্ষেত খাইবার লাগছে সুফি সাহাব,4,0.5999860492528017
2 After Election,2_after_election,978,আর কয়েক ফন্ট পড়ে বুঝতে পারবেন,আর কয়েক ফন্ট পড়ে বুঝতে পারবেন,1,0.8386321992753287
2 After Election,2_after_election,979,ইনশাআল্লাহ বিজয় হবে,ইনশাআল্লাহ বিজয় হবে,0,0.7333328899374705
2 After Election,2_after_election,980,লাল কার্ড কনফার্ম হয়ে গেছে,লাল কার্ড কনফার্ম হয়ে গেছে,2,0.7949807421757715
2 After Election,2_after_election,981,ইনশাআল্লাহ হুজুর।,ইনশাআল্লাহ হুজুর,0,0.7297158412545129
2 After Election,2_after_election,982,In Sha Allah,in sha allah,3,0.799996880517948
2 After Election,2_after_election,983,**মুরুব্বী মুরুব্বী উহুম উহুম,মুরুব্বী মুরুব্বী উহুম উহুম,1,0.7333276922117786
2 After Election,2_after_election,984,বহুৎ দেখাইছেন এবার একটু জিরান।,বহুৎ দেখাইছেন এবার একটু জিরান,4,0.7292694617799187
2 After Election,2_after_election,985,যদি সম্ভব হয় তসবি জবতে জবতে,যদি সম্ভব হয় তসবি জবতে জবতে,2,0.5999939359099427
2 After Election,2_after_election,986,যতদ্রুত সম্ভব অ্যামাজন জঙ্গলে গিয়ে ধ্যানে বসে যান।,যতদ্রুত সম্ভব অ্যামাজন জঙ্গলে গিয়ে ধ্যানে বসে যান,2,0.8391171163788185
2 After Election,2_after_election,987,"এবার থামেন,,,আমির সাহেব।",এবার থামেন আমির সাহেব,4,0.7977717676282862
2 After Election,2_after_election,988,তাহলে মন খারাপ কেনো কাক্কু?,তাহলে মন খারাপ কেনো কাক্কু,4,0.8661996251068127
2 After Election,2_after_election,989,রাত হলে বলবেন নির্বাচন বানচাল করা হয়েছে পাগলা,রাত হলে বলবেন নির্বাচন বানচাল করা হয়েছে পাগলা,2,0.8659474288513221
2 After Election,2_after_election,990,দারুণ খবর কাকা।,দারুণ খবর কাকা,3,0.4000782556094516
2 After Election,2_after_election,991,জামানত বাজেয়াপ্ত হবে নাকি,জামানত বাজেয়াপ্ত হবে নাকি,4,0.7982102583357482
2 After Election,2_after_election,992,কিন্তু মন খারাপ ক্যান??,কিন্তু মন খারাপ ক্যান,4,0.7997639073492945
2 After Election,2_after_election,993,হাসেন একটু,হাসেন একটু,2,0.5957856919824029
2 After Election,2_after_election,994,"আল্লাহর উপর ভরসা রাখেন,, ইনশাআল্লাহ সুখবর আসবেই",আল্লাহর উপর ভরসা রাখেন ইনশাআল্লাহ সুখবর আসবেই,0,0.837809363624484
2 After Election,2_after_election,995,অধিকাংশ ভোটকেন্দ্রে বিএনপির লোকেরা ঘন্টায় ৫ টা করে জাল ভোট দিচ্ছে। এখন হিসাব করে দেখেন কত ভোট পড়ে। দ্রুত এটার ব্যবস্থা নেতা হবে,অধিকাংশ ভোটকেন্দ্রে বিএনপির লোকেরা ঘন্টায় টা করে জাল ভোট দিচ্ছে এখন হিসাব করে দেখেন কত ভোট পড়ে দ্রুত এটার ব্যবস্থা নেতা হবে,4,0.631814574931527
2 After Election,2_after_election,996,"কিছু সময় কেঁদে সুয়ে পড়ো ভালো লাগবে,",কিছু সময় কেঁদে সুয়ে পড়ো ভালো লাগবে,3,0.8383189597735283
2 After Election,2_after_election,997,তাহলে কি রাজাকার গ্রহণ করবে?,তাহলে কি রাজাকার গ্রহণ করবে,0,0.5029407629743182
2 After Election,2_after_election,998,জান্নাতের টিকেট শেষ....,জান্নাতের টিকেট শেষ,3,0.30045679198260067
2 After Election,2_after_election,999,Ore razakar koy kih?,ore razakar koy kih,0,0.5993147088618885
2 After Election,2_after_election,1000,ঠিকই কইছেন দাদু। জনগণ গ্রহণ করে নাই।।আপনারাই তার প্রমান,ঠিকই কইছেন দাদু জনগণ গ্রহণ করে নাই আপনারাই তার প্রমান,0,0.5488326590407877
2 After Election,2_after_election,1001,ঘুমিয়ে ঘুমিয়ে স্বপ্ন দেখছেন। ঘুম ভাঙ্গলেই বাস্তবতায় ফিরে আসবেন & নিজেদের হার বুঝতে পারবেন ইনশাআল্লাহ,ঘুমিয়ে ঘুমিয়ে স্বপ্ন দেখছেন ঘুম ভাঙ্গলেই বাস্তবতায় ফিরে আসবেন নিজেদের হার বুঝতে পারবেন ইনশাআল্লাহ,3,0.8193613278811888
2 After Election,2_after_election,1002,চতুর্থ বার ও ফেল মেরেছ,চতুর্থ বার ও ফেল মেরেছ,0,0.7323086452760815
2 After Election,2_after_election,1003,এবার একসাথে এক হালি ডিম।,এবার একসাথে এক হালি ডিম,2,0.7256609059221929
2 After Election,2_after_election,1004,ধানের শীষ প্রতীকের জয় হবে ইন্সাল্লাহ,ধানের শীষ প্রতীকের জয় হবে ইন্সাল্লাহ,0,0.5455150046169825
2 After Election,2_after_election,1005,স্বপ্ন দেখো,স্বপ্ন দেখো,2,0.7304719991569361
2 After Election,2_after_election,1006,"যদি এবার বিএনপি ক্ষমতায় না আসে কথা দিলাম বাংলাদেশে থাকবনা,",যদি এবার বিএনপি ক্ষমতায় না আসে কথা দিলাম বাংলাদেশে থাকবনা,4,0.882237009478012
2 After Election,2_after_election,1007,চারিদিকে ধানের শীষ ছাড়া কোন কথাই নাই,চারিদিকে ধানের শীষ ছাড়া কোন কথাই নাই,2,0.773273520715006
2 After Election,2_after_election,1008,"হ্যা! আমরাও সে খবর পাচ্ছি মানুষ ""ধর্মীয় ফ্যাসিজম"" মানবে না! তারা গণতন্ত্রের পক্ষে শক্ত অবস্থান নিবে।",হ্যা আমরাও সে খবর পাচ্ছি মানুষ ধর্মীয় ফ্যাসিজম মানবে না তারা গণতন্ত্রের পক্ষে শক্ত অবস্থান নিবে,3,0.7822575278769474
2 After Election,2_after_election,1009,ইনশাআল্লাহ আল্লাহ যদি চায়,ইনশাআল্লাহ আল্লাহ যদি চায়,0,0.7992418575039933
2 After Election,2_after_election,1010,"ঠিক, জামাতকে ওয়েলকাম করবে না, একমত",ঠিক জামাতকে ওয়েলকাম করবে না একমত,0,0.5477549002653315
2 After Election,2_after_election,1011,বিএনপি'র লোক তো জোর করে ধানের শীষ মার্কায় ভোট নিতেছে,বিএনপি র লোক তো জোর করে ধানের শীষ মার্কায় ভোট নিতেছে,0,0.744521966589564
2 After Election,2_after_election,1012,ওয়েলকাম কাক্কু,ওয়েলকাম কাক্কু,2,0.3987770932752153
2 After Election,2_after_election,1013,মুখ দেখে বুঝতে পারছি,মুখ দেখে বুঝতে পারছি,1,0.5112939432662827
2 After Election,2_after_election,1014,জামাত পরা জয হবে,জামাত পরা জয হবে,0,0.7327917821894991
2 After Election,2_after_election,1015,আমির সাহেব আর কিছুক্ষণ পরে বলবে বিষয়টা,আমির সাহেব আর কিছুক্ষণ পরে বলবে বিষয়টা,4,0.5118337603049214
2 After Election,2_after_election,1016,চু* লিং পং হয়ে গেল না,চু লিং পং হয়ে গেল না,4,0.7967201307183821
2 After Election,2_after_election,1017,আইচ্ছা তার মানে আপনারা ক্ষমতায় যেতে পারবেন না,আইচ্ছা তার মানে আপনারা ক্ষমতায় যেতে পারবেন না,3,0.8830241381955272
2 After Election,2_after_election,1018,শীতল পাঠিতো আছে এবার লাল কম্বল রেডি কর।,শীতল পাঠিতো আছে এবার লাল কম্বল রেডি কর,2,0.8654372018075028
2 After Election,2_after_election,1019,আমারও যে খবর পেলাম তুমি ৫০আসনও পাবেনা,আমারও যে খবর পেলাম তুমি আসনও পাবেনা,3,0.4008664464571824
2 After Election,2_after_election,1020,আলহামদুলিল্লাহ,আলহামদুলিল্লাহ,2,0.5999984371235062
2 After Election,2_after_election,1021,তোর মতো রাজাকারও এদেশে হবে না,তোর মতো রাজাকারও এদেশে হবে না,3,0.549644114265683
2 After Election,2_after_election,1022,এত তাড়াতাড়ি মন খারাপ হয়ে গেছে হবে না,এত তাড়াতাড়ি মন খারাপ হয়ে গেছে হবে না,4,0.5990860747278512
2 After Election,2_after_election,1023,ওলে আমার দাদু ভাই লে,ওলে আমার দাদু ভাই লে,3,0.5496810181740517
2 After Election,2_after_election,1024,তোমার কাছে এত খবর কিভাবে ক,তোমার কাছে এত খবর কিভাবে ক,3,0.8346386726387443
2 After Election,2_after_election,1025,ওরা নতুন নয় বহু আগে থেকে কিন্তু সচ্চার থাকতে হবে,ওরা নতুন নয় বহু আগে থেকে কিন্তু সচ্চার থাকতে হবে,2,0.530111988892397
2 After Election,2_after_election,1026,চিরন্ত সত্য,চিরন্ত সত্য,4,0.5943932979033147
2 After Election,2_after_election,1027,বিকাল পর্যন্ত বলতে থাকুন,বিকাল পর্যন্ত বলতে থাকুন,3,0.796816125519449
2 After Election,2_after_election,1028,বিকালের পরের বক্তব্য দেখি কেমন হয়,বিকালের পরের বক্তব্য দেখি কেমন হয়,3,0.5972289319201691
2 After Election,2_after_election,1029,কাকু রেডি হও,কাকু রেডি হও,3,0.4005478208670332
2 After Election,2_after_election,1030,আজকের দিনটি ইতিহাস হয়ে থাকবে।,আজকের দিনটি ইতিহাস হয়ে থাকবে,4,0.6239575603826325
2 After Election,2_after_election,1031,"Bangladesh Army আবারও প্রমাণ করলো — তারা শুধু একটি বাহিনী নয়, তারা এ দেশের মানুষের আস্থা, নিরাপত্তা আর ভরসার প্রতীক। একটি সুষ্ঠু, শান্তিপূর্ণ ও গ্রহণযোগ্য নির্বাচন উপহার দিয়ে তারা দেখিয়ে দিলো—দেশের স্বার্থে তারা সর্বদা নিবেদিত প্রাণ।",bangladesh army আবারও প্রমাণ করলো তারা শুধু একটি বাহিনী নয় তারা এ দেশের মানুষের আস্থা নিরাপত্তা আর ভরসার প্রতীক একটি সুষ্ঠু শান্তিপূর্ণ ও গ্রহণযোগ্য নির্বাচন উপহার দিয়ে তারা দেখিয়ে দিলো দেশের স্বার্থে তারা সর্বদা নিবেদিত প্রাণ,3,0.6660360600630431
2 After Election,2_after_election,1032,"শুধু সেনাবাহিনীই নয়, অন্যান্য আইনশৃঙ্খলা বাহিনীর ( Bangladesh Police BGB Bangladesh Navy Bangladesh Air Force Bangladesh Ansar and VDP Rapid Action Battalion প্রতিটি সদস্য অক্লান্ত পরিশ্রম, দায়িত্ববোধ এবং ত্যাগের মাধ্যমে সারাদেশে নিরাপত্তা নিশ্চিত করেছেন। তাঁদের ঘাম, শ্রম আর সততার কারণেই আজ আমরা গর্ব করে বলতে পারি—বাংলাদেশ পারে।",শুধু সেনাবাহিনীই নয় অন্যান্য আইনশৃঙ্খলা বাহিনীর bangladesh police bgb bangladesh navy bangladesh air force bangladesh ansar and vdp rapid action battalion প্রতিটি সদস্য অক্লান্ত পরিশ্রম দায়িত্ববোধ এবং ত্যাগের মাধ্যমে সারাদেশে নিরাপত্তা নিশ্চিত করেছেন তাঁদের ঘাম শ্রম আর সততার কারণেই আজ আমরা গর্ব করে বলতে পারি বাংলাদেশ পারে,3,0.7677384518425845
2 After Election,2_after_election,1033,"বিশেষ কৃতজ্ঞতা অন্তর্বর্তীকালীন সরকারের প্রধান ড. মুহাম্মদ ইউনূসের Muhammad Yunus প্রতি, যিনি সঠিক সময় সঠিক সিদ্ধান্ত নিয়ে একটি গ্রহণযোগ্য নির্বাচনের পরিবেশ নিশ্চিত করেছেন। নেতৃত্ব তখনই সফল হয়, যখন তা দেশের স্বার্থকে অগ্রাধিকার দেয়।",বিশেষ কৃতজ্ঞতা অন্তর্বর্তীকালীন সরকারের প্রধান ড মুহাম্মদ ইউনূসের muhammad yunus প্রতি যিনি সঠিক সময় সঠিক সিদ্ধান্ত নিয়ে একটি গ্রহণযোগ্য নির্বাচনের পরিবেশ নিশ্চিত করেছেন নেতৃত্ব তখনই সফল হয় যখন তা দেশের স্বার্থকে অগ্রাধিকার দেয়,3,0.512951711310743
2 After Election,2_after_election,1034,এখন আর বিভক্তির সময় নয়।,এখন আর বিভক্তির সময় নয়,2,0.7287630409543929
2 After Election,2_after_election,1035,এখন ঐক্যের সময়।,এখন ঐক্যের সময়,4,0.5961506430660061
2 After Election,2_after_election,1036,"ক্ষমতায় যে-ই আসুক, আমাদের লক্ষ্য একটাই—একটি শক্তিশালী, ন্যায়ভিত্তিক ও সমৃদ্ধ বাংলাদেশ গড়ে তোলা।",ক্ষমতায় যে ই আসুক আমাদের লক্ষ্য একটাই একটি শক্তিশালী ন্যায়ভিত্তিক ও সমৃদ্ধ বাংলাদেশ গড়ে তোলা,1,0.5490839255494996
2 After Election,2_after_election,1037,মনে রাখবো—,মনে রাখবো,0,0.5970572316020212
2 After Election,2_after_election,1038,"রাজনীতি পরে,",রাজনীতি পরে,2,0.5993956838326495
2 After Election,2_after_election,1039,"ব্যক্তি পরে,",ব্যক্তি পরে,1,0.5999879449664555
2 After Election,2_after_election,1040,সবার আগে বাংলাদেশ।,সবার আগে বাংলাদেশ,2,0.5985177707977918
2 After Election,2_after_election,1041,#বাংলাদেশ,বাংলাদেশ,2,0.5985177707977918
2 After Election,2_after_election,1042,#গর্ব,গর্ব,0,0.2
2 After Election,2_after_election,1043,#সুষ্ঠুনির্বাচন,সুষ্ঠুনির্বাচন,0,0.2
2 After Election,2_after_election,1044,#ঐক্যইশক্তি,ঐক্যইশক্তি,0,0.2
2 After Election,2_after_election,1045,"একবার মনে হচ্ছে বিএনপি জিতবে, আবার মনে হচ্ছে জামাত জিতবে। আওয়ামীলীগের সময় এই টেনশন করতে হতো না, আমরা জানতাম কে জিতবে। আগেই ভালো ছিলাম,টেনশন মুক্ত একটা নির্বাচন ছিল ।",একবার মনে হচ্ছে বিএনপি জিতবে আবার মনে হচ্ছে জামাত জিতবে আওয়ামীলীগের সময় এই টেনশন করতে হতো না আমরা জানতাম কে জিতবে আগেই ভালো ছিলাম টেনশন মুক্ত একটা নির্বাচন ছিল,0,0.500701167931856
2 After Election,2_after_election,1046,লাইলাতুল গুজব চলতেছে।কেউ কান দিবেন না,লাইলাতুল গুজব চলতেছে কেউ কান দিবেন না,2,0.8665977507872901
2 After Election,2_after_election,1047,ইনশাআল্লাহ জয় হবে দাঁড়ি পাল্লার,ইনশাআল্লাহ জয় হবে দাঁড়ি পাল্লার,0,0.8398960555236672
2 After Election,2_after_election,1048,Good bye rajakar welcome to Bangladesh ponti Bangladesh national publicity bnp,good bye rajakar welcome to bangladesh ponti bangladesh national publicity bnp,3,0.5968063662674995
2 After Election,2_after_election,1049,ইনশাআল্লাহ বিজয় অতি সন্নিকটে,ইনশাআল্লাহ বিজয় অতি সন্নিকটে,0,0.8390870383515383
2 After Election,2_after_election,1050,Sala vlo hoye jau vondami bad deu,sala vlo hoye jau vondami bad deu,1,0.7999950485398877
2 After Election,2_after_election,1051,"ইয়েস, পাকিস্তানি ফ্যাসিবাদের জায়গা বাংলাদেশে নাই।",ইয়েস পাকিস্তানি ফ্যাসিবাদের জায়গা বাংলাদেশে নাই,4,0.8640340774929113
2 After Election,2_after_election,1052,চোদে নাহ কেউ তোমার মনে লাগে ঢেউ কাগা,চোদে নাহ কেউ তোমার মনে লাগে ঢেউ কাগা,1,0.7982628828264929
2 After Election,2_after_election,1053,"ধান তো অনেক জাল ভোট দিছে,,,কেন্দ্র অস্থিতিশীল করছে।",ধান তো অনেক জাল ভোট দিছে কেন্দ্র অস্থিতিশীল করছে,0,0.6916499396151582
2 After Election,2_after_election,1054,দেখা যাক চুমু শফিক,দেখা যাক চুমু শফিক,2,0.8350824808789439
2 After Election,2_after_election,1055,তবে তোমার আসনে তুমি জিতবে তো?,তবে তোমার আসনে তুমি জিতবে তো,0,0.7326270432195816
2 After Election,2_after_election,1056,রাইট আপনাগো জনগণ ছুড়ে ফেলবে,রাইট আপনাগো জনগণ ছুড়ে ফেলবে,0,0.7318779876497762
2 After Election,2_after_election,1057,আমাদের আসনে দাঁড়িপাল্লার দাঁড়ি ছিড়ে গেছে,আমাদের আসনে দাঁড়িপাল্লার দাঁড়ি ছিড়ে গেছে,0,0.7997036259495283
2 After Election,2_after_election,1058,"ভালো খবর,, তাইলে আপনে থাকেন জাইয়েন না",ভালো খবর তাইলে আপনে থাকেন জাইয়েন না,3,0.83735672779008
2 After Election,2_after_election,1059,"ছুটে চলো কেন্দ্রে, ভেঙে ফেলো গুজবের কালো প্রাচীর;",ছুটে চলো কেন্দ্রে ভেঙে ফেলো গুজবের কালো প্রাচীর,0,0.5474034346683416
2 After Election,2_after_election,1060,ন্যায়ের মিছিলে গর্জে ওঠো—জয় আমাদের সুনিশ্চিত!,ন্যায়ের মিছিলে গর্জে ওঠো জয় আমাদের সুনিশ্চিত,0,0.7329488626261519
2 After Election,2_after_election,1061,"সিল মারো দাঁড়িপাল্লায়, ইনসাফ আনো এই বাংলায়!",সিল মারো দাঁড়িপাল্লায় ইনসাফ আনো এই বাংলায়,0,0.548813205940947
2 After Election,2_after_election,1062,মাশাআল্লাহ,মাশাআল্লাহ,3,0.5991316873717984
2 After Election,2_after_election,1063,Alauddin Al Azad অনেক জনের মুখে হাসি আছে কিন্তু আপনাদের মুখে চিন্তার বাস সবকটির ভেতরে,alauddin al azad অনেক জনের মুখে হাসি আছে কিন্তু আপনাদের মুখে চিন্তার বাস সবকটির ভেতরে,0,0.5174476404757683
2 After Election,2_after_election,1064,এত আগে পাইছেন,এত আগে পাইছেন,3,0.7311528092599823
2 After Election,2_after_election,1065,Allhamdulillah!! Sortir bissas kokhon je felbo allah amader niras koiren na!!,allhamdulillah sortir bissas kokhon je felbo allah amader niras koiren na,1,0.5498097027823149
2 After Election,2_after_election,1066,Ji joy bangla hoia gachen kakuuu,ji joy bangla hoia gachen kakuuu,0,0.2
2 After Election,2_after_election,1067,নিজের কেন্দ্রে ফেল্টুস,নিজের কেন্দ্রে ফেল্টুস,0,0.731465089568947
2 After Election,2_after_election,1068,আল্লার উলি,আল্লার উলি,0,0.2
2 After Election,2_after_election,1069,আপনার চেহেরায়তো সে কথা বলেনা,আপনার চেহেরায়তো সে কথা বলেনা,4,0.5980712081625551
2 After Election,2_after_election,1070,আগেতো নিজের আসনটায় বিজয়ী হয়ে দেখান।,আগেতো নিজের আসনটায় বিজয়ী হয়ে দেখান,0,0.5494624463263877
2 After Election,2_after_election,1071,ঐতিহাসিক বিজয়ের সন্ধিক্ষণে।,ঐতিহাসিক বিজয়ের সন্ধিক্ষণে,0,0.5999927321307162
2 After Election,2_after_election,1072,হাসবুনাল্লাহ,হাসবুনাল্লাহ,0,0.2
2 After Election,2_after_election,1073,কষ্ট হলেও মুখে একটু হাসি দিয়ে যদি বলতেন জনগন বিশ্বাস করার চেষ্টা করতো।,কষ্ট হলেও মুখে একটু হাসি দিয়ে যদি বলতেন জনগন বিশ্বাস করার চেষ্টা করতো,2,0.6527488567920274
2 After Election,2_after_election,1074,গুজব ছরিয়ে লাভ নেই।,গুজব ছরিয়ে লাভ নেই,1,0.4001061196314308
2 After Election,2_after_election,1075,"নিজেকে খুব নিস্পাপ ভাবা একটা মানুষ,,ফেইসবুক যুদ্ধা।",নিজেকে খুব নিস্পাপ ভাবা একটা মানুষ ফেইসবুক যুদ্ধা,1,0.8352766917544079
2 After Election,2_after_election,1076,তারমানে বিএনপি জয় লাভ করবে শফিক সাহেব জেনে গেছে,তারমানে বিএনপি জয় লাভ করবে শফিক সাহেব জেনে গেছে,4,0.6973430249086456
2 After Election,2_after_election,1077,কথা সত্য ধর্মের নাম দিয়ে অধর্ম চালানো ফ্যাসিবাদকে বিদায়,কথা সত্য ধর্মের নাম দিয়ে অধর্ম চালানো ফ্যাসিবাদকে বিদায়,3,0.8373164893720749
2 After Election,2_after_election,1078,দাদুর খবর কি? আছে নাকি গেছে।,দাদুর খবর কি আছে নাকি গেছে,3,0.7997199580307122
2 After Election,2_after_election,1079,চারদিকে গুজবে সঠিকটা পায়নি,চারদিকে গুজবে সঠিকটা পায়নি,2,0.7329428558045405
2 After Election,2_after_election,1080,কাগু নাকে কেরোসিন দিয়া ঘুমান,কাগু নাকে কেরোসিন দিয়া ঘুমান,3,0.5999817565239769
2 After Election,2_after_election,1081,Areh manush........ Ek jonre duraye tar theke o koyek gun beshi paji der anteche manush..... Allah hefajot koruk sobaike.... Ekhon lafiye diye pore jeno kadte na hoy desher manushke,areh manush ek jonre duraye tar theke o koyek gun beshi paji der anteche manush allah hefajot koruk sobaike ekhon lafiye diye pore jeno kadte na hoy desher manushke,1,0.46699169860869283
2 After Election,2_after_election,1082,In shaa Allah,in shaa allah,3,0.7333301647186827
2 After Election,2_after_election,1083,সাদা কয় কি,সাদা কয় কি,4,0.4000684678442869
2 After Election,2_after_election,1084,হ আসলেই তারা আজ থেকে বিলীন হয়ে যাবে। হয়ত লীগের লুঙ্গির তলে আবারো ডুকে যাবে,হ আসলেই তারা আজ থেকে বিলীন হয়ে যাবে হয়ত লীগের লুঙ্গির তলে আবারো ডুকে যাবে,1,0.5491533735483652
2 After Election,2_after_election,1085,"রেজাল্ট দেখার পরে আবার বেহুশ হয়েন না,,,,",রেজাল্ট দেখার পরে আবার বেহুশ হয়েন না,0,0.7949448294336388
2 After Election,2_after_election,1086,ইনশাআল্লাহ জয়ী হবে দাঁড়ি পাল্লা,ইনশাআল্লাহ জয়ী হবে দাঁড়ি পাল্লা,0,0.8399383347193387
2 After Election,2_after_election,1087,এই রকম কেয়া সোনা,এই রকম কেয়া সোনা,1,0.7329462919908085
2 After Election,2_after_election,1088,"কাকু,,,",কাকু,3,0.5999984332799876
2 After Election,2_after_election,1089,দাদু ১৮ টার বেশি পাইতেছে না,দাদু টার বেশি পাইতেছে না,1,0.729777941201124
2 After Election,2_after_election,1090,খেলা যে চলছে কন লেভেলে!!!,খেলা যে চলছে কন লেভেলে,2,0.799998172394454
2 After Election,2_after_election,1091,মেয়াদ উত্তীর্ণ গাজা খাওয়াইছে কে,মেয়াদ উত্তীর্ণ গাজা খাওয়াইছে কে,4,0.5977711349691917
2 After Election,2_after_election,1092,"নিমদাহ দোজরাজ টেল মি হারতাবুশ ক্রিক কই কিনুম বুমলাহ ,মহিনু জুকু লোহাক কইইই।",নিমদাহ দোজরাজ টেল মি হারতাবুশ ক্রিক কই কিনুম বুমলাহ মহিনু জুকু লোহাক কইইই,4,0.5999956822993131
2 After Election,2_after_election,1093,ফিরিয়ে দিলাম কাকু আপনার কথা আপনাকে,ফিরিয়ে দিলাম কাকু আপনার কথা আপনাকে,3,0.6407184472343702
2 After Election,2_after_election,1094,হ্যা তাই মনে হয়,হ্যা তাই মনে হয়,0,0.7316108411715576
2 After Election,2_after_election,1095,Tai tumader porajoy nischit,tai tumader porajoy nischit,1,0.5999904079106727
2 After Election,2_after_election,1096,জনগণ চাইলে অসুবিধা কি,জনগণ চাইলে অসুবিধা কি,2,0.7321266955019087
2 After Election,2_after_election,1097,ঠিকি বলছেন,ঠিকি বলছেন,0,0.2
2 After Election,2_after_election,1098,ভালো করে দেখেন কাক্কু তাকাইয়া স্বপ্নের থেকে বেরিয়ে আসেন,ভালো করে দেখেন কাক্কু তাকাইয়া স্বপ্নের থেকে বেরিয়ে আসেন,4,0.798431515838952
2 After Election,2_after_election,1099,কি পরিমান জাউড়া হইলে যেই দলটা দীর্ঘ ১৭ বছর যাবত ক্ষমতার বাইরে সেই দলটাকে নতুন ফ্যাসিবাদ বলা যায়?,কি পরিমান জাউড়া হইলে যেই দলটা দীর্ঘ বছর যাবত ক্ষমতার বাইরে সেই দলটাকে নতুন ফ্যাসিবাদ বলা যায়,2,0.4877361299170744
2 After Election,2_after_election,1100,টা টা শাদা শকুন,টা টা শাদা শকুন,4,0.7989362016480986
2 After Election,2_after_election,1101,চাচা কথা কম বলো,চাচা কথা কম বলো,4,0.7980570829426648
2 After Election,2_after_election,1102,তারুন্যের প্রথম ভোট ন্যায় ও ইনসাফের পক্ষে হোক।,তারুন্যের প্রথম ভোট ন্যায় ও ইনসাফের পক্ষে হোক,0,0.5062808851540799
2 After Election,2_after_election,1103,এই দেশ আর ঠিক হবে না এক দল আরেক দল কে শুধু দুশারুপ করেই যাচ্ছে।,এই দেশ আর ঠিক হবে না এক দল আরেক দল কে শুধু দুশারুপ করেই যাচ্ছে,1,0.8846059669971944
2 After Election,2_after_election,1104,দেখা যাবে,দেখা যাবে,1,0.7299602098908557
2 After Election,2_after_election,1105,হায় হায়,হায় হায়,3,0.7331139056926275
2 After Election,2_after_election,1106,ইনশাআল্লাহ বিজয় আমাদের ধানের শীষ,ইনশাআল্লাহ বিজয় আমাদের ধানের শীষ,0,0.6380567054104385
2 After Election,2_after_election,1107,শুনলাম ধানের শীষ জিতে গেছে,শুনলাম ধানের শীষ জিতে গেছে,2,0.6715049678225363
2 After Election,2_after_election,1108,Kaku Koy ki,kaku koy ki,1,0.5999973314750147
2 After Election,2_after_election,1109,কাকু টুপি মাথা কয় কি,কাকু টুপি মাথা কয় কি,0,0.5484133819759872
2 After Election,2_after_election,1110,যারা হা হা রিয়েকশন দিচ্ছেন তাদের উদ্দেশ্যে বলছি,যারা হা হা রিয়েকশন দিচ্ছেন তাদের উদ্দেশ্যে বলছি,3,0.6013049872570412
2 After Election,2_after_election,1111,নতুন বিপ্লবের পথে যাচ্ছে বাংলাদেশ। এবং এই বিপ্লবের বিজয় হবে ইসলামপন্থীদের। কোন চাঁদাবাজের ঋণ খেলা ফিদের বিজয় হবে না। দরকার হলে জেলায় আবার ফিরবে। জুলাই ফিরলে আবু সাঈদ মুগ্ধ রাও ফিরবে। আমি জানি নারায়ে তাকবীর আল্লাহু আকবার এই ধনী শুনলে অনেকের বুক কাঁপে। আমাদের সাথে রয়েছে আল্লাহ বিজয় হবে হবে ইনশাআল্লাহ।,নতুন বিপ্লবের পথে যাচ্ছে বাংলাদেশ এবং এই বিপ্লবের বিজয় হবে ইসলামপন্থীদের কোন চাঁদাবাজের ঋণ খেলা ফিদের বিজয় হবে না দরকার হলে জেলায় আবার ফিরবে জুলাই ফিরলে আবু সাঈদ মুগ্ধ রাও ফিরবে আমি জানি নারায়ে তাকবীর আল্লাহু আকবার এই ধনী শুনলে অনেকের বুক কাঁপে আমাদের সাথে রয়েছে আল্লাহ বিজয় হবে হবে ইনশাআল্লাহ,0,0.4846100054657173
2 After Election,2_after_election,1112,আগামী পাঁচ বছর পর দেখা হবে। দোয়া করি দলটাকে আরও গোছান।,আগামী পাঁচ বছর পর দেখা হবে দোয়া করি দলটাকে আরও গোছান,2,0.8973838613225406
2 After Election,2_after_election,1113,আবার জিগায়,আবার জিগায়,4,0.591383379967377
2 After Election,2_after_election,1114,আর একটু অপেক্ষা করো,আর একটু অপেক্ষা করো,2,0.7989697660550278
2 After Election,2_after_election,1115,তুমি পাশ করলে মানুষের বউ নিয়া বিপদে পড়বো।,তুমি পাশ করলে মানুষের বউ নিয়া বিপদে পড়বো,0,0.8844996251899432
2 After Election,2_after_election,1116,দিস ইস পি এ,দিস ইস পি এ,0,0.5999927164417701
2 After Election,2_after_election,1117,হুজুর এসব কথা বলে জনগণকে বিভ্রান্ত না করলেও পারেন। মানুষ অনলাইনে সবই দেখতেছে।,হুজুর এসব কথা বলে জনগণকে বিভ্রান্ত না করলেও পারেন মানুষ অনলাইনে সবই দেখতেছে,2,0.5709752214433685
2 After Election,2_after_election,1118,কাকু স্টক করার নাটক করেন নাটক করেন,কাকু স্টক করার নাটক করেন নাটক করেন,2,0.41726650555010825
2 After Election,2_after_election,1119,গণজোয়ার দেখে আমীর সব ভয় পেয়েছে।,গণজোয়ার দেখে আমীর সব ভয় পেয়েছে,0,0.8381474666402319
2 After Election,2_after_election,1120,"সঠিক,",সঠিক,4,0.5999977707466385
2 After Election,2_after_election,1121,"কথা সত্য, চেহারা মলিন।",কথা সত্য চেহারা মলিন,1,0.7949620849841169
2 After Election,2_after_election,1122,রাতে ভোট সম্পন্ন,রাতে ভোট সম্পন্ন,0,0.7307606838448846
2 After Election,2_after_election,1123,চাচায় বাঁশ খাইয়া লাইছে,চাচায় বাঁশ খাইয়া লাইছে,4,0.5999791395654374
2 After Election,2_after_election,1124,Alif Laylar Dadu MC 71,alif laylar dadu mc,0,0.5999847084427493
2 After Election,2_after_election,1125,Inshaallah dadu,inshaallah dadu,1,0.40026875956371566
2 After Election,2_after_election,1126,বিষয়টা এরকম হয়ে গেল না জিতলে সব ঠিক আছে না জিতলে ফ্যাসিবাদ!,বিষয়টা এরকম হয়ে গেল না জিতলে সব ঠিক আছে না জিতলে ফ্যাসিবাদ,4,0.5999281699404143
2 After Election,2_after_election,1127,লাইটিং ব্যবস্থার কারনে চেহারার উজ্জ্বলতা নষ্ট হয়ে গেছে,লাইটিং ব্যবস্থার কারনে চেহারার উজ্জ্বলতা নষ্ট হয়ে গেছে,3,0.6121477807967108
2 After Election,2_after_election,1128,সারা দেশে এইরকম ভোট হচ্ছে..,সারা দেশে এইরকম ভোট হচ্ছে,3,0.7939515829211576
2 After Election,2_after_election,1129,চোরের মার বড় গলা।,চোরের মার বড় গলা,3,0.7328783671652899
2 After Election,2_after_election,1130,মনে হয় ভোটের রেজাল্ট আগে থেকে ফিক্সট আছে।,মনে হয় ভোটের রেজাল্ট আগে থেকে ফিক্সট আছে,0,0.798994232194235
2 After Election,2_after_election,1131,সারা দেশে মানুষ খালি খবর দেয় ভোট দেয় না।,সারা দেশে মানুষ খালি খবর দেয় ভোট দেয় না,3,0.9099086570251007
2 After Election,2_after_election,1132,জ্বী করে নাই তো,জ্বী করে নাই তো,2,0.5995486257472465
2 After Election,2_after_election,1133,চোদলিং পং,চোদলিং পং,0,0.5992699214366534
2 After Election,2_after_election,1134,"রিয়ালিটির মানি নাও তোমার বারোটা বেজে গেছে দাদু,",রিয়ালিটির মানি নাও তোমার বারোটা বেজে গেছে দাদু,3,0.8659856416318586
2 After Election,2_after_election,1135,এত খুশির সংবাদ দিচ্ছেন কিন্তু চেহারা তো অনেক মলিন স্যার,এত খুশির সংবাদ দিচ্ছেন কিন্তু চেহারা তো অনেক মলিন স্যার,1,0.8651845679228337
2 After Election,2_after_election,1136,ArNav AB,arnav ab,0,0.2
2 After Election,2_after_election,1137,Sadman Sheikh Rahman,sadman sheikh rahman,1,0.5999941993736522
2 After Election,2_after_election,1138,রাতে ভোট নাকি “খামিনি ওরফে চুম্মা বাবা”,রাতে ভোট নাকি খামিনি ওরফে চুম্মা বাবা,0,0.8647264672231672
2 After Election,2_after_election,1139,"দাদু সময় মত হাইগেন,,গু-ত মাথায় ঊঠে গেছে।",দাদু সময় মত হাইগেন গু ত মাথায় ঊঠে গেছে,3,0.8656700832660824
2 After Election,2_after_election,1140,"এত তারাতারি গোপন ভাবে যে ভোট দেওয়া হলো, বাক্স তো খুলে নাই খবর কিভাবে পাচ্ছেন দাদু",এত তারাতারি গোপন ভাবে যে ভোট দেওয়া হলো বাক্স তো খুলে নাই খবর কিভাবে পাচ্ছেন দাদু,3,0.4785842076997038
2 After Election,2_after_election,1141,"সব খালি কলশি এক সাথে জোট বাঁধছে, তাই এত বাজতাছে।",সব খালি কলশি এক সাথে জোট বাঁধছে তাই এত বাজতাছে,3,0.798388495200189
2 After Election,2_after_election,1142,অপেক্ষা করেন,অপেক্ষা করেন,2,0.7322843133537617
2 After Election,2_after_election,1143,জামাত ইনশাল্লাহ জয়ী হবে,জামাত ইনশাল্লাহ জয়ী হবে,0,0.549866909752141
2 After Election,2_after_election,1144,মনে হয় জামাত,মনে হয় জামাত,0,0.7324327955658265
2 After Election,2_after_election,1145,উগ্রবাদী একটা মানুষ। কোন সন্দেহ নাই।,উগ্রবাদী একটা মানুষ কোন সন্দেহ নাই,4,0.48623676837772434
2 After Election,2_after_election,1146,দালালদের মিডিয়াতে ভালো কিছু আশা করা যায় নাহ,দালালদের মিডিয়াতে ভালো কিছু আশা করা যায় নাহ,1,0.837059254106742
2 After Election,2_after_election,1147,গ গ গ গদি লইরা গেছে,গ গ গ গদি লইরা গেছে,3,0.5999819120602653
2 After Election,2_after_election,1148,আফসুস করছি।,আফসুস করছি,2,0.595928228065338
2 After Election,2_after_election,1149,কাক্কু কি করবেন আপনার জান্নাত তো যায় যায়,কাক্কু কি করবেন আপনার জান্নাত তো যায় যায়,2,0.3980453649704533
2 After Election,2_after_election,1150,আপাতত মুতে হুতি যান কাকু,আপাতত মুতে হুতি যান কাকু,1,0.43975416645217724
2 After Election,2_after_election,1151,বেশি কমে ১ বছর,বেশি কমে বছর,1,0.7305886442095794
2 After Election,2_after_election,1152,আলিফ লায়লার জ্বীন,আলিফ লায়লার জ্বীন,0,0.2
2 After Election,2_after_election,1153,Bua Talukder Shahadat bua,bua talukder shahadat bua,0,0.2
2 After Election,2_after_election,1154,আপনার কথার সত্যতা পেলাম।,আপনার কথার সত্যতা পেলাম,4,0.5966103629970874
2 After Election,2_after_election,1155,সবাই কেন্দ্র পাহাড়া দিন,সবাই কেন্দ্র পাহাড়া দিন,0,0.7318814408252606
2 After Election,2_after_election,1156,"বিজয় ইনসাফের , তরুণ প্রজন্মের হবে সময় মাত্র অপেক্ষা ইনশাআল্লাহ",বিজয় ইনসাফের তরুণ প্রজন্মের হবে সময় মাত্র অপেক্ষা ইনশাআল্লাহ,3,0.5658292428779189
2 After Election,2_after_election,1157,একটু পরে এসে বলবে নির্বাচন বানচাল করা হয়েছে।,একটু পরে এসে বলবে নির্বাচন বানচাল করা হয়েছে,2,0.5812623534072164
2 After Election,2_after_election,1158,inasallha,inasallha,0,0.2
2 After Election,2_after_election,1159,অপেক্ষা করুন,অপেক্ষা করুন,0,0.7294004455859472
2 After Election,2_after_election,1160,চেহারায় দুঃচিন্তা ফুটে উঠছে,চেহারায় দুঃচিন্তা ফুটে উঠছে,3,0.5985379778910415
2 After Election,2_after_election,1161,আপনারা সবাই বের হয়ে আসুন।,আপনারা সবাই বের হয়ে আসুন,0,0.5316264010956944
2 After Election,2_after_election,1162,"কেন্দ্রে কেন্দ্রে প্রতিরোধ গড়ে তুলুন, ইনশাআল্লাহ বিজয় সন্নিকটে।",কেন্দ্রে কেন্দ্রে প্রতিরোধ গড়ে তুলুন ইনশাআল্লাহ বিজয় সন্নিকটে,0,0.8848491193222044
2 After Election,2_after_election,1163,"যা করার দরকার ছিলো সেটা তো গতকাল রাত্রেই করে ফেলেছেন, এখন তো সন্তুষ্টির কথাই বলবেন।",যা করার দরকার ছিলো সেটা তো গতকাল রাত্রেই করে ফেলেছেন এখন তো সন্তুষ্টির কথাই বলবেন,2,0.7700143503178807
2 After Election,2_after_election,1164,আমি নিশ্চিত ওনি পাতার বিড়ি খায়,আমি নিশ্চিত ওনি পাতার বিড়ি খায়,0,0.6456552605803647
2 After Election,2_after_election,1165,ও শোনা গো আমার কোথায় লুকিয়ে ছিলে এতোদিন বুকে আসো,ও শোনা গো আমার কোথায় লুকিয়ে ছিলে এতোদিন বুকে আসো,2,0.7321317823797975
2 After Election,2_after_election,1166,না থাক বুকে আসলে তো আবার চুম্মা দিয়ে দিবে Channel 24 News,না থাক বুকে আসলে তো আবার চুম্মা দিয়ে দিবে channel news,0,0.8833141957084842
2 After Election,2_after_election,1168,"ভিডিও কল ২০০ অডিও কল ৫০ শুধুমাত্র আজকের জন্য,,ডিরেক্ট কল দিয়ে ডিল করতে হবে,,এরপরে ওয়াটস আপ নাম্বার দেব",ভিডিও কল অডিও কল শুধুমাত্র আজকের জন্য ডিরেক্ট কল দিয়ে ডিল করতে হবে এরপরে ওয়াটস আপ নাম্বার দেব,1,0.6385329515527003
2 After Election,2_after_election,1170,দাদা তৈরি হয়ে যাও যুবকদের হাতে ফোন মারা খাওয়ার জন্য,দাদা তৈরি হয়ে যাও যুবকদের হাতে ফোন মারা খাওয়ার জন্য,2,0.6558724158888738
2 After Election,2_after_election,1171,"একদম ঠিক বলেছেন,,তার কথায় কোন দোষ নেই তবে নতুন ফ্যাসিবাদ তো যারা নিজেদের জামাত ইসলাম নামে পরিচয় দেন তারাও হতে পারেন!!",একদম ঠিক বলেছেন তার কথায় কোন দোষ নেই তবে নতুন ফ্যাসিবাদ তো যারা নিজেদের জামাত ইসলাম নামে পরিচয় দেন তারাও হতে পারেন,2,0.4537523548592823
2 After Election,2_after_election,1172,আমি প্রবাস থেকে জুমাত কে বলছি...,আমি প্রবাস থেকে জুমাত কে বলছি,4,0.5982521687463914
2 After Election,2_after_election,1173,"মু'তু করে শুয়ে পড়ো আর কথা বাড়িও না,",মু তু করে শুয়ে পড়ো আর কথা বাড়িও না,3,0.5999754896155437
2 After Election,2_after_election,1174,তাহলে পোলাপান কিন্তু মাইর দিবে..,তাহলে পোলাপান কিন্তু মাইর দিবে,4,0.7982118608236476
2 After Election,2_after_election,1175,আর হ্যাঁ জুমাতের পোলাপানদের বলছি ..,আর হ্যাঁ জুমাতের পোলাপানদের বলছি,4,0.5982521687463914
2 After Election,2_after_election,1176,একটু লেবু বেশি করে খাও...,একটু লেবু বেশি করে খাও,1,0.5287770608348711
2 After Election,2_after_election,1177,তাহলে টাল কেটে যাবে নে....!,তাহলে টাল কেটে যাবে নে,4,0.7308676102964818
2 After Election,2_after_election,1178,"গতকাল রাতে আপনারা যে তাণ্ডব চালিয়েছেন কালো টাকার ছাড়াছাড়ির মাধ্যমে, অর্ধেক ভোট ওখানেই কমে গেছে",গতকাল রাতে আপনারা যে তাণ্ডব চালিয়েছেন কালো টাকার ছাড়াছাড়ির মাধ্যমে অর্ধেক ভোট ওখানেই কমে গেছে,0,0.48113965839681666
2 After Election,2_after_election,1179,ঢাকা ১৫ আমাদেরকে কি দেয় দেখি,ঢাকা আমাদেরকে কি দেয় দেখি,3,0.7991530822236426
2 After Election,2_after_election,1180,সিলেট থেকে ডাঃ শফিকুর রহমান কি উপহার দেয় আমাদের এটি দেখার বিষয় ।,সিলেট থেকে ডাঃ শফিকুর রহমান কি উপহার দেয় আমাদের এটি দেখার বিষয়,3,0.7434567048723579
2 After Election,2_after_election,1181,কচি বলে কি,কচি বলে কি,0,0.39982622035505516
2 After Election,2_after_election,1182,Insaallah,insaallah,0,0.2
2 After Election,2_after_election,1183,লাইলাতুল গুজব,লাইলাতুল গুজব,2,0.7333237375197331
2 After Election,2_after_election,1184,Notun Rajakar boicot,notun rajakar boicot,2,0.599621611874672
2 After Election,2_after_election,1185,আল্লাহ আপনি দাড়িপাল্লার বিজয় দিন,আল্লাহ আপনি দাড়িপাল্লার বিজয় দিন,0,0.5515046566720972
2 After Election,2_after_election,1186,Insha allah,insha allah,3,0.7333290049564236
2 After Election,2_after_election,1187,মলমপাটি কয় কি,মলমপাটি কয় কি,0,0.5985778602588292
2 After Election,2_after_election,1188,সঠিক কারণ এক্ষেত্রে জামাত বাআলকে পরাজিত করার সামর্থ্য রাখে।,সঠিক কারণ এক্ষেত্রে জামাত বাআলকে পরাজিত করার সামর্থ্য রাখে,4,0.6076154732287954
2 After Election,2_after_election,1189,স্বপ্নদোষ ধরেছে আপনাদেরকে।,স্বপ্নদোষ ধরেছে আপনাদেরকে,0,0.2
2 After Election,2_after_election,1190,Amr dhoner khobor paiteco tmi,amr dhoner khobor paiteco tmi,0,0.2
2 After Election,2_after_election,1191,Gu kheye mor su**er baccha,gu kheye mor su er baccha,1,0.5999956218929777
2 After Election,2_after_election,1192,বাংলাদেশ জাতীয়তাবাদী দল বিএনপি ১৮৫আসনের চেয়েও বেশি আসনে বিজয় লাভ করে তারা এককভাবে সরকার গঠন করতে যাচ্ছে ১০০% নিশ্চিত।,বাংলাদেশ জাতীয়তাবাদী দল বিএনপি আসনের চেয়েও বেশি আসনে বিজয় লাভ করে তারা এককভাবে সরকার গঠন করতে যাচ্ছে নিশ্চিত,0,0.4604732716216697
2 After Election,2_after_election,1193,শুরু হয়ে গেল পরাজয়ের আশংকায় চিরাচরিত বয়ান,শুরু হয়ে গেল পরাজয়ের আশংকায় চিরাচরিত বয়ান,4,0.839020526092916
2 After Election,2_after_election,1194,হার্টের ডাক্তার রাইখেন আশেপাশে ।দাদু,হার্টের ডাক্তার রাইখেন আশেপাশে দাদু,3,0.7329127329331289
2 After Election,2_after_election,1195,রাতের ভোটের আসায় কাকু বলতাছে,রাতের ভোটের আসায় কাকু বলতাছে,3,0.7963963895857924
2 After Election,2_after_election,1196,করে নাই ওয়েলকাম,করে নাই ওয়েলকাম,2,0.7326797719794103
2 After Election,2_after_election,1197,এখন পর্যন্ত ২১৪ আসন বিএনপির।,এখন পর্যন্ত আসন বিএনপির,4,0.7955908972935644
2 After Election,2_after_election,1198,"এগুলো আর কয়েক ঘণ্টা কাক্কু,,",এগুলো আর কয়েক ঘণ্টা কাক্কু,3,0.5489921649195955
2 After Election,2_after_election,1199,ইনশাআল্লাহ দাঁড়িপাল্লার বিজয় হবে।,ইনশাআল্লাহ দাঁড়িপাল্লার বিজয় হবে,0,0.7999991254087769
2 After Election,2_after_election,1200,গলার পানি শুকাতে শুরু হইছে,গলার পানি শুকাতে শুরু হইছে,1,0.5962554711791811
2 After Election,2_after_election,1201,আপনি ঠিকই শুনেছেন। বিএনপিকে রুখে দাঁড়ান। আওয়ামী লীগ আপনাদের পাশে আছে।,আপনি ঠিকই শুনেছেন বিএনপিকে রুখে দাঁড়ান আওয়ামী লীগ আপনাদের পাশে আছে,1,0.8973262662449296
2 After Election,2_after_election,1202,মিডিয়া গুলো এত পরিমান দালালি করতে আছে। এক পক্ষের হয়ে,মিডিয়া গুলো এত পরিমান দালালি করতে আছে এক পক্ষের হয়ে,4,0.8835439400075247
2 After Election,2_after_election,1203,"আয়াতুল কুরসি পড়লে যেমন শয়তান ভয়ে দূরে সরে যায়, তেমনি ১৯৭১ এর কথা শুনলে জামাত দূরে সরে যায়।",আয়াতুল কুরসি পড়লে যেমন শয়তান ভয়ে দূরে সরে যায় তেমনি এর কথা শুনলে জামাত দূরে সরে যায়,4,0.7281129658717606
2 After Election,2_after_election,1204,Sada sokun cumma sofi 20 ta paba,sada sokun cumma sofi ta paba,4,0.598758720425663
2 After Election,2_after_election,1205,"হেরে যাওয়ার ভয়ে পাগল হয়ে গেছেন,",হেরে যাওয়ার ভয়ে পাগল হয়ে গেছেন,4,0.8647914024864356
2 After Election,2_after_election,1206,হারার জন্য প্রস্তুত থাকুন।,হারার জন্য প্রস্তুত থাকুন,0,0.7983275855169569
2 After Election,2_after_election,1207,tmi codling pong hoye jabe somos nai sona mona,tmi codling pong hoye jabe somos nai sona mona,1,0.7333270049615139
2 After Election,2_after_election,1208,মারহাবা!,মারহাবা,3,0.5999930320902196
2 After Election,2_after_election,1209,জামাত ক্ষমতা পাইলে স্বামীজান কে আবার সুন্নাতে খতনা করামু,জামাত ক্ষমতা পাইলে স্বামীজান কে আবার সুন্নাতে খতনা করামু,0,0.7974610176535134
2 After Election,2_after_election,1210,"সারাদেশ থেকে খবর পাচ্ছে জামানতের খেয়ানত হচ্ছে,",সারাদেশ থেকে খবর পাচ্ছে জামানতের খেয়ানত হচ্ছে,3,0.4010038170405982
2 After Election,2_after_election,1211,সত্যি বলতে কষ্ট লাগতেছে তাই একটু গুরিয়ে ফেছিয়ে বলছে কাক্কু। সবাইকে বুঝে নেওয়ার আহ্বান জানিয়ে রাখলাম,সত্যি বলতে কষ্ট লাগতেছে তাই একটু গুরিয়ে ফেছিয়ে বলছে কাক্কু সবাইকে বুঝে নেওয়ার আহ্বান জানিয়ে রাখলাম,3,0.7349098693507147
2 After Election,2_after_election,1212,Vote to valo churi korassen.,vote to valo churi korassen,1,0.44069735583966774
2 After Election,2_after_election,1213,সোশ্যাল মিডিয়ায় যা দেখলাম তাতে ৬০% মানুষ ভোট বর্জন করেছে কোন রাজাকারকে চায় না,সোশ্যাল মিডিয়ায় যা দেখলাম তাতে মানুষ ভোট বর্জন করেছে কোন রাজাকারকে চায় না,1,0.6126420928171977
2 After Election,2_after_election,1214,"আমি আবার আওয়ামী লীগকে ক্ষমতায় দেখতে চাই, কারণ বিএনপির জন্য আওয়ামী লীগের ঠিক আছে",আমি আবার আওয়ামী লীগকে ক্ষমতায় দেখতে চাই কারণ বিএনপির জন্য আওয়ামী লীগের ঠিক আছে,1,0.7106044250643566
2 After Election,2_after_election,1215,"তোমার কাজে বলে,তুমি মিথ্যা কথা বল",তোমার কাজে বলে তুমি মিথ্যা কথা বল,4,0.6385072158245356
2 After Election,2_after_election,1216,স্বপ্ন টা যেন দোষ না হয়,স্বপ্ন টা যেন দোষ না হয়,2,0.5465331081476927
2 After Election,2_after_election,1217,রেজাল্ট পাওয়ার পর আবার কান্নাকাটি কইরো না,রেজাল্ট পাওয়ার পর আবার কান্নাকাটি কইরো না,4,0.8658664754715125
2 After Election,2_after_election,1218,দেইখেন একটু পরে আবার ভোট প্রত্যাখ্যান কইরেন না,দেইখেন একটু পরে আবার ভোট প্রত্যাখ্যান কইরেন না,2,0.8380496080999623
2 After Election,2_after_election,1219,দাদু পাকিস্তানের টিকেট কাটেন,দাদু পাকিস্তানের টিকেট কাটেন,1,0.7301548638714513
2 After Election,2_after_election,1220,সাদা শকুন শেষ,সাদা শকুন শেষ,4,0.5499895656000365
2 After Election,2_after_election,1221,"আল্লাহর কসম করে বলছি, যারা ভোট কারচুপি করছে তাদের হাত পা পুঙ্গ হয়ে যাবে, তাদের সব কিছু ধ্বংস হয়ে যাবে",আল্লাহর কসম করে বলছি যারা ভোট কারচুপি করছে তাদের হাত পা পুঙ্গ হয়ে যাবে তাদের সব কিছু ধ্বংস হয়ে যাবে,4,0.9372961723554607
2 After Election,2_after_election,1222,এই ভোট কারচুপি জনগণ মেনে নিতে পারছে না,এই ভোট কারচুপি জনগণ মেনে নিতে পারছে না,2,0.8851641558966201
2 After Election,2_after_election,1223,কাকা ও কাকা ভালো লাগে না,কাকা ও কাকা ভালো লাগে না,1,0.8386196484921228
2 After Election,2_after_election,1224,চার বারের মতো ফেল করে আজকে এক হালি হবে,চার বারের মতো ফেল করে আজকে এক হালি হবে,0,0.6496518844678836
2 After Election,2_after_election,1225,"নরম বালিশ দে একটা,দাদুর ঘুম পাইছে",নরম বালিশ দে একটা দাদুর ঘুম পাইছে,3,0.8383702158077833
2 After Election,2_after_election,1226,Yes! ধর্মীয় ফ্যাসিবাদের আসার সম্ভাবনা নাই!,yes ধর্মীয় ফ্যাসিবাদের আসার সম্ভাবনা নাই,4,0.4545790636179378
2 After Election,2_after_election,1227,"ফেরেশতা নাকি শয়তান এর মাধ্যমে খবর পাইছেন,কাক্কু",ফেরেশতা নাকি শয়তান এর মাধ্যমে খবর পাইছেন কাক্কু,3,0.4261675007464673
2 After Election,2_after_election,1228,অপেক্ষা কর,অপেক্ষা কর,2,0.7326078388064544
2 After Election,2_after_election,1229,ইনশা আল্লাহ দাড়ি পাল্লা,ইনশা আল্লাহ দাড়ি পাল্লা,2,0.5169946805126412
2 After Election,2_after_election,1230,রাজা কার কে ওয়েলকাম করবে,রাজা কার কে ওয়েলকাম করবে,2,0.7327182804600193
2 After Election,2_after_election,1231,তোমার ১২ টা বেজে গেছে,তোমার টা বেজে গেছে,3,0.7302148809375817
2 After Election,2_after_election,1232,একদম।,একদম,1,0.599564621938219
2 After Election,2_after_election,1233,আর জামাতও গুপ্ত হয়ে যাবে আবারো লুঙ্গির তলে,আর জামাতও গুপ্ত হয়ে যাবে আবারো লুঙ্গির তলে,4,0.5282567803581663
2 After Election,2_after_election,1234,তাই নাকি ভাই জয় হবে ধানের শীষ,তাই নাকি ভাই জয় হবে ধানের শীষ,0,0.5262689844137348
2 After Election,2_after_election,1235,Mohammad Rokib,mohammad rokib,1,0.5999849268287765
2 After Election,2_after_election,1236,আচ্ছা আপনি প্রধানমন্ত্রী,আচ্ছা আপনি প্রধানমন্ত্রী,4,0.45385956496052543
2 After Election,2_after_election,1237,ইনশাআল্লাহ দাড়ি পাল্লা বিজয় হবে,ইনশাআল্লাহ দাড়ি পাল্লা বিজয় হবে,0,0.6404746702876083
2 After Election,2_after_election,1238,SE Shuvo Nur,se shuvo nur,0,0.2
2 After Election,2_after_election,1239,Talimul Islam,talimul islam,1,0.5999904261620111
2 After Election,2_after_election,1240,"চেহারায় তো কয় ""আমিতো ভালানা ভালো লইয়া থাইকো""",চেহারায় তো কয় আমিতো ভালানা ভালো লইয়া থাইকো,3,0.4912247778392023
2 After Election,2_after_election,1241,কাকু খুয়াপ দেখছে মনে হয়,কাকু খুয়াপ দেখছে মনে হয়,4,0.5436485937366988
2 After Election,2_after_election,1242,"চেহারাই ত তাই বলে না,,",চেহারাই ত তাই বলে না,2,0.5983132535787954
2 After Election,2_after_election,1243,"জিতলে অর্জন, হারলেই বর্জন, সমস্যা নাই জনগণন লাল কার্ড দেখিয়ে দিবে ।",জিতলে অর্জন হারলেই বর্জন সমস্যা নাই জনগণন লাল কার্ড দেখিয়ে দিবে,2,0.8832957404475229
2 After Election,2_after_election,1244,অনলাইন প্রধানমন্ত্রী ওকে ওকে,অনলাইন প্রধানমন্ত্রী ওকে ওকে,4,0.8359087342807733
2 After Election,2_after_election,1245,মনে হচ্ছে এবারও জামানত বাজেয়াপ্ত হবে চাচার,মনে হচ্ছে এবারও জামানত বাজেয়াপ্ত হবে চাচার,4,0.4639868097563192
2 After Election,2_after_election,1246,মুকচিটকে যুদ্ধ শুরু করে দিবে নাকি।,মুকচিটকে যুদ্ধ শুরু করে দিবে নাকি,4,0.837585729364611
2 After Election,2_after_election,1247,কাকু নিজের আসনে পাশ করবেকিনা,কাকু নিজের আসনে পাশ করবেকিনা,0,0.5656674371336423
2 After Election,2_after_election,1248,সেই জন্যই তো ১২ তারিখের ভোট ১১ তারিখ রাতেই হয়েছে,সেই জন্যই তো তারিখের ভোট তারিখ রাতেই হয়েছে,3,0.5836372122362058
2 After Election,2_after_election,1249,আপনার চেহারায় অন্য কথা বলে,আপনার চেহারায় অন্য কথা বলে,4,0.7963872670299712
2 After Election,2_after_election,1250,এই তো মগবাজারের স্ক্রিপ্ট পাঠ করছেন মাতারি,এই তো মগবাজারের স্ক্রিপ্ট পাঠ করছেন মাতারি,0,0.2
2 After Election,2_after_election,1251,তারুণ্যের প্রথম ভোট,তারুণ্যের প্রথম ভোট,2,0.7961203061208042
2 After Election,2_after_election,1252,স্বাধীনতা ও সার্বভৌমত্বের প্রতীক,স্বাধীনতা ও সার্বভৌমত্বের প্রতীক,3,0.4002515517795916
2 After Election,2_after_election,1253,ধানের শীষের পক্ষে হোক,ধানের শীষের পক্ষে হোক,0,0.572390747637673
2 After Election,2_after_election,1254,Moulvibazar. (3),moulvibazar,0,0.2
2 After Election,2_after_election,1255,দাঁড়িপাল্লাই ভোট দিন,দাঁড়িপাল্লাই ভোট দিন,0,0.5938280018397392
2 After Election,2_after_election,1256,নতুন বাংলাদেশ বুঝে নিন,নতুন বাংলাদেশ বুঝে নিন,3,0.8367930712245227
2 After Election,2_after_election,1257,যদি ডঃ ইউনুস সরকার ডিক্লেয়ার দিয়ে নেয় তাহলে সাদা শকুন,যদি ডঃ ইউনুস সরকার ডিক্লেয়ার দিয়ে নেয় তাহলে সাদা শকুন,3,0.538972130561715
2 After Election,2_after_election,1258,বাহিরে মুতে ঘরে গিয়ে শুতে পড়েন আপাতত,বাহিরে মুতে ঘরে গিয়ে শুতে পড়েন আপাতত,1,0.8853808416206901
2 After Election,2_after_election,1259,"এলাকার আবহাওয়া , সবার মুখে ধানের শীষের বিজয়ের ধ্বনি।",এলাকার আবহাওয়া সবার মুখে ধানের শীষের বিজয়ের ধ্বনি,0,0.8397482686507853
2 After Election,2_after_election,1260,"পাঁচটা পর্যন্ত এই কথার উপর থাকবেন, আশা করছি।",পাঁচটা পর্যন্ত এই কথার উপর থাকবেন আশা করছি,2,0.8368868373736689
2 After Election,2_after_election,1261,চাচা আপনারা খুব বিনোদন দেন,চাচা আপনারা খুব বিনোদন দেন,2,0.7984327031120603
2 After Election,2_after_election,1262,চলিতেছে সার্কাস,চলিতেছে সার্কাস,2,0.7333254355469523
2 After Election,2_after_election,1263,ভোট যদি সঠিক ভাবে হয় তাহলে রিকশা মার্কার এবং দাঁড়িপাল্লার বিজয় হবে ইনশাল্লাহ,ভোট যদি সঠিক ভাবে হয় তাহলে রিকশা মার্কার এবং দাঁড়িপাল্লার বিজয় হবে ইনশাল্লাহ,0,0.5090128893770642
2 After Election,2_after_election,1264,হনুমান দেখেই বোঝা যাচ্ছে কে যাবে ক্ষমতায়।,হনুমান দেখেই বোঝা যাচ্ছে কে যাবে ক্ষমতায়,1,0.8389328786373544
2 After Election,2_after_election,1265,জনাব রাতের টা কি রেডি হইয়া গেছে?,জনাব রাতের টা কি রেডি হইয়া গেছে,3,0.5510005381242145
2 After Election,2_after_election,1266,অন্যান্য বারের মতন এইবার জামানতটা টিকলেই হইল আম্নের!!!,অন্যান্য বারের মতন এইবার জামানতটা টিকলেই হইল আম্নের,0,0.8393318871272277
2 After Election,2_after_election,1267,চিন্তিত চেহারা,চিন্তিত চেহারা,1,0.599998110680531
2 After Election,2_after_election,1268,চেহারা দেখলেই বুঝা যায় কি সুখবর পাচ্ছেন কাকু,চেহারা দেখলেই বুঝা যায় কি সুখবর পাচ্ছেন কাকু,1,0.6400371273341633
2 After Election,2_after_election,1269,কোনো লাভ নাই ধানের শীষের বিজয় হবেই,কোনো লাভ নাই ধানের শীষের বিজয় হবেই,0,0.6319093604694308
2 After Election,2_after_election,1270,বড় ফ্যাসিষ্ট রাজাকারের আমীর চুদলিং পং পার্টি,বড় ফ্যাসিষ্ট রাজাকারের আমীর চুদলিং পং পার্টি,0,0.7427379741075586
2 After Election,2_after_election,1271,ওয়েলকাম করে নিয়েছে,ওয়েলকাম করে নিয়েছে,2,0.7324940479993525
2 After Election,2_after_election,1272,মওদুদি কে লাল কার্ড দেখিয়ে দিছে জনগণ,মওদুদি কে লাল কার্ড দেখিয়ে দিছে জনগণ,2,0.6733216716423795
2 After Election,2_after_election,1273,"ধর্ম ব্যবসা কে রুখে দিন """,ধর্ম ব্যবসা কে রুখে দিন,4,0.7322684886629283
2 After Election,2_after_election,1274,ধানের শীষে ভোট দিন,ধানের শীষে ভোট দিন,0,0.52140524503234
2 After Election,2_after_election,1275,"তারেক জিয়া শেখ হাসিনার পথেই হাটছে,,,",তারেক জিয়া শেখ হাসিনার পথেই হাটছে,3,0.8396100155176508
2 After Election,2_after_election,1276,সাথে মানুষ 71 এর কথাও ভুলে নাই,সাথে মানুষ এর কথাও ভুলে নাই,1,0.5481477129604372
2 After Election,2_after_election,1277,ধর্ম ব্যাবসা কে রুখে দিন।,ধর্ম ব্যাবসা কে রুখে দিন,4,0.7322684886629283
2 After Election,2_after_election,1278,"তারুণ‍্যের প্রথম ভোট,",তারুণ্যের প্রথম ভোট,2,0.7961203061208042
2 After Election,2_after_election,1279,শীতল পাটী রেডি রাখছো তো!,শীতল পাটী রেডি রাখছো তো,2,0.7328581727520607
2 After Election,2_after_election,1280,শেষ শেষ চুম্মা শফিক,শেষ শেষ চুম্মা শফিক,3,0.6403279199601292
2 After Election,2_after_election,1281,মানে টের পাইছে তাহলে,মানে টের পাইছে তাহলে,3,0.7985307005011458
2 After Election,2_after_election,1282,ধ*নকিলাব বর্বাদ!,ধ নকিলাব বর্বাদ,0,0.2
2 After Election,2_after_election,1283,যতদিন বাংলাদেশ থাকবে ততদিন মুক্তিযুদ্ধ হারবে না ৭১ এর চেতনা থাকবে আমাদের হৃদয়ে অস্তিত্বের মনিকোঠায় পরম মর্যাদায়।,যতদিন বাংলাদেশ থাকবে ততদিন মুক্তিযুদ্ধ হারবে না এর চেতনা থাকবে আমাদের হৃদয়ে অস্তিত্বের মনিকোঠায় পরম মর্যাদায়,4,0.7363007028883535
2 After Election,2_after_election,1284,তাই নাকি কাক্কু,তাই নাকি কাক্কু,3,0.7312267269114107
2 After Election,2_after_election,1285,তুমি ধন চুসো।,তুমি ধন চুসো,0,0.2
2 After Election,2_after_election,1286,"জিতবে এবার চাষাভুষা, জিতবে মাঝিমাল্লা,",জিতবে এবার চাষাভুষা জিতবে মাঝিমাল্লা,0,0.7985167784737626
2 After Election,2_after_election,1287,"সৎলোকের শাসন হবে, জিতবে দাঁড়িপাল্লা,",সৎলোকের শাসন হবে জিতবে দাঁড়িপাল্লা,0,0.5505834000595277
2 After Election,2_after_election,1288,"বিজয়ের নেশায় বাড়িয়েছি পা,উঠিয়াছি মোর শির,",বিজয়ের নেশায় বাড়িয়েছি পা উঠিয়াছি মোর শির,0,0.40007713005466544
2 After Election,2_after_election,1289,সে বিজয় ছাড়া ফিরবো না ঘরে নারায়ে তাকবীর,সে বিজয় ছাড়া ফিরবো না ঘরে নারায়ে তাকবীর,1,0.46864106815642137
2 After Election,2_after_election,1290,একটু লাল চায়ের ব্যবস্হা করা হোক।,একটু লাল চায়ের ব্যবস্হা করা হোক,2,0.7983728442526667
2 After Election,2_after_election,1291,এবং সাথে চুম্মা র মাল,এবং সাথে চুম্মা র মাল,0,0.7324909844781474
2 After Election,2_after_election,1292,বহু আসনে ভোট আবার গণনা করতে হবে। তাতে নতুন ফলা পাওয়া যাবে,বহু আসনে ভোট আবার গণনা করতে হবে তাতে নতুন ফলা পাওয়া যাবে,2,0.9255277099260091
2 After Election,2_after_election,1293,আজকের পরে যমুনা টেলিভিশনকে জয় বাংলা করে দিতে হবে কি বলেন আপনারা,আজকের পরে যমুনা টেলিভিশনকে জয় বাংলা করে দিতে হবে কি বলেন আপনারা,2,0.41180305154324287
2 After Election,2_after_election,1294,মুহাম্মদ আফসার কি গুজব ছডিয়ে ছিল ।তকরা কি চাঁদাবাজ নয়?,মুহাম্মদ আফসার কি গুজব ছডিয়ে ছিল তকরা কি চাঁদাবাজ নয়,2,0.8360428090880397
2 After Election,2_after_election,1295,জনগণের রায় কেউ দাবিয়ে রাখতে পারবে না। ইনশাল্লাহ দাড়িপাল্লার বিজয় অনিবার্য,জনগণের রায় কেউ দাবিয়ে রাখতে পারবে না ইনশাল্লাহ দাড়িপাল্লার বিজয় অনিবার্য,1,0.5137005886343954
2 After Election,2_after_election,1296,ইনশাআল্লাহ দাঁড়িপাল্লা চাঁদাবাজ কে না বলুন।,ইনশাআল্লাহ দাঁড়িপাল্লা চাঁদাবাজ কে না বলুন,0,0.44026266300767025
2 After Election,2_after_election,1297,নাটক কম কর প্রিয় জামানত থাকবে কিনা সেটা দেখো,নাটক কম কর প্রিয় জামানত থাকবে কিনা সেটা দেখো,4,0.9092739890795084
2 After Election,2_after_election,1298,"you recive good respect,",you recive good respect,0,0.40009650658452023
2 After Election,2_after_election,1299,"Better keep Quite,",better keep quite,0,0.2
2 After Election,2_after_election,1300,No need to do anything,no need to do anything,3,0.5999963328897102
2 After Election,2_after_election,1301,এতদিন জানতাম এক দল ৫ বার দুনীতি তে ৫ বার বিশ্ব কাপ নিয়েছে!,এতদিন জানতাম এক দল বার দুনীতি তে বার বিশ্ব কাপ নিয়েছে,2,0.8846037278390475
2 After Election,2_after_election,1302,"পরে জানলাম খাম্বা চোর,",পরে জানলাম খাম্বা চোর,4,0.5993720558467213
2 After Election,2_after_election,1303,"এসব শুনতাম ইতিহাসে, কিন্তু তা নিয়ে কোনো মন্তব্য করিনি কেননা সে ঘটে গেছে অনেক আগে।",এসব শুনতাম ইতিহাসে কিন্তু তা নিয়ে কোনো মন্তব্য করিনি কেননা সে ঘটে গেছে অনেক আগে,0,0.8839881599438616
2 After Election,2_after_election,1304,কিন্তু আজ মন্তব্য করতে বাধ্য বিবেক সাড়া দিচ্ছে এটা অন্যায় জুলুম।,কিন্তু আজ মন্তব্য করতে বাধ্য বিবেক সাড়া দিচ্ছে এটা অন্যায় জুলুম,4,0.8835552298703307
2 After Election,2_after_election,1305,"এখন নিজের চোখে দেখেছি ওরা দিনের ভোট রাতে দিয়ে, কিনাবেছা দখলদারি শেষ।",এখন নিজের চোখে দেখেছি ওরা দিনের ভোট রাতে দিয়ে কিনাবেছা দখলদারি শেষ,0,0.7589330416505619
2 After Election,2_after_election,1306,"নয়তো প্রতেকটা ব্যালেট পেপারের লিখা শুধু ধানের শীষে কাটাকাটি, আগে ছিলো।৫২৬",নয়তো প্রতেকটা ব্যালেট পেপারের লিখা শুধু ধানের শীষে কাটাকাটি আগে ছিলো,3,0.5121869222721113
2 After Election,2_after_election,1307,পরে ৭২৬ এই অসংখ্য কাটাকাটি শুধু ধানের শীষ!,পরে এই অসংখ্য কাটাকাটি শুধু ধানের শীষ,2,0.41398325665250335
2 After Election,2_after_election,1308,যখন দেখতেছে সঠিকভাবে জনগণের রায়ে তারা পরাজিত হওয়ার কারণ দেখছে,যখন দেখতেছে সঠিকভাবে জনগণের রায়ে তারা পরাজিত হওয়ার কারণ দেখছে,4,0.5988275252313454
2 After Election,2_after_election,1309,তখনি এই সিস্টেম খুঁজে নেয়।,তখনি এই সিস্টেম খুঁজে নেয়,2,0.598549564421336
2 After Election,2_after_election,1310,যদি বাংলাদেশ আইন প্রশাসন সত্যিকারের দেশপ্রেমিক এবং দলবি হীন নিরপেক্ষ,যদি বাংলাদেশ আইন প্রশাসন সত্যিকারের দেশপ্রেমিক এবং দলবি হীন নিরপেক্ষ,2,0.8387496018118834
2 After Election,2_after_election,1311,"তাহলে এর সমাধান দিবে, জাতির কাছে জবাবদিহি করতে হবে।",তাহলে এর সমাধান দিবে জাতির কাছে জবাবদিহি করতে হবে,4,0.6560514274325501
2 After Election,2_after_election,1312,সবার খবর নেওয়ার আগে আপনি আপনার নিজের খবর রাখেন মানুষ কি বলতে চাচ্ছে আপনাকে নিজে ভালো হন অন্যকে ভালো রাখেন।,সবার খবর নেওয়ার আগে আপনি আপনার নিজের খবর রাখেন মানুষ কি বলতে চাচ্ছে আপনাকে নিজে ভালো হন অন্যকে ভালো রাখেন,3,0.9454420260238339
2 After Election,2_after_election,1313,Hm... Like you,hm like you,1,0.5999925742249573
2 After Election,2_after_election,1314,নতুন করে ঢাকা ৮ আসন এলাকায় ইলেকশন করা উচিত এবং ইলেকশন যেন সুষ্ঠু হয় তার জন্য যথেষ্ট পরিমাণ সেনা মোতায়েন করা হোক তাহলে ১০০% পাটোয়ারী জিতবে কোন সন্দেহ নাই ।,নতুন করে ঢাকা আসন এলাকায় ইলেকশন করা উচিত এবং ইলেকশন যেন সুষ্ঠু হয় তার জন্য যথেষ্ট পরিমাণ সেনা মোতায়েন করা হোক তাহলে পাটোয়ারী জিতবে কোন সন্দেহ নাই,4,0.9539661741903444
2 After Election,2_after_election,1315,যাই হউক ধর্ম ব্যবসায়ি কে চায়নি,যাই হউক ধর্ম ব্যবসায়ি কে চায়নি,4,0.5496470775722005
2 After Election,2_after_election,1316,Dhyar mp boly ki vondami sede den,dhyar mp boly ki vondami sede den,1,0.5999973314750147
2 After Election,2_after_election,1317,সাদা শকুন বাংলাদেশ খায় না,সাদা শকুন বাংলাদেশ খায় না,4,0.44025216268995687
2 After Election,2_after_election,1318,কতছেগো।,কতছেগো,0,0.2
2 After Election,2_after_election,1319,সেটাই হয়েছে....আপনার কথা সঠিক সফিক কাকু,সেটাই হয়েছে আপনার কথা সঠিক সফিক কাকু,3,0.4402012665055008
2 After Election,2_after_election,1320,কাকু রাতে ভোট মারতে পারে নাই যে মনে কষ্ট চেষ্টা করছিল সফল হয় নাই,কাকু রাতে ভোট মারতে পারে নাই যে মনে কষ্ট চেষ্টা করছিল সফল হয় নাই,2,0.835984223298042
2 After Election,2_after_election,1321,ঘুমায় ঘুমায় স্বপ্ন দেখো। স্বপ্ন দেখা ভালো। শরীর মন উভয় সুস্থ থাকবে,ঘুমায় ঘুমায় স্বপ্ন দেখো স্বপ্ন দেখা ভালো শরীর মন উভয় সুস্থ থাকবে,2,0.6647575120300181
2 After Election,2_after_election,1322,"৩"" র ওহি আমিরের মুখে নাজিল হইলো",র ওহি আমিরের মুখে নাজিল হইলো,1,0.40015351172151886
2 After Election,2_after_election,1323,"BNP 213, Jamat 75, Others, 12. New Prime minister Tareq Rahman",bnp jamat others new prime minister tareq rahman,1,0.8395071851327104
2 After Election,2_after_election,1324,"সিগারেট খাই নাই, ঠোট এতো কালা কেন",সিগারেট খাই নাই ঠোট এতো কালা কেন,2,0.43937105772309143
2 After Election,2_after_election,1325,কী খবর সফিক কাক্কু,কী খবর সফিক কাক্কু,3,0.7993403726149432
2 After Election,2_after_election,1326,কাল থেকে তো আর জলপাই উর্দি থাকছে না মামা !,কাল থেকে তো আর জলপাই উর্দি থাকছে না মামা,4,0.39919346669793687
2 After Election,2_after_election,1327,"New Psebadi apni Nije e ,Abar new tal bahana dortesen..",new psebadi apni nije e abar new tal bahana dortesen,2,0.8382970323474176
2 After Election,2_after_election,1328,নাটকে সেরা চাচায়,নাটকে সেরা চাচায়,0,0.5994546276952045
2 After Election,2_after_election,1329,এখন কি খবর?,এখন কি খবর,3,0.5999989390500157
2 After Election,2_after_election,1330,৫ ভোটে কে জানি নিজ আসনে হেরে গেছে !,ভোটে কে জানি নিজ আসনে হেরে গেছে,0,0.5323319543295334
2 After Election,2_after_election,1331,ইনশাআল্লাহ। আমরা প্রস্তুত আরেকটি বিপ্লব করার জন্য।,ইনশাআল্লাহ আমরা প্রস্তুত আরেকটি বিপ্লব করার জন্য,0,0.7958494386162533
2 After Election,2_after_election,1332,যদিও বাংলাদেশের মানুষ জুলাই বিপ্লবের মাধ্যমে ফ্যাসিস্ট বিতাড়িত করেছে।,যদিও বাংলাদেশের মানুষ জুলাই বিপ্লবের মাধ্যমে ফ্যাসিস্ট বিতাড়িত করেছে,0,0.5873247198071789
2 After Election,2_after_election,1333,কিন্তু দালাল মিডিয়াদের বিতাড়িত করতে পারেনি।,কিন্তু দালাল মিডিয়াদের বিতাড়িত করতে পারেনি,0,0.5496517740074675
2 After Election,2_after_election,1334,যাহার কারণে সাধারণ মানুষের মাঝে ভ্রান্তি ছড়াচ্ছে।,যাহার কারণে সাধারণ মানুষের মাঝে ভ্রান্তি ছড়াচ্ছে,0,0.5573605167355675
2 After Election,2_after_election,1335,আপনি শুধু অনুমতি দেন ওদেরকে কিভাবে শায়েস্তা করতে হয় তা আমাদের জানা আছে আমরা এখনো মাঠে আছি।,আপনি শুধু অনুমতি দেন ওদেরকে কিভাবে শায়েস্তা করতে হয় তা আমাদের জানা আছে আমরা এখনো মাঠে আছি,2,0.9088719419498099
2 After Election,2_after_election,1336,চুদলিং পং,চুদলিং পং,0,0.7329701106792621
2 After Election,2_after_election,1337,"আলহামদুলিল্লাহ, বিএনপি সরকার গঠন করবে এবং প্রধানমন্ত্রী হচ্ছেন জনাব তারেক রহমান, বিজয় সুনিশ্চিত",আলহামদুলিল্লাহ বিএনপি সরকার গঠন করবে এবং প্রধানমন্ত্রী হচ্ছেন জনাব তারেক রহমান বিজয় সুনিশ্চিত,0,0.42747351702136516
2 After Election,2_after_election,1338,তার মানে জনগন লোকিং ফর বট বাহিনী,তার মানে জনগন লোকিং ফর বট বাহিনী,3,0.6061312283823096
2 After Election,2_after_election,1339,জোর কমছেনি কাকু এবার বাড়ি যান,জোর কমছেনি কাকু এবার বাড়ি যান,2,0.6823426771180765
2 After Election,2_after_election,1340,দুই দিন আগেও জোটে আনতে চাইসে পেডোফাইল শফিক,দুই দিন আগেও জোটে আনতে চাইসে পেডোফাইল শফিক,4,0.836721312323018
2 After Election,2_after_election,1341,"আমরা বাঙালি আমরা চিনি কে দেশের জন্য কাজ করতে ইচ্ছুক...জনাব,এটা ডাকসু জাকসু নির্বাচন না এটা জাতীয় নির্বাচন",আমরা বাঙালি আমরা চিনি কে দেশের জন্য কাজ করতে ইচ্ছুক জনাব এটা ডাকসু জাকসু নির্বাচন না এটা জাতীয় নির্বাচন,2,0.9184862861944408
2 After Election,2_after_election,1342,রাতের ভোট!,রাতের ভোট,3,0.7192065236117043
2 After Election,2_after_election,1343,Godi loyra gashe ra,godi loyra gashe ra,0,0.2
2 After Election,2_after_election,1344,কাকু ঠান্ডা মাথায় ঘুমিয়ে পরেন নো টেনশন কাল সকাল ১০ টায় টিভির হেডলাইন দেখবেন,কাকু ঠান্ডা মাথায় ঘুমিয়ে পরেন নো টেনশন কাল সকাল টায় টিভির হেডলাইন দেখবেন,3,0.8989895243814064
2 After Election,2_after_election,1345,বিশেষ করে শহরের বড় বড় হসপিটালের সিট খালি করার জন্য অনুরোধ করছি কারণ দেশে হার্টের রোগী বেশি,বিশেষ করে শহরের বড় বড় হসপিটালের সিট খালি করার জন্য অনুরোধ করছি কারণ দেশে হার্টের রোগী বেশি,3,0.9320697164965251
2 After Election,2_after_election,1346,এবার সংসদ হবে দেখার মতো,এবার সংসদ হবে দেখার মতো,0,0.4867088772480422
2 After Election,2_after_election,1347,আর ৫ বছর পর কেও পরিবারের বেক্তি পুজো করবে না।,আর বছর পর কেও পরিবারের বেক্তি পুজো করবে না,4,0.8388758286163005
2 After Election,2_after_election,1348,"যাদের মানতে সমস্যা, তারা জান্নাতের টিকিট কাটেন",যাদের মানতে সমস্যা তারা জান্নাতের টিকিট কাটেন,2,0.7011977267191488
2 After Election,2_after_election,1349,Rajakar rajakar,rajakar rajakar,2,0.7331141195262215
2 After Election,2_after_election,1350,নিজের কেন্দ্র হারি গেছে,নিজের কেন্দ্র হারি গেছে,0,0.732780698343362
2 After Election,2_after_election,1351,বুয়া,বুয়া,0,0.2
2 After Election,2_after_election,1352,দাড়ি পাল্লা,দাড়ি পাল্লা,0,0.4001360071287268
2 After Election,2_after_election,1353,"নতুন কিছু দেখ‌তে চাই,,ইনশাআল্লাহ সব কিছুই যে‌নো ভা‌লো হয়,,শুভ কামনা রই‌লো,,আ‌মিন,,",নতুন কিছু দেখতে চাই ইনশাআল্লাহ সব কিছুই যেনো ভালো হয় শুভ কামনা রইলো আমিন,3,0.7822405723308726
2 After Election,2_after_election,1354,সাদা শকুনের দিন শেষ।,সাদা শকুনের দিন শেষ,3,0.5499652106408425
2 After Election,2_after_election,1355,দাঁড়িপাল্লা,দাঁড়িপাল্লা,0,0.5999977186425326
2 After Election,2_after_election,1356,ইনশাআল্লাহ বিজয় হইবে,ইনশাআল্লাহ বিজয় হইবে,0,0.7333328899374705
2 After Election,2_after_election,1357,ইনশাআল্লাহ বিজয়ের গান বাংলাদেশের জনগণ গাইবে,ইনশাআল্লাহ বিজয়ের গান বাংলাদেশের জনগণ গাইবে,0,0.839417978404089
2 After Election,2_after_election,1358,দাড়ি পাল্লা ইনশাআল্লাহ,দাড়ি পাল্লা ইনশাআল্লাহ,0,0.5503595628170286
2 After Election,2_after_election,1359,insha'Allah,insha allah,3,0.7333290049564236
2 After Election,2_after_election,1361,আর তিনি দান করবেন তোমাদের বাঞ্ছিত আরও একটি অনুগ্রহ; আল্লাহর সাহায্য এবং আসন্ন বিজয়; মু’মিনদেরকে এর সুসংবাদ দাও। ৬১ সুরা আস সফ আয়াত ১৩بِسۡمِ اللّٰہِ الرَّحۡمٰنِ الرَّحِیۡمِ,আর তিনি দান করবেন তোমাদের বাঞ্ছিত আরও একটি অনুগ্রহ আল্লাহর সাহায্য এবং আসন্ন বিজয় মু মিনদেরকে এর সুসংবাদ দাও সুরা আস সফ আয়াত,0,0.6051150623530401
2 After Election,2_after_election,1362,"১,যখন আসবে আল্লাহর সাহায্য ও বিজয়,২",যখন আসবে আল্লাহর সাহায্য ও বিজয়,0,0.8396494740901751
2 After Election,2_after_election,1363,"এবং তুমি মানুষকে দলে দলে আল্লাহর দীনে প্রবেশ করতে দেখবে,,৩,",এবং তুমি মানুষকে দলে দলে আল্লাহর দীনে প্রবেশ করতে দেখবে,4,0.8840606508147444
2 After Election,2_after_election,1364,তখন তুমি তোমার রবের কৃতজ্ঞতা মূলক পবিত্রতা ও মহিমা ঘোষণা কর এবং তাঁর সমীপে ক্ষমা প্রার্থনা কর; তিনিতো সর্বাপেক্ষা অধিক অনুতাপ গ্রহণকারী।,তখন তুমি তোমার রবের কৃতজ্ঞতা মূলক পবিত্রতা ও মহিমা ঘোষণা কর এবং তাঁর সমীপে ক্ষমা প্রার্থনা কর তিনিতো সর্বাপেক্ষা অধিক অনুতাপ গ্রহণকারী,2,0.48241634128636957
2 After Election,2_after_election,1365,",সূরা আন নাচর ১,২,৩",সূরা আন নাচর,3,0.5979697398158511
2 After Election,2_after_election,1366,রাজাকার তেকে ভালো,রাজাকার তেকে ভালো,4,0.7300754435621031
2 After Election,2_after_election,1367,মাশাআল্লাহ দাঁড়িপাল্লা,মাশাআল্লাহ দাঁড়িপাল্লা,0,0.40040256157921894
2 After Election,2_after_election,1368,ভোট নাকি দুদিন আগে হয়ে গেছে,ভোট নাকি দুদিন আগে হয়ে গেছে,4,0.7961298452566952
2 After Election,2_after_election,1369,আগে বলেছিলাম বেশি নাচানাচি করা ভালো না,আগে বলেছিলাম বেশি নাচানাচি করা ভালো না,1,0.7282994737798686
2 After Election,2_after_election,1370,দোয়া করি আল্লাহর কাছে ডাক্তার শফিকুর রহমান সরকার গঠন করুক,দোয়া করি আল্লাহর কাছে ডাক্তার শফিকুর রহমান সরকার গঠন করুক,0,0.46967039692216755
2 After Election,2_after_election,1371,এখন আর আমাদের হাসতেও মন চায় না,এখন আর আমাদের হাসতেও মন চায় না,4,0.40015159065048733
2 After Election,2_after_election,1372,সাদা শকুন তুমি কোন দেশে যাবা দেশ ঠিক কর,সাদা শকুন তুমি কোন দেশে যাবা দেশ ঠিক কর,2,0.4163640081856759
2 After Election,2_after_election,1373,Sayed Saheb কাল সকালে দেখা হবে,sayed saheb কাল সকালে দেখা হবে,1,0.798962778779025
2 After Election,2_after_election,1374,চেহারার যা অবস্থা। আগামীর পদানমনএী বানানটা ইচ্ছে করে দিলাম।,চেহারার যা অবস্থা আগামীর পদানমনএী বানানটা ইচ্ছে করে দিলাম,3,0.634568361644188
2 After Election,2_after_election,1375,ইনশাআল্লাহ ১১ দলীয় জোট জামাত ইসলামের জয় হবে,ইনশাআল্লাহ দলীয় জোট জামাত ইসলামের জয় হবে,0,0.8853019857560243
2 After Election,2_after_election,1376,চেহারায় অন্যকিছু বলছে,চেহারায় অন্যকিছু বলছে,3,0.7327466122761735
2 After Election,2_after_election,1377,ইনশাআল্লাহ দাঁড়িপাল্লার বিজয় হবে,ইনশাআল্লাহ দাঁড়িপাল্লার বিজয় হবে,0,0.7999991254087769
2 After Election,2_after_election,1378,দূর মিয়া,দূর মিয়া,1,0.7315302655686714
2 After Election,2_after_election,1379,ধান বিপুল ভোটে জয়ী হবে,ধান বিপুল ভোটে জয়ী হবে,3,0.48314820246418805
2 After Election,2_after_election,1380,লিল্লাহি তাকবীর আল্লাহ পাক ইনশাআল্লাহ,লিল্লাহি তাকবীর আল্লাহ পাক ইনশাআল্লাহ,0,0.7329129984022901
2 After Election,2_after_election,1381,কাউয়া,কাউয়া,0,0.2
2 After Election,2_after_election,1382,একটু ধৈর্য ধারন করি সবাই,একটু ধৈর্য ধারন করি সবাই,2,0.8387593237788125
2 After Election,2_after_election,1383,মুখটা তো মতো লাগছে,মুখটা তো মতো লাগছে,4,0.39970494087333724
2 After Election,2_after_election,1384,আপনারা,আপনারা,2,0.59645704185948
2 After Election,2_after_election,1385,সাদা শকুনের বক বক শেষ,সাদা শকুনের বক বক শেষ,3,0.6997004659902993
2 After Election,2_after_election,1386,ইদানীং কাকু মনে হয় মাল বেশি খাই,ইদানীং কাকু মনে হয় মাল বেশি খাই,0,0.48800643906277563
2 After Election,2_after_election,1387,ইনশাআল্লাহ্‌,ইনশাআল্লাহ্,0,0.5999995531898649
2 After Election,2_after_election,1388,পরাজয়টা একটু নিজের ঘাড়ে নেন জনাব।,পরাজয়টা একটু নিজের ঘাড়ে নেন জনাব,3,0.8367852358162575
2 After Election,2_after_election,1389,ধানের শী ষ ইনশাআল্লাহ,ধানের শী ষ ইনশাআল্লাহ,0,0.7332938230172972
2 After Election,2_after_election,1390,গতরাত্রে কাদেরকে জানি জেলে পাঠিয়েছে কি কারনে কি জন্য সে ব্যাপারে কিছু বলে যান আমরা বললে দোষ,গতরাত্রে কাদেরকে জানি জেলে পাঠিয়েছে কি কারনে কি জন্য সে ব্যাপারে কিছু বলে যান আমরা বললে দোষ,4,0.9260882252434963
2 After Election,2_after_election,1391,সময় শেষ আপনাদের,সময় শেষ আপনাদের,3,0.798028460939058
2 After Election,2_after_election,1392,আনোয়ার টিপির খবর ৩০০+,আনোয়ার টিপির খবর,3,0.5999989390500157
2 After Election,2_after_election,1393,চেহারাই বলে দিচ্ছে ভিতরে কি চলতেছে দাদু,চেহারাই বলে দিচ্ছে ভিতরে কি চলতেছে দাদু,2,0.4985152965855304
2 After Election,2_after_election,1394,"""তারুণ্যের প্রথম ভোট,",তারুণ্যের প্রথম ভোট,2,0.7961203061208042
2 After Election,2_after_election,1395,"ধানের শীষের পক্ষে হোক""",ধানের শীষের পক্ষে হোক,0,0.572390747637673
2 After Election,2_after_election,1396,"করবো কাজ গড়বো দেশ,",করবো কাজ গড়বো দেশ,1,0.7958484763518979
2 After Election,2_after_election,1397,আমাদের সিলেটি ভাষা একটা কথা বলে নাচতে না জানলে উঠান বাঁকা,আমাদের সিলেটি ভাষা একটা কথা বলে নাচতে না জানলে উঠান বাঁকা,2,0.5983132535787954
2 After Election,2_after_election,1398,দরবেশ,দরবেশ,0,0.2
2 After Election,2_after_election,1399,ফলাফল এর অপেক্ষায়,ফলাফল এর অপেক্ষায়,2,0.73010857863396
2 After Election,2_after_election,1400,তোমরা একাত্তরের ছিলা,তোমরা একাত্তরের ছিলা,2,0.7329593803445247
2 After Election,2_after_election,1401,"of course ,,, and BNP will not come to the power",of course and bnp will not come to the power,3,0.5328373947804866
2 After Election,2_after_election,1402,কাকুর মুখ কালা হয়ে গেছে,কাকুর মুখ কালা হয়ে গেছে,2,0.8356721661585012
2 After Election,2_after_election,1403,কাকু টেনশনে আছে।,কাকু টেনশনে আছে,3,0.7328431236907185
2 After Election,2_after_election,1404,ইনশাআল্লাহ এবার বিজয় হবে দাড়ি পাল্লার,ইনশাআল্লাহ এবার বিজয় হবে দাড়ি পাল্লার,0,0.6800963575179702
2 After Election,2_after_election,1405,আশায় থাকেন,আশায় থাকেন,3,0.732931843662802
2 After Election,2_after_election,1406,নতুন ফাঁসিবাদ মনে হয় আপনি,নতুন ফাঁসিবাদ মনে হয় আপনি,3,0.3992260664414524
2 After Election,2_after_election,1407,তাহলে আপনাকে ওয়েলকাম করে নাই,তাহলে আপনাকে ওয়েলকাম করে নাই,2,0.4396516272925529
2 After Election,2_after_election,1408,আহারে একদিনেই এতো শুকিয়ে গেলেন আমির সাপ,আহারে একদিনেই এতো শুকিয়ে গেলেন আমির সাপ,4,0.4757397592759417
2 After Election,2_after_election,1409,খবর নিয়া দেখেন আপনার দলের লোক কোথায় ২ কুকর্ম করছে।,খবর নিয়া দেখেন আপনার দলের লোক কোথায় কুকর্ম করছে,0,0.6460056141691286
2 After Election,2_after_election,1410,সাদা শকুন বলে কি!,সাদা শকুন বলে কি,4,0.7988387207876927
2 After Election,2_after_election,1411,ইনশাআল্লাহ ধানের শীষের হবেই জয়।,ইনশাআল্লাহ ধানের শীষের হবেই জয়,0,0.8665682539262245
2 After Election,2_after_election,1412,ইনশাআল্লাহ আগামী কাল থেকে টিকেটের ব্যাপসা বন্ধ হবে ইনশাআল্লাহ,ইনশাআল্লাহ আগামী কাল থেকে টিকেটের ব্যাপসা বন্ধ হবে ইনশাআল্লাহ,1,0.5319464140566295
2 After Election,2_after_election,1413,ভারতের সাথে সুসম্পর্ক করেন,ভারতের সাথে সুসম্পর্ক করেন,3,0.7285759828292477
2 After Election,2_after_election,1414,সারাদেশে ধানের শীর্ষের যোয়ার বইছে,সারাদেশে ধানের শীর্ষের যোয়ার বইছে,0,0.732722140976015
2 After Election,2_after_election,1415,বাবা খায় মনে হয় ঠোঁট কি কালো,বাবা খায় মনে হয় ঠোঁট কি কালো,0,0.8388820516213461
2 After Election,2_after_election,1416,শাহজাদপুর সিরাজগঞ্জে ভূমিধসের বিজয় হবে ইনশাআল্লাহ।।,শাহজাদপুর সিরাজগঞ্জে ভূমিধসের বিজয় হবে ইনশাআল্লাহ,0,0.7333328899374705
2 After Election,2_after_election,1417,দাদু অনেক দিন গুমায় ধরে গুমায় কম তাই উল্টা পাল্টা বলে,দাদু অনেক দিন গুমায় ধরে গুমায় কম তাই উল্টা পাল্টা বলে,4,0.4382860889086555
2 After Election,2_after_election,1418,ডক্টর শফিকুর রহমান বাংলাদেশের প্রধানমন্ত্রী হবে ইনশাল্লাহ,ডক্টর শফিকুর রহমান বাংলাদেশের প্রধানমন্ত্রী হবে ইনশাল্লাহ,3,0.7397698214908135
2 After Election,2_after_election,1419,হেরে গেলে এধরণের প্রতিক্রিয়া স্বাভাবিক।,হেরে গেলে এধরণের প্রতিক্রিয়া স্বাভাবিক,4,0.7967743432665159
2 After Election,2_after_election,1420,ইনশাআল্লাহ বাংলাদেশ জামায়াতে ইসলামী দাঁড়ি পাল্লা,ইনশাআল্লাহ বাংলাদেশ জামায়াতে ইসলামী দাঁড়ি পাল্লা,0,0.5337693206225567
2 After Election,2_after_election,1421,ভড়াডুবি কাকু,ভড়াডুবি কাকু,3,0.5999984332799876
2 After Election,2_after_election,1422,আহা রে,আহা রে,1,0.5999916194515269
2 After Election,2_after_election,1423,ইনশাআল্লাহ জিতবে ধানের শীষ,ইনশাআল্লাহ জিতবে ধানের শীষ,0,0.6380131107854446
2 After Election,2_after_election,1424,দাদার হাসি টা কই,দাদার হাসি টা কই,4,0.8387220374269316
2 After Election,2_after_election,1425,কাকু চেহারাটা কেমন যানি কসা হয়ে আছে,কাকু চেহারাটা কেমন যানি কসা হয়ে আছে,3,0.3999856682185821
2 After Election,2_after_election,1426,দাঁড়িপাল্লাহ ইনশাআল্লাহ,দাঁড়িপাল্লাহ ইনশাআল্লাহ,0,0.5999995531898649
2 After Election,2_after_election,1427,প্রিয় শাযেখ আপনি কিছুদিন রেস্ট করেন অনেক পরিশ্রম করেছেন দেশের জন্য,প্রিয় শাযেখ আপনি কিছুদিন রেস্ট করেন অনেক পরিশ্রম করেছেন দেশের জন্য,3,0.8653954353414748
2 After Election,2_after_election,1428,ইনশা আল্লাহ্ দাঁড়িপাল্লা,ইনশা আল্লাহ্ দাঁড়িপাল্লা,0,0.5008003245049936
2 After Election,2_after_election,1429,আমরা যে খবর পাচ্ছি ৭১ দেশ বিরোধী চক্রকে ক্ষমতায় দেখতে চায় না।,আমরা যে খবর পাচ্ছি দেশ বিরোধী চক্রকে ক্ষমতায় দেখতে চায় না,3,0.8848800887631535
2 After Election,2_after_election,1430,শান্তিপুর্ন নির্বাচন হয় নাই,শান্তিপুর্ন নির্বাচন হয় নাই,2,0.732098533947604
2 After Election,2_after_election,1431,ইনশাআল্লাহ দাড়ি পাল্লা,ইনশাআল্লাহ দাড়ি পাল্লা,0,0.5503595628170286
2 After Election,2_after_election,1432,Khomota tumar piche diya geche,khomota tumar piche diya geche,0,0.2
2 After Election,2_after_election,1433,"জেই,অপরাধে,শেষ নেই,, বেহেশতের,টিকেট,,বিক্রি কম,হয়েছে",জেই অপরাধে শেষ নেই বেহেশতের টিকেট বিক্রি কম হয়েছে,4,0.4395229419609994
2 After Election,2_after_election,1434,"ট্রেনের ছাদে দাঁড়িপাল্লা,,",ট্রেনের ছাদে দাঁড়িপাল্লা,0,0.5999977186425326
2 After Election,2_after_election,1435,"লঞ্চে দাঁড়িপাল্লা,,",লঞ্চে দাঁড়িপাল্লা,0,0.5999977186425326
2 After Election,2_after_election,1436,"বাসে দাঁড়িপাল্লা,,",বাসে দাঁড়িপাল্লা,0,0.4004727833385144
2 After Election,2_after_election,1437,"ট্রাকে দাঁড়িপাল্লা,",ট্রাকে দাঁড়িপাল্লা,0,0.5999977186425326
2 After Election,2_after_election,1438,"রিক্সা দাড়িপাল্লা,,",রিক্সা দাড়িপাল্লা,0,0.5999948778451507
2 After Election,2_after_election,1439,"পথে-ঘাটে দোকানপাটে আনাচে-কানে সারা দেশে দাঁড়িপাল্লা,,",পথে ঘাটে দোকানপাটে আনাচে কানে সারা দেশে দাঁড়িপাল্লা,3,0.43993742840925987
2 After Election,2_after_election,1440,সারাদেশে দাঁড়িপাল্লার যে গণজোয়ার শুরু হয়েছে তাতে আজ দাঁড়িপাল্লার বিজয় কেউ ঠেকাতে পারবেনা।,সারাদেশে দাঁড়িপাল্লার যে গণজোয়ার শুরু হয়েছে তাতে আজ দাঁড়িপাল্লার বিজয় কেউ ঠেকাতে পারবেনা,0,0.5248741854701108
2 After Election,2_after_election,1441,"সব দেখেছি বারাবার,,",সব দেখেছি বারাবার,4,0.5991832163177304
2 After Election,2_after_election,1442,দাঁড়িপাল্লা এইবার,দাঁড়িপাল্লা এইবার,0,0.7319263267599191
2 After Election,2_after_election,1443,ইংশা আল্লাহ,ইংশা আল্লাহ,0,0.5984866830130162
2 After Election,2_after_election,1444,চাচা চেহারা মলিন কেন,চাচা চেহারা মলিন কেন,1,0.550152687993355
2 After Election,2_after_election,1445,"সুষ্ঠু নির্বাচন হলে নিশ্চয় জামায়াত ইসলামীর নেতৃত্বাধীন সরকার গঠন করবে, সততার জয় হবেই হবে ইনশাআল্লাহ।",সুষ্ঠু নির্বাচন হলে নিশ্চয় জামায়াত ইসলামীর নেতৃত্বাধীন সরকার গঠন করবে সততার জয় হবেই হবে ইনশাআল্লাহ,0,0.7962299655509236
2 After Election,2_after_election,1446,দাদু চিন্তায় আছে,দাদু চিন্তায় আছে,3,0.5985166167052992
2 After Election,2_after_election,1447,সব তো মাথার উপর দিয়ে গেল,সব তো মাথার উপর দিয়ে গেল,4,0.5999967457386037
2 After Election,2_after_election,1448,১ মিনিটে ৩ ভোট কিভাবে সম্ভব?,মিনিটে ভোট কিভাবে সম্ভব,2,0.7985739242425136
2 After Election,2_after_election,1449,আবার হ্যা না ভোটও দিতে হয়েছে..,আবার হ্যা না ভোটও দিতে হয়েছে,0,0.7970606630922807
2 After Election,2_after_election,1450,জি ইনশাআল্লাহ,জি ইনশাআল্লাহ,0,0.4002528220593602
2 After Election,2_after_election,1451,চতুর্থ বারের মতো পরাজিত না হোক,চতুর্থ বারের মতো পরাজিত না হোক,3,0.5041948921109927
2 After Election,2_after_election,1452,রাতেই টাকা দিয়ে ভোট কিনে তাইতো,রাতেই টাকা দিয়ে ভোট কিনে তাইতো,2,0.7985094611497623
2 After Election,2_after_election,1453,টেনশনে উনার মুখ শুকিয়ে আছে।,টেনশনে উনার মুখ শুকিয়ে আছে,1,0.29998686894930154
2 After Election,2_after_election,1454,ইনশাআল্লাহ দাড়ি পাল্লা,ইনশাআল্লাহ দাড়ি পাল্লা,0,0.5503595628170286
2 After Election,2_after_election,1455,চেহারা দেখলেই বোঝা যায়,চেহারা দেখলেই বোঝা যায়,1,0.7999980653091056
2 After Election,2_after_election,1456,আল্লাহ কারীম,আল্লাহ কারীম,0,0.5984866830130162
2 After Election,2_after_election,1457,চেহারায় শোক দেখাচ্ছে,চেহারায় শোক দেখাচ্ছে,3,0.5985379778910415
2 After Election,2_after_election,1458,আগেই যদি ভোট হয়ে যায় তাহলে কি বুঝবে জনগণ ভোট কিসে দিবে,আগেই যদি ভোট হয়ে যায় তাহলে কি বুঝবে জনগণ ভোট কিসে দিবে,4,0.6085242882850046
2 After Election,2_after_election,1459,ভালো খবর শুনলে চেহারার এ অবস্থা কেন,ভালো খবর শুনলে চেহারার এ অবস্থা কেন,3,0.8648815422279947
2 After Election,2_after_election,1460,আলহামদুলিল্লাহ।,আলহামদুলিল্লাহ,2,0.5999984371235062
2 After Election,2_after_election,1461,ফলাফল আগেথেকেই রেড়ি। এখন শুধু প্রকাশনা অনুষ্ঠান হবে।,ফলাফল আগেথেকেই রেড়ি এখন শুধু প্রকাশনা অনুষ্ঠান হবে,2,0.5999930658106276
2 After Election,2_after_election,1462,ঠিক আছে,ঠিক আছে,1,0.5999994521830625
2 After Election,2_after_election,1463,নৌকা ধানের শীষ নাঙ্গল দেখা শেষ দাঁড়িপাল্লার বাংলাদেশ,নৌকা ধানের শীষ নাঙ্গল দেখা শেষ দাঁড়িপাল্লার বাংলাদেশ,0,0.3950829988567018
2 After Election,2_after_election,1464,ইউনুস আপনার সাথে আছে,ইউনুস আপনার সাথে আছে,3,0.5999970275472892
2 After Election,2_after_election,1465,১৭ টি সিট পাবেন,টি সিট পাবেন,3,0.7326821210504013
2 After Election,2_after_election,1466,চেহারা তো কাল হয়ে গেছে!,চেহারা তো কাল হয়ে গেছে,1,0.5494255620690759
2 After Election,2_after_election,1467,ইনশাআল্লাহ সত্যের বিজয় হবে ইনশাআল্লাহ,ইনশাআল্লাহ সত্যের বিজয় হবে ইনশাআল্লাহ,0,0.8398881420275328
2 After Election,2_after_election,1468,হুজুর ধৈর্য ধরেন,হুজুর ধৈর্য ধরেন,2,0.7309688083479775
2 After Election,2_after_election,1469,জোর করে কি আর মুখে হাসি ফুটে?,জোর করে কি আর মুখে হাসি ফুটে,0,0.7983301014751935
2 After Election,2_after_election,1470,পাকিস্তানি শকুন,পাকিস্তানি শকুন,4,0.732838970461641
2 After Election,2_after_election,1471,চেহারার ১২ টা বেজে গেছে,চেহারার টা বেজে গেছে,3,0.798623376498621
2 After Election,2_after_election,1472,ঠিক বলেছেন আপনাদের যে চাচ্ছেনা এটা কয়েক ঘন্টা পরে যানতে পারবেন।,ঠিক বলেছেন আপনাদের যে চাচ্ছেনা এটা কয়েক ঘন্টা পরে যানতে পারবেন,1,0.6992217734607422
2 After Election,2_after_election,1473,দাদু বেশি চিন্তা করো না,দাদু বেশি চিন্তা করো না,1,0.514378619012076
2 After Election,2_after_election,1474,Aharee,aharee,0,0.2
2 After Election,2_after_election,1475,হে আল্লাহ তুমি আমাদের বিজয় দান কর।।,হে আল্লাহ তুমি আমাদের বিজয় দান কর,0,0.6858598736268001
2 After Election,2_after_election,1476,চেহারা দেখলেই বুঝা যায় জয়ের মুকুট পরার অপেক্ষায় বসে আছেন,চেহারা দেখলেই বুঝা যায় জয়ের মুকুট পরার অপেক্ষায় বসে আছেন,1,0.4018055778358041
2 After Election,2_after_election,1477,আবার বাম এ চলে যান,আবার বাম এ চলে যান,2,0.797788763476258
2 After Election,2_after_election,1478,ওনার কথায় বোঝা যাচ্ছে জামায়াত এর অবস্থান ভালো না ।,ওনার কথায় বোঝা যাচ্ছে জামায়াত এর অবস্থান ভালো না,1,0.8986499389832794
2 After Election,2_after_election,1479,ইন শা আল্লাহ দাঁড়িপাল্লা,ইন শা আল্লাহ দাঁড়িপাল্লা,0,0.55077385944614
2 After Election,2_after_election,1480,তার মানে আপনাদের গননা সকালে শেষ,তার মানে আপনাদের গননা সকালে শেষ,3,0.8387828037931135
2 After Election,2_after_election,1481,রাইট কথা,রাইট কথা,0,0.5999854367760233
2 After Election,2_after_election,1482,কালি কলসি নড়ে বেশি,কালি কলসি নড়ে বেশি,1,0.5995008654352175
2 After Election,2_after_election,1483,"অসৎ চিন্তা নির্ভর রাজনীতিতে সৎ লোকের শাসন,এই ভাবনায় পরিবর্তনের সাড়া মিলে না। পরিবর্তন এর জন্য প্রয়োজন কলংকমুক্ত রাজনীতি,পরিবর্তন মানে অধমের পরিবর্তে অধম নয়,অধমের পরিবর্তে উত্তম পেলেই মানুষ সাড়া দেয়। আগামী রাজনীতিতে উত্তম তৃতীয় শক্তি প্রয়োজন, তা হতে হবে কলংকমুক্ত গনতান্ত্রিক শক্তি, যারা জনগনের মালিকানা গুরুত্ব দিবে,দলের আখের গোছানো পুরোনো রাজনীতি থেকে সকল জনগণের জন্য রাষ্ট্রকে উন্মুক্ত করতে হবে। দলমত নির্বিশেষে নাগরিক যেন রাষ্ট্রের সকল সুযোগ সুবিধা পায় এই রকম রাজনীতিকে অবশ্যই সাধুবাদ জানাতেই হবে। বৈষম্যমুলক ভাবে দলীয় লোকের ভাগ্য পরিবর্তন এর রাজনীতি দেশের ইনসাফ এর অন্তরায়। ইনসাফ এর রাজনীতি হলো অন্তর্ভুক্তি মূলক রাজনীতি, রাজনৈতিক দলের সদস্য না হলেও দেশের নাগরিকের যেন সুযোগ সুবিধা নিশ্চিত হয়,সে ধরনের অন্তর্ভুক্তিমূলক রাজনীতি, পর্যায় ক্রমে রাষ্ট্রে নাগরিকের ইনসাফ তৈরি করে। দলীয় প্রভাবে যেকোন প্রতিষ্ঠান গড়ার প্রবনতায়, বৈষম্যমূলক রাজনীতি দেশের জন্য মঙ্গল নয়। গনতান্ত্রিক সমালোচনা প্রত্যাশিত সহনীয় হতে হবে,যে সহে সে রহে, সমালোচনার বিপরীতে চরিত্রহরন অগনতান্ত্রিক, অগণতান্ত্রিক শক্তি বর্জনীয়। আয়োডিন অভাবে বট বিভিন্ন জায়গায় জামিতিরা নানা আলামতে ধরা খাইতেছে জামাতী যুক্তিতে ৭১ এর ২৫ শে মার্চ কালো রাত্রি হয়ে যায় পবিত্র রজনী অসৎ চিন্তায় সৎ লোকের শাসন আরেক গাঁজা খুরি গল্প",অসৎ চিন্তা নির্ভর রাজনীতিতে সৎ লোকের শাসন এই ভাবনায় পরিবর্তনের সাড়া মিলে না পরিবর্তন এর জন্য প্রয়োজন কলংকমুক্ত রাজনীতি পরিবর্তন মানে অধমের পরিবর্তে অধম নয় অধমের পরিবর্তে উত্তম পেলেই মানুষ সাড়া দেয় আগামী রাজনীতিতে উত্তম তৃতীয় শক্তি প্রয়োজন তা হতে হবে কলংকমুক্ত গনতান্ত্রিক শক্তি যারা জনগনের মালিকানা গুরুত্ব দিবে দলের আখের গোছানো পুরোনো রাজনীতি থেকে সকল জনগণের জন্য রাষ্ট্রকে উন্মুক্ত করতে হবে দলমত নির্বিশেষে নাগরিক যেন রাষ্ট্রের সকল সুযোগ সুবিধা পায় এই রকম রাজনীতিকে অবশ্যই সাধুবাদ জানাতেই হবে বৈষম্যমুলক ভাবে দলীয় লোকের ভাগ্য পরিবর্তন এর রাজনীতি দেশের ইনসাফ এর অন্তরায় ইনসাফ এর রাজনীতি হলো অন্তর্ভুক্তি মূলক রাজনীতি রাজনৈতিক দলের সদস্য না হলেও দেশের নাগরিকের যেন সুযোগ সুবিধা নিশ্চিত হয় সে ধরনের অন্তর্ভুক্তিমূলক রাজনীতি পর্যায় ক্রমে রাষ্ট্রে নাগরিকের ইনসাফ তৈরি করে দলীয় প্রভাবে যেকোন প্রতিষ্ঠান গড়ার প্রবনতায় বৈষম্যমূলক রাজনীতি দেশের জন্য মঙ্গল নয় গনতান্ত্রিক সমালোচনা প্রত্যাশিত সহনীয় হতে হবে যে সহে সে রহে সমালোচনার বিপরীতে চরিত্রহরন অগনতান্ত্রিক অগণতান্ত্রিক শক্তি বর্জনীয় আয়োডিন অভাবে বট বিভিন্ন জায়গায় জামিতিরা নানা আলামতে ধরা খাইতেছে জামাতী যুক্তিতে এর শে মার্চ কালো রাত্রি হয়ে যায় পবিত্র রজনী অসৎ চিন্তায় সৎ লোকের শাসন আরেক গাঁজা খুরি গল্প,2,0.633123991813606
2 After Election,2_after_election,1484,জামাতীদের আচরণে প্রচন্ড আয়োডিন ঘাটতি দেখা যাচ্ছে।পরিবর্তন এর জন্য জামাতকে কেন পছন্দ করতে হবে? অন্তর্ভুক্তিমুলক রাজনীতিতে বিশ্বাসী কলংকমুক্ত রাজনৈতিক নতুন শক্তি বিকল্প হতে পারে।,জামাতীদের আচরণে প্রচন্ড আয়োডিন ঘাটতি দেখা যাচ্ছে পরিবর্তন এর জন্য জামাতকে কেন পছন্দ করতে হবে অন্তর্ভুক্তিমুলক রাজনীতিতে বিশ্বাসী কলংকমুক্ত রাজনৈতিক নতুন শক্তি বিকল্প হতে পারে,2,0.3796201991047356
2 After Election,2_after_election,1485,রেজাল্টের পরে দেখা যাবে।,রেজাল্টের পরে দেখা যাবে,1,0.7299602098908557
2 After Election,2_after_election,1486,আল্লাহ এই জাতির প্রতি রহম কর। আমিন।,আল্লাহ এই জাতির প্রতি রহম কর আমিন,0,0.6038258202006022
2 After Election,2_after_election,1487,এখনও হাইপ !,এখনও হাইপ,0,0.2
2 After Election,2_after_election,1488,আজকেও কিছু গুজব ছডিয়ে দেন,আজকেও কিছু গুজব ছডিয়ে দেন,2,0.733331214093285
2 After Election,2_after_election,1489,মন খারাপ হয় গেছে আহারে,মন খারাপ হয় গেছে আহারে,4,0.5573450318565716
2 After Election,2_after_election,1490,ইনশাআল্লাহ ধানের শীষ ২২০।এটাই অরিজিনাল নিউজ,ইনশাআল্লাহ ধানের শীষ এটাই অরিজিনাল নিউজ,3,0.3662113927665348
2 After Election,2_after_election,1491,সেই বুঝি এখন গণক হয়ে গেছে,সেই বুঝি এখন গণক হয়ে গেছে,4,0.40005922180448844
2 After Election,2_after_election,1492,১৩ হাজার দাড়িপাল্লা ৪ হাজার চাঁন্দ দলের লোক,হাজার দাড়িপাল্লা হাজার চাঁন্দ দলের লোক,0,0.8654624004633176
2 After Election,2_after_election,1493,সারাদেশের এটাই চিত্র,সারাদেশের এটাই চিত্র,3,0.5968275635045083
2 After Election,2_after_election,1494,দরবেশ ফু দিয়ে কি উল্টো পালটে দিবেন নাকি,দরবেশ ফু দিয়ে কি উল্টো পালটে দিবেন নাকি,2,0.39928556620342703
2 After Election,2_after_election,1495,গনতন্ত্র দেশে এর চেয়ে ভালো ইলেকট্রন হবেনা কাকু মেনে নেন,গনতন্ত্র দেশে এর চেয়ে ভালো ইলেকট্রন হবেনা কাকু মেনে নেন,3,0.8991378966958904
2 After Election,2_after_election,1496,ইনশাআল্লাহ ধানেরশীষ বিজয়ের দ্বারপ্রান্তে শুধু ঘোষণা বাকি,ইনশাআল্লাহ ধানেরশীষ বিজয়ের দ্বারপ্রান্তে শুধু ঘোষণা বাকি,0,0.6175422994014829
2 After Election,2_after_election,1497,ইনশাল্লাহ আজকে সারাদিন ১১ দলীয় জোট মার্কায় ভোট দিন ( দাঁড়িপাল্লার ) ( রিক্সা ) ( শাপলা কলি ) ইনশাল্লাহ আল্লাহর রহমতে আমাদের বিজয় খুব কাছাকাছি এবং সুনিশ্চিত !,ইনশাল্লাহ আজকে সারাদিন দলীয় জোট মার্কায় ভোট দিন দাঁড়িপাল্লার রিক্সা শাপলা কলি ইনশাল্লাহ আল্লাহর রহমতে আমাদের বিজয় খুব কাছাকাছি এবং সুনিশ্চিত,0,0.7846168885817963
2 After Election,2_after_election,1498,হাতিয়া কেন্দ্র দখল করা শেষ।।।,হাতিয়া কেন্দ্র দখল করা শেষ,0,0.548591785380171
2 After Election,2_after_election,1499,মুরব্বির চেহারায় সাক্ষী দিতেছে জনগন কাকে ওয়েলকাম জানাবে,মুরব্বির চেহারায় সাক্ষী দিতেছে জনগন কাকে ওয়েলকাম জানাবে,0,0.8636597455945568
2 After Election,2_after_election,1500,Sada sukun,sada sukun,0,0.2
2 After Election,2_after_election,1501,আজকে কাকার মন ভালো না,আজকে কাকার মন ভালো না,4,0.5343909342205428
2 After Election,2_after_election,1502,চেহারা দেখে বুঝা যাচ্ছে,চেহারা দেখে বুঝা যাচ্ছে,1,0.8391336870640947
2 After Election,2_after_election,1503,জামায়াত জোট ভোটে হেঁড়ে বলবে ইলেকশন ইন্জিনিয়ারিং হয়েছে,জামায়াত জোট ভোটে হেঁড়ে বলবে ইলেকশন ইন্জিনিয়ারিং হয়েছে,0,0.472810326848327
2 After Election,2_after_election,1504,নুরুল ইসলাম ইসলাম না এই কথা মাথা রেখে সবাই এগিয়ে যান বুট হোক ধানের শীষে,নুরুল ইসলাম ইসলাম না এই কথা মাথা রেখে সবাই এগিয়ে যান বুট হোক ধানের শীষে,0,0.6814227177859696
2 After Election,2_after_election,1505,Abhe tension aya,abhe tension aya,0,0.2
2 After Election,2_after_election,1506,চেহারার বারোটা বেজে গেছে চাচার,চেহারার বারোটা বেজে গেছে চাচার,3,0.640346644999518
2 After Election,2_after_election,1507,চাচা দেখো দশটা আসন পাও কিনা,চাচা দেখো দশটা আসন পাও কিনা,4,0.8394423280116159
2 After Election,2_after_election,1508,ইনশাআল্লাহ এবার আপনাকে দেখতে চাই,ইনশাআল্লাহ এবার আপনাকে দেখতে চাই,0,0.508721621425094
2 After Election,2_after_election,1509,"ইনশাআল্লাহ, আল্লাহ যেন আমাদেরকে দয়া করেন",ইনশাআল্লাহ আল্লাহ যেন আমাদেরকে দয়া করেন,2,0.4913227844723399
2 After Election,2_after_election,1510,এবার ও ফেলটু,এবার ও ফেলটু,4,0.5973090056006195
2 After Election,2_after_election,1511,"চেহারা বলে এক, মুখ বলে আরেক।",চেহারা বলে এক মুখ বলে আরেক,1,0.5038280433503466
2 After Election,2_after_election,1512,ইনশাআল্লাহ দারি পাল্লা,ইনশাআল্লাহ দারি পাল্লা,0,0.7333320584650664
2 After Election,2_after_election,1513,২ বছর অনেক নাটক দেখছি।,বছর অনেক নাটক দেখছি,1,0.7987533768951052
2 After Election,2_after_election,1514,আর নাটক কইরেন না।,আর নাটক কইরেন না,1,0.7295363174674675
2 After Election,2_after_election,1515,চলো একসাথে গড়ি বাংলাদেশ,চলো একসাথে গড়ি বাংলাদেশ,2,0.5985177707977918
2 After Election,2_after_election,1516,আমের নামে মেঙ্গো আর খাবে না।,আমের নামে মেঙ্গো আর খাবে না,3,0.7326704560044351
2 After Election,2_after_election,1517,সাদা দাদু মুখের হিউমার দিয়ে ভোট দেবে না কেউ এটিই বুঝাতে চাচ্ছেন,সাদা দাদু মুখের হিউমার দিয়ে ভোট দেবে না কেউ এটিই বুঝাতে চাচ্ছেন,4,0.49422656206772464
2 After Election,2_after_election,1518,জামাত আর ছাত্রশিবির মাঠে এই সময়ে আরো কঠুর কর্মসূচি জোর দাবি জানাচ্ছি,জামাত আর ছাত্রশিবির মাঠে এই সময়ে আরো কঠুর কর্মসূচি জোর দাবি জানাচ্ছি,4,0.5398768920851627
2 After Election,2_after_election,1519,ইনশাআল্লাহ জামায়াত ইসলামি জিন্দাবাদ,ইনশাআল্লাহ জামায়াত ইসলামি জিন্দাবাদ,0,0.5308215899474331
2 After Election,2_after_election,1520,"BNP. 220 pcs,",bnp pcs,1,0.5999965793377349
2 After Election,2_after_election,1521,Folto,folto,0,0.2
2 After Election,2_after_election,1522,ইনশাআল্লাহ রাইট কথা বলেছেন,ইনশাআল্লাহ রাইট কথা বলেছেন,0,0.7999972777582421
2 After Election,2_after_election,1523,ইনশাআল্লাহ দাঁড়ি পাল্লা সরকার গঠন করবে,ইনশাআল্লাহ দাঁড়ি পাল্লা সরকার গঠন করবে,0,0.8662793478747559
2 After Election,2_after_election,1524,ফয়জুলের বিড়িই একমাত্র সমাধান,ফয়জুলের বিড়িই একমাত্র সমাধান,3,0.7330497798315407
2 After Election,2_after_election,1525,সাদা শকুন পংগপাল সর্দার,সাদা শকুন পংগপাল সর্দার,4,0.7333320596899077
2 After Election,2_after_election,1526,ফলাফল শেষে সেটাই মেনে নিয়েন।,ফলাফল শেষে সেটাই মেনে নিয়েন,2,0.6315418299805927
2 After Election,2_after_election,1527,"ইতিহাসে সবচেয়ে শান্তিপূর্ণ ও সুন্দর পরিবেশে ভোট হচ্ছে ভোলা-৪ আসনে, কোথায়ও কোন বিশৃঙ্খলা ও জাল ভোটের দৃশ্য পাওয়া যায়নি।",ইতিহাসে সবচেয়ে শান্তিপূর্ণ ও সুন্দর পরিবেশে ভোট হচ্ছে ভোলা আসনে কোথায়ও কোন বিশৃঙ্খলা ও জাল ভোটের দৃশ্য পাওয়া যায়নি,0,0.9179917590353835
2 After Election,2_after_election,1528,চাপাবাজি দিন আজ ই শেষ,চাপাবাজি দিন আজ ই শেষ,3,0.7273695292835969
2 After Election,2_after_election,1529,কাকুর চেহারা তো অন্য কথা বলতেছে,কাকুর চেহারা তো অন্য কথা বলতেছে,1,0.5890305040639819
2 After Election,2_after_election,1530,চাচার চোখে মুখে চিন্তার ভাঁজ,চাচার চোখে মুখে চিন্তার ভাঁজ,0,0.8396482835237037
2 After Election,2_after_election,1531,কাকু আমার মনে হয় ফলাফলের পরে আপনাকে আর কখনও টেলিভিশনের সামনে দেখতে পাবো না। শোচণীয় পরাজয়ের জন্য অপেক্ষা করুন।,কাকু আমার মনে হয় ফলাফলের পরে আপনাকে আর কখনও টেলিভিশনের সামনে দেখতে পাবো না শোচণীয় পরাজয়ের জন্য অপেক্ষা করুন,0,0.7140859507767034
2 After Election,2_after_election,1532,তাই কাকু,তাই কাকু,3,0.5999984332799876
2 After Election,2_after_election,1533,সেটাই জেন হয়,সেটাই জেন হয়,0,0.5999894450621396
2 After Election,2_after_election,1534,দাঁড়িপাল্লা,দাঁড়িপাল্লা,0,0.5999977186425326
2 After Election,2_after_election,1535,স্বপ্ন দেখতে থাকেন,স্বপ্ন দেখতে থাকেন,3,0.7985959599295611
2 After Election,2_after_election,1536,"কাকা কাদিয়েন না, বেশি আশা করে ভুল করেছেন !",কাকা কাদিয়েন না বেশি আশা করে ভুল করেছেন,1,0.8643757031212478
2 After Election,2_after_election,1537,Obossoi jamat hoto chaitam kintu apnar moto joghonno lok jare dekhle gar vitor ghinghin kore tar jonno jamat k vote dite parlam na,obossoi jamat hoto chaitam kintu apnar moto joghonno lok jare dekhle gar vitor ghinghin kore tar jonno jamat k vote dite parlam na,1,0.9199986759507
2 After Election,2_after_election,1538,কাকা আপনি কট,কাকা আপনি কট,1,0.7329399147594131
2 After Election,2_after_election,1539,মন খুব খুশি রাতের আটটা দশটা বাজে তারপর বোঝা যাবে,মন খুব খুশি রাতের আটটা দশটা বাজে তারপর বোঝা যাবে,1,0.37865222424123834
2 After Election,2_after_election,1540,চাচা আসতে,চাচা আসতে,4,0.5982594357940884
2 After Election,2_after_election,1541,সত্য নাকি চুম্মা শকুন,সত্য নাকি চুম্মা শকুন,4,0.5835766031113973
2 After Election,2_after_election,1542,এইবার যদি আপনি ফেল করেন এইটা নিয়ে কয়বার হবে সংবাদ সম্মেলনে যদি একটু খুলে বলতেন,এইবার যদি আপনি ফেল করেন এইটা নিয়ে কয়বার হবে সংবাদ সম্মেলনে যদি একটু খুলে বলতেন,0,0.518653572618523
2 After Election,2_after_election,1543,চাচা জামানত থাকবে তো,চাচা জামানত থাকবে তো,4,0.7996415394989743
2 After Election,2_after_election,1544,সাকানিয়ালোহাগাড়া ১৫ ইনশাআল্লাহ আবারো ভূমিধশ বিজয় হচ্ছে আলহাজ্ব শাহজাহান চৌধুরীর দাঁড়ি পাল্লা মার্কা #সাতকানিয়ালোহাগাড়া,সাকানিয়ালোহাগাড়া ইনশাআল্লাহ আবারো ভূমিধশ বিজয় হচ্ছে আলহাজ্ব শাহজাহান চৌধুরীর দাঁড়ি পাল্লা মার্কা সাতকানিয়ালোহাগাড়া,0,0.8666647279013905
2 After Election,2_after_election,1545,আমরাও খবর পেয়েছি জামাতকে পাবলিক প্রত্যাখ্যান করছে ।,আমরাও খবর পেয়েছি জামাতকে পাবলিক প্রত্যাখ্যান করছে,3,0.839215998545002
2 After Election,2_after_election,1546,ইনশাআল্লাহ ব্রাহ্মণবাড়িয়া ৪ এ দাড়ি পাল্লা ১০০% জিতবে।,ইনশাআল্লাহ ব্রাহ্মণবাড়িয়া এ দাড়ি পাল্লা জিতবে,0,0.6404332974333488
2 After Election,2_after_election,1547,আসলেই ওয়েলকাম করবেনা।,আসলেই ওয়েলকাম করবেনা,2,0.5980513749397991
2 After Election,2_after_election,1548,"কিন্তু, প্রশ্ন হলো- নতুন ফ্যাসিস্ট কারা ?",কিন্তু প্রশ্ন হলো নতুন ফ্যাসিস্ট কারা,3,0.8378434418339142
2 After Election,2_after_election,1549,বি এন পি এগিয়ে,বি এন পি এগিয়ে,0,0.8399768213207021
2 After Election,2_after_election,1550,#স্বৈরাচার গেছে যেই পথে।,স্বৈরাচার গেছে যেই পথে,4,0.7987606986344202
2 After Election,2_after_election,1551,#চান্দাবাজ যাবে সেই পথে,চান্দাবাজ যাবে সেই পথে,4,0.732272541622452
2 After Election,2_after_election,1552,কাকু আপনি পাস ইউনুসের সাথে দর কষাকষি করেন,কাকু আপনি পাস ইউনুসের সাথে দর কষাকষি করেন,3,0.7980219283224245
2 After Election,2_after_election,1553,মুরুব্বী ইহি ইহি,মুরুব্বী ইহি ইহি,1,0.5999902647501324
2 After Election,2_after_election,1554,ইনশাআল্লাহ আগামীর রাষ্ট্র নায়ক তারেক রহমান,ইনশাআল্লাহ আগামীর রাষ্ট্র নায়ক তারেক রহমান,3,0.6399543668370701
2 After Election,2_after_election,1555,এখন পযন্ত যতো কেন্দ্রে অঘটন ঘটাইছে সবি দেখলাম বিএনপি? যে দলে সভাপতি সহসভাপতি ঘরে ঘরে সেই দলে অঘটন ঘটাবে না এটা কি করে হয়?,এখন পযন্ত যতো কেন্দ্রে অঘটন ঘটাইছে সবি দেখলাম বিএনপি যে দলে সভাপতি সহসভাপতি ঘরে ঘরে সেই দলে অঘটন ঘটাবে না এটা কি করে হয়,4,0.9098847765404222
2 After Election,2_after_election,1556,মুরুব্বি উহু উহু,মুরুব্বি উহু উহু,2,0.599183094273493
2 After Election,2_after_election,1557,"মুরব্বির জন্য দশ,ট্রাক লেবুর অর্ডার দেওয়া হওক",মুরব্বির জন্য দশ ট্রাক লেবুর অর্ডার দেওয়া হওক,2,0.524152337657943
2 After Election,2_after_election,1558,জনগণ তাদের সঠিক সিদ্ধান্ত নিয়েছে কিন্তু অনেক জায়গাতেই অনিয়ম দেখা যাচ্ছে অন্তত এই নির্বাচনে এটা আশা করিনি,জনগণ তাদের সঠিক সিদ্ধান্ত নিয়েছে কিন্তু অনেক জায়গাতেই অনিয়ম দেখা যাচ্ছে অন্তত এই নির্বাচনে এটা আশা করিনি,2,0.623293951471856
2 After Election,2_after_election,1559,ইনশাআল্লাহ দাড়িপাল্লা শাপলা কলি,ইনশাআল্লাহ দাড়িপাল্লা শাপলা কলি,0,0.7999957465163323
2 After Election,2_after_election,1560,ঘুমানোর আগেই স্বপ্ন দেখা শুরু হয়ে গেছে,ঘুমানোর আগেই স্বপ্ন দেখা শুরু হয়ে গেছে,4,0.5165568726350394
2 After Election,2_after_election,1561,গত দুইদিন আগেও যে বলছিলো জামাতকে ভোট দিব। সেও আজ কল দিয়ে বলতেছে ভাই ভুল ছিলাম। জামাতের আসল রূপ দেখা হয়ে গেছে।ইনশাআল্লাহ ধানের শীষেই ভোট দিব,গত দুইদিন আগেও যে বলছিলো জামাতকে ভোট দিব সেও আজ কল দিয়ে বলতেছে ভাই ভুল ছিলাম জামাতের আসল রূপ দেখা হয়ে গেছে ইনশাআল্লাহ ধানের শীষেই ভোট দিব,0,0.4718808645750659
2 After Election,2_after_election,1562,পুন্দানমন্ত্রীর শফিকুল রহমানের আসন বাজেয়াপ্ত হওয়ার পথে এখন কি হবে,পুন্দানমন্ত্রীর শফিকুল রহমানের আসন বাজেয়াপ্ত হওয়ার পথে এখন কি হবে,4,0.8656499328689841
2 After Election,2_after_election,1563,ওকে ফাইন,ওকে ফাইন,0,0.5973697325658205
2 After Election,2_after_election,1564,"হাসানি দাদু,,",হাসানি দাদু,3,0.5985166167052992
2 After Election,2_after_election,1565,"ইনশা আল্লাহ , দাড়িপাল্লা .... আল্লাহ ভরসা",ইনশা আল্লাহ দাড়িপাল্লা আল্লাহ ভরসা,0,0.6683614371553793
2 After Election,2_after_election,1566,আপনাদের বিরুদ্ধে গেলেই ফ‍্যাসিবাদ আর বর্তমানে অনলাইনের যুগ মানুষ দেখতেছে কে কি রকম করতেছে,আপনাদের বিরুদ্ধে গেলেই ফ্যাসিবাদ আর বর্তমানে অনলাইনের যুগ মানুষ দেখতেছে কে কি রকম করতেছে,1,0.9092917900357915
2 After Election,2_after_election,1567,ইনশাআল্লাহ ধানের শীষের বিজয় হবে,ইনশাআল্লাহ ধানের শীষের বিজয় হবে,0,0.8399885912234382
2 After Election,2_after_election,1568,স্বপ্ন দেখ দাদা,স্বপ্ন দেখ দাদা,2,0.7306526733597731
2 After Election,2_after_election,1569,চেগাইয়্যা,চেগাইয়্যা,0,0.2
2 After Election,2_after_election,1570,হোমাসা হবে অপেক্ষা কর,হোমাসা হবে অপেক্ষা কর,2,0.7326078388064544
2 After Election,2_after_election,1571,রাতে আবার বলবেন না যে ভোট কারচুপি হয়েছে,রাতে আবার বলবেন না যে ভোট কারচুপি হয়েছে,2,0.8652766050461804
2 After Election,2_after_election,1572,জয় বাংলা,জয় বাংলা,4,0.7298342207840066
2 After Election,2_after_election,1573,তাইলে বুঝতে পারছেন,তাইলে বুঝতে পারছেন,1,0.7312504476229408
2 After Election,2_after_election,1574,এখন কি অবস্থা,এখন কি অবস্থা,3,0.5989662504877505
2 After Election,2_after_election,1575,নাটক পিছনে দরজা থেকে জামাত ক্ষমতায় যেতে চায়,নাটক পিছনে দরজা থেকে জামাত ক্ষমতায় যেতে চায়,1,0.488265809721221
2 After Election,2_after_election,1576,আমরা জনগণ না আমরা সব পাব্লিক।,আমরা জনগণ না আমরা সব পাব্লিক,2,0.5969340720135358
2 After Election,2_after_election,1577,সিট এই বার কয়টা পাইছেন চাচা,সিট এই বার কয়টা পাইছেন চাচা,3,0.6384572251494767
2 After Election,2_after_election,1578,সাগরে ভাসিয়ে দিবে,সাগরে ভাসিয়ে দিবে,1,0.5932607934254681
2 After Election,2_after_election,1579,এরকম কোন লক্ষণ দেখতে পারছি না সাদা শবুন,এরকম কোন লক্ষণ দেখতে পারছি না সাদা শবুন,2,0.43414357000399384
2 After Election,2_after_election,1580,তাড়াতাড়ি রাজপথে নামেন,তাড়াতাড়ি রাজপথে নামেন,3,0.7321071236340128
2 After Election,2_after_election,1581,মুরুব্বি মুরুব্বি,মুরুব্বি মুরুব্বি,2,0.7328759912248834
2 After Election,2_after_election,1582,দূর হালা ভন্ড,দূর হালা ভন্ড,1,0.5495995184818533
2 After Election,2_after_election,1583,হারার পরে কান্না,হারার পরে কান্না,4,0.5981754880888998
2 After Election,2_after_election,1584,সবচেয়ে উদ্বেগের বিষয় হচ্ছে দেশের একতৃতীয়াংশই জান্নাতের যাওয়ার জন্য আগ্রহী নয়!,সবচেয়ে উদ্বেগের বিষয় হচ্ছে দেশের একতৃতীয়াংশই জান্নাতের যাওয়ার জন্য আগ্রহী নয়,2,0.4923838169506327
2 After Election,2_after_election,1585,জানি এখন স্বর্ণের যুগ।,জানি এখন স্বর্ণের যুগ,4,0.7321958637401133
2 After Election,2_after_election,1586,Well Come korsea already Hahaha,well come korsea already hahaha,0,0.2
2 After Election,2_after_election,1587,মুরুব্বি কষ্ট হচ্ছে,মুরুব্বি কষ্ট হচ্ছে,2,0.733106839061413
2 After Election,2_after_election,1588,ফেইসবুকের ভোটের সাথে মাঠের কোন মিল নেই।,ফেইসবুকের ভোটের সাথে মাঠের কোন মিল নেই,0,0.7289332313857421
2 After Election,2_after_election,1589,এসমস্ত কাহিনী এখন জনগণ খাই-না।,এসমস্ত কাহিনী এখন জনগণ খাই না,0,0.7318800894835804
2 After Election,2_after_election,1590,Right,right,0,0.5999948752393942
2 After Election,2_after_election,1591,বাংলাদেশের জনগণ ৭১ সালকে স্বরন রাখছে।,বাংলাদেশের জনগণ সালকে স্বরন রাখছে,0,0.7311499525581987
2 After Election,2_after_election,1592,"সাদা শকুন,,",সাদা শকুন,4,0.7333320596899077
2 After Election,2_after_election,1593,বিএনপিকে পরাজিত করতে যেইসব অপবাদ গুজব ছড়িয়ে ছিল।তাদের জনগন ব্যালটের মাধ্যমে জবাব দিয়েছেন।,বিএনপিকে পরাজিত করতে যেইসব অপবাদ গুজব ছড়িয়ে ছিল তাদের জনগন ব্যালটের মাধ্যমে জবাব দিয়েছেন,2,0.8993401727746406
2 After Election,2_after_election,1594,"সিংহাসন চিরস্থায়ী নয়, এটি আল্লাহর পক্ষ থেকে পাওয়া এক বড় 'পরীক্ষা ও আমানত'। এই আমানতে যারা জুলুম মিশিয়ে খেয়ানত করবে, এ দেশের জাগ্রত জনতা তাদের ক্ষমা করবে না।",সিংহাসন চিরস্থায়ী নয় এটি আল্লাহর পক্ষ থেকে পাওয়া এক বড় পরীক্ষা ও আমানত এই আমানতে যারা জুলুম মিশিয়ে খেয়ানত করবে এ দেশের জাগ্রত জনতা তাদের ক্ষমা করবে না,2,0.8017167581209622
2 After Election,2_after_election,1595,বুড়ো শকুনের মাথা গেছে।,বুড়ো শকুনের মাথা গেছে,3,0.40016351409810896
2 After Election,2_after_election,1596,মোনাফেক শফিক,মোনাফেক শফিক,3,0.7308980456382662
2 After Election,2_after_election,1597,চুম্মা শফিককে ওয়েলকাম করবে।,চুম্মা শফিককে ওয়েলকাম করবে,0,0.7309548579904932
2 After Election,2_after_election,1598,জি আমি ও করবো না,জি আমি ও করবো না,4,0.7329532941223972
2 After Election,2_after_election,1599,মুরব্বি মুরব্বি ওহ-হো,মুরব্বি মুরব্বি ওহ হো,1,0.79479587834534
2 After Election,2_after_election,1600,ঠিক বলেছেন আর আপনার কথা সত্যি হয়েছে,ঠিক বলেছেন আর আপনার কথা সত্যি হয়েছে,1,0.5277297300075151
2 After Election,2_after_election,1601,এ-ই বেফাশ কথাগুলোর কারনে একবারো এমপি হতে পারলোনা,এ ই বেফাশ কথাগুলোর কারনে একবারো এমপি হতে পারলোনা,3,0.4956916746229502
2 After Election,2_after_election,1602,যেদিন ১৩ তারিখ সকালে উঠে দেখব ডক্টর প্রধানমন্ত্রী হয়েছে সেদিন হবে আমার জীবনের সফলতা দিন,যেদিন তারিখ সকালে উঠে দেখব ডক্টর প্রধানমন্ত্রী হয়েছে সেদিন হবে আমার জীবনের সফলতা দিন,3,0.8851130488725518
2 After Election,2_after_election,1603,এটা হবেই সবার ই ভাবনাতে ছিলো কারণ-এদেশে সুষ্ঠু নির্বাচন কখনো সম্ভব না বিশেষ করে বাংলাদেশের জন্য এটা অবধারিত।,এটা হবেই সবার ই ভাবনাতে ছিলো কারণ এদেশে সুষ্ঠু নির্বাচন কখনো সম্ভব না বিশেষ করে বাংলাদেশের জন্য এটা অবধারিত,3,0.40536184876570774
2 After Election,2_after_election,1604,আচ্ছা কাকু আপনে সারাদেশ থেকে যে খবর পাচ্ছেন কিন্তু আমরা তো সেই খবর পাচ্ছি না মানুষ তো বিএনপি ভালোবাসে,আচ্ছা কাকু আপনে সারাদেশ থেকে যে খবর পাচ্ছেন কিন্তু আমরা তো সেই খবর পাচ্ছি না মানুষ তো বিএনপি ভালোবাসে,3,0.5157780792420537
2 After Election,2_after_election,1605,দেশের এইরকম কোনো কিছু বরদাস্ত করা হবে না।,দেশের এইরকম কোনো কিছু বরদাস্ত করা হবে না,3,0.7275699709154334
2 After Election,2_after_election,1606,আলহামদুলিল্লাহ জনগণ ঠিক তাই করছে,আলহামদুলিল্লাহ জনগণ ঠিক তাই করছে,2,0.5493735302979945
2 After Election,2_after_election,1607,নতুন নাটক সাদা শকুন,নতুন নাটক সাদা শকুন,4,0.8326695772393885
2 After Election,2_after_election,1608,"অপেক্ষা করো,গনতন্ত্রের জন্য আরও নতুন কিছু চমক অপেক্ষা করছে,খালি মাঠে বড় গলায় কথা বা যা তা করার সুযোগ দেওয়া হবে না,সবাই রাজনীতি করার সুযোগ পাবে।।",অপেক্ষা করো গনতন্ত্রের জন্য আরও নতুন কিছু চমক অপেক্ষা করছে খালি মাঠে বড় গলায় কথা বা যা তা করার সুযোগ দেওয়া হবে না সবাই রাজনীতি করার সুযোগ পাবে,2,0.9548568465643279
2 After Election,2_after_election,1609,জনগন তোর কপালে জুতা মারছে,জনগন তোর কপালে জুতা মারছে,4,0.43990606841037855
2 After Election,2_after_election,1610,নানা ফেসবুক আইডি দিয়ে ভোট নেন,নানা ফেসবুক আইডি দিয়ে ভোট নেন,3,0.48730885279951924
2 After Election,2_after_election,1611,এখানে পরিচয় হয়ে যাক,এখানে পরিচয় হয়ে যাক,2,0.8371166771317702
2 After Election,2_after_election,1612,ধানেরশীষ,ধানেরশীষ,0,0.2
2 After Election,2_after_election,1613,সাদা শকুন অনলাইন প্রধানমন্ত্রী।,সাদা শকুন অনলাইন প্রধানমন্ত্রী,4,0.8367753539978572
2 After Election,2_after_election,1614,পিনাকি অনলাইন বট মন্ত্রী।,পিনাকি অনলাইন বট মন্ত্রী,4,0.8388034898897774
2 After Election,2_after_election,1615,Bnp olkam,bnp olkam,1,0.5999965793377349
2 After Election,2_after_election,1616,ফেইল গেলে ও মুখ যাই নাই,ফেইল গেলে ও মুখ যাই নাই,1,0.6893038977978299
2 After Election,2_after_election,1617,সাদা শোকুন,সাদা শোকুন,4,0.5999981729449276
2 After Election,2_after_election,1618,দূর্নীতি প্রমানীত হওয়ায় এইরকম কেন্দ্র গুলোর নির্বাচন বাতিল করে পুনরায় নির্বাচন দিতে হবে!!!,দূর্নীতি প্রমানীত হওয়ায় এইরকম কেন্দ্র গুলোর নির্বাচন বাতিল করে পুনরায় নির্বাচন দিতে হবে,0,0.5285112011607125
2 After Election,2_after_election,1619,"নানা শাহেব গুর পাঠাচ্ছি , চিড়া মুড়ি খেয়ে একটা কঠিন ঘুম দেন",নানা শাহেব গুর পাঠাচ্ছি চিড়া মুড়ি খেয়ে একটা কঠিন ঘুম দেন,1,0.4023672442938727
2 After Election,2_after_election,1620,ফলাফল ও কারচুপি হয়েছে,ফলাফল ও কারচুপি হয়েছে,2,0.7327319331057819
2 After Election,2_after_election,1621,Soitan,soitan,0,0.2
2 After Election,2_after_election,1622,কুহু কুহু...,কুহু কুহু,0,0.2
2 After Election,2_after_election,1623,চামারের চামার,চামারের চামার,0,0.2
2 After Election,2_after_election,1624,Bnp monafique,bnp monafique,1,0.5999965793377349
2 After Election,2_after_election,1625,মামু দি কট খাইছে,মামু দি কট খাইছে,0,0.5007384112531156
2 After Election,2_after_election,1626,কোন দেশের জনগণ?,কোন দেশের জনগণ,2,0.7970858983905568
2 After Election,2_after_election,1627,"সাদা শকুনের দিন শেষ,৭১ এর বাংলাদেশ!",সাদা শকুনের দিন শেষ এর বাংলাদেশ,3,0.6389048717504856
2 After Election,2_after_election,1628,"ফ্যাসিবাদ তোমার মুখে। তুমি তোমার দল=আওমেলীগ=বিজেপি=মব জঙ্গীবাদ। যে করে চক্ষুদান তারে কর অপমান। এই সমস্ত মোনাফের কাজ, মোনাফেকি।",ফ্যাসিবাদ তোমার মুখে তুমি তোমার দল আওমেলীগ বিজেপি মব জঙ্গীবাদ যে করে চক্ষুদান তারে কর অপমান এই সমস্ত মোনাফের কাজ মোনাফেকি,2,0.4745516077807822
2 After Election,2_after_election,1629,ইনশাআল্লাহ জয়ী হবে তাই দাঁড়িপাল্লা,ইনশাআল্লাহ জয়ী হবে তাই দাঁড়িপাল্লা,0,0.7998953137666102
2 After Election,2_after_election,1630,হুজুর অনেক রাত ঘুমিয়ে পড়েন,হুজুর অনেক রাত ঘুমিয়ে পড়েন,1,0.8370555670289201
2 After Election,2_after_election,1631,ওরা পালানোর জন্য রিকশাও পাবে না। হেলিকপ্টার তো বাদ্ই দেন!,ওরা পালানোর জন্য রিকশাও পাবে না হেলিকপ্টার তো বাদ্ই দেন,2,0.5220886923269719
2 After Election,2_after_election,1632,"মিডিয়ার কারনে ফলাফল পরিবর্তন হচ্ছে, জামায়াত জোট জনগণের ভোটের আমানত রক্ষা করতে পারে নাই মিডিয়ার কারনে, এতে এই জোটের দূর্বলতাই ফোটে উঠে মিডিয়া তৈরীতে পিছিয়ে থাকার কারণ হিসেবে!",মিডিয়ার কারনে ফলাফল পরিবর্তন হচ্ছে জামায়াত জোট জনগণের ভোটের আমানত রক্ষা করতে পারে নাই মিডিয়ার কারনে এতে এই জোটের দূর্বলতাই ফোটে উঠে মিডিয়া তৈরীতে পিছিয়ে থাকার কারণ হিসেবে,3,0.7810028161027345
2 After Election,2_after_election,1633,Motherboard,motherboard,0,0.2
2 After Election,2_after_election,1634,"সব কিছু ডিপ স্টেট আর হাতে কে যাবে কে থাকবে,",সব কিছু ডিপ স্টেট আর হাতে কে যাবে কে থাকবে,4,0.5492282041923905
2 After Election,2_after_election,1635,মানি না আমরা জামাত কে দেশ পরিচালনা দেখতে চাই প্রয়োজনে বিএনপি নেতাদের বিরুদ্ধে আর একবার জুলাই হবে রেজাল্ট দেওয়ার পরে মাঠে নামার প্রস্ত থাকুন জামাত ভাইয়েরা,মানি না আমরা জামাত কে দেশ পরিচালনা দেখতে চাই প্রয়োজনে বিএনপি নেতাদের বিরুদ্ধে আর একবার জুলাই হবে রেজাল্ট দেওয়ার পরে মাঠে নামার প্রস্ত থাকুন জামাত ভাইয়েরা,0,0.49857868417440554
2 After Election,2_after_election,1636,চ্যানেল ২৪ ভুয়া ভুয়া ভুয়া ভুয়া ভুয়া ভুয়া ভুয়া ভুয়া ভুয়া,চ্যানেল ভুয়া ভুয়া ভুয়া ভুয়া ভুয়া ভুয়া ভুয়া ভুয়া ভুয়া,1,0.9269858642805265
2 After Election,2_after_election,1637,কাকু এমন কথা মানায় না,কাকু এমন কথা মানায় না,3,0.732837787503961
2 After Election,2_after_election,1638,Okokok,okokok,0,0.2
2 After Election,2_after_election,1639,লাড়েনি?,লাড়েনি,0,0.2
2 After Election,2_after_election,1640,কি বাল করবা,কি বাল করবা,3,0.5996904312342487
2 After Election,2_after_election,1641,সাদা শকুন কই কি সে এখনো ঘুমিয়ে আছে মদ খেয়ে,সাদা শকুন কই কি সে এখনো ঘুমিয়ে আছে মদ খেয়ে,4,0.9100399169171438
2 After Election,2_after_election,1642,ঠিক বলেছেন স্যার,ঠিক বলেছেন স্যার,0,0.517882728874641
2 After Election,2_after_election,1643,ছিছিছি,ছিছিছি,0,0.2
2 After Election,2_after_election,1644,"বিএনপি জনগণের দল , জনগণ বিপুল ভোটে বিজয়ী করবে",বিএনপি জনগণের দল জনগণ বিপুল ভোটে বিজয়ী করবে,0,0.5993096234626409
2 After Election,2_after_election,1645,নাটক কম করেন মুখে লাগাম দিয়ে কথা বলুন নতুন মব সৃষ্টি করবেননা,নাটক কম করেন মুখে লাগাম দিয়ে কথা বলুন নতুন মব সৃষ্টি করবেননা,4,0.7132218699283388
2 After Election,2_after_election,1646,আল্লাহুম্মা সাল্লে আলা,আল্লাহুম্মা সাল্লে আলা,0,0.2
2 After Election,2_after_election,1647,চাইয়ে দেনা মাওলানা,চাইয়ে দেনা মাওলানা,0,0.2
2 After Election,2_after_election,1648,জলে রে জলে,জলে রে জলে,0,0.2
2 After Election,2_after_election,1649,"সারা জিবন শুনে এসেছি ভুমিদস বিজয়,",সারা জিবন শুনে এসেছি ভুমিদস বিজয়,3,0.5498789135408844
2 After Election,2_after_election,1650,আজকে তা নিজে চোখে দেখলাম।,আজকে তা নিজে চোখে দেখলাম,0,0.5686652065994046
2 After Election,2_after_election,1651,141 টি কেন্দ্রের মধ্যে ৪১ টি কেন্দ্রেই পাস করেছেন।,টি কেন্দ্রের মধ্যে টি কেন্দ্রেই পাস করেছেন,3,0.6286780892193603
2 After Election,2_after_election,1652,ধানের শীষের প্রার্থী,ধানের শীষের প্রার্থী,0,0.7995440193418886
2 After Election,2_after_election,1653,আমান উল্লাহ আমান একটা ইতিহাস একটা ব্রান্ড।,আমান উল্লাহ আমান একটা ইতিহাস একটা ব্রান্ড,3,0.5499913492279385
2 After Election,2_after_election,1654,বাংলাদেশের মানুষ রাজাকার খাই না ধর্ম ব্যবসায়ী খাই না,বাংলাদেশের মানুষ রাজাকার খাই না ধর্ম ব্যবসায়ী খাই না,0,0.5401705079502105
2 After Election,2_after_election,1655,নাসরুম মিনাল্লাহি ওয়াফাতহুন কারিব,নাসরুম মিনাল্লাহি ওয়াফাতহুন কারিব,0,0.2
2 After Election,2_after_election,1656,৭১ এর পক্ষের শক্তি সরকার গঠন করবে। ইনশাল্লাহ,এর পক্ষের শক্তি সরকার গঠন করবে ইনশাল্লাহ,4,0.482017775860772
2 After Election,2_after_election,1657,সাদা শুকুন,সাদা শুকুন,4,0.5999981729449276
2 After Election,2_after_election,1658,কহু কহু কহু কহু কহু কহু কহু কহু কহু কহু কহু কহু কহু কহু,কহু কহু কহু কহু কহু কহু কহু কহু কহু কহু কহু কহু কহু কহু,0,0.2
2 After Election,2_after_election,1659,দাদু আস্তে আস্তে ব্যাগ গাট্টি গোসান,দাদু আস্তে আস্তে ব্যাগ গাট্টি গোসান,3,0.798193403132603
2 After Election,2_after_election,1660,এত টাকা পাইছেন কই লাস্টের দিন যে টাকা দিলেন,এত টাকা পাইছেন কই লাস্টের দিন যে টাকা দিলেন,3,0.5809425032438816
2 After Election,2_after_election,1661,In sha allah,in sha allah,3,0.799996880517948
2 After Election,2_after_election,1663,রোজা আর পুজা এক না রে পাগলা,রোজা আর পুজা এক না রে পাগলা,4,0.7323325516322668
2 After Election,2_after_election,1664,ঘোষনা হবে একটু পরে,ঘোষনা হবে একটু পরে,2,0.5957856919824029
2 After Election,2_after_election,1665,Jeta apni,jeta apni,2,0.5999879629130713
2 After Election,2_after_election,1666,লুচ্চা সফিক নারী লুবিজারত,লুচ্চা সফিক নারী লুবিজারত,3,0.5999817936151906
2 After Election,2_after_election,1667,সঠিক বলেছেন ! কারণ আপনারা তো নব‍্য ফ‍্যাসিষ্ট হয়ে আবির্ভূত হয়েছেন ।,সঠিক বলেছেন কারণ আপনারা তো নব্য ফ্যাসিষ্ট হয়ে আবির্ভূত হয়েছেন,0,0.5323462610521478
2 After Election,2_after_election,1668,মাশা আল্লাহ,মাশা আল্লাহ,0,0.5984866830130162
2 After Election,2_after_election,1669,Ceyara dekhe khub hingsro mone hoy,ceyara dekhe khub hingsro mone hoy,4,0.7326565910236912
2 After Election,2_after_election,1670,Insallh,insallh,0,0.2
2 After Election,2_after_election,1671,নোয়াখালী হাতিয়ার ৬ আসনে,নোয়াখালী হাতিয়ার আসনে,0,0.5976844186537004
2 After Election,2_after_election,1672,১১ দল জিতে গেছে,দল জিতে গেছে,2,0.7308049405685417
2 After Election,2_after_election,1673,‎ইনশাআল্লাহ,ইনশাআল্লাহ,0,0.5999995531898649
2 After Election,2_after_election,1674,ইনশাআল্লাহ দাঁড়িপাল্লায় ভোট দিয়েদিছি,ইনশাআল্লাহ দাঁড়িপাল্লায় ভোট দিয়েদিছি,0,0.7987125001506953
2 After Election,2_after_election,1675,ইনশাআল্লাহ বিজয় আমাদের ওই হবে ইনশাআল্লাহ দাঁড়ি পাল্লা,ইনশাআল্লাহ বিজয় আমাদের ওই হবে ইনশাআল্লাহ দাঁড়ি পাল্লা,0,0.866666042384427
2 After Election,2_after_election,1676,নতুন ফ্যাসিবাদ বলতে কারা?,নতুন ফ্যাসিবাদ বলতে কারা,3,0.8380669979286507
2 After Election,2_after_election,1677,In sah Allah,in sah allah,3,0.7333301647186827
2 After Election,2_after_election,1678,In Sha Allah!,in sha allah,3,0.799996880517948
2 After Election,2_after_election,1679,InshaAllah,inshaallah,1,0.5999916218342304
2 After Election,2_after_election,1680,কাকুর খবর কি,কাকুর খবর কি,3,0.7294088416505087
2 After Election,2_after_election,1681,জ্বী ইনশাআল্লাহ,জ্বী ইনশাআল্লাহ,0,0.5999995531898649
2 After Election,2_after_election,1682,তোমাদের আর কি,তোমাদের আর কি,1,0.5999897417700086
2 After Election,2_after_election,1683,Dekha jak hoi naki,dekha jak hoi naki,1,0.4004294639286946
2 After Election,2_after_election,1684,ইনশাআল্লাহ বোর্ড জ্বালিয়াতি চুরি না হলে,ইনশাআল্লাহ বোর্ড জ্বালিয়াতি চুরি না হলে,2,0.48699801790630504
2 After Election,2_after_election,1685,ইনশাআল্লাহ তারেক রহমান বিজয়,ইনশাআল্লাহ তারেক রহমান বিজয়,0,0.44003560577635814
2 After Election,2_after_election,1686,"ধর্ম ব্যবসায়ী কুত্তার বাচ্চারা নাকি সৎ লোকের শাসন চায় , সৎলোকেদের অবস্থা যা দেখছি তাতে মনে হয় এদের চেয়ে অসৎ এবং ইতর প্রাণী পৃথিবীতে কেউ নেই।",ধর্ম ব্যবসায়ী কুত্তার বাচ্চারা নাকি সৎ লোকের শাসন চায় সৎলোকেদের অবস্থা যা দেখছি তাতে মনে হয় এদের চেয়ে অসৎ এবং ইতর প্রাণী পৃথিবীতে কেউ নেই,1,0.743283195902601
2 After Election,2_after_election,1687,"জামায়াতে ইসলামের নির্বাচনের আগের রাত: বিভিন্ন স্থানে আটক ও অভিযোগ - ১২৭টি ঘটনার মধ্যে অধিকাংশ জামাত এর বিরুদ্ধে,",জামায়াতে ইসলামের নির্বাচনের আগের রাত বিভিন্ন স্থানে আটক ও অভিযোগ টি ঘটনার মধ্যে অধিকাংশ জামাত এর বিরুদ্ধে,2,0.9372104198526567
2 After Election,2_after_election,1688,নির্বাচনের পূর্ব রাতে দেশের বিভিন্ন এলাকায় জামায়াতে ইসলামীর নেতা–কর্মীদের বিরুদ্ধে অর্থ ও জাল ভোট সংক্রান্ত অভিযোগে একাধিক অভিযান পরিচালিত হয়। ঘটনাগুলো সংক্ষেপে—,নির্বাচনের পূর্ব রাতে দেশের বিভিন্ন এলাকায় জামায়াতে ইসলামীর নেতা কর্মীদের বিরুদ্ধে অর্থ ও জাল ভোট সংক্রান্ত অভিযোগে একাধিক অভিযান পরিচালিত হয় ঘটনাগুলো সংক্ষেপে,2,0.831691924223823
2 After Election,2_after_election,1689,১. কুমিল্লায় এক জামায়াত নেতাকে ২ লাখ টাকাসহ আটক করা হয়।,কুমিল্লায় এক জামায়াত নেতাকে লাখ টাকাসহ আটক করা হয়,0,0.5535106662514674
2 After Election,2_after_election,1690,"২. সৈয়দপুর, মুরাদনগর ও ফেনীসহ বিভিন্ন স্থানে মোট ১২ জন জামায়াত নেতা আটক হন।",সৈয়দপুর মুরাদনগর ও ফেনীসহ বিভিন্ন স্থানে মোট জন জামায়াত নেতা আটক হন,2,0.43232441601093696
2 After Election,2_after_election,1691,৩. পটুয়াখালীতে এক জামায়াত নেতাকে গ্রেপ্তার করা হয়।,পটুয়াখালীতে এক জামায়াত নেতাকে গ্রেপ্তার করা হয়,0,0.7996346456392288
2 After Election,2_after_election,1692,৪. ঢাকার পল্লবীতে দুই জামায়াত কর্মী আটক হন; তাদের দুই মাসের কারাদণ্ড দেওয়া হয় এবং সংশ্লিষ্ট নির্বাচন কর্মকর্তা বরখাস্ত হন।,ঢাকার পল্লবীতে দুই জামায়াত কর্মী আটক হন তাদের দুই মাসের কারাদণ্ড দেওয়া হয় এবং সংশ্লিষ্ট নির্বাচন কর্মকর্তা বরখাস্ত হন,0,0.5464597840619794
2 After Election,2_after_election,1693,৫. ৭৪ লাখ টাকাসহ আটক এক জামায়াত নেতা বর্তমানে রমেকের সিসিইউতে চিকিৎসাধীন।,লাখ টাকাসহ আটক এক জামায়াত নেতা বর্তমানে রমেকের সিসিইউতে চিকিৎসাধীন,1,0.8387403896657724
2 After Election,2_after_election,1694,৬. ঝিনাইদহে দাঁড়িপাল্লা প্রতীকের এজেন্টের স্বাক্ষরিত ২৩টি ফলাফল শিট উদ্ধার করা হয়।,ঝিনাইদহে দাঁড়িপাল্লা প্রতীকের এজেন্টের স্বাক্ষরিত টি ফলাফল শিট উদ্ধার করা হয়,2,0.5483929532674188
2 After Election,2_after_election,1695,৭. ঢাকার সূত্রাপুরে এক জামায়াত নেতা আটক হন।,ঢাকার সূত্রাপুরে এক জামায়াত নেতা আটক হন,1,0.493991034170625
2 After Election,2_after_election,1696,৮. জাল ভোটের অভিযোগে দুইজনকে দুই মাসের কারাদণ্ড দেওয়া হয়েছে।,জাল ভোটের অভিযোগে দুইজনকে দুই মাসের কারাদণ্ড দেওয়া হয়েছে,0,0.8613811447757149
2 After Election,2_after_election,1697,উল্লিখিত ঘটনাগুলো নির্বাচনের আগের রাতেই বিভিন্ন স্থানে সংঘটিত হয় বলে জানা যায়।,উল্লিখিত ঘটনাগুলো নির্বাচনের আগের রাতেই বিভিন্ন স্থানে সংঘটিত হয় বলে জানা যায়,2,0.899782537277312
2 After Election,2_after_election,1698,ফ্যাসি বাদ আপনারাই,ফ্যাসি বাদ আপনারাই,1,0.39999285112137273
2 After Election,2_after_election,1699,এএএএএইইইই Roman মামু,এএএএএইইইই roman মামু,2,0.5970782475793508
2 After Election,2_after_election,1700,হবিগঞ্জ সহ সারা বাংলাদেশে ধানের শীর্ষের জোয়ার উঠেছে,হবিগঞ্জ সহ সারা বাংলাদেশে ধানের শীর্ষের জোয়ার উঠেছে,3,0.4958311182658179
2 After Election,2_after_election,1701,ইনশাআল্লাহ বিজয় সুনিশ্চিত,ইনশাআল্লাহ বিজয় সুনিশ্চিত,0,0.7999977612552499
2 After Election,2_after_election,1702,আলহামদুলিল্লাহ!,আলহামদুলিল্লাহ,2,0.5999984371235062
2 After Election,2_after_election,1703,ভূমিধস বিজয়ের পথে হাদির বাংলাদেশ,ভূমিধস বিজয়ের পথে হাদির বাংলাদেশ,0,0.2999177935579861
2 After Election,2_after_election,1704,পাগলে কিনা কয় ছাগলে কিনা খায়,পাগলে কিনা কয় ছাগলে কিনা খায়,0,0.8391229060643632
2 After Election,2_after_election,1705,"আলহামদুলিল্লাহ অবশেষে ১৭বছরের ফল পেতে যাজ্জি এবার মরে গেলো শান্তি পাবো প্রিয় দল কে সরকার হিসাবে দেখে গেলাম,।",আলহামদুলিল্লাহ অবশেষে বছরের ফল পেতে যাজ্জি এবার মরে গেলো শান্তি পাবো প্রিয় দল কে সরকার হিসাবে দেখে গেলাম,4,0.5460759688824738
2 After Election,2_after_election,1706,সব জেলায় বিপুল ভোটে এগিয়ে আছে,সব জেলায় বিপুল ভোটে এগিয়ে আছে,0,0.5432996362235628
2 After Election,2_after_election,1707,আল্লাহ আমাদের আপনি সাহায্য করেন আপনি ছাড়া আর কোন সাহায্যকারী নাই,আল্লাহ আমাদের আপনি সাহায্য করেন আপনি ছাড়া আর কোন সাহায্যকারী নাই,2,0.8844346077565785
2 After Election,2_after_election,1708,রাজাকারের আস্তানা এই বাংলায় হবে না,রাজাকারের আস্তানা এই বাংলায় হবে না,0,0.5999878262515866
2 After Election,2_after_election,1709,হবিগঞ্জ-৩ আসনে বিশাল ব্যবধানে বিজয়ের পথে ধানের শীষের প্রার্থী আলহাজ্ব জি গউছ।,হবিগঞ্জ আসনে বিশাল ব্যবধানে বিজয়ের পথে ধানের শীষের প্রার্থী আলহাজ্ব জি গউছ,0,0.5792794373323831
2 After Election,2_after_election,1710,এই শয়তানের মুখে সুন্দর কথা নাই।,এই শয়তানের মুখে সুন্দর কথা নাই,0,0.5490069407075008
2 After Election,2_after_election,1711,"Right,",right,0,0.5999948752393942
2 After Election,2_after_election,1712,তাই ধানের শীষ ইনশাআল্লাহ,তাই ধানের শীষ ইনশাআল্লাহ,0,0.5458262253726112
2 After Election,2_after_election,1713,ইনশাআল্লাহ দাড়িপাল্লায়,ইনশাআল্লাহ দাড়িপাল্লায়,0,0.5999995531898649
2 After Election,2_after_election,1714,আল্লাহ সর্বোত্তম পরিকল্পনাকারী।,আল্লাহ সর্বোত্তম পরিকল্পনাকারী,0,0.5984866830130162
2 After Election,2_after_election,1715,আমরা শুধু আল্লাহর উপর নির্ভর করি এবং শুধু আল্লাহর কাছে সাহায্য চাই।,আমরা শুধু আল্লাহর উপর নির্ভর করি এবং শুধু আল্লাহর কাছে সাহায্য চাই,3,0.5228480977191186
2 After Election,2_after_election,1716,"যেই সেক্টরে টেবিল ঘুষ খায় তারা নেয় ও ইনসাফ চাইবে না,",যেই সেক্টরে টেবিল ঘুষ খায় তারা নেয় ও ইনসাফ চাইবে না,0,0.5316077196341428
2 After Election,2_after_election,1717,"ইনশা আল্লাহ,, আল্লাহ যেন এই অদমের দোয়া কবুল করেন",ইনশা আল্লাহ আল্লাহ যেন এই অদমের দোয়া কবুল করেন,2,0.8651161627485612
2 After Election,2_after_election,1718,কি দিয়া কে কি বলে কিছুই বুঝিনা,কি দিয়া কে কি বলে কিছুই বুঝিনা,3,0.6389992428454578
2 After Election,2_after_election,1719,ইনশাআল্লাহ ইনশাআল্লাহ,ইনশাআল্লাহ ইনশাআল্লাহ,0,0.7333330741986921
2 After Election,2_after_election,1720,ইনশাআল্লাহ বিজয়ের ধারপান্তে,ইনশাআল্লাহ বিজয়ের ধারপান্তে,0,0.7333310972441847
2 After Election,2_after_election,1721,চেহারা তো দেখতে খারাপ দেখা যাচ্ছে মনে হয় টেনশনে আছেন,চেহারা তো দেখতে খারাপ দেখা যাচ্ছে মনে হয় টেনশনে আছেন,0,0.5476662882486216
2 After Election,2_after_election,1722,ইতা কিতা মাত মাতো????,ইতা কিতা মাত মাতো,1,0.5999848660302144
2 After Election,2_after_election,1723,আল্লাহ আপনি শফিকুর রহমান কে বাংলাদেশের প্রধানমন্ত্রী হিসেবে বানিয়ে দাও,আল্লাহ আপনি শফিকুর রহমান কে বাংলাদেশের প্রধানমন্ত্রী হিসেবে বানিয়ে দাও,3,0.7685991360101041
2 After Election,2_after_election,1724,সাদার শকুন বাচ্চা খবর কি,সাদার শকুন বাচ্চা খবর কি,4,0.5487730689083292
2 After Election,2_after_election,1725,Shob loss jibonta o loss,shob loss jibonta o loss,0,0.2
2 After Election,2_after_election,1726,আমিযে শুনলাম আপনারা খবরটা গতকাল রাতেই তৈরি করে ফেলেছেন??,আমিযে শুনলাম আপনারা খবরটা গতকাল রাতেই তৈরি করে ফেলেছেন,2,0.8853763480368055
2 After Election,2_after_election,1727,In sha Allah,in sha allah,3,0.799996880517948
2 After Election,2_after_election,1728,সাদা শকুন।,সাদা শকুন,4,0.7333320596899077
2 After Election,2_after_election,1729,ইনশাল্লাহ আলহামদুলিল্লাহ।,ইনশাল্লাহ আলহামদুলিল্লাহ,2,0.40006085751107945
2 After Election,2_after_election,1730,এগুলো একটু বাড়াবাড়ি বলা,এগুলো একটু বাড়াবাড়ি বলা,3,0.7968434365574723
2 After Election,2_after_election,1731,িনসাফ।,িনসাফ,0,0.2
2 After Election,2_after_election,1732,সাদা খবিসে কি কয়???,সাদা খবিসে কি কয়,4,0.4000684678442869
2 After Election,2_after_election,1733,Allhamdulilah,allhamdulilah,0,0.2
2 After Election,2_after_election,1734,রাতেই তো ভোট করে ফেলেছেন,রাতেই তো ভোট করে ফেলেছেন,2,0.7988173317796997
2 After Election,2_after_election,1735,চাচার জামানত টিকবে তো এইবার,চাচার জামানত টিকবে তো এইবার,0,0.4285989291072964
2 After Election,2_after_election,1736,পাগলের সুখ মনে মনে আর কাজ টুকাইয়া টাকা গণে,পাগলের সুখ মনে মনে আর কাজ টুকাইয়া টাকা গণে,0,0.6296837504387558
2 After Election,2_after_election,1737,কাম সারা কাকু,কাম সারা কাকু,3,0.5501573542663942
2 After Election,2_after_election,1738,ভয় ঢুকছে নাকি?,ভয় ঢুকছে নাকি,0,0.5085041692747093
2 After Election,2_after_election,1739,মন খারাপ কেন দাদু,মন খারাপ কেন দাদু,4,0.549917930145092
2 After Election,2_after_election,1740,অতীতে ছিল 5/10আসন এবার সবোর্চ্চ 25/30 টা এর বেশি হবে না কাক্বু।,অতীতে ছিল আসন এবার সবোর্চ্চ টা এর বেশি হবে না কাক্বু,4,0.6392932540219061
2 After Election,2_after_election,1741,Rights,rights,0,0.2
2 After Election,2_after_election,1742,দাদুর চোখে ঘুম রাত্রে ভোট দিয়েছে সারারাত,দাদুর চোখে ঘুম রাত্রে ভোট দিয়েছে সারারাত,0,0.584476332143002
2 After Election,2_after_election,1743,Nirbaconer math dekhlaam jamat bot bahini r bacaiteee parlonaa,nirbaconer math dekhlaam jamat bot bahini r bacaiteee parlonaa,1,0.5999941970191479
2 After Election,2_after_election,1744,ইন-শা-আল্লাহ্,ইন শা আল্লাহ্,0,0.39960084966181303
2 After Election,2_after_election,1745,দাদু সেই কথা কোইছে,দাদু সেই কথা কোইছে,3,0.5985166167052992
2 After Election,2_after_election,1746,In sa allha,in sa allha,3,0.5999922095846566
2 After Election,2_after_election,1747,ঠিক কথা,ঠিক কথা,1,0.5999994521830625
2 After Election,2_after_election,1748,সাদা শকুন তুই একটা জীবন্ত শয়তান,সাদা শকুন তুই একটা জীবন্ত শয়তান,4,0.835853914861534
2 After Election,2_after_election,1749,আল্লাহ তোদেরকে ধ্বংস করে দিবে ইনশাআল্লাহ,আল্লাহ তোদেরকে ধ্বংস করে দিবে ইনশাআল্লাহ,0,0.5220936103692151
2 After Election,2_after_election,1750,দাঁড়িপাল্লা ইনশাআল্লাহ,দাঁড়িপাল্লা ইনশাআল্লাহ,0,0.7333325419533284
2 After Election,2_after_election,1751,দে লাড়া চিনি ছাড়া,দে লাড়া চিনি ছাড়া,1,0.8389139468662971
2 After Election,2_after_election,1752,"কুমিল্লা ছয়, সৈয়দপুর প্রাথমিক বিদ্যালয় বিএনপি'র ঘাঁটিতে দাঁড়িপাল্লার বিজয় মিছিল",কুমিল্লা ছয় সৈয়দপুর প্রাথমিক বিদ্যালয় বিএনপি র ঘাঁটিতে দাঁড়িপাল্লার বিজয় মিছিল,0,0.6409585393043865
2 After Election,2_after_election,1753,Jamayat vot churi kore,jamayat vot churi kore,1,0.7333287752855939
2 After Election,2_after_election,1754,চেহারায় বলে দিচ্ছে হেরে গিয়েছেন,চেহারায় বলে দিচ্ছে হেরে গিয়েছেন,4,0.8380208024255505
2 After Election,2_after_election,1755,চেহেরা কালা হয়ে গেছে,চেহেরা কালা হয়ে গেছে,4,0.7312790675895424
2 After Election,2_after_election,1756,Razakarar,razakarar,0,0.2
2 After Election,2_after_election,1757,"১ নং হরণী, ৬ নং ওযার্ড",নং হরণী নং ওযার্ড,4,0.7333212828619496
2 After Election,2_after_election,1758,শাপলা কলি ৮৪৪,শাপলা কলি,0,0.5999746637181955
2 After Election,2_after_election,1759,ধান - ৫৩০,ধান,3,0.5999934667547445
2 After Election,2_after_election,1760,জেঠা মিয়া মনে হয় ফসকে যাবে,জেঠা মিয়া মনে হয় ফসকে যাবে,1,0.7968758822934447
2 After Election,2_after_election,1761,খেলার মাঠে দেখা যাবে,খেলার মাঠে দেখা যাবে,1,0.8369393528943918
2 After Election,2_after_election,1762,তাইলে বাংলাদেশ ঠিক পথেই আগাচ্ছে।,তাইলে বাংলাদেশ ঠিক পথেই আগাচ্ছে,1,0.5498310694533719
2 After Election,2_after_election,1763,ইনশাআল্লাহ ধানের শীষ অনেক টা এগিয়ে আছে,ইনশাআল্লাহ ধানের শীষ অনেক টা এগিয়ে আছে,0,0.5293642829011891
2 After Election,2_after_election,1764,Alhumdulillah,alhumdulillah,0,0.2
2 After Election,2_after_election,1765,চেহারার এই অবস্থা কেন কাকু,চেহারার এই অবস্থা কেন কাকু,3,0.7998610341586533
2 After Election,2_after_election,1766,ইনশাআল্লাহ জামাত,ইনশাআল্লাহ জামাত,0,0.7332753104184261
2 After Election,2_after_election,1767,ইনশাআল্লাহ দাঁড়িপাল্লার বিজয় আসবে,ইনশাআল্লাহ দাঁড়িপাল্লার বিজয় আসবে,0,0.8398323567841748
2 After Election,2_after_election,1768,সাদা শকুণ,সাদা শকুণ,4,0.5999981729449276
2 After Election,2_after_election,1769,Esa Pathan,esa pathan,0,0.2
2 After Election,2_after_election,1770,১৩ বেজে গেছে চাচা,বেজে গেছে চাচা,3,0.3998026740986756
2 After Election,2_after_election,1771,"দাদা চিন্তা কইরেন, এক ফ্যাসিবাদ গেছে আরেক ফ্যাসিবাদের অভ্যুদয় হচ্ছে। আজ অনেক জায়গাতে দেখলাম মানুষ না আসতেই তাদের ভোট নেওয়া নাকি হয়ে গেছে।অনেকেরই অভিযোগ",দাদা চিন্তা কইরেন এক ফ্যাসিবাদ গেছে আরেক ফ্যাসিবাদের অভ্যুদয় হচ্ছে আজ অনেক জায়গাতে দেখলাম মানুষ না আসতেই তাদের ভোট নেওয়া নাকি হয়ে গেছে অনেকেরই অভিযোগ,4,0.5932660853975505
2 After Election,2_after_election,1772,চেখারা দেখে বুঝে গেছে জনগণ,চেখারা দেখে বুঝে গেছে জনগণ,0,0.7964887486044948
2 After Election,2_after_election,1773,Onar pick dia onar name baje Kotha carce,onar pick dia onar name baje kotha carce,0,0.549834457423467
2 After Election,2_after_election,1774,স্বপ্ন দেখতে থাকেন বাস্তব হবে না কোনদিন,স্বপ্ন দেখতে থাকেন বাস্তব হবে না কোনদিন,3,0.7985959599295611
2 After Election,2_after_election,1775,in sha allah,in sha allah,3,0.799996880517948
2 After Election,2_after_election,1776,জাল ভোটের আলামত,জাল ভোটের আলামত,0,0.7328677445576012
2 After Election,2_after_election,1777,জারিজুরি ফাঁস হয়ে গেছে কাজ হবে না।,জারিজুরি ফাঁস হয়ে গেছে কাজ হবে না,4,0.796421297004743
2 After Election,2_after_election,1778,টাটকা খবিস,টাটকা খবিস,0,0.2
2 After Election,2_after_election,1779,ভন্ড মুনাফেকের বংশধর সালা বাটপার,ভন্ড মুনাফেকের বংশধর সালা বাটপার,3,0.530994749486453
2 After Election,2_after_election,1780,Insahalla,insahalla,0,0.2
2 After Election,2_after_election,1781,বলৎকার কে করবে তাহলে,বলৎকার কে করবে তাহলে,4,0.5949248610870235
2 After Election,2_after_election,1782,Fie Amanullah,fie amanullah,0,0.2
2 After Election,2_after_election,1783,Md Nadim Khan Mohammad Shakil দেখা যাক জনগন কোন নতুন ফ‍্যাসিবাদকে ওয়েলকাম না করে!,md nadim khan mohammad shakil দেখা যাক জনগন কোন নতুন ফ্যাসিবাদকে ওয়েলকাম না করে,2,0.6083074357596843
2 After Election,2_after_election,1784,ধর্ব ব্যবসায়ীদের দিন শেষ।,ধর্ব ব্যবসায়ীদের দিন শেষ,3,0.5999993300849814
2 After Election,2_after_election,1785,দূর গুপ্ত,দূর গুপ্ত,3,0.731959323358009
2 After Election,2_after_election,1786,চেহারায় প্রমাণ,চেহারায় প্রমাণ,3,0.7329154992150146
2 After Election,2_after_election,1787,ইন শা আল্লাহ,ইন শা আল্লাহ,0,0.39960084966181303
2 After Election,2_after_election,1788,সব চ্যানেল দেখি সারারাত গুজব ছড়িয়ে এখন পল্টি নিচ্ছে,সব চ্যানেল দেখি সারারাত গুজব ছড়িয়ে এখন পল্টি নিচ্ছে,4,0.4385720877034453
2 After Election,2_after_election,1789,মুরিব্বির মুখ এমন কেন,মুরিব্বির মুখ এমন কেন,1,0.3992762618035024
2 After Election,2_after_election,1790,কান্নাকাটি শুরু,কান্নাকাটি শুরু,4,0.7302687935572035
2 After Election,2_after_election,1791,Game over,game over,0,0.2
2 After Election,2_after_election,1792,Bolbo na kicu,bolbo na kicu,1,0.5999983092494813
2 After Election,2_after_election,1793,সাদা শকুন খবিশ গুমিয়ে আছে নাকি,সাদা শকুন খবিশ গুমিয়ে আছে নাকি,4,0.7982902398340588
2 After Election,2_after_election,1794,সাদা শকুন পাবনা যাইতে পারেন,সাদা শকুন পাবনা যাইতে পারেন,4,0.5502535990729646
2 After Election,2_after_election,1795,ইনশাআল্লাহ জামায়াতের বিজয় হবে ইনশাআল্লাহ ডাক্তার শফিকুর রহমান প্রধান মন্ত্রী হবে ইনশাআল্লাহ ইনশাআল্লাহ ইনশাআল্লাহ,ইনশাআল্লাহ জামায়াতের বিজয় হবে ইনশাআল্লাহ ডাক্তার শফিকুর রহমান প্রধান মন্ত্রী হবে ইনশাআল্লাহ ইনশাআল্লাহ ইনশাআল্লাহ,0,0.600366086827471
2 After Election,2_after_election,1796,ইনশাআল্লাহ ইনশাআল্লাহ ইনশাআল্লাহ,ইনশাআল্লাহ ইনশাআল্লাহ ইনশাআল্লাহ,0,0.7999998147956351
2 After Election,2_after_election,1797,রাইট নেতাদের কথা,রাইট নেতাদের কথা,0,0.5999854367760233
2 After Election,2_after_election,1798,একদম ঠিক,একদম ঠিক,1,0.7332016981796955
2 After Election,2_after_election,1799,ইনশাআল্লাহ দোয়া রইলো,ইনশাআল্লাহ দোয়া রইলো,0,0.7318089862795822
2 After Election,2_after_election,1800,ইনশাআল্লাহ। আল্লাহ যেন দয়া করে রহমত দান করেন।,ইনশাআল্লাহ আল্লাহ যেন দয়া করে রহমত দান করেন,0,0.5273626902096189
2 After Election,2_after_election,1801,মনে ভয় লাকছে,মনে ভয় লাকছে,0,0.732031506693342
2 After Election,2_after_election,1802,pon doi,pon doi,0,0.2
2 After Election,2_after_election,1803,কেনো সব হাইপ এখনই কি শেষ হয়ে গেছে ।,কেনো সব হাইপ এখনই কি শেষ হয়ে গেছে,4,0.549680446619055
2 After Election,2_after_election,1804,Md Hasham Biswas 01,md hasham biswas,1,0.5999934692841968
2 After Election,2_after_election,1805,কললিস্ট পাঠান,কললিস্ট পাঠান,0,0.2
2 After Election,2_after_election,1806,ইনশাআল্লাহ দাড়িপাল্লা বিজয় হবেই হবে ইনশাআল্লাহ,ইনশাআল্লাহ দাড়িপাল্লা বিজয় হবেই হবে ইনশাআল্লাহ,0,0.8666413392856132
2 After Election,2_after_election,1807,Rajakr,rajakr,0,0.2
2 After Election,2_after_election,1808,ইনশাআল্লাহ ন্যায় বিচার কায়েম হবে,ইনশাআল্লাহ ন্যায় বিচার কায়েম হবে,0,0.799443995820926
2 After Election,2_after_election,1809,কাকু তুমি টিকিট কাটো পাকিস্তান যাওয়ার জন্য,কাকু তুমি টিকিট কাটো পাকিস্তান যাওয়ার জন্য,3,0.838595616333465
2 After Election,2_after_election,1810,ইনশাআল্লাহ সবসময়ই বিশ্বাস করি,ইনশাআল্লাহ সবসময়ই বিশ্বাস করি,2,0.5490768168964162
2 After Election,2_after_election,1811,সাদা শকুন নিজেও হারবে তার সিটে,সাদা শকুন নিজেও হারবে তার সিটে,4,0.7999954727811769
2 After Election,2_after_election,1812,পূর্ণাঙ্গ ফলাফল প্রকাশের পূর্ব পর্যন্ত কেউ ভোটকেন্দ্র ছাড়বেন না।,পূর্ণাঙ্গ ফলাফল প্রকাশের পূর্ব পর্যন্ত কেউ ভোটকেন্দ্র ছাড়বেন না,3,0.4250009275622113
2 After Election,2_after_election,1813,-Dr. Shafiqur Rahman,dr shafiqur rahman,1,0.5999941993736522
2 After Election,2_after_election,1814,তুই শালার রাজাকার,তুই শালার রাজাকার,1,0.47081911746099775
2 After Election,2_after_election,1815,চাচা মন খারাপ কইরেননা।,চাচা মন খারাপ কইরেননা,4,0.799703813096187
2 After Election,2_after_election,1816,আলহামদুলিল্লাহ বিজয়,আলহামদুলিল্লাহ বিজয়,0,0.4000128646694573
2 After Election,2_after_election,1817,অনেক চেষ্টা তদবীর করছেন আর কি জান দিবেন?,অনেক চেষ্টা তদবীর করছেন আর কি জান দিবেন,2,0.5506670176056632
2 After Election,2_after_election,1818,আর আপনারাতো জীবন দিতে পারেন না নিতে পারেন।,আর আপনারাতো জীবন দিতে পারেন না নিতে পারেন,2,0.6168560407065765
2 After Election,2_after_election,1819,চেহারা দেখে বোঝা যাচ্ছে ভোট হয়ে গেছে,চেহারা দেখে বোঝা যাচ্ছে ভোট হয়ে গেছে,1,0.5179129806822063
2 After Election,2_after_election,1820,আরেক টি গনঅভ্যুত্থান প্রয়োজন হবেই,আরেক টি গনঅভ্যুত্থান প্রয়োজন হবেই,3,0.8343592220833247
2 After Election,2_after_election,1821,হুমমম ইনশাআল্লাহ,হুমমম ইনশাআল্লাহ,0,0.7333258858640624
2 After Election,2_after_election,1822,ইনশাআল্লাহ দাঁড়ি পাল্লা,ইনশাআল্লাহ দাঁড়ি পাল্লা,0,0.7999985863527249
2 After Election,2_after_election,1823,হুমমম,হুমমম,0,0.5999747360530101
2 After Election,2_after_election,1824,আপনারা খুব ভালো সব জায়গায় চোরের রিপোর্ট আসছে,আপনারা খুব ভালো সব জায়গায় চোরের রিপোর্ট আসছে,3,0.4389210753590726
2 After Election,2_after_election,1825,কাক্কু রাতের ভোটে,কাক্কু রাতের ভোটে,3,0.5490226588923536
2 After Election,2_after_election,1826,ধর্ম ব্যবসায়ীদের রুখে দিবো এইবার। ধানের শীষে বিজয় হবে।,ধর্ম ব্যবসায়ীদের রুখে দিবো এইবার ধানের শীষে বিজয় হবে,0,0.35257656960285294
2 After Election,2_after_election,1827,তার মানে আপনাদের খেলা শেষ,তার মানে আপনাদের খেলা শেষ,3,0.5600805581248586
2 After Election,2_after_election,1828,আসল রূপ একদিনে,আসল রূপ একদিনে,3,0.596996542856776
2 After Election,2_after_election,1829,পরাজয় মেনে নেওয়ার জন্য প্রস্তুত হোন,পরাজয় মেনে নেওয়ার জন্য প্রস্তুত হোন,2,0.5334157407317314
2 After Election,2_after_election,1830,সপ্ন সপ্নই থেকে জাবে।,সপ্ন সপ্নই থেকে জাবে,1,0.5991484708296636
2 After Election,2_after_election,1831,রাজাকারের চেহেরা দেখেন কি ভয়ানক,রাজাকারের চেহেরা দেখেন কি ভয়ানক,0,0.7323194513189347
2 After Election,2_after_election,1832,নবজন্মের মহাকাব্য:বাংলাদেশ,নবজন্মের মহাকাব্য বাংলাদেশ,2,0.5985177707977918
2 After Election,2_after_election,1833,বন্ধ্যাত্বের আঁধার চিরে আজ জন্ম নিল এক নতুন সূর্য।,বন্ধ্যাত্বের আঁধার চিরে আজ জন্ম নিল এক নতুন সূর্য,4,0.5350694529526387
2 After Election,2_after_election,1834,"শতাব্দীর জরাজীর্ণ চিন্তা আর পরাধীন চেতনার মৃত্যু হলো আজ,",শতাব্দীর জরাজীর্ণ চিন্তা আর পরাধীন চেতনার মৃত্যু হলো আজ,1,0.7968509029102249
2 After Election,2_after_election,1835,"ভস্মস্তূপ থেকে জেগে উঠল এক আধুনিক, টেকসই ও উন্নত বাংলাদেশ।",ভস্মস্তূপ থেকে জেগে উঠল এক আধুনিক টেকসই ও উন্নত বাংলাদেশ,2,0.5985177707977918
2 After Election,2_after_election,1836,"শোনো বিশ্ববাসী, শোনো পৃথিবীর প্রান্তরে থাকা প্রতিটি মানুষ—",শোনো বিশ্ববাসী শোনো পৃথিবীর প্রান্তরে থাকা প্রতিটি মানুষ,1,0.8358055336510867
2 After Election,2_after_election,1837,"বাংলাদেশ আজ আর কোনো অশুভ শক্তির দাস নয়,",বাংলাদেশ আজ আর কোনো অশুভ শক্তির দাস নয়,2,0.8389169935060411
2 After Election,2_after_election,1838,বাংলাদেশ আজ আর দুঃশাসন কিংবা শোষণের চারণভূমি নয়।,বাংলাদেশ আজ আর দুঃশাসন কিংবা শোষণের চারণভূমি নয়,2,0.5985925513336302
2 After Election,2_after_election,1839,"আজ আমলাতন্ত্রের দেয়াল ভাঙার দিন, ঘুষ-দুর্নীতির শিকড় উপড়ানোর দিন।",আজ আমলাতন্ত্রের দেয়াল ভাঙার দিন ঘুষ দুর্নীতির শিকড় উপড়ানোর দিন,2,0.5936023107960997
2 After Election,2_after_election,1840,আজ রাজনীতির মোড়কে লুকিয়ে থাকা দুর্বৃত্ত আর আধিপত্যবাদের দালালদের,আজ রাজনীতির মোড়কে লুকিয়ে থাকা দুর্বৃত্ত আর আধিপত্যবাদের দালালদের,1,0.7983545092185306
2 After Election,2_after_election,1841,আস্তাকুঁড়ে ছুড়ে ফেলে বীরদর্পে দাঁড়ানোর দিন।,আস্তাকুঁড়ে ছুড়ে ফেলে বীরদর্পে দাঁড়ানোর দিন,0,0.2
2 After Election,2_after_election,1842,"আমাদের এই মাটি কোনোদিন গরিব ছিল না,",আমাদের এই মাটি কোনোদিন গরিব ছিল না,0,0.2
2 After Election,2_after_election,1843,তাকে ষড়যন্ত্রের মায়াজালে সুপরিকল্পিতভাবে নিঃস্ব করে রাখা হয়েছিল।,তাকে ষড়যন্ত্রের মায়াজালে সুপরিকল্পিতভাবে নিঃস্ব করে রাখা হয়েছিল,4,0.8394715444146533
2 After Election,2_after_election,1844,আজ সেই ষড়যন্ত্রের বিনাশ হলো।,আজ সেই ষড়যন্ত্রের বিনাশ হলো,1,0.45538498186190995
2 After Election,2_after_election,1845,আজকের এই নতুন যাত্রার কাণ্ডারি আমাদের অদম্য তরুণ ও ছাত্র সমাজ।,আজকের এই নতুন যাত্রার কাণ্ডারি আমাদের অদম্য তরুণ ও ছাত্র সমাজ,3,0.7980278302564936
2 After Election,2_after_election,1846,"যাঁদের হাতে সুউচ্চ মেধার মশাল, চোখে মানবিকতার স্বপ্ন,",যাঁদের হাতে সুউচ্চ মেধার মশাল চোখে মানবিকতার স্বপ্ন,0,0.7981935006485336
2 After Election,2_after_election,1847,আর বুলেটের চেয়েও ধারালো প্রযুক্তি-নির্ভর দক্ষতা।,আর বুলেটের চেয়েও ধারালো প্রযুক্তি নির্ভর দক্ষতা,1,0.5986079814731431
2 After Election,2_after_election,1848,"হে বাংলার কৃষক, শ্রমিক, নারী ও প্রবীণ—",হে বাংলার কৃষক শ্রমিক নারী ও প্রবীণ,0,0.7312173059562223
2 After Election,2_after_election,1849,"উল্লাসে ফেটে পড়ুক আজ প্রতিটি ঘর, প্রতিটি জনপদ।",উল্লাসে ফেটে পড়ুক আজ প্রতিটি ঘর প্রতিটি জনপদ,2,0.7988279310664955
2 After Election,2_after_election,1850,"কারণ, আজ জনগণের দেশ ফিরে এসেছে জনগণেরই হাতে।",কারণ আজ জনগণের দেশ ফিরে এসেছে জনগণেরই হাতে,3,0.5837918857454579
2 After Election,2_after_election,1851,"সাম্য, ন্যায়বিচার আর মানবিক শিক্ষার এক নতুন দর্শন",সাম্য ন্যায়বিচার আর মানবিক শিক্ষার এক নতুন দর্শন,3,0.5988583060259369
2 After Election,2_after_election,1852,আজ থেকে আমাদের আত্মপরিচয়ের ভিত্তি।,আজ থেকে আমাদের আত্মপরিচয়ের ভিত্তি,3,0.7273482535188169
2 After Election,2_after_election,1853,"আমরা আজ আত্মনির্ভরশীল, আমরা আজ আত্মবিশ্বাসী।",আমরা আজ আত্মনির্ভরশীল আমরা আজ আত্মবিশ্বাসী,2,0.7297404254927032
2 After Election,2_after_election,1854,দুঃশাসন ধ্বংস করে- সুশাসনের জন্য এই পুণ্যভূমিতে আজ রচিত হলো এক নতুন ইতিহাস।,দুঃশাসন ধ্বংস করে সুশাসনের জন্য এই পুণ্যভূমিতে আজ রচিত হলো এক নতুন ইতিহাস,1,0.4368795246218209
2 After Election,2_after_election,1855,বাংলাদেশ আজ মাথা উঁচু করে দাঁড়িয়েছে—,বাংলাদেশ আজ মাথা উঁচু করে দাঁড়িয়েছে,2,0.7963779156636649
2 After Election,2_after_election,1856,"আপন গৌরবে, আপন মহিমায়, আপন সার্বভৌমত্বে।",আপন গৌরবে আপন মহিমায় আপন সার্বভৌমত্বে,4,0.7999928130337021
2 After Election,2_after_election,1857,ঘুমের ঘরে সপ্ন দুশ,ঘুমের ঘরে সপ্ন দুশ,1,0.5986601519471427
2 After Election,2_after_election,1858,আল্লাহ মহান আল্লাহ সাহায্য করুক,আল্লাহ মহান আল্লাহ সাহায্য করুক,0,0.6544472193985648
2 After Election,2_after_election,1859,"ওরে বাটপার,",ওরে বাটপার,3,0.7331651834602018
2 After Election,2_after_election,1860,right,right,0,0.5999948752393942
2 After Election,2_after_election,1861,Sada shakun,sada shakun,0,0.2
2 After Election,2_after_election,1862,চেহারা দেখলে অনেক কিছু বুঝা জায়,চেহারা দেখলে অনেক কিছু বুঝা জায়,1,0.550540223532736
2 After Election,2_after_election,1863,ওনার হাসি ক ই,ওনার হাসি ক ই,0,0.7268921198991412
2 After Election,2_after_election,1864,ইনশাআল্লাহ জিতবে দাঁড়িপাল্লা,ইনশাআল্লাহ জিতবে দাঁড়িপাল্লা,0,0.799967972704817
2 After Election,2_after_election,1865,জনগণ এখন আর এসব খায়না,জনগণ এখন আর এসব খায়না,0,0.7296806987242319
2 After Election,2_after_election,1866,apni sonpo daikhan na,apni sonpo daikhan na,1,0.4003221542089349
2 After Election,2_after_election,1867,সাদা যোবকের চেহারার দিকে তাকালেই,সাদা যোবকের চেহারার দিকে তাকালেই,4,0.40015129330747606
2 After Election,2_after_election,1868,বুঝতে পারা যায় ভিতরে জ্বালাপোড়া শুরু,বুঝতে পারা যায় ভিতরে জ্বালাপোড়া শুরু,1,0.8384778163734216
2 After Election,2_after_election,1869,সাদা শুকুর,সাদা শুকুর,4,0.5999981729449276
2 After Election,2_after_election,1870,সারা দেশে র ধানের জয় শুনে মুরববীর,সারা দেশে র ধানের জয় শুনে মুরববীর,3,0.5330688415971655
2 After Election,2_after_election,1871,Tomader ke arki,tomader ke arki,1,0.5999883113508508
2 After Election,2_after_election,1872,একটু পরে কথা চেইনজ হয়ে জাবে,একটু পরে কথা চেইনজ হয়ে জাবে,4,0.5009106657062644
2 After Election,2_after_election,1873,"যেগুলো টিভি চেনেল বিএনপির পা চাটছে, ভোটের পর জনগণ বয়কট করবে",যেগুলো টিভি চেনেল বিএনপির পা চাটছে ভোটের পর জনগণ বয়কট করবে,4,0.4880309485010747
2 After Election,2_after_election,1874,জী ইনশাআল্লাহ,জী ইনশাআল্লাহ,0,0.5999995531898649
2 After Election,2_after_election,1875,ও আচ্ছা,ও আচ্ছা,4,0.5999956900317628
2 After Election,2_after_election,1876,ইনশাআল্লাহ জামায়াতে ইসলামীর হবে জয়।,ইনশাআল্লাহ জামায়াতে ইসলামীর হবে জয়,0,0.5507479992250113
2 After Election,2_after_election,1877,আল্লাহ তুমি আমিরে জামায়াত কে প্রধানমন্ত্রী হিসেবে কবুল করুন,আল্লাহ তুমি আমিরে জামায়াত কে প্রধানমন্ত্রী হিসেবে কবুল করুন,0,0.5152203194560687
2 After Election,2_after_election,1878,"যদি ১৩ তারিখ সকালে ঘুম ভেঙে দেখি ডক্টর শফিকুর রহমান দেশের প্রধানমন্ত্রী, তাহলে সেই ১৩ তারিখটাই হবে আমার জীবনের সবচেয়ে আনন্দের ও স্মরণীয় দিন। কারণ আমাদের বাংলাদেশের সবার প্রিয় হুজুর আল্লামা দেলোয়ার হোসেন সাঈদীর স্বপ্ন পূরণ হবে কোরআন দিয়ে দেশ চলবে কুরআনের আইন প্রতিষ্ঠিত হবে ইনশাআল্লাহ",যদি তারিখ সকালে ঘুম ভেঙে দেখি ডক্টর শফিকুর রহমান দেশের প্রধানমন্ত্রী তাহলে সেই তারিখটাই হবে আমার জীবনের সবচেয়ে আনন্দের ও স্মরণীয় দিন কারণ আমাদের বাংলাদেশের সবার প্রিয় হুজুর আল্লামা দেলোয়ার হোসেন সাঈদীর স্বপ্ন পূরণ হবে কোরআন দিয়ে দেশ চলবে কুরআনের আইন প্রতিষ্ঠিত হবে ইনশাআল্লাহ,3,0.9104741944417943
2 After Election,2_after_election,1879,সাদা সকুন,সাদা সকুন,4,0.5999981729449276
2 After Election,2_after_election,1880,দরানা তাহলে,দরানা তাহলে,4,0.5949248610870235
2 After Election,2_after_election,1881,এ পর্যন্ত নির্বাচনে প্রচারণায় নাটক কম করেন নি,এ পর্যন্ত নির্বাচনে প্রচারণায় নাটক কম করেন নি,2,0.5879893083099561
2 After Election,2_after_election,1882,নাটক মানুষের বিনোদনের জন্য গ্রহণ করে কিন্তু নাটক করে ক্ষমতা গ্রহণ করা যায় না,নাটক মানুষের বিনোদনের জন্য গ্রহণ করে কিন্তু নাটক করে ক্ষমতা গ্রহণ করা যায় না,0,0.5986641852355579
2 After Election,2_after_election,1883,চেহারা দেখেই তা বুঝা যাচ্ছে অনুমান হচ্ছে,চেহারা দেখেই তা বুঝা যাচ্ছে অনুমান হচ্ছে,1,0.8369240300825933
2 After Election,2_after_election,1884,মন খারাপ কেন,মন খারাপ কেন,4,0.7331891919533324
2 After Election,2_after_election,1885,দাদুর টেশন আইশা গেসে,দাদুর টেশন আইশা গেসে,3,0.5999927521486138
2 After Election,2_after_election,1886,Razakar,razakar,0,0.2
2 After Election,2_after_election,1887,স্বপ্ন দেখা ভালো,স্বপ্ন দেখা ভালো,2,0.43750202850668135
2 After Election,2_after_election,1888,ইনশাআল্লাহ আমিন আমিন আমিন,ইনশাআল্লাহ আমিন আমিন আমিন,0,0.839846342522619
2 After Election,2_after_election,1889,সারা দেশে টাকা দিয়ে ভোট কিনতে গিয়ে কতো জন ধরা খেলো আমীর সাহেব,সারা দেশে টাকা দিয়ে ভোট কিনতে গিয়ে কতো জন ধরা খেলো আমীর সাহেব,2,0.6698252107074728
2 After Election,2_after_election,1890,দাড়ি পাল্লা,দাড়ি পাল্লা,0,0.4001360071287268
2 After Election,2_after_election,1891,আপনারাই ক্ষমতায় আসবেন এমনটাই বোঝা যাচ্ছে,আপনারাই ক্ষমতায় আসবেন এমনটাই বোঝা যাচ্ছে,1,0.6410086931555119
2 After Election,2_after_election,1892,কাকু বাংলাদেশ আজকে রাত্রে ছাড়বেন নাকি আগামীকালকে ছাড়বেন।,কাকু বাংলাদেশ আজকে রাত্রে ছাড়বেন নাকি আগামীকালকে ছাড়বেন,3,0.8383822508599726
2 After Election,2_after_election,1893,দাদু কান্দে কেন,দাদু কান্দে কেন,3,0.5985166167052992
2 After Election,2_after_election,1894,আজ আমি আমার ব্যেকতিগত ভাবে মনে করি। যে কোন মতে ফলা ফল প্রকাশে সময় বিলম্ব করা বা কাল ক্যেপণ কিউ মেনে নেওয়া হবে না যদি দেশের চ্রিংকলা ধরে রাখতে চান অতি দ্রুত বা আগামী ২৪ ঘন্টার মধ্যে নির্বাচনের ফলা ফল মেনে নেওয়া হবে না।আজ আমরা এমন একটি কাঙ্খিত সময়ে এসে দাঁড়িয়েছি যে সময়টাতে কোন রকম ভুল করা আমাদের কারো কাম্য নই। আর তাই বলছি আস্থা বাংলাদেশ সেনাবাহিনীর প্রতি এই আস্থা এবং বিশ্বাস নিরপেক্ষ পেশাদার দ্বায়িত্ব পালনে বাংলাদেশ সেনাবাহিনীর ভূমিকা অপরীহায্য।আমরা আশা করব প্রত্যেকটা কেন্দ্রের নিরপেক্ষ দ্বায়িত্ব পালনে আরো কটোর হওয়ার পাশাপাশি প্রত্যেকটা কেন্দ্রের বাহিরে এবং ভিতরে কমপক্ষে ১০ জন সেনা সদস্য উপস্থিত থেকে কেন্দ্রের ভিতরে অবস্থা যেন শচ্চ থাকে এবং বাহিরের অবস্থা যেন কিউ ভয় বিতি প্রদর্শন বা পরিস্থিতি ঘুলাটে করতে না পারে। নির্বাচণি সকল রুল্চ এবং নিয়ম মেনে যেন সকল কার্য সম্পাদন করা হয়। নিজ কেন্দ্রের সকল ভোট এক সাথে করে কেন্দ্রের এজেন্টদের উপস্তিত সাক্কর নিয়ে কেন্দ্রে কেন্দ্রে রেজাল্ট ডিক্লায়েশন বা উন্মোক্ত করা। মনে রাখবেন এই নির্বাচনে কিউ যদি কাট্চুরী বা ইন্জিনিয়ারিং করে ক্ষমতার মশ্নদে বসার সুযোগ পেয়ে যায় এদেশে শান্তি চ্রিংকলা সার্বভোমোত্ত সরকারি প্রতিষ্ঠান গোলো ধংশের দ্বারপ্রান্তে চলে যাবে। আর তাই বলছি দেশে সুস্থ নিরপেক্ষ বস্তুুনিষ্ঠ নির্বাচনে আপনার দ্বায়িত্ব হওক বস্তুুনিষ্ঠ নিরপেক্ষ নির্বাচন সম্রিদ্ধ দেশ গঠন হবে আমাদের অংগিকার দেশ হবে সবার। বাংলাদেশ সেনাবাহিনীর প্রতি পুর্ন আস্তা ও বিশ্বাস ধরে রাখতে আপনার দ্বায়িত্ব হওক জনকল্যাণমুখী। এটি আমাদের চাওয়া বাংলাদেশ জিন্দাবাদ সম্রিদ্ধ হওক জীবন মান উন্নয়ন আল্লাহাফেজ।,আজ আমি আমার ব্যেকতিগত ভাবে মনে করি যে কোন মতে ফলা ফল প্রকাশে সময় বিলম্ব করা বা কাল ক্যেপণ কিউ মেনে নেওয়া হবে না যদি দেশের চ্রিংকলা ধরে রাখতে চান অতি দ্রুত বা আগামী ঘন্টার মধ্যে নির্বাচনের ফলা ফল মেনে নেওয়া হবে না আজ আমরা এমন একটি কাঙ্খিত সময়ে এসে দাঁড়িয়েছি যে সময়টাতে কোন রকম ভুল করা আমাদের কারো কাম্য নই আর তাই বলছি আস্থা বাংলাদেশ সেনাবাহিনীর প্রতি এই আস্থা এবং বিশ্বাস নিরপেক্ষ পেশাদার দ্বায়িত্ব পালনে বাংলাদেশ সেনাবাহিনীর ভূমিকা অপরীহায্য আমরা আশা করব প্রত্যেকটা কেন্দ্রের নিরপেক্ষ দ্বায়িত্ব পালনে আরো কটোর হওয়ার পাশাপাশি প্রত্যেকটা কেন্দ্রের বাহিরে এবং ভিতরে কমপক্ষে জন সেনা সদস্য উপস্থিত থেকে কেন্দ্রের ভিতরে অবস্থা যেন শচ্চ থাকে এবং বাহিরের অবস্থা যেন কিউ ভয় বিতি প্রদর্শন বা পরিস্থিতি ঘুলাটে করতে না পারে নির্বাচণি সকল রুল্চ এবং নিয়ম মেনে যেন সকল কার্য সম্পাদন করা হয় নিজ কেন্দ্রের সকল ভোট এক সাথে করে কেন্দ্রের এজেন্টদের উপস্তিত সাক্কর নিয়ে কেন্দ্রে কেন্দ্রে রেজাল্ট ডিক্লায়েশন বা উন্মোক্ত করা মনে রাখবেন এই নির্বাচনে কিউ যদি কাট্চুরী বা ইন্জিনিয়ারিং করে ক্ষমতার মশ্নদে বসার সুযোগ পেয়ে যায় এদেশে শান্তি চ্রিংকলা সার্বভোমোত্ত সরকারি প্রতিষ্ঠান গোলো ধংশের দ্বারপ্রান্তে চলে যাবে আর তাই বলছি দেশে সুস্থ নিরপেক্ষ বস্তুুনিষ্ঠ নির্বাচনে আপনার দ্বায়িত্ব হওক বস্তুুনিষ্ঠ নিরপেক্ষ নির্বাচন সম্রিদ্ধ দেশ গঠন হবে আমাদের অংগিকার দেশ হবে সবার বাংলাদেশ সেনাবাহিনীর প্রতি পুর্ন আস্তা ও বিশ্বাস ধরে রাখতে আপনার দ্বায়িত্ব হওক জনকল্যাণমুখী এটি আমাদের চাওয়া বাংলাদেশ জিন্দাবাদ সম্রিদ্ধ হওক জীবন মান উন্নয়ন আল্লাহাফেজ,2,0.9931265691840782
2 After Election,2_after_election,1895,Insha Allah Dari pallah,insha allah dari pallah,3,0.7333290049564236
2 After Election,2_after_election,1896,জামাত ইনশাআল্লাহ,জামাত ইনশাআল্লাহ,0,0.7332753104184261
2 After Election,2_after_election,1897,আলহামদুলিল্লাহ দাঁড়িপাল্লা জয় হবে,আলহামদুলিল্লাহ দাঁড়িপাল্লা জয় হবে,0,0.5497416031487644
2 After Election,2_after_election,1898,কিচ্ছুক্ষণ পরে লাল কার্ডের খবর পাবেন,কিচ্ছুক্ষণ পরে লাল কার্ডের খবর পাবেন,3,0.4000712161163248
2 After Election,2_after_election,1899,Inshilla,inshilla,0,0.2
2 After Election,2_after_election,1900,#NoBoatNoVote,noboatnovote,0,0.2
2 After Election,2_after_election,1901,চেহারা দেখলেই বোঝা যাচ্ছে,চেহারা দেখলেই বোঝা যাচ্ছে,1,0.8399027754090429
2 After Election,2_after_election,1902,চাঁদাবাজদের পতন খুব নিকটে,চাঁদাবাজদের পতন খুব নিকটে,0,0.2
2 After Election,2_after_election,1903,কি খবর সুমু সফিক মন খারাপ কেন,কি খবর সুমু সফিক মন খারাপ কেন,4,0.44009140671467817
2 After Election,2_after_election,1904,ইনশাআল্লাহ তবে বহু ভোটকেন্দ্রে প্রিজাইডিং অফিসারেরা বিক্রি হয়েছে,ইনশাআল্লাহ তবে বহু ভোটকেন্দ্রে প্রিজাইডিং অফিসারেরা বিক্রি হয়েছে,0,0.79882652655639
2 After Election,2_after_election,1905,"আমি আমার প্রথম ভোট দিলাম বাংলাদেশের পক্ষে। দিলাম বেগম খালেদা জিয়ার পক্ষে, তারেক রহমানের পক্ষে। দিলাম এই দেশের মেহনতি মানুষ, শ্রমজীবী মানুষ, সব শ্রেণি-পেশার সাধারণ মানুষের প্রতীক ধানের শীষে।",আমি আমার প্রথম ভোট দিলাম বাংলাদেশের পক্ষে দিলাম বেগম খালেদা জিয়ার পক্ষে তারেক রহমানের পক্ষে দিলাম এই দেশের মেহনতি মানুষ শ্রমজীবী মানুষ সব শ্রেণি পেশার সাধারণ মানুষের প্রতীক ধানের শীষে,3,0.8332657142410691
2 After Election,2_after_election,1906,"এই ভোট শুধু একটি প্রতীকে সিল মারা না। এটা আমার বিশ্বাসের প্রকাশ, আমার অবস্থানের ঘোষণা। আমি বিশ্বাস করি, দেশের মালিক জনগণ। তাদের অধিকার, তাদের মর্যাদা, তাদের ভবিষ্যৎ সুরক্ষিত থাকুক—এই প্রত্যাশা থেকেই আমার এই সিদ্ধান্ত।",এই ভোট শুধু একটি প্রতীকে সিল মারা না এটা আমার বিশ্বাসের প্রকাশ আমার অবস্থানের ঘোষণা আমি বিশ্বাস করি দেশের মালিক জনগণ তাদের অধিকার তাদের মর্যাদা তাদের ভবিষ্যৎ সুরক্ষিত থাকুক এই প্রত্যাশা থেকেই আমার এই সিদ্ধান্ত,2,0.4473974601396741
2 After Election,2_after_election,1907,একাত্তরের মুক্তিযুদ্ধে শহীদদের আত্মত্যাগে এবং,একাত্তরের মুক্তিযুদ্ধে শহীদদের আত্মত্যাগে এবং,2,0.7994387650829703
2 After Election,2_after_election,1908,"জুলাইয়ের শহীদদের প্রতি গভীর শ্রদ্ধা জানিয়ে আমি এই ভোট দিলাম। যারা নিজেদের জীবন দিয়ে আমাদের ভোটাধিকার, মত প্রকাশের স্বাধীনতা আর গণতান্ত্রিক অধিকার রক্ষা করেছেন, তাদের ঋণ কখনো শোধ হওয়ার নয়। তাদের আত্মত্যাগ আমাদের মনে করিয়ে দেয়—একটি ভোট শুধু সংখ্যা না, এটি দায়িত্ব, এটি অঙ্গীকার।",জুলাইয়ের শহীদদের প্রতি গভীর শ্রদ্ধা জানিয়ে আমি এই ভোট দিলাম যারা নিজেদের জীবন দিয়ে আমাদের ভোটাধিকার মত প্রকাশের স্বাধীনতা আর গণতান্ত্রিক অধিকার রক্ষা করেছেন তাদের ঋণ কখনো শোধ হওয়ার নয় তাদের আত্মত্যাগ আমাদের মনে করিয়ে দেয় একটি ভোট শুধু সংখ্যা না এটি দায়িত্ব এটি অঙ্গীকার,0,0.9625028359623626
2 After Election,2_after_election,1909,যারা নিজ দেশের বাহিরে কখনোই কিছু চিন্তা করেন নাই.,যারা নিজ দেশের বাহিরে কখনোই কিছু চিন্তা করেন নাই,2,0.8989520030378676
2 After Election,2_after_election,1910,"আমরা যেন তাদের ত্যাগকে সম্মান করি সঠিকভাবে। সচেতন থাকি, দায়িত্বশীল হই, আর দেশকে ভালোবাসি কাজের মাধ্যমে। শহীদদের স্মৃতি আমরা যুগের পর যুগ বহন করবো—কথায় নয়, সচেতন নাগরিক হিসেবে আমাদের ভূমিকার মাধ্যমে।",আমরা যেন তাদের ত্যাগকে সম্মান করি সঠিকভাবে সচেতন থাকি দায়িত্বশীল হই আর দেশকে ভালোবাসি কাজের মাধ্যমে শহীদদের স্মৃতি আমরা যুগের পর যুগ বহন করবো কথায় নয় সচেতন নাগরিক হিসেবে আমাদের ভূমিকার মাধ্যমে,2,0.517688524168482
2 After Election,2_after_election,1911,নিজের চিন্তা করেন,নিজের চিন্তা করেন,2,0.5341510557288256
2 After Election,2_after_election,1912,ইনশাল্লাহ আল্লাহ ইনসাফের ই বিজয় হবে,ইনশাল্লাহ আল্লাহ ইনসাফের ই বিজয় হবে,0,0.4403139188209402
2 After Election,2_after_election,1913,রাত এ ভোট করে সবাই জিতে,রাত এ ভোট করে সবাই জিতে,2,0.8383924688367193
2 After Election,2_after_election,1914,দেশের মানুষ রাজাকার চেনে কারা মানুষের জন্য কাজ করছে তারা ভালো জানে,দেশের মানুষ রাজাকার চেনে কারা মানুষের জন্য কাজ করছে তারা ভালো জানে,4,0.5559656937493255
2 After Election,2_after_election,1915,Daripallah inshaallah,daripallah inshaallah,1,0.5999916218342304
2 After Election,2_after_election,1916,"ইনশাআল্লাহ,",ইনশাআল্লাহ,0,0.5999995531898649
2 After Election,2_after_election,1917,একদম সত্য কথা ফ্যাসিবাদ আসবে না ধানের শীষ জয় হবে ইনশাআল্লাহ,একদম সত্য কথা ফ্যাসিবাদ আসবে না ধানের শীষ জয় হবে ইনশাআল্লাহ,0,0.68515113815836
2 After Election,2_after_election,1918,দাদুর ফেসের এই অবস্থা ক্যা,দাদুর ফেসের এই অবস্থা ক্যা,3,0.733040642930456
2 After Election,2_after_election,1919,আল্লাহ মুরব্বির জামানত রক্ষা করুন আমিন,আল্লাহ মুরব্বির জামানত রক্ষা করুন আমিন,0,0.8838713990492989
2 After Election,2_after_election,1920,ইনশাআল্লাহ দাড়িপাল্লা সরকার গঠন করবে,ইনশাআল্লাহ দাড়িপাল্লা সরকার গঠন করবে,0,0.8394053713032379
2 After Election,2_after_election,1921,তাহলে ৩ বার ফেল করা শফিক ভাই নিরংকুশ পরাজয় মানতেও রেডিতো,তাহলে বার ফেল করা শফিক ভাই নিরংকুশ পরাজয় মানতেও রেডিতো,4,0.4346866991280162
2 After Election,2_after_election,1922,"শেষ মূহুর্তে এসেও হায়েনারা ভোট চুরির চেষ্টা করছে; তরুণরা কেন্দ্র পাহারা দিন, ফলাফল নিয়েই বাড়ি ফিরবো, ইনশাআল্লাহ।",শেষ মূহুর্তে এসেও হায়েনারা ভোট চুরির চেষ্টা করছে তরুণরা কেন্দ্র পাহারা দিন ফলাফল নিয়েই বাড়ি ফিরবো ইনশাআল্লাহ,2,0.44290703127697645
2 After Election,2_after_election,1923,চাচা ধরা খাইছে মনে হয়,চাচা ধরা খাইছে মনে হয়,2,0.45136403893472854
2 After Election,2_after_election,1924,আপনারা দলগঠন করবেন ৭০% ভোটে।,আপনারা দলগঠন করবেন ভোটে,0,0.7982879958346837
2 After Election,2_after_election,1925,"যেমন: ঢাকসু,জবি,চকসু ইত্যাদি প্রমাণিত।",যেমন ঢাকসু জবি চকসু ইত্যাদি প্রমাণিত,0,0.7325247732845533
2 After Election,2_after_election,1926,সারা সেন্টার ফাকাঁ ভোট কেমনে এতো % হয়। সারাদেশে ২৫ % ভোটও কাস্টিং হয়নি। চুরিচোট্রামি। ১২ ফেব্রুয়ারী ফল প্রকাশ না হলে আরেক চুরিচোট্টামি হবে।,সারা সেন্টার ফাকাঁ ভোট কেমনে এতো হয় সারাদেশে ভোটও কাস্টিং হয়নি চুরিচোট্রামি ফেব্রুয়ারী ফল প্রকাশ না হলে আরেক চুরিচোট্টামি হবে,4,0.6236059465334574
2 After Election,2_after_election,1927,সকল দলের অংশ গ্রহণ নিশ্চিত নয় এখানেই বড় মিসটেক আর নিরপেক্ষ নয়।,সকল দলের অংশ গ্রহণ নিশ্চিত নয় এখানেই বড় মিসটেক আর নিরপেক্ষ নয়,2,0.6093185864909961
2 After Election,2_after_election,1928,"জনগন আসলেও এসব ভালো মনে করে না। সকল জনগনের চাওয়াকে মুল্যায়ন করতে হবে, সকল দলের অংশ গ্রহণ নিশ্চিত করে জনগনের প্রকৃত নিজ ভোটে হতে হবে।",জনগন আসলেও এসব ভালো মনে করে না সকল জনগনের চাওয়াকে মুল্যায়ন করতে হবে সকল দলের অংশ গ্রহণ নিশ্চিত করে জনগনের প্রকৃত নিজ ভোটে হতে হবে,0,0.7189322775416321
2 After Election,2_after_election,1929,সাদা শকুন কি বলে,সাদা শকুন কি বলে,4,0.7988387207876927
2 After Election,2_after_election,1930,"""ওখানে ধরা খাবে তারপর সরকারিভাবে দেশের কারাগারে আসবে, দেশের আদালত মুক্ত করে দিবে। এটাই পলিটিক্স।""",ওখানে ধরা খাবে তারপর সরকারিভাবে দেশের কারাগারে আসবে দেশের আদালত মুক্ত করে দিবে এটাই পলিটিক্স,3,0.9185392919316333
2 After Election,2_after_election,1931,"""এভাবেই ফেরত আসবে,এটাই পলিটিক্স""",এভাবেই ফেরত আসবে এটাই পলিটিক্স,3,0.7304572556527805
2 After Election,2_after_election,1932,দেশে পাঠানোর একটা বৈধ প্রক্রিয়া মাত্র...,দেশে পাঠানোর একটা বৈধ প্রক্রিয়া মাত্র,3,0.7991584329172007
2 After Election,2_after_election,1933,এটা দেশে প্রবেশের একটি প্রক্রিয়া মাত্র,এটা দেশে প্রবেশের একটি প্রক্রিয়া মাত্র,3,0.7991584329172007
2 After Election,2_after_election,1934,"""এখন থেকে প্রায়ই শুনা যাবে গ্রেফতারের খবর,,, ভারত সরকার এখন আর সাধারণ কর্মীদের তেমন গুরুত্ব দিবে না --- যারা পালিয়ে গেছে তাদের …""",এখন থেকে প্রায়ই শুনা যাবে গ্রেফতারের খবর ভারত সরকার এখন আর সাধারণ কর্মীদের তেমন গুরুত্ব দিবে না যারা পালিয়ে গেছে তাদের,3,0.91755393346863
2 After Election,2_after_election,1935,বাংলাদেশের জেল থাকতে অন্যদেশের জেলে থাকবে কেন..?,বাংলাদেশের জেল থাকতে অন্যদেশের জেলে থাকবে কেন,4,0.45355101562499683
2 After Election,2_after_election,1936,ভারত কি তাহলে আওয়ামী লীগের সাথে পল্টি নিলো,ভারত কি তাহলে আওয়ামী লীগের সাথে পল্টি নিলো,1,0.8650456399084057
2 After Election,2_after_election,1937,বিএনপির কাছে ভালো হওয়া আরকি।। তবে এরা ভিতরে ভালোই থাকবে কারণ ভারত হচ্ছে উমিচাঁদ এ…,বিএনপির কাছে ভালো হওয়া আরকি তবে এরা ভিতরে ভালোই থাকবে কারণ ভারত হচ্ছে উমিচাঁদ এ,4,0.5147268897334971
2 After Election,2_after_election,1938,আরও কিছু দেখার অপেক্ষায় রইলাম,আরও কিছু দেখার অপেক্ষায় রইলাম,3,0.731821616608042
2 After Election,2_after_election,1939,ধন্যবাদ জানাই,ধন্যবাদ জানাই,0,0.40015633617970214
2 After Election,2_after_election,1940,খাইছে রে..,খাইছে রে,0,0.597880833677987
2 After Election,2_after_election,1941,এটা ভালো,এটা ভালো,4,0.5955830014132845
2 After Election,2_after_election,1942,সম্ভবত ওদের খরচ করার মতো টাকা পয়সা শেষ,সম্ভবত ওদের খরচ করার মতো টাকা পয়সা শেষ,2,0.46557608617512886
2 After Election,2_after_election,1943,এগুলোকে এখন গ্রেফতার করবে আর আস্তে আস্তে সবগুলোকে বাংলাদেশ প্রেরণ করবে,এগুলোকে এখন গ্রেফতার করবে আর আস্তে আস্তে সবগুলোকে বাংলাদেশ প্রেরণ করবে,2,0.8386896690674489
2 After Election,2_after_election,1944,"""হাসিনার তো ভিসা পাসপোর্ট কিছুই নেই, তবুও এখনো ভারতে আছে কীভাবে?""",হাসিনার তো ভিসা পাসপোর্ট কিছুই নেই তবুও এখনো ভারতে আছে কীভাবে,3,0.798624248656693
2 After Election,2_after_election,1945,তাদের আর শান্তি নাই,তাদের আর শান্তি নাই,2,0.7312182395334847
2 After Election,2_after_election,1946,নিজ দেশেও (ভারত) নিরাপদ নয় আওয়ামীলীগ,নিজ দেশেও ভারত নিরাপদ নয় আওয়ামীলীগ,2,0.8341474580597739
2 After Election,2_after_election,1947,শুরু হয়েছে একে একে সবাই ধরা পড়বে,শুরু হয়েছে একে একে সবাই ধরা পড়বে,1,0.8842505786096255
2 After Election,2_after_election,1948,কাগজ নেই তাই দরছে এটা নিয়ে এত লেখালেখির কি আছে।,কাগজ নেই তাই দরছে এটা নিয়ে এত লেখালেখির কি আছে,3,0.7288305317034086
2 After Election,2_after_election,1949,Beimani korlo,beimani korlo,0,0.2
2 After Election,2_after_election,1950,লে হালুয়া,লে হালুয়া,3,0.7333274376123265
2 After Election,2_after_election,1951,"""পলাতক এইসব নেতাকর্মী( আঃলীগ) ও এই দেশের ভিতর থেকে একটি সম্প্রদায়ের কিছু লোক, ভারত কে বার বার অনুরোধ ও আহ্বান জানাচ্ছিল ছিল যে…""",পলাতক এইসব নেতাকর্মী আঃলীগ ও এই দেশের ভিতর থেকে একটি সম্প্রদায়ের কিছু লোক ভারত কে বার বার অনুরোধ ও আহ্বান জানাচ্ছিল ছিল যে,3,0.8963915189794718
2 After Election,2_after_election,1952,"""নাটক কইরে দেশে পাঠাবে, পাকড়াও দেখায় খালাশ। মাঝখানে কিছু টাকার ছড়াছড়ি!""",নাটক কইরে দেশে পাঠাবে পাকড়াও দেখায় খালাশ মাঝখানে কিছু টাকার ছড়াছড়ি,1,0.30001407230054833
2 After Election,2_after_election,1953,"""এভাবেই নিরপেক্ষ, সহজ সরল, সঙ্গিত-মনা, সুশীল, ছেতনাবাজ.. মানুষ গুলো দেশে ফিরে আসবে""",এভাবেই নিরপেক্ষ সহজ সরল সঙ্গিত মনা সুশীল ছেতনাবাজ মানুষ গুলো দেশে ফিরে আসবে,3,0.8636463554531861
2 After Election,2_after_election,1954,"""তোদের ওয়েবসাইট এ্যাড দেখানোর জন্যেই বানানো, নিউজ লিখার কী দরকার? বলে দে, এ্যাড দেখে আসুন।""",তোদের ওয়েবসাইট এ্যাড দেখানোর জন্যেই বানানো নিউজ লিখার কী দরকার বলে দে এ্যাড দেখে আসুন,3,0.5964508332221894
2 After Election,2_after_election,1955,দেশে আনার ব্যবস্থা করতে হবে তাড়াতাড়ি,দেশে আনার ব্যবস্থা করতে হবে তাড়াতাড়ি,2,0.6194489764842603
2 After Election,2_after_election,1956,কোথায়ও কেও নেই,কোথায়ও কেও নেই,4,0.5999864050089877
2 After Election,2_after_election,1957,আলহামদুলিল্লাহ,আলহামদুলিল্লাহ,2,0.5999984371235062
2 After Election,2_after_election,1958,লে হালুয়া,লে হালুয়া,3,0.7333274376123265
2 After Election,2_after_election,1959,ধরা দিয়েছে দেশে আসার জন্য,ধরা দিয়েছে দেশে আসার জন্য,2,0.5478469942288118
2 After Election,2_after_election,1960,নাটক,নাটক,1,0.599631776562758
2 After Election,2_after_election,1961,এবার এদের দেশে ফিরিয়ে পুনরায় চাঙ্গা করা হবে,এবার এদের দেশে ফিরিয়ে পুনরায় চাঙ্গা করা হবে,2,0.8376643465801688
2 After Election,2_after_election,1962,"""বিগত ১৬ বছরে আওয়ামী লীগের অত্যাচারে বিএনপির সাধারণ সমর্থক, নেতা কর্মী ও তাদের পরিবার অনেক কষ্ট করেছে। এমনকি বিএনপি জাসাস যুবদ…""",বিগত বছরে আওয়ামী লীগের অত্যাচারে বিএনপির সাধারণ সমর্থক নেতা কর্মী ও তাদের পরিবার অনেক কষ্ট করেছে এমনকি বিএনপি জাসাস যুবদ,1,0.5505457873299816
2 After Election,2_after_election,1963,দ্রুত দেশে পাঠিয়ে দেওয়া হোক,দ্রুত দেশে পাঠিয়ে দেওয়া হোক,2,0.8374650538216735
2 After Election,2_after_election,1964,প্রধানমন্ত্রী শেখ হাসিনা এই ব্যাপারে দ্রুত পদক্ষেপ নিবেন। ঐ পুলিশ সদস্যদের খাগড়াছড়ি রাঙ্গামাটি বদলি করা হবে।,প্রধানমন্ত্রী শেখ হাসিনা এই ব্যাপারে দ্রুত পদক্ষেপ নিবেন ঐ পুলিশ সদস্যদের খাগড়াছড়ি রাঙ্গামাটি বদলি করা হবে,2,0.4942014907016468
2 After Election,2_after_election,1965,বহুত লবা ফালাইছে।,বহুত লবা ফালাইছে,0,0.2
2 After Election,2_after_election,1966,লে হালুয়া,লে হালুয়া,3,0.7333274376123265
2 After Election,2_after_election,1967,এটা আবার কোন নাটক,এটা আবার কোন নাটক,1,0.7962758164624083
2 After Election,2_after_election,1968,না জানি কোন আকাম-কুকাম করছে,না জানি কোন আকাম কুকাম করছে,4,0.42917252815187046
2 After Election,2_after_election,1969,হাস্যকর কলকাতা যাদের মামার বাড়ি তারা আবার গ্রেফতার হয়,হাস্যকর কলকাতা যাদের মামার বাড়ি তারা আবার গ্রেফতার হয়,2,0.6876601808060063
2 After Election,2_after_election,1970,Please send them to Bangladesh with guard of honour. Kallu with recieve them with garlands....,please send them to bangladesh with guard of honour kallu with recieve them with garlands,3,0.8857116157563968
2 After Election,2_after_election,1971,কি আইলো,কি আইলো,2,0.5999831559064069
2 After Election,2_after_election,1972,চমৎকার নিউজ,চমৎকার নিউজ,3,0.4002172290772972
2 After Election,2_after_election,1973,"""বর্তমান মান সরকার কে তেল মারতেই হইতো,আওয়ামিলীগ এর কর্মিদের গ্রেপতার করছে।কতো বরো বেইমান এই ভারত দেখেন।""",বর্তমান মান সরকার কে তেল মারতেই হইতো আওয়ামিলীগ এর কর্মিদের গ্রেপতার করছে কতো বরো বেইমান এই ভারত দেখেন,4,0.762699571353943
2 After Election,2_after_election,1974,এরা বাংলাদেশী হলেও এরা মূলত ইন্ডিয়ান,এরা বাংলাদেশী হলেও এরা মূলত ইন্ডিয়ান,1,0.7333310532096408
2 After Election,2_after_election,1975,হাদির খুনিদের ধরে ফেরত দে,হাদির খুনিদের ধরে ফেরত দে,1,0.7310083770595521
2 After Election,2_after_election,1976,চুদলিংপং,চুদলিংপং,0,0.2
2 After Election,2_after_election,1977,মোহাম্মদ মনির হোসাইন সব দিকে অন্ধকার,মোহাম্মদ মনির হোসাইন সব দিকে অন্ধকার,3,0.5999858720944226
2 After Election,2_after_election,1978,আজম মোল্লা আবার কোথাকার কিসের শিল্পী?,আজম মোল্লা আবার কোথাকার কিসের শিল্পী,2,0.7295404439457805
2 After Election,2_after_election,1979,"""তাদেরকে """"র"""" এর ট্রেনিং দিয়ে দেন""",তাদেরকে র এর ট্রেনিং দিয়ে দেন,2,0.5999972553120858
2 After Election,2_after_election,1980,বাংলাদেশ শিল্পকলা একাডেমিতে বাউল দলে কিছু ভন্ড আছে ওই ভন্ডদের কে আইনের আওতায় আনতে হবে,বাংলাদেশ শিল্পকলা একাডেমিতে বাউল দলে কিছু ভন্ড আছে ওই ভন্ডদের কে আইনের আওতায় আনতে হবে,4,0.7360082781784313
2 After Election,2_after_election,1981,ভারত এখন তাদের গ্রেফতার করে বাংলাদেশে পাঠাবে আর ভারতের দালাল তারেক জিয়া তাদেরকে বাংলাদেশ মুক্ত করবে এটাই হচ্ছে plan,ভারত এখন তাদের গ্রেফতার করে বাংলাদেশে পাঠাবে আর ভারতের দালাল তারেক জিয়া তাদেরকে বাংলাদেশ মুক্ত করবে এটাই হচ্ছে plan,3,0.7627151845758586
2 After Election,2_after_election,1982,দুই পর দেখবো মুক্তিযোদ্ধার লিস্টে হেতার নাম,দুই পর দেখবো মুক্তিযোদ্ধার লিস্টে হেতার নাম,4,0.8997311176493211
2 After Election,2_after_election,1983,কোনকিছু পরার আগেই শুধু উনার ফেইস দেখে হা হা রিয়েক্ট দিয়ে দেওয়ার যে বেপারটা,কোনকিছু পরার আগেই শুধু উনার ফেইস দেখে হা হা রিয়েক্ট দিয়ে দেওয়ার যে বেপারটা,4,0.5564432472961578
2 After Election,2_after_election,1984,এরে দেখলে হাসি পায় ক্যান?,এরে দেখলে হাসি পায় ক্যান,0,0.8658361751774394
2 After Election,2_after_election,1985,এক ধাক্কায় এতদুর,এক ধাক্কায় এতদুর,0,0.2
2 After Election,2_after_election,1986,সে যুদ্ধের সময় তার বাবার পেটে লিকুইড ফর্মে ছিলো। তাই তাকে একজন লিকুইড মুক্তিযুদ্ধা বলা যায়।,সে যুদ্ধের সময় তার বাবার পেটে লিকুইড ফর্মে ছিলো তাই তাকে একজন লিকুইড মুক্তিযুদ্ধা বলা যায়,4,0.6218446843529989
2 After Election,2_after_election,1987,মানুষ এত পরিমাণ হাসি কেমনে হাসতে পারে,মানুষ এত পরিমাণ হাসি কেমনে হাসতে পারে,4,0.8827808547207995
2 After Election,2_after_election,1988,আমি জানিনা কেন জানি এই পোস্ট দেখার পর অটোমেটিক মুখে হাসি চলে আসছে,আমি জানিনা কেন জানি এই পোস্ট দেখার পর অটোমেটিক মুখে হাসি চলে আসছে,4,0.5694146073667555
2 After Election,2_after_election,1989,জুলাই যুদ্বে কি ভেসে এসেছে?,জুলাই যুদ্বে কি ভেসে এসেছে,4,0.5964057309413603
2 After Election,2_after_election,1990,যাইহোক এই মন্ত্রণালয়ে কেও ঘেরাও দিতো না,যাইহোক এই মন্ত্রণালয়ে কেও ঘেরাও দিতো না,4,0.7999937742872183
2 After Election,2_after_election,1991,"""সময়মত সংসদে পৌছাতে না পারা ছেলেটাও এখন মন্ত্রনালয় চালাবে, ভাবা যায়""",সময়মত সংসদে পৌছাতে না পারা ছেলেটাও এখন মন্ত্রনালয় চালাবে ভাবা যায়,1,0.8395455924045028
2 After Election,2_after_election,1992,সেরা,সেরা,0,0.5994546276952045
2 After Election,2_after_election,1993,ও কি মন্ত্রী হওয়ার যোগ্য?,ও কি মন্ত্রী হওয়ার যোগ্য,4,0.7987177821202956
2 After Election,2_after_election,1994,সবাই এত খুশি হইছে যে সবাই হা হা করতেছে,সবাই এত খুশি হইছে যে সবাই হা হা করতেছে,1,0.8984934415280852
2 After Election,2_after_election,1995,এক ঠ্যালায় এতো দূর,এক ঠ্যালায় এতো দূর,1,0.7322101927506471
2 After Election,2_after_election,1996,ঘেরাও বিষয়ক মন্ত্রী,ঘেরাও বিষয়ক মন্ত্রী,4,0.799999147582671
2 After Election,2_after_election,1997,"""যায়গামত দিছে বিম্পি সঠিক যায়গা সঠিক মাল, এবার মুক্তিযুদ্ধ নতুন ভাবে লিখা হবে""",যায়গামত দিছে বিম্পি সঠিক যায়গা সঠিক মাল এবার মুক্তিযুদ্ধ নতুন ভাবে লিখা হবে,4,0.541349908352524
2 After Election,2_after_election,1998,প্রথমে চোখ পড়তেই প্রতিবন্ধী পড়ে ফেলছিলাম,প্রথমে চোখ পড়তেই প্রতিবন্ধী পড়ে ফেলছিলাম,1,0.7986058908705564
2 After Election,2_after_election,1999,Ai halare muktijuddhobisoyok dilo kon akkel e .onno montri hisebe dile mana jaito . advocate fazlur saheb k dile valo hoito:) …,ai halare muktijuddhobisoyok dilo kon akkel e onno montri hisebe dile mana jaito advocate fazlur saheb k dile valo hoito,1,0.5338919820936094
2 After Election,2_after_election,2000,ওনি কি মুক্তিযোদ্ধা। যখন কেউ না থাকবে তখন অন্য কথা।,ওনি কি মুক্তিযোদ্ধা যখন কেউ না থাকবে তখন অন্য কথা,4,0.6402553503214683
2 After Election,2_after_election,2001,"""তো আরকি, এইবার বীর মুক্তিযোদ্ধা ইশরাকের নতুন দিগন্ত শুরু হবে। মুক্তিযুদ্ধ সম্পর্কে নতুন নতুন ইতিহাস প্রনায়ন করবে। এমনিতেই ইতি…""",তো আরকি এইবার বীর মুক্তিযোদ্ধা ইশরাকের নতুন দিগন্ত শুরু হবে মুক্তিযুদ্ধ সম্পর্কে নতুন নতুন ইতিহাস প্রনায়ন করবে এমনিতেই ইতি,4,0.7567790034973303
2 After Election,2_after_election,2002,অথচ বীর মুক্তিযোদ্ধা ফজলুর রহমান কে দিতে পারতো,অথচ বীর মুক্তিযোদ্ধা ফজলুর রহমান কে দিতে পারতো,3,0.4329196246534865
2 After Election,2_after_election,2003,সে যুদ্ধে গেছিল আমি তার সহযোদ্ধা ছিলাম গুলিতে তার বুকটা ছারখার হয়ে গেছিল এটা নিয়ে বিরোধ করলে রাজুতে ডাক দিব,সে যুদ্ধে গেছিল আমি তার সহযোদ্ধা ছিলাম গুলিতে তার বুকটা ছারখার হয়ে গেছিল এটা নিয়ে বিরোধ করলে রাজুতে ডাক দিব,0,0.5462208843848368
2 After Election,2_after_election,2004,সে তো সে সময় বাচ্চা ছিল। অবশ্যই এখানে বিএনপি'র এডভোকেট ফজলুর রহমানকে আনা উচিত,সে তো সে সময় বাচ্চা ছিল অবশ্যই এখানে বিএনপি র এডভোকেট ফজলুর রহমানকে আনা উচিত,4,0.5586303556611293
2 After Election,2_after_election,2005,এরে দেখলে ক্যান জানি চাপড়াইতে মন চায়,এরে দেখলে ক্যান জানি চাপড়াইতে মন চায়,0,0.49807886000287765
2 After Election,2_after_election,2006,"""tar mane betay kono kamera na, eda BNP o bujhche!""",tar mane betay kono kamera na eda bnp o bujhche,1,0.799997967211048
2 After Election,2_after_election,2007,জার জন্ন যুদ্ধের পরে সে আবার মুক্তিযুদ্ধ বিষয়ক হয় কেমনে,জার জন্ন যুদ্ধের পরে সে আবার মুক্তিযুদ্ধ বিষয়ক হয় কেমনে,4,0.8852609329761537
2 After Election,2_after_election,2008,ইয়ে আব কনসি চিরিয়া কা নাম হে বেটা ?,ইয়ে আব কনসি চিরিয়া কা নাম হে বেটা,3,0.5482386572619139
2 After Election,2_after_election,2009,Oke sweeper banano hok,oke sweeper banano hok,0,0.5999896428832173
2 After Election,2_after_election,2010,আহ কি খুশিরে,আহ কি খুশিরে,2,0.5999938089601551
2 After Election,2_after_election,2011,@আল্লাহ সর্বশক্তিমান:তান্ত্রিক ওমর ফারুক কবিরাজ যে কোন সমস্যা থাকলে বল তত ইনশাল্লাহ স্বামী স্ত্রী অমিল প্রেম ভালোবাসা ব্যর্…,আল্লাহ সর্বশক্তিমান তান্ত্রিক ওমর ফারুক কবিরাজ যে কোন সমস্যা থাকলে বল তত ইনশাল্লাহ স্বামী স্ত্রী অমিল প্রেম ভালোবাসা ব্যর্,2,0.568266662323978
2 After Election,2_after_election,2012,"""ইউজার অথবা মাস্টার একাউন্ট করতে যোগাযোগ করুন। সারা দেশে ৩০% কমিশনে মাস্টার এজেন্ট নিয়োগ, ১ টাকাও ইনবেস্ট করতে হবে না। …""",ইউজার অথবা মাস্টার একাউন্ট করতে যোগাযোগ করুন সারা দেশে কমিশনে মাস্টার এজেন্ট নিয়োগ টাকাও ইনবেস্ট করতে হবে না,3,0.39407689866630974
2 After Election,2_after_election,2013,"""ভাগ্যভালো, চুমু শপি হয় নাই। …""",ভাগ্যভালো চুমু শপি হয় নাই,2,0.732883358820356
2 After Election,2_after_election,2014,"""মেয়র হতে চেয়েছিলো, হয়ে গেলো প্রতিমন্ত্রী …""",মেয়র হতে চেয়েছিলো হয়ে গেলো প্রতিমন্ত্রী,4,0.5285674870920526
2 After Election,2_after_election,2015,I have a plan,i have a plan,0,0.7326202673658782
2 After Election,2_after_election,2016,কবে জানি নামের আগে বীর মুক্তিযোদ্ধা লাগায় দেয়,কবে জানি নামের আগে বীর মুক্তিযোদ্ধা লাগায় দেয়,4,0.6998393590528506
2 After Election,2_after_election,2017,Follo tu follo bak 100% garente,follo tu follo bak garente,0,0.2
2 After Election,2_after_election,2018,ইসরাক ভাই আমার বয়স ৩০ আমিও মুক্তিযুদ্ধ করছি ভাই আমাকে একটা ভাতা দেওয়ার ব্যবস্থা করিয়েন আমার পোলাপান জেনো কোডা পায়,ইসরাক ভাই আমার বয়স আমিও মুক্তিযুদ্ধ করছি ভাই আমাকে একটা ভাতা দেওয়ার ব্যবস্থা করিয়েন আমার পোলাপান জেনো কোডা পায়,4,0.6149475167388991
2 After Election,2_after_election,2019,যুদ্ধ নিয়ে সে কি বুঝে? তার কি তখন জন্ম হয়েছিল?!!!!!,যুদ্ধ নিয়ে সে কি বুঝে তার কি তখন জন্ম হয়েছিল,4,0.6602766077907342
2 After Election,2_after_election,2020,গোয়া মারছে,গোয়া মারছে,0,0.7331033217739
2 After Election,2_after_election,2021,কিছু পর দেখবো ওর নাম মুক্তিযোদ্ধা লিস্টে সবার উপরে,কিছু পর দেখবো ওর নাম মুক্তিযোদ্ধা লিস্টে সবার উপরে,4,0.8997736500585808
2 After Election,2_after_election,2022,শেষ ধ্বংস,শেষ ধ্বংস,3,0.40039779742741194
2 After Election,2_after_election,2023,"""হা হা হা,,,,""",হা হা হা,3,0.7992492901367955
2 After Election,2_after_election,2024,আলহামদুলিল্লাহ সুন্দরভাবে দেশ পরিচালনা করুন এটাই কাম্য,আলহামদুলিল্লাহ সুন্দরভাবে দেশ পরিচালনা করুন এটাই কাম্য,1,0.5408260788314436
2 After Election,2_after_election,2025,এই ও দেখা লাগলো বাঙালির,এই ও দেখা লাগলো বাঙালির,1,0.7326230199568373
2 After Election,2_after_election,2026,Nice pic,nice pic,4,0.5999932187570477
2 After Election,2_after_election,2027,আচ্ছা কোন যুক্তিতে সে এই পদ পাইলো,আচ্ছা কোন যুক্তিতে সে এই পদ পাইলো,4,0.5327265755371287
2 After Election,2_after_election,2028,ওরে ল্যাওড়া,ওরে ল্যাওড়া,3,0.5999969942669402
2 After Election,2_after_election,2029,ইতিহাসের বারোটা বাজিয়ে দিবে,ইতিহাসের বারোটা বাজিয়ে দিবে,1,0.7257874074566443
2 After Election,2_after_election,2030,প্রতিমন্ত্রী কে প্রতিবন্ধী পরে পেলছি,প্রতিমন্ত্রী কে প্রতিবন্ধী পরে পেলছি,1,0.7330742993820646
2 After Election,2_after_election,2031,কাম সারছে,কাম সারছে,0,0.5999955695014829
2 After Election,2_after_election,2032,সবাই হাসে ক্যা,সবাই হাসে ক্যা,0,0.5945969598925219
2 After Election,2_after_election,2033,"""নিমডা দোজরাজ টেলমি, হারতাবুশ ক্রাকুইকিনইন বুমলাহ মহিনুজ্জুকু লো হাকুয়ে""",নিমডা দোজরাজ টেলমি হারতাবুশ ক্রাকুইকিনইন বুমলাহ মহিনুজ্জুকু লো হাকুয়ে,0,0.2
2 After Election,2_after_election,2034,খোকা পুত্র ইশরাক,খোকা পুত্র ইশরাক,4,0.4004213765269887
2 After Election,2_after_election,2035,চলিতেসে সার্কাস,চলিতেসে সার্কাস,2,0.5999863684022041
2 After Election,2_after_election,2036,প্রতিমন্ত্রী হিসেবে হেতের কাজ টা কি,প্রতিমন্ত্রী হিসেবে হেতের কাজ টা কি,1,0.43943883744628015
2 After Election,2_after_election,2037,হোগা মারা সারা,হোগা মারা সারা,3,0.7999986207078815
2 After Election,2_after_election,2038,অভিনন্দন,অভিনন্দন,0,0.5990050535202031
2 After Election,2_after_election,2039,আল্লাহরে এডা কি হইলো,আল্লাহরে এডা কি হইলো,1,0.5999969659175193
2 After Election,2_after_election,2040,"""Bhai vlo korse, oy ar nogor daddyr jonno abedon k9rte parbo na""",bhai vlo korse oy ar nogor daddyr jonno abedon k rte parbo na,1,0.8399972288879136
2 After Election,2_after_election,2041,"""হতে চাইলেন মেয়র, তাকে মন্ত্রী করা হয়েছে, এটা অন্যায়""",হতে চাইলেন মেয়র তাকে মন্ত্রী করা হয়েছে এটা অন্যায়,4,0.8632909903177547
2 After Election,2_after_election,2042,আস্তাগফিরুল্লাহ!,আস্তাগফিরুল্লাহ,1,0.5999849677129026
2 After Election,2_after_election,2043,স্বাধীনতার 53 বছর । দেশ প্রেমিক মুক্তিযোদ্ধারা দেশ চালানো দেশের মানুষের উচ্চ ও নিম্ন মান সেবা গুলো …,স্বাধীনতার বছর দেশ প্রেমিক মুক্তিযোদ্ধারা দেশ চালানো দেশের মানুষের উচ্চ ও নিম্ন মান সেবা গুলো,3,0.9103246319039571
2 After Election,2_after_election,2044,একটা জিনিস বুজলাম না বিরোধীদলের কোনো এমপিকে মন্ত্রী পদে দেখলাম না,একটা জিনিস বুজলাম না বিরোধীদলের কোনো এমপিকে মন্ত্রী পদে দেখলাম না,2,0.7010453356705336
2 After Election,2_after_election,2045,মুক্তিযুদ্ধ বিষয়ক মন্ত্রণালয় তো আগেই ছিল। এবার এটা জুলাই বিষয়ক মন্ত্রণালয় না বানায়!,মুক্তিযুদ্ধ বিষয়ক মন্ত্রণালয় তো আগেই ছিল এবার এটা জুলাই বিষয়ক মন্ত্রণালয় না বানায়,4,0.910976097839015
2 After Election,2_after_election,2046,আমি মনে হয় ইসরাক কে মুক্তি যুদ্ধ করতে দেখেছি আমার পাশেই ছিল,আমি মনে হয় ইসরাক কে মুক্তি যুদ্ধ করতে দেখেছি আমার পাশেই ছিল,4,0.8843286988246548
2 After Election,2_after_election,2047,Masahallah,masahallah,0,0.2
2 After Election,2_after_election,2048,উনি তখন জন্মগ্রহণী করে নাই আর তাকে দিয়েছে মুক্তিযুদ্ধ বিষয়ক প্রতিমন্ত্রী । অন্য দপ্তর কি ছিল না?,উনি তখন জন্মগ্রহণী করে নাই আর তাকে দিয়েছে মুক্তিযুদ্ধ বিষয়ক প্রতিমন্ত্রী অন্য দপ্তর কি ছিল না,4,0.9096948926957834
2 After Election,2_after_election,2049,কামার কে দিলো কুমারের কাজ,কামার কে দিলো কুমারের কাজ,1,0.7308084507430502
2 After Election,2_after_election,2050,কখন যে বলে বসে সেও মুক্তিযুদ্ধে কারন হাসিনা আমলে সম্ভব তাই,কখন যে বলে বসে সেও মুক্তিযুদ্ধে কারন হাসিনা আমলে সম্ভব তাই,2,0.9101586098432741
2 After Election,2_after_election,2051,আমার পেইজটিতে আমন্ত্রণ রইলো,আমার পেইজটিতে আমন্ত্রণ রইলো,0,0.2
2 After Election,2_after_election,2052,"""পজিটিভ রিপ্লাই (কারো খারাপ সময়ে কমেন্ট করার জন্য) খারাপ সময় শেষ হয়, শক্ত মানুষ শেষ হয় না।…""",পজিটিভ রিপ্লাই কারো খারাপ সময়ে কমেন্ট করার জন্য খারাপ সময় শেষ হয় শক্ত মানুষ শেষ হয় না,4,0.6548492256020102
2 After Election,2_after_election,2053,যত দাড়ি টুপি লোক আছে সবাই হবে ৱাজাকাৱ জনাব ইশৱাক যখন মুক্তিযুদ্ধ মন্ত্ৰী,যত দাড়ি টুপি লোক আছে সবাই হবে ৱাজাকাৱ জনাব ইশৱাক যখন মুক্তিযুদ্ধ মন্ত্ৰী,2,0.4562720263190692
2 After Election,2_after_election,2054,United States of Bagura,united states of bagura,3,0.599991167915118
2 After Election,2_after_election,2055,"""ভীড় ঠেলে যেই যুদ্ধ করে সামনে যায়,, এটা দেখার পরে তারেখ জিয়া মনে হয়, এরে এই পদ দেয়ার সিন্ধান্ত নিয়েছে""",ভীড় ঠেলে যেই যুদ্ধ করে সামনে যায় এটা দেখার পরে তারেখ জিয়া মনে হয় এরে এই পদ দেয়ার সিন্ধান্ত নিয়েছে,0,0.9184103606371423
2 After Election,2_after_election,2056,ওরে বাটপার,ওরে বাটপার,3,0.7331651834602018
2 After Election,2_after_election,2057,Fozu pagla k asha korchilam,fozu pagla k asha korchilam,0,0.2
2 After Election,2_after_election,2058,স্বাধীনতার ৫৪ বছর পরে এই মন্ত্রণালয়ের কাজটা কি,স্বাধীনতার বছর পরে এই মন্ত্রণালয়ের কাজটা কি,4,0.8386600554642814
2 After Election,2_after_election,2059,কিন্তু ওয় শপথ নিসে জামাতের সাথে। যেই লোক জীবনের এত গুরুত্বপূর্ণ েও লেট করতে পারে সে মন্ত্রণালয়ে কি করবে? …,কিন্তু ওয় শপথ নিসে জামাতের সাথে যেই লোক জীবনের এত গুরুত্বপূর্ণ েও লেট করতে পারে সে মন্ত্রণালয়ে কি করবে,4,0.9260597222917611
2 After Election,2_after_election,2060,ফজলুর রহমান কি দোষ করলো?,ফজলুর রহমান কি দোষ করলো,3,0.6400436407955693
2 After Election,2_after_election,2061,ইশরাক ভাইকে দেওয়া দরকার ছিলো ঘেরাও ও নিজে নিজে শপথ নেওয়া বিষয়ক মন্ত্রী,ইশরাক ভাইকে দেওয়া দরকার ছিলো ঘেরাও ও নিজে নিজে শপথ নেওয়া বিষয়ক মন্ত্রী,4,0.932879613168045
2 After Election,2_after_election,2062,কোন বলে বসে। সে নিজেই মুক্তিযোদ্ধা ।,কোন বলে বসে সে নিজেই মুক্তিযোদ্ধা,4,0.39622502345745
2 After Election,2_after_election,2063,কাম ছাড়ছে,কাম ছাড়ছে,0,0.5999955695014829
2 After Election,2_after_election,2064,হেতে মুক্তিযুদ্ধের কমান্ডার ছিলো,হেতে মুক্তিযুদ্ধের কমান্ডার ছিলো,4,0.7331555274548108
2 After Election,2_after_election,2065,ভাই আমারে সার্টিফিকেট দেওয়া যাবে টাকা দিবো ১০ হাজার।,ভাই আমারে সার্টিফিকেট দেওয়া যাবে টাকা দিবো হাজার,2,0.45739813279790725
2 After Election,2_after_election,2066,একে তো তালা আর ঘেরাও বিষয়ক মন্ত্রী বানানো উচিত ছিল,একে তো তালা আর ঘেরাও বিষয়ক মন্ত্রী বানানো উচিত ছিল,4,0.8851594248268986
2 After Election,2_after_election,2067,এখন বলবে আমি নেই যুদ্ধ ঘোষনা করলাম অন্য কোন দেশ লাগবে না,এখন বলবে আমি নেই যুদ্ধ ঘোষনা করলাম অন্য কোন দেশ লাগবে না,3,0.4442260833972221
2 After Election,2_after_election,2068,কি যে বিনোদন,কি যে বিনোদন,0,0.2
2 After Election,2_after_election,2069,মেয়রের আশাও শেষ,মেয়রের আশাও শেষ,3,0.40065529321511706
2 After Election,2_after_election,2070,হাস্যকর,হাস্যকর,0,0.5999951637798662
2 After Election,2_after_election,2071,মুক্তিযুদ্ধের সময়ের ২য় শিশু মুক্তিযোদ্ধা,মুক্তিযুদ্ধের সময়ের য় শিশু মুক্তিযোদ্ধা,4,0.7014108538509813
2 After Election,2_after_election,2072,মান্নার ডায়লগ খুব মনে পরছে,মান্নার ডায়লগ খুব মনে পরছে,0,0.5970572316020212
2 After Election,2_after_election,2073,ইশরাক হোসেন কে প্রধান মন্ত্রী করার জোর দাবি জানাচ্ছি,ইশরাক হোসেন কে প্রধান মন্ত্রী করার জোর দাবি জানাচ্ছি,4,0.9107545871242665
2 After Election,2_after_election,2074,যাক মেয়রের তো দামটা পায়নি এবার গোয়া মেরে দিবে নে,যাক মেয়রের তো দামটা পায়নি এবার গোয়া মেরে দিবে নে,0,0.4294749791123003
2 After Election,2_after_election,2075,sobay hahahaha disse kno?,sobay hahahaha disse kno,1,0.5999852045463473
2 After Election,2_after_election,2076,আহারে এইভাবেও দেশটাকে ধ্বংস করে দেয়,আহারে এইভাবেও দেশটাকে ধ্বংস করে দেয়,1,0.7977307263572478
2 After Election,2_after_election,2077,"""ইশরাক ছেলেটা ভালো, তাকে আমি নিজে মুক্তিযুদ্ধ করতে দেখেছি""",ইশরাক ছেলেটা ভালো তাকে আমি নিজে মুক্তিযুদ্ধ করতে দেখেছি,4,0.8995365438678088
2 After Election,2_after_election,2078,ফজলুল রহমান পারফেক্ট ছিল,ফজলুল রহমান পারফেক্ট ছিল,3,0.5999979765992848
2 After Election,2_after_election,2079,হোগাই মারছে,হোগাই মারছে,0,0.5999896025189817
2 After Election,2_after_election,2080,দেয়া ও ভালোবাসা রইল ভাই,দেয়া ও ভালোবাসা রইল ভাই,2,0.7995903728549377
2 After Election,2_after_election,2081,তিনি কি ছিলেন মুক্তিযুদ্ধের সময়?,তিনি কি ছিলেন মুক্তিযুদ্ধের সময়,4,0.5498050745006424
2 After Election,2_after_election,2082,আমার আইডিটা ফলো করে দাও,আমার আইডিটা ফলো করে দাও,3,0.7309601309418553
2 After Election,2_after_election,2083,এইটা ফজলুর রহমানরে দেওয়া দরকার ছিল,এইটা ফজলুর রহমানরে দেওয়া দরকার ছিল,2,0.522685514041287
2 After Election,2_after_election,2084,ধন্যবাদ।।,ধন্যবাদ,0,0.599995510068431
2 After Election,2_after_election,2085,হাসবো না কাদবো?? সবাই একটু বলে যান।,হাসবো না কাদবো সবাই একটু বলে যান,2,0.8384708145528913
2 After Election,2_after_election,2086,"""বাহের কোটায় মুক্তি যুদ্ধ মন্ত্রী, মুক্তিযোদ্ধা লিস্টে হেতার নাম জানি চলে আসে না আবার।""",বাহের কোটায় মুক্তি যুদ্ধ মন্ত্রী মুক্তিযোদ্ধা লিস্টে হেতার নাম জানি চলে আসে না আবার,4,0.8601236765387847
2 After Election,2_after_election,2087,উনি মুক্তিযোদ্ধা,উনি মুক্তিযোদ্ধা,4,0.7328719877962617
2 After Election,2_after_election,2088,আল্লাহই জানেন এখন আবার কোন ইতিহাস পড়তে হয়,আল্লাহই জানেন এখন আবার কোন ইতিহাস পড়তে হয়,4,0.5093194654102445
2 After Election,2_after_election,2089,অভিনন্দন,অভিনন্দন,0,0.5990050535202031
2 After Election,2_after_election,2090,হা হার সংখ্যা এত বেশি কেন,হা হার সংখ্যা এত বেশি কেন,1,0.8652418081202029
2 After Election,2_after_election,2091,প্লিজ কেউ ফলো করে দেও,প্লিজ কেউ ফলো করে দেও,0,0.7990598090240792
2 After Election,2_after_election,2092,আসসালামুয়ালাইকুম আমার প্রিয় বন্ধুরা সবাই ফলো করে পাশে থাকবেন আমার ছোট পরিবারের,আসসালামুয়ালাইকুম আমার প্রিয় বন্ধুরা সবাই ফলো করে পাশে থাকবেন আমার ছোট পরিবারের,0,0.8987310584944943
2 After Election,2_after_election,2093,ভেঙে দেওয়া হলো অন্তর্বর্তী সরকার রাজনৈতিক অঙ্গনে নতুন মোড়—সরকারি সিদ্ধান্তের পর আনুষ্ঠানিকভাবে অন্তর্বর্তী সরকারের কার্যক্র…,ভেঙে দেওয়া হলো অন্তর্বর্তী সরকার রাজনৈতিক অঙ্গনে নতুন মোড় সরকারি সিদ্ধান্তের পর আনুষ্ঠানিকভাবে অন্তর্বর্তী সরকারের কার্যক্র,3,0.7561834930922267
2 After Election,2_after_election,2094,ধন্যবাদ,ধন্যবাদ,0,0.599995510068431
2 After Election,2_after_election,2095,ওনার চেহারা টা দেখলেই ঐযে ঠেলাঠেলি করেছিলো এটার কথা মনে পড়ে । ওনাকে প্রতিমন্ত্রী দিছে কারন উনি ঠেইললা যুদ্ধ করতে পারে তাই,ওনার চেহারা টা দেখলেই ঐযে ঠেলাঠেলি করেছিলো এটার কথা মনে পড়ে ওনাকে প্রতিমন্ত্রী দিছে কারন উনি ঠেইললা যুদ্ধ করতে পারে তাই,4,0.6047208626889268
2 After Election,2_after_election,2096,খুব সুন্দর সাজানো গোছানো,খুব সুন্দর সাজানো গোছানো,0,0.5988381978701995
2 After Election,2_after_election,2097,এগিয়ে যান ভাই,এগিয়ে যান ভাই,2,0.5146947516512721
2 After Election,2_after_election,2098,Manush kuje painai,manush kuje painai,0,0.5999842704659775
2 After Election,2_after_election,2099,মাত্র ২০০ টাকা কেজি,মাত্র টাকা কেজি,3,0.7291843448824352
2 After Election,2_after_election,2100,ছোট আইডি সবাই একটু সাহায্য করবেন যেন বড় কিছু করতে পারি …,ছোট আইডি সবাই একটু সাহায্য করবেন যেন বড় কিছু করতে পারি,2,0.6078438971905228
2 After Election,2_after_election,2101,বাংলাদেশ জাতীয়তাবাদী সাইবার দল নাটোর জেলা শাখার পক্ষ থেকে প্রানঢালা শুভেচ্ছা ও অভিনন্দন শুভ কামনা অবিরাম …,বাংলাদেশ জাতীয়তাবাদী সাইবার দল নাটোর জেলা শাখার পক্ষ থেকে প্রানঢালা শুভেচ্ছা ও অভিনন্দন শুভ কামনা অবিরাম,2,0.8993348171446806
2 After Election,2_after_election,2102,সবাই হাহাহা দিচ্ছে কেন,সবাই হাহাহা দিচ্ছে কেন,0,0.5489695513827836
2 After Election,2_after_election,2103,Kopal,kopal,0,0.2
2 After Election,2_after_election,2104,মুক্তিযোদ্ধা সার্টিফিকেটটাও দিয়ে দেওয়া হোক,মুক্তিযোদ্ধা সার্টিফিকেটটাও দিয়ে দেওয়া হোক,4,0.795589281136647
2 After Election,2_after_election,2105,Oni Abar kon muktijota,oni abar kon muktijota,0,0.7330755221917599
2 After Election,2_after_election,2106,উনি মুক্তিযুদ্ধের কি বুঝবে? বুঝলাম না। খেলা ধুলা তে দিলে ভালো হতো।,উনি মুক্তিযুদ্ধের কি বুঝবে বুঝলাম না খেলা ধুলা তে দিলে ভালো হতো,4,0.6830433827141589
2 After Election,2_after_election,2107,অসাধারণ!,অসাধারণ,0,0.2
2 After Election,2_after_election,2108,ধাক্কাধাক্কি বিষয়ক মন্ত্রী তে দেন,ধাক্কাধাক্কি বিষয়ক মন্ত্রী তে দেন,4,0.4946191914969677
2 After Election,2_after_election,2109,এই ও দেখা লাগলো বাঙালির,এই ও দেখা লাগলো বাঙালির,1,0.7326230199568373
2 After Election,2_after_election,2110,সেই পেটে থাকতে যুদ্ধ করছে এই বেডায় ভাবা যায়! এর লাইগাইতো এই মন্ত্রণালয় পাইছে,সেই পেটে থাকতে যুদ্ধ করছে এই বেডায় ভাবা যায় এর লাইগাইতো এই মন্ত্রণালয় পাইছে,1,0.3671343305617932
2 After Election,2_after_election,2111,সংসদে যেমন দেরি করে গেছে এদেশে কোনো যুদ্ধ লাগলে তার নির্দেশ যদি এমন দেরি করে দেয় তাহলে তো খেল খতম,সংসদে যেমন দেরি করে গেছে এদেশে কোনো যুদ্ধ লাগলে তার নির্দেশ যদি এমন দেরি করে দেয় তাহলে তো খেল খতম,3,0.5168311544105435
2 After Election,2_after_election,2112,একে মন্ত্রনালয়ে মানায় না একে মানাই জোর করে ক্ষমতা নেওয়ার আন্দোলনে,একে মন্ত্রনালয়ে মানায় না একে মানাই জোর করে ক্ষমতা নেওয়ার আন্দোলনে,4,0.5209544977952302
2 After Election,2_after_election,2113,হেতেনের জন্ম শুক্কুরে শুক্কুরে আট সে মুক্তিযোদ্ধা মন্ত্রী হয় কেন কিভাবে?,হেতেনের জন্ম শুক্কুরে শুক্কুরে আট সে মুক্তিযোদ্ধা মন্ত্রী হয় কেন কিভাবে,4,0.8997359595757058
2 After Election,2_after_election,2114,জনাব ২০২৮ সাল পর্যন্ত ইনশাআল্লাহ,জনাব সাল পর্যন্ত ইনশাআল্লাহ,2,0.6390017286609402
2 After Election,2_after_election,2115,এ কি মন্ত্রী হবার যোগ্য?,এ কি মন্ত্রী হবার যোগ্য,4,0.7996010012014373
2 After Election,2_after_election,2116,মুক্তিযুদ্ধ কি উনি কি এটা জানে.?,মুক্তিযুদ্ধ কি উনি কি এটা জানে,4,0.7997817704371821
2 After Election,2_after_election,2117,এহন সবাই বইয়ে জিয়া পরিবারের মুক্তিযুদ্ধের ইতিহাস পড়বো,এহন সবাই বইয়ে জিয়া পরিবারের মুক্তিযুদ্ধের ইতিহাস পড়বো,4,0.5047043576863227
2 After Election,2_after_election,2118,ঘেরাও করে মুক্তিযুদ্ধে সফল হয়েছিল বাংলাদেশ,ঘেরাও করে মুক্তিযুদ্ধে সফল হয়েছিল বাংলাদেশ,4,0.4505613972716607
2 After Election,2_after_election,2119,কাচা কাজ হয়েছে,কাচা কাজ হয়েছে,1,0.5973055742661263
2 After Election,2_after_election,2120,ফজলু পাগলাম হয়ত ডায়রিয়া হয়েছে তাই...,ফজলু পাগলাম হয়ত ডায়রিয়া হয়েছে তাই,1,0.599988278758329
2 After Election,2_after_election,2121,ক্রীড়া বিষয়ক মন্ত্রী উপমন্ত্রী দেয়নি শুকরিয়া।,ক্রীড়া বিষয়ক মন্ত্রী উপমন্ত্রী দেয়নি শুকরিয়া,4,0.7333324321983998
2 After Election,2_after_election,2122,ঠোটে লিপস্টিক কম হয়েছে আরএকটু হলে সুন্দর লাগতো,ঠোটে লিপস্টিক কম হয়েছে আরএকটু হলে সুন্দর লাগতো,0,0.5653750693080938
2 After Election,2_after_election,2123,Tar birodde j kico bolbe ee.. Akta rajakar,tar birodde j kico bolbe ee akta rajakar,1,0.4001073206576934
2 After Election,2_after_election,2124,লাগারে লাগা সোয়াবিন লাগা......,লাগারে লাগা সোয়াবিন লাগা,3,0.7999973842905796
2 After Election,2_after_election,2125,এখন হালা হুমন্দি সব হয়ে যাবে মুক্তিযোদ্ধা,এখন হালা হুমন্দি সব হয়ে যাবে মুক্তিযোদ্ধা,4,0.6063936085582146
2 After Election,2_after_election,2126,"""মাথায় গিলু,ই পদে এর থাইকা ফজা পাগলাই ভালো ছিল""",মাথায় গিলু ই পদে এর থাইকা ফজা পাগলাই ভালো ছিল,3,0.7982027587962238
2 After Election,2_after_election,2127,ফজু পাগল কে দিলো না কে,ফজু পাগল কে দিলো না কে,0,0.5131766090165834
2 After Election,2_after_election,2128,মুক্তিযোদ্ধা ইশরাক হোসেন,মুক্তিযোদ্ধা ইশরাক হোসেন,4,0.7998828229223224
2 After Election,2_after_election,2129,ব্রেইন ছাড়া ইশরাক,ব্রেইন ছাড়া ইশরাক,4,0.4000253876876628
2 After Election,2_after_election,2130,ভাবছিলাম বিএনপি ২ বছর টিকবে এখন দেখি ১ বছর ও পারবে না,ভাবছিলাম বিএনপি বছর টিকবে এখন দেখি বছর ও পারবে না,3,0.44896545335662924
2 After Election,2_after_election,2131,বাবার মুক্তিযুদ্ধের কোটায় ছেলে নিয়োগ।,বাবার মুক্তিযুদ্ধের কোটায় ছেলে নিয়োগ,1,0.6655687438828825
2 After Election,2_after_election,2132,স্যালুট বীর মুক্তিযোদ্ধা ইশরাক হোসেন কে,স্যালুট বীর মুক্তিযোদ্ধা ইশরাক হোসেন কে,4,0.8399308873554304
2 After Election,2_after_election,2133,শুভ বুধবার। …,শুভ বুধবার,2,0.5994697510432996
2 After Election,2_after_election,2134,গেয়ি ভ্যাস তেল লেনে,গেয়ি ভ্যাস তেল লেনে,1,0.5999990283913799
2 After Election,2_after_election,2135,নগর ড্যাডি বিষয়ক মন্ত্রনালয় দিলে ভাল হবে,নগর ড্যাডি বিষয়ক মন্ত্রনালয় দিলে ভাল হবে,4,0.6210572614910836
2 After Election,2_after_election,2136,Akhon r dhakka dhakki korte hbe nahh.....amni seat raikha dbe,akhon r dhakka dhakki korte hbe nahh amni seat raikha dbe,0,0.2
2 After Election,2_after_election,2137,বীর মুক্তিযোদ্ধা ইশরাক ভাই,বীর মুক্তিযোদ্ধা ইশরাক ভাই,4,0.6400122707002269
2 After Election,2_after_election,2138,এই পোস্ট দেখার পর জিবন যুদ্ধেই হেরে গেলাম,এই পোস্ট দেখার পর জিবন যুদ্ধেই হেরে গেলাম,4,0.4738709178328065
2 After Election,2_after_election,2139,নতুন চেতনা লোডিং....,নতুন চেতনা লোডিং,4,0.4643476075977362
2 After Election,2_after_election,2140,ধাক্কাধাক্কি মন্ত্রি দিলে ভাল হইত,ধাক্কাধাক্কি মন্ত্রি দিলে ভাল হইত,2,0.8363422731313898
2 After Election,2_after_election,2141,আহ্,আহ্,2,0.5999938089601551
2 After Election,2_after_election,2142,জনতার মুক্তিযোদ্ধা,জনতার মুক্তিযোদ্ধা,4,0.40034734324499943
2 After Election,2_after_election,2143,ধাক্কায় কাজ হয়েছে,ধাক্কায় কাজ হয়েছে,1,0.5973055742661263
2 After Election,2_after_election,2144,নগর ডেন্ডি,নগর ডেন্ডি,4,0.599490024199124
2 After Election,2_after_election,2145,Fojlur rohman ke banano drkar chilo,fojlur rohman ke banano drkar chilo,1,0.7333265855592863
2 After Election,2_after_election,2146,যারা মুক্তিযোদ্ধা তাদের কে মুক্তিযোদ্ধা বিষয়ক মন্ত্রী না দিয়ে শিশু কে দেই,যারা মুক্তিযোদ্ধা তাদের কে মুক্তিযোদ্ধা বিষয়ক মন্ত্রী না দিয়ে শিশু কে দেই,4,0.885065426551749
2 After Election,2_after_election,2147,অভিনন্দন আমাদের গর্ব বাংলাদেশের মাটি মানুষের নেতা শুভকামনা রইল,অভিনন্দন আমাদের গর্ব বাংলাদেশের মাটি মানুষের নেতা শুভকামনা রইল,0,0.6352459092652772
2 After Election,2_after_election,2148,তারেক রহমান জামাতের আমিরকে মন্ত্রী বানাবেন আর জামাতের আমি এর সাথে তা....See,তারেক রহমান জামাতের আমিরকে মন্ত্রী বানাবেন আর জামাতের আমি এর সাথে তা see,3,0.7092709295088065
2 After Election,2_after_election,2149,সমস্যা নাই ভাই। পুরো পৃথিবী আপনার বিপক্ষে থাকলেও আমি পৃথিবীর পক্ষে।,সমস্যা নাই ভাই পুরো পৃথিবী আপনার বিপক্ষে থাকলেও আমি পৃথিবীর পক্ষে,3,0.6196480406191326
2 After Election,2_after_election,2150,"""হইতে চাইছিলাম মেয়র, বানাইলেন প্রতিমন্ত্রী।""",হইতে চাইছিলাম মেয়র বানাইলেন প্রতিমন্ত্রী,3,0.49652574348508616
2 After Election,2_after_election,2151,পাগলারে দিছে আরো চেতাইয়া,পাগলারে দিছে আরো চেতাইয়া,0,0.732464252446176
2 After Election,2_after_election,2152,Onake amar protimonti dile valo hoy.,onake amar protimonti dile valo hoy,4,0.7287568697729767
2 After Election,2_after_election,2153,মুক্তিযুদ্ধ বিষয়ে ইশরাক কী জানে? ওর বয়স কত? বিএনপি নাকি স্বাধীনতার দল? একজন মুক্তি যোদ্ধা নেই এই মন্ত্রণালয়ের জন্য???,মুক্তিযুদ্ধ বিষয়ে ইশরাক কী জানে ওর বয়স কত বিএনপি নাকি স্বাধীনতার দল একজন মুক্তি যোদ্ধা নেই এই মন্ত্রণালয়ের জন্য,4,0.9463595983552067
2 After Election,2_after_election,2154,মুক্তিযুদ্ধ মানেই জাতির ড্যাডি বঙ্গবলটু আর নগর ড্যাডি ইশরাক,মুক্তিযুদ্ধ মানেই জাতির ড্যাডি বঙ্গবলটু আর নগর ড্যাডি ইশরাক,4,0.8396787793840742
2 After Election,2_after_election,2155,Muktijuddho bishoyok montri Thela-theli bishoyok montri️,muktijuddho bishoyok montri thela theli bishoyok montri,1,0.7333277678290535
2 After Election,2_after_election,2156,আরো বেশি করে ভোট দেও বাঙালি জাতি,আরো বেশি করে ভোট দেও বাঙালি জাতি,0,0.5817229161883058
2 After Election,2_after_election,2157,সামলাতে পারবে গায়ের জোর আসে না,সামলাতে পারবে গায়ের জোর আসে না,4,0.549111160537965
2 After Election,2_after_election,2158,মেথর,মেথর,3,0.5999851010898043
2 After Election,2_after_election,2159,ওর জন্য এটা অতিরিক্ত হয়ে গেছে!,ওর জন্য এটা অতিরিক্ত হয়ে গেছে,4,0.799920043528071
2 After Election,2_after_election,2160,How,how,0,0.2
2 After Election,2_after_election,2161,সাওয়া মন্এী,সাওয়া মন্এী,0,0.2
2 After Election,2_after_election,2162,"""দুঃখের বিষয় হচ্ছে তার বাবার সাথে যে রাজনীতি করেছে সে কিন্তু মন্ত্রীর মর্যাদা পেল না, বাংলাদেশে ছয়বার এমপি জয়নাল আবদীন ফারু…""",দুঃখের বিষয় হচ্ছে তার বাবার সাথে যে রাজনীতি করেছে সে কিন্তু মন্ত্রীর মর্যাদা পেল না বাংলাদেশে ছয়বার এমপি জয়নাল আবদীন ফারু,0,0.917788178450805
2 After Election,2_after_election,2163,ভাই তার আব্বা যুদ্ধ করছে নি আমার কাছে সন্দেহ হয়,ভাই তার আব্বা যুদ্ধ করছে নি আমার কাছে সন্দেহ হয়,4,0.5328207994556966
2 After Election,2_after_election,2164,আরে তোমরা তো জানোই না আমি আর ও এক সাথে যুদ্ধের মালামাল সরবরাহ করছি।,আরে তোমরা তো জানোই না আমি আর ও এক সাথে যুদ্ধের মালামাল সরবরাহ করছি,2,0.6186320940736836
2 After Election,2_after_election,2165,একদম ঠিক আছে,একদম ঠিক আছে,1,0.7332016981796955
2 After Election,2_after_election,2166,"""মন্ত্রণালয় যদি না দিত, তিনি পাঁচ ে সংসদ ঘেরাও কর্মসূচি দিয়ে নিজে নিজেই মন্ত্রীর শপথ পড়ে ফেলতেন!""",মন্ত্রণালয় যদি না দিত তিনি পাঁচ ে সংসদ ঘেরাও কর্মসূচি দিয়ে নিজে নিজেই মন্ত্রীর শপথ পড়ে ফেলতেন,4,0.5510252957003708
2 After Election,2_after_election,2167,দেশটা চাঁন্দের দেশে চলে গেছে মনে করেন আর কিছু বাকি নাই।,দেশটা চাঁন্দের দেশে চলে গেছে মনে করেন আর কিছু বাকি নাই,2,0.7372998890201297
2 After Election,2_after_election,2168,বয়স কম,বয়স কম,4,0.7333310126090533
2 After Election,2_after_election,2169,এই দেশ তাইলে শেস কটি মানুষের প্রান চলে গেলেও এই দেশ কখোনো ঠিক হবে না,এই দেশ তাইলে শেস কটি মানুষের প্রান চলে গেলেও এই দেশ কখোনো ঠিক হবে না,2,0.5114325408465336
2 After Election,2_after_election,2170,সুধু মন্ত্রী পদ দিলে হবে না ঠেলাঠেলি জন্য ওকে নোবেল দিতে হবে তারেক ভাই,সুধু মন্ত্রী পদ দিলে হবে না ঠেলাঠেলি জন্য ওকে নোবেল দিতে হবে তারেক ভাই,4,0.37066584104309735
2 After Election,2_after_election,2171,কামড়াকামড়ি করে সমনে এগিয়ে যাবে,কামড়াকামড়ি করে সমনে এগিয়ে যাবে,0,0.3997641432400942
2 After Election,2_after_election,2172,ইতা মুক্তযুদ্ধের ইতিহাসও জানে না।তারে একটা GK বই গিফ্ট করতে চাই,ইতা মুক্তযুদ্ধের ইতিহাসও জানে না তারে একটা gk বই গিফ্ট করতে চাই,4,0.6384821592183574
2 After Election,2_after_election,2173,কেমনে কি? সে কি মুক্তি যুদ্ধ বিয়ষ কিছু বুঝে।,কেমনে কি সে কি মুক্তি যুদ্ধ বিয়ষ কিছু বুঝে,4,0.6525156731114179
2 After Election,2_after_election,2174,আর জাকে ধর্ম মন্ত্রী করা হয়েছে তার সর্বোচ্চ শিক্ষাগত যোগ্যতা SSC সব আমাদের হাতের কামাই,আর জাকে ধর্ম মন্ত্রী করা হয়েছে তার সর্বোচ্চ শিক্ষাগত যোগ্যতা ssc সব আমাদের হাতের কামাই,4,0.6412999349064241
2 After Election,2_after_election,2175,Rifat Hossain Rahat Rayhan Islam ei dek hala baji dhorsili nh,rifat hossain rahat rayhan islam ei dek hala baji dhorsili nh,1,0.7331208194381086
2 After Election,2_after_election,2176,Keno?,keno,0,0.2
2 After Election,2_after_election,2177,Ekhon oi bolbe tarek rahaman ow juddo korse,ekhon oi bolbe tarek rahaman ow juddo korse,1,0.5999851104335098
2 After Election,2_after_election,2178,দেশটার হোগামারা কমপ্লিট,দেশটার হোগামারা কমপ্লিট,3,0.5999858707191493
2 After Election,2_after_election,2179,hagar montri.khusir thelay haha astase,hagar montri khusir thelay haha astase,1,0.5999903952498756
2 After Election,2_after_election,2180,সংবিধান অনুযায়ী বাংলাদেশের ১৩তম জাতীয় সংসদ নির্বাচনের যেহেতু কোনো বৈধতা নেই অর্থাৎ ২০২৬ সালের জাতীয় সংসদ নির্বাচন অবৈধ সুতরাং …,সংবিধান অনুযায়ী বাংলাদেশের তম জাতীয় সংসদ নির্বাচনের যেহেতু কোনো বৈধতা নেই অর্থাৎ সালের জাতীয় সংসদ নির্বাচন অবৈধ সুতরাং,0,0.7433088862373045
2 After Election,2_after_election,2181,"""ভাগ্য ভালো দলের সিদ্ধান্তে হয়েছেন, নয়তো নিজে নিজেই মন্ত্রিত্বের শপথ নিতেন.!""",ভাগ্য ভালো দলের সিদ্ধান্তে হয়েছেন নয়তো নিজে নিজেই মন্ত্রিত্বের শপথ নিতেন,0,0.6823914000138656
2 After Election,2_after_election,2182,হয়চে না ইয়াং বেডা রে কি দিসে,হয়চে না ইয়াং বেডা রে কি দিসে,0,0.7323597970666778
2 After Election,2_after_election,2183,Ai bar juddho lagboi,ai bar juddho lagboi,1,0.5999966793075872
2 After Election,2_after_election,2184,মুরগি যুদ্ধা,মুরগি যুদ্ধা,0,0.5991027792106474
2 After Election,2_after_election,2185,আস্তা একটা ভ'কলম,আস্তা একটা ভ কলম,0,0.2
2 After Election,2_after_election,2186,যার নাই মেয়র এর কাজ সম্পর্কে ধারনা আজ সে মন্ত্রণালয় চালাইবো,যার নাই মেয়র এর কাজ সম্পর্কে ধারনা আজ সে মন্ত্রণালয় চালাইবো,4,0.7930929423169962
2 After Election,2_after_election,2187,জোকার,জোকার,0,0.2
2 After Election,2_after_election,2188,রিমিনি এডিট,রিমিনি এডিট,0,0.2
2 After Election,2_after_election,2189,Ei halare keno jeno amr kache neshakhor mone hoy,ei halare keno jeno amr kache neshakhor mone hoy,4,0.7962790490302862
2 After Election,2_after_election,2190,Ore dekhle hashi ahe Amar,ore dekhle hashi ahe amar,0,0.5993147088618885
2 After Election,2_after_election,2191,মুক্তিযুদ্ধের চেতনায় এখন আর ঘুমানো যাবেনা,মুক্তিযুদ্ধের চেতনায় এখন আর ঘুমানো যাবেনা,4,0.40041349405106447
2 After Election,2_after_election,2192,নয়ন রে দৌড়া দৌড়ি মন্ত্রী বানানো হোক,নয়ন রে দৌড়া দৌড়ি মন্ত্রী বানানো হোক,4,0.7984529773602544
2 After Election,2_after_election,2193,1987 সালে জন্ম হওয়া মানুষটা 71 এর মুক্তিযুদ্ধের কি বুঝবে বুঝে আসেনা।,সালে জন্ম হওয়া মানুষটা এর মুক্তিযুদ্ধের কি বুঝবে বুঝে আসেনা,4,0.7299127838193467
2 After Election,2_after_election,2194,শেষ,শেষ,3,0.5999993300849814
2 After Election,2_after_election,2195,একেবারে জায়গা মত দিছে তার মতো যোদ্ধা একটাও নাই বি এন পি তে কয় আগেও হেতারে দেখলাম যুদ্ধ করতে শহিদ মিনারে,একেবারে জায়গা মত দিছে তার মতো যোদ্ধা একটাও নাই বি এন পি তে কয় আগেও হেতারে দেখলাম যুদ্ধ করতে শহিদ মিনারে,0,0.638477831083179
2 After Election,2_after_election,2196,বয়স হয় নাই ৪০ দিয়া দিছে মুক্তিযোদ্ধা বিষয়ক হো***সারা আকাশ ভরা তারা..!,বয়স হয় নাই দিয়া দিছে মুক্তিযোদ্ধা বিষয়ক হো সারা আকাশ ভরা তারা,4,0.5766952479025358
2 After Election,2_after_election,2197,"""২য় পলক ।হোগামা,,,,,,,,রা সারা""",য় পলক হোগামা রা সারা,3,0.5501666071038417
2 After Election,2_after_election,2198,আলহামদুলিল্লাহ। মুক্তিযুদ্ধের স্বপক্ষের লোক।,আলহামদুলিল্লাহ মুক্তিযুদ্ধের স্বপক্ষের লোক,4,0.5495765003482898
2 After Election,2_after_election,2199,Gaja kheye pod dise mone hocche,gaja kheye pod dise mone hocche,4,0.5993474860105755
2 After Election,2_after_election,2200,"""কিছু পর হবে """"বীর মুক্তিযোদ্ধা ইসরাক হোসেন """"""",কিছু পর হবে বীর মুক্তিযোদ্ধা ইসরাক হোসেন,4,0.8665772986987429
2 After Election,2_after_election,2201,আমার মনে হয় তার জন্ম আগে যুদ্ধ হয়েছে,আমার মনে হয় তার জন্ম আগে যুদ্ধ হয়েছে,4,0.7964018936730787
2 After Election,2_after_election,2202,"""ঠেলঠেলি যোদ্ধা,,,""",ঠেলঠেলি যোদ্ধা,0,0.5990461610932959
2 After Election,2_after_election,2203,Kon sector লড়ায় করচে সে শেখ হাসিনা তো বলতো বি এন পি কে রাজাকার,kon sector লড়ায় করচে সে শেখ হাসিনা তো বলতো বি এন পি কে রাজাকার,0,0.6893203563298015
2 After Election,2_after_election,2204,২ বছর ও টিকবে নাকি সন্দেহ,বছর ও টিকবে নাকি সন্দেহ,3,0.8370606141426665
2 After Election,2_after_election,2205,আচ্ছা এ মন্ত্রনালয়ের কাজ কি?,আচ্ছা এ মন্ত্রনালয়ের কাজ কি,4,0.7963542964448906
2 After Election,2_after_election,2206,প্রধানমন্ত্রী - লন্ডন | স্বরাষ্ট্র - ভারত | পররাষ্ট্র - আমেরিকা |…,প্রধানমন্ত্রী লন্ডন স্বরাষ্ট্র ভারত পররাষ্ট্র আমেরিকা,3,0.7313323120555806
2 After Election,2_after_election,2207,"""কয়েক পরে মনে হয় নতুন করে মিডিয়া প্রকাশ করবে, বীর মুক্তিযোদ্ধা """"ইশরাক হোসেন """"""",কয়েক পরে মনে হয় নতুন করে মিডিয়া প্রকাশ করবে বীর মুক্তিযোদ্ধা ইশরাক হোসেন,4,0.5832681601743106
2 After Election,2_after_election,2208,না ঠিক ই আছে সব জায়গায় তো যুদ্ধ ই করে হালায়,না ঠিক ই আছে সব জায়গায় তো যুদ্ধ ই করে হালায়,1,0.6398255458538242
2 After Election,2_after_election,2209,সবারই খাওয়ার অধিকার আছে। বেচারাকে দেওয়ার জায়গা ছিল না তাই সেখানে দেওয়া হয়েছে,সবারই খাওয়ার অধিকার আছে বেচারাকে দেওয়ার জায়গা ছিল না তাই সেখানে দেওয়া হয়েছে,2,0.5704572516447238
2 After Election,2_after_election,2210,এই পুষ্ট দেখার পর আধা হাসছি,এই পুষ্ট দেখার পর আধা হাসছি,3,0.42646572156631013
2 After Election,2_after_election,2211,ওওমাকালো,ওওমাকালো,0,0.2
2 After Election,2_after_election,2212,শেষ যুদ্ধ টা রে ও খাইয়া দিবে,শেষ যুদ্ধ টা রে ও খাইয়া দিবে,4,0.6672914106717733
2 After Election,2_after_election,2213,ওর দাদা দেখেছে মুক্তিযুদ্ধ? ওকে দিছে মুক্তিযুদ্ধ মন্ত্রনালয় এর দায়িত্ব,ওর দাদা দেখেছে মুক্তিযুদ্ধ ওকে দিছে মুক্তিযুদ্ধ মন্ত্রনালয় এর দায়িত্ব,4,0.9105586633565773
2 After Election,2_after_election,2214,মুক্তিযোদ্ধার হোগামারা সারা,মুক্তিযোদ্ধার হোগামারা সারা,3,0.7971643715711684
2 After Election,2_after_election,2215,Or vhason er speech sunle jei freedom fighters ra becha ase shock kheye more jba,or vhason er speech sunle jei freedom fighters ra becha ase shock kheye more jba,1,0.40070790258681144
2 After Election,2_after_election,2216,"""কয় পরে সেও জাতির কাছে বলবে, সেও ৭১ রে যুদ্ধ করেছে""",কয় পরে সেও জাতির কাছে বলবে সেও রে যুদ্ধ করেছে,1,0.5692897799651425
2 After Election,2_after_election,2217,খেলা হবে নিরাপদে,খেলা হবে নিরাপদে,2,0.599998283633857
2 After Election,2_after_election,2218,nogor daddy,nogor daddy,0,0.2
2 After Election,2_after_election,2219,এই কি মুক্তিযোদ্ধা? না,এই কি মুক্তিযোদ্ধা না,4,0.5999979560300626
2 After Election,2_after_election,2220,"""ও মুক্তিযুদ্ধের সময় জন্মেছিলো,???""",ও মুক্তিযুদ্ধের সময় জন্মেছিলো,4,0.7322874255082978
2 After Election,2_after_election,2221,শান্তি চুক্তির পুরো পুরী ওলঙন করছে বিএমপি,শান্তি চুক্তির পুরো পুরী ওলঙন করছে বিএমপি,4,0.730641188507562
2 After Election,2_after_election,2222,নতুন ভাবে নাতি পুত্রের সৃষ্টি হবে,নতুন ভাবে নাতি পুত্রের সৃষ্টি হবে,3,0.5328465133497998
2 After Election,2_after_election,2223,রাম পাঠা,রাম পাঠা,4,0.5999836089408144
2 After Election,2_after_election,2224,মেয়র হতে পারে না এখন এক ঠেলায় থাকবো মন্ত্রী জয় বাংলা খেলা হবে রাজপথে।,মেয়র হতে পারে না এখন এক ঠেলায় থাকবো মন্ত্রী জয় বাংলা খেলা হবে রাজপথে,4,0.5263132865235487
2 After Election,2_after_election,2225,কারে কি দিছে রে ভাই,কারে কি দিছে রে ভাই,2,0.39943443472392326
2 After Election,2_after_election,2226,কিন্তু ইশরাক শপথ ই তো নিলো রাজাকার দের সাথে।,কিন্তু ইশরাক শপথ ই তো নিলো রাজাকার দের সাথে,4,0.8658046786837311
2 After Election,2_after_election,2227,১৯৭১ সালে জিয়াউর রহমানের সাথে থেকে মুক্তিযুদ্ধ করছে কমান্ডো ইসরাক হোসেন,সালে জিয়াউর রহমানের সাথে থেকে মুক্তিযুদ্ধ করছে কমান্ডো ইসরাক হোসেন,4,0.8658994309255572
2 After Election,2_after_election,2228,"""বাবার নাম টা ডুবাইলো,,""",বাবার নাম টা ডুবাইলো,4,0.7985045527168148
2 After Election,2_after_election,2229,দুইজন বীরশ্রেষ্ঠদের নাম জানে কি না সন্দেহ,দুইজন বীরশ্রেষ্ঠদের নাম জানে কি না সন্দেহ,4,0.79964669224885
2 After Election,2_after_election,2230,মানে কোনোরকম একটা পতাকাবাহী গাড়ী পেলেই হলো!,মানে কোনোরকম একটা পতাকাবাহী গাড়ী পেলেই হলো,3,0.7261410246563946
2 After Election,2_after_election,2231,এবারে এই মন্ত্রনালয় হবে হজবরল,এবারে এই মন্ত্রনালয় হবে হজবরল,1,0.598445830405497
2 After Election,2_after_election,2232,"""কমেন্ট পড়ার অভ্যাস টা ছাড়তে পারলাম না, এমন ভাবে কমেন্ট পড়ছি যেন কমেন্ট পরীক্ষায় আসবে""",কমেন্ট পড়ার অভ্যাস টা ছাড়তে পারলাম না এমন ভাবে কমেন্ট পড়ছি যেন কমেন্ট পরীক্ষায় আসবে,3,0.9193463527766548
2 After Election,2_after_election,2233,ঠ্যালার জোর আছে মানতে হবে,ঠ্যালার জোর আছে মানতে হবে,4,0.7318322010891223
2 After Election,2_after_election,2234,যোগ্যতা কোন বিষয় নয় দলের ভিতরে সব মন্ত্রী রাখতে হবে,যোগ্যতা কোন বিষয় নয় দলের ভিতরে সব মন্ত্রী রাখতে হবে,2,0.6174283493852437
2 After Election,2_after_election,2235,অভিনন্দন,অভিনন্দন,0,0.5990050535202031
2 After Election,2_after_election,2236,চেতনা,চেতনা,4,0.5997192806535578
2 After Election,2_after_election,2237,লেদা পোলারে দিছে কি এটা,লেদা পোলারে দিছে কি এটা,0,0.597580481895906
2 After Election,2_after_election,2238,অনুষ্ঠানে ধাক্কাধাক্কি নিয়ন্ত্রণ বিষয়ক মন্ত্রী দিলে নিজেই কিছুটা সংশোধন হতো আর কি।,অনুষ্ঠানে ধাক্কাধাক্কি নিয়ন্ত্রণ বিষয়ক মন্ত্রী দিলে নিজেই কিছুটা সংশোধন হতো আর কি,4,0.8849660800217167
2 After Election,2_after_election,2239,ALHAMDULILLAH BLESS YOU DEAR UNCLE,alhamdulillah bless you dear uncle,0,0.4000898251686856
2 After Election,2_after_election,2240,এখানে ফজলুর হলকে দিলে ভালো হত,এখানে ফজলুর হলকে দিলে ভালো হত,2,0.683819407359414
2 After Election,2_after_election,2241,মুক্তি যুদ্ধ ভাতা পাবে বহু দলীয় মুক্তি যুদ্ধা।,মুক্তি যুদ্ধ ভাতা পাবে বহু দলীয় মুক্তি যুদ্ধা,0,0.9095082435175064
2 After Election,2_after_election,2242,২৪ বছরের ছেলেরা এবার ভাতা নিবে,বছরের ছেলেরা এবার ভাতা নিবে,2,0.8646503446282179
2 After Election,2_after_election,2243,মাননীয় মন্ত্রী মহোদয় লীগ সরকারের আমলে দেওয়া ভুয়া মুক্তি যোদ্ধাদের সনদ বাতিল করবেন কি?,মাননীয় মন্ত্রী মহোদয় লীগ সরকারের আমলে দেওয়া ভুয়া মুক্তি যোদ্ধাদের সনদ বাতিল করবেন কি,0,0.4274190380924082
2 After Election,2_after_election,2244,এটা কোন কথা অনেকের পদ গুলো তাদের ক্যারেক্টার এর সাথে যায় না যেমন সালকুম একজন আর একজন ইনি কোনো কথা এটা,এটা কোন কথা অনেকের পদ গুলো তাদের ক্যারেক্টার এর সাথে যায় না যেমন সালকুম একজন আর একজন ইনি কোনো কথা এটা,0,0.8384536370761969
2 After Election,2_after_election,2245,বয়স কি হয়ছে তার মুক্তিযুদ্ধ বিষয়ক প্রতিমন্ত্রী দিসে??,বয়স কি হয়ছে তার মুক্তিযুদ্ধ বিষয়ক প্রতিমন্ত্রী দিসে,4,0.884999440604678
2 After Election,2_after_election,2246,এখন সে বলবে যুদ্ধের ঘোষণা আমি দিছিলাম …,এখন সে বলবে যুদ্ধের ঘোষণা আমি দিছিলাম,4,0.6387997684337074
2 After Election,2_after_election,2247,ফজু কই,ফজু কই,4,0.7333280510066751
2 After Election,2_after_election,2248,সবাই দেকে জান,সবাই দেকে জান,0,0.7315172706250375
2 After Election,2_after_election,2249,পাদ হাগু বিষয়ক মন্ত্রনালয় দিলে ভালো হতো,পাদ হাগু বিষয়ক মন্ত্রনালয় দিলে ভালো হতো,4,0.8657387477395818
2 After Election,2_after_election,2250,ফি আমানিল্লাহ্,ফি আমানিল্লাহ্,0,0.2
2 After Election,2_after_election,2251,Asif mahmud er khobor ase,asif mahmud er khobor ase,1,0.40070790258681144
2 After Election,2_after_election,2252,ওকে নিজে নিজেই ঘোষণা দিয়ে দিল। না এই অভ্যস্ত তারা আছে।,ওকে নিজে নিজেই ঘোষণা দিয়ে দিল না এই অভ্যস্ত তারা আছে,4,0.8648206034707895
2 After Election,2_after_election,2253,"""“ফলো মানে নতুন সম্পর্কের শুরু, আর কমেন্ট মানে সেই সম্পর্ককে সুন্দরভাবে ধরে রাখা।…""",ফলো মানে নতুন সম্পর্কের শুরু আর কমেন্ট মানে সেই সম্পর্ককে সুন্দরভাবে ধরে রাখা,3,0.9101473529949088
2 After Election,2_after_election,2254,হাসুন প্রাণ খুলে,হাসুন প্রাণ খুলে,2,0.599138565917385
2 After Election,2_after_election,2255,এতে মুক্তি যোদ্ধার কী বুঝে!!,এতে মুক্তি যোদ্ধার কী বুঝে,0,0.8391456835620673
2 After Election,2_after_election,2256,Bangladesh is planning to go back 50 yrs..,bangladesh is planning to go back yrs,3,0.7956278033265844
2 After Election,2_after_election,2257,ইশরাক ভাইকে এই মুহুর্তে শিশু বিষয়ক মন্ত্রনালয়ের দায়িত্ব দিলে ভালো হত।,ইশরাক ভাইকে এই মুহুর্তে শিশু বিষয়ক মন্ত্রনালয়ের দায়িত্ব দিলে ভালো হত,4,0.9196560928767876
2 After Election,2_after_election,2258,গেরাও বিষয়ক প্রতিমন্ত্রী হলে ঠিক আছে,গেরাও বিষয়ক প্রতিমন্ত্রী হলে ঠিক আছে,4,0.4895414909105525
2 After Election,2_after_election,2259,তালা বাবা।,তালা বাবা,0,0.5981910798477188
2 After Election,2_after_election,2260,এর বয়স কতো জানি,এর বয়স কতো জানি,4,0.7988702324361499
2 After Election,2_after_election,2261,খতম টা টা বাই বাই,খতম টা টা বাই বাই,4,0.731004652194203
2 After Election,2_after_election,2262,যেখানে মুক্তি যুদ্ধের ক টাও বুঝে না,যেখানে মুক্তি যুদ্ধের ক টাও বুঝে না,4,0.3923162234106322
2 After Election,2_after_election,2263,এবার কি আরো মুক্তিযোদ্ধা বাড়বে?,এবার কি আরো মুক্তিযোদ্ধা বাড়বে,4,0.5574936085649213
2 After Election,2_after_election,2264,ঠেলাঠেলি বিষয়ক মন্ত্রী,ঠেলাঠেলি বিষয়ক মন্ত্রী,4,0.7999984631223372
2 After Election,2_after_election,2265,শিশু মুক্তিযুদ্ধা,শিশু মুক্তিযুদ্ধা,0,0.7291985577587186
2 After Election,2_after_election,2266,হে মুক্তিযুদ্ধের কিতা বুঝে,হে মুক্তিযুদ্ধের কিতা বুঝে,0,0.4391562834758786
2 After Election,2_after_election,2267,ওর বয়স কত,ওর বয়স কত,4,0.7997114235700857
2 After Election,2_after_election,2268,"""নিজের চ্যানেল বলে কথা, সব কিছু অ্যাডভান্স লেখে দেওয়া যায়,""",নিজের চ্যানেল বলে কথা সব কিছু অ্যাডভান্স লেখে দেওয়া যায়,4,0.348806447377368
2 After Election,2_after_election,2269,হাসি পায়,হাসি পায়,0,0.732171366851648
2 After Election,2_after_election,2270,এতো হাহাহা রিয়েক্ট কেন..?,এতো হাহাহা রিয়েক্ট কেন,1,0.5503177195645634
2 After Election,2_after_election,2271,Faaaahhhh,faaaahhhh,0,0.2
2 After Election,2_after_election,2272,crickete thaka ta bhalo,crickete thaka ta bhalo,4,0.598758720425663
2 After Election,2_after_election,2273,what the heeellllll,what the heeellllll,1,0.599991545588094
2 After Election,2_after_election,2274,পৌতৃক কোটা,পৌতৃক কোটা,0,0.2
2 After Election,2_after_election,2275,ডাইপার,ডাইপার,0,0.2
2 After Election,2_after_election,2276,ইশরাক জন্মের আগে কি কখনো মুক্তিযুদ্ধ দেখছে?,ইশরাক জন্মের আগে কি কখনো মুক্তিযুদ্ধ দেখছে,4,0.8363561258273802
2 After Election,2_after_election,2277,এই কি মন্ত্রনালয় চালাতে পারবে?,এই কি মন্ত্রনালয় চালাতে পারবে,1,0.7327760950553271
2 After Election,2_after_election,2278,ok,ok,3,0.5999818056391719
2 After Election,2_after_election,2279,দুই পর দেখবো মুক্তিযোদ্ধার লিস্টে হেতার নাম হেতে মুক্তিযুদ্ধ বিষয়ক পুরস্কার পাইবো,দুই পর দেখবো মুক্তিযোদ্ধার লিস্টে হেতার নাম হেতে মুক্তিযুদ্ধ বিষয়ক পুরস্কার পাইবো,4,0.9271301508334522
2 After Election,2_after_election,2280,উনি না মেথর স্যারি মেথর হবে,উনি না মেথর স্যারি মেথর হবে,3,0.7970286402334695
2 After Election,2_after_election,2281,যাইহোক এই মন্ত্রণালয়ের কেও ঘেরাও দিতো না তিনি,যাইহোক এই মন্ত্রণালয়ের কেও ঘেরাও দিতো না তিনি,4,0.7999964784759996
2 After Election,2_after_election,2282,অযোগ্য লোকজন কে এই সব কাজ দিচ্ছে কেনো,অযোগ্য লোকজন কে এই সব কাজ দিচ্ছে কেনো,4,0.8376665219263321
2 After Election,2_after_election,2283,হাদা মোখ মাফি,হাদা মোখ মাফি,0,0.2
2 After Election,2_after_election,2284,তার জন্ম ১৮০০ সালে সেজন্য সে মুক্তিযুদ্ধ বিষয়ক মন্ত্রী,তার জন্ম সালে সেজন্য সে মুক্তিযুদ্ধ বিষয়ক মন্ত্রী,4,0.8998244476472654
2 After Election,2_after_election,2285,Joker of the ministry,joker of the ministry,1,0.4000406716887745
2 After Election,2_after_election,2286,এইবার অরজিনাল মুক্তিযুদ্ধা দের খবর আছে,এইবার অরজিনাল মুক্তিযুদ্ধা দের খবর আছে,0,0.43935684964657895
2 After Election,2_after_election,2287,মুক্তিযুদ্ধের ***,মুক্তিযুদ্ধের,4,0.599997309871342
2 After Election,2_after_election,2288,হো*-/গা মারছে,হো গা মারছে,3,0.5498021062880939
2 After Election,2_after_election,2289,এইসব রাজাকারকে কী সব দায়িত্ব দেওয়া হইছে মুক্তিযুদ্ধ কী সে কী তা বোঝে,এইসব রাজাকারকে কী সব দায়িত্ব দেওয়া হইছে মুক্তিযুদ্ধ কী সে কী তা বোঝে,4,0.573122464941676
2 After Election,2_after_election,2290,কাদেরের হোগামারা সারা,কাদেরের হোগামারা সারা,3,0.7333287171459503
2 After Election,2_after_election,2291,ঠেলা ঠেলি যুদ্দা,ঠেলা ঠেলি যুদ্দা,0,0.2
2 After Election,2_after_election,2292,সার্কাস,সার্কাস,2,0.5999863684022041
2 After Election,2_after_election,2293,"""কুছ ভি,,,,""",কুছ ভি,0,0.2
2 After Election,2_after_election,2294,তখন তো ওর জন্মই হয়নি ও মুক্তি যুদ্ধের কি বুঝবে ? আর মুক্তি যুদ্ধ বিষয়ক মন্ত্রণালয়ের কি দরকার বুঝি না ?,তখন তো ওর জন্মই হয়নি ও মুক্তি যুদ্ধের কি বুঝবে আর মুক্তি যুদ্ধ বিষয়ক মন্ত্রণালয়ের কি দরকার বুঝি না,4,0.8513958935327287
2 After Election,2_after_election,2295,me,me,0,0.2
2 After Election,2_after_election,2296,এবার মুক্তি যোদ্ধার সংখ্যা বাড়বে,এবার মুক্তি যোদ্ধার সংখ্যা বাড়বে,0,0.8383026243052388
2 After Election,2_after_election,2297,কেন ওর ঘেরাও বিষয়ক মন্ত্রিত্ব কই???,কেন ওর ঘেরাও বিষয়ক মন্ত্রিত্ব কই,4,0.8399989217306337
2 After Election,2_after_election,2298,তিনশো কোটি লোডিং,তিনশো কোটি লোডিং,3,0.5990846612056006
2 After Election,2_after_election,2299,চেতনা,চেতনা,4,0.5997192806535578
2 After Election,2_after_election,2300,জনতার মেথর এখন চেতনা বেঁচে খাবে।,জনতার মেথর এখন চেতনা বেঁচে খাবে,3,0.6369422321835408
2 After Election,2_after_election,2301,এই লোক মুক্তিযুদ্ধের চেতনা ভালো বিক্রি করতে পারে তাই উনাকে মুক্তিযুদ্ধ বিষয়ক প্রতিরক্ষা মন্ত্রী করা হয়েছে।,এই লোক মুক্তিযুদ্ধের চেতনা ভালো বিক্রি করতে পারে তাই উনাকে মুক্তিযুদ্ধ বিষয়ক প্রতিরক্ষা মন্ত্রী করা হয়েছে,4,0.9328345349012662
2 After Election,2_after_election,2302,বেশি মানুষ হা হা দেয় কেন !! বুঝিনা ব্যাপারটা,বেশি মানুষ হা হা দেয় কেন বুঝিনা ব্যাপারটা,1,0.8987217236038789
2 After Election,2_after_election,2303,Best wishes,best wishes,0,0.2
2 After Election,2_after_election,2304,এখন থেকে ঘেরাও কর্মসূচি মিস করব,এখন থেকে ঘেরাও কর্মসূচি মিস করব,4,0.8389388085063315
2 After Election,2_after_election,2305,বাচ্চা পোলা মুক্তিযুদ্ধের কী বোঝে!!,বাচ্চা পোলা মুক্তিযুদ্ধের কী বোঝে,4,0.838738387526583
2 After Election,2_after_election,2306,অভিনন্দন,অভিনন্দন,0,0.5990050535202031
2 After Election,2_after_election,2307,হেতে কি মুক্তিযুদ্ধ করছিল নাকি,হেতে কি মুক্তিযুদ্ধ করছিল নাকি,4,0.798191027374035
2 After Election,2_after_election,2308,oi babi,oi babi,0,0.2
2 After Election,2_after_election,2309,কানা হায়দার,কানা হায়দার,0,0.2
2 After Election,2_after_election,2310,ঘেরাউ মন্ত্রী করলে সব থেকে ভালো হইতো,ঘেরাউ মন্ত্রী করলে সব থেকে ভালো হইতো,4,0.6321510893608208
2 After Election,2_after_election,2311,Md Sarour Hossain Mahi Md. Forhad Hossain,md sarour hossain mahi md forhad hossain,1,0.7333296049419422
2 After Election,2_after_election,2312,দুই পর দেখবে জাতি মুক্তিযোদ্ধার লিস্টে হেতার নাম,দুই পর দেখবে জাতি মুক্তিযোদ্ধার লিস্টে হেতার নাম,4,0.9107536136948373
2 After Election,2_after_election,2313,এলকোহল বিষয়ক,এলকোহল বিষয়ক,4,0.5999979609877188
2 After Election,2_after_election,2314,বাপের নাম কি করে ডুবাতে হয় তা ইশরাক থেকে শিখে নেন সবাই।,বাপের নাম কি করে ডুবাতে হয় তা ইশরাক থেকে শিখে নেন সবাই,3,0.5798941738462132
2 After Election,2_after_election,2315,Hahaha,hahaha,0,0.2
2 After Election,2_after_election,2316,"""আবার দেশে যুদ্ধ হোক,,আমাদের মুক্তিযুদ্ধা হতে হবে""",আবার দেশে যুদ্ধ হোক আমাদের মুক্তিযুদ্ধা হতে হবে,4,0.3685183278571709
2 After Election,2_after_election,2317,বিপ বিপ,বিপ বিপ,0,0.2
2 After Election,2_after_election,2318,"""এখন থেকে জামাতের নতুন নতুন রাজকারদের নাম শুনতে পাবে জাতি,,১৯৯৬ সালে যারা জন্ম হয়ছে,২০১৬ সালে যারা হয়ছে তাদের নাম ও চলে আসতে প…""",এখন থেকে জামাতের নতুন নতুন রাজকারদের নাম শুনতে পাবে জাতি সালে যারা জন্ম হয়ছে সালে যারা হয়ছে তাদের নাম ও চলে আসতে প,4,0.9520028682806541
2 After Election,2_after_election,2319,ঠেলাঠেলি মন্ত্রীত্ব পেলে খারাপ হতোনা,ঠেলাঠেলি মন্ত্রীত্ব পেলে খারাপ হতোনা,4,0.7331875730404949
2 After Election,2_after_election,2320,আওয়ামী লীগ এর আমলে মেয়র গতে পারে না এখন প্রতিমন্ত্রী,আওয়ামী লীগ এর আমলে মেয়র গতে পারে না এখন প্রতিমন্ত্রী,1,0.8834273012344842
2 After Election,2_after_election,2321,ফজলুর রহমান উনি কই,ফজলুর রহমান উনি কই,3,0.4874676869499559
2 After Election,2_after_election,2322,দেশের হো+গা মারা শেষ,দেশের হো গা মারা শেষ,3,0.8665266034650468
2 After Election,2_after_election,2323,Chota vim,chota vim,0,0.2
2 After Election,2_after_election,2324,আমার মনে হয় পাতি মন্ত্রী..,আমার মনে হয় পাতি মন্ত্রী,4,0.7250254179287948
2 After Election,2_after_election,2325,হেয় মুক্তি যোদ্ধার কি জানে?,হেয় মুক্তি যোদ্ধার কি জানে,4,0.4902745167591644
2 After Election,2_after_election,2326,Nice,nice,4,0.5999932187570477
2 After Election,2_after_election,2327,হাসালো রে,হাসালো রে,0,0.2
2 After Election,2_after_election,2328,দেশের সাংগামারা সারা,দেশের সাংগামারা সারা,3,0.7330443418868461
2 After Election,2_after_election,2329,বা বা বা বাহ্! যতো যাচ্ছে শুধু সারপ্রাইজড আর সারপ্রাইজড,বা বা বা বাহ্ যতো যাচ্ছে শুধু সারপ্রাইজড আর সারপ্রাইজড,1,0.7329817925336851
2 After Election,2_after_election,2330,বাঁদরের গলায় মুক্তার মালা,বাঁদরের গলায় মুক্তার মালা,4,0.5999784544553346
2 After Election,2_after_election,2331,রেন্ডিয়ান প্রদেশ হতে যাচ্ছে এই দেশ। দেশের আকাম শারা।,রেন্ডিয়ান প্রদেশ হতে যাচ্ছে এই দেশ দেশের আকাম শারা,3,0.5357084071068016
2 After Election,2_after_election,2332,Metro Rail baica gese..,metro rail baica gese,0,0.2
2 After Election,2_after_election,2333,হাস্যকর,হাস্যকর,0,0.5999951637798662
2 After Election,2_after_election,2334,দেখা যাচ্ছে দুই পর উত্তর সিটির মেয়র দাবি করার মতো করে নিজেরেও মুক্তিযোদ্ধা দাবি করে বসছে জনতার মেথর মহোদয়,দেখা যাচ্ছে দুই পর উত্তর সিটির মেয়র দাবি করার মতো করে নিজেরেও মুক্তিযোদ্ধা দাবি করে বসছে জনতার মেথর মহোদয়,4,0.4467466132639374
2 After Election,2_after_election,2335,লে চোদন,লে চোদন,3,0.5999936880364608
2 After Election,2_after_election,2336,"""নতুন কিছু শিখলাম,,,,, এবং দেখলাম ছাগল দিয়েও হাল চাষ করানো যায়,,,,""",নতুন কিছু শিখলাম এবং দেখলাম ছাগল দিয়েও হাল চাষ করানো যায়,3,0.5455373290595544
2 After Election,2_after_election,2337,এই মাধ্যমেই বি এন পি বুঝিয়ে দিলো যে তারা 71 এ মুক্তিযুদ্ধকে দুচে না,এই মাধ্যমেই বি এন পি বুঝিয়ে দিলো যে তারা এ মুক্তিযুদ্ধকে দুচে না,0,0.8398155267722365
2 After Election,2_after_election,2338,Redwan Ahmed,redwan ahmed,1,0.5992489793950388
2 After Election,2_after_election,2339,ও যুদ্ধ করতে করতে মন্ত্রী হয়ে গেলো,ও যুদ্ধ করতে করতে মন্ত্রী হয়ে গেলো,4,0.8845390791081459
2 After Election,2_after_election,2340,আল্লাহ তাঁকে সবই দিছে শুধু ব্রেইনটা ছাড়া।,আল্লাহ তাঁকে সবই দিছে শুধু ব্রেইনটা ছাড়া,2,0.5171617882384871
2 After Election,2_after_election,2341,ঝাড়ু আর ব্যাট পেলো না,ঝাড়ু আর ব্যাট পেলো না,1,0.5999796324131996
2 After Election,2_after_election,2342,হোগামারা সারা,হোগামারা সারা,3,0.7333287171459503
2 After Election,2_after_election,2343,400কোটির মন্ত্রী,কোটির মন্ত্রী,4,0.5999989369375508
2 After Election,2_after_election,2344,ঢাকা সিটির কি হবে?সিটির জনগণ ত তাদের নগর ডেডি কে হাড়িয়ে ফেলেছে,ঢাকা সিটির কি হবে সিটির জনগণ ত তাদের নগর ডেডি কে হাড়িয়ে ফেলেছে,0,0.8832595849786629
2 After Election,2_after_election,2345,Cdsere ছলিম,cdsere ছলিম,0,0.2
2 After Election,2_after_election,2346,ধৈর্য মধুর চেয়ে মিষ্টি এটা প্রমাণ আজকে কোকা সাহেব এর জমিদার পুত্র চেয়েছে ঢাকা সিটির মেয়র হবে। কিন্তু জমিদার পুত্র ধৈর্য ধরার ক…,ধৈর্য মধুর চেয়ে মিষ্টি এটা প্রমাণ আজকে কোকা সাহেব এর জমিদার পুত্র চেয়েছে ঢাকা সিটির মেয়র হবে কিন্তু জমিদার পুত্র ধৈর্য ধরার ক,3,0.4933290048438717
2 After Election,2_after_election,2347,মুক্তি যুদ্ধ কত সালে হয় জানে?,মুক্তি যুদ্ধ কত সালে হয় জানে,4,0.8664384590508776
2 After Election,2_after_election,2348,নগর ডেডি,নগর ডেডি,4,0.599490024199124
2 After Election,2_after_election,2349,ফজু পাগলা কই?,ফজু পাগলা কই,4,0.7995621750349764
2 After Election,2_after_election,2350,একটা বেয়াদব,একটা বেয়াদব,0,0.2
2 After Election,2_after_election,2351,প্রতিমন্ত্রী ঠেলাঠেলি মন্ত্রী,প্রতিমন্ত্রী ঠেলাঠেলি মন্ত্রী,4,0.7976896384699019
2 After Election,2_after_election,2352,ফজু চাচাকে দেওয়া দরকার ছিলো।।।,ফজু চাচাকে দেওয়া দরকার ছিলো,4,0.7957301583263543
2 After Election,2_after_election,2353,সেরা,সেরা,0,0.5994546276952045
2 After Election,2_after_election,2354,কমান্ড,কমান্ড,0,0.2
2 After Election,2_after_election,2355,যার নেতৃত্বে ধানমন্ডি ৩২ বুলডোজার দিয়ে ভাঙ্গা হয়েছে তাকে মুক্তিযুদ্ধে বিষয়ক প্রতিমন্ত্রী করা হয়েছে বিষয়টা হাস্যকর,যার নেতৃত্বে ধানমন্ডি বুলডোজার দিয়ে ভাঙ্গা হয়েছে তাকে মুক্তিযুদ্ধে বিষয়ক প্রতিমন্ত্রী করা হয়েছে বিষয়টা হাস্যকর,4,0.525720502948576
2 After Election,2_after_election,2356,বাপের কোটায়।।। উনি মেয়র হলে ভালো হতো।।। বয়স্ক কেউ দরকার।।।,বাপের কোটায় উনি মেয়র হলে ভালো হতো বয়স্ক কেউ দরকার,4,0.7659206471494302
2 After Election,2_after_election,2357,ঘেরাও মন্ত্রী,ঘেরাও মন্ত্রী,4,0.733332142906169
2 After Election,2_after_election,2358,মুক্তিযোদ্ধা ইসরাক হোসেন,মুক্তিযোদ্ধা ইসরাক হোসেন,4,0.7998809712892242
2 After Election,2_after_election,2359,ঠেলাঠেলি বিষয়ক মন্ত্রী দিলে ভালো হতো এরথেকে,ঠেলাঠেলি বিষয়ক মন্ত্রী দিলে ভালো হতো এরথেকে,4,0.8854037987657428
2 After Election,2_after_election,2360,ইশরাক বাইন্সুদ,ইশরাক বাইন্সুদ,4,0.5999968408647824
2 After Election,2_after_election,2361,মুক্তি যোদ্ধাদের অভিজ্ঞতা নাই ছেলেদের আছে,মুক্তি যোদ্ধাদের অভিজ্ঞতা নাই ছেলেদের আছে,4,0.45379828165070746
2 After Election,2_after_election,2362,এক ঠেলাতেই ফকাত,এক ঠেলাতেই ফকাত,0,0.2
2 After Election,2_after_election,2363,ঘেরাও মন্ত্রী,ঘেরাও মন্ত্রী,4,0.733332142906169
2 After Election,2_after_election,2364,বিএনপির সব পোষ্টে সবাই হা হা রিয়েক্ট দেয়। অথচ এই বিএনপিই নাকি বিপুল আসনে জয়ী। সমাধান কি,বিএনপির সব পোষ্টে সবাই হা হা রিয়েক্ট দেয় অথচ এই বিএনপিই নাকি বিপুল আসনে জয়ী সমাধান কি,3,0.937489463779464
2 After Election,2_after_election,2365,ঠেলি ধাক্কাইয়া মুক্তিযোদ্ধা হইয়া গেছে,ঠেলি ধাক্কাইয়া মুক্তিযোদ্ধা হইয়া গেছে,4,0.4002340005127258
2 After Election,2_after_election,2366,কোথায় কি মন্ত্রী,কোথায় কি মন্ত্রী,4,0.5999989369375508
2 After Election,2_after_election,2367,অপাত্রে দান,অপাত্রে দান,0,0.5999895016262827
2 After Election,2_after_election,2368,চেতনা ব্যবসা জমজমাট হবে,চেতনা ব্যবসা জমজমাট হবে,4,0.5997192806535578
2 After Election,2_after_election,2369,"""মুক্তি যোদ্ধার ছেলে মুক্তি যোদ্ধা মন্ত্রনালয়ের দায়িত্ব পেয়েছে, এতে রাজনীতি করার কিছু নেই।""",মুক্তি যোদ্ধার ছেলে মুক্তি যোদ্ধা মন্ত্রনালয়ের দায়িত্ব পেয়েছে এতে রাজনীতি করার কিছু নেই,0,0.9315246166560578
2 After Election,2_after_election,2370,সুইপার,সুইপার,0,0.2
2 After Election,2_after_election,2371,CADA,cada,0,0.2
2 After Election,2_after_election,2372,এবার ঘেরাও করতে সুবিধা হবে,এবার ঘেরাও করতে সুবিধা হবে,4,0.8370725578917712
2 After Election,2_after_election,2373,অন্তত মুক্তিযোদ্ধা পরিবারের সন্তান। দেখা যাক কতটুকু করতে পারে,অন্তত মুক্তিযোদ্ধা পরিবারের সন্তান দেখা যাক কতটুকু করতে পারে,2,0.5878152587514216
2 After Election,2_after_election,2374,ইশরাক তো মুক্তিযোদ্ধা,ইশরাক তো মুক্তিযোদ্ধা,4,0.7333318187172826
2 After Election,2_after_election,2375,সেও এখন মুক্তিযোদ্ধা,সেও এখন মুক্তিযোদ্ধা,4,0.40030998490375586
2 After Election,2_after_election,2376,গপ গপ গপ,গপ গপ গপ,0,0.2
2 After Election,2_after_election,2377,মুক্তিযুদ্ধের হোমাসা,মুক্তিযুদ্ধের হোমাসা,4,0.599997309871342
2 After Election,2_after_election,2378,চলিতেছে সার্কাস,চলিতেছে সার্কাস,2,0.7333254355469523
2 After Election,2_after_election,2379,মুক্তি যুদ্ধের সময় যার জন্মই হয়নি সে নাকি মুক্তি যুদ্ধা বিষয়ক মন্ত্রী,মুক্তি যুদ্ধের সময় যার জন্মই হয়নি সে নাকি মুক্তি যুদ্ধা বিষয়ক মন্ত্রী,4,0.7297220803920481
2 After Election,2_after_election,2380,মুক্তি যুদ্ধ সম্পর্ক ও কি জানে ওকে যে ঐ পদ দিলো,মুক্তি যুদ্ধ সম্পর্ক ও কি জানে ওকে যে ঐ পদ দিলো,4,0.39653555392280493
2 After Election,2_after_election,2381,শিশু মুক্তিযোদ্ধা মন্ত্রী,শিশু মুক্তিযোদ্ধা মন্ত্রী,4,0.7998391317956323
2 After Election,2_after_election,2382,হায়রে অন্দের দেশ,হায়রে অন্দের দেশ,2,0.7311455912849748
2 After Election,2_after_election,2383,ওর বয়স কত,ওর বয়স কত,4,0.7997114235700857
2 After Election,2_after_election,2384,ঘেরাও হবে,ঘেরাও হবে,4,0.5999969659578732
2 After Election,2_after_election,2385,এডা বেশি হয়া গেলো,এডা বেশি হয়া গেলো,1,0.7323789352592704
2 After Election,2_after_election,2386,কোটা না মেধা?,কোটা না মেধা,0,0.2
2 After Election,2_after_election,2387,thela theli bisoyok protimontri,thela theli bisoyok protimontri,0,0.2
2 After Election,2_after_election,2388,Unare valo lagto liger amole..kintu uni akhon kotha batra bolen liger motoi,unare valo lagto liger amole kintu uni akhon kotha batra bolen liger motoi,1,0.5507839551010594
2 After Election,2_after_election,2389,ফজলুর রহমানকে দেওয়া উচিত ছিল,ফজলুর রহমানকে দেওয়া উচিত ছিল,2,0.7986396014152183
2 After Election,2_after_election,2390,জন্ম সালটা??,জন্ম সালটা,4,0.5996205659274255
2 After Election,2_after_election,2391,জন্ম ২০০০ সালে পড়ছে বঙ্গবন্ধুর ইতিহাস এ মুক্তিযুদ্ধ মন্ত্রণালয় এ কি করবে,জন্ম সালে পড়ছে বঙ্গবন্ধুর ইতিহাস এ মুক্তিযুদ্ধ মন্ত্রণালয় এ কি করবে,4,0.866626858872134
2 After Election,2_after_election,2392,"""সে মুক্তিযোদ্ধা বিষয় সম্পর্কে কি বুজবে,তার কি সে বিষয়ে নলেজ আছে,,তার কি জন্ম মুক্তিযুদ্ধের সময়,,,, পাগল ছুদা কথা, শুক্কুরে শু…""",সে মুক্তিযোদ্ধা বিষয় সম্পর্কে কি বুজবে তার কি সে বিষয়ে নলেজ আছে তার কি জন্ম মুক্তিযুদ্ধের সময় পাগল ছুদা কথা শুক্কুরে শু,4,0.9330890698098045
2 After Election,2_after_election,2393,Right,right,0,0.5999948752393942
2 After Election,2_after_election,2394,প্রতিমন্ত্রী প্রতিবন্ধী,প্রতিমন্ত্রী প্রতিবন্ধী,1,0.7330742993820646
2 After Election,2_after_election,2395,এই মাল কিন্তু নিজে নিজেই শপত পরে মেয়রের চেয়ারে বসে।,এই মাল কিন্তু নিজে নিজেই শপত পরে মেয়রের চেয়ারে বসে,0,0.8646015804325385
2 After Election,2_after_election,2396,মাতাল ইশরাক,মাতাল ইশরাক,4,0.5999968408647824
2 After Election,2_after_election,2397,দেশের পু****কি মারা শেষ,দেশের পু কি মারা শেষ,3,0.7998643914839928
2 After Election,2_after_election,2398,আচ্ছা ওনার জন্ম কত সালে? ওনি মুক্তিযোদ্ধ বিষয়ে কতটুকু জানেন? কসমেটিক দোকানদার রে ডাক্তারের চেয়ারে বসাইয়া দিলো।,আচ্ছা ওনার জন্ম কত সালে ওনি মুক্তিযোদ্ধ বিষয়ে কতটুকু জানেন কসমেটিক দোকানদার রে ডাক্তারের চেয়ারে বসাইয়া দিলো,4,0.4854680608632683
2 After Election,2_after_election,2399,joker,joker,0,0.2
2 After Election,2_after_election,2400,"""আপনি জেনে খুশি হবেন যে—(!!!) (!)আওয়ামী লীগকে আইনিভাবে নিষিদ্ধ হতে না দেওয়া আসাদুজ্জামান পেল আইন, বিচার ও সংসদ বিষয়ক মন্ত্রণাল…""",আপনি জেনে খুশি হবেন যে আওয়ামী লীগকে আইনিভাবে নিষিদ্ধ হতে না দেওয়া আসাদুজ্জামান পেল আইন বিচার ও সংসদ বিষয়ক মন্ত্রণাল,0,0.4688350352695277
2 After Election,2_after_election,2401,চার চোখ নিয়েও প্রতিমন্ত্রী কে দুই দুইবার!!প্রতিবন্ধী পড়লাম,চার চোখ নিয়েও প্রতিমন্ত্রী কে দুই দুইবার প্রতিবন্ধী পড়লাম,1,0.6969924195396513
2 After Election,2_after_election,2402,বলদ কীভাবে প্রতিমন্ত্রী হয়,বলদ কীভাবে প্রতিমন্ত্রী হয়,1,0.5990354206362125
2 After Election,2_after_election,2403,"""মেয়র পদের জন্য তখন ঠিকই আ* ত্ন - হ* ত্যা করলে আজকে আর """" শিশু মুক্তিযোদ্ধা """" হওয়া লাগতো না ইশরাক ভাই ।""",মেয়র পদের জন্য তখন ঠিকই আ ত্ন হ ত্যা করলে আজকে আর শিশু মুক্তিযোদ্ধা হওয়া লাগতো না ইশরাক ভাই,0,0.43172327958853646
2 After Election,2_after_election,2404,মুক্তিযুদ্ধ বিষয়ক ঠেলাঠেলি মন্ত্রী,মুক্তিযুদ্ধ বিষয়ক ঠেলাঠেলি মন্ত্রী,4,0.8399989238350484
2 After Election,2_after_election,2405,"""রাম পাঠার বাইচ্চা,,,,,,""",রাম পাঠার বাইচ্চা,4,0.5999836089408144
2 After Election,2_after_election,2406,এই একটা নাদান পোলা। কোন কি মুক্তিযুদ্ধ দেখছে। মুক্তিযুদ্ধের বই ও ইতিহাস ও ভালো করে জানেনা সম্ভবত। আর তাকে দিছে মুক্তিযুদ্ধ …,এই একটা নাদান পোলা কোন কি মুক্তিযুদ্ধ দেখছে মুক্তিযুদ্ধের বই ও ইতিহাস ও ভালো করে জানেনা সম্ভবত আর তাকে দিছে মুক্তিযুদ্ধ,4,0.9371166033816546
2 After Election,2_after_election,2407,প্রতিমন্ত্রী লেখলো না প্রতিবন্ধী লেখলো?,প্রতিমন্ত্রী লেখলো না প্রতিবন্ধী লেখলো,1,0.7330742993820646
2 After Election,2_after_election,2408,সে নিজে মুক্তিযুদ্ধের সঠিক ইতিহাস জানে না,সে নিজে মুক্তিযুদ্ধের সঠিক ইতিহাস জানে না,4,0.8856201485557327
2 After Election,2_after_election,2409,Kihhh,kihhh,0,0.2
2 After Election,2_after_election,2410,জামাত এর আমিরকে দেওয়ার দরকার ছিলো,জামাত এর আমিরকে দেওয়ার দরকার ছিলো,0,0.44922062784623545
2 After Election,2_after_election,2411,দেশের হোগা মারা সারা,দেশের হোগা মারা সারা,3,0.8399204824884042
2 After Election,2_after_election,2412,"""প্রতিবন্ধী মন্ত্রী,""",প্রতিবন্ধী মন্ত্রী,4,0.400029576870096
2 After Election,2_after_election,2413,প্রতি মন্ত্রী পড়তে গিয়ে প্রতিবন্ধী পড়ে ফেলেছিলাম,প্রতি মন্ত্রী পড়তে গিয়ে প্রতিবন্ধী পড়ে ফেলেছিলাম,4,0.5450780891262734
2 After Election,2_after_election,2414,দেশের হো* মারা সারা,দেশের হো মারা সারা,3,0.8398773178921197
2 After Election,2_after_election,2415,Boka cda,boka cda,0,0.2
2 After Election,2_after_election,2416,MARA NEWS …,mara news,0,0.5987368789913816
2 After Election,2_after_election,2417,Joker,joker,0,0.2
2 After Election,2_after_election,2418,ভোটে চোরদের কেমনে মন্ত্রী মানি,ভোটে চোরদের কেমনে মন্ত্রী মানি,4,0.63947696812705
2 After Election,2_after_election,2419,উচিত ছিলো মাদকদ্রব্য আমদানি প্রতিমন্ত্রী করা তারেক সরকার কাজটা কি করলো?,উচিত ছিলো মাদকদ্রব্য আমদানি প্রতিমন্ত্রী করা তারেক সরকার কাজটা কি করলো,4,0.5439528539227845
2 After Election,2_after_election,2420,Faltu,faltu,0,0.2
2 After Election,2_after_election,2421,প্রতিবন্ধী,প্রতিবন্ধী,1,0.5999974409985391
2 After Election,2_after_election,2422,কুনুইমন্ত্রী,কুনুইমন্ত্রী,0,0.2
2 After Election,2_after_election,2423,শালায় প্রতিমন্ত্রী না প্রতিবন্ধী,শালায় প্রতিমন্ত্রী না প্রতিবন্ধী,1,0.5512255935472418
2 After Election,2_after_election,2424,দেশের হুগা মারা সারা,দেশের হুগা মারা সারা,3,0.7998642328880295
2 After Election,2_after_election,2425,ওকি মুক্তিযুদ্ধ করছে যে ওরে মুক্তিযোদ্ধা মন্ত্রণালয়ের দায়িত্ব দিছস,ওকি মুক্তিযুদ্ধ করছে যে ওরে মুক্তিযোদ্ধা মন্ত্রণালয়ের দায়িত্ব দিছস,4,0.6999152573500179
2 After Election,2_after_election,2426,ম*খোর রে দিসে মুক্তিযুদ্ধের মন্ত্রিত্ব,ম খোর রে দিসে মুক্তিযুদ্ধের মন্ত্রিত্ব,4,0.5492787301030501
2 After Election,2_after_election,2427,"""সামান্য মেয়র হতে পারে নাই সেই নাকি হচ্ছে মন্ত্রী,,,বলার কিছু নেই""",সামান্য মেয়র হতে পারে নাই সেই নাকি হচ্ছে মন্ত্রী বলার কিছু নেই,4,0.8966738355975928
2 After Election,2_after_election,2428,"""Sorry ইশরাক, প্রতিবন্ধী পড়ে ফেলছিলাম প্রথমে।""",sorry ইশরাক প্রতিবন্ধী পড়ে ফেলছিলাম প্রথমে,4,0.42705227695488385
2 After Election,2_after_election,2429,মুক্তিযুদ্বে হোগা মারা সারা,মুক্তিযুদ্বে হোগা মারা সারা,3,0.7999986207078815
2 After Election,2_after_election,2430,এত হাস্যকর এই লোক,এত হাস্যকর এই লোক,0,0.5477174990926733
2 After Election,2_after_election,2431,মুক্তিযুদ্ধের ইতিহাসে ফেইল করা স্টুডেন্ট যখন মুক্তিযুদ্ধা বিষয়ক মন্ত্রী হয়,মুক্তিযুদ্ধের ইতিহাসে ফেইল করা স্টুডেন্ট যখন মুক্তিযুদ্ধা বিষয়ক মন্ত্রী হয়,4,0.5358820505617575
2 After Election,2_after_election,2432,এরে ঠেলাঠেলি যুদ্ধা হিসেবে ঘোষণা করা হোক,এরে ঠেলাঠেলি যুদ্ধা হিসেবে ঘোষণা করা হোক,4,0.4908847914263875
2 After Election,2_after_election,2433,কয় পর দেখা যাবে সংসদে তালা মেরে দিছে আমাদের নগর ডাকাত,কয় পর দেখা যাবে সংসদে তালা মেরে দিছে আমাদের নগর ডাকাত,1,0.5122577707644229
2 After Election,2_after_election,2434,একটা ঘেরাও বিষয়ক মন্ত্রণালায় খোলা উচিৎ ছিলো। বিম্পি র যে কোন কাজের বিরোধিতা কারিদের কার্যালয় ঘেরাও করার জন্য। আর তার মন্ত্রী …,একটা ঘেরাও বিষয়ক মন্ত্রণালায় খোলা উচিৎ ছিলো বিম্পি র যে কোন কাজের বিরোধিতা কারিদের কার্যালয় ঘেরাও করার জন্য আর তার মন্ত্রী,4,0.7597216188301851
2 After Election,2_after_election,2435,প্রতিবন্ধী,প্রতিবন্ধী,1,0.5999974409985391
2 After Election,2_after_election,2436,ঠেলাঠেলি মন্ত্রী,ঠেলাঠেলি মন্ত্রী,4,0.7333306929107757
2 After Election,2_after_election,2437,ও ৭১ সালে শিশু মুক্তিযোদ্ধা ছিল আমি কিন্তু নিজে দেখেছি ওকে যুদ্ধ করতে,ও সালে শিশু মুক্তিযোদ্ধা ছিল আমি কিন্তু নিজে দেখেছি ওকে যুদ্ধ করতে,4,0.9106910652092317
2 After Election,2_after_election,2438,হতভাগা জাতি আমরা,হতভাগা জাতি আমরা,3,0.5980102837759594
2 After Election,2_after_election,2439,R lok paylo na.ajob.isjraq er moton chele re proti montri banayche.ajaira,r lok paylo na ajob isjraq er moton chele re proti montri banayche ajaira,1,0.8399983249899319
2 After Election,2_after_election,2440,"""ফজু পাগলারে দিলেও মানা যেত,এর তো মুক্তিযুদ্ধের সময় জন্মও হয়নি এবার সব উল্টাপাল্টা হচ্ছে কেন""",ফজু পাগলারে দিলেও মানা যেত এর তো মুক্তিযুদ্ধের সময় জন্মও হয়নি এবার সব উল্টাপাল্টা হচ্ছে কেন,4,0.8663293381427569
2 After Election,2_after_election,2441,এই মাল ডা,এই মাল ডা,0,0.5970434387079108
2 After Election,2_after_election,2442,হেতে তো খারা বলদ হেতে মুক্তি যুদ্ধের বুজে কি ওরে বানানো উচি ঠেলাঠেলি প্রতিমনএি,হেতে তো খারা বলদ হেতে মুক্তি যুদ্ধের বুজে কি ওরে বানানো উচি ঠেলাঠেলি প্রতিমনএি,4,0.6268146114840476
2 After Election,2_after_election,2443,যতসব চোর বাটপাররাই মনত্রি,যতসব চোর বাটপাররাই মনত্রি,4,0.5993720558467213
2 After Election,2_after_election,2444,যে সকল মায়েদের সন্তান গর্বে তাদের কেউ রাজাকার বলতে পারে,যে সকল মায়েদের সন্তান গর্বে তাদের কেউ রাজাকার বলতে পারে,3,0.5141654100763839
2 After Election,2_after_election,2445,ডেন্ডি খোর,ডেন্ডি খোর,1,0.5999849552127654
2 After Election,2_after_election,2446,দেশের মারা শেষ,দেশের মারা শেষ,3,0.7998643914839928
2 After Election,2_after_election,2447,Okay,okay,0,0.2
2 After Election,2_after_election,2448,Pathetic,pathetic,0,0.2
2 After Election,2_after_election,2449,কনুই দিয়েই রাজাকারদের বিচার করবেন। নিউক্লিয়ার পাওয়ার্ড এলবো (কনুই),কনুই দিয়েই রাজাকারদের বিচার করবেন নিউক্লিয়ার পাওয়ার্ড এলবো কনুই,2,0.7311535589790649
2 After Election,2_after_election,2450,এই কুত্তার বাচ্চা পুটপুটে সুন্দর....,এই কুত্তার বাচ্চা পুটপুটে সুন্দর,2,0.5490242758992061
2 After Election,2_after_election,2451,খোঁজ নিয়ে দেখেন ওর দাদা মুক্তিযুদ্ধের সময় রাজাকার ছিলো,খোঁজ নিয়ে দেখেন ওর দাদা মুক্তিযুদ্ধের সময় রাজাকার ছিলো,4,0.8990529409306774
2 After Election,2_after_election,2452,এই পাঁচ বছরে দেশের হ*** মারা শেষ,এই পাঁচ বছরে দেশের হ মারা শেষ,3,0.5363638741158737
2 After Election,2_after_election,2453,Desh ta chuide saira dibe,desh ta chuide saira dibe,4,0.598758720425663
2 After Election,2_after_election,2454,চোর,চোর,4,0.5993720558467213
2 After Election,2_after_election,2455,টাকলা মুরাদের কথা মনে পড়ে গেল।,টাকলা মুরাদের কথা মনে পড়ে গেল,4,0.7956204667901754
2 After Election,2_after_election,2456,ইশরাক হোসেন এর নিছে লেখা প্রতিমন্ত্রী …,ইশরাক হোসেন এর নিছে লেখা প্রতিমন্ত্রী,4,0.6246964247675029
2 After Election,2_after_election,2457,দেশের হোগা মারা সারা,দেশের হোগা মারা সারা,3,0.8399204824884042
2 After Election,2_after_election,2458,এটা দেখার পর নিজেকে বাঙ্গালী পরিচয় দিতে লজ্জা লাগতেছে ।,এটা দেখার পর নিজেকে বাঙ্গালী পরিচয় দিতে লজ্জা লাগতেছে,3,0.896503658829367
2 After Election,2_after_election,2459,------- যোগ্যতা বিষয় না নিজ দলের ভিতরেই সব মন্ত্রী রাখতে হবে,যোগ্যতা বিষয় না নিজ দলের ভিতরেই সব মন্ত্রী রাখতে হবে,2,0.494818520059877
2 After Election,2_after_election,2460,এরে মন্ত্রী না বানাইলে তারেক রহমান সাহেবের বাসা ঘেড়াও করতো আবার দিছে মুক্তিযুদ্ধ বিষয়ক মন্ত্রী যুদ্ধের সময় কি দুনিয়াত ছিলো ?,এরে মন্ত্রী না বানাইলে তারেক রহমান সাহেবের বাসা ঘেড়াও করতো আবার দিছে মুক্তিযুদ্ধ বিষয়ক মন্ত্রী যুদ্ধের সময় কি দুনিয়াত ছিলো,4,0.6756672413509496
2 After Election,2_after_election,2461,পতিবন্ধি মন্ত্রী হলে ভালো হয়,পতিবন্ধি মন্ত্রী হলে ভালো হয়,4,0.7981682562115684
2 After Election,2_after_election,2462,চুদলিং পং,চুদলিং পং,0,0.7329701106792621
2 After Election,2_after_election,2463,আমেরিকা ঘেরাও করা হবে।,আমেরিকা ঘেরাও করা হবে,4,0.5999969659578732
2 After Election,2_after_election,2464,এক ধাক্কায় এতদুর,এক ধাক্কায় এতদুর,0,0.2
2 After Election,2_after_election,2465,ওই কি বাল জানে মুক্তিযুদ্দ সম্পর্কে আগে ওর ইন্টারভিউ নিয়ে তারপর ওরে এই পোস্ট দেয়া দরকার ছিলো কলেজ ঠিক মতো শেষ করসে নাকি,ওই কি বাল জানে মুক্তিযুদ্দ সম্পর্কে আগে ওর ইন্টারভিউ নিয়ে তারপর ওরে এই পোস্ট দেয়া দরকার ছিলো কলেজ ঠিক মতো শেষ করসে নাকি,3,0.5345660470496999
2 After Election,2_after_election,2466,মুক্তিযুদ্ধ মন্ত্রণালয়ের কাজটা কি? ৫৩ বছরের মুক্তিযুদ্ধের কোন সঠিক ইতিহাস জাতিকে জানানো হয় নাই।সুতরাং এসব ফালতু মন্ত্রণালয়ে…,মুক্তিযুদ্ধ মন্ত্রণালয়ের কাজটা কি বছরের মুক্তিযুদ্ধের কোন সঠিক ইতিহাস জাতিকে জানানো হয় নাই সুতরাং এসব ফালতু মন্ত্রণালয়ে,4,0.6893325556210821
2 After Election,2_after_election,2467,দেশের মানুষ এর রুচির উপ্রে কুত্তা মুইতা দিলো বুঝি,দেশের মানুষ এর রুচির উপ্রে কুত্তা মুইতা দিলো বুঝি,1,0.5941152605648468
2 After Election,2_after_election,2468,হোগা মারা সারা,হোগা মারা সারা,3,0.7999986207078815
2 After Election,2_after_election,2469,দেশের আরো গুয়া মারা শারা এবার তো সবায় রাজাকার এ আর এর নেতা বাদে,দেশের আরো গুয়া মারা শারা এবার তো সবায় রাজাকার এ আর এর নেতা বাদে,0,0.4560008774289201
2 After Election,2_after_election,2470,প্রতিবন্ধী,প্রতিবন্ধী,1,0.5999974409985391
2 After Election,2_after_election,2471,সবচাইতে ফালতু টা কে বিম্পি তাদের অপ্রয়োজনীয় মন্ত্রণালয় দিয়েছে আর কি,সবচাইতে ফালতু টা কে বিম্পি তাদের অপ্রয়োজনীয় মন্ত্রণালয় দিয়েছে আর কি,4,0.5810314743439794
2 After Election,2_after_election,2472,এই মন্ত্রণয়ের কাজ কি? কোন আচুদা এই মন্ত্রণয় বানাইছে??,এই মন্ত্রণয়ের কাজ কি কোন আচুদা এই মন্ত্রণয় বানাইছে,1,0.7289044965660207
2 After Election,2_after_election,2473,দেশের হোগামারা সারা,দেশের হোগামারা সারা,3,0.7998625373795385
2 After Election,2_after_election,2474,খাৎ*12কির পোলা একটা এইটা নয়ন,খাৎ কির পোলা একটা এইটা নয়ন,4,0.5996300289492889
2 After Election,2_after_election,2475,Brainless,brainless,0,0.2
2 After Election,2_after_election,2476,"""পাতিনেতা ও মন্ত্রী,, হায়রে দেশ""",পাতিনেতা ও মন্ত্রী হায়রে দেশ,2,0.5482688548700115
2 After Election,2_after_election,2477,তারেক রহমান মানুষকে হাসাই তাছে,তারেক রহমান মানুষকে হাসাই তাছে,3,0.7994262745748064
2 After Election,2_after_election,2478,এই নরপিশাচ দের কে আওয়ামীলীগ ভালো ঠিক করে রাখতে পারছে। ১৭ বছর রাস্তায় থাকতে পারে নাই । ঘরে থাকতে পারে নাই । ধান ক্ষেত গম ক্ষে…,এই নরপিশাচ দের কে আওয়ামীলীগ ভালো ঠিক করে রাখতে পারছে বছর রাস্তায় থাকতে পারে নাই ঘরে থাকতে পারে নাই ধান ক্ষেত গম ক্ষে,2,0.3666722270751162
2 After Election,2_after_election,2479,প্রতিবন্ধী,প্রতিবন্ধী,1,0.5999974409985391
2 After Election,2_after_election,2480,এদেরকে জনগণ ভোট দেয়নি। তারা টাকার খেলায় এম.পি হয়েগেছে।,এদেরকে জনগণ ভোট দেয়নি তারা টাকার খেলায় এম পি হয়েগেছে,0,0.8650053658050856
2 After Election,2_after_election,2481,জমিদার পুত্র ইশহাক ত ফদানমন্ত্রী হয়ে গেছে।,জমিদার পুত্র ইশহাক ত ফদানমন্ত্রী হয়ে গেছে,2,0.46832618947528576
2 After Election,2_after_election,2482,আবার একটা হাস্যকর মন্ত্রী সভা,আবার একটা হাস্যকর মন্ত্রী সভা,4,0.45921217560001754
2 After Election,2_after_election,2483,পাকিস্তান ঘেরাও কর্মসূচি দেন ওস্তাদ,পাকিস্তান ঘেরাও কর্মসূচি দেন ওস্তাদ,4,0.44090766375283985
2 After Election,2_after_election,2484,ভাবলাম (প্রতিবন্ধী),ভাবলাম প্রতিবন্ধী,1,0.5999974409985391
2 After Election,2_after_election,2485,প্রতিমন্ত্রী প্রতিবন্ধী,প্রতিমন্ত্রী প্রতিবন্ধী,1,0.7330742993820646
2 After Election,2_after_election,2486,দেশের পু**ন মারতে সেই একাই যতেস্ট আর কারো লাগবে না,দেশের পু ন মারতে সেই একাই যতেস্ট আর কারো লাগবে না,2,0.4947014790640846
2 After Election,2_after_election,2487,এ সিফাত উল্লাহ দাদার শিষ্য মদ খেয়ে চেতনা উড়িয়ে দিবে,এ সিফাত উল্লাহ দাদার শিষ্য মদ খেয়ে চেতনা উড়িয়ে দিবে,4,0.8653813148699601
2 After Election,2_after_election,2488,দেখেন আসিফ মাহমুদ রে কোন ভাবে ডুকান যায় কি না রাজাকার লিস্টে,দেখেন আসিফ মাহমুদ রে কোন ভাবে ডুকান যায় কি না রাজাকার লিস্টে,0,0.6136909571306272
2 After Election,2_after_election,2489,প্রতিমন্ত্রী। প্রতিবন্ধী।,প্রতিমন্ত্রী প্রতিবন্ধী,1,0.7330742993820646
2 After Election,2_after_election,2490,"""কুঁচি কুঁচি বাচ্চা'রা মুক্তিযুদ্ধার কি বুঝবে""""""",কুঁচি কুঁচি বাচ্চা রা মুক্তিযুদ্ধার কি বুঝবে,2,0.7959402599127107
2 After Election,2_after_election,2491,মুক্তিযুদ্ধের চোদনাবাজরা কোথায় এখন??,মুক্তিযুদ্ধের চোদনাবাজরা কোথায় এখন,4,0.599997309871342
2 After Election,2_after_election,2492,দেশটারে হোন* মারি দিলো,দেশটারে হোন মারি দিলো,4,0.39936781729644855
2 After Election,2_after_election,2493,"""গণঅধিকার পরিষদের নেতা নূর ডাকসুর ভিপি হবার পর শেখ হাসিনার সাথে দেখা করে তাকে মা বলে ডেকেছেন, আজকে তো উনি প্রতিমন্ত্রী হয়েছেন, …""",গণঅধিকার পরিষদের নেতা নূর ডাকসুর ভিপি হবার পর শেখ হাসিনার সাথে দেখা করে তাকে মা বলে ডেকেছেন আজকে তো উনি প্রতিমন্ত্রী হয়েছেন,3,0.38900274880546276
2 After Election,2_after_election,2494,দেশের হোগা মারা সারা!,দেশের হোগা মারা সারা,3,0.8399204824884042
2 After Election,2_after_election,2495,রংপুর পারল আমরা কেন পারলাম না মূখ্য ভন্ড মুসলিম নামধারী মুনাফেক মাজার পূজারীর জন্য বাংলাদেশ বদলাতে পারলাম না,রংপুর পারল আমরা কেন পারলাম না মূখ্য ভন্ড মুসলিম নামধারী মুনাফেক মাজার পূজারীর জন্য বাংলাদেশ বদলাতে পারলাম না,3,0.6393867464612464
2 After Election,2_after_election,2496,চুদলিং পং দেশের... …,চুদলিং পং দেশের,0,0.5495980768011115
2 After Election,2_after_election,2497,"""হালায় মাল খোর, সারা রাত জাগে আর ে ঘুমায়""",হালায় মাল খোর সারা রাত জাগে আর ে ঘুমায়,1,0.7416390101374576
2 After Election,2_after_election,2498,মাথামোডা গুলো যখন বাবার কোটায় প্রতিমন্ত্রী। স…,মাথামোডা গুলো যখন বাবার কোটায় প্রতিমন্ত্রী স,1,0.7992976982988519
2 After Election,2_after_election,2499,ওনাকে দখল যোদ্দা দিলে ভালো হয়,ওনাকে দখল যোদ্দা দিলে ভালো হয়,1,0.5200777194187407
2 After Election,2_after_election,2500,"""আল্লাহর ওয়াস্তে একে মন্ত্রনালয় থেকে বাদ । বিশ্বাস করেন, এর ঘটে কিচ্ছু নেই..!""",আল্লাহর ওয়াস্তে একে মন্ত্রনালয় থেকে বাদ বিশ্বাস করেন এর ঘটে কিচ্ছু নেই,2,0.483424554871352
2 After Election,2_after_election,2501,"""এ তো মেয়র হতে পারে নাই, চুরি করে এমপি, এখন আবার মুক্তিযুদ্ধ বিষয়ক মন্ত্রী, বিষয়টা চুদলিং পং হয়ে গেলো""",এ তো মেয়র হতে পারে নাই চুরি করে এমপি এখন আবার মুক্তিযুদ্ধ বিষয়ক মন্ত্রী বিষয়টা চুদলিং পং হয়ে গেলো,4,0.9488506843267982
2 After Election,2_after_election,2502,চাঁদাবাজির মন্ত্রী বানানো হোক,চাঁদাবাজির মন্ত্রী বানানো হোক,4,0.7984529773602544
2 After Election,2_after_election,2503,পুরান ঢাকার ডাকাত,পুরান ঢাকার ডাকাত,0,0.2
2 After Election,2_after_election,2504,"""মুক্তিযোদ্দের, ম তো বুজে না এই লোক""",মুক্তিযোদ্দের ম তো বুজে না এই লোক,3,0.42761902848876415
2 After Election,2_after_election,2505,একে তো মন্ত্রী হিসেবে ভালো লাগে না আর দিয়েছে মুক্তিযুদ্ধ বিষয়ক চু...দেছে রে,একে তো মন্ত্রী হিসেবে ভালো লাগে না আর দিয়েছে মুক্তিযুদ্ধ বিষয়ক চু দেছে রে,4,0.7680026642492448
2 After Election,2_after_election,2506,এইবার সব মুক্তিযোদ্ধা তার পরিবার থেকে বের হবে,এইবার সব মুক্তিযোদ্ধা তার পরিবার থেকে বের হবে,4,0.7988294885829449
2 After Election,2_after_election,2507,মুক্তিযুদ্ধের পুরো গোয়াটাই মাইর দিলো।,মুক্তিযুদ্ধের পুরো গোয়াটাই মাইর দিলো,4,0.5484705967232573
2 After Election,2_after_election,2508,Shamiul Hassan Nihan Hasibul Alam এতে ও বুঝি মন্ত্রী ব্যপারটা হজম হইলো না,shamiul hassan nihan hasibul alam এতে ও বুঝি মন্ত্রী ব্যপারটা হজম হইলো না,1,0.6340761786723252
2 After Election,2_after_election,2509,হু** গা মারা সারা,হু গা মারা সারা,3,0.7998457201966847
2 After Election,2_after_election,2510,প্রতিমন্ত্রী না প্রতিবন্ধী,প্রতিমন্ত্রী না প্রতিবন্ধী,1,0.7330742993820646
2 After Election,2_after_election,2511,৭১ সালে ঘেরাও ইশরাকের জন্মই হয় নাই সো কিভাবে ও মুক্তিযুদ্ধ বিষয়ক মন্ত্রী হয়!,সালে ঘেরাও ইশরাকের জন্মই হয় নাই সো কিভাবে ও মুক্তিযুদ্ধ বিষয়ক মন্ত্রী হয়,4,0.8987991671807977
2 After Election,2_after_election,2512,এই মুক্তি জুদদো বলতে কি বোঝে,এই মুক্তি জুদদো বলতে কি বোঝে,3,0.5054524889553352
2 After Election,2_after_election,2513,প্রতিবন্ধী মন্ত্রী,প্রতিবন্ধী মন্ত্রী,4,0.400029576870096
2 After Election,2_after_election,2514,হয়ছে মুক্তিযোদ্ধের হো … মারা শেষ,হয়ছে মুক্তিযোদ্ধের হো মারা শেষ,3,0.6406897851162882
2 After Election,2_after_election,2515,"""বাংলাদেশের প্রত্যেকটা বিএনপি শিশু কর্মীকে মুক্তিযোদ্ধার সার্টিফিকেট দিয়ে দিবে কথাটা মিলিয়ে নিয়েন,""",বাংলাদেশের প্রত্যেকটা বিএনপি শিশু কর্মীকে মুক্তিযোদ্ধার সার্টিফিকেট দিয়ে দিবে কথাটা মিলিয়ে নিয়েন,4,0.774306602725673
2 After Election,2_after_election,2516,সে তো একটা পাগল,সে তো একটা পাগল,0,0.7297804536890092
2 After Election,2_after_election,2517,Mohammad Sohag o to gherao montronaloyer daitto pawar kotha..o to se kaje dokkho,mohammad sohag o to gherao montronaloyer daitto pawar kotha o to se kaje dokkho,3,0.4401669319118166
2 After Election,2_after_election,2518,এইসব আবালও এমপি মন্ত্রী হয়,এইসব আবালও এমপি মন্ত্রী হয়,4,0.5485896226426319
2 After Election,2_after_election,2519,"""ভাইয়ার বউ যে কুখ্যাত রাজাকারের মেয়ে, সেটা জানেন আপনারা?""",ভাইয়ার বউ যে কুখ্যাত রাজাকারের মেয়ে সেটা জানেন আপনারা,0,0.628447567742677
2 After Election,2_after_election,2520,প্রতিবন্ধি,প্রতিবন্ধি,0,0.2
2 After Election,2_after_election,2521,চোদনা,চোদনা,0,0.2
2 After Election,2_after_election,2522,এই পাগল,এই পাগল,0,0.5988933598378995
2 After Election,2_after_election,2523,ও নিজেই তো হলো একটা সন্ত্রাস,ও নিজেই তো হলো একটা সন্ত্রাস,0,0.5490847450595706
2 After Election,2_after_election,2524,"""ওই সারাজীবন বিদেশে থেকে ফস্টিনস্টি করে বেড়াইছে, তাও বাচ্চা একটা ছেলে, ও মুক্তিযুদ্ধের কি বুঝবে?""",ওই সারাজীবন বিদেশে থেকে ফস্টিনস্টি করে বেড়াইছে তাও বাচ্চা একটা ছেলে ও মুক্তিযুদ্ধের কি বুঝবে,4,0.3741679907237247
2 After Election,2_after_election,2525,প্রতিমন্ত্রী প্রতিবন্ধী ( ),প্রতিমন্ত্রী প্রতিবন্ধী,1,0.7330742993820646
2 After Election,2_after_election,2526,অভদ্র একটা,অভদ্র একটা,0,0.2
2 After Election,2_after_election,2527,ঘেরাও বিষয়ক মন্ত্রী,ঘেরাও বিষয়ক মন্ত্রী,4,0.799999147582671
2 After Election,2_after_election,2528,"""বসে, ইচ্ছেমতো লুটপাট করে বাংলাদেশকে দুর্নীতিতে চ্যাম্পিয়ন করিস। কেমন!""",বসে ইচ্ছেমতো লুটপাট করে বাংলাদেশকে দুর্নীতিতে চ্যাম্পিয়ন করিস কেমন,2,0.7317597186735649
2 After Election,2_after_election,2529,ভুয়া প্রতিমন্ত্রী,ভুয়া প্রতিমন্ত্রী,1,0.7330739175476392
2 After Election,2_after_election,2530,Mehran Ahmed এই ধইঞ্চা রে না দিলেও পারতো,mehran ahmed এই ধইঞ্চা রে না দিলেও পারতো,1,0.7331211097327158
2 After Election,2_after_election,2531,চোর সালা,চোর সালা,3,0.3999235962482246
2 After Election,2_after_election,2532,ভুয়া,ভুয়া,1,0.5999961299645372
2 After Election,2_after_election,2533,অয় তো নিজেই একটা রাজাকার,অয় তো নিজেই একটা রাজাকার,0,0.7324131488631405
2 After Election,2_after_election,2534,খাইছেরে,খাইছেরে,0,0.2
2 After Election,2_after_election,2535,ফজু পাগলা রে দেন জামাতের পুটকি মারা সারা,ফজু পাগলা রে দেন জামাতের পুটকি মারা সারা,3,0.49916781883847355
2 After Election,2_after_election,2536,রুমিন আর ইশরাক দুজনে পালিয়েছে? পোলাপানে বিবাহের গুঞ্জন উঠাইছে।,রুমিন আর ইশরাক দুজনে পালিয়েছে পোলাপানে বিবাহের গুঞ্জন উঠাইছে,4,0.5999968408647824
2 After Election,2_after_election,2537,ইশরাক হোসেন প্রতি মন্ত্রী …,ইশরাক হোসেন প্রতি মন্ত্রী,4,0.8395281354088183
2 After Election,2_after_election,2538,"""এখন বলবে সে ৭১ এর মুক্তিযুদ্ধা,,,লোক আর পাইল না""",এখন বলবে সে এর মুক্তিযুদ্ধা লোক আর পাইল না,0,0.6285173978326365
2 After Election,2_after_election,2539,ভোট চোর মন্ত্রণালয়ের দায়িত্ব কে নেবে??,ভোট চোর মন্ত্রণালয়ের দায়িত্ব কে নেবে,4,0.8385876949192892
2 After Election,2_after_election,2540,ইশরাক আছে না ইশরাক এর আব্বায় মুক্তি যুদ্ধ দেখছে কি না সন্দেহ আর এই বাচ্চা কে দিছে মুক্তি যুদ্ধ বিষয় মন্ত্রী,ইশরাক আছে না ইশরাক এর আব্বায় মুক্তি যুদ্ধ দেখছে কি না সন্দেহ আর এই বাচ্চা কে দিছে মুক্তি যুদ্ধ বিষয় মন্ত্রী,4,0.9382945199939347
2 After Election,2_after_election,2541,জামাত শিবিরকে সরাসরি রাজাকার বলার পাশ পেয়ে গেল,জামাত শিবিরকে সরাসরি রাজাকার বলার পাশ পেয়ে গেল,0,0.473688901254257
2 After Election,2_after_election,2542,তোদের মত মিডিয়া দেখলে হাসি পায়,তোদের মত মিডিয়া দেখলে হাসি পায়,0,0.8640477297017918
2 After Election,2_after_election,2543,৭১ এর বিরোধীতাকারী পেতাত্বাদের গায়ে জ্বলা তঙ্ক শুরু হয়ে গেছে,এর বিরোধীতাকারী পেতাত্বাদের গায়ে জ্বলা তঙ্ক শুরু হয়ে গেছে,4,0.7964821653345405
2 After Election,2_after_election,2544,এ ভোট চোর কি মন্ত্রী হবার যোগ্য?,এ ভোট চোর কি মন্ত্রী হবার যোগ্য,4,0.865748470242298
2 After Election,2_after_election,2545,"""আমি নতুন এই কনসেপ্ট নিয়ে কাজ করছি যেখানে কোনো ডিজাইনই রিপিট হবে না। যারা ইউনিক কিছু পরতে ভালোবাসেন, তারা চাইলে আমার ল্যাব ঘুরে আসতে পারেন:""",আমি নতুন এই কনসেপ্ট নিয়ে কাজ করছি যেখানে কোনো ডিজাইনই রিপিট হবে না যারা ইউনিক কিছু পরতে ভালোবাসেন তারা চাইলে আমার ল্যাব ঘুরে আসতে পারেন,2,0.9259321047923735
2 After Election,2_after_election,2546,"""ইশরাকের মধ্যে এমন কি পাইছে তারেক সাহেব, বুজলাম না! একবার মেয়র পদে আবার সংসদ সদস্য এখন মন্ত্রী, ওর যোগ্যতাটা কি? ওর বাবা বড় রাজ…""",ইশরাকের মধ্যে এমন কি পাইছে তারেক সাহেব বুজলাম না একবার মেয়র পদে আবার সংসদ সদস্য এখন মন্ত্রী ওর যোগ্যতাটা কি ওর বাবা বড় রাজ,3,0.4055477158764733
2 After Election,2_after_election,2547,মারছেরে,মারছেরে,0,0.2
2 After Election,2_after_election,2548,মুক্তিযোদ্ধের সময় কি ওর জন্ম হয়েছিল,মুক্তিযোদ্ধের সময় কি ওর জন্ম হয়েছিল,4,0.8395469811322444
2 After Election,2_after_election,2549,"""সার্কাসের মতো,,দেশ এখন পুরো বিএনপির বাকীসব রোহিঙ্গা""",সার্কাসের মতো দেশ এখন পুরো বিএনপির বাকীসব রোহিঙ্গা,3,0.838838846464717
2 After Election,2_after_election,2550,টোকাই সালা,টোকাই সালা,3,0.599988115230898
2 After Election,2_after_election,2551,প্রতিমন্ত্রী প্রতিবন্ধী,প্রতিমন্ত্রী প্রতিবন্ধী,1,0.7330742993820646
2 After Election,2_after_election,2552,উনি তো সব মুক্তিযোদ্ধাকে ঘেরাও করবে,উনি তো সব মুক্তিযোদ্ধাকে ঘেরাও করবে,4,0.732871694727708
2 After Election,2_after_election,2553,মদ খেয়ে মাতলামি করা লোক হলো মুক্তিযুদ্ধ বিষয়ক প্রতিমন্ত্রী। বুঝলাম কেমন হলো মন্ত্রীসভা,মদ খেয়ে মাতলামি করা লোক হলো মুক্তিযুদ্ধ বিষয়ক প্রতিমন্ত্রী বুঝলাম কেমন হলো মন্ত্রীসভা,4,0.6002121380318891
2 After Election,2_after_election,2554,ওয় মুক্তিযুদ্ধের কোন বাল বুজে,ওয় মুক্তিযুদ্ধের কোন বাল বুজে,3,0.41345835759830807
2 After Election,2_after_election,2555,ওয়ারিশ মনএি,ওয়ারিশ মনএি,0,0.2
2 After Election,2_after_election,2556,পুংটা মারা সারা,পুংটা মারা সারা,3,0.7333322272029853
2 After Election,2_after_election,2557,আবার নতুন করে রাজাকার তৈয়ার করার কারিগর পেয়েছে,আবার নতুন করে রাজাকার তৈয়ার করার কারিগর পেয়েছে,0,0.6838162589360831
2 After Election,2_after_election,2558,ইসরাকের জায়গায় অ্যাডভোকেট ফজলুল হক কে দিলো ভালো হইতো।,ইসরাকের জায়গায় অ্যাডভোকেট ফজলুল হক কে দিলো ভালো হইতো,1,0.42320654147311804
2 After Election,2_after_election,2559,সেকি ভালো করে মুক্তি যুদ্ধের ইতিহাস জানে হায় জাতি,সেকি ভালো করে মুক্তি যুদ্ধের ইতিহাস জানে হায় জাতি,4,0.8983721780487253
2 After Election,2_after_election,2560,"""নিজের চেয়ারের খুঁটি খুজে পাবেনি,,বিএনপির সবচেয়ে অযোগ্য ব্যাক্তি প্রতি মন্ত্রী""",নিজের চেয়ারের খুঁটি খুজে পাবেনি বিএনপির সবচেয়ে অযোগ্য ব্যাক্তি প্রতি মন্ত্রী,4,0.45232932173493917
2 After Election,2_after_election,2561,এর চাইতো ঘেরাও উপদেষ্টা ই ভালো ছিলো,এর চাইতো ঘেরাও উপদেষ্টা ই ভালো ছিলো,4,0.7321278064431928
2 After Election,2_after_election,2562,প্রতিমন্ত্রী প্রতিবন্ধী,প্রতিমন্ত্রী প্রতিবন্ধী,1,0.7330742993820646
2 After Election,2_after_election,2563,ধাক্কাধাক্কি মন্ত্রলায় দেওয়ার দরকার ছিলো তাকে,ধাক্কাধাক্কি মন্ত্রলায় দেওয়ার দরকার ছিলো তাকে,4,0.8394366617360377
2 After Election,2_after_election,2564,মাইরাহালছে রে,মাইরাহালছে রে,0,0.2
2 After Election,2_after_election,2565,বাল,বাল,3,0.5996904312342487
2 After Election,2_after_election,2566,বিএনপির যত রাজাকার ছিল সব এবার মুক্তিযোদ্বা হয়ে যাবে,বিএনপির যত রাজাকার ছিল সব এবার মুক্তিযোদ্বা হয়ে যাবে,4,0.8846346880879219
2 After Election,2_after_election,2567,কেন বিএনপিতে কি কোনো নির্বাচিত মুক্তিযোদ্ধা ছিলোনা?,কেন বিএনপিতে কি কোনো নির্বাচিত মুক্তিযোদ্ধা ছিলোনা,0,0.4402432240198981
2 After Election,2_after_election,2568,এগুলো বাল,এগুলো বাল,3,0.7326965599942005
2 After Election,2_after_election,2569,ঘেরাও মন্ত্রী দেওয়া দরকার ছিলো,ঘেরাও মন্ত্রী দেওয়া দরকার ছিলো,4,0.8376971536413595
2 After Election,2_after_election,2570,তুমি আবার কথাও বলবা!,তুমি আবার কথাও বলবা,4,0.591383379967377
2 After Election,2_after_election,2571,Right,right,0,0.5999948752393942
2 After Election,2_after_election,2572,Good,good,0,0.5999965747691249
2 After Election,2_after_election,2573,Absolutely right.,absolutely right,0,0.5999948752393942
2 After Election,2_after_election,2574,ইনকিলাব জিন্দাবাদ,ইনকিলাব জিন্দাবাদ,3,0.7329317330054184
2 After Election,2_after_election,2575,তোমাদের আর কথা হবে না,তোমাদের আর কথা হবে না,1,0.5999897417700086
2 After Election,2_after_election,2576,সূর নরম হয়ে গেলো কেনো,সূর নরম হয়ে গেলো কেনো,4,0.7991602141946144
2 After Election,2_after_election,2577,অবশ্য ই,অবশ্য ই,0,0.2
2 After Election,2_after_election,2578,Yes,yes,0,0.2
2 After Election,2_after_election,2579,Toi voia,toi voia,0,0.2
2 After Election,2_after_election,2580,যা বেডা ফুট,যা বেডা ফুট,0,0.3996801373911756
2 After Election,2_after_election,2581,তোদের কপালে এইটা আছে,তোদের কপালে এইটা আছে,4,0.5999789633493693
2 After Election,2_after_election,2582,বাকোয়াজ,বাকোয়াজ,0,0.2
2 After Election,2_after_election,2583,Right,right,0,0.5999948752393942
2 After Election,2_after_election,2584,"""টাকার হিসাব টা দাওনা কেন,""",টাকার হিসাব টা দাওনা কেন,0,0.5500079989180033
2 After Election,2_after_election,2585,লাগাও মব,লাগাও মব,4,0.5999882318080278
2 After Election,2_after_election,2586,পরিবেশের দরকার নেই,পরিবেশের দরকার নেই,0,0.5958214982618467
2 After Election,2_after_election,2587,তর কথা কার বালে শোনে,তর কথা কার বালে শোনে,2,0.5996860332229328
2 After Election,2_after_election,2588,পুলিশ হত্যার বিচার চাই,পুলিশ হত্যার বিচার চাই,2,0.548935933602236
2 After Election,2_after_election,2589,Rights,rights,0,0.2
2 After Election,2_after_election,2590,Right,right,0,0.5999948752393942
2 After Election,2_after_election,2591,পুলিশ হত্যার বিচার চাই,পুলিশ হত্যার বিচার চাই,2,0.548935933602236
2 After Election,2_after_election,2592,Right,right,0,0.5999948752393942
2 After Election,2_after_election,2593,পাকিবীজ বলে কী,পাকিবীজ বলে কী,2,0.5983132535787954
2 After Election,2_after_election,2594,"""Right, I agree it""",right i agree it,0,0.7318780342975987
2 After Election,2_after_election,2595,কথা হবে রাজপথে,কথা হবে রাজপথে,3,0.5990183046876102
2 After Election,2_after_election,2596,right,right,0,0.5999948752393942
2 After Election,2_after_election,2597,Right,right,0,0.5999948752393942
2 After Election,2_after_election,2598,টোকাই এখন দেশের নেতা,টোকাই এখন দেশের নেতা,1,0.40000954647181436
2 After Election,2_after_election,2599,তাতে বয়ে গেল।,তাতে বয়ে গেল,4,0.40004353021920247
2 After Election,2_after_election,2600,সংসদে কথা বলা দরকার নাই,সংসদে কথা বলা দরকার নাই,3,0.6361934339741603
2 After Election,2_after_election,2601,সহমত,সহমত,2,0.5999910295813788
2 After Election,2_after_election,2602,ওডা হানকির পুয়া,ওডা হানকির পুয়া,0,0.2
2 After Election,2_after_election,2603,ভয়ে আছে,ভয়ে আছে,4,0.599978802513053
2 After Election,2_after_election,2604,আগে তোর ভূরি কমা,আগে তোর ভূরি কমা,4,0.599994112603775
2 After Election,2_after_election,2605,তোর কপালে শনি আছে,তোর কপালে শনি আছে,4,0.7333255561890444
2 After Election,2_after_election,2606,পরিবেশের দরকার নেই,পরিবেশের দরকার নেই,0,0.5958214982618467
2 After Election,2_after_election,2607,টুকাই,টুকাই,0,0.2
2 After Election,2_after_election,2608,শালা দালাল,শালা দালাল,0,0.40013006275478413
2 After Election,2_after_election,2609,সঠিক,সঠিক,4,0.5999977707466385
2 After Election,2_after_election,2610,"""জুলাই জঙ্গি,দমন করা হোক""",জুলাই জঙ্গি দমন করা হোক,4,0.7308986385256794
2 After Election,2_after_election,2611,পদত্যাগ করে ফেল,পদত্যাগ করে ফেল,0,0.40011947430474254
2 After Election,2_after_election,2612,গোপালভার,গোপালভার,0,0.2
2 After Election,2_after_election,2613,আলহামদুলিল্লাহ,আলহামদুলিল্লাহ,2,0.5999984371235062
2 After Election,2_after_election,2614,"""খেলা যে চলছে কোন লেভেলে, বোঝা বড় দায়""",খেলা যে চলছে কোন লেভেলে বোঝা বড় দায়,2,0.7296629327009273
2 After Election,2_after_election,2615,কার পাশা গেছে কার টেবিলে খেলা যে চলছে কোন লেভেলে,কার পাশা গেছে কার টেবিলে খেলা যে চলছে কোন লেভেলে,2,0.8998831678851191
2 After Election,2_after_election,2616,আমাকে রাষ্ট্রপতি হিসেবে নেয়া যাবে কি বস?,আমাকে রাষ্ট্রপতি হিসেবে নেয়া যাবে কি বস,3,0.49677682677559487
2 After Election,2_after_election,2617,শপথ বিষয়ক মন্ত্রণালয় গঠনের দাবি জানাচ্ছি এবং তাকে ঐ মন্ত্রণালয়ের মন্ত্রী বানানো হোক,শপথ বিষয়ক মন্ত্রণালয় গঠনের দাবি জানাচ্ছি এবং তাকে ঐ মন্ত্রণালয়ের মন্ত্রী বানানো হোক,4,0.9270756980624955
2 After Election,2_after_election,2618,এই দামড়াকে রাষ্ট্রপতি রেখে খালি অজস্র সমালোচনার জন্ম দেওয়া ছারা কাজের কাজ কিছুই হবে না। পাঁঠাটাকে দ্রুত সরানো দরকার।,এই দামড়াকে রাষ্ট্রপতি রেখে খালি অজস্র সমালোচনার জন্ম দেওয়া ছারা কাজের কাজ কিছুই হবে না পাঁঠাটাকে দ্রুত সরানো দরকার,4,0.5353265988452823
2 After Election,2_after_election,2619,Mr. Tareq has a plan!,mr tareq has a plan,0,0.5984647960511204
2 After Election,2_after_election,2620,ধন্যবাদ তারেক রহমান কে,ধন্যবাদ তারেক রহমান কে,3,0.5501624768358778
2 After Election,2_after_election,2621,ওরে ভাই এখানে ও সমঝোতা চলতাছে,ওরে ভাই এখানে ও সমঝোতা চলতাছে,2,0.639795592252231
2 After Election,2_after_election,2622,Cat out of the bag,cat out of the bag,1,0.4000406716887745
2 After Election,2_after_election,2623,রাষ্ট্রপতি কি জুলাই সনদের শপথ নিছে নাকি,রাষ্ট্রপতি কি জুলাই সনদের শপথ নিছে নাকি,3,0.5682733054847451
2 After Election,2_after_election,2624,আলহামদুলিল্লাহ,আলহামদুলিল্লাহ,2,0.5999984371235062
2 After Election,2_after_election,2625,নজরুল ইসলাম খান আমার মনে হচ্ছে,নজরুল ইসলাম খান আমার মনে হচ্ছে,0,0.7996110633523338
2 After Election,2_after_election,2626,বেছে বেছে ছবিটা সেরা দিছেন,বেছে বেছে ছবিটা সেরা দিছেন,1,0.7940247395192109
2 After Election,2_after_election,2627,Valo decision,valo decision,4,0.7292470726197836
2 After Election,2_after_election,2628,ওমা এখন সংবিধান কই গেলো? এর মেয়াদ তো ২০২৮ সাল পর্যন্ত,ওমা এখন সংবিধান কই গেলো এর মেয়াদ তো সাল পর্যন্ত,4,0.5228522472529284
2 After Election,2_after_election,2629,বর্তমান রাষ্ট্রপতি ধন্য তিন সরকারকে একাই শপথ পড়িয়েছেন,বর্তমান রাষ্ট্রপতি ধন্য তিন সরকারকে একাই শপথ পড়িয়েছেন,4,0.8825287651013332
2 After Election,2_after_election,2630,"""সব নাটক,রাষ্ট্রপতি নিজেই বলেছে বি এম পি চাইলে সরে যাবে,""",সব নাটক রাষ্ট্রপতি নিজেই বলেছে বি এম পি চাইলে সরে যাবে,0,0.5721458286772806
2 After Election,2_after_election,2631,Ley Nahid Ahamed Niloy khamba jodi vlo vabe lig domon na kore tahole kiso din por Bnp Ry khuja pawa jabe na,ley nahid ahamed niloy khamba jodi vlo vabe lig domon na kore tahole kiso din por bnp ry khuja pawa jabe na,1,0.8857130113342693
2 After Election,2_after_election,2632,নামের আগে মোঃ হয়ে গেছে এখন!,নামের আগে মোঃ হয়ে গেছে এখন,4,0.7969193073141506
2 After Election,2_after_election,2633,The game started but prime point is loading...,the game started but prime point is loading,1,0.7331596095778548
2 After Election,2_after_election,2634,"""তারাই বলে রাষ্ট্রপতির ক্ষমতা বাড়াতে হবে তাকে পুতুল বানিয়ে রাখা যাবে না, এখন আবার রাষ্ট্রপতি কথা বলতে গেলে ও আবার দোষ।""",তারাই বলে রাষ্ট্রপতির ক্ষমতা বাড়াতে হবে তাকে পুতুল বানিয়ে রাখা যাবে না এখন আবার রাষ্ট্রপতি কথা বলতে গেলে ও আবার দোষ,4,0.8026822770425863
2 After Election,2_after_election,2635,"""আরে ভাই আসল কথা হইল প্রবাদে আছে যার নাক কাটা যায় একবার সে যায় বাড়ির বাহির দিয়ে, আর যার নাক কাটা যায় বার বার সে যায় বাড়ির ভিতর দিয়ে।""",আরে ভাই আসল কথা হইল প্রবাদে আছে যার নাক কাটা যায় একবার সে যায় বাড়ির বাহির দিয়ে আর যার নাক কাটা যায় বার বার সে যায় বাড়ির ভিতর দিয়ে,0,0.6181234519537387
2 After Election,2_after_election,2636,"""প্রথমত, জুলাই বাংলাদেশের সংবিধানের কিছু না। কিছু না মানে কিচ্ছু না!!!…""",প্রথমত জুলাই বাংলাদেশের সংবিধানের কিছু না কিছু না মানে কিচ্ছু না,0,0.8645271336380943
2 After Election,2_after_election,2637,Power of GnZ,power of gnz,3,0.599991167915118
2 After Election,2_after_election,2638,Taratari koren,taratari koren,0,0.2
2 After Election,2_after_election,2639,যতই চাটাচাটি করোক। উনাকে সেই লেভেলের একটা কিক দিয়ে বের করে দিবে এটাই শিওর।…,যতই চাটাচাটি করোক উনাকে সেই লেভেলের একটা কিক দিয়ে বের করে দিবে এটাই শিওর,1,0.8990438411647358
2 After Election,2_after_election,2640,এই কাজটা কোন বট বাহিনী কে করেছে,এই কাজটা কোন বট বাহিনী কে করেছে,1,0.8373652114155502
2 After Election,2_after_election,2641,শেষ পর্যন্ত না দেখলে কিছুই বোঝা যাবে না কোন দিকে যাচ্ছে মোড়।,শেষ পর্যন্ত না দেখলে কিছুই বোঝা যাবে না কোন দিকে যাচ্ছে মোড়,1,0.4194078586286331
2 After Election,2_after_election,2642,চাটা চাটি করে মনে হয় লাভ হলো না,চাটা চাটি করে মনে হয় লাভ হলো না,1,0.6942669470024936
2 After Election,2_after_election,2643,ওক্কে মামু,ওক্কে মামু,2,0.5970782475793508
2 After Election,2_after_election,2644,মনে হচ্ছে খেলা শুরু-!!,মনে হচ্ছে খেলা শুরু,1,0.5313913912853455
2 After Election,2_after_election,2645,"""ও কাগা অ, এত তেলাইলা তা-ও কাম অইলো না।""",ও কাগা অ এত তেলাইলা তা ও কাম অইলো না,3,0.48962446983212443
2 After Election,2_after_election,2646,ভালো উদ্যোগ,ভালো উদ্যোগ,4,0.5955830014132845
2 After Election,2_after_election,2647,বক কবির,বক কবির,0,0.7303262471272275
2 After Election,2_after_election,2648,ইয়া কিহা হুয়া,ইয়া কিহা হুয়া,4,0.5999715639804934
2 After Election,2_after_election,2649,আলহামদুলিল্লাহ,আলহামদুলিল্লাহ,2,0.5999984371235062
2 After Election,2_after_election,2650,শাহরিয়ার সাহেব মাঝে মাঝে হাত দিয়ে দেখবেন বিছি আছে নাকি,শাহরিয়ার সাহেব মাঝে মাঝে হাত দিয়ে দেখবেন বিছি আছে নাকি,0,0.8977023937848435
2 After Election,2_after_election,2651,রাষ্ট্রপতিকে স্থায়িত্ব করার পথ সুগাম করে দিলেন না তো?,রাষ্ট্রপতিকে স্থায়িত্ব করার পথ সুগাম করে দিলেন না তো,4,0.48116562888036074
2 After Election,2_after_election,2652,অভিনন্দন বাংলাদেশ সরকারকে।,অভিনন্দন বাংলাদেশ সরকারকে,0,0.5168204601548165
2 After Election,2_after_election,2653,চুপ্পু আহারে বেচারা।শপথ পড়াতে পারল না,চুপ্পু আহারে বেচারা শপথ পড়াতে পারল না,4,0.4421365529178934
2 After Election,2_after_election,2654,আমার মেয়ে মিথিলা লেখাটা পড়েছে মাশাআল্লাহ,আমার মেয়ে মিথিলা লেখাটা পড়েছে মাশাআল্লাহ,3,0.7998812114114735
2 After Election,2_after_election,2655,Khobor ta nice and attractive,khobor ta nice and attractive,4,0.83967680865855
2 After Election,2_after_election,2656,আসকে আমার মন ভালো নাই এত চাটাচাটি করেও লাভ হলো না,আসকে আমার মন ভালো নাই এত চাটাচাটি করেও লাভ হলো না,1,0.6395052006630548
2 After Election,2_after_election,2657,চলিতেছে সার্কাস,চলিতেছে সার্কাস,2,0.7333254355469523
2 After Election,2_after_election,2658,Varatia social media koi gelo jomat er??,varatia social media koi gelo jomat er,1,0.7289380408917674
2 After Election,2_after_election,2659,ঠিকই আছে।,ঠিকই আছে,0,0.599161994725876
2 After Election,2_after_election,2660,সরিষার তেলে মনে হয় ভেজাল ছিল,সরিষার তেলে মনে হয় ভেজাল ছিল,0,0.8371444279736685
2 After Election,2_after_election,2661,"""চাচাই চাইছিলো ইদটা অনন্ত গণভবনে করতে, তা আর হইলো না""",চাচাই চাইছিলো ইদটা অনন্ত গণভবনে করতে তা আর হইলো না,2,0.5144175121809544
2 After Election,2_after_election,2662,ইউসুফ সরকারকে যদি ইট্টু...,ইউসুফ সরকারকে যদি ইট্টু,0,0.599340102203935
2 After Election,2_after_election,2663,আলহামদুলিল্লাহ দালাল মুক্ত দেশ চাই,আলহামদুলিল্লাহ দালাল মুক্ত দেশ চাই,3,0.3840471803442401
2 After Election,2_after_election,2664,ওনার গদি নিয়ে টানাটানি করাতে অনেক কথা তো প্রকাশ হলো।,ওনার গদি নিয়ে টানাটানি করাতে অনেক কথা তো প্রকাশ হলো,3,0.8647400505732556
2 After Election,2_after_election,2665,তেলে কাম হইলো না?,তেলে কাম হইলো না,0,0.5484292877945991
2 After Election,2_after_election,2666,চাটখুর ও কট,চাটখুর ও কট,1,0.5985963590756872
2 After Election,2_after_election,2667,Tarek Hasan Biplob vai,tarek hasan biplob vai,1,0.73332695464439
2 After Election,2_after_election,2668,Sob fa's hoye gase bangu dr tai akn dhama chapa dite uthe pore lagse,sob fa s hoye gase bangu dr tai akn dhama chapa dite uthe pore lagse,1,0.8657974444601423
2 After Election,2_after_election,2669,কি জানি মিস করে গেলাম! কি বলসে?,কি জানি মিস করে গেলাম কি বলসে,4,0.7997587084632332
2 After Election,2_after_election,2670,লোকটা যেই গাছের ছায়ায় অশ্রয় নিয়েছিলো সেই গাছটা কাটার কি দরকার?,লোকটা যেই গাছের ছায়ায় অশ্রয় নিয়েছিলো সেই গাছটা কাটার কি দরকার,4,0.7975765336504863
2 After Election,2_after_election,2671,সে হচ্ছে স্বৈরাচারী সরকারের গার্জেন ওকে আইনের আওতা আনা হোক,সে হচ্ছে স্বৈরাচারী সরকারের গার্জেন ওকে আইনের আওতা আনা হোক,4,0.6372107093893764
2 After Election,2_after_election,2672,চুপ্প্প্প্পু,চুপ্প্প্প্পু,0,0.2
2 After Election,2_after_election,2673,খায়রুল দেওয়ান' কে রাষ্ট্রপতি বানালে কি হয়?,খায়রুল দেওয়ান কে রাষ্ট্রপতি বানালে কি হয়,0,0.7315726009989438
2 After Election,2_after_election,2674,Khub valo,khub valo,0,0.598791864673781
2 After Election,2_after_election,2675,"""উনি সেচ্ছায় পদত্যাগ না করলে এই নোটিশের কোনো মূল্য নাই,""",উনি সেচ্ছায় পদত্যাগ না করলে এই নোটিশের কোনো মূল্য নাই,3,0.6947103172068878
2 After Election,2_after_election,2676,যাক একটাতো ভালো খবর পাইলাম কিন্তু কথা হচ্ছে যাকে নিয়োগ দিবে যেনো দেশের ভালোর জন‍্য উত্তম প্রমাণিত হয় এখন দেখা যাক বাঁকি পদগুলো…,যাক একটাতো ভালো খবর পাইলাম কিন্তু কথা হচ্ছে যাকে নিয়োগ দিবে যেনো দেশের ভালোর জন্য উত্তম প্রমাণিত হয় এখন দেখা যাক বাঁকি পদগুলো,3,0.4623016833134813
2 After Election,2_after_election,2677,চুপ্পু তো একদম চুপ হয়ে গেলো..!,চুপ্পু তো একদম চুপ হয়ে গেলো,4,0.6530675438268736
2 After Election,2_after_election,2678,তেল মেরে ও অবস্থান ধরে রাখা গেলে নাহ আহা সোনা গো আমার,তেল মেরে ও অবস্থান ধরে রাখা গেলে নাহ আহা সোনা গো আমার,1,0.9269437833705544
2 After Election,2_after_election,2679,ড. ইউনুস কে রাষ্ট্রপতি বানানো হোক,ড ইউনুস কে রাষ্ট্রপতি বানানো হোক,3,0.8375871610737119
2 After Election,2_after_election,2680,চাটাচাটির শেষ গড়বে শহীদ প্রেসিডেন্ট জিয়াউর রহমান এ-র নতুন প্রজন্মের নতুন বাংলাদেশ। তারেক রহমান এ-র নতুন প্রজন্মের নতুন বা…,চাটাচাটির শেষ গড়বে শহীদ প্রেসিডেন্ট জিয়াউর রহমান এ র নতুন প্রজন্মের নতুন বাংলাদেশ তারেক রহমান এ র নতুন প্রজন্মের নতুন বা,3,0.9383173182186658
2 After Election,2_after_election,2681,চিং চাং পং,চিং চাং পং,0,0.5992699214366534
2 After Election,2_after_election,2682,এত এত চেটে লাভ হলো না,এত এত চেটে লাভ হলো না,1,0.6219162324211123
2 After Election,2_after_election,2683,ভা‌লো হয়‌ছে!,ভালো হয়ছে,4,0.7321243937984134
2 After Election,2_after_election,2684,আহহহহ তেলের দামটা স্থিতিশীল রয়ে গেলো। দুঃখজনক।,আহহহহ তেলের দামটা স্থিতিশীল রয়ে গেলো দুঃখজনক,1,0.5969353543723792
2 After Election,2_after_election,2685,৩ জনকে শপথ পড়িয়েছেন আর কতজনকে উনার কাছে যে শপথ নিতে হবে কে জানে,জনকে শপথ পড়িয়েছেন আর কতজনকে উনার কাছে যে শপথ নিতে হবে কে জানে,4,0.77522772540377
2 After Election,2_after_election,2686,এই মাথামোটা আকামাটা এখানে কি করে,এই মাথামোটা আকামাটা এখানে কি করে,2,0.5981105678320827
2 After Election,2_after_election,2687,এবার চুপ্পুর তৈল মারা বন্ধ হয়ে যাবে।,এবার চুপ্পুর তৈল মারা বন্ধ হয়ে যাবে,4,0.3772354571407631
2 After Election,2_after_election,2688,"""সম্পর্ক বদলে গেলো একটি পলকে,,,,,,,,,,""",সম্পর্ক বদলে গেলো একটি পলকে,1,0.8397055278338397
2 After Election,2_after_election,2689,"""আমরা ওনাকে চাই,ওনার মত রাষ্ট্রপ্রতি পাওয়া ভাগ্যের ব্যাপার।""",আমরা ওনাকে চাই ওনার মত রাষ্ট্রপ্রতি পাওয়া ভাগ্যের ব্যাপার,1,0.5944502476014616
2 After Election,2_after_election,2690,জানাজা অনুষ্ঠিত হবে কখন?,জানাজা অনুষ্ঠিত হবে কখন,0,0.2
2 After Election,2_after_election,2691,এটা ঠিক আছে কারণ সৈরাচারের রাষ্ট্রপতি,এটা ঠিক আছে কারণ সৈরাচারের রাষ্ট্রপতি,1,0.40002670173721644
2 After Election,2_after_election,2692,এটাই স্বাভাবিক।,এটাই স্বাভাবিক,4,0.7272250246546682
2 After Election,2_after_election,2693,এত কিছু করার পরও শেষ রক্ষা হলো না।,এত কিছু করার পরও শেষ রক্ষা হলো না,3,0.8610748345408871
2 After Election,2_after_election,2694,তাহলে এখন এটা কি ক্ষমতার অপব্যবহার হবে না যে মেয়াদ শেষ না হতে একজন রাষ্ট্রপতিকে অপসারণ করা এটাকে নেয় নাকি অন্যায়,তাহলে এখন এটা কি ক্ষমতার অপব্যবহার হবে না যে মেয়াদ শেষ না হতে একজন রাষ্ট্রপতিকে অপসারণ করা এটাকে নেয় নাকি অন্যায়,3,0.5077849112854528
2 After Election,2_after_election,2695,এত এত চাটাচাটি করেও কোন লাভ হলো না,এত এত চাটাচাটি করেও কোন লাভ হলো না,1,0.8995266058413666
2 After Election,2_after_election,2696,দে লাড়া,দে লাড়া,1,0.7328425558743955
2 After Election,2_after_election,2697,এইটা কেমন খেলা?,এইটা কেমন খেলা,2,0.599998283633857
2 After Election,2_after_election,2698,আমরা চাই আরো থাক,আমরা চাই আরো থাক,0,0.4002839004327971
2 After Election,2_after_election,2699,Rajakarera abar notish disse.,rajakarera abar notish disse,0,0.5990594501514755
2 After Election,2_after_election,2700,এত পাম দিয়েও কাজ হলোনা,এত পাম দিয়েও কাজ হলোনা,1,0.8395574091040414
2 After Election,2_after_election,2701,তেল মেরে লাভ হলো না উল্টো ক্ষতি হয়েছে,তেল মেরে লাভ হলো না উল্টো ক্ষতি হয়েছে,1,0.8399105771426361
2 After Election,2_after_election,2702,হায়রে দেশের অবস্থা,হায়রে দেশের অবস্থা,3,0.4770537185435704
2 After Election,2_after_election,2703,"""ইউনুসের সময় পারেন নি,আর এখন এটা কিভাবে করবেন.!""",ইউনুসের সময় পারেন নি আর এখন এটা কিভাবে করবেন,2,0.8656347665749239
2 After Election,2_after_election,2704,আই হ্যাভ এ প্লান,আই হ্যাভ এ প্লান,2,0.7333187862338664
2 After Election,2_after_election,2705,Cagol kobir pathaice aini notice Mani ki ar bolbo.,cagol kobir pathaice aini notice mani ki ar bolbo,1,0.5507966618979114
2 After Election,2_after_election,2706,ইউনূসের জন্য হাগতে মুত্তে ও যাইতে পারে নাই ভাবছিলো একটু শান্তিতে হাগবে মুতবে …,ইউনূসের জন্য হাগতে মুত্তে ও যাইতে পারে নাই ভাবছিলো একটু শান্তিতে হাগবে মুতবে,2,0.7978580631376844
2 After Election,2_after_election,2707,"""শেষ বেলায় একটু চেটে গেল, তা ও গদি রক্ষা হলো না""",শেষ বেলায় একটু চেটে গেল তা ও গদি রক্ষা হলো না,3,0.772678949843735
2 After Election,2_after_election,2708,এত কিছুর বক্তব্যর পর আমি তো মনে করছি উনি থাকবে,এত কিছুর বক্তব্যর পর আমি তো মনে করছি উনি থাকবে,4,0.8826656239044697
2 After Election,2_after_election,2709,সাংবাদিক ভাই। আমার নামটা একটু প্রস্তাব কইরেন।,সাংবাদিক ভাই আমার নামটা একটু প্রস্তাব কইরেন,2,0.8395100992320494
2 After Election,2_after_election,2710,যেখানে মাল সেখানে চলে যাক,যেখানে মাল সেখানে চলে যাক,2,0.8659371680711303
2 After Election,2_after_election,2711,খায়রুল দেওয়ান রাষ্ট্রপতি,খায়রুল দেওয়ান রাষ্ট্রপতি,0,0.7315726009989438
2 After Election,2_after_election,2712,শেষ,শেষ,3,0.5999993300849814
2 After Election,2_after_election,2713,I have a plan,i have a plan,0,0.7326202673658782
2 After Election,2_after_election,2714,ওনি এতো যে ছিলো এইটা ওনার ভাগ্য,ওনি এতো যে ছিলো এইটা ওনার ভাগ্য,0,0.5027766268096968
2 After Election,2_after_election,2715,Ai july k kendro kore jamat sibir payda lutar chesta korteche,ai july k kendro kore jamat sibir payda lutar chesta korteche,1,0.8399411805718788
2 After Election,2_after_election,2716,রমজান মাস কিছু বলতেও পারছি না আল্লাহ সবাই কে হেদায়েত দান করুক আমিন,রমজান মাস কিছু বলতেও পারছি না আল্লাহ সবাই কে হেদায়েত দান করুক আমিন,0,0.9103554864555649
2 After Election,2_after_election,2717,ও আল্লাহ কেন,ও আল্লাহ কেন,0,0.5984866830130162
2 After Election,2_after_election,2718,"""তিন বছরে তিনজন সরকার কে শপথ পরিয়েছে, তাই রিস্ক না নেওয়াই ভালো""",তিন বছরে তিনজন সরকার কে শপথ পরিয়েছে তাই রিস্ক না নেওয়াই ভালো,4,0.8658778370582201
2 After Election,2_after_election,2719,ইউসুফের সত্য তুলে ধরেছে বলে এই কাহিনী।,ইউসুফের সত্য তুলে ধরেছে বলে এই কাহিনী,2,0.7974188755583623
2 After Election,2_after_election,2720,চাটা চাটি করে ও লাভ হলো না,চাটা চাটি করে ও লাভ হলো না,1,0.628712732557575
2 After Election,2_after_election,2721,এতো তৈলমর্দনেও কাজ হলোনা ইশশশশ,এতো তৈলমর্দনেও কাজ হলোনা ইশশশশ,1,0.7995650007172187
2 After Election,2_after_election,2722,চুচু চুচুউপপু,চুচু চুচুউপপু,0,0.2
2 After Election,2_after_election,2723,উনি অপসারিত হলে অনে অপকর্মের বয়ান মিডিয়ায় প্রকাশ করবে...,উনি অপসারিত হলে অনে অপকর্মের বয়ান মিডিয়ায় প্রকাশ করবে,3,0.4882875064373571
2 After Election,2_after_election,2724,"""চপ্পু একটু ভালো সাজতি ছিলো তা গেল গুপ হয়ে,,,""",চপ্পু একটু ভালো সাজতি ছিলো তা গেল গুপ হয়ে,4,0.6170184581044421
2 After Election,2_after_election,2725,Telbaji koreo lav holona,telbaji koreo lav holona,0,0.5999801203833404
2 After Election,2_after_election,2726,নতুন সরকার নতুন রাষ্ট্রপতি নিয়োগ হবে এটায় সাভাবিক,নতুন সরকার নতুন রাষ্ট্রপতি নিয়োগ হবে এটায় সাভাবিক,3,0.8658840687215901
2 After Election,2_after_election,2727,Tel mere o kakar lav hoilo na,tel mere o kakar lav hoilo na,1,0.5510554704815737
2 After Election,2_after_election,2728,Chuppo kaku,chuppo kaku,0,0.2
2 After Election,2_after_election,2729,ওনি বুযেছে আমি আছি,ওনি বুযেছে আমি আছি,0,0.7290014090525213
2 After Election,2_after_election,2730,Good news,good news,0,0.7329774740704637
2 After Election,2_after_election,2731,চাচাকে তাইলে দিলো (),চাচাকে তাইলে দিলো,1,0.7312592785120866
2 After Election,2_after_election,2732,দুই বালতি সমবেদনা। একবালতি দিয়ে চোখ মুখ ধুবেন আরেক বালতি দিয়ে জিহবা ধুবেন কারন যে চাটা চাটছেন জিবহা না ধুইলে ডাইরিয়া হবে,দুই বালতি সমবেদনা একবালতি দিয়ে চোখ মুখ ধুবেন আরেক বালতি দিয়ে জিহবা ধুবেন কারন যে চাটা চাটছেন জিবহা না ধুইলে ডাইরিয়া হবে,1,0.7000218177729682
2 After Election,2_after_election,2733,কি যে বলবো,কি যে বলবো,0,0.5987940866180402
2 After Election,2_after_election,2734,আহা গো,আহা গো,1,0.7319995521896776
2 After Election,2_after_election,2735,"""হালায় পাগল হয়েছে, সংবিধানে ২৪ কোথায় পেলো""",হালায় পাগল হয়েছে সংবিধানে কোথায় পেলো,1,0.43997985755338404
2 After Election,2_after_election,2736,দিলে তো তাদের জন্নি ভালো,দিলে তো তাদের জন্নি ভালো,4,0.7307916275107157
2 After Election,2_after_election,2737,রাষ্ট্রপতি অপসারন সংবিধানে নাই। তিনি নিবাচিত রাষ্ট্রপতি।,রাষ্ট্রপতি অপসারন সংবিধানে নাই তিনি নিবাচিত রাষ্ট্রপতি,0,0.638593468478131
2 After Election,2_after_election,2738,এই নেও ঠেলা,এই নেও ঠেলা,0,0.2
2 After Election,2_after_election,2739,এত তেল মাইরাও লাভ হইল না,এত তেল মাইরাও লাভ হইল না,1,0.8390680935680199
2 After Election,2_after_election,2740,উনাকে আজীবন রাষ্ট্রপতি রাখার দরকার কারণ ওনার নিকট শপথ গ্রহণ করলে দেড় বছরের বেশি কেউ টিকে নাই তাই আমরা নতুন নতুন প্রধানমন্ত্রী চাই,উনাকে আজীবন রাষ্ট্রপতি রাখার দরকার কারণ ওনার নিকট শপথ গ্রহণ করলে দেড় বছরের বেশি কেউ টিকে নাই তাই আমরা নতুন নতুন প্রধানমন্ত্রী চাই,3,0.8209959096594786
2 After Election,2_after_election,2741,উনি পর পর তিনজনকে শপথ পাঠ করিয়েছে আপনাদের আশা আর কতজন কে করাতো!,উনি পর পর তিনজনকে শপথ পাঠ করিয়েছে আপনাদের আশা আর কতজন কে করাতো,4,0.8843145253558566
2 After Election,2_after_election,2742,"""এবার চাচা কেমন ফিলিংস, একটু বলেন প্লিজ""",এবার চাচা কেমন ফিলিংস একটু বলেন প্লিজ,2,0.8644784750202859
2 After Election,2_after_election,2743,পাঁ চেটেও কাজ হইলো না আহারে সোনা সুগার বেরে জাবে তো,পাঁ চেটেও কাজ হইলো না আহারে সোনা সুগার বেরে জাবে তো,1,0.8855696142039585
2 After Election,2_after_election,2744,গিরগিটির মতো চরিত্র বদল করেও কোন লাভ হলো না। এদের মত ব্যক্তি কারো আপন হতে পারে না।,গিরগিটির মতো চরিত্র বদল করেও কোন লাভ হলো না এদের মত ব্যক্তি কারো আপন হতে পারে না,1,0.7436315201111686
2 After Election,2_after_election,2745,ভালো সিদ্ধান্ত,ভালো সিদ্ধান্ত,4,0.7321278629355974
2 After Election,2_after_election,2746,Eto tel diyeo kaj hoilo na,eto tel diyeo kaj hoilo na,1,0.7999965521459955
2 After Election,2_after_election,2747,জুলাই আবার কোন সংবিধানে আছে?…,জুলাই আবার কোন সংবিধানে আছে,0,0.8374197973367793
2 After Election,2_after_election,2748,সংবিধান মানলে ২৯ এর আগে নির্বাচন অবৈধ। বাংলাদেশ সব কাজ অবৈধ ভাবেই হয়।,সংবিধান মানলে এর আগে নির্বাচন অবৈধ বাংলাদেশ সব কাজ অবৈধ ভাবেই হয়,2,0.6591188510036332
2 After Election,2_after_election,2749,Becara,becara,0,0.2
2 After Election,2_after_election,2750,বিস্তারিত না পড়েই একেকজন খুশিতে আত্মহারা,বিস্তারিত না পড়েই একেকজন খুশিতে আত্মহারা,0,0.2
2 After Election,2_after_election,2751,এতো তেল মেরে চাটা চাটি করেও লাভ হইলো না,এতো তেল মেরে চাটা চাটি করেও লাভ হইলো না,1,0.8043334831522094
2 After Election,2_after_election,2752,"""দুঃখীত জনাব সবাই তেল বাজি পছন্দ করে না ,""",দুঃখীত জনাব সবাই তেল বাজি পছন্দ করে না,1,0.8635854087935207
2 After Election,2_after_election,2753,Fhaaaaaaaaaaaaaaaaaaaaaaaahhhhhhhhhhhhhhh,fhaaaaaaaaaaaaaaaaaaaaaaaahhhhhhhhhhhhhhh,0,0.2
2 After Election,2_after_election,2754,Good information congratulations to love,good information congratulations to love,3,0.5499742195389222
2 After Election,2_after_election,2755,সাহাবুদ্দুন Be like - এতো চেটে লাভ কি হলো,সাহাবুদ্দুন be like এতো চেটে লাভ কি হলো,1,0.6266895840492557
2 After Election,2_after_election,2756,সারকেস মঞ্চ অনুষ্ঠানের কিছু দ্রশ্য এইভাবে দেখবে জাতি বুজতে পারেনি,সারকেস মঞ্চ অনুষ্ঠানের কিছু দ্রশ্য এইভাবে দেখবে জাতি বুজতে পারেনি,4,0.7965371185157135
2 After Election,2_after_election,2757,নরেন্দ্র মোদি আমার আব্বা লাগে এই জন্য ইন্ডিয়াকে আমি সাপোর্ট করি,নরেন্দ্র মোদি আমার আব্বা লাগে এই জন্য ইন্ডিয়াকে আমি সাপোর্ট করি,2,0.7986433520307789
2 After Election,2_after_election,2758,Uni vlo,uni vlo,1,0.5999883974814852
2 After Election,2_after_election,2759,আহ্ এতো চেটেও লাভ হলো না,আহ্ এতো চেটেও লাভ হলো না,1,0.7003806459441941
2 After Election,2_after_election,2760,আহারে কাক্কু,আহারে কাক্কু,4,0.4018280980852981
2 After Election,2_after_election,2761,জামাতের আবেদন,জামাতের আবেদন,3,0.5965883835646643
2 After Election,2_after_election,2762,তাহলে তেলাই কাজ হয় নাই,তাহলে তেলাই কাজ হয় নাই,2,0.44825847924978757
2 After Election,2_after_election,2763,আহারে বেচারা কতো চেষ্টা করলো dr.muhammad yunus কে ভিলেন বানাতে শেষে মনে হয় নিজেই চেয়ার ধরে রাখতে পারবেনা,আহারে বেচারা কতো চেষ্টা করলো dr muhammad yunus কে ভিলেন বানাতে শেষে মনে হয় নিজেই চেয়ার ধরে রাখতে পারবেনা,2,0.46637703893730864
2 After Election,2_after_election,2764,Next Ami Bangladesh ar suwa poti Hoita chai,next ami bangladesh ar suwa poti hoita chai,1,0.5501226319212599
2 After Election,2_after_election,2765,Natun rastroproti chai na unakai raka din,natun rastroproti chai na unakai raka din,1,0.7333294813640241
2 After Election,2_after_election,2766,Tela shamlaw tel mairao kam oilona,tela shamlaw tel mairao kam oilona,1,0.599988287423824
2 After Election,2_after_election,2767,খাইছে রেহ! এত এত তেল মালিশ করেও কাজ হল না!,খাইছে রেহ এত এত তেল মালিশ করেও কাজ হল না,1,0.8994503695445628
2 After Election,2_after_election,2768,নোটিশের মালিক কেই নোটিশ,নোটিশের মালিক কেই নোটিশ,0,0.73077634931335
2 After Election,2_after_election,2769,ফাস্ট দ্রুত করেন,ফাস্ট দ্রুত করেন,2,0.7285021597979527
2 After Election,2_after_election,2770,সমঝোতার মাধ্যমে কি ওনাকে রাখা যেত না,সমঝোতার মাধ্যমে কি ওনাকে রাখা যেত না,2,0.47009373618507766
2 After Election,2_after_election,2771,এটা জনতার দাবী,এটা জনতার দাবী,1,0.5986935609908066
2 After Election,2_after_election,2772,এরাও খেলায় নিলো না!,এরাও খেলায় নিলো না,3,0.7292959938437709
2 After Election,2_after_election,2773,ব্যবহার শুধু করলো বুঝতে পারে নাই,ব্যবহার শুধু করলো বুঝতে পারে নাই,2,0.5229227398429435
2 After Election,2_after_election,2774,অপসারণ পরে ওর আগে বিচার হইতে হবে,অপসারণ পরে ওর আগে বিচার হইতে হবে,0,0.40522059484868544
2 After Election,2_after_election,2775,প্লান অনুযায়ী কাজ চলতেছে,প্লান অনুযায়ী কাজ চলতেছে,2,0.8376265319143377
2 After Election,2_after_election,2776,লেও ঠ্যালা,লেও ঠ্যালা,0,0.2
2 After Election,2_after_election,2777,দেশের ৯০% লোক বলে July CDI,দেশের লোক বলে july cdi,4,0.631617248945329
2 After Election,2_after_election,2778,মহতি উদ্যোগ,মহতি উদ্যোগ,0,0.2
2 After Election,2_after_election,2779,খাম্বার পা চেটেও শেষ অব্ধি গদি টিকিয়ে রাখা গেলো না।,খাম্বার পা চেটেও শেষ অব্ধি গদি টিকিয়ে রাখা গেলো না,3,0.5442164316622653
2 After Election,2_after_election,2780,Kon deshe bas kori raster prodhan k public bad dite chay,kon deshe bas kori raster prodhan k public bad dite chay,1,0.3999938738958815
2 After Election,2_after_election,2781,আমি তো রাষ্ট্রপতি তাকেই মেনে নিয়েছি এইতো থেকে যাবে,আমি তো রাষ্ট্রপতি তাকেই মেনে নিয়েছি এইতো থেকে যাবে,3,0.8346187967074868
2 After Election,2_after_election,2782,আলহামদুলিল্লাহ,আলহামদুলিল্লাহ,2,0.5999984371235062
2 After Election,2_after_election,2783,সংবিধানের বাইরে। সংবিধানের বাইরে কার্যকলাপ দেশের অবস্থা খারাপ করতে পারে।,সংবিধানের বাইরে সংবিধানের বাইরে কার্যকলাপ দেশের অবস্থা খারাপ করতে পারে,2,0.8081747724701285
2 After Election,2_after_election,2784,হেমায়েতপুর পৌঁছে দেন।,হেমায়েতপুর পৌঁছে দেন,2,0.5999972553120858
2 After Election,2_after_election,2785,গনহত্যায় এর দায় আছে …,গনহত্যায় এর দায় আছে,0,0.2
2 After Election,2_after_election,2786,বাংলাদেশের সংবিধান অনুযায়ী রাষ্ট্রপতিকে “জোর করে” অপসারণ করা সম্পূর্ণ অবৈধ এবং গুরুতর অপরাধ। বাংলাদেশের সংবিধান (গণপ্রজাতন্ত্…,বাংলাদেশের সংবিধান অনুযায়ী রাষ্ট্রপতিকে জোর করে অপসারণ করা সম্পূর্ণ অবৈধ এবং গুরুতর অপরাধ বাংলাদেশের সংবিধান গণপ্রজাতন্ত্,0,0.9267812229609571
2 After Election,2_after_election,2787,চুপ্পু সাহেব কে চুপ করিয়ে দিল কেন।,চুপ্পু সাহেব কে চুপ করিয়ে দিল কেন,4,0.8384909025199451
2 After Election,2_after_election,2788,আগের বাঘে খাইছেরে মনা!! এখন আর আগের নাই!!,আগের বাঘে খাইছেরে মনা এখন আর আগের নাই,2,0.7999335435285958
2 After Election,2_after_election,2789,Aree thaak oi thaaklee kufaa lagboo,aree thaak oi thaaklee kufaa lagboo,0,0.2
2 After Election,2_after_election,2790,গুড,গুড,1,0.5999935334448773
2 After Election,2_after_election,2791,আলহামদুলিল্লাহ,আলহামদুলিল্লাহ,2,0.5999984371235062
2 After Election,2_after_election,2792,সর্বশেষ একটা চাটাচাটি দিয়েছিল,সর্বশেষ একটা চাটাচাটি দিয়েছিল,1,0.5999973253739431
2 After Election,2_after_election,2793,Jak i have plan mone hoy success hbe,jak i have plan mone hoy success hbe,0,0.47618504757638946
2 After Election,2_after_election,2794,ছাগল এখন ঘেউ ঘেউ করবে শুধু,ছাগল এখন ঘেউ ঘেউ করবে শুধু,0,0.2
2 After Election,2_after_election,2795,মানি না মানবো না। আমাদের প্রিয় মানুষ থাকতেই হবে। উনি বীর।,মানি না মানবো না আমাদের প্রিয় মানুষ থাকতেই হবে উনি বীর,4,0.8656343099283308
2 After Election,2_after_election,2796,Kano fash koira disse tai ?,kano fash koira disse tai,1,0.5999904079106727
2 After Election,2_after_election,2797,আরে ভাই আপনারা ৭১ কে অস্বীকার করেন তবে আপনাদের কি হবে,আরে ভাই আপনারা কে অস্বীকার করেন তবে আপনাদের কি হবে,2,0.8654606144871144
2 After Election,2_after_election,2798,"""সেই লেবেলে চাটাচাটি হয়েছিল,লাভ,হলো না""",সেই লেবেলে চাটাচাটি হয়েছিল লাভ হলো না,1,0.8652891611062092
2 After Election,2_after_election,2799,তেল শেষ মেয়াদ ও শেষ,তেল শেষ মেয়াদ ও শেষ,3,0.6391907472487242
2 After Election,2_after_election,2800,ভারতের আরেকটা বিজয় মির্জা ফখরুল সাহেব রাষ্ট্রপতি।,ভারতের আরেকটা বিজয় মির্জা ফখরুল সাহেব রাষ্ট্রপতি,0,0.591932317984208
2 After Election,2_after_election,2801,এতো তেল মাখানো তে ও কাজ হলো না,এতো তেল মাখানো তে ও কাজ হলো না,1,0.6835270564830414
2 After Election,2_after_election,2802,থাকতে পারলো না মাঝখান থেকে মানসম্মান গেল,থাকতে পারলো না মাঝখান থেকে মানসম্মান গেল,1,0.5123337817665093
2 After Election,2_after_election,2803,ড.মোহাম্মদ ইউনুস হবে আগামীর রাষ্ট্রপতি,ড মোহাম্মদ ইউনুস হবে আগামীর রাষ্ট্রপতি,3,0.7995675269252845
2 After Election,2_after_election,2804,"""নারে তাগবির আল্লাহু আকবার ইনকিলাব-জিন্দাবাদ। দিল্লী না, ঢাকা? ঢাকা-ঢাকা। …""",নারে তাগবির আল্লাহু আকবার ইনকিলাব জিন্দাবাদ দিল্লী না ঢাকা ঢাকা ঢাকা,3,0.8664316491476113
2 After Election,2_after_election,2805,আইনি নোটিশে কি আসে যায়। রাষ্ট্রপতি অপসারণ পদ্ধতি ২টি। হয় উনি নিজে পদত্যাগ করবেন নয়তো সংসদ কর্তৃক অভিশংসন হবেন।,আইনি নোটিশে কি আসে যায় রাষ্ট্রপতি অপসারণ পদ্ধতি টি হয় উনি নিজে পদত্যাগ করবেন নয়তো সংসদ কর্তৃক অভিশংসন হবেন,0,0.5655605266848537
2 After Election,2_after_election,2806,এ্য চুপ্পু কাকু,এ্য চুপ্পু কাকু,3,0.40004154343351483
2 After Election,2_after_election,2807,হইচেনি এবার আহারে বেচারা শেষ বয়সে যা একটু চাটাচাটি করলো তাও কাজ হলো না।,হইচেনি এবার আহারে বেচারা শেষ বয়সে যা একটু চাটাচাটি করলো তাও কাজ হলো না,1,0.4729990031397418
2 After Election,2_after_election,2808,এইবার নিশ্চয়ই কিছু একটা আভাস পাচ্ছি আওয়ামীলীগ এর কেউ রাষ্ট্রপতি হয় কি না,এইবার নিশ্চয়ই কিছু একটা আভাস পাচ্ছি আওয়ামীলীগ এর কেউ রাষ্ট্রপতি হয় কি না,4,0.47153517105880555
2 After Election,2_after_election,2809,Ri৮,ri,0,0.2
2 After Election,2_after_election,2810,"""রাষ্ট্রপতি হওয়ার মতো মাত্র একজন যোগ্য স্টেটসম্যান দেশে খুঁজে পাওয়া যাবে বলে বিশ্বাস করি না,,,,""",রাষ্ট্রপতি হওয়ার মতো মাত্র একজন যোগ্য স্টেটসম্যান দেশে খুঁজে পাওয়া যাবে বলে বিশ্বাস করি না,2,0.43506975358632083
2 After Election,2_after_election,2811,পাগলি ক্ষীর খা,পাগলি ক্ষীর খা,1,0.5999966754487512
2 After Election,2_after_election,2812,আমরা তাকে চাই,আমরা তাকে চাই,3,0.4000193330505275
2 After Election,2_after_election,2813,মনে হয় তেল মারা কম হয়েছে তাই শেষ পর্যন্ত খালি হাতে ফিরতে হবে।,মনে হয় তেল মারা কম হয়েছে তাই শেষ পর্যন্ত খালি হাতে ফিরতে হবে,3,0.4550255663501404
2 After Election,2_after_election,2814,"""খেলা যে চলছে কোন লেবেলে এ, চাটাচাটি করেও লাভ হলো না""",খেলা যে চলছে কোন লেবেলে এ চাটাচাটি করেও লাভ হলো না,1,0.5657851095393805
2 After Election,2_after_election,2815,এইডা ব্যারিস্টার শাহরিয়ার কবিরের আইনি নোটিশ। এই ধরনের শত শত নোটিস দেয়া যায়।,এইডা ব্যারিস্টার শাহরিয়ার কবিরের আইনি নোটিশ এই ধরনের শত শত নোটিস দেয়া যায়,0,0.9105742581259829
2 After Election,2_after_election,2816,সিদ্দিক রে বসাইলে খারাপ হয়না,সিদ্দিক রে বসাইলে খারাপ হয়না,4,0.5994946394064848
2 After Election,2_after_election,2817,খায়রুল দেওয়ান কি ঘুমিয়ে আছে?,খায়রুল দেওয়ান কি ঘুমিয়ে আছে,0,0.3999746643044145
2 After Election,2_after_election,2818,"""এত চেটেও লাভ হলো না,""",এত চেটেও লাভ হলো না,1,0.8396964580166344
2 After Election,2_after_election,2819,ভালো খবর,ভালো খবর,3,0.7298379706448523
2 After Election,2_after_election,2820,পাগলের সুখ মনে মনে,পাগলের সুখ মনে মনে,0,0.8395446215354793
2 After Election,2_after_election,2821,চুপ্পুর গপ্পু হয়তো আর কাজে আসছে না,চুপ্পুর গপ্পু হয়তো আর কাজে আসছে না,3,0.6401586702104248
2 After Election,2_after_election,2822,এবার তারেক ডিম দিবে আপনাকেও মমে হয়,এবার তারেক ডিম দিবে আপনাকেও মমে হয়,4,0.35967709551177734
2 After Election,2_after_election,2823,জামাতি চাগুদের,জামাতি চাগুদের,0,0.2
2 After Election,2_after_election,2824,ডক্টর ইউনুস স্যার কে রাষ্ট্রপতি বানাইলে কেমন হয়ে,ডক্টর ইউনুস স্যার কে রাষ্ট্রপতি বানাইলে কেমন হয়ে,3,0.6943116329743119
2 After Election,2_after_election,2825,আইনি নোটিশ দিয়ে কি হবে উনি তো আইনের মাথা.....সংসদ না বসলে কোনো আইনি খাটবে না..।,আইনি নোটিশ দিয়ে কি হবে উনি তো আইনের মাথা সংসদ না বসলে কোনো আইনি খাটবে না,0,0.9102383184822961
2 After Election,2_after_election,2826,Ekdom thikase,ekdom thikase,0,0.2
2 After Election,2_after_election,2827,"""সংবিধান মোতাবেক তিনি রাষ্ট্রপতি থাকাকালীন, যে গণহত্যা হয়েছে সেটা কি অপরাধ নয়, রাষ্ট্রের জনগণের প্রতি কি তিনি কি ভূমিকা রেখেছ…""",সংবিধান মোতাবেক তিনি রাষ্ট্রপতি থাকাকালীন যে গণহত্যা হয়েছে সেটা কি অপরাধ নয় রাষ্ট্রের জনগণের প্রতি কি তিনি কি ভূমিকা রেখেছ,0,0.43829258967371104
2 After Election,2_after_election,2828,তেলে ভেজাল ছিল,তেলে ভেজাল ছিল,2,0.7323037456735552
2 After Election,2_after_election,2829,সহমত,সহমত,2,0.5999910295813788
2 After Election,2_after_election,2830,ডক্টর ইউনূস এর মত বিশ্বখ্যাত মানুষকে রাষ্ট্রপতি করা উচিত,ডক্টর ইউনূস এর মত বিশ্বখ্যাত মানুষকে রাষ্ট্রপতি করা উচিত,3,0.7023922121191817
2 After Election,2_after_election,2831,"""বাংলাদেশের সংবিধান অনুযায়ী, রাষ্ট্রপতি কে অপসারণ করার একটা মাধ্যম হলো অভিশংসিত করা। এটা তখনই পসিবল যখন তার বিরুদ্ধে সংবিধান লঙ…""",বাংলাদেশের সংবিধান অনুযায়ী রাষ্ট্রপতি কে অপসারণ করার একটা মাধ্যম হলো অভিশংসিত করা এটা তখনই পসিবল যখন তার বিরুদ্ধে সংবিধান লঙ,0,0.8470735233292223
2 After Election,2_after_election,2832,ঠিক আছে ভালো,ঠিক আছে ভালো,1,0.7284917335253175
2 After Election,2_after_election,2833,টেম্পু স্টানের পক্ষ থেকে শুভেচ্ছা,টেম্পু স্টানের পক্ষ থেকে শুভেচ্ছা,2,0.7333189506112361
2 After Election,2_after_election,2834,ফাইন,ফাইন,0,0.2
2 After Election,2_after_election,2835,কেমন লাগছে দাদা,কেমন লাগছে দাদা,4,0.7325540777027825
2 After Election,2_after_election,2836,খেলা যমে গি।,খেলা যমে গি,2,0.599998283633857
2 After Election,2_after_election,2837,গাছে কাঁঠাল গোঁফে তেল লাভ হবে না মহামান্য রাষ্ট্রপতি থাকবেন আমার তাই মনে হচ্ছে বিএনপি যদি সহযোগিতা না করতেন তাহলে আজকে সংবিধান…,গাছে কাঁঠাল গোঁফে তেল লাভ হবে না মহামান্য রাষ্ট্রপতি থাকবেন আমার তাই মনে হচ্ছে বিএনপি যদি সহযোগিতা না করতেন তাহলে আজকে সংবিধান,0,0.6584215490601854
2 After Election,2_after_election,2838,রাজাকার বনাম মুক্তিযুদ্ধ,রাজাকার বনাম মুক্তিযুদ্ধ,4,0.7313156433660778
2 After Election,2_after_election,2839,bishoyta holo..nice and attractive,bishoyta holo nice and attractive,4,0.8392645189796124
2 After Election,2_after_election,2841,ধন্যবাদ মাননীয় প্রধানমন্ত্রীকে। প্রত্যেক সেক্টরে ভালো লোক দরকার। বিশেষ করে যারা চামচামি না করে এমন ব্যক্তিকে দরকার।,ধন্যবাদ মাননীয় প্রধানমন্ত্রীকে প্রত্যেক সেক্টরে ভালো লোক দরকার বিশেষ করে যারা চামচামি না করে এমন ব্যক্তিকে দরকার,0,0.9252991542181501
2 After Election,2_after_election,2842,হুদাই প্রথম অধিবেশন ডাকার পর এমনিতেই নতুন রাষ্ট্পতি আসবে। এ সব যারা করতেছে তারা করতেছে নাটক,হুদাই প্রথম অধিবেশন ডাকার পর এমনিতেই নতুন রাষ্ট্পতি আসবে এ সব যারা করতেছে তারা করতেছে নাটক,3,0.540888809188818
2 After Election,2_after_election,2843,ইউনুস নাকি,ইউনুস নাকি,3,0.7327338005062691
2 After Election,2_after_election,2844,"""পুটকি টাও চাটছে,তাও লাভ হয় নাই""",পুটকি টাও চাটছে তাও লাভ হয় নাই,2,0.4258699915516636
2 After Election,2_after_election,2845,জ্বালা অন্তরে জ্বালা,জ্বালা অন্তরে জ্বালা,0,0.7333262902385016
2 After Election,2_after_election,2846,চুপ্পুর চাটা শেষ।,চুপ্পুর চাটা শেষ,3,0.5501078893932672
2 After Election,2_after_election,2847,সাহসী আইনজ্ঞ জনাব ব্যারিষ্টার শাহরিয়ারকে আন্তরিক ধন্যবাদ।,সাহসী আইনজ্ঞ জনাব ব্যারিষ্টার শাহরিয়ারকে আন্তরিক ধন্যবাদ,0,0.40019825033402295
2 After Election,2_after_election,2848,Kisuta alo dhaklam .... Gonvote er ray ta bastobaion kora houk …,kisuta alo dhaklam gonvote er ray ta bastobaion kora houk,1,0.7983464710774093
2 After Election,2_after_election,2849,"""এক চোর কে সরিয়ে। যেন আরেক চোর বসানো না হয়। সে দিক খেয়াল রাখা ধরকার,,""",এক চোর কে সরিয়ে যেন আরেক চোর বসানো না হয় সে দিক খেয়াল রাখা ধরকার,4,0.8991567165197311
2 After Election,2_after_election,2850,Constitution er kon dhara anusare?,constitution er kon dhara anusare,1,0.4002793175847663
2 After Election,2_after_election,2851,চাচা মনে করছিলো একটু তেল মারলে থাকতে পারবে।,চাচা মনে করছিলো একটু তেল মারলে থাকতে পারবে,1,0.5250619274692043
2 After Election,2_after_election,2852,পিনাকী কে রাষ্ট্রপতি করা হোক,পিনাকী কে রাষ্ট্রপতি করা হোক,3,0.7245013054858738
2 After Election,2_after_election,2853,পাবনার ঘী-তেও কাজ হইলো না আফসোস,পাবনার ঘী তেও কাজ হইলো না আফসোস,1,0.7325607064548608
2 After Election,2_after_election,2854,আহারে,আহারে,1,0.599955691886658
2 After Election,2_after_election,2855,কি চাটা চাটলো বাবারে বাবা তারপরেও লাভ হলোনা,কি চাটা চাটলো বাবারে বাবা তারপরেও লাভ হলোনা,1,0.8393807766581572
2 After Election,2_after_election,2856,"""কি লাভ হবে অঙ্গে ধরে নকল রুপের বায়না, ওরূপ দেখে চোখ ভোলেগো মন ভোলানো যায় না।""",কি লাভ হবে অঙ্গে ধরে নকল রুপের বায়না ওরূপ দেখে চোখ ভোলেগো মন ভোলানো যায় না,1,0.7062895234747739
2 After Election,2_after_election,2857,সবাই কতো খুশি কিন্তু কে নোটিশ দিলো এইটা কেউ জানেও না জানার চেষ্টাও করে না জ…,সবাই কতো খুশি কিন্তু কে নোটিশ দিলো এইটা কেউ জানেও না জানার চেষ্টাও করে না জ,0,0.5299182829443779
2 After Election,2_after_election,2858,ভালো কাজ,ভালো কাজ,1,0.7275825982669509
2 After Election,2_after_election,2859,আমাকে আলোচনায় রাখতে পারেন,আমাকে আলোচনায় রাখতে পারেন,2,0.7974378183786096
2 After Election,2_after_election,2860,অভিশংসন 200 ভোট দিলে হবে ভোট তো আছে 70 টা বাকি কি হবে।,অভিশংসন ভোট দিলে হবে ভোট তো আছে টা বাকি কি হবে,2,0.8640837158108076
2 After Election,2_after_election,2861,লীগেরা একটু গুহা থেকে বের হওয়া শুরু করছিলো। ধুর কি হয়ে যাচ্ছে এসব,লীগেরা একটু গুহা থেকে বের হওয়া শুরু করছিলো ধুর কি হয়ে যাচ্ছে এসব,4,0.9085457938035669
2 After Election,2_after_election,2862,"""থাকা না থাকা সমান কথা,,,,,""",থাকা না থাকা সমান কথা,1,0.7984563534902303
2 After Election,2_after_election,2863,"""জনগণ আসল গেমটা বুঝলো না,,, এগুলোকে দিয়ে হাসিনার বিরুদ্ধে সাক্ষী দিয়ে নিয়েছে""",জনগণ আসল গেমটা বুঝলো না এগুলোকে দিয়ে হাসিনার বিরুদ্ধে সাক্ষী দিয়ে নিয়েছে,2,0.863545369950698
2 After Election,2_after_election,2864,আবার তাকেই করা হবে,আবার তাকেই করা হবে,0,0.7283937967701476
2 After Election,2_after_election,2865,কোথাকার আইনজীবী নোটিস পাঠিয়েছে। সরকার কোন পদক্ষেপ নেয়নি।,কোথাকার আইনজীবী নোটিস পাঠিয়েছে সরকার কোন পদক্ষেপ নেয়নি,0,0.6524196463465389
2 After Election,2_after_election,2866,জুলাই চেতনায় আঘাত লেগেছে।,জুলাই চেতনায় আঘাত লেগেছে,4,0.5964057309413603
2 After Election,2_after_election,2867,ওয়াউ না?,ওয়াউ না,0,0.2
2 After Election,2_after_election,2868,কোনোভাবে কি আমাকে রাষ্ট্রপতি বানানো যায়?,কোনোভাবে কি আমাকে রাষ্ট্রপতি বানানো যায়,3,0.5491234480005798
2 After Election,2_after_election,2869,আলহামদুলিললা,আলহামদুলিললা,0,0.2
2 After Election,2_after_election,2870,"""চাটা পছন্দ হয়নি সম্ভবত,,,সাদা মোচ ফুটেছে,,,""",চাটা পছন্দ হয়নি সম্ভবত সাদা মোচ ফুটেছে,4,0.5325921582488814
2 After Election,2_after_election,2871,"""যাহ,,,,খেলা শেষ""",যাহ খেলা শেষ,3,0.4000273085272051
2 After Election,2_after_election,2872,পুক্কু,পুক্কু,0,0.2
2 After Election,2_after_election,2873,ধন্যবাদ,ধন্যবাদ,0,0.599995510068431
2 After Election,2_after_election,2874,চপ্পু,চপ্পু,0,0.2
2 After Election,2_after_election,2875,কার পাছা গেছে কার টেবিলে খেলা আজ চলছে কোন লেভেলে,কার পাছা গেছে কার টেবিলে খেলা আজ চলছে কোন লেভেলে,2,0.8997253805604856
2 After Election,2_after_election,2876,রাষ্ট্রপ্রতিকে অপসারণ করলে সংবিধান সংকট হবে! বিএনপির সংবিধানের কি হবে তা-হলে,রাষ্ট্রপ্রতিকে অপসারণ করলে সংবিধান সংকট হবে বিএনপির সংবিধানের কি হবে তা হলে,0,0.7227143276741173
2 After Election,2_after_election,2877,পিনাকি গতকালকে চুপ্পুকে জয় বাংলা করার পর বিএনপি থেকেও জয় বাংলা হয়ে গেল....,পিনাকি গতকালকে চুপ্পুকে জয় বাংলা করার পর বিএনপি থেকেও জয় বাংলা হয়ে গেল,4,0.9380828057277579
2 After Election,2_after_election,2878,এইসব ভন্ডামি আমরা আগেই জানতাম,এইসব ভন্ডামি আমরা আগেই জানতাম,4,0.4001592190676021
2 After Election,2_after_election,2879,ইউসুফ সরকার তাকে ক্ষমতায় থকতে দিচ্ছে না,ইউসুফ সরকার তাকে ক্ষমতায় থকতে দিচ্ছে না,4,0.8377912200188241
2 After Election,2_after_election,2880,আলহামদুলিল্লাহ,আলহামদুলিল্লাহ,2,0.5999984371235062
2 After Election,2_after_election,2881,মন খারাপের ছবি!!,মন খারাপের ছবি,4,0.4003264525068451
2 After Election,2_after_election,2882,Nahid Islam effect,nahid islam effect,1,0.5999904261620111
2 After Election,2_after_election,2883,কোন সংবিধানের আলোকে রাষ্ট্রপতিকে অপসারণ করবেন?,কোন সংবিধানের আলোকে রাষ্ট্রপতিকে অপসারণ করবেন,0,0.8655806512974642
2 After Election,2_after_election,2884,এসব নিউজ দেখতে আমার ভাল লাগে না,এসব নিউজ দেখতে আমার ভাল লাগে না,1,0.45731933388517115
2 After Election,2_after_election,2885,তেলে কাম হইল না,তেলে কাম হইল না,0,0.7989844338273798
2 After Election,2_after_election,2886,দিক আছে good news,দিক আছে good news,0,0.509014808696674
2 After Election,2_after_election,2887,৭১কে অসম্মান করার জন্য আগে ব্যারিস্টার শাহরিয়ার কবির এর বিচার হওয়া দরকার । আর তাদের দলকে নিষিদ্ধ করা হোক।,কে অসম্মান করার জন্য আগে ব্যারিস্টার শাহরিয়ার কবির এর বিচার হওয়া দরকার আর তাদের দলকে নিষিদ্ধ করা হোক,0,0.918768614860107
2 After Election,2_after_election,2888,চলিতেছে সার্কাস,চলিতেছে সার্কাস,2,0.7333254355469523
2 After Election,2_after_election,2889,সংসদ অধিবেশন নতুন রাষ্ট্রপতি হবে।,সংসদ অধিবেশন নতুন রাষ্ট্রপতি হবে,3,0.45372355115021484
2 After Election,2_after_election,2890,বারোর ভাইকে চাই,বারোর ভাইকে চাই,3,0.7308472168412817
2 After Election,2_after_election,2891,সহমত,সহমত,2,0.5999910295813788
2 After Election,2_after_election,2892,এই মাল কে আরও আগে সরাইতে হইত বড্ড দেরি হয়ে গেল,এই মাল কে আরও আগে সরাইতে হইত বড্ড দেরি হয়ে গেল,2,0.4680019198479384
2 After Election,2_after_election,2893,ভালের নোটিশ,ভালের নোটিশ,0,0.5999985877286393
2 After Election,2_after_election,2894,"""অপসরণ যদি করতেই হয়, মহামান্য রাষ্ট্রপতিকে সম্মানের সহিত অপসারণ করা এদেশের জনগণের দাবি""",অপসরণ যদি করতেই হয় মহামান্য রাষ্ট্রপতিকে সম্মানের সহিত অপসারণ করা এদেশের জনগণের দাবি,0,0.864964748223945
2 After Election,2_after_election,2895,জীবনডা বেদনা,জীবনডা বেদনা,0,0.2
2 After Election,2_after_election,2896,"""তারপরের সিরিয়াল মনে হয় আমাদের ওয়াকারুজ্জামানের,,""",তারপরের সিরিয়াল মনে হয় আমাদের ওয়াকারুজ্জামানের,0,0.5970572316020212
2 After Election,2_after_election,2897,আহারে এতো চেটেও টিকতে পারলো না,আহারে এতো চেটেও টিকতে পারলো না,1,0.8665992284370643
2 After Election,2_after_election,2898,আলহামদুলিল্লাহ,আলহামদুলিল্লাহ,2,0.5999984371235062
2 After Election,2_after_election,2899,ইন্নালিল্লাহে ওয়াইন্না ইলাইহে রাজিউন।,ইন্নালিল্লাহে ওয়াইন্না ইলাইহে রাজিউন,0,0.2
2 After Election,2_after_election,2900,তাইলে কি আর তার হাতের চতুর্থ শপথ আমরা দেখতে পারবোনা,তাইলে কি আর তার হাতের চতুর্থ শপথ আমরা দেখতে পারবোনা,3,0.8374264833329156
2 After Election,2_after_election,2901,যতই চাটা চাটি কর আর রেহাই হবে না কাক্বু এখন বিন্দাবন যাও,যতই চাটা চাটি কর আর রেহাই হবে না কাক্বু এখন বিন্দাবন যাও,1,0.4327418771807788
2 After Election,2_after_election,2902,মুরগি ডাক দিল,মুরগি ডাক দিল,4,0.7320969933032504
2 After Election,2_after_election,2903,এত ত্যাল দিয়ে তবে কি কোন লাভ ই হইলো না?,এত ত্যাল দিয়ে তবে কি কোন লাভ ই হইলো না,1,0.8389216783173818
2 After Election,2_after_election,2904,আহারে লোকটা আরও কিছু থাকার জন্যে কত কিছুই না বললেন,আহারে লোকটা আরও কিছু থাকার জন্যে কত কিছুই না বললেন,4,0.7160905588324679
2 After Election,2_after_election,2905,এই আইনি নোটিসে রাষ্ট্রপতির কিছুই যায় আসে না। আর উনি জুলাই নিয়ে কোনো নেগেটিভ মন্তব্য করে নাই। উনি শুধু উনার সাথে ইউনূস কি আচর…,এই আইনি নোটিসে রাষ্ট্রপতির কিছুই যায় আসে না আর উনি জুলাই নিয়ে কোনো নেগেটিভ মন্তব্য করে নাই উনি শুধু উনার সাথে ইউনূস কি আচর,4,0.6199762504538142
2 After Election,2_after_election,2906,যেমন রাস্ট্রপতি তেমনই নোটিশ!একজন রাস্ট্রপতি তার নিজের গোপনীয়তার শপথ ভঙ্গ করে সশস্ত্রবাহিনীকে নিয়ে এবং সদ্য সরকার গঠন করা একটা …,যেমন রাস্ট্রপতি তেমনই নোটিশ একজন রাস্ট্রপতি তার নিজের গোপনীয়তার শপথ ভঙ্গ করে সশস্ত্রবাহিনীকে নিয়ে এবং সদ্য সরকার গঠন করা একটা,0,0.9189750661711621
2 After Election,2_after_election,2907,নিউজ হেডলাইন দেখে নয় চিপায় গিয়ে দেখতে হয় আমাদের নিউজ মিডিয়ায় কি সেটা তো ভিতরের না গেলে বুঝবেন না।,নিউজ হেডলাইন দেখে নয় চিপায় গিয়ে দেখতে হয় আমাদের নিউজ মিডিয়ায় কি সেটা তো ভিতরের না গেলে বুঝবেন না,3,0.7193814830357209
2 After Election,2_after_election,2908,নেক্সট ওয়াকারউজ্জামান।,নেক্সট ওয়াকারউজ্জামান,0,0.2
2 After Election,2_after_election,2909,জালা রে জ্বালা অন্তর জ্বালা।,জালা রে জ্বালা অন্তর জ্বালা,0,0.7333262902385016
2 After Election,2_after_election,2910,বটতলার উকিলের অভাব নাই দেশে মনে হয়।,বটতলার উকিলের অভাব নাই দেশে মনে হয়,2,0.592651136040885
2 After Election,2_after_election,2911,টিকি আছে হ্যা থাকলে কই পর আবার জুলাই হবে,টিকি আছে হ্যা থাকলে কই পর আবার জুলাই হবে,4,0.8834688009683987
2 After Election,2_after_election,2912,Mojlum er opor julum kn Sobai vag kore khao…,mojlum er opor julum kn sobai vag kore khao,1,0.733330871641252
2 After Election,2_after_election,2913,এটাই সাভাবিক প্রক্রিয়া।,এটাই সাভাবিক প্রক্রিয়া,3,0.7324641892143793
2 After Election,2_after_election,2914,সম্পর্ক বদলে গেল একটি পলকে,সম্পর্ক বদলে গেল একটি পলকে,1,0.6398682061196759
2 After Election,2_after_election,2915,খেলা জমে ক্ষির!!!!,খেলা জমে ক্ষির,2,0.599998283633857
2 After Election,2_after_election,2916,Chobi nam dhora,chobi nam dhora,0,0.2
2 After Election,2_after_election,2917,নোটিশ দিয়েছেন কে সাওয়ার কবির,নোটিশ দিয়েছেন কে সাওয়ার কবির,0,0.7997096220276803
2 After Election,2_after_election,2918,ছ্যছড়া রাস্ট্রপতি,ছ্যছড়া রাস্ট্রপতি,3,0.5983011748427386
2 After Election,2_after_election,2919,উনাকে পরিবর্তন করাটাই জাতির জন্য মঙ্গল,উনাকে পরিবর্তন করাটাই জাতির জন্য মঙ্গল,3,0.8369380609831277
2 After Election,2_after_election,2920,ব্যারিস্টার সাহেবকে রাষ্ট্রপতি বানালে কেমন হয়? এতে খুব তাড়াতাড়ি আমরা ৫৫ বছর পিছিয়ে যেতে পারবো! …,ব্যারিস্টার সাহেবকে রাষ্ট্রপতি বানালে কেমন হয় এতে খুব তাড়াতাড়ি আমরা বছর পিছিয়ে যেতে পারবো,3,0.9099530728761674
2 After Election,2_after_election,2921,কাজের কাজ,কাজের কাজ,4,0.7247354193131745
2 After Election,2_after_election,2922,"""নোটিশ দিলটা কে তাতো জানা দরকার, অনেক ধরনের নোটিশ আছে""",নোটিশ দিলটা কে তাতো জানা দরকার অনেক ধরনের নোটিশ আছে,0,0.8662009902092545
2 After Election,2_after_election,2923,ইউনুস কে রাষ্ট্রপ্রতি হিসাবে দেখতে চাই,ইউনুস কে রাষ্ট্রপ্রতি হিসাবে দেখতে চাই,3,0.8665069218785968
2 After Election,2_after_election,2924,তেল এর দাম কম,তেল এর দাম কম,1,0.40009374496133193
2 After Election,2_after_election,2925,আহারে ঝড় তুলবে কে তাহলে?,আহারে ঝড় তুলবে কে তাহলে,1,0.7288050353427156
2 After Election,2_after_election,2926,ধন্যবাদ Thank you. Al Jazeera English …,ধন্যবাদ thank you al jazeera english,0,0.4000664346258394
2 After Election,2_after_election,2927,খেলা চলছে সেই লেবেলে,খেলা চলছে সেই লেবেলে,2,0.7997670787336099
2 After Election,2_after_election,2928,Sifat Hasan Mohammad Omor Faroq khela sesh out,sifat hasan mohammad omor faroq khela sesh out,1,0.5999849268287765
2 After Election,2_after_election,2929,তেলেসমাতি কাজে আসবে না মনে হয় কদমবুসি বাবার।,তেলেসমাতি কাজে আসবে না মনে হয় কদমবুসি বাবার,1,0.48727884913037095
2 After Election,2_after_election,2930,এখন কেনো অপসারণ? আবার মিডিয়ার মাধ্যমে সেটাকে সহজলভ্য করা হচ্ছে। ৫ আগষ্টের পর যখন ছাত্ররা আন্দোলন করেছিলো তাকে সরানোর জন্য তখন…,এখন কেনো অপসারণ আবার মিডিয়ার মাধ্যমে সেটাকে সহজলভ্য করা হচ্ছে আগষ্টের পর যখন ছাত্ররা আন্দোলন করেছিলো তাকে সরানোর জন্য তখন,4,0.6897374478463669
2 After Election,2_after_election,2931,খেলা পুরাই ফুলল হয়ে গেল,খেলা পুরাই ফুলল হয়ে গেল,4,0.5324333625664968
2 After Election,2_after_election,2932,পাপ্পু স্যার আমার প্রিয় একজন ব্যক্তি,পাপ্পু স্যার আমার প্রিয় একজন ব্যক্তি,0,0.5166315095267429
2 After Election,2_after_election,2933,আমার আরো মেয়াদ আছে …,আমার আরো মেয়াদ আছে,4,0.43721229972185643
2 After Election,2_after_election,2934,"""ব্যক্তিকে মর্যাদা না দিলেও আইনে আছে পদকে মর্যাদা না দিলে আইন লঙ্ঘন হয়। যেখানে রাষ্ট্রপতির নামের আগে মহামান্য লিখতে হয়, সেখানে …""",ব্যক্তিকে মর্যাদা না দিলেও আইনে আছে পদকে মর্যাদা না দিলে আইন লঙ্ঘন হয় যেখানে রাষ্ট্রপতির নামের আগে মহামান্য লিখতে হয় সেখানে,2,0.9185370567515185
2 After Election,2_after_election,2935,চুপ্পু সাহেব বাকি জীবন পাবনায় কাটান মানে নিজ গ্রামের বাড়িতে,চুপ্পু সাহেব বাকি জীবন পাবনায় কাটান মানে নিজ গ্রামের বাড়িতে,0,0.5644919320445347
2 After Election,2_after_election,2936,See you not for mind have a relax,see you not for mind have a relax,1,0.4001258334144185
2 After Election,2_after_election,2937,রাষ্ট্রপতি ইউনূসের সব অপকর্ম প্রকাশ করে দিচ্ছে তাই তাকে তাড়াতাড়ি সরিয়ে দেওয়া পায়তারা চলছে,রাষ্ট্রপতি ইউনূসের সব অপকর্ম প্রকাশ করে দিচ্ছে তাই তাকে তাড়াতাড়ি সরিয়ে দেওয়া পায়তারা চলছে,4,0.4075765812291336
2 After Election,2_after_election,2938,পরিবতন করেই এগিয়ে যেতে হবে।,পরিবতন করেই এগিয়ে যেতে হবে,0,0.7320725306353837
2 After Election,2_after_election,2939,আইনজীবী মুরগী কবির।,আইনজীবী মুরগী কবির,0,0.7332574937568499
2 After Election,2_after_election,2940,কেন বাদ দিবেন কত ভালো মানুষ…,কেন বাদ দিবেন কত ভালো মানুষ,1,0.5183833831145953
2 After Election,2_after_election,2941,কালের কণ্ঠ পত্রিকার কি হবে এবার!,কালের কণ্ঠ পত্রিকার কি হবে এবার,4,0.5973090056006195
2 After Election,2_after_election,2942,চুপ্পুর টাইম শেষ,চুপ্পুর টাইম শেষ,3,0.7333309552698805
2 After Election,2_after_election,2943,অতি তারাতাড়ি করতে হবে,অতি তারাতাড়ি করতে হবে,2,0.7294764592043652
2 After Election,2_after_election,2944,বিএনপিকে যে লেভেলের চাটা দিছে তাতে করে ওনাকে ১ টার্ম না রাখলে বিশাল অন্যায় হয়ে যায়,বিএনপিকে যে লেভেলের চাটা দিছে তাতে করে ওনাকে টার্ম না রাখলে বিশাল অন্যায় হয়ে যায়,1,0.601377593819798
2 After Election,2_after_election,2945,"""রাষ্ট্রপতির ব্যাপারে,,, কোনো প্রকার আইনি নোটিশ চলে না, রাষ্ট্রপতি নিজেই একটা আইন।""",রাষ্ট্রপতির ব্যাপারে কোনো প্রকার আইনি নোটিশ চলে না রাষ্ট্রপতি নিজেই একটা আইন,0,0.5849462344733768
2 After Election,2_after_election,2946,চুপ্পু বুজে নাই খেলা যে কোন লেভেল এ চলছে আম…,চুপ্পু বুজে নাই খেলা যে কোন লেভেল এ চলছে আম,2,0.736933438643817
2 After Election,2_after_election,2947,"""বাঙুরা আগে নিউজ পড়ো, পরে লাফাইয়ো""",বাঙুরা আগে নিউজ পড়ো পরে লাফাইয়ো,3,0.7333252903890908
2 After Election,2_after_election,2948,২৮ সাল পর্যন্ত থাকবে এখুনি নামবে মানে,সাল পর্যন্ত থাকবে এখুনি নামবে মানে,2,0.8357968577936752
2 After Election,2_after_election,2949,এত কোথায় ছিল এরা?,এত কোথায় ছিল এরা,1,0.7324806929983861
2 After Election,2_after_election,2950,Nice & Attractive,nice attractive,4,0.7333280083887038
2 After Election,2_after_election,2951,ব্যারিস্টার শাহরিয়ার আর খাই কাম কি আছে,ব্যারিস্টার শাহরিয়ার আর খাই কাম কি আছে,0,0.8399101678891954
2 After Election,2_after_election,2952,বেচারা তেল বাজি করেও রেহাই পেল না।,বেচারা তেল বাজি করেও রেহাই পেল না,1,0.8663624063790685
2 After Election,2_after_election,2953,যথা উপযোগী উদ্যোগ নেওয়ার জন্য ধন্যবাদ।,যথা উপযোগী উদ্যোগ নেওয়ার জন্য ধন্যবাদ,0,0.4002155602820092
2 After Election,2_after_election,2954,আহারে তেল দিয়েও লাভ হলো না,আহারে তেল দিয়েও লাভ হলো না,1,0.8666188684324584
2 After Election,2_after_election,2955,চাটাচাটি বন্ধ হবে তাহলে,চাটাচাটি বন্ধ হবে তাহলে,1,0.7972969530795745
2 After Election,2_after_election,2956,উচিৎ কাজ হয়েছে।,উচিৎ কাজ হয়েছে,4,0.7245580059156216
2 After Election,2_after_election,2957,ইউনুস কে চাই আমরা,ইউনুস কে চাই আমরা,3,0.7333297258407235
2 After Election,2_after_election,2958,মাননীয় রাষ্ট্রপতি অনেক চেষ্টা করছে থাকার জন্য কিন্তু হলো না।,মাননীয় রাষ্ট্রপতি অনেক চেষ্টা করছে থাকার জন্য কিন্তু হলো না,0,0.5307245334169545
2 After Election,2_after_election,2959,insaf kari man ke daoa hok,insaf kari man ke daoa hok,1,0.39999487935964734
2 After Election,2_after_election,2960,শেষ রক্ষা হলো না,শেষ রক্ষা হলো না,3,0.7969176754546842
2 After Election,2_after_election,2961,খেলা চলতাছে অন্য লেভেলে ।,খেলা চলতাছে অন্য লেভেলে,2,0.5501099212984307
2 After Election,2_after_election,2962,নতুন রাষ্ট্রপতি হিসেবে প্রফেসর মোঃ ইউনুছ স্যারকেই দেখতে চায় জনগণ,নতুন রাষ্ট্রপতি হিসেবে প্রফেসর মোঃ ইউনুছ স্যারকেই দেখতে চায় জনগণ,3,0.724086116635079
2 After Election,2_after_election,2963,কঠিন মিরাক্কেল! চলতাছে।,কঠিন মিরাক্কেল চলতাছে,0,0.2
2 After Election,2_after_election,2964,ইস চাটাচাটি করেও লাভ হলো না হইত,ইস চাটাচাটি করেও লাভ হলো না হইত,1,0.7032806731954887
2 After Election,2_after_election,2965,নোটিশটি পাঠিয়েছে আবার ব্যারিস্টার শাহরিয়ার,নোটিশটি পাঠিয়েছে আবার ব্যারিস্টার শাহরিয়ার,0,0.5569719471720738
2 After Election,2_after_election,2966,এইটা কি ছাগল শাহরিয়ার কবিরের কাজ?,এইটা কি ছাগল শাহরিয়ার কবিরের কাজ,0,0.39995647997813183
2 After Election,2_after_election,2967,সেনা প্রধান কেও সরাতে হবে।,সেনা প্রধান কেও সরাতে হবে,4,0.7997828928224977
2 After Election,2_after_election,2968,আবারও ফিরে দেখান নতুন রাষ্ট্রপতি হিসাবে ড. মুহাম্মদ ইউনূস স্যার কে উনাকে দিলে দেশ অনেক দূর এগিয়ে যাবে,আবারও ফিরে দেখান নতুন রাষ্ট্রপতি হিসাবে ড মুহাম্মদ ইউনূস স্যার কে উনাকে দিলে দেশ অনেক দূর এগিয়ে যাবে,3,0.9411305451121653
2 After Election,2_after_election,2969,লও ঠেলা,লও ঠেলা,0,0.2
2 After Election,2_after_election,2970,খেলা হবে,খেলা হবে,2,0.599998283633857
2 After Election,2_after_election,2971,কে হতে যাচ্ছেন সেই কলার গাছ যার কোন কাজ নাই। শুধুমাত্র বসে বসে ঘুমানো,কে হতে যাচ্ছেন সেই কলার গাছ যার কোন কাজ নাই শুধুমাত্র বসে বসে ঘুমানো,2,0.48248354565688495
2 After Election,2_after_election,2972,রামাদানে ভাজা পোড়া কম খাওয়া ভালো তাই এই ব্যবস্থা,রামাদানে ভাজা পোড়া কম খাওয়া ভালো তাই এই ব্যবস্থা,4,0.799426214343171
2 After Election,2_after_election,2973,পুকিটা,পুকিটা,0,0.2
2 After Election,2_after_election,2974,"""কমেন্ট করতে এসে দেখলাম বাংলাদেশের ৮০% লোক অশিক্ষিত। কারন তারা হয় পুরো আর্টিকেল পড়ে না, শুধু শিরোনাম দেখে কমেন্ট করে, না হয় পড়ে…""",কমেন্ট করতে এসে দেখলাম বাংলাদেশের লোক অশিক্ষিত কারন তারা হয় পুরো আর্টিকেল পড়ে না শুধু শিরোনাম দেখে কমেন্ট করে না হয় পড়ে,4,0.9419899052373568
2 After Election,2_after_election,2975,শেষে এসে চামচামি করেও লাভ হলো না,শেষে এসে চামচামি করেও লাভ হলো না,1,0.5983734796494051
2 After Election,2_after_election,2976,"""জাস্ট এ লিগ্যাল নোটিশ, তার জন্য দুনিয়া শেষ।""",জাস্ট এ লিগ্যাল নোটিশ তার জন্য দুনিয়া শেষ,3,0.40001951432316313
2 After Election,2_after_election,2977,"""পা চাটার দলের সক্রিয় সদস্য, শেষ মূহর্তে এসেও সর্বোচ্য মানের তেল দিয়েও কোন লাফ হলো না। হলো শুধু অভ্যাস টা ঠিক রাখা""",পা চাটার দলের সক্রিয় সদস্য শেষ মূহর্তে এসেও সর্বোচ্য মানের তেল দিয়েও কোন লাফ হলো না হলো শুধু অভ্যাস টা ঠিক রাখা,1,0.5309796848671626
2 After Election,2_after_election,2978,আহ্!!!!,আহ্,2,0.5999938089601551
2 After Election,2_after_election,2979,Date over gaja khaisa mone hoi,date over gaja khaisa mone hoi,4,0.7331439164067824
2 After Election,2_after_election,2980,বাংলাদেশে অসংখ্য আইন। আইনের পরিমাণ এত যে পৃথিবীর সমস্ত দেশের আইন একত্রিত করলেও বাংলাদেশ সমান হবে না।,বাংলাদেশে অসংখ্য আইন আইনের পরিমাণ এত যে পৃথিবীর সমস্ত দেশের আইন একত্রিত করলেও বাংলাদেশ সমান হবে না,3,0.9321438085418604
2 After Election,2_after_election,2981,এই দেশেরও আবার আইন আছে তাও আবার রাষ্ট্রপতিকে অপসারণের। যে দেশে কিনা হাইকোর্টের রায় একটা ওয়ার্ড কমিশনার গণেনা।,এই দেশেরও আবার আইন আছে তাও আবার রাষ্ট্রপতিকে অপসারণের যে দেশে কিনা হাইকোর্টের রায় একটা ওয়ার্ড কমিশনার গণেনা,0,0.4816950093033791
2 After Election,2_after_election,2982,Very good step….,very good step,0,0.5999965747691249
2 After Election,2_after_election,2983,"""তারেক আব্বা চুপ্পুকে খেলায় নেয় নি...,""",তারেক আব্বা চুপ্পুকে খেলায় নেয় নি,3,0.603784568150354
2 After Election,2_after_election,2984,কার পাশা কাল টেবিলে যায় খেলা যে কোন লেভেলে চলছে বোঝা বড় দায়,কার পাশা কাল টেবিলে যায় খেলা যে কোন লেভেলে চলছে বোঝা বড় দায়,2,0.7875900515097782
2 After Election,2_after_election,2985,He is better than Mr sahaharier,he is better than mr sahaharier,1,0.5993921373711338
2 After Election,2_after_election,2986,ভালোই হয়েছে,ভালোই হয়েছে,1,0.5969609134027622
2 After Election,2_after_election,2987,হুম তা যেন দ্রুততার সহিত হয়,হুম তা যেন দ্রুততার সহিত হয়,0,0.728059111639824
2 After Election,2_after_election,2988,Nice news,nice news,4,0.40007555934773115
2 After Election,2_after_election,2989,জিব্বা কি আছে নাকি শেষ?,জিব্বা কি আছে নাকি শেষ,3,0.7327345136887354
2 After Election,2_after_election,2990,Veery Good,veery good,0,0.5999965747691249
2 After Election,2_after_election,2991,আহারে ঈদের নামাজ পরার সুযোগটাও পাবেনা মনে হয়,আহারে ঈদের নামাজ পরার সুযোগটাও পাবেনা মনে হয়,1,0.5895465299849217
2 After Election,2_after_election,2992,"""সবই ম্যাপ অনুযায়ী হচ্ছে,প্রথমত সাধারণ ছাত্র সমাজ অতঃপর বৈষম্য বিরোধী হয়ে জোট অতঃপর ১৫ বছরের প্রতিষ্ঠিত সরকার প্রশাসন এবং দেশ…""",সবই ম্যাপ অনুযায়ী হচ্ছে প্রথমত সাধারণ ছাত্র সমাজ অতঃপর বৈষম্য বিরোধী হয়ে জোট অতঃপর বছরের প্রতিষ্ঠিত সরকার প্রশাসন এবং দেশ,2,0.5731240716745458
2 After Election,2_after_election,2993,আয় হায় ধরায় দিলো,আয় হায় ধরায় দিলো,3,0.5234020589574825
2 After Election,2_after_election,2994,সেই দুঃখ দিয়েই দিল পরকীয়ায় লাভ হলো না,সেই দুঃখ দিয়েই দিল পরকীয়ায় লাভ হলো না,1,0.5506622286750604
2 After Election,2_after_election,2995,Akdom thik ache,akdom thik ache,1,0.5999942578635252
2 After Election,2_after_election,2996,"""তেলে মনে হয় ভেজাল ছিলো,,,ঠিক মতো মারতে পারে নাই।""",তেলে মনে হয় ভেজাল ছিলো ঠিক মতো মারতে পারে নাই,2,0.5024161976644359
2 After Election,2_after_election,2997,"""আহারে, বেকার তেল মারলো লোকটা""",আহারে বেকার তেল মারলো লোকটা,1,0.8398024893880884
2 After Election,2_after_election,2998,বালস্টার কবিরের নোটিশ,বালস্টার কবিরের নোটিশ,0,0.5999985877286393
2 After Election,2_after_election,2999,"""আবেদন কি করতে পারবো রাষ্ট্রপতির প্রার্থী হিসাবে,,?""",আবেদন কি করতে পারবো রাষ্ট্রপতির প্রার্থী হিসাবে,2,0.8645801989511647
2 After Election,2_after_election,3000,Good disishan to make you.,good disishan to make you,0,0.30007032748999396
2 After Election,2_after_election,3001,এবার লাইনে আসছে,এবার লাইনে আসছে,3,0.5314430119795999
2 After Election,2_after_election,3002,Ekhn perfect,ekhn perfect,0,0.2
2 After Election,2_after_election,3003,রাজাকারের বাচ্চাদেড় গায়ে আগুন ধরেসে,রাজাকারের বাচ্চাদেড় গায়ে আগুন ধরেসে,0,0.40044484370501476
2 After Election,2_after_election,3004,বাবার আওয়ামী লীগ ভিটামিন ট্যাবলেট মনে হয় কাজে লাগে নাই,বাবার আওয়ামী লীগ ভিটামিন ট্যাবলেট মনে হয় কাজে লাগে নাই,1,0.7625266988294739
2 After Election,2_after_election,3005,জামাত জানেনা যে সংবিধান লংঘন করলে তার পরিনতি কি হয়।বিএন পির ঠেকা পড়ে নাই জামাতের দায়ভার নিবে।লাফালাফি করে লাভ নাই,জামাত জানেনা যে সংবিধান লংঘন করলে তার পরিনতি কি হয় বিএন পির ঠেকা পড়ে নাই জামাতের দায়ভার নিবে লাফালাফি করে লাভ নাই,0,0.5417558651606481
2 After Election,2_after_election,3006,"""চুপ্পু সাহেব অনেক চেষ্টা করেছিলেন বহাল থাকার জন্য কিন্তু ভাগ্যের নির্মম পরিহাস তিনি আর থাকতে পারলেন না, সত্যিই কষ্টকর।""",চুপ্পু সাহেব অনেক চেষ্টা করেছিলেন বহাল থাকার জন্য কিন্তু ভাগ্যের নির্মম পরিহাস তিনি আর থাকতে পারলেন না সত্যিই কষ্টকর,4,0.8613762606115503
2 After Election,2_after_election,3007,"""উনি একজন ভালো মানুষ। রাজনীতির শিকার যেন না হয়, সত্যের জয় হোক।""",উনি একজন ভালো মানুষ রাজনীতির শিকার যেন না হয় সত্যের জয় হোক,4,0.884324807834113
2 After Election,2_after_election,3008,আহারে তেল বেশি দিতে গিয়ে পিছলা খেয়ে পড়ে গেলো বেচারা,আহারে তেল বেশি দিতে গিয়ে পিছলা খেয়ে পড়ে গেলো বেচারা,1,0.9191626295426581
2 After Election,2_after_election,3009,এভাবে আইনী নোটিশ দিয়ে রাষ্ট্রের প্রধানকে সরানো যায় না। একমাত্র সংসদের এখতিয়ার আছে তারে সরানোর। বাটপারি করেন জাতির সাথে সড়াইলে …,এভাবে আইনী নোটিশ দিয়ে রাষ্ট্রের প্রধানকে সরানো যায় না একমাত্র সংসদের এখতিয়ার আছে তারে সরানোর বাটপারি করেন জাতির সাথে সড়াইলে,0,0.9321754878263773
2 After Election,2_after_election,3010,আয় হায়!!!এখন চুপ্পু দাদু কোথায় অভিযোগ নালিশ আক্ষেপ করবে!!!,আয় হায় এখন চুপ্পু দাদু কোথায় অভিযোগ নালিশ আক্ষেপ করবে,3,0.5223564513303921
2 After Election,2_after_election,3011,এখানে মন খারাপের কিছু নেই কারণ রাষ্ট্রপতি নিজেও বলেছেন যদি বিএনপি আমাকে না চায় তাহলে আমি সরে যাব এটা নিয়ে চিন্তার কোন কিছু নেই,এখানে মন খারাপের কিছু নেই কারণ রাষ্ট্রপতি নিজেও বলেছেন যদি বিএনপি আমাকে না চায় তাহলে আমি সরে যাব এটা নিয়ে চিন্তার কোন কিছু নেই,0,0.5615129565247738
2 After Election,2_after_election,3012,শাহাবুদ্ চপ্পুকে আইনের আওতায় আনা হোক তার পর ওয়াকারের পালা,শাহাবুদ্ চপ্পুকে আইনের আওতায় আনা হোক তার পর ওয়াকারের পালা,4,0.7630166069445877
2 After Election,2_after_election,3013,Nice and attractive,nice and attractive,4,0.7996025200316685
2 After Election,2_after_election,3014,তাহলে উনার কাজ সমাপ্ত চাপটার ক্লোজ..আওয়ামীলিগের রাষ্ট্রপতি দ্বারা সকল কাজ সম্পন্ন হয়েছে..কোনকিছুই অবৈধ হওয়ার সুযোগ নেই..থা…,তাহলে উনার কাজ সমাপ্ত চাপটার ক্লোজ আওয়ামীলিগের রাষ্ট্রপতি দ্বারা সকল কাজ সম্পন্ন হয়েছে কোনকিছুই অবৈধ হওয়ার সুযোগ নেই থা,2,0.5191501013399399
2 After Election,2_after_election,3015,বর্তমান সংবিধান অনুযায়ী তিনি এখনো রাষ্ট্রপতি,বর্তমান সংবিধান অনুযায়ী তিনি এখনো রাষ্ট্রপতি,0,0.6646965260697715
2 After Election,2_after_election,3016,তেল সব জলে গেল,তেল সব জলে গেল,1,0.4000741826386993
2 After Election,2_after_election,3017,এখন বলবে এদেশে বিএনপির দ্বারা ভালো কিছু আশা করা যায় না,এখন বলবে এদেশে বিএনপির দ্বারা ভালো কিছু আশা করা যায় না,3,0.549932872823837
2 After Election,2_after_election,3018,নতুন রাষ্ট্র পুতির নিয়োগ দেওয়া হবে না এটা মহ অন্যান্য হবে তারেক রহমান সরকার কে শপথ করিয়েছ কেন রাষ্ট্র পুতির অপসারণ আইনি নোটিশ …,নতুন রাষ্ট্র পুতির নিয়োগ দেওয়া হবে না এটা মহ অন্যান্য হবে তারেক রহমান সরকার কে শপথ করিয়েছ কেন রাষ্ট্র পুতির অপসারণ আইনি নোটিশ,3,0.5644013675418939
2 After Election,2_after_election,3019,নতুন রাষ্ট্রপ্রতির হাতে কতজন শপথ গ্রহণ করে জাতি তা দেখার অপেক্ষায়,নতুন রাষ্ট্রপ্রতির হাতে কতজন শপথ গ্রহণ করে জাতি তা দেখার অপেক্ষায়,3,0.6832858932749423
2 After Election,2_after_election,3020,রাস্ট্রপতি কে অসাংবিধানিক ভাবে গৃগৃহবন্দী করা হয়েছে সেটা বলা কিসের অন্যায়। যারা এটা করেছে তারাই অন্যায় করেছে,রাস্ট্রপতি কে অসাংবিধানিক ভাবে গৃগৃহবন্দী করা হয়েছে সেটা বলা কিসের অন্যায় যারা এটা করেছে তারাই অন্যায় করেছে,3,0.8982222190747805
2 After Election,2_after_election,3021,চুপ্পু চাচা টাটা,চুপ্পু চাচা টাটা,4,0.7328261905843876
2 After Election,2_after_election,3022,আহারে বেচারাটাও রেহায় পেলো না,আহারে বেচারাটাও রেহায় পেলো না,1,0.73331461391551
2 After Election,2_after_election,3023,অল্প বয়সের প্রেমের গল্প যেনো,অল্প বয়সের প্রেমের গল্প যেনো,3,0.5999855971836526
2 After Election,2_after_election,3024,বাংলাদেশে সব সম্ভব,বাংলাদেশে সব সম্ভব,2,0.40014835048847963
2 After Election,2_after_election,3025,গুড,গুড,1,0.5999935334448773
2 After Election,2_after_election,3026,শপথ পড়াইলো কি আর হইলো কি?,শপথ পড়াইলো কি আর হইলো কি,1,0.4000669596898838
2 After Election,2_after_election,3027,আইন কি বিএনপি চালাচ্ছে না জামাত চালাচ্ছে,আইন কি বিএনপি চালাচ্ছে না জামাত চালাচ্ছে,0,0.7984941019442147
2 After Election,2_after_election,3028,দেশের সাধারণ মানুষ ভালো থাকবে কিভাবে তা চিন্তা করুন।,দেশের সাধারণ মানুষ ভালো থাকবে কিভাবে তা চিন্তা করুন,2,0.5262871856761175
2 After Election,2_after_election,3029,ইউসুফ সরকারকে এর চরম মূল্য দিতে হবে,ইউসুফ সরকারকে এর চরম মূল্য দিতে হবে,0,0.45278165867622383
2 After Election,2_after_election,3030,আহারে এতো তৈল মর্দন করে কি লাভ হলো।তৈলগুলো জমিয়ে রাখলেও তো পরে কাজে লাগতো।,আহারে এতো তৈল মর্দন করে কি লাভ হলো তৈলগুলো জমিয়ে রাখলেও তো পরে কাজে লাগতো,1,0.8997602809673416
2 After Election,2_after_election,3031,ঠেলার নাম বাবজি,ঠেলার নাম বাবজি,4,0.5978852314922726
2 After Election,2_after_election,3032,যাক মনে শান্তির আশ্বাস পেলাম,যাক মনে শান্তির আশ্বাস পেলাম,0,0.5409748385447317
2 After Election,2_after_election,3033,তৈলে কাজ করেনি,তৈলে কাজ করেনি,1,0.5973055742661263
2 After Election,2_after_election,3034,Jibon ta yer dukkhotei kete gelo,jibon ta yer dukkhotei kete gelo,4,0.7311578796183402
2 After Election,2_after_election,3035,খুব ভালো খবর,খুব ভালো খবর,3,0.7298379706448523
2 After Election,2_after_election,3036,মোহাম্মদ আলীর মহব্বত শেষ।।,মোহাম্মদ আলীর মহব্বত শেষ,3,0.7333290467058177
2 After Election,2_after_election,3037,কালের কন্ঠের এতো দালালিতেও রক্ষা হলোনা,কালের কন্ঠের এতো দালালিতেও রক্ষা হলোনা,1,0.7983960862518517
2 After Election,2_after_election,3038,আহারে তৈল দিয়েও লাভ হলো না।,আহারে তৈল দিয়েও লাভ হলো না,1,0.8666041542989414
2 After Election,2_after_election,3039,"""আহারে চুপুউউউউউউ রে,,""",আহারে চুপুউউউউউউ রে,1,0.599955691886658
2 After Election,2_after_election,3040,তেল মাইরা শেষ পর্যন্ত রক্ষা হলো না,তেল মাইরা শেষ পর্যন্ত রক্ষা হলো না,3,0.545678502683752
2 After Election,2_after_election,3041,কট,কট,1,0.5985963590756872
2 After Election,2_after_election,3042,ঠিক আছে,ঠিক আছে,1,0.5999994521830625
2 After Election,2_after_election,3043,তৈল মেরে লাভ হল না,তৈল মেরে লাভ হল না,1,0.8399561711678034
2 After Election,2_after_election,3044,সারা পর মনটা ভালো হয়ে গিলো,সারা পর মনটা ভালো হয়ে গিলো,4,0.601980593610614
2 After Election,2_after_election,3045,চুপপু একটা সপ্তাহর শান্তি শেষ!,চুপপু একটা সপ্তাহর শান্তি শেষ,3,0.4005725369356262
2 After Election,2_after_election,3046,তারেক রহমানের মাধ্যমে বাংলাদেশ আর একটা ইতিহাস হবে।,তারেক রহমানের মাধ্যমে বাংলাদেশ আর একটা ইতিহাস হবে,3,0.4089212573741315
2 After Election,2_after_election,3047,আহারে....,আহারে,1,0.599955691886658
2 After Election,2_after_election,3048,"""যা ভাগ,,,হ্লার ঘরের হ্লা""",যা ভাগ হ্লার ঘরের হ্লা,1,0.5990082621641419
2 After Election,2_after_election,3049,কত তেল যে মারলো এত তাও কাম হলো না.,কত তেল যে মারলো এত তাও কাম হলো না,1,0.5258709634249932
2 After Election,2_after_election,3050,So sad,so sad,0,0.2
2 After Election,2_after_election,3051,তেল মেরো ও চাকরি রাখতে পারেনি,তেল মেরো ও চাকরি রাখতে পারেনি,0,0.5454790603704299
2 After Election,2_after_election,3052,ওরে চাটা চাটি শেষ হইয়া হইলো না শেষ,ওরে চাটা চাটি শেষ হইয়া হইলো না শেষ,3,0.6499220175996242
2 After Election,2_after_election,3053,nice and extractive,nice and extractive,4,0.7324520834846406
2 After Election,2_after_election,3054,এই রাষ্ট্রপতি তার মেয়াদ উত্তীর্ণ পযন্ত থাকবে।তারপর নতুন করেে রাষ্ট্রপতি জন্য নিয়োগ করা,এই রাষ্ট্রপতি তার মেয়াদ উত্তীর্ণ পযন্ত থাকবে তারপর নতুন করেে রাষ্ট্রপতি জন্য নিয়োগ করা,3,0.7311530346869641
2 After Election,2_after_election,3055,কলায় পোকা ধরছে,কলায় পোকা ধরছে,0,0.2
2 After Election,2_after_election,3056,ধন্যবাদ আপনাকে,ধন্যবাদ আপনাকে,0,0.7323764639384756
2 After Election,2_after_election,3057,এত পা চাটলো তাও হলো না,এত পা চাটলো তাও হলো না,3,0.8355267388889869
2 After Election,2_after_election,3058,সুন্দর সিদ্ধান্ত,সুন্দর সিদ্ধান্ত,4,0.4000453281336351
2 After Election,2_after_election,3059,হায়রে চাটলো তবুও রাখলেন না–Faaaah! ধন্যবাদ প্রধানমন্ত্রী।,হায়রে চাটলো তবুও রাখলেন না faaaah ধন্যবাদ প্রধানমন্ত্রী,0,0.30016930642297174
2 After Election,2_after_election,3060,তেল মেরেও কাম হলো না,তেল মেরেও কাম হলো না,1,0.6401464478879689
2 After Election,2_after_election,3061,সংবিধান অনুযায়ী যত তার থাকার ম্যাথ তত থাকবে,সংবিধান অনুযায়ী যত তার থাকার ম্যাথ তত থাকবে,0,0.3463478913273114
2 After Election,2_after_election,3062,সমাজে নিজেকে টিকিয়ে রাখার জন্য অনেক কিছু করতে হয় এজন্য স্যার অনেক চেষ্টা করেছিলেন মনে হয় ব্যর্থ হয়ে যাবেন। যাই হোক ইন্নালি…,সমাজে নিজেকে টিকিয়ে রাখার জন্য অনেক কিছু করতে হয় এজন্য স্যার অনেক চেষ্টা করেছিলেন মনে হয় ব্যর্থ হয়ে যাবেন যাই হোক ইন্নালি,4,0.39571063342069845
2 After Election,2_after_election,3063,Ai loker r shanti hoilo na.,ai loker r shanti hoilo na,1,0.7333318753068365
2 After Election,2_after_election,3064,এটা সংসদ বসার আগে রাষ্ট্রপতি ও অপসারণ কোন সুযোগ নাই সংসদ বসার পরে দেখা যাবে,এটা সংসদ বসার আগে রাষ্ট্রপতি ও অপসারণ কোন সুযোগ নাই সংসদ বসার পরে দেখা যাবে,2,0.5815442509885879
2 After Election,2_after_election,3065,হাহা পাগলাটায় ধরাখাইয়া গেলো,হাহা পাগলাটায় ধরাখাইয়া গেলো,3,0.3993701121826238
2 After Election,2_after_election,3066,ধন্যবাদ।,ধন্যবাদ,0,0.599995510068431
2 After Election,2_after_election,3067,গুড,গুড,1,0.5999935334448773
2 After Election,2_after_election,3068,Thik ache,thik ache,1,0.5999942578635252
2 After Election,2_after_election,3069,যারা চুপ্পুর জন্য মায়া কান্না দেখিয়েছিলো তাদের চাঁদ মুখখানা দেখতে চাই,যারা চুপ্পুর জন্য মায়া কান্না দেখিয়েছিলো তাদের চাঁদ মুখখানা দেখতে চাই,3,0.8659112827136899
2 After Election,2_after_election,3070,তাহলে এত তেল মেরে চাটাচাটি করে কি হলো ওনার Fahhh,তাহলে এত তেল মেরে চাটাচাটি করে কি হলো ওনার fahhh,1,0.8994149913579617
2 After Election,2_after_election,3071,বাক-বাকুম করে কি টিকে থাকা যায়?,বাক বাকুম করে কি টিকে থাকা যায়,1,0.5980895312348911
2 After Election,2_after_election,3072,কাকা কেও খেয়ে দিছে,কাকা কেও খেয়ে দিছে,4,0.5286394440578149
2 After Election,2_after_election,3073,মামার বাডির আবদার।,মামার বাডির আবদার,1,0.5992434791149774
2 After Election,2_after_election,3074,"""Ahh, চেটেও লাভ হলো না""",ahh চেটেও লাভ হলো না,1,0.7998811495416196
2 After Election,2_after_election,3075,আহারে,আহারে,1,0.599955691886658
2 After Election,2_after_election,3076,এবারের রাষ্ট্রপতি হবে জনকল্যাণ পার্টির লিডার খাইরুল দেওয়ান (ওকে),এবারের রাষ্ট্রপতি হবে জনকল্যাণ পার্টির লিডার খাইরুল দেওয়ান ওকে,0,0.8392252200155637
2 After Election,2_after_election,3077,যতই চাটাচাটি করোক। উনাকে সেই লেভেলের একটা কিক দিয়ে বের করে দিবে এটাই শিওর। যেদিকে বৃষ্টি সেই দিকে ছাতা ধরা কোন ব্যক্তি বাংলাদেশের এসব গুরুত্বপূর্ণ জায়গায় থাকতে পারে না। আর যদিও থাকে রাষ্ট্রের ক্ষতি ছাড়া কোন ও ভালো হবে না।,যতই চাটাচাটি করোক উনাকে সেই লেভেলের একটা কিক দিয়ে বের করে দিবে এটাই শিওর যেদিকে বৃষ্টি সেই দিকে ছাতা ধরা কোন ব্যক্তি বাংলাদেশের এসব গুরুত্বপূর্ণ জায়গায় থাকতে পারে না আর যদিও থাকে রাষ্ট্রের ক্ষতি ছাড়া কোন ও ভালো হবে না,1,0.9607456597751861
2 After Election,2_after_election,3078,নতুন সরকার তাদের পছন্দমত ব্যক্তিকে রাষ্ট্রপতি নির্বাচিত করতে পারে। মিথ্যা অপবাদ দিয়ে নয় আইনি প্রক্রিয়ার মাধ্যমে করা উচিত।,নতুন সরকার তাদের পছন্দমত ব্যক্তিকে রাষ্ট্রপতি নির্বাচিত করতে পারে মিথ্যা অপবাদ দিয়ে নয় আইনি প্রক্রিয়ার মাধ্যমে করা উচিত,2,0.41517497944125514
2 After Election,2_after_election,3079,এত তেল দিও কাজ হলনা চপ্পুর,এত তেল দিও কাজ হলনা চপ্পুর,1,0.7992535440297047
2 After Election,2_after_election,3080,যারা কমেন্ট করছে তারা হয়তো না বুঝেই বলতাছে সমঝোতা। আসলে ব্যাপারটি হলো বিড়ি শাহে করীর বেলিস্টার নোটিশ পাঠাইছে,যারা কমেন্ট করছে তারা হয়তো না বুঝেই বলতাছে সমঝোতা আসলে ব্যাপারটি হলো বিড়ি শাহে করীর বেলিস্টার নোটিশ পাঠাইছে,3,0.656445457218731
2 After Election,2_after_election,3081,চাটাচাটি করেও কোন লাভ হলো নাহ,চাটাচাটি করেও কোন লাভ হলো নাহ,1,0.8852946919400231
2 After Election,2_after_election,3082,Notice ta delo kaday,notice ta delo kaday,0,0.39994207269420373
2 After Election,2_after_election,3083,Ajker diner sera news re,ajker diner sera news re,1,0.7294904045169223
2 After Election,2_after_election,3084,উনার এই সাবান দিয়ে ধুয়ে দিলো,উনার এই সাবান দিয়ে ধুয়ে দিলো,4,0.3998485446186121
2 After Election,2_after_election,3085,আজকে দেখলাম তারেক জিয়া সঙ্গে চুপ্পু সাহেব লুটুপুটু খেলতাছে -খেলা যে চলছে কোন লেভেলের কিছুই বুঝতেছি না Nice and attractive,আজকে দেখলাম তারেক জিয়া সঙ্গে চুপ্পু সাহেব লুটুপুটু খেলতাছে খেলা যে চলছে কোন লেভেলের কিছুই বুঝতেছি না nice and attractive,3,0.3429290914041583
2 After Election,2_after_election,3086,tel mere lav ki holo tahole,tel mere lav ki holo tahole,1,0.44082686792167086
2 After Election,2_after_election,3087,এতো তেল দিয়েও কাজ হলো না! আহারে কাকু,এতো তেল দিয়েও কাজ হলো না আহারে কাকু,1,0.7708500557779576
2 After Election,2_after_election,3088,আহারে বেচারা! চামচামি করেও শেষ রক্ষা হলো না...,আহারে বেচারা চামচামি করেও শেষ রক্ষা হলো না,1,0.6818751855913024
2 After Election,2_after_election,3089,Sob chatachati britha gelo,sob chatachati britha gelo,0,0.7315856656702043
2 After Election,2_after_election,3090,চাচা আপন প্রাণ বাঁচা।,চাচা আপন প্রাণ বাঁচা,4,0.7328214572885614
2 After Election,2_after_election,3091,তেল বিফলে গেলো,তেল বিফলে গেলো,1,0.7325246838454232
2 After Election,2_after_election,3092,ভালো সিদ্ধান্ত...,ভালো সিদ্ধান্ত,4,0.7321278629355974
2 After Election,2_after_election,3093,ওনি ঈদ করে যাবেন আর কি,ওনি ঈদ করে যাবেন আর কি,2,0.5499960127650253
2 After Election,2_after_election,3094,সাবাস ব্যারিস্টার শাহরিয়ার,সাবাস ব্যারিস্টার শাহরিয়ার,0,0.7998454936312364
2 After Election,2_after_election,3095,আহা.... বেচারা মাখন দিয়েও কাজ হলোনা।,আহা বেচারা মাখন দিয়েও কাজ হলোনা,1,0.8664558545805624
2 After Election,2_after_election,3096,"""ঠিক মত তেল মারতে পারে নাই, কোথায় যেন কমতি ছিলো""",ঠিক মত তেল মারতে পারে নাই কোথায় যেন কমতি ছিলো,1,0.6533102440716082
2 After Election,2_after_election,3097,Thik ace,thik ace,1,0.5999942578635252
2 After Election,2_after_election,3098,দালালি করে ও শেষ রক্ষা হলো না,দালালি করে ও শেষ রক্ষা হলো না,3,0.6382864065551849
2 After Election,2_after_election,3099,চুপ্পুকে ধরে এবার চুপনি দাও।,চুপ্পুকে ধরে এবার চুপনি দাও,3,0.5536760287516099
2 After Election,2_after_election,3100,কিন্তু কেনো??? কি কম ছিলো তার??,কিন্তু কেনো কি কম ছিলো তার,4,0.7331100700636305
2 After Election,2_after_election,3101,লালা বেনারসি শাড়ি পরে যাবে আসন ছাড়ি। আর কোনো ই দেখবো না তোমাকে,লালা বেনারসি শাড়ি পরে যাবে আসন ছাড়ি আর কোনো ই দেখবো না তোমাকে,4,0.6396647222543926
2 After Election,2_after_election,3102,তেল মারতে গিয়ে তেলে ভাজার যে ব্যাপার টা,তেল মারতে গিয়ে তেলে ভাজার যে ব্যাপার টা,2,0.47140463288718953
2 After Election,2_after_election,3103,তেল মেরে কাজ হলে না এটারে আটকে দাও,তেল মেরে কাজ হলে না এটারে আটকে দাও,1,0.48606247880024317
2 After Election,2_after_election,3104,রাষ্ট্রপ্রতি একজন সম্মানিত ব্যাক্তি তিনি ভালই করে জানে কোন টা কিভাবে হ্যান্ডেল করতে হয়,রাষ্ট্রপ্রতি একজন সম্মানিত ব্যাক্তি তিনি ভালই করে জানে কোন টা কিভাবে হ্যান্ডেল করতে হয়,2,0.4380199058966867
2 After Election,2_after_election,3105,এই ঈদ'টা কোনোভাবে করতে দেওয়া যায় না?,এই ঈদ টা কোনোভাবে করতে দেওয়া যায় না,2,0.8388311333735994
2 After Election,2_after_election,3106,আওয়ামীলীগ গেছে যেই পথে বিএনপি ও যাবে সেই পথে,আওয়ামীলীগ গেছে যেই পথে বিএনপি ও যাবে সেই পথে,4,0.8851492394145736
2 After Election,2_after_election,3107,সময়ের দাবি। মানেতেই হবে।,সময়ের দাবি মানেতেই হবে,4,0.733104595495319
2 After Election,2_after_election,3108,দাদু এতো তেল দিলো কিন্তু কাজ হলো না রে,দাদু এতো তেল দিলো কিন্তু কাজ হলো না রে,1,0.8850098087382802
2 After Election,2_after_election,3109,"""Sironame dakhe mone korcilam Sarkar pokkho theke notice dice,,kintu bistarito pore dakhi kola gas a am howa,ar ai notice j korece Homan""",sironame dakhe mone korcilam sarkar pokkho theke notice dice kintu bistarito pore dakhi kola gas a am howa ar ai notice j korece homan,1,0.4679633317989864
2 After Election,2_after_election,3110,হাহাহা একটা একজন আইনজীবী পাঠিয়েছি কোন সরকার পাঠায়া না তাই হাস্যকর,হাহাহা একটা একজন আইনজীবী পাঠিয়েছি কোন সরকার পাঠায়া না তাই হাস্যকর,0,0.8655958468746779
2 After Election,2_after_election,3111,খুব ভালো সিদ্ধান্ত,খুব ভালো সিদ্ধান্ত,4,0.7321278629355974
2 After Election,2_after_election,3112,দ্রুত অপসারণ করা হোক। মিষ্টিমুখের একজন রাষ্ট্রপতি লাগবে যার যোগ্যতাও থাকবে।,দ্রুত অপসারণ করা হোক মিষ্টিমুখের একজন রাষ্ট্রপতি লাগবে যার যোগ্যতাও থাকবে,4,0.396202962121697
2 After Election,2_after_election,3113,একজন আইনি নোটিশ পাঠিয়েছে অথচ এমনভাবে শিরোনাম করা হলো মনে হচ্ছে এটা সরকারি সিদ্ধান্ত,একজন আইনি নোটিশ পাঠিয়েছে অথচ এমনভাবে শিরোনাম করা হলো মনে হচ্ছে এটা সরকারি সিদ্ধান্ত,4,0.44043709272738424
2 After Election,2_after_election,3114,জামাতের শাহারিয়ার পাঠিয়েছে?,জামাতের শাহারিয়ার পাঠিয়েছে,4,0.7309007546509608
2 After Election,2_after_election,3115,বি এন পি কে বাপ ডেকেও চুপ্পুর লাভ হলোনা,বি এন পি কে বাপ ডেকেও চুপ্পুর লাভ হলোনা,0,0.400309742003261
2 After Election,2_after_election,3116,জামায়াত তো আগেও অপসারণ করতে চেয়েছিল। এখন জামায়াতের শাহরিয়ার নোটিশ পাঠিয়েছে। বিএনপি কি শুনবে?,জামায়াত তো আগেও অপসারণ করতে চেয়েছিল এখন জামায়াতের শাহরিয়ার নোটিশ পাঠিয়েছে বিএনপি কি শুনবে,0,0.6709768056514747
2 After Election,2_after_election,3117,শফিক দাদুর কপাল খুলে গেছে মনে হয়!…,শফিক দাদুর কপাল খুলে গেছে মনে হয়,3,0.6372014841212542
2 After Election,2_after_election,3118,সবাইকে এক যেতে হবে সে যে পজিশন এ থাকুন না কেন এই তাই দুনিয়ায় নিয়ম,সবাইকে এক যেতে হবে সে যে পজিশন এ থাকুন না কেন এই তাই দুনিয়ায় নিয়ম,0,0.8655322787544732
2 After Election,2_after_election,3119,নতুন রাষ্ট্রপতি আমাদের লিইউনুস কাকু কে চাই ইয়ে মানি ইউনুস সাহেব কে,নতুন রাষ্ট্রপতি আমাদের লিইউনুস কাকু কে চাই ইয়ে মানি ইউনুস সাহেব কে,3,0.8995835836040741
2 After Election,2_after_election,3120,এরেস্ট হবেনা?,এরেস্ট হবেনা,3,0.5999815846839099
2 After Election,2_after_election,3121,এই পদ দিল্লি থেকে নির্ধারণ করবে,এই পদ দিল্লি থেকে নির্ধারণ করবে,0,0.5999931472254939
2 After Election,2_after_election,3122,হাতে হারিকেন,হাতে হারিকেন,0,0.5999950137971058
2 After Election,2_after_election,3123,"""খেলা জমে গেছে,,,ইউনুসকে চায়""",খেলা জমে গেছে ইউনুসকে চায়,3,0.5483543850278547
2 After Election,2_after_election,3124,এতো খাওয়াই শেষ পর্যন্ত কোরবানি,এতো খাওয়াই শেষ পর্যন্ত কোরবানি,3,0.5489354219699095
2 After Election,2_after_election,3125,মনে হয় শুভ বুদ্ধির উদয় হয়েছে,মনে হয় শুভ বুদ্ধির উদয় হয়েছে,2,0.4242110404529024
2 After Election,2_after_election,3126,আসল খেলা খেলার জন্যই আইনি নোটিস,আসল খেলা খেলার জন্যই আইনি নোটিস,3,0.4469694891237863
2 After Election,2_after_election,3127,প্রফেসর ডক্টর মোহাম্মদ ইউনুসকে রাষ্ট্রপতি হিসেবে করলে শুধু বিএনপির যে ভালো হবে তা না সারা বাংলাদেশের ভালো হবে,প্রফেসর ডক্টর মোহাম্মদ ইউনুসকে রাষ্ট্রপতি হিসেবে করলে শুধু বিএনপির যে ভালো হবে তা না সারা বাংলাদেশের ভালো হবে,3,0.937887421735418
2 After Election,2_after_election,3128,মাঝখান দিয়ে nice and attractive ইন্টারভিউ দিয়ে সব খবর দিয়ে গেলো !! So cute.,মাঝখান দিয়ে nice and attractive ইন্টারভিউ দিয়ে সব খবর দিয়ে গেলো so cute,4,0.6707791258948813
2 After Election,2_after_election,3129,জামাতি নোটিশ এখন মার্কেট অচল।,জামাতি নোটিশ এখন মার্কেট অচল,0,0.5999985877286393
2 After Election,2_after_election,3130,"""কমপক্ষে ৬ মাস পর বা পূর্ণ সময় পার করে রাষ্ট্রপতি পরিবর্তন করতে হবে, এর আগে নয়। এটাই বিএনপির সিদ্ধান্ত গ্রহণ করা উচিত।""",কমপক্ষে মাস পর বা পূর্ণ সময় পার করে রাষ্ট্রপতি পরিবর্তন করতে হবে এর আগে নয় এটাই বিএনপির সিদ্ধান্ত গ্রহণ করা উচিত,4,0.42649946700640706
2 After Election,2_after_election,3131,আমি আছি ফ্রি,আমি আছি ফ্রি,2,0.5949605221324052
2 After Election,2_after_election,3132,আমি হবো ইনশাআল্লাহ,আমি হবো ইনশাআল্লাহ,0,0.5999995531898649
2 After Election,2_after_election,3133,জামাতের ঘুম হারাম হয়ে গেছে নাকি।,জামাতের ঘুম হারাম হয়ে গেছে নাকি,3,0.5642462218518534
2 After Election,2_after_election,3134,চুপ্পুরে যে নাচাইতেছে তার খুঁটি কি দাঁড়িয়ে আছে,চুপ্পুরে যে নাচাইতেছে তার খুঁটি কি দাঁড়িয়ে আছে,0,0.2
2 After Election,2_after_election,3135,মাত্র চাটতে শুরু করেছে,মাত্র চাটতে শুরু করেছে,4,0.7286845395382967
2 After Election,2_after_election,3136,Faaaaaaa,faaaaaaa,0,0.2
2 After Election,2_after_election,3137,নিউজ দেখে মনে হইলো সরকার থেকে নোটিশ দিয়েছে!!! আরে ভাই এটা একজন আইনজীবী নোটিশ দিয়েছে তার মানেই কি উনাকে অপসারণ করা হচ্ছে!!! সেটা করবে সংসদ,নিউজ দেখে মনে হইলো সরকার থেকে নোটিশ দিয়েছে আরে ভাই এটা একজন আইনজীবী নোটিশ দিয়েছে তার মানেই কি উনাকে অপসারণ করা হচ্ছে সেটা করবে সংসদ,0,0.6529965957123504
2 After Election,2_after_election,3138,চুপ্পু বি লাইক : অনেক ভয় পাইসে রে তুফান,চুপ্পু বি লাইক অনেক ভয় পাইসে রে তুফান,0,0.5496262552699669
2 After Election,2_after_election,3139,ঠিক আছে,ঠিক আছে,1,0.5999994521830625
2 After Election,2_after_election,3140,Ahare kosto,ahare kosto,1,0.5999927902562359
2 After Election,2_after_election,3141,এই তো সুরু। একে এক করে সব ক্ষমতাশীল জাইগায় বিএনপির নেতারা বসবে এর পরে তারা আইন বানাবে তাদের মতো তারা চলবে।,এই তো সুরু একে এক করে সব ক্ষমতাশীল জাইগায় বিএনপির নেতারা বসবে এর পরে তারা আইন বানাবে তাদের মতো তারা চলবে,3,0.45229627028534636
2 After Election,2_after_election,3142,খেলা যে চলছে কোন লেবেলে,খেলা যে চলছে কোন লেবেলে,2,0.8395740810376495
2 After Election,2_after_election,3143,Tik acay,tik acay,0,0.2
2 After Election,2_after_election,3144,লে বাপ বিশ্রাম নিতে হবে,লে বাপ বিশ্রাম নিতে হবে,3,0.7972813495227871
2 After Election,2_after_election,3145,Md Ashif Shariar,md ashif shariar,1,0.5999934692841968
2 After Election,2_after_election,3146,এত পা চেঁটেও কাজ হলো না,এত পা চেঁটেও কাজ হলো না,1,0.5762790855960155
2 After Election,2_after_election,3147,পরিবর্তন নয়তো আন্দোলন,পরিবর্তন নয়তো আন্দোলন,2,0.5201339052927594
2 After Election,2_after_election,3148,ব্যারিস্টার শাহরিয়ারকে রাষ্ট্রপতি হিসেবে দেখতে চাই। তাহলে মজার মজার জোকস শুনা যাবে।,ব্যারিস্টার শাহরিয়ারকে রাষ্ট্রপতি হিসেবে দেখতে চাই তাহলে মজার মজার জোকস শুনা যাবে,3,0.9264238537164711
2 After Election,2_after_election,3149,সব দোষ পিনাকি দাদার কেন যে পুরনো ভিডিও গুলো আপলোড দিলো!!,সব দোষ পিনাকি দাদার কেন যে পুরনো ভিডিও গুলো আপলোড দিলো,1,0.8656651839261377
2 After Election,2_after_election,3150,Chatachati kore lav?,chatachati kore lav,1,0.4005734177333895
2 After Election,2_after_election,3151,আহারে!,আহারে,1,0.599955691886658
2 After Election,2_after_election,3152,মহামান্য এখন কি করবে,মহামান্য এখন কি করবে,0,0.5995586615970425
2 After Election,2_after_election,3153,আলহামদুলিল্লাহ তেলের দাম সব সময় ঊর্ধ্বগতি থাকে না,আলহামদুলিল্লাহ তেলের দাম সব সময় ঊর্ধ্বগতি থাকে না,2,0.7976349896730511
2 After Election,2_after_election,3154,রাষ্ট্রপতি মেয়াদ শেষ না হওয়া পর্যন্ত থাকবে,রাষ্ট্রপতি মেয়াদ শেষ না হওয়া পর্যন্ত থাকবে,4,0.4601747681165796
2 After Election,2_after_election,3155,"""হাইরে.., কে কাকে নোটিশ দেয়! যার নোটিশ সে আপাতত জমা রাখতে পারবে!""",হাইরে কে কাকে নোটিশ দেয় যার নোটিশ সে আপাতত জমা রাখতে পারবে,0,0.9259399169421855
2 After Election,2_after_election,3156,New 'YES উদ্ ' coming...,new yes উদ্ coming,2,0.5976030447827152
2 After Election,2_after_election,3157,নাটকের শেষ নেই,নাটকের শেষ নেই,3,0.40055582965056413
2 After Election,2_after_election,3158,ঠিক আছে,ঠিক আছে,1,0.5999994521830625
2 After Election,2_after_election,3159,বুইড়া এতো তেল মারলো তারপরেও শেষ রক্ষা হইলো না!,বুইড়া এতো তেল মারলো তারপরেও শেষ রক্ষা হইলো না,1,0.6940194387155247
2 After Election,2_after_election,3160,ওনার এখানে রাখলেও থাকা ঠিক হবে না,ওনার এখানে রাখলেও থাকা ঠিক হবে না,1,0.835349081014816
2 After Election,2_after_election,3161,সরকার এর ইচ্ছে হলে রাস্টপ্রতি পরিবর্তন করবে কারো আইনি নোটিশ কাজে আসবে না,সরকার এর ইচ্ছে হলে রাস্টপ্রতি পরিবর্তন করবে কারো আইনি নোটিশ কাজে আসবে না,0,0.5205004706949685
2 After Election,2_after_election,3162,চুপ্পু এত তেল মাখিয়েও টিকতে পাড়লো না বুঝা গেছে তাকে ঘি দিয়ে মাখাইতে হুইতো,চুপ্পু এত তেল মাখিয়েও টিকতে পাড়লো না বুঝা গেছে তাকে ঘি দিয়ে মাখাইতে হুইতো,1,0.5881959189282913
2 After Election,2_after_election,3163,আমাকে রাষ্টপতি হিসাবে নিয়োগ দিলে দেশ ৬ মাসের মধ্যে সোজা করে দিব ইনশাআল্লাহ,আমাকে রাষ্টপতি হিসাবে নিয়োগ দিলে দেশ মাসের মধ্যে সোজা করে দিব ইনশাআল্লাহ,2,0.4178229090927612
2 After Election,2_after_election,3164,Nice & attractive cmt kore o kaj holo na,nice attractive cmt kore o kaj holo na,4,0.5320801428643717
2 After Election,2_after_election,3165,এত পাম দিয়েও কাজ হলো না,এত পাম দিয়েও কাজ হলো না,1,0.8394927259811992
2 After Election,2_after_election,3166,"""২৪ র আল্টিমেটাম দিয়ে নোটিশ দিয়েছে, এ যাবৎ কত ঘণ্টা হইছে""",র আল্টিমেটাম দিয়ে নোটিশ দিয়েছে এ যাবৎ কত ঘণ্টা হইছে,0,0.7989910357679879
2 After Election,2_after_election,3167,গ্রেপ্তার এরারে এই প্রস্তুতি।,গ্রেপ্তার এরারে এই প্রস্তুতি,0,0.5999851403700823
2 After Election,2_after_election,3168,"""বাচ্চারা এত বায়না ধরে না,সব বায়না তো কাজে লাগেনা""",বাচ্চারা এত বায়না ধরে না সব বায়না তো কাজে লাগেনা,1,0.8853388133840534
2 After Election,2_after_election,3169,তারেক সাবের সাথে আমুলীক থাকলে সমস্যা নাই?????,তারেক সাবের সাথে আমুলীক থাকলে সমস্যা নাই,2,0.44004954323473994
2 After Election,2_after_election,3170,হে হে হে,হে হে হে,3,0.7990479168626571
2 After Election,2_after_election,3171,আরাম শেষ চাটার দল,আরাম শেষ চাটার দল,1,0.5487532446851479
2 After Election,2_after_election,3172,সে না থাকলে কি হবে?,সে না থাকলে কি হবে,4,0.46609960220019253
2 After Election,2_after_election,3173,ঠিক আছে,ঠিক আছে,1,0.5999994521830625
2 After Election,2_after_election,3174,তেল মেরেও কি শেষ রক্ষা হবে মিঃ চুপ্পুর।,তেল মেরেও কি শেষ রক্ষা হবে মিঃ চুপ্পুর,3,0.48639076906600964
2 After Election,2_after_election,3175,অতিথির চাটাচাটি করেও শেষমেশ মনে হয় লাভ হবে না।,অতিথির চাটাচাটি করেও শেষমেশ মনে হয় লাভ হবে না,1,0.8392015650706529
2 After Election,2_after_election,3176,চুপসে চুপসে লাভ হলো না চুপ্পুর,চুপসে চুপসে লাভ হলো না চুপ্পুর,1,0.5207069136384691
2 After Election,2_after_election,3177,"""খেলা যে চলছে কোন লেভেলে,বুঝা মুশকিল হয়ে গেছে।""",খেলা যে চলছে কোন লেভেলে বুঝা মুশকিল হয়ে গেছে,2,0.729584919223976
2 After Election,2_after_election,3178,আহঃ অনেক ভালো মানুষ ছিলেন।,আহঃ অনেক ভালো মানুষ ছিলেন,1,0.7965022496103384
2 After Election,2_after_election,3179,শেষমেষ একটু তেল দিয়েও কাজ হলো না,শেষমেষ একটু তেল দিয়েও কাজ হলো না,1,0.8647238804720888
2 After Election,2_after_election,3180,"""There should be specific cause for impeachment, the cause is absent.""",there should be specific cause for impeachment the cause is absent,1,0.7331596095778548
2 After Election,2_after_election,3181,আর কত,আর কত,4,0.5977241548633622
2 After Election,2_after_election,3182,এতো চাটা চাটি করল নতুন সরকার কে লাভ হলো না,এতো চাটা চাটি করল নতুন সরকার কে লাভ হলো না,1,0.5046310046265621
2 After Election,2_after_election,3183,পা চেটেও লাভ হলো না,পা চেটেও লাভ হলো না,1,0.6266059203329528
2 After Election,2_after_election,3184,ডক্টর খন্দকার মোশারফ হোসেন স্যারকে নতুন রাষ্ট্রপতি হিসেবে দেখতে চাই।,ডক্টর খন্দকার মোশারফ হোসেন স্যারকে নতুন রাষ্ট্রপতি হিসেবে দেখতে চাই,3,0.8994199604748845
2 After Election,2_after_election,3185,খেলা যে চলছে কোন লেবেলে,খেলা যে চলছে কোন লেবেলে,2,0.8395740810376495
2 After Election,2_after_election,3186,সহমত,সহমত,2,0.5999910295813788
2 After Election,2_after_election,3187,ওরে গ্রেফতার করে আসলে সব খবর নেয়া হ্উক,ওরে গ্রেফতার করে আসলে সব খবর নেয়া হ্উক,3,0.8649696846398165
2 After Election,2_after_election,3188,ইয়া কিতা হুনলাম,ইয়া কিতা হুনলাম,1,0.5999848660302144
2 After Election,2_after_election,3189,চরন দুলি নিলে হয়ত আবার থাকতে পারতো।,চরন দুলি নিলে হয়ত আবার থাকতে পারতো,1,0.652011904050327
2 After Election,2_after_election,3190,Dulal Mia,dulal mia,0,0.2
2 After Election,2_after_election,3191,ঊনি কি ভাবছে উনাকে রাখবে বিএনপি সরকার।,ঊনি কি ভাবছে উনাকে রাখবে বিএনপি সরকার,4,0.7979346070393507
2 After Election,2_after_election,3192,মাত্র একসপ্তাহ ধরে উনি ভালো আছেন!আবার ঝামেলায় পড়ে গেলেন।কেমন হল ব্যাপার টা!!,মাত্র একসপ্তাহ ধরে উনি ভালো আছেন আবার ঝামেলায় পড়ে গেলেন কেমন হল ব্যাপার টা,4,0.6206040625983338
2 After Election,2_after_election,3193,"""দুই সুযোগ পেয়ে খুব তেল মারল রাষ্ট্রপতি, শেষ কোন কাজ হলো না""",দুই সুযোগ পেয়ে খুব তেল মারল রাষ্ট্রপতি শেষ কোন কাজ হলো না,1,0.6866580700715151
2 After Election,2_after_election,3194,চাটাচাটির অনেক চেষ্টা করছে,চাটাচাটির অনেক চেষ্টা করছে,2,0.5994677274554399
2 After Election,2_after_election,3195,"""আওয়ামীলিগের চামড়া, তুলে নিব আমরা।""",আওয়ামীলিগের চামড়া তুলে নিব আমরা,2,0.5999915148184524
2 After Election,2_after_election,3196,মাশাআল্লাহ,মাশাআল্লাহ,3,0.5991316873717984
2 After Election,2_after_election,3197,Ahare akhon tar ki hobe,ahare akhon tar ki hobe,1,0.8399972407111337
2 After Election,2_after_election,3198,"""ঐ আইনজীবী যখন মুক্তিযোদ্ধা নিয়ে কটুক্তি , রাষ্ট্রপতি, ইতিহাস ঐতিহ্য নিয়ে কটুক্তি। সেজন্যে তাকে আইনের আওতায় আনা হোক।""",ঐ আইনজীবী যখন মুক্তিযোদ্ধা নিয়ে কটুক্তি রাষ্ট্রপতি ইতিহাস ঐতিহ্য নিয়ে কটুক্তি সেজন্যে তাকে আইনের আওতায় আনা হোক,4,0.7228917186469858
2 After Election,2_after_election,3199,লও টেলা কাকু,লও টেলা কাকু,3,0.5999984332799876
2 After Election,2_after_election,3200,চম্পু তৈল মেরেও তাহলে থাকতে পারলো না,চম্পু তৈল মেরেও তাহলে থাকতে পারলো না,1,0.8658148267272741
2 After Election,2_after_election,3201,ধন্যবাদ শাহরিয়ার স্যার,ধন্যবাদ শাহরিয়ার স্যার,0,0.7995580715150307
2 After Election,2_after_election,3202,"""অনেক অনেক চাটা চাটির পরেও শেষ রক্ষা হল না একসময় বি এনপির অনেক প্রিয় লোক ছিল,""",অনেক অনেক চাটা চাটির পরেও শেষ রক্ষা হল না একসময় বি এনপির অনেক প্রিয় লোক ছিল,0,0.36967077075216154
2 After Election,2_after_election,3203,সংবিধানের কোথায় জুলাই আছে? রাস্ট্রপতির শপথের কোথায় ঝুলাই আছে?,সংবিধানের কোথায় জুলাই আছে রাস্ট্রপতির শপথের কোথায় ঝুলাই আছে,0,0.7318177158707087
2 After Election,2_after_election,3204,মলম বিক্রেতাটা মনে হয় নোটিশ দিছে,মলম বিক্রেতাটা মনে হয় নোটিশ দিছে,0,0.799302444917081
2 After Election,2_after_election,3205,রাষ্ট্রপতিকে আইনি নোটিশ দেওয়া যায়??? …,রাষ্ট্রপতিকে আইনি নোটিশ দেওয়া যায়,0,0.8380202450621996
2 After Election,2_after_election,3206,স্বাভাবিক বিষয় nice &,স্বাভাবিক বিষয় nice,4,0.7997890934614899
2 After Election,2_after_election,3207,"""ওনাকে রাখতে হবে, না হলে বাংলাদেশ থাকবেনা""",ওনাকে রাখতে হবে না হলে বাংলাদেশ থাকবেনা,2,0.836908156692145
2 After Election,2_after_election,3208,good luck,good luck,0,0.5999965747691249
2 After Election,2_after_election,3209,"""আহারে,দালালি কইরাও পারলো না টিকতে""",আহারে দালালি কইরাও পারলো না টিকতে,1,0.6296150603602162
2 After Election,2_after_election,3210,কে দিলো?,কে দিলো,0,0.5975241172170153
2 After Election,2_after_election,3211,শিরোনাম দেখে মনে করেছি ঘটনা সত্যি কিন্তু বিস্তারিত পড়ার পর বুঝলাম মব বাহিনীর সদস্যরা মব সৃষ্টি করার চেষ্টা করছে।,শিরোনাম দেখে মনে করেছি ঘটনা সত্যি কিন্তু বিস্তারিত পড়ার পর বুঝলাম মব বাহিনীর সদস্যরা মব সৃষ্টি করার চেষ্টা করছে,4,0.9459136966181234
2 After Election,2_after_election,3212,ভালো,ভালো,4,0.5955830014132845
2 After Election,2_after_election,3213,আরো নোটিশ দাও আরো বিবাদ করো তাতেই নতুন নতুন আইনী ফ্যাক্ট জানার আনন্দ সকলে পাচ্ছে। আরো চাই আরো বেশি করে জানার সুবিধার্থে ওম্মা প্রকাশ করো।,আরো নোটিশ দাও আরো বিবাদ করো তাতেই নতুন নতুন আইনী ফ্যাক্ট জানার আনন্দ সকলে পাচ্ছে আরো চাই আরো বেশি করে জানার সুবিধার্থে ওম্মা প্রকাশ করো,0,0.4823668512530884
2 After Election,2_after_election,3214,এটাই হয়ে থাকে,এটাই হয়ে থাকে,4,0.7954777861722044
2 After Election,2_after_election,3215,অতিদ্রুত কর্যকর করতে হবে।,অতিদ্রুত কর্যকর করতে হবে,2,0.5988031455134696
2 After Election,2_after_election,3216,Julai ki jonggi sontrsi hamla desh dongsho 3200 police hotta 450 thana lut pat desh lut pat,julai ki jonggi sontrsi hamla desh dongsho police hotta thana lut pat desh lut pat,1,0.4004825489029964
2 After Election,2_after_election,3217,@Everyone,everyone,0,0.2
2 After Election,2_after_election,3218,শাবু ভাইরে আগে এ কইছি কম চাডেন বিপদে পরবেন,শাবু ভাইরে আগে এ কইছি কম চাডেন বিপদে পরবেন,4,0.7330187752924089
2 After Election,2_after_election,3219,নোটিশ পাঠিয়েছেন ব্যারিস্টার শাহরিয়ার …,নোটিশ পাঠিয়েছেন ব্যারিস্টার শাহরিয়ার,0,0.7998469820650809
2 After Election,2_after_election,3220,আহারে বেচারা লাস্ট মুহূর্তে কত তেল এই না মারলো সব তেল বিফলে গেল।,আহারে বেচারা লাস্ট মুহূর্তে কত তেল এই না মারলো সব তেল বিফলে গেল,1,0.6495901743771078
2 After Election,2_after_election,3221,কবি এখন নীরব যা বলার সংসদে গিয়ে বলবে,কবি এখন নীরব যা বলার সংসদে গিয়ে বলবে,1,0.864205752792558
2 After Election,2_after_election,3222,Chata chati bah,chata chati bah,0,0.2
2 After Election,2_after_election,3223,এত দুঃখ প্রকাশ করলো তারপরেও তারেক রহমানের দিল নরম হলো না,এত দুঃখ প্রকাশ করলো তারপরেও তারেক রহমানের দিল নরম হলো না,3,0.8990995652463828
2 After Election,2_after_election,3224,চাটো বাঙালি চাটো,চাটো বাঙালি চাটো,2,0.5981720541932559
2 After Election,2_after_election,3225,আসলে উনি দীর্ঘ ধরে মিডিয়ায় কোন কথা বলতে পারে‌ নাই এখন হথাৎ কথা বলার শুজুক পেয়ে অতি আবেগে কি বলছে উনি বুঝতে পারে নাই…,আসলে উনি দীর্ঘ ধরে মিডিয়ায় কোন কথা বলতে পারে নাই এখন হথাৎ কথা বলার শুজুক পেয়ে অতি আবেগে কি বলছে উনি বুঝতে পারে নাই,3,0.41794527004941123
2 After Election,2_after_election,3226,কাজ হইলো নারেহ দাদু,কাজ হইলো নারেহ দাদু,1,0.798217124318302
2 After Election,2_after_election,3227,নাটক মাইনষকে বুঝে,নাটক মাইনষকে বুঝে,1,0.39986839162657994
2 After Election,2_after_election,3228,"""আহ,! চাচা,চেটেও লাভ হলো না""",আহ চাচা চেটেও লাভ হলো না,1,0.5336405263889813
2 After Election,2_after_election,3229,মন ভেঙ্গে দিয়ে গেলো সে সামনে দিয়ে.......,মন ভেঙ্গে দিয়ে গেলো সে সামনে দিয়ে,4,0.8392993606224873
2 After Election,2_after_election,3230,শাহরিয়ার কে? পালাবে কোথায়…,শাহরিয়ার কে পালাবে কোথায়,0,0.5999970664816414
2 After Election,2_after_election,3231,মামা খেলা তো শুরু হয়ে গেছে,মামা খেলা তো শুরু হয়ে গেছে,4,0.6301831918232623
2 After Election,2_after_election,3232,Hedar July,hedar july,1,0.5992450009016773
2 After Election,2_after_election,3233,লাল বাতি জলছে,লাল বাতি জলছে,2,0.5999961631117953
2 After Election,2_after_election,3234,"""চাচা অনেক চেষ্টা করছে লাভ হয় নাই, হাল ছেড়ে দিয়েন قلم চাচা বিজয় আপনার হবে""",চাচা অনেক চেষ্টা করছে লাভ হয় নাই হাল ছেড়ে দিয়েন চাচা বিজয় আপনার হবে,2,0.6883433919652987
2 After Election,2_after_election,3235,আইস এন্ড অ্যাট্রাকটিভ,আইস এন্ড অ্যাট্রাকটিভ,0,0.2
2 After Election,2_after_election,3236,Onar baba taruk saheb na,onar baba taruk saheb na,0,0.5444338432979604
2 After Election,2_after_election,3237,পাবনায় দ্রুত পাঠানো হোক আইনজীবীকে।,পাবনায় দ্রুত পাঠানো হোক আইনজীবীকে,4,0.7313814902015623
2 After Election,2_after_election,3238,যা হবে তা সংসদ আধিবেশনের পরে।,যা হবে তা সংসদ আধিবেশনের পরে,0,0.4804766386989717
2 After Election,2_after_election,3239,চুপ্পু হটাও দেশ বাচাঁও,চুপ্পু হটাও দেশ বাচাঁও,4,0.3999932791677527
2 After Election,2_after_election,3240,এখন আর সংবিধান বিতর্কিত হবেবিধা না,এখন আর সংবিধান বিতর্কিত হবেবিধা না,0,0.5999972196047351
2 After Election,2_after_election,3241,আলহামদুলিল্লাহ পরিবর্তন হচ্ছে শুধু,আলহামদুলিল্লাহ পরিবর্তন হচ্ছে শুধু,2,0.7330770887878201
2 After Election,2_after_election,3242,শাহাবুদ্ কে অপসারণ করে শাহরিয়ার কাকারেই রাষ্ট্রপতি করা হোক,শাহাবুদ্ কে অপসারণ করে শাহরিয়ার কাকারেই রাষ্ট্রপতি করা হোক,0,0.8648968888051297
2 After Election,2_after_election,3243,তৈল মর্দন কাজে আসে নাই,তৈল মর্দন কাজে আসে নাই,1,0.4313949227532768
2 After Election,2_after_election,3244,আবেদন খারিজ,আবেদন খারিজ,0,0.2
2 After Election,2_after_election,3245,সুন্দর সিদ্ধান্ত,সুন্দর সিদ্ধান্ত,4,0.4000453281336351
2 After Election,2_after_election,3246,"""আহ,এতো তেল মেরেও লাভ হলো না""",আহ এতো তেল মেরেও লাভ হলো না,1,0.743306965237341
2 After Election,2_after_election,3247,Gazakhur sahriya,gazakhur sahriya,0,0.2
2 After Election,2_after_election,3248,হায়রে হায়,হায়রে হায়,3,0.3998946202809507
2 After Election,2_after_election,3249,"""উনাকে অপসারণ করে, যোগ্য ব্যক্তি ডঃ খন্দকার মোশারফ কে দিতে হবে।""",উনাকে অপসারণ করে যোগ্য ব্যক্তি ডঃ খন্দকার মোশারফ কে দিতে হবে,0,0.3983338676271603
2 After Election,2_after_election,3250,বট বাহিনীর মাথা খারাপ হয়ে গেছে,বট বাহিনীর মাথা খারাপ হয়ে গেছে,4,0.8647095568207019
2 After Election,2_after_election,3251,তোমরা যাই বলো শেষে তার কাছেই শপথ নিতে হয়েছে,তোমরা যাই বলো শেষে তার কাছেই শপথ নিতে হয়েছে,2,0.57786513737137
2 After Election,2_after_election,3252,"""ওটা মনে হয় পামওয়েল,,ছিলো।""",ওটা মনে হয় পামওয়েল ছিলো,0,0.5970572316020212
2 After Election,2_after_election,3253,এবার লাইনে আসছে,এবার লাইনে আসছে,3,0.5314430119795999
2 After Election,2_after_election,3254,শেষ হয়েও হলো না শেষ,শেষ হয়েও হলো না শেষ,3,0.7975874031820739
2 After Election,2_after_election,3255,আইন অনুযায়ী যা করার তাই করা হোক,আইন অনুযায়ী যা করার তাই করা হোক,2,0.8635150768837163
2 After Election,2_after_election,3256,একমত,একমত,0,0.2
2 After Election,2_after_election,3258,এটা কি হলো,এটা কি হলো,1,0.5990691483703596
2 After Election,2_after_election,3259,লোকটা এত বিতর্ক জন্ম দিচ্ছে।,লোকটা এত বিতর্ক জন্ম দিচ্ছে,4,0.8360276835323279
2 After Election,2_after_election,3260,রাজা কার মুক্ত করতে হবে,রাজা কার মুক্ত করতে হবে,2,0.7990779174528466
2 After Election,2_after_election,3261,আলহামদুলিল্লাহ,আলহামদুলিল্লাহ,2,0.5999984371235062
2 After Election,2_after_election,3262,পা চেটেও কাজ হলো না মালিশের তেলে মনেহয় ভেজাল ছিলো,পা চেটেও কাজ হলো না মালিশের তেলে মনেহয় ভেজাল ছিলো,1,0.4050471628919857
2 After Election,2_after_election,3263,তাতে বা** লছেরা গেলো।,তাতে বা লছেরা গেলো,1,0.7323346303603326
2 After Election,2_after_election,3264,বট বাহিনীর কাজ ।,বট বাহিনীর কাজ,1,0.43371726168983976
2 After Election,2_after_election,3265,টুপকিতে পুচে ফেলে দিসে মনে হয়,টুপকিতে পুচে ফেলে দিসে মনে হয়,0,0.7314935427277796
2 After Election,2_after_election,3266,তুমি বহু ছিলা আর কত থাকবা,তুমি বহু ছিলা আর কত থাকবা,0,0.7303659823798394
2 After Election,2_after_election,3267,সত্যি কথা বললে গা জ্বলে,সত্যি কথা বললে গা জ্বলে,1,0.7963464851518667
2 After Election,2_after_election,3268,"""চাটুকার,হটাও""",চাটুকার হটাও,0,0.2
2 After Election,2_after_election,3269,তাকে জাদুঘরে সংরক্ষিত করা হোক,তাকে জাদুঘরে সংরক্ষিত করা হোক,4,0.731877789591821
2 After Election,2_after_election,3270,অনেক আগেই করার দরকার ছিল,অনেক আগেই করার দরকার ছিল,4,0.7977755949959061
2 After Election,2_after_election,3271,"""বালেষ্টার সাহেব, সংসদ সদস্যের ভোটে মহামান্য কে অপসারণ করা যায়। তাছাড়া মেয়াদের আগে মারা যাওয়া ছাড়া অপসারণ সম্ভব না। সংবিধান ভাল…""",বালেষ্টার সাহেব সংসদ সদস্যের ভোটে মহামান্য কে অপসারণ করা যায় তাছাড়া মেয়াদের আগে মারা যাওয়া ছাড়া অপসারণ সম্ভব না সংবিধান ভাল,0,0.5855560602920459
2 After Election,2_after_election,3272,জনাব ইশরাক সাহেব কে নতুন রাষ্ট্রপতি বানানো হোক,জনাব ইশরাক সাহেব কে নতুন রাষ্ট্রপতি বানানো হোক,3,0.6665945115462101
2 After Election,2_after_election,3273,এখন সব চলে,এখন সব চলে,2,0.5981567649660146
2 After Election,2_after_election,3274,উনার কথায় জামাত এতো জবলে কেন ?,উনার কথায় জামাত এতো জবলে কেন,4,0.6360825015207691
2 After Election,2_after_election,3275,কেনো রাষ্ট্রপতি কি জুলাই CDI বলেছে নাকি? না মানে কেমনে অসম্মান করেছে একটু জানতে চাই,কেনো রাষ্ট্রপতি কি জুলাই cdi বলেছে নাকি না মানে কেমনে অসম্মান করেছে একটু জানতে চাই,4,0.6145546353390788
2 After Election,2_after_election,3276,RJ Raj,rj raj,0,0.2
2 After Election,2_after_election,3277,আইনি নোটিশ যে কেউ দিতে পারে,আইনি নোটিশ যে কেউ দিতে পারে,0,0.8347899075934899
2 After Election,2_after_election,3278,আহ,আহ,2,0.5999938089601551
2 After Election,2_after_election,3279,আলহামদুলিল্লাহ,আলহামদুলিল্লাহ,2,0.5999984371235062
2 After Election,2_after_election,3280,চুপ্পু দাদো চেটে কাজ হলোনা!,চুপ্পু দাদো চেটে কাজ হলোনা,4,0.4856334569659278
2 After Election,2_after_election,3281,সাংবিধানিকনভাবে হুমকি,সাংবিধানিকনভাবে হুমকি,4,0.5999685920253806
2 After Election,2_after_election,3282,"""নির্বাচন শেষ, এই শাহরিয়ারের হাতে মনেহয় কাজ কাম আর নাই…""",নির্বাচন শেষ এই শাহরিয়ারের হাতে মনেহয় কাজ কাম আর নাই,2,0.3965451478724211
2 After Election,2_after_election,3283,এবার সাহাবুদ্ কে গ্রেফতার করা হোক!,এবার সাহাবুদ্ কে গ্রেফতার করা হোক,4,0.7979665111808536
2 After Election,2_after_election,3284,Good,good,0,0.5999965747691249
2 After Election,2_after_election,3285,৫০০ টাকার আইনি নোটিশ দিয়ে একজন রাষ্ট্রপ্রতিকে অপসারণ করা যায়।সাংবিধানিক বিষয় উকিলের একটু জ্ঞান থাকা উচিৎ।,টাকার আইনি নোটিশ দিয়ে একজন রাষ্ট্রপ্রতিকে অপসারণ করা যায় সাংবিধানিক বিষয় উকিলের একটু জ্ঞান থাকা উচিৎ,0,0.6361205674223277
2 After Election,2_after_election,3287,কে সে দিয়েছে,কে সে দিয়েছে,0,0.7300829555572272
2 After Election,2_after_election,3288,"""তাকে অতি দ্রুত অপসারণ করে জেল হাজতে পাঠানো উচিত,কারণ সে আওয়ামী লীগকে ঘোম খুন গণহত্যা করতে বৈধতা দিয়েছে।""",তাকে অতি দ্রুত অপসারণ করে জেল হাজতে পাঠানো উচিত কারণ সে আওয়ামী লীগকে ঘোম খুন গণহত্যা করতে বৈধতা দিয়েছে,4,0.5460241155281916
2 After Election,2_after_election,3289,সে এর আগে থেকেই বলে আসছিলো নির্বাচনের পরে সে নিজে থেকে বিদায় নিতে চাই,সে এর আগে থেকেই বলে আসছিলো নির্বাচনের পরে সে নিজে থেকে বিদায় নিতে চাই,2,0.43067335272948004
2 After Election,2_after_election,3290,নতুন রাষ্ট্রপতি মির্জা ফখরুল ইসলাম আলমগীর সাহেব,নতুন রাষ্ট্রপতি মির্জা ফখরুল ইসলাম আলমগীর সাহেব,0,0.5913967722496833
2 After Election,2_after_election,3291,এই নোটিশটা কি বিচি মুনির দিয়েছে??,এই নোটিশটা কি বিচি মুনির দিয়েছে,0,0.4001879912913502
2 After Election,2_after_election,3292,ইনশাআল্লাহ,ইনশাআল্লাহ,0,0.5999995531898649
2 After Election,2_after_election,3293,Good,good,0,0.5999965747691249
2 After Election,2_after_election,3294,চুপ্পু,চুপ্পু,4,0.5999969187628166
2 After Election,2_after_election,3295,জাতিসংঘের চাপ হয়তো রাষ্ট্রপতি ডঃ ইউনুসকে দিতে হবে নয়তো পদত্যাগ করতে হবে প্রধানমন্ত্রীর,জাতিসংঘের চাপ হয়তো রাষ্ট্রপতি ডঃ ইউনুসকে দিতে হবে নয়তো পদত্যাগ করতে হবে প্রধানমন্ত্রীর,3,0.8197913027831804
2 After Election,2_after_election,3296,এটাই তারেক রহমান। আমরা বগুড়ার মানুষ আমরা আমাদের ভাইয়াকে হারে হারে চিনি। …,এটাই তারেক রহমান আমরা বগুড়ার মানুষ আমরা আমাদের ভাইয়াকে হারে হারে চিনি,3,0.899147176823706
2 After Election,2_after_election,3297,আলহামদুলিল্লাহ,আলহামদুলিল্লাহ,2,0.5999984371235062
2 After Election,2_after_election,3298,সঠিক,সঠিক,4,0.5999977707466385
2 After Election,2_after_election,3299,ইশরাক কে রাষ্ট্রপতি হিসেবে দেখতে চাই,ইশরাক কে রাষ্ট্রপতি হিসেবে দেখতে চাই,3,0.6913070796746519
2 After Election,2_after_election,3300,নতুন রাষ্ট্রপ্রতি ড মুহাম্মদ ইউনুস হবেন,নতুন রাষ্ট্রপ্রতি ড মুহাম্মদ ইউনুস হবেন,3,0.8653154188253548
2 After Election,2_after_election,3301,Go to India and meet with sekh hasina,go to india and meet with sekh hasina,3,0.799352450811342
2 After Election,2_after_election,3302,রাষ্ট্রপতি'র মেয়াদ ২০২৮ সালের এপ্রিল পর্যন্ত আছে কারো বাবার ক্ষমতা আছে কি তাকে সরানোর??,রাষ্ট্রপতি র মেয়াদ সালের এপ্রিল পর্যন্ত আছে কারো বাবার ক্ষমতা আছে কি তাকে সরানোর,4,0.9182457457677536
2 After Election,2_after_election,3303,আলহামদুলিল্লাহ,আলহামদুলিল্লাহ,2,0.5999984371235062
2 After Election,2_after_election,3304,আমরা চাই জুলাই অভ্যুত্থানের নায়ক চুপ্পু'ই রাষ্ট্রপতি হিসেবে থাকুক।,আমরা চাই জুলাই অভ্যুত্থানের নায়ক চুপ্পু ই রাষ্ট্রপতি হিসেবে থাকুক,3,0.5056153803976764
2 After Election,2_after_election,3305,আলহামদুলিল্লাহ,আলহামদুলিল্লাহ,2,0.5999984371235062
2 After Election,2_after_election,3306,লোকটা সসম্মানে থাকতে চেয়েছিল,লোকটা সসম্মানে থাকতে চেয়েছিল,1,0.7322794922518021
2 After Election,2_after_election,3307,আল্লহামদলিল্লাহ,আল্লহামদলিল্লাহ,0,0.2
2 After Election,2_after_election,3308,আলহামদুলিল্লাহ,আলহামদুলিল্লাহ,2,0.5999984371235062
2 After Election,2_after_election,3309,ওরে শাহরিয়ার রে,ওরে শাহরিয়ার রে,0,0.39999901478305383
2 After Election,2_after_election,3310,আলহামদুলিল্লাহ,আলহামদুলিল্লাহ,2,0.5999984371235062
2 After Election,2_after_election,3311,আইনী নোটিশে কি হবে? মহামান্য রাষ্ট্রপতি সব কিছুর উর্ধ্বে,আইনী নোটিশে কি হবে মহামান্য রাষ্ট্রপতি সব কিছুর উর্ধ্বে,0,0.8395199430555346
2 After Election,2_after_election,3312,"""হেলিকপ্টারের এড কেন!আপা পলাইছে, চুপ্পুও কি পলাইবে..!""",হেলিকপ্টারের এড কেন আপা পলাইছে চুপ্পুও কি পলাইবে,0,0.2
2 After Election,2_after_election,3313,দাউদকান্দি হতে প্রেসিডেন্ট হবে বলে রাখলাম,দাউদকান্দি হতে প্রেসিডেন্ট হবে বলে রাখলাম,3,0.5485290677380081
2 After Election,2_after_election,3314,"""BNP, do the needful asap""",bnp do the needful asap,1,0.7333299470875202
2 After Election,2_after_election,3315,খেলা যে চলছে কোন লেভেলে,খেলা যে চলছে কোন লেভেলে,2,0.839711137249152
2 After Election,2_after_election,3316,পৃথিবীর এমন কেউ কি নাই একটা জীবন বাচাতে কিছু টাকা দিয়ে পাশে দারানোর মতো ।বিকাশ ০১৭৪৭০১০৪৩৭। plz plz,পৃথিবীর এমন কেউ কি নাই একটা জীবন বাচাতে কিছু টাকা দিয়ে পাশে দারানোর মতো বিকাশ plz plz,3,0.5603831853515497
2 After Election,2_after_election,3317,আমার মনে হয় সবচেয়ে অকেজো রাষ্টপতি তিনি,আমার মনে হয় সবচেয়ে অকেজো রাষ্টপতি তিনি,3,0.5380723438336213
2 After Election,2_after_election,3318,Faaaaaahhhhh,faaaaaahhhhh,0,0.2
2 After Election,2_after_election,3319,আলহামদুলিল্লাহ,আলহামদুলিল্লাহ,2,0.5999984371235062
2 After Election,2_after_election,3320,আলহামদুলিল্লাহ আলহামদুলিল্লাহ আলহামদুলিল্লাহ,আলহামদুলিল্লাহ আলহামদুলিল্লাহ আলহামদুলিল্লাহ,2,0.7999993493913856
2 After Election,2_after_election,3321,ইউনুস সরকার তাওতো রেখেছিলো,ইউনুস সরকার তাওতো রেখেছিলো,3,0.7311669218716178
2 After Election,2_after_election,3322,চুপ্পু “আজ আমার মন ভালো নেই “,চুপ্পু আজ আমার মন ভালো নেই,4,0.8384533534413036
2 After Election,2_after_election,3323,আলহামদুলিল্লাহ,আলহামদুলিল্লাহ,2,0.5999984371235062
2 After Election,2_after_election,3324,আলহামদুলিল্লাহ,আলহামদুলিল্লাহ,2,0.5999984371235062
2 After Election,2_after_election,3325,ডা ইউনুসকে রাষ্ট্র পতি হিসাবে রাখা দরকার অনুরোধ করছি,ডা ইউনুসকে রাষ্ট্র পতি হিসাবে রাখা দরকার অনুরোধ করছি,3,0.8987108524757306
2 After Election,2_after_election,3326,চেটেও যখন কাজ হয় না তখন চাটা মনে হয় ঠিক না,চেটেও যখন কাজ হয় না তখন চাটা মনে হয় ঠিক না,1,0.8660000325661453
2 After Election,2_after_election,3327,আলহামদুলিল্লাহ,আলহামদুলিল্লাহ,2,0.5999984371235062
2 After Election,2_after_election,3328,"""সবকিছু দলীয়করন হোক,""",সবকিছু দলীয়করন হোক,4,0.5945321007015402
2 After Election,2_after_election,3329,এই কাজটা আরো আগে করা দরকার ছিল।,এই কাজটা আরো আগে করা দরকার ছিল,0,0.7966076178275397
2 After Election,2_after_election,3330,যারা আনন্দে নাচানাচি করতাছে তারা মনে করছে…,যারা আনন্দে নাচানাচি করতাছে তারা মনে করছে,0,0.7290055007227366
2 After Election,2_after_election,3331,ভাইরাল ভিডিও সমস্যায় ফেলছে।,ভাইরাল ভিডিও সমস্যায় ফেলছে,2,0.7257843570089263
2 After Election,2_after_election,3332,এত চেটেও শেষ রক্ষা হল না।,এত চেটেও শেষ রক্ষা হল না,1,0.5729854207367532
2 After Election,2_after_election,3333,ডঃ ইউনুস আমাকে তা করছে আ করছে হো... আঙ্গুল দিছে।,ডঃ ইউনুস আমাকে তা করছে আ করছে হো আঙ্গুল দিছে,3,0.5749994262721324
2 After Election,2_after_election,3334,রাষ্ট্রপতি আইনি নোটিশ এ অপসারণ করা যায় না এক মাএ উনি নিজে থেকে যদি পদত্যাগ করে আর সংসদ পারে রাষ্ট্রপতি কে অপসারণ করতে,রাষ্ট্রপতি আইনি নোটিশ এ অপসারণ করা যায় না এক মাএ উনি নিজে থেকে যদি পদত্যাগ করে আর সংসদ পারে রাষ্ট্রপতি কে অপসারণ করতে,0,0.505795710979872
2 After Election,2_after_election,3335,good,good,0,0.5999965747691249
2 After Election,2_after_election,3336,আলহামদুলিল্লাহ,আলহামদুলিল্লাহ,2,0.5999984371235062
2 After Election,2_after_election,3337,এটা সাধারণ আইনে করা যায় না। তার বিরুদ্ধে কোনো মামলা করা যায় না। রাষ্ট্রপতি অপসারণের সাংবিধানিক পদ্ধতি আছে। সংসদ ছাড়া সম্ভব না।,এটা সাধারণ আইনে করা যায় না তার বিরুদ্ধে কোনো মামলা করা যায় না রাষ্ট্রপতি অপসারণের সাংবিধানিক পদ্ধতি আছে সংসদ ছাড়া সম্ভব না,2,0.47620132113348157
2 After Election,2_after_election,3338,আ হ রে দেশ চাঁদাবাজ কে আটক করতে হয় কেনও,আ হ রে দেশ চাঁদাবাজ কে আটক করতে হয় কেনও,2,0.8383884410137777
2 After Election,2_after_election,3339,সমঝোতাকে চাঁদা বলতে নেই,সমঝোতাকে চাঁদা বলতে নেই,2,0.40003998188738843
2 After Election,2_after_election,3340,দেশ এই বছরের মধ্যেই বিশ্ব চাম্পিয়ান ১ নাম্বারে চলে যাবে,দেশ এই বছরের মধ্যেই বিশ্ব চাম্পিয়ান নাম্বারে চলে যাবে,2,0.8373202254648402
2 After Election,2_after_election,3341,বাস থেকে চাঁদা কি সমঝোতা করে নিয়েছে সমঝোতা করে নিলে সেটা কে চাঁদা বলা জাবেনা,বাস থেকে চাঁদা কি সমঝোতা করে নিয়েছে সমঝোতা করে নিলে সেটা কে চাঁদা বলা জাবেনা,2,0.5785410930490201
2 After Election,2_after_election,3342,একটু সমজতা করলেই হয়,একটু সমজতা করলেই হয়,4,0.5483166111165892
2 After Election,2_after_election,3343,এটাকে চাঁদা বলে না এটাকে বলে সমঝোতা,এটাকে চাঁদা বলে না এটাকে বলে সমঝোতা,2,0.8855886123158317
2 After Election,2_after_election,3344,সমঝোতার মাধ্যমে তারা টাকা তুলেছে এটা চাঁদা না,সমঝোতার মাধ্যমে তারা টাকা তুলেছে এটা চাঁদা না,2,0.8398100738826912
2 After Election,2_after_election,3345,এগুলো চাঁদা নয় হাদিয়া,এগুলো চাঁদা নয় হাদিয়া,2,0.8394276882394119
2 After Election,2_after_election,3346,এখন তাকে ফুলের মালা দিয়ে বরণ করিয়ে নেন তিনি অনেক বড় নেতা হইবেন,এখন তাকে ফুলের মালা দিয়ে বরণ করিয়ে নেন তিনি অনেক বড় নেতা হইবেন,4,0.5004423897565891
2 After Election,2_after_election,3347,"""এটাকে চাঁদা বলবেন না,সমঝোতা বলুন""",এটাকে চাঁদা বলবেন না সমঝোতা বলুন,2,0.8666140047170455
2 After Election,2_after_election,3348,সমঝোতা করলেই হতো,সমঝোতা করলেই হতো,4,0.5499104016525821
2 After Election,2_after_election,3349,দলের নাম টা এভাবে না বললে ও পারতেন,দলের নাম টা এভাবে না বললে ও পারতেন,2,0.3541750513988418
2 After Election,2_after_election,3350,চাঁদা বলা যাবে না৷ এটা সমঝোতা হবে!,চাঁদা বলা যাবে না৷ এটা সমঝোতা হবে,2,0.6010703354474158
2 After Election,2_after_election,3351,এগুলি চাঁন্দা নয় সমঝোতা রে ভাই,এগুলি চাঁন্দা নয় সমঝোতা রে ভাই,2,0.799855868941267
2 After Election,2_after_election,3352,সমঝোতা করলে ধরা পড়তো না,সমঝোতা করলে ধরা পড়তো না,2,0.5496724349847439
2 After Election,2_after_election,3353,যুবদল নাকি যুবলীগ?,যুবদল নাকি যুবলীগ,3,0.731476107484001
2 After Election,2_after_election,3354,সমঝোতার মাঝেও ঝামেলা করতে আসে,সমঝোতার মাঝেও ঝামেলা করতে আসে,2,0.5103137042067091
2 After Election,2_after_election,3355,আটক নাকি নাটক,আটক নাকি নাটক,1,0.5496336238466606
2 After Election,2_after_election,3356,চাঁদা বলতে নাই প্রিয় এটাকে সমঝোতা বলতে হয়,চাঁদা বলতে নাই প্রিয় এটাকে সমঝোতা বলতে হয়,2,0.5252202974715415
2 After Election,2_after_election,3357,আদিল তুমি ভালো হয়ে যাও,আদিল তুমি ভালো হয়ে যাও,4,0.5165016209060633
2 After Election,2_after_election,3358,চাঁদা বলে না । বলতে হবে সমঝোতা,চাঁদা বলে না বলতে হবে সমঝোতা,2,0.6399546858327533
2 After Election,2_after_election,3359,"""ওইটা চাঁদা নয়, সমঝোতা ।""",ওইটা চাঁদা নয় সমঝোতা,2,0.7999774812069069
2 After Election,2_after_election,3360,প্ল্যান কাকু জানেন নাকি,প্ল্যান কাকু জানেন নাকি,3,0.8386523157004763
2 After Election,2_after_election,3361,চোখ লাল কিসে?,চোখ লাল কিসে,2,0.7996510574318129
2 After Election,2_after_election,3362,ওয়াও খেলা যে চলছে কোন লেভেল এ,ওয়াও খেলা যে চলছে কোন লেভেল এ,2,0.8396067565388275
2 After Election,2_after_election,3363,ওয়াও ফ্যান্টাসটিং,ওয়াও ফ্যান্টাসটিং,2,0.5986403159922592
2 After Election,2_after_election,3364,বলেন সমঝোতা করতে গিয়ে আটক,বলেন সমঝোতা করতে গিয়ে আটক,2,0.8658741362803833
2 After Election,2_after_election,3365,দয়া করে চাঁদা বলবেন না। এটা হলো সমঝোতা।,দয়া করে চাঁদা বলবেন না এটা হলো সমঝোতা,2,0.6999756698769357
2 After Election,2_after_election,3366,আটক না নাটক?,আটক না নাটক,1,0.7327830478229642
2 After Election,2_after_election,3367,"""চাঁদা বলা নিষেধ, সমঝোতা""",চাঁদা বলা নিষেধ সমঝোতা,2,0.5501547749868834
2 After Election,2_after_election,3368,চাঁদা কেন বলেন এটা কে ভিক্ষা বলবেন it’s not cada,চাঁদা কেন বলেন এটা কে ভিক্ষা বলবেন it s not cada,2,0.866358526287236
2 After Election,2_after_election,3369,সে চাঁদাদলের কেউ না ফখ রুল,সে চাঁদাদলের কেউ না ফখ রুল,4,0.5980712081625551
2 After Election,2_after_election,3370,সমঝোতা বলবেন চাঁদা না!,সমঝোতা বলবেন চাঁদা না,2,0.7999698718863512
2 After Election,2_after_election,3371,ওটা চাদা নয় সমঝোতার মাধ্যমে নেয়া হয়,ওটা চাদা নয় সমঝোতার মাধ্যমে নেয়া হয়,2,0.5336682591990771
2 After Election,2_after_election,3372,সমঝোতা বলে এগুলো কে,সমঝোতা বলে এগুলো কে,2,0.7987502928109188
2 After Election,2_after_election,3373,এটা তো সমঝোতা হতে পারে,এটা তো সমঝোতা হতে পারে,3,0.4587901593657054
2 After Election,2_after_election,3374,সমঝোতা করে নেয় মনে হয়,সমঝোতা করে নেয় মনে হয়,2,0.5943809640338529
2 After Election,2_after_election,3375,এখন সে হয়ে যাবে সাবেক।,এখন সে হয়ে যাবে সাবেক,4,0.6145922737316395
2 After Election,2_after_election,3376,কিছু কিছু মানুষ এই পোস্টেও লাভ রিয়েক্ট দেয়...,কিছু কিছু মানুষ এই পোস্টেও লাভ রিয়েক্ট দেয়,1,0.8379248223502088
2 After Election,2_after_election,3377,"""আরে এটা চাঁদার টাকা না,,এটা সমঝোতার টাকা""",আরে এটা চাঁদার টাকা না এটা সমঝোতার টাকা,2,0.8662105665842036
2 After Election,2_after_election,3378,চাঁদা নয়! সমঝোতা বলুন,চাঁদা নয় সমঝোতা বলুন,2,0.83992481598362
2 After Election,2_after_election,3379,সবকিছুই প্ল্যান মোতাবেক হচ্ছে,সবকিছুই প্ল্যান মোতাবেক হচ্ছে,3,0.7990440626931852
2 After Election,2_after_election,3380,লিডার চালিয়ে যান পুরো পৃথিবী আপনার বিপক্ষে থাকলেও আমি কিন্তু পৃথিবীর পক্ষেই আছি.,লিডার চালিয়ে যান পুরো পৃথিবী আপনার বিপক্ষে থাকলেও আমি কিন্তু পৃথিবীর পক্ষেই আছি,3,0.9174905342574249
2 After Election,2_after_election,3381,এই এই এটাকে চান্দা বললো কে?,এই এই এটাকে চান্দা বললো কে,2,0.7333298620590414
2 After Election,2_after_election,3382,সম্ভবত চালক সমঝোতা করতে চায়নি,সম্ভবত চালক সমঝোতা করতে চায়নি,2,0.7995078539915771
2 After Election,2_after_election,3383,এগুলা দেখলেই এখন লাভ রিয়েক্ট দিতে মন চায়?,এগুলা দেখলেই এখন লাভ রিয়েক্ট দিতে মন চায়,1,0.7025909533939242
2 After Election,2_after_election,3384,এটা চাঁদা বলা যাবে না সমঝোতা বলে,এটা চাঁদা বলা যাবে না সমঝোতা বলে,2,0.67683619819027
2 After Election,2_after_election,3385,"""সমঝোতার মাধ্যমে হলে কোন সমস্যা নেই,,""",সমঝোতার মাধ্যমে হলে কোন সমস্যা নেই,2,0.8662675566131913
2 After Election,2_after_election,3386,ভোট দিব কিসে ধানের শিষে।,ভোট দিব কিসে ধানের শিষে,0,0.5870964007861278
2 After Election,2_after_election,3387,লেতায় সমঝোতা করতে ছিল।,লেতায় সমঝোতা করতে ছিল,2,0.7329964483240141
2 After Election,2_after_election,3388,সবই সমঝোতার খেলা,সবই সমঝোতার খেলা,2,0.7999978667560453
2 After Election,2_after_election,3389,সমস্যা কি সমঝোতার মাধ্যমে হইছে,সমস্যা কি সমঝোতার মাধ্যমে হইছে,2,0.7999781549506345
2 After Election,2_after_election,3390,ধরা কি ঠিক হলো?,ধরা কি ঠিক হলো,1,0.7980449279010896
2 After Election,2_after_election,3391,হ্যাতেও বুঝি ন্যাতা,হ্যাতেও বুঝি ন্যাতা,1,0.5990027925148169
2 After Election,2_after_election,3392,সামনে ঈদ এটুকু তো তুলবেই,সামনে ঈদ এটুকু তো তুলবেই,2,0.7281457622508068
2 After Election,2_after_election,3393,এগুলো এডিট করা যায়,এগুলো এডিট করা যায়,3,0.5979839800934423
2 After Election,2_after_election,3394,সমঝোতা কইরা নিছে নাকি জোর কইরা?,সমঝোতা কইরা নিছে নাকি জোর কইরা,0,0.7244160708382684
2 After Election,2_after_election,3395,সেই কালারের সেই নেতা।,সেই কালারের সেই নেতা,1,0.5999988356006193
2 After Election,2_after_election,3396,সমঝোতা করে তুললে চাঁদা বলা যাবে না,সমঝোতা করে তুললে চাঁদা বলা যাবে না,2,0.6010703354474158
2 After Election,2_after_election,3397,হে তো বাসের কন্টাক্ট ছিল,হে তো বাসের কন্টাক্ট ছিল,3,0.7301605711469501
2 After Election,2_after_election,3398,এটাকে বলে সমঝোতা।,এটাকে বলে সমঝোতা,2,0.7997783720276297
2 After Election,2_after_election,3399,"""কখন যে আমি ও রাস্তা চলার সময় আটক হয়ে যায়,""",কখন যে আমি ও রাস্তা চলার সময় আটক হয়ে যায়,4,0.5490859394008337
2 After Election,2_after_election,3400,এটা হল সমঝোতা চাঁদা বলতে হয় না,এটা হল সমঝোতা চাঁদা বলতে হয় না,2,0.44022237172811735
2 After Election,2_after_election,3401,সমঝোতা করতে গিয়েছিল ভাইটি,সমঝোতা করতে গিয়েছিল ভাইটি,2,0.7329964483240141
2 After Election,2_after_election,3402,কোন এলাকার যুবদল নেতা এটা একটু ক্লিয়ার করবেন না?,কোন এলাকার যুবদল নেতা এটা একটু ক্লিয়ার করবেন না,1,0.565084344515614
2 After Election,2_after_election,3403,খেলা শুরু হয়ে গেছে,খেলা শুরু হয়ে গেছে,4,0.5301924149444762
2 After Election,2_after_election,3404,খেলা যে চলছে কোন লেভেলের!,খেলা যে চলছে কোন লেভেলের,2,0.6098478847372852
2 After Election,2_after_election,3405,আচ্ছা মতো বাটাম দিয়ে লাইনে আনতে হবে!,আচ্ছা মতো বাটাম দিয়ে লাইনে আনতে হবে,3,0.4400331445894956
2 After Election,2_after_election,3406,এতে নুতন কি ?,এতে নুতন কি,0,0.5976388281153168
2 After Election,2_after_election,3407,সম্ভবত সমঝোতা করে চাইনি,সম্ভবত সমঝোতা করে চাইনি,2,0.7326628397960494
2 After Election,2_after_election,3408,সমঝোতার মাধ্যমে নেয় সমস্যা নাই,সমঝোতার মাধ্যমে নেয় সমস্যা নাই,2,0.8665615427307465
2 After Election,2_after_election,3409,"""দিল্লি নয় পিন্ডি নয়, সবার আগে চান্দা।…""",দিল্লি নয় পিন্ডি নয় সবার আগে চান্দা,2,0.7999536658245091
2 After Election,2_after_election,3410,একটু সমঝোতা করতে গেছিলো কিন্তু জনগণ ভাবলো চাঁদা তুলতে গেছে,একটু সমঝোতা করতে গেছিলো কিন্তু জনগণ ভাবলো চাঁদা তুলতে গেছে,2,0.8997838881489649
2 After Election,2_after_election,3411,এখন সে হয়ে যাবে সাবেক।,এখন সে হয়ে যাবে সাবেক,4,0.6145922737316395
2 After Election,2_after_election,3412,জামাই আদরে ছেড়ে দিলে আটক করার কি দরকার,জামাই আদরে ছেড়ে দিলে আটক করার কি দরকার,2,0.6372005737290062
2 After Election,2_after_election,3413,সমঝোতা করতে চায়ছিলো মনে হয়,সমঝোতা করতে চায়ছিলো মনে হয়,2,0.5945076451288428
2 After Election,2_after_election,3414,Part of I have a plan. Nothing to worry,part of i have a plan nothing to worry,3,0.8376845910414118
2 After Election,2_after_election,3415,চাদা বইলেন না সমঝোতা বইলেন,চাদা বইলেন না সমঝোতা বইলেন,4,0.6392811999664182
2 After Election,2_after_election,3416,হাতে হাতে সমঝোতা করলে তো হয়,হাতে হাতে সমঝোতা করলে তো হয়,0,0.6397722839938711
2 After Election,2_after_election,3417,আটক আর …,আটক আর,1,0.5984191530658743
2 After Election,2_after_election,3418,এটাকে সমঝোতা বলে,এটাকে সমঝোতা বলে,2,0.7997783720276297
2 After Election,2_after_election,3419,"""নৌকা দিল্লিতে,জামাত পাকিস্তানে, ধানের শীষ দাড়িয়ে আছে মাতৃভূমির কল্যানে""",নৌকা দিল্লিতে জামাত পাকিস্তানে ধানের শীষ দাড়িয়ে আছে মাতৃভূমির কল্যানে,0,0.6346015395337689
2 After Election,2_after_election,3420,চাঁদা নিচ্ছে ঠিক আছে কিন্তু চাঁদাবাজি তো করে নাই,চাঁদা নিচ্ছে ঠিক আছে কিন্তু চাঁদাবাজি তো করে নাই,2,0.6399508201563712
2 After Election,2_after_election,3421,মিলেমিশে কাজ করাই সমঝোতার বাংলাদেশের,মিলেমিশে কাজ করাই সমঝোতার বাংলাদেশের,2,0.547801278012414
2 After Election,2_after_election,3422,আরে এটা কোন বিপার নয় ওই যে বলেছেন সকালে আটক আর বিকালে নাটক এটায় হবে,আরে এটা কোন বিপার নয় ওই যে বলেছেন সকালে আটক আর বিকালে নাটক এটায় হবে,1,0.5084029391120005
2 After Election,2_after_election,3423,ভাই ওটা কি চাঁদা বলেন না ওটা আপসে যেটা লেনদেন হয় সেটাকে চাঁদা বলে না,ভাই ওটা কি চাঁদা বলেন না ওটা আপসে যেটা লেনদেন হয় সেটাকে চাঁদা বলে না,2,0.8665369210162668
2 After Election,2_after_election,3424,এটা চাদা না এটা সমঝোতা,এটা চাদা না এটা সমঝোতা,2,0.40004630174728034
2 After Election,2_after_election,3425,চাদা তুলে এনে দিলে পুরস্কার ধরা পড়লে বহিষ্কার,চাদা তুলে এনে দিলে পুরস্কার ধরা পড়লে বহিষ্কার,2,0.5844449872640763
2 After Election,2_after_election,3426,"""বাংলার দামাল ছেলে,,চান্দা ভাই জিন্দাবাদ,,""",বাংলার দামাল ছেলে চান্দা ভাই জিন্দাবাদ,2,0.6890893194760269
2 After Election,2_after_election,3427,আরে ঐটা চাঁদা না ভাই ঐটা সমঝোতা,আরে ঐটা চাঁদা না ভাই ঐটা সমঝোতা,2,0.8397972749597339
2 After Election,2_after_election,3428,ওইটা চাঁদা না ভাই এটা সমঝোতা,ওইটা চাঁদা না ভাই এটা সমঝোতা,2,0.7998779555819605
2 After Election,2_after_election,3429,চেহারা দেখলেই বুঝা যায় গান্জুইট্টা।,চেহারা দেখলেই বুঝা যায় গান্জুইট্টা,1,0.7999979919729712
2 After Election,2_after_election,3430,"""আসে সবাই মিলে দেশ গড়ি, ধানের শিষে ভোট দিয়ে চাদা বাজ মুক্ত দেশ গড়ে তুলি""",আসে সবাই মিলে দেশ গড়ি ধানের শিষে ভোট দিয়ে চাদা বাজ মুক্ত দেশ গড়ে তুলি,1,0.3902519176829805
2 After Election,2_after_election,3431,ক্যান ফ্যামিলি কার্ড নিজে পায়নি বুঝি,ক্যান ফ্যামিলি কার্ড নিজে পায়নি বুঝি,2,0.5316002316386798
2 After Election,2_after_election,3432,এটাকে চাঁদা বলেন না এটা হল সমঝোতা।,এটাকে চাঁদা বলেন না এটা হল সমঝোতা,2,0.7002405610457982
2 After Election,2_after_election,3433,এটা চাঁদাবাজি নয় এটা সমঝোতা,এটা চাঁদাবাজি নয় এটা সমঝোতা,2,0.7999771287948878
2 After Election,2_after_election,3434,আটকের পর সমঝোতা বুঝতে পারছি,আটকের পর সমঝোতা বুঝতে পারছি,2,0.8648452978557558
2 After Election,2_after_election,3435,"""সমঝোতা করতে গিয়েছিল, এইটাকে চাদা বলেন কেন??""",সমঝোতা করতে গিয়েছিল এইটাকে চাদা বলেন কেন,2,0.6208928698045308
2 After Election,2_after_election,3436,খবরে হেডলাইন দেওয়ার আগে আগেই তারে ছাইড়া দিছে খবর নেন।,খবরে হেডলাইন দেওয়ার আগে আগেই তারে ছাইড়া দিছে খবর নেন,4,0.5935686796056651
2 After Election,2_after_election,3437,আরে সাবেক বললেন না যে?,আরে সাবেক বললেন না যে,0,0.7967910020796545
2 After Election,2_after_election,3438,আমরা যেই দলেরই হয় না কেন দয়া করে চাঁদাবাজি থেকে নিজেকে সবাই বিরত রাখব ইনশাআল্লাহ আমরা সকলেই হালাল রুজি কামাই করে খাব কেননা হ…,আমরা যেই দলেরই হয় না কেন দয়া করে চাঁদাবাজি থেকে নিজেকে সবাই বিরত রাখব ইনশাআল্লাহ আমরা সকলেই হালাল রুজি কামাই করে খাব কেননা হ,2,0.5575722618258253
2 After Election,2_after_election,3439,বিকাল নাটক সকালে নাটক,বিকাল নাটক সকালে নাটক,1,0.7994181480367453
2 After Election,2_after_election,3440,চালিয়ে জান নেতা পুরো পৃথিবী আপনার বিপক্ষে থাকলেও আমি পৃথিবীর পক্ষেই থাকবো..,চালিয়ে জান নেতা পুরো পৃথিবী আপনার বিপক্ষে থাকলেও আমি পৃথিবীর পক্ষেই থাকবো,3,0.5459219676226003
2 After Election,2_after_election,3441,যেদিকে তাকাই সেদিকে যুবদল,যেদিকে তাকাই সেদিকে যুবদল,3,0.5953273914197651
2 After Election,2_after_election,3442,আরে ভাই এটা চাঁদা না এটা সমঝোতা,আরে ভাই এটা চাঁদা না এটা সমঝোতা,2,0.8397972749597339
2 After Election,2_after_election,3443,হিরো ইঞ্চির মত দেখতে আবার বলে যুবদল নেতা,হিরো ইঞ্চির মত দেখতে আবার বলে যুবদল নেতা,1,0.45752462132942506
2 After Election,2_after_election,3444,সমঝোতার মাধ্যমে চাঁদাবাজি করতে হবে।,সমঝোতার মাধ্যমে চাঁদাবাজি করতে হবে,2,0.839896208592544
2 After Election,2_after_election,3445,সমঝোতার মাধ্যমে ডিম থেরাপি দেওয়া হউক,সমঝোতার মাধ্যমে ডিম থেরাপি দেওয়া হউক,2,0.8856274166491255
2 After Election,2_after_election,3446,সমঝোতা করেই চাঁদা নিতে হয়,সমঝোতা করেই চাঁদা নিতে হয়,2,0.799817451357043
2 After Election,2_after_election,3447,তাহলে কি সমঝোতা হয়নাই,তাহলে কি সমঝোতা হয়নাই,2,0.40004718917163373
2 After Election,2_after_election,3448,এখানে হতবাক হওয়ার কিছু নাই আমরা জনগণই চাইছি আগের মত দেশ চলার জন্য নতুন কিছু পরিবর্তন না হওয়ার জন্য এগুলো তো আগেও ছিল বর্তমান…,এখানে হতবাক হওয়ার কিছু নাই আমরা জনগণই চাইছি আগের মত দেশ চলার জন্য নতুন কিছু পরিবর্তন না হওয়ার জন্য এগুলো তো আগেও ছিল বর্তমান,2,0.9366610181088336
2 After Election,2_after_election,3449,সাংবাদিক সাহেব আপনি ভুল লিখেছেন এটা চাঁদা হবেনা এটা সমঝোতা হবে,সাংবাদিক সাহেব আপনি ভুল লিখেছেন এটা চাঁদা হবেনা এটা সমঝোতা হবে,2,0.6000886661306849
2 After Election,2_after_election,3450,গরম ডিম দেওয়া হউক,গরম ডিম দেওয়া হউক,2,0.8397953710551205
2 After Election,2_after_election,3451,profession যদি চাঁদাবাজি করা হয়।তাহলে কি বাদ দেওয়া যায়।,profession যদি চাঁদাবাজি করা হয় তাহলে কি বাদ দেওয়া যায়,2,0.45026384884357357
2 After Election,2_after_election,3452,ওটা চাদা না সমঝোতা,ওটা চাদা না সমঝোতা,2,0.40004630174728034
2 After Election,2_after_election,3453,Icca,icca,0,0.2
2 After Election,2_after_election,3454,এইটা সাদা না এটা সমঝোতা,এইটা সাদা না এটা সমঝোতা,2,0.40002717526276294
2 After Election,2_after_election,3455,রোজা রাখা অবস্থায় চাঁদা উঠাইলে কি রোজা ভেঙ্গে যাবে??,রোজা রাখা অবস্থায় চাঁদা উঠাইলে কি রোজা ভেঙ্গে যাবে,4,0.6892186848471485
2 After Election,2_after_election,3456,আটক করার কি দরকার একটু সমোঝোতা করলেই তো হতো,আটক করার কি দরকার একটু সমোঝোতা করলেই তো হতো,4,0.7677254171867784
2 After Election,2_after_election,3457,সমঝোতার ভিত্তিতে ইহা গ্রহন করতে গেছিলো,সমঝোতার ভিত্তিতে ইহা গ্রহন করতে গেছিলো,2,0.8399067531787677
2 After Election,2_after_election,3458,বেচারা ঈদ উপলক্ষ্যে একটু চেষ্টা করেছিল,বেচারা ঈদ উপলক্ষ্যে একটু চেষ্টা করেছিল,2,0.838897130612132
2 After Election,2_after_election,3459,আচ্ছা,আচ্ছা,4,0.5999956900317628
2 After Election,2_after_election,3460,মায়াবী চেহারা,মায়াবী চেহারা,1,0.599998110680531
2 After Election,2_after_election,3461,ফ্যামিলি কার্ডের টাকা যোগান দিতেই এরা কঠোর পরিশ্রম করে চাঁদা তুলে ৷ চ্যানেল ২৪ এদের নামে বদনাম ছড়িয়ে দিচ্ছে ক্যান বুঝলাম না ৷,ফ্যামিলি কার্ডের টাকা যোগান দিতেই এরা কঠোর পরিশ্রম করে চাঁদা তুলে ৷ চ্যানেল এদের নামে বদনাম ছড়িয়ে দিচ্ছে ক্যান বুঝলাম না ৷,4,0.3786867286273866
2 After Election,2_after_election,3462,"""বর্তমানে, সকল প্রকার চাঁদাবাজির সাথে ঐ দলটাইতো জড়িত?""",বর্তমানে সকল প্রকার চাঁদাবাজির সাথে ঐ দলটাইতো জড়িত,2,0.7980210719382385
2 After Election,2_after_election,3463,সমোঝোতায় কাজ হয় নাই!!,সমোঝোতায় কাজ হয় নাই,2,0.730235628892273
2 After Election,2_after_election,3464,"""‌মিথ‌্যা কথা, এরা চাঁদাবা‌জি ক‌রেনা।""",মিথ্যা কথা এরা চাঁদাবাজি করেনা,1,0.3001340307669544
2 After Election,2_after_election,3465,ডিম থেরাপি দেওয়া হোক,ডিম থেরাপি দেওয়া হোক,2,0.8392011445508376
2 After Election,2_after_election,3466,ঠিক হয়ে যাবে,ঠিক হয়ে যাবে,4,0.47700955971498205
2 After Election,2_after_election,3467,এই চান্দার জন্যে সমঝোতা খুশি আর সমঝোতার জন্যে আপনি খুশি …,এই চান্দার জন্যে সমঝোতা খুশি আর সমঝোতার জন্যে আপনি খুশি,2,0.8393130512372248
2 After Election,2_after_election,3468,সারাদেশে আয় নেতায় নিয়ে জাবে।১০/'আর জেলেই গেল কে।,সারাদেশে আয় নেতায় নিয়ে জাবে আর জেলেই গেল কে,0,0.6804485379999498
2 After Election,2_after_election,3469,সমঝোতা হয় নাই মনে হয়।,সমঝোতা হয় নাই মনে হয়,2,0.5946380328414493
2 After Election,2_after_election,3470,বেগুন দিয়ে দাও,বেগুন দিয়ে দাও,3,0.5976663474537909
2 After Election,2_after_election,3471,হয়ে গেল সমঝোতা,হয়ে গেল সমঝোতা,4,0.5323875333437282
2 After Election,2_after_election,3472,তাকে পুরস্কৃত করা হোক,তাকে পুরস্কৃত করা হোক,4,0.731877789591821
2 After Election,2_after_election,3473,আলহামদুলিল্লাহ,আলহামদুলিল্লাহ,2,0.5999984371235062
2 After Election,2_after_election,3474,আহ্,আহ্,2,0.5999938089601551
2 After Election,2_after_election,3475,দুই তিন পরে আবার নিউজ উল্টায় যাবে,দুই তিন পরে আবার নিউজ উল্টায় যাবে,4,0.6925801206658455
2 After Election,2_after_election,3476,হা,হা,3,0.5981440740170401
2 After Election,2_after_election,3477,দু পরে তদন্ত করে রিপোর্ট উল্টে যেতে পারে,দু পরে তদন্ত করে রিপোর্ট উল্টে যেতে পারে,3,0.7298390729249137
2 After Election,2_after_election,3478,আইনের আওতায় আনা হোক তাকে,আইনের আওতায় আনা হোক তাকে,4,0.8662765868831669
2 After Election,2_after_election,3479,চেহারা দেখতেই তো গাঞ্জা খোরের মত লাগে। সকালে আটক করবে। বিকেলে তো ছাড়াই পাবে চিন্তা আছে।,চেহারা দেখতেই তো গাঞ্জা খোরের মত লাগে সকালে আটক করবে বিকেলে তো ছাড়াই পাবে চিন্তা আছে,1,0.9099860401355742
2 After Election,2_after_election,3480,Hoga lal kore daw bcg,hoga lal kore daw bcg,1,0.5999959490020363
2 After Election,2_after_election,3481,নেতা কট খেয়ে হয়ে গেছে খাতা,নেতা কট খেয়ে হয়ে গেছে খাতা,1,0.5763756189049
2 After Election,2_after_election,3482,এটা কি হল?,এটা কি হল,1,0.5999954483638225
2 After Election,2_after_election,3483,গতকাল রাস্তায় দেখলাম বিএনপির লোকজন মিছিল করতেছে জামাত যেন চাদাবাজি বন্ধ করে,গতকাল রাস্তায় দেখলাম বিএনপির লোকজন মিছিল করতেছে জামাত যেন চাদাবাজি বন্ধ করে,3,0.8160500019059755
2 After Election,2_after_election,3484,Saif Sufian Shiam মনে হয় Ai,saif sufian shiam মনে হয় ai,1,0.730084356959066
2 After Election,2_after_election,3485,এটা সমজতা না সাংঘাতিক,এটা সমজতা না সাংঘাতিক,0,0.5999807846826835
2 After Election,2_after_election,3486,এটা তেমন কিছু না,এটা তেমন কিছু না,0,0.5993549054058659
2 After Election,2_after_election,3487,"""চাঁদাকে বৈধ ঘোষণা করা হউক,আটক করার তীব্র নিন্দা ও পোতিবাদ জানাই""",চাঁদাকে বৈধ ঘোষণা করা হউক আটক করার তীব্র নিন্দা ও পোতিবাদ জানাই,2,0.8995042148672626
2 After Election,2_after_election,3488,চাদা না সমোজোতা,চাদা না সমোজোতা,4,0.5999975391979444
2 After Election,2_after_election,3489,এটা বেপার না সমঝোতার মধ্যে হচ্ছে।,এটা বেপার না সমঝোতার মধ্যে হচ্ছে,2,0.5999980169085755
2 After Election,2_after_election,3490,হাত একটা কাটেন,হাত একটা কাটেন,4,0.597504604427649
2 After Election,2_after_election,3491,তারা তো মূলত চাঁদাবাজি করে প্রকাশ্যে অথবা গোপনে,তারা তো মূলত চাঁদাবাজি করে প্রকাশ্যে অথবা গোপনে,2,0.5999963758338133
2 After Election,2_after_election,3492,সমঝোতার মাধ্যমে করলেই পারতেন তাহলে তো ধরা খেতে হতো না,সমঝোতার মাধ্যমে করলেই পারতেন তাহলে তো ধরা খেতে হতো না,2,0.39871201618089225
2 After Election,2_after_election,3493,সাব্বাশ ব্যাটা। আবার সোনার দেশ গড়বে।,সাব্বাশ ব্যাটা আবার সোনার দেশ গড়বে,1,0.8375958235146416
2 After Election,2_after_election,3494,Oke diye jatir udhesshe vashon deyano hok,oke diye jatir udhesshe vashon deyano hok,0,0.5999896428832173
2 After Election,2_after_election,3495,উহু মুরুব্বী চাঁদা না সমঝোতা বলুন,উহু মুরুব্বী চাঁদা না সমঝোতা বলুন,2,0.6403642862855893
2 After Election,2_after_election,3496,সমঝোতা করতে ভুলে গেছে,সমঝোতা করতে ভুলে গেছে,2,0.5503988627859429
2 After Election,2_after_election,3497,দেশের সুর্য সন্তান,দেশের সুর্য সন্তান,3,0.7326163694365162
2 After Election,2_after_election,3498,একে তো হিরোইঞ্চি মনে হয়...,একে তো হিরোইঞ্চি মনে হয়,1,0.7294722912474884
2 After Election,2_after_election,3499,ore jubodol netar chokh lal kno,ore jubodol netar chokh lal kno,1,0.4956591310113329
2 After Election,2_after_election,3500,সমঝোতার ভিত্তিতে ছাইড়া দেন।,সমঝোতার ভিত্তিতে ছাইড়া দেন,2,0.799998344841187
2 After Election,2_after_election,3501,এর নাম বিএনপি যুবদল,এর নাম বিএনপি যুবদল,4,0.7972751604387133
2 After Election,2_after_election,3502,কামডা করলো কি?,কামডা করলো কি,3,0.5999916246766805
2 After Election,2_after_election,3503,সাংবাদিকরা সমঝোতা কে চাদা বলতেছে।এমন স্বাধীনতা কি আমরা চেয়েছিলাম?,সাংবাদিকরা সমঝোতা কে চাদা বলতেছে এমন স্বাধীনতা কি আমরা চেয়েছিলাম,4,0.4919976704252421
2 After Election,2_after_election,3504,সমঝোতার অভাব মনে হচ্ছে।,সমঝোতার অভাব মনে হচ্ছে,2,0.4247789419837618
2 After Election,2_after_election,3505,"""আটকের নামে খেলাটা হচ্ছে সকালে শুরু বিকালে শেষ,, সাব্বাস আমার বাংলাদেশ,, চাঁদার বাজিতে ভরপুর""",আটকের নামে খেলাটা হচ্ছে সকালে শুরু বিকালে শেষ সাব্বাস আমার বাংলাদেশ চাঁদার বাজিতে ভরপুর,3,0.9184418790810714
2 After Election,2_after_election,3506,AK dom thik hoicy,ak dom thik hoicy,1,0.5999942578635252
2 After Election,2_after_election,3507,সকালে আটক বিকালে নাটক যদি এটা বন্ধ হয় তাহলে চাঁদাবাজি মুক্ত হবে,সকালে আটক বিকালে নাটক যদি এটা বন্ধ হয় তাহলে চাঁদাবাজি মুক্ত হবে,1,0.6345366970840828
2 After Election,2_after_election,3508,ইনকাম সোর্স,ইনকাম সোর্স,0,0.2
2 After Election,2_after_election,3509,বড় নেতা থানায় ফোন দিয়ে বলবো 54দারায় চালান…,বড় নেতা থানায় ফোন দিয়ে বলবো দারায় চালান,1,0.6453146855317201
2 After Election,2_after_election,3510,"""খাও বাবা, কিছু একটা করে খাও।""",খাও বাবা কিছু একটা করে খাও,1,0.79891332110064
2 After Election,2_after_election,3511,এগুলো তো সমঝোতা চাঁদ কেন বলবে ।,এগুলো তো সমঝোতা চাঁদ কেন বলবে,3,0.5518024012333387
2 After Election,2_after_election,3512,ভদ্রলোক মনে হয় সারা কিছু খায়নি তারা হুরা করে বাসে উঠে চাঁদা ভুলে ছেয়ে বসলো,ভদ্রলোক মনে হয় সারা কিছু খায়নি তারা হুরা করে বাসে উঠে চাঁদা ভুলে ছেয়ে বসলো,2,0.33390221705269646
2 After Election,2_after_election,3513,এত টকাই এ আবার নেতা হয় কেমনে,এত টকাই এ আবার নেতা হয় কেমনে,1,0.8382074180854624
2 After Election,2_after_election,3514,চাঁদা না দিলে বাসের চাকা খুলে নিবে এটাও মাথায় রাখতে হবে যেহেতু বিচার কখনই হয় না।,চাঁদা না দিলে বাসের চাকা খুলে নিবে এটাও মাথায় রাখতে হবে যেহেতু বিচার কখনই হয় না,2,0.9192034363704054
2 After Election,2_after_election,3515,MD Jymil Ahmed Hridoy mama,md jymil ahmed hridoy mama,1,0.733122825102864
2 After Election,2_after_election,3516,অবৈধভাবে আটকের জন্য তীব্র নিন্দা জানাই,অবৈধভাবে আটকের জন্য তীব্র নিন্দা জানাই,2,0.8396690418983566
2 After Election,2_after_election,3517,চাঁদা বাজি জামায়াত করে নাকি কে করে অন্ধগুলোর দেখে নেয়া উচিৎ,চাঁদা বাজি জামায়াত করে নাকি কে করে অন্ধগুলোর দেখে নেয়া উচিৎ,4,0.4352836471474769
2 After Election,2_after_election,3518,দে লাড়া চিনি ছাড়া,দে লাড়া চিনি ছাড়া,1,0.8389139468662971
2 After Election,2_after_election,3519,সামনে ঈদ,সামনে ঈদ,2,0.7281457622508068
2 After Election,2_after_election,3520,ছিছি কি বলেন। বলেন যে সমঝোতা। চঁাদা বলতে নেই লক্ষি রাগ করবে,ছিছি কি বলেন বলেন যে সমঝোতা চঁাদা বলতে নেই লক্ষি রাগ করবে,2,0.6401090742708415
2 After Election,2_after_election,3521,BNP er uchit tader Leader and Worker der training deya Jate Tara na Dora pore …,bnp er uchit tader leader and worker der training deya jate tara na dora pore,1,0.7441426702911346
2 After Election,2_after_election,3522,কঠোর ভাবে নির্মুল করতে হবে,কঠোর ভাবে নির্মুল করতে হবে,2,0.7309601151732062
2 After Election,2_after_election,3523,কি ভালো লাগে রে শুনতে।,কি ভালো লাগে রে শুনতে,4,0.49742569460129143
2 After Election,2_after_election,3524,ভাই আমাদের সাধারণ মানুষের খুব অসুবিধা হয়। আমি জিনজিরার বাসিন্দা। মানে এখানে অনেক বড় লেভেলে চাঁদাবাজি হয়। বুড়িগঙ্গা নদী পার…,ভাই আমাদের সাধারণ মানুষের খুব অসুবিধা হয় আমি জিনজিরার বাসিন্দা মানে এখানে অনেক বড় লেভেলে চাঁদাবাজি হয় বুড়িগঙ্গা নদী পার,2,0.9194292587492355
2 After Election,2_after_election,3525,ভালবাসি চান্দাদল,ভালবাসি চান্দাদল,0,0.2
2 After Election,2_after_election,3526,MD Shah Jalal link lagbe?,md shah jalal link lagbe,1,0.5999934692841968
2 After Election,2_after_election,3527,"""যত রাষ্ট্র কাঠামো ঠিক না হবে। প্রতিটা নির্বাচনে স্বচ্ছতা নিশ্চিত হবে তত NCP, BNP, JAMAT যেই ডাক দেক মাঠে নামবো। দেশের মা…""",যত রাষ্ট্র কাঠামো ঠিক না হবে প্রতিটা নির্বাচনে স্বচ্ছতা নিশ্চিত হবে তত ncp bnp jamat যেই ডাক দেক মাঠে নামবো দেশের মা,3,0.7186556088013226
2 After Election,2_after_election,3528,"""আইন সবার জন্য সমান,, তারেক রহমান জিন্দাবাদ।""",আইন সবার জন্য সমান তারেক রহমান জিন্দাবাদ,3,0.8661707202513492
2 After Election,2_after_election,3529,এই লাইনে কিভাবে ঢুকা যায়। একটু পরামর্শ দিবা,এই লাইনে কিভাবে ঢুকা যায় একটু পরামর্শ দিবা,2,0.4783446275766458
2 After Election,2_after_election,3530,থেরাপি দেওয়া হোক,থেরাপি দেওয়া হোক,2,0.7986354060017146
2 After Election,2_after_election,3531,নাটক করে যদি ছেড়ে দেওয়া হয় তাহলে আর লাভ কি পুঁতে ফেলতে হবে,নাটক করে যদি ছেড়ে দেওয়া হয় তাহলে আর লাভ কি পুঁতে ফেলতে হবে,1,0.5744702261348681
2 After Election,2_after_election,3532,"""শুধু আটক করলে চলবে না, পঙ্গু করে জেলে পাঠান। বাকি জীবনটা যেন জেলে কাটাইতে পারে।""",শুধু আটক করলে চলবে না পঙ্গু করে জেলে পাঠান বাকি জীবনটা যেন জেলে কাটাইতে পারে,3,0.7010209168217195
2 After Election,2_after_election,3533,আরে এটা কোন ব্যাপার না বড় নেতা আছে না,আরে এটা কোন ব্যাপার না বড় নেতা আছে না,1,0.45211935017645755
2 After Election,2_after_election,3534,আটক করাটা নাটক তা না হলে লেগুনার ড্রাইভার নাকি সিরিয়ালের জন্য মরছে একজন ডিসি বলে ধিক্কার জানাই এমন সংগঠনের প্রতি যারা মানুষের …,আটক করাটা নাটক তা না হলে লেগুনার ড্রাইভার নাকি সিরিয়ালের জন্য মরছে একজন ডিসি বলে ধিক্কার জানাই এমন সংগঠনের প্রতি যারা মানুষের,2,0.657266737465872
2 After Election,2_after_election,3535,Joy Bangla...,joy bangla,0,0.2
2 After Election,2_after_election,3536,"""সমজোতায় সব চলবে,, মিডিয়া ai দিয়ে ভিডিও বানিয়ে বলে যুবদল করছে ছাত্র দল করছে সব মিডিয়ার কারিশমা""",সমজোতায় সব চলবে মিডিয়া ai দিয়ে ভিডিও বানিয়ে বলে যুবদল করছে ছাত্র দল করছে সব মিডিয়ার কারিশমা,4,0.5476958682956354
2 After Election,2_after_election,3537,ওটা চাদা না সমোঝোতা,ওটা চাদা না সমোঝোতা,4,0.7333286642007426
2 After Election,2_after_election,3538,"""খুব শিগ্রই সকল প্রকার চাঁদাবাজি বন্ধ হবে, ইনশাআল্লাহ।""",খুব শিগ্রই সকল প্রকার চাঁদাবাজি বন্ধ হবে ইনশাআল্লাহ,2,0.685782288399272
2 After Election,2_after_election,3539,ছি ছি ছিহরে ননি ছিহ,ছি ছি ছিহরে ননি ছিহ,0,0.2
2 After Election,2_after_election,3540,মির্জা আব্বাস কে সমঝোতা ও চাঁদা বিষয়ক মন্ত্রী করার জোরদার দাবি জানাচ্ছি,মির্জা আব্বাস কে সমঝোতা ও চাঁদা বিষয়ক মন্ত্রী করার জোরদার দাবি জানাচ্ছি,4,0.509117578961341
2 After Election,2_after_election,3541,সমঝোতার ভিত্তিতে টাকা দাও।,সমঝোতার ভিত্তিতে টাকা দাও,2,0.8392927796208483
2 After Election,2_after_election,3542,ঈদ মোবারক,ঈদ মোবারক,2,0.7333257229507505
2 After Election,2_after_election,3543,"""কিসের আবার চাঁদা, বাংলাদেশে চাঁদা আছে নী""",কিসের আবার চাঁদা বাংলাদেশে চাঁদা আছে নী,2,0.6440925557025018
2 After Election,2_after_election,3544,আরে দূর এগুলো সমঝোতা এগুলো নিউজ করা লাগে,আরে দূর এগুলো সমঝোতা এগুলো নিউজ করা লাগে,2,0.495454679661505
2 After Election,2_after_election,3545,হেতেরে হিড়িয়ালা,হেতেরে হিড়িয়ালা,0,0.2
2 After Election,2_after_election,3546,এই নিউজ চ্যানেলগুলো এত এত টাকা খাওয়ার পরেও বিএমপির বিপক্ষে কথা বলে এগুলো হলো নেমকহারাম,এই নিউজ চ্যানেলগুলো এত এত টাকা খাওয়ার পরেও বিএমপির বিপক্ষে কথা বলে এগুলো হলো নেমকহারাম,3,0.6599297333218744
2 After Election,2_after_election,3547,লাগারে লাগা দোলায় লাগা,লাগারে লাগা দোলায় লাগা,3,0.7999973842905796
2 After Election,2_after_election,3548,বিএনপিকে দুর্বল করার জন্য ভেতর থেকেই কিছু গুপ্ত গোষ্ঠী অপকর্ম চালাচ্ছে। কিন্তু জনগণ আর অন্ধ নয়—সবই বুঝে গেছে। বিএনপি এখন প্রম…,বিএনপিকে দুর্বল করার জন্য ভেতর থেকেই কিছু গুপ্ত গোষ্ঠী অপকর্ম চালাচ্ছে কিন্তু জনগণ আর অন্ধ নয় সবই বুঝে গেছে বিএনপি এখন প্রম,2,0.6897105608929612
2 After Election,2_after_election,3549,নয়ন জুড়ানো খবর,নয়ন জুড়ানো খবর,3,0.5999989390500157
2 After Election,2_after_election,3550,"""মাশাল্লাহ, চালিয়ে যাও তোমরা।""",মাশাল্লাহ চালিয়ে যাও তোমরা,2,0.6164660650174021
2 After Election,2_after_election,3551,ইন্না-লিল্লাহে ওয়াইন্না ইলাহে রাজিউন।,ইন্না লিল্লাহে ওয়াইন্না ইলাহে রাজিউন,0,0.2
2 After Election,2_after_election,3552,ঈদ মোবারক,ঈদ মোবারক,2,0.7333257229507505
2 After Election,2_after_election,3553,চান্দা ভাই তোমার ছাড় নাই।,চান্দা ভাই তোমার ছাড় নাই,2,0.8385104039298265
2 After Election,2_after_election,3554,আমার মনে হয় আওয়ামী লীগের ষড়যন্ত্র,আমার মনে হয় আওয়ামী লীগের ষড়যন্ত্র,1,0.7985551721936647
2 After Election,2_after_election,3555,ওরা বলবে এটা জামায়াতে নেতা,ওরা বলবে এটা জামায়াতে নেতা,1,0.8380913119638863
2 After Election,2_after_election,3556,ওই কেরে চাঁদা কে চাঁদা বলে বলো সমঝতা,ওই কেরে চাঁদা কে চাঁদা বলে বলো সমঝতা,2,0.8397712461418926
2 After Election,2_after_election,3557,গরম ডিম দেন,গরম ডিম দেন,2,0.799947089208019
2 After Election,2_after_election,3558,চাদারে চাদা সমঝোতা,চাদারে চাদা সমঝোতা,2,0.40004630174728034
2 After Election,2_after_election,3559,এভাবে বলতে নেই,এভাবে বলতে নেই,3,0.40011577432387063
2 After Election,2_after_election,3560,"""চান্দা না হাদিয়া আপ্নারা বুল বুজবেন না,,""",চান্দা না হাদিয়া আপ্নারা বুল বুজবেন না,2,0.7333280909845504
2 After Election,2_after_election,3561,আমরা মনে হয় আর বেশি টিকতে পারবো না,আমরা মনে হয় আর বেশি টিকতে পারবো না,1,0.838094170721694
2 After Election,2_after_election,3562,gorom dim deoa hok,gorom dim deoa hok,0,0.5999896428832173
2 After Election,2_after_election,3563,হাতে নাতে সে আর নতুন কি তারা চাদা তোলে এটা সবাই জানে।,হাতে নাতে সে আর নতুন কি তারা চাদা তোলে এটা সবাই জানে,4,0.5702639201182492
2 After Election,2_after_election,3564,চোখের এই অবস্থা কেন,চোখের এই অবস্থা কেন,3,0.5989662504877505
2 After Election,2_after_election,3565,একটু সমঝোতা করে তারপর ছেড়ে দেন,একটু সমঝোতা করে তারপর ছেড়ে দেন,2,0.6885106446154567
2 After Election,2_after_election,3566,ভালো,ভালো,4,0.5955830014132845
2 After Election,2_after_election,3567,দেখে গান্জাখোর মনে হচ্ছে।,দেখে গান্জাখোর মনে হচ্ছে,0,0.72593060375058
2 After Election,2_after_election,3568,ওকি গাজা খেয়েছে চোখ লাল কেন ..?নাকি জনগণক খেলিয়েছে,ওকি গাজা খেয়েছে চোখ লাল কেন নাকি জনগণক খেলিয়েছে,2,0.549394700970102
2 After Election,2_after_election,3569,চাদা না হাদিয়া,চাদা না হাদিয়া,4,0.40021172218538753
2 After Election,2_after_election,3570,লাগারে লাগা ধান লাগা।,লাগারে লাগা ধান লাগা,3,0.8399979494788709
2 After Election,2_after_election,3571,চাঁদা বাজ কোন দলের হতে পারেনা,চাঁদা বাজ কোন দলের হতে পারেনা,2,0.41434077424418514
2 After Election,2_after_election,3572,KaMiL AhMeD চান্দা লাগবোনি চান্দা,kamil ahmed চান্দা লাগবোনি চান্দা,2,0.7967400786889539
2 After Election,2_after_election,3573,বিচি কর্তণ করা হোক।,বিচি কর্তণ করা হোক,2,0.7310409839393935
2 After Election,2_after_election,3574,সমঝোতা হয়নি দাদা,সমঝোতা হয়নি দাদা,4,0.4368008641411137
2 After Election,2_after_election,3575,আওয়ামী লীগ চান্দার বাক্স এদের হাতে তুলে দিয়েছে....,আওয়ামী লীগ চান্দার বাক্স এদের হাতে তুলে দিয়েছে,1,0.36689039227396086
2 After Election,2_after_election,3576,বামভোলা,বামভোলা,0,0.2
2 After Election,2_after_election,3577,Abdur Razzak Sabu beta Dekh,abdur razzak sabu beta dekh,0,0.2
2 After Election,2_after_election,3578,"""তারপরও কি মানুষের চক্ষু খুলবে না, এখান থেকেও কি মানুষ শিক্ষা নেবে না, রাষ্ট্রক্ষমতায় কাদেরকে দরকার""",তারপরও কি মানুষের চক্ষু খুলবে না এখান থেকেও কি মানুষ শিক্ষা নেবে না রাষ্ট্রক্ষমতায় কাদেরকে দরকার,4,0.669020399760314
2 After Election,2_after_election,3579,বাহহ,বাহহ,0,0.2
2 After Election,2_after_election,3580,পুটকি দিয়ে গরম ডিম দেওয়া হোক।,পুটকি দিয়ে গরম ডিম দেওয়া হোক,2,0.6861836490220444
2 After Election,2_after_election,3581,Oy to pinik,oy to pinik,3,0.5999963328897102
2 After Election,2_after_election,3582,এই সব ভুয়া খবর জাতি বিশ্বাস করে না ..........নিস্পাপ একটা দলের নামে এই সব ঠিক না,এই সব ভুয়া খবর জাতি বিশ্বাস করে না নিস্পাপ একটা দলের নামে এই সব ঠিক না,3,0.6481833889059992
2 After Election,2_after_election,3583,চাঁদাবাজ কোনো দলের হতে পারে না।,চাঁদাবাজ কোনো দলের হতে পারে না,2,0.5305611233942816
2 After Election,2_after_election,3584,এরাতো দেখছি দলডারে ডুবাইয়া ছারবে।,এরাতো দেখছি দলডারে ডুবাইয়া ছারবে,1,0.5999852444024195
2 After Election,2_after_election,3585,কেন! আটক কেন????,কেন আটক কেন,1,0.5984191530658743
2 After Election,2_after_election,3586,আসলে এদের পতিভা আছে,আসলে এদের পতিভা আছে,3,0.5991821418699386
2 After Election,2_after_election,3587,মামা পিনিকে আছে,মামা পিনিকে আছে,4,0.5991881711053553
2 After Election,2_after_election,3588,একবারের জন্য সোনা-মিয়ারে মাপ করে কাচা ডিম আদা সিদ্ধ করে পিছন দিক দিয়ে খাইয়ে দেন!,একবারের জন্য সোনা মিয়ারে মাপ করে কাচা ডিম আদা সিদ্ধ করে পিছন দিক দিয়ে খাইয়ে দেন,2,0.6399151764221761
2 After Election,2_after_election,3589,আহারে বেচারা সমঝোতা করতে গেল আর আপনারা চাঁদাবাজ বলে ধরে নিলেন,আহারে বেচারা সমঝোতা করতে গেল আর আপনারা চাঁদাবাজ বলে ধরে নিলেন,2,0.6547023649438818
2 After Election,2_after_election,3590,এটা যুবদলের কেউ না,এটা যুবদলের কেউ না,0,0.2
2 After Election,2_after_election,3591,কি মামলা করল আসামি তো পরের ে ছাড়া পাইলো,কি মামলা করল আসামি তো পরের ে ছাড়া পাইলো,2,0.5503643151340328
2 After Election,2_after_election,3592,গরম ডিম পাচায় তেল দিয়ে দেওয়া হোক,গরম ডিম পাচায় তেল দিয়ে দেওয়া হোক,2,0.689641008129924
2 After Election,2_after_election,3593,"""বিএনপি সরকার কে বলে এদের কাজের ব্যবস্থা করে দেন,,,,,আবার চাদা তুলতে লাগাই দিয়েন না""",বিএনপি সরকার কে বলে এদের কাজের ব্যবস্থা করে দেন আবার চাদা তুলতে লাগাই দিয়েন না,4,0.5709192728306725
2 After Election,2_after_election,3594,এই সমঝোতা কে যারা অন্য ভাবে প্রভাবিত করার চেষ্টা করছে।তারা সমঝোতার শত্রু।তাদের বিরুদ্ধে সমঝোতার ভিত্তি তে আইনানুগ ব্যবস্থা নেওয়া হবে,এই সমঝোতা কে যারা অন্য ভাবে প্রভাবিত করার চেষ্টা করছে তারা সমঝোতার শত্রু তাদের বিরুদ্ধে সমঝোতার ভিত্তি তে আইনানুগ ব্যবস্থা নেওয়া হবে,2,0.6912608264240591
2 After Election,2_after_election,3595,ওরে কোন এঙ্গেলে নেতা মনে হয়।।।,ওরে কোন এঙ্গেলে নেতা মনে হয়,1,0.637687187923868
2 After Election,2_after_election,3596,ধন্যবাদ সরকারকে।,ধন্যবাদ সরকারকে,0,0.7331468827235884
2 After Election,2_after_election,3597,ক্র স দিয়ে রাস্ট্রীয় ময়লা পরিস্কার করা হোক।,ক্র স দিয়ে রাস্ট্রীয় ময়লা পরিস্কার করা হোক,4,0.5945321007015402
2 After Election,2_after_election,3598,আসলে আমাদের দেশে আমরা এখনো অন্য দেশের মত হতে পারলাম না এই বাংলাদেশেই যত রকমের অন্যায় অত্যাচার হয়ে থাকে,আসলে আমাদের দেশে আমরা এখনো অন্য দেশের মত হতে পারলাম না এই বাংলাদেশেই যত রকমের অন্যায় অত্যাচার হয়ে থাকে,3,0.6663866355122069
2 After Election,2_after_election,3599,জাতীয় জাদুঘরে রাখার ব্যবস্থা করা হোক,জাতীয় জাদুঘরে রাখার ব্যবস্থা করা হোক,4,0.8352962479704857
2 After Election,2_after_election,3600,যে অন্যায় করবে সিদা পুলিশে তার কোন দল নাই।,যে অন্যায় করবে সিদা পুলিশে তার কোন দল নাই,2,0.8382465925220162
2 After Election,2_after_election,3601,Chok lak,chok lak,0,0.2
2 After Election,2_after_election,3602,Aita nata hoy kivab a repotar gaja khaisa,aita nata hoy kivab a repotar gaja khaisa,4,0.5981870886890753
2 After Election,2_after_election,3603,এটা কোনো কথা হেতো নিরীহ চাঁদাবাজ,এটা কোনো কথা হেতো নিরীহ চাঁদাবাজ,2,0.7314590754423104
2 After Election,2_after_election,3604,"""Ore netare, somjhota""",ore netare somjhota,0,0.5993147088618885
2 After Election,2_after_election,3605,নতুন কিচু না৷,নতুন কিচু না৷,3,0.5988583060259369
2 After Election,2_after_election,3606,পিসে দিছে এমন খবর নাই...,পিসে দিছে এমন খবর নাই,3,0.39608569847896485
2 After Election,2_after_election,3607,সকালে আটক বিকেলে জামিন এটাই নাটক এই নাটকই চলবে সালাউদ্ ের মন্ত্রণালয়,সকালে আটক বিকেলে জামিন এটাই নাটক এই নাটকই চলবে সালাউদ্ ের মন্ত্রণালয়,1,0.9097138684154573
2 After Election,2_after_election,3608,সমঝোতার ভিত্তিতে চাঁদাবাজী!!! তাতে দোষের কি!!!! সত্যি সেলুকাস কি বিচিত্র এই দেশ.......,সমঝোতার ভিত্তিতে চাঁদাবাজী তাতে দোষের কি সত্যি সেলুকাস কি বিচিত্র এই দেশ,2,0.5220368169037837
2 After Election,2_after_election,3609,আলহামদুলিল্লাহ,আলহামদুলিল্লাহ,2,0.5999984371235062
2 After Election,2_after_election,3610,আহা সোনার দেশের সোনার ছেলেরা সমাঝোতা করে নিলেই কো হয়,আহা সোনার দেশের সোনার ছেলেরা সমাঝোতা করে নিলেই কো হয়,1,0.7420497942337021
2 After Election,2_after_election,3611,যত তাড়াতাড়ি সম্ভব ডিম থেরাপি দিতে হবে,যত তাড়াতাড়ি সম্ভব ডিম থেরাপি দিতে হবে,2,0.540313400225709
2 After Election,2_after_election,3612,সমঝোতা হয়নি তাহলে,সমঝোতা হয়নি তাহলে,4,0.542825351607887
2 After Election,2_after_election,3613,আমাদের রাজবাড়ী আরোও একধাপ এগিয়ে গেল।,আমাদের রাজবাড়ী আরোও একধাপ এগিয়ে গেল,4,0.40003458250609414
2 After Election,2_after_election,3614,অনেকেই বলবে এটা জামায়াতের লোক কেননা বিএনপি এখনো চাঁদাবাজি করে না,অনেকেই বলবে এটা জামায়াতের লোক কেননা বিএনপি এখনো চাঁদাবাজি করে না,4,0.3873007182607957
2 After Election,2_after_election,3615,এদের একটা কর্মসংস্থানের ব্যবস্থা করা হোক,এদের একটা কর্মসংস্থানের ব্যবস্থা করা হোক,4,0.7318767687046686
2 After Election,2_after_election,3616,এ জন্য আমরা ৫ বারির চ্যাম্পিয়ন,এ জন্য আমরা বারির চ্যাম্পিয়ন,0,0.2
2 After Election,2_after_election,3617,সমঝোতা না করে চাঁদাবাজি করা মোটেই ঠিক নয়,সমঝোতা না করে চাঁদাবাজি করা মোটেই ঠিক নয়,2,0.639981861969985
2 After Election,2_after_election,3618,হাড্ডি বাদে মাংস আলাদা করুক কোন দুঃখ নাই,হাড্ডি বাদে মাংস আলাদা করুক কোন দুঃখ নাই,2,0.49510555361104785
2 After Election,2_after_election,3619,"""আচ্ছা তাদের কি কর্মসংস্থান সৃষ্টির জন্য কিছু করেছে সরকার তাহলে তাদের কিভাবে চলবে আর নেশার টাকা কিভাবে ব্যবস্থা করবে,""",আচ্ছা তাদের কি কর্মসংস্থান সৃষ্টির জন্য কিছু করেছে সরকার তাহলে তাদের কিভাবে চলবে আর নেশার টাকা কিভাবে ব্যবস্থা করবে,4,0.7216646637246371
2 After Election,2_after_election,3620,এখন ক্ষমতার দাপটে চলেনা।,এখন ক্ষমতার দাপটে চলেনা,2,0.5999828936636593
2 After Election,2_after_election,3621,ভাই দলের নাম কাটি দেন না হয় খবর আছে,ভাই দলের নাম কাটি দেন না হয় খবর আছে,2,0.47347665975955155
2 After Election,2_after_election,3622,"""ঈদ বোনাস হিসেবে নিয়ে,সমঝোতা করতেছে""",ঈদ বোনাস হিসেবে নিয়ে সমঝোতা করতেছে,2,0.5068834545208817
2 After Election,2_after_election,3623,না হ হেইয়া মুই বিশ্বাস হরিনা,না হ হেইয়া মুই বিশ্বাস হরিনা,2,0.5977747332582548
2 After Election,2_after_election,3624,সমঝোতার ভিত্তিতে করেছে সমস্যা কি,সমঝোতার ভিত্তিতে করেছে সমস্যা কি,2,0.79999806724437
2 After Election,2_after_election,3625,ওরে ডিম থেরাপি দেওয়া হোক,ওরে ডিম থেরাপি দেওয়া হোক,2,0.6843644453466403
2 After Election,2_after_election,3626,না আমি বিশ্বাস করিনা,না আমি বিশ্বাস করিনা,4,0.7295260671152682
2 After Election,2_after_election,3627,"""ফটোকার্ড টি Channel 24 এর নয়,""",ফটোকার্ড টি channel এর নয়,2,0.7313821644111601
2 After Election,2_after_election,3628,ধন্যবাদ,ধন্যবাদ,0,0.599995510068431
2 After Election,2_after_election,3629,এই মাসে মুনাফা বেশি।,এই মাসে মুনাফা বেশি,1,0.40040234228068516
2 After Election,2_after_election,3630,Jahid Hasan ঈদ বোনাস কালেক্ট করতে গেছিলো।,jahid hasan ঈদ বোনাস কালেক্ট করতে গেছিলো,2,0.8399061129480911
2 After Election,2_after_election,3631,সোনার ছেলেগুলাকে এভাবে আটক করা ঠিক না Monirul Islam …,সোনার ছেলেগুলাকে এভাবে আটক করা ঠিক না monirul islam,1,0.8665288093442401
2 After Election,2_after_election,3632,চ্যাম্পিয়ান হতে হবে,চ্যাম্পিয়ান হতে হবে,3,0.5941508434334278
2 After Election,2_after_election,3633,২ পর আসবে গুজব,পর আসবে গুজব,2,0.35879694162668396
2 After Election,2_after_election,3634,"""আস্তাগফিরুল্লাহ,, আপনাদের সাংবাদিকতায় ভুল আছে ওরা তো চাঁদা নেয় না। সমঝোতা করে""",আস্তাগফিরুল্লাহ আপনাদের সাংবাদিকতায় ভুল আছে ওরা তো চাঁদা নেয় না সমঝোতা করে,2,0.5124937459134701
2 After Election,2_after_election,3635,সমঝোতার মাধ্যমে ছেড়ে দেওয়া হোক।,সমঝোতার মাধ্যমে ছেড়ে দেওয়া হোক,2,0.8661464071227638
2 After Election,2_after_election,3636,সিদ্ধ ডিম থেরাপি দাও,সিদ্ধ ডিম থেরাপি দাও,2,0.8394941666595895
2 After Election,2_after_election,3637,এমন একটা আ্যাপ তৈরী করা হোক যেখানে চোর বাটপাড় মাদক খাদক ইত্যাদি সকল অপরাধীর তথ্য জানানো হবে। আর তদন্ত কমিটি করে প্রয়োজনে গোয়ে…,এমন একটা আ্যাপ তৈরী করা হোক যেখানে চোর বাটপাড় মাদক খাদক ইত্যাদি সকল অপরাধীর তথ্য জানানো হবে আর তদন্ত কমিটি করে প্রয়োজনে গোয়ে,2,0.8839143688538398
2 After Election,2_after_election,3638,কিছুক্ষণ পর ডিলিট করে দিয়ে বলবেন এটা ভুয়া নিউজ,কিছুক্ষণ পর ডিলিট করে দিয়ে বলবেন এটা ভুয়া নিউজ,2,0.2761713263431395
2 After Election,2_after_election,3639,তারেক রহমানের কর্মসংস্থান,তারেক রহমানের কর্মসংস্থান,3,0.7330409087025779
2 After Election,2_after_election,3640,সমস্যা নাই কোটে গেলেই জামিন দিবে।।। কালকে আবার দ্বিগুন মাত্রায় শুরু করতে পারবা।,সমস্যা নাই কোটে গেলেই জামিন দিবে কালকে আবার দ্বিগুন মাত্রায় শুরু করতে পারবা,2,0.493538618133664
2 After Election,2_after_election,3641,"""কোন দলের নাম বলার দরকার নেই কারণ, যুবদল সেচছাসেবিদল ছাড়া অন্য কোন দলের লোক চাঁদাবাজি করেনা,।""",কোন দলের নাম বলার দরকার নেই কারণ যুবদল সেচছাসেবিদল ছাড়া অন্য কোন দলের লোক চাঁদাবাজি করেনা,4,0.4877076255753545
2 After Election,2_after_election,3642,ভোট দেবো কিসে,ভোট দেবো কিসে,2,0.7309872189163337
2 After Election,2_after_election,3643,"""ও মাই গড , চুদলিং পং""",ও মাই গড চুদলিং পং,0,0.7329701106792621
2 After Election,2_after_election,3644,Anisur Rahman Rashed Ali tare cina cina lage na ni kow saine kuno jemon deksilam,anisur rahman rashed ali tare cina cina lage na ni kow saine kuno jemon deksilam,1,0.7333311530102986
2 After Election,2_after_election,3645,"""এইটা নাকি যুবদল নেতা, নেতার আকাল পড়েছে...হাহা হাহা""",এইটা নাকি যুবদল নেতা নেতার আকাল পড়েছে হাহা হাহা,3,0.7247044245350537
2 After Election,2_after_election,3646,১৭ বছরের ক্ষিদের জ্বালা ভাই,বছরের ক্ষিদের জ্বালা ভাই,2,0.5502184847889119
2 After Election,2_after_election,3647,বট বাহিনী গুজব ছড়াচ্ছে বলে চালিয়ে,বট বাহিনী গুজব ছড়াচ্ছে বলে চালিয়ে,1,0.5324140655083774
2 After Election,2_after_election,3648,আলহামদুলিল্লাহ,আলহামদুলিল্লাহ,2,0.5999984371235062
2 After Election,2_after_election,3649,"""আরে ভাই বুঝেন না কেন, এটা তো চাঁদা না সমঝোতা""",আরে ভাই বুঝেন না কেন এটা তো চাঁদা না সমঝোতা,2,0.8397972749597339
2 After Election,2_after_election,3650,আমি বিশ্বাস করি না এমন টা হতেই পারে না গুপ্ত,আমি বিশ্বাস করি না এমন টা হতেই পারে না গুপ্ত,3,0.8984274658513681
2 After Election,2_after_election,3651,"""সুব কামনা ধনের সিশ,,,""",সুব কামনা ধনের সিশ,2,0.5993526825380042
2 After Election,2_after_election,3652,প্ল্যান,প্ল্যান,0,0.596540680239142
2 After Election,2_after_election,3653,আহারে সমঝোতা করতে পারে নাই,আহারে সমঝোতা করতে পারে নাই,2,0.6788726743626968
2 After Election,2_after_election,3654,"""ভুয়া সম্প্রচার ও গুজব শুধু ভুল তথ্যই ছড়ায় না—এগুলো মানুষের মধ্যে ভয়, অবিশ্বাস ও অস্থিরতা তৈরি করে। অনেক সময় একটি ছোট ভুল তথ্য …""",ভুয়া সম্প্রচার ও গুজব শুধু ভুল তথ্যই ছড়ায় না এগুলো মানুষের মধ্যে ভয় অবিশ্বাস ও অস্থিরতা তৈরি করে অনেক সময় একটি ছোট ভুল তথ্য,2,0.8313469948091502
2 After Election,2_after_election,3655,এটা সমঝোতা। চাঁদা বলবে না প্লিজ,এটা সমঝোতা চাঁদা বলবে না প্লিজ,2,0.639553345844995
2 After Election,2_after_election,3656,নেশা করার টাকা নাই কি করবে।,নেশা করার টাকা নাই কি করবে,2,0.7992185513985325
2 After Election,2_after_election,3657,আসসালামু আলাইকুম Congratulations. …,আসসালামু আলাইকুম congratulations,3,0.5999819927647723
2 After Election,2_after_election,3658,এটা চাঁদাবাজি নয় রে লায়লা এটা সমঝোতা…,এটা চাঁদাবাজি নয় রে লায়লা এটা সমঝোতা,2,0.7999771287948878
2 After Election,2_after_election,3659,যুবদল লিখে হয়ত ভুল করছে।,যুবদল লিখে হয়ত ভুল করছে,1,0.7986516337886082
2 After Election,2_after_election,3660,"""চাঁদা বলতে নাই, সমঝোতা বলতে হয়।""",চাঁদা বলতে নাই সমঝোতা বলতে হয়,2,0.5333770515875925
2 After Election,2_after_election,3661,"""আপসে যেইটা দেয় সেইটা চাদা না, একটা দলের পিছনে আপনারা কেনো লাগছেন? এইটা রমজান মাস, হয়তো সে জাকাত নিতে গেছে।""",আপসে যেইটা দেয় সেইটা চাদা না একটা দলের পিছনে আপনারা কেনো লাগছেন এইটা রমজান মাস হয়তো সে জাকাত নিতে গেছে,0,0.4825021405684094
2 After Election,2_after_election,3662,তাদের কাজ ত এটাই,তাদের কাজ ত এটাই,1,0.7296939683282943
2 After Election,2_after_election,3663,চ্যানেল ২৪এত ভালো খবর দেই কিভাবে হাত কি একবার কাপলো না,চ্যানেল এত ভালো খবর দেই কিভাবে হাত কি একবার কাপলো না,4,0.6855781145035071
2 After Election,2_after_election,3664,পুটকিতে ডিম দেয়া হোক,পুটকিতে ডিম দেয়া হোক,2,0.7986220944661975
2 After Election,2_after_election,3665,ধুর! ও বাসের কন্টাকটার ছিল।। …,ধুর ও বাসের কন্টাকটার ছিল,2,0.598127564826305
2 After Election,2_after_election,3666,সমঝোতা করলেই তো পারতো।,সমঝোতা করলেই তো পারতো,2,0.3003598286999716
2 After Election,2_after_election,3667,এইখানে সঠিক হেডলাইন করা হয়নি সমঝোতা বলতে হবে।,এইখানে সঠিক হেডলাইন করা হয়নি সমঝোতা বলতে হবে,3,0.36640353308834456
2 After Election,2_after_election,3668,এরা এত কোথায় ছিলো?,এরা এত কোথায় ছিলো,1,0.7324806929983861
2 After Election,2_after_election,3669,"""এদের এসব নিউজ দেখতে দেখতে, এখন আর হা হা দিতেও ভালো লাগেবিধা না""",এদের এসব নিউজ দেখতে দেখতে এখন আর হা হা দিতেও ভালো লাগেবিধা না,3,0.8982066302464735
2 After Election,2_after_election,3670,ঠিক মতো বাটাম দেওয়া হোক। অপরাধীর কোন দল নাই,ঠিক মতো বাটাম দেওয়া হোক অপরাধীর কোন দল নাই,2,0.5473727897184567
2 After Election,2_after_election,3671,চাদা না সমাঝতা,চাদা না সমাঝতা,4,0.5999975391979444
2 After Election,2_after_election,3672,Solid ganzakor lagse bara,solid ganzakor lagse bara,0,0.2
2 After Election,2_after_election,3673,"""সমঝোতাটা ঠিকমত হয়নি,তাহলে আর চাদা হতো না।""",সমঝোতাটা ঠিকমত হয়নি তাহলে আর চাদা হতো না,4,0.8396159204701416
2 After Election,2_after_election,3674,সরকার ভাল কাজ করলেও অন্য দল বলবে নাটক,সরকার ভাল কাজ করলেও অন্য দল বলবে নাটক,1,0.5977451858051953
2 After Election,2_after_election,3675,আটকের নিউজটাও যেহেতু দেখাইছেন জামিনের নিউজ টাও দেখায়েন,আটকের নিউজটাও যেহেতু দেখাইছেন জামিনের নিউজ টাও দেখায়েন,3,0.797394279798007
2 After Election,2_after_election,3676,হাদিয়া,হাদিয়া,2,0.5999881249746161
2 After Election,2_after_election,3677,"""সমঝোতার ভিত্তিতে টাকা উঠাইতে যেয়ে, বেচারা নতুন কর্মসংস্থানে ধরা খাইলো""",সমঝোতার ভিত্তিতে টাকা উঠাইতে যেয়ে বেচারা নতুন কর্মসংস্থানে ধরা খাইলো,2,0.8842450581758986
2 After Election,2_after_election,3678,Mahbubur Rahman দোয়া আছে,mahbubur rahman দোয়া আছে,1,0.7289332803905574
2 After Election,2_after_election,3679,"""বাঙ্গু যেমন চাইছে, তেমন ই পাইছে। বেচারার কি দোষ!""",বাঙ্গু যেমন চাইছে তেমন ই পাইছে বেচারার কি দোষ,0,0.8343222478175368
2 After Election,2_after_election,3680,ব্যাপার না শিবির বলে চালিয়ে দেও,ব্যাপার না শিবির বলে চালিয়ে দেও,1,0.6384916914580465
2 After Election,2_after_election,3681,Sundor to,sundor to,3,0.5999963328897102
2 After Election,2_after_election,3682,যেহেতু আমাদের দলীয় লোক সেহেতু কোয়েল পাখির ডিম দেওয়া দাবি জানাচ্ছি।।,যেহেতু আমাদের দলীয় লোক সেহেতু কোয়েল পাখির ডিম দেওয়া দাবি জানাচ্ছি,2,0.5042488020708511
2 After Election,2_after_election,3683,এভাবে বলাটা ঠিক না,এভাবে বলাটা ঠিক না,1,0.7330051073195151
2 After Election,2_after_election,3684,কোন দলের সৈনিক চাঁদা তোলে দৈনিক?,কোন দলের সৈনিক চাঁদা তোলে দৈনিক,2,0.7989185031448787
2 After Election,2_after_election,3685,"""আমাদের যুবদল নেতা কখনো চাঁদা তুলতে পারেন না, এটা সমঝোতার বিত্তিতে টাকা নেই, এটাকে চাদা বলেনা, এটাকে বলে হাদিয়া,""",আমাদের যুবদল নেতা কখনো চাঁদা তুলতে পারেন না এটা সমঝোতার বিত্তিতে টাকা নেই এটাকে চাদা বলেনা এটাকে বলে হাদিয়া,2,0.7215849504925808
2 After Election,2_after_election,3686,সমঝোতা চলছে,সমঝোতা চলছে,2,0.7333319377695148
2 After Election,2_after_election,3687,Samrat Akbar Jahirul Islam koi re toder lagbe naki chanda....hahaha,samrat akbar jahirul islam koi re toder lagbe naki chanda hahaha,1,0.7999966432911455
2 After Election,2_after_election,3688,ঘরে ডিম থেরাপি দেওয়া উচিত,ঘরে ডিম থেরাপি দেওয়া উচিত,2,0.6944293153035269
2 After Election,2_after_election,3689,২ পরে জানাব বাসে ঘুরতে গিয়েছিল। ভুল তথ্য দেয়া হয়েছে,পরে জানাব বাসে ঘুরতে গিয়েছিল ভুল তথ্য দেয়া হয়েছে,2,0.8393572609661493
2 After Election,2_after_election,3690,Carry-on,carry on,0,0.2
2 After Election,2_after_election,3691,শিরোনাম ভুল হয়েছে যুবদল না। মনে হয় জামাত হবে। হাইরে নাটক কত কি দেখতে হবে,শিরোনাম ভুল হয়েছে যুবদল না মনে হয় জামাত হবে হাইরে নাটক কত কি দেখতে হবে,0,0.4514434728906965
2 After Election,2_after_election,3692,"""ঠিক করছে,,,""",ঠিক করছে,1,0.5999994521830625
2 After Election,2_after_election,3693,এটা জামাতের বলে চালিয়ে দেয়া হোক,এটা জামাতের বলে চালিয়ে দেয়া হোক,4,0.6975181479290565
2 After Election,2_after_election,3694,এখনো আটক আছে নি? নাকি বাসায় চলে গেছে?,এখনো আটক আছে নি নাকি বাসায় চলে গেছে,2,0.5762711597345487
2 After Election,2_after_election,3695,a vabee bolle gunah hobe toh,a vabee bolle gunah hobe toh,1,0.5999852237522294
2 After Election,2_after_election,3696,"""চাঁদা বিদেশি শব্দ তাই মন্ত্রী মহাশয় সংস্করণ করে! """"সমঝোতা"""" করেছেন,,এখন আর এটা অপরাধ নয়।""",চাঁদা বিদেশি শব্দ তাই মন্ত্রী মহাশয় সংস্করণ করে সমঝোতা করেছেন এখন আর এটা অপরাধ নয়,2,0.7738940386427892
2 After Election,2_after_election,3697,Good,good,0,0.5999965747691249
2 After Election,2_after_election,3698,"""এদের কি কোন কাজ কাম নাই! এরা রাজনিতি করে শুধু ধান্দাবাজী করার জন্য। এরাই দলের ভাবমূর্তি নষ্ট করছে,,…""",এদের কি কোন কাজ কাম নাই এরা রাজনিতি করে শুধু ধান্দাবাজী করার জন্য এরাই দলের ভাবমূর্তি নষ্ট করছে,2,0.45236073749418215
2 After Election,2_after_election,3699,"""সবাই একসাথে মাঠে নামতে হবে, পরিবহন মন্ত্রীর পদত্যাগ দাবি করছি । তাহলে চাঁদাবাজরা মাঠ ছাড়বে।""",সবাই একসাথে মাঠে নামতে হবে পরিবহন মন্ত্রীর পদত্যাগ দাবি করছি তাহলে চাঁদাবাজরা মাঠ ছাড়বে,3,0.9076135312197143
2 After Election,2_after_election,3701,কড়া লেতা,কড়া লেতা,4,0.5999829998962554
2 After Election,2_after_election,3702,কোনো ছাড় হবে না। অপরাধ করলে ধরে ধরে জেলে। বর্তমান প্রধানমন্ত্রীর এইটাই নিয়ম। দলের নাম পদের নাম দিয়ে কোনো অপরাধ করলে ছাড় হবে না।,কোনো ছাড় হবে না অপরাধ করলে ধরে ধরে জেলে বর্তমান প্রধানমন্ত্রীর এইটাই নিয়ম দলের নাম পদের নাম দিয়ে কোনো অপরাধ করলে ছাড় হবে না,3,0.9549179568330133
2 After Election,2_after_election,3703,মাত্র শুরু করছে,মাত্র শুরু করছে,4,0.7286845395382967
2 After Election,2_after_election,3704,চলবেই ইনশাআল্লাহ,চলবেই ইনশাআল্লাহ,0,0.5999995531898649
2 After Election,2_after_election,3705,সমঝোতা ভালো হয়নি,সমঝোতা ভালো হয়নি,4,0.5293899647933257
2 After Election,2_after_election,3706,২০ কেজি গাজা শালা একাই কাইছে মনে হয়,কেজি গাজা শালা একাই কাইছে মনে হয়,3,0.39986359783512015
2 After Election,2_after_election,3707,ভালো ছেলে রাত জেগে কেবল চাঁদা তোলার জন্য জেগে থাকে,ভালো ছেলে রাত জেগে কেবল চাঁদা তোলার জন্য জেগে থাকে,2,0.5078252652981429
2 After Election,2_after_election,3708,আমাদের মির্জা ফখরুল ইসলাম সাহেব বলল তারা নাকি চাঁদাবাজ এর সাথে জড়িত না তাহলে যুবদল কোন দলের,আমাদের মির্জা ফখরুল ইসলাম সাহেব বলল তারা নাকি চাঁদাবাজ এর সাথে জড়িত না তাহলে যুবদল কোন দলের,0,0.37855053904387753
2 After Election,2_after_election,3709,তিব্র নিন্দা ও প্রতিবাদ জানাই তার অধিকার থেকে বঞ্চিত করার জন্য,তিব্র নিন্দা ও প্রতিবাদ জানাই তার অধিকার থেকে বঞ্চিত করার জন্য,2,0.8393670317460441
2 After Election,2_after_election,3710,"""Ke bolse chada,,eytato somjota kore nicche""",ke bolse chada eytato somjota kore nicche,1,0.7333287840851843
2 After Election,2_after_election,3711,নতুন বাংলাদেশ,নতুন বাংলাদেশ,3,0.7296976172296783
2 After Election,2_after_election,3712,মির্জা আব্বাসের ঈদ বোনাস,মির্জা আব্বাসের ঈদ বোনাস,2,0.7993017815009976
2 After Election,2_after_election,3713,আলহামদুলিল্লাহ,আলহামদুলিল্লাহ,2,0.5999984371235062
2 After Election,2_after_election,3714,সমাজের সবার উচিত তাদের বাসায় গিয়ে চাঁদা দিয়ে আসা। তাহলে তাদের জন্য সুবিধা হবে।,সমাজের সবার উচিত তাদের বাসায় গিয়ে চাঁদা দিয়ে আসা তাহলে তাদের জন্য সুবিধা হবে,2,0.6244760963031408
2 After Election,2_after_election,3715,চাদা না রমজান এর হাদিয়া বাবার কাইল্কার দোকান ভাড়া তুলতেছে,চাদা না রমজান এর হাদিয়া বাবার কাইল্কার দোকান ভাড়া তুলতেছে,4,0.41441744005619285
2 After Election,2_after_election,3716,রমজান দেখি কমিয়ে দিছে রমজানে পড়ে সব জায়গায় শুরু হবে।,রমজান দেখি কমিয়ে দিছে রমজানে পড়ে সব জায়গায় শুরু হবে,1,0.5591607025584565
2 After Election,2_after_election,3717,"""ওকে আটক করা মানি সমোঝতার গণতন্ত্র হরণ করা, এটা ঠিক হয়নি।""",ওকে আটক করা মানি সমোঝতার গণতন্ত্র হরণ করা এটা ঠিক হয়নি,4,0.5322191496383067
2 After Election,2_after_election,3718,আমার বাথরুম টা পরিষ্কার করে দিও চাদার চেয়ে বেশি পাবে,আমার বাথরুম টা পরিষ্কার করে দিও চাদার চেয়ে বেশি পাবে,3,0.42548881419049056
2 After Election,2_after_election,3719,আলহামদুলিল্লাহ,আলহামদুলিল্লাহ,2,0.5999984371235062
2 After Election,2_after_election,3720,যেখানে চাঁদা বাজ পাইবেন সেখানেই পতিরোধ,যেখানে চাঁদা বাজ পাইবেন সেখানেই পতিরোধ,2,0.5503299442663536
2 After Election,2_after_election,3721,আহ ইজ্জত,আহ ইজ্জত,2,0.5999938089601551
2 After Election,2_after_election,3722,"""ভোট দিছ কীসে, চান্দার শীষে। মারা তো খাইতেই হবে ভাইয়া""",ভোট দিছ কীসে চান্দার শীষে মারা তো খাইতেই হবে ভাইয়া,3,0.8365162200221697
2 After Election,2_after_election,3723,"""সন্ত্রাস, চাঁদাবাজ, টেন্ডারবাজ এদের কোন দল নেই, নেই দেশপ্রেম। সুতরাং তাদের বিরুদ্ধে রুখে দাঁড়ানোর দ্বায়িত্ব আমার আপনার আমাদের সকলের।""",সন্ত্রাস চাঁদাবাজ টেন্ডারবাজ এদের কোন দল নেই নেই দেশপ্রেম সুতরাং তাদের বিরুদ্ধে রুখে দাঁড়ানোর দ্বায়িত্ব আমার আপনার আমাদের সকলের,2,0.9097096512862777
2 After Election,2_after_election,3724,নাস্তা পানির ব্যবস্থা হয়নি,নাস্তা পানির ব্যবস্থা হয়নি,4,0.7332761059789858
2 After Election,2_after_election,3725,জামায়াত বলে চালিয়ে দেয়া যায় না,জামায়াত বলে চালিয়ে দেয়া যায় না,2,0.43940906659686857
2 After Election,2_after_election,3726,আরে না এটা সমঝোতা,আরে না এটা সমঝোতা,2,0.7328588535052311
2 After Election,2_after_election,3727,ভাই এরে দেখলে তো নেতা মনে হয় না,ভাই এরে দেখলে তো নেতা মনে হয় না,0,0.48598921833489556
2 After Election,2_after_election,3728,ফেসবুকে রিফ্রেস দিলেই চাঁদার আপডেট,ফেসবুকে রিফ্রেস দিলেই চাঁদার আপডেট,0,0.7273780919214621
2 After Election,2_after_election,3729,চোখের শান্তি,চোখের শান্তি,4,0.5975949899886417
2 After Election,2_after_election,3730,সমঝোতা করতে গেছিলো বাসে,সমঝোতা করতে গেছিলো বাসে,2,0.8399057016016108
2 After Election,2_after_election,3731,ইডেট করে দাঁড়ি লাগিয়ে জামাত বলে চালিয়ে দেন,ইডেট করে দাঁড়ি লাগিয়ে জামাত বলে চালিয়ে দেন,2,0.3762997886057667
2 After Election,2_after_election,3732,Shonar Bangladesh,shonar bangladesh,3,0.5999949649065447
2 After Election,2_after_election,3733,মনে হয় Ai,মনে হয় ai,1,0.730084356959066
2 After Election,2_after_election,3734,"""হয়তো সে ওই বাস ইজারা নিয়েছিল,শুধু শুধু সোনার ছেলেদের দোষ দেন""",হয়তো সে ওই বাস ইজারা নিয়েছিল শুধু শুধু সোনার ছেলেদের দোষ দেন,1,0.32298671231167303
2 After Election,2_after_election,3735,চোখ যে লাল তাতে মনে হয়........!!!,চোখ যে লাল তাতে মনে হয়,1,0.4980520302236165
2 After Election,2_after_election,3736,তাদের তো সংসার চালাতে হবে,তাদের তো সংসার চালাতে হবে,0,0.2
2 After Election,2_after_election,3737,আমরা তো চাইছিলাম এটা হোক তাহলে এখন সমালোচনা কেন এই নিষ্পাপ চেহারা দেখে মনে হচ্ছে সে চাঁদাবাজি করতে পারে সে সদ্য বায়তুল মোকারর…,আমরা তো চাইছিলাম এটা হোক তাহলে এখন সমালোচনা কেন এই নিষ্পাপ চেহারা দেখে মনে হচ্ছে সে চাঁদাবাজি করতে পারে সে সদ্য বায়তুল মোকারর,4,0.4980695653225899
2 After Election,2_after_election,3738,সমঝোতা করতে গেছে,সমঝোতা করতে গেছে,2,0.7329964483240141
2 After Election,2_after_election,3739,এখন তার সাথে সমঝোতা করা হোক,এখন তার সাথে সমঝোতা করা হোক,2,0.7310518555718893
2 After Election,2_after_election,3740,সাব্বাশ,সাব্বাশ,1,0.5999903075159388
2 After Election,2_after_election,3741,ধর ধর,ধর ধর,0,0.2
2 After Election,2_after_election,3742,সাব্বাস বেটা,সাব্বাস বেটা,1,0.7329065972285913
2 After Election,2_after_election,3743,Jahed Benn Mahodi Bro ম ার ইসলামের বিশ্বাস করে চর্চা করার অনুসারী।,jahed benn mahodi bro ম ার ইসলামের বিশ্বাস করে চর্চা করার অনুসারী,2,0.7983233447676725
2 After Election,2_after_election,3744,Sawat ana Lagan vai,sawat ana lagan vai,1,0.5999927546252345
2 After Election,2_after_election,3745,লাগারে লাগা ধান লাগা,লাগারে লাগা ধান লাগা,3,0.8399979494788709
2 After Election,2_after_election,3746,যাক এবার বের হয়ে মন্ত্রী হওয়ার সুযোগটা হয়ে গেলো,যাক এবার বের হয়ে মন্ত্রী হওয়ার সুযোগটা হয়ে গেলো,4,0.9102855129068562
2 After Election,2_after_election,3747,এটা আমি বিশ্বাস করিনা,এটা আমি বিশ্বাস করিনা,4,0.7295260671152682
2 After Election,2_after_election,3748,"""Egg terapi dea hok........sokol chadabuzder,""",egg terapi dea hok sokol chadabuzder,0,0.5999896428832173
2 After Election,2_after_election,3749,বাবা খোর ও লেতা,বাবা খোর ও লেতা,1,0.5487388237069194
2 After Election,2_after_election,3750,গুড,গুড,1,0.5999935334448773
2 After Election,2_after_election,3751,Rashidul Islam Khokon Tor vai aita?,rashidul islam khokon tor vai aita,1,0.7333284946006607
2 After Election,2_after_election,3752,rada haser dim diyen ore,rada haser dim diyen ore,0,0.5993147088618885
2 After Election,2_after_election,3753,হেইয়ো,হেইয়ো,0,0.2
2 After Election,2_after_election,3754,Adar baba naa nai,adar baba naa nai,1,0.40074650362188763
2 After Election,2_after_election,3755,৫০০ টাকার বিনিময়ে ভোট বিক্রি করলে তো এমনই হওয়ার কথা এখন চাঁদা দাও আর কী করবা,টাকার বিনিময়ে ভোট বিক্রি করলে তো এমনই হওয়ার কথা এখন চাঁদা দাও আর কী করবা,0,0.5433735988840535
2 After Election,2_after_election,3756,সমঝোতা করতে পারে নাই আগেই কট খাইছে।,সমঝোতা করতে পারে নাই আগেই কট খাইছে,4,0.5072622693580473
2 After Election,2_after_election,3757,জনগণ কি করে? চাঁদা নেওয়ার সাথে পেন্ট খুলে ছেড়ে দিবেন।,জনগণ কি করে চাঁদা নেওয়ার সাথে পেন্ট খুলে ছেড়ে দিবেন,2,0.8854762177951181
2 After Election,2_after_election,3758,Valo ador koro,valo ador koro,0,0.598791864673781
2 After Election,2_after_election,3759,লাগে তো বাচ্চা নেতা যুবদলের কেমনে হল যদিও বিএনপির নেতৃত্বে বয়স বুঝা যায় না উদাহরণ ছাএদল যুবদল,লাগে তো বাচ্চা নেতা যুবদলের কেমনে হল যদিও বিএনপির নেতৃত্বে বয়স বুঝা যায় না উদাহরণ ছাএদল যুবদল,1,0.6217593479997378
2 After Election,2_after_election,3760,Rumon Miah chinoniba?,rumon miah chinoniba,0,0.2
2 After Election,2_after_election,3761,দুই পরে আবার জামিন হইয়া গেলে আটকাইয়া লাভ কি?,দুই পরে আবার জামিন হইয়া গেলে আটকাইয়া লাভ কি,1,0.731138724117714
2 After Election,2_after_election,3762,যুবদল-------_,যুবদল,3,0.5953273914197651
2 After Election,2_after_election,3763,"""সব নেতা,কর্মী সমর্থক কেউ নেই এখন!!""",সব নেতা কর্মী সমর্থক কেউ নেই এখন,1,0.7333295412105438
2 After Election,2_after_election,3764,ভুল এটা হবে সমঝোতা,ভুল এটা হবে সমঝোতা,2,0.7319720048536015
2 After Election,2_after_election,3765,"""আহ্ চাঁদা আহ্,,,""",আহ্ চাঁদা আহ্,2,0.7999981718347057
2 After Election,2_after_election,3766,রমজানের মাসে ১ টাকা চাদা নিলে ৭০ টাকার সওয়াব হবে,রমজানের মাসে টাকা চাদা নিলে টাকার সওয়াব হবে,0,0.6961212231245268
2 After Election,2_after_election,3767,আমান-উল্লাহ আমান এই গুলো চোখে দেখ না বন্ধু,আমান উল্লাহ আমান এই গুলো চোখে দেখ না বন্ধু,3,0.5500619910928403
2 After Election,2_after_election,3768,"""নাহ, আমি দেখিতেছি যুবলীগ""",নাহ আমি দেখিতেছি যুবলীগ,1,0.59999357250229
2 After Election,2_after_election,3769,ছাড়া পেয়ে যাবে কয়েক র মধ্যেই,ছাড়া পেয়ে যাবে কয়েক র মধ্যেই,1,0.8372254579015662
2 After Election,2_after_election,3770,Jobo dol ki bolo kotta dol,jobo dol ki bolo kotta dol,1,0.5999973314750147
2 After Election,2_after_election,3771,ভাইয়া এ বছর ঈদের আনন্দ তো আপনি জেলের ভিতরে করুন,ভাইয়া এ বছর ঈদের আনন্দ তো আপনি জেলের ভিতরে করুন,1,0.8649577033539642
2 After Election,2_after_election,3772,Ore pitan dhore,ore pitan dhore,0,0.5993147088618885
2 After Election,2_after_election,3773,চাঁদা সমঝোতা,চাঁদা সমঝোতা,2,0.7333328773716089
2 After Election,2_after_election,3774,কিছু না ঈদের সালামি নিচ্ছে,কিছু না ঈদের সালামি নিচ্ছে,1,0.5992598901261049
2 After Election,2_after_election,3775,পিঠের চামড়া তুলে ফেলুন,পিঠের চামড়া তুলে ফেলুন,2,0.5999915148184524
2 After Election,2_after_election,3776,"""বিচার হবে নাকি, জামাই আদর করে ছেড়ে দেওয়া হবে , হুম।""",বিচার হবে নাকি জামাই আদর করে ছেড়ে দেওয়া হবে হুম,0,0.49487702573347325
2 After Election,2_after_election,3777,ওরা তো এক একটা সোনার ছেলে। চাঁদা তাদের সাথে যায় না। এ হতেই পারে না। কিছু দলকানা এর চাইতে বেশি কিছু ভাবতে পারে না।,ওরা তো এক একটা সোনার ছেলে চাঁদা তাদের সাথে যায় না এ হতেই পারে না কিছু দলকানা এর চাইতে বেশি কিছু ভাবতে পারে না,1,0.5623505458657965
2 After Election,2_after_election,3778,একটু পরেই হবে নাটকের শেষ,একটু পরেই হবে নাটকের শেষ,4,0.4710643663766783
2 After Election,2_after_election,3779,খ্যাচড়া!!!,খ্যাচড়া,0,0.2
2 After Election,2_after_election,3780,সমোঝোতায়ই নিয়ে আসেন,সমোঝোতায়ই নিয়ে আসেন,0,0.5940571447480495
2 After Election,2_after_election,3781,হাদিয়া,হাদিয়া,2,0.5999881249746161
2 After Election,2_after_election,3782,একটু সমঝোতা করলেই হতো। তাহলে আর সমস্যায় পড়তে হতো না ওই নেতাকে।,একটু সমঝোতা করলেই হতো তাহলে আর সমস্যায় পড়তে হতো না ওই নেতাকে,4,0.7764539147833998
2 After Election,2_after_election,3783,চোখ লাল কিসে ?,চোখ লাল কিসে,2,0.7996510574318129
2 After Election,2_after_election,3784,"""সকালে ধরা, বিকেলে ভিকটিম সাজার পালা, চরিত্র বদলায় তাড়াতাড়ি, যেন রিমোটের খেলা।""",সকালে ধরা বিকেলে ভিকটিম সাজার পালা চরিত্র বদলায় তাড়াতাড়ি যেন রিমোটের খেলা,2,0.8842783867679804
2 After Election,2_after_election,3785,"""প্রশাসন দিয়ে ভরসা নেই, তাই পুলিশে সোপর্দ করার আগে ভালো করে উত্তম মাধ্যম ।""",প্রশাসন দিয়ে ভরসা নেই তাই পুলিশে সোপর্দ করার আগে ভালো করে উত্তম মাধ্যম,2,0.6908559457009796
2 After Election,2_after_election,3786,ওর পাছার ভিতরে গরম ডিম ঢুকে,ওর পাছার ভিতরে গরম ডিম ঢুকে,2,0.6398785781337271
2 After Election,2_after_election,3787,সোনার বাংলাদেশ,সোনার বাংলাদেশ,1,0.3999687725011894
2 After Election,2_after_election,3788,আটক মানে কি দু পরে ছেড়ে দেওয়া জনগণ কে কি বুঝানো,আটক মানে কি দু পরে ছেড়ে দেওয়া জনগণ কে কি বুঝানো,2,0.8653761865025302
2 After Election,2_after_election,3789,এগুলো দ্রুত বন্ধ করু নয়তো পালাতে হবে,এগুলো দ্রুত বন্ধ করু নয়তো পালাতে হবে,3,0.8338412543014876
2 After Election,2_after_election,3790,কামডা ওইলো কি,কামডা ওইলো কি,0,0.2
2 After Election,2_after_election,3791,চোখ লাল কিসের ......,চোখ লাল কিসের,2,0.799351426023225
2 After Election,2_after_election,3792,যুবদল না হয়ে চান্দাদল নাম টা হবে।,যুবদল না হয়ে চান্দাদল নাম টা হবে,4,0.8382600369382286
2 After Election,2_after_election,3793,তারেক রহমানের সোনার তরী,তারেক রহমানের সোনার তরী,3,0.5498130580072513
2 After Election,2_after_election,3794,যুব দল নেতা কি সবাই,যুব দল নেতা কি সবাই,1,0.7976001260955438
2 After Election,2_after_election,3795,ছাইরা দেন সমযতার ভিত্তিতে হয়েছে,ছাইরা দেন সমযতার ভিত্তিতে হয়েছে,2,0.7333304283926653
2 After Election,2_after_election,3796,তারেকের লোক বলে কথা,তারেকের লোক বলে কথা,4,0.7301170799160851
2 After Election,2_after_election,3797,ডিম থেরাপি,ডিম থেরাপি,2,0.7333303414595175
2 After Election,2_after_election,3798,"""এটা চাদা নারে পাগলা,এটা সমঝোতা""",এটা চাদা নারে পাগলা এটা সমঝোতা,4,0.43757569897800014
2 After Election,2_after_election,3799,Ami bissas kori na.,ami bissas kori na,1,0.733330030760219
2 After Election,2_after_election,3800,Screen sort দিয়া রাখেন কারন কতক্ষণ পরে দেখবেন পোস্ট উধাও...!,screen sort দিয়া রাখেন কারন কতক্ষণ পরে দেখবেন পোস্ট উধাও,3,0.701178180308658
2 After Election,2_after_election,3801,আটক তাতে কি? পরে আবার ছেড়ে দিবে। তার পিছনে বড় নেতা আছে। আমার কথা মিথ্যে হলে আমাকে একটা গালি দিবেন।,আটক তাতে কি পরে আবার ছেড়ে দিবে তার পিছনে বড় নেতা আছে আমার কথা মিথ্যে হলে আমাকে একটা গালি দিবেন,1,0.5232477706037447
2 After Election,2_after_election,3802,চাঁদা বলা যাবেনা বলুন সমঝোতা।,চাঁদা বলা যাবেনা বলুন সমঝোতা,2,0.5343285819616063
2 After Election,2_after_election,3803,এই দল থেকে এটাই আশা করা যায়,এই দল থেকে এটাই আশা করা যায়,4,0.7953223786954515
2 After Election,2_after_election,3804,"""শুধু আটক করতেই শুনলাম, তবে সাজা কি দিলো সেটা শুনলাম না""",শুধু আটক করতেই শুনলাম তবে সাজা কি দিলো সেটা শুনলাম না,1,0.8378007610500561
2 After Election,2_after_election,3805,চোখ লাল,চোখ লাল,2,0.7325734051479182
2 After Election,2_after_election,3806,সমঝোতার মাধ্যমে চাঁদা নিছে,সমঝোতার মাধ্যমে চাঁদা নিছে,2,0.6407853584450738
2 After Election,2_after_election,3807,মোবাইল খুললেই এত চান্দা এত চান্দা। চান্দা জালায় মোবাইল চালাতে ইচ্ছা হচ্ছে না।,মোবাইল খুললেই এত চান্দা এত চান্দা চান্দা জালায় মোবাইল চালাতে ইচ্ছা হচ্ছে না,2,0.457157231921568
2 After Election,2_after_election,3808,******বাংলাদেশে গাঁজা বন্ধ করে দিলে । চাঁদাবাজ ও বন্দ হয়ে যাবে।,বাংলাদেশে গাঁজা বন্ধ করে দিলে চাঁদাবাজ ও বন্দ হয়ে যাবে,4,0.4836920600832373
2 After Election,2_after_election,3809,সিদ্ধ ডিম থেরাপি দেওয়া হোক,সিদ্ধ ডিম থেরাপি দেওয়া হোক,2,0.8661532125079845
2 After Election,2_after_election,3810,সামালি,সামালি,0,0.2
2 After Election,2_after_election,3811,এখন উকিল সাহেব বলেন। এটা সমঝতা মামলা ডিস মিস। …,এখন উকিল সাহেব বলেন এটা সমঝতা মামলা ডিস মিস,2,0.44017524264509933
2 After Election,2_after_election,3812,এতো দেখি ছেচরা এরা নেতা হয় কেমনে?,এতো দেখি ছেচরা এরা নেতা হয় কেমনে,1,0.8654037779637935
2 After Election,2_after_election,3813,ত্যাগী কর্মী,ত্যাগী কর্মী,1,0.5999880718396995
2 After Election,2_after_election,3814,10% miss hoi gelo,miss hoi gelo,4,0.7315488653090609
2 After Election,2_after_election,3815,Koy minuter jonno,koy minuter jonno,1,0.5999852766899764
2 After Election,2_after_election,3816,গরম ডিম দেওয়া হউক,গরম ডিম দেওয়া হউক,2,0.8397953710551205
2 After Election,2_after_election,3817,এটাই হচ্ছে খাম্বা তারেক এর দলের বৈশিষ্ট্য,এটাই হচ্ছে খাম্বা তারেক এর দলের বৈশিষ্ট্য,3,0.7983803897702183
2 After Election,2_after_election,3819,"""আমরা সবাই পবিত্র রোযার পবিত্রতা রক্ষা করে চলি । নামাজটা ঠিক মতো পরি , রোযা ঠিক মতো রাখি আর যাকাত ঠিক মতো আদায় করি । নারী''র…""",আমরা সবাই পবিত্র রোযার পবিত্রতা রক্ষা করে চলি নামাজটা ঠিক মতো পরি রোযা ঠিক মতো রাখি আর যাকাত ঠিক মতো আদায় করি নারী র,1,0.6544709741182868
2 After Election,2_after_election,3820,Ai,ai,1,0.5999966793075872
2 After Election,2_after_election,3821,সমঝোতার কাজ চলতেছে তাতেই ধরা,সমঝোতার কাজ চলতেছে তাতেই ধরা,2,0.8390281166447824
2 After Election,2_after_election,3822,১৭ বছর নির্যাতিতদের এভাবে গ্রেফতার করা কি ঠিক হয়েছে ? একটু সমজোতা হতে পারতো না ?,বছর নির্যাতিতদের এভাবে গ্রেফতার করা কি ঠিক হয়েছে একটু সমজোতা হতে পারতো না,1,0.8982412407641923
2 After Election,2_after_election,3823,সমঝোতা হয়ে যাবে পুলিশের সাথে,সমঝোতা হয়ে যাবে পুলিশের সাথে,4,0.4840457612535824
2 After Election,2_after_election,3824,এখন শুধু চলবে চোর পুলিশ খেলা সকালে ধরবে রাতে ছেড়ে দেবে। আল্লাহ ছাড়া সাধারন মানুষের কেউ নেই।,এখন শুধু চলবে চোর পুলিশ খেলা সকালে ধরবে রাতে ছেড়ে দেবে আল্লাহ ছাড়া সাধারন মানুষের কেউ নেই,2,0.9256718808630144
2 After Election,2_after_election,3825,পুলিশের সঙ্গে সমোঝোতা করলে তো হতো,পুলিশের সঙ্গে সমোঝোতা করলে তো হতো,4,0.5500429916148422
2 After Election,2_after_election,3826,"""হায় আল্লাহ, খালেদ! সমঝোতা কে এ জাতি বলে নাকি চাঁদা""",হায় আল্লাহ খালেদ সমঝোতা কে এ জাতি বলে নাকি চাঁদা,2,0.5246065602016076
2 After Election,2_after_election,3827,যুবদল কি জামাতের নাম নাকি না এনসিপির দলের নাম,যুবদল কি জামাতের নাম নাকি না এনসিপির দলের নাম,3,0.8844554237541534
2 After Election,2_after_election,3828,আমি বিশ্বাস করি না,আমি বিশ্বাস করি না,2,0.732200458464841
2 After Election,2_after_election,3829,দুই পর আবার খাচার বাহিরে গিয়ে শুরু করবে...,দুই পর আবার খাচার বাহিরে গিয়ে শুরু করবে,1,0.6395508218333071
2 After Election,2_after_election,3830,"""সাব্বাশ বেটা, ফ্যামেলি কার্ড পর্যন্ত অপেক্ষা করার সময় নেই।""",সাব্বাশ বেটা ফ্যামেলি কার্ড পর্যন্ত অপেক্ষা করার সময় নেই,2,0.6493408214100669
2 After Election,2_after_election,3831,আজকের মতো সবসময় দলের নাম সহ প্রকাশের জন্য অনুরোধ করছি। কারণ জাতি হিসেব মিলাতে চায়।,আজকের মতো সবসময় দলের নাম সহ প্রকাশের জন্য অনুরোধ করছি কারণ জাতি হিসেব মিলাতে চায়,3,0.9267384607339376
2 After Election,2_after_election,3832,সমঝোতা করে তোলার দরকার ছিলো,সমঝোতা করে তোলার দরকার ছিলো,2,0.4000621008660445
2 After Election,2_after_election,3833,সমঝোতার চাদায় আবার আটক কেনো নিন্দা জানাই,সমঝোতার চাদায় আবার আটক কেনো নিন্দা জানাই,2,0.8836630149594892
2 After Election,2_after_election,3834,Ore°লেতা রে,ore লেতা রে,4,0.3998283566163171
2 After Election,2_after_election,3835,চাঁদা না সমঝোতা,চাঁদা না সমঝোতা,2,0.7333328773716089
2 After Election,2_after_election,3836,"""সমঝোতা করে নিলেইতো হয়, চাঁদাবাজি করার কি দরকার।""",সমঝোতা করে নিলেইতো হয় চাঁদাবাজি করার কি দরকার,2,0.6248653215829848
2 After Election,2_after_election,3837,"""সেটা কোন বিষয় না,সমঝোতার মাধ্যমে নিছে হয়তো,""",সেটা কোন বিষয় না সমঝোতার মাধ্যমে নিছে হয়তো,2,0.599143394455389
2 After Election,2_after_election,3838,সাবাস বিএনপি,সাবাস বিএনপি,0,0.7315240269157983
2 After Election,2_after_election,3839,আমাদের এলাকার টুকাই কয়টার বাড়ি বাড়ি গিয়ে বীক্কা তুলে …,আমাদের এলাকার টুকাই কয়টার বাড়ি বাড়ি গিয়ে বীক্কা তুলে,2,0.8396720982361437
2 After Election,2_after_election,3840,তীব্র নিন্দা জানাচ্ছি। সমঝোতা কে চান্দা বলে চালাচ্ছেন সাংবাদিক।,তীব্র নিন্দা জানাচ্ছি সমঝোতা কে চান্দা বলে চালাচ্ছেন সাংবাদিক,2,0.7677713090497975
2 After Election,2_after_election,3841,"""দয়া করে এটাকে চাঁদ বলবেন না,,, এইটা নির্দিষ্ট একটা দলের জন্য মহৎ কাজ,,,,""",দয়া করে এটাকে চাঁদ বলবেন না এইটা নির্দিষ্ট একটা দলের জন্য মহৎ কাজ,2,0.8848582020985493
2 After Election,2_after_election,3842,সমঝোতা মনে হয়,সমঝোতা মনে হয়,2,0.4248142038769106
2 After Election,2_after_election,3843,এতো দেখতাম শুধু কট খাইতো এখন দেখি চাদা বাবার সিজন চলতেছে তা হলে মনে হয় মানুষ কটের দিক দেখে ফিরে আসতেছে,এতো দেখতাম শুধু কট খাইতো এখন দেখি চাদা বাবার সিজন চলতেছে তা হলে মনে হয় মানুষ কটের দিক দেখে ফিরে আসতেছে,4,0.5973425719445808
2 After Election,2_after_election,3844,থেরাপি দিতে হবে অন্যায়কে ন্যায় বলে চালনাোর কোন সুযোগ নাই,থেরাপি দিতে হবে অন্যায়কে ন্যায় বলে চালনাোর কোন সুযোগ নাই,2,0.6309516113916247
2 After Election,2_after_election,3845,দেশের জনগণ ভোদায় না। আমরা সবাই বুঝি যে কারা চাঁদাবাজি করে। জামাত শিবিরে কোন পোলাপান আজ পর্যন্ত শুনলাম না তারা চাঁদাবাজি করে,দেশের জনগণ ভোদায় না আমরা সবাই বুঝি যে কারা চাঁদাবাজি করে জামাত শিবিরে কোন পোলাপান আজ পর্যন্ত শুনলাম না তারা চাঁদাবাজি করে,2,0.9413785291894541
2 After Election,2_after_election,3846,চাঁদাবাজ সন্ত্রাসীকে রুখে দিতে হবে সে যে দলেরি হোক না কেন,চাঁদাবাজ সন্ত্রাসীকে রুখে দিতে হবে সে যে দলেরি হোক না কেন,4,0.6612537511571502
2 After Election,2_after_election,3847,কি বলেন তোর চোখ দেখলে বুঝা যায় সে পিনি করতে গিয়ে কট খাইছে,কি বলেন তোর চোখ দেখলে বুঝা যায় সে পিনি করতে গিয়ে কট খাইছে,1,0.29573558027068403
2 After Election,2_after_election,3848,ওসব চাঁদাবাজদের জনগন ধরে পাচা লাল করতে হবে। প্রসাশন কিছু করবে না…..,ওসব চাঁদাবাজদের জনগন ধরে পাচা লাল করতে হবে প্রসাশন কিছু করবে না,2,0.8389952055713682
2 After Election,2_after_election,3849,নাহ এ হতে পারেনা আমি বিশ্বাস করিনা,নাহ এ হতে পারেনা আমি বিশ্বাস করিনা,4,0.5855190136325777
2 After Election,2_after_election,3850,এই চাঁদাবাজ দের জন্য সাধারণ মানুষ অতিষ্ঠ হয়ে গেছে,এই চাঁদাবাজ দের জন্য সাধারণ মানুষ অতিষ্ঠ হয়ে গেছে,4,0.5161573135725331
2 After Election,2_after_election,3851,চোখ লাল হয়ে আছে কারণ কি,চোখ লাল হয়ে আছে কারণ কি,2,0.7947132656158081
2 After Election,2_after_election,3852,"""Teke,asa""",teke asa,0,0.2
2 After Election,2_after_election,3853,লাগারে লাগা পিটনি লাগা,লাগারে লাগা পিটনি লাগা,3,0.7999973842905796
2 After Election,2_after_election,3854,সবগুলোকেই সোজা করতে হবে।,সবগুলোকেই সোজা করতে হবে,2,0.7329900707821757
2 After Election,2_after_election,3855,লাগারে লাগা ধান লাগা,লাগারে লাগা ধান লাগা,3,0.8399979494788709
2 After Election,2_after_election,3856,ভোট দেব কিসে,ভোট দেব কিসে,2,0.5487935352057518
2 After Election,2_after_election,3857,গরম ডিম তার গুহার ভিতরে ঢুকিয়ে দাও,গরম ডিম তার গুহার ভিতরে ঢুকিয়ে দাও,2,0.8393302592143514
2 After Election,2_after_election,3858,চাঁদা না কইয়া সমঝোতা কইলে কি হয়,চাঁদা না কইয়া সমঝোতা কইলে কি হয়,2,0.7333328773716089
2 After Election,2_after_election,3859,সমঝোতা করতে ব্যর্থ হয়েছে,সমঝোতা করতে ব্যর্থ হয়েছে,2,0.7329964483240141
2 After Election,2_after_election,3860,ভিখারি লাইসেন্স কি পাওয়ার যোগ্যতা রাখে না...,ভিখারি লাইসেন্স কি পাওয়ার যোগ্যতা রাখে না,4,0.7333202011223541
2 After Election,2_after_election,3861,মাইরি বিএনপি তো চাঁদা তুলে না বলছে। এটা মিসটেক হয়ে গেছে বোধ হয় ।,মাইরি বিএনপি তো চাঁদা তুলে না বলছে এটা মিসটেক হয়ে গেছে বোধ হয়,2,0.5689298103700352
2 After Election,2_after_election,3862,উট পাখির ডিম দিতে হবে তাইলে শিক্ষা হবে তাছাড়া হবে না,উট পাখির ডিম দিতে হবে তাইলে শিক্ষা হবে তাছাড়া হবে না,1,0.6361864729316709
2 After Election,2_after_election,3863,"""এডিরে কি দলের তে কয় নাকি নিজের মরজি মতন, পকেটে টাকা নাই চান্দা তুলতে চলে যায়""",এডিরে কি দলের তে কয় নাকি নিজের মরজি মতন পকেটে টাকা নাই চান্দা তুলতে চলে যায়,2,0.5639366574995981
2 After Election,2_after_election,3864,Mirza Kakrul Sala J kilo Oigula BNPr Kew Na,mirza kakrul sala j kilo oigula bnpr kew na,1,0.7333300716852883
2 After Election,2_after_election,3865,কি খাবে তা ছাড়া,কি খাবে তা ছাড়া,3,0.4403767140531827
2 After Election,2_after_election,3866,Mahabub Alam esob ki ulta palta newz kore,mahabub alam esob ki ulta palta newz kore,1,0.7333313746621802
2 After Election,2_after_election,3867,Size kora uchit sasti,size kora uchit sasti,1,0.7333266075144
2 After Election,2_after_election,3868,Somojhota,somojhota,0,0.2
2 After Election,2_after_election,3869,মামায় তো পুরা চান্দের দেশে উড়তাছে,মামায় তো পুরা চান্দের দেশে উড়তাছে,3,0.598013765860987
2 After Election,2_after_election,3870,চাঁদা নয় সমঝোতা,চাঁদা নয় সমঝোতা,2,0.7999774812069069
2 After Election,2_after_election,3871,স্বাধীনতা স্বপক্ষের শক্তি এদের কেউ কিছু বলবেন না,স্বাধীনতা স্বপক্ষের শক্তি এদের কেউ কিছু বলবেন না,2,0.7979656318301183
2 After Election,2_after_election,3872,Vuwa news,vuwa news,0,0.5987368789913816
2 After Election,2_after_election,3873,কিছু খন পড়ে বলবে জামাত নেতা আটক,কিছু খন পড়ে বলবে জামাত নেতা আটক,1,0.6824069543654193
2 After Election,2_after_election,3874,আবার ও দূর্নীতিতে ১ম হবে বাংলাদেশ,আবার ও দূর্নীতিতে ম হবে বাংলাদেশ,2,0.7298800943938757
2 After Election,2_after_election,3875,এইভাবে অপমান করে বলবেন না বলেন সমঝোতা ভিতরে টাকা তুলতে গিয়ে হাতেনাতে আটক চাঁদা কথা বললে ছাপড়ি চামচা রা গায়ে লাগে!,এইভাবে অপমান করে বলবেন না বলেন সমঝোতা ভিতরে টাকা তুলতে গিয়ে হাতেনাতে আটক চাঁদা কথা বললে ছাপড়ি চামচা রা গায়ে লাগে,2,0.9425774827455528
2 After Election,2_after_election,3876,"""কষ্ট হলেও চাঁদাবাজি সহ্য করেন ভাই, না হলে তো বুঝতেই পারছেন, দেশ রাজাকারদের দখলে চলে যাবে।""",কষ্ট হলেও চাঁদাবাজি সহ্য করেন ভাই না হলে তো বুঝতেই পারছেন দেশ রাজাকারদের দখলে চলে যাবে,2,0.9103123357391003
2 After Election,2_after_election,3877,চোখ লাল ঘুমাই না কয়,চোখ লাল ঘুমাই না কয়,2,0.5494680568795065
2 After Election,2_after_election,3878,চ্যানেল২৪ বয়কট,চ্যানেল বয়কট,4,0.7266585242437082
2 After Election,2_after_election,3879,বিএনপি করলে সম্ভব,বিএনপি করলে সম্ভব,0,0.5484805054896937
2 After Election,2_after_election,3880,এটা হলো সমাজোতা চাঁদা না,এটা হলো সমাজোতা চাঁদা না,2,0.3999884926651727
2 After Election,2_after_election,3881,চান্দা ভাই,চান্দা ভাই,2,0.7330724150232746
2 After Election,2_after_election,3882,আলহামদুলিল্লাহ,আলহামদুলিল্লাহ,2,0.5999984371235062
2 After Election,2_after_election,3883,মাশাআল্লাহ জাতীয়তাবাদীর সোনার ছেলে,মাশাআল্লাহ জাতীয়তাবাদীর সোনার ছেলে,1,0.7973525593911863
2 After Election,2_after_election,3884,অনেক ের উপাস,অনেক ের উপাস,0,0.2
2 After Election,2_after_election,3885,Bangladesh jindabad,bangladesh jindabad,3,0.5999949649065447
2 After Election,2_after_election,3886,শিবির বলে চালিয়ে দাও,শিবির বলে চালিয়ে দাও,2,0.5482342519411226
2 After Election,2_after_election,3887,POLICE E DEOA HOK,police e deoa hok,0,0.4001924253766903
2 After Election,2_after_election,3888,এর জন্য মন্ত্রী দাই,এর জন্য মন্ত্রী দাই,4,0.5999989369375508
2 After Election,2_after_election,3889,আইচ্ছা,আইচ্ছা,4,0.5988516065465248
2 After Election,2_after_election,3890,কেমনে কি জাতি বিশ্বাস করবে না,কেমনে কি জাতি বিশ্বাস করবে না,4,0.79694737578455
2 After Election,2_after_election,3891,আচ্ছা মতো দেন আগে,আচ্ছা মতো দেন আগে,2,0.3000333252529553
2 After Election,2_after_election,3892,"""Arifur Rahman দোস্ত, একটু না কইরা দিস।""",arifur rahman দোস্ত একটু না কইরা দিস,1,0.7945734623823074
2 After Election,2_after_election,3893,এটা চাঁদা না সমঝোতা,এটা চাঁদা না সমঝোতা,2,0.7333328773716089
2 After Election,2_after_election,3894,হুমমম,হুমমম,0,0.5999747360530101
2 After Election,2_after_election,3895,পিছন দিয়ে ভরে দিলে?,পিছন দিয়ে ভরে দিলে,2,0.7989179300938032
2 After Election,2_after_election,3896,"""ok,আর যেনো কেউ না খায়!!!""",ok আর যেনো কেউ না খায়,3,0.5500872093052329
2 After Election,2_after_election,3897,কাকার কথায় আমি সহমত।,কাকার কথায় আমি সহমত,2,0.39998321317158053
2 After Election,2_after_election,3898,কেন নয় সবি তো তোমাদের,কেন নয় সবি তো তোমাদের,2,0.30051533086310517
2 After Election,2_after_election,3899,কথায় যুক্তি আছে,কথায় যুক্তি আছে,4,0.733063137781464
2 After Election,2_after_election,3900,হুম.... সেটাই তো কথা,হুম সেটাই তো কথা,0,0.7333272467655839
2 After Election,2_after_election,3901,খেলা কোন লেভেলে..?,খেলা কোন লেভেলে,2,0.7995003016183109
2 After Election,2_after_election,3902,কথায় যুক্তি আছে,কথায় যুক্তি আছে,4,0.733063137781464
2 After Election,2_after_election,3903,ঠিকিত বলেছে ভাই আমার,ঠিকিত বলেছে ভাই আমার,1,0.7252562271415272
2 After Election,2_after_election,3904,সমঝোতা করে খাও ভাই।,সমঝোতা করে খাও ভাই,2,0.5194374957913577
2 After Election,2_after_election,3905,সমঝোতা করে খেলে ভালো হয়,সমঝোতা করে খেলে ভালো হয়,2,0.4449182206338562
2 After Election,2_after_election,3906,ভোট দিবো কিসে ধানের শীষে।,ভোট দিবো কিসে ধানের শীষে,3,0.3957102438263988
2 After Election,2_after_election,3907,সুন্দর বলছে,সুন্দর বলছে,3,0.39941737277067324
2 After Election,2_after_election,3908,কথা ক্ল‌িয়ার,কথা ক্লিয়ার,1,0.5999851134430212
2 After Election,2_after_election,3909,মাশাল্লাহ সমঝোতা বলে কথা,মাশাল্লাহ সমঝোতা বলে কথা,2,0.7997774965645255
2 After Election,2_after_election,3910,নতুন,নতুন,3,0.5988583060259369
2 After Election,2_after_election,3911,সহমত,সহমত,2,0.5999910295813788
2 After Election,2_after_election,3912,ঠিক আছে,ঠিক আছে,1,0.5999994521830625
2 After Election,2_after_election,3913,Gu kha,gu kha,0,0.2
2 After Election,2_after_election,3914,টয়লেট ও খাইস,টয়লেট ও খাইস,3,0.5999883422957627
2 After Election,2_after_election,3915,ওকে,ওকে,0,0.5973697325658205
2 After Election,2_after_election,3916,জি আচ্ছা খান!,জি আচ্ছা খান,4,0.5505127848172214
2 After Election,2_after_election,3917,"""কোন কথা নাই,সোজা বহিষ্কার""",কোন কথা নাই সোজা বহিষ্কার,2,0.7994362310593633
2 After Election,2_after_election,3918,খাইতে থাকেন,খাইতে থাকেন,3,0.7331766770165833
2 After Election,2_after_election,3919,লাগাতে লাগা আরও ধান লাগা,লাগাতে লাগা আরও ধান লাগা,3,0.799997864508728
2 After Election,2_after_election,3920,ইনসাফভিত্তিক বন্টন,ইনসাফভিত্তিক বন্টন,0,0.2
2 After Election,2_after_election,3921,ও আইচ্ছা।,ও আইচ্ছা,4,0.5988516065465248
2 After Election,2_after_election,3922,ওকে,ওকে,0,0.5973697325658205
2 After Election,2_after_election,3923,দেশে হচ্ছেটা কি,দেশে হচ্ছেটা কি,3,0.598013765860987
2 After Election,2_after_election,3924,সবাই বলেন কবুল,সবাই বলেন কবুল,2,0.7304258076024094
2 After Election,2_after_election,3925,রাইট,রাইট,0,0.5999854367760233
2 After Election,2_after_election,3926,আহারে আমার দেশ,আহারে আমার দেশ,1,0.728325801459469
2 After Election,2_after_election,3927,সাব্বাস বেটা,সাব্বাস বেটা,1,0.7329065972285913
2 After Election,2_after_election,3928,Might is right,might is right,0,0.4002367199079737
2 After Election,2_after_election,3929,মামার বাড়ির আবদার,মামার বাড়ির আবদার,1,0.7331188402409939
2 After Election,2_after_election,3930,আলহামদুলিল্লাহ,আলহামদুলিল্লাহ,2,0.5999984371235062
2 After Election,2_after_election,3931,"""জ্বি, আচ্ছা""",জ্বি আচ্ছা,4,0.5999956900317628
2 After Election,2_after_election,3932,ঠিক আছে চালাইয়া জাও,ঠিক আছে চালাইয়া জাও,1,0.5999994521830625
2 After Election,2_after_election,3933,সুন্দর! চমৎকার!!!,সুন্দর চমৎকার,1,0.7289139003143636
2 After Election,2_after_election,3934,খা খা খা সব চুসে চুসে খা,খা খা খা সব চুসে চুসে খা,1,0.8399989346302829
2 After Election,2_after_election,3935,হাট ঘাটে আবার কী আছে?,হাট ঘাটে আবার কী আছে,1,0.7290243962179502
2 After Election,2_after_election,3936,কথা সইত্য,কথা সইত্য,0,0.2
2 After Election,2_after_election,3937,খাও সোনা খাও,খাও সোনা খাও,1,0.799929126067757
2 After Election,2_after_election,3938,কথায় যুক্তি আছে। খাবে,কথায় যুক্তি আছে খাবে,4,0.5497354773478997
2 After Election,2_after_election,3939,কি সুন্দর কথা,কি সুন্দর কথা,0,0.5988381978701995
2 After Election,2_after_election,3940,কথা ঠিক,কথা ঠিক,1,0.5999994521830625
2 After Election,2_after_election,3941,"""সুযোগ বুঝিয়ে ,,,,""",সুযোগ বুঝিয়ে,2,0.5990746133479019
2 After Election,2_after_election,3942,খেল খেল খেল,খেল খেল খেল,4,0.7999912788421163
2 After Election,2_after_election,3943,ওকে,ওকে,0,0.5973697325658205
2 After Election,2_after_election,3944,এটাও খাবি,এটাও খাবি,0,0.2
2 After Election,2_after_election,3945,এই নাহলে কিসের দর,এই নাহলে কিসের দর,2,0.5975910403173821
2 After Election,2_after_election,3946,ভাগাভাগি শুরু নাকি,ভাগাভাগি শুরু নাকি,3,0.7278978074628731
2 After Election,2_after_election,3947,ধারুণ ধারুণ ধারুণ,ধারুণ ধারুণ ধারুণ,0,0.2
2 After Election,2_after_election,3948,মাশা-আল্লাহ,মাশা আল্লাহ,0,0.5984866830130162
2 After Election,2_after_election,3949,ঠিক আছে লিডার,ঠিক আছে লিডার,1,0.401293831975223
2 After Election,2_after_election,3950,সেটাই তো নায্য বিচার,সেটাই তো নায্য বিচার,0,0.732138839579458
2 After Election,2_after_election,3951,খুবই ভালো সিন্ধান্ত,খুবই ভালো সিন্ধান্ত,1,0.7284853745349067
2 After Election,2_after_election,3952,জোরে বলেন ঠিক কিনা,জোরে বলেন ঠিক কিনা,1,0.30055933069965685
2 After Election,2_after_election,3953,ঠিক আছে ভাই,ঠিক আছে ভাই,1,0.727206029183149
2 After Election,2_after_election,3954,দেশটা না খেলে কি হবে।,দেশটা না খেলে কি হবে,0,0.2
2 After Election,2_after_election,3955,খাই খাই,খাই খাই,0,0.7333286572436573
2 After Election,2_after_election,3956,তাহলে আমার কি হবে?,তাহলে আমার কি হবে,4,0.5949248610870235
2 After Election,2_after_election,3957,প্রচুর খাইতে হবে!,প্রচুর খাইতে হবে,3,0.5999819174290887
2 After Election,2_after_election,3958,আমিও,আমিও,0,0.2
2 After Election,2_after_election,3959,Khaw,khaw,0,0.2
2 After Election,2_after_election,3960,হরিলুট,হরিলুট,0,0.2
2 After Election,2_after_election,3961,সরকারি ইজারা নিয়ে হবে,সরকারি ইজারা নিয়ে হবে,0,0.7308363431810224
2 After Election,2_after_election,3962,Ai to Asol kota,ai to asol kota,1,0.4000349860399654
2 After Election,2_after_election,3963,ওকে,ওকে,0,0.5973697325658205
2 After Election,2_after_election,3964,ভাইরাল ভাই,ভাইরাল ভাই,2,0.7325786594213475
2 After Election,2_after_election,3965,এখন বেশি করে খাও ভবিষ্যতে পালাইতে হইলে টাকার দরকার হইবো। তাই এখন খাওয়াটা খুব জরুরী,এখন বেশি করে খাও ভবিষ্যতে পালাইতে হইলে টাকার দরকার হইবো তাই এখন খাওয়াটা খুব জরুরী,0,0.5993387987769899
2 After Election,2_after_election,3966,মন ভরে খেতে হবে।,মন ভরে খেতে হবে,0,0.5487083514915765
2 After Election,2_after_election,3967,সংবিধানে এড করেন,সংবিধানে এড করেন,0,0.4587248133618493
2 After Election,2_after_election,3968,সমঝোতার ভিত্তিতে খাবে!!!,সমঝোতার ভিত্তিতে খাবে,2,0.550091788484033
2 After Election,2_after_election,3969,সঠিক,সঠিক,4,0.5999977707466385
2 After Election,2_after_election,3970,হ ১৭ বছর না খাইয়া ছিলি,হ বছর না খাইয়া ছিলি,4,0.7296567749039048
2 After Election,2_after_election,3971,কিন্ত দেইখেন আপনাদের আবার জয় বাংলা করে দিবে …,কিন্ত দেইখেন আপনাদের আবার জয় বাংলা করে দিবে,4,0.8637426909556922
2 After Election,2_after_election,3972,সাব্বাশ বেটা,সাব্বাশ বেটা,1,0.7330785428942053
2 After Election,2_after_election,3973,লিগ্যাল কথা,লিগ্যাল কথা,0,0.2
2 After Election,2_after_election,3974,Thik,thik,1,0.5999942578635252
2 After Election,2_after_election,3975,না আমরা খেতে চাই না,না আমরা খেতে চাই না,0,0.39963963222325233
2 After Election,2_after_election,3976,1000 thik,thik,1,0.5999942578635252
2 After Election,2_after_election,3977,তুমি ঠিক বলসো।,তুমি ঠিক বলসো,1,0.5999994521830625
2 After Election,2_after_election,3978,এটাই বাস্তব,এটাই বাস্তব,3,0.5968275635045083
2 After Election,2_after_election,3979,এটা তাদের হক,এটা তাদের হক,3,0.5999812997075225
2 After Election,2_after_election,3980,সামনে আগাও,সামনে আগাও,4,0.5978871955251012
2 After Election,2_after_election,3981,সাব্বাস,সাব্বাস,1,0.5993812289990182
2 After Election,2_after_election,3982,টয়লেট খাবেন না?,টয়লেট খাবেন না,3,0.5999883422957627
2 After Election,2_after_election,3983,"""সঠিক কথা বলেছে,""",সঠিক কথা বলেছে,4,0.7304023205950467
2 After Election,2_after_election,3984,ভিক্ষা কইরাও খাইবা,ভিক্ষা কইরাও খাইবা,2,0.5999710077427545
2 After Election,2_after_election,3985,আচ্ছা ঠিক আছে,আচ্ছা ঠিক আছে,1,0.40010762820797613
2 After Election,2_after_election,3986,খাও ভাই তোমার অধিকার!!,খাও ভাই তোমার অধিকার,2,0.5178712102195704
2 After Election,2_after_election,3987,হাট ঘাট শেষ হলে তার পর,হাট ঘাট শেষ হলে তার পর,4,0.4318091226987695
2 After Election,2_after_election,3988,Khato baba,khato baba,3,0.5989848902717387
2 After Election,2_after_election,3989,মারো তালি,মারো তালি,0,0.2
2 After Election,2_after_election,3990,লুটে পুটে খাও...,লুটে পুটে খাও,1,0.5999961930108799
2 After Election,2_after_election,3991,আচ্ছা,আচ্ছা,4,0.5999956900317628
2 After Election,2_after_election,3992,Nurul Amin বস আপনি কোনটা,nurul amin বস আপনি কোনটা,0,0.7296390261188537
2 After Election,2_after_election,3993,বালছাল,বালছাল,0,0.2
2 After Election,2_after_election,3994,পাশা,পাশা,2,0.5999712626463632
2 After Election,2_after_election,3995,ওনি ঠিক বলেছেন,ওনি ঠিক বলেছেন,0,0.5499025673100874
2 After Election,2_after_election,3996,সাব্বাশ বেটা,সাব্বাশ বেটা,1,0.7330785428942053
2 After Election,2_after_election,3997,সুন্দর না,সুন্দর না,0,0.5988381978701995
2 After Election,2_after_election,3998,এই কথাটাই কেউ বোঝে না??,এই কথাটাই কেউ বোঝে না,3,0.5986250906928189
2 After Election,2_after_election,3999,চারদিকে চাঁন্দাভাই,চারদিকে চাঁন্দাভাই,2,0.5986390742637849
2 After Election,2_after_election,4000,খাবার পারে যে টয়লেট করবি ঐ টুকু ও খেয়ে নিতে ভূল করিস না,খাবার পারে যে টয়লেট করবি ঐ টুকু ও খেয়ে নিতে ভূল করিস না,3,0.8374197766142125
2 After Election,2_after_election,4001,মাশাল্লাহ খুবই সুন্দর,মাশাল্লাহ খুবই সুন্দর,1,0.5470933881157096
2 After Election,2_after_election,4002,সমস্যা.!!,সমস্যা,2,0.5999952075901085
2 After Election,2_after_election,4003,সমঝোতার মাধ্যমে,সমঝোতার মাধ্যমে,2,0.7332886788158004
2 After Election,2_after_election,4004,টেম্পু স্ট্যান্ড কে খাবে.....?,টেম্পু স্ট্যান্ড কে খাবে,3,0.5999956663490443
2 After Election,2_after_election,4005,বানী,বানী,0,0.2
2 After Election,2_after_election,4006,ওরে আমার নেতা রে..!!,ওরে আমার নেতা রে,1,0.4000577204125936
2 After Election,2_after_election,4007,"""ঠিক, আপনি যা বলেন তাই হবে।""",ঠিক আপনি যা বলেন তাই হবে,1,0.5171181747368435
2 After Election,2_after_election,4008,তাও পেট টা ভর,তাও পেট টা ভর,2,0.7297290594012674
2 After Election,2_after_election,4009,চাকরি মনে হয় নাই গেছে।,চাকরি মনে হয় নাই গেছে,2,0.42449649876500756
2 After Election,2_after_election,4010,এমন স্পষ্টবাদী হলেই হবে।,এমন স্পষ্টবাদী হলেই হবে,3,0.5982424146329546
2 After Election,2_after_election,4011,kohi bath nahin.,kohi bath nahin,0,0.2
2 After Election,2_after_election,4012,প্রচুর খেতে হবে চাচ্চু,প্রচুর খেতে হবে চাচ্চু,0,0.5986680240202866
2 After Election,2_after_election,4013,বিম্পি,বিম্পি,0,0.5999794131109356
2 After Election,2_after_election,4014,সামনে বালুর ট্রাক আছে।,সামনে বালুর ট্রাক আছে,4,0.5978871955251012
2 After Election,2_after_election,4015,ওহ্ আচ্ছা এই ছিলো মনে,ওহ্ আচ্ছা এই ছিলো মনে,4,0.7250122496531731
2 After Election,2_after_election,4016,গুড,গুড,1,0.5999935334448773
2 After Election,2_after_election,4017,"""ঠিক আছে, ওকে""",ঠিক আছে ওকে,1,0.4001935605574861
2 After Election,2_after_election,4018,Pungta,pungta,0,0.2
2 After Election,2_after_election,4019,হাট খাট আবার খায় কেমনে??,হাট খাট আবার খায় কেমনে,1,0.5738872572972078
2 After Election,2_after_election,4020,হে হে হে,হে হে হে,3,0.7990479168626571
2 After Election,2_after_election,4021,বেশি খেতে যাইও্বা বাতিজা.. মুখ পুড়ে যাবে। মিলে মিশে খাও,বেশি খেতে যাইও্বা বাতিজা মুখ পুড়ে যাবে মিলে মিশে খাও,1,0.8849410399753077
2 After Election,2_after_election,4022,সেটা কোটায় না মেধায়?,সেটা কোটায় না মেধায়,1,0.5999839275267143
2 After Election,2_after_election,4023,আহ খাওন আর খাওন,আহ খাওন আর খাওন,4,0.5499089191920584
2 After Election,2_after_election,4024,খাঁ খাঁ,খাঁ খাঁ,0,0.2
2 After Election,2_after_election,4025,সমোজতার মাধ্যমে হোক,সমোজতার মাধ্যমে হোক,2,0.7310015598808869
2 After Election,2_after_election,4026,তাহলে আমি খাইতে পারবোনা,তাহলে আমি খাইতে পারবোনা,3,0.7311822044077807
2 After Election,2_after_election,4027,না ঠিক আছে আপনারাই খান,না ঠিক আছে আপনারাই খান,0,0.5496449956440084
2 After Election,2_after_election,4028,টেম্পু ইস্টান,টেম্পু ইস্টান,0,0.2
2 After Election,2_after_election,4029,এতো বড় পেট,এতো বড় পেট,1,0.4035355078155883
2 After Election,2_after_election,4030,ভালো ডিসিশন।,ভালো ডিসিশন,4,0.5955830014132845
2 After Election,2_after_election,4031,এহল আসল কথা,এহল আসল কথা,3,0.596996542856776
2 After Election,2_after_election,4032,যেমন কর্ম তেমন ফল।,যেমন কর্ম তেমন ফল,0,0.7968739821606929
2 After Election,2_after_election,4033,সমঝোতার সাথে খাইয়েন,সমঝোতার সাথে খাইয়েন,2,0.5999980169085755
2 After Election,2_after_election,4034,লাগারে লাগা,লাগারে লাগা,3,0.7333291492765448
2 After Election,2_after_election,4035,Tik ase,tik ase,3,0.598978467546122
2 After Election,2_after_election,4036,এটা নাকি বিএনপি দল,এটা নাকি বিএনপি দল,4,0.7967080126194706
2 After Election,2_after_election,4037,সুন্দর একটি সিদ্ধান্ত,সুন্দর একটি সিদ্ধান্ত,4,0.4000453281336351
2 After Election,2_after_election,4038,তাহলে আমি কোনটা ভাগ পাবো,তাহলে আমি কোনটা ভাগ পাবো,0,0.41744102605480926
2 After Election,2_after_election,4039,ওয়াও খাও খাও।,ওয়াও খাও খাও,1,0.7984935811638371
2 After Election,2_after_election,4040,আস্তাগফিরুল্লাহ,আস্তাগফিরুল্লাহ,1,0.5999849677129026
2 After Election,2_after_election,4041,ভাইয়া বলে কি,ভাইয়া বলে কি,2,0.3997708203895838
2 After Election,2_after_election,4042,জি,জি,4,0.5999896792473349
2 After Election,2_after_election,4043,ওকে,ওকে,0,0.5973697325658205
2 After Election,2_after_election,4044,আর টয়লেট কে খাবে?,আর টয়লেট কে খাবে,3,0.7333287127941184
2 After Election,2_after_election,4045,Kn,kn,0,0.2
2 After Election,2_after_election,4046,আচ্ছা ঠিক আছে,আচ্ছা ঠিক আছে,1,0.40010762820797613
2 After Election,2_after_election,4047,নৈতিকতা নিদারুণ অবক্ষয়,নৈতিকতা নিদারুণ অবক্ষয়,0,0.2
2 After Election,2_after_election,4048,উচিৎ কথা কইছে,উচিৎ কথা কইছে,4,0.5999897764278493
2 After Election,2_after_election,4049,খাইয়া মইরা দেখ কি হয়!!,খাইয়া মইরা দেখ কি হয়,4,0.5999791395654374
2 After Election,2_after_election,4050,গুড সময়ের সঠিক গাড়ত বারি খাওয়ার সিদ্ধান্ত,গুড সময়ের সঠিক গাড়ত বারি খাওয়ার সিদ্ধান্ত,4,0.6984135532946257
2 After Election,2_after_election,4051,টয়লেটও বাদ দিলেন না,টয়লেটও বাদ দিলেন না,1,0.7287908416616379
2 After Election,2_after_election,4052,লে হালুয়া,লে হালুয়া,3,0.7333274376123265
2 After Election,2_after_election,4053,পুরা দেশটাকেই খাইয়ালা....,পুরা দেশটাকেই খাইয়ালা,0,0.2
2 After Election,2_after_election,4054,ঠিক আছে বস,ঠিক আছে বস,1,0.7329571148364068
2 After Election,2_after_election,4055,আচ্ছা!,আচ্ছা,4,0.5999956900317628
2 After Election,2_after_election,4056,"""ঠিকই বলেছে সে,,,""",ঠিকই বলেছে সে,0,0.7976462351566282
2 After Election,2_after_election,4057,পাবলিক টয়লেট কে খাবে?,পাবলিক টয়লেট কে খাবে,3,0.7999952981356699
2 After Election,2_after_election,4058,কাম খতম,কাম খতম,0,0.5999955695014829
2 After Election,2_after_election,4059,জীবনে এ ছাড়া আর কি করতে পারবেন!!!,জীবনে এ ছাড়া আর কি করতে পারবেন,2,0.8380939560278986
2 After Election,2_after_election,4060,হালায় একদম ঠিক কতা কইছে,হালায় একদম ঠিক কতা কইছে,1,0.799937239188685
2 After Election,2_after_election,4061,বাহ্ কি সুন্দর বক্তব্য,বাহ্ কি সুন্দর বক্তব্য,1,0.7289243953387277
2 After Election,2_after_election,4062,হক কথা।,হক কথা,3,0.5999812997075225
2 After Election,2_after_election,4063,টয়লেট কে খাবে,টয়লেট কে খাবে,3,0.7333287127941184
2 After Election,2_after_election,4064,আইচ্ছা,আইচ্ছা,4,0.5988516065465248
2 After Election,2_after_election,4065,লগে গু গোবর সহ সব খা,লগে গু গোবর সহ সব খা,3,0.549852195768259
2 After Election,2_after_election,4066,"""আমি সহমত পোষণ করছি,,,""",আমি সহমত পোষণ করছি,2,0.7322512408645505
2 After Election,2_after_election,4067,লে হালুয়া,লে হালুয়া,3,0.7333274376123265
2 After Election,2_after_election,4068,সাব্বাশ,সাব্বাশ,1,0.5999903075159388
2 After Election,2_after_election,4069,খাও,খাও,1,0.5999961930108799
2 After Election,2_after_election,4070,এটা একটা রাজনৈতিক চাল হতে পারে,এটা একটা রাজনৈতিক চাল হতে পারে,3,0.7981121212011583
2 After Election,2_after_election,4071,শুরু হয়ে গেল নাকি ধরপাকর। ভারত সরকার কি মেসেজ দিতে চাচ্চেন বাংলাদেশের জনগনকে।,শুরু হয়ে গেল নাকি ধরপাকর ভারত সরকার কি মেসেজ দিতে চাচ্চেন বাংলাদেশের জনগনকে,4,0.9090059471965087
2 After Election,2_after_election,4072,নিজ নাগরিকদের কেউ এভাবে গ্রেফতার করে?,নিজ নাগরিকদের কেউ এভাবে গ্রেফতার করে,2,0.4437065406866756
2 After Election,2_after_election,4073,খেলা শুরু এভাবেই চলবে,খেলা শুরু এভাবেই চলবে,1,0.5316460531913635
2 After Election,2_after_election,4074,বাংলাদেশ ক্রিকেট টিম ভারতে না যাওয়াই কি তাদের অপরাধ?,বাংলাদেশ ক্রিকেট টিম ভারতে না যাওয়াই কি তাদের অপরাধ,2,0.7316896505419952
2 After Election,2_after_election,4075,থেরাপি দেয়া হোক.!,থেরাপি দেয়া হোক,2,0.7986215493142209
2 After Election,2_after_election,4076,আওয়ামী লীগ ভারত গ্রেফতার হবে? এটা মিছা কথা।,আওয়ামী লীগ ভারত গ্রেফতার হবে এটা মিছা কথা,1,0.8386169551730372
2 After Election,2_after_election,4077,সাবাস,সাবাস,0,0.5999879871197279
2 After Election,2_after_election,4078,"""এটা মিথ্যা খবর,,""",এটা মিথ্যা খবর,3,0.4001994774586362
2 After Election,2_after_election,4079,What a drama!!!,what a drama,0,0.2
2 After Election,2_after_election,4080,Pida halago....,pida halago,0,0.2
2 After Election,2_after_election,4081,এত সেইফ ছিল। এখন দেখা যাবে ?,এত সেইফ ছিল এখন দেখা যাবে,1,0.7980475620150692
2 After Election,2_after_election,4082,কলিকাতায় ও শুরু করেছে গ্রেপ্তার।,কলিকাতায় ও শুরু করেছে গ্রেপ্তার,0,0.39963537296252594
2 After Election,2_after_election,4083,এখন তো মাএ শুরু খেলা খালি দেখবা যত স্বার্থ ছিল তোত আওয়ামী লীগ কে ব্যবহার করছে এখন আওয়ামী লীগ খমতায় নাই এখন আর আওয়ামী লী…,এখন তো মাএ শুরু খেলা খালি দেখবা যত স্বার্থ ছিল তোত আওয়ামী লীগ কে ব্যবহার করছে এখন আওয়ামী লীগ খমতায় নাই এখন আর আওয়ামী লী,1,0.7455690199859432
2 After Election,2_after_election,4084,সবাই ধোকাবাজ,সবাই ধোকাবাজ,0,0.5945969598925219
2 After Election,2_after_election,4085,কলকাতা ও যদি জায়গা না হয় তো কই যাবে,কলকাতা ও যদি জায়গা না হয় তো কই যাবে,4,0.7992198172359652
2 After Election,2_after_election,4086,ভালো সংবাদেই কেন সবথেকে বেশি মানুষ হা হা দেয়! বুঝিনা ব্যাপারটা,ভালো সংবাদেই কেন সবথেকে বেশি মানুষ হা হা দেয় বুঝিনা ব্যাপারটা,1,0.9097621153028665
2 After Election,2_after_election,4087,------- যোগ্যতা বিষয় না …,যোগ্যতা বিষয় না,4,0.7328866818888319
2 After Election,2_after_election,4088,ফুলের তোড়া দিতে আর ধাক্কা ধাক্কির প্রয়োজন নেই!,ফুলের তোড়া দিতে আর ধাক্কা ধাক্কির প্রয়োজন নেই,3,0.798098085574957
2 After Election,2_after_election,4089,দেশের হোগাম্রা শেষ...,দেশের হোগাম্রা শেষ,3,0.7330446802104125
2 After Election,2_after_election,4090,নিশ্চয়ই কেয়ামতের আগে অযোগ্য মানুষ বড় বড় সিংহাসনে বসবে। এতে হতাশ হওয়ার কিছুই নেই ভাই।,নিশ্চয়ই কেয়ামতের আগে অযোগ্য মানুষ বড় বড় সিংহাসনে বসবে এতে হতাশ হওয়ার কিছুই নেই ভাই,3,0.6590739360175393
2 After Election,2_after_election,4091,ভাই এর নামটা মুক্তিযোদ্ধা লিস্টে দেওয়া যায় না,ভাই এর নামটা মুক্তিযোদ্ধা লিস্টে দেওয়া যায় না,4,0.48781822064181146
2 After Election,2_after_election,4092,আর মানুষ পাইলো না,আর মানুষ পাইলো না,4,0.7318098025406438
2 After Election,2_after_election,4093,ভাই ধাক্কা ধাক্কি আবার কবে করবেন?,ভাই ধাক্কা ধাক্কি আবার কবে করবেন,2,0.7980344604181059
2 After Election,2_after_election,4094,Halr po ala,halr po ala,0,0.2
2 After Election,2_after_election,4095,Klk dekben oni onar bap ma pola meya sob muktijoddha,klk dekben oni onar bap ma pola meya sob muktijoddha,0,0.7330833695256818
2 After Election,2_after_election,4096,Khaiya diche re muktijuddhare,khaiya diche re muktijuddhare,1,0.5999948127735404
2 After Election,2_after_election,4097,দেশের বারোটা বাজাইবে,দেশের বারোটা বাজাইবে,3,0.732477138307657
2 After Election,2_after_election,4098,সবাই সাপোর্ট করবেন প্লিজ লাইক ফলো দিয়ে পাশে থাকবেন ধন্যবাদ সবাইকে,সবাই সাপোর্ট করবেন প্লিজ লাইক ফলো দিয়ে পাশে থাকবেন ধন্যবাদ সবাইকে,0,0.9193098105967489
2 After Election,2_after_election,4099,Des ta ses,des ta ses,4,0.598758720425663
2 After Election,2_after_election,4100,তাকে যেনো কোনো মিডিয়ার সামনে না আনা হয় কারণ তার কথা শুনলে আমার হাঁপানি উঠে। …,তাকে যেনো কোনো মিডিয়ার সামনে না আনা হয় কারণ তার কথা শুনলে আমার হাঁপানি উঠে,4,0.508744877650275
2 After Election,2_after_election,4101,হেঁ*ডা,হেঁ ডা,0,0.2
2 After Election,2_after_election,4102,এখন এদেরকে এখন মুখস্থ করা লাগবে কারন ভাইবা বোডে এদের কে নিয়ে প্রশ্ন করা হবে,এখন এদেরকে এখন মুখস্থ করা লাগবে কারন ভাইবা বোডে এদের কে নিয়ে প্রশ্ন করা হবে,3,0.4993938033954991
2 After Election,2_after_election,4103,Congratulations,congratulations,3,0.5999819927647723
2 After Election,2_after_election,4104,এটা আসলে মানায়নি,এটা আসলে মানায়নি,3,0.5991821418699386
2 After Election,2_after_election,4105,যাত্রা শুভ হোক।,যাত্রা শুভ হোক,2,0.730877364828502
2 After Election,2_after_election,4106,অভিনন্দন জানাই আপনাকে।,অভিনন্দন জানাই আপনাকে,0,0.5163432534794529
2 After Election,2_after_election,4107,আসলে কি বলবো দুঃখের কথা। যে সমস্ত জায়গা যাদের দরকার সে সমস্ত জায়গায় তাদের দেওয়াদরকার।,আসলে কি বলবো দুঃখের কথা যে সমস্ত জায়গা যাদের দরকার সে সমস্ত জায়গায় তাদের দেওয়াদরকার,0,0.9185317162216976
2 After Election,2_after_election,4108,Adv Fazlur Rahman k kora uchit chilo Muktijoddho bishoyok montri.,adv fazlur rahman k kora uchit chilo muktijoddho bishoyok montri,1,0.8666640080612819
2 After Election,2_after_election,4109,ঘেরাও চলবে,ঘেরাও চলবে,4,0.7275910725327587
2 After Election,2_after_election,4110,নব্য আ.লীগের উত্তরাধিকার ভিত্তিক মুক্তিযুদ্ধার জন্ম হবে!,নব্য আ লীগের উত্তরাধিকার ভিত্তিক মুক্তিযুদ্ধার জন্ম হবে,1,0.39990550324903124
2 After Election,2_after_election,4111,বিষয়টা হচ্ছে কিছু না কিছু তো দিতেই হবে না হলে তো নিজে নিজেই বা মন্ত্রী হয়ে যাবে,বিষয়টা হচ্ছে কিছু না কিছু তো দিতেই হবে না হলে তো নিজে নিজেই বা মন্ত্রী হয়ে যাবে,4,0.8992170477897459
2 After Election,2_after_election,4112,উস্তাদ,উস্তাদ,0,0.2
2 After Election,2_after_election,4113,মালঞ্চি,মালঞ্চি,0,0.2
2 After Election,2_after_election,4114,"""হইছে, এইবার পুরাদমে স্বাধীনতার চেতনা পাইকারী হারে বিক্রি হবে।""",হইছে এইবার পুরাদমে স্বাধীনতার চেতনা পাইকারী হারে বিক্রি হবে,4,0.8655243568948968
2 After Election,2_after_election,4115,মেয়র সাহেব,মেয়র সাহেব,3,0.7288033207171029
2 After Election,2_after_election,4116,খেলার সময় বাচ্চাদের দুধভাত করে রাখার যে ব্যাপারটা,খেলার সময় বাচ্চাদের দুধভাত করে রাখার যে ব্যাপারটা,1,0.43948388342080563
2 After Election,2_after_election,4117,ঘেরাও কমিটির প্রধান,ঘেরাও কমিটির প্রধান,4,0.7333289425751126
2 After Election,2_after_election,4118,এসব কিয়া দেখতাহে,এসব কিয়া দেখতাহে,4,0.5960225786047693
2 After Election,2_after_election,4119,ঘেরাও উপদেষ্টা ।,ঘেরাও উপদেষ্টা,4,0.5999969659578732
2 After Election,2_after_election,4120,Chor rey churi korar pod disey,chor rey churi korar pod disey,1,0.5999882809745468
2 After Election,2_after_election,4121,Does he know anything about liberation war????!,does he know anything about liberation war,0,0.2
2 After Election,2_after_election,4122,কাউকে খাওন থেকে দূরে রাখা যাবে না,কাউকে খাওন থেকে দূরে রাখা যাবে না,4,0.83930592498778
2 After Election,2_after_election,4123,অথচ প্রশ্ন করেন ৭ জন বীরশ্রেষ্ঠের নাম কি তার উত্তর কি দেয় দেখেন৷,অথচ প্রশ্ন করেন জন বীরশ্রেষ্ঠের নাম কি তার উত্তর কি দেয় দেখেন৷,3,0.8641740150407617
2 After Election,2_after_election,4124,৭১ সালের সেক্টর কমান্ডার ছিল মনে হয়।,সালের সেক্টর কমান্ডার ছিল মনে হয়,0,0.7320779107055347
2 After Election,2_after_election,4125,এটা হওয়ার কথা ছিল ভাগ্য ভাল হলে সে তার নাম মুক্তিযুদ্ধের কোনো এক সেক্টরে লিখে নিবে,এটা হওয়ার কথা ছিল ভাগ্য ভাল হলে সে তার নাম মুক্তিযুদ্ধের কোনো এক সেক্টরে লিখে নিবে,0,0.6273133149301604
2 After Election,2_after_election,4126,নগর ড্যান্ডি এইবার স্বাধীনতার বারোটা বাজাবে,নগর ড্যান্ডি এইবার স্বাধীনতার বারোটা বাজাবে,4,0.8374322214478688
2 After Election,2_after_election,4127,ইনকাম শুরু,ইনকাম শুরু,1,0.5962554711791811
2 After Election,2_after_election,4128,জয় বাংলা,জয় বাংলা,4,0.7298342207840066
2 After Election,2_after_election,4129,"""কাম সারছে মন্ত্রণালয় আর মন্ত্রণালয় থাকবে না, হবে হজবরল""",কাম সারছে মন্ত্রণালয় আর মন্ত্রণালয় থাকবে না হবে হজবরল,4,0.6399977342303911
2 After Election,2_after_election,4130,"""Vai, hasar ki hoylo bujlam na , badar ki rop nai , na Gon nai.bujlam na""",vai hasar ki hoylo bujlam na badar ki rop nai na gon nai bujlam na,1,0.911110425907089
2 After Election,2_after_election,4131,মেতর,মেতর,0,0.2
2 After Election,2_after_election,4132,হালা,হালা,1,0.5999880984659096
2 After Election,2_after_election,4133,এবার কাকে ঘেরাও দিবে?,এবার কাকে ঘেরাও দিবে,4,0.8371449501186039
2 After Election,2_after_election,4134,দেশের হোগা মারা শেষ,দেশের হোগা মারা শেষ,3,0.8399205748829167
2 After Election,2_after_election,4135,Chudse* re,chudse re,1,0.5999948127735404
2 After Election,2_after_election,4136,শুভ কামনা রইল,শুভ কামনা রইল,2,0.7329893459357888
2 After Election,2_after_election,4137,Take history porte bolen abar,take history porte bolen abar,0,0.5990594501514755
2 After Election,2_after_election,4138,মুক্তিযুদ্ধাকে দেওয়া উচিত ছিল,মুক্তিযুদ্ধাকে দেওয়া উচিত ছিল,2,0.7313524179546069
2 After Election,2_after_election,4139,Dhokkho manush bole Kotha,dhokkho manush bole kotha,1,0.5507665931323561
2 After Election,2_after_election,4140,এই মন্ত্রণালয়ের দায়িত্ব দেওয়া উচিত ছিল জনাব ফজলুর রহমানকে,এই মন্ত্রণালয়ের দায়িত্ব দেওয়া উচিত ছিল জনাব ফজলুর রহমানকে,2,0.5098477676761333
2 After Election,2_after_election,4141,ফজলুর রহমান কে প্রয়োজন ছিল,ফজলুর রহমান কে প্রয়োজন ছিল,3,0.7993194224873347
2 After Election,2_after_election,4142,উনাকে দরকার ছিলো যুব ও ক্রীড়া মন্ত্রণালয়।,উনাকে দরকার ছিলো যুব ও ক্রীড়া মন্ত্রণালয়,4,0.7984525051283142
2 After Election,2_after_election,4143,তোরা যে বিকৃত মাল বুঝা যায়,তোরা যে বিকৃত মাল বুঝা যায়,1,0.7285511958258608
2 After Election,2_after_election,4144,এর থেকে দেশ গোয়া মারা খাওয়ার জন্য প্রস্তুত,এর থেকে দেশ গোয়া মারা খাওয়ার জন্য প্রস্তুত,2,0.6465265259268265
2 After Election,2_after_election,4145,দেশের হোগাম্রা শেষ...,দেশের হোগাম্রা শেষ,3,0.7330446802104125
2 After Election,2_after_election,4146,যত বড় মূর্খ তত বড় নেতা,যত বড় মূর্খ তত বড় নেতা,3,0.6928295768414074
2 After Election,2_after_election,4147,জুলাই যুদ্ধাদের গোয়া মারা শেষ,জুলাই যুদ্ধাদের গোয়া মারা শেষ,3,0.44034739628785874
2 After Election,2_after_election,4148,হোগা মারা শেষ দেশের,হোগা মারা শেষ দেশের,3,0.8399205748829167
2 After Election,2_after_election,4149,Faltu akta montronaloy. Juddo ki akono roye gese je muktijuddo montronaloy takte hobe.,faltu akta montronaloy juddo ki akono roye gese je muktijuddo montronaloy takte hobe,1,0.7998884422106661
2 After Election,2_after_election,4150,এই গন্ড মুর্খ গুলোরে নাকি মন্ত্রী বলে ওয়াক থু,এই গন্ড মুর্খ গুলোরে নাকি মন্ত্রী বলে ওয়াক থু,4,0.797152765964231
2 After Election,2_after_election,4151,আফিল উদ্ অনিক এসব পাগল দেখতাহে প্রতিবন্ধী পাগল,আফিল উদ্ অনিক এসব পাগল দেখতাহে প্রতিবন্ধী পাগল,0,0.6229009674900173
2 After Election,2_after_election,4152,এরে দেখতে ভাইরাল হওয়া এক সমকামীর মতো,এরে দেখতে ভাইরাল হওয়া এক সমকামীর মতো,0,0.5897667274393701
2 After Election,2_after_election,4153,দেশের হোগা মারা শেষ,দেশের হোগা মারা শেষ,3,0.8399205748829167
2 After Election,2_after_election,4154,দেশের হোগা মারা শেষ,দেশের হোগা মারা শেষ,3,0.8399205748829167
2 After Election,2_after_election,4155,হের গলার আওয়াজ হাঁসা গলার মত লাগে। হে কি সংসদে যাওয়ার আগে লাল চা খাবে।,হের গলার আওয়াজ হাঁসা গলার মত লাগে হে কি সংসদে যাওয়ার আগে লাল চা খাবে,3,0.6419360280417532
2 After Election,2_after_election,4156,"""ফানি পোস্ট? উনার তো আবার ধাক্কানোর অভ্যাস, ধাক্কিয়ে পদ পেয়ে গেল, wwe দেখে মনে হয় রোজ""",ফানি পোস্ট উনার তো আবার ধাক্কানোর অভ্যাস ধাক্কিয়ে পদ পেয়ে গেল wwe দেখে মনে হয় রোজ,4,0.5518882459186465
2 After Election,2_after_election,4157,ওয় কি ঠিকমতো নিজের নাম নিজে লিখতে পারে তো?,ওয় কি ঠিকমতো নিজের নাম নিজে লিখতে পারে তো,3,0.4917927890228219
2 After Election,2_after_election,4158,কোনাই মেরে একাত্তরের চেতনাকে শেষ করে দেওয়ার জন্য এই মন্ত্রী যথেষ্ট,কোনাই মেরে একাত্তরের চেতনাকে শেষ করে দেওয়ার জন্য এই মন্ত্রী যথেষ্ট,4,0.4584204492888694
2 After Election,2_after_election,4159,হোগা মারা শেষ,হোগা মারা শেষ,3,0.7999987773861137
2 After Election,2_after_election,4160,জাতির জন্য লজ্জার বিষয় এরকম মানুষের কাছ থেকেও মুক্তিযুদ্ধ সম্পর্কে জানতে হবে,জাতির জন্য লজ্জার বিষয় এরকম মানুষের কাছ থেকেও মুক্তিযুদ্ধ সম্পর্কে জানতে হবে,4,0.9102036161932786
2 After Election,2_after_election,4161,boka choda sala,boka choda sala,1,0.5999904261122844
2 After Election,2_after_election,4162,মুক্তিযোদ্ধাদের গোয়া মারছে এইবার,মুক্তিযোদ্ধাদের গোয়া মারছে এইবার,0,0.7992446816315351
2 After Election,2_after_election,4163,এবার তারেক রহমানের মেয়ে মুক্তিযোদ্ধ হয়ে যাবে,এবার তারেক রহমানের মেয়ে মুক্তিযোদ্ধ হয়ে যাবে,4,0.46940923856990435
2 After Election,2_after_election,4164,"""বেডা যেইভাবে যুদ্ধ করে জিয়ার কবরে সবার সামনে জায়গা করে নিছে,এতে করে এই পদ দেওয়াটাই স্বাভাবিক""",বেডা যেইভাবে যুদ্ধ করে জিয়ার কবরে সবার সামনে জায়গা করে নিছে এতে করে এই পদ দেওয়াটাই স্বাভাবিক,0,0.5827243434946651
2 After Election,2_after_election,4165,সে তো ব্যারিস্টার পাস করে দেশে আসছে মুক্তিযোদ্ধা মন্ত্রী পদে দায়িত্ব পালন করবে কিভাব পরা তো টাকা টুকা সবকিছুই লুট করে খাবে,সে তো ব্যারিস্টার পাস করে দেশে আসছে মুক্তিযোদ্ধা মন্ত্রী পদে দায়িত্ব পালন করবে কিভাব পরা তো টাকা টুকা সবকিছুই লুট করে খাবে,3,0.6754854608482249
2 After Election,2_after_election,4166,লেইট প্রতিমন্ত্রী,লেইট প্রতিমন্ত্রী,1,0.5990354206362125
2 After Election,2_after_election,4167,ভোট চোর,ভোট চোর,4,0.7287987528901914
2 After Election,2_after_election,4168,টাহি পোলাপান এগুলো,টাহি পোলাপান এগুলো,3,0.3990004042888626
2 After Election,2_after_election,4169,দুচে দিয়েছে ভাগিনারে,দুচে দিয়েছে ভাগিনারে,0,0.5993043541135398
2 After Election,2_after_election,4170,Awesome! Congratulations!!,awesome congratulations,3,0.5999819927647723
2 After Election,2_after_election,4171,ঠিক,ঠিক,1,0.5999994521830625
2 After Election,2_after_election,4172,কি দরকার,কি দরকার,0,0.5958214982618467
2 After Election,2_after_election,4173,তাহলে বলিস না তাহলেই চলে,তাহলে বলিস না তাহলেই চলে,4,0.7295523963683719
2 After Election,2_after_election,4174,ক্লিয়ার,ক্লিয়ার,1,0.5999851134430212
2 After Election,2_after_election,4175,ঠিক,ঠিক,1,0.5999994521830625
2 After Election,2_after_election,4176,কোটা নেতা,কোটা নেতা,1,0.5999988356006193
2 After Election,2_after_election,4177,Kotha boilo jail a,kotha boilo jail a,1,0.5999952222958105
2 After Election,2_after_election,4178,দরকার নেই,দরকার নেই,0,0.5958214982618467
2 After Election,2_after_election,4179,R kotha bolis na tora,r kotha bolis na tora,1,0.7333314508546225
2 After Election,2_after_election,4180,সংস্কার চাই,সংস্কার চাই,3,0.733323306969125
2 After Election,2_after_election,4181,দরকার নেই,দরকার নেই,0,0.5958214982618467
2 After Election,2_after_election,4182,ঠিক,ঠিক,1,0.5999994521830625
2 After Election,2_after_election,4183,শালা টোকাই,শালা টোকাই,3,0.5999935905445346
2 After Election,2_after_election,4184,ঠিক,ঠিক,1,0.5999994521830625
2 After Election,2_after_election,4185,Thik bolcen,thik bolcen,1,0.5999942578635252
2 After Election,2_after_election,4186,দূর্নীতিবাজদের সর্দার,দূর্নীতিবাজদের সর্দার,0,0.2
2 After Election,2_after_election,4187,তোমরা দুর্নীতি বন্ধ করে আগে নিজেরা সংস্কার তৈরি কর! দেশের সংস্কার নিয়ে বসে থাকলে হবে অমুক,তোমরা দুর্নীতি বন্ধ করে আগে নিজেরা সংস্কার তৈরি কর দেশের সংস্কার নিয়ে বসে থাকলে হবে অমুক,2,0.48749212737704767
2 After Election,2_after_election,4188,উনাকে আজিবন রাষ্ট্রপতি করে রাখার জোর দাবি জানাচ্ছি,উনাকে আজিবন রাষ্ট্রপতি করে রাখার জোর দাবি জানাচ্ছি,4,0.8833529652301911
2 After Election,2_after_election,4189,অনেকে চিল্লা চিল্লি করছিলো কিন্তু সবি তো i have Plan,অনেকে চিল্লা চিল্লি করছিলো কিন্তু সবি তো i have plan,0,0.4400204647978389
2 After Election,2_after_election,4190,ইয়েছ উদ্ ের মত কেউ হয়ত আসছে।,ইয়েছ উদ্ ের মত কেউ হয়ত আসছে,1,0.47198212466662437
2 After Election,2_after_election,4191,কে হতে যাচ্ছে সেই ভাগ্যবান ব্যাক্তি,কে হতে যাচ্ছে সেই ভাগ্যবান ব্যাক্তি,1,0.7309804253913286
2 After Election,2_after_election,4192,"""কেউ আইনি নোটিশ পাঠাতেই পারে, কিন্তু রাষ্ট্রপতি অপসারণের ক্ষমতা শুধু সংসদের হাতে। সংবিধান কী বলে সেটা আগে জানা দরকার।""",কেউ আইনি নোটিশ পাঠাতেই পারে কিন্তু রাষ্ট্রপতি অপসারণের ক্ষমতা শুধু সংসদের হাতে সংবিধান কী বলে সেটা আগে জানা দরকার,0,0.8338570521020341
2 After Election,2_after_election,4193,"""সাধারণ নাগরিক হিসেবে জানতে চাই, একাত্তরের মহান মুক্তিযুদ্ধ ও মুক্তিযোদ্ধাদের অস্বীকার বা অপমান করার ঘটনায় মান্যবর আইনজীবী সাহে…""",সাধারণ নাগরিক হিসেবে জানতে চাই একাত্তরের মহান মুক্তিযুদ্ধ ও মুক্তিযোদ্ধাদের অস্বীকার বা অপমান করার ঘটনায় মান্যবর আইনজীবী সাহে,2,0.6277913522875748
2 After Election,2_after_election,4194,"""ওনি যখন শপথ নিয়েছে, তখন তো জুলাই ছিলো না,""",ওনি যখন শপথ নিয়েছে তখন তো জুলাই ছিলো না,0,0.836211005696922
2 After Election,2_after_election,4195,চাটাচাটি করে লাভ হলো কই,চাটাচাটি করে লাভ হলো কই,1,0.6401582147487888
2 After Election,2_after_election,4196,আম ছালা সব গেল তাহলে,আম ছালা সব গেল তাহলে,4,0.731990690300566
2 After Election,2_after_election,4197,ডক্টর ইউনুসকে নতুন রাষ্ট্রপতি বানানো হোক।,ডক্টর ইউনুসকে নতুন রাষ্ট্রপতি বানানো হোক,3,0.8846194145632443
2 After Election,2_after_election,4198,চেটে নয় খেটে খাও,চেটে নয় খেটে খাও,1,0.3002653665239927
2 After Election,2_after_election,4199,তাকে অতিদ্রুত সরিয়ে ফেলেন,তাকে অতিদ্রুত সরিয়ে ফেলেন,4,0.7333242835055661
2 After Election,2_after_election,4200,সঠিক সিদ্ধান্ত,সঠিক সিদ্ধান্ত,4,0.7333318549407353
2 After Election,2_after_election,4201,সঠিক সিদ্ধান্ত,সঠিক সিদ্ধান্ত,4,0.7333318549407353
2 After Election,2_after_election,4202,Ahare jala ontore jala,ahare jala ontore jala,1,0.5999927902562359
2 After Election,2_after_election,4203,অতিরিক্ত বেশি চাটার কারণে তারেকের পায়ের চামড়া ক্ষতিগ্রস্ত হয়েছে সেজন্য অপসারণ,অতিরিক্ত বেশি চাটার কারণে তারেকের পায়ের চামড়া ক্ষতিগ্রস্ত হয়েছে সেজন্য অপসারণ,4,0.5348207515809259
2 After Election,2_after_election,4204,Alhamdulillah,alhamdulillah,0,0.5999964449648353
2 After Election,2_after_election,4205,Ahare chuppu,ahare chuppu,1,0.5999927902562359
2 After Election,2_after_election,4206,Ahare,ahare,1,0.5999927902562359
2 After Election,2_after_election,4207,অবশ্যই নতুন রাষ্ট্রপতি দেশেএখনই প্রয়োজন।,অবশ্যই নতুন রাষ্ট্রপতি দেশেএখনই প্রয়োজন,3,0.8390091743653235
2 After Election,2_after_election,4208,শেষে তেল বাজী করে লাভ হলো না কাকা শুধু শুধু ইমেজটা নষ্ট করে দিলেন।,শেষে তেল বাজী করে লাভ হলো না কাকা শুধু শুধু ইমেজটা নষ্ট করে দিলেন,1,0.8990500308358573
2 After Election,2_after_election,4209,না কেনো ওনাকে রেখে দিক নতুন সরকারে খুব ভালো মানুষ!,না কেনো ওনাকে রেখে দিক নতুন সরকারে খুব ভালো মানুষ,3,0.3299279834734599
2 After Election,2_after_election,4210,কলম ছাড়া রাষ্ট্রপতি,কলম ছাড়া রাষ্ট্রপতি,2,0.39890988958903145
2 After Election,2_after_election,4211,সঠিক সিদ্ধান্ত,সঠিক সিদ্ধান্ত,4,0.7333318549407353
2 After Election,2_after_election,4212,চাটা চাটির শেষ।,চাটা চাটির শেষ,3,0.4000931871744463
2 After Election,2_after_election,4213,লাভ নেই,লাভ নেই,1,0.5999990255264417
2 After Election,2_after_election,4214,খন্দকার মোশাররফ কুমিল্লা ১ এটাই হয়তো প্যালান…,খন্দকার মোশাররফ কুমিল্লা এটাই হয়তো প্যালান,3,0.7324699927844165
2 After Election,2_after_election,4215,Onake July jadughore rakhar jor dabi janacchi,onake july jadughore rakhar jor dabi janacchi,1,0.5992450009016773
2 After Election,2_after_election,4216,Ahare,ahare,1,0.5999927902562359
2 After Election,2_after_election,4217,BNP er eto Mood swing hoy ken,bnp er eto mood swing hoy ken,1,0.8393792374437096
2 After Election,2_after_election,4218,Uchit kaj,uchit kaj,1,0.5999883877541137
2 After Election,2_after_election,4219,আহা রে সোনাগো আমার খুউব কষ্ট বলো,আহা রে সোনাগো আমার খুউব কষ্ট বলো,2,0.5497243349598953
2 After Election,2_after_election,4220,"""আইনি নোটিশে রাষ্ট্রপতি অপসারণ হাস‍্যকর, সংবিধান অনুযায়ী সব কিছু হবে। বর্তমান সরকারের সংসদ অধীবেশনে সংসদ সদস্যরা ইচ্ছে করলেই বর…""",আইনি নোটিশে রাষ্ট্রপতি অপসারণ হাস্যকর সংবিধান অনুযায়ী সব কিছু হবে বর্তমান সরকারের সংসদ অধীবেশনে সংসদ সদস্যরা ইচ্ছে করলেই বর,0,0.791422438154994
2 After Election,2_after_election,4221,খাইরুল ইসলাম,খাইরুল ইসলাম,0,0.5999937305928508
2 After Election,2_after_election,4222,চাটলে নাকি প্রমোশন হয় এখন দেখি ডিমোশন হয়েছে,চাটলে নাকি প্রমোশন হয় এখন দেখি ডিমোশন হয়েছে,3,0.73194222704371
2 After Election,2_after_election,4223,রাস্ট্রপতি গভর্নর নারে,রাস্ট্রপতি গভর্নর নারে,3,0.5983011748427386
2 After Election,2_after_election,4224,এরে ঝাড়ুর মালা দিয়ে বিদায় করা উচিত,এরে ঝাড়ুর মালা দিয়ে বিদায় করা উচিত,4,0.3545545853173173
2 After Election,2_after_election,4225,আই বেইগুন,আই বেইগুন,2,0.5999784484050872
2 After Election,2_after_election,4226,কুফা মুক্ত হওয়ার চেষ্টা,কুফা মুক্ত হওয়ার চেষ্টা,2,0.7983990047440446
2 After Election,2_after_election,4227,Morgi shariyar Rajakarta?,morgi shariyar rajakarta,0,0.2
2 After Election,2_after_election,4228,নাইস এন্ড এট্রাকটিভ।,নাইস এন্ড এট্রাকটিভ,0,0.2
2 After Election,2_after_election,4229,জাউরা শাহরিয়ার,জাউরা শাহরিয়ার,0,0.5999970664816414
2 After Election,2_after_election,4230,এবার চুপ্পু কাকার খবর আছে,এবার চুপ্পু কাকার খবর আছে,4,0.5494200369583131
2 After Election,2_after_election,4231,অপসারণ চাই।।,অপসারণ চাই,0,0.4003008510851065
2 After Election,2_after_election,4232,গুড এটাই কল্যানকর.,গুড এটাই কল্যানকর,1,0.7304447388082019
2 After Election,2_after_election,4233,Mamar barir abdar?ekdol esa bllo r hye glo?sob kcur ekta songbidhanik niom ase abal kttogula,mamar barir abdar ekdol esa bllo r hye glo sob kcur ekta songbidhanik niom ase abal kttogula,0,0.7273281017373541
2 After Election,2_after_election,4234,"""এ ক্যায়া হুয়া,ক্যাছে হুয়া""",এ ক্যায়া হুয়া ক্যাছে হুয়া,4,0.7333168564399585
2 After Election,2_after_election,4235,সঠিক সিদ্ধান্ত।,সঠিক সিদ্ধান্ত,4,0.7333318549407353
2 After Election,2_after_election,4236,শেষ চটাচটি করে কি লাভ করলো,শেষ চটাচটি করে কি লাভ করলো,3,0.5499538878968215
2 After Election,2_after_election,4237,Le haluya,le haluya,0,0.2
2 After Election,2_after_election,4238,জুলাইতে নাকি বাংলাদেশ জংগী হামলা হয়েছিল।,জুলাইতে নাকি বাংলাদেশ জংগী হামলা হয়েছিল,3,0.7948253755404081
2 After Election,2_after_election,4239,সবার আগে ভারত,সবার আগে ভারত,1,0.5945436035988033
2 After Election,2_after_election,4240,ওরে চাটাচাটি! কি লাভ হইলো চুপ্পু সাহেব?,ওরে চাটাচাটি কি লাভ হইলো চুপ্পু সাহেব,1,0.4573290701919419
2 After Election,2_after_election,4241,"""চাটাচাটি করে লাভ হলো কি ,আই হ্যাভ এ প্ল্যান এর খেলা।""",চাটাচাটি করে লাভ হলো কি আই হ্যাভ এ প্ল্যান এর খেলা,1,0.45908395755839565
2 After Election,2_after_election,4242,kutta Shahriar,kutta shahriar,0,0.2
2 After Election,2_after_election,4243,Allhamduulillaha,allhamduulillaha,0,0.2
2 After Election,2_after_election,4244,পারফেক্ট,পারফেক্ট,0,0.2
2 After Election,2_after_election,4245,Next president amake appoint korleo parten,next president amake appoint korleo parten,1,0.5999852745674155
2 After Election,2_after_election,4246,Gaza ki free paoa jache naki Bangladesh a,gaza ki free paoa jache naki bangladesh a,1,0.5501570033374112
2 After Election,2_after_election,4247,অতি দ্রুত অপসারণ করা হোক,অতি দ্রুত অপসারণ করা হোক,4,0.8371755173087009
2 After Election,2_after_election,4248,I will be Next president,i will be next president,1,0.5999852745674155
2 After Election,2_after_election,4249,Tara tarii,tara tarii,0,0.2
2 After Election,2_after_election,4250,Amake Tarek Rahman klk call dice Ami new President,amake tarek rahman klk call dice ami new president,1,0.8663545134239403
2 After Election,2_after_election,4251,"""Alhamdulillah,,, জনতা খেপে আছে""",alhamdulillah জনতা খেপে আছে,0,0.40069323634582915
2 After Election,2_after_election,4252,"""আপাতত ভালো সিদ্ধান্ত, দেখা যাক এরপর কে আসে।""",আপাতত ভালো সিদ্ধান্ত দেখা যাক এরপর কে আসে,4,0.5717460199302937
2 After Election,2_after_election,4253,"""হেতে আর কয় খাইতে চাইছিল, কিন্তু এতো ডিস্টার্ব করেন কেন""",হেতে আর কয় খাইতে চাইছিল কিন্তু এতো ডিস্টার্ব করেন কেন,3,0.5283923256828699
2 After Election,2_after_election,4254,Chuppu ei chuppu,chuppu ei chuppu,1,0.599244669421891
2 After Election,2_after_election,4255,"""Uncle president pod teke soriye somporti, bank account jobdoh kore justice kora houk immediately""",uncle president pod teke soriye somporti bank account jobdoh kore justice kora houk immediately,1,0.7999958153321317
2 After Election,2_after_election,4256,"""ব্যারিস্টার শাহরিয়ার দিছে , আইনি নোটিস সাংবাদিক হচ্ছে শুক্রাণুর মত লাখে একটা ভালো হয়""",ব্যারিস্টার শাহরিয়ার দিছে আইনি নোটিস সাংবাদিক হচ্ছে শুক্রাণুর মত লাখে একটা ভালো হয়,0,0.7850605663543163
2 After Election,2_after_election,4257,"""এটাতো bnp র ইচ্ছার উপরে নির্ভরশীল, আইনি নোটিশ কেন""",এটাতো bnp র ইচ্ছার উপরে নির্ভরশীল আইনি নোটিশ কেন,0,0.6393702932358322
2 After Election,2_after_election,4258,Chudling pong,chudling pong,0,0.2
2 After Election,2_after_election,4259,আলহামদুলিল্লাহ আশা রাখি খুব তাড়াতাড়ি কার্যকর হবে,আলহামদুলিল্লাহ আশা রাখি খুব তাড়াতাড়ি কার্যকর হবে,2,0.7977219595609505
2 After Election,2_after_election,4260,72 সংবিধান বহাল থাকা অবস্থায় রাষ্ট্রপতির বিরুদ্ধে আইনি নোটিশ পাঠিয়ে অপসারণ । রাষ্ট্রপতি ইচ্ছা করলে রাজনৈতিক ঝামেলা পাকিয়…,সংবিধান বহাল থাকা অবস্থায় রাষ্ট্রপতির বিরুদ্ধে আইনি নোটিশ পাঠিয়ে অপসারণ রাষ্ট্রপতি ইচ্ছা করলে রাজনৈতিক ঝামেলা পাকিয়,0,0.9326971432800363
2 After Election,2_after_election,4261,গুপ্পু,গুপ্পু,0,0.2
2 After Election,2_after_election,4262,এটি অনেক আগেই হওয়া উচিৎ ছিল।,এটি অনেক আগেই হওয়া উচিৎ ছিল,4,0.79966340502571
2 After Election,2_after_election,4263,জুলাই কি সংবিধানের অংশ ? আর জুলাই দিয়ে কি উনি মহামান্য রাষ্ট্রপতি হয়েছেন?,জুলাই কি সংবিধানের অংশ আর জুলাই দিয়ে কি উনি মহামান্য রাষ্ট্রপতি হয়েছেন,0,0.9102656767451273
2 After Election,2_after_election,4264,ইট উডবি ড.ইউনুস।,ইট উডবি ড ইউনুস,3,0.5999970275472892
2 After Election,2_after_election,4265,এবার ঠিক আছে,এবার ঠিক আছে,1,0.40005930663287576
2 After Election,2_after_election,4266,Chudlikpong des ar manus aintar opakkhi chilo…,chudlikpong des ar manus aintar opakkhi chilo,1,0.7333281413889411
2 After Election,2_after_election,4267,ahare,ahare,1,0.5999927902562359
2 After Election,2_after_election,4268,আবার ইউনুস ষার কে আইনেন না,আবার ইউনুস ষার কে আইনেন না,3,0.40002075335258974
2 After Election,2_after_election,4269,এসব আইনজীবী এবং খবর যারা ছড়ািয়ে দেশকে অস্থিতিশীল করতে চায় তাদের নামে দেশোদ্রোহী মামলা করা দরকার।,এসব আইনজীবী এবং খবর যারা ছড়ািয়ে দেশকে অস্থিতিশীল করতে চায় তাদের নামে দেশোদ্রোহী মামলা করা দরকার,0,0.47428742200670154
2 After Election,2_after_election,4270,অপসারণ চাই,অপসারণ চাই,0,0.4003008510851065
2 After Election,2_after_election,4271,চাটাচাটি করে ও ফায়দা হলো না,চাটাচাটি করে ও ফায়দা হলো না,1,0.7330818095730578
2 After Election,2_after_election,4272,গুজব,গুজব,2,0.5999954771296074
2 After Election,2_after_election,4273,Alhamdullah,alhamdullah,0,0.2
2 After Election,2_after_election,4274,যে জুলাই মানুষ শ্রদ্বাভরে স্মরন করে কিছু মানুষ বা গোষ্ঠী জুলাই কে তাদের নোংরামি ও স্বার্থ হসিলের হাতিয়ার বানানোর কারনে সে জুল…,যে জুলাই মানুষ শ্রদ্বাভরে স্মরন করে কিছু মানুষ বা গোষ্ঠী জুলাই কে তাদের নোংরামি ও স্বার্থ হসিলের হাতিয়ার বানানোর কারনে সে জুল,4,0.8847063461972883
2 After Election,2_after_election,4275,শাহরিয়ার সাহেব এর মানষিক চিকিৎসা সকল খরচ বহন করা উচিত রাষ্ট্রর,শাহরিয়ার সাহেব এর মানষিক চিকিৎসা সকল খরচ বহন করা উচিত রাষ্ট্রর,0,0.5114018190922793
2 After Election,2_after_election,4276,Alhamdulillah,alhamdulillah,0,0.5999964449648353
2 After Election,2_after_election,4277,আহারে! তেলবাজি করেও শেষ রক্ষা হলোনা কিন্তু রাষ্ট্রপতিকে অপসারণ ততক্ষণ করা যাবেনা যতক্ষণ সংসদ অধিবেশন না বসে,আহারে তেলবাজি করেও শেষ রক্ষা হলোনা কিন্তু রাষ্ট্রপতিকে অপসারণ ততক্ষণ করা যাবেনা যতক্ষণ সংসদ অধিবেশন না বসে,1,0.42192316114385714
2 After Election,2_after_election,4278,বাংলাদেশের সংবিধান অনুযায়ী রাষ্ট্রপতি হলো সকল আইনের ঊর্ধ্বে সুতরাং কে কি নোটিশ পাঠালো তাতে কোন কিছুই যায় আসবে না!,বাংলাদেশের সংবিধান অনুযায়ী রাষ্ট্রপতি হলো সকল আইনের ঊর্ধ্বে সুতরাং কে কি নোটিশ পাঠালো তাতে কোন কিছুই যায় আসবে না,0,0.7861246448926609
2 After Election,2_after_election,4279,Kmne ki atto oiling dilo tao BNP rakhbena.. Mene nite parsinaaaa,kmne ki atto oiling dilo tao bnp rakhbena mene nite parsinaaaa,1,0.799997837657347
2 After Election,2_after_election,4280,রাষ্ট্রপতির উচিত রাষ্ট্রদ্রোহ মামলা করা,রাষ্ট্রপতির উচিত রাষ্ট্রদ্রোহ মামলা করা,2,0.7980903935835048
2 After Election,2_after_election,4281,ভেরি গুড,ভেরি গুড,1,0.5999935334448773
2 After Election,2_after_election,4282,কি দরকার ছিল এক মাছতুত ভাই কে সরানোর ।,কি দরকার ছিল এক মাছতুত ভাই কে সরানোর,0,0.5480789350020003
2 After Election,2_after_election,4283,জন রায়ের সংসদ সদস্যরা শাহাবুদ্ চপ্পুকে অপসারণ করবে কিংবা রাখবে সেটা তাদের এখতিয়ার। এখানে আবার আইনি নোটিশ কিসের।,জন রায়ের সংসদ সদস্যরা শাহাবুদ্ চপ্পুকে অপসারণ করবে কিংবা রাখবে সেটা তাদের এখতিয়ার এখানে আবার আইনি নোটিশ কিসের,0,0.9323528331471058
2 After Election,2_after_election,4284,Jonorose pore anek kico bodlabe...R Dellir dalali Jara korce chea chea dekbe...Delli na Dhaka.....Dhaka ..Dhaka....,jonorose pore anek kico bodlabe r dellir dalali jara korce chea chea dekbe delli na dhaka dhaka dhaka,1,0.733329438504515
2 After Election,2_after_election,4285,কিন্তু কেনো সে তো চাটাচাটি কেবল শুরু করছে আরেটু তেল মেরে চাটার সুযোগ দেওয়া হোক,কিন্তু কেনো সে তো চাটাচাটি কেবল শুরু করছে আরেটু তেল মেরে চাটার সুযোগ দেওয়া হোক,1,0.6036378842269362
2 After Election,2_after_election,4286,মধু হই হই আরে বিষ হাওইলা…..,মধু হই হই আরে বিষ হাওইলা,2,0.44011712452194973
2 After Election,2_after_election,4287,It's very good discussion,it s very good discussion,0,0.731878644818803
2 After Election,2_after_election,4288,A Great decision,a great decision,4,0.5999833256348186
2 After Election,2_after_election,4289,উনি তো জুলাই সংবিধানে শপথ নেন নাই,উনি তো জুলাই সংবিধানে শপথ নেন নাই,4,0.8828618488322815
2 After Election,2_after_election,4290,ঐ আইন ব্যবসায়ীকেই আইনের আওতা আনা খুব জরুরী।উনি নাম কিনতে চাচ্ছেন ? উনি কি জানেন না রাষ্ট্রপতি ক্ষমতাশীন থাকা অবস্থায় তাঁর ব…,ঐ আইন ব্যবসায়ীকেই আইনের আওতা আনা খুব জরুরী উনি নাম কিনতে চাচ্ছেন উনি কি জানেন না রাষ্ট্রপতি ক্ষমতাশীন থাকা অবস্থায় তাঁর ব,0,0.5382053356861077
2 After Election,2_after_election,4291,আইনি নোটিশ দিয়ে রাষ্ট্রপতি হটানো যায়?,আইনি নোটিশ দিয়ে রাষ্ট্রপতি হটানো যায়,0,0.7992017856307229
2 After Election,2_after_election,4292,ব্যারিস্টার বিড়ি শাহারিয়ার,ব্যারিস্টার বিড়ি শাহারিয়ার,0,0.40163944652334693
2 After Election,2_after_election,4293,Alhumdulillah,alhumdulillah,0,0.2
2 After Election,2_after_election,4294,জরুরী ভিত্তিতে গ্রেফতার করার জন্য জোর সুপারিশ করছি।,জরুরী ভিত্তিতে গ্রেফতার করার জন্য জোর সুপারিশ করছি,2,0.884021522520234
2 After Election,2_after_election,4295,দেশপ্রেমী রাষ্ট্রপতি নিয়োগ দেওয়া হোক।,দেশপ্রেমী রাষ্ট্রপতি নিয়োগ দেওয়া হোক,3,0.5215321423849675
2 After Election,2_after_election,4296,"""আইনের নোটিশ দেওয়া লাগবে যখন সাধারণ মানুষ পতিবাদ করে তখন, এই রাষ্টপতির কাছেইত শপথ সহ নির্বাচন হয়েছে, তাহলেন এখন বাদ কেন, নাটক ক…""",আইনের নোটিশ দেওয়া লাগবে যখন সাধারণ মানুষ পতিবাদ করে তখন এই রাষ্টপতির কাছেইত শপথ সহ নির্বাচন হয়েছে তাহলেন এখন বাদ কেন নাটক ক,3,0.4754958270443339
2 After Election,2_after_election,4297,চাটাচাটি করে লাভ কি হলো,চাটাচাটি করে লাভ কি হলো,1,0.7998814992817763
2 After Election,2_after_election,4298,চুপ্পু আছে এখন চিপায়,চুপ্পু আছে এখন চিপায়,4,0.5999969187628166
2 After Election,2_after_election,4299,দালালি করে লাভ হইলো না কাকা,দালালি করে লাভ হইলো না কাকা,1,0.6410723585398753
2 After Election,2_after_election,4300,jome khir,jome khir,0,0.2
2 After Election,2_after_election,4301,এটা কোন আইন যে রাষ্ট্রপতি কে আইনি নোটিশ দেয়,এটা কোন আইন যে রাষ্ট্রপতি কে আইনি নোটিশ দেয়,0,0.8842877998808567
2 After Election,2_after_election,4302,আজ টিভিতে দেখলাম কক্সবাজার টেকনাফ এর ইয়াবা ব্যাবসায়ী বদি জামিন পাইলো কি করে? মনে হয় বাংলাদেশের ভবিষ্যৎ আরো অন্ধকারে পা দিতেছে।…,আজ টিভিতে দেখলাম কক্সবাজার টেকনাফ এর ইয়াবা ব্যাবসায়ী বদি জামিন পাইলো কি করে মনে হয় বাংলাদেশের ভবিষ্যৎ আরো অন্ধকারে পা দিতেছে,4,0.7886377301587039
2 After Election,2_after_election,4303,তারেক রহমানের.......পায়ে তেল মেরেও শেষ রক্ষা তাহলে আর হবে ন মনে হচ্ছে,তারেক রহমানের পায়ে তেল মেরেও শেষ রক্ষা তাহলে আর হবে ন মনে হচ্ছে,3,0.5101452932029463
2 After Election,2_after_election,4304,"""সঠিক সিদ্ধান্ত অনেক হয়েছে,,""",সঠিক সিদ্ধান্ত অনেক হয়েছে,4,0.7333318549407353
2 After Election,2_after_election,4305,ব্যালিষ্টার,ব্যালিষ্টার,0,0.2
2 After Election,2_after_election,4306,তৈল মাখনে তিনি কি তাহলে ব্যার্থ হল!,তৈল মাখনে তিনি কি তাহলে ব্যার্থ হল,1,0.7979059276987158
2 After Election,2_after_election,4307,ঠিক আছে এবার,ঠিক আছে এবার,1,0.40005930663287576
2 After Election,2_after_election,4308,এইডা হইলো কিছু এত তেল মারলো কাম এভাবে ক্ষতম করে দিল,এইডা হইলো কিছু এত তেল মারলো কাম এভাবে ক্ষতম করে দিল,1,0.5601179344454049
2 After Election,2_after_election,4309,Alhamdulillah,alhamdulillah,0,0.5999964449648353
2 After Election,2_after_election,4310,"""নোটিশটা পাঠাইছে কে সেটাও তো দেখতে হবে, পাঠাইছে বটজীবিদের আব্বু শাহরিয়ার কবির! এটার মাজেজা কতটুকু তা আর বলার অপেক্ষা রাখেনা।""",নোটিশটা পাঠাইছে কে সেটাও তো দেখতে হবে পাঠাইছে বটজীবিদের আব্বু শাহরিয়ার কবির এটার মাজেজা কতটুকু তা আর বলার অপেক্ষা রাখেনা,0,0.8978605212698608
2 After Election,2_after_election,4311,এবার ঈদের নামাজ পড়ার জন্যই হয়তো ছুটি পেয়ে গেল মি. চুন্নু মামা,এবার ঈদের নামাজ পড়ার জন্যই হয়তো ছুটি পেয়ে গেল মি চুন্নু মামা,4,0.6540548927843909
2 After Election,2_after_election,4312,আইনি নোটিশ না বলে বলেন আইনানদ্ধ শাহরিয়ার রাজাকার নোটিশ পাঠিয়েছে।,আইনি নোটিশ না বলে বলেন আইনানদ্ধ শাহরিয়ার রাজাকার নোটিশ পাঠিয়েছে,0,0.5642443533808497
2 After Election,2_after_election,4313,শেষমেষ খেলতে নিলোই না,শেষমেষ খেলতে নিলোই না,0,0.2
2 After Election,2_after_election,4314,Shahriar notice pathaise ! Murgi kobir !,shahriar notice pathaise murgi kobir,0,0.5999845438737885
2 After Election,2_after_election,4315,চুপ্পু চুপ থাকাই ঠিক ছিল।,চুপ্পু চুপ থাকাই ঠিক ছিল,4,0.5491588492442804
2 After Election,2_after_election,4316,জামাত এনসিপির কীর্তিকলাপ ফাঁস করেছে বলে অপসারন ?,জামাত এনসিপির কীর্তিকলাপ ফাঁস করেছে বলে অপসারন,4,0.547763431892325
2 After Election,2_after_election,4317,ওনি অনেক ভালো মানুষ…,ওনি অনেক ভালো মানুষ,4,0.5328029384737364
2 After Election,2_after_election,4318,"""সেইফ এক্সিট দিয়ে দেন, বেচারা দেশে খুব কষ্টে আছে""",সেইফ এক্সিট দিয়ে দেন বেচারা দেশে খুব কষ্টে আছে,2,0.7977076170391709
2 After Election,2_after_election,4319,সালা এমন দেশে বাস করি,সালা এমন দেশে বাস করি,3,0.8660453773940489
2 After Election,2_after_election,4320,চাটি দিয়ে শপথ করে নেওয়া হলো না খালি,চাটি দিয়ে শপথ করে নেওয়া হলো না খালি,3,0.8621974944021538
2 After Election,2_after_election,4321,সত্য বললে সবাই গায়ে লাগে,সত্য বললে সবাই গায়ে লাগে,2,0.8646408825685495
2 After Election,2_after_election,4322,সম্পক্কো বদলে গেল এক পলকে,সম্পক্কো বদলে গেল এক পলকে,1,0.5496692601576977
2 After Election,2_after_election,4323,কিছু যাবত বেশি বলছিলো,কিছু যাবত বেশি বলছিলো,1,0.7331856581029336
2 After Election,2_after_election,4324,সঠিক কাজ,সঠিক কাজ,4,0.7247410458831648
2 After Election,2_after_election,4325,"""একটা আইনি নোটিশে কোন রাষ্ট্রপতি নিয়োগ হয় না, সাংবিধানিক স্বীকৃতি নাই।""",একটা আইনি নোটিশে কোন রাষ্ট্রপতি নিয়োগ হয় না সাংবিধানিক স্বীকৃতি নাই,0,0.7361878146031284
2 After Election,2_after_election,4326,Kar pasa gelo kar table e khela je jomche kon lvl e,kar pasa gelo kar table e khela je jomche kon lvl e,0,0.7962172317626196
2 After Election,2_after_election,4327,ডক্টর ইউনুস কে রাষ্ট্রপতি বানানো হোক।,ডক্টর ইউনুস কে রাষ্ট্রপতি বানানো হোক,3,0.8651472875283681
2 After Election,2_after_election,4328,রাষ্ট্রপতি আর সেনাপ্রধান অপসারণের পরে শেষ হতে যাচ্ছে আওমি অধ্যায় তারপর শুরু হবে ইন্ডিয়া নতুন অধ্যায়,রাষ্ট্রপতি আর সেনাপ্রধান অপসারণের পরে শেষ হতে যাচ্ছে আওমি অধ্যায় তারপর শুরু হবে ইন্ডিয়া নতুন অধ্যায়,3,0.6057468967872465
2 After Election,2_after_election,4329,তাকে গ্রেফতার করা হোক,তাকে গ্রেফতার করা হোক,4,0.798379675337448
2 After Election,2_after_election,4330,এবার আরো শান্তিতে থাকতে পারবা,এবার আরো শান্তিতে থাকতে পারবা,0,0.7952050262092419
2 After Election,2_after_election,4331,এটাকে চিড়িয়াখানায় রাখা উচিত,এটাকে চিড়িয়াখানায় রাখা উচিত,4,0.43999511432123306
2 After Election,2_after_election,4332,Alhamdulillah,alhamdulillah,0,0.5999964449648353
2 After Election,2_after_election,4333,"""চিন্তা করো না, সমোঝোতা হয়ে যাবে""",চিন্তা করো না সমোঝোতা হয়ে যাবে,4,0.4812165585314726
2 After Election,2_after_election,4334,"""রিটকারী স্বাধীনতা ও সংবিধান নিয়ে এতো কটাক্ষ করেছে যে, একে দ্রুততম সময়ে গ্রেফতার করে আইনের আওতায় আনা উচিৎ।""",রিটকারী স্বাধীনতা ও সংবিধান নিয়ে এতো কটাক্ষ করেছে যে একে দ্রুততম সময়ে গ্রেফতার করে আইনের আওতায় আনা উচিৎ,4,0.8264672431133767
2 After Election,2_after_election,4335,বলেছিলাম সরিষার তেল মারতে কিন্তু চুপ্পু সাহে চুপিচুপি কেরোসিন তেল মেরেছেন যা বিদ্যুত কিংবা বৈদ্যুতিক খুঁটি জন্য বড়ই হুমকি,বলেছিলাম সরিষার তেল মারতে কিন্তু চুপ্পু সাহে চুপিচুপি কেরোসিন তেল মেরেছেন যা বিদ্যুত কিংবা বৈদ্যুতিক খুঁটি জন্য বড়ই হুমকি,1,0.6897661578073393
2 After Election,2_after_election,4336,এইবার ঠিক আছে,এইবার ঠিক আছে,1,0.7293874378869449
2 After Election,2_after_election,4337,তৈল'র বোতলে তৈল রাখা হলো না।,তৈল র বোতলে তৈল রাখা হলো না,1,0.839147072337513
2 After Election,2_after_election,4338,Ai hai Md Abdul Jabber ai hai,ai hai md abdul jabber ai hai,1,0.7999982034885378
2 After Election,2_after_election,4339,Jahhhh mamay o dhora,jahhhh mamay o dhora,0,0.2
2 After Election,2_after_election,4340,নাইস অ্যান্ড অ্যাট্রাক্টিভ,নাইস অ্যান্ড অ্যাট্রাক্টিভ,0,0.2
2 After Election,2_after_election,4341,"""বাংলাদেশের রাষ্ট্রপতি নির্বাচিত হন, নিয়োগ হন না। বাংলাদেশের সংবিধান অনুযায়ী, জাতীয় সংসদের সংসদ সদস্যদের ভোটের মাধ্যমে রাষ্ট্রপ…""",বাংলাদেশের রাষ্ট্রপতি নির্বাচিত হন নিয়োগ হন না বাংলাদেশের সংবিধান অনুযায়ী জাতীয় সংসদের সংসদ সদস্যদের ভোটের মাধ্যমে রাষ্ট্রপ,0,0.9457264108863506
2 After Election,2_after_election,4342,"""উনি তো নিজেই বলেছেন আমি চলে যেতে চাই, তাহলে এসব নাটকের কি প্রয়োজন""",উনি তো নিজেই বলেছেন আমি চলে যেতে চাই তাহলে এসব নাটকের কি প্রয়োজন,4,0.4216132087352662
2 After Election,2_after_election,4343,ডক্টর ইউনুসকে রাষ্ট্রপতি দেখতে চাই,ডক্টর ইউনুসকে রাষ্ট্রপতি দেখতে চাই,3,0.8664562856148743
2 After Election,2_after_election,4344,জরুরী,জরুরী,0,0.599057245423523
2 After Election,2_after_election,4345,আহ সোনা গো আমার। বড়ই কষ্ট হচ্ছে বল,আহ সোনা গো আমার বড়ই কষ্ট হচ্ছে বল,2,0.8645540016952842
2 After Election,2_after_election,4346,এতুন সরকার হল কিন্তু চুপ্পুকে এখনো বসিয়ে বসিয়ে কলা খাওয়াচ্ছে,এতুন সরকার হল কিন্তু চুপ্পুকে এখনো বসিয়ে বসিয়ে কলা খাওয়াচ্ছে,4,0.6375774844347731
2 After Election,2_after_election,4347,Dhooka,dhooka,0,0.2
2 After Election,2_after_election,4348,"""কি লাভ হলো,""",কি লাভ হলো,1,0.7330823092271618
2 After Election,2_after_election,4349,Alhamdulillah,alhamdulillah,0,0.5999964449648353
2 After Election,2_after_election,4350,এরপর সেনাপ্রধানকে তাড়াবে,এরপর সেনাপ্রধানকে তাড়াবে,0,0.2
2 After Election,2_after_election,4351,৫ই আগস্টের কাজ অবশেষে প্রসেসিং!,ই আগস্টের কাজ অবশেষে প্রসেসিং,2,0.7302436802459921
2 After Election,2_after_election,4352,তাহলে ড. ইউনুস প্রেসিডেন্ট,তাহলে ড ইউনুস প্রেসিডেন্ট,3,0.7988870386158875
2 After Election,2_after_election,4353,নাটকের বাংলাদেশ। জুলাই সনদ সংবিধান ছারা মেনে নেওয়া সম্ভব না।…,নাটকের বাংলাদেশ জুলাই সনদ সংবিধান ছারা মেনে নেওয়া সম্ভব না,2,0.49625785116384613
2 After Election,2_after_election,4354,রাষ্ট্রপতি ভোদায়,রাষ্ট্রপতি ভোদায়,3,0.5964924517277063
2 After Election,2_after_election,4355,"""রাষ্ট্রপতিকে সরানো উচিত হবে না, কারণ উনি তিন বছরে তিনজন রাষ্ট্রপ্রধানকে শপথ পড়িয়েছেন। যদি …""",রাষ্ট্রপতিকে সরানো উচিত হবে না কারণ উনি তিন বছরে তিনজন রাষ্ট্রপ্রধানকে শপথ পড়িয়েছেন যদি,4,0.6757141510395532
2 After Election,2_after_election,4356,চেতনা নাসক কাউকে রাষ্ট্রপতি করার জোর দাবি জানাচ্ছি,চেতনা নাসক কাউকে রাষ্ট্রপতি করার জোর দাবি জানাচ্ছি,4,0.8981909873912525
2 After Election,2_after_election,4357,"""প্রথমত, জুলাই বাংলাদেশের সংবিধানের কিছু না। কিছু না মানে কিচ্ছু না!!! সংসদ বসলে তারপর সাংসদদের আলোচনায় বিল পাশ হলে হয়তো জুলাই সংবিধানের অংশ হতে পারে! দ্বিতীয়ত, যে আইনজীবী (?!) রাষ্ট্রপতিকে অপসারণের জন্য নোটিশ দিয়েছেন, সে নিজেই তো আইনজীবী হওয়ার যোগ্য না! ওরে সংবিধান লঙ্ঘনের দায়ে আটক করা হোক। এবং পুরো সংবিধান মুখস্থ না হওয়া পর্যন্ত আটক রাখা হোক।""",প্রথমত জুলাই বাংলাদেশের সংবিধানের কিছু না কিছু না মানে কিচ্ছু না সংসদ বসলে তারপর সাংসদদের আলোচনায় বিল পাশ হলে হয়তো জুলাই সংবিধানের অংশ হতে পারে দ্বিতীয়ত যে আইনজীবী রাষ্ট্রপতিকে অপসারণের জন্য নোটিশ দিয়েছেন সে নিজেই তো আইনজীবী হওয়ার যোগ্য না ওরে সংবিধান লঙ্ঘনের দায়ে আটক করা হোক এবং পুরো সংবিধান মুখস্থ না হওয়া পর্যন্ত আটক রাখা হোক,0,0.7566598286146855
2 After Election,2_after_election,4358,রাষ্ট্রের গোপনীয়তা লঙ্ঘন করে এমন অথর্ব রাষ্ট্রপতি কোথাও নেই।,রাষ্ট্রের গোপনীয়তা লঙ্ঘন করে এমন অথর্ব রাষ্ট্রপতি কোথাও নেই,0,0.457997531286363
2 After Election,2_after_election,4359,Alhamdulillah,alhamdulillah,0,0.5999964449648353
2 After Election,2_after_election,4360,খুব একটা ভালো মানুষ মনে হয় উনি মানুষ না একটা ফেরেশতা কেন উনাকে বাদ দেওয়া হচ্ছে …,খুব একটা ভালো মানুষ মনে হয় উনি মানুষ না একটা ফেরেশতা কেন উনাকে বাদ দেওয়া হচ্ছে,4,0.7021348482961247
2 After Election,2_after_election,4361,ফেঁসে যাওয়ার ভয়ে অপসারণ চাই এখন।,ফেঁসে যাওয়ার ভয়ে অপসারণ চাই এখন,3,0.410163770464168
2 After Election,2_after_election,4362,এবার ঠিক আছে,এবার ঠিক আছে,1,0.40005930663287576
2 After Election,2_after_election,4363,কি টোপ দিছে।ভালো করে গিলতেও পারলো না,কি টোপ দিছে ভালো করে গিলতেও পারলো না,4,0.7947382503638729
2 After Election,2_after_election,4364,শুভ বিদায় কিং কোবরা,শুভ বিদায় কিং কোবরা,2,0.7328074749773158
2 After Election,2_after_election,4365,চাইছিল ৩ য় বার রাষ্ট্রপতি হয়ে রেকর্ড করবে,চাইছিল য় বার রাষ্ট্রপতি হয়ে রেকর্ড করবে,0,0.42086920691041607
2 After Election,2_after_election,4366,আইলো আইলো রে রঙ্গে ভরা বৈশাখ আবার আইলো রে,আইলো আইলো রে রঙ্গে ভরা বৈশাখ আবার আইলো রে,2,0.8391884951646519
2 After Election,2_after_election,4367,Taii,taii,0,0.2
2 After Election,2_after_election,4368,Alhamdulillah good,alhamdulillah good,0,0.733331297313999
2 After Election,2_after_election,4369,মাত্র ইউনুস এর গীবত গাওয়া শুরু করছে।আর কিছু রেখে ইউনুস সাহেবের গীবত গুলা শুনা শেষ করে নিলে ভালো হত না?,মাত্র ইউনুস এর গীবত গাওয়া শুরু করছে আর কিছু রেখে ইউনুস সাহেবের গীবত গুলা শুনা শেষ করে নিলে ভালো হত না,3,0.9326102609400886
2 After Election,2_after_election,4370,কংগ্রাচুদেলেশন,কংগ্রাচুদেলেশন,0,0.2
2 After Election,2_after_election,4371,ট্রাম্প কার্ড,ট্রাম্প কার্ড,2,0.599989721847979
2 After Election,2_after_election,4372,ডঃ মোহাম্মদ ইউনুস সাহেব কে চাই,ডঃ মোহাম্মদ ইউনুস সাহেব কে চাই,3,0.8665524502185448
2 After Election,2_after_election,4373,Chupppu ei news deikha hege diche ami sure.. eto tel dewa eto misty misty kotha kichu e kame dilo na Kaha..,chupppu ei news deikha hege diche ami sure eto tel dewa eto misty misty kotha kichu e kame dilo na kaha,1,0.9198061328633322
2 After Election,2_after_election,4374,বাবর কে নতুন রাস্ট্রপতি হিসেবে দেখতে চাই।।,বাবর কে নতুন রাস্ট্রপতি হিসেবে দেখতে চাই,3,0.8664560845729087
2 After Election,2_after_election,4376,ইউনুস সাহেব কে চাই,ইউনুস সাহেব কে চাই,3,0.7997034500122187
2 After Election,2_after_election,4377,যেই রাষ্ট্রপতি তারেক রহমান কে একটু ভাল বলেছে অমনি চুলকানি শুরু হয়েছে! এত আইনি নোটিশ দিসনি কেন?,যেই রাষ্ট্রপতি তারেক রহমান কে একটু ভাল বলেছে অমনি চুলকানি শুরু হয়েছে এত আইনি নোটিশ দিসনি কেন,3,0.5236148692834148
2 After Election,2_after_election,4378,চুপ্পুর চ্যাপ্টার ক্লোজ,চুপ্পুর চ্যাপ্টার ক্লোজ,3,0.5999924723196476
2 After Election,2_after_election,4379,সত্য বলে মৃত্যু হলেও সে অমর।,সত্য বলে মৃত্যু হলেও সে অমর,4,0.7977990415085688
2 After Election,2_after_election,4380,মবের বাদশা মুহাম্মদ ইউনূস কী ভবিষ্যৎ প্রেসিডেন্ট?,মবের বাদশা মুহাম্মদ ইউনূস কী ভবিষ্যৎ প্রেসিডেন্ট,3,0.629357745678732
2 After Election,2_after_election,4381,যে আইনজিবি নোটিশ পাঠিয়েছে তাকে কেউ এখন চো... না,যে আইনজিবি নোটিশ পাঠিয়েছে তাকে কেউ এখন চো না,4,0.5499240715886516
2 After Election,2_after_election,4382,কোন আইনে কোন সংবিধানে,কোন আইনে কোন সংবিধানে,0,0.5780081102903888
2 After Election,2_after_election,4383,চলার পথে মানুষ কত কিছু বলবে সেদিকে কান না দিয়ে সোজা পাবনার দিকে এগিয়ে যান।,চলার পথে মানুষ কত কিছু বলবে সেদিকে কান না দিয়ে সোজা পাবনার দিকে এগিয়ে যান,4,0.33601100509975157
2 After Election,2_after_election,4384,অনেক তো ছিলেন আর কত,অনেক তো ছিলেন আর কত,1,0.3998051784597131
2 After Election,2_after_election,4385,এখানে হাত দিলে হয়তো আসল খেলা শুরু হইতে আর বেশি সময় লাগবে না। ওনার সঙ্গে আছে ৩ বাহিনী।,এখানে হাত দিলে হয়তো আসল খেলা শুরু হইতে আর বেশি সময় লাগবে না ওনার সঙ্গে আছে বাহিনী,3,0.6470402555478374
2 After Election,2_after_election,4386,শাহরিয়ার কবির গরু কে রাষ্ট্রপতি করা হোক,শাহরিয়ার কবির গরু কে রাষ্ট্রপতি করা হোক,0,0.8373945215877692
2 After Election,2_after_election,4387,ডঃ ইউনুস রাষ্ট্রপতির সাথে যে নির্মম আচরণ করেছে তখন সংবিধান লংঘন হয়না আর যখন রাষ্টপতি সত্য বলতেছে তখনই সংবিধান লংঘন হয়।,ডঃ ইউনুস রাষ্ট্রপতির সাথে যে নির্মম আচরণ করেছে তখন সংবিধান লংঘন হয়না আর যখন রাষ্টপতি সত্য বলতেছে তখনই সংবিধান লংঘন হয়,0,0.641478564906258
2 After Election,2_after_election,4388,সরকার কি করবে তা সরকারই ভালো বোঝে। এইসব নোটিশে সরকার পাত্তা সময় সরকারের খুবই ক্ষীণ। এখন দেশ গড়ার সময়।,সরকার কি করবে তা সরকারই ভালো বোঝে এইসব নোটিশে সরকার পাত্তা সময় সরকারের খুবই ক্ষীণ এখন দেশ গড়ার সময়,3,0.7439042092708649
2 After Election,2_after_election,4389,আহারে লোক টা মাএ জনমুখী আসছে এতো তারাতাড়ি চলে জেতে হবে ভাবতে কেমন লাগছে,আহারে লোক টা মাএ জনমুখী আসছে এতো তারাতাড়ি চলে জেতে হবে ভাবতে কেমন লাগছে,4,0.7358448051876741
2 After Election,2_after_election,4390,অতি দ্রুত তাকে অপসারণ করে আইনের আওতায় আনা হোক,অতি দ্রুত তাকে অপসারণ করে আইনের আওতায় আনা হোক,4,0.9104073106584664
2 After Election,2_after_election,4391,কি যে শুরু হলো বুজলাম নাহ,কি যে শুরু হলো বুজলাম নাহ,1,0.6419838014070617
2 After Election,2_after_election,4392,শাহাবুদ্ চুপ্পু নিপাকযাক সব নতুন রাষ্ট্রপতি জিন্দাবাদ,শাহাবুদ্ চুপ্পু নিপাকযাক সব নতুন রাষ্ট্রপতি জিন্দাবাদ,3,0.6879502742076463
2 After Election,2_after_election,4393,মুরগী কবির...,মুরগী কবির,0,0.5999897788798247
2 After Election,2_after_election,4394,সাক্ষাৎকার নেওয়াটা এক সুগভীর পরিকল্পিত ছিলো বেচারা বুঝতে পারেন নাই। আজ বুঝা গেল।,সাক্ষাৎকার নেওয়াটা এক সুগভীর পরিকল্পিত ছিলো বেচারা বুঝতে পারেন নাই আজ বুঝা গেল,2,0.5046999597496867
2 After Election,2_after_election,4395,KenO,keno,0,0.2
2 After Election,2_after_election,4396,২৪ এর পরে কোন নেগোসিয়েশন নয় ভারতপন্থী যে-ই হোক না কেন। ইনকিলাব জিন্দাবাদ,এর পরে কোন নেগোসিয়েশন নয় ভারতপন্থী যে ই হোক না কেন ইনকিলাব জিন্দাবাদ,2,0.5759191193116048
2 After Election,2_after_election,4397,"""পেশাগত জীবন: তিনি একজন সাবেক জেলা ও দায়রা জজ এবং দুর্নীতি দমন কমিশনের (দুদক) সাবেক কমিশনার (২০১১-২০১৬) [১.৩.১, ১.৩.৪]।…""",পেশাগত জীবন তিনি একজন সাবেক জেলা ও দায়রা জজ এবং দুর্নীতি দমন কমিশনের দুদক সাবেক কমিশনার,0,0.8396136272393904
2 After Election,2_after_election,4398,দেশ মুক্ত চাই,দেশ মুক্ত চাই,3,0.7986457728062004
2 After Election,2_after_election,4399,Alhamdulilah,alhamdulilah,0,0.2
2 After Election,2_after_election,4400,সঠিক সিদ্ধান্ত,সঠিক সিদ্ধান্ত,4,0.7333318549407353
2 After Election,2_after_election,4401,সেই আদিকাল থেকেই উনাকে এদেশের মানুষ যথেষ্ট সম্মান দিয়েছে এবার নতুন কাউকে সাম্মানিত করতে ।,সেই আদিকাল থেকেই উনাকে এদেশের মানুষ যথেষ্ট সম্মান দিয়েছে এবার নতুন কাউকে সাম্মানিত করতে,4,0.918587224572088
2 After Election,2_after_election,4402,লোকটা বিদেশে চিকিৎসা নিতে যাবে সেজন্য রাষ্ট্রপতি পদ ছেড়ে দিলো কি মহান।।,লোকটা বিদেশে চিকিৎসা নিতে যাবে সেজন্য রাষ্ট্রপতি পদ ছেড়ে দিলো কি মহান,1,0.45774863635237406
2 After Election,2_after_election,4403,সঠিক সিদ্ধান্ত,সঠিক সিদ্ধান্ত,4,0.7333318549407353
2 After Election,2_after_election,4404,সঠিক কাজ,সঠিক কাজ,4,0.7247410458831648
2 After Election,2_after_election,4405,"""সঠিক সিদ্ধান্ত, স্বাগত জানাই""",সঠিক সিদ্ধান্ত স্বাগত জানাই,4,0.5502801784392406
2 After Election,2_after_election,4406,নেএকোণা ৪ বাবরকে রাষ্টপতি হিসেবে দেখতে চাই,নেএকোণা বাবরকে রাষ্টপতি হিসেবে দেখতে চাই,3,0.8399035017161474
2 After Election,2_after_election,4407,হালায় সেস,হালায় সেস,1,0.5999882921007484
2 After Election,2_after_election,4408,সাপের খেলা চলিতেছে,সাপের খেলা চলিতেছে,2,0.7333288899293028
2 After Election,2_after_election,4409,চাটাচাটি করেও লাভ হচ্ছে না চুপ্পুর,চাটাচাটি করেও লাভ হচ্ছে না চুপ্পুর,1,0.6405018687785544
2 After Election,2_after_election,4410,আহারে অনেক পরে উনাকে খেলায় নিয়েছিল খেলায় নিয়ে এখন একেবারে আউট করে দিল,আহারে অনেক পরে উনাকে খেলায় নিয়েছিল খেলায় নিয়ে এখন একেবারে আউট করে দিল,3,0.7229848325341439
2 After Election,2_after_election,4411,চুপ্পু চেটে এখন পড়বে মহা বিপদে।,চুপ্পু চেটে এখন পড়বে মহা বিপদে,4,0.8385858049236953
2 After Election,2_after_election,4412,নাই কাজ খই ভাজ,নাই কাজ খই ভাজ,2,0.730235628892273
2 After Election,2_after_election,4413,"""সাওয়ার নোটিশ পাচায় ভরে রাখ,""",সাওয়ার নোটিশ পাচায় ভরে রাখ,0,0.7323679583528359
2 After Election,2_after_election,4414,Chup,chup,0,0.2
2 After Election,2_after_election,4415,পায়ের তলা চেটে দেখতে পারে।,পায়ের তলা চেটে দেখতে পারে,3,0.7989246520382086
2 After Election,2_after_election,4416,ভাতিজা চেটে নয় খেটে বড় হও,ভাতিজা চেটে নয় খেটে বড় হও,3,0.4982174314455643
2 After Election,2_after_election,4417,কাজ কর্ম না থাকলে নিজের চক্রায় তেল দাও,কাজ কর্ম না থাকলে নিজের চক্রায় তেল দাও,3,0.5320801049994192
2 After Election,2_after_election,4418,অবশেষে তাকে খেলা থেকে বাদ দিয়ে দিল..,অবশেষে তাকে খেলা থেকে বাদ দিয়ে দিল,2,0.5312109932540708
2 After Election,2_after_election,4419,চপ্পু সেরা তিনজন প্রধানমন্ত্রীর রাষ্ট্রপতি ছিলো। ওয়ার্ড রেকর্ড হয়তো।,চপ্পু সেরা তিনজন প্রধানমন্ত্রীর রাষ্ট্রপতি ছিলো ওয়ার্ড রেকর্ড হয়তো,3,0.5954853558851377
2 After Election,2_after_election,4420,Alhamdulillah,alhamdulillah,0,0.5999964449648353
2 After Election,2_after_election,4421,অবশেষে লাভ হলো না,অবশেষে লাভ হলো না,1,0.5509731486795642
2 After Election,2_after_election,4422,বটবাহিনী আর তার সহযোগী গুলোর জ্বালা ধরেছেরে মামু....,বটবাহিনী আর তার সহযোগী গুলোর জ্বালা ধরেছেরে মামু,0,0.7317330122293392
2 After Election,2_after_election,4423,পবিত্র মাহে রমজানের ৮ম ে বঙ্গবন্ধু কন্যা জননেত্রী দেশরত্ন শেখ হাসিনা আপার নির্দেশনা মোতাবেক চট্টগ্রাম মহানগর ছাত্রলীগের সাব…,পবিত্র মাহে রমজানের ম ে বঙ্গবন্ধু কন্যা জননেত্রী দেশরত্ন শেখ হাসিনা আপার নির্দেশনা মোতাবেক চট্টগ্রাম মহানগর ছাত্রলীগের সাব,3,0.8655372167929684
2 After Election,2_after_election,4424,Good decision,good decision,0,0.40034458992034866
2 After Election,2_after_election,4425,জুলাই এর উপর ভিত্তি করে উনি শপথ নেননি। তাই এই আইনি নোটিশ ধোপে টিকবে না।,জুলাই এর উপর ভিত্তি করে উনি শপথ নেননি তাই এই আইনি নোটিশ ধোপে টিকবে না,0,0.5199612266033329
2 After Election,2_after_election,4426,চাটার সময় শেষ,চাটার সময় শেষ,3,0.5485137172030133
2 After Election,2_after_election,4427,এইবার ঠিক আছে,এইবার ঠিক আছে,1,0.7293874378869449
2 After Election,2_after_election,4428,উনি ভাবছিলেন বি এন পি হয়তো উনাকে রাষ্ট্রপতি থেকে সরাবেনা,উনি ভাবছিলেন বি এন পি হয়তো উনাকে রাষ্ট্রপতি থেকে সরাবেনা,0,0.5360164380537757
2 After Election,2_after_election,4429,"""ভালো ডিসিশন,,""",ভালো ডিসিশন,4,0.5955830014132845
2 After Election,2_after_election,4430,জুলাই,জুলাই,4,0.5964057309413603
2 After Election,2_after_election,4431,সাওয়া মাওয়া কিলাব এর মাথানষ্ট হয়ে গেছে।,সাওয়া মাওয়া কিলাব এর মাথানষ্ট হয়ে গেছে,4,0.5994638138944833
2 After Election,2_after_election,4432,এ কি শুনলাম,এ কি শুনলাম,2,0.5974953768344232
2 After Election,2_after_election,4433,নোটিশ দাতাকে দ্রুত গ্রেফতার করে রিমান্ডে নেওয়া দরকার। তাহলে অনেক ষড়যন্ত্রের তথ্য বের হয়ে আসবে।,নোটিশ দাতাকে দ্রুত গ্রেফতার করে রিমান্ডে নেওয়া দরকার তাহলে অনেক ষড়যন্ত্রের তথ্য বের হয়ে আসবে,4,0.7463433945300378
2 After Election,2_after_election,4434,Good job,good job,0,0.5999965747691249
2 After Election,2_after_election,4435,এরে গ্রেপ্তার করার জোর দাবি জানাচ্ছি,এরে গ্রেপ্তার করার জোর দাবি জানাচ্ছি,4,0.4716106066742905
2 After Election,2_after_election,4436,প্রধানমন্ত্রী ও রাষ্ট্রপ্রতির নির্দেশ জুলাই গণহত্যা চালানো হয়েছে তাই অপসরণের সাথে সাথে তাকে গ্রেফতার করে বিচারের আওতায় দ্রুত আনার দাবি জানাচ্ছি,প্রধানমন্ত্রী ও রাষ্ট্রপ্রতির নির্দেশ জুলাই গণহত্যা চালানো হয়েছে তাই অপসরণের সাথে সাথে তাকে গ্রেফতার করে বিচারের আওতায় দ্রুত আনার দাবি জানাচ্ছি,4,0.9325087075892893
2 After Election,2_after_election,4437,সঠিক সিদ্ধান্ত নেয়া হয়েছে।,সঠিক সিদ্ধান্ত নেয়া হয়েছে,4,0.7996087170969909
2 After Election,2_after_election,4438,সময়ের সঠিক সিদ্ধান্ত নিয়েছে,সময়ের সঠিক সিদ্ধান্ত নিয়েছে,4,0.6405324455504753
2 After Election,2_after_election,4439,আমার মনে হয় রাষ্ট্রপতির বিরুদ্ধে এই ধরনের মন্তব্য এ ধরনের নোটিশ যদি কোন আইনজীবী পাঠায় তাহলে তার জেল হবে মনে হয়,আমার মনে হয় রাষ্ট্রপতির বিরুদ্ধে এই ধরনের মন্তব্য এ ধরনের নোটিশ যদি কোন আইনজীবী পাঠায় তাহলে তার জেল হবে মনে হয়,0,0.9361479460295105
2 After Election,2_after_election,4440,চুপ্পু সাহেব সেরা …,চুপ্পু সাহেব সেরা,4,0.46284313228693275
2 After Election,2_after_election,4441,বৃহস্পতিবার (২৬ ফেব্রুয়ারি) সুপ্রিম কোর্টের আইনজীবী ব্যারিস্টার শাহরিয়ার এ আইনি নোটিশটি পাঠান। এরকম নোটিশ যে কেউ দিতে পারে। এব…,বৃহস্পতিবার ফেব্রুয়ারি সুপ্রিম কোর্টের আইনজীবী ব্যারিস্টার শাহরিয়ার এ আইনি নোটিশটি পাঠান এরকম নোটিশ যে কেউ দিতে পারে এব,0,0.9094561247078873
2 After Election,2_after_election,4442,ঐ নোটিশ রাষ্ট্রপতির কাছেই যাবে,ঐ নোটিশ রাষ্ট্রপতির কাছেই যাবে,0,0.5319229177896467
2 After Election,2_after_election,4443,এইসব উকিল কি না বুঝার ভান করে?,এইসব উকিল কি না বুঝার ভান করে,3,0.5999879949208647
2 After Election,2_after_election,4444,এখনো মেয়াদ আছে,এখনো মেয়াদ আছে,4,0.7295206293147684
2 After Election,2_after_election,4445,যার নসিবে যে পদ যত ।,যার নসিবে যে পদ যত,0,0.5504384318067569
2 After Election,2_after_election,4446,বালেস্টর শাহরিয়ার,বালেস্টর শাহরিয়ার,0,0.5999970664816414
2 After Election,2_after_election,4447,সঠিক সিদ্ধান্ত,সঠিক সিদ্ধান্ত,4,0.7333318549407353
2 After Election,2_after_election,4448,সব দোষ কালের কন্ঠের,সব দোষ কালের কন্ঠের,1,0.5986333311162737
2 After Election,2_after_election,4449,দেশে সব স্তরে প্রতিহিংসা চরিতার্থ বেশি হচ্ছে।,দেশে সব স্তরে প্রতিহিংসা চরিতার্থ বেশি হচ্ছে,3,0.46089542795288074
2 After Election,2_after_election,4450,"""উনি জুলাই শপথ নিলো কখন ? আমার জানামতে মুক্তিযুদ্ধের সমর্থনের শক্তি, জুলাই সমর্থন করেনা ॥ জুলাই একটি গৃহ যুদ্ধ, এবং অপশক্তির উ…""",উনি জুলাই শপথ নিলো কখন আমার জানামতে মুক্তিযুদ্ধের সমর্থনের শক্তি জুলাই সমর্থন করেনা জুলাই একটি গৃহ যুদ্ধ এবং অপশক্তির উ,4,0.9194892708948461
2 After Election,2_after_election,4451,Alhamdulillah jamat magic,alhamdulillah jamat magic,0,0.4000405713720112
2 After Election,2_after_election,4452,অপসারণের সাথে সাথেই গ্রেপ্তার চাই।,অপসারণের সাথে সাথেই গ্রেপ্তার চাই,0,0.5512032793017801
2 After Election,2_after_election,4453,Tar uchit. Songbidhan ar aloka ai sorkar vainga dawa taila vlo hoba,tar uchit songbidhan ar aloka ai sorkar vainga dawa taila vlo hoba,1,0.866664413950346
2 After Election,2_after_election,4454,কোনো ভাবেই সম্ভব না,কোনো ভাবেই সম্ভব না,2,0.7314596366278252
2 After Election,2_after_election,4455,Alhamdullah,alhamdullah,0,0.2
2 After Election,2_after_election,4456,Great decision.,great decision,4,0.5999833256348186
2 After Election,2_after_election,4457,অপসারণ চাই,অপসারণ চাই,0,0.4003008510851065
2 After Election,2_after_election,4458,"""ডক্টর মুহাম্মদ ইউনুস সাহেব কে, রাষ্ট্রপতি বানানো হোক""",ডক্টর মুহাম্মদ ইউনুস সাহেব কে রাষ্ট্রপতি বানানো হোক,3,0.899152082978017
2 After Election,2_after_election,4459,লুৎফুজ্জামান বাবর কে রাষ্টপতি হিসেবে দেখতে চাই।,লুৎফুজ্জামান বাবর কে রাষ্টপতি হিসেবে দেখতে চাই,3,0.8399035017161474
2 After Election,2_after_election,4460,যা ইচ্ছা কর,যা ইচ্ছা কর,1,0.5167656295345143
2 After Election,2_after_election,4461,শাহরিয়ার একটা বেডা ওর একটা কথা,শাহরিয়ার একটা বেডা ওর একটা কথা,0,0.5500353378834759
2 After Election,2_after_election,4462,Alhamdulillah,alhamdulillah,0,0.5999964449648353
2 After Election,2_after_election,4463,গ্রেফতারের দাবিতে আন্দোলন চালিয়ে যাওয়ার ঘোষণা,গ্রেফতারের দাবিতে আন্দোলন চালিয়ে যাওয়ার ঘোষণা,1,0.836536985665731
2 After Election,2_after_election,4464,আম্মার ভাই আর মামু বহু খাইছো বাইরের ঠান্ডা হাওয়া এবার একটু ভিতরের হাওয়া খাওয়ার জন্য প্রস্তুত হয়ে নাও । শেষে আল্ল…,আম্মার ভাই আর মামু বহু খাইছো বাইরের ঠান্ডা হাওয়া এবার একটু ভিতরের হাওয়া খাওয়ার জন্য প্রস্তুত হয়ে নাও শেষে আল্ল,2,0.926130697965392
2 After Election,2_after_election,4465,Alhamdulillah,alhamdulillah,0,0.5999964449648353
2 After Election,2_after_election,4466,"""আইন সচিবে কি রাষ্ট্রপতির বিচার করবে ? হায়রে শাহরিয়ার, রাষ্ট্রপতি অপসারণ করতে হলে সংসদে অনাস্থা প্রস্তাব পাশ করে এরপর রাষ্ট্র…""",আইন সচিবে কি রাষ্ট্রপতির বিচার করবে হায়রে শাহরিয়ার রাষ্ট্রপতি অপসারণ করতে হলে সংসদে অনাস্থা প্রস্তাব পাশ করে এরপর রাষ্ট্র,0,0.5011277499979208
2 After Election,2_after_election,4467,বেচারার তেল দেওয়া কাজে লাগলো না,বেচারার তেল দেওয়া কাজে লাগলো না,1,0.8369225235511454
2 After Election,2_after_election,4468,Alhamdulillah,alhamdulillah,0,0.5999964449648353
2 After Election,2_after_election,4469,Alhamdulillah,alhamdulillah,0,0.5999964449648353
2 After Election,2_after_election,4470,"""উনাকে অপসারণ না করলে সকল তথ্য ফাঁস হয়ে যাবে, নুনুস ও বট বাহিনী কট হওয়ার আগে যত দ্রুত সম্ভব উনাকে ক্ষমতাচ্যুত করতে হবে।""",উনাকে অপসারণ না করলে সকল তথ্য ফাঁস হয়ে যাবে নুনুস ও বট বাহিনী কট হওয়ার আগে যত দ্রুত সম্ভব উনাকে ক্ষমতাচ্যুত করতে হবে,4,0.6106851850136693
2 After Election,2_after_election,4471,Alhamdulillah,alhamdulillah,0,0.5999964449648353
2 After Election,2_after_election,4472,আয়না ঘরে ঢুকানোর ব্যাবس্থা করার জোরালো দাবি জানাচ্ছি,আয়না ঘরে ঢুকানোর ব্যাব ্থা করার জোরালো দাবি জানাচ্ছি,4,0.8382919800459263
2 After Election,2_after_election,4473,চাটাচাটি চলতেছে,চাটাচাটি চলতেছে,1,0.4005172453580515
2 After Election,2_after_election,4474,বাঘের বাচ্ছা শাহরিয়ার,বাঘের বাচ্ছা শাহরিয়ার,0,0.5999970664816414
2 After Election,2_after_election,4475,জানিনা কি হচ্ছে,জানিনা কি হচ্ছে,0,0.2
2 After Election,2_after_election,4476,Ole le,ole le,0,0.2
2 After Election,2_after_election,4477,@highlight তেলে কাজ হলো না,highlight তেলে কাজ হলো না,1,0.4901430075201418
2 After Election,2_after_election,4478,রাষ্ট্রপতি বড় নাকি নোটিশদাতা বড়? রাষ্ট্রপতি বিচারের উর্ধ্বে।,রাষ্ট্রপতি বড় নাকি নোটিশদাতা বড় রাষ্ট্রপতি বিচারের উর্ধ্বে,3,0.8850346742607728
2 After Election,2_after_election,4479,আহ এতো তেল কোথায় গিয়েছে? দলিয় লোক বসানো হবে চাচা এটা আগে বুঝে নাই।,আহ এতো তেল কোথায় গিয়েছে দলিয় লোক বসানো হবে চাচা এটা আগে বুঝে নাই,2,0.32433455200083755
2 After Election,2_after_election,4480,আরেকটি চুপ্পুই আসবে,আরেকটি চুপ্পুই আসবে,0,0.5976407400375509
2 After Election,2_after_election,4481,অতিরিক্ত তৈল দেওয়ার কারণে পিছলে পড়ে গেলেন চুপ্পু,অতিরিক্ত তৈল দেওয়ার কারণে পিছলে পড়ে গেলেন চুপ্পু,4,0.8980304923225818
2 After Election,2_after_election,4482,Good Job,good job,0,0.5999965747691249
2 After Election,2_after_election,4483,এবার কই যাবা চুপ্পু চাহেব?,এবার কই যাবা চুপ্পু চাহেব,4,0.8397930081043723
2 After Election,2_after_election,4484,নাইস এন্ড এট্রাক্টিভ,নাইস এন্ড এট্রাক্টিভ,0,0.2
2 After Election,2_after_election,4485,Very good decision,very good decision,0,0.40034458992034866
2 After Election,2_after_election,4486,Good job,good job,0,0.5999965747691249
2 After Election,2_after_election,4487,কাকু কষ্ট থেকে বের করে দেওয়া ভালো এমনই রাখি কষ্ট মধ্যে আছে,কাকু কষ্ট থেকে বের করে দেওয়া ভালো এমনই রাখি কষ্ট মধ্যে আছে,2,0.45940641735161564
2 After Election,2_after_election,4488,Soyrachar beday hok,soyrachar beday hok,0,0.5999896428832173
2 After Election,2_after_election,4489,অতি দ্রুত সরানোই ভালো,অতি দ্রুত সরানোই ভালো,4,0.798688154790394
2 After Election,2_after_election,4490,i have plan নতুন রা বুজে না রাজনৈতি মার পেচ,i have plan নতুন রা বুজে না রাজনৈতি মার পেচ,3,0.8845770990365421
2 After Election,2_after_election,4491,Alhamdulillah,alhamdulillah,0,0.5999964449648353
2 After Election,2_after_election,4492,cdse re,cdse re,1,0.5999948127735404
2 After Election,2_after_election,4493,ড. মুহাম্মদ ইউনুসকে রাষ্ট্রপতি করা হোক।,ড মুহাম্মদ ইউনুসকে রাষ্ট্রপতি করা হোক,3,0.8377928871541486
2 After Election,2_after_election,4494,গোল্ডেন বয় এগিয়ে যাও বাবা নেতার ১০% মনে রেখো,গোল্ডেন বয় এগিয়ে যাও বাবা নেতার মনে রেখো,0,0.866060845724448
2 After Election,2_after_election,4495,চাঁ দা বা জি না করলে দ ল চালাবে কী ভি খা করে,চাঁ দা বা জি না করলে দ ল চালাবে কী ভি খা করে,1,0.30019286465964184
2 After Election,2_after_election,4496,"""মুরকের ভাসা হলো চাদা। সমোঝতা,বল""",মুরকের ভাসা হলো চাদা সমোঝতা বল,4,0.5487436974170791
2 After Election,2_after_election,4497,na চাদা নয় ওটা হলো সমঝোতা,na চাদা নয় ওটা হলো সমঝোতা,2,0.3666962993218175
2 After Election,2_after_election,4498,চালিয়ে যাও সোনা,চালিয়ে যাও সোনা,1,0.797511445216944
2 After Election,2_after_election,4499,"""আরে ভাই গুজব ছড়ান ক্যা,,এইটা তো সমঝোতা ছিলো""",আরে ভাই গুজব ছড়ান ক্যা এইটা তো সমঝোতা ছিলো,2,0.8397969887477272
2 After Election,2_after_election,4500,স্বাধীন সমাজ গঠনের প্রথম শর্ত হলো জ্ঞান।,স্বাধীন সমাজ গঠনের প্রথম শর্ত হলো জ্ঞান,0,0.6375702721599389
2 After Election,2_after_election,4501,সমঝোতার ভিত্তিতে চাঁদা নেওয়ার অনুমতি আছে,সমঝোতার ভিত্তিতে চাঁদা নেওয়ার অনুমতি আছে,2,0.8398228949623183
2 After Election,2_after_election,4502,সমঝোতা হলে সমস্যা নেই,সমঝোতা হলে সমস্যা নেই,2,0.7994589249098758
2 After Election,2_after_election,4503,এটা বিনপির আদশ্য। সমঝোতার ভিত্তিতে হচ্ছে কোনো সমস্যা নেই।,এটা বিনপির আদশ্য সমঝোতার ভিত্তিতে হচ্ছে কোনো সমস্যা নেই,2,0.8395077368369268
2 After Election,2_after_election,4504,লেতার সেই ভাব!,লেতার সেই ভাব,0,0.2
2 After Election,2_after_election,4505,এগুলো জানি কি জোতা?,এগুলো জানি কি জোতা,4,0.39998906845996135
2 After Election,2_after_election,4506,প্লান বাস্তবায়ন হচ্ছে,প্লান বাস্তবায়ন হচ্ছে,2,0.599971340231633
2 After Election,2_after_election,4507,Golden son. দলকানারা এসব দেখতে পাবে না। ভালো জিনিস চোখে পড়ে না।,golden son দলকানারা এসব দেখতে পাবে না ভালো জিনিস চোখে পড়ে না,0,0.8961837569044581
2 After Election,2_after_election,4508,সমঝোতা করে নিলেই হতো।,সমঝোতা করে নিলেই হতো,4,0.5496232070022918
2 After Election,2_after_election,4509,সোনার ছেলে,সোনার ছেলে,1,0.733273844915098
2 After Election,2_after_election,4510,ঠিক হয়েছে সবাই সচেতন হলে দেশে চাঁদাবাজি বন্ধ করা সম্ভব হবে,ঠিক হয়েছে সবাই সচেতন হলে দেশে চাঁদাবাজি বন্ধ করা সম্ভব হবে,2,0.7677868078178943
2 After Election,2_after_election,4511,"""না না,,, কোথাও ভুল হচ্ছে""",না না কোথাও ভুল হচ্ছে,1,0.5966001681778286
2 After Election,2_after_election,4512,চাঁদা বলে কেন এটা হলো ঈদের বোনাস।,চাঁদা বলে কেন এটা হলো ঈদের বোনাস,2,0.533255574538771
2 After Election,2_after_election,4513,সে নাকি নেতা হা হা হা।,সে নাকি নেতা হা হা হা,3,0.5103748951810885
2 After Election,2_after_election,4514,মারহাবা,মারহাবা,3,0.5999930320902196
2 After Election,2_after_election,4515,চাদা নয় সমোঝোতা,চাদা নয় সমোঝোতা,4,0.5499450444945618
2 After Election,2_after_election,4516,সমঝোতা,সমঝোতা,2,0.5999994816085182
2 After Election,2_after_election,4517,সমঝোতা,সমঝোতা,2,0.5999994816085182
2 After Election,2_after_election,4518,শ্রীলঙ্কার মতো আয়তনে ছোট এবং অর্থনৈতিক সংকটে জর্জরিত একটি দেশ শুধু IT Skills দিয়ে গত বছর প্রায় ১.৪৬ বিলিয়ন ডলার আয় করেছে। অন্য…,শ্রীলঙ্কার মতো আয়তনে ছোট এবং অর্থনৈতিক সংকটে জর্জরিত একটি দেশ শুধু it skills দিয়ে গত বছর প্রায় বিলিয়ন ডলার আয় করেছে অন্য,3,0.9083380694534744
2 After Election,2_after_election,4519,কঠোর আইনী ব্যবস্থা নেয়া দরকার।,কঠোর আইনী ব্যবস্থা নেয়া দরকার,4,0.523174115518889
2 After Election,2_after_election,4520,খাম্বার সাথে বেঁধে মালিককে ফোন দেওয়া হোক,খাম্বার সাথে বেঁধে মালিককে ফোন দেওয়া হোক,2,0.7980294653536557
2 After Election,2_after_election,4521,চারদিকে শুধু চাঁদার ছরাছরি।,চারদিকে শুধু চাঁদার ছরাছরি,2,0.732282573382482
2 After Election,2_after_election,4522,ওরে ত জামাত জামাত মনে হচ্ছে তদন্ত করা দরকার,ওরে ত জামাত জামাত মনে হচ্ছে তদন্ত করা দরকার,0,0.6912409855556629
2 After Election,2_after_election,4523,লেতা,লেতা,4,0.5999829998962554
2 After Election,2_after_election,4524,গুপ্ত গুপ্ত অ্যা,গুপ্ত গুপ্ত অ্যা,3,0.7331830103575822
2 After Election,2_after_election,4525,ঠিক মত সমঝোতা হয় নাই।,ঠিক মত সমঝোতা হয় নাই,2,0.46094258757386547
2 After Election,2_after_election,4526,সোনার ছেলেরা !,সোনার ছেলেরা,1,0.7329748649259298
2 After Election,2_after_election,4527,জেলখানায় গিয়ে সমঝোতার ট্রেইনিং কোর্স শেষে ফুলের মালা দিয়ে বড দায়িত্বে পাওয়া যাবে বলে আশা কপছি...প্রমোশনাল অগ্রিম অভিনন্দন প্রিয় চান্দাভাই,জেলখানায় গিয়ে সমঝোতার ট্রেইনিং কোর্স শেষে ফুলের মালা দিয়ে বড দায়িত্বে পাওয়া যাবে বলে আশা কপছি প্রমোশনাল অগ্রিম অভিনন্দন প্রিয় চান্দাভাই,2,0.5572691914345931
2 After Election,2_after_election,4528,auto Driver mone hocce...,auto driver mone hocce,4,0.5993474860105755
2 After Election,2_after_election,4529,বিশাল নেতা,বিশাল নেতা,1,0.7328450050198597
2 After Election,2_after_election,4530,সমঝোতা,সমঝোতা,2,0.5999994816085182
2 After Election,2_after_election,4531,আটক নামের নাটকে আমরা আর দেখতে চাইনা।,আটক নামের নাটকে আমরা আর দেখতে চাইনা,1,0.546903180771438
2 After Election,2_after_election,4532,"""তারা একটি বড় দল, একটু আদটু করতেই পারে। আটক করার দরকার কি?""",তারা একটি বড় দল একটু আদটু করতেই পারে আটক করার দরকার কি,2,0.7035595050937894
2 After Election,2_after_election,4533,এ তর রাব্বা,এ তর রাব্বা,0,0.2
2 After Election,2_after_election,4534,"""ওকে এখনো জিবতো রাখছে কেন, পাবলিক""",ওকে এখনো জিবতো রাখছে কেন পাবলিক,0,0.42879095858414856
2 After Election,2_after_election,4535,মাশাল্লাহ,মাশাল্লাহ,2,0.5999881389540704
2 After Election,2_after_election,4536,দূর মিয়া এগুলো সমঝোতা,দূর মিয়া এগুলো সমঝোতা,3,0.6072203521194812
2 After Election,2_after_election,4537,"""এটা তো নতুন কিছুই না, এতো ঘটা করে প্রচার এর কি আছে, সমঝোতা ভালো হইনি তাই""",এটা তো নতুন কিছুই না এতো ঘটা করে প্রচার এর কি আছে সমঝোতা ভালো হইনি তাই,3,0.5641618507022079
2 After Election,2_after_election,4538,চাদা চমিক চাদা নেতা কোথায়,চাদা চমিক চাদা নেতা কোথায়,4,0.5500010731118045
2 After Election,2_after_election,4539,এটাকে চাঁদা বলিও না বৎস,এটাকে চাঁদা বলিও না বৎস,2,0.7333313308248051
2 After Election,2_after_election,4540,লেতা,লেতা,4,0.5999829998962554
2 After Election,2_after_election,4541,এগুলা নরমাল,এগুলা নরমাল,4,0.5975007381719403
2 After Election,2_after_election,4542,বাহ,বাহ,1,0.5999959687225779
2 After Election,2_after_election,4543,সমঝোতা না করে তোমার ঈদের বকশিস চাওয়া উচিৎ হয়নি,সমঝোতা না করে তোমার ঈদের বকশিস চাওয়া উচিৎ হয়নি,4,0.5257766838235698
2 After Election,2_after_election,4544,এখন বলবে এরা জামাত,এখন বলবে এরা জামাত,1,0.5477519104551893
2 After Election,2_after_election,4545,বিকেলে ছাড়া পাবে বিধায় উত্তম মাধ্যম হওয়া উচিত।,বিকেলে ছাড়া পাবে বিধায় উত্তম মাধ্যম হওয়া উচিত,2,0.8980511136428229
2 After Election,2_after_election,4546,দুর মিয়া আর নাম খুজে পান না নাকি.. সব যায়গায় ছাত্রদল যুবদল,দুর মিয়া আর নাম খুজে পান না নাকি সব যায়গায় ছাত্রদল যুবদল,3,0.8384618621246841
2 After Election,2_after_election,4547,ব্যবস্থা নেওয়া হোক,ব্যবস্থা নেওয়া হোক,4,0.7983839901828895
2 After Election,2_after_election,4548,ভাই টেকেন নিয়ে যান নি,ভাই টেকেন নিয়ে যান নি,2,0.837460547223164
2 After Election,2_after_election,4549,মুখ দেখে খুব নিষ্পাপ লাগছে,মুখ দেখে খুব নিষ্পাপ লাগছে,4,0.46523385310646187
2 After Election,2_after_election,4550,গুবত,গুবত,0,0.2
2 After Election,2_after_election,4551,সমঝোতা করে নিলেই তো হত,সমঝোতা করে নিলেই তো হত,4,0.4543981666050927
2 After Election,2_after_election,4552,মারহাবা,মারহাবা,3,0.5999930320902196
2 After Election,2_after_election,4553,বাহ খুব সুন্দর,বাহ খুব সুন্দর,1,0.7289243953387277
2 After Election,2_after_election,4554,মাশাল্লাহ,মাশাল্লাহ,2,0.5999881389540704
2 After Election,2_after_election,4555,ফেসবুকে শুধু দেখা যায় বাস্তবে তো দেখা যায় না,ফেসবুকে শুধু দেখা যায় বাস্তবে তো দেখা যায় না,1,0.5500156271069389
2 After Election,2_after_election,4556,ঐ নেতা এবং একে কমিটি অনুমোদন দেওয়া সবাইকে ক্লিন হাটের আওতায় আনা হওক।,ঐ নেতা এবং একে কমিটি অনুমোদন দেওয়া সবাইকে ক্লিন হাটের আওতায় আনা হওক,4,0.37446637254206677
2 After Election,2_after_election,4557,জনগন গুজবে কান দিয়েন না।,জনগন গুজবে কান দিয়েন না,2,0.7996007988595889
2 After Election,2_after_election,4558,বাহ বাহ,বাহ বাহ,1,0.7333309794639702
2 After Election,2_after_election,4559,জামাত শিবির বলে চালিয়ে দেওয়া যায় না,জামাত শিবির বলে চালিয়ে দেওয়া যায় না,2,0.43411593197352777
2 After Election,2_after_election,4560,সমঝোতার,সমঝোতার,2,0.5999980169085755
2 After Election,2_after_election,4561,দাদা নাই সমঝোতা,দাদা নাই সমঝোতা,2,0.7992315059994645
2 After Election,2_after_election,4562,"""কামড়া কামড়ির কি দরকার? সমঝোতা করে নিলেই তো হয়,""",কামড়া কামড়ির কি দরকার সমঝোতা করে নিলেই তো হয়,4,0.5482867127544918
2 After Election,2_after_election,4563,এরা চাঁদা তুলে প্রশাসন কি করে,এরা চাঁদা তুলে প্রশাসন কি করে,2,0.6298608854135328
2 After Election,2_after_election,4564,এগুলো কি এতই অপদার্থ যে বাসা বাড়িতে কিংবা ভিক্ষা করে দুই বেলা খাবার যোগাড় করতে পারে না?,এগুলো কি এতই অপদার্থ যে বাসা বাড়িতে কিংবা ভিক্ষা করে দুই বেলা খাবার যোগাড় করতে পারে না,2,0.563706839917826
2 After Election,2_after_election,4565,"""আটক করে কি লাভ,একদিক দিয়ে ঢুকিয়ে অন্য দিক দিয়ে বের হয়ে যাবে,,,জনগন এর বাত মরছে আরো মরবে""",আটক করে কি লাভ একদিক দিয়ে ঢুকিয়ে অন্য দিক দিয়ে বের হয়ে যাবে জনগন এর বাত মরছে আরো মরবে,4,0.4028381753250387
2 After Election,2_after_election,4566,গুজব,গুজব,2,0.5999954771296074
2 After Election,2_after_election,4567,চাদা ত সরকার এর সম্পদ সমস্যা কি,চাদা ত সরকার এর সম্পদ সমস্যা কি,4,0.5485673684679039
2 After Election,2_after_election,4568,ব্যাপার না,ব্যাপার না,1,0.5999915439511369
2 After Election,2_after_election,4569,Sonar sela,sonar sela,0,0.2
2 After Election,2_after_election,4570,Tuhin Coxs এসব কি ভাই?,tuhin coxs এসব কি ভাই,2,0.3995617790360686
2 After Election,2_after_election,4571,এগুলো চাদা না সমজতা,এগুলো চাদা না সমজতা,4,0.3003494471510034
2 After Election,2_after_election,4572,সব সমঝোতা,সব সমঝোতা,2,0.5999994816085182
2 After Election,2_after_election,4573,ফিডাচ্ছা কিল্লাই,ফিডাচ্ছা কিল্লাই,0,0.2
2 After Election,2_after_election,4574,কমর ভাইঙ্গা দে,কমর ভাইঙ্গা দে,1,0.5982858587997718
2 After Election,2_after_election,4575,এগুলা চাদা না সমঝোতা,এগুলা চাদা না সমঝোতা,4,0.5493153539692697
2 After Election,2_after_election,4576,বাহ,বাহ,1,0.5999959687225779
2 After Election,2_after_election,4577,সমঝোতা,সমঝোতা,2,0.5999994816085182
2 After Election,2_after_election,4578,এইডা আবার তেমন কি ?? যে নিউজ করা লাগবে !!,এইডা আবার তেমন কি যে নিউজ করা লাগবে,0,0.5133010109582838
2 After Election,2_after_election,4579,তাকে খালি পিঠার উপরে রাখো।,তাকে খালি পিঠার উপরে রাখো,4,0.5488122147423117
2 After Election,2_after_election,4580,Alhamdulila Alhamdulila Alhamdulila Alhamdulila Alhamdulila Alhamdulila,alhamdulila alhamdulila alhamdulila alhamdulila alhamdulila alhamdulila,0,0.2
2 After Election,2_after_election,4581,সমঝোতা,সমঝোতা,2,0.5999994816085182
2 After Election,2_after_election,4582,মারহাবা,মারহাবা,3,0.5999930320902196
2 After Election,2_after_election,4583,"""সমঝোতা করে নেওয়া হালাল, যত্তসব নষ্টদের দখলে।""",সমঝোতা করে নেওয়া হালাল যত্তসব নষ্টদের দখলে,2,0.7996115018427833
2 After Election,2_after_election,4584,প্ল্যান বাস্তবায়ন হচ্ছে,প্ল্যান বাস্তবায়ন হচ্ছে,0,0.596540680239142
2 After Election,2_after_election,4585,সমঝোতা,সমঝোতা,2,0.5999994816085182
2 After Election,2_after_election,4586,Ader police a dan,ader police a dan,3,0.5999816197650384
2 After Election,2_after_election,4587,জামায়াতের বলে চালিয়ে দেওয়া যায় না,জামায়াতের বলে চালিয়ে দেওয়া যায় না,2,0.6298632680557253
2 After Election,2_after_election,4588,পিডা বেদম পিডা!,পিডা বেদম পিডা,0,0.2
2 After Election,2_after_election,4589,Akta tader pesaa o nesaa,akta tader pesaa o nesaa,0,0.2
2 After Election,2_after_election,4590,গরম ডিমের থেরাপি দেয়া হৌক,গরম ডিমের থেরাপি দেয়া হৌক,2,0.7996649500332653
2 After Election,2_after_election,4591,হাতেনাতে,হাতেনাতে,0,0.2
2 After Election,2_after_election,4592,Jr RifatZaber HossainNafiul Alfee বড় ভাইয়েরা আদর্শে আদর্শিক হতে চাচ্ছে,jr rifatzaber hossainnafiul alfee বড় ভাইয়েরা আদর্শে আদর্শিক হতে চাচ্ছে,3,0.7990730774386302
2 After Election,2_after_election,4593,Alhamdulilla,alhamdulilla,0,0.2
2 After Election,2_after_election,4594,"""উনাকে ফখরুল সাহেবের কাছে পাঠানো হোক, দুজনেরই সুষ্ঠু বিচার আশা করছি""",উনাকে ফখরুল সাহেবের কাছে পাঠানো হোক দুজনেরই সুষ্ঠু বিচার আশা করছি,4,0.9176831561780525
2 After Election,2_after_election,4595,বুজল না সমঝোতা করে নিলেই হত,বুজল না সমঝোতা করে নিলেই হত,4,0.4543981666050927
2 After Election,2_after_election,4596,গরম ডিম দেও বাবুটাকে,গরম ডিম দেও বাবুটাকে,2,0.5509828351172342
2 After Election,2_after_election,4597,"""ছাত্রশিবি অথবা জামাত ইসলাম বলে চালিয়ে দেন,""",ছাত্রশিবি অথবা জামাত ইসলাম বলে চালিয়ে দেন,2,0.3763044434632467
2 After Election,2_after_election,4598,Eto somojotar chada,eto somojotar chada,1,0.5999883976861476
2 After Election,2_after_election,4599,সংবাদকর্মীরা যদি কোন দলের গোলামী না করে ঠিকমতো নিউজ করে তাহলে দেশের অবস্থা কিছুটা ভালো হবে।,সংবাদকর্মীরা যদি কোন দলের গোলামী না করে ঠিকমতো নিউজ করে তাহলে দেশের অবস্থা কিছুটা ভালো হবে,3,0.7262568035651102
2 After Election,2_after_election,4600,সমঝোতা করে নেওয়ার পরও কেন আটক হল তীব্র নিন্দা জানাই,সমঝোতা করে নেওয়ার পরও কেন আটক হল তীব্র নিন্দা জানাই,2,0.7163688159656361
2 After Election,2_after_election,4601,সমঝোতা,সমঝোতা,2,0.5999994816085182
2 After Election,2_after_election,4602,এগুলো মনে হয় তারেক রহমান সাহেব প্রধানমন্ত্রী চোখে পড়ে না দেখেন না,এগুলো মনে হয় তারেক রহমান সাহেব প্রধানমন্ত্রী চোখে পড়ে না দেখেন না,3,0.5026434465114646
2 After Election,2_after_election,4603,সমঝোতা হইনি?,সমঝোতা হইনি,2,0.40056662383847214
2 After Election,2_after_election,4604,সমঝোতা করে নিতেছে চাদা বলবেন না দয়া করে,সমঝোতা করে নিতেছে চাদা বলবেন না দয়া করে,2,0.63659943064371
2 After Election,2_after_election,4605,আরো অনেক বড় বড় মাছ আছে,আরো অনেক বড় বড় মাছ আছে,3,0.5494363931366495
2 After Election,2_after_election,4606,উয়াউ,উয়াউ,0,0.2
2 After Election,2_after_election,4607,Banay nai,banay nai,1,0.5999927628001059
2 After Election,2_after_election,4608,মারহাবা,মারহাবা,3,0.5999930320902196
2 After Election,2_after_election,4609,যুবক আটক বলবেন। এভাবে সরাসরি বলা ঠিক হচ্ছে না।,যুবক আটক বলবেন এভাবে সরাসরি বলা ঠিক হচ্ছে না,1,0.516012476549775
2 After Election,2_after_election,4610,এটা চাদা না সমযোতা,এটা চাদা না সমযোতা,4,0.5999975391979444
2 After Election,2_after_election,4611,"""এতো শিবিরের নেতা দেখছি,,""",এতো শিবিরের নেতা দেখছি,1,0.7999213653617125
2 After Election,2_after_election,4612,এদিকে জনতা আটক করবে ওইদিকে প্রশাসন ছাড়ে দিবে,এদিকে জনতা আটক করবে ওইদিকে প্রশাসন ছাড়ে দিবে,1,0.8370152967398926
2 After Election,2_after_election,4613,শুরু,শুরু,1,0.5962554711791811
2 After Election,2_after_election,4614,সমঝোতা,সমঝোতা,2,0.5999994816085182
2 After Election,2_after_election,4615,সমঝোতা,সমঝোতা,2,0.5999994816085182
2 After Election,2_after_election,4616,গুজব গুজব,গুজব গুজব,2,0.733330739641184
2 After Election,2_after_election,4617,সমঝোতা,সমঝোতা,2,0.5999994816085182
2 After Election,2_after_election,4618,এর বিচি তে কয়েকটি ঠুকা মারা উচিত,এর বিচি তে কয়েকটি ঠুকা মারা উচিত,2,0.6393635561311166
2 After Election,2_after_election,4619,সমঝোতা,সমঝোতা,2,0.5999994816085182
2 After Election,2_after_election,4620,ঈদের অগ্রিম বোনাস উত্তম মাধ্যম দেয়া হোক,ঈদের অগ্রিম বোনাস উত্তম মাধ্যম দেয়া হোক,2,0.7429086212227866
2 After Election,2_after_election,4621,আ হা কি আনন্দ আকাশে বাতাসে,আ হা কি আনন্দ আকাশে বাতাসে,3,0.5981440740170401
2 After Election,2_after_election,4622,সোনার ছেলে,সোনার ছেলে,1,0.733273844915098
2 After Election,2_after_election,4623,মারহাবা,মারহাবা,3,0.5999930320902196
2 After Election,2_after_election,4624,"""এবার চাঁদা গুলা পিছন দিয়ে দেন,,,""",এবার চাঁদা গুলা পিছন দিয়ে দেন,2,0.8382662992815971
2 After Election,2_after_election,4625,সমঝোতা।,সমঝোতা,2,0.5999994816085182
2 After Election,2_after_election,4626,লোক শান,লোক শান,4,0.5980347572518637
2 After Election,2_after_election,4627,"""চাদা তুলে হাজারো নেতা কর্মী , একজনকে গ্রেফতার দেখিয়ে আই ওয়াশ নিউজ দালালী ছাড়া আর কিছু না।""",চাদা তুলে হাজারো নেতা কর্মী একজনকে গ্রেফতার দেখিয়ে আই ওয়াশ নিউজ দালালী ছাড়া আর কিছু না,2,0.45721141489993905
2 After Election,2_after_election,4628,সমঝোতা,সমঝোতা,2,0.5999994816085182
2 After Election,2_after_election,4629,সমঝোতা করে ছেড়ে দেওয়া হোক।,সমঝোতা করে ছেড়ে দেওয়া হোক,2,0.8392011850295671
2 After Election,2_after_election,4630,সুন্দর করে সমঝোতা করতে পারেনাই। কিছু প্রশিক্ষণ দরকার।,সুন্দর করে সমঝোতা করতে পারেনাই কিছু প্রশিক্ষণ দরকার,2,0.43986669862844896
2 After Election,2_after_election,4631,সমঝোতা,সমঝোতা,2,0.5999994816085182
2 After Election,2_after_election,4632,সমঝোতা,সমঝোতা,2,0.5999994816085182
2 After Election,2_after_election,4633,বেপার না তাদের তো সব সমঝোতার মাধ্যমে হালাল,বেপার না তাদের তো সব সমঝোতার মাধ্যমে হালাল,2,0.7999748099830558
2 After Election,2_after_election,4634,নেক্সট,নেক্সট,0,0.2
2 After Election,2_after_election,4635,কাজ করে খেতে কি হয়।,কাজ করে খেতে কি হয়,1,0.7289310750425632
2 After Election,2_after_election,4636,কোন ব্যাপার নাহ,কোন ব্যাপার নাহ,1,0.7984980504444256
2 After Election,2_after_election,4637,এটা চাদা না সম জোতা,এটা চাদা না সম জোতা,4,0.5999975391979444
2 After Election,2_after_election,4638,এসব টেলি ফিল্ম,এসব টেলি ফিল্ম,4,0.5960225786047693
2 After Election,2_after_election,4639,সমঝোতা,সমঝোতা,2,0.5999994816085182
2 After Election,2_after_election,4640,১০ বছরের জেল দেয়া হউক কোন আপিল করে এরা না বের হতে পারে,বছরের জেল দেয়া হউক কোন আপিল করে এরা না বের হতে পারে,2,0.44534939319946654
2 After Election,2_after_election,4641,চাঁদার বিরুদ্ধে দেশের সাধারণ জনগন রাস্তায় নেমে আন্দোলন করবে খুব শীঘ্রই।।।,চাঁদার বিরুদ্ধে দেশের সাধারণ জনগন রাস্তায় নেমে আন্দোলন করবে খুব শীঘ্রই,2,0.6868337893085795
2 After Election,2_after_election,4642,"""সামনে ইদ, কেনাকাটা করা লাগবে তো।""",সামনে ইদ কেনাকাটা করা লাগবে তো,3,0.400054299230911
2 After Election,2_after_election,4643,বিএনপির নেতা কর্মীরা হলেও রিমান্ডে নেওয়া দরকার,বিএনপির নেতা কর্মীরা হলেও রিমান্ডে নেওয়া দরকার,4,0.5940236294162946
2 After Election,2_after_election,4644,সমঝোতা,সমঝোতা,2,0.5999994816085182
2 After Election,2_after_election,4645,সোনার ছেলে গড়বে সোনার দেশ।,সোনার ছেলে গড়বে সোনার দেশ,1,0.8387527719387935
2 After Election,2_after_election,4646,সমাঝোতা,সমাঝোতা,0,0.2
2 After Election,2_after_election,4647,ডাইরেক্ট একশান করে দাও।,ডাইরেক্ট একশান করে দাও,3,0.5976663474537909
2 After Election,2_after_election,4648,৫ টা বছর টিভি চ্যানেল গুলা এই সব পোস্ট করে ইনকাম করবে সে জন্য তো নির্বাচন এ উলটা পালটা নিউজ করে ক্ষমতা আনলো,টা বছর টিভি চ্যানেল গুলা এই সব পোস্ট করে ইনকাম করবে সে জন্য তো নির্বাচন এ উলটা পালটা নিউজ করে ক্ষমতা আনলো,4,0.4692652624158363
2 After Election,2_after_election,4649,সমোঝোতা বুঝো না?,সমোঝোতা বুঝো না,4,0.5999863302907703
2 After Election,2_after_election,4650,সমঝোতাই ব‍্যর্থ নেতা পদ স্থগিত করা উচিত,সমঝোতাই ব্যর্থ নেতা পদ স্থগিত করা উচিত,1,0.30024114845691563
2 After Election,2_after_election,4651,কে জানি বলল জামাতরা চাঁদাবাজি করে সে কই,কে জানি বলল জামাতরা চাঁদাবাজি করে সে কই,4,0.6399390406123708
2 After Election,2_after_election,4652,কি সোনার নেতা।,কি সোনার নেতা,1,0.733332025023122
2 After Election,2_after_election,4653,চারদিকে শুধু উন্নয়ন আর উন্নয়ন!,চারদিকে শুধু উন্নয়ন আর উন্নয়ন,1,0.7981946569412556
2 After Election,2_after_election,4654,সমঝোতা,সমঝোতা,2,0.5999994816085182
2 After Election,2_after_election,4655,ঘন দোলাই দেন নাই...??,ঘন দোলাই দেন নাই,2,0.733195278384288
2 After Election,2_after_election,4656,সমঝোতা,সমঝোতা,2,0.5999994816085182
2 After Election,2_after_election,4657,সম,সম,0,0.2
2 After Election,2_after_election,4658,"""এরা নেতা হয় কি ভাবে কোথাও মিছিল মিটিংয়ে কথা ও তু বলতে পারে না, নেতা হতে গেলে মিনিমাম শিক্ষার দরকার আছে এদের কি তা আছে""",এরা নেতা হয় কি ভাবে কোথাও মিছিল মিটিংয়ে কথা ও তু বলতে পারে না নেতা হতে গেলে মিনিমাম শিক্ষার দরকার আছে এদের কি তা আছে,3,0.5811207540900118
2 After Election,2_after_election,4659,জাতি ১নাম্বার হওয়ার অপেক্ষায়,জাতি নাম্বার হওয়ার অপেক্ষায়,4,0.7964090978784725
2 After Election,2_after_election,4660,উন্নয়ন,উন্নয়ন,1,0.5992323355475843
2 After Election,2_after_election,4661,আস্তাগফিরুল্লাহ এইগুলা কি বলেন? পাপ হবে না মুক্তিযুদ্ধের পক্ষের শক্তির বিরুদ্ধে অপপ্রচার চালাচ্ছেন বট বাহিনী নাকি?,আস্তাগফিরুল্লাহ এইগুলা কি বলেন পাপ হবে না মুক্তিযুদ্ধের পক্ষের শক্তির বিরুদ্ধে অপপ্রচার চালাচ্ছেন বট বাহিনী নাকি,4,0.38996768498468315
2 After Election,2_after_election,4662,সমঝোতা,সমঝোতা,2,0.5999994816085182
2 After Election,2_after_election,4663,ওরে বেশি করে সরিষার তেল মাখান সব টিক হয়ে যাবে,ওরে বেশি করে সরিষার তেল মাখান সব টিক হয়ে যাবে,1,0.5379740639501663
2 After Election,2_after_election,4664,ঈদ বোনাস,ঈদ বোনাস,2,0.7333283708823826
2 After Election,2_after_election,4665,চমৎকার,চমৎকার,1,0.5999883143694081
2 After Election,2_after_election,4666,সবই সমঝোতা,সবই সমঝোতা,2,0.7333297694330123
2 After Election,2_after_election,4667,এগুলো দু একটি বিচ্ছিন্ন ঘটনা এ ছাড়া চাঁদাবাজি ছিল স্বাভাবিক,এগুলো দু একটি বিচ্ছিন্ন ঘটনা এ ছাড়া চাঁদাবাজি ছিল স্বাভাবিক,2,0.6398161031111664
2 After Election,2_after_election,4668,De pida chikon jingla dia!!,de pida chikon jingla dia,0,0.2
2 After Election,2_after_election,4669,গুড জব,গুড জব,1,0.5999935334448773
2 After Election,2_after_election,4670,কররে ভাই,কররে ভাই,2,0.5990314861794517
2 After Election,2_after_election,4671,এইডা নেতা ?,এইডা নেতা,1,0.4005843625495573
2 After Election,2_after_election,4672,"""ওটা চাঁদা না ওটা সমঝোতা, আর এখন তাকে সমঝোতার মাধ্যমে """"উত্তম মাধ্যম"""" দিলেই হয়ে যাবে""",ওটা চাঁদা না ওটা সমঝোতা আর এখন তাকে সমঝোতার মাধ্যমে উত্তম মাধ্যম দিলেই হয়ে যাবে,2,0.705658093892473
2 After Election,2_after_election,4673,বিম্পির সব ছাপরি......,বিম্পির সব ছাপরি,0,0.2
2 After Election,2_after_election,4674,হয়তো বা সমঝোতার মাধ্যমে চাঁদা নিয়েছে।আগে করতো যুবলীগ আর এখন করছে যুবদল।,হয়তো বা সমঝোতার মাধ্যমে চাঁদা নিয়েছে আগে করতো যুবলীগ আর এখন করছে যুবদল,2,0.6001739595291035
2 After Election,2_after_election,4675,স্বইচ্ছায় প্রদান ভাই,স্বইচ্ছায় প্রদান ভাই,2,0.5990314861794517
2 After Election,2_after_election,4676,অশিক্ষিত বেকারদের কর্মসংস্থান,অশিক্ষিত বেকারদের কর্মসংস্থান,0,0.2
2 After Election,2_after_election,4677,সমঝোতা।,সমঝোতা,2,0.5999994816085182
2 After Election,2_after_election,4678,সমঝোতা,সমঝোতা,2,0.5999994816085182
2 After Election,2_after_election,4679,এটা কে নেতা মনে হয় কোন অ্যাঙ্গেল থেকে,এটা কে নেতা মনে হয় কোন অ্যাঙ্গেল থেকে,1,0.7968985449016386
2 After Election,2_after_election,4680,"""দরতে সময় লাগে না , ছরতেও সময়ে লাগেনা,ও কি সমঝোতা করে না।""",দরতে সময় লাগে না ছরতেও সময়ে লাগেনা ও কি সমঝোতা করে না,2,0.8378466006771355
2 After Election,2_after_election,4681,ইস....স্!,ইস স্,0,0.2
2 After Election,2_after_election,4682,কি দেশ রে ভাই নিউজ মিডিয়া গুজব ছড়ায়,কি দেশ রে ভাই নিউজ মিডিয়া গুজব ছড়ায়,3,0.46733318343628855
2 After Election,2_after_election,4683,জোর করে তুলছিল নাকি সমন্বয় করে তুলেছিল চাঁদা,জোর করে তুলছিল নাকি সমন্বয় করে তুলেছিল চাঁদা,2,0.5468766562338343
2 After Election,2_after_election,4684,It's সমঝোতা,it s সমঝোতা,2,0.7316287688321839
2 After Election,2_after_election,4685,কি যুগ আইলো আকাম করলেই কট,কি যুগ আইলো আকাম করলেই কট,4,0.6011252746202085
2 After Election,2_after_election,4686,Salar khubri tul,salar khubri tul,0,0.2
2 After Election,2_after_election,4687,মাশাল্লাহ,মাশাল্লাহ,2,0.5999881389540704
2 After Election,2_after_election,4688,হাত কাটা উচিত,হাত কাটা উচিত,4,0.7316736733886936
2 After Election,2_after_election,4689,সমঝোতা,সমঝোতা,2,0.5999994816085182
2 After Election,2_after_election,4690,ঈদের বোনাস।,ঈদের বোনাস,2,0.3998848589987711
2 After Election,2_after_election,4691,ঔ কি রে কি রে মধু মধু,ঔ কি রে কি রে মধু মধু,2,0.7333165254809701
2 After Election,2_after_election,4692,এগুলা সোনার ছেলে,এগুলা সোনার ছেলে,1,0.7991673478573467
2 After Election,2_after_election,4693,এর পরেও বাংলাদেশের মানুষ তাদের কে ই ভোট টা দিবে,এর পরেও বাংলাদেশের মানুষ তাদের কে ই ভোট টা দিবে,4,0.8636767525327788
2 After Election,2_after_election,4694,সমজতা,সমজতা,0,0.5999807846826835
2 After Election,2_after_election,4695,আটক কট,আটক কট,1,0.7325165438832228
2 After Election,2_after_election,4696,সমঝোতা সমঝোতা,সমঝোতা সমঝোতা,2,0.7333330326439007
2 After Election,2_after_election,4697,বাহ,বাহ,1,0.5999959687225779
2 After Election,2_after_election,4698,দলকানাগুলো দেখি রাতকানাও,দলকানাগুলো দেখি রাতকানাও,3,0.5972289319201691
2 After Election,2_after_election,4699,সবকিছুই সমঝোতা,সবকিছুই সমঝোতা,2,0.4005600778767572
2 After Election,2_after_election,4700,ঠিক ভাই ঠিক,ঠিক ভাই ঠিক,1,0.7977062106738609
2 After Election,2_after_election,4701,বাহ চমৎকার,বাহ চমৎকার,1,0.7333287905727526
2 After Election,2_after_election,4702,সময়ের সঠিক সিদ্ধান্ত,সময়ের সঠিক সিদ্ধান্ত,4,0.7999973332100119
2 After Election,2_after_election,4703,এইবার ঠিক আছে,এইবার ঠিক আছে,1,0.7293874378869449
2 After Election,2_after_election,4704,সমঝোতায় চলবে সব,সমঝোতায় চলবে সব,1,0.5973334669676207
2 After Election,2_after_election,4705,খাওক,খাওক,0,0.2
2 After Election,2_after_election,4706,হুম তাই তো,হুম তাই তো,0,0.599989546935406
2 After Election,2_after_election,4707,ঠিক কইছেন নেতা,ঠিক কইছেন নেতা,1,0.7333328365636556
2 After Election,2_after_election,4708,মানচিত্র খাবি!,মানচিত্র খাবি,0,0.2
2 After Election,2_after_election,4709,খা,খা,1,0.5999966754487512
2 After Election,2_after_election,4710,খা খা ইচ্ছা মতো খা,খা খা ইচ্ছা মতো খা,1,0.8660966705864344
2 After Election,2_after_election,4711,হ ভাই মিলেমিশে খা,হ ভাই মিলেমিশে খা,1,0.7271865867992617
2 After Election,2_after_election,4712,ঠিক।,ঠিক,1,0.5999994521830625
2 After Election,2_after_election,4713,গু খাবে না?,গু খাবে না,3,0.7333286009142658
2 After Election,2_after_election,4714,একটু অপেক্ষা কর,একটু অপেক্ষা কর,2,0.7991275913164986
2 After Election,2_after_election,4715,ঠিক,ঠিক,1,0.5999994521830625
2 After Election,2_after_election,4716,অবশ্যই,অবশ্যই,2,0.5979768959981814
2 After Election,2_after_election,4717,ওর কথায় যুক্তি আছে,ওর কথায় যুক্তি আছে,4,0.7998724168002188
2 After Election,2_after_election,4718,এরা কোন গ্রহের,এরা কোন গ্রহের,1,0.7300211221021712
2 After Election,2_after_election,4719,ঠিক ঠিক,ঠিক ঠিক,1,0.7333330155596605
2 After Election,2_after_election,4720,আমি এতে একমত,আমি এতে একমত,0,0.5976388281153168
2 After Election,2_after_election,4721,Mair,mair,0,0.2
2 After Election,2_after_election,4722,আয় হায়,আয় হায়,3,0.7329931386787536
2 After Election,2_after_election,4723,খেতে খেতে এগিয়ে যাও,খেতে খেতে এগিয়ে যাও,0,0.8392328436522538
2 After Election,2_after_election,4724,চমেৎকার,চমেৎকার,0,0.2
2 After Election,2_after_election,4725,মারহাবা,মারহাবা,3,0.5999930320902196
2 After Election,2_after_election,4726,ঠিক ঠিক,ঠিক ঠিক,1,0.7333330155596605
2 After Election,2_after_election,4727,জ্বি স্যার,জ্বি স্যার,0,0.5966268316853727
2 After Election,2_after_election,4728,ঠিকহে,ঠিকহে,0,0.2
2 After Election,2_after_election,4729,এগুলি খাবার জিনিষ??,এগুলি খাবার জিনিষ,0,0.2
2 After Election,2_after_election,4730,আনোয়ার টিভির সংবাদ,আনোয়ার টিভির সংবাদ,1,0.5986502677758591
2 After Election,2_after_election,4731,মাশাল্লাহ,মাশাল্লাহ,2,0.5999881389540704
2 After Election,2_after_election,4732,অয়,অয়,0,0.2
2 After Election,2_after_election,4733,ঠিক ই বলছে,ঠিক ই বলছে,1,0.40036079324749957
2 After Election,2_after_election,4734,দলকানারা এসব দেখে না?,দলকানারা এসব দেখে না,4,0.7307438035136674
2 After Election,2_after_election,4735,জ্বী ভাই,জ্বী ভাই,2,0.5990314861794517
2 After Election,2_after_election,4736,বাহ,বাহ,1,0.5999959687225779
2 After Election,2_after_election,4737,ঠিক,ঠিক,1,0.5999994521830625
2 After Election,2_after_election,4738,জি বুঝলাম,জি বুঝলাম,4,0.733325504546414
2 After Election,2_after_election,4739,ওয়াও নাইচ । আমি ও আছি,ওয়াও নাইচ আমি ও আছি,2,0.7315957864388363
2 After Election,2_after_election,4740,বরি দে,বরি দে,1,0.5982858587997718
2 After Election,2_after_election,4741,সহমত ভাই,সহমত ভাই,2,0.733071598382916
2 After Election,2_after_election,4742,এ জন্যই রাজনিতি,এ জন্যই রাজনিতি,3,0.5999851683682744
2 After Election,2_after_election,4743,সঠিক সিদ্ধান্ত,সঠিক সিদ্ধান্ত,4,0.7333318549407353
2 After Election,2_after_election,4744,সমঝোতা করে খাইয়েন,সমঝোতা করে খাইয়েন,2,0.5999994816085182
2 After Election,2_after_election,4745,হাট ঘাট মাঠ সব খা।,হাট ঘাট মাঠ সব খা,1,0.5530064546342487
2 After Election,2_after_election,4746,জনগন আগের মতন নাই প্রিয়,জনগন আগের মতন নাই প্রিয়,2,0.46197780194649135
2 After Election,2_after_election,4747,ঠিক,ঠিক,1,0.5999994521830625
2 After Election,2_after_election,4748,জ্বি,জ্বি,0,0.2
2 After Election,2_after_election,4749,ইচ্ছেমত খাও,ইচ্ছেমত খাও,1,0.5999961930108799
2 After Election,2_after_election,4750,হাট ঘাট খায় কি ভাবে??,হাট ঘাট খায় কি ভাবে,0,0.54809376104346
2 After Election,2_after_election,4751,"""সাবাস বেটা, এগিয়ে যাও।""",সাবাস বেটা এগিয়ে যাও,0,0.8381008915739864
2 After Election,2_after_election,4752,ঠিকই তো,ঠিকই তো,0,0.599161994725876
2 After Election,2_after_election,4753,সমঝোতা গো।,সমঝোতা গো,2,0.7324047501266764
2 After Election,2_after_election,4754,এইটাই প্ল্যান,এইটাই প্ল্যান,0,0.596540680239142
2 After Election,2_after_election,4755,হাট ঘাটের গু খাবে??,হাট ঘাটের গু খাবে,3,0.5502366693839497
2 After Election,2_after_election,4756,Amio tai boli ustad. …,amio tai boli ustad,1,0.5999904079106727
2 After Election,2_after_election,4757,সাবাস বাগিনা,সাবাস বাগিনা,0,0.5999879871197279
2 After Election,2_after_election,4758,ঠিক ঠিক।,ঠিক ঠিক,1,0.7333330155596605
2 After Election,2_after_election,4759,Only Love react,only love react,0,0.2
2 After Election,2_after_election,4760,চালিয়ে যেতে পার,চালিয়ে যেতে পার,1,0.7955808207083278
2 After Election,2_after_election,4761,ঠিক হে,ঠিক হে,1,0.4001749431974214
2 After Election,2_after_election,4762,মারহাবা!,মারহাবা,3,0.5999930320902196
2 After Election,2_after_election,4763,খাইও তবে সমাজতার মাদ্যমে।,খাইও তবে সমাজতার মাদ্যমে,0,0.2
2 After Election,2_after_election,4764,মারহাবা মারহাবা,মারহাবা মারহাবা,3,0.7333293596539602
2 After Election,2_after_election,4765,অবশ্যই খাবে!,অবশ্যই খাবে,3,0.7310494370405076
2 After Election,2_after_election,4766,হাচা কতা কইছেন।,হাচা কতা কইছেন,0,0.2
2 After Election,2_after_election,4767,জয়বাংলা,জয়বাংলা,0,0.2
2 After Election,2_after_election,4768,বাহ বাহ,বাহ বাহ,1,0.7333309794639702
2 After Election,2_after_election,4769,ওমা তাই,ওমা তাই,0,0.2
2 After Election,2_after_election,4770,খাবে,খাবে,3,0.5999956663490443
2 After Election,2_after_election,4771,আমি ও তাই বলি।,আমি ও তাই বলি,0,0.2
2 After Election,2_after_election,4772,খা রে ভাই খা,খা রে ভাই খা,1,0.7977050796548367
2 After Election,2_after_election,4773,চমৎকার,চমৎকার,1,0.5999883143694081
2 After Election,2_after_election,4774,বাহ..,বাহ,1,0.5999959687225779
2 After Election,2_after_election,4775,মন মত খা,মন মত খা,1,0.5492134028566268
2 After Election,2_after_election,4776,আসেন সবাই মিলে মিশে খাই,আসেন সবাই মিলে মিশে খাই,0,0.4789892642134589
2 After Election,2_after_election,4777,Ahare ruti ruji,ahare ruti ruji,1,0.5999927902562359
2 After Election,2_after_election,4778,এমন কথায় তো শুনতে চাই,এমন কথায় তো শুনতে চাই,3,0.4400503283417011
2 After Election,2_after_election,4779,ঠিক,ঠিক,1,0.5999994521830625
2 After Election,2_after_election,4780,উওম প্রস্তাব,উওম প্রস্তাব,0,0.2
2 After Election,2_after_election,4781,হাট আর বেশি দূর নয়।,হাট আর বেশি দূর নয়,1,0.6396050354791651
2 After Election,2_after_election,4782,সাবাস বেটা।,সাবাস বেটা,0,0.7268918698201128
2 After Election,2_after_election,4783,ঠিকই বলেছ ।,ঠিকই বলেছ,0,0.599161994725876
