dataset,dataset_slug,doc_id,raw_text,clean_text,dominant_topic,dominant_topic_prob
3 After Forming Government,3_after_forming_government,0,মূল গনতন্ত্র ফিরে পেয়েছে বাংলাদেশ।,মূল গনতন্ত্র ফিরে পেয়েছে বাংলাদেশ,4,0.7985971058132944
3 After Forming Government,3_after_forming_government,1,"নবনির্বাচিত সকল সম্মানিত এমপি মহোদয়দের জানাই আন্তরিক অভিনন্দন ও শুভেচ্ছা। আশা করি, আপনারা দেশের মানুষের প্রত্যাশা ও আস্থার প্রতিফলন ঘটিয়ে সংসদে নতুন দৃষ্টান্ত স্থাপন করবেন। আপনাদের সৎ নেতৃত্ব, দূরদর্শিতা ও জনকল্যাণমূলক কার্যক্রমের মাধ্যমে দেশ এগিয়ে যাবে উন্নয়ন ও সমৃদ্ধির পথে—এই প্রত্যাশাই রইল।",নবনির্বাচিত সকল সম্মানিত এমপি মহোদয়দের জানাই আন্তরিক অভিনন্দন ও শুভেচ্ছা আশা করি আপনারা দেশের মানুষের প্রত্যাশা ও আস্থার প্রতিফলন ঘটিয়ে সংসদে নতুন দৃষ্টান্ত স্থাপন করবেন আপনাদের সৎ নেতৃত্ব দূরদর্শিতা ও জনকল্যাণমূলক কার্যক্রমের মাধ্যমে দেশ এগিয়ে যাবে উন্নয়ন ও সমৃদ্ধির পথে এই প্রত্যাশাই রইল,4,0.696798125702803
3 After Forming Government,3_after_forming_government,2,দেড় বছর সরকার চালানোর পর এবার বিরোধীদলে যাচ্ছে জামায়াত -এনসিপি।,দেড় বছর সরকার চালানোর পর এবার বিরোধীদলে যাচ্ছে জামায়াত এনসিপি,2,0.9101058630245071
3 After Forming Government,3_after_forming_government,3,অভিনন্দন ও শুভকামনা রইল সেই সাথে দেশ দূরনীতি মুক্তর প্রত্যাশা রইলো।,অভিনন্দন ও শুভকামনা রইল সেই সাথে দেশ দূরনীতি মুক্তর প্রত্যাশা রইলো,3,0.8847487831384458
3 After Forming Government,3_after_forming_government,4,আলহামদুলিল্লাহ l,আলহামদুলিল্লাহ l,2,0.5999989241498305
3 After Forming Government,3_after_forming_government,5,শুভকামনা রইল l,শুভকামনা রইল l,3,0.7333303057945072
3 After Forming Government,3_after_forming_government,6,বাংলাদেশের স্বরাষ্ট্রমন্ত্রী কিন্তু ভারত,বাংলাদেশের স্বরাষ্ট্রমন্ত্রী কিন্তু ভারত,3,0.5989935449466776
3 After Forming Government,3_after_forming_government,7,সরকার গঠন করে,সরকার গঠন করে,2,0.7331375301008848
3 After Forming Government,3_after_forming_government,8,তারেক রহমানের,তারেক রহমানের,4,0.7328085666854274
3 After Forming Government,3_after_forming_government,9,বিরোধী দলীয় নেতাদের বাসায় সৌজন্য সাক্ষাৎ দেশের জন্য ইতিবাচক হবে বলে মনে করি ইনশাআল্লাহ।,বিরোধী দলীয় নেতাদের বাসায় সৌজন্য সাক্ষাৎ দেশের জন্য ইতিবাচক হবে বলে মনে করি ইনশাআল্লাহ,4,0.9182321266505972
3 After Forming Government,3_after_forming_government,10,আলহামদুলিল্লাহ,আলহামদুলিল্লাহ,2,0.5999989241498305
3 After Forming Government,3_after_forming_government,11,ব্রেকিং,ব্রেকিং,0,0.2
3 After Forming Government,3_after_forming_government,12,বিএনপি জুলাই এর সংবিধান সংস্কার পরিষদের শপথ নিচ্ছে না ।,বিএনপি জুলাই এর সংবিধান সংস্কার পরিষদের শপথ নিচ্ছে না,2,0.5352979755807362
3 After Forming Government,3_after_forming_government,13,- সালাউদ্দিন আহমেদ,সালাউদ্দিন আহমেদ,4,0.597616943781316
3 After Forming Government,3_after_forming_government,14,বাংলাদেশ আবার পথ হারালো হয়তো ।,বাংলাদেশ আবার পথ হারালো হয়তো,4,0.5998930803860321
3 After Forming Government,3_after_forming_government,15,"ক্রাস খায়েননা,যে ভাবে থাকি আছে আমাদের লিডার।",ক্রাস খায়েননা যে ভাবে থাকি আছে আমাদের লিডার,0,0.7980310150169531
3 After Forming Government,3_after_forming_government,16,এই-যে আপনাকে বলছি শুনোন শপথ সুন্দর ভাবে করুন দে-শ যেনো ভালো চলে,এই যে আপনাকে বলছি শুনোন শপথ সুন্দর ভাবে করুন দে শ যেনো ভালো চলে,2,0.7623182597610006
3 After Forming Government,3_after_forming_government,17,না হলে মন্ত্রী হিসেবে ব্যর্থ হবেন,না হলে মন্ত্রী হিসেবে ব্যর্থ হবেন,3,0.8382095777061637
3 After Forming Government,3_after_forming_government,18,দীর্ঘ প্রায় ২০ বছর পরে ক্ষমতায় যাচ্ছেন,দীর্ঘ প্রায় বছর পরে ক্ষমতায় যাচ্ছেন,2,0.5021833724698509
3 After Forming Government,3_after_forming_government,19,শুভকামনা রইল,শুভকামনা রইল,3,0.7333303057945072
3 After Forming Government,3_after_forming_government,20,বাংলাদেশের জাতি চুটিয়া জাতি এই জাতির ভাগ্য পরিবর্তন হবে না,বাংলাদেশের জাতি চুটিয়া জাতি এই জাতির ভাগ্য পরিবর্তন হবে না,3,0.8637731466209864
3 After Forming Government,3_after_forming_government,21,এত টুপি গেল কোথায়?,এত টুপি গেল কোথায়,0,0.7991124794114328
3 After Forming Government,3_after_forming_government,22,জুলাইয়ের সাথে বিম্পির গাদ্দারি,জুলাইয়ের সাথে বিম্পির গাদ্দারি,0,0.7326575542828062
3 After Forming Government,3_after_forming_government,23,জুলাই যোদ্ধা রা রেডি থাকো দেশে আরও একটা কঠিন থেকে কঠিন লড়াই হবে লড়াই,জুলাই যোদ্ধা রা রেডি থাকো দেশে আরও একটা কঠিন থেকে কঠিন লড়াই হবে লড়াই,4,0.5717722553232072
3 After Forming Government,3_after_forming_government,24,জুলাই এর হাতিয়ার গর্জে উঠোক আরেক বার,জুলাই এর হাতিয়ার গর্জে উঠোক আরেক বার,0,0.4345915859152683
3 After Forming Government,3_after_forming_government,25,পল্টি নেওয়া শুরু তাইলে..,পল্টি নেওয়া শুরু তাইলে,0,0.8395757623397379
3 After Forming Government,3_after_forming_government,26,এগিয়ে জান লিডার পুরা পৃথিবী আপনার বিপক্ষে থাকলেও আমি পৃথিবীর পক্ষে আছি,এগিয়ে জান লিডার পুরা পৃথিবী আপনার বিপক্ষে থাকলেও আমি পৃথিবীর পক্ষে আছি,0,0.9103090460767482
3 After Forming Government,3_after_forming_government,27,এইতো মাত্র লাইনে আসা শুরু করছে।,এইতো মাত্র লাইনে আসা শুরু করছে,4,0.6202714902926525
3 After Forming Government,3_after_forming_government,28,সামনে আরো ইন্টারেস্টিং কিছু অপেক্ষা করতেছে আশা করা যায়,সামনে আরো ইন্টারেস্টিং কিছু অপেক্ষা করতেছে আশা করা যায়,2,0.5649676973427787
3 After Forming Government,3_after_forming_government,29,"কারো কথাই, সমালোচনায় কান দিয়োনা , নিজে নিজে এগিয়ে যাও ভারতের দিকে",কারো কথাই সমালোচনায় কান দিয়োনা নিজে নিজে এগিয়ে যাও ভারতের দিকে,3,0.8993235791569569
3 After Forming Government,3_after_forming_government,30,পল্টি নেওয়া শুরু তাইলে.. সবাই মিলে মিশে থাকা উচিত,পল্টি নেওয়া শুরু তাইলে সবাই মিলে মিশে থাকা উচিত,0,0.9187939059897661
3 After Forming Government,3_after_forming_government,31,হাসু আপুর সংবিধানই থাকলে হাসু আপুই বৈধ প্রধানমন্ত্রী।,হাসু আপুর সংবিধানই থাকলে হাসু আপুই বৈধ প্রধানমন্ত্রী,4,0.6000705573918406
3 After Forming Government,3_after_forming_government,32,জুলাই আন্দোলনে কারনেই আজ BNP শপথ নিতে পেরেছে। নইলে “ঈদের পর আন্দোলন” বলে বলে বলে বলে ১৭ বছরের সাথে আর কত ১৭ বছর যেতো আল্লাহ জানেন ।,জুলাই আন্দোলনে কারনেই আজ bnp শপথ নিতে পেরেছে নইলে ঈদের পর আন্দোলন বলে বলে বলে বলে বছরের সাথে আর কত বছর যেতো আল্লাহ জানেন,2,0.6211853122172121
3 After Forming Government,3_after_forming_government,33,মন থেকে বিএনপিকে ধন্যবাদ জানাই এরকম যুগান্তকারী একটা সিদ্ধান্ত নেওয়ার জন্য,মন থেকে বিএনপিকে ধন্যবাদ জানাই এরকম যুগান্তকারী একটা সিদ্ধান্ত নেওয়ার জন্য,3,0.4846993719504448
3 After Forming Government,3_after_forming_government,34,১৯৯৬ সালে বিএনপি কত দিন ক্ষমতায় ছিল,সালে বিএনপি কত দিন ক্ষমতায় ছিল,1,0.8376063456759698
3 After Forming Government,3_after_forming_government,35,The Constitution of 1972 is the best in the entire world.,the constitution of is the best in the entire world,2,0.8999731044998794
3 After Forming Government,3_after_forming_government,36,"সমস্যা নাই বেইমানদের তো চিনলো জনগণ, খুব শীঘ্রই কিছু একটা ঘটতে যাচ্ছে।",সমস্যা নাই বেইমানদের তো চিনলো জনগণ খুব শীঘ্রই কিছু একটা ঘটতে যাচ্ছে,0,0.8387523096884679
3 After Forming Government,3_after_forming_government,37,"তাহলে তো হাসু আপার সংবিধানে তিনিই এখনো প্রধানমন্ত্রী, তাকে তার দায়িত্ব বুজিয়ে দেয়া হোক",তাহলে তো হাসু আপার সংবিধানে তিনিই এখনো প্রধানমন্ত্রী তাকে তার দায়িত্ব বুজিয়ে দেয়া হোক,4,0.9268393313030965
3 After Forming Government,3_after_forming_government,38,Think ache.polapainr kothai BNP cholbe naki,think ache polapainr kothai bnp cholbe naki,2,0.5999969399964111
3 After Forming Government,3_after_forming_government,39,সংস্কারের পক্ষে শপথ না নিলে মেয়াদ দিলাম সর্বোচ্চ ২বছর,সংস্কারের পক্ষে শপথ না নিলে মেয়াদ দিলাম সর্বোচ্চ বছর,2,0.6101352756716306
3 After Forming Government,3_after_forming_government,40,যুগের পরে যুগ ইতিহাসে লেখা আছে গাদ্দারী তো ওরাই করে যাদের অস্তিত্ব বিলিনের পথে যখন তারা স্বস্তি ফিরে পায়,যুগের পরে যুগ ইতিহাসে লেখা আছে গাদ্দারী তো ওরাই করে যাদের অস্তিত্ব বিলিনের পথে যখন তারা স্বস্তি ফিরে পায়,0,0.6261904676442918
3 After Forming Government,3_after_forming_government,41,"বিএনপি আওয়ামী লীগ ভাই ভাই, মিলেমিশে ভাগ করে খাই, তাই খাওয়ার জন্য সংস্করণ শপথ নিবে না",বিএনপি আওয়ামী লীগ ভাই ভাই মিলেমিশে ভাগ করে খাই তাই খাওয়ার জন্য সংস্করণ শপথ নিবে না,2,0.49654141185882666
3 After Forming Government,3_after_forming_government,42,ওরা চায় না সংস্কার হোক,ওরা চায় না সংস্কার হোক,4,0.8356853811442186
3 After Forming Government,3_after_forming_government,43,শনির দশার অপেক্ষায়,শনির দশার অপেক্ষায়,1,0.5997026160494802
3 After Forming Government,3_after_forming_government,44,জুলাই এর সঙ্গে বেইমানি করলে এদেশে আবারো জুলাই নেমে আসবে ইনশাআল্লাহ...,জুলাই এর সঙ্গে বেইমানি করলে এদেশে আবারো জুলাই নেমে আসবে ইনশাআল্লাহ,4,0.910847047946581
3 After Forming Government,3_after_forming_government,45,"এখানে এত অবাক হওয়ার কি আছে, বিনপি এমন পোল্টি মারবে তা তো সবার জানা থাকার কথা। নির্বাচন এ যা করছে তাতে না বুঝার কিছুই নাই এরা ভবিষ্যত এ ভালো কিছুই করবে না।",এখানে এত অবাক হওয়ার কি আছে বিনপি এমন পোল্টি মারবে তা তো সবার জানা থাকার কথা নির্বাচন এ যা করছে তাতে না বুঝার কিছুই নাই এরা ভবিষ্যত এ ভালো কিছুই করবে না,1,0.597000985546562
3 After Forming Government,3_after_forming_government,46,"মাহদী আগমন করেছেন, আজই তাঁর প্রতি আনুগত্য ও সমর্থনের অঙ্গীকার করুন!",মাহদী আগমন করেছেন আজই তাঁর প্রতি আনুগত্য ও সমর্থনের অঙ্গীকার করুন,2,0.8639559600231814
3 After Forming Government,3_after_forming_government,47,নবী মুহাম্মদ (সা. ও তাঁর পরিবার) বলেছেন:,নবী মুহাম্মদ সা ও তাঁর পরিবার বলেছেন,2,0.7318836700820349
3 After Forming Government,3_after_forming_government,48,"“যে ব্যক্তি তার সময়ের ইমামের প্রতি আনুগত্য (বাইআত) না করে মৃত্যুবরণ করে, সে জাহেলিয়াতের মৃত্যুবরণ করেছে।""",যে ব্যক্তি তার সময়ের ইমামের প্রতি আনুগত্য বাইআত না করে মৃত্যুবরণ করে সে জাহেলিয়াতের মৃত্যুবরণ করেছে,2,0.6865741313162279
3 After Forming Government,3_after_forming_government,49,YouTube : The Mahdi Has Appeared.,youtube the mahdi has appeared,2,0.5999957255001119
3 After Forming Government,3_after_forming_government,50,তাহলে এ নির্বাচনের মানে কি,তাহলে এ নির্বাচনের মানে কি,4,0.7987971592793769
3 After Forming Government,3_after_forming_government,51,শুরু হচ্ছে তাহলে,শুরু হচ্ছে তাহলে,0,0.7298638264659
3 After Forming Government,3_after_forming_government,52,"17 বছর পর ও কিন্ত আওয়ামীলীগ অপমানিত হয়ে দেশ ছাড়তে হইছে ,, এটা মাথায় রাখা ভাল,, না হলে ,,,Another terrible revolution awaits us",বছর পর ও কিন্ত আওয়ামীলীগ অপমানিত হয়ে দেশ ছাড়তে হইছে এটা মাথায় রাখা ভাল না হলে another terrible revolution awaits us,0,0.47829436647835516
3 After Forming Government,3_after_forming_government,53,Aita agai Jana silo Amon e hobe..,aita agai jana silo amon e hobe,0,0.5999932740989202
3 After Forming Government,3_after_forming_government,54,Ai karone BNP support korina,ai karone bnp support korina,2,0.40038801434357646
3 After Forming Government,3_after_forming_government,55,আরো কতো কি বাকি আছে সামনে ইনশাআল্লাহ,আরো কতো কি বাকি আছে সামনে ইনশাআল্লাহ,1,0.6987587266365901
3 After Forming Government,3_after_forming_government,56,১২ দিন পরে নিবে,দিন পরে নিবে,4,0.5985324715140913
3 After Forming Government,3_after_forming_government,57,"ওহ নো,,,",ওহ নো,0,0.2
3 After Forming Government,3_after_forming_government,58,জিনি খমতা দিতে পারে তিনি খমতা কেরেও নিতে পারে এটা নিয়ে চিন্তার কিছু নেই সকল খমতার মালিক হলো আল্লাহ নো টেনশোন,জিনি খমতা দিতে পারে তিনি খমতা কেরেও নিতে পারে এটা নিয়ে চিন্তার কিছু নেই সকল খমতার মালিক হলো আল্লাহ নো টেনশোন,4,0.917722343972897
3 After Forming Government,3_after_forming_government,59,ব্যাপারটা চুদলিং সং হয়ে গেলো ।,ব্যাপারটা চুদলিং সং হয়ে গেলো,1,0.7298845071708893
3 After Forming Government,3_after_forming_government,60,এটাকে বলে ইউ টার্ন 360°,এটাকে বলে ইউ টার্ন,0,0.59475088793787
3 After Forming Government,3_after_forming_government,61,শাবাশ,শাবাশ,0,0.2
3 After Forming Government,3_after_forming_government,62,"গুড ডিসিশন, বাঙ্গালীদের এভাবেই প্রতিদান দিতে হয়।",গুড ডিসিশন বাঙ্গালীদের এভাবেই প্রতিদান দিতে হয়,1,0.8376485948487427
3 After Forming Government,3_after_forming_government,63,আপনারা এগিয়ে যান আমি ফুল সাপোর্টে আছি,আপনারা এগিয়ে যান আমি ফুল সাপোর্টে আছি,3,0.8381244960271793
3 After Forming Government,3_after_forming_government,64,"দরকার হয় উচ্চ-কক্ষ বাতিল করেন আমি তাতেও রাজি।(এবার বুজবে মূর্খ বাঙালি কাদের ভোট দিছে,অশিক্ষিত বাঙালি)",দরকার হয় উচ্চ কক্ষ বাতিল করেন আমি তাতেও রাজি এবার বুজবে মূর্খ বাঙালি কাদের ভোট দিছে অশিক্ষিত বাঙালি,4,0.9182979739595003
3 After Forming Government,3_after_forming_government,65,ইন্ডিয়ার এজেন্ট পার্টি,ইন্ডিয়ার এজেন্ট পার্টি,3,0.7331358114224912
3 After Forming Government,3_after_forming_government,66,নিজের পায়ে নিজেরাই কুড়াল মারতেছে,নিজের পায়ে নিজেরাই কুড়াল মারতেছে,0,0.5495094096242875
3 After Forming Government,3_after_forming_government,67,আওয়ামীলীগ স্টাইলে খেলা শুরু,আওয়ামীলীগ স্টাইলে খেলা শুরু,0,0.7998935081309833
3 After Forming Government,3_after_forming_government,68,Agula re party Gali dei na amaro dekhbo koydin thake,agula re party gali dei na amaro dekhbo koydin thake,1,0.7999935086812027
3 After Forming Government,3_after_forming_government,69,asol rup ta dekhai dilo asar sathe sathei.,asol rup ta dekhai dilo asar sathe sathei,2,0.733326546544639
3 After Forming Government,3_after_forming_government,70,অবিলম্বে জুলাই আন্দোলনের সর্বস্তরের জনতা আবার ঐক্য হতে হবে বি এন পি নামক নব্য ফ্যাসিবাদের পতনের ডাক দিয়ে এদেশের মাটি কে পবিত্র করতে হবে। বি এন পি নয় জুলাই চাই। বি এন পি কে দায়িত্ব নিয়ে শাখা প্রশাখা গজানোর আগেই কেটে ফেলতে হবে।,অবিলম্বে জুলাই আন্দোলনের সর্বস্তরের জনতা আবার ঐক্য হতে হবে বি এন পি নামক নব্য ফ্যাসিবাদের পতনের ডাক দিয়ে এদেশের মাটি কে পবিত্র করতে হবে বি এন পি নয় জুলাই চাই বি এন পি কে দায়িত্ব নিয়ে শাখা প্রশাখা গজানোর আগেই কেটে ফেলতে হবে,1,0.6156996149159515
3 After Forming Government,3_after_forming_government,71,যারা জনগণের গনোভোটের রায়'কে মানে 'না তারা ই আবার জনগনের দিয়া ভোটে সংসদে যেতে চায় কেমনে?,যারা জনগণের গনোভোটের রায় কে মানে না তারা ই আবার জনগনের দিয়া ভোটে সংসদে যেতে চায় কেমনে,4,0.9370078308586529
3 After Forming Government,3_after_forming_government,72,আবারও পুনমারামারী শুরু গরি দিইয়ি..,আবারও পুনমারামারী শুরু গরি দিইয়ি,0,0.40061796220980367
3 After Forming Government,3_after_forming_government,73,গিরগিট এর মত ক্ষমতায় এসে রং দেখানো শুরু হয়ে গেছে,গিরগিট এর মত ক্ষমতায় এসে রং দেখানো শুরু হয়ে গেছে,0,0.726973364457638
3 After Forming Government,3_after_forming_government,74,সালারে কি পরিমানের বাটপারি করবে বুঝার বাকী নাই আর!,সালারে কি পরিমানের বাটপারি করবে বুঝার বাকী নাই আর,0,0.7326594129058471
3 After Forming Government,3_after_forming_government,75,পল্টি নিলো জাতির সাথে বেইমানি,পল্টি নিলো জাতির সাথে বেইমানি,0,0.5499117316410587
3 After Forming Government,3_after_forming_government,76,পল্টি বাজ,পল্টি বাজ,0,0.7327482919148445
3 After Forming Government,3_after_forming_government,77,কোটা না মেধা,কোটা না মেধা,1,0.7321805492478012
3 After Forming Government,3_after_forming_government,78,মেধা মেধা।,মেধা মেধা,1,0.7333178358640026
3 After Forming Government,3_after_forming_government,79,সঠিক সিদ্ধান্ত ধন্যবাদ সরকার কে।,সঠিক সিদ্ধান্ত ধন্যবাদ সরকার কে,4,0.8377007915663353
3 After Forming Government,3_after_forming_government,80,শপথ নেয়ার কি আছে জুলাই সনদ এটা চলমান প্রক্রিয়া,শপথ নেয়ার কি আছে জুলাই সনদ এটা চলমান প্রক্রিয়া,4,0.5492008996755012
3 After Forming Government,3_after_forming_government,81,বিএনপিকে স্যালুট জানাই।,বিএনপিকে স্যালুট জানাই,4,0.798533384814147
3 After Forming Government,3_after_forming_government,82,ওয়াকারকে সকল ক্ষমতা হস্তান্তর করা হোক,ওয়াকারকে সকল ক্ষমতা হস্তান্তর করা হোক,3,0.5403524681871111
3 After Forming Government,3_after_forming_government,83,"আমাদের সংবিধানে গণবিপ্লবের মুখে প্রধানমন্ত্রী পলাইয়া গেলে কি হবে এইটা বলা নাই। কাজেই কেউ চাইলে এইটা দাবি করতে পারে যে, সংবিধান অনুযায়ী হাসিনা এখনো বৈধ প্রধানমন্ত্রী। এবং সংবিধান অনুযায়ী এই নির্বাচন হবার কথা ছিল ২০২৮ সালে।",আমাদের সংবিধানে গণবিপ্লবের মুখে প্রধানমন্ত্রী পলাইয়া গেলে কি হবে এইটা বলা নাই কাজেই কেউ চাইলে এইটা দাবি করতে পারে যে সংবিধান অনুযায়ী হাসিনা এখনো বৈধ প্রধানমন্ত্রী এবং সংবিধান অনুযায়ী এই নির্বাচন হবার কথা ছিল সালে,4,0.6759522991400275
3 After Forming Government,3_after_forming_government,84,সংবিধান অনুযায়ী ইউনুসের অন্তর্বর্তী সরকার অসাংবিধানিক। সংবিধানের কোথাও অন্তর্বর্তী সরকারের কথা লেখা নাইতো। কাজেই সংবিধান অনুযায়ী অন্তর্বর্তী সরকারের অধীনে করা নির্বাচনও অসাংবিধানিক।,সংবিধান অনুযায়ী ইউনুসের অন্তর্বর্তী সরকার অসাংবিধানিক সংবিধানের কোথাও অন্তর্বর্তী সরকারের কথা লেখা নাইতো কাজেই সংবিধান অনুযায়ী অন্তর্বর্তী সরকারের অধীনে করা নির্বাচনও অসাংবিধানিক,2,0.9425632791425885
3 After Forming Government,3_after_forming_government,85,"তো, সংসদ সদস্য হিসাবে আপনাদের শপথ কেমনে সাংবিধানিক হয়?",তো সংসদ সদস্য হিসাবে আপনাদের শপথ কেমনে সাংবিধানিক হয়,2,0.8988514235201656
3 After Forming Government,3_after_forming_government,86,এতে পলাতক স্বৈরাচার ও দালালরা খুশি হবে এটাই তো স্বাভাবিক! বিএনপি'র পথ চলার শুরুটা কিই তবে আওয়ামী সঠতা দিয়ে?,এতে পলাতক স্বৈরাচার ও দালালরা খুশি হবে এটাই তো স্বাভাবিক বিএনপি র পথ চলার শুরুটা কিই তবে আওয়ামী সঠতা দিয়ে,1,0.5002893565100329
3 After Forming Government,3_after_forming_government,87,2024 এর জুলাই সনদ বাস্তবায়ন করতে না পারলে।। এখন 2026 সালে কিসের নির্বাচন.. কারণ 1972 সালের সংবিধান অনুযায়ী জাতীয় সংসদ নির্বাচন এর সর্বশেষ 2029 সাল পর্যন্ত,এর জুলাই সনদ বাস্তবায়ন করতে না পারলে এখন সালে কিসের নির্বাচন কারণ সালের সংবিধান অনুযায়ী জাতীয় সংসদ নির্বাচন এর সর্বশেষ সাল পর্যন্ত,4,0.9491954215695588
3 After Forming Government,3_after_forming_government,88,শেখের বেটি প্রধানমন্ত্রী শেখ হাসিনা??,শেখের বেটি প্রধানমন্ত্রী শেখ হাসিনা,4,0.7999055187919993
3 After Forming Government,3_after_forming_government,89,juuuuuuulay der ki hobe,juuuuuuulay der ki hobe,0,0.7307481977004244
3 After Forming Government,3_after_forming_government,90,Taile tomgo thakar dorker nai,taile tomgo thakar dorker nai,2,0.5999843644613172
3 After Forming Government,3_after_forming_government,91,জুলাইয়ের সাথে গাদ্দারির ফল ভালো হবে না,জুলাইয়ের সাথে গাদ্দারির ফল ভালো হবে না,0,0.8346467935117485
3 After Forming Government,3_after_forming_government,92,কপালে এদেরো দুংখ আছে এটা ক্লিয়ার।,কপালে এদেরো দুংখ আছে এটা ক্লিয়ার,0,0.7277817895345694
3 After Forming Government,3_after_forming_government,93,আরেক জুলাইয়ের অপেক্ষ বাংলাদেশ,আরেক জুলাইয়ের অপেক্ষ বাংলাদেশ,3,0.4364330667985822
3 After Forming Government,3_after_forming_government,94,আগেই বুজছিলাম নেতার উপরে আলেম ভিতরে জালেম,আগেই বুজছিলাম নেতার উপরে আলেম ভিতরে জালেম,1,0.34404719765515485
3 After Forming Government,3_after_forming_government,95,Kokhn ki bole,kokhn ki bole,0,0.730248183626149
3 After Forming Government,3_after_forming_government,96,জনগণের সাথে বেইমানি,জনগণের সাথে বেইমানি,4,0.7309330224919613
3 After Forming Government,3_after_forming_government,97,জনগন হ‍্যাঁ ভোট দিয়ে জয় যুক্ত করেছে,জনগন হ্যাঁ ভোট দিয়ে জয় যুক্ত করেছে,0,0.4989191827371605
3 After Forming Government,3_after_forming_government,98,শপথ করতাছি আমরা জনগণের টাকা লুটে খাব তোমরা কোন কথা বলতে পারবে নাচোর সব একসাথে শপথ পড়তাছে,শপথ করতাছি আমরা জনগণের টাকা লুটে খাব তোমরা কোন কথা বলতে পারবে নাচোর সব একসাথে শপথ পড়তাছে,0,0.4856953797533229
3 After Forming Government,3_after_forming_government,99,Beiman b n p,beiman b n p,0,0.2
3 After Forming Government,3_after_forming_government,100,ইতিহাসের সেরা গাদ্দার টিকবে না ১৭ বছরের হাসিনার ক্ষমতা টিকেিয়ে রাখতে পারে নাই সকল প্রশাসন তার হাতে থাকার পরেও বিএনপি কেমনে টিকবে শুরুতেই তাদের পতনের গাদ্দারি শুরু করে দিছে,ইতিহাসের সেরা গাদ্দার টিকবে না বছরের হাসিনার ক্ষমতা টিকেিয়ে রাখতে পারে নাই সকল প্রশাসন তার হাতে থাকার পরেও বিএনপি কেমনে টিকবে শুরুতেই তাদের পতনের গাদ্দারি শুরু করে দিছে,3,0.45383655524996996
3 After Forming Government,3_after_forming_government,101,সাধারণ জনগণ থেমে থাকবেনা আন্দোলন করবে,সাধারণ জনগণ থেমে থাকবেনা আন্দোলন করবে,3,0.577176872756174
3 After Forming Government,3_after_forming_government,102,আবার নতুন করে স্বৈরাচার এবং স্বৈরশাসন প্রতিষ্ঠিত হতে চলছে অপেক্ষা করুন আর চেয়ে চেয়ে দেখুন।,আবার নতুন করে স্বৈরাচার এবং স্বৈরশাসন প্রতিষ্ঠিত হতে চলছে অপেক্ষা করুন আর চেয়ে চেয়ে দেখুন,0,0.9239892789852856
3 After Forming Government,3_after_forming_government,103,এটা তাদের দোস না এটা মাথা মোটা বাঙালীদের পাপের ফল।,এটা তাদের দোস না এটা মাথা মোটা বাঙালীদের পাপের ফল,0,0.5991918354967983
3 After Forming Government,3_after_forming_government,104,"#_সরি Osman Hadi ওসমান হাদি ভাই, হাজারো জীবনের বিনিময়ে আমরা এক স্বৈরাচারকে সরিয়ে আবার অন্য স্বৈরাচারের কাছে দেশ তুলে দিয়েছি।",সরি osman hadi ওসমান হাদি ভাই হাজারো জীবনের বিনিময়ে আমরা এক স্বৈরাচারকে সরিয়ে আবার অন্য স্বৈরাচারের কাছে দেশ তুলে দিয়েছি,1,0.9260282829984178
3 After Forming Government,3_after_forming_government,105,Batpari suru,batpari suru,0,0.5999825248670656
3 After Forming Government,3_after_forming_government,106,RIP “হ‍্যাঁ” ভোট !,rip হ্যাঁ ভোট,0,0.7313970374181228
3 After Forming Government,3_after_forming_government,107,2 bosor o tikbi na in sha allah,bosor o tikbi na in sha allah,4,0.5453818182192388
3 After Forming Government,3_after_forming_government,108,১৯৯৬- ১৫দিন....অতিত ভুলে যাওয়া উচিত না।,দিন অতিত ভুলে যাওয়া উচিত না,0,0.7984468394466677
3 After Forming Government,3_after_forming_government,109,"সংবিধান সংস্কার হলে তারা দূর্নীতি চাঁদাবাজি করতে পারবে না,,,,",সংবিধান সংস্কার হলে তারা দূর্নীতি চাঁদাবাজি করতে পারবে না,1,0.4651594288242321
3 After Forming Government,3_after_forming_government,110,Mc ra besi barche poton sigroi,mc ra besi barche poton sigroi,0,0.2
3 After Forming Government,3_after_forming_government,111,আলহামদুলিল্লাহ,আলহামদুলিল্লাহ,2,0.5999989241498305
3 After Forming Government,3_after_forming_government,112,রাস্তা পাবে না পালানোর,রাস্তা পাবে না পালানোর,2,0.5347906793074434
3 After Forming Government,3_after_forming_government,113,গান সেই পুরোটাই,গান সেই পুরোটাই,0,0.2
3 After Forming Government,3_after_forming_government,114,শুধু আফসোস হয় ১৪শ শহীদের জন্য।,শুধু আফসোস হয় শ শহীদের জন্য,4,0.7261468118769329
3 After Forming Government,3_after_forming_government,115,গাদ্দারী শুরু হয়ে গেছে একনি বাকি দিন জনগণ সুন্দর ভাবে দেখবে,গাদ্দারী শুরু হয়ে গেছে একনি বাকি দিন জনগণ সুন্দর ভাবে দেখবে,0,0.7100312203714585
3 After Forming Government,3_after_forming_government,116,বদমাইশি শুরু হয়ছে তাহলে,বদমাইশি শুরু হয়ছে তাহলে,0,0.7298638264659
3 After Forming Government,3_after_forming_government,117,১৪০০+ ভাইয়ের অভিশাপ বয়ে বেড়াতে হবে এই দেশের মানুষকে।,ভাইয়ের অভিশাপ বয়ে বেড়াতে হবে এই দেশের মানুষকে,4,0.7965513093787757
3 After Forming Government,3_after_forming_government,118,জাতির সাথে বড় প্রতারণা হলো।,জাতির সাথে বড় প্রতারণা হলো,3,0.5109891705881696
3 After Forming Government,3_after_forming_government,119,শ্রীলঙ্কার নিউজ দেখছো ফাসির অডার আন্দোলন কারিদের,শ্রীলঙ্কার নিউজ দেখছো ফাসির অডার আন্দোলন কারিদের,1,0.7249736980609489
3 After Forming Government,3_after_forming_government,120,এমনটিই হওয়ার কথা ছিল হয়তো,এমনটিই হওয়ার কথা ছিল হয়তো,0,0.40013557719521337
3 After Forming Government,3_after_forming_government,121,এখন বুঝো জনগণ তোমাদের মতামত কে সুডেও না এটাকেই বলে মোনাফেক,এখন বুঝো জনগণ তোমাদের মতামত কে সুডেও না এটাকেই বলে মোনাফেক,0,0.7968335524757375
3 After Forming Government,3_after_forming_government,122,এটা কি হলো এখন।,এটা কি হলো এখন,4,0.5976111970287393
3 After Forming Government,3_after_forming_government,123,Wow ato joldi aahol color dekano Shuru hoie gelo,wow ato joldi aahol color dekano shuru hoie gelo,0,0.5999758815978499
3 After Forming Government,3_after_forming_government,124,Gaddar r munafik kara akhon bujho sobai,gaddar r munafik kara akhon bujho sobai,0,0.2
3 After Forming Government,3_after_forming_government,125,(সুরা আল আনআম ১২৯ ),সুরা আল আনআম,0,0.2
3 After Forming Government,3_after_forming_government,126,এভাবেই আমি জালেমদেরকে একে অপরের উপর তাদের কৃতকর্মের কারণে আধিপত্য দান করে থাকি।,এভাবেই আমি জালেমদেরকে একে অপরের উপর তাদের কৃতকর্মের কারণে আধিপত্য দান করে থাকি,0,0.8664167487237545
3 After Forming Government,3_after_forming_government,127,এ আয়াতের আরও এক তরজমা- এভাবেই আমি জালেমদের একে অপরের সঙ্গী বানিয়ে দেব’। সুতরাং আখিরাতেও আমি তাদের একজনকে অন্যজনের সাথী বানিয়ে দেব।,এ আয়াতের আরও এক তরজমা এভাবেই আমি জালেমদের একে অপরের সঙ্গী বানিয়ে দেব সুতরাং আখিরাতেও আমি তাদের একজনকে অন্যজনের সাথী বানিয়ে দেব,0,0.8995260676517319
3 After Forming Government,3_after_forming_government,128,জানতাম কিছু একটা হয়বো,জানতাম কিছু একটা হয়বো,1,0.5995760936272276
3 After Forming Government,3_after_forming_government,129,তাহলে সরকারে বসার কোন অধিকার নেই তাদের। নির্বাচন বাতিল করা হোক। তাঁরা যখন সংস্কার করবে না তখন এত টাকা খরচ করে নির্বাচনের আয়োজন করা হল কেন। সংস্কার করার জন্য যখন শপথ গ্রহণ করল না তার মানে তো গণভোট বাতিল এর পক্ষে তারা তাহলে জাতীয় নির্বাচনে বাতিল। সংস্কার করুন না হয় নির্বাচন বাতিল করুন।,তাহলে সরকারে বসার কোন অধিকার নেই তাদের নির্বাচন বাতিল করা হোক তাঁরা যখন সংস্কার করবে না তখন এত টাকা খরচ করে নির্বাচনের আয়োজন করা হল কেন সংস্কার করার জন্য যখন শপথ গ্রহণ করল না তার মানে তো গণভোট বাতিল এর পক্ষে তারা তাহলে জাতীয় নির্বাচনে বাতিল সংস্কার করুন না হয় নির্বাচন বাতিল করুন,4,0.6602570602834085
3 After Forming Government,3_after_forming_government,130,পল্টিবাজ বি.এন. পি,পল্টিবাজ বি এন পি,1,0.8399984557573029
3 After Forming Government,3_after_forming_government,131,পোলটি মারা শুরু,পোলটি মারা শুরু,0,0.7333310247439232
3 After Forming Government,3_after_forming_government,132,চিটিংবাজি শুরু,চিটিংবাজি শুরু,0,0.5999981739233546
3 After Forming Government,3_after_forming_government,133,1996 সালে মনে আছে 12 দিন,সালে মনে আছে দিন,1,0.7302401520446336
3 After Forming Government,3_after_forming_government,134,"Ci ki vul korlo banglar Manushra abr, kadte hobe sbaike abr",ci ki vul korlo banglar manushra abr kadte hobe sbaike abr,0,0.7307481977004244
3 After Forming Government,3_after_forming_government,135,Karon ki?,karon ki,3,0.5966473512906011
3 After Forming Government,3_after_forming_government,136,এতো কেবল শুরু,এতো কেবল শুরু,0,0.3256602778473023
3 After Forming Government,3_after_forming_government,137,ওদের পুরোনো সবাব।,ওদের পুরোনো সবাব,4,0.5991803446980725
3 After Forming Government,3_after_forming_government,138,গাদ্দারী শুরু করে দিলেন এত তাড়াতাড়ি,গাদ্দারী শুরু করে দিলেন এত তাড়াতাড়ি,0,0.6536899340097729
3 After Forming Government,3_after_forming_government,139,ekdom tik ace,ekdom tik ace,0,0.2
3 After Forming Government,3_after_forming_government,140,অবৈধভাবে আসছে শপথ না নিলে বাসায় চলে যাক,অবৈধভাবে আসছে শপথ না নিলে বাসায় চলে যাক,2,0.8841004613220211
3 After Forming Government,3_after_forming_government,141,রক্তের সাথে গাদ্দারী,রক্তের সাথে গাদ্দারী,0,0.7319388617239212
3 After Forming Government,3_after_forming_government,142,বাহ!অসাধারণ।,বাহ অসাধারণ,4,0.5974070517487062
3 After Forming Government,3_after_forming_government,143,দে লাড়া,দে লাড়া,3,0.5972645383480867
3 After Forming Government,3_after_forming_government,144,গাদ্দারি শুরু,গাদ্দারি শুরু,0,0.7332368626531578
3 After Forming Government,3_after_forming_government,145,জুলাইয়ের সাথে বিএনপির গাদ্দারী শুরু।,জুলাইয়ের সাথে বিএনপির গাদ্দারী শুরু,0,0.839499724771788
3 After Forming Government,3_after_forming_government,146,গনতান্ত্রিক দেশে জনগণের রায় কিভাবে বাতিল হয়?,গনতান্ত্রিক দেশে জনগণের রায় কিভাবে বাতিল হয়,1,0.8648346677110125
3 After Forming Government,3_after_forming_government,147,"যদি হয় তাহলে এই প্রহসনের ইঞ্জিনিয়ারিং নির্বাচনও বাতিল করতে হবে""""",যদি হয় তাহলে এই প্রহসনের ইঞ্জিনিয়ারিং নির্বাচনও বাতিল করতে হবে,1,0.7961950797258516
3 After Forming Government,3_after_forming_government,148,ওরা ভালো চায়না তাহলে হ্যাঁ ভোট দিতে বলছে কেন,ওরা ভালো চায়না তাহলে হ্যাঁ ভোট দিতে বলছে কেন,0,0.8973574322053539
3 After Forming Government,3_after_forming_government,149,চাদাবাজ টু পল্টিবাজ,চাদাবাজ টু পল্টিবাজ,1,0.5999914393916583
3 After Forming Government,3_after_forming_government,150,জনগণের বিরুদ্ধে অবস্থান নেওয়া মোটেই কাম্য নয়।,জনগণের বিরুদ্ধে অবস্থান নেওয়া মোটেই কাম্য নয়,3,0.8649384153551795
3 After Forming Government,3_after_forming_government,151,প্রমান পাইছেন ত-নৌকার ধানের শীষ দুই সাপের একই বিষ,প্রমান পাইছেন ত নৌকার ধানের শীষ দুই সাপের একই বিষ,3,0.439205759261704
3 After Forming Government,3_after_forming_government,152,জে ফলটি,জে ফলটি,0,0.2
3 After Forming Government,3_after_forming_government,153,লন্ডনের টিকিট কেটে রাখেন।সময় ঘনিয়ে এসেছে।,লন্ডনের টিকিট কেটে রাখেন সময় ঘনিয়ে এসেছে,4,0.639986135497058
3 After Forming Government,3_after_forming_government,154,ভোট দিয়ে কাকে ক্ষমতায় তুললাম আফসোস হচ্ছে,ভোট দিয়ে কাকে ক্ষমতায় তুললাম আফসোস হচ্ছে,1,0.6053439471664823
3 After Forming Government,3_after_forming_government,155,"আমি আগ থেকেই জানি,প্রথমে তারা সংবিধানের দোহাই দিত,বাধ্য হয়ে গণভোটে রাজি হয় বিশ্বাস ঘাতকতা করার জন্য, তারা গণভোট আর নির্বাচন একসাথে করেছে নির্বাচিত হওয়ার পর যা করার করতে পারে মত।",আমি আগ থেকেই জানি প্রথমে তারা সংবিধানের দোহাই দিত বাধ্য হয়ে গণভোটে রাজি হয় বিশ্বাস ঘাতকতা করার জন্য তারা গণভোট আর নির্বাচন একসাথে করেছে নির্বাচিত হওয়ার পর যা করার করতে পারে মত,0,0.6466749045890039
3 After Forming Government,3_after_forming_government,156,"জানতাম খাম্বার দল এটাই করবে,,এরা কিছুদিন পরে আওয়ামী লীগ কেও ফিরিয়ে আনবে।",জানতাম খাম্বার দল এটাই করবে এরা কিছুদিন পরে আওয়ামী লীগ কেও ফিরিয়ে আনবে,1,0.897850456392383
3 After Forming Government,3_after_forming_government,157,জুলাই ব্যবহার করে ক্ষমতায় যাওয়া শেষ। এখন আর শহীদের আকাঙ্ক্ষা দিয়ে কি হবে? সংস্কার দিয়ে কি হবে?এখন ক্ষমতা উপভোগের সময়,জুলাই ব্যবহার করে ক্ষমতায় যাওয়া শেষ এখন আর শহীদের আকাঙ্ক্ষা দিয়ে কি হবে সংস্কার দিয়ে কি হবে এখন ক্ষমতা উপভোগের সময়,4,0.52034598745536
3 After Forming Government,3_after_forming_government,158,এটাই হওয়ার কথা ছিল,এটাই হওয়ার কথা ছিল,0,0.39992914537683777
3 After Forming Government,3_after_forming_government,159,অবৈধ নির্বাচন,অবৈধ নির্বাচন,4,0.7322084913162581
3 After Forming Government,3_after_forming_government,160,মাএ ২ বছর থাকতে পারবে,মাএ বছর থাকতে পারবে,1,0.8390289787419025
3 After Forming Government,3_after_forming_government,161,খুব ভালো আরো তো বাকি যারা ভোট দিছে তারা বুঝুক কাদের হাতে ক্ষমতা গেছে,খুব ভালো আরো তো বাকি যারা ভোট দিছে তারা বুঝুক কাদের হাতে ক্ষমতা গেছে,0,0.5635260269714393
3 After Forming Government,3_after_forming_government,162,ওরা আম্লিগের পক্ষের শক্তি তাদেরকে বাংলার সাহসী জুলাই যোদ্ধারা রূখে দিবে ইনশাআল্লাহ।,ওরা আম্লিগের পক্ষের শক্তি তাদেরকে বাংলার সাহসী জুলাই যোদ্ধারা রূখে দিবে ইনশাআল্লাহ,1,0.5757682080918514
3 After Forming Government,3_after_forming_government,163,গণভোট যদি কার্যকর হয় তাহলে কেউ দশ বছরের বেশি প্রধানমন্ত্রী থাকতে পারবে না। কিন্তু বিএনপি চাচ্ছে সারাজীবন ক্ষমতায় থাকার জন্য তাই তারা গণভোটকে অস্বীকার করেছে। গণভোটের ৪৭ টি কার্যক্রম আছে প্রত্যেকটা কার্যক্রম দেশ এবং জনগণের পক্ষে আর এই জন্যই তারা সেটা কে অস্বীকার করে নিজেদের আন্ডারে রাষ্ট্র পরিচালনা করতে চাচ্ছে।,গণভোট যদি কার্যকর হয় তাহলে কেউ দশ বছরের বেশি প্রধানমন্ত্রী থাকতে পারবে না কিন্তু বিএনপি চাচ্ছে সারাজীবন ক্ষমতায় থাকার জন্য তাই তারা গণভোটকে অস্বীকার করেছে গণভোটের টি কার্যক্রম আছে প্রত্যেকটা কার্যক্রম দেশ এবং জনগণের পক্ষে আর এই জন্যই তারা সেটা কে অস্বীকার করে নিজেদের আন্ডারে রাষ্ট্র পরিচালনা করতে চাচ্ছে,1,0.8667165306862992
3 After Forming Government,3_after_forming_government,164,৭১ এর সংবিধান মুছে রাজাকারদের সংবিধান অনুযায়ী পড়বে,এর সংবিধান মুছে রাজাকারদের সংবিধান অনুযায়ী পড়বে,4,0.7985375220090538
3 After Forming Government,3_after_forming_government,165,বি এন পি পল্টি নিবে এটা জানতাম,বি এন পি পল্টি নিবে এটা জানতাম,1,0.5969294037001065
3 After Forming Government,3_after_forming_government,166,এই দুটো নির্বাচন একই পদ্ধতিতে হয়েছে শপথ নিলে দুইটারই শপথ নিতে হবে। কোন সাংবিধানিক বৈধতায় ২৯ সালের নির্বাচন ২৬ সালে !!কোন সাংবাদিক আইনে ? হাসিনা নির্বাচিত প্রধানমন্ত্রী! হাসিনাকে ফেরত এনে তার অধিনে নির্বাচন করতে হবে,এই দুটো নির্বাচন একই পদ্ধতিতে হয়েছে শপথ নিলে দুইটারই শপথ নিতে হবে কোন সাংবিধানিক বৈধতায় সালের নির্বাচন সালে কোন সাংবাদিক আইনে হাসিনা নির্বাচিত প্রধানমন্ত্রী হাসিনাকে ফেরত এনে তার অধিনে নির্বাচন করতে হবে,4,0.4394697791763046
3 After Forming Government,3_after_forming_government,167,এরা কি হ্যা ভোট দিছে? আর না ভোট দিয়ে ও কিভাবে জিতলো,এরা কি হ্যা ভোট দিছে আর না ভোট দিয়ে ও কিভাবে জিতলো,0,0.8841284004730809
3 After Forming Government,3_after_forming_government,168,দেশে আবার আন্দোলন হবে মনে হচ্ছে,দেশে আবার আন্দোলন হবে মনে হচ্ছে,1,0.8377395757899345
3 After Forming Government,3_after_forming_government,169,সমস্যা নাই আপনাদের ইচ্ছা,সমস্যা নাই আপনাদের ইচ্ছা,0,0.8370309124055447
3 After Forming Government,3_after_forming_government,170,"তা হলে ভয়ের কিছু নাই বাংলার মানুষ ছাড় দেয় ছেড়ে দেয় না,",তা হলে ভয়ের কিছু নাই বাংলার মানুষ ছাড় দেয় ছেড়ে দেয় না,0,0.617148658600455
3 After Forming Government,3_after_forming_government,171,→স্মরণ করিও আওয়ামী লীগের অবস্থার কথা।,স্মরণ করিও আওয়ামী লীগের অবস্থার কথা,1,0.7332530751393475
3 After Forming Government,3_after_forming_government,172,শুরুতেই বেঈমানী,শুরুতেই বেঈমানী,3,0.7333264292201763
3 After Forming Government,3_after_forming_government,173,"চোর হইলে যা হয় আর কি,সংস্কার শপথ করলে তো চুরি করতে পারবে না ।",চোর হইলে যা হয় আর কি সংস্কার শপথ করলে তো চুরি করতে পারবে না,1,0.5499801604623454
3 After Forming Government,3_after_forming_government,174,বাস্তবসম্মত এবং যুক্তিযোগ্য সিদ্ধান্ত।,বাস্তবসম্মত এবং যুক্তিযোগ্য সিদ্ধান্ত,4,0.5999979376935471
3 After Forming Government,3_after_forming_government,175,ছবির নাম পল্টি,ছবির নাম পল্টি,0,0.4000666109923915
3 After Forming Government,3_after_forming_government,176,রাষ্ট্রর দায়িত্ব গ্রহণ করতে গিয়ে কেউ কি চাইবে রাষ্ট্রদ্রোহী হতে,রাষ্ট্রর দায়িত্ব গ্রহণ করতে গিয়ে কেউ কি চাইবে রাষ্ট্রদ্রোহী হতে,1,0.3770468324331252
3 After Forming Government,3_after_forming_government,177,সবাই তৈরি থাকেন আবার জুলাই আসতেছে,সবাই তৈরি থাকেন আবার জুলাই আসতেছে,1,0.6322563901486546
3 After Forming Government,3_after_forming_government,178,এত না ভোট কে দিয়েছে এখন দেখছেন।,এত না ভোট কে দিয়েছে এখন দেখছেন,0,0.7991282166093507
3 After Forming Government,3_after_forming_government,179,তাহলে হাসু আপুর কি দোষ ছিলো?,তাহলে হাসু আপুর কি দোষ ছিলো,4,0.8378273123071538
3 After Forming Government,3_after_forming_government,180,ফ্যাসিবাদের থেকে আমরা মুক্তি পাব না।আর কত রক্ত দিলে এদেশের মানুষের মুক্তি হবে আর কত লাস চাও। জাতির এক বেইমান মুনাফেক ইউনুস কে বিশ্বাস করে ছাত্র জনতা বসিয়েছিল আবার যদি রক্ত দিতে হয়। এই রক্তের স্র কোথায় গিয়ে থামবে হয়তো আমরা জানিনা স্পষ্ট বলতে পারি বাংলাদেশ থেকে রক্তের দাগ ভারতে গিয়েও পড়বে হে আল্লাহ রহম কর আরেকটা জুলাইয়ের জন্য তৈরি হতে হবে,ফ্যাসিবাদের থেকে আমরা মুক্তি পাব না আর কত রক্ত দিলে এদেশের মানুষের মুক্তি হবে আর কত লাস চাও জাতির এক বেইমান মুনাফেক ইউনুস কে বিশ্বাস করে ছাত্র জনতা বসিয়েছিল আবার যদি রক্ত দিতে হয় এই রক্তের স্র কোথায় গিয়ে থামবে হয়তো আমরা জানিনা স্পষ্ট বলতে পারি বাংলাদেশ থেকে রক্তের দাগ ভারতে গিয়েও পড়বে হে আল্লাহ রহম কর আরেকটা জুলাইয়ের জন্য তৈরি হতে হবে,3,0.9772321028915956
3 After Forming Government,3_after_forming_government,181,জনগণ এইবার বুঝতে পারবে সত্যি কারের রাজাকার কারা মির্জাফর কারা,জনগণ এইবার বুঝতে পারবে সত্যি কারের রাজাকার কারা মির্জাফর কারা,0,0.46647077850334856
3 After Forming Government,3_after_forming_government,182,"এটি একটা গাদারি করা হলো। বাংলাদেশ আর কখনো শান্তি থাকবে না মনে হয়। গাদ্দারির পরিনতি খুব ভয়াবহ হবে, এটা কি দেশের মানুষ আশা করেন।",এটি একটা গাদারি করা হলো বাংলাদেশ আর কখনো শান্তি থাকবে না মনে হয় গাদ্দারির পরিনতি খুব ভয়াবহ হবে এটা কি দেশের মানুষ আশা করেন,4,0.7220232906729736
3 After Forming Government,3_after_forming_government,183,"হুম,তাহলে ঘুষ কেমনে খাবে",হুম তাহলে ঘুষ কেমনে খাবে,2,0.8377090890330605
3 After Forming Government,3_after_forming_government,184,আসল রুপ দেখা যাচ্ছে।।,আসল রুপ দেখা যাচ্ছে,0,0.5925121196880977
3 After Forming Government,3_after_forming_government,185,হাসিনার মতো পালানোর বন্দোবস্ত করে পেলেন।।,হাসিনার মতো পালানোর বন্দোবস্ত করে পেলেন,2,0.7993190442436154
3 After Forming Government,3_after_forming_government,186,বিএনপির এই আচরণে স্পষ্ট যে নির্বাচনে কারচুপি হয়েছে কারণ বিএনপি হে ভোট দেই নাই,বিএনপির এই আচরণে স্পষ্ট যে নির্বাচনে কারচুপি হয়েছে কারণ বিএনপি হে ভোট দেই নাই,0,0.4806335063627889
3 After Forming Government,3_after_forming_government,187,সবাই দুর্নীতিবাজ করবে সে জন্য,সবাই দুর্নীতিবাজ করবে সে জন্য,0,0.7959115379033106
3 After Forming Government,3_after_forming_government,188,তাহলে তো চুরি করতে অসুবিধা হবে,তাহলে তো চুরি করতে অসুবিধা হবে,1,0.5979075133191932
3 After Forming Government,3_after_forming_government,189,এক সময় এই ব্যাপারটা নিয়ে তারা ভাব ডাকবে,এক সময় এই ব্যাপারটা নিয়ে তারা ভাব ডাকবে,4,0.47090502428547104
3 After Forming Government,3_after_forming_government,190,"বাংলাদেশ জাতীয়তাবাদী দল (বিএনপি) সংবিধান সংস্কার পরিষদের সদস্য হিসেবে শপথ নেবে কি নেবে না, এটি তাদের নিজস্ব রাজনৈতিক ও সাংবিধানিক সিদ্ধান্তের বিষয়। তারা কোনো রাজনৈতিক দলের কাছে নয়, জনগণের কাছেই দায়বদ্ধ। জনগণের ভোটে নির্বাচিত হয়ে তারা জাতীয় সংসদে প্রতিনিধিত্ব করছে এবং সেই ম্যান্ডেট অনুযায়ী দলীয় অবস্থান নির্ধারণের অধিকার তাদের রয়েছে।",বাংলাদেশ জাতীয়তাবাদী দল বিএনপি সংবিধান সংস্কার পরিষদের সদস্য হিসেবে শপথ নেবে কি নেবে না এটি তাদের নিজস্ব রাজনৈতিক ও সাংবিধানিক সিদ্ধান্তের বিষয় তারা কোনো রাজনৈতিক দলের কাছে নয় জনগণের কাছেই দায়বদ্ধ জনগণের ভোটে নির্বাচিত হয়ে তারা জাতীয় সংসদে প্রতিনিধিত্ব করছে এবং সেই ম্যান্ডেট অনুযায়ী দলীয় অবস্থান নির্ধারণের অধিকার তাদের রয়েছে,4,0.6503975142800279
3 After Forming Government,3_after_forming_government,191,"বর্তমান সংবিধানে “সংবিধান সংস্কার পরিষদ” নামে কোনো সাংবিধানিক কাঠামোর উল্লেখ নেই। তৃতীয় তফশিলে বিভিন্ন সাংবিধানিক পদের শপথের বিধান থাকলেও সংসদ সদস্য ছাড়া আলাদা করে এ ধরনের পরিষদের সদস্য হিসেবে শপথের বিধান নেই। ফলে সংবিধান সংশোধন ছাড়া এমন কোনো শপথ গ্রহণের সুযোগ সৃষ্টি হয় না, এবং এ ধরনের শপথ পড়ানোর এখতিয়ারও নির্বাচন কমিশনের আওতায় পড়ে না।",বর্তমান সংবিধানে সংবিধান সংস্কার পরিষদ নামে কোনো সাংবিধানিক কাঠামোর উল্লেখ নেই তৃতীয় তফশিলে বিভিন্ন সাংবিধানিক পদের শপথের বিধান থাকলেও সংসদ সদস্য ছাড়া আলাদা করে এ ধরনের পরিষদের সদস্য হিসেবে শপথের বিধান নেই ফলে সংবিধান সংশোধন ছাড়া এমন কোনো শপথ গ্রহণের সুযোগ সৃষ্টি হয় না এবং এ ধরনের শপথ পড়ানোর এখতিয়ারও নির্বাচন কমিশনের আওতায় পড়ে না,2,0.8975323577852645
3 After Forming Government,3_after_forming_government,192,"সংবিধান সংশোধনের বিষয়টি সংসদেই সাংবিধানিক প্রক্রিয়ায় নির্ধারিত হতে পারে। কোনো প্রস্তাব জাতীয় সংসদে গৃহীত হলে পরবর্তী পদক্ষেপ নেওয়া সম্ভব। জুলাই সনদ মানা বা না মানার প্রশ্নেও বিএনপির অবস্থান স্পষ্ট, তারা তাদের নোট অব ডিসেন্ট, ৩১ দফা ও নির্বাচনি ইশতাহারের ভিত্তিতে দেশ পরিচালনার কথা বলেছে। সংসদে আলোচনা-সমালোচনার মাধ্যমেই এ বিষয়ে সিদ্ধান্ত হবে, যা গণতান্ত্রিক প্রক্রিয়ার স্বাভাবিক অংশ।",সংবিধান সংশোধনের বিষয়টি সংসদেই সাংবিধানিক প্রক্রিয়ায় নির্ধারিত হতে পারে কোনো প্রস্তাব জাতীয় সংসদে গৃহীত হলে পরবর্তী পদক্ষেপ নেওয়া সম্ভব জুলাই সনদ মানা বা না মানার প্রশ্নেও বিএনপির অবস্থান স্পষ্ট তারা তাদের নোট অব ডিসেন্ট দফা ও নির্বাচনি ইশতাহারের ভিত্তিতে দেশ পরিচালনার কথা বলেছে সংসদে আলোচনা সমালোচনার মাধ্যমেই এ বিষয়ে সিদ্ধান্ত হবে যা গণতান্ত্রিক প্রক্রিয়ার স্বাভাবিক অংশ,4,0.4417003626216843
3 After Forming Government,3_after_forming_government,193,বিম্পি + চর্মনাই,বিম্পি চর্মনাই,4,0.5999871794056264
3 After Forming Government,3_after_forming_government,194,জামায়েত ইসলাম,জামায়েত ইসলাম,0,0.5986417577835501
3 After Forming Government,3_after_forming_government,195,এই প্রহসন জাতি কখনো মেনে নিবে না। সাধারণ মানুষ আর কখনো ভোট কেন্দ্রেই যাবে না।,এই প্রহসন জাতি কখনো মেনে নিবে না সাধারণ মানুষ আর কখনো ভোট কেন্দ্রেই যাবে না,4,0.8048309770811537
3 After Forming Government,3_after_forming_government,196,এতে প্রমাণিত বি এন পি জনগণের ভোটে নির্বাচিত নয়। কারণ জনগণ ভোট দিয়েছে হ্যাঁ এর পক্ষে আর বি এন পি ছিল না এর পক্ষে,এতে প্রমাণিত বি এন পি জনগণের ভোটে নির্বাচিত নয় কারণ জনগণ ভোট দিয়েছে হ্যাঁ এর পক্ষে আর বি এন পি ছিল না এর পক্ষে,1,0.5495193490775986
3 After Forming Government,3_after_forming_government,197,এরা জাতীয় গান্ধার ছাড়া আর কিছু না বাট এটা বাস্তবায়ন করা ছাড়া আপনার সরকারেও থাকতে পারবেন না।,এরা জাতীয় গান্ধার ছাড়া আর কিছু না বাট এটা বাস্তবায়ন করা ছাড়া আপনার সরকারেও থাকতে পারবেন না,3,0.5405232806539058
3 After Forming Government,3_after_forming_government,198,দ্বিতীয় জুলায়ের প্রস্তুতি শুরু করতাছে তাহলে।,দ্বিতীয় জুলায়ের প্রস্তুতি শুরু করতাছে তাহলে,0,0.4565325277124773
3 After Forming Government,3_after_forming_government,199,এই সরকার ও বেশি দিন টিকবে না,এই সরকার ও বেশি দিন টিকবে না,1,0.3002804420960723
3 After Forming Government,3_after_forming_government,200,"তাইলে এখনো শেখ হাসিনা বাংলাদেশের বৈধ প্রধানমন্ত্রী, জয় বাংলা",তাইলে এখনো শেখ হাসিনা বাংলাদেশের বৈধ প্রধানমন্ত্রী জয় বাংলা,4,0.44747025096404613
3 After Forming Government,3_after_forming_government,201,আল্লাহ তুমি আর কত দেখাবা,আল্লাহ তুমি আর কত দেখাবা,3,0.4377342723810918
3 After Forming Government,3_after_forming_government,202,"যদি ৫ আগষ্ট না হতো, এক দল ক্ষমতায় আসতে পারতো না,, আজ, তারা জুলাই সংবিধান মানে না ৷ ১৭ বছর বালুর ট্রাক সরাতে পারে না, তারা জুলাই সনদ, স্বীকৃতি দিতে চায় না",যদি আগষ্ট না হতো এক দল ক্ষমতায় আসতে পারতো না আজ তারা জুলাই সংবিধান মানে না ৷ বছর বালুর ট্রাক সরাতে পারে না তারা জুলাই সনদ স্বীকৃতি দিতে চায় না,4,0.7118120057174403
3 After Forming Government,3_after_forming_government,203,পল্টি‌ দেওয়া শুরু হয়েছে,পল্টি দেওয়া শুরু হয়েছে,0,0.5500716059583212
3 After Forming Government,3_after_forming_government,204,I have a plane..... Bangladesher manus ja chai tai paise re,i have a plane bangladesher manus ja chai tai paise re,2,0.5506403809843589
3 After Forming Government,3_after_forming_government,205,আসল রূপ দেখানো শুরু করছে,আসল রূপ দেখানো শুরু করছে,0,0.44036927983367796
3 After Forming Government,3_after_forming_government,206,ওরা তো ভারতীয় B টিম,ওরা তো ভারতীয় b টিম,0,0.5961247462898688
3 After Forming Government,3_after_forming_government,207,ঠিক আছে,ঠিক আছে,4,0.5999992496587379
3 After Forming Government,3_after_forming_government,208,"আহারে আমাদের নুনুস কতো কষ্ট কইরা বিম্পিরে জিতাইছে, এখন বিম্পিই পল্টি মারে",আহারে আমাদের নুনুস কতো কষ্ট কইরা বিম্পিরে জিতাইছে এখন বিম্পিই পল্টি মারে,1,0.6318431200062269
3 After Forming Government,3_after_forming_government,209,"তারেকের শপথে জুলাই সনদ বাতিল, ফিরছে স্বৈরতন্ত্র | July charter cancelled, Jamaat Amir grieving",তারেকের শপথে জুলাই সনদ বাতিল ফিরছে স্বৈরতন্ত্র july charter cancelled jamaat amir grieving,4,0.45984677912324984
3 After Forming Government,3_after_forming_government,210,জনগনের সাথে গাদ্দারি,জনগনের সাথে গাদ্দারি,4,0.4353871238932355
3 After Forming Government,3_after_forming_government,211,জুলাই হইলো। আমাদের শত শত অরাজনৈতিক ভাই বোন জীবন দিলো।,জুলাই হইলো আমাদের শত শত অরাজনৈতিক ভাই বোন জীবন দিলো,0,0.8844537486399682
3 After Forming Government,3_after_forming_government,212,যারা রাজনীতি করতো তাদের লক্ষ্য ছিল রাজনৈতিক পটপরিবর্তন। কিন্তু এই অরাজনৈতিক ভাই বোনেদের একমাত্র উদ্দেশ্য ছিল দেশ ও মানুষ।,যারা রাজনীতি করতো তাদের লক্ষ্য ছিল রাজনৈতিক পটপরিবর্তন কিন্তু এই অরাজনৈতিক ভাই বোনেদের একমাত্র উদ্দেশ্য ছিল দেশ ও মানুষ,4,0.8846867657048065
3 After Forming Government,3_after_forming_government,213,তাদের রক্তের উপর দিয়ে নির্বাচন হইলো। বিদেশ ফেরতরা,তাদের রক্তের উপর দিয়ে নির্বাচন হইলো বিদেশ ফেরতরা,0,0.8375522381754249
3 After Forming Government,3_after_forming_government,214,ক্ষমতায় বসলো। ক্ষমতায় বসার আগেই তারা সেই শহিদদের ছুড়ে ফেলে দিলো।,ক্ষমতায় বসলো ক্ষমতায় বসার আগেই তারা সেই শহিদদের ছুড়ে ফেলে দিলো,1,0.8637205402591276
3 After Forming Government,3_after_forming_government,215,দেশে আবার ক্রান্তিকাল এলে লেজগুটিয়ে বিদেশ পালাবে। কেউ গর্তে লুকাবে। কিন্তু আমাদেরই আবার রাজপথে নামা লাগবে। এই ক্রান্তিকাল আসার আগেই ঠ্যাকান। শহিদদের সাথে এই না ইনসাফি করতে দিয়েন না।,দেশে আবার ক্রান্তিকাল এলে লেজগুটিয়ে বিদেশ পালাবে কেউ গর্তে লুকাবে কিন্তু আমাদেরই আবার রাজপথে নামা লাগবে এই ক্রান্তিকাল আসার আগেই ঠ্যাকান শহিদদের সাথে এই না ইনসাফি করতে দিয়েন না,1,0.9259084848453538
3 After Forming Government,3_after_forming_government,216,"বিএনপির সিদ্ধান্ত সঠিক, কারন",বিএনপির সিদ্ধান্ত সঠিক কারন,4,0.8388478741107667
3 After Forming Government,3_after_forming_government,217,না ভোটের সংখ্যা ও ভোটে অনুপস্থিত ভোটার সংখ্যা একত্রিত করলে না ভোটের % বেশি হচ্ছে সুতরাং গনভোটে হ্যাঁ জয়ী হয় নাই।,না ভোটের সংখ্যা ও ভোটে অনুপস্থিত ভোটার সংখ্যা একত্রিত করলে না ভোটের বেশি হচ্ছে সুতরাং গনভোটে হ্যাঁ জয়ী হয় নাই,4,0.9308977543278947
3 After Forming Government,3_after_forming_government,218,"২-৩ মাস পাবলিক দেখবে,,,,তার পরে খেলা দেখাবে।",মাস পাবলিক দেখবে তার পরে খেলা দেখাবে,0,0.5502670418026995
3 After Forming Government,3_after_forming_government,219,"জনগণের মতামতকে প্রাধান্য না দিয়ে বেআইনি পদ্ধতিতে কর্মকাণ্ড পরিচালনা করার নাম কি গণতন্ত্র আইনের প্রয়োগ সকলের জন্য সমানভাবে যদি কাজ না করে তবে সেই ব্যাবস্থাপনা জনগণের সাথে প্রতারণার সমতূল্য। যে সকল কার্যক্রম জন-নিরাপত্তা, ন্যায় ভিত্তিক আইনের শাষন প্রতিষ্ঠার ক্ষেত্রে এবং বাংলাদেশের স্বাধীনতা-সার্বোভৌমত্বের জন্য বড় ধরনের হুমকি তা থেকে বাংলাদেশের স্বাধীনতা-সার্বোভৌমত্ব রক্ষা এবং জননিরাপত্তা নিশ্চিত করতে সকল বিষয়ে কার্যকর আইনানুগ ভূমিকা দেখতে চায় বাংলাদেশের জনগণ।",জনগণের মতামতকে প্রাধান্য না দিয়ে বেআইনি পদ্ধতিতে কর্মকাণ্ড পরিচালনা করার নাম কি গণতন্ত্র আইনের প্রয়োগ সকলের জন্য সমানভাবে যদি কাজ না করে তবে সেই ব্যাবস্থাপনা জনগণের সাথে প্রতারণার সমতূল্য যে সকল কার্যক্রম জন নিরাপত্তা ন্যায় ভিত্তিক আইনের শাষন প্রতিষ্ঠার ক্ষেত্রে এবং বাংলাদেশের স্বাধীনতা সার্বোভৌমত্বের জন্য বড় ধরনের হুমকি তা থেকে বাংলাদেশের স্বাধীনতা সার্বোভৌমত্ব রক্ষা এবং জননিরাপত্তা নিশ্চিত করতে সকল বিষয়ে কার্যকর আইনানুগ ভূমিকা দেখতে চায় বাংলাদেশের জনগণ,3,0.9745117201056169
3 After Forming Government,3_after_forming_government,220,"হায়রে মানুষ এতো বেইমান হয় কেমনে? জুলাইতে যদি আমার ভাই বোনেরা না মরতো তাহলে ওরা আজকে কোথায় থাকতো? আল্লাহ তাদের সন্মান দিছে কিন্তু তারা যদি জুলাইয়ের সাথে বেইমানি করে, সেই আল্লাহই তাদের সন্মান নিয়ে নিবে। আল্লাহ নিশ্চয়ই ন্যায় বিচারক।",হায়রে মানুষ এতো বেইমান হয় কেমনে জুলাইতে যদি আমার ভাই বোনেরা না মরতো তাহলে ওরা আজকে কোথায় থাকতো আল্লাহ তাদের সন্মান দিছে কিন্তু তারা যদি জুলাইয়ের সাথে বেইমানি করে সেই আল্লাহই তাদের সন্মান নিয়ে নিবে আল্লাহ নিশ্চয়ই ন্যায় বিচারক,4,0.9567393242937938
3 After Forming Government,3_after_forming_government,221,"তাহলেতো আমরা সকলে মিথ্যাবাদী রুপান্তর হলাম,মদিনার ইসলাম পালিয়ে গেলো!!",তাহলেতো আমরা সকলে মিথ্যাবাদী রুপান্তর হলাম মদিনার ইসলাম পালিয়ে গেলো,0,0.530268802511973
3 After Forming Government,3_after_forming_government,222,এই মুনাফেকি করবে বলেই সংসদ নির্বাচনের আগে তারা গণভোট চাই নাই। তারা যে বাংলাদেশের ১৮ কোটি মানুষের সাথে মুনাফেকি করলো এখন কি হবে? নেতা বলে হ্যাঁ ভোট দিতে আর পাতিরা প্রচার করেছিল না ভোট দিতে। আগামী পাঁচ বছর এরকম হাজার ও নাটক দেখতে হবে আমাদের! লজ্জা হয় !,এই মুনাফেকি করবে বলেই সংসদ নির্বাচনের আগে তারা গণভোট চাই নাই তারা যে বাংলাদেশের কোটি মানুষের সাথে মুনাফেকি করলো এখন কি হবে নেতা বলে হ্যাঁ ভোট দিতে আর পাতিরা প্রচার করেছিল না ভোট দিতে আগামী পাঁচ বছর এরকম হাজার ও নাটক দেখতে হবে আমাদের লজ্জা হয়,0,0.5051481672275759
3 After Forming Government,3_after_forming_government,223,সংস্কার করলেত আর দুরনিতি করতে না তাই,সংস্কার করলেত আর দুরনিতি করতে না তাই,1,0.7257255601978887
3 After Forming Government,3_after_forming_government,224,পল্টি মারার প্রথম ধাপ শুরু করলো বাঙালি কে এটা খাওবে তারা,পল্টি মারার প্রথম ধাপ শুরু করলো বাঙালি কে এটা খাওবে তারা,0,0.8664419805151546
3 After Forming Government,3_after_forming_government,225,মাএ তো শুরু,মাএ তো শুরু,0,0.40042051094775694
3 After Forming Government,3_after_forming_government,226,খেলা কেবল শুরু,খেলা কেবল শুরু,0,0.5503091633366798
3 After Forming Government,3_after_forming_government,227,প্রস্তুত থাকো সবাই,প্রস্তুত থাকো সবাই,0,0.7287836401465929
3 After Forming Government,3_after_forming_government,228,কারা জানি বলছিলো এই সংস্কারের ডাক সর্ব প্রথম বিএনপিই দিছিলো তারা কই??,কারা জানি বলছিলো এই সংস্কারের ডাক সর্ব প্রথম বিএনপিই দিছিলো তারা কই,0,0.5945587366030457
3 After Forming Government,3_after_forming_government,229,এই জীবনে আর এই দেশে ভালো মানুষ প্রধানমন্ত্রী হবে না,এই জীবনে আর এই দেশে ভালো মানুষ প্রধানমন্ত্রী হবে না,4,0.8358490268270126
3 After Forming Government,3_after_forming_government,230,তাই এ দেশের রাজনীতি থেকে সবাই দূরে থাকুন,তাই এ দেশের রাজনীতি থেকে সবাই দূরে থাকুন,4,0.6235264537930916
3 After Forming Government,3_after_forming_government,231,সবেত শুরু আগে দেকেন কি হয়,সবেত শুরু আগে দেকেন কি হয়,0,0.5999981739233546
3 After Forming Government,3_after_forming_government,232,শুরুতেই ঘাপলা।ভবিষ্যতে কি হবে বুঝেন এখন।,শুরুতেই ঘাপলা ভবিষ্যতে কি হবে বুঝেন এখন,3,0.5999907352951993
3 After Forming Government,3_after_forming_government,233,সমস্যা নাই কিছুদিন পর মারা খাবে,সমস্যা নাই কিছুদিন পর মারা খাবে,0,0.5282059161756398
3 After Forming Government,3_after_forming_government,234,এদের উপর ভরসা করা বকামি ছাড়া কিছুই না,এদের উপর ভরসা করা বকামি ছাড়া কিছুই না,1,0.7285965162687371
3 After Forming Government,3_after_forming_government,235,যাদের লক্ষ্য উদ্দেশ্য চুরি করা তারা কখনো শপথ নিবে না।,যাদের লক্ষ্য উদ্দেশ্য চুরি করা তারা কখনো শপথ নিবে না,4,0.6833817035874005
3 After Forming Government,3_after_forming_government,236,সবচাইতে বড় গাদ্দারী,সবচাইতে বড় গাদ্দারী,3,0.40006721207625817
3 After Forming Government,3_after_forming_government,237,একবার ১২ দিন ক্ষমতায় ছিল। ভুলে না গেলেই হলো।,একবার দিন ক্ষমতায় ছিল ভুলে না গেলেই হলো,0,0.5484519416530487
3 After Forming Government,3_after_forming_government,238,যেই জিনিস এখনও আইনগতভাবে গঠিত হয় নাই তার শপথ কিভাবে নিবে? উনারা লজিক্যাল। আগে সংসদে বিল পাশ হবে তারপর সংবিধান সংস্কার পরিষদের শপথ গ্রহণ হবে।,যেই জিনিস এখনও আইনগতভাবে গঠিত হয় নাই তার শপথ কিভাবে নিবে উনারা লজিক্যাল আগে সংসদে বিল পাশ হবে তারপর সংবিধান সংস্কার পরিষদের শপথ গ্রহণ হবে,2,0.6009168932829844
3 After Forming Government,3_after_forming_government,239,ভারতপন্থী,ভারতপন্থী,0,0.2
3 After Forming Government,3_after_forming_government,240,তারমানে শেখ হাসিনা এখনো প্রধানমন্ত্রী,তারমানে শেখ হাসিনা এখনো প্রধানমন্ত্রী,4,0.8398729919495284
3 After Forming Government,3_after_forming_government,241,তাহলে ওই আইনে যে মৃত্যুদণ্ডপ্রাপ্ত কি হবে,তাহলে ওই আইনে যে মৃত্যুদণ্ডপ্রাপ্ত কি হবে,4,0.5956752768934714
3 After Forming Government,3_after_forming_government,242,আওয়ামী লীলা এবং বিএনপির মধ্যে চারিত্রিক দিক থেকে কোন পার্থক্য নাই।,আওয়ামী লীলা এবং বিএনপির মধ্যে চারিত্রিক দিক থেকে কোন পার্থক্য নাই,0,0.6895876696917506
3 After Forming Government,3_after_forming_government,243,এ জন্যই গণভোট আগে প্রয়োজন ছিল।,এ জন্যই গণভোট আগে প্রয়োজন ছিল,2,0.4984198168379357
3 After Forming Government,3_after_forming_government,244,জুলাই ব্যবহার করে ক্ষমতায় যাওয়া শেষ। এখন আর শহীদের আকাঙ্ক্ষা দিয়ে কি হবে? সংস্কার দিয়ে কি হবে?,জুলাই ব্যবহার করে ক্ষমতায় যাওয়া শেষ এখন আর শহীদের আকাঙ্ক্ষা দিয়ে কি হবে সংস্কার দিয়ে কি হবে,4,0.5277827090045536
3 After Forming Government,3_after_forming_government,245,‘সংবিধান সংস্কার পরিষদ’-এর সদস্য হিসেবে শপথ গ্রহণ বিলম্বিত করার সিদ্ধান্ত স্পষ্টতই সেই জনআকাঙ্ক্ষার সঙ্গে অসামঞ্জস্যপূর্ণ একটি বার্তা দিচ্ছে।,সংবিধান সংস্কার পরিষদ এর সদস্য হিসেবে শপথ গ্রহণ বিলম্বিত করার সিদ্ধান্ত স্পষ্টতই সেই জনআকাঙ্ক্ষার সঙ্গে অসামঞ্জস্যপূর্ণ একটি বার্তা দিচ্ছে,2,0.5939416210423865
3 After Forming Government,3_after_forming_government,246,"আমরা তাই পেয়েছি, যা আমরা চেয়েছিলাম",আমরা তাই পেয়েছি যা আমরা চেয়েছিলাম,1,0.7325276133440879
3 After Forming Government,3_after_forming_government,247,"জাশি হ্যাঁ ভোটে জয়ী হয়েছে,তাই সংবিধান পরিবর্তন করা হবে না। জয় বাংলা জয় বঙ্গবন্ধু",জাশি হ্যাঁ ভোটে জয়ী হয়েছে তাই সংবিধান পরিবর্তন করা হবে না জয় বাংলা জয় বঙ্গবন্ধু,0,0.6030492585273683
3 After Forming Government,3_after_forming_government,248,বাংলাদেশ জিন্দাবাদ,বাংলাদেশ জিন্দাবাদ,4,0.731519700786708
3 After Forming Government,3_after_forming_government,249,"সকল আপডেট সবার আগে পেতে,",সকল আপডেট সবার আগে পেতে,3,0.39970439227696036
3 After Forming Government,3_after_forming_government,250,আমাদের পেইজটি ফলো দিয়ে রাখেন,আমাদের পেইজটি ফলো দিয়ে রাখেন,3,0.7333254908977542
3 After Forming Government,3_after_forming_government,251,Gen Z Newsroom,gen z newsroom,0,0.2
3 After Forming Government,3_after_forming_government,252,নৌকা আগেরটাই শুধু মাঝি পরিবর্তন,নৌকা আগেরটাই শুধু মাঝি পরিবর্তন,4,0.7324004499940567
3 After Forming Government,3_after_forming_government,253,খেলা লেগে গেছে,খেলা লেগে গেছে,0,0.5999970333173009
3 After Forming Government,3_after_forming_government,254,সঠিক সিদ্ধান্ত,সঠিক সিদ্ধান্ত,4,0.7333316273089134
3 After Forming Government,3_after_forming_government,255,স্বাধীনতা বিরোধী পরিষদে শপথ না নিয়েই ভালো।,স্বাধীনতা বিরোধী পরিষদে শপথ না নিয়েই ভালো,2,0.8652973062248789
3 After Forming Government,3_after_forming_government,256,বিএনপি পড়তে আর কয়দিন,বিএনপি পড়তে আর কয়দিন,4,0.7317722498904999
3 After Forming Government,3_after_forming_government,257,জুলাই মারানিদের কি হবে এখন,জুলাই মারানিদের কি হবে এখন,4,0.5962576533007915
3 After Forming Government,3_after_forming_government,258,এদের পতন ও খুব কাছাকাছি,এদের পতন ও খুব কাছাকাছি,4,0.5999918167118511
3 After Forming Government,3_after_forming_government,259,গণতন্ত্রতা এখনো শেখ হাসিনা প্রধানমন্ত্রী আছে তাহলে নতুন করে তারেক রহমান কিভাবে প্রধানমন্ত্রী হয়,গণতন্ত্রতা এখনো শেখ হাসিনা প্রধানমন্ত্রী আছে তাহলে নতুন করে তারেক রহমান কিভাবে প্রধানমন্ত্রী হয়,4,0.8330002586483894
3 After Forming Government,3_after_forming_government,260,সংস্কার চায় না বি এন পি এদের জন্য আওয়ামী লীগ ঠিক ছিলো।,সংস্কার চায় না বি এন পি এদের জন্য আওয়ামী লীগ ঠিক ছিলো,1,0.6220213560234391
3 After Forming Government,3_after_forming_government,261,অকৃতজ্ঞ বি এন পি যাদের রক্তে এই পরযন্ত আসলো তা এখনই অশিকার করতেছে,অকৃতজ্ঞ বি এন পি যাদের রক্তে এই পরযন্ত আসলো তা এখনই অশিকার করতেছে,1,0.9099143941580048
3 After Forming Government,3_after_forming_government,262,শুরু হয়ে গেছে তাইলে,শুরু হয়ে গেছে তাইলে,0,0.7987065762892865
3 After Forming Government,3_after_forming_government,263,তাহলে ২০২৬ এর নির্বাচন কি সংবিধানে আছে??,তাহলে এর নির্বাচন কি সংবিধানে আছে,4,0.7989642413686706
3 After Forming Government,3_after_forming_government,264,যারা তাদের সংসদে যাওয়ার ব্যবস্থা করে দিয়েছে আল্লাহ তাদের বিচার করুক,যারা তাদের সংসদে যাওয়ার ব্যবস্থা করে দিয়েছে আল্লাহ তাদের বিচার করুক,4,0.664982549153941
3 After Forming Government,3_after_forming_government,265,Somporko bodle gelo akti poloke July aro akta dekbo bole Mone hocche....ato Manus ar rokter upor diye gaddari,somporko bodle gelo akti poloke july aro akta dekbo bole mone hocche ato manus ar rokter upor diye gaddari,2,0.5253782237431879
3 After Forming Government,3_after_forming_government,266,Ara sobi holo Allah taler gojob.,ara sobi holo allah taler gojob,4,0.5999850451988363
3 After Forming Government,3_after_forming_government,267,এটাই ১৯৭১ এর চেতনা,এটাই এর চেতনা,4,0.59971596547041
3 After Forming Government,3_after_forming_government,268,"১১ দলীয় জোট যে শপথ গ্রহণ করতেছে না, সেটা প্রকাশ করতে কি কষ্ট হয় ছাটুকারিতা এখনই শুরু",দলীয় জোট যে শপথ গ্রহণ করতেছে না সেটা প্রকাশ করতে কি কষ্ট হয় ছাটুকারিতা এখনই শুরু,2,0.5098780628210846
3 After Forming Government,3_after_forming_government,269,ঐযে বলা হইছিলোনা প্রবাত টা,ঐযে বলা হইছিলোনা প্রবাত টা,4,0.7327375673269307
3 After Forming Government,3_after_forming_government,270,নৌকা আর ধানের শীষ দুনো সাপের একই বিষ,নৌকা আর ধানের শীষ দুনো সাপের একই বিষ,4,0.548221114002977
3 After Forming Government,3_after_forming_government,271,জাতি অসতে আসতে সব নিজে থেকেই বুজতে পারবে।,জাতি অসতে আসতে সব নিজে থেকেই বুজতে পারবে,0,0.529439451377781
3 After Forming Government,3_after_forming_government,272,সংবিধান অনুযায়ী শেখ হাসিনা এখনো প্রধানমন্ত্রী।,সংবিধান অনুযায়ী শেখ হাসিনা এখনো প্রধানমন্ত্রী,4,0.8853707114970008
3 After Forming Government,3_after_forming_government,273,আপনারা শপথ নেন কেমনে??,আপনারা শপথ নেন কেমনে,2,0.6394934313657813
3 After Forming Government,3_after_forming_government,274,তারা সবেমাত্র তাদের চরিত্র প্রকাশ করতে শুরু করেছে।,তারা সবেমাত্র তাদের চরিত্র প্রকাশ করতে শুরু করেছে,1,0.5878317220612
3 After Forming Government,3_after_forming_government,275,Thiki asee..,thiki asee,0,0.2
3 After Forming Government,3_after_forming_government,276,তাহলে দেশের সাধারণ জনগণ বুঝতে পারবে তারা দেশের কিরকম ভালো চায় ।,তাহলে দেশের সাধারণ জনগণ বুঝতে পারবে তারা দেশের কিরকম ভালো চায়,4,0.6914081679006882
3 After Forming Government,3_after_forming_government,277,Kankirpula ra,kankirpula ra,0,0.2
3 After Forming Government,3_after_forming_government,278,দেশটা কোন পর্যায়ে যে যায়?,দেশটা কোন পর্যায়ে যে যায়,0,0.49535178909667205
3 After Forming Government,3_after_forming_government,279,নিজের গুয়া নিজে মারতাছে,নিজের গুয়া নিজে মারতাছে,3,0.7327179455411468
3 After Forming Government,3_after_forming_government,280,এটা নিঃসন্দেহে জাতির আকাঙ্ক্ষার সঙ্গে গাদ্দারী,এটা নিঃসন্দেহে জাতির আকাঙ্ক্ষার সঙ্গে গাদ্দারী,0,0.7327529025142625
3 After Forming Government,3_after_forming_government,281,সৈরাচার হতে চায় এটা আর নতুন কি। দেখাযাক কি হয়,সৈরাচার হতে চায় এটা আর নতুন কি দেখাযাক কি হয়,3,0.37891060840843
3 After Forming Government,3_after_forming_government,282,এখনোই পল্টিমারা শুরু করছে,এখনোই পল্টিমারা শুরু করছে,0,0.5999981739233546
3 After Forming Government,3_after_forming_government,283,"কুকুরের লেজ কখনো সোজা হয় না,,, আবার প্রমাণ হলো",কুকুরের লেজ কখনো সোজা হয় না আবার প্রমাণ হলো,4,0.6691276526652422
3 After Forming Government,3_after_forming_government,284,"জুলাই না হলে যে নির্বাচনই হতো না, সেই ‍জুলাইয়ের সাথে প্রথম গা*দ্দারিটা করল বিএনপি।",জুলাই না হলে যে নির্বাচনই হতো না সেই জুলাইয়ের সাথে প্রথম গা দ্দারিটা করল বিএনপি,0,0.5169512746625746
3 After Forming Government,3_after_forming_government,285,মাশা-আল্লাহ সব চুর পাটপারের মিলন,মাশা আল্লাহ সব চুর পাটপারের মিলন,0,0.5387899046593742
3 After Forming Government,3_after_forming_government,286,ধান্ধাবাজ গুলো পল্টি নিয়ে ফেললো জাতির সাথে,ধান্ধাবাজ গুলো পল্টি নিয়ে ফেললো জাতির সাথে,0,0.7986332713692764
3 After Forming Government,3_after_forming_government,287,১ বছর,বছর,2,0.5984521702278469
3 After Forming Government,3_after_forming_government,288,"শুরু হয়ে গেছে তাল বাহানা,,,",শুরু হয়ে গেছে তাল বাহানা,0,0.7311922833103036
3 After Forming Government,3_after_forming_government,289,এই রাজত্ব বেশি দিন থাকবো না,এই রাজত্ব বেশি দিন থাকবো না,1,0.5998143921292705
3 After Forming Government,3_after_forming_government,290,"তাহলে সরকার গঠন করে কি করবে, চাঁদাবাজি আর বাটপারি করবে।",তাহলে সরকার গঠন করে কি করবে চাঁদাবাজি আর বাটপারি করবে,2,0.8636939605425972
3 After Forming Government,3_after_forming_government,291,আবার অরাজকতা সৃষ্টি করতে শুরু করেছে বিএনপি,আবার অরাজকতা সৃষ্টি করতে শুরু করেছে বিএনপি,1,0.36300994136010156
3 After Forming Government,3_after_forming_government,292,পল্টি বাজ শুরু,পল্টি বাজ শুরু,0,0.7997161001129968
3 After Forming Government,3_after_forming_government,293,এটাই বাকী ছিলো,এটাই বাকী ছিলো,4,0.59971596547041
3 After Forming Government,3_after_forming_government,294,চুরি করতে পারবে না তো এজন্য,চুরি করতে পারবে না তো এজন্য,1,0.8397762030876743
3 After Forming Government,3_after_forming_government,295,Eita korle Seikh Hasina e PM. BNP mane Bolod's National Party.,eita korle seikh hasina e pm bnp mane bolod s national party,2,0.5999969399964111
3 After Forming Government,3_after_forming_government,296,টুকাইদের পরিশ্রমের ফল।,টুকাইদের পরিশ্রমের ফল,0,0.5991918354967983
3 After Forming Government,3_after_forming_government,297,তাইলে কি আমার দেশ আবার স্বৈরাচারের পথে হাঁটছে,তাইলে কি আমার দেশ আবার স্বৈরাচারের পথে হাঁটছে,4,0.8835907939531426
3 After Forming Government,3_after_forming_government,298,শপথ নিলে দুর্নীতি বাধাগ্রস্ত হবে এটা বলেন কেন....?,শপথ নিলে দুর্নীতি বাধাগ্রস্ত হবে এটা বলেন কেন,2,0.8377727013764156
3 After Forming Government,3_after_forming_government,299,F H Nafi Ota boga okol tor post abar share maro dekho,f h nafi ota boga okol tor post abar share maro dekho,2,0.5999843642137913
3 After Forming Government,3_after_forming_government,300,গা**দ্দারি শুরু এভাবে চললে ৫ আগষ্ট আরএকবার হবে,গা দ্দারি শুরু এভাবে চললে আগষ্ট আরএকবার হবে,0,0.4404692051165636
3 After Forming Government,3_after_forming_government,301,সংবিধান সংস্কার পরিষদে শপথ গ্রহণ না করে তারা কাজ টা ভালো করলো না,সংবিধান সংস্কার পরিষদে শপথ গ্রহণ না করে তারা কাজ টা ভালো করলো না,2,0.45122925345219594
3 After Forming Government,3_after_forming_government,302,জনগণ ও পল্টি নিতে পারে মামু,জনগণ ও পল্টি নিতে পারে মামু,4,0.6103418497883955
3 After Forming Government,3_after_forming_government,303,তোমরা রেডি থাকো আবার জুলাই শুরু হবে,তোমরা রেডি থাকো আবার জুলাই শুরু হবে,0,0.8837826642127501
3 After Forming Government,3_after_forming_government,304,"যদি না নেয়, তাহলে তারা অবৈধ, এটা কি তারা মানে",যদি না নেয় তাহলে তারা অবৈধ এটা কি তারা মানে,4,0.5805270872407193
3 After Forming Government,3_after_forming_government,305,রমজান মাস আসে শয়তান বন্ধ রাখার জন্য তাও এক মাসের জন্য আর এরা যতদিন ক্ষমতায় আছে ততদিন শয়তান সাথে রাখবে,রমজান মাস আসে শয়তান বন্ধ রাখার জন্য তাও এক মাসের জন্য আর এরা যতদিন ক্ষমতায় আছে ততদিন শয়তান সাথে রাখবে,1,0.48812261313097743
3 After Forming Government,3_after_forming_government,306,জুলাইয়ের সাথে গাদ্দার করা বাহিনী,জুলাইয়ের সাথে গাদ্দার করা বাহিনী,0,0.7988494174747018
3 After Forming Government,3_after_forming_government,307,এর পরিনাম ভয়ংকর হবে,এর পরিনাম ভয়ংকর হবে,0,0.2
3 After Forming Government,3_after_forming_government,308,পোলাপান মাঠে নেমে পর আবার,পোলাপান মাঠে নেমে পর আবার,1,0.43319012922586175
3 After Forming Government,3_after_forming_government,309,তারেক রহমান কেন হ্যাঁ ভোট এর পক্ষে ছিলো,তারেক রহমান কেন হ্যাঁ ভোট এর পক্ষে ছিলো,4,0.8654774949531171
3 After Forming Government,3_after_forming_government,310,পোল্টি নিলে দেশে অশান্তি বিরাজ করবে।,পোল্টি নিলে দেশে অশান্তি বিরাজ করবে,1,0.7315439688710087
3 After Forming Government,3_after_forming_government,311,ভালোবাসা ভালোবাসা,ভালোবাসা ভালোবাসা,0,0.2
3 After Forming Government,3_after_forming_government,312,শুরু হয়েছে দেখুন খেলা,শুরু হয়েছে দেখুন খেলা,0,0.7333319393871462
3 After Forming Government,3_after_forming_government,313,এত তারাতাড়ি ভুলে গেলে চলবে না ৫ই আগষ্ট,এত তারাতাড়ি ভুলে গেলে চলবে না ই আগষ্ট,4,0.33052261689435436
3 After Forming Government,3_after_forming_government,314,সংবিধান সংস্কারের জন্য বিএনপি নির্বাচিত সম্মানিত সংসদ সদস্যগণ শপথ গ্রহণ না করায় এই সরকারের মেয়াদ হবে সর্বোচ্চ দুই বছর।,সংবিধান সংস্কারের জন্য বিএনপি নির্বাচিত সম্মানিত সংসদ সদস্যগণ শপথ গ্রহণ না করায় এই সরকারের মেয়াদ হবে সর্বোচ্চ দুই বছর,2,0.9421293093402384
3 After Forming Government,3_after_forming_government,315,এখন বুঝলাম আওয়ামী লীগ কেনো বিএনপির উপর খেপা ছিলো,এখন বুঝলাম আওয়ামী লীগ কেনো বিএনপির উপর খেপা ছিলো,1,0.8650939448649387
3 After Forming Government,3_after_forming_government,316,খেলা তো মাত্র শুরু,খেলা তো মাত্র শুরু,0,0.5502887545549755
3 After Forming Government,3_after_forming_government,317,Jatir beiman,jatir beiman,0,0.2
3 After Forming Government,3_after_forming_government,318,এই বিন্পির পতন খুব কাছে,এই বিন্পির পতন খুব কাছে,4,0.7234681706398486
3 After Forming Government,3_after_forming_government,319,যারা সংবিধান মতে সব হয়েছে বলতেছে তারাই সংবিধান মতে এখনো অবৈধ এমপি,যারা সংবিধান মতে সব হয়েছে বলতেছে তারাই সংবিধান মতে এখনো অবৈধ এমপি,4,0.7045661960274963
3 After Forming Government,3_after_forming_government,320,সংবিধানে নির্বাচন ২০২৮ সালে,সংবিধানে নির্বাচন সালে,4,0.7993339568438541
3 After Forming Government,3_after_forming_government,321,কি একটা অবস্থা বিশমিল্লাহতে গলদ,কি একটা অবস্থা বিশমিল্লাহতে গলদ,1,0.5974138482296512
3 After Forming Government,3_after_forming_government,322,খাম্বা তারেক ভালই ভালই শপথ কর নাইলে হাসিনার মতন পালের লাগবে কিন্তু,খাম্বা তারেক ভালই ভালই শপথ কর নাইলে হাসিনার মতন পালের লাগবে কিন্তু,2,0.5188756681754592
3 After Forming Government,3_after_forming_government,323,শিগগিরই পতন হবে জুলাই মানুষ এমনি এমনি করে নাই,শিগগিরই পতন হবে জুলাই মানুষ এমনি এমনি করে নাই,4,0.8143000489976752
3 After Forming Government,3_after_forming_government,324,নির্বাচন নিয়েছে কেন তাহলে?,নির্বাচন নিয়েছে কেন তাহলে,4,0.7991081257845966
3 After Forming Government,3_after_forming_government,325,বের হয়ে আসতেছে আসল রূপ,বের হয়ে আসতেছে আসল রূপ,0,0.33213494879612215
3 After Forming Government,3_after_forming_government,326,১৯৯৬ কথা মনে পরে,কথা মনে পরে,1,0.5987528538791075
3 After Forming Government,3_after_forming_government,327,কয়লা ধুইলে ময়লা যায় না,কয়লা ধুইলে ময়লা যায় না,0,0.7324890401983859
3 After Forming Government,3_after_forming_government,328,Ei jonno ora ghono vote e na dise,ei jonno ora ghono vote e na dise,2,0.5490112603033761
3 After Forming Government,3_after_forming_government,329,"আমার প্রান প্রিয় দল, এটা আবার কি বলে",আমার প্রান প্রিয় দল এটা আবার কি বলে,1,0.8370248428987362
3 After Forming Government,3_after_forming_government,330,শুরুতেই শুরু,শুরুতেই শুরু,0,0.40024557329913435
3 After Forming Government,3_after_forming_government,331,মাত্র না আসলেন এখনি চলে যাওয়ার ইচ্ছা নাকি।,মাত্র না আসলেন এখনি চলে যাওয়ার ইচ্ছা নাকি,1,0.6578288714618491
3 After Forming Government,3_after_forming_government,332,"কেউ খারাপ কিছু বলবেন না,,জনগন যা চাইছে তাই পাইছে",কেউ খারাপ কিছু বলবেন না জনগন যা চাইছে তাই পাইছে,1,0.8646169931623856
3 After Forming Government,3_after_forming_government,333,"চাটাচাটিতে কে জিতবে? প্রথম আলো,",চাটাচাটিতে কে জিতবে প্রথম আলো,0,0.5992326258637671
3 After Forming Government,3_after_forming_government,334,"যমুনা টিভি,",যমুনা টিভি,0,0.2
3 After Forming Government,3_after_forming_government,335,"সময় টিভি,",সময় টিভি,4,0.5989875791984299
3 After Forming Government,3_after_forming_government,336,"একাত্তর টিভি,",একাত্তর টিভি,0,0.2
3 After Forming Government,3_after_forming_government,337,"বিডি নিউজ,",বিডি নিউজ,1,0.5986645414415572
3 After Forming Government,3_after_forming_government,338,"খেলাযোগ,",খেলাযোগ,0,0.2
3 After Forming Government,3_after_forming_government,339,"চ্যানেল২৪,",চ্যানেল,1,0.5990602403317946
3 After Forming Government,3_after_forming_government,340,বাংলাভিশন,বাংলাভিশন,0,0.2
3 After Forming Government,3_after_forming_government,341,নাকি কালবেলা?,নাকি কালবেলা,1,0.599998344075679
3 After Forming Government,3_after_forming_government,342,টানটান উত্তেজনা বিরাজমান,টানটান উত্তেজনা বিরাজমান,0,0.2
3 After Forming Government,3_after_forming_government,343,সংবিধান অনুযায়ী শেখ হাসিনা বাংলাদেশ এর প্রধানমন্ত্রী।,সংবিধান অনুযায়ী শেখ হাসিনা বাংলাদেশ এর প্রধানমন্ত্রী,4,0.8853689918094909
3 After Forming Government,3_after_forming_government,344,যাকে বলে পাল্টি,যাকে বলে পাল্টি,2,0.724961121517499
3 After Forming Government,3_after_forming_government,345,আরেকটি গণঅভ্যুত্থানের অপেক্ষায় থাকেন,আরেকটি গণঅভ্যুত্থানের অপেক্ষায় থাকেন,3,0.43792335214183675
3 After Forming Government,3_after_forming_government,346,যারা চাঁদাবাজি করতে ইচ্ছুক তারা কি আর সংস্কার করতে চাবে,যারা চাঁদাবাজি করতে ইচ্ছুক তারা কি আর সংস্কার করতে চাবে,1,0.8620782962386184
3 After Forming Government,3_after_forming_government,347,পল্টি নেওয়া যেহেতু শুরু মারা খাওযার জন্যেও রেডি হও।,পল্টি নেওয়া যেহেতু শুরু মারা খাওযার জন্যেও রেডি হও,0,0.899755676542355
3 After Forming Government,3_after_forming_government,348,তাহলে তো হাসিনাই সেরা,তাহলে তো হাসিনাই সেরা,4,0.7315145722885505
3 After Forming Government,3_after_forming_government,349,জুলাই যোদ্ধারাও দিবে ওদের পু*কিতে..,জুলাই যোদ্ধারাও দিবে ওদের পু কিতে,4,0.7988140962503203
3 After Forming Government,3_after_forming_government,350,২ বছর ও টিকবে না এই বিন এন পি,বছর ও টিকবে না এই বিন এন পি,1,0.6399122652538003
3 After Forming Government,3_after_forming_government,351,Asb tw jana kotha e new kicho thkle blen,asb tw jana kotha e new kicho thkle blen,3,0.7323577147207584
3 After Forming Government,3_after_forming_government,352,এবার খেলা জমবে,এবার খেলা জমবে,0,0.4000974053123184
3 After Forming Government,3_after_forming_government,353,শপথ নিলে তো ধান্দা পিকির হবে না,শপথ নিলে তো ধান্দা পিকির হবে না,2,0.798980227985158
3 After Forming Government,3_after_forming_government,354,খেলা মাএ শুরু এরাই শিখিয়েছে জোর করে ক্ষমতা টিকে থাকার আওয়ামী লীগ তো শুধু কপি করেছে,খেলা মাএ শুরু এরাই শিখিয়েছে জোর করে ক্ষমতা টিকে থাকার আওয়ামী লীগ তো শুধু কপি করেছে,3,0.387523545673583
3 After Forming Government,3_after_forming_government,355,Uchit kaj. Kono dorkar nai. Bnp is perfectly,uchit kaj kono dorkar nai bnp is perfectly,2,0.8399260418327924
3 After Forming Government,3_after_forming_government,356,এটা তো আগে থেকেই জানতাম এমনটা হবে,এটা তো আগে থেকেই জানতাম এমনটা হবে,0,0.3997097394005359
3 After Forming Government,3_after_forming_government,357,এটাই ঠিক,এটাই ঠিক,4,0.7332539268749663
3 After Forming Government,3_after_forming_government,358,ক্ষমতায় এসে গণভোট মানছে না।,ক্ষমতায় এসে গণভোট মানছে না,1,0.7974720786838547
3 After Forming Government,3_after_forming_government,359,গাদ্দারি শুরু করে দিছে দুই চার দিনের মাথায়।,গাদ্দারি শুরু করে দিছে দুই চার দিনের মাথায়,0,0.8997499387456063
3 After Forming Government,3_after_forming_government,360,গুড ডিশিশন,গুড ডিশিশন,1,0.5999936187751076
3 After Forming Government,3_after_forming_government,361,গাদ্দার।,গাদ্দার,0,0.5999947659754516
3 After Forming Government,3_after_forming_government,362,কেবল খেলা শুরু,কেবল খেলা শুরু,0,0.5503091633366798
3 After Forming Government,3_after_forming_government,363,Very good,very good,1,0.7319454068006259
3 After Forming Government,3_after_forming_government,364,৪৯% বোট পেয়ে তারা সরকার গঠন করবে অথচ ৬৩% হা বোট তারা মানতে আগ্রহী না,বোট পেয়ে তারা সরকার গঠন করবে অথচ হা বোট তারা মানতে আগ্রহী না,2,0.8846703029713501
3 After Forming Government,3_after_forming_government,365,ভূল রাজনীতি নতুন করে শুরু ۔۔۔۔,ভূল রাজনীতি নতুন করে শুরু,4,0.5361158831816879
3 After Forming Government,3_after_forming_government,366,নিলে তো চুরি করতে পারবে না,নিলে তো চুরি করতে পারবে না,1,0.8395135710866007
3 After Forming Government,3_after_forming_government,367,একটা ছিল ১৬ বছর এইডা থাকবে ৫০ বছর এই কারণে শপথ নিতেছে না,একটা ছিল বছর এইডা থাকবে বছর এই কারণে শপথ নিতেছে না,2,0.8639619242646149
3 After Forming Government,3_after_forming_government,368,"গাদ্দারের সাথে গাদ্দারি করতে হবে নাহয়,, আজ থেকে রাজনীতি করব না,,, সব জায়গায় দেওয়ানা হলে আপনারা জীবনেও দেশ চালাতে পারবেন না",গাদ্দারের সাথে গাদ্দারি করতে হবে নাহয় আজ থেকে রাজনীতি করব না সব জায়গায় দেওয়ানা হলে আপনারা জীবনেও দেশ চালাতে পারবেন না,3,0.5299033570514943
3 After Forming Government,3_after_forming_government,369,গনভোটের স্বীকৃতি ছাড়া এবং জুলাই সংস্কার শপথ ছাড়া ২০২৬ সংসদ নির্বাচন অবৈধ।,গনভোটের স্বীকৃতি ছাড়া এবং জুলাই সংস্কার শপথ ছাড়া সংসদ নির্বাচন অবৈধ,4,0.6150372659725619
3 After Forming Government,3_after_forming_government,370,গণভোটের মানে কি!,গণভোটের মানে কি,4,0.40014216686715787
3 After Forming Government,3_after_forming_government,371,"গণভোট মানে গণ রায় , (অর্থাৎ জনগণের রায়)",গণভোট মানে গণ রায় অর্থাৎ জনগণের রায়,4,0.4521248818034418
3 After Forming Government,3_after_forming_government,372,জনগণের রায় কে বাতিল করার ফল কি হবে আবার ভেবে দেখা উচিত,জনগণের রায় কে বাতিল করার ফল কি হবে আবার ভেবে দেখা উচিত,1,0.661795406773848
3 After Forming Government,3_after_forming_government,373,জনগনকে আবার রাস্তায় নামতে বাধ্য করবেন না।,জনগনকে আবার রাস্তায় নামতে বাধ্য করবেন না,4,0.7945422428542165
3 After Forming Government,3_after_forming_government,374,"রমজান মাসের সব স্কুলের ছুটি প্রথমে হোক, f--k আন্দোলন, f--k নতুন সনদ।",রমজান মাসের সব স্কুলের ছুটি প্রথমে হোক f k আন্দোলন f k নতুন সনদ,4,0.43088863517803666
3 After Forming Government,3_after_forming_government,375,সংবিধানের বাইরে গিয়ে সরকার হটানো জায়েজ সংবিধানের বাইরে গিয়ে নতুন অন্তর্বর্তী সরকার গঠন জায়েজ সংবিধানের বাইরে গিয়ে অন্তর্বর্তী সরকারের অধীনে নির্বাচন করা জায়েজ সংবিধানের বাইরে গিয়ে নির্বাচিত হয়ে সংসদ সদস্য হিসেবে শপথ নেওয়া জায়েজ শুধুমাত্র সংবিধানের বাইরে গিয়ে অন্তর্বর্তী সরকারের আদেশ ও জনগণ প্রদত্ত গণভোটের রায় অনুযায়ী সংবিধান সংস্কার পরিষদের সদস্য হিসেবে শপথ নেওয়া নাজায়েজ,সংবিধানের বাইরে গিয়ে সরকার হটানো জায়েজ সংবিধানের বাইরে গিয়ে নতুন অন্তর্বর্তী সরকার গঠন জায়েজ সংবিধানের বাইরে গিয়ে অন্তর্বর্তী সরকারের অধীনে নির্বাচন করা জায়েজ সংবিধানের বাইরে গিয়ে নির্বাচিত হয়ে সংসদ সদস্য হিসেবে শপথ নেওয়া জায়েজ শুধুমাত্র সংবিধানের বাইরে গিয়ে অন্তর্বর্তী সরকারের আদেশ ও জনগণ প্রদত্ত গণভোটের রায় অনুযায়ী সংবিধান সংস্কার পরিষদের সদস্য হিসেবে শপথ নেওয়া নাজায়েজ,2,0.9832728728003358
3 After Forming Government,3_after_forming_government,376,গদি তো মনে হয় লইরা যাইতাছে শুরুতেই,গদি তো মনে হয় লইরা যাইতাছে শুরুতেই,3,0.4658461397624886
3 After Forming Government,3_after_forming_government,377,"শুরু হয়ে গেছে বাটপারি,,,",শুরু হয়ে গেছে বাটপারি,0,0.7989036543556216
3 After Forming Government,3_after_forming_government,378,দেও ভোট বিএনপিকে,দেও ভোট বিএনপিকে,4,0.7298477668380383
3 After Forming Government,3_after_forming_government,379,নিসন্দেহে যুগান্তকারী সিদ্ধান্ত। বিএনপি কখনো রাজাকারের ফাঁদে পা দিবে না,নিসন্দেহে যুগান্তকারী সিদ্ধান্ত বিএনপি কখনো রাজাকারের ফাঁদে পা দিবে না,4,0.669551912632665
3 After Forming Government,3_after_forming_government,380,Gu khak ora,gu khak ora,0,0.2
3 After Forming Government,3_after_forming_government,381,জনগণের সিন্ধান্ত মানতে হবে ভুলে গেলে চলবেনা ১৮ মাস আগে কি হয়ে ছিল,জনগণের সিন্ধান্ত মানতে হবে ভুলে গেলে চলবেনা মাস আগে কি হয়ে ছিল,0,0.512011552818922
3 After Forming Government,3_after_forming_government,382,"এটা তো আমরা জানি আগে থেকে,,,,",এটা তো আমরা জানি আগে থেকে,0,0.5999947633761684
3 After Forming Government,3_after_forming_government,383,হাসু আপার মতই হবে। পালাবার পথ পাবে না।,হাসু আপার মতই হবে পালাবার পথ পাবে না,4,0.8396530239277484
3 After Forming Government,3_after_forming_government,384,সাওয়া মাওয়া ছুটাই ফেলতে হবে।,সাওয়া মাওয়া ছুটাই ফেলতে হবে,3,0.5999877818397044
3 After Forming Government,3_after_forming_government,385,ওরা মগের মুল্লুক পেয়ে গেছে। প্রথমে না ভোট দেওয়ার ক্যামপিং করছে তারপরে ও যখন হ্যাঁ ভোট জয়ী হলো এখন আবার হাঙ্গামা শুরু । অতিত থেকে শিক্ষা নেন মনে রাখবেন কোনো ভাবে দুই বার এর বেশি থাকতে পারবেন না জনগণ যখন এক সৈরশাসন দূর করতে পারছে আবার ও পারবে সেটা হবে আরও ভয়ংকার,ওরা মগের মুল্লুক পেয়ে গেছে প্রথমে না ভোট দেওয়ার ক্যামপিং করছে তারপরে ও যখন হ্যাঁ ভোট জয়ী হলো এখন আবার হাঙ্গামা শুরু অতিত থেকে শিক্ষা নেন মনে রাখবেন কোনো ভাবে দুই বার এর বেশি থাকতে পারবেন না জনগণ যখন এক সৈরশাসন দূর করতে পারছে আবার ও পারবে সেটা হবে আরও ভয়ংকার,1,0.4919239893826941
3 After Forming Government,3_after_forming_government,386,Aro daw vot .,aro daw vot,0,0.2
3 After Forming Government,3_after_forming_government,387,এরা কি জনরায় কে উপেক্ষা করতে চাইছে??,এরা কি জনরায় কে উপেক্ষা করতে চাইছে,1,0.4806018211843666
3 After Forming Government,3_after_forming_government,388,"এজন্যই গণভোটের চেয়ে আলু চাষীর উন্নতি প্রয়োজন বলছিল,,,",এজন্যই গণভোটের চেয়ে আলু চাষীর উন্নতি প্রয়োজন বলছিল,1,0.8643810678390951
3 After Forming Government,3_after_forming_government,389,"এরা এসব সংস্কার করে খাওন পাবে না তাই,,,,,",এরা এসব সংস্কার করে খাওন পাবে না তাই,4,0.552159923417421
3 After Forming Government,3_after_forming_government,390,I have a plan,i have a plan,2,0.7333297270335876
3 After Forming Government,3_after_forming_government,391,জয় বাংলা,জয় বাংলা,0,0.7333299812440617
3 After Forming Government,3_after_forming_government,392,ঠ্যালা সামলা,ঠ্যালা সামলা,0,0.2
3 After Forming Government,3_after_forming_government,393,সংবিধান সংস্কার হবে সংসদিও ভোটে। কতিপয় রাজাকার ও মবষ্টার এদের কথায় সংবিধান সংস্কার করা এটা হবে দেশের জন্য আত্মঘাতী।,সংবিধান সংস্কার হবে সংসদিও ভোটে কতিপয় রাজাকার ও মবষ্টার এদের কথায় সংবিধান সংস্কার করা এটা হবে দেশের জন্য আত্মঘাতী,4,0.6794491197389428
3 After Forming Government,3_after_forming_government,394,বেই*মান,বেই মান,4,0.5981460146177928
3 After Forming Government,3_after_forming_government,395,ওদের দরকার নেই,ওদের দরকার নেই,4,0.7327814547141973
3 After Forming Government,3_after_forming_government,396,শপথ নিলে আকাম করবে কেমনে,শপথ নিলে আকাম করবে কেমনে,2,0.7994028113532653
3 After Forming Government,3_after_forming_government,397,এরা গাদ্দারি শুরু করে দিয়েছে অলরেডি,এরা গাদ্দারি শুরু করে দিয়েছে অলরেডি,0,0.8662881391732761
3 After Forming Government,3_after_forming_government,398,৬ মাস,মাস,0,0.59999647203253
3 After Forming Government,3_after_forming_government,399,তারা আবার আগের দলের মতোই পালানোর অপেক্ষায় আছে মনে হয়।,তারা আবার আগের দলের মতোই পালানোর অপেক্ষায় আছে মনে হয়,2,0.5754247736659556
3 After Forming Government,3_after_forming_government,400,"গণভোট বাতিল হলে,আমরা আবার নির্বাচন চাই।",গণভোট বাতিল হলে আমরা আবার নির্বাচন চাই,1,0.4026048995811203
3 After Forming Government,3_after_forming_government,401,আর ফলাফল লাইভে এসে গণনা করতে হবে। আর চাদাবাজি বন্ধ হউক। সুষ্ঠু নির্বাচন চাই।,আর ফলাফল লাইভে এসে গণনা করতে হবে আর চাদাবাজি বন্ধ হউক সুষ্ঠু নির্বাচন চাই,1,0.4412865136138632
3 After Forming Government,3_after_forming_government,402,আমজনতা এবার বেটার ফিল করবে,আমজনতা এবার বেটার ফিল করবে,1,0.5977535097235602
3 After Forming Government,3_after_forming_government,403,এইটা আগেই জানতাম বি এন পি সংস্কার করবে না,এইটা আগেই জানতাম বি এন পি সংস্কার করবে না,1,0.8849496241920224
3 After Forming Government,3_after_forming_government,404,শুধু ভোট পাওয়ার জন্য গণভোটের পক্ষে ছিল।,শুধু ভোট পাওয়ার জন্য গণভোটের পক্ষে ছিল,1,0.5370998946328928
3 After Forming Government,3_after_forming_government,405,শপথ নাও সমস্যা নাই ২৪ এর ৫ ই আগস্ট কথা মনে রেখো,শপথ নাও সমস্যা নাই এর ই আগস্ট কথা মনে রেখো,1,0.44113155167924706
3 After Forming Government,3_after_forming_government,406,গাদ্দারি কেবল শুরু,গাদ্দারি কেবল শুরু,0,0.5502304523008557
3 After Forming Government,3_after_forming_government,407,জয় বাংলা জয় বঙ্গবন্ধু,জয় বাংলা জয় বঙ্গবন্ধু,0,0.8399981375029302
3 After Forming Government,3_after_forming_government,408,ঐ কি রে ঐ কি রে মধু,ঐ কি রে ঐ কি রে মধু,0,0.2
3 After Forming Government,3_after_forming_government,409,আবার সবাই রাজপথে নামব,আবার সবাই রাজপথে নামব,1,0.7982515095672763
3 After Forming Government,3_after_forming_government,410,পল্টি নিচ্ছে মানে পতনের সন্নিকটে,পল্টি নিচ্ছে মানে পতনের সন্নিকটে,0,0.6377347657639499
3 After Forming Government,3_after_forming_government,411,বিএনপির এই সিদ্ধান্ত তাদের ভবিষ্যতের জন্য খারাপ নজির সৃষ্টি করবে।,বিএনপির এই সিদ্ধান্ত তাদের ভবিষ্যতের জন্য খারাপ নজির সৃষ্টি করবে,4,0.4382704642459041
3 After Forming Government,3_after_forming_government,412,১১ দলীয় জোট এর শপথ না নেওয়া উচিত হবে,দলীয় জোট এর শপথ না নেওয়া উচিত হবে,2,0.8630588218503265
3 After Forming Government,3_after_forming_government,413,I Have a plan....,i have a plan,2,0.7333297270335876
3 After Forming Government,3_after_forming_government,414,"জয়, লিবারেল ডেমোক্রেসির জয়!",জয় লিবারেল ডেমোক্রেসির জয়,0,0.7333308719138977
3 After Forming Government,3_after_forming_government,415,মেয়াদ ২ বছর,মেয়াদ বছর,2,0.7327558052877794
3 After Forming Government,3_after_forming_government,416,বিএনপির কোমরে যে জোর আছে সেটার প্রমাণ দিল বিএনপি। ইউনুস-আলী রিয়াজ-জামাত-এনসিপির মাথায় হাত।,বিএনপির কোমরে যে জোর আছে সেটার প্রমাণ দিল বিএনপি ইউনুস আলী রিয়াজ জামাত এনসিপির মাথায় হাত,3,0.49223742486052025
3 After Forming Government,3_after_forming_government,417,এটাই হওয়ার কথা। যাদের জন্মই হইছে বেইমানির মাধ্যমে। তারা কি আর ভালো হবে কখনো!,এটাই হওয়ার কথা যাদের জন্মই হইছে বেইমানির মাধ্যমে তারা কি আর ভালো হবে কখনো,4,0.6228337196554278
3 After Forming Government,3_after_forming_government,418,বিএনপিকে ভোট দেওয়া আওয়ামী লীগের ভুল ছিলো,বিএনপিকে ভোট দেওয়া আওয়ামী লীগের ভুল ছিলো,4,0.5993862218648466
3 After Forming Government,3_after_forming_government,419,রাষ্ট্র শ্রেণী শোসনের হাতিয়ার।,রাষ্ট্র শ্রেণী শোসনের হাতিয়ার,0,0.5969086277411987
3 After Forming Government,3_after_forming_government,420,যার যা আছে তাই নিয়ে শত্রুর মোকাবেলা করতে হবে,যার যা আছে তাই নিয়ে শত্রুর মোকাবেলা করতে হবে,1,0.8379052949442787
3 After Forming Government,3_after_forming_government,423,শাসক পরিবর্তনের জন্য জুলাই বিপ্লব হয়নি—,শাসক পরিবর্তনের জন্য জুলাই বিপ্লব হয়নি,3,0.8647617052443578
3 After Forming Government,3_after_forming_government,424,জুলাই বিপ্লব হয়েছে শাসন ব্যবস্থা পরিবর্তনের জন্য।,জুলাই বিপ্লব হয়েছে শাসন ব্যবস্থা পরিবর্তনের জন্য,3,0.8643815747961792
3 After Forming Government,3_after_forming_government,425,"একজন ব্যক্তি সরে গেলে আরেকজন আসে,",একজন ব্যক্তি সরে গেলে আরেকজন আসে,2,0.5372850293526304
3 After Forming Government,3_after_forming_government,426,"একটি মুখ বদলায়, একটি চেয়ার বদলায়—",একটি মুখ বদলায় একটি চেয়ার বদলায়,1,0.5996236411104359
3 After Forming Government,3_after_forming_government,427,"কিন্তু যদি অন্যায় কাঠামো, দুর্নীতিগ্রস্ত পদ্ধতি",কিন্তু যদি অন্যায় কাঠামো দুর্নীতিগ্রস্ত পদ্ধতি,3,0.5999809911552946
3 After Forming Government,3_after_forming_government,428,"এবং জবাবদিহিতাহীন ক্ষমতার সংস্কৃতি আগের মতোই থাকে,",এবং জবাবদিহিতাহীন ক্ষমতার সংস্কৃতি আগের মতোই থাকে,2,0.8391031474800793
3 After Forming Government,3_after_forming_government,429,তবে প্রকৃত পরিবর্তন কখনোই আসে না।,তবে প্রকৃত পরিবর্তন কখনোই আসে না,2,0.42674685428302994
3 After Forming Government,3_after_forming_government,430,"জুলাই ছিল কেবল একটি মাসের নাম নয়,",জুলাই ছিল কেবল একটি মাসের নাম নয়,3,0.6126178832829058
3 After Forming Government,3_after_forming_government,431,"এটি ছিল প্রতিবাদের প্রতীক,",এটি ছিল প্রতিবাদের প্রতীক,0,0.2
3 After Forming Government,3_after_forming_government,432,অন্যায়ের বিরুদ্ধে উচ্চারিত এক সম্মিলিত চেতনার নাম।,অন্যায়ের বিরুদ্ধে উচ্চারিত এক সম্মিলিত চেতনার নাম,3,0.7981215928838189
3 After Forming Government,3_after_forming_government,433,"এই বিপ্লব ছিল না ব্যক্তিগত প্রতিহিংসার আগুন,",এই বিপ্লব ছিল না ব্যক্তিগত প্রতিহিংসার আগুন,3,0.40024831341428535
3 After Forming Government,3_after_forming_government,434,ছিল না কেবল ক্ষমতার পালাবদলের উল্লাস—,ছিল না কেবল ক্ষমতার পালাবদলের উল্লাস,2,0.7310383535189957
3 After Forming Government,3_after_forming_government,435,"বরং ছিল একটি বৈষম্যহীন, স্বচ্ছ ও জবাবদিহিমূলক",বরং ছিল একটি বৈষম্যহীন স্বচ্ছ ও জবাবদিহিমূলক,2,0.5922582245231911
3 After Forming Government,3_after_forming_government,436,শাসন কাঠামো গড়ে তোলার অঙ্গীকার।,শাসন কাঠামো গড়ে তোলার অঙ্গীকার,3,0.49721832135795613
3 After Forming Government,3_after_forming_government,437,জুলাইয়ের কণ্ঠ বলেছিল—,জুলাইয়ের কণ্ঠ বলেছিল,0,0.7321950756473724
3 After Forming Government,3_after_forming_government,438,"আমরা শুধু শাসক বদলাতে চাই না,",আমরা শুধু শাসক বদলাতে চাই না,3,0.733327627641043
3 After Forming Government,3_after_forming_government,439,আমরা চাই এমন এক ব্যবস্থা,আমরা চাই এমন এক ব্যবস্থা,3,0.7945306125649488
3 After Forming Government,3_after_forming_government,440,"যেখানে আইনের শাসন সবার জন্য সমান,",যেখানে আইনের শাসন সবার জন্য সমান,3,0.7996048840520243
3 After Forming Government,3_after_forming_government,441,"যেখানে ক্ষমতা হবে জনগণের সেবক, শাসক নয়,",যেখানে ক্ষমতা হবে জনগণের সেবক শাসক নয়,3,0.8658474483542116
3 After Forming Government,3_after_forming_government,442,"যেখানে ন্যায়বিচার হবে অধিকার, অনুগ্রহ নয়।",যেখানে ন্যায়বিচার হবে অধিকার অনুগ্রহ নয়,3,0.7995760849842097
3 After Forming Government,3_after_forming_government,443,কারণ ইতিহাস সাক্ষী—,কারণ ইতিহাস সাক্ষী,4,0.5999903389343548
3 After Forming Government,3_after_forming_government,444,"ব্যক্তি বদলালে সাময়িক আশ্বাস পাওয়া যায়,",ব্যক্তি বদলালে সাময়িক আশ্বাস পাওয়া যায়,2,0.731486727050696
3 After Forming Government,3_after_forming_government,445,কিন্তু ব্যবস্থা বদলালে জাতির ভবিষ্যৎ বদলায়।,কিন্তু ব্যবস্থা বদলালে জাতির ভবিষ্যৎ বদলায়,2,0.7952444002726956
3 After Forming Government,3_after_forming_government,446,"তাই জুলাই বিপ্লব ছিল চেয়ারের নয়,",তাই জুলাই বিপ্লব ছিল চেয়ারের নয়,3,0.7981677175351495
3 After Forming Government,3_after_forming_government,447,চেতনার বিপ্লব।,চেতনার বিপ্লব,3,0.5999940931960671
3 After Forming Government,3_after_forming_government,448,"ছিল ক্ষমতার নয়, ন্যায়ের সংগ্রাম।",ছিল ক্ষমতার নয় ন্যায়ের সংগ্রাম,3,0.7326822167800366
3 After Forming Government,3_after_forming_government,449,"ছিল মুখের পরিবর্তন নয়,",ছিল মুখের পরিবর্তন নয়,3,0.7977958683377594
3 After Forming Government,3_after_forming_government,450,মূল কাঠামোর পরিবর্তনের দৃঢ় অঙ্গীকার।,মূল কাঠামোর পরিবর্তনের দৃঢ় অঙ্গীকার,2,0.550352659928491
3 After Forming Government,3_after_forming_government,451,এই হল আসল রুপ,এই হল আসল রুপ,0,0.5506131666121622
3 After Forming Government,3_after_forming_government,452,এই রকম হলে তিন মাস থাকতে পারবা।,এই রকম হলে তিন মাস থাকতে পারবা,3,0.735504204935301
3 After Forming Government,3_after_forming_government,453,হাছিনা কে কিক দিতে ১৬ বাছর লাগছে তারেক কে ১৬ মাসে লনডন পালাবে,হাছিনা কে কিক দিতে বাছর লাগছে তারেক কে মাসে লনডন পালাবে,4,0.8651601623474939
3 After Forming Government,3_after_forming_government,454,"এই জাতীয় গাদ্দাররা আগে গণভোটে রাজি হয়নি কেন, এখন কি টের পাচ্ছেন? বিএনপির জুলাই আন্দোলনে কোনো অবদান ছিল না। জুলাই ছাত্রদের, জুলাই হাসনাতদের, জুলাই সব শহীদের!",এই জাতীয় গাদ্দাররা আগে গণভোটে রাজি হয়নি কেন এখন কি টের পাচ্ছেন বিএনপির জুলাই আন্দোলনে কোনো অবদান ছিল না জুলাই ছাত্রদের জুলাই হাসনাতদের জুলাই সব শহীদের,4,0.557896891167127
3 After Forming Government,3_after_forming_government,455,Alhamdulillah,alhamdulillah,3,0.5999749533002969
3 After Forming Government,3_after_forming_government,456,"এই সরকার অবৈধ যদি জুলাই সনদের শপথ না নেয়া হয়,,,,",এই সরকার অবৈধ যদি জুলাই সনদের শপথ না নেয়া হয়,4,0.4254389823383377
3 After Forming Government,3_after_forming_government,457,আর গাদ্দারদের পতন অনিবার্য,আর গাদ্দারদের পতন অনিবার্য,4,0.5999918167118511
3 After Forming Government,3_after_forming_government,458,"৬৮% মানুষ গণভোটে ""হ্যাঁ"" ভোট দিছে, অথচ বিএনপি নির্বাচিত হবার পর তার পথ চলা শুরু করল জুলাই সনদকে উপেক্ষা করার মধ্য দিয়ে।",মানুষ গণভোটে হ্যাঁ ভোট দিছে অথচ বিএনপি নির্বাচিত হবার পর তার পথ চলা শুরু করল জুলাই সনদকে উপেক্ষা করার মধ্য দিয়ে,0,0.4971661608667993
3 After Forming Government,3_after_forming_government,459,"৫০% ভোট পাইয়া, ৬৮% এর মতামতকে উপেক্ষা করা কি গনতন্ত্রের স্পিরিটের সাথে যায়?",ভোট পাইয়া এর মতামতকে উপেক্ষা করা কি গনতন্ত্রের স্পিরিটের সাথে যায়,4,0.7304636370172815
3 After Forming Government,3_after_forming_government,460,"MD Junaed এত গুলা প্রাণ গেলো, BNP কে ক্ষমতায় বসানোর জন্য আহারে",md junaed এত গুলা প্রাণ গেলো bnp কে ক্ষমতায় বসানোর জন্য আহারে,1,0.7739398313369749
3 After Forming Government,3_after_forming_government,461,যাতে চাঁদাবাজী ভালো করে করা যায়,যাতে চাঁদাবাজী ভালো করে করা যায়,2,0.729987672567897
3 After Forming Government,3_after_forming_government,462,"আলহামদুলিল্লাহ,,, সুন্দর সিদ্ধান্ত",আলহামদুলিল্লাহ সুন্দর সিদ্ধান্ত,4,0.5499948943458611
3 After Forming Government,3_after_forming_government,463,"খেলা শুরু,,",খেলা শুরু,0,0.7333319393871462
3 After Forming Government,3_after_forming_government,464,খুবি ভাল সিদ্ধান্ত,খুবি ভাল সিদ্ধান্ত,4,0.4000536380575633
3 After Forming Government,3_after_forming_government,465,সমস্যা নেই টাইম বেশি দিন না,সমস্যা নেই টাইম বেশি দিন না,1,0.7324351483939215
3 After Forming Government,3_after_forming_government,466,"হাসিনা সৈরাচার হয়তে ১৬বছর লাগছে।কিন্তু বিম্পি প্রথম দিনেই প্রমান করে দিলো তারা হাসিনার চেয়েও ভয়ংকর।যদি এভাবে চলতে থাকে,তবে হাসিনা পালাইতে ১৬বছর সময় লাগলেও বিম্পির ১৭মাসও লাগবে না। হাসিনা পালানোর সুযোগ পাইলেও বিম্পি পারবে কিনা চিন্তার বিষয়।",হাসিনা সৈরাচার হয়তে বছর লাগছে কিন্তু বিম্পি প্রথম দিনেই প্রমান করে দিলো তারা হাসিনার চেয়েও ভয়ংকর যদি এভাবে চলতে থাকে তবে হাসিনা পালাইতে বছর সময় লাগলেও বিম্পির মাসও লাগবে না হাসিনা পালানোর সুযোগ পাইলেও বিম্পি পারবে কিনা চিন্তার বিষয়,4,0.3984131341367865
3 After Forming Government,3_after_forming_government,467,এই দেশের ভবিষ্যৎ অনেক খারাপ।,এই দেশের ভবিষ্যৎ অনেক খারাপ,2,0.5350841323684178
3 After Forming Government,3_after_forming_government,468,খুব শিগ্রিই এদের কে ক্ষমতা থেকে সরানো হবে ইনশাল্লাহ,খুব শিগ্রিই এদের কে ক্ষমতা থেকে সরানো হবে ইনশাল্লাহ,3,0.5505884368896831
3 After Forming Government,3_after_forming_government,469,"সংবিধানে তো নির্বাচন ৫ বছর পর তাহলে এখন কি মেনে নির্বাচিত হয়ে আসলেন জনাব,,,,",সংবিধানে তো নির্বাচন বছর পর তাহলে এখন কি মেনে নির্বাচিত হয়ে আসলেন জনাব,4,0.7641859286383285
3 After Forming Government,3_after_forming_government,470,সঠিক সিদ্ধান্ত ধন্যবাদ বিএনপি,সঠিক সিদ্ধান্ত ধন্যবাদ বিএনপি,4,0.8391807222003943
3 After Forming Government,3_after_forming_government,471,সাবাশ,সাবাশ,0,0.5995421995621478
3 After Forming Government,3_after_forming_government,472,Etai amader prappo,etai amader prappo,0,0.2
3 After Forming Government,3_after_forming_government,473,বসতে দেন,বসতে দেন,4,0.598235609727555
3 After Forming Government,3_after_forming_government,474,"জনরায়কে উপেক্ষা করে সবজান্তা সালাহউদ্দিন আহমেদ এবং বিএনপি সংস্কার পরিষদের সদস্য হিসেবে শপথ গ্রহণ করছেন না। এই সিদ্ধান্তের মধ্য দিয়ে বিএনপির সংস্কার বিষয়ে নিজেদের অবস্থান এবং নব্য ফ্যসিস্ট হওয়ার প্রক্রিয়া শুরু করলো। বেঈমানরা লন্ডন, শিলং থেকে ফিরেই মুনাফেকি করলো , এর পরিনাম ভালো হবে না।",জনরায়কে উপেক্ষা করে সবজান্তা সালাহউদ্দিন আহমেদ এবং বিএনপি সংস্কার পরিষদের সদস্য হিসেবে শপথ গ্রহণ করছেন না এই সিদ্ধান্তের মধ্য দিয়ে বিএনপির সংস্কার বিষয়ে নিজেদের অবস্থান এবং নব্য ফ্যসিস্ট হওয়ার প্রক্রিয়া শুরু করলো বেঈমানরা লন্ডন শিলং থেকে ফিরেই মুনাফেকি করলো এর পরিনাম ভালো হবে না,0,0.38917488051269883
3 After Forming Government,3_after_forming_government,475,Awami league BNP Hoye back korse,awami league bnp hoye back korse,2,0.5999969399964111
3 After Forming Government,3_after_forming_government,476,পল্টি,পল্টি,0,0.5999974014093894
3 After Forming Government,3_after_forming_government,477,এইতো শুরু মাএ আরো কতো কিছু বাকি আছে,এইতো শুরু মাএ আরো কতো কিছু বাকি আছে,1,0.6636196854827408
3 After Forming Government,3_after_forming_government,478,এই ধোন টা আগের থেকে জানি,এই ধোন টা আগের থেকে জানি,0,0.5208430071513248
3 After Forming Government,3_after_forming_government,479,"যারা বলে সংবিধান সংস্কার এখনো সংবিধানে অন্তর্ভুক্ত হয় নাই তাই যেটা সংবিধানে নাই সেটার শপথ কেনো নিবে,,,",যারা বলে সংবিধান সংস্কার এখনো সংবিধানে অন্তর্ভুক্ত হয় নাই তাই যেটা সংবিধানে নাই সেটার শপথ কেনো নিবে,4,0.5418011589769567
3 After Forming Government,3_after_forming_government,480,তাহলে 2026 সালের নির্বাচন কোন সংবিধানে লেখা আছে ???,তাহলে সালের নির্বাচন কোন সংবিধানে লেখা আছে,4,0.6451262547631381
3 After Forming Government,3_after_forming_government,481,মনে হচ্ছে দুঃখ আছে কপালে,মনে হচ্ছে দুঃখ আছে কপালে,1,0.7995239226746107
3 After Forming Government,3_after_forming_government,482,প্রতারণা শুরু হয়ে গেছে ৯৬ তে জানি কতদিন ক্ষমতায় ছিলেন সে কথা কি ভুলে গেছেন,প্রতারণা শুরু হয়ে গেছে তে জানি কতদিন ক্ষমতায় ছিলেন সে কথা কি ভুলে গেছেন,0,0.9192850427608409
3 After Forming Government,3_after_forming_government,483,ছি ছি,ছি ছি,0,0.2
3 After Forming Government,3_after_forming_government,484,নিজ গতিতে এগিয়ে চলছে ভারতের দিকে,নিজ গতিতে এগিয়ে চলছে ভারতের দিকে,3,0.6212903465237859
3 After Forming Government,3_after_forming_government,485,দেশের ১২টা বাজা শুরু মাত্র,দেশের টা বাজা শুরু মাত্র,4,0.6402535806644727
3 After Forming Government,3_after_forming_government,486,I have a plane বাস্তবায়ন দেখতে থাকেন ।,i have a plane বাস্তবায়ন দেখতে থাকেন,3,0.5024410539227635
3 After Forming Government,3_after_forming_government,487,সংসদ নাপাক হয়েগেছে,সংসদ নাপাক হয়েগেছে,4,0.7305655900492753
3 After Forming Government,3_after_forming_government,488,Bnp beiman but okhane kmne gelo...???,bnp beiman but okhane kmne gelo,2,0.4006743201207823
3 After Forming Government,3_after_forming_government,489,অবৈধ সংস্কার কেন শপথ নিবেন,অবৈধ সংস্কার কেন শপথ নিবেন,2,0.8386687279774963
3 After Forming Government,3_after_forming_government,490,জাশি অন ফায়ার,জাশি অন ফায়ার,0,0.2
3 After Forming Government,3_after_forming_government,491,এরা হচ্ছে দুনিয়ার বাটপার। এদেরকে এক সেকেন্ডও বিশ্বাস করা যায় না। এদেরকে বিদায় করে আবার নির্বাচন দেন।,এরা হচ্ছে দুনিয়ার বাটপার এদেরকে এক সেকেন্ডও বিশ্বাস করা যায় না এদেরকে বিদায় করে আবার নির্বাচন দেন,0,0.8984288126425785
3 After Forming Government,3_after_forming_government,492,@highlight,highlight,0,0.5990228177276944
3 After Forming Government,3_after_forming_government,493,Tayyip Islam Fahad,tayyip islam fahad,4,0.5999911238429414
3 After Forming Government,3_after_forming_government,494,প্রত্যাশা ছিল—পরিবর্তন।,প্রত্যাশা ছিল পরিবর্তন,4,0.7310650528724599
3 After Forming Government,3_after_forming_government,495,প্রাপ্তি হলো—পুনরাবৃত্তি।,প্রাপ্তি হলো পুনরাবৃত্তি,4,0.5976111970287393
3 After Forming Government,3_after_forming_government,496,তাহলে কি গনভোট জুলাই সনদ চুদ লিং পং এর পথে?,তাহলে কি গনভোট জুলাই সনদ চুদ লিং পং এর পথে,4,0.8661839437820483
3 After Forming Government,3_after_forming_government,497,পল্টি মারলো? সমস্যা নেই। জীবনে আর কখনও বিএনপিকে ভোট দেব না। ।।বিদায় বিএনপি ।।হোগামারা আবার খাবে ।হাসিনাকে স্বাগতম।,পল্টি মারলো সমস্যা নেই জীবনে আর কখনও বিএনপিকে ভোট দেব না বিদায় বিএনপি হোগামারা আবার খাবে হাসিনাকে স্বাগতম,0,0.8408241951391849
3 After Forming Government,3_after_forming_government,498,#আজহাররাজাকারেরফাঁসিচাই,আজহাররাজাকারেরফাঁসিচাই,0,0.2
3 After Forming Government,3_after_forming_government,499,"গুড ডিসিশন,",গুড ডিসিশন,1,0.7319899589342836
3 After Forming Government,3_after_forming_government,500,সংবিধান কিসের সংস্কার?,সংবিধান কিসের সংস্কার,4,0.799057261068867
3 After Forming Government,3_after_forming_government,501,মনে রাখতে হবে ত্রিশ লাখ শহীদের রক্তের বিনিময়ে এই দেশ ও সংবিধান।,মনে রাখতে হবে ত্রিশ লাখ শহীদের রক্তের বিনিময়ে এই দেশ ও সংবিধান,4,0.910020462593524
3 After Forming Government,3_after_forming_government,502,MD Rasel Foraji,md rasel foraji,4,0.5993977455638048
3 After Forming Government,3_after_forming_government,503,Si A M চুরেরার সবাব কখনো ভালো হয় না,si a m চুরেরার সবাব কখনো ভালো হয় না,4,0.7291266833510244
3 After Forming Government,3_after_forming_government,504,মাহমুদুর রহমান ইকবাল,মাহমুদুর রহমান ইকবাল,4,0.5999973599397783
3 After Forming Government,3_after_forming_government,505,"ধন্যবাদ বিএনপিকে ধন্যবাদ তারেক রহমানকে,",ধন্যবাদ বিএনপিকে ধন্যবাদ তারেক রহমানকে,4,0.8659562528911996
3 After Forming Government,3_after_forming_government,506,নির্বাচনের আগে টুপি এখন টুপি কোথায়?,নির্বাচনের আগে টুপি এখন টুপি কোথায়,0,0.7995954462406593
3 After Forming Government,3_after_forming_government,507,ক্ষমতা না থাকার ইচ্ছে যাগছে। দেশ আবার সংকটের মুখে হবে। বুঝাই যাচ্ছে,ক্ষমতা না থাকার ইচ্ছে যাগছে দেশ আবার সংকটের মুখে হবে বুঝাই যাচ্ছে,3,0.6451724643383967
3 After Forming Government,3_after_forming_government,508,জারা বলেছিল সুষ্ঠ নির্বাচন হয়েছে তাদের জন্য এক বালতি সমবেদনা।। হে ভোট অনোযায়ী এখন বুঝলেন ত কেমন সুষ্ঠ নির্বাচন হয়েছে,জারা বলেছিল সুষ্ঠ নির্বাচন হয়েছে তাদের জন্য এক বালতি সমবেদনা হে ভোট অনোযায়ী এখন বুঝলেন ত কেমন সুষ্ঠ নির্বাচন হয়েছে,0,0.8648455096869566
3 After Forming Government,3_after_forming_government,509,"যারা ভাবে আমি ত বিএনপি করি আমার দল খমতায় গেলে ত আমার লাভ ই,, সামনে তুমাকে কিছু হাত খরচ দিয়ে পেছন দিয়ে যে মেরে খাবে সেটার জন্য প্রস্তূত থাকো।।",যারা ভাবে আমি ত বিএনপি করি আমার দল খমতায় গেলে ত আমার লাভ ই সামনে তুমাকে কিছু হাত খরচ দিয়ে পেছন দিয়ে যে মেরে খাবে সেটার জন্য প্রস্তূত থাকো,1,0.5202472531985832
3 After Forming Government,3_after_forming_government,510,once a cheater always be a cheater,once a cheater always be a cheater,0,0.2
3 After Forming Government,3_after_forming_government,511,চুর গাদ্দার দের সভাব কখনো চেঞ্জ হয় না।,চুর গাদ্দার দের সভাব কখনো চেঞ্জ হয় না,0,0.6095443310964712
3 After Forming Government,3_after_forming_government,512,জাস্ট কোটা আন্দোলনের মীমাংসিত বিষয় এর মতো মনে হচ্ছে। হাইকোর্ট আইনের দোহাই দিয়ে জনগণের বিপক্ষে গিয়ে আওয়ামী লীগ কোটা বহাল রাখতে গিয়ে কি উসঁঠা খেল হা হা,জাস্ট কোটা আন্দোলনের মীমাংসিত বিষয় এর মতো মনে হচ্ছে হাইকোর্ট আইনের দোহাই দিয়ে জনগণের বিপক্ষে গিয়ে আওয়ামী লীগ কোটা বহাল রাখতে গিয়ে কি উসঁঠা খেল হা হা,1,0.9564384932108285
3 After Forming Government,3_after_forming_government,513,এক মাঘে শীত জায়না কিন্তু,এক মাঘে শীত জায়না কিন্তু,0,0.2
3 After Forming Government,3_after_forming_government,514,"বিএনপি তাহলে দেশের ১৬% জনগণের সাথে বেইমানি করলো। আবার দেশের মধ্যে একটা অরাজকতা সৃষ্টির পাঁয়তারা করতেছে।এই দেশের জনগণের আর শান্তি ফিরলো না। ওনাদের জন্য আওয়ামীলীগ ভালো ছিলো মনে হয়। ছাত্ররা অযথা জীবন দিয়ে দেশটি স্বাধীন করলো। যাদের কারনে বিএনপির নেতারা বিদেশ থেকে দেশে আসতে পেরেছে এবং ১৭ বছর পর জেল থেকে ছাড়া পাইছে, সেই জুলাই যোদ্ধাদের সাথে বেইমানি আল্লাহ সহ্য করবে না।",বিএনপি তাহলে দেশের জনগণের সাথে বেইমানি করলো আবার দেশের মধ্যে একটা অরাজকতা সৃষ্টির পাঁয়তারা করতেছে এই দেশের জনগণের আর শান্তি ফিরলো না ওনাদের জন্য আওয়ামীলীগ ভালো ছিলো মনে হয় ছাত্ররা অযথা জীবন দিয়ে দেশটি স্বাধীন করলো যাদের কারনে বিএনপির নেতারা বিদেশ থেকে দেশে আসতে পেরেছে এবং বছর পর জেল থেকে ছাড়া পাইছে সেই জুলাই যোদ্ধাদের সাথে বেইমানি আল্লাহ সহ্য করবে না,4,0.978283111310693
3 After Forming Government,3_after_forming_government,515,হ্যাঁ ভোট তো বিজয় লাভ করছে। মন্ত্রীর বিজয় লাভ করছে হ্যাঁ যদি না হয় তাহলে তারা কিসের মন্ত্রী কিসের এমপি,হ্যাঁ ভোট তো বিজয় লাভ করছে মন্ত্রীর বিজয় লাভ করছে হ্যাঁ যদি না হয় তাহলে তারা কিসের মন্ত্রী কিসের এমপি,4,0.6493963275643324
3 After Forming Government,3_after_forming_government,516,জনগণের সাথে গাদ্দারির করে কেউ টিকতে পারেনি ইনশাআল্লাহ কেউ পারবেও না,জনগণের সাথে গাদ্দারির করে কেউ টিকতে পারেনি ইনশাআল্লাহ কেউ পারবেও না,4,0.3407827375380651
3 After Forming Government,3_after_forming_government,517,ওটা করতে আর লুটপাট করা যাবেনা।,ওটা করতে আর লুটপাট করা যাবেনা,1,0.733001625436434
3 After Forming Government,3_after_forming_government,518,কিরে টুপি কই ওও এতো দিন তারা টুপি পরতো এখন জনগণকে টুপি পরাবে তাই রেখে দিছে,কিরে টুপি কই ওও এতো দিন তারা টুপি পরতো এখন জনগণকে টুপি পরাবে তাই রেখে দিছে,0,0.9089376914941101
3 After Forming Government,3_after_forming_government,519,সংবিধান সংস্কারের শপথ নেয়নি বিএনপি।,সংবিধান সংস্কারের শপথ নেয়নি বিএনপি,2,0.8626170057700274
3 After Forming Government,3_after_forming_government,520,"৭০% মানুষের ভোট, আবেগ, ইচ্ছা, স্বপ্ন সবকিছুই বিসর্জন দেওয়া হলো। আমরা কতটা আশা নিয়ে গণভোটে হ্যাঁ দিয়েছিলাম, সেটা আমরাই জানি।",মানুষের ভোট আবেগ ইচ্ছা স্বপ্ন সবকিছুই বিসর্জন দেওয়া হলো আমরা কতটা আশা নিয়ে গণভোটে হ্যাঁ দিয়েছিলাম সেটা আমরাই জানি,4,0.8308704417430168
3 After Forming Government,3_after_forming_government,521,"সেই আশা প্রথম দিনেই গলা টিপে মেরে ফেলার জন্য ধন্যবাদ। প্রথম দিনেই যেহেতু বুঝাই দিলেন, এসব সংস্কার টংস্কার আপনারা কেয়ার করেন না, শুধু এমপিটা হইলেই হবে, সেহেতু আপনাদের কাছে আমাদের প্রত্যাশাও কম থাকবে।",সেই আশা প্রথম দিনেই গলা টিপে মেরে ফেলার জন্য ধন্যবাদ প্রথম দিনেই যেহেতু বুঝাই দিলেন এসব সংস্কার টংস্কার আপনারা কেয়ার করেন না শুধু এমপিটা হইলেই হবে সেহেতু আপনাদের কাছে আমাদের প্রত্যাশাও কম থাকবে,3,0.9610450476740489
3 After Forming Government,3_after_forming_government,522,"বাংলাদেশের মানুষকেও অভিনন্দন। আপনারা তাই পেয়েছেন, যা আপনারা চেয়েছিলেন।",বাংলাদেশের মানুষকেও অভিনন্দন আপনারা তাই পেয়েছেন যা আপনারা চেয়েছিলেন,3,0.8657707387166106
3 After Forming Government,3_after_forming_government,523,পল্টি শুরু হইয়া গেছে।,পল্টি শুরু হইয়া গেছে,0,0.7333320466773727
3 After Forming Government,3_after_forming_government,524,সংবিধান সংশোধন হলে চুরি কতে পাবানা এই জন্য শপথ নিবে না।,সংবিধান সংশোধন হলে চুরি কতে পাবানা এই জন্য শপথ নিবে না,4,0.7034733430223712
3 After Forming Government,3_after_forming_government,525,Matro suru,matro suru,0,0.5999825248670656
3 After Forming Government,3_after_forming_government,526,দুই বছরের বেশি মনে হয় না,দুই বছরের বেশি মনে হয় না,1,0.8389038002406668
3 After Forming Government,3_after_forming_government,527,কত বড় বেঈমানী ক্ষমতা বেশিদিন থাকবে না,কত বড় বেঈমানী ক্ষমতা বেশিদিন থাকবে না,3,0.8854608980721622
3 After Forming Government,3_after_forming_government,528,সমস্যা নাই। টুর্নামেন্ট উদ্বোধন করবি তোরা আর ম্যাচ জিতবো আমরা জনগণ ।হাসু আপার কাছ থেকে অভিজ্ঞতা টা নেয়া রাখিস।,সমস্যা নাই টুর্নামেন্ট উদ্বোধন করবি তোরা আর ম্যাচ জিতবো আমরা জনগণ হাসু আপার কাছ থেকে অভিজ্ঞতা টা নেয়া রাখিস,4,0.4748490145796523
3 After Forming Government,3_after_forming_government,529,তাহলে তো এই নির্বাচন অবৈধ তারা কোন আয়নের উপর সপদ নিলো,তাহলে তো এই নির্বাচন অবৈধ তারা কোন আয়নের উপর সপদ নিলো,4,0.8384783587021684
3 After Forming Government,3_after_forming_government,530,কি বিএনপি চুরি করতে পারবে না তাই,কি বিএনপি চুরি করতে পারবে না তাই,1,0.8390624185528065
3 After Forming Government,3_after_forming_government,531,এমন একটি সিদ্ধান্ত নেয়ার জন্য বিএনপিকে অসংখ্য ধন্যবাদ জানাই সময় উপযোগী সিদ্ধান্ত সময় এলে তখন সব সিদ্ধান্ত গ্রহণ করবে,এমন একটি সিদ্ধান্ত নেয়ার জন্য বিএনপিকে অসংখ্য ধন্যবাদ জানাই সময় উপযোগী সিদ্ধান্ত সময় এলে তখন সব সিদ্ধান্ত গ্রহণ করবে,4,0.9264900313319878
3 After Forming Government,3_after_forming_government,532,খেলা তো শুরু,খেলা তো শুরু,0,0.7333319393871462
3 After Forming Government,3_after_forming_government,533,জনগণ যাদের বয়কট করছে তাদের সাথে সংবিধানের কোন সম্পর্ক নাই,জনগণ যাদের বয়কট করছে তাদের সাথে সংবিধানের কোন সম্পর্ক নাই,0,0.8657984572585268
3 After Forming Government,3_after_forming_government,534,ক্ষমতায় যেতে না যেতে স্বৈরাচারী চিন্তাভাবনা শুরু করে দিয়েছে যদি এরকমই চলে তাহলে তো আওয়ামী লীগ কোন দোষ করেনি।,ক্ষমতায় যেতে না যেতে স্বৈরাচারী চিন্তাভাবনা শুরু করে দিয়েছে যদি এরকমই চলে তাহলে তো আওয়ামী লীগ কোন দোষ করেনি,0,0.7304214683690886
3 After Forming Government,3_after_forming_government,535,"জুলাই কে ভুলানো অত সহজ না,,, বেইমানি করছ করেন,,,আল্লাহ বিচার করার মালিক",জুলাই কে ভুলানো অত সহজ না বেইমানি করছ করেন আল্লাহ বিচার করার মালিক,4,0.9095448574057189
3 After Forming Government,3_after_forming_government,536,Alam Khan ai bisoy kico boilo,alam khan ai bisoy kico boilo,1,0.7331614002999828
3 After Forming Government,3_after_forming_government,537,"সংবিধান সংস্কারের প্রতিশ্রুতি ছিল জনগণের সামনে দেওয়া একটি গুরুত্বপূর্ণ অঙ্গীকার। যদি সেই অঙ্গীকার অনুযায়ী পদক্ষেপ না নেওয়া হয় বা স্পষ্ট রূপরেখা না আসে, তাহলে স্বাভাবিকভাবেই প্রশ্ন উঠবে। কারণ জনগণের ‘হ্যাঁ’ ভোট কেবল একটি দলের জয় নয়, বরং পরিবর্তনের প্রত্যাশার প্রতিফলন।",সংবিধান সংস্কারের প্রতিশ্রুতি ছিল জনগণের সামনে দেওয়া একটি গুরুত্বপূর্ণ অঙ্গীকার যদি সেই অঙ্গীকার অনুযায়ী পদক্ষেপ না নেওয়া হয় বা স্পষ্ট রূপরেখা না আসে তাহলে স্বাভাবিকভাবেই প্রশ্ন উঠবে কারণ জনগণের হ্যাঁ ভোট কেবল একটি দলের জয় নয় বরং পরিবর্তনের প্রত্যাশার প্রতিফলন,4,0.3838778358640394
3 After Forming Government,3_after_forming_government,538,"আজ যে শপথ গ্রহণ অনুষ্ঠান হলো, সেটিও তো একটি রাজনৈতিক আন্দোলন ও জনআন্দোলনের ধারাবাহিকতার ফল। তাই জনগণের প্রত্যাশা উপেক্ষা করা হলে সেটি আস্থার সংকট তৈরি করতে পারে। গণতন্ত্রে প্রতিশ্রুতি শুধু স্লোগান নয়, সেটি বাস্তবায়নের দায়ও বহন করে।",আজ যে শপথ গ্রহণ অনুষ্ঠান হলো সেটিও তো একটি রাজনৈতিক আন্দোলন ও জনআন্দোলনের ধারাবাহিকতার ফল তাই জনগণের প্রত্যাশা উপেক্ষা করা হলে সেটি আস্থার সংকট তৈরি করতে পারে গণতন্ত্রে প্রতিশ্রুতি শুধু স্লোগান নয় সেটি বাস্তবায়নের দায়ও বহন করে,4,0.46013262508090164
3 After Forming Government,3_after_forming_government,539,আলহামদুলিল্লাহ সঠিক সিদ্ধান্ত বিএনপি।,আলহামদুলিল্লাহ সঠিক সিদ্ধান্ত বিএনপি,4,0.6317051953283969
3 After Forming Government,3_after_forming_government,540,Sob pir baba,sob pir baba,1,0.5964393726880923
3 After Forming Government,3_after_forming_government,541,কত বড় গাদ্দার ভাবা যাই…??,কত বড় গাদ্দার ভাবা যাই,3,0.6397638357444083
3 After Forming Government,3_after_forming_government,542,তাইলে বুঝো নির্বাচন সুস্থ হইছে না,তাইলে বুঝো নির্বাচন সুস্থ হইছে না,0,0.7983916439291573
3 After Forming Government,3_after_forming_government,543,আল্লাহর কসম করে বলছি আমার মা আর বাচ্চারা খুদায় কান্না করছে।সবাই না খেয়ে আছি। বাসায় কোন খাবার নাই।আমার বৃদ্ধ বাবা মা ও ছোট দুই বাচ্চা আছে।আল্লাহ ওয়াস্তে আমাকে খাবারের জন্য সাহায্য করেন।,আল্লাহর কসম করে বলছি আমার মা আর বাচ্চারা খুদায় কান্না করছে সবাই না খেয়ে আছি বাসায় কোন খাবার নাই আমার বৃদ্ধ বাবা মা ও ছোট দুই বাচ্চা আছে আল্লাহ ওয়াস্তে আমাকে খাবারের জন্য সাহায্য করেন,0,0.9678030330910926
3 After Forming Government,3_after_forming_government,544,বিকাশ ও নগদএবং রকেট নাম্বার নাম্বার,বিকাশ ও নগদএবং রকেট নাম্বার নাম্বার,1,0.7997523068896206
3 After Forming Government,3_after_forming_government,546,আমরা অনেক গরীব ও অসহায়। আমাদের যায়গা বা এমন কোন সমম্পদ নাই বসে খাবো।আমি কাজ করে সংসার চালাইতাম।এক্সিডেন্টন পায় রড ডুকানো অবস্থায় আছি। একা একা দাড়াতেও পারিনা।আপনারত দান সদকাহ করেন ভাই হিসাবে খাবারের জন্য যতটুকু পারেন সাহায্য করেন।যতদিন বাঁচবো নামাজ পড়ে আল্লাহর কাছে আপনাদের জন্য দোয়া করব।,আমরা অনেক গরীব ও অসহায় আমাদের যায়গা বা এমন কোন সমম্পদ নাই বসে খাবো আমি কাজ করে সংসার চালাইতাম এক্সিডেন্টন পায় রড ডুকানো অবস্থায় আছি একা একা দাড়াতেও পারিনা আপনারত দান সদকাহ করেন ভাই হিসাবে খাবারের জন্য যতটুকু পারেন সাহায্য করেন যতদিন বাঁচবো নামাজ পড়ে আল্লাহর কাছে আপনাদের জন্য দোয়া করব,3,0.9729793325951529
3 After Forming Government,3_after_forming_government,547,দয়া করে আমার আইডিটা ঘুরে আসুন। যাচাই বাছাই করে। যদি আমি অসহায় হই তবে আমাকে সাহায্য করুন। প্রয়োজন হলে ভিডিও কলে দেখে আমাকে সাহায্য করুন। আইডিটা দেখুন আমার যাচাই করে।,দয়া করে আমার আইডিটা ঘুরে আসুন যাচাই বাছাই করে যদি আমি অসহায় হই তবে আমাকে সাহায্য করুন প্রয়োজন হলে ভিডিও কলে দেখে আমাকে সাহায্য করুন আইডিটা দেখুন আমার যাচাই করে,3,0.4873964620808376
3 After Forming Government,3_after_forming_government,548,যে পোলা পয়দা হয়নি সে পোলার নামে গরু কেটে আকীকা দেয়ার বায়না ধরসে!,যে পোলা পয়দা হয়নি সে পোলার নামে গরু কেটে আকীকা দেয়ার বায়না ধরসে,0,0.5927794123645298
3 After Forming Government,3_after_forming_government,549,ফ্যাক্ট-সংবিধান সংস্কার কমিশন,ফ্যাক্ট সংবিধান সংস্কার কমিশন,4,0.7316800264445236
3 After Forming Government,3_after_forming_government,550,লন্ডনে চলে আসো বন্ধু আমার,লন্ডনে চলে আসো বন্ধু আমার,1,0.8390854243133062
3 After Forming Government,3_after_forming_government,551,"Channel 24 News আচ্ছা যারা ভোট চুরি করে শপথ নেয়, তারা এই শপথের কতটুকু বাস্তবায়ন করবে",channel news আচ্ছা যারা ভোট চুরি করে শপথ নেয় তারা এই শপথের কতটুকু বাস্তবায়ন করবে,4,0.4512055887814766
3 After Forming Government,3_after_forming_government,552,জনগণ ও জুলাইয়ের সঙ্গে গাদ্দারী।এর ফল কখনোই ভালো হবে না।,জনগণ ও জুলাইয়ের সঙ্গে গাদ্দারী এর ফল কখনোই ভালো হবে না,0,0.8826624782884646
3 After Forming Government,3_after_forming_government,553,জুলাই সনদ ও অভ্যুত্থানের আকাঙ্ক্ষার সাথে গাদ্দারি করে বিএনপি সরকারের যাত্রা শুরু হলো!,জুলাই সনদ ও অভ্যুত্থানের আকাঙ্ক্ষার সাথে গাদ্দারি করে বিএনপি সরকারের যাত্রা শুরু হলো,4,0.3755139378911836
3 After Forming Government,3_after_forming_government,554,"বিএনপি কে ভোট দিয়েছে জণগণ জুলাই সনদের বিরুদ্ধে থাকার জন্য, বিএনপি কে অসংখ্য ধন্যবাদ।",বিএনপি কে ভোট দিয়েছে জণগণ জুলাই সনদের বিরুদ্ধে থাকার জন্য বিএনপি কে অসংখ্য ধন্যবাদ,0,0.5635839590776693
3 After Forming Government,3_after_forming_government,555,জনগণের আকাঙ্ক্ষা বুঝতে ব্যর্থ হলে তার পরী নাম কখনোই ভালো হয় না,জনগণের আকাঙ্ক্ষা বুঝতে ব্যর্থ হলে তার পরী নাম কখনোই ভালো হয় না,3,0.5935764882034383
3 After Forming Government,3_after_forming_government,556,প্রথম দিনে এমন,প্রথম দিনে এমন,0,0.7316818529568979
3 After Forming Government,3_after_forming_government,557,৮। শপথ এবং শপথ-পাঠ পরিচালনা।,শপথ এবং শপথ পাঠ পরিচালনা,2,0.8396793204417009
3 After Forming Government,3_after_forming_government,558,(১) নির্বাচিত প্রতিনিধিগণ সংসদ-সদস্য হিসাবে শপথ গ্রহণের পর একই শপথ অনুষ্ঠানে এই আদেশের তফসিল-১ অনুযায়ী পরিষদ-সদস্য হিসাবে শপথ গ্রহণ করিবেন এবং অনুরূপ শপথপত্রে স্বাক্ষর দান করিবেন। (২) সংসদ নির্বাচনে নির্বাচিত সংসদ-সদস্যদের ক্ষেত্রে যিনি শপথ-পাঠ পরিচালনা করিবেন তিনিই এই আদেশের তফসিল-১ এ বিধৃত ফরমে পরিষদ-সদস্যদের শপথ-পাঠ পরিচালনা করিবেন।,নির্বাচিত প্রতিনিধিগণ সংসদ সদস্য হিসাবে শপথ গ্রহণের পর একই শপথ অনুষ্ঠানে এই আদেশের তফসিল অনুযায়ী পরিষদ সদস্য হিসাবে শপথ গ্রহণ করিবেন এবং অনুরূপ শপথপত্রে স্বাক্ষর দান করিবেন সংসদ নির্বাচনে নির্বাচিত সংসদ সদস্যদের ক্ষেত্রে যিনি শপথ পাঠ পরিচালনা করিবেন তিনিই এই আদেশের তফসিল এ বিধৃত ফরমে পরিষদ সদস্যদের শপথ পাঠ পরিচালনা করিবেন,2,0.973043504369025
3 After Forming Government,3_after_forming_government,559,"পাতানো নির্বাচন, তারপরও এই অবস্থা !!",পাতানো নির্বাচন তারপরও এই অবস্থা,4,0.7310054393958453
3 After Forming Government,3_after_forming_government,560,ট্রান্সপারেন্সি ইন্টারন্যাশনাল বাংলাদেশ (টিআইবি)–র রিপোর্ট :,ট্রান্সপারেন্সি ইন্টারন্যাশনাল বাংলাদেশ টিআইবি র রিপোর্ট,4,0.5988131353025141
3 After Forming Government,3_after_forming_government,561,কেন্দ্রে যেতে বাধা = ৪৬.৪০ শতাংশ।,কেন্দ্রে যেতে বাধা শতাংশ,0,0.7331241838460439
3 After Forming Government,3_after_forming_government,562,জাল ভোট =৩১.৪০ শতাংশ।,জাল ভোট শতাংশ,0,0.7328547826054521
3 After Forming Government,3_after_forming_government,563,অগ্রিম সিল মারা =১৪ শতাংশ,অগ্রিম সিল মারা শতাংশ,0,0.7333266960358573
3 After Forming Government,3_after_forming_government,564,এজেন্টকে কেন্দ্রে যেতে বাধা = ১৪.৩০ শতাংশ।,এজেন্টকে কেন্দ্রে যেতে বাধা শতাংশ,0,0.7331241838460439
3 After Forming Government,3_after_forming_government,565,"এখন বুঝছেন রংপুরের মতো জায়গায় জাতীয় পার্টি কেন একটা আসনও পায় না আর নাহিদ, হাসনাত, নুরারা কেমনে এমপি হয়।",এখন বুঝছেন রংপুরের মতো জায়গায় জাতীয় পার্টি কেন একটা আসনও পায় না আর নাহিদ হাসনাত নুরারা কেমনে এমপি হয়,3,0.7001485368448244
3 After Forming Government,3_after_forming_government,566,ধার্মিক মানেই যেমন সৎ না তেমনি অপেক্ষাকৃত শান্তিপূর্ণ মানেই ফেয়ার না।,ধার্মিক মানেই যেমন সৎ না তেমনি অপেক্ষাকৃত শান্তিপূর্ণ মানেই ফেয়ার না,4,0.7302689727116496
3 After Forming Government,3_after_forming_government,567,জনগণের সাথে পোলটি নিলে বেশিদিন টিকা মুশকিল হয়ে যাবে,জনগণের সাথে পোলটি নিলে বেশিদিন টিকা মুশকিল হয়ে যাবে,3,0.4697960654234755
3 After Forming Government,3_after_forming_government,568,উপরে উঠতে যতটুকু সময় লাগে নিচে নামতে এতটুকু সময় লাগে না সেটা যেন মাথায় রাখে,উপরে উঠতে যতটুকু সময় লাগে নিচে নামতে এতটুকু সময় লাগে না সেটা যেন মাথায় রাখে,4,0.3999091523569314
3 After Forming Government,3_after_forming_government,569,এতো জলদি করলে তো হাদি ভাইয়ের কথা সত্যি হয়ে যাবে ওনি বলছেন আগে মনে করছিলাম ৩ বছর থাকতে পাবে পরে মনে হইছে ২ বছর,এতো জলদি করলে তো হাদি ভাইয়ের কথা সত্যি হয়ে যাবে ওনি বলছেন আগে মনে করছিলাম বছর থাকতে পাবে পরে মনে হইছে বছর,1,0.7659983047108286
3 After Forming Government,3_after_forming_government,570,আপনাদের কথা শুনে আমার কাছে মনে হচ্ছে তার চাইতে অনেক কম,আপনাদের কথা শুনে আমার কাছে মনে হচ্ছে তার চাইতে অনেক কম,3,0.8630043424158594
3 After Forming Government,3_after_forming_government,571,দেশ ও জাতির কল্যাণ এর জন্য কাজ করেন তা না হলে দুঃখ আছে কপালে,দেশ ও জাতির কল্যাণ এর জন্য কাজ করেন তা না হলে দুঃখ আছে কপালে,3,0.5657673909826129
3 After Forming Government,3_after_forming_government,572,সমউপযোগী সঠীক সিদ্ধান্ত,সমউপযোগী সঠীক সিদ্ধান্ত,4,0.5999979376935471
3 After Forming Government,3_after_forming_government,573,তাহলে আমরাও এই নির্বাচন মানি না,তাহলে আমরাও এই নির্বাচন মানি না,4,0.6393943710959471
3 After Forming Government,3_after_forming_government,574,"জাতিকে বৃদ্ধাঙ্গুলি দেখানো কেবল শুরু, ভবিষ্যতে আরো দেখতে হবে।",জাতিকে বৃদ্ধাঙ্গুলি দেখানো কেবল শুরু ভবিষ্যতে আরো দেখতে হবে,4,0.38264213538843633
3 After Forming Government,3_after_forming_government,575,গাদ্দারী শুরু তাহলে,গাদ্দারী শুরু তাহলে,0,0.7984206802118935
3 After Forming Government,3_after_forming_government,576,ফল ভালো হবে না,ফল ভালো হবে না,0,0.4235363122139429
3 After Forming Government,3_after_forming_government,577,এটা জাতি আগেই বুঝতে পারছে।,এটা জাতি আগেই বুঝতে পারছে,1,0.8397224456397641
3 After Forming Government,3_after_forming_government,578,চুরি আর চান্দাবাজি করা বন্ধ হয়ে যাবে।,চুরি আর চান্দাবাজি করা বন্ধ হয়ে যাবে,1,0.8658421711931791
3 After Forming Government,3_after_forming_government,579,আপনারা যে এই গাদ্দারী করবেন এটা পাবলিক আগেই বুঝে গেছে,আপনারা যে এই গাদ্দারী করবেন এটা পাবলিক আগেই বুঝে গেছে,4,0.45049522128281505
3 After Forming Government,3_after_forming_government,580,আসল রুপ বের হচ্ছে। প্রথম ১৩ দিন যাওয়ার পরে পল্টি নিলে ভাল হতো।,আসল রুপ বের হচ্ছে প্রথম দিন যাওয়ার পরে পল্টি নিলে ভাল হতো,1,0.51974519916505
3 After Forming Government,3_after_forming_government,581,এটাই বুজি পল্টিবাজ,এটাই বুজি পল্টিবাজ,1,0.4296850597607507
3 After Forming Government,3_after_forming_government,582,"সংবিধান সংস্কার পরিষদের শপথ গ্রহণ না করে জনগণের দেয়া রায়কে বৃদ্ধাঙ্গুলি দেখালো বিএনপি। এটি জুলাই গণঅভ্যুত্থানের যে আকাঙ্ক্ষা তার সাথে পুরোপুরি সাংঘর্ষিক। ক'দিন আগেই গণভোট ""হ্যাঁ"" বিজয়ী হয়েছে বেশ বড়সড় ব্যবধানে; কয়েকদিন না যেতেই বিএনপি ফ্যাসিবাদ হয়ে উঠার চেষ্টার অংশ হিসেবে এই জনরায়কে উপেক্ষা করছে। অবিলম্বে বিএনপিকে জুলাই সনদে উল্লেখিত সংস্কার নিশ্চিতের অংশ হিসেবে এই শপথ গ্রহণ করতে হবে। জনরায়ের বিরুদ্ধে গেলে দিনশেষ জনরোষের মুখোমুখি হতে হবে।",সংবিধান সংস্কার পরিষদের শপথ গ্রহণ না করে জনগণের দেয়া রায়কে বৃদ্ধাঙ্গুলি দেখালো বিএনপি এটি জুলাই গণঅভ্যুত্থানের যে আকাঙ্ক্ষা তার সাথে পুরোপুরি সাংঘর্ষিক ক দিন আগেই গণভোট হ্যাঁ বিজয়ী হয়েছে বেশ বড়সড় ব্যবধানে কয়েকদিন না যেতেই বিএনপি ফ্যাসিবাদ হয়ে উঠার চেষ্টার অংশ হিসেবে এই জনরায়কে উপেক্ষা করছে অবিলম্বে বিএনপিকে জুলাই সনদে উল্লেখিত সংস্কার নিশ্চিতের অংশ হিসেবে এই শপথ গ্রহণ করতে হবে জনরায়ের বিরুদ্ধে গেলে দিনশেষ জনরোষের মুখোমুখি হতে হবে,4,0.5708313940230241
3 After Forming Government,3_after_forming_government,583,"সংবিধান এর দোহাই তো তখন শেখ হাসিনা দিত, যে সংবিধান এ তত্ত্বাবধায়ক সরকার ব্যবস্থা নাই। এখন দেখছি আপনারা দিচ্ছেন!! তো সংবিধান এ ত অন্তর্বর্তী সরকার ব্যবস্থাও নাই আপনারা কার অধীনে নির্বাচন করেছেন!! আপনাদের জনগণ ভোট দিয়েছে কেন !! যে জুলাই এর জন্য সবাই মুক্ত হয়েছেন সেই জুলাই কে স্বীকৃতি দিতে অসুবিধা কি !!",সংবিধান এর দোহাই তো তখন শেখ হাসিনা দিত যে সংবিধান এ তত্ত্বাবধায়ক সরকার ব্যবস্থা নাই এখন দেখছি আপনারা দিচ্ছেন তো সংবিধান এ ত অন্তর্বর্তী সরকার ব্যবস্থাও নাই আপনারা কার অধীনে নির্বাচন করেছেন আপনাদের জনগণ ভোট দিয়েছে কেন যে জুলাই এর জন্য সবাই মুক্ত হয়েছেন সেই জুলাই কে স্বীকৃতি দিতে অসুবিধা কি,4,0.45680342263380225
3 After Forming Government,3_after_forming_government,584,তাহলে কপালে শনি আছে।,তাহলে কপালে শনি আছে,1,0.7274079137518681
3 After Forming Government,3_after_forming_government,585,এই দেশের জনগণের জন্য এটাই তো হওয়া উচিত,এই দেশের জনগণের জন্য এটাই তো হওয়া উচিত,4,0.8653819680918364
3 After Forming Government,3_after_forming_government,586,জয় বাংলা স্লোগান চলছে চলবে,জয় বাংলা স্লোগান চলছে চলবে,0,0.8630401222710653
3 After Forming Government,3_after_forming_government,587,বাংলাদেশে পল্টি বাজি চলবেনা।,বাংলাদেশে পল্টি বাজি চলবেনা,0,0.798561610868353
3 After Forming Government,3_after_forming_government,588,জাতীয় বেঈমানী শুরু হয়েগেছে..!,জাতীয় বেঈমানী শুরু হয়েগেছে,3,0.3949821837680119
3 After Forming Government,3_after_forming_government,589,প্রথম দিনেই উল্টো,প্রথম দিনেই উল্টো,0,0.7324650707348049
3 After Forming Government,3_after_forming_government,590,সময় একদিন আসবেই,সময় একদিন আসবেই,4,0.5989875791984299
3 After Forming Government,3_after_forming_government,591,দেশের মানুষ কে মুলা ধরাই দিসে আবার সেই ফ্যাসিস্ট যুগ আসার রাস্তা খুলে থাকল,দেশের মানুষ কে মুলা ধরাই দিসে আবার সেই ফ্যাসিস্ট যুগ আসার রাস্তা খুলে থাকল,4,0.475139313178733
3 After Forming Government,3_after_forming_government,592,তার মানে পতনের জন্য আরেকটা জুলাই সামনে আসতেছে!,তার মানে পতনের জন্য আরেকটা জুলাই সামনে আসতেছে,3,0.6244341230925482
3 After Forming Government,3_after_forming_government,593,শুরু হল,শুরু হল,0,0.4004380696497962
3 After Forming Government,3_after_forming_government,594,তালবাহানা শুরু হয়ে গেছে,তালবাহানা শুরু হয়ে গেছে,0,0.7311922833103036
3 After Forming Government,3_after_forming_government,595,তাহলে মন্ত্রী কেমনে হবে?? আর সংসদ কেমনে হবে??,তাহলে মন্ত্রী কেমনে হবে আর সংসদ কেমনে হবে,2,0.8644058268245483
3 After Forming Government,3_after_forming_government,596,এখন কি হবে তাহলে,এখন কি হবে তাহলে,4,0.5956752768934714
3 After Forming Government,3_after_forming_government,597,"কার দুয়া'রা শিন্নি খাইলা,মোল্লা চিনলা না,,",কার দুয়া রা শিন্নি খাইলা মোল্লা চিনলা না,0,0.730788086006167
3 After Forming Government,3_after_forming_government,598,তারা নাকি জুলাই আগস্টের নায়ক,তারা নাকি জুলাই আগস্টের নায়ক,1,0.40914893463084234
3 After Forming Government,3_after_forming_government,599,তা হলে করবেন না কেন,তা হলে করবেন না কেন,4,0.7960890168228318
3 After Forming Government,3_after_forming_government,600,সমস্যা নাই বাংলাদেশের জনগণ ছাড় দেয় কিন্তু ছেড়ে দেয় না জনগণের সাথে গাদ্দারির ফল কখনো ভালো হবে না সোজাসাপ্টা কথা।,সমস্যা নাই বাংলাদেশের জনগণ ছাড় দেয় কিন্তু ছেড়ে দেয় না জনগণের সাথে গাদ্দারির ফল কখনো ভালো হবে না সোজাসাপ্টা কথা,0,0.9420350397112018
3 After Forming Government,3_after_forming_government,601,পাল্টি পাল্টি রক্ত কথা বলে,পাল্টি পাল্টি রক্ত কথা বলে,2,0.8377747496135509
3 After Forming Government,3_after_forming_government,602,তাহলে আমরা যে হ্যা ভোট দিছি এটা মূল কয়,তাহলে আমরা যে হ্যা ভোট দিছি এটা মূল কয়,4,0.8655856228735458
3 After Forming Government,3_after_forming_government,603,চুদুরবুদুর করলে সময় বেশি পাবেন না,চুদুরবুদুর করলে সময় বেশি পাবেন না,4,0.6337353162874728
3 After Forming Government,3_after_forming_government,604,Jonogoner Rae ke manlona.....Abar shei ager chehara,jonogoner rae ke manlona abar shei ager chehara,0,0.5991907023630052
3 After Forming Government,3_after_forming_government,605,"কথা হচ্ছে, ফ্যাসিস্ট হওয়ার সব পথ বন্ধ করলে নিজে ফ্যাসিস্ট হব কিভাবে?",কথা হচ্ছে ফ্যাসিস্ট হওয়ার সব পথ বন্ধ করলে নিজে ফ্যাসিস্ট হব কিভাবে,4,0.4355779676985658
3 After Forming Government,3_after_forming_government,606,জুলাইয়ের সিদ্ধান্ত না হলে ১১ দলের শপথ নেয়া ঠিক হবে না।,জুলাইয়ের সিদ্ধান্ত না হলে দলের শপথ নেয়া ঠিক হবে না,4,0.7715363490492656
3 After Forming Government,3_after_forming_government,607,তার মানে বিএনপি'র ইচ্ছামত চলতে পারবে আওয়ামী লীগের মতন এক কথায়,তার মানে বিএনপি র ইচ্ছামত চলতে পারবে আওয়ামী লীগের মতন এক কথায়,1,0.4556127298597546
3 After Forming Government,3_after_forming_government,608,ওই ল!! ঝামেলা বাইজা গেছে শুরতেই,ওই ল ঝামেলা বাইজা গেছে শুরতেই,0,0.2
3 After Forming Government,3_after_forming_government,609,ঠিকই আছে,ঠিকই আছে,1,0.5996495539579805
3 After Forming Government,3_after_forming_government,610,জুলাইয়ের সাথে গাদ্দারি করলে বাংলার মানুষের মেনে নেবে না,জুলাইয়ের সাথে গাদ্দারি করলে বাংলার মানুষের মেনে নেবে না,4,0.5943898660942583
3 After Forming Government,3_after_forming_government,611,তাহলে ভোট হয় নি।,তাহলে ভোট হয় নি,0,0.7981671390560318
3 After Forming Government,3_after_forming_government,612,জনগণের সাথে গাদ্দারি,জনগণের সাথে গাদ্দারি,0,0.7307111441282913
3 After Forming Government,3_after_forming_government,613,সঠিক সিদ্ধান্ত।,সঠিক সিদ্ধান্ত,4,0.7333316273089134
3 After Forming Government,3_after_forming_government,614,নয়তো টাকা লুটপাট করে খাবে কেমনে?,নয়তো টাকা লুটপাট করে খাবে কেমনে,2,0.537951319532618
3 After Forming Government,3_after_forming_government,615,জুলাইয়ের কি দরকার ছিলো.,জুলাইয়ের কি দরকার ছিলো,4,0.7295767712810396
3 After Forming Government,3_after_forming_government,616,"বিএনপি ন লইলে আমি লমু শপথ , আমার রায়ের সরকার আমার রায় ন মানলে সে সরকারও আমি মানিনা, সংবিধান মানলে বিএনপি অবৈধ সরকার",বিএনপি ন লইলে আমি লমু শপথ আমার রায়ের সরকার আমার রায় ন মানলে সে সরকারও আমি মানিনা সংবিধান মানলে বিএনপি অবৈধ সরকার,2,0.49669113737003107
3 After Forming Government,3_after_forming_government,617,যাদের জন্য ক্ষমতা আজ তাড়াই বিতাড়িত আহারে বাঙালি আমরা,যাদের জন্য ক্ষমতা আজ তাড়াই বিতাড়িত আহারে বাঙালি আমরা,0,0.6665036527484692
3 After Forming Government,3_after_forming_government,618,...... জুলাই এত দ্রুত ভুলে যাচ্ছে আহা বাঙালি,জুলাই এত দ্রুত ভুলে যাচ্ছে আহা বাঙালি,0,0.8992665979047645
3 After Forming Government,3_after_forming_government,619,সবাই রাজুতে আসো।,সবাই রাজুতে আসো,1,0.7302550835220064
3 After Forming Government,3_after_forming_government,620,"এদের ধারা দেশ নিরাপদ নয়, এরা তো প্রথম দিনই প্রতারণা শুরু করছে",এদের ধারা দেশ নিরাপদ নয় এরা তো প্রথম দিনই প্রতারণা শুরু করছে,0,0.5064106562872597
3 After Forming Government,3_after_forming_government,621,পতন টাও দেখব তাহলে।,পতন টাও দেখব তাহলে,4,0.7321514129257887
3 After Forming Government,3_after_forming_government,622,বোঝা গেলো চ্যানেল ২৪ এই নতুন সরকারের বিরুদ্ধে মিথ্যা প্রচার করে ধংস করার কাজ করবে।,বোঝা গেলো চ্যানেল এই নতুন সরকারের বিরুদ্ধে মিথ্যা প্রচার করে ধংস করার কাজ করবে,1,0.7572256581134998
3 After Forming Government,3_after_forming_government,623,আগেই জানতাম এরা গাদ্দারি করবে,আগেই জানতাম এরা গাদ্দারি করবে,1,0.5914039277200845
3 After Forming Government,3_after_forming_government,624,তাহলে গণভোট হিসাবে সরকার গঠন করবে জামায়াত কারণ,তাহলে গণভোট হিসাবে সরকার গঠন করবে জামায়াত কারণ,2,0.7076111755783288
3 After Forming Government,3_after_forming_government,625,না পরাজিত,না পরাজিত,0,0.5994401479519039
3 After Forming Government,3_after_forming_government,626,হ্যা বিজয়ী হয়েছেন,হ্যা বিজয়ী হয়েছেন,4,0.7991820163327474
3 After Forming Government,3_after_forming_government,627,বিএনপির শুধু সবকিছুতেই না আর না ভুয়া দল একটা,বিএনপির শুধু সবকিছুতেই না আর না ভুয়া দল একটা,1,0.7951930774287004
3 After Forming Government,3_after_forming_government,628,জুলাই সনদ নিয়ে কোন আপোষ করা যাবে না,জুলাই সনদ নিয়ে কোন আপোষ করা যাবে না,4,0.8650281047327436
3 After Forming Government,3_after_forming_government,629,এসব ছাড়া আর কিছু আশা করিও নাই।,এসব ছাড়া আর কিছু আশা করিও নাই,3,0.8355728577247311
3 After Forming Government,3_after_forming_government,630,জুলাই সনদ বাস্তবায়ন না করলে বিএনপিকেও জনগণ বৃদ্ধাঙ্গুলি দেখাবে ইনশাআল্লাহ।,জুলাই সনদ বাস্তবায়ন না করলে বিএনপিকেও জনগণ বৃদ্ধাঙ্গুলি দেখাবে ইনশাআল্লাহ,4,0.8995216294331649
3 After Forming Government,3_after_forming_government,631,"জনগণ দেখুক কোন বেঈমানদের ভোট দিয়ে তারা নির্বাচিত করেছে,,,,",জনগণ দেখুক কোন বেঈমানদের ভোট দিয়ে তারা নির্বাচিত করেছে,0,0.839015951136542
3 After Forming Government,3_after_forming_government,632,Ekdom thik ase,ekdom thik ase,0,0.400316701045611
3 After Forming Government,3_after_forming_government,633,দেশ ধংশ কারি সংস্কার মানবে কি করে,দেশ ধংশ কারি সংস্কার মানবে কি করে,4,0.7312849494104902
3 After Forming Government,3_after_forming_government,634,Polti at day 1,polti at day,0,0.2
3 After Forming Government,3_after_forming_government,635,এভাবে জনগণকে ক্ষেপিয়ে তুললে বিএনপি বেশি দিন ক্ষমতায় থাকতে পারবে না।,এভাবে জনগণকে ক্ষেপিয়ে তুললে বিএনপি বেশি দিন ক্ষমতায় থাকতে পারবে না,1,0.8991191055868581
3 After Forming Government,3_after_forming_government,636,সংবিধান সংস্কার হলে এরা স্বৈরাচারী পথ পরিচালনা করবে কিভাবে?,সংবিধান সংস্কার হলে এরা স্বৈরাচারী পথ পরিচালনা করবে কিভাবে,4,0.5057396862805505
3 After Forming Government,3_after_forming_government,637,এরা আসলে মূলত হাসিনার মত হতে চায়,এরা আসলে মূলত হাসিনার মত হতে চায়,2,0.6283879952809984
3 After Forming Government,3_after_forming_government,638,OMG পলটি,omg পলটি,0,0.2
3 After Forming Government,3_after_forming_government,639,গণভোট জনগণের রায়..!!গণভোট না মানলে নির্বাচন ও মানা হবেনা..!,গণভোট জনগণের রায় গণভোট না মানলে নির্বাচন ও মানা হবেনা,1,0.6040098608848546
3 After Forming Government,3_after_forming_government,640,"ওরা তো আইছে লুটপাত করতে, ওরা কেন সংস্কার চাইবো l",ওরা তো আইছে লুটপাত করতে ওরা কেন সংস্কার চাইবো l,1,0.8372960557105856
3 After Forming Government,3_after_forming_government,641,তার মানে হাসু আপা দেশে আইতে আছে,তার মানে হাসু আপা দেশে আইতে আছে,4,0.4736516130663873
3 After Forming Government,3_after_forming_government,642,তাহলে এদের নির্বাচন হয়নি। এরা অবৈধ,তাহলে এদের নির্বাচন হয়নি এরা অবৈধ,4,0.5270631760090004
3 After Forming Government,3_after_forming_government,643,আগের সংবিধান অনুযায়ী,আগের সংবিধান অনুযায়ী,2,0.7983332434054763
3 After Forming Government,3_after_forming_government,644,শেখ হাসিনা তার প্রধানমন্ত্রীত্ব ফিরিয়ে দিন,শেখ হাসিনা তার প্রধানমন্ত্রীত্ব ফিরিয়ে দিন,4,0.7331337227593427
3 After Forming Government,3_after_forming_government,645,"তাহলে হাসু আফায় কি দোষ করছে,,?",তাহলে হাসু আফায় কি দোষ করছে,4,0.7959353531667854
3 After Forming Government,3_after_forming_government,646,খেলা শুরু হয়ে গেছে দাদা,খেলা শুরু হয়ে গেছে দাদা,0,0.6006289053214398
3 After Forming Government,3_after_forming_government,647,We Have a Plan,we have a plan,2,0.7333297270335876
3 After Forming Government,3_after_forming_government,648,জাতীয় বেঈমান,জাতীয় বেঈমান,1,0.3994432374227464
3 After Forming Government,3_after_forming_government,649,এরা জাতির সাথে প্রতারনা করছে,এরা জাতির সাথে প্রতারনা করছে,0,0.7306097054957624
3 After Forming Government,3_after_forming_government,650,এটা বিএনপির প্রথম উন্নয়ন মূলক কাজ,এটা বিএনপির প্রথম উন্নয়ন মূলক কাজ,1,0.48642336567525135
3 After Forming Government,3_after_forming_government,651,"মন্ত্রিসভা গঠন হয়েছে ভারতের প্রেসক্রিপশনে এখানে কারো কোন হাত নেই,,এইসব কারনে বিএনপির ভবিষ্যৎ অন্ধকার দেখতে পাচ্ছি",মন্ত্রিসভা গঠন হয়েছে ভারতের প্রেসক্রিপশনে এখানে কারো কোন হাত নেই এইসব কারনে বিএনপির ভবিষ্যৎ অন্ধকার দেখতে পাচ্ছি,2,0.5458025765922707
3 After Forming Government,3_after_forming_government,652,আওয়ামী লীগ গেছে যেই পথে বিএনপি যাবে সেই পথে ইনশাআল্লাহ।,আওয়ামী লীগ গেছে যেই পথে বিএনপি যাবে সেই পথে ইনশাআল্লাহ,4,0.46941056496085076
3 After Forming Government,3_after_forming_government,653,ছাত্র জনতা আবার শুরু করে দেবে,ছাত্র জনতা আবার শুরু করে দেবে,1,0.4676249726557509
3 After Forming Government,3_after_forming_government,654,পল্টিবাজ,পল্টিবাজ,1,0.5999914393916583
3 After Forming Government,3_after_forming_government,655,"‘সংবিধানে নেই’ মর্মে যদি সংবিধান সংস্কার পরিষদ সদস্য হিসেবে শপথ না নিতে চান, তাহলে",সংবিধানে নেই মর্মে যদি সংবিধান সংস্কার পরিষদ সদস্য হিসেবে শপথ না নিতে চান তাহলে,2,0.926271124193459
3 After Forming Government,3_after_forming_government,656,আমার প্রশ্ন হলো “২০২৬ সালের নির্বাচন কোন সংবিধানে ছিল? ত্রয়োদশ জাতীয় সংসদ নির্বাচনের সঙ্গে একই দিনে অনুষ্ঠিত গণভোটে ও সংবিধান সংস্কার বাস্তবায়নের প্রস্তাবে ‘হ্যাঁ’ জয়ী হয়েছে কিসের জন্য? গণভোটে হ্যাঁ ভোট দেওয়া ৭০% জনগণের সাথে প্রতারণা ও জাতীর সাথে তামাসা করার কি দরকার ছিল?,আমার প্রশ্ন হলো সালের নির্বাচন কোন সংবিধানে ছিল ত্রয়োদশ জাতীয় সংসদ নির্বাচনের সঙ্গে একই দিনে অনুষ্ঠিত গণভোটে ও সংবিধান সংস্কার বাস্তবায়নের প্রস্তাবে হ্যাঁ জয়ী হয়েছে কিসের জন্য গণভোটে হ্যাঁ ভোট দেওয়া জনগণের সাথে প্রতারণা ও জাতীর সাথে তামাসা করার কি দরকার ছিল,4,0.9676737560822155
3 After Forming Government,3_after_forming_government,657,I have plan,i have plan,2,0.7333297270335876
3 After Forming Government,3_after_forming_government,658,It's an a part of 10% Plan,it s an a part of plan,2,0.7999966171276061
3 After Forming Government,3_after_forming_government,659,huga mara khaibo samne,huga mara khaibo samne,0,0.2
3 After Forming Government,3_after_forming_government,660,হাসিনার মত হবে,হাসিনার মত হবে,2,0.7321786191137847
3 After Forming Government,3_after_forming_government,661,Drama Start,drama start,0,0.2
3 After Forming Government,3_after_forming_government,662,এদের বিপক্ষে বাংলাদেশ আবার আনদোলনে নামবে,এদের বিপক্ষে বাংলাদেশ আবার আনদোলনে নামবে,4,0.792488046701987
3 After Forming Government,3_after_forming_government,663,এটা তো আগে থেকেই জানি কারন এরাও আগের মতোই করবে,এটা তো আগে থেকেই জানি কারন এরাও আগের মতোই করবে,0,0.863820597295611
3 After Forming Government,3_after_forming_government,664,আমার তো মনে হয় গাদ্দারী কেবল শুরু,আমার তো মনে হয় গাদ্দারী কেবল শুরু,0,0.4402591769920284
3 After Forming Government,3_after_forming_government,665,Here is the plan,here is the plan,2,0.7999978205569349
3 After Forming Government,3_after_forming_government,666,"যারা ৩৬ জুলাইয়ের চেতনা ও আন্দোলনের সময় ২০০০-৩০০০ জন শহীদ এবং ৫০ হাজার আহত হয়েছেন,আজ তাদের উপর ভর করে সরকার গঠনের পথে এগোচ্ছে, অথচ সেই জুলাইয়ের আদর্শকেই উপেক্ষা করছে—বিএনপি, তাদের জন্য ভবিষ্যৎ সহজ হবে না। এ দেশের মানুষ সবকিছুর পুঙ্খানুপুঙ্খ হিসাব রাখে। সময় হলে জনগণই তার যথাযথ জবাব দেবে, ইনশাআল্লাহ।",যারা জুলাইয়ের চেতনা ও আন্দোলনের সময় জন শহীদ এবং হাজার আহত হয়েছেন আজ তাদের উপর ভর করে সরকার গঠনের পথে এগোচ্ছে অথচ সেই জুলাইয়ের আদর্শকেই উপেক্ষা করছে বিএনপি তাদের জন্য ভবিষ্যৎ সহজ হবে না এ দেশের মানুষ সবকিছুর পুঙ্খানুপুঙ্খ হিসাব রাখে সময় হলে জনগণই তার যথাযথ জবাব দেবে ইনশাআল্লাহ,4,0.9688547479794923
3 After Forming Government,3_after_forming_government,667,#সায়_ফিং #প্রবাসী #মীরজাফরবিএনপি,সায় ফিং প্রবাসী মীরজাফরবিএনপি,1,0.5999799943502045
3 After Forming Government,3_after_forming_government,668,সবটি হালারপু,সবটি হালারপু,0,0.2
3 After Forming Government,3_after_forming_government,669,জুলাই সনদ কি তাহোলে চুং************দি লিং পং হয়ে গেলো ভাই,জুলাই সনদ কি তাহোলে চুং দি লিং পং হয়ে গেলো ভাই,4,0.5579848571676147
3 After Forming Government,3_after_forming_government,670,সমস্যা নাই আবার গণঅভ্যুত্থান হবে,সমস্যা নাই আবার গণঅভ্যুত্থান হবে,0,0.5060250017425022
3 After Forming Government,3_after_forming_government,671,",, এদের জন্য,,, ইয়ামিন,,, আবু সাইদ,,, মুকুন্দরা,,, জিবন দিলো,,,, হাজারের অধিক ছাত্র জিবন দিলো,,, এই জন্য",এদের জন্য ইয়ামিন আবু সাইদ মুকুন্দরা জিবন দিলো হাজারের অধিক ছাত্র জিবন দিলো এই জন্য,0,0.7966590865335951
3 After Forming Government,3_after_forming_government,672,আওয়ামিলীগ এর ভোট পেয়ে জয়ী হয়ে এখন নিজেকে অনেক কিছু মনে করছে এক দল জনগনের রায়ের বিরুদ্ধে গেলে তাদের ও পতন ঘটবে ইনশাল্লাহ,আওয়ামিলীগ এর ভোট পেয়ে জয়ী হয়ে এখন নিজেকে অনেক কিছু মনে করছে এক দল জনগনের রায়ের বিরুদ্ধে গেলে তাদের ও পতন ঘটবে ইনশাল্লাহ,4,0.5669173492847827
3 After Forming Government,3_after_forming_government,673,BNP cdi,bnp cdi,2,0.5999969399964111
3 After Forming Government,3_after_forming_government,674,সংসদে কি টুপি নিষেধ,সংসদে কি টুপি নিষেধ,0,0.7328278923177309
3 After Forming Government,3_after_forming_government,675,টুপি দেখছিনা যে!,টুপি দেখছিনা যে,0,0.5999926808594741
3 After Forming Government,3_after_forming_government,676,লে পল্টি,লে পল্টি,0,0.5999974014093894
3 After Forming Government,3_after_forming_government,677,বেড়ি গুড,বেড়ি গুড,1,0.5999936187751076
3 After Forming Government,3_after_forming_government,678,জুলাই যোদ্ধারা মাঠে নামুন,জুলাই যোদ্ধারা মাঠে নামুন,3,0.541287949086961
3 After Forming Government,3_after_forming_government,679,এটা বিএনপি'র একটি চরম ভুল সিদ্ধান্ত হয়েছে।,এটা বিএনপি র একটি চরম ভুল সিদ্ধান্ত হয়েছে,4,0.7992966687798002
3 After Forming Government,3_after_forming_government,680,"BNP গণভোটের রায়কে প্রত্যাখ্যান করেছে, সংস্কারের শপথ নেয়নি । অনেকে অবাক হচ্ছে । বলছে বিএনপি গাদ্দারী করেছে, ব্লা ব্লা…….",bnp গণভোটের রায়কে প্রত্যাখ্যান করেছে সংস্কারের শপথ নেয়নি অনেকে অবাক হচ্ছে বলছে বিএনপি গাদ্দারী করেছে ব্লা ব্লা,1,0.4251446162118143
3 After Forming Government,3_after_forming_government,681,"বিএনপি যে সংস্কারের সপথ নেয়নি , কিংবা গণভোটের রায়কে প্রত্যাখ্যান করেছে এতে আমি মোটেও অবাক হইনি, বরং আমার কাছে স্বাভাবিক ই মনে হয়েছে ।",বিএনপি যে সংস্কারের সপথ নেয়নি কিংবা গণভোটের রায়কে প্রত্যাখ্যান করেছে এতে আমি মোটেও অবাক হইনি বরং আমার কাছে স্বাভাবিক ই মনে হয়েছে,1,0.9378341812421642
3 After Forming Government,3_after_forming_government,682,কারণ বিএনপির ডে ওয়ান থেকে এই পজিশন ই ছিলো ।,কারণ বিএনপির ডে ওয়ান থেকে এই পজিশন ই ছিলো,4,0.7288839727091082
3 After Forming Government,3_after_forming_government,683,বেগম জিয়া বলেছিল ক্ষমতায় আসলে এই সংবিধান ছুড়ে ফেলে দিবে। ৫ তারিখের পর সংবিধানের দোহাই দিয়ে বিএনপি হাসিনার পা ধরে সালাম করা চুপ্পুকে রাষ্ট্রপতি রেখে দেয় । বিএনপির বাধার কারণেই চুপ্পুকে সরানো যায়নি । সংবিধান পুনর্লিখনেও বিএনপির বাধার কারণে হয়নি ।,বেগম জিয়া বলেছিল ক্ষমতায় আসলে এই সংবিধান ছুড়ে ফেলে দিবে তারিখের পর সংবিধানের দোহাই দিয়ে বিএনপি হাসিনার পা ধরে সালাম করা চুপ্পুকে রাষ্ট্রপতি রেখে দেয় বিএনপির বাধার কারণেই চুপ্পুকে সরানো যায়নি সংবিধান পুনর্লিখনেও বিএনপির বাধার কারণে হয়নি,2,0.5674344956014272
3 After Forming Government,3_after_forming_government,684,সংবিধান সংস্কারে গণভোটের প্রশ্ন আসলে বিএনপি সরাসরি বিরোধিতা করে । তারেক রহমানের কাছে গণভোটের চাইতেও আলুর দাম বেশি গুরুত্বপূর্ণ মনে হয় । ফলে সংবিধান সংস্কারে গণভোট পিছিয়ে যায়।,সংবিধান সংস্কারে গণভোটের প্রশ্ন আসলে বিএনপি সরাসরি বিরোধিতা করে তারেক রহমানের কাছে গণভোটের চাইতেও আলুর দাম বেশি গুরুত্বপূর্ণ মনে হয় ফলে সংবিধান সংস্কারে গণভোট পিছিয়ে যায়,1,0.33335520199976415
3 After Forming Government,3_after_forming_government,685,"সিদ্ধান্ত হয় নির্বাচনের দিনই একসাথে গণভোট হবে । ইতোমধ্যে প্রবাসীদের কাছে পোস্টাল ব্যালট পৌঁছে গেছে । বিএনপির সকল এক্টিভিস্ট, নেতাকর্মী, টকশোজীবী সবাই না এর পক্ষে প্রচারণা চালায় । প্রবাসীদের অনেকে না ভোট ই দিয়েছে বিএনপির প্রচারণার ফলে ।",সিদ্ধান্ত হয় নির্বাচনের দিনই একসাথে গণভোট হবে ইতোমধ্যে প্রবাসীদের কাছে পোস্টাল ব্যালট পৌঁছে গেছে বিএনপির সকল এক্টিভিস্ট নেতাকর্মী টকশোজীবী সবাই না এর পক্ষে প্রচারণা চালায় প্রবাসীদের অনেকে না ভোট ই দিয়েছে বিএনপির প্রচারণার ফলে,0,0.8675100642306637
3 After Forming Government,3_after_forming_government,686,"জামাত এনসিপির চাপে পরে তারেকরহমান মন থেকে না চাইলেও জাস্ট একটা, আবারও বলছি একটা সমাবেশই গণভোটে হা এর পক্ষে ভোট দিতে বলে ।",জামাত এনসিপির চাপে পরে তারেকরহমান মন থেকে না চাইলেও জাস্ট একটা আবারও বলছি একটা সমাবেশই গণভোটে হা এর পক্ষে ভোট দিতে বলে,0,0.6419594685727347
3 After Forming Government,3_after_forming_government,687,তারেকের এ চাওয়ার ফলেও সকল ধরনের বিএনপি এক্টিভিস্ট ও টকশোজীবী রা না এর পক্ষেই কথা বলে যায় । ( দুয়েকটি ব্যতিক্রম ছাড়া),তারেকের এ চাওয়ার ফলেও সকল ধরনের বিএনপি এক্টিভিস্ট ও টকশোজীবী রা না এর পক্ষেই কথা বলে যায় দুয়েকটি ব্যতিক্রম ছাড়া,3,0.4911089260541111
3 After Forming Government,3_after_forming_government,688,এমনকি ভোটের দিন ও কেন্দ্রের সামনে দাড়িয়ে বিএনপির কর্মীরা ভোটারদের ফোর্স করে গণভোটে না দিতে । সব এলাকায় এমন হয়েছে ।,এমনকি ভোটের দিন ও কেন্দ্রের সামনে দাড়িয়ে বিএনপির কর্মীরা ভোটারদের ফোর্স করে গণভোটে না দিতে সব এলাকায় এমন হয়েছে,0,0.898283983394779
3 After Forming Government,3_after_forming_government,689,তারপরও ও গণভোটে বেশিরভাগ মানুষ হা ই দেয় ।,তারপরও ও গণভোটে বেশিরভাগ মানুষ হা ই দেয়,0,0.5647479426067696
3 After Forming Government,3_after_forming_government,690,"সমীকরণ- ডে ওয়ান থেকে যারা গণভোট ও মৌলিক সংস্কারের বিরুদ্ধে ছিলো, তারা হটাৎ করে আজকে পক্ষে চলে যাবে, এমন এক্সপেকটেশন আপনার থাকলে আপনার রাজনৈতিক দূরদর্শিতা না ।",সমীকরণ ডে ওয়ান থেকে যারা গণভোট ও মৌলিক সংস্কারের বিরুদ্ধে ছিলো তারা হটাৎ করে আজকে পক্ষে চলে যাবে এমন এক্সপেকটেশন আপনার থাকলে আপনার রাজনৈতিক দূরদর্শিতা না,1,0.7861908932336649
3 After Forming Government,3_after_forming_government,691,"বিএনপি ডে ওয়ান এ যে পজিশন ছিলো, আজকেও একই পজিশন ।",বিএনপি ডে ওয়ান এ যে পজিশন ছিলো আজকেও একই পজিশন,4,0.7978286681813879
3 After Forming Government,3_after_forming_government,693,"মাঝেমধ্যে বিএনপি যে সংস্কারের আলাপ গুলো দেয়, ওইগুলা হচ্ছে মানুষকে ম্যানিপুলেট করার জন্য । আর আওয়ামীলীগ থেকে ক্ষমতা নিজের পকেটে নেওয়ার জন্য । নাথিং এলস ।",মাঝেমধ্যে বিএনপি যে সংস্কারের আলাপ গুলো দেয় ওইগুলা হচ্ছে মানুষকে ম্যানিপুলেট করার জন্য আর আওয়ামীলীগ থেকে ক্ষমতা নিজের পকেটে নেওয়ার জন্য নাথিং এলস,0,0.5738298840333275
3 After Forming Government,3_after_forming_government,694,আর বলে না জনগণ বিএনপির সাথে আছে জনগণ সাথে থাকলেও বিএনপি জনগণের সাথে নাই,আর বলে না জনগণ বিএনপির সাথে আছে জনগণ সাথে থাকলেও বিএনপি জনগণের সাথে নাই,0,0.9103169668380018
3 After Forming Government,3_after_forming_government,695,"জনগণ সংস্কারে হা ভোট দিয়েছে, কিন্তু জনগণের ভোটের কোনও মূল্য তাদের নাই, কারণ এরা বিএনপির কাছে জনগণ নয় । বিএনপির কাছে জনগণ তারাই যারা বিএনপিকে ভোট দেয়, আর না তে ভোট দিয়েছে ।",জনগণ সংস্কারে হা ভোট দিয়েছে কিন্তু জনগণের ভোটের কোনও মূল্য তাদের নাই কারণ এরা বিএনপির কাছে জনগণ নয় বিএনপির কাছে জনগণ তারাই যারা বিএনপিকে ভোট দেয় আর না তে ভোট দিয়েছে,0,0.7291793020821166
3 After Forming Government,3_after_forming_government,696,"বিএনপি করে এমন দুয়েকজন যদি হা তে ও ভোট দেয়, তারা ভুল করে দিয়েছে ।",বিএনপি করে এমন দুয়েকজন যদি হা তে ও ভোট দেয় তারা ভুল করে দিয়েছে,0,0.9102717101683273
3 After Forming Government,3_after_forming_government,697,জাতিকে ধোঁকা দেয়া হয়েছে,জাতিকে ধোঁকা দেয়া হয়েছে,4,0.7326064257827692
3 After Forming Government,3_after_forming_government,698,নতুন স্বৈরাচার,নতুন স্বৈরাচার,4,0.7323525275772158
3 After Forming Government,3_after_forming_government,699,"বিএনপি প্রথম দিনেই বিড়াল মারলো , যাতে জুলাই সনদকে পাশকাটিয়ে যাওয়া যায় অথবা নিজেদের মত করে কন্ট্রোল করা যায়।",বিএনপি প্রথম দিনেই বিড়াল মারলো যাতে জুলাই সনদকে পাশকাটিয়ে যাওয়া যায় অথবা নিজেদের মত করে কন্ট্রোল করা যায়,0,0.9093951240571886
3 After Forming Government,3_after_forming_government,700,গনভোট বাতিল= মূল নির্বাচন বাতিল।,গনভোট বাতিল মূল নির্বাচন বাতিল,4,0.8659846731537456
3 After Forming Government,3_after_forming_government,701,এটাই শেষ কথা,এটাই শেষ কথা,4,0.7326823195363427
3 After Forming Government,3_after_forming_government,702,"শুরতেই জুলাইয়ের হাজারো শহীদ, তাদের পরিবার এবং বাংলাদেশের গণরায়ের সাথে গাদ্দারী করলো বিএনপি",শুরতেই জুলাইয়ের হাজারো শহীদ তাদের পরিবার এবং বাংলাদেশের গণরায়ের সাথে গাদ্দারী করলো বিএনপি,0,0.5518873119972014
3 After Forming Government,3_after_forming_government,703,লও টেলা,লও টেলা,0,0.2
3 After Forming Government,3_after_forming_government,704,"যেই জুলাই না হইলে এই নির্বাচন হইতো না,জামাত-বিএনপির কথা বলার সাহস ছিলো না,শপথ এর প্রথম দিনেই জুলাই এর সাথে গাদ্দারী,সংবিধান সংস্কার এর শপথ নেয় নি বিএনপির নির্বাচিত প্রতিনিধিরা। এটা কাম্য ছিলো না।এটা অকৃতজ্ঞতা।",যেই জুলাই না হইলে এই নির্বাচন হইতো না জামাত বিএনপির কথা বলার সাহস ছিলো না শপথ এর প্রথম দিনেই জুলাই এর সাথে গাদ্দারী সংবিধান সংস্কার এর শপথ নেয় নি বিএনপির নির্বাচিত প্রতিনিধিরা এটা কাম্য ছিলো না এটা অকৃতজ্ঞতা,0,0.626953643339597
3 After Forming Government,3_after_forming_government,705,Why??????,why,0,0.2
3 After Forming Government,3_after_forming_government,706,"পোলাপান আবার মাঠে নেমে পড় দুই একটা মরে যাক, তারপর আবার অন্তর্বর্তী সরকার গঠন হোক।",পোলাপান আবার মাঠে নেমে পড় দুই একটা মরে যাক তারপর আবার অন্তর্বর্তী সরকার গঠন হোক,2,0.5683614811185935
3 After Forming Government,3_after_forming_government,707,৩ বছরের কম .....,বছরের কম,1,0.7288947624943097
3 After Forming Government,3_after_forming_government,708,সংবিধান থাকলে হাসু আপা এখনও বৈধ প্রধানমন্ত্রী।,সংবিধান থাকলে হাসু আপা এখনও বৈধ প্রধানমন্ত্রী,4,0.4580612939161558
3 After Forming Government,3_after_forming_government,709,পল্টি নেওয়া শুরু,পল্টি নেওয়া শুরু,0,0.7995171348181908
3 After Forming Government,3_after_forming_government,710,Very good decision,very good decision,1,0.7319454068006259
3 After Forming Government,3_after_forming_government,711,গাদ্দারী শুরু হয়ে গেছে,গাদ্দারী শুরু হয়ে গেছে,0,0.799005699118916
3 After Forming Government,3_after_forming_government,712,পলটি মারেন ভালো করে,পলটি মারেন ভালো করে,2,0.5962681181141288
3 After Forming Government,3_after_forming_government,713,ক্ষমতা চিরস্থায়ী নয়,ক্ষমতা চিরস্থায়ী নয়,3,0.7327357050467689
3 After Forming Government,3_after_forming_government,714,খেলা শুরু মামা,খেলা শুরু মামা,0,0.7333319393871462
3 After Forming Government,3_after_forming_government,715,Game start,game start,0,0.2
3 After Forming Government,3_after_forming_government,716,তাহলে গন ভোট হলো কেন?,তাহলে গন ভোট হলো কেন,4,0.7977837918774756
3 After Forming Government,3_after_forming_government,717,যাদের জন্মই পল্টিবাজির মধ্যদিয়ে তাদের থেকে জাতি আর কি আশা করতে পারে।,যাদের জন্মই পল্টিবাজির মধ্যদিয়ে তাদের থেকে জাতি আর কি আশা করতে পারে,1,0.6231653809077983
3 After Forming Government,3_after_forming_government,718,লিগ বেজার হয়ে যাবে তো তাই,লিগ বেজার হয়ে যাবে তো তাই,1,0.7290782713786919
3 After Forming Government,3_after_forming_government,719,জুলাই চুদলিং পং,জুলাই চুদলিং পং,4,0.5962576533007915
3 After Forming Government,3_after_forming_government,720,এটা তো আগের কথা,এটা তো আগের কথা,2,0.597331711383106
3 After Forming Government,3_after_forming_government,721,সঠিক সিদ্ধান্ত নিয়েছে বিএনপি।,সঠিক সিদ্ধান্ত নিয়েছে বিএনপি,4,0.8396191103223563
3 After Forming Government,3_after_forming_government,722,একেই বলে ইউটার্ন,একেই বলে ইউটার্ন,0,0.59475088793787
3 After Forming Government,3_after_forming_government,723,হায়াত মনে হয় বেশিদিন নেই,হায়াত মনে হয় বেশিদিন নেই,3,0.7939217791199084
3 After Forming Government,3_after_forming_government,724,Expire date is loading up......,expire date is loading up,2,0.5999939188028025
3 After Forming Government,3_after_forming_government,725,শপথ না নেওয়াতে বিএনপির কপালে দুর্গতি নেমে আসলো,শপথ না নেওয়াতে বিএনপির কপালে দুর্গতি নেমে আসলো,1,0.6357645912728541
3 After Forming Government,3_after_forming_government,726,অবৈধ ইউনুস সরকার জোর করে হ্যা ভোট কে জয়ী করেছে এটাই তার একটি প্রমাণ।,অবৈধ ইউনুস সরকার জোর করে হ্যা ভোট কে জয়ী করেছে এটাই তার একটি প্রমাণ,4,0.6191729517119008
3 After Forming Government,3_after_forming_government,727,সারাদেশে না ভোট বিজয়ী হলেও ফলাফল দেখিয়েছে হ্যা জয়ী।,সারাদেশে না ভোট বিজয়ী হলেও ফলাফল দেখিয়েছে হ্যা জয়ী,0,0.8654639616768698
3 After Forming Government,3_after_forming_government,728,রাজাকাররা বাদে বাকি সবাই না ভোট দিয়েছে বুঝায় যায়,রাজাকাররা বাদে বাকি সবাই না ভোট দিয়েছে বুঝায় যায়,0,0.8396167398773486
3 After Forming Government,3_after_forming_government,729,তারা বলে হ্যাঁ ভোট দিছে এখন পোল্ট্রি নিচ্ছে কেন,তারা বলে হ্যাঁ ভোট দিছে এখন পোল্ট্রি নিচ্ছে কেন,0,0.86589993604095
3 After Forming Government,3_after_forming_government,730,বাংদেশের জন্য বিপদজনক হল অশিক্ষিত অজ্ঞ মুর্খ জনগণ যারা কিছু না জেনেও ভোট দেয়।,বাংদেশের জন্য বিপদজনক হল অশিক্ষিত অজ্ঞ মুর্খ জনগণ যারা কিছু না জেনেও ভোট দেয়,0,0.5286089509392988
3 After Forming Government,3_after_forming_government,731,সঠিক পদক্ষেপ,সঠিক পদক্ষেপ,4,0.7333041708626045
3 After Forming Government,3_after_forming_government,732,মিজা ফুরি,মিজা ফুরি,0,0.2
3 After Forming Government,3_after_forming_government,733,সংবিধান সংস্কার পরিষদে বিএনপি জোট,সংবিধান সংস্কার পরিষদে বিএনপি জোট,2,0.6009991375340369
3 After Forming Government,3_after_forming_government,734,অংশগ্রহণ নাই কেন?,অংশগ্রহণ নাই কেন,0,0.5984038067641223
3 After Forming Government,3_after_forming_government,735,২১৩ আসনে বিজয়ী হয়েছে বিএনপি জোট আর ২৮৮ আসনে জয়ী হয়েছে হ্যাঁ ভোট,আসনে বিজয়ী হয়েছে বিএনপি জোট আর আসনে জয়ী হয়েছে হ্যাঁ ভোট,0,0.8834805606336062
3 After Forming Government,3_after_forming_government,736,হ্যাঁ ভোট দানকারী প্রায় ৭ কোটি মানুষের আকাঙ্ক্ষা ছিল নির্বাচিত সংসদ সদস্যদের শপথ পড়ানো হবে হ্যাঁ ভোটের চাহিদা অনুযায়ী সংবিধান সংস্কার পরিষদের অধীনে।,হ্যাঁ ভোট দানকারী প্রায় কোটি মানুষের আকাঙ্ক্ষা ছিল নির্বাচিত সংসদ সদস্যদের শপথ পড়ানো হবে হ্যাঁ ভোটের চাহিদা অনুযায়ী সংবিধান সংস্কার পরিষদের অধীনে,2,0.5147125111544905
3 After Forming Government,3_after_forming_government,737,কিন্তু এতো বিপুল সংখ্যক মানুষের প্রত্যাশাকে বৃদ্ধাঙ্গুলি দেখিয়ে চলমান সংবিধানের অধীনেই শপথ নিলেন তারেক রহমানের নেতৃত্বাধীন বিএনপি জোটের নেতারা।,কিন্তু এতো বিপুল সংখ্যক মানুষের প্রত্যাশাকে বৃদ্ধাঙ্গুলি দেখিয়ে চলমান সংবিধানের অধীনেই শপথ নিলেন তারেক রহমানের নেতৃত্বাধীন বিএনপি জোটের নেতারা,4,0.7934774340132432
3 After Forming Government,3_after_forming_government,738,"আফসোস, ক্ষমতায় যাওয়ার আগেই এদেশের মানুষের অন্তরে প্রথম আঘাত দিল বিএনপি,,আবারও জুলাই এর অপেক্ষায়,,,,",আফসোস ক্ষমতায় যাওয়ার আগেই এদেশের মানুষের অন্তরে প্রথম আঘাত দিল বিএনপি আবারও জুলাই এর অপেক্ষায়,1,0.5265722947102888
3 After Forming Government,3_after_forming_government,739,"বিএনপি যদি এমন সিদ্ধান্ত নিয়ে থাকে তাহলে তাদের ধন্যবাদ।এই সংবিধান দেশের জন্মলগ্ন থেকেই,এই সংবিধান দেশের অস্তিত্ব।সংবিধান পরিবর্তন করা মানে দেশ ধ্বংস করা।",বিএনপি যদি এমন সিদ্ধান্ত নিয়ে থাকে তাহলে তাদের ধন্যবাদ এই সংবিধান দেশের জন্মলগ্ন থেকেই এই সংবিধান দেশের অস্তিত্ব সংবিধান পরিবর্তন করা মানে দেশ ধ্বংস করা,4,0.9543463632533247
3 After Forming Government,3_after_forming_government,740,এই সংবিধানের জন্য এত কিছু অথচ আজকে বিএনপি যাদের দ্বারা নির্বাচন করতে পারলো নির্বাচন চোখে দেখলো তাদের সাথে গাদ্দারি করল,এই সংবিধানের জন্য এত কিছু অথচ আজকে বিএনপি যাদের দ্বারা নির্বাচন করতে পারলো নির্বাচন চোখে দেখলো তাদের সাথে গাদ্দারি করল,0,0.4200373664466896
3 After Forming Government,3_after_forming_government,741,Right,right,3,0.5999940674575689
3 After Forming Government,3_after_forming_government,742,বিএনপি সংসদ মেনেই যা করার তাই করবে। তাতে কে কি মনে করলো কিচ্ছু করার নাই।,বিএনপি সংসদ মেনেই যা করার তাই করবে তাতে কে কি মনে করলো কিচ্ছু করার নাই,1,0.580266255454086
3 After Forming Government,3_after_forming_government,743,এজন্যই জামাত ইসলাম গণভোট আগে চেয়েছিল এখন জাতি টের পাবে,এজন্যই জামাত ইসলাম গণভোট আগে চেয়েছিল এখন জাতি টের পাবে,1,0.8838410758898172
3 After Forming Government,3_after_forming_government,744,শুরু হয়ে গেল ইউটার্ন,শুরু হয়ে গেল ইউটার্ন,0,0.798756691715067
3 After Forming Government,3_after_forming_government,745,দরকার হয় উচ্চ-কক্ষ বাতিল করেন আমি তাতেও রাজি।,দরকার হয় উচ্চ কক্ষ বাতিল করেন আমি তাতেও রাজি,4,0.8389183525034342
3 After Forming Government,3_after_forming_government,746,"আরেক অরাজকতা শুরু হবে দেশে,মানুষ যে কি করবে",আরেক অরাজকতা শুরু হবে দেশে মানুষ যে কি করবে,3,0.40124353689033343
3 After Forming Government,3_after_forming_government,747,পল্টিবাজ!,পল্টিবাজ,1,0.5999914393916583
3 After Forming Government,3_after_forming_government,748,শুরুতেই জুলাইর সাথে গাদ্দারি করলো বিএনপি,শুরুতেই জুলাইর সাথে গাদ্দারি করলো বিএনপি,0,0.638753055644551
3 After Forming Government,3_after_forming_government,749,Rumon Sufian??,rumon sufian,0,0.2
3 After Forming Government,3_after_forming_government,750,জনগন রায় দিছে হ্যাঁ ভোটে। জনগন তার জবাব দিবে ইনশাআল্লাহ।,জনগন রায় দিছে হ্যাঁ ভোটে জনগন তার জবাব দিবে ইনশাআল্লাহ,4,0.9098711295750562
3 After Forming Government,3_after_forming_government,751,"জুলাই আন্দোলনে কারনেই আজ BNP শপথ নিতে পেরেছে। নইলে “ঈদের পর আন্দোলন” বলে বলে বলে বলে ১৭ বছরের সাথে আর কত ১৭ বছর যেতো আল্লাহ জানেন ।....তাহলে তো হাসু আপার সংবিধানে তিনিই এখনো প্রধানমন্ত্রী, তাকে তার দায়িত্ব বুজিয়ে দেয়া হোক",জুলাই আন্দোলনে কারনেই আজ bnp শপথ নিতে পেরেছে নইলে ঈদের পর আন্দোলন বলে বলে বলে বলে বছরের সাথে আর কত বছর যেতো আল্লাহ জানেন তাহলে তো হাসু আপার সংবিধানে তিনিই এখনো প্রধানমন্ত্রী তাকে তার দায়িত্ব বুজিয়ে দেয়া হোক,4,0.49272789285082025
3 After Forming Government,3_after_forming_government,752,"হ্যাঁ কার্যকর না করলে ও সংবিধান সংস্কার না করলে, বিএনপি সরকার অবৈধ।",হ্যাঁ কার্যকর না করলে ও সংবিধান সংস্কার না করলে বিএনপি সরকার অবৈধ,4,0.9191299384437192
3 After Forming Government,3_after_forming_government,753,ভোট ডাকাতদের কোন রকম ছাড় দেওয়া যাবে না।,ভোট ডাকাতদের কোন রকম ছাড় দেওয়া যাবে না,0,0.5265335828966273
3 After Forming Government,3_after_forming_government,754,হাসু আপুর সংবিধান ই থাকলে হাসু আপু ই বৈধ প্রধানমন্ত্রী,হাসু আপুর সংবিধান ই থাকলে হাসু আপু ই বৈধ প্রধানমন্ত্রী,4,0.6500596884525666
3 After Forming Government,3_after_forming_government,755,পল্টি নেওয়া শুরু মাত্র,পল্টি নেওয়া শুরু মাত্র,0,0.6400002874482557
3 After Forming Government,3_after_forming_government,756,গান্ধার,গান্ধার,0,0.2
3 After Forming Government,3_after_forming_government,757,"সমাধান সংসদে হবেনা,রাজপথই সমাধানের পথ।",সমাধান সংসদে হবেনা রাজপথই সমাধানের পথ,0,0.7962227814270375
3 After Forming Government,3_after_forming_government,758,"গজব যে সময় আসে কেউ ঠেকাতে পারবেনা সেই পথে হাঁটছে বিএনপি,, জুলাই এর সাথে প্রতারণা মানুষ মেনে নেবে না ইনশাআল্লাহ।",গজব যে সময় আসে কেউ ঠেকাতে পারবেনা সেই পথে হাঁটছে বিএনপি জুলাই এর সাথে প্রতারণা মানুষ মেনে নেবে না ইনশাআল্লাহ,4,0.9377041690110035
3 After Forming Government,3_after_forming_government,759,এরা আবার সুষ্ঠুভাবে দেশ পরিচালনা করবে,এরা আবার সুষ্ঠুভাবে দেশ পরিচালনা করবে,1,0.8380704743039753
3 After Forming Government,3_after_forming_government,760,পল্টি শুরু।,পল্টি শুরু,0,0.7333320466773727
3 After Forming Government,3_after_forming_government,761,তাহলে হ্যাঁ/ না ভোটের কি দরকার ছিলো,তাহলে হ্যাঁ না ভোটের কি দরকার ছিলো,4,0.8390894457509867
3 After Forming Government,3_after_forming_government,762,আল্লাহ পাক কিন্তু এখনো বাঁচিয়ে রাখছে মরে যায়নি .,আল্লাহ পাক কিন্তু এখনো বাঁচিয়ে রাখছে মরে যায়নি,4,0.7974450628371784
3 After Forming Government,3_after_forming_government,763,"কোনো অসুবিধা নেই। জুলাই বাদ দিয়ে বিএনপি সামনে আগাতে চায়,তাহলে বিএনপির উচিত তারেক রহমানকে আবার লন্ডনে ফেরত যাওয়া এবং তার বিরুদ্ধে যত মামলা রয়েছে সবগুলো পুনর্জীবিত করা।",কোনো অসুবিধা নেই জুলাই বাদ দিয়ে বিএনপি সামনে আগাতে চায় তাহলে বিএনপির উচিত তারেক রহমানকে আবার লন্ডনে ফেরত যাওয়া এবং তার বিরুদ্ধে যত মামলা রয়েছে সবগুলো পুনর্জীবিত করা,4,0.43113394083429807
3 After Forming Government,3_after_forming_government,764,তাহলে হাসু আপাই আমাদের প্রধানমন্ত্রী। সংবিধান অনুসারে। কারণ সংবিধান অনুসারে ২৯ সালের আগে কোনো নির্বাচন হওয়ার কথা না।।,তাহলে হাসু আপাই আমাদের প্রধানমন্ত্রী সংবিধান অনুসারে কারণ সংবিধান অনুসারে সালের আগে কোনো নির্বাচন হওয়ার কথা না,4,0.7260700676244067
3 After Forming Government,3_after_forming_government,765,সয়তানে তাদের কে এখন থেকে খোঁচা শুরু করছে,সয়তানে তাদের কে এখন থেকে খোঁচা শুরু করছে,0,0.5999981739233546
3 After Forming Government,3_after_forming_government,766,দারুণ,দারুণ,0,0.2
3 After Forming Government,3_after_forming_government,767,উপরে উঠাইছি আমরা নিচে নামাইতেও পারি আমরা মনে রেখো,উপরে উঠাইছি আমরা নিচে নামাইতেও পারি আমরা মনে রেখো,3,0.792430787284138
3 After Forming Government,3_after_forming_government,768,এটাই প্লেন,এটাই প্লেন,4,0.59971596547041
3 After Forming Government,3_after_forming_government,769,Good decision,good decision,1,0.5986630861428258
3 After Forming Government,3_after_forming_government,770,বিএনপির দাবি সংবিধান মেনে এই পর্যন্ত এসেছে।,বিএনপির দাবি সংবিধান মেনে এই পর্যন্ত এসেছে,4,0.7270205486364723
3 After Forming Government,3_after_forming_government,771,অথচ সংবিধান অনুযায়ী তারা এখনো কেউ লন্ডনে আর কেউ শিলংয়ে থাকতো।,অথচ সংবিধান অনুযায়ী তারা এখনো কেউ লন্ডনে আর কেউ শিলংয়ে থাকতো,2,0.8841129395081188
3 After Forming Government,3_after_forming_government,772,মনে হয় ভারতের নির্দেশ শপথ নেয়নি,মনে হয় ভারতের নির্দেশ শপথ নেয়নি,2,0.6085436104873956
3 After Forming Government,3_after_forming_government,773,এটাই বিএনপি,এটাই বিএনপি,4,0.7320123568199958
3 After Forming Government,3_after_forming_government,774,Good job,good job,1,0.5986630861428258
3 After Forming Government,3_after_forming_government,775,এরকমটা হবে আগেই ধারণা করেছিলাম,এরকমটা হবে আগেই ধারণা করেছিলাম,1,0.5999954528443578
3 After Forming Government,3_after_forming_government,776,"ইলেকশন ইঞ্জিনিয়ারিং (ভোট ফলাফল চুরি) এর কাছে আবারো হেরে গেল দেশের সাধারণ জনগণ, তাদের স্বপ্ন, আর জুলাই যোদ্ধাদের আত্মাহুতি।",ইলেকশন ইঞ্জিনিয়ারিং ভোট ফলাফল চুরি এর কাছে আবারো হেরে গেল দেশের সাধারণ জনগণ তাদের স্বপ্ন আর জুলাই যোদ্ধাদের আত্মাহুতি,4,0.9372776693743549
3 After Forming Government,3_after_forming_government,777,#আর_ইউনুস_দাদু_ও_তার_প্রশাসন হলেন পর্দার আড়ালের সেরা খেলোয়াড়।,আর ইউনুস দাদু ও তার প্রশাসন হলেন পর্দার আড়ালের সেরা খেলোয়াড়,3,0.7982442265641059
3 After Forming Government,3_after_forming_government,778,ভালো সিদ্ধান্ত,ভালো সিদ্ধান্ত,4,0.7293976577867078
3 After Forming Government,3_after_forming_government,779,শেখ হাসিনাকে কোন সংবিধানের আলোকে বিতারিত করলেন??,শেখ হাসিনাকে কোন সংবিধানের আলোকে বিতারিত করলেন,0,0.8648531272968444
3 After Forming Government,3_after_forming_government,780,সংবিধান অনুযায়ী শেখ হাসিনার এখনও প্রধানমন্ত্রী।,সংবিধান অনুযায়ী শেখ হাসিনার এখনও প্রধানমন্ত্রী,4,0.6023805478300731
3 After Forming Government,3_after_forming_government,781,এদের ভন্ডামি শুরু হয়ে গেছে,এদের ভন্ডামি শুরু হয়ে গেছে,0,0.7311922833103036
3 After Forming Government,3_after_forming_government,782,তাহলে পুরনো নিয়মেই চলবে?,তাহলে পুরনো নিয়মেই চলবে,1,0.7275201392147832
3 After Forming Government,3_after_forming_government,783,আমরা জানতাম আপনারা জুলাই শহীদদের সাথে বেইমানি করবেন।,আমরা জানতাম আপনারা জুলাই শহীদদের সাথে বেইমানি করবেন,4,0.863512205213279
3 After Forming Government,3_after_forming_government,784,বিএনপি'র সঠিক সিদ্ধান্ত,বিএনপি র সঠিক সিদ্ধান্ত,4,0.7994132606863126
3 After Forming Government,3_after_forming_government,785,সংবিধান কিসের সংস্কার,সংবিধান কিসের সংস্কার,4,0.799057261068867
3 After Forming Government,3_after_forming_government,786,মনে রাখতে হবে ৩০ লাখ শহীদের রক্তের বিনিময়ে অর্জিত এই সংবিধান।,মনে রাখতে হবে লাখ শহীদের রক্তের বিনিময়ে অর্জিত এই সংবিধান,4,0.8986971063166673
3 After Forming Government,3_after_forming_government,787,ধানমন্ডি ৩২ না ভেঙে সংসদ ভবনটা ভাঙলে দেশ আরও ভাল চলতো,ধানমন্ডি না ভেঙে সংসদ ভবনটা ভাঙলে দেশ আরও ভাল চলতো,4,0.5037925856389638
3 After Forming Government,3_after_forming_government,788,বিএমপি ক্ষমতা না বসতে জনগণের সাথে প্রতারণা শুরু করে দিয়েছে,বিএমপি ক্ষমতা না বসতে জনগণের সাথে প্রতারণা শুরু করে দিয়েছে,0,0.8850453619933741
3 After Forming Government,3_after_forming_government,789,"৭৫% মানুষের ভোট, আবেগ, ইচ্ছা, স্বপ্ন সবকিছুই বিসর্জন দেওয়া হলো।",মানুষের ভোট আবেগ ইচ্ছা স্বপ্ন সবকিছুই বিসর্জন দেওয়া হলো,4,0.9106236087240447
3 After Forming Government,3_after_forming_government,790,"আমরা কতটা আশা নিয়ে গণভোটে হ্যাঁ দিয়েছিলাম, সেটা আমরাই জানি।",আমরা কতটা আশা নিয়ে গণভোটে হ্যাঁ দিয়েছিলাম সেটা আমরাই জানি,4,0.48105424758241183
3 After Forming Government,3_after_forming_government,791,সেই আশা প্রথম দিনেই গলা টিপে মেরে ফেলার জন্য ধন্যবাদ।,সেই আশা প্রথম দিনেই গলা টিপে মেরে ফেলার জন্য ধন্যবাদ,3,0.8838255404206261
3 After Forming Government,3_after_forming_government,792,তাহলে এখান থেকেই ধোঁকা বাজি শুরু করছেন,তাহলে এখান থেকেই ধোঁকা বাজি শুরু করছেন,0,0.8385031789637024
3 After Forming Government,3_after_forming_government,793,দাদার কাছে যাওয়ার জন্য তৈরি থাকো,দাদার কাছে যাওয়ার জন্য তৈরি থাকো,1,0.8375411336953962
3 After Forming Government,3_after_forming_government,794,আরেকটি জুলাই হতে হবে।,আরেকটি জুলাই হতে হবে,3,0.728047403090701
3 After Forming Government,3_after_forming_government,795,নতুবা সম্ভব নয়,নতুবা সম্ভব নয়,3,0.7328655983153235
3 After Forming Government,3_after_forming_government,796,"দুইটা ভোটের শপথ নিতে হবে,,, না হয় ভোট নিতে কে বলছে??",দুইটা ভোটের শপথ নিতে হবে না হয় ভোট নিতে কে বলছে,2,0.5097493961612147
3 After Forming Government,3_after_forming_government,797,"বিএনপি এই সংবিধান মানলে হাসিনাই প্রধানমন্ত্রী ,হাসিনাকে তার ক্ষমতা বুঝিয়ে দেয়া হোক।",বিএনপি এই সংবিধান মানলে হাসিনাই প্রধানমন্ত্রী হাসিনাকে তার ক্ষমতা বুঝিয়ে দেয়া হোক,4,0.5857166275450838
3 After Forming Government,3_after_forming_government,798,সংবিধান সংস্করণ না হলে ২৬ এর এই নির্বাচন অবৈধ।,সংবিধান সংস্করণ না হলে এর এই নির্বাচন অবৈধ,4,0.8391631171531111
3 After Forming Government,3_after_forming_government,799,আজকের এই সংসধ ও অবৈধ।,আজকের এই সংসধ ও অবৈধ,4,0.5976567932609413
3 After Forming Government,3_after_forming_government,800,অল্প আয়ু,অল্প আয়ু,3,0.5999742978745847
3 After Forming Government,3_after_forming_government,801,"আগে থেকেই সন্দেহ করা হচ্ছিল এরা এই অপকর্মটা করবে?? গ্রামীন একটি প্রবাদ আছে- ""কার উছিলায় শিন্নি খাইলি মোল্লা চিনলি না""।।",আগে থেকেই সন্দেহ করা হচ্ছিল এরা এই অপকর্মটা করবে গ্রামীন একটি প্রবাদ আছে কার উছিলায় শিন্নি খাইলি মোল্লা চিনলি না,0,0.7989339641937587
3 After Forming Government,3_after_forming_government,802,সংবিধান অনুযায়ী শেখহাসিনা প্রধানমন্ত্রী এই সংসদ অবৈধ।,সংবিধান অনুযায়ী শেখহাসিনা প্রধানমন্ত্রী এই সংসদ অবৈধ,4,0.8655722404994872
3 After Forming Government,3_after_forming_government,803,বিএনপি সঠিক সিদ্ধান্ত নিয়েছে.... ধন্যবাদ তারেক রহমানকে,বিএনপি সঠিক সিদ্ধান্ত নিয়েছে ধন্যবাদ তারেক রহমানকে,4,0.8997094459301344
3 After Forming Government,3_after_forming_government,804,"সংবিধান সংস্কার না হলে এই সরকার টিকবেনা,সবই অবৈধ হয়ে যাবে, এই বেচারা সখ ছিলো প্রাধান মন্ত্রী হয়ে দেশ পরিচালনা করবে তা ও হবেনা মনে হয়,",সংবিধান সংস্কার না হলে এই সরকার টিকবেনা সবই অবৈধ হয়ে যাবে এই বেচারা সখ ছিলো প্রাধান মন্ত্রী হয়ে দেশ পরিচালনা করবে তা ও হবেনা মনে হয়,4,0.4773394416853267
3 After Forming Government,3_after_forming_government,805,"বেঈমানী করা থেকে বিরত থাকার জন্যে জনগণের পক্ষ থেকে অনুরুদ রইলো। ৭২ এর সংবিধান শহীদ জিয়া ছুড়ে ফেলতে বলেছিলেন, বেগম জিয়া বলেছিলেন। আপনারা ওনাদের চাইতে বড় বিএনপি হয়ে গেলেন!",বেঈমানী করা থেকে বিরত থাকার জন্যে জনগণের পক্ষ থেকে অনুরুদ রইলো এর সংবিধান শহীদ জিয়া ছুড়ে ফেলতে বলেছিলেন বেগম জিয়া বলেছিলেন আপনারা ওনাদের চাইতে বড় বিএনপি হয়ে গেলেন,3,0.7059136573610505
3 After Forming Government,3_after_forming_government,806,Rajakar For Real,rajakar for real,2,0.5999897041245269
3 After Forming Government,3_after_forming_government,807,M.A. Aziz এবার কি বলবেন?,m a aziz এবার কি বলবেন,1,0.732486653992815
3 After Forming Government,3_after_forming_government,808,হ্যাঁ ভোট তো আপনিও দিয়েছেন!!,হ্যাঁ ভোট তো আপনিও দিয়েছেন,0,0.7983141534421647
3 After Forming Government,3_after_forming_government,809,"মির জাফর,",মির জাফর,0,0.2
3 After Forming Government,3_after_forming_government,810,এরা তো দেখি নিজেদের ধংসের ঘোষণা দিয়েই দিছে।,এরা তো দেখি নিজেদের ধংসের ঘোষণা দিয়েই দিছে,2,0.5602424552211217
3 After Forming Government,3_after_forming_government,811,পল্টি নেওয়া শুরু,পল্টি নেওয়া শুরু,0,0.7995171348181908
3 After Forming Government,3_after_forming_government,812,জাতীয়তাবাদী পল্টিবাজ দল।,জাতীয়তাবাদী পল্টিবাজ দল,1,0.7983974388303025
3 After Forming Government,3_after_forming_government,813,হাসু আপুর সংবিধানে থাকলে হাসু আপুই বৈধ প্রধানমন্ত্রী,হাসু আপুর সংবিধানে থাকলে হাসু আপুই বৈধ প্রধানমন্ত্রী,4,0.6500681256394651
3 After Forming Government,3_after_forming_government,814,সবকিছু থেকে সুগন্ধি বের হয় না!!,সবকিছু থেকে সুগন্ধি বের হয় না,1,0.7332162574978854
3 After Forming Government,3_after_forming_government,815,১১ দলীয় জোট কেউ শপথ নিবে না এখন দেখ ঠেলা কেমন।,দলীয় জোট কেউ শপথ নিবে না এখন দেখ ঠেলা কেমন,2,0.8660296061105474
3 After Forming Government,3_after_forming_government,816,সময় কথা বলবে,সময় কথা বলবে,0,0.39987586557623717
3 After Forming Government,3_after_forming_government,817,আলহামদুলিল্লাহ ৭১ এ বিশ্বাসী,আলহামদুলিল্লাহ এ বিশ্বাসী,2,0.732951157281797
3 After Forming Government,3_after_forming_government,818,এদেরকে আপনি বিশ্বাস করলেও বারবার প্রতারিত হবেন। এমন চরিত্রহীন এরা। ১৯৯০ এর গণঅভ্যুত্থানের পর জাতীয়ভাবে হওয়া সংস্কারের প্রতিশ্রুতি না মানা প্রতারক দলটি আজ ২০২৬ এর রক্তস্নাত বিপ্লবের মাধ্যমে ও নির্বাচনের মাধ্যমে আসা রায়কে ঝুলিয়ে দিলে জাতীয় প্রতারক দল হিসেবে প্রতিষ্ঠিত হতে যাচ্ছে।,এদেরকে আপনি বিশ্বাস করলেও বারবার প্রতারিত হবেন এমন চরিত্রহীন এরা এর গণঅভ্যুত্থানের পর জাতীয়ভাবে হওয়া সংস্কারের প্রতিশ্রুতি না মানা প্রতারক দলটি আজ এর রক্তস্নাত বিপ্লবের মাধ্যমে ও নির্বাচনের মাধ্যমে আসা রায়কে ঝুলিয়ে দিলে জাতীয় প্রতারক দল হিসেবে প্রতিষ্ঠিত হতে যাচ্ছে,0,0.4135444484103702
3 After Forming Government,3_after_forming_government,819,গণভোট এর আয়োজন কি জন্য করেছে জনগণ,গণভোট এর আয়োজন কি জন্য করেছে জনগণ,0,0.43498343144759033
3 After Forming Government,3_after_forming_government,820,পল্টিবাজদের কি ভাবে সাইজ করতে হয় জামাত জোট ভাল করেই জানে,পল্টিবাজদের কি ভাবে সাইজ করতে হয় জামাত জোট ভাল করেই জানে,1,0.8835485139446888
3 After Forming Government,3_after_forming_government,821,তাহলে মনে হয় বনী আমিনের ভবিষ্যদ্বাণী ২৮ সালের নির্বাচন হবে।,তাহলে মনে হয় বনী আমিনের ভবিষ্যদ্বাণী সালের নির্বাচন হবে,4,0.8376121878635783
3 After Forming Government,3_after_forming_government,822,সালাউদ্দিন আগেও দেশে অরাজকতা সৃষ্টি করেছে এখনো অরাজকতা সৃষ্টি করতেছে,সালাউদ্দিন আগেও দেশে অরাজকতা সৃষ্টি করেছে এখনো অরাজকতা সৃষ্টি করতেছে,2,0.9097304469231221
3 After Forming Government,3_after_forming_government,823,এই দেশে রক্ত দিবে একজন ফল খাবে আরেক জন,এই দেশে রক্ত দিবে একজন ফল খাবে আরেক জন,2,0.8969140226143145
3 After Forming Government,3_after_forming_government,824,তাহলে আওয়ামী সরকার দোষ কি করছিলো?,তাহলে আওয়ামী সরকার দোষ কি করছিলো,2,0.5542539851499252
3 After Forming Government,3_after_forming_government,825,দেশে আর শান্তি আসলো না,দেশে আর শান্তি আসলো না,1,0.730120261031987
3 After Forming Government,3_after_forming_government,826,"তাহলে শেখ হাসিনা ২৯সাল পর্যন্ত প্রধানমন্ত্রী,",তাহলে শেখ হাসিনা সাল পর্যন্ত প্রধানমন্ত্রী,4,0.8663603809342434
3 After Forming Government,3_after_forming_government,827,এরাতো সংবিধানের বিপক্ষে ছিলো,এরাতো সংবিধানের বিপক্ষে ছিলো,0,0.7305184521340672
3 After Forming Government,3_after_forming_government,828,আরো দাও বিএনপিকে ভোট!,আরো দাও বিএনপিকে ভোট,0,0.8370653412955279
3 After Forming Government,3_after_forming_government,829,সংবিধানের বাহিরে যাওয়ার সুযোগ নেই,সংবিধানের বাহিরে যাওয়ার সুযোগ নেই,4,0.48678714277914603
3 After Forming Government,3_after_forming_government,830,পল্টিবাজ নেতা,পল্টিবাজ নেতা,3,0.400174687801255
3 After Forming Government,3_after_forming_government,831,ইতিহাসের দিকে তাকারে পাগলা।,ইতিহাসের দিকে তাকারে পাগলা,0,0.5999863748393982
3 After Forming Government,3_after_forming_government,832,এরা যদি এমন ভুল করে তাহলে এইটা হবে তাদের জীবনের সব থেকে বড়ো ভুল,এরা যদি এমন ভুল করে তাহলে এইটা হবে তাদের জীবনের সব থেকে বড়ো ভুল,4,0.8980635282063905
3 After Forming Government,3_after_forming_government,833,সাব বাস,সাব বাস,0,0.2
3 After Forming Government,3_after_forming_government,834,দেখতে থাকো দেশের জনগণ আরো সামনে অনেক কিছু বাকী আছে,দেখতে থাকো দেশের জনগণ আরো সামনে অনেক কিছু বাকী আছে,4,0.4094351054431799
3 After Forming Government,3_after_forming_government,835,ভোটের আগে বলতে পারেনি জাতির সাথে মিথ্যা আশা দিলে জাতি মানবে না,ভোটের আগে বলতে পারেনি জাতির সাথে মিথ্যা আশা দিলে জাতি মানবে না,2,0.4823095325974543
3 After Forming Government,3_after_forming_government,836,সংবিধান সংস্কার পরিষদের সদস্য হিসেবে শপথ নিচ্ছে না বিএনপি ৷,সংবিধান সংস্কার পরিষদের সদস্য হিসেবে শপথ নিচ্ছে না বিএনপি ৷,2,0.909258102198064
3 After Forming Government,3_after_forming_government,837,বিএনপিকে ধন্যবাদ ৭১ এর পক্ষে থাকার জন্য,বিএনপিকে ধন্যবাদ এর পক্ষে থাকার জন্য,4,0.4773220803665077
3 After Forming Government,3_after_forming_government,838,গণরায় কে উপেক্ষা করেই বিএনপির বিসমিল্লাহ শুরু ।,গণরায় কে উপেক্ষা করেই বিএনপির বিসমিল্লাহ শুরু,4,0.5418399321470079
3 After Forming Government,3_after_forming_government,839,জুলাইয়ের সাথে প্রথম বিশ্বাসঘাতকতা। কয়লা ধুইলে ময়লা কি যায়?,জুলাইয়ের সাথে প্রথম বিশ্বাসঘাতকতা কয়লা ধুইলে ময়লা কি যায়,0,0.8395627893361495
3 After Forming Government,3_after_forming_government,840,বিএনপি গাদ্দারি শুরু করে দিয়েছে। গণভোটে জনগণের দেওয়া চূড়ান্ত রায় কে উপেক্ষা করলে পরিণতি ভালো হবে না। দেশের পরিস্থিতি ভালো রাখতে হলে জন রায়কে মেনে নিয়ে আগাতে হবে।,বিএনপি গাদ্দারি শুরু করে দিয়েছে গণভোটে জনগণের দেওয়া চূড়ান্ত রায় কে উপেক্ষা করলে পরিণতি ভালো হবে না দেশের পরিস্থিতি ভালো রাখতে হলে জন রায়কে মেনে নিয়ে আগাতে হবে,4,0.7906469015695776
3 After Forming Government,3_after_forming_government,841,ইতিহাস ফিরে এলো।,ইতিহাস ফিরে এলো,4,0.7322982366590073
3 After Forming Government,3_after_forming_government,843,এদের ইতিহাস বেইমানীর,এদের ইতিহাস বেইমানীর,4,0.5999903389343548
3 After Forming Government,3_after_forming_government,844,জাতির সাথে বেইমান করলে বেশিদিন ক্ষমতায় থাকা লাগবে না।,জাতির সাথে বেইমান করলে বেশিদিন ক্ষমতায় থাকা লাগবে না,3,0.37097036279667156
3 After Forming Government,3_after_forming_government,845,khela suru,khela suru,0,0.5999825248670656
3 After Forming Government,3_after_forming_government,846,প্রথম দিনেই গাদদারি,প্রথম দিনেই গাদদারি,0,0.7324650707348049
3 After Forming Government,3_after_forming_government,847,জনগণের পুটি মাছ খাওয়া শুরু।,জনগণের পুটি মাছ খাওয়া শুরু,0,0.796196997219828
3 After Forming Government,3_after_forming_government,848,প্রথম পল্টি,প্রথম পল্টি,0,0.7331204007419025
3 After Forming Government,3_after_forming_government,849,সরাসরি ইউ টার্ন।,সরাসরি ইউ টার্ন,3,0.5993947959983874
3 After Forming Government,3_after_forming_government,850,খেলা শুরু।,খেলা শুরু,0,0.7333319393871462
3 After Forming Government,3_after_forming_government,851,মাশাল্লাহ!,মাশাল্লাহ,4,0.5999874337942999
3 After Forming Government,3_after_forming_government,852,প্রথম দিন ( বিসমিল্লাহ) থেকেই গাদ্দারী শুরু,প্রথম দিন বিসমিল্লাহ থেকেই গাদ্দারী শুরু,0,0.69591172435005
3 After Forming Government,3_after_forming_government,853,বাহ! চমৎকার। দেখা যাক কোথাকার পানি কোথায় গিয়ে গড়ায়!,বাহ চমৎকার দেখা যাক কোথাকার পানি কোথায় গিয়ে গড়ায়,2,0.8847205149129246
3 After Forming Government,3_after_forming_government,854,"২৯ এর নিবাচন ২৬ কেন হল,এটাই আগে শপথ,,",এর নিবাচন কেন হল এটাই আগে শপথ,2,0.3003490853864202
3 After Forming Government,3_after_forming_government,855,এরা ভারতের প্ল্যান অনুযায়ী চলবে,এরা ভারতের প্ল্যান অনুযায়ী চলবে,2,0.503422316640139
3 After Forming Government,3_after_forming_government,856,Akta jokar sorkar,akta jokar sorkar,2,0.5999784090556468
3 After Forming Government,3_after_forming_government,857,চর্মোনাই তামাক খোরের দলের চেয়ে খায়রুল দেওয়ানের জনকল্যাণ পার্টি অনেক জনপ্রিয়,চর্মোনাই তামাক খোরের দলের চেয়ে খায়রুল দেওয়ানের জনকল্যাণ পার্টি অনেক জনপ্রিয়,3,0.5270620462197552
3 After Forming Government,3_after_forming_government,858,এসব সংসদ সদস্যকেও কেউ মানে না।,এসব সংসদ সদস্যকেও কেউ মানে না,4,0.798089712127342
3 After Forming Government,3_after_forming_government,859,নব্য পেঁচি বাদি খাইদা মাত্র শুরু এটা বলার কি আছে /তাদের জন্যে সহমর্মিতা,নব্য পেঁচি বাদি খাইদা মাত্র শুরু এটা বলার কি আছে তাদের জন্যে সহমর্মিতা,0,0.5113160008352465
3 After Forming Government,3_after_forming_government,860,সংস্কার পরিষদের সদস্য শপথ না নিয়ে সংস্কারকে অস্বীকার করে মিথ্যা নতুন বাংলাদেশ গড়ার যাত্রায় সরকারি দল।দেশের ভবিষ্যৎ আবারো অনিশ্চিত,সংস্কার পরিষদের সদস্য শপথ না নিয়ে সংস্কারকে অস্বীকার করে মিথ্যা নতুন বাংলাদেশ গড়ার যাত্রায় সরকারি দল দেশের ভবিষ্যৎ আবারো অনিশ্চিত,2,0.4563187236667336
3 After Forming Government,3_after_forming_government,861,বিভিন্ন মহলের ধারণা সালাহউদ্দীনের কারণে সুক্ষ্ম কারচুপির বিএনপি সরকার বেশিদিন কন্টিনিউ করতে পারবে বলে মনে হয় না!!,বিভিন্ন মহলের ধারণা সালাহউদ্দীনের কারণে সুক্ষ্ম কারচুপির বিএনপি সরকার বেশিদিন কন্টিনিউ করতে পারবে বলে মনে হয় না,1,0.547642288010826
3 After Forming Government,3_after_forming_government,862,পল্টিবাজ। এরা ক্ষমতায় ২ এক বছর থাকলে যেই লাউ সেউ কদুই হবে,পল্টিবাজ এরা ক্ষমতায় এক বছর থাকলে যেই লাউ সেউ কদুই হবে,1,0.8845390657667891
3 After Forming Government,3_after_forming_government,863,আচ্ছা ফ্যামিলি কার্ড কবে দিবে..??,আচ্ছা ফ্যামিলি কার্ড কবে দিবে,2,0.6277725570015673
3 After Forming Government,3_after_forming_government,864,সবকিছুর একটা শেষ পরিণতি আছে।,সবকিছুর একটা শেষ পরিণতি আছে,4,0.7327609763193098
3 After Forming Government,3_after_forming_government,865,সংসদ সদস্য এক ভদ্রলোক হুইল চেয়ারে শপথ নিতে এসেছেন এতেই বোঝা যায় অসুস্থ একটা রাষ্ট্র ব্যবস্থা চালু হতে যাচ্ছে ।,সংসদ সদস্য এক ভদ্রলোক হুইল চেয়ারে শপথ নিতে এসেছেন এতেই বোঝা যায় অসুস্থ একটা রাষ্ট্র ব্যবস্থা চালু হতে যাচ্ছে,2,0.9187206839458468
3 After Forming Government,3_after_forming_government,866,১৯৯৬ এর কথা ভুলো না,এর কথা ভুলো না,0,0.2
3 After Forming Government,3_after_forming_government,867,তাহলে গনভোট করে লাভ কি হলো?,তাহলে গনভোট করে লাভ কি হলো,4,0.6089010576010566
3 After Forming Government,3_after_forming_government,868,শুরু হয়ে গেছে টালবাহানা,শুরু হয়ে গেছে টালবাহানা,0,0.7311922833103036
3 After Forming Government,3_after_forming_government,869,নব্যপেচিবা,নব্যপেচিবা,0,0.2
3 After Forming Government,3_after_forming_government,870,কথিত জুলাই সনদে প্রথম পেরেক!!!,কথিত জুলাই সনদে প্রথম পেরেক,0,0.5484397337226687
3 After Forming Government,3_after_forming_government,871,সঠিক সিদ্ধান্ত নিয়েছে বি এন পি,সঠিক সিদ্ধান্ত নিয়েছে বি এন পি,1,0.457250460848324
3 After Forming Government,3_after_forming_government,872,দেশ প্রেমিক স্বাধীনতার ঘোষক শহীদ প্রেসিডেন্ট জিয়াউর রহমান এর নিজ হাতে গড়া দলকে ধন্যবাদ,দেশ প্রেমিক স্বাধীনতার ঘোষক শহীদ প্রেসিডেন্ট জিয়াউর রহমান এর নিজ হাতে গড়া দলকে ধন্যবাদ,3,0.7175658046827186
3 After Forming Government,3_after_forming_government,873,great,great,2,0.5990231654026013
3 After Forming Government,3_after_forming_government,874,দূরদর্শী ও বিচক্ষণ সিদ্ধান্ত। সংবিধানে হাত দেয়ার দুঃসাহস যারা দেখাবে তাদের একমাত্র পরিণতি ফাঁসি।,দূরদর্শী ও বিচক্ষণ সিদ্ধান্ত সংবিধানে হাত দেয়ার দুঃসাহস যারা দেখাবে তাদের একমাত্র পরিণতি ফাঁসি,4,0.8654369966063109
3 After Forming Government,3_after_forming_government,875,আরো অনেক কিছু দেখার বাকি আছে,আরো অনেক কিছু দেখার বাকি আছে,1,0.7974371943800571
3 After Forming Government,3_after_forming_government,876,Guru Matra to shuru,guru matra to shuru,2,0.5999959473193337
3 After Forming Government,3_after_forming_government,877,গাদ্দারির ফল কি হয়! তারা এত দ্রুত ভুলে গেল!,গাদ্দারির ফল কি হয় তারা এত দ্রুত ভুলে গেল,0,0.8853924379813237
3 After Forming Government,3_after_forming_government,878,তাহলে কি ২৮ সালে নির্বাচন আরেকটা দেখা যাবে?,তাহলে কি সালে নির্বাচন আরেকটা দেখা যাবে,1,0.5091629510220691
3 After Forming Government,3_after_forming_government,879,আইন অনুযায়ী যা আছে তাই বলছেন,আইন অনুযায়ী যা আছে তাই বলছেন,2,0.8360924262557523
3 After Forming Government,3_after_forming_government,880,জুলাই যোদ্ধারাচুদলিংপং হয়ে গেল,জুলাই যোদ্ধারাচুদলিংপং হয়ে গেল,0,0.797086428011585
3 After Forming Government,3_after_forming_government,881,বিসমিল্লাহতেই বিম্মির পতন শুরু,বিসমিল্লাহতেই বিম্মির পতন শুরু,0,0.4000705236385291
3 After Forming Government,3_after_forming_government,882,বাংলাদেশ আর একটি বিপ্লব হতে চলেছে,বাংলাদেশ আর একটি বিপ্লব হতে চলেছে,3,0.7975840009126562
3 After Forming Government,3_after_forming_government,883,পতন সন্নিকটে ইনশাআল্লাহ,পতন সন্নিকটে ইনশাআল্লাহ,4,0.7333305154365413
3 After Forming Government,3_after_forming_government,884,জুলাইয়ের শহীদের অভিশাপে ধ্বংস হয়ে যাবে বিএনপি।,জুলাইয়ের শহীদের অভিশাপে ধ্বংস হয়ে যাবে বিএনপি,4,0.8839337724385148
3 After Forming Government,3_after_forming_government,885,বাটপারি শুরু,বাটপারি শুরু,0,0.733117249088373
3 After Forming Government,3_after_forming_government,886,ও ভাইরে ভাই। ফাটাইছে,ও ভাইরে ভাই ফাটাইছে,0,0.7273417803480345
3 After Forming Government,3_after_forming_government,887,নির্বাচন সংবিধান অনুযায়ী হয়েছে কি?,নির্বাচন সংবিধান অনুযায়ী হয়েছে কি,4,0.798643293270002
3 After Forming Government,3_after_forming_government,888,বেইমানি শুরু,বেইমানি শুরু,0,0.4000971099945458
3 After Forming Government,3_after_forming_government,889,জনরায়কে উপেক্ষা করার মাধ্যমে দেশকে দীর্ঘমেয়াদী অস্থিতিশীলতার দিকে ঠেলে দিচ্ছে বিএনপি।,জনরায়কে উপেক্ষা করার মাধ্যমে দেশকে দীর্ঘমেয়াদী অস্থিতিশীলতার দিকে ঠেলে দিচ্ছে বিএনপি,4,0.6770183916911983
3 After Forming Government,3_after_forming_government,890,বাস্তবস্মত ও যুক্তিযোগ্য সিদ্ধান্ত।,বাস্তবস্মত ও যুক্তিযোগ্য সিদ্ধান্ত,4,0.5999979376935471
3 After Forming Government,3_after_forming_government,891,"জনগণ ভোট দেয় দায়িত্ব পালনের জন্য,নাটক করার জন্য না।",জনগণ ভোট দেয় দায়িত্ব পালনের জন্য নাটক করার জন্য না,0,0.40751968019250284
3 After Forming Government,3_after_forming_government,892,"জন রায় পাওয়ার পরও সংস্কার পরিষদের শপথ গ্রহণ না করা এটা প্রতিবাদ নয়, এটা দায়িত্বহীনতার প্রকাশ।",জন রায় পাওয়ার পরও সংস্কার পরিষদের শপথ গ্রহণ না করা এটা প্রতিবাদ নয় এটা দায়িত্বহীনতার প্রকাশ,2,0.7337671377088607
3 After Forming Government,3_after_forming_government,893,"তারেক রহমান ,সালাহউদ্দিন আহমেদ এবং বাংলাদেশ জাতীয়তাবাদী দল যদি সত্যিই সংস্কারের পক্ষে থাকতেন তবে প্রাতিষ্ঠানিক জায়গায় দাঁড়িয়ে লড়াই করতেন। বাইরে দাঁড়িয়ে “সংস্কার” বলাটা সহজ ভেতরে ঢুকে জবাবদিহি করা কঠিন। আজ তারা কঠিন পথটা এড়িয়ে গেলেন।",তারেক রহমান সালাহউদ্দিন আহমেদ এবং বাংলাদেশ জাতীয়তাবাদী দল যদি সত্যিই সংস্কারের পক্ষে থাকতেন তবে প্রাতিষ্ঠানিক জায়গায় দাঁড়িয়ে লড়াই করতেন বাইরে দাঁড়িয়ে সংস্কার বলাটা সহজ ভেতরে ঢুকে জবাবদিহি করা কঠিন আজ তারা কঠিন পথটা এড়িয়ে গেলেন,4,0.7745258038220245
3 After Forming Government,3_after_forming_government,894,"জনরায়কে উপেক্ষা করে রাজনীতি করলে সেটা গণতন্ত্রচর্চা নয় সেটা ক্ষমতার খেলা। জনগণের ভোটকে চাপ সৃষ্টির কৌশল বানানো মানে জনগণকে ব্যবহার করা। এই দ্বৈত অবস্থান স্পষ্ট করে দেয় সংস্কার তাদের অগ্রাধিকার নয় ,কৌশল মাত্র।",জনরায়কে উপেক্ষা করে রাজনীতি করলে সেটা গণতন্ত্রচর্চা নয় সেটা ক্ষমতার খেলা জনগণের ভোটকে চাপ সৃষ্টির কৌশল বানানো মানে জনগণকে ব্যবহার করা এই দ্বৈত অবস্থান স্পষ্ট করে দেয় সংস্কার তাদের অগ্রাধিকার নয় কৌশল মাত্র,4,0.6408789152844884
3 After Forming Government,3_after_forming_government,895,রাজনীতি যদি সত্যিই নীতির হয় তাহলে ম্যান্ডেট মানতে হয়। আর যদি ম্যান্ডেট সুবিধাজনক না হয় বলে সরে দাঁড়ানো হয় তাহলে সেটা জনগণের সঙ্গে প্রতারণা।,রাজনীতি যদি সত্যিই নীতির হয় তাহলে ম্যান্ডেট মানতে হয় আর যদি ম্যান্ডেট সুবিধাজনক না হয় বলে সরে দাঁড়ানো হয় তাহলে সেটা জনগণের সঙ্গে প্রতারণা,4,0.9261475962049406
3 After Forming Government,3_after_forming_government,896,ইতিহাস নির্মম। যারা জনরায়কে তুচ্ছ করে তাদের জায়গা শেষ পর্যন্ত প্রান্তেই হয়।,ইতিহাস নির্মম যারা জনরায়কে তুচ্ছ করে তাদের জায়গা শেষ পর্যন্ত প্রান্তেই হয়,4,0.8851715521271863
3 After Forming Government,3_after_forming_government,897,Let's go,let s go,1,0.5968273238830529
3 After Forming Government,3_after_forming_government,898,"এরা চোর মানি লন্ডারিং হতা এরা তো সপত নেবে না ,",এরা চোর মানি লন্ডারিং হতা এরা তো সপত নেবে না,4,0.8646273820843141
3 After Forming Government,3_after_forming_government,899,একটা কথা মীরজাফর,একটা কথা মীরজাফর,0,0.2
3 After Forming Government,3_after_forming_government,900,আল্লাহ এদের ওপর গজব দিক আমিন।,আল্লাহ এদের ওপর গজব দিক আমিন,0,0.8398165930960758
3 After Forming Government,3_after_forming_government,901,বেঈমানের দল BNP,বেঈমানের দল bnp,2,0.7300953604265699
3 After Forming Government,3_after_forming_government,902,বয়কট তোদের,বয়কট তোদের,1,0.5999939243143749
3 After Forming Government,3_after_forming_government,903,AK ak ta kuttar bacca .....,ak ak ta kuttar bacca,2,0.799577929281725
3 After Forming Government,3_after_forming_government,904,জালিম,জালিম,0,0.2
3 After Forming Government,3_after_forming_government,905,বেঈমান,বেঈমান,1,0.5999724142652937
3 After Forming Government,3_after_forming_government,906,লজ্জা,লজ্জা,1,0.5989528918485068
3 After Forming Government,3_after_forming_government,907,গোয়া মারা তোরা,গোয়া মারা তোরা,0,0.7327529526785084
3 After Forming Government,3_after_forming_government,908,যাদের কারণে ক্ষমতা আসতে পারছো! তাদেরকে ভুলে গেলে মীরজাফর গুলা?,যাদের কারণে ক্ষমতা আসতে পারছো তাদেরকে ভুলে গেলে মীরজাফর গুলা,0,0.9095286017681494
3 After Forming Government,3_after_forming_government,909,চাদাবাজের মাইরি ফাঁক,চাদাবাজের মাইরি ফাঁক,0,0.2
3 After Forming Government,3_after_forming_government,910,সবগুলো বাটপার।,সবগুলো বাটপার,0,0.5981340660861779
3 After Forming Government,3_after_forming_government,911,সবগুলা হচ্ছে কুত্তার দল এই সিজনের কুত্তার বাচ্চা ফুটানো হয়েছে এগুলা,সবগুলা হচ্ছে কুত্তার দল এই সিজনের কুত্তার বাচ্চা ফুটানো হয়েছে এগুলা,1,0.5490217916996798
3 After Forming Government,3_after_forming_government,912,এরা পাক্কা বি সি তাই এই কাজ করেছে।,এরা পাক্কা বি সি তাই এই কাজ করেছে,1,0.8386133908328606
3 After Forming Government,3_after_forming_government,913,ও আল্লাহ ওদের উপরে গজব নাযিল করো।,ও আল্লাহ ওদের উপরে গজব নাযিল করো,0,0.8651211095734749
3 After Forming Government,3_after_forming_government,914,জুলাইয়ের রক্তের সাথে তামাশা করলো।,জুলাইয়ের রক্তের সাথে তামাশা করলো,0,0.7989575278084587
3 After Forming Government,3_after_forming_government,915,জুলাইকে কবর দেয়ার আয়োজন চলতেছে।,জুলাইকে কবর দেয়ার আয়োজন চলতেছে,4,0.5999852651818133
3 After Forming Government,3_after_forming_government,916,"আল্লাহর গজব পরুক,নির্বংশ হোক।",আল্লাহর গজব পরুক নির্বংশ হোক,0,0.5174991012279005
3 After Forming Government,3_after_forming_government,917,"যে বা যারা জুলাইয়ের রক্তের সাথে বেঈমানী করবে, তামাশা করবে,বাংলাদেশের এই পবিত্র মাটি তাদের গ্রহন না করুক।",যে বা যারা জুলাইয়ের রক্তের সাথে বেঈমানী করবে তামাশা করবে বাংলাদেশের এই পবিত্র মাটি তাদের গ্রহন না করুক,3,0.8982946867344472
3 After Forming Government,3_after_forming_government,918,"সকল অপমান, অপদস্থ,লাঞ্চনা তাদের উপরে আবার ফিরে আসুক।",সকল অপমান অপদস্থ লাঞ্চনা তাদের উপরে আবার ফিরে আসুক,0,0.8635284140700712
3 After Forming Government,3_after_forming_government,919,মানুষের অভিশাপে তারা বিলুপ্ত হয়ে যাবে।,মানুষের অভিশাপে তারা বিলুপ্ত হয়ে যাবে,4,0.7969082229359725
3 After Forming Government,3_after_forming_government,920,ভুলে গেছে জুলাই যাদের কারণে আজ সংসদ ভবনে এসে দাড়াইছে মুনাফিকের বাচ্চাগুলা,ভুলে গেছে জুলাই যাদের কারণে আজ সংসদ ভবনে এসে দাড়াইছে মুনাফিকের বাচ্চাগুলা,0,0.9099308642112738
3 After Forming Government,3_after_forming_government,921,মাদারচোদেরা তইলে পিঠে ছালা বান,মাদারচোদেরা তইলে পিঠে ছালা বান,0,0.2
3 After Forming Government,3_after_forming_government,922,বেইমান কাকে বলে জাতি চিনুন,বেইমান কাকে বলে জাতি চিনুন,1,0.8365436748992073
3 After Forming Government,3_after_forming_government,923,এই হালাদের ও বাঙ্গি ফাটাবে জনগণ।,এই হালাদের ও বাঙ্গি ফাটাবে জনগণ,0,0.5982193655636981
3 After Forming Government,3_after_forming_government,924,গাদ্দার,গাদ্দার,0,0.5999947659754516
3 After Forming Government,3_after_forming_government,925,এরা নতুন সৌরাচার বেশি পাকনামি করলে গদি লরে জাবে,এরা নতুন সৌরাচার বেশি পাকনামি করলে গদি লরে জাবে,4,0.5299063187848432
3 After Forming Government,3_after_forming_government,926,Chadabaz...,chadabaz,0,0.2
3 After Forming Government,3_after_forming_government,927,"খা,,,,,,,পো,,,,,৷৷ ,,,,,,,",খা পো ৷৷,2,0.5999990465113574
3 After Forming Government,3_after_forming_government,928,Boycott #BNPBangladesh,boycott bnpbangladesh,0,0.2
3 After Forming Government,3_after_forming_government,929,আবার মারা খাওয়ার জন্য সবাই রেডি থাকিয়েন,আবার মারা খাওয়ার জন্য সবাই রেডি থাকিয়েন,0,0.8648795293798246
3 After Forming Government,3_after_forming_government,930,বিএনপি কে লাথি দিয়ে নেটওয়ার্কের বাইরে ফালাইয়া দেওয়া উচিত।,বিএনপি কে লাথি দিয়ে নেটওয়ার্কের বাইরে ফালাইয়া দেওয়া উচিত,0,0.5099563127732768
3 After Forming Government,3_after_forming_government,931,Bnpr sobgula magirpola,bnpr sobgula magirpola,0,0.2
3 After Forming Government,3_after_forming_government,932,সবগুলোই জাতীয় বেইমান,সবগুলোই জাতীয় বেইমান,3,0.7324746092654039
3 After Forming Government,3_after_forming_government,933,"- লাইথ্যাইয়া, বাইন্চু* দলটারে দেশ ছাড়া করতে হবে",লাইথ্যাইয়া বাইন্চু দলটারে দেশ ছাড়া করতে হবে,1,0.796751071223302
3 After Forming Government,3_after_forming_government,934,বর্তমানে একমাত্র বুদ্ধিপ্রতিবন্ধী যারা তারাই বিএনপি সাপোর্ট করতে পারে কোন বুদ্ধিমান সুস্থ মানুষ বিএনপির মত জালিমকে সাপোর্ট করতে পারেনা,বর্তমানে একমাত্র বুদ্ধিপ্রতিবন্ধী যারা তারাই বিএনপি সাপোর্ট করতে পারে কোন বুদ্ধিমান সুস্থ মানুষ বিএনপির মত জালিমকে সাপোর্ট করতে পারেনা,4,0.47840059161230764
3 After Forming Government,3_after_forming_government,935,হাইরে নষ্ট জাতি,হাইরে নষ্ট জাতি,1,0.7317274536779209
3 After Forming Government,3_after_forming_government,936,জাতীয় গাদ্দার আসলে এ গুলাই,জাতীয় গাদ্দার আসলে এ গুলাই,3,0.5488981631657449
3 After Forming Government,3_after_forming_government,937,এরা দালাল আমরা আগেই জানি,এরা দালাল আমরা আগেই জানি,0,0.5661423698850219
3 After Forming Government,3_after_forming_government,938,মীরজাফরের বাচ্চারা যাদের লাশের ওপর দিয়ে ক্ষমতায় আসলি চাঁদাবাজদের দল,মীরজাফরের বাচ্চারা যাদের লাশের ওপর দিয়ে ক্ষমতায় আসলি চাঁদাবাজদের দল,1,0.837999853275327
3 After Forming Government,3_after_forming_government,939,সালারা পল্টিবাজ,সালারা পল্টিবাজ,1,0.5999914393916583
3 After Forming Government,3_after_forming_government,940,শয়তানের পতন অনিবার্য,শয়তানের পতন অনিবার্য,4,0.5999918167118511
3 After Forming Government,3_after_forming_government,941,"বিয়ে করে, বউ মানে না সালারা",বিয়ে করে বউ মানে না সালারা,4,0.7210182451533299
3 After Forming Government,3_after_forming_government,942,এ দালাল,এ দালাল,0,0.599992500054432
3 After Forming Government,3_after_forming_government,943,"তো, সংবিধান সংস্কার পরিষদের সদস্য হিসেবে শপথ যদি অসাংবিধানিক হয়, সংসদ সদস্য হিসাবে আপনাদের শপথ কেমনে সাংবিধানিক হয়?",তো সংবিধান সংস্কার পরিষদের সদস্য হিসেবে শপথ যদি অসাংবিধানিক হয় সংসদ সদস্য হিসাবে আপনাদের শপথ কেমনে সাংবিধানিক হয়,2,0.9423858275169464
3 After Forming Government,3_after_forming_government,944,July chud geya,july chud geya,0,0.5999864478565362
3 After Forming Government,3_after_forming_government,945,বেইমান,বেইমান,3,0.5986577816800351
3 After Forming Government,3_after_forming_government,946,Harami,harami,0,0.2
3 After Forming Government,3_after_forming_government,947,সংবিধান সংশোধন না করলেই ভালো আবার হাসিনা আসবে৷ এবার আসলে সেপ ছাড়া পুtoki মারবে৷ এদের৷ বড়লোক হওয়ার কথা বাদ দিছি৷ বাংলাদেশের মানুষ কোনদিন সুখ করতে পারবে না৷৷ তাই এইতা আসা বাদ৷ হাসিনা আবার আসুক৷ দেখে যায়৷ এদের৷ মারা খাওয়াটা৷,সংবিধান সংশোধন না করলেই ভালো আবার হাসিনা আসবে৷ এবার আসলে সেপ ছাড়া পুtoki মারবে৷ এদের৷ বড়লোক হওয়ার কথা বাদ দিছি৷ বাংলাদেশের মানুষ কোনদিন সুখ করতে পারবে না৷৷ তাই এইতা আসা বাদ৷ হাসিনা আবার আসুক৷ দেখে যায়৷ এদের৷ মারা খাওয়াটা৷,4,0.4268664927907473
3 After Forming Government,3_after_forming_government,948,"২০২৮ আবার নির্বাচন হবে,",আবার নির্বাচন হবে,4,0.5082503638728396
3 After Forming Government,3_after_forming_government,949,সব থেকে বড় কথা এই মূর্খদের দিয়ে কেন পরামর্শ করে।,সব থেকে বড় কথা এই মূর্খদের দিয়ে কেন পরামর্শ করে,3,0.5999989352726738
3 After Forming Government,3_after_forming_government,950,এরা দেশ উন্নয়ন নিয়ে প্রতিযোগিতা না করে কে কত দুর্নীতি করতে পারে সেই প্রতিযোগিতা করে। আর এই ভন্ডদের মানুষ আবার নির্বাচিত করে। আবার আল্লাহর অলির মত ব্যবহার চায়।,এরা দেশ উন্নয়ন নিয়ে প্রতিযোগিতা না করে কে কত দুর্নীতি করতে পারে সেই প্রতিযোগিতা করে আর এই ভন্ডদের মানুষ আবার নির্বাচিত করে আবার আল্লাহর অলির মত ব্যবহার চায়,1,0.6679060116693049
3 After Forming Government,3_after_forming_government,951,এরা জাতীয় বেইমান,এরা জাতীয় বেইমান,3,0.5179108800893848
3 After Forming Government,3_after_forming_government,952,মুখে একটা ছিলো অন্তরে আরেক এটা মুনাফিক।,মুখে একটা ছিলো অন্তরে আরেক এটা মুনাফিক,3,0.7990760656679917
3 After Forming Government,3_after_forming_government,953,জাতির গাদ্দার,জাতির গাদ্দার,0,0.7327524824923398
3 After Forming Government,3_after_forming_government,954,রাজপথে আবার নেমে বি এন পির গুস্টি চুদলিংপং করে দিব,রাজপথে আবার নেমে বি এন পির গুস্টি চুদলিংপং করে দিব,1,0.8846784081504162
3 After Forming Government,3_after_forming_government,955,মাদারবোর্ড,মাদারবোর্ড,0,0.2
3 After Forming Government,3_after_forming_government,956,গাদ্দারী,গাদ্দারী,0,0.5999961234729901
3 After Forming Government,3_after_forming_government,957,"আহা হা আমরা হ্যা ভোট দিবো সবাই কেমন, এটা হচ্ছে তাদের আসল চরিত্র তারা প্রকৃতপক্ষে মুনাফেক।",আহা হা আমরা হ্যা ভোট দিবো সবাই কেমন এটা হচ্ছে তাদের আসল চরিত্র তারা প্রকৃতপক্ষে মুনাফেক,0,0.9195014709048522
3 After Forming Government,3_after_forming_government,958,"এমন যদি হত এই বালের বিম্পি।আওয়ামিলিক চিরতরে সেশ হত,, কি এক দুইটা দল সেশ করে দিল ৫৫ বসরে কি বাল করছে দেশের আর আমরাই তাদ্রর জামাই আদর করে রাখি সালা কি জাতি",এমন যদি হত এই বালের বিম্পি আওয়ামিলিক চিরতরে সেশ হত কি এক দুইটা দল সেশ করে দিল বসরে কি বাল করছে দেশের আর আমরাই তাদ্রর জামাই আদর করে রাখি সালা কি জাতি,1,0.5019885494337065
3 After Forming Government,3_after_forming_government,959,এরা হলো আবু জাহেলের বংশধর,এরা হলো আবু জাহেলের বংশধর,4,0.7270286335194382
3 After Forming Government,3_after_forming_government,960,খাস দালাল,খাস দালাল,0,0.599992500054432
3 After Forming Government,3_after_forming_government,961,না নিলে বাদ দিয়ে দেন ওদের কে,না নিলে বাদ দিয়ে দেন ওদের কে,4,0.8329555943799498
3 After Forming Government,3_after_forming_government,962,তারেক রহমানের ভালো ছেড়ার ক্ষমতা তোমাদের নেই,তারেক রহমানের ভালো ছেড়ার ক্ষমতা তোমাদের নেই,3,0.45729368930446185
3 After Forming Government,3_after_forming_government,963,তাইলে ওরা যে জামাত ইসলামের রাজাকার রাজাকার করে।তাহলে ওরা নিজেরা কি ওরা নিজেরাই তো জুলাইয়ের রাজাকার,তাইলে ওরা যে জামাত ইসলামের রাজাকার রাজাকার করে তাহলে ওরা নিজেরা কি ওরা নিজেরাই তো জুলাইয়ের রাজাকার,0,0.9381325972560093
3 After Forming Government,3_after_forming_government,964,বাটপার,বাটপার,0,0.5981340660861779
3 After Forming Government,3_after_forming_government,965,গাদ্দারি করলে হাসুর পথে জাবে,গাদ্দারি করলে হাসুর পথে জাবে,4,0.5746719892549712
3 After Forming Government,3_after_forming_government,966,আমি আগেই বলেছি বিএনপি হচ্ছে মীরজাপর দল,আমি আগেই বলেছি বিএনপি হচ্ছে মীরজাপর দল,1,0.7982794842745312
3 After Forming Government,3_after_forming_government,967,জাতের চুর এইগুলাই,জাতের চুর এইগুলাই,3,0.599987485884427
3 After Forming Government,3_after_forming_government,968,জনাব তারেক রহমান ও বিএনপির নেতৃবৃন্দ!,জনাব তারেক রহমান ও বিএনপির নেতৃবৃন্দ,4,0.8390642847994945
3 After Forming Government,3_after_forming_government,969,"আস সালামু আলাইকুম,",আস সালামু আলাইকুম,2,0.5999910868365337
3 After Forming Government,3_after_forming_government,970,আমরা বাংলাদেশের জনগণ ইসলামের মূল ধারা সুন্নী আকিদার অনুসারী।,আমরা বাংলাদেশের জনগণ ইসলামের মূল ধারা সুন্নী আকিদার অনুসারী,0,0.8643831625567329
3 After Forming Government,3_after_forming_government,971,সালাফি মতবাদ ঈমানের বিপরীত জংগীবাদি বাতিল মতবাদ।,সালাফি মতবাদ ঈমানের বিপরীত জংগীবাদি বাতিল মতবাদ,0,0.8354997240727485
3 After Forming Government,3_after_forming_government,972,ঈমানের বিপরীত ও ইসলাম ধ্বংসাত্মক সালাফি মতবাদকে ধর্মমন্ত্রী বানানো আমরা ঈমানী জনগণের ঈমানী আকিদার উপর ধ্বংসাত্মক আঘাত এবং রাষ্ট্র ধ্বংসাত্মক ষড়যন্ত্র হবে।,ঈমানের বিপরীত ও ইসলাম ধ্বংসাত্মক সালাফি মতবাদকে ধর্মমন্ত্রী বানানো আমরা ঈমানী জনগণের ঈমানী আকিদার উপর ধ্বংসাত্মক আঘাত এবং রাষ্ট্র ধ্বংসাত্মক ষড়যন্ত্র হবে,0,0.9331803826419023
3 After Forming Government,3_after_forming_government,973,সালাফি মতবাদকে ধর্মমন্ত্রী বানানো ইসলামের আসল ধারার মূলে কুঠারাঘাত হবে। একজন অমুসলিম ব্যক্তি ধর্মমন্ত্রী করাও এরচেয়ে ভালো।,সালাফি মতবাদকে ধর্মমন্ত্রী বানানো ইসলামের আসল ধারার মূলে কুঠারাঘাত হবে একজন অমুসলিম ব্যক্তি ধর্মমন্ত্রী করাও এরচেয়ে ভালো,0,0.9188579228370941
3 After Forming Government,3_after_forming_government,974,আমরা ঈমানী জনগণ তথা সুন্নী মুসলিমগণ ঈমান ধ্বংসাত্মক ও ইসলামের আসল ধারার বিপরীত লিংকনকে ধর্মমন্ত্রী হিসেবে মেনে নিবো না।,আমরা ঈমানী জনগণ তথা সুন্নী মুসলিমগণ ঈমান ধ্বংসাত্মক ও ইসলামের আসল ধারার বিপরীত লিংকনকে ধর্মমন্ত্রী হিসেবে মেনে নিবো না,0,0.9318971779069821
3 After Forming Government,3_after_forming_government,975,আপনার কাছে অনুরোধ সালাফি জংগীকে ধর্মমন্ত্রী করে ইসলামের ধ্বংসাত্মক ক্ষতি ও রাষ্ট্র ধ্বংস করা থেকে বিরত থাকুন।,আপনার কাছে অনুরোধ সালাফি জংগীকে ধর্মমন্ত্রী করে ইসলামের ধ্বংসাত্মক ক্ষতি ও রাষ্ট্র ধ্বংস করা থেকে বিরত থাকুন,0,0.9326199910004357
3 After Forming Government,3_after_forming_government,976,#বিশ্ব_ইনসানিয়াত_বিপ্লব_বাংলাদেশ,বিশ্ব ইনসানিয়াত বিপ্লব বাংলাদেশ,3,0.8390484228990117
3 After Forming Government,3_after_forming_government,977,#বিশ্ব_ইনসানিয়াত_বিপ্লব #World_humanity_revolution এর প্রবর্তক চেয়ারম্যান এবং #বিশ্ব_সুন্নী_আন্দোলন এর প্রতিষ্ঠাতা #সৈয়দ_আল্লামা_ইমাম_হায়াত,বিশ্ব ইনসানিয়াত বিপ্লব world humanity revolution এর প্রবর্তক চেয়ারম্যান এবং বিশ্ব সুন্নী আন্দোলন এর প্রতিষ্ঠাতা সৈয়দ আল্লামা ইমাম হায়াত,3,0.8161320785241519
3 After Forming Government,3_after_forming_government,978,"#আল্লামা_ইমাম_হায়াত,",আল্লামা ইমাম হায়াত,3,0.7333243010015927
3 After Forming Government,3_after_forming_government,979,#বিশ্ব_সুন্নী_আন্দোলন #বিশ্ব_ইনসানিয়াত_বিপ্লব,বিশ্ব সুন্নী আন্দোলন বিশ্ব ইনসানিয়াত বিপ্লব,3,0.8854839587690685
3 After Forming Government,3_after_forming_government,980,সবগুলা ভোট চোর,সবগুলা ভোট চোর,4,0.7303437520056839
3 After Forming Government,3_after_forming_government,981,জামায়াত মানে মুনাফেক,জামায়াত মানে মুনাফেক,4,0.798354318464631
3 After Forming Government,3_after_forming_government,982,BNP er putki mara huk,bnp er putki mara huk,2,0.729718527702359
3 After Forming Government,3_after_forming_government,983,বাহ চুদির ভাই গুলা বাহ! নিজেদের রূপ ফুটায় তুলতাছোস।।,বাহ চুদির ভাই গুলা বাহ নিজেদের রূপ ফুটায় তুলতাছোস,4,0.8846244084027256
3 After Forming Government,3_after_forming_government,984,"প্রধানমন্ত্রী তারেক রহমান, আপনাকে ও বিএনপিকে আমরা জনগণ জংগীবাদ বিরোধী ও ইসলামের মানবিক আসল ধারার ধারক হিসেবে বিশ্বাস ও আশা করেছিলাম।",প্রধানমন্ত্রী তারেক রহমান আপনাকে ও বিএনপিকে আমরা জনগণ জংগীবাদ বিরোধী ও ইসলামের মানবিক আসল ধারার ধারক হিসেবে বিশ্বাস ও আশা করেছিলাম,0,0.4803896242999667
3 After Forming Government,3_after_forming_government,985,আপনি ঈমানের বিপরীত তথা প্রাণাধিক প্রিয়নবীর প্রেম ভিত্তিক ও আওলিয়া কেরামের আসল ইসলামের শান্তিময় প্রেমময় মানবিক গণতান্ত্রিক আলোকময় ধারার বিপরীত জংগীবাদি সালাফি বিপজ্জনক ব্যক্তিকে ধর্মমন্ত্রী করে ইসলামের আসল ধারার বুকে ছুরিকাঘাত করলেন এবং রাষ্ট্রকে জংগীবাদী ধ্বংসের দিকে ঠেলে দিলেন।,আপনি ঈমানের বিপরীত তথা প্রাণাধিক প্রিয়নবীর প্রেম ভিত্তিক ও আওলিয়া কেরামের আসল ইসলামের শান্তিময় প্রেমময় মানবিক গণতান্ত্রিক আলোকময় ধারার বিপরীত জংগীবাদি সালাফি বিপজ্জনক ব্যক্তিকে ধর্মমন্ত্রী করে ইসলামের আসল ধারার বুকে ছুরিকাঘাত করলেন এবং রাষ্ট্রকে জংগীবাদী ধ্বংসের দিকে ঠেলে দিলেন,0,0.9529045048494015
3 After Forming Government,3_after_forming_government,986,আমরা ঈমানদার তথা সুন্নী আকিদার জনগণ কল্পনাও করতে পারি না- শাণে রেসালাতের দুশমন ও ইসলামের আসল শত্রু সালাফি কুফরি জংগীকে আপনি ধর্মমন্ত্রী করে আপনি ইসলামের আসল ধারা ও রাষ্ট্র ধ্বংসের দিকে ঠেলে দিবেন!,আমরা ঈমানদার তথা সুন্নী আকিদার জনগণ কল্পনাও করতে পারি না শাণে রেসালাতের দুশমন ও ইসলামের আসল শত্রু সালাফি কুফরি জংগীকে আপনি ধর্মমন্ত্রী করে আপনি ইসলামের আসল ধারা ও রাষ্ট্র ধ্বংসের দিকে ঠেলে দিবেন,0,0.8705719648430449
3 After Forming Government,3_after_forming_government,987,সালাফিরা কি? আপনার কি জানা নেই? সালাফিবাদ ই জংগীবাদের উৎস এবং ইসলামের আসল ধারার বিপরীত শত্রু আমাদের প্রধানমন্ত্রীর কি এ কান্ডজ্ঞান নাই? আমরা এটা বিশ্বাস করতে পারছিনা!,সালাফিরা কি আপনার কি জানা নেই সালাফিবাদ ই জংগীবাদের উৎস এবং ইসলামের আসল ধারার বিপরীত শত্রু আমাদের প্রধানমন্ত্রীর কি এ কান্ডজ্ঞান নাই আমরা এটা বিশ্বাস করতে পারছিনা,0,0.6887659197383211
3 After Forming Government,3_after_forming_government,988,আমরা সকল ঈমানদার ও সকল ধর্মের মানবিক ভাই বোন সবার আকুল আবেদন সালাফিকে ধর্মমন্ত্রী করে ইসলাম ও রাষ্ট্র ধ্বংস না করে অন্য যে কোনো মানবিক মানুষকে ধর্মমন্ত্রী করে ইসলাম ও রাষ্ট্র রক্ষা করুন।,আমরা সকল ঈমানদার ও সকল ধর্মের মানবিক ভাই বোন সবার আকুল আবেদন সালাফিকে ধর্মমন্ত্রী করে ইসলাম ও রাষ্ট্র ধ্বংস না করে অন্য যে কোনো মানবিক মানুষকে ধর্মমন্ত্রী করে ইসলাম ও রাষ্ট্র রক্ষা করুন,0,0.9550052768578774
3 After Forming Government,3_after_forming_government,989,#আল্লামা_ইমাম_হায়াত #বিশ্ব_সুন্নী_আন্দোলন #বিশ্ব_ইনসানিয়াত_বিপ্লব,আল্লামা ইমাম হায়াত বিশ্ব সুন্নী আন্দোলন বিশ্ব ইনসানিয়াত বিপ্লব,3,0.9109758475483597
3 After Forming Government,3_after_forming_government,990,পাছায় কয়ডা দিয়া সংসদ থেকে বের করে দাও। এদের আচরন উদ্ভট। সংস্কার না করলে তারা কিসের ভিত্তিতে নির্বাচন করছে।জনগণই বা কেন হ্যা ভোটে বিজয়ী করলেন তাহলে।,পাছায় কয়ডা দিয়া সংসদ থেকে বের করে দাও এদের আচরন উদ্ভট সংস্কার না করলে তারা কিসের ভিত্তিতে নির্বাচন করছে জনগণই বা কেন হ্যা ভোটে বিজয়ী করলেন তাহলে,4,0.7141600233635662
3 After Forming Government,3_after_forming_government,991,৭০% গনভোটের রায়ের সাথে বেইমানী মাত্র শুরু। জনগণ তোদের কপালে দুঃখ আছে।,গনভোটের রায়ের সাথে বেইমানী মাত্র শুরু জনগণ তোদের কপালে দুঃখ আছে,1,0.4343762497555444
3 After Forming Government,3_after_forming_government,992,"শালারা,,,,,নতুন দালাল",শালারা নতুন দালাল,0,0.45009568087839374
3 After Forming Government,3_after_forming_government,993,তাহলে তোদের অবস্থা আওয়ামী লীগের চেয়েও ভয়ংকর হবে মনে রাখিন মুনাফিকের বাচ্চারা,তাহলে তোদের অবস্থা আওয়ামী লীগের চেয়েও ভয়ংকর হবে মনে রাখিন মুনাফিকের বাচ্চারা,1,0.9105788442256283
3 After Forming Government,3_after_forming_government,994,এদের লাথি মারতে হবে,এদের লাথি মারতে হবে,1,0.7298963173324678
3 After Forming Government,3_after_forming_government,995,"চোর, চাঁদাবাজ পরিষদ।",চোর চাঁদাবাজ পরিষদ,2,0.5354882020090816
3 After Forming Government,3_after_forming_government,996,হাসিনা আপকামিং অফকামিং ইমকামিং ঠেংভাঙা কামিং।,হাসিনা আপকামিং অফকামিং ইমকামিং ঠেংভাঙা কামিং,4,0.5999958356186069
3 After Forming Government,3_after_forming_government,997,কান দরে নামিয়ে দিব,কান দরে নামিয়ে দিব,0,0.7328887294022974
3 After Forming Government,3_after_forming_government,998,ও যে হারামি,ও যে হারামি,0,0.2
3 After Forming Government,3_after_forming_government,999,সম্পূর্ণ জাতির সাথে বেইমানী,সম্পূর্ণ জাতির সাথে বেইমানী,0,0.5979321671123853
3 After Forming Government,3_after_forming_government,1000,শালারা সব মোনাফেক,শালারা সব মোনাফেক,0,0.2
3 After Forming Government,3_after_forming_government,1001,দেশের মানুষ বুঝবে যেদিন তোদের মাকে চুদবে এই বিএনপি নেতারা সেদিন বুঝবে,দেশের মানুষ বুঝবে যেদিন তোদের মাকে চুদবে এই বিএনপি নেতারা সেদিন বুঝবে,4,0.7625452205156529
3 After Forming Government,3_after_forming_government,1002,আমি সহ বিএনপির সমর্থকেরা যারা গণভোটে হ্যা দিয়াছিলেন বিএনপিকে সাপোর্ট করেছিলেন তারা এখন গুহার মধ্যে আঙ্গুল দিয়ে বইয়ে থাকো।,আমি সহ বিএনপির সমর্থকেরা যারা গণভোটে হ্যা দিয়াছিলেন বিএনপিকে সাপোর্ট করেছিলেন তারা এখন গুহার মধ্যে আঙ্গুল দিয়ে বইয়ে থাকো,4,0.910129096151089
3 After Forming Government,3_after_forming_government,1003,"এটা তো মাত্র শুরু, বেইমানের দল",এটা তো মাত্র শুরু বেইমানের দল,4,0.545373824777798
3 After Forming Government,3_after_forming_government,1004,সৈরাচার,সৈরাচার,0,0.5999817246981856
3 After Forming Government,3_after_forming_government,1005,জাতির সাথে বেইমানি করছে। বাঙালির শিক্ষা হওয়া উচিত। গাদ্দারির ফল ভালো হয় না,জাতির সাথে বেইমানি করছে বাঙালির শিক্ষা হওয়া উচিত গাদ্দারির ফল ভালো হয় না,4,0.5185157271798554
3 After Forming Government,3_after_forming_government,1006,খুব তাড়াতাড়ি মাইর খাওয়ার জন্য প্রস্তুতি নাও,খুব তাড়াতাড়ি মাইর খাওয়ার জন্য প্রস্তুতি নাও,1,0.8372584316758047
3 After Forming Government,3_after_forming_government,1007,বিএমপি আসলেই রাজাকার,বিএমপি আসলেই রাজাকার,0,0.7997893035701017
3 After Forming Government,3_after_forming_government,1008,এরা হলো আওয়ামী লীগ বিএনপি মিথ্যা বাধী চর ডাকাতি সন্ত্রাসী কার্যক্রম,এরা হলো আওয়ামী লীগ বিএনপি মিথ্যা বাধী চর ডাকাতি সন্ত্রাসী কার্যক্রম,1,0.7908751073264018
3 After Forming Government,3_after_forming_government,1009,নির্লজ্জ বেইমান ওয়াদা ভঙ্গ কারীকে আল্লাহ কখনোই পছন্দ করেন খুব শীঘ্রই তোমাদের পতন শুরু হবে,নির্লজ্জ বেইমান ওয়াদা ভঙ্গ কারীকে আল্লাহ কখনোই পছন্দ করেন খুব শীঘ্রই তোমাদের পতন শুরু হবে,3,0.5038108199729975
3 After Forming Government,3_after_forming_government,1010,বা**লের দেশে থাকি,বা লের দেশে থাকি,0,0.39976929347872364
3 After Forming Government,3_after_forming_government,1011,"জনগণের সাথে পতারণা, তোরা পালাবি৷",জনগণের সাথে পতারণা তোরা পালাবি৷,0,0.7302419705759728
3 After Forming Government,3_after_forming_government,1012,এই হালা খাম্বা তারেকের খাম্বা টা পুন্দে ঢোকানোর একটা ব্যবস্থা করছে...... আদালতের মাধ্যমে যে কেউ এই সংসদকে অবৈধ ঘোষণা করাতে পারে..... অগ্রিম সমবেদনা খাম্বা তারেক তোমার জন্য,এই হালা খাম্বা তারেকের খাম্বা টা পুন্দে ঢোকানোর একটা ব্যবস্থা করছে আদালতের মাধ্যমে যে কেউ এই সংসদকে অবৈধ ঘোষণা করাতে পারে অগ্রিম সমবেদনা খাম্বা তারেক তোমার জন্য,2,0.6441644578335691
3 After Forming Government,3_after_forming_government,1013,অবশ্যই আপনাদের ধংস কামনা করি।,অবশ্যই আপনাদের ধংস কামনা করি,3,0.42571785280376273
3 After Forming Government,3_after_forming_government,1014,কিছু বাট ছাগলের বাচ্চারা না বুঝেই এখন লাফাবে।,কিছু বাট ছাগলের বাচ্চারা না বুঝেই এখন লাফাবে,1,0.7326699688964459
3 After Forming Government,3_after_forming_government,1015,জাতিও গাদ্দার,জাতিও গাদ্দার,0,0.5999947659754516
3 After Forming Government,3_after_forming_government,1016,শুরুতেই মুনাফেকি...,শুরুতেই মুনাফেকি,3,0.7309518345243594
3 After Forming Government,3_after_forming_government,1017,"তোদের স্বঘোষিত নীলনকশা ষড়যন্ত্রের সনদরে আর সংস্কার পরিষদরে"""" তুদি"""""" আমরা",তোদের স্বঘোষিত নীলনকশা ষড়যন্ত্রের সনদরে আর সংস্কার পরিষদরে তুদি আমরা,1,0.7260422101726076
3 After Forming Government,3_after_forming_government,1018,বেঈমান- বিশ্বাসঘাতক- গাদ্দার,বেঈমান বিশ্বাসঘাতক গাদ্দার,0,0.4006208780779486
3 After Forming Government,3_after_forming_government,1019,Gaddar,gaddar,0,0.2
3 After Forming Government,3_after_forming_government,1020,যারা বাজে কমেন্ট করতেছে,যারা বাজে কমেন্ট করতেছে,4,0.7970419222051638
3 After Forming Government,3_after_forming_government,1021,তারা আগে বিস্তারিত পড়ে আসুন,তারা আগে বিস্তারিত পড়ে আসুন,3,0.731895730703607
3 After Forming Government,3_after_forming_government,1022,"নাহলে এসব কমেন্ট করে নিজেকে আ বা ল পরিচয় দেওয়ার কোনো মানি হয় না, আপনাদের",নাহলে এসব কমেন্ট করে নিজেকে আ বা ল পরিচয় দেওয়ার কোনো মানি হয় না আপনাদের,2,0.9179266572450859
3 After Forming Government,3_after_forming_government,1023,চো দের আসল রুপ এটাই।,চো দের আসল রুপ এটাই,0,0.6398017516155421
3 After Forming Government,3_after_forming_government,1024,সঠিক সিদ্ধান্ত। কারণ আমরা জাতি হিসেবে অসভ্য,সঠিক সিদ্ধান্ত কারণ আমরা জাতি হিসেবে অসভ্য,4,0.6382584400245753
3 After Forming Government,3_after_forming_government,1025,বেঈমানের দল,বেঈমানের দল,1,0.5971814827308637
3 After Forming Government,3_after_forming_government,1026,আরে মূর্খ আগে পড় তারপর পোস্ট কর,আরে মূর্খ আগে পড় তারপর পোস্ট কর,1,0.4390597839132989
3 After Forming Government,3_after_forming_government,1027,ছায়া মন্ত্রী ঘোষণার প্রথম সফলতা পেলো দেশের জনগণ।,ছায়া মন্ত্রী ঘোষণার প্রথম সফলতা পেলো দেশের জনগণ,4,0.5067631206831856
3 After Forming Government,3_after_forming_government,1028,এর জন্যে ১১ দলীয় জোট প্রশংসার পাবার দাবিদার।,এর জন্যে দলীয় জোট প্রশংসার পাবার দাবিদার,2,0.7326773562293316
3 After Forming Government,3_after_forming_government,1029,সংবিধান সংস্কারের শপথ না পড়ার মাধ্যমে গাদ্দারি শুরু...,সংবিধান সংস্কারের শপথ না পড়ার মাধ্যমে গাদ্দারি শুরু,2,0.5994646922584012
3 After Forming Government,3_after_forming_government,1030,★ বর্তমান সংবিধান অনুযায়ী ফ্যাসিস্ট হাসিনা এখনো বৈধ প্রধানমন্ত্রী।,বর্তমান সংবিধান অনুযায়ী ফ্যাসিস্ট হাসিনা এখনো বৈধ প্রধানমন্ত্রী,4,0.6890191996594177
3 After Forming Government,3_after_forming_government,1031,★ বর্তমান সংবিধান অনুযায়ী ২০২৬ এ হওয়া নির্বাচন অবৈধ।,বর্তমান সংবিধান অনুযায়ী এ হওয়া নির্বাচন অবৈধ,4,0.6381311796030444
3 After Forming Government,3_after_forming_government,1032,★ বর্তমান সংবিধান অনুযায়ী ড. ইউনুস দাদুর সরকার অবৈধ।,বর্তমান সংবিধান অনুযায়ী ড ইউনুস দাদুর সরকার অবৈধ,2,0.7279095201892304
3 After Forming Government,3_after_forming_government,1033,★ বর্তমান সংবিধান অনুযায়ী বর্তমান সরকার অবৈধ।,বর্তমান সংবিধান অনুযায়ী বর্তমান সরকার অবৈধ,2,0.8849419345148797
3 After Forming Government,3_after_forming_government,1034,তাহলে কি সেই আগেই ফিরে যাচ্ছে!?,তাহলে কি সেই আগেই ফিরে যাচ্ছে,1,0.8361786782033958
3 After Forming Government,3_after_forming_government,1035,সাহসী সিদ্ধান্ত।,সাহসী সিদ্ধান্ত,4,0.400196345674876
3 After Forming Government,3_after_forming_government,1036,"টাকা পয়সার কী কম আছে, যে ওনাদের এগুলো নেয়া লাগবে",টাকা পয়সার কী কম আছে যে ওনাদের এগুলো নেয়া লাগবে,4,0.8833862219433272
3 After Forming Government,3_after_forming_government,1037,কাজে বিশ্বাসী বি এনপি,কাজে বিশ্বাসী বি এনপি,2,0.5478059853129129
3 After Forming Government,3_after_forming_government,1038,এটা কি সত্যি,এটা কি সত্যি,1,0.5999922925555053
3 After Forming Government,3_after_forming_government,1039,ধন্যবাদ,ধন্যবাদ,3,0.5968986271107837
3 After Forming Government,3_after_forming_government,1040,প্রবাসীদের রেমিট্যান্সের জন্য দেশের রিজার্ভ বেড়ে ৩৪ বিলিয়ন ডলার অথচ দুঃখজনক হলেও সত্যি প্রবাসীরা সবচেয়ে বেশি বঞ্চিত কারণ একজন প্রবাসীর কল্যাণে যা কিছু প্রয়োজনীয় বিন্দুমাত্র বাস্তবায়ন হচ্ছে না বলতে গেলে সবকিছুতে অবহেলিত।,প্রবাসীদের রেমিট্যান্সের জন্য দেশের রিজার্ভ বেড়ে বিলিয়ন ডলার অথচ দুঃখজনক হলেও সত্যি প্রবাসীরা সবচেয়ে বেশি বঞ্চিত কারণ একজন প্রবাসীর কল্যাণে যা কিছু প্রয়োজনীয় বিন্দুমাত্র বাস্তবায়ন হচ্ছে না বলতে গেলে সবকিছুতে অবহেলিত,4,0.49881380884797893
3 After Forming Government,3_after_forming_government,1041,সরকার আসে সরকার যায় প্রবাসীর ভাগ্য আর পরিবর্তন হয় না।,সরকার আসে সরকার যায় প্রবাসীর ভাগ্য আর পরিবর্তন হয় না,2,0.8388245282833151
3 After Forming Government,3_after_forming_government,1042,আলহামদুলিল্লাহ ভালো,আলহামদুলিল্লাহ ভালো,2,0.732275090876407
3 After Forming Government,3_after_forming_government,1043,কেবল মাত্র শুরু কিছু দিক যাক,কেবল মাত্র শুরু কিছু দিক যাক,0,0.3667374523252769
3 After Forming Government,3_after_forming_government,1044,কিন্তু চাঁদাবাজে টাকা তো ঠিকই নিব।,কিন্তু চাঁদাবাজে টাকা তো ঠিকই নিব,1,0.39962832650799746
3 After Forming Government,3_after_forming_government,1045,কারণ পরবর্তীতে চামচা ছ্যাঁচড়া কি হবে।,কারণ পরবর্তীতে চামচা ছ্যাঁচড়া কি হবে,2,0.5999832454727247
3 After Forming Government,3_after_forming_government,1046,পুরো দেশটাই তো আপনাদের একটা বাড়ি দিয়ে কি করবেন?,পুরো দেশটাই তো আপনাদের একটা বাড়ি দিয়ে কি করবেন,3,0.8656852059548691
3 After Forming Government,3_after_forming_government,1047,কিন্তু চাঁদানিবে।,কিন্তু চাঁদানিবে,0,0.2
3 After Forming Government,3_after_forming_government,1048,রাতে বাসায় গিয়ে চাবি গুলো দিয়ে আসিস,রাতে বাসায় গিয়ে চাবি গুলো দিয়ে আসিস,4,0.7952606794887845
3 After Forming Government,3_after_forming_government,1049,জনগন রপ হুগা মাইরা নিজে বাড়ি তৈরি করে নিবে,জনগন রপ হুগা মাইরা নিজে বাড়ি তৈরি করে নিবে,3,0.6665365758274746
3 After Forming Government,3_after_forming_government,1050,"ওরা পারলে বলুক সাহস থাকলে,,,,, এখন থেকে সরকারি হসপিটালে চিকিৎসা নেবে,,, বিদেশে নয়",ওরা পারলে বলুক সাহস থাকলে এখন থেকে সরকারি হসপিটালে চিকিৎসা নেবে বিদেশে নয়,1,0.8968893074762535
3 After Forming Government,3_after_forming_government,1051,ইবলিশ শয়তানেও যদি কথাটা সোনে বিশ্বাস করবে না,ইবলিশ শয়তানেও যদি কথাটা সোনে বিশ্বাস করবে না,3,0.731096165053323
3 After Forming Government,3_after_forming_government,1052,Apndr jonno to ajk road e block Kore rakhce,apndr jonno to ajk road e block kore rakhce,2,0.7995795680048061
3 After Forming Government,3_after_forming_government,1053,প্রবাসী তোমরা অদম্য এক জাতি যা কিনা এই দেশকে সাজাতে চাও কিন্তু আমাদের এই দেশ তুমাদের কে ব্যাবহার করে কিন্তু মূল্যয়ন করে না,প্রবাসী তোমরা অদম্য এক জাতি যা কিনা এই দেশকে সাজাতে চাও কিন্তু আমাদের এই দেশ তুমাদের কে ব্যাবহার করে কিন্তু মূল্যয়ন করে না,1,0.9105517712235333
3 After Forming Government,3_after_forming_government,1054,ওরে বাবা এত ভালো কবে থেকে,ওরে বাবা এত ভালো কবে থেকে,2,0.5693077738376211
3 After Forming Government,3_after_forming_government,1055,এটা কি কপি না?,এটা কি কপি না,4,0.5978651065805153
3 After Forming Government,3_after_forming_government,1056,এ আবার কোন নাটক,এ আবার কোন নাটক,1,0.5413379966547739
3 After Forming Government,3_after_forming_government,1057,হ্যালো মিডিয়া,হ্যালো মিডিয়া,1,0.5990484308853533
3 After Forming Government,3_after_forming_government,1058,"আপনারা দেশের ২য় চোখ ।আপনাদের উপর অনেক কিছু নির্ভর করে। ভুলভাল নিউজ আর দালালি, এক চোখা নিউজ, করা থেকে বিরত থাকুন।",আপনারা দেশের য় চোখ আপনাদের উপর অনেক কিছু নির্ভর করে ভুলভাল নিউজ আর দালালি এক চোখা নিউজ করা থেকে বিরত থাকুন,4,0.756339657006839
3 After Forming Government,3_after_forming_government,1059,"সবার আগে বাংলাদেশ, আপনিও দেশের কল্যান চান,আমরাও চাই। দেশকে ভালবাসুন,দেশের মানুষকে ভালবাসুন,সদা সত্য নিউজ প্রচার করুন।",সবার আগে বাংলাদেশ আপনিও দেশের কল্যান চান আমরাও চাই দেশকে ভালবাসুন দেশের মানুষকে ভালবাসুন সদা সত্য নিউজ প্রচার করুন,4,0.4105312445932933
3 After Forming Government,3_after_forming_government,1060,প্রিয় Jamuna tv ফ্যান ফ্লাওয়ারস ( 30M থেকে কমে 19M হয়েছে। কাজেই হুশিয়ার সাবধান।,প্রিয় jamuna tv ফ্যান ফ্লাওয়ারস m থেকে কমে m হয়েছে কাজেই হুশিয়ার সাবধান,2,0.5985002101286443
3 After Forming Government,3_after_forming_government,1061,নির্বাচিত এমপিদের ঋণের পাহাড়: পরিমাণ ১১ হাজার ৩৫৬ কোটি টাকা,নির্বাচিত এমপিদের ঋণের পাহাড় পরিমাণ হাজার কোটি টাকা,0,0.8379255352500179
3 After Forming Government,3_after_forming_government,1062,এতো আবেগ দেখানোর কিছু নেই। প্রত্যাশা অনুযায়ী উনি কিছুই করতে পারেনি,এতো আবেগ দেখানোর কিছু নেই প্রত্যাশা অনুযায়ী উনি কিছুই করতে পারেনি,2,0.4661803496786102
3 After Forming Government,3_after_forming_government,1063,কয়লা ধোইলে ময়লা যায় না। অতীতের স্বভাব চাইলেই বদলানো যায় না।,কয়লা ধোইলে ময়লা যায় না অতীতের স্বভাব চাইলেই বদলানো যায় না,0,0.7324890401983859
3 After Forming Government,3_after_forming_government,1064,জামাত,জামাত,1,0.5969382877695065
3 After Forming Government,3_after_forming_government,1065,ওরা প্লট নিবে না চাঁদার টাকাই নিজেরাই প্লট বানাবে,ওরা প্লট নিবে না চাঁদার টাকাই নিজেরাই প্লট বানাবে,4,0.47610661820802985
3 After Forming Government,3_after_forming_government,1066,আগে বানান ঠিক করেন,আগে বানান ঠিক করেন,4,0.7309257768304631
3 After Forming Government,3_after_forming_government,1067,সকারী নাকি সরকারী,সকারী নাকি সরকারী,1,0.7329190782153497
3 After Forming Government,3_after_forming_government,1068,Good initiative,good initiative,1,0.5986630861428258
3 After Forming Government,3_after_forming_government,1069,কপি পেস্টের বাংলাদেশ।,কপি পেস্টের বাংলাদেশ,4,0.7323986272961633
3 After Forming Government,3_after_forming_government,1070,Goja kaico mone hoi,goja kaico mone hoi,2,0.5999912987530187
3 After Forming Government,3_after_forming_government,1071,ব্যংকের টাকা গুলো ফেরত দিয়েন দয়া করে জনগণের টাকা কিন্তু,ব্যংকের টাকা গুলো ফেরত দিয়েন দয়া করে জনগণের টাকা কিন্তু,0,0.8847597796195735
3 After Forming Government,3_after_forming_government,1072,"৭০% মানুষের ভোট, আবেগ, ইচ্ছা, স্বপ্ন সবকিছুই বিসর্জন দেওয়া হলো।",মানুষের ভোট আবেগ ইচ্ছা স্বপ্ন সবকিছুই বিসর্জন দেওয়া হলো,4,0.9106236087240447
3 After Forming Government,3_after_forming_government,1073,"প্রথম দিনেই যেহেতু বুঝাই দিলেন, এসব সংস্কার টংস্কার আপনারা কেয়ার করেন না, শুধু এমপিটা হইলেই হবে,",প্রথম দিনেই যেহেতু বুঝাই দিলেন এসব সংস্কার টংস্কার আপনারা কেয়ার করেন না শুধু এমপিটা হইলেই হবে,3,0.916628632435635
3 After Forming Government,3_after_forming_government,1074,সেহেতু আপনাদের কাছে আমাদের প্রত্যাশাও কম থাকবে।,সেহেতু আপনাদের কাছে আমাদের প্রত্যাশাও কম থাকবে,3,0.8660104270801202
3 After Forming Government,3_after_forming_government,1075,বাংলাদেশের মানুষকেও অভিনন্দন।,বাংলাদেশের মানুষকেও অভিনন্দন,3,0.7330475509727723
3 After Forming Government,3_after_forming_government,1076,"আপনারা তাই পেয়েছেন, যা আপনারা চেয়েছিলেন।",আপনারা তাই পেয়েছেন যা আপনারা চেয়েছিলেন,3,0.7976233606382904
3 After Forming Government,3_after_forming_government,1077,গুড জব।,গুড জব,1,0.5999936187751076
3 After Forming Government,3_after_forming_government,1078,"ভাই সব নেন, শুধু চান্দা নিয়েন না",ভাই সব নেন শুধু চান্দা নিয়েন না,4,0.6079458042686019
3 After Forming Government,3_after_forming_government,1079,চান্দাবাজি করি এর থেকে বেশি টাকা উঠে যাবে,চান্দাবাজি করি এর থেকে বেশি টাকা উঠে যাবে,1,0.46175773225232614
3 After Forming Government,3_after_forming_government,1080,কেমনে বাঁচবে সেটা বলো,কেমনে বাঁচবে সেটা বলো,2,0.5996235564209991
3 After Forming Government,3_after_forming_government,1081,এই মিডিয়াগুলো আসল দালাল এরা যে বাটপারি দিয়ে যাত্রা শুরু করছে এটা মানুষের কাছে তুলে ধরছেন না কেন আপনারা,এই মিডিয়াগুলো আসল দালাল এরা যে বাটপারি দিয়ে যাত্রা শুরু করছে এটা মানুষের কাছে তুলে ধরছেন না কেন আপনারা,0,0.5097161461309714
3 After Forming Government,3_after_forming_government,1082,"তারা জানে দুইটাকার মাল নিয়ে নাম ফুটানোর চেয়ে,,,,নিজের শরীলের মাথার ঘাম পায়ে ফেলে চুরি ডাকাতি চাঁদাবাজি করে তার চেয়ে বেশি অর্জন করতে পারবে হুদাই নামের মাএ নিয়া লাভ আছে",তারা জানে দুইটাকার মাল নিয়ে নাম ফুটানোর চেয়ে নিজের শরীলের মাথার ঘাম পায়ে ফেলে চুরি ডাকাতি চাঁদাবাজি করে তার চেয়ে বেশি অর্জন করতে পারবে হুদাই নামের মাএ নিয়া লাভ আছে,1,0.9544810858359256
3 After Forming Government,3_after_forming_government,1083,"এরা মুখে যা বলে তা করে না,যা করে তা মুখে বলে না।",এরা মুখে যা বলে তা করে না যা করে তা মুখে বলে না,1,0.4861747793915661
3 After Forming Government,3_after_forming_government,1084,সরকার থিকে বরাদ্দ সেটা নিক।।।।চাদা দুরনিতি টা না করুক।।।।।,সরকার থিকে বরাদ্দ সেটা নিক চাদা দুরনিতি টা না করুক,4,0.47800415995080825
3 After Forming Government,3_after_forming_government,1085,মুখে হালকা ইকটু পানি মেরে আসেন আপনার নেশা এখন ও কাটে নাই।,মুখে হালকা ইকটু পানি মেরে আসেন আপনার নেশা এখন ও কাটে নাই,3,0.5296911567075664
3 After Forming Government,3_after_forming_government,1086,বানান ঠিক করেন,বানান ঠিক করেন,4,0.7309257768304631
3 After Forming Government,3_after_forming_government,1087,"চাঁদাবাজি, সিন্ডিকেট বন্ধ করে দেখাও",চাঁদাবাজি সিন্ডিকেট বন্ধ করে দেখাও,1,0.6403695795026666
3 After Forming Government,3_after_forming_government,1088,Taka thiki pachar hoye jabe,taka thiki pachar hoye jabe,4,0.5999681527596439
3 After Forming Government,3_after_forming_government,1089,আপনারা আগে চান্দা না খাওয়ার শপথ নেন,আপনারা আগে চান্দা না খাওয়ার শপথ নেন,4,0.4846300989440406
3 After Forming Government,3_after_forming_government,1090,নাটক কম,নাটক কম,1,0.7296743837448741
3 After Forming Government,3_after_forming_government,1091,আরে ভাই এক কম্পানি থেকে যা চাঁদাবাজি করে তা দিতে সবাইরে গাড়ি কিনে দিতে পারবে,আরে ভাই এক কম্পানি থেকে যা চাঁদাবাজি করে তা দিতে সবাইরে গাড়ি কিনে দিতে পারবে,1,0.9264532613383368
3 After Forming Government,3_after_forming_government,1092,হাসালি রে হাসালি,হাসালি রে হাসালি,0,0.2
3 After Forming Government,3_after_forming_government,1093,Kaje proman dite hobe. Muke noy,kaje proman dite hobe muke noy,0,0.5999932740989202
3 After Forming Government,3_after_forming_government,1094,মনে ভরো কস্ট আহারে,মনে ভরো কস্ট আহারে,1,0.7998318411250668
3 After Forming Government,3_after_forming_government,1095,ভুতের মুখে রাম নাম।,ভুতের মুখে রাম নাম,2,0.7980978554866127
3 After Forming Government,3_after_forming_government,1096,জামায়াত বলছিল এতোদিন ঠিক আছে,জামায়াত বলছিল এতোদিন ঠিক আছে,4,0.7977279176399069
3 After Forming Government,3_after_forming_government,1097,সুন্দর সিদ্ধান্ত,সুন্দর সিদ্ধান্ত,4,0.7333318454303904
3 After Forming Government,3_after_forming_government,1098,সেজন্যই বিম্পিকে ভালো লাগে,সেজন্যই বিম্পিকে ভালো লাগে,1,0.7265360196549068
3 After Forming Government,3_after_forming_government,1099,এই ধারাবাহিকতা আগত দিনগুলোতে ধরে রাখতে পারলেই হবে।,এই ধারাবাহিকতা আগত দিনগুলোতে ধরে রাখতে পারলেই হবে,4,0.7302569946020911
3 After Forming Government,3_after_forming_government,1100,"নিলে সমস্যা কি? জামায়াত নিবেনা তাই লোকদেখানো লাগবে? যেটা যার অধিকার সে ভোগ করুক।।জনগণের জন্য বরাদ্দ টাকা গুলা মাইরেননা, কিছু কাজ কইরেন তাহলে হবে।লোক দেখানো কিছু সাসটেইনেবল হয়না",নিলে সমস্যা কি জামায়াত নিবেনা তাই লোকদেখানো লাগবে যেটা যার অধিকার সে ভোগ করুক জনগণের জন্য বরাদ্দ টাকা গুলা মাইরেননা কিছু কাজ কইরেন তাহলে হবে লোক দেখানো কিছু সাসটেইনেবল হয়না,1,0.5013883651962158
3 After Forming Government,3_after_forming_government,1101,পূর্ব তাদের জবানের কোনো ভ্যালুনেই,পূর্ব তাদের জবানের কোনো ভ্যালুনেই,1,0.595574412497202
3 After Forming Government,3_after_forming_government,1102,জামাত ইসলামের ফটোকপি,জামাত ইসলামের ফটোকপি,0,0.7309097090099937
3 After Forming Government,3_after_forming_government,1103,দুর্নীতি করলেই চলবে,দুর্নীতি করলেই চলবে,1,0.7997921253641812
3 After Forming Government,3_after_forming_government,1104,ভোগ দখল কে করবে,ভোগ দখল কে করবে,4,0.7302982987258849
3 After Forming Government,3_after_forming_government,1105,তাদের মুখ থেকে কখনো শুনা যায়নি। চোরেরা কখনো বলতে পারবে না। সাহস করে।,তাদের মুখ থেকে কখনো শুনা যায়নি চোরেরা কখনো বলতে পারবে না সাহস করে,4,0.4712216654024817
3 After Forming Government,3_after_forming_government,1106,দেশটা ভালো কাজের প্রতিযোগিতা হবে জনগণ আমরা সেটাই চাই। বিএনপিকে ধন্যবাদ,দেশটা ভালো কাজের প্রতিযোগিতা হবে জনগণ আমরা সেটাই চাই বিএনপিকে ধন্যবাদ,2,0.41727999053279896
3 After Forming Government,3_after_forming_government,1107,সংবিধান সংস্কার যদি দেশপ্রেমের কথা কয়,সংবিধান সংস্কার যদি দেশপ্রেমের কথা কয়,4,0.7992464855118381
3 After Forming Government,3_after_forming_government,1108,তাহলে সংস্কারের শপথ বরাবরই কেন নয়...?..,তাহলে সংস্কারের শপথ বরাবরই কেন নয়,2,0.6365837952006405
3 After Forming Government,3_after_forming_government,1109,@highlight,highlight,0,0.5990228177276944
3 After Forming Government,3_after_forming_government,1110,নুরু ভাইয়ের কি হবে,নুরু ভাইয়ের কি হবে,4,0.5992725613731449
3 After Forming Government,3_after_forming_government,1111,বাসায় যাইয়া দেখেন ওদের বাসায় গাড়ি পৌঁছে দিবে,বাসায় যাইয়া দেখেন ওদের বাসায় গাড়ি পৌঁছে দিবে,4,0.8840210008688645
3 After Forming Government,3_after_forming_government,1112,নাউজুবিল্লাহ,নাউজুবিল্লাহ,0,0.2
3 After Forming Government,3_after_forming_government,1113,সুন্দর ও সাবলীল ভাবে মিথ্যা বলার জন্য ধন্যবাদ,সুন্দর ও সাবলীল ভাবে মিথ্যা বলার জন্য ধন্যবাদ,4,0.5527815133542406
3 After Forming Government,3_after_forming_government,1114,কারণ তারা আগেই আখের গুছিয়েছিলো,কারণ তারা আগেই আখের গুছিয়েছিলো,1,0.5999954528443578
3 After Forming Government,3_after_forming_government,1115,কিন্তু চাদাবাজি করবে,কিন্তু চাদাবাজি করবে,0,0.599986506266947
3 After Forming Government,3_after_forming_government,1116,চাঁদার টাকায় নিবে। সমস্যা কি,চাঁদার টাকায় নিবে সমস্যা কি,4,0.8368062563310369
3 After Forming Government,3_after_forming_government,1117,যদি জামায়াত ইসলামির কপি করে তাহলে বলবো।,যদি জামায়াত ইসলামির কপি করে তাহলে বলবো,4,0.8389040481518136
3 After Forming Government,3_after_forming_government,1118,জনগণের স্বার্থে হলে তাদের সাধুবাদ জানাই।,জনগণের স্বার্থে হলে তাদের সাধুবাদ জানাই,3,0.8381754403693553
3 After Forming Government,3_after_forming_government,1119,দেখার অপেক্ষা কত টুকু জামায়াতের কর্মকাণ্ডের সাথে মিল রেখে নিজেদের স্বচ্ছতা নিশ্চিত করে।,দেখার অপেক্ষা কত টুকু জামায়াতের কর্মকাণ্ডের সাথে মিল রেখে নিজেদের স্বচ্ছতা নিশ্চিত করে,2,0.8986829979095684
3 After Forming Government,3_after_forming_government,1120,ট্যাক্স ফ্রী গারি এনে জমজমাট ব্যবসা করতে পারবে,ট্যাক্স ফ্রী গারি এনে জমজমাট ব্যবসা করতে পারবে,1,0.8388042864769587
3 After Forming Government,3_after_forming_government,1121,vitore vitore koto kichu nibe,vitore vitore koto kichu nibe,1,0.5991078558915385
3 After Forming Government,3_after_forming_government,1122,আলহামদুলিল্লাহ অভিনন্দন,আলহামদুলিল্লাহ অভিনন্দন,2,0.4001040402292254
3 After Forming Government,3_after_forming_government,1123,আলহামদুলিল্লাহ,আলহামদুলিল্লাহ,2,0.5999989241498305
3 After Forming Government,3_after_forming_government,1124,ওরেপ বাবা,ওরেপ বাবা,0,0.597828458579388
3 After Forming Government,3_after_forming_government,1125,খুব ভালো একটা ডিসিশন,খুব ভালো একটা ডিসিশন,2,0.7313447968671595
3 After Forming Government,3_after_forming_government,1126,কাজে বিশ্বাসি,কাজে বিশ্বাসি,3,0.5982988672848556
3 After Forming Government,3_after_forming_government,1127,ভালো উদ্যোগ,ভালো উদ্যোগ,2,0.7322712852792052
3 After Forming Government,3_after_forming_government,1128,জামায়াত নিজে খাবে না কাউকে খেতেও দিবে না,জামায়াত নিজে খাবে না কাউকে খেতেও দিবে না,2,0.638996199886492
3 After Forming Government,3_after_forming_government,1129,ব্যবসায় লস হয়ে গেলো,ব্যবসায় লস হয়ে গেলো,1,0.7298845071708893
3 After Forming Government,3_after_forming_government,1130,জুলাই ভোগে?,জুলাই ভোগে,4,0.5962576533007915
3 After Forming Government,3_after_forming_government,1131,ধন্যবাদ বিএনপিকে,ধন্যবাদ বিএনপিকে,4,0.7311221232216994
3 After Forming Government,3_after_forming_government,1132,cut copy paste,cut copy paste,0,0.5999759062471546
3 After Forming Government,3_after_forming_government,1133,"খুবই ভালো লাগলো, জামায়াত কে অনুসরন করার জন্য, এভাবে সবাই যদি ভালো কাজ কে অনুসরন করে তাহল অদুর ভবিষ্যতে ভালো কিছু আশা করা যায়",খুবই ভালো লাগলো জামায়াত কে অনুসরন করার জন্য এভাবে সবাই যদি ভালো কাজ কে অনুসরন করে তাহল অদুর ভবিষ্যতে ভালো কিছু আশা করা যায়,2,0.5771906003166722
3 After Forming Government,3_after_forming_government,1134,আবার জুলাই এর জন্য প্রস্তুতি নেন দেশ রক্ষায়,আবার জুলাই এর জন্য প্রস্তুতি নেন দেশ রক্ষায়,4,0.5205134144360046
3 After Forming Government,3_after_forming_government,1135,প্রতি মাসের খরচ টা যেন ওয়েবসাইটে দেওয়া হয়।,প্রতি মাসের খরচ টা যেন ওয়েবসাইটে দেওয়া হয়,1,0.529768507211518
3 After Forming Government,3_after_forming_government,1136,তাদের এই সিদ্ধান্তকে সাধুবাদ জানাই তবে সেই সাথে মন্দ কাজকেও না বলতে হবে।,তাদের এই সিদ্ধান্তকে সাধুবাদ জানাই তবে সেই সাথে মন্দ কাজকেও না বলতে হবে,3,0.7974575705764064
3 After Forming Government,3_after_forming_government,1137,জুলাই যোদ্ধারা আবার রাজপথে দেখা হচ্ছে ইনশাআল্লাহ,জুলাই যোদ্ধারা আবার রাজপথে দেখা হচ্ছে ইনশাআল্লাহ,1,0.5739941641762972
3 After Forming Government,3_after_forming_government,1138,গনপরিষদ শপথ না করায় জুলাই গাদ্দার হিসেবে আর্ত্মপ্রকাশ করলো BNP,গনপরিষদ শপথ না করায় জুলাই গাদ্দার হিসেবে আর্ত্মপ্রকাশ করলো bnp,0,0.46945242566031326
3 After Forming Government,3_after_forming_government,1139,সকারি,সকারি,0,0.2
3 After Forming Government,3_after_forming_government,1140,সরকারি,সরকারি,1,0.5990076382777507
3 After Forming Government,3_after_forming_government,1141,সংসদীয় দলের প্রথম সভায় সিদ্ধান্ত হয়েছে —,সংসদীয় দলের প্রথম সভায় সিদ্ধান্ত হয়েছে,4,0.5487793426768601
3 After Forming Government,3_after_forming_government,1142,বিএনপির কোনো সম্মানিত সংসদ সদস্য ডিউটি-ফ্রি গাড়ি গ্রহণ করবেন না।,বিএনপির কোনো সম্মানিত সংসদ সদস্য ডিউটি ফ্রি গাড়ি গ্রহণ করবেন না,2,0.4717507984883048
3 After Forming Government,3_after_forming_government,1143,সরকারি বরাদ্দে কোনো প্লট গ্রহণ করবেন না।,সরকারি বরাদ্দে কোনো প্লট গ্রহণ করবেন না,1,0.35533030134169735
3 After Forming Government,3_after_forming_government,1144,"★তারেক রহমান পরিবর্তন এর জন্য এসেছেন, এ ঘুনেধরা সমাজ বদলাতে এসেছেন।",তারেক রহমান পরিবর্তন এর জন্য এসেছেন এ ঘুনেধরা সমাজ বদলাতে এসেছেন,4,0.8660828297332859
3 After Forming Government,3_after_forming_government,1145,যেরকম চান্দাবাজি করে এগুলো না নিলেও চলবে,যেরকম চান্দাবাজি করে এগুলো না নিলেও চলবে,1,0.799298313586507
3 After Forming Government,3_after_forming_government,1146,Alhamdulillah,alhamdulillah,3,0.5999749533002969
3 After Forming Government,3_after_forming_government,1147,এই সিদ্ধান্ত নুরুল হক নুর মানছে নি?,এই সিদ্ধান্ত নুরুল হক নুর মানছে নি,0,0.537483265099225
3 After Forming Government,3_after_forming_government,1148,আহা পরান্ডা বাচাইলা। দেশ গিলে খাবে,আহা পরান্ডা বাচাইলা দেশ গিলে খাবে,2,0.5480529448085539
3 After Forming Government,3_after_forming_government,1149,জামাতের কপি,জামাতের কপি,3,0.7311811054544519
3 After Forming Government,3_after_forming_government,1150,এর জন্য জামাত দায়ী,এর জন্য জামাত দায়ী,1,0.5969382877695065
3 After Forming Government,3_after_forming_government,1151,"নাটক বাজ চোর,র দল",নাটক বাজ চোর র দল,1,0.8378122598604328
3 After Forming Government,3_after_forming_government,1152,dekha jabe .oti vokti chorer lokkhon,dekha jabe oti vokti chorer lokkhon,3,0.5999812823421972
3 After Forming Government,3_after_forming_government,1153,জামাত শিবির এনসিপির একটা রাজনৈতিক পতন,জামাত শিবির এনসিপির একটা রাজনৈতিক পতন,4,0.8348080689747877
3 After Forming Government,3_after_forming_government,1154,"মাধার্বোড এটা বলছে জামায়াতের সদস্য রা, আর তোরা এটা বিএমপি বলে চালিয়ে দিছত,দালালের বাচ্চারা,পা চাটা চাটি আবার শুরু করছত",মাধার্বোড এটা বলছে জামায়াতের সদস্য রা আর তোরা এটা বিএমপি বলে চালিয়ে দিছত দালালের বাচ্চারা পা চাটা চাটি আবার শুরু করছত,0,0.9410481195709357
3 After Forming Government,3_after_forming_government,1155,হালার বাটবাপ,হালার বাটবাপ,0,0.2
3 After Forming Government,3_after_forming_government,1156,চান্দাবাজ,চান্দাবাজ,0,0.2
3 After Forming Government,3_after_forming_government,1157,আলহামদুলিল্লাহ্,আলহামদুলিল্লাহ্,2,0.5999989241498305
3 After Forming Government,3_after_forming_government,1158,তাহলে আরো বেশি চুরি করবে,তাহলে আরো বেশি চুরি করবে,1,0.8383387530658664
3 After Forming Government,3_after_forming_government,1159,প্রধানমন্ত্রী - লন্ডন |,প্রধানমন্ত্রী লন্ডন,4,0.599998792655581
3 After Forming Government,3_after_forming_government,1160,স্বরাষ্ট্র - ভারত | পররাষ্ট্র - আমেরিকা |,স্বরাষ্ট্র ভারত পররাষ্ট্র আমেরিকা,0,0.2
3 After Forming Government,3_after_forming_government,1161,| সুষম বন্টন |,সুষম বন্টন,0,0.2
3 After Forming Government,3_after_forming_government,1162,আল্লাহ পাক তারেক রহমান কে,আল্লাহ পাক তারেক রহমান কে,4,0.8386610445947845
3 After Forming Government,3_after_forming_government,1163,রাষ্ট্রীয় মর্যাদা ও সম্মান রাখার,রাষ্ট্রীয় মর্যাদা ও সম্মান রাখার,0,0.4001241680669569
3 After Forming Government,3_after_forming_government,1164,তৌফিক দান করুক।,তৌফিক দান করুক,3,0.7968537076185401
3 After Forming Government,3_after_forming_government,1165,"“ভোটের সময় নেতা, ভোটের পর শাসক—এটাই রাজনীতির মুখোশ”।",ভোটের সময় নেতা ভোটের পর শাসক এটাই রাজনীতির মুখোশ,4,0.649292694339337
3 After Forming Government,3_after_forming_government,1166,বেগম খালেদা জিয়া রাষ্ট্রপতি জিয়াউর রহমানের আল্লাহ যেন উনাদেরকে দান করে আমিন,বেগম খালেদা জিয়া রাষ্ট্রপতি জিয়াউর রহমানের আল্লাহ যেন উনাদেরকে দান করে আমিন,3,0.6996845111103833
3 After Forming Government,3_after_forming_government,1167,"আলহামদুলিল্লাহ, দেশ এগিয়ে নিবেন তারেক রহমান,",আলহামদুলিল্লাহ দেশ এগিয়ে নিবেন তারেক রহমান,4,0.4363787648463921
3 After Forming Government,3_after_forming_government,1168,রাব্বির হাম হুমা কামা রাব্বা ইয়ানি সাগিরা।,রাব্বির হাম হুমা কামা রাব্বা ইয়ানি সাগিরা,0,0.2
3 After Forming Government,3_after_forming_government,1169,সেদিনই না করলো আজ আবারও,সেদিনই না করলো আজ আবারও,0,0.5484740862255897
3 After Forming Government,3_after_forming_government,1170,মহান আল্লাহ তাদের জান্নাতবাসী করুক,মহান আল্লাহ তাদের জান্নাতবাসী করুক,0,0.7984907042631209
3 After Forming Government,3_after_forming_government,1171,যারা তাদের প্রতিশ্রুতি ভংগ করে তাদের কি বলে ?,যারা তাদের প্রতিশ্রুতি ভংগ করে তাদের কি বলে,3,0.7977063914634182
3 After Forming Government,3_after_forming_government,1172,"জুলাই সনদের অংগীকার নামাতে এখনো তাদের স্বাক্ষর রয়ে গেছে । যেখানে তারা ওয়াদা করেছিল, হ্যা ভোট জয়যুক্ত হলে, সংস্কার বাস্তবায়ন করা হবে। গনভোটে মোট ভোটার সংখ্যা ছিল ৭ কোটি, হ্যাঁ ভোটের সংখ্যা চার কোটি ৮০ লাখ । ৬৮% মার্জিনে ""হ্যা"" জয়যুক্ত হয়েছে ।",জুলাই সনদের অংগীকার নামাতে এখনো তাদের স্বাক্ষর রয়ে গেছে যেখানে তারা ওয়াদা করেছিল হ্যা ভোট জয়যুক্ত হলে সংস্কার বাস্তবায়ন করা হবে গনভোটে মোট ভোটার সংখ্যা ছিল কোটি হ্যাঁ ভোটের সংখ্যা চার কোটি লাখ মার্জিনে হ্যা জয়যুক্ত হয়েছে,4,0.7049830172159508
3 After Forming Government,3_after_forming_government,1173,"গনভোট অধ্যাদেশ আইন অনুযায়ীই এটা ১৮০ দিনের মাঝে বাস্তবায়ন করতে হবে । এটাই ছিল ওয়াদা । আমি এখনো বিশ্বাস রাখতে চাই, সরকার তার ওয়াদা রাখবে ।",গনভোট অধ্যাদেশ আইন অনুযায়ীই এটা দিনের মাঝে বাস্তবায়ন করতে হবে এটাই ছিল ওয়াদা আমি এখনো বিশ্বাস রাখতে চাই সরকার তার ওয়াদা রাখবে,4,0.4920269430876013
3 After Forming Government,3_after_forming_government,1174,"Dear BNP, Don't Betray Bangladesh . Give us a clean and accountable system. History will remember you.",dear bnp don t betray bangladesh give us a clean and accountable system history will remember you,2,0.8850970319961133
3 After Forming Government,3_after_forming_government,1175,দেশ বাঁশির দোয়া যেন আল্লাহ জনাব তারেক রহমান কে রাষ্ট্রের সম্মান মযাদা রাখতে পারে সেই তৌফিক দিও। এই দোয়া করি এবং উনার বাবা মায়ের সম্মান রাখতে পারে।,দেশ বাঁশির দোয়া যেন আল্লাহ জনাব তারেক রহমান কে রাষ্ট্রের সম্মান মযাদা রাখতে পারে সেই তৌফিক দিও এই দোয়া করি এবং উনার বাবা মায়ের সম্মান রাখতে পারে,4,0.9574631136801985
3 After Forming Government,3_after_forming_government,1176,জুলাই না কিছুই হতো না,জুলাই না কিছুই হতো না,1,0.5649199320505701
3 After Forming Government,3_after_forming_government,1177,দেশ নায়ক তারেক রহমানের মনের বাসনা পূর্ণ করুক সবার আগে বাংলাদেশ,দেশ নায়ক তারেক রহমানের মনের বাসনা পূর্ণ করুক সবার আগে বাংলাদেশ,4,0.8996504728961058
3 After Forming Government,3_after_forming_government,1178,Ekhon amra ki korbo,ekhon amra ki korbo,1,0.7261135023566145
3 After Forming Government,3_after_forming_government,1179,মহিলারা কি কবর জিয়ারত করতে পারে?,মহিলারা কি কবর জিয়ারত করতে পারে,4,0.5986773203989725
3 After Forming Government,3_after_forming_government,1180,So ki koram?,so ki koram,3,0.5966473512906011
3 After Forming Government,3_after_forming_government,1181,ফেমেলি।কাট্।দেবেনআামার।নাম।সাজাহান।সরকার আমার।মোবাইল নামবার ০১৩০৩৯৩৪৭৫৮,ফেমেলি কাট্ দেবেনআামার নাম সাজাহান সরকার আমার মোবাইল নামবার,2,0.7325192468630792
3 After Forming Government,3_after_forming_government,1182,আলহামদুলিল্লাহ,আলহামদুলিল্লাহ,2,0.5999989241498305
3 After Forming Government,3_after_forming_government,1183,বিরোধীদল মুনাকিফরা নাকি শপথ নিবে না...!,বিরোধীদল মুনাকিফরা নাকি শপথ নিবে না,2,0.5475153280181705
3 After Forming Government,3_after_forming_government,1184,পাকিস্থান চলে যাবে নাকি?,পাকিস্থান চলে যাবে নাকি,1,0.7987615615055069
3 After Forming Government,3_after_forming_government,1185,কোকো আজ নেই বলে তার মেয়েদেরকে কেউ মূল্যায়ন করতেছে না ওনারা তিনজন সব জায়গায় থাকে কিন্তু দুইটা মেয়েরে দেখা যায়,কোকো আজ নেই বলে তার মেয়েদেরকে কেউ মূল্যায়ন করতেছে না ওনারা তিনজন সব জায়গায় থাকে কিন্তু দুইটা মেয়েরে দেখা যায়,2,0.8981218223655234
3 After Forming Government,3_after_forming_government,1186,আলহামদুলিল্লাহ আল্লাহ নেক হায়াত দান করুন আমিন সুম্মা আমিন।,আলহামদুলিল্লাহ আল্লাহ নেক হায়াত দান করুন আমিন সুম্মা আমিন,0,0.6766606958401669
3 After Forming Government,3_after_forming_government,1187,আগামী ১৮ ফেব্রুয়ারি ১ম তারাবি এবং ১৯ ফেব্রুয়ারি ১ম রোজা।,আগামী ফেব্রুয়ারি ম তারাবি এবং ফেব্রুয়ারি ম রোজা,0,0.7301895379989378
3 After Forming Government,3_after_forming_government,1188,আলহামদুলিল্লাহ।,আলহামদুলিল্লাহ,2,0.5999989241498305
3 After Forming Government,3_after_forming_government,1189,Allahummaa Amin,allahummaa amin,0,0.2
3 After Forming Government,3_after_forming_government,1190,Benomro Sroddha,benomro sroddha,0,0.2
3 After Forming Government,3_after_forming_government,1191,Ameen,ameen,2,0.5999876498854559
3 After Forming Government,3_after_forming_government,1192,আল্লাহ ওয়াস্তে রোযায় ইফতার সেহেরীর জন্য সাহায্য করেন।বৃদ্ধ বাবা মা সহ আমরা সবাই রোযা থাকি।আল্লাহ কসম ঘরে চালও নাই শুধু ভাত খেয়ে রোযা রাখার।দয়া করেন ভাই মিথ্যা বললে আল্লাহ যেন আপনাদের পাপ আমার মাথায় দেয় আর আমার নেক আমল আপনাদের দেয়। ভাই আপনারত রোযায় দান সদকাহ করেন আল্লাহ ওয়াস্তে আমা বাবা মা কে ইফতার সেহির করাবেন।,আল্লাহ ওয়াস্তে রোযায় ইফতার সেহেরীর জন্য সাহায্য করেন বৃদ্ধ বাবা মা সহ আমরা সবাই রোযা থাকি আল্লাহ কসম ঘরে চালও নাই শুধু ভাত খেয়ে রোযা রাখার দয়া করেন ভাই মিথ্যা বললে আল্লাহ যেন আপনাদের পাপ আমার মাথায় দেয় আর আমার নেক আমল আপনাদের দেয় ভাই আপনারত রোযায় দান সদকাহ করেন আল্লাহ ওয়াস্তে আমা বাবা মা কে ইফতার সেহির করাবেন,0,0.9816918815318624
3 After Forming Government,3_after_forming_government,1193,বিকাশ ও নগদ নাম্বার 01731825118,বিকাশ ও নগদ নাম্বার,1,0.7328229178489227
3 After Forming Government,3_after_forming_government,1194,সারাজিবন কৃতক্ষ থাকব ভাই।এক্সিটেন্ডে আমার এক পা কাটা আরেক পায় রড ভরা কোন কাজ করতে পারিনা।আমি আপনাদের কাছে সাহায্য না চাইলে রাস্তায় গিয়ে হাত পাততে হবে চক্ষু লজ্জায় তাও পারিনা। বৃদ্ধ বাবা মা ও বাচ্চাদের কষ্ট আর কান্না আর সইতে পারিনা। ভাই দান সদকাহ যাকাত হলেও ভাই হিসাবে সাহায্য করেন।,সারাজিবন কৃতক্ষ থাকব ভাই এক্সিটেন্ডে আমার এক পা কাটা আরেক পায় রড ভরা কোন কাজ করতে পারিনা আমি আপনাদের কাছে সাহায্য না চাইলে রাস্তায় গিয়ে হাত পাততে হবে চক্ষু লজ্জায় তাও পারিনা বৃদ্ধ বাবা মা ও বাচ্চাদের কষ্ট আর কান্না আর সইতে পারিনা ভাই দান সদকাহ যাকাত হলেও ভাই হিসাবে সাহায্য করেন,3,0.606465035834093
3 After Forming Government,3_after_forming_government,1195,Amiin Amiin,amiin amiin,0,0.2
3 After Forming Government,3_after_forming_government,1196,Ameen Summa Ameen,ameen summa ameen,2,0.7333261770533078
3 After Forming Government,3_after_forming_government,1197,যোগ্য বাবা মায়ের যোগ্য সন্তান,যোগ্য বাবা মায়ের যোগ্য সন্তান,4,0.8652825282515016
3 After Forming Government,3_after_forming_government,1198,আল্লাহ জান্নাতের উঁচু মাকাম দান করুন আমিন,আল্লাহ জান্নাতের উঁচু মাকাম দান করুন আমিন,0,0.839449028803809
3 After Forming Government,3_after_forming_government,1199,নবনিযুক্ত প্রধানমন্ত্রী জনাব তারেক রহমানকে অভিনন্দন।,নবনিযুক্ত প্রধানমন্ত্রী জনাব তারেক রহমানকে অভিনন্দন,4,0.6877893146347024
3 After Forming Government,3_after_forming_government,1200,প্রধানমন্ত্রী তারেক রহমান বাবা শহীদ রাষ্ট্রপতি জিয়াউর রহমান ও মা সাবেক প্রধানমন্ত্রী বেগম খালেদা জিয়ার কবর জিয়ারত করেছেন। মঙ্গলবার (১৭ ফেব্রুয়ারি) রাতে রাজধানীর শেরেবাংলা নগরে চন্দ্রিমা উদ্যানে (জিয়া উদ্যান) তিনি বাবা-মায়ের কবরের পাশে দাঁড়িয়ে সুরা পাঠ করেন এবং তাদের আত্মার মাগফিরাত কামনায় বিশেষ মোনাজাতে অংশ নেন। এ সময় তার সঙ্গে ছিলেন স্ত্রী ডা. জোবাইদা রহমান ও মেয়ে জাইমা রহমানসহ পরিবারের সদস্যরা ¹ ²।,প্রধানমন্ত্রী তারেক রহমান বাবা শহীদ রাষ্ট্রপতি জিয়াউর রহমান ও মা সাবেক প্রধানমন্ত্রী বেগম খালেদা জিয়ার কবর জিয়ারত করেছেন মঙ্গলবার ফেব্রুয়ারি রাতে রাজধানীর শেরেবাংলা নগরে চন্দ্রিমা উদ্যানে জিয়া উদ্যান তিনি বাবা মায়ের কবরের পাশে দাঁড়িয়ে সুরা পাঠ করেন এবং তাদের আত্মার মাগফিরাত কামনায় বিশেষ মোনাজাতে অংশ নেন এ সময় তার সঙ্গে ছিলেন স্ত্রী ডা জোবাইদা রহমান ও মেয়ে জাইমা রহমানসহ পরিবারের সদস্যরা,4,0.9745917816175886
3 After Forming Government,3_after_forming_government,1201,এই অনুষ্ঠানের আগে বিকালে জাতীয় সংসদ ভবনের দক্ষিণ প্লাজায় আয়োজিত অনুষ্ঠানে প্রধানমন্ত্রী হিসেবে শপথ নেন বিএনপি চেয়ারম্যান তারেক রহমান,এই অনুষ্ঠানের আগে বিকালে জাতীয় সংসদ ভবনের দক্ষিণ প্লাজায় আয়োজিত অনুষ্ঠানে প্রধানমন্ত্রী হিসেবে শপথ নেন বিএনপি চেয়ারম্যান তারেক রহমান,4,0.6160079983249885
3 After Forming Government,3_after_forming_government,1202,দোয়া ও শুভকামনা রইল আল্লাহ তায়ালা সাহায্য করবেন।,দোয়া ও শুভকামনা রইল আল্লাহ তায়ালা সাহায্য করবেন,3,0.882548427572324
3 After Forming Government,3_after_forming_government,1203,বাবা মা যেমন ছিলো আপনি তেমন থাকবেন এই আশা করি।,বাবা মা যেমন ছিলো আপনি তেমন থাকবেন এই আশা করি,0,0.5188935067055767
3 After Forming Government,3_after_forming_government,1204,আপনার বাবার মতো এখনো কোনো লোক দেখি নাই আমার জীবনে,আপনার বাবার মতো এখনো কোনো লোক দেখি নাই আমার জীবনে,2,0.7229961022592292
3 After Forming Government,3_after_forming_government,1205,আসসালামু আলাইকুম ইয়া আহলাল কববুর,আসসালামু আলাইকুম ইয়া আহলাল কববুর,2,0.7333277313167383
3 After Forming Government,3_after_forming_government,1206,সালাউদ্দিন নসিহত করতেছে,সালাউদ্দিন নসিহত করতেছে,4,0.7318303727788152
3 After Forming Government,3_after_forming_government,1207,আমিন আমিন,আমিন আমিন,0,0.7333312171087341
3 After Forming Government,3_after_forming_government,1208,দোয়াতো সব বের হয়ে যাচ্ছে।,দোয়াতো সব বের হয়ে যাচ্ছে,1,0.7971826164474258
3 After Forming Government,3_after_forming_government,1209,আলহামদুলিল্লাহ সুবহানাল্লাহ,আলহামদুলিল্লাহ সুবহানাল্লাহ,2,0.7313572903303229
3 After Forming Government,3_after_forming_government,1210,"May Almighty Allah Grant both of them Jannatul Ferdous, Ameen.",may almighty allah grant both of them jannatul ferdous ameen,2,0.5505819960928435
3 After Forming Government,3_after_forming_government,1211,Mash allah,mash allah,4,0.5999850451988363
3 After Forming Government,3_after_forming_government,1212,Ameen .,ameen,2,0.5999876498854559
3 After Forming Government,3_after_forming_government,1213,ফি আমানিল্লাহ,ফি আমানিল্লাহ,0,0.2
3 After Forming Government,3_after_forming_government,1214,মাশাআল্লাহ,মাশাআল্লাহ,2,0.599992206053805
3 After Forming Government,3_after_forming_government,1215,"আল্লাহ দেশনেত্রী মরহুমা বেগম খালেদা জিয়াকে জান্নাতুল ফেরদৌস দান করুন, আমীন।",আল্লাহ দেশনেত্রী মরহুমা বেগম খালেদা জিয়াকে জান্নাতুল ফেরদৌস দান করুন আমীন,0,0.4817455874588718
3 After Forming Government,3_after_forming_government,1216,আল্লাহ কবুল করুক আমিন,আল্লাহ কবুল করুক আমিন,0,0.8392018149295959
3 After Forming Government,3_after_forming_government,1217,", আলহামদুলিল্লাহ",আলহামদুলিল্লাহ,2,0.5999989241498305
3 After Forming Government,3_after_forming_government,1218,"আলহামদুলিল্লাহ্,,",আলহামদুলিল্লাহ্,2,0.5999989241498305
3 After Forming Government,3_after_forming_government,1219,ভাগা মায়ের সন্তান যে লেখলেন কথাটা সঠিক বলেন নাই কারণ বাঘ একটি পশু উনি হচ্ছেন সাহসী বাবার ও মায়ের সন্তান বাঘা মায়ের সন্তান না সরি বলে পোস্ট করবেন,ভাগা মায়ের সন্তান যে লেখলেন কথাটা সঠিক বলেন নাই কারণ বাঘ একটি পশু উনি হচ্ছেন সাহসী বাবার ও মায়ের সন্তান বাঘা মায়ের সন্তান না সরি বলে পোস্ট করবেন,4,0.5787274907616609
3 After Forming Government,3_after_forming_government,1220,চুড়ি করা টাকা দিয়ে মেহয়কে ব্যারিস্টার বানাইছে. দেশের ভবিষৎ অন্ধকার.,চুড়ি করা টাকা দিয়ে মেহয়কে ব্যারিস্টার বানাইছে দেশের ভবিষৎ অন্ধকার,4,0.5501520683631242
3 After Forming Government,3_after_forming_government,1221,অপ্রধান তান্ত্রি,অপ্রধান তান্ত্রি,0,0.2
3 After Forming Government,3_after_forming_government,1222,আপনার মা বাবা র জন্য দুয়া করি,আপনার মা বাবা র জন্য দুয়া করি,0,0.5083086911903776
3 After Forming Government,3_after_forming_government,1223,কিন্ত জুলাই কারণে মায়ের জানাজা পড়তে পারছেন,কিন্ত জুলাই কারণে মায়ের জানাজা পড়তে পারছেন,0,0.8385690343238895
3 After Forming Government,3_after_forming_government,1224,সেই কথা ভুলে গেলে চলবেনা,সেই কথা ভুলে গেলে চলবেনা,0,0.7960825742310669
3 After Forming Government,3_after_forming_government,1226,মাননীয়,মাননীয়,4,0.5999950797828438
3 After Forming Government,3_after_forming_government,1227,(বিএনপি চেয়ারম্যান ও গণপ্রজাতন্ত্রী বাংলাদেশ সরকারের প্রধানমন্ত্রী জনাব তারেক রহমান মহোদয়),বিএনপি চেয়ারম্যান ও গণপ্রজাতন্ত্রী বাংলাদেশ সরকারের প্রধানমন্ত্রী জনাব তারেক রহমান মহোদয়,4,0.6843858244037087
3 After Forming Government,3_after_forming_government,1228,আমি সেলিম পলোয়ান গ্রীস প্রবাসী বিখত ৩২বছর দরে,আমি সেলিম পলোয়ান গ্রীস প্রবাসী বিখত বছর দরে,2,0.5028104040943302
3 After Forming Government,3_after_forming_government,1229,র্বীর বিক্রম হত্যার বি চারের দাবীতে সরকারি দপ্তরে দপ্তরে বিক্রম: পরিবার,র্বীর বিক্রম হত্যার বি চারের দাবীতে সরকারি দপ্তরে দপ্তরে বিক্রম পরিবার,1,0.45710131866017717
3 After Forming Government,3_after_forming_government,1230,"নিজস্ব প্রতিবেদক: পাকিস্তানি হানাদার বাহিনীর সঙ্গে তুমুল লড়াই চালিয়ে ৩০ লক্ষ শহীদের রক্তের বিনিময় অর্জিত স্বাধীন বাংলায় ন্যায় বিচার is বঞ্চিত হয়েছে খেতাব প্রাপ্ত বীর বিক্রম বীরমুক্তিযোদ্ধার পরিবার। ঐতিহাসিক নোয়াখালী জেলার বীর বিক্রম বীর মুক্তিযোদ্ধা আব্দুল হামিদের ক্রয়কৃত জমি অবৈধ দখল কারীদের হাত থেকে বৈধদখল পাওয়ার চেষ্টা করায়, বীর বিক্রমের উপর সন্ত্রাসী হামলা চালায় স্থানীয় কুলাঙ্গার চেয়ারম্যান বাহিনী।",নিজস্ব প্রতিবেদক পাকিস্তানি হানাদার বাহিনীর সঙ্গে তুমুল লড়াই চালিয়ে লক্ষ শহীদের রক্তের বিনিময় অর্জিত স্বাধীন বাংলায় ন্যায় বিচার is বঞ্চিত হয়েছে খেতাব প্রাপ্ত বীর বিক্রম বীরমুক্তিযোদ্ধার পরিবার ঐতিহাসিক নোয়াখালী জেলার বীর বিক্রম বীর মুক্তিযোদ্ধা আব্দুল হামিদের ক্রয়কৃত জমি অবৈধ দখল কারীদের হাত থেকে বৈধদখল পাওয়ার চেষ্টা করায় বীর বিক্রমের উপর সন্ত্রাসী হামলা চালায় স্থানীয় কুলাঙ্গার চেয়ারম্যান বাহিনী,2,0.9710272323152711
3 After Forming Government,3_after_forming_government,1231,৯ মাস যুদ্ধ চালিয়ে যে সকল বীর মুক্তিযোদ্ধা বীর বিক্রম পাকিস্তানি হানাদার বাহিনীর সঙ্গে যুদ্ধ চালিয়ে পশ্চিম বাংলার মানুষকে উপহার দিলো স্বাধীন বাংলা। সেই বাংলার মাটিতে রক্ত ঝড়ে বীর বিক্রম আব্দুল হামিদ।,মাস যুদ্ধ চালিয়ে যে সকল বীর মুক্তিযোদ্ধা বীর বিক্রম পাকিস্তানি হানাদার বাহিনীর সঙ্গে যুদ্ধ চালিয়ে পশ্চিম বাংলার মানুষকে উপহার দিলো স্বাধীন বাংলা সেই বাংলার মাটিতে রক্ত ঝড়ে বীর বিক্রম আব্দুল হামিদ,2,0.46191749729190384
3 After Forming Government,3_after_forming_government,1232,তিনি দীর্ঘদিন চিকিৎসায় থাকা কালীন আইসিইউতে ইন্তেকাল করেন।,তিনি দীর্ঘদিন চিকিৎসায় থাকা কালীন আইসিইউতে ইন্তেকাল করেন,3,0.7294609941586099
3 After Forming Government,3_after_forming_government,1233,"তিনি ইন্তেকালের স্থানীয় চেয়ারম্যান সন্থাস বাহিনীকে চাঁদা না দেওয়ার কারনে মারধর করে নোয়াখালী ১ আসেন এমপি ইব্রাহিম উপজেলার ১নং ইউনিয়ন পরিষদের চেয়ারম্যান গোলাম হায়দার কাজল। এছাড়াও ফরিদ পিতা মৃত মকবুল আহম্মেদ, জাহাঙ্গীর বিক্রি পিতা আব্দুল মান্নান, হাবিব পিতা অজ্ঞাতসহ আরো কয়েক জন সন্ত্রাসী মিলে, বীর বিক্রম আব্দুল হালিমরে ক্রয়কৃত দোকান অবৈধ দখল করেন।",তিনি ইন্তেকালের স্থানীয় চেয়ারম্যান সন্থাস বাহিনীকে চাঁদা না দেওয়ার কারনে মারধর করে নোয়াখালী আসেন এমপি ইব্রাহিম উপজেলার নং ইউনিয়ন পরিষদের চেয়ারম্যান গোলাম হায়দার কাজল এছাড়াও ফরিদ পিতা মৃত মকবুল আহম্মেদ জাহাঙ্গীর বিক্রি পিতা আব্দুল মান্নান হাবিব পিতা অজ্ঞাতসহ আরো কয়েক জন সন্ত্রাসী মিলে বীর বিক্রম আব্দুল হালিমরে ক্রয়কৃত দোকান অবৈধ দখল করেন,2,0.9698813041315915
3 After Forming Government,3_after_forming_government,1234,"এমনকি পৈতৃক সম্পত্তিও দখল করার জন্য বীর বিক্রমকে বাড়ি হতে কয়েক টন রড-সহ বেশ কিছু নির্মাণ কাজের মালামাল উল্লেখ্য চেয়ারম্যান বাহিনী নিয়ে যায়। এছাড়াও জানাযায়,",এমনকি পৈতৃক সম্পত্তিও দখল করার জন্য বীর বিক্রমকে বাড়ি হতে কয়েক টন রড সহ বেশ কিছু নির্মাণ কাজের মালামাল উল্লেখ্য চেয়ারম্যান বাহিনী নিয়ে যায় এছাড়াও জানাযায়,2,0.9420481668960342
3 After Forming Government,3_after_forming_government,1235,বীর বিক্রম পুত্র পালোয়ান সেলিমসহ তার পরিবারকে একাধিক জীবন নাশের হুমকি প্রদান করে।,বীর বিক্রম পুত্র পালোয়ান সেলিমসহ তার পরিবারকে একাধিক জীবন নাশের হুমকি প্রদান করে,2,0.8847697694075839
3 After Forming Government,3_after_forming_government,1236,জীবনের ভয়ে পালোয়ান সেলিম পৈতৃক সম্পত্তি ও ক্রয়কৃত দোকান ফেলে গ্রীসে প্রবাস জীবন বেচে নেন।,জীবনের ভয়ে পালোয়ান সেলিম পৈতৃক সম্পত্তি ও ক্রয়কৃত দোকান ফেলে গ্রীসে প্রবাস জীবন বেচে নেন,2,0.9194827637505303
3 After Forming Government,3_after_forming_government,1237,পালোয়ান সেলিম গ্রীস থেকে দেশে ফিরে বীরপ্রতীক বীর মুক্তিযোদ্ধা আব্দুল হালিম হত্যার বিচারের জন্য ও সচিবালয়ে লিখিত অভিযোগ দায়ের করেন।,পালোয়ান সেলিম গ্রীস থেকে দেশে ফিরে বীরপ্রতীক বীর মুক্তিযোদ্ধা আব্দুল হালিম হত্যার বিচারের জন্য ও সচিবালয়ে লিখিত অভিযোগ দায়ের করেন,2,0.6352535339205063
3 After Forming Government,3_after_forming_government,1238,"অভিযোগের আলোকে আজ পর্যন্ত প্রাধানমন্ত্রী, মন্ত্রী, সচিবালয়, পুলিশ হেডকোয়াটার্স কোন পদক্ষেপ গ্রহণ করেনি বলে জানাযায়। অভিযোগ সূত্রে বীর বিক্রম হামিদের পুত্র পালোয়ান সেলিম।বিচার না পাওয়ার কষ্টে পালোয়ান সেলিম, গণমাধ্যম কর্মী বিদ্রোহী কবি নীরব হাওলাদারকে জানান। তাছাড়া ও বলেন আমার পিতা বীর বিক্রম বীর মুক্তিযোদ্ধা I হালিম হত্যাকারী আমার পিতার ক্রয়কৃত আমি আমার দোকান ঘর পিরট পাই ও আমার বাবার সঠিক ভাতা ওবামার পাই আপনাকে ধন্যবাদ",অভিযোগের আলোকে আজ পর্যন্ত প্রাধানমন্ত্রী মন্ত্রী সচিবালয় পুলিশ হেডকোয়াটার্স কোন পদক্ষেপ গ্রহণ করেনি বলে জানাযায় অভিযোগ সূত্রে বীর বিক্রম হামিদের পুত্র পালোয়ান সেলিম বিচার না পাওয়ার কষ্টে পালোয়ান সেলিম গণমাধ্যম কর্মী বিদ্রোহী কবি নীরব হাওলাদারকে জানান তাছাড়া ও বলেন আমার পিতা বীর বিক্রম বীর মুক্তিযোদ্ধা i হালিম হত্যাকারী আমার পিতার ক্রয়কৃত আমি আমার দোকান ঘর পিরট পাই ও আমার বাবার সঠিক ভাতা ওবামার পাই আপনাকে ধন্যবাদ,2,0.7263343242966122
3 After Forming Government,3_after_forming_government,1239,আলহামদুলিল্লাহ ।,আলহামদুলিল্লাহ,2,0.5999989241498305
3 After Forming Government,3_after_forming_government,1240,ভাই আপনারত রোযায় দান সদকাহ করেন আল্লাহ ওয়াস্তে আমার বাবা মার রোযা থাকা জন্য ইফতার সেহিরর সাহায্য করেন। বৃদ্ধ বাবা মা সহ সকলেই রোযা থাকি।আল্লাহ কসম ঘরে চালও নাই শুধু ভাত খেয়ে রোযা রাখার।দয়া করেন ভাই মিথ্যা বললে আল্লাহ যেন আপনাদের পাপ আমার মাথায় দেয় আর আমার নেক আমল আপনাদের দেয়।,ভাই আপনারত রোযায় দান সদকাহ করেন আল্লাহ ওয়াস্তে আমার বাবা মার রোযা থাকা জন্য ইফতার সেহিরর সাহায্য করেন বৃদ্ধ বাবা মা সহ সকলেই রোযা থাকি আল্লাহ কসম ঘরে চালও নাই শুধু ভাত খেয়ে রোযা রাখার দয়া করেন ভাই মিথ্যা বললে আল্লাহ যেন আপনাদের পাপ আমার মাথায় দেয় আর আমার নেক আমল আপনাদের দেয়,0,0.98080962702171
3 After Forming Government,3_after_forming_government,1241,মহিলারাও,মহিলারাও,0,0.2
3 After Forming Government,3_after_forming_government,1242,খাম্বা তারেক ওনার নামের সাথে এটাই মানায়,খাম্বা তারেক ওনার নামের সাথে এটাই মানায়,4,0.6998193979855214
3 After Forming Government,3_after_forming_government,1243,আমিন আমিন আমিন আমিন,আমিন আমিন আমিন আমিন,0,0.8399988386286736
3 After Forming Government,3_after_forming_government,1244,বেপর্দায় কবর জিয়ারত করা কি ভালো,বেপর্দায় কবর জিয়ারত করা কি ভালো,4,0.7982426908976659
3 After Forming Government,3_after_forming_government,1245,"প্রধান মনএী পেয়ে র, এর খপ্পরে পরে বাবা মা কে অপমান করো না।",প্রধান মনএী পেয়ে র এর খপ্পরে পরে বাবা মা কে অপমান করো না,0,0.5917061009936622
3 After Forming Government,3_after_forming_government,1246,জিয়াউর রহমান এবং খালেদা জিয়ার নামটা মাটির সাথে মিশিয়ে দিবেন না হাসিনার মতো।,জিয়াউর রহমান এবং খালেদা জিয়ার নামটা মাটির সাথে মিশিয়ে দিবেন না হাসিনার মতো,2,0.46270226922603
3 After Forming Government,3_after_forming_government,1247,যে লোক মায়ের কথা শুনেনা জিয়ারত করে কেন,যে লোক মায়ের কথা শুনেনা জিয়ারত করে কেন,4,0.5489717778840496
3 After Forming Government,3_after_forming_government,1248,বাবা মায়ের অযোগ্য সন্তান,বাবা মায়ের অযোগ্য সন্তান,4,0.7958918270339647
3 After Forming Government,3_after_forming_government,1249,মা-বাবার কবর জিয়ারতের মাধ্যমে প্রধানমন্ত্রীর দায়িত্ব পালন শুরু করলেন তারেক রহমান,মা বাবার কবর জিয়ারতের মাধ্যমে প্রধানমন্ত্রীর দায়িত্ব পালন শুরু করলেন তারেক রহমান,4,0.6915912844724101
3 After Forming Government,3_after_forming_government,1250,"শপথের মাধ্যমে বিএনপি জাতিকে এটাই বুঝিয়ে দিল যে, আওয়ামী লীগ বা বিএনপি যত অপরাধ কিংবা গণহ*ত্যাই করুক না কেন, দেশের রাজনীতির নেতৃত্ব শুধু তাদের হাতেই থাকবে।",শপথের মাধ্যমে বিএনপি জাতিকে এটাই বুঝিয়ে দিল যে আওয়ামী লীগ বা বিএনপি যত অপরাধ কিংবা গণহ ত্যাই করুক না কেন দেশের রাজনীতির নেতৃত্ব শুধু তাদের হাতেই থাকবে,4,0.5794669329161691
3 After Forming Government,3_after_forming_government,1251,Areh chuppu smile dicchen rare case,areh chuppu smile dicchen rare case,0,0.2
3 After Forming Government,3_after_forming_government,1252,"রাষ্ট্রপতি সাহাবুদ্দিন চুপ্পু যাদেরকে শপথ পড়িয়েছেন, তাদের কেউই দেড় বছরের বেশী সময় ক্ষমতায় থাকতে পারে নাই",রাষ্ট্রপতি সাহাবুদ্দিন চুপ্পু যাদেরকে শপথ পড়িয়েছেন তাদের কেউই দেড় বছরের বেশী সময় ক্ষমতায় থাকতে পারে নাই,2,0.5001534588414417
3 After Forming Government,3_after_forming_government,1253,এমনি বললাম আর কি,এমনি বললাম আর কি,4,0.5981990726562869
3 After Forming Government,3_after_forming_government,1254,কি জানি কি হয়ে যায় বুঝাই মুশকিল,কি জানি কি হয়ে যায় বুঝাই মুশকিল,3,0.5481775713079216
3 After Forming Government,3_after_forming_government,1255,মনে হচ্ছে ত্রিকেট খেলার শেষে দিল্লি বনাম কলকাতা নাইট-রাইটাস হাত মিলাচ্ছে।,মনে হচ্ছে ত্রিকেট খেলার শেষে দিল্লি বনাম কলকাতা নাইট রাইটাস হাত মিলাচ্ছে,1,0.7984795436258536
3 After Forming Government,3_after_forming_government,1256,রাষ্ট্রপতি খুশি ওনি চেয়েছিলেন স্বাধীনতার পক্ষের বিজয়,রাষ্ট্রপতি খুশি ওনি চেয়েছিলেন স্বাধীনতার পক্ষের বিজয়,3,0.8817452925811569
3 After Forming Government,3_after_forming_government,1257,যে হেরে গিয়েও কোটি মানুষের হৃদয় জিতেছে তার নামই ডা:শফিকুর রহমান,যে হেরে গিয়েও কোটি মানুষের হৃদয় জিতেছে তার নামই ডা শফিকুর রহমান,4,0.8395028800601054
3 After Forming Government,3_after_forming_government,1258,ভাইরে সুতরাং উদ্দীপকের গুরুত্ব অপরিসীম এই লাইন না লিখলে নাম্বারও কাটতো,ভাইরে সুতরাং উদ্দীপকের গুরুত্ব অপরিসীম এই লাইন না লিখলে নাম্বারও কাটতো,0,0.7323316288396262
3 After Forming Government,3_after_forming_government,1259,স্বাধীনতার পক্ষের লোক হয়ে কাজ করবে এটা বলা যায় ।,স্বাধীনতার পক্ষের লোক হয়ে কাজ করবে এটা বলা যায়,3,0.8846146437158061
3 After Forming Government,3_after_forming_government,1260,উনি তখন কি বলছিলেন?,উনি তখন কি বলছিলেন,2,0.5999937820876126
3 After Forming Government,3_after_forming_government,1261,অনেক কষ্ট করে হাসিটা দিছে।,অনেক কষ্ট করে হাসিটা দিছে,0,0.4632477653771204
3 After Forming Government,3_after_forming_government,1262,দেকে কোব ভালো লাগলো,দেকে কোব ভালো লাগলো,2,0.732188484239063
3 After Forming Government,3_after_forming_government,1263,এই মুচকি হাসির রহস্য কি?,এই মুচকি হাসির রহস্য কি,0,0.2
3 After Forming Government,3_after_forming_government,1264,আমিও হাত মিলাবো,আমিও হাত মিলাবো,1,0.7321739435661273
3 After Forming Government,3_after_forming_government,1265,"Congratulations, good luck in your journey, be a strong national hero like your parents",congratulations good luck in your journey be a strong national hero like your parents,2,0.7982956336729048
3 After Forming Government,3_after_forming_government,1266,জয় বাংলা,জয় বাংলা,0,0.7333299812440617
3 After Forming Government,3_after_forming_government,1267,Nice and Attractive,nice and attractive,2,0.7333286479260798
3 After Forming Government,3_after_forming_government,1268,Joy Bangla,joy bangla,0,0.2
3 After Forming Government,3_after_forming_government,1269,"স্বাগতম প্রধানমন্ত্রীকে,,,দলীয় প্রধান কে হবে যা আছে বর্তমান সংবিধানে।",স্বাগতম প্রধানমন্ত্রীকে দলীয় প্রধান কে হবে যা আছে বর্তমান সংবিধানে,2,0.46211934512080943
3 After Forming Government,3_after_forming_government,1270,"রমজান উপলক্ষ করে আমাদের গুরুত্বপূর্ণ জীবনকে সুন্দরভাবে সাজাতে হবে—কারণ এই মাস শুধু রোজা রাখার নয়, বরং আত্মশুদ্ধি, ধৈর্য ও পরিবর্তনের মাস।",রমজান উপলক্ষ করে আমাদের গুরুত্বপূর্ণ জীবনকে সুন্দরভাবে সাজাতে হবে কারণ এই মাস শুধু রোজা রাখার নয় বরং আত্মশুদ্ধি ধৈর্য ও পরিবর্তনের মাস,0,0.591496909541684
3 After Forming Government,3_after_forming_government,1271,পবিত্র রমজান আমাদের শিখায়—,পবিত্র রমজান আমাদের শিখায়,3,0.7309699831924578
3 After Forming Government,3_after_forming_government,1272,নিজের ভুলগুলো সংশোধন করতে,নিজের ভুলগুলো সংশোধন করতে,1,0.7959428585438245
3 After Forming Government,3_after_forming_government,1273,"মিথ্যা, হিংসা ও অহংকার থেকে দূরে থাকতে",মিথ্যা হিংসা ও অহংকার থেকে দূরে থাকতে,1,0.7984348274052796
3 After Forming Government,3_after_forming_government,1274,"নামাজ, কোরআন তিলাওয়াত ও দোয়ায় বেশি মনোযোগ দিতে",নামাজ কোরআন তিলাওয়াত ও দোয়ায় বেশি মনোযোগ দিতে,1,0.7311495027365068
3 After Forming Government,3_after_forming_government,1275,গরিব ও অসহায় মানুষের পাশে দাঁড়াতে,গরিব ও অসহায় মানুষের পাশে দাঁড়াতে,3,0.7990571511738871
3 After Forming Government,3_after_forming_government,1276,এই মাসে যদি আমরা—,এই মাসে যদি আমরা,4,0.5970055573802822
3 After Forming Government,3_after_forming_government,1277,খারাপ অভ্যাস ত্যাগ করি,খারাপ অভ্যাস ত্যাগ করি,4,0.4000765588340293
3 After Forming Government,3_after_forming_government,1278,সময়ের মূল্য বুঝি,সময়ের মূল্য বুঝি,3,0.7985444963796662
3 After Forming Government,3_after_forming_government,1279,বাবা-মা ও পরিবারের প্রতি দায়িত্বশীল হই,বাবা মা ও পরিবারের প্রতি দায়িত্বশীল হই,2,0.5018090506801259
3 After Forming Government,3_after_forming_government,1280,মানুষের সাথে ভালো ব্যবহার করি,মানুষের সাথে ভালো ব্যবহার করি,4,0.8386990200131144
3 After Forming Government,3_after_forming_government,1281,তাহলে রমজান আমাদের জীবনের মোড় ঘুরিয়ে দিতে পারে।,তাহলে রমজান আমাদের জীবনের মোড় ঘুরিয়ে দিতে পারে,4,0.8644630317270502
3 After Forming Government,3_after_forming_government,1282,"আসুন, এই রমজানে আমরা শুধু ক্ষুধা সহ্য না করে—",আসুন এই রমজানে আমরা শুধু ক্ষুধা সহ্য না করে,4,0.7973052212184
3 After Forming Government,3_after_forming_government,1283,"আমাদের মন, চরিত্র ও জীবনকে সুন্দরভাবে গড়ে তুলি।",আমাদের মন চরিত্র ও জীবনকে সুন্দরভাবে গড়ে তুলি,3,0.839131641094754
3 After Forming Government,3_after_forming_government,1284,আল্লাহ আমাদের সবাইকে হেদায়েত ও তাওফিক দান করুন। আমিন।,আল্লাহ আমাদের সবাইকে হেদায়েত ও তাওফিক দান করুন আমিন,0,0.8660143877304353
3 After Forming Government,3_after_forming_government,1285,এনার হাত থেকে শপথ নিয়েন না কারণ এর হাত থেকে যেই শপথ নিছে কেউ দেড় বছরের বেশি রাষ্ট্র ক্ষমতা থাকতে পারে নাই,এনার হাত থেকে শপথ নিয়েন না কারণ এর হাত থেকে যেই শপথ নিছে কেউ দেড় বছরের বেশি রাষ্ট্র ক্ষমতা থাকতে পারে নাই,1,0.4871245561654844
3 After Forming Government,3_after_forming_government,1286,"(না বলা মনের কথা) পরে আমারে কিছু বইলেন না দয়া করে, শেষ বয়সটা নিরিবিলি কাটিয়ে যেন যেতে পারি, প্লিজ...",না বলা মনের কথা পরে আমারে কিছু বইলেন না দয়া করে শেষ বয়সটা নিরিবিলি কাটিয়ে যেন যেতে পারি প্লিজ,4,0.5062885686166079
3 After Forming Government,3_after_forming_government,1287,Er age 2 bar dffrnt govt ke uni shopoth poriyechen...tader.meyad 7 month & 1.5 years er besi kuntu hoy ni,er age bar dffrnt govt ke uni shopoth poriyechen tader meyad month years er besi kuntu hoy ni,0,0.8659283276375519
3 After Forming Government,3_after_forming_government,1288,হাসতাছে আবার কবে শপথ পরাবেন এটার জন্য,হাসতাছে আবার কবে শপথ পরাবেন এটার জন্য,2,0.7964733485901014
3 After Forming Government,3_after_forming_government,1289,খবরদার তারেক ভাই এর ইতিহাস কিন্তু ভালা না সে শুধু শপথই পড়ায়।,খবরদার তারেক ভাই এর ইতিহাস কিন্তু ভালা না সে শুধু শপথই পড়ায়,4,0.5510618554462862
3 After Forming Government,3_after_forming_government,1290,এতো কষ্ট কষ্ট লাগে কেন অন্তরে.. যেন কান্নার কবিতা,এতো কষ্ট কষ্ট লাগে কেন অন্তরে যেন কান্নার কবিতা,1,0.8661829900743422
3 After Forming Government,3_after_forming_government,1291,Congratulations,congratulations,2,0.5995796246233722
3 After Forming Government,3_after_forming_government,1292,বাংলাদেশে এরপর থেকে কোনো মেয়ে প্রধানমন্ত্রী হবে না।যা হবে পুরুষ।,বাংলাদেশে এরপর থেকে কোনো মেয়ে প্রধানমন্ত্রী হবে না যা হবে পুরুষ,1,0.325385410915442
3 After Forming Government,3_after_forming_government,1293,নোয়াখালী বেগমগঞ্জ বরকতুল্লা বুলুকে মন্ত্রী হিসেবে দেখতে চায় বেগমগঞ্জ বাঁশি,নোয়াখালী বেগমগঞ্জ বরকতুল্লা বুলুকে মন্ত্রী হিসেবে দেখতে চায় বেগমগঞ্জ বাঁশি,3,0.8386893766189084
3 After Forming Government,3_after_forming_government,1294,অভিনন্দন,অভিনন্দন,3,0.5999952012518878
3 After Forming Government,3_after_forming_government,1295,জনম গেলো শপথ পড়াইতে পড়াইতে ...,জনম গেলো শপথ পড়াইতে পড়াইতে,2,0.40014511621596494
3 After Forming Government,3_after_forming_government,1296,কাম সারছে....,কাম সারছে,0,0.2
3 After Forming Government,3_after_forming_government,1297,গত ২ বারের কথা মনে পড়ে গেলো....!,গত বারের কথা মনে পড়ে গেলো,1,0.7956681265001844
3 After Forming Government,3_after_forming_government,1298,আমার মনে হয় বলেছে একাত্তরের চেতনা বুকে ধারণ করে দেশকে এগিয়ে নিয়ে যেতে হবে।,আমার মনে হয় বলেছে একাত্তরের চেতনা বুকে ধারণ করে দেশকে এগিয়ে নিয়ে যেতে হবে,0,0.554212743741037
3 After Forming Government,3_after_forming_government,1299,শুভ কামনা,শুভ কামনা,2,0.7333288366327114
3 After Forming Government,3_after_forming_government,1300,"এইটা রাজনৈতিক শিষ্টাচার। সময়, স্থান, কাল পাত্র ভেদে প্রতিপক্ষের সাথে হাত মেলাতে হয়। এইটা পশ্চিমারা মেনে চলে দেখে ওরা উন্নত আর আমরা মানি না দেখেই আমাদের দেশে এতো এতো আগুন সন্ত্রাস, খুন আর রাহাজানি।",এইটা রাজনৈতিক শিষ্টাচার সময় স্থান কাল পাত্র ভেদে প্রতিপক্ষের সাথে হাত মেলাতে হয় এইটা পশ্চিমারা মেনে চলে দেখে ওরা উন্নত আর আমরা মানি না দেখেই আমাদের দেশে এতো এতো আগুন সন্ত্রাস খুন আর রাহাজানি,1,0.6982366760168071
3 After Forming Government,3_after_forming_government,1301,শপথ ভিডিও-,শপথ ভিডিও,2,0.7318840454468369
3 After Forming Government,3_after_forming_government,1302,মহামান্য রাষ্ট্রপতি শেষ পর্যন্ত সফল হলেন।,মহামান্য রাষ্ট্রপতি শেষ পর্যন্ত সফল হলেন,4,0.7983526722128306
3 After Forming Government,3_after_forming_government,1303,আলহামদুলিল্লাহ। আমরা ১৮ কোটি মানুষ দেখতে চাই দুর্নীতিমুক্ত বাংলাদেশ।,আলহামদুলিল্লাহ আমরা কোটি মানুষ দেখতে চাই দুর্নীতিমুক্ত বাংলাদেশ,4,0.41809776870269233
3 After Forming Government,3_after_forming_government,1304,বাংলাদেশে কি রাষ্ট্রপতি জীবিত আছে?,বাংলাদেশে কি রাষ্ট্রপতি জীবিত আছে,3,0.7317561476218606
3 After Forming Government,3_after_forming_government,1305,Chuppu,chuppu,0,0.2
3 After Forming Government,3_after_forming_government,1306,তুতো গেয়া বেটা মেয়াদ বছর দেড় বছর,তুতো গেয়া বেটা মেয়াদ বছর দেড় বছর,2,0.6756325428652245
3 After Forming Government,3_after_forming_government,1307,চুপ্পু বিএনপি তে যোগ দিলো,চুপ্পু বিএনপি তে যোগ দিলো,0,0.7979668783167181
3 After Forming Government,3_after_forming_government,1308,আবার আগষ্টে দেখা হবে,আবার আগষ্টে দেখা হবে,1,0.7321434848637836
3 After Forming Government,3_after_forming_government,1309,ভাই দয়া করেন।আল্লাহর কসম বয়স্ক বাবা মা ছোট ২ বাচ্চা নিয়া না খেয়ে আছি আমার বাসায় কোন খাবার নাই। ভাই মিথ্যা বললে আল্লাহ যেন আপনাদের পাপ আমার মাথায় দেয় আর আমার নেক আমল আপনাদের দিব তবুও আল্লাহ ওয়াস্তে আমাকে সাহায্য দিন।,ভাই দয়া করেন আল্লাহর কসম বয়স্ক বাবা মা ছোট বাচ্চা নিয়া না খেয়ে আছি আমার বাসায় কোন খাবার নাই ভাই মিথ্যা বললে আল্লাহ যেন আপনাদের পাপ আমার মাথায় দেয় আর আমার নেক আমল আপনাদের দিব তবুও আল্লাহ ওয়াস্তে আমাকে সাহায্য দিন,0,0.9739764249472604
3 After Forming Government,3_after_forming_government,1310,আর চাটিশ না,আর চাটিশ না,0,0.2
3 After Forming Government,3_after_forming_government,1311,কেনযে হাতটাকে ময়লা করলেন,কেনযে হাতটাকে ময়লা করলেন,0,0.7323929451687005
3 After Forming Government,3_after_forming_government,1312,@highlight,highlight,0,0.5990228177276944
3 After Forming Government,3_after_forming_government,1313,আলহামদুলিল্লাহ,আলহামদুলিল্লাহ,2,0.5999989241498305
3 After Forming Government,3_after_forming_government,1314,আগে মনে হয় পা মেলাতেন,আগে মনে হয় পা মেলাতেন,1,0.7324843862940681
3 After Forming Government,3_after_forming_government,1315,খুশি মনে হাত মেলালেন তো ?,খুশি মনে হাত মেলালেন তো,1,0.7987108280116078
3 After Forming Government,3_after_forming_government,1316,রাষ্ট্রপতির মুখে হাসি অনেক দিন পর,রাষ্ট্রপতির মুখে হাসি অনেক দিন পর,2,0.6038726358428012
3 After Forming Government,3_after_forming_government,1317,সংবিধান অনুযায়ী আমার প্রধানমন্ত্রী তো শেখ হাসিনা,সংবিধান অনুযায়ী আমার প্রধানমন্ত্রী তো শেখ হাসিনা,4,0.8662297595175664
3 After Forming Government,3_after_forming_government,1318,তারেক রহমান কোন সংবিধান অনুযায়ী প্রধানমন্ত্রী হয়েছেন?,তারেক রহমান কোন সংবিধান অনুযায়ী প্রধানমন্ত্রী হয়েছেন,4,0.899508574762929
3 After Forming Government,3_after_forming_government,1319,Thanks,thanks,0,0.5999888578207814
3 After Forming Government,3_after_forming_government,1320,সালাম শুভেচ্ছা ও অভিনন্দন।।,সালাম শুভেচ্ছা ও অভিনন্দন,3,0.4004868960408265
3 After Forming Government,3_after_forming_government,1321,ও মোর খোদা!!! খালা ! দেখতেছেন এটা কি হইতে আছে!,ও মোর খোদা খালা দেখতেছেন এটা কি হইতে আছে,1,0.5999731303159042
3 After Forming Government,3_after_forming_government,1322,রাষ্ট্র পতি স্যারকে অসংখ্য ধন্যবাদ,রাষ্ট্র পতি স্যারকে অসংখ্য ধন্যবাদ,3,0.7269806033878564
3 After Forming Government,3_after_forming_government,1323,চপ্পুর মুখে হাসি,চপ্পুর মুখে হাসি,2,0.7284379074430469
3 After Forming Government,3_after_forming_government,1324,বুকে পাথর চাপা,বুকে পাথর চাপা,0,0.733113877298065
3 After Forming Government,3_after_forming_government,1325,"আলহামদুলিল্লাহ, সবার আগে বাংলাদেশ",আলহামদুলিল্লাহ সবার আগে বাংলাদেশ,2,0.4000358272524459
3 After Forming Government,3_after_forming_government,1326,nice and attractive,nice and attractive,2,0.7333286479260798
3 After Forming Government,3_after_forming_government,1327,চুপ্পুর সাথে দেখা করা মানে তারেকের ভবিষ্যৎ অন্ধকার,চুপ্পুর সাথে দেখা করা মানে তারেকের ভবিষ্যৎ অন্ধকার,2,0.6956441496429626
3 After Forming Government,3_after_forming_government,1328,কেমন ফিল করছো খু'নি হাসিনা?,কেমন ফিল করছো খু নি হাসিনা,0,0.40000282654985486
3 After Forming Government,3_after_forming_government,1329,"এই আমড়া কাঠের ঢেঁকি অকর্মা ভোদাইকে রাষ্ট্রপতি হিসেবে রেখে দেন, নিশ্চিন্তায় থাকুন।",এই আমড়া কাঠের ঢেঁকি অকর্মা ভোদাইকে রাষ্ট্রপতি হিসেবে রেখে দেন নিশ্চিন্তায় থাকুন,4,0.865043966047981
3 After Forming Government,3_after_forming_government,1330,হালায় একটা কুফা দেখা যাক এই প্রধানমন্ত্রী কতদিন লাস্টিং করে ।,হালায় একটা কুফা দেখা যাক এই প্রধানমন্ত্রী কতদিন লাস্টিং করে,1,0.4391487233538077
3 After Forming Government,3_after_forming_government,1331,আলহামদুলিল্লাহ।,আলহামদুলিল্লাহ,2,0.5999989241498305
3 After Forming Government,3_after_forming_government,1332,যে জুলুম করেছেন এখন রাষ্ট্রপতির বাসভবন ছেড়ে সোজা জেল হাজতে চলে যান,যে জুলুম করেছেন এখন রাষ্ট্রপতির বাসভবন ছেড়ে সোজা জেল হাজতে চলে যান,0,0.567208790996674
3 After Forming Government,3_after_forming_government,1333,মাননীয় প্রধানমন্ত্রী তারেক রহমান আপনি হাত ভালো করে সাবান দিয়ে ধুয়ে নিয়েন,মাননীয় প্রধানমন্ত্রী তারেক রহমান আপনি হাত ভালো করে সাবান দিয়ে ধুয়ে নিয়েন,4,0.7663578486026881
3 After Forming Government,3_after_forming_government,1334,Asad Haidari কথা কিন্তু খারাপ বলেননি ভাই,asad haidari কথা কিন্তু খারাপ বলেননি ভাই,1,0.7309532034716001
3 After Forming Government,3_after_forming_government,1335,Muhammad Alal আপনার নেত্রীর দুটা পালিত বেইমান আছে,muhammad alal আপনার নেত্রীর দুটা পালিত বেইমান আছে,3,0.5986577816800351
3 After Forming Government,3_after_forming_government,1336,হাসিনার সাথে গাদ্দারি করেছে,হাসিনার সাথে গাদ্দারি করেছে,2,0.3999984470248987
3 After Forming Government,3_after_forming_government,1337,"Asad Haidari গাদ্দারের বিচার ভয়াবহ হওয়া উচিত ভাই, কিন্তু এ গাদ্দারের সাথে হাত মিলানো টা মোটেও ঠিক করেনি, জনাব তারেক রহমান ভাই",asad haidari গাদ্দারের বিচার ভয়াবহ হওয়া উচিত ভাই কিন্তু এ গাদ্দারের সাথে হাত মিলানো টা মোটেও ঠিক করেনি জনাব তারেক রহমান ভাই,4,0.9421943471104073
3 After Forming Government,3_after_forming_government,1338,আজ রাতের মধ্যে,আজ রাতের মধ্যে,0,0.7303891277894476
3 After Forming Government,3_after_forming_government,1339,১১ কি.মি খাল খনন ও,কি মি খাল খনন ও,1,0.598559664896296
3 After Forming Government,3_after_forming_government,1340,২ লাখ ৭৩ হাজার গাছ লাগানোর কথা!,লাখ হাজার গাছ লাগানোর কথা,4,0.5466035202119659
3 After Forming Government,3_after_forming_government,1341,PMO এখন ফেসবুক পেজ থেকে ইনকাম শুরু করবে নাকি,pmo এখন ফেসবুক পেজ থেকে ইনকাম শুরু করবে নাকি,4,0.3917801294670444
3 After Forming Government,3_after_forming_government,1342,"বলেছিলাম না চিৎকার করে ইতিহাস বদলে দেবে,",বলেছিলাম না চিৎকার করে ইতিহাস বদলে দেবে,4,0.7305471112318392
3 After Forming Government,3_after_forming_government,1343,"নৌকা দিল্লিতে,জামাত পাকিস্তানে,ধানের শীষ দাড়িয়ে আছে মাতৃভূমির কল্যানে",নৌকা দিল্লিতে জামাত পাকিস্তানে ধানের শীষ দাড়িয়ে আছে মাতৃভূমির কল্যানে,0,0.5095951677710602
3 After Forming Government,3_after_forming_government,1344,মাননীয় প্রধানমন্ত্রী,মাননীয় প্রধানমন্ত্রী,4,0.7333315522297156
3 After Forming Government,3_after_forming_government,1345,"জানিনা আমার এই লেখা আপনার কাছে যাবে কিনা বাংলাদেশের প্রধান সমস্যা হইছে গ্রামে কর্মসংস্থানের অভাব আর এই অভাবের মূল কারণ চাঁদাবাজি রাজনৈতিক নামধারী উপর থেকে নিজ পর্যন্ত সবাই জড়িত থাকে যাহার কারণে সবাই শহরমুখী বসবাস করতে চায় নিরুপায় হয়ে, কারণ গ্রামে কোন কিছু করতে চাইলে চাঁদাবাজির কারণে করতে পারে না,এলাকার রাজনৈতিক নামধারী নেতারা বাধা দেয়, তাই কেউ সাহস পায় না গ্রামে কর্মসংস্থান তৈরি করতে, মাদক নিয়ন্ত্রণ এবং সকলের জন্য সুশাসন করতে পারলে গ্রামে কর্মসংস্থান এবং উন্নয়ন ঘটবে, শহীদ জিয়াউর রহমানের আদর্শ ছিল গ্রাম বাঁচলে দেশ বাঁচবে গ্রামের মূল সমস্যা চাঁদাবাজি হয়রানি প্রতিশোধ মূলক আচরণ",জানিনা আমার এই লেখা আপনার কাছে যাবে কিনা বাংলাদেশের প্রধান সমস্যা হইছে গ্রামে কর্মসংস্থানের অভাব আর এই অভাবের মূল কারণ চাঁদাবাজি রাজনৈতিক নামধারী উপর থেকে নিজ পর্যন্ত সবাই জড়িত থাকে যাহার কারণে সবাই শহরমুখী বসবাস করতে চায় নিরুপায় হয়ে কারণ গ্রামে কোন কিছু করতে চাইলে চাঁদাবাজির কারণে করতে পারে না এলাকার রাজনৈতিক নামধারী নেতারা বাধা দেয় তাই কেউ সাহস পায় না গ্রামে কর্মসংস্থান তৈরি করতে মাদক নিয়ন্ত্রণ এবং সকলের জন্য সুশাসন করতে পারলে গ্রামে কর্মসংস্থান এবং উন্নয়ন ঘটবে শহীদ জিয়াউর রহমানের আদর্শ ছিল গ্রাম বাঁচলে দেশ বাঁচবে গ্রামের মূল সমস্যা চাঁদাবাজি হয়রানি প্রতিশোধ মূলক আচরণ,1,0.7524803008215483
3 After Forming Government,3_after_forming_government,1346,"দেশ আজ আনন্দে ভাসছে, যোগ্য প্রধানমন্ত্রী পেয়েছে বাংলাদেশ",দেশ আজ আনন্দে ভাসছে যোগ্য প্রধানমন্ত্রী পেয়েছে বাংলাদেশ,4,0.8661712479797751
3 After Forming Government,3_after_forming_government,1347,ধীরে ধীরে বুঝেশুনে এগিয়ে যান।,ধীরে ধীরে বুঝেশুনে এগিয়ে যান,0,0.8381893988213152
3 After Forming Government,3_after_forming_government,1348,তাহলে আপনি লম্বা সময় কিছু দিতে পারবেন।,তাহলে আপনি লম্বা সময় কিছু দিতে পারবেন,4,0.5880603360793567
3 After Forming Government,3_after_forming_government,1349,এই চ্যালেঞ্জ মোকাবিলা জন্য এক্ষুনি অগ্রাধিকার দিতে হবে ;,এই চ্যালেঞ্জ মোকাবিলা জন্য এক্ষুনি অগ্রাধিকার দিতে হবে,4,0.7300052030957462
3 After Forming Government,3_after_forming_government,1350,"১. নিস্তেজ ও নুয়ে পড়া রপ্তানি খাতকে চাঙা করা,",নিস্তেজ ও নুয়ে পড়া রপ্তানি খাতকে চাঙা করা,0,0.599982884282286
3 After Forming Government,3_after_forming_government,1351,"২. বন্ধ ও মুখ থুবড়ে পড়া রপ্তানি মুখী শিল্প গুলোকে রাষ্ট্রীয় পৃষ্ঠপোষকতায় দ্রুত চালু করতে হবে,",বন্ধ ও মুখ থুবড়ে পড়া রপ্তানি মুখী শিল্প গুলোকে রাষ্ট্রীয় পৃষ্ঠপোষকতায় দ্রুত চালু করতে হবে,1,0.5337390742812043
3 After Forming Government,3_after_forming_government,1352,৩. রপ্তানি বহুমুখী করণ সহ নতুন বাজর খুঁজা ও বিদ্যমান রপ্তানি প্রণোদনাকে যৌক্তিক পর্যায়ে রাখা।,রপ্তানি বহুমুখী করণ সহ নতুন বাজর খুঁজা ও বিদ্যমান রপ্তানি প্রণোদনাকে যৌক্তিক পর্যায়ে রাখা,0,0.8831632900303542
3 After Forming Government,3_after_forming_government,1353,"৪. বিলাসবহুল ভোগপণ্য আমদানিতে লাগাম টানা,",বিলাসবহুল ভোগপণ্য আমদানিতে লাগাম টানা,0,0.2
3 After Forming Government,3_after_forming_government,1354,৫. ব্যাংকিং খাতে সুশাসন নিশ্চিত করে বিনিয়োগ বান্ধব করা।,ব্যাংকিং খাতে সুশাসন নিশ্চিত করে বিনিয়োগ বান্ধব করা,2,0.7310768940209103
3 After Forming Government,3_after_forming_government,1355,"৬. ব্যাংকিং খাত থেকে সরকারের ঋণ কাঙ্খিত পর্যায়ে নামিয়ে আনা,",ব্যাংকিং খাত থেকে সরকারের ঋণ কাঙ্খিত পর্যায়ে নামিয়ে আনা,2,0.7983940966083773
3 After Forming Government,3_after_forming_government,1356,"৭. অগ্রাধিকার ও বিশ্ব বাজারের চাহিদার সাথে সামঞ্জস্য রেখে শিল্পায়ন,",অগ্রাধিকার ও বিশ্ব বাজারের চাহিদার সাথে সামঞ্জস্য রেখে শিল্পায়ন,4,0.6399752382363573
3 After Forming Government,3_after_forming_government,1357,"৮. মূলধনী যন্ত্রপাতি আমদানিতে নীতি সহায়তা,",মূলধনী যন্ত্রপাতি আমদানিতে নীতি সহায়তা,0,0.2
3 After Forming Government,3_after_forming_government,1358,"৯. অবকাঠামো উন্নয়ন ও নিরবিচ্ছিন্ন গ্যাস ও বিদ্যুৎ প্রবাহ নিশ্চিত করা,",অবকাঠামো উন্নয়ন ও নিরবিচ্ছিন্ন গ্যাস ও বিদ্যুৎ প্রবাহ নিশ্চিত করা,2,0.4399133558741919
3 After Forming Government,3_after_forming_government,1359,"১০. প্রবাসী রেমিট্যান্স আরও বৃদ্ধির লক্ষ্যে উপযুক্ত, দক্ষ ও প্রশিক্ষণ প্রাপ্ত শ্রমগোষ্ঠী তৈরি করতে হবে।।",প্রবাসী রেমিট্যান্স আরও বৃদ্ধির লক্ষ্যে উপযুক্ত দক্ষ ও প্রশিক্ষণ প্রাপ্ত শ্রমগোষ্ঠী তৈরি করতে হবে,1,0.7995748134509661
3 After Forming Government,3_after_forming_government,1360,১১. নিস্তেজ বিদেশি দূতাবাস ও মিশন গুলোতে ট্রেড বেইসড ডিপ্লোম্যাসি প্রণয়ন।,নিস্তেজ বিদেশি দূতাবাস ও মিশন গুলোতে ট্রেড বেইসড ডিপ্লোম্যাসি প্রণয়ন,0,0.2
3 After Forming Government,3_after_forming_government,1361,১২. সর্বোপরি Good Governance বা সুশাসন নিশ্চিত করতে হবে।,সর্বোপরি good governance বা সুশাসন নিশ্চিত করতে হবে,1,0.5397460994417584
3 After Forming Government,3_after_forming_government,1362,ফলশ্রুতিতে যখন বৈদেশিক বাণিজ্যে একটা ভারসাম্য আসবে এবং রিজার্ভ শক্তিশালী হবে সরকারের আয় বৃদ্ধি পাবে তখন বৈদেশিক ঋণের কিস্তি পরিশোধ সহজতর হবে। ইনশাআল্লাহ।,ফলশ্রুতিতে যখন বৈদেশিক বাণিজ্যে একটা ভারসাম্য আসবে এবং রিজার্ভ শক্তিশালী হবে সরকারের আয় বৃদ্ধি পাবে তখন বৈদেশিক ঋণের কিস্তি পরিশোধ সহজতর হবে ইনশাআল্লাহ,4,0.4989270185335823
3 After Forming Government,3_after_forming_government,1363,"Before, everyone thought Donald Trump would listen only to India, but Mr. Khalilur and the interim government proved that wrong.",before everyone thought donald trump would listen only to india but mr khalilur and the interim government proved that wrong,2,0.8399978485122678
3 After Forming Government,3_after_forming_government,1364,He is a suitable person to handle someone like Donald Trump—he has already proven it.,he is a suitable person to handle someone like donald trump he has already proven it,2,0.866663936326805
3 After Forming Government,3_after_forming_government,1365,He is a very experienced diplomat in our country.,he is a very experienced diplomat in our country,2,0.8395954699249322
3 After Forming Government,3_after_forming_government,1366,"Bangladesh has a huge population and the second-largest economy in South Asia, so United States / European Union will no longer view Bangladesh through India’s lens. They will now see it with their own eyes, because there is huge potential here for their agricultural and technological products.",bangladesh has a huge population and the second largest economy in south asia so united states european union will no longer view bangladesh through india s lens they will now see it with their own eyes because there is huge potential here for their agricultural and technological products,2,0.9428203758090372
3 After Forming Government,3_after_forming_government,1367,"It’s a great opportunity for Bangladesh. We need to use it properly and maintain good relationships with all countries, including China, Russia, the United States, the European Union, India, Pakistan, and the Middle East.",it s a great opportunity for bangladesh we need to use it properly and maintain good relationships with all countries including china russia the united states the european union india pakistan and the middle east,2,0.9465779564778931
3 After Forming Government,3_after_forming_government,1368,Also need to explore our new market in South America and ASEAN countries.,also need to explore our new market in south america and asean countries,2,0.6408513063801256
3 After Forming Government,3_after_forming_government,1369,মাননীয় শিক্ষামন্ত্রী,মাননীয় শিক্ষামন্ত্রী,4,0.5999950797828438
3 After Forming Government,3_after_forming_government,1370,রমজানের পবিত্রতা ও রোজা সুষ্ঠুভাবে রাখার জন্য,রমজানের পবিত্রতা ও রোজা সুষ্ঠুভাবে রাখার জন্য,0,0.7994641680029616
3 After Forming Government,3_after_forming_government,1371,"মাধ্যমিক বিদ্যালয়ে রমজানের ছুটি বহাল রেখে দৃষ্টান্ত স্হাপন করবেন,, ইনশাআল্লাহ",মাধ্যমিক বিদ্যালয়ে রমজানের ছুটি বহাল রেখে দৃষ্টান্ত স্হাপন করবেন ইনশাআল্লাহ,4,0.8391154486337747
3 After Forming Government,3_after_forming_government,1372,ফেক আইডির অভাব নাই এখন অরজিনালটাই খুঁজে পেলাম না,ফেক আইডির অভাব নাই এখন অরজিনালটাই খুঁজে পেলাম না,3,0.8370683703708491
3 After Forming Government,3_after_forming_government,1373,দয়া করে প্রবাসীদের উপর তাদের পরিবারের উপর জুলুম নির্যাতন বন্ধের একটা ব্যবস্থা নেই প্লিজ,দয়া করে প্রবাসীদের উপর তাদের পরিবারের উপর জুলুম নির্যাতন বন্ধের একটা ব্যবস্থা নেই প্লিজ,2,0.5332979808921295
3 After Forming Government,3_after_forming_government,1374,আলহামদুলিল্লাহ মনে হচ্ছে আমারা একজন ভালো মানুষ। এবং একজন ভালো প্রধানমন্ত্রী পেয়েছি।,আলহামদুলিল্লাহ মনে হচ্ছে আমারা একজন ভালো মানুষ এবং একজন ভালো প্রধানমন্ত্রী পেয়েছি,4,0.391642157050552
3 After Forming Government,3_after_forming_government,1375,ভালো লাগার নতুন দেশ হবে বাংলাদেশ ইনশাআল্লাহ,ভালো লাগার নতুন দেশ হবে বাংলাদেশ ইনশাআল্লাহ,4,0.8657037063886014
3 After Forming Government,3_after_forming_government,1376,"চাঁদা বাজ, সন্ত্রাস, দুর্নীতি, দ্রব্য মুল নিয়ন্ত্রণে আনাই সরকারের প্রধান কাজ। যা দৃশ্য মান হওয়া সমযের দাবি।",চাঁদা বাজ সন্ত্রাস দুর্নীতি দ্রব্য মুল নিয়ন্ত্রণে আনাই সরকারের প্রধান কাজ যা দৃশ্য মান হওয়া সমযের দাবি,1,0.5720647112415094
3 After Forming Government,3_after_forming_government,1377,দরকার নাই,দরকার নাই,4,0.4227863873214193
3 After Forming Government,3_after_forming_government,1378,আসসালামু আলাইকুম নতুন প্রধানমন্ত্রী জনাব তারেক রহমানকে জানাই ফুলেল শুভেচছা,আসসালামু আলাইকুম নতুন প্রধানমন্ত্রী জনাব তারেক রহমানকে জানাই ফুলেল শুভেচছা,4,0.6830030154639263
3 After Forming Government,3_after_forming_government,1379,আসলামোয়াকুম আমরা চাই আপনার মাধ্যমে নতুন স্বপ্ন দেখতে আসা করি আপনি স্বপ্ন বাস্তবায়ন করবেন।,আসলামোয়াকুম আমরা চাই আপনার মাধ্যমে নতুন স্বপ্ন দেখতে আসা করি আপনি স্বপ্ন বাস্তবায়ন করবেন,4,0.7272000550185221
3 After Forming Government,3_after_forming_government,1380,টাকা ছাড়া চাকরির আপডেট আছে নাকি সেই টা বলো,টাকা ছাড়া চাকরির আপডেট আছে নাকি সেই টা বলো,4,0.6389159949276149
3 After Forming Government,3_after_forming_government,1381,আলহামদুলিল্লাহ আলহামদুলিল্লাহ আলহামদুলিল্লাহ শুকুর আলহামদুলিল্লাহ ..,আলহামদুলিল্লাহ আলহামদুলিল্লাহ আলহামদুলিল্লাহ শুকুর আলহামদুলিল্লাহ,2,0.8399996504173093
3 After Forming Government,3_after_forming_government,1382,ফলো ব্যাগ দেন,ফলো ব্যাগ দেন,3,0.3998902538075598
3 After Forming Government,3_after_forming_government,1383,রমজানে কাঁচামালের দাম আগুন দাম বাড়ছে,রমজানে কাঁচামালের দাম আগুন দাম বাড়ছে,2,0.5505593732709546
3 After Forming Government,3_after_forming_government,1384,Good job indeed,good job indeed,1,0.5986630861428258
3 After Forming Government,3_after_forming_government,1385,ভালো উদ্যোগ,ভালো উদ্যোগ,2,0.7322712852792052
3 After Forming Government,3_after_forming_government,1386,Thanks for all.aennomul potho ahjaudar ke.bansi kora karegoro aikkha den.koto taka kabe ar,thanks for all aennomul potho ahjaudar ke bansi kora karegoro aikkha den koto taka kabe ar,4,0.33950836947873503
3 After Forming Government,3_after_forming_government,1387,এই সরকারের মেয়াদ সর্বোচ্চ দুই মাস। বিপ্লবীরা আসবে বাংলাদেশ হাসবে।,এই সরকারের মেয়াদ সর্বোচ্চ দুই মাস বিপ্লবীরা আসবে বাংলাদেশ হাসবে,2,0.4953209736786556
3 After Forming Government,3_after_forming_government,1388,"যাদের রক্তের উপরে দাঁড়িয়ে এই সরকার ক্ষমতায় আসতে সক্ষম হয়েছে, তারা সর্ব প্রথম তাদের সাথে গাদ্দারি করছে।",যাদের রক্তের উপরে দাঁড়িয়ে এই সরকার ক্ষমতায় আসতে সক্ষম হয়েছে তারা সর্ব প্রথম তাদের সাথে গাদ্দারি করছে,0,0.6406262250523068
3 After Forming Government,3_after_forming_government,1389,মাননীয় প্রধানমন্ত্রী জানিনা আমার লেখাটা আপনি পান কিনা আমি বরিশাল এক নং রায় প্রসার করা পুর ইউনিয়নের ৪নম্বর ওয়ার্ডের কঠুরা কাঠি গ্রামের বাসিন্দা আমাদের গ্রামে একটি টিনের মসজিদ আছে,মাননীয় প্রধানমন্ত্রী জানিনা আমার লেখাটা আপনি পান কিনা আমি বরিশাল এক নং রায় প্রসার করা পুর ইউনিয়নের নম্বর ওয়ার্ডের কঠুরা কাঠি গ্রামের বাসিন্দা আমাদের গ্রামে একটি টিনের মসজিদ আছে,1,0.5719224422224933
3 After Forming Government,3_after_forming_government,1390,এই দেশ ওলি আওলিয়ার দেশ এই দেশে কোন চাঁদাবাজি করা দেওয়া যাবেনা এদিকে খিয়াল রাখতে হবে এবং কোন মাজার শরীফ দরবার শরীফ খানকা শরীপ,এই দেশ ওলি আওলিয়ার দেশ এই দেশে কোন চাঁদাবাজি করা দেওয়া যাবেনা এদিকে খিয়াল রাখতে হবে এবং কোন মাজার শরীফ দরবার শরীফ খানকা শরীপ,4,0.5763841341100053
3 After Forming Government,3_after_forming_government,1391,ফ জারা ভাঙছে তাদেরকে বিচার করতে হবে আর কেউ যেন ওদিকে তাকাতে না পারে এই হলো আমাদের আশা আপনার সুদৃষ্টি মনজুর হোক,ফ জারা ভাঙছে তাদেরকে বিচার করতে হবে আর কেউ যেন ওদিকে তাকাতে না পারে এই হলো আমাদের আশা আপনার সুদৃষ্টি মনজুর হোক,4,0.6053066402443134
3 After Forming Government,3_after_forming_government,1392,১০০ জন এই নামে পেজ খুলছে,জন এই নামে পেজ খুলছে,4,0.7979469399206339
3 After Forming Government,3_after_forming_government,1393,"মাননীয় প্রধানমন্ত্রী সাহেবের দৃষ্টি আকর্ষণ করছি, প্রিয় দলের ভাবমূর্তি পুনঃ উদ্ধারে এখন থেকেই চাঁদাবাজি, মাদক, সন্ত্রাস এর বিরুদ্ধে শূন্য টলারেন্স ঘোষণা করা হোক। এ দলের মধ্যে চিরদিন বেঁচে থাকুক শহীদ প্রেসিডেন্ট জিয়াউর রহমান ও দেশমাতা বেগম খালেদা জিয়া।উপদেষ্টাদের বুদ্ধি না নিয়ে নিজের বুদ্ধি মাথায় দিয়ে দেশ পরিচালনা করবেন ইনশাল্লাহ দেশ ভালো চলবে lমাননীয় প্রধান মন্ত্রী আচ্ছালামু আলাইকুম।দেশের স্থিতিশীলতা আইন শৃঙ্খলা নিরাপদ রাখতে প্রতিরক্ষা বাহিনী ও পুলিশ বাহিনীর সাথে বসুন। পুলিশের সিনিয়র অফিসারদের সাথে জুম মিটিং এ হলেও কথা বলুন।রমজান মাসের উচিলায় সকল পন্য দাম কমাতে হবে।আইনের শাসন নিশ্চিত করতে হবে। সকল প্রকার চাঁদাবাজি টেন্ডারবাজি দূর্নীতি অনিয়ম দূর করতে হবে।এই পেজ সবসময় যেন তারেক রহমান নিজে পরিচালনা করে,,, সকল জনপদের লোকজন যেন এড থাকে",মাননীয় প্রধানমন্ত্রী সাহেবের দৃষ্টি আকর্ষণ করছি প্রিয় দলের ভাবমূর্তি পুনঃ উদ্ধারে এখন থেকেই চাঁদাবাজি মাদক সন্ত্রাস এর বিরুদ্ধে শূন্য টলারেন্স ঘোষণা করা হোক এ দলের মধ্যে চিরদিন বেঁচে থাকুক শহীদ প্রেসিডেন্ট জিয়াউর রহমান ও দেশমাতা বেগম খালেদা জিয়া উপদেষ্টাদের বুদ্ধি না নিয়ে নিজের বুদ্ধি মাথায় দিয়ে দেশ পরিচালনা করবেন ইনশাল্লাহ দেশ ভালো চলবে lমাননীয় প্রধান মন্ত্রী আচ্ছালামু আলাইকুম দেশের স্থিতিশীলতা আইন শৃঙ্খলা নিরাপদ রাখতে প্রতিরক্ষা বাহিনী ও পুলিশ বাহিনীর সাথে বসুন পুলিশের সিনিয়র অফিসারদের সাথে জুম মিটিং এ হলেও কথা বলুন রমজান মাসের উচিলায় সকল পন্য দাম কমাতে হবে আইনের শাসন নিশ্চিত করতে হবে সকল প্রকার চাঁদাবাজি টেন্ডারবাজি দূর্নীতি অনিয়ম দূর করতে হবে এই পেজ সবসময় যেন তারেক রহমান নিজে পরিচালনা করে সকল জনপদের লোকজন যেন এড থাকে,3,0.5079490976997616
3 After Forming Government,3_after_forming_government,1394,তাহলে দেশের মানুষের মনের ভাষা বুঝতে পারবেন l,তাহলে দেশের মানুষের মনের ভাষা বুঝতে পারবেন l,4,0.5537683400218356
3 After Forming Government,3_after_forming_government,1395,মাননীয় প্রধানমন্ত্রী আপনার কাছে জনগণের এখন একটাই চাওয়া রমজান মাসের নিত্য প্রয়োজনীয় জিনিসের দাম ক্রয় ক্ষমতার মধ্যে রাখার জন্য বিশেষ অনুরোধ রইল। সেই জন্য যে পদক্ষেপ নেওয়া দরকার সেগুলো অবশ্যই নিবেন।দ্রব্যমূল্যের দাম এত বেশি যে মানুষের নাগালের বাইরে শসার কেজি ১৪০ টাকা দুধের কেজি ১২০ টাকা অন্যান্য প্রয়োজনীয় বাজারের মধ্যে প্রবেশ করে পুরো মাথাই নষ্ট আমার এর বিরুদ্ধে অতি শীঘ্রই ব্যবস্থা নিন ।দেশের মানুষের কল্যানের জন্য আল্লাহ আপনাকে কবুল করেছেন। আল্লাহ যেন আপনাকে সুস্থ রাখেন এবং দীর্ঘ নেক হায়াত দান করেন। আমিন,মাননীয় প্রধানমন্ত্রী আপনার কাছে জনগণের এখন একটাই চাওয়া রমজান মাসের নিত্য প্রয়োজনীয় জিনিসের দাম ক্রয় ক্ষমতার মধ্যে রাখার জন্য বিশেষ অনুরোধ রইল সেই জন্য যে পদক্ষেপ নেওয়া দরকার সেগুলো অবশ্যই নিবেন দ্রব্যমূল্যের দাম এত বেশি যে মানুষের নাগালের বাইরে শসার কেজি টাকা দুধের কেজি টাকা অন্যান্য প্রয়োজনীয় বাজারের মধ্যে প্রবেশ করে পুরো মাথাই নষ্ট আমার এর বিরুদ্ধে অতি শীঘ্রই ব্যবস্থা নিন দেশের মানুষের কল্যানের জন্য আল্লাহ আপনাকে কবুল করেছেন আল্লাহ যেন আপনাকে সুস্থ রাখেন এবং দীর্ঘ নেক হায়াত দান করেন আমিন,3,0.4705986627001321
3 After Forming Government,3_after_forming_government,1396,দূর্নীতি করবেন‌ যে সেই টার আপডেট কোথায় পাবো,দূর্নীতি করবেন যে সেই টার আপডেট কোথায় পাবো,4,0.8376847690924691
3 After Forming Government,3_after_forming_government,1397,জনাব তারেক রহমান বর্তমান প্রধানমন্ত্রী কাছ থেকে আমরা এটা আশা করিনি বাবর ভাইকে অতি দ্রুত মন্ত্রিসভায় অন্তর্ভুক্ত করার জন্য অনুরোধ জানাচ্ছি আমরা নেত্রকোনা বাসী তা না হলে আমরা আন্দোলনের মধ্যে বাধ্য হব বাবুল ভাই বিএনপির জন্য কত কষ্ট করেছে আজকে বেগম খালেদা জিয়া থাকলে অবশ্যই বাবর ভাইকে মন্ত্রিসভায় রাখতো আমরা যেন তারেক রহমানকে অনুরোধ করবো অতি দ্রুত বাবর ভাইকে মন্ত্রিসভায় অন্তর্ভুক্ত করার জন্য,জনাব তারেক রহমান বর্তমান প্রধানমন্ত্রী কাছ থেকে আমরা এটা আশা করিনি বাবর ভাইকে অতি দ্রুত মন্ত্রিসভায় অন্তর্ভুক্ত করার জন্য অনুরোধ জানাচ্ছি আমরা নেত্রকোনা বাসী তা না হলে আমরা আন্দোলনের মধ্যে বাধ্য হব বাবুল ভাই বিএনপির জন্য কত কষ্ট করেছে আজকে বেগম খালেদা জিয়া থাকলে অবশ্যই বাবর ভাইকে মন্ত্রিসভায় রাখতো আমরা যেন তারেক রহমানকে অনুরোধ করবো অতি দ্রুত বাবর ভাইকে মন্ত্রিসভায় অন্তর্ভুক্ত করার জন্য,3,0.6032797000618532
3 After Forming Government,3_after_forming_government,1398,"এটা রিয়েল,: https://www.facebook.com/share/1FD4QKBWkB/",এটা রিয়েল,0,0.5999828937872456
3 After Forming Government,3_after_forming_government,1399,ফেক পেজ আসল পেজের ফলোয়ার থেকে বেশি,ফেক পেজ আসল পেজের ফলোয়ার থেকে বেশি,4,0.46697933183187557
3 After Forming Government,3_after_forming_government,1400,সংবিধান সংশোধন না করলে,সংবিধান সংশোধন না করলে,4,0.7993971880316353
3 After Forming Government,3_after_forming_government,1401,মরহুম হাদি বলে গিয়েছিল বি এন পি মেয়াদকাল তিন বছর,মরহুম হাদি বলে গিয়েছিল বি এন পি মেয়াদকাল তিন বছর,1,0.7039926266796382
3 After Forming Government,3_after_forming_government,1402,পেইজটি ফলো করছি *,পেইজটি ফলো করছি,3,0.7333275670239394
3 After Forming Government,3_after_forming_government,1403,এখন কিতা কোন পুরস্কার পাইমু নি,এখন কিতা কোন পুরস্কার পাইমু নি,0,0.7323326081215787
3 After Forming Government,3_after_forming_government,1404,আগে এটা কও,আগে এটা কও,0,0.2
3 After Forming Government,3_after_forming_government,1405,এটাই সেই বাংলাদেশ,এটাই সেই বাংলাদেশ,4,0.7329211687596617
3 After Forming Government,3_after_forming_government,1406,লিংকটা যদি কমেন্ট বক্সে দিলে অসুবিধা হতো না,লিংকটা যদি কমেন্ট বক্সে দিলে অসুবিধা হতো না,2,0.8365654450766179
3 After Forming Government,3_after_forming_government,1407,Nusaiba-Point ﷽𝐀𝐬𝐬𝐚𝐥𝐚𝐦𝐮𝐥𝐚𝐢𝐤𝐮𝐦﷽,nusaiba point,0,0.2
3 After Forming Government,3_after_forming_government,1409,Done লিখুন,done লিখুন,0,0.2
3 After Forming Government,3_after_forming_government,1410,Full Response,full response,0,0.2
3 After Forming Government,3_after_forming_government,1411,পাবেন ১০০% কথা দিলাম,পাবেন কথা দিলাম,3,0.7320106171311551
3 After Forming Government,3_after_forming_government,1412,#ইনশাআল্লাহ আমার প্রথম পোষ্ট এ কমেন্ট লাইক দিয়ে সাপোর্ট করো,ইনশাআল্লাহ আমার প্রথম পোষ্ট এ কমেন্ট লাইক দিয়ে সাপোর্ট করো,4,0.599106296886351
3 After Forming Government,3_after_forming_government,1413,মাস শেষে এনগেজমেন্ট চ্যাম্পিয়ন হয়ে গিফট জিতে নাও!,মাস শেষে এনগেজমেন্ট চ্যাম্পিয়ন হয়ে গিফট জিতে নাও,1,0.5576164678027055
3 After Forming Government,3_after_forming_government,1414,যারা পেইজের লিংক খুঁজছিলেন তাদের জন্য দিলাম গিয়ে ফলো করে আসুন,যারা পেইজের লিংক খুঁজছিলেন তাদের জন্য দিলাম গিয়ে ফলো করে আসুন,3,0.8850061933192404
3 After Forming Government,3_after_forming_government,1415,আগামী ২৪ ঘন্টার মধ্যে ২ লক্ষ + ফলোয়ার পাবে,আগামী ঘন্টার মধ্যে লক্ষ ফলোয়ার পাবে,4,0.7968060337530163
3 After Forming Government,3_after_forming_government,1416,ইন্ডিয়ার কপি,ইন্ডিয়ার কপি,4,0.5978651065805153
3 After Forming Government,3_after_forming_government,1418,আসল পেজ লিংক,আসল পেজ লিংক,0,0.30046212716199105
3 After Forming Government,3_after_forming_government,1419,SB Khan Sunamganj er vobisost,sb khan sunamganj er vobisost,1,0.399946918468491
3 After Forming Government,3_after_forming_government,1420,Md Mosarrof Hossen Vai,md mosarrof hossen vai,1,0.47977953763209447
3 After Forming Government,3_after_forming_government,1421,ধন্যবাদ দিয়ে ছোট করবেন না এই নেন লিঙ্ক।,ধন্যবাদ দিয়ে ছোট করবেন না এই নেন লিঙ্ক,4,0.6390205664234277
3 After Forming Government,3_after_forming_government,1422,Batpari charo,batpari charo,0,0.2
3 After Forming Government,3_after_forming_government,1423,পেইজের লিংক:https://www.facebook.com/share/17zL7JHUw6/,পেইজের লিংক,3,0.5999811239360785
3 After Forming Government,3_after_forming_government,1424,কি করবে জানি না তবে নৌকায় দান আনবে জে বাবে নি এন পিতে জোগ দিছে আওয়ামী লীগ,কি করবে জানি না তবে নৌকায় দান আনবে জে বাবে নি এন পিতে জোগ দিছে আওয়ামী লীগ,0,0.524964570997899
3 After Forming Government,3_after_forming_government,1425,আই লাভ ইউ,আই লাভ ইউ,0,0.5979845662671928
3 After Forming Government,3_after_forming_government,1426,মানুষকে পজিটিভ মাইন্ডেড হতে হবে।,মানুষকে পজিটিভ মাইন্ডেড হতে হবে,0,0.4285809111220883
3 After Forming Government,3_after_forming_government,1427,Prime minister er sob update er junno https://www.facebook.com/share/1CJoFaRVzh/,prime minister er sob update er junno,0,0.7980622407732783
3 After Forming Government,3_after_forming_government,1428,এই একই নামে একই ছবি ব্যবহার করা প্রায় শখানেক আইডি আছে অরজিনাল কোনটা বোঝায় মুশকিল,এই একই নামে একই ছবি ব্যবহার করা প্রায় শখানেক আইডি আছে অরজিনাল কোনটা বোঝায় মুশকিল,3,0.9083360873790344
3 After Forming Government,3_after_forming_government,1429,আলহামদুলিল্লাহ,আলহামদুলিল্লাহ,2,0.5999989241498305
3 After Forming Government,3_after_forming_government,1430,আমার নেতা,আমার নেতা,3,0.5999986272590472
3 After Forming Government,3_after_forming_government,1431,"আলহামদুলিল্লাহ। রাস্তা , নদী খাল, বিল পরিস্কার পরিচ্ছন্ন রাখা খুবই প্রয়োজন",আলহামদুলিল্লাহ রাস্তা নদী খাল বিল পরিস্কার পরিচ্ছন্ন রাখা খুবই প্রয়োজন,2,0.8989153393002082
3 After Forming Government,3_after_forming_government,1432,Romjane khabarer mullo koman,romjane khabarer mullo koman,0,0.2
3 After Forming Government,3_after_forming_government,1433,শুভ কামনা নতুন সরকার এর জন্য,শুভ কামনা নতুন সরকার এর জন্য,2,0.8376424961378179
3 After Forming Government,3_after_forming_government,1434,মাননীয় প্রধানমন্ত্রী আসসালামুয়ালাইকুম রমজানের শুভেচ্ছা রইল,মাননীয় প্রধানমন্ত্রী আসসালামুয়ালাইকুম রমজানের শুভেচ্ছা রইল,4,0.6392477090817531
3 After Forming Government,3_after_forming_government,1435,"দয়াকরে দলের নেতা কর্মীদের কাজের ব্যবস্থা করুন,",দয়াকরে দলের নেতা কর্মীদের কাজের ব্যবস্থা করুন,2,0.5210353444368553
3 After Forming Government,3_after_forming_government,1436,"নাহলে রাজনীতি ব্যবসা হবে। চাঁদাবাজি টেন্ডারবাজি ঘুস দিয়ে তাদের পরিবার চলবে, আপনার দল রসাতলে যাবে বুঝে নিতে হবে।",নাহলে রাজনীতি ব্যবসা হবে চাঁদাবাজি টেন্ডারবাজি ঘুস দিয়ে তাদের পরিবার চলবে আপনার দল রসাতলে যাবে বুঝে নিতে হবে,1,0.5963957088986885
3 After Forming Government,3_after_forming_government,1437,সাওয়া আপডেট নিয়ে দিব,সাওয়া আপডেট নিয়ে দিব,0,0.7952239084683974
3 After Forming Government,3_after_forming_government,1438,সকল জেলায় দলের নামধারী পাতি নেতা থেকে শুরু করে বিভিন্ন স্তরের পদধারী ব্যাক্তি সহ দলীয় নেতা কর্মীর ছত্রছায়ায় অন্য দলের যে সকল ব্যাক্তি যারা ৫ই আগষ্ট পরবর্তী চাঁদাবাজী করছে বা করে দলের সন্মান ক্ষুণ্ন করছে এখনই তাদের বিরুদ্ধে ব্যাবস্থা নেয়া অত্যন্ত জরুরী।,সকল জেলায় দলের নামধারী পাতি নেতা থেকে শুরু করে বিভিন্ন স্তরের পদধারী ব্যাক্তি সহ দলীয় নেতা কর্মীর ছত্রছায়ায় অন্য দলের যে সকল ব্যাক্তি যারা ই আগষ্ট পরবর্তী চাঁদাবাজী করছে বা করে দলের সন্মান ক্ষুণ্ন করছে এখনই তাদের বিরুদ্ধে ব্যাবস্থা নেয়া অত্যন্ত জরুরী,3,0.5961915149429176
3 After Forming Government,3_after_forming_government,1439,"এছাড়াও আদালতে রাষ্ট্র পক্ষের আইনজীবী সহ বিভিন্ন অফিস, সরকারি - বেসরকারি প্রতিষ্ঠানে সরকার কর্তৃক বিভিন্ন পদে নিয়োগের ক্ষেত্রে অবশ্যই NSI, DGFI সহ অন্যান্য গোয়েন্দা সংস্থার মাধ্যমে ঐ সকল পেশাজীবী সংস্থা বা প্রতিষ্ঠানের যোগ্য ব্যক্তিদের শিক্ষা, পেশাগত দক্ষতা, যোগ্যতা, সামাজিক অবস্থান, ব্যাক্তিত্ব সর্বোপরি তার বিগত বছর গুলো ও বর্তমান কর্মকান্ড বিবেচনায় এনে নিয়োগ দেয়া উচিৎ হবে।",এছাড়াও আদালতে রাষ্ট্র পক্ষের আইনজীবী সহ বিভিন্ন অফিস সরকারি বেসরকারি প্রতিষ্ঠানে সরকার কর্তৃক বিভিন্ন পদে নিয়োগের ক্ষেত্রে অবশ্যই nsi dgfi সহ অন্যান্য গোয়েন্দা সংস্থার মাধ্যমে ঐ সকল পেশাজীবী সংস্থা বা প্রতিষ্ঠানের যোগ্য ব্যক্তিদের শিক্ষা পেশাগত দক্ষতা যোগ্যতা সামাজিক অবস্থান ব্যাক্তিত্ব সর্বোপরি তার বিগত বছর গুলো ও বর্তমান কর্মকান্ড বিবেচনায় এনে নিয়োগ দেয়া উচিৎ হবে,3,0.4716916199782551
3 After Forming Government,3_after_forming_government,1440,মাশা-আল্লাহ,মাশা আল্লাহ,0,0.7329579462874413
3 After Forming Government,3_after_forming_government,1441,আমার ফ্যামেলি কার্ড কই,আমার ফ্যামেলি কার্ড কই,0,0.39998993671192307
3 After Forming Government,3_after_forming_government,1442,আপনাকে স্বাগতম,আপনাকে স্বাগতম,3,0.7305929104214094
3 After Forming Government,3_after_forming_government,1443,ওকে সাথে আছি সবসময়,ওকে সাথে আছি সবসময়,4,0.7974114215983629
3 After Forming Government,3_after_forming_government,1444,আমি ফলো দিমু না,আমি ফলো দিমু না,3,0.5999880405584519
3 After Forming Government,3_after_forming_government,1445,ফেসবুক আইডির নাম যদি দেওয়া হতো নতুন খাম্বা সরকার,ফেসবুক আইডির নাম যদি দেওয়া হতো নতুন খাম্বা সরকার,2,0.5166570774967634
3 After Forming Government,3_after_forming_government,1446,Alhamdulillah,alhamdulillah,3,0.5999749533002969
3 After Forming Government,3_after_forming_government,1447,মাননীয় প্রধানমন্ত্রী জনাব তারেক রহমান।,মাননীয় প্রধানমন্ত্রী জনাব তারেক রহমান,4,0.8666013686968701
3 After Forming Government,3_after_forming_government,1448,সৃজনশীল চেতনার জয়গানে বিকশিত বিজয়ের মহান।,সৃজনশীল চেতনার জয়গানে বিকশিত বিজয়ের মহান,0,0.5993760006991874
3 After Forming Government,3_after_forming_government,1449,সাধারণ মানুষের মুক্তির দাবিতে এগিয়ে যাওয়া অসাধারন জীবনের জয়গান।,সাধারণ মানুষের মুক্তির দাবিতে এগিয়ে যাওয়া অসাধারন জীবনের জয়গান,4,0.43814715585728825
3 After Forming Government,3_after_forming_government,1450,দরিদ্র নিষ্পেষিত গণমানুষের অধিকার আদায়ের লক্ষ্যে এগিয়ে যাওয়া,দরিদ্র নিষ্পেষিত গণমানুষের অধিকার আদায়ের লক্ষ্যে এগিয়ে যাওয়া,3,0.5115564940231588
3 After Forming Government,3_after_forming_government,1451,সাবাস বাংলাদেশ,সাবাস বাংলাদেশ,3,0.7291903181947028
3 After Forming Government,3_after_forming_government,1452,নতুন সূর্যোদয় পুবের আকাশে শান্তির স্নিগ্ধ রৌদ্র রঙিন,নতুন সূর্যোদয় পুবের আকাশে শান্তির স্নিগ্ধ রৌদ্র রঙিন,4,0.5986589067564073
3 After Forming Government,3_after_forming_government,1453,জনতার বিজয়ের উচ্ছ্বাস।,জনতার বিজয়ের উচ্ছ্বাস,0,0.2
3 After Forming Government,3_after_forming_government,1454,ত্যাগীনেতাদের মূল্যায়ন না করলে আর ত্যাগী নেতা জন্ম নিবে না।,ত্যাগীনেতাদের মূল্যায়ন না করলে আর ত্যাগী নেতা জন্ম নিবে না,4,0.5496734292624895
3 After Forming Government,3_after_forming_government,1455,Congratulations,congratulations,2,0.5995796246233722
3 After Forming Government,3_after_forming_government,1456,৫ আগস্ট এর পরে বাংলাদেশ জামায়েত ইসলামের নায়েবে আমির কামরুজ্জামান জলঢাকা উপজেলা শাখা ও জাতীয়তাবাদী স্বেচ্ছাসেবক দলের আহ্বায়ক শাহজাহান কবির লেলিন প্রেসক্লাব জলঢাকা দখল করে নিয়েছে দুই দলের দুইজন নেতৃত্ব দিচ্ছে তাহলে এখানে যারা গণমাধ্যম কর্মী রয়েছে তারা কতটুকু স্বাধীন ভাবে কাজ করতে পারবে প্রেসক্লাব টি উদ্ধার করে জনস্বার্থে কাজ করার সুযোগ করে দিবেন,আগস্ট এর পরে বাংলাদেশ জামায়েত ইসলামের নায়েবে আমির কামরুজ্জামান জলঢাকা উপজেলা শাখা ও জাতীয়তাবাদী স্বেচ্ছাসেবক দলের আহ্বায়ক শাহজাহান কবির লেলিন প্রেসক্লাব জলঢাকা দখল করে নিয়েছে দুই দলের দুইজন নেতৃত্ব দিচ্ছে তাহলে এখানে যারা গণমাধ্যম কর্মী রয়েছে তারা কতটুকু স্বাধীন ভাবে কাজ করতে পারবে প্রেসক্লাব টি উদ্ধার করে জনস্বার্থে কাজ করার সুযোগ করে দিবেন,4,0.6287525340894621
3 After Forming Government,3_after_forming_government,1457,দেশ গণতন্ত্রের দিকে হাঁটছে। এটাই জনগণ চেয়ে ছিল।,দেশ গণতন্ত্রের দিকে হাঁটছে এটাই জনগণ চেয়ে ছিল,4,0.6119544807873595
3 After Forming Government,3_after_forming_government,1458,বাংলাদেশের মানুষের কিমরি আছে। কেউ কোন উস্কানিমূলক কথা না বলে দেশটার জন্য দেশের সরকারের জন্য দোয়া করেন আল্লাহ যেন সুন্দর ভাবে চালানোর তৌফিক দান করে,বাংলাদেশের মানুষের কিমরি আছে কেউ কোন উস্কানিমূলক কথা না বলে দেশটার জন্য দেশের সরকারের জন্য দোয়া করেন আল্লাহ যেন সুন্দর ভাবে চালানোর তৌফিক দান করে,3,0.5411193323283672
3 After Forming Government,3_after_forming_government,1459,সফলতা অর্জনের জন্য দুয়া এবং নিরন্তর শুভ কামনা।,সফলতা অর্জনের জন্য দুয়া এবং নিরন্তর শুভ কামনা,2,0.7333288366327114
3 After Forming Government,3_after_forming_government,1460,ফল গাছ লাগাতে হবে,ফল গাছ লাগাতে হবে,1,0.399909037263128
3 After Forming Government,3_after_forming_government,1461,"মাননীয় প্রধানমন্ত্রী আসসালামু আলািকুম --প্রতিটি ওয়ার্ডে নেতাদের উৎপাত, মস্তানি, চাদবাজি, হিংসা,বিদ্বেষ নিয়ন্ত্রনে সোচ্চার হতে হবে।তাইলে নিরাপদ বাংলাদেশ গঠন নিশ্চিত হবে। আপনার জন্য শুভ কামনা রইল।",মাননীয় প্রধানমন্ত্রী আসসালামু আলািকুম প্রতিটি ওয়ার্ডে নেতাদের উৎপাত মস্তানি চাদবাজি হিংসা বিদ্বেষ নিয়ন্ত্রনে সোচ্চার হতে হবে তাইলে নিরাপদ বাংলাদেশ গঠন নিশ্চিত হবে আপনার জন্য শুভ কামনা রইল,2,0.39375075334103843
3 After Forming Government,3_after_forming_government,1462,বেশ ভালো।,বেশ ভালো,2,0.5962681181141288
3 After Forming Government,3_after_forming_government,1463,বাংলাদেশের সাধারণ অসহায় মানুষদের সঠিক বিচার এর অধিকার পাওয়ার জন্য ঘুষ মুক্ত আইন করবেন এবং বেকার যুবকদের কর্মসংস্থান সৃষ্টির মাধ্যমে বেকারত্ব দূরকরন করবেন।,বাংলাদেশের সাধারণ অসহায় মানুষদের সঠিক বিচার এর অধিকার পাওয়ার জন্য ঘুষ মুক্ত আইন করবেন এবং বেকার যুবকদের কর্মসংস্থান সৃষ্টির মাধ্যমে বেকারত্ব দূরকরন করবেন,3,0.4464783721502595
3 After Forming Government,3_after_forming_government,1464,"I Have A Plan.. রাষ্ট্রকে সুন্দর ও উন্নয়নের লখ্যে পূর্ব পরিকল্পনা করে পরিকল্পিত কাজ গুলো যতই বড় ও কঠিন হোক না কেন, ওই কাজগুলোকে ক্ষুদ্র করে বাস্তবায়নের লক্ষ্যে যাত্রা শুরু করলে কোন কাজই কঠিন না। ঠিক একটা সময় পরিকল্পিত কাজ গুলা বাস্তবে রূপ নিলে অনেক বড় দৃশ্যমান হবে !!! আপনার I Have A plan Success...",i have a plan রাষ্ট্রকে সুন্দর ও উন্নয়নের লখ্যে পূর্ব পরিকল্পনা করে পরিকল্পিত কাজ গুলো যতই বড় ও কঠিন হোক না কেন ওই কাজগুলোকে ক্ষুদ্র করে বাস্তবায়নের লক্ষ্যে যাত্রা শুরু করলে কোন কাজই কঠিন না ঠিক একটা সময় পরিকল্পিত কাজ গুলা বাস্তবে রূপ নিলে অনেক বড় দৃশ্যমান হবে আপনার i have a plan success,4,0.44453675122553254
3 After Forming Government,3_after_forming_government,1465,আমার লেখাটি মাননীয় প্রধানমন্ত্রী বরাবর।,আমার লেখাটি মাননীয় প্রধানমন্ত্রী বরাবর,4,0.7333315522297156
3 After Forming Government,3_after_forming_government,1466,বেকার সমস্যা দুর করুন । দেশের প্রতি টি ইউনিয়ন এ তিন জন করে নিকাহ রেজিস্ট্রার নিয়োগ গ্রেজেট প্রকাশ করুন । এতে প্রায় বার হাজার লোকের কর্মসংস্থান সৃষ্টি হবে । একজন কে কোটি পতি না বানিয়ে বার হাজার লোকের পরিবারের চলার ব্যবস্থা করুন । তিন জন কাজী সাহেবই খুব ভালো ভাবে চলতে পারবে ।,বেকার সমস্যা দুর করুন দেশের প্রতি টি ইউনিয়ন এ তিন জন করে নিকাহ রেজিস্ট্রার নিয়োগ গ্রেজেট প্রকাশ করুন এতে প্রায় বার হাজার লোকের কর্মসংস্থান সৃষ্টি হবে একজন কে কোটি পতি না বানিয়ে বার হাজার লোকের পরিবারের চলার ব্যবস্থা করুন তিন জন কাজী সাহেবই খুব ভালো ভাবে চলতে পারবে,2,0.5690087933513254
3 After Forming Government,3_after_forming_government,1467,"জনাব তারেক রহমান প্রধানমন্ত্রী হয়েছেন এটা তার প্রাপ্য ছিল , এখন দেখার বিষয় হলো তার কর্মের মধ্যে দিয়ে তিনি কতটুকু সম্মান ধরে রাখতে পারেন তার এবং তার প্রাপ্তির।",জনাব তারেক রহমান প্রধানমন্ত্রী হয়েছেন এটা তার প্রাপ্য ছিল এখন দেখার বিষয় হলো তার কর্মের মধ্যে দিয়ে তিনি কতটুকু সম্মান ধরে রাখতে পারেন তার এবং তার প্রাপ্তির,4,0.9416915200229075
3 After Forming Government,3_after_forming_government,1468,ইনকিলাব ইনকিলাব জিন্দাবাদ জিন্দাবাদ,ইনকিলাব ইনকিলাব জিন্দাবাদ জিন্দাবাদ,2,0.8392406593999121
3 After Forming Government,3_after_forming_government,1469,পেজের লিংটা দেন আশছেনা সাচ করলে,পেজের লিংটা দেন আশছেনা সাচ করলে,4,0.7328525525419453
3 After Forming Government,3_after_forming_government,1470,"আমার এলাকার নতুন পাকা রাস্তা দরকার,তার জন্য এই যুগের যোগ্য ব্যক্তিকে সিলেট করেছি",আমার এলাকার নতুন পাকা রাস্তা দরকার তার জন্য এই যুগের যোগ্য ব্যক্তিকে সিলেট করেছি,4,0.864683294669427
3 After Forming Government,3_after_forming_government,1471,তার মানে দালালী আর তৈল মারা আজকে থেকে শুরু?,তার মানে দালালী আর তৈল মারা আজকে থেকে শুরু,0,0.4401000120497133
3 After Forming Government,3_after_forming_government,1472,অভিনন্দন,অভিনন্দন,3,0.5999952012518878
3 After Forming Government,3_after_forming_government,1473,সবার আগে ইনডিয়ায়,সবার আগে ইনডিয়ায়,0,0.2
3 After Forming Government,3_after_forming_government,1474,"মাননীয় প্রধানমন্ত্রী আমি বলব ,",মাননীয় প্রধানমন্ত্রী আমি বলব,4,0.7333315522297156
3 After Forming Government,3_after_forming_government,1475,আপনার প্রার্থীরা যেখানে স্বতন্ত্রের কাছে পরাজিত হয়েছে সেখানে আপনার দলের ভিতরে ভীষণ কোনদল আছে আগে আপনার দল গোছান স্বার্থলোভী নেতাদেরকে সাংগঠনিক ব্যবস্থা গ্রহণ করুন নয়তো এরা দলের ভিতরে ভিশন ক্ষতি করবে।,আপনার প্রার্থীরা যেখানে স্বতন্ত্রের কাছে পরাজিত হয়েছে সেখানে আপনার দলের ভিতরে ভীষণ কোনদল আছে আগে আপনার দল গোছান স্বার্থলোভী নেতাদেরকে সাংগঠনিক ব্যবস্থা গ্রহণ করুন নয়তো এরা দলের ভিতরে ভিশন ক্ষতি করবে,4,0.9416288958312701
3 After Forming Government,3_after_forming_government,1476,Manonio prodan muntri amar salam niben amiakjon hotobaga shotonto ibtedai madrashar sikkok jemadrashay duke amar jibontai duke duke ses karon bina betone aj 40 bosor tai apnar kase amar abedon madrasha kulor betoner bebosta korben.,manonio prodan muntri amar salam niben amiakjon hotobaga shotonto ibtedai madrashar sikkok jemadrashay duke amar jibontai duke duke ses karon bina betone aj bosor tai apnar kase amar abedon madrasha kulor betoner bebosta korben,4,0.798970278614966
3 After Forming Government,3_after_forming_government,1477,এতো নিউস দেন দুবাই ভিসার জন্য কিছু একটা বলেন,এতো নিউস দেন দুবাই ভিসার জন্য কিছু একটা বলেন,4,0.7958797697609702
3 After Forming Government,3_after_forming_government,1478,ওয়েলকাম,ওয়েলকাম,0,0.2
3 After Forming Government,3_after_forming_government,1479,বস সিল্ট্র,বস সিল্ট্র,0,0.5995108468369947
3 After Forming Government,3_after_forming_government,1480,গুড জব করতেছেন,গুড জব করতেছেন,1,0.5999936187751076
3 After Forming Government,3_after_forming_government,1481,শুধু লিখিত আর মৌখিক আপডেট দিলে হবে না প্রতি টা কাজ বাস্তবায়ন করে আপডেট দেওয়ার চেষ্টা করবেন মাননীয় প্রধানমন্ত্রী বর্তমান ১কেজি লেবুর দাম ১৮০/২০০৳,শুধু লিখিত আর মৌখিক আপডেট দিলে হবে না প্রতি টা কাজ বাস্তবায়ন করে আপডেট দেওয়ার চেষ্টা করবেন মাননীয় প্রধানমন্ত্রী বর্তমান কেজি লেবুর দাম ৳,2,0.46622190113019996
3 After Forming Government,3_after_forming_government,1482,সবার আগে বাংলাদেশ,সবার আগে বাংলাদেশ,4,0.5988131353025141
3 After Forming Government,3_after_forming_government,1484,সবার আগে বাংলাদেশ কে রিন মুক্ত করুন,সবার আগে বাংলাদেশ কে রিন মুক্ত করুন,4,0.49938673258547134
3 After Forming Government,3_after_forming_government,1487,facebook.com/bdpmoffice,facebook com bdpmoffice,1,0.5991032676245139
3 After Forming Government,3_after_forming_government,1488,Facebook.com/bdpmoffice,facebook com bdpmoffice,1,0.5991032676245139
3 After Forming Government,3_after_forming_government,1489,Md. Mahmudul Hasan Limon,md mahmudul hasan limon,4,0.5993977455638048
3 After Forming Government,3_after_forming_government,1494,PMO Bangladesh। প্রধানমন্ত্রীর কার্যালয়,pmo bangladesh প্রধানমন্ত্রীর কার্যালয়,4,0.8389463625703989
3 After Forming Government,3_after_forming_government,1498,PMO Bangladesh - প্রধানমন্ত্রীর কার্যালয়,pmo bangladesh প্রধানমন্ত্রীর কার্যালয়,4,0.8389463625703989
3 After Forming Government,3_after_forming_government,1505,https://www.facebook.com/bdpmoffice link,link,0,0.2
3 After Forming Government,3_after_forming_government,1506,সরকারের এমন একটা পেজ খোলা দরকার জাতি যেন তার নিজের ভাষা নিজের ব্যক্তিত্ব প্রকাশ করতে পারে,সরকারের এমন একটা পেজ খোলা দরকার জাতি যেন তার নিজের ভাষা নিজের ব্যক্তিত্ব প্রকাশ করতে পারে,1,0.6339469330560755
3 After Forming Government,3_after_forming_government,1507,সত্যিই এমন বয়ান করতে সাহস লাগে https://www.facebook.com/share/v/1AVhwmDXZ1/,সত্যিই এমন বয়ান করতে সাহস লাগে,1,0.7173595379629174
3 After Forming Government,3_after_forming_government,1508,He made a big mistake,he made a big mistake,2,0.7306025079063315
3 After Forming Government,3_after_forming_government,1509,আলহামদুলিল্লাহ আলহামদুলিল্লাহ আলহামদুলিল্লাহ আলহামদুলিল্লাহ,আলহামদুলিল্লাহ আলহামদুলিল্লাহ আলহামদুলিল্লাহ আলহামদুলিল্লাহ,2,0.8399996504173093
3 After Forming Government,3_after_forming_government,1510,In sha Allah,in sha allah,4,0.7275900915781781
3 After Forming Government,3_after_forming_government,1511,ফ্যামিলি কার্ড চুরি নিয়ে ব্যাস্ত পরে কথা হবে।,ফ্যামিলি কার্ড চুরি নিয়ে ব্যাস্ত পরে কথা হবে,1,0.46500418625477036
3 After Forming Government,3_after_forming_government,1512,"চার দলীয় জোট সরকারের আমলে প্রতিষ্ঠিত, ৯ জানুয়ারী ২০১৩, ঘটনার চক্রে জাতীয়করণ বঞ্চিত, বৈষম্যের স্বীকার বেসরকারি প্রাথমিক বিদ্যালয় সমূহ সরকারিকরণ চাই",চার দলীয় জোট সরকারের আমলে প্রতিষ্ঠিত জানুয়ারী ঘটনার চক্রে জাতীয়করণ বঞ্চিত বৈষম্যের স্বীকার বেসরকারি প্রাথমিক বিদ্যালয় সমূহ সরকারিকরণ চাই,0,0.41948336634664685
3 After Forming Government,3_after_forming_government,1513,ঠিক আছে,ঠিক আছে,4,0.5999992496587379
3 After Forming Government,3_after_forming_government,1514,তৃণমূল কর্মির য়ারা আরো স্টং করে গড়ে তুলুন দূর সময় তারাই ছিল হাল ধরার লোক,তৃণমূল কর্মির য়ারা আরো স্টং করে গড়ে তুলুন দূর সময় তারাই ছিল হাল ধরার লোক,3,0.4398040683312518
3 After Forming Government,3_after_forming_government,1515,একটা পেজ এখন ২০ টা হবে,একটা পেজ এখন টা হবে,4,0.7333302075722221
3 After Forming Government,3_after_forming_government,1516,so what are you Bangladesh,so what are you bangladesh,0,0.4925148207462638
3 After Forming Government,3_after_forming_government,1517,Excellent,excellent,0,0.2
3 After Forming Government,3_after_forming_government,1518,আমাদের দেশে আইন আছে আইনের প্রয়োগ নেই ।আইনের প্রয়োগ দৃশ্যমান হতে হবে ।,আমাদের দেশে আইন আছে আইনের প্রয়োগ নেই আইনের প্রয়োগ দৃশ্যমান হতে হবে,3,0.8988513644398815
3 After Forming Government,3_after_forming_government,1520,আসসালামু আলাইকুম।,আসসালামু আলাইকুম,2,0.7333277313167383
3 After Forming Government,3_after_forming_government,1521,ভাইয়া সারাটা দেশ ব্যানারে ভরে আছে যার যার এলাকায় বলে পরিষ্কার করে দেশের পরিবেশ সুন্দর রাখে।,ভাইয়া সারাটা দেশ ব্যানারে ভরে আছে যার যার এলাকায় বলে পরিষ্কার করে দেশের পরিবেশ সুন্দর রাখে,4,0.6699642390325906
3 After Forming Government,3_after_forming_government,1522,আজ মমতাময়ী খালেদাজিয়া যদি বেঁচে থাকত তাহলে যে খুবই খুশিতে মন ভরে জেত । আমার ছেলে আজ দেশের প্রধানমন্তী হয়েছে ।,আজ মমতাময়ী খালেদাজিয়া যদি বেঁচে থাকত তাহলে যে খুবই খুশিতে মন ভরে জেত আমার ছেলে আজ দেশের প্রধানমন্তী হয়েছে,4,0.918980784367832
3 After Forming Government,3_after_forming_government,1523,আলহামদুলিল্লাহ ইনশাআল্লাহ আমিন,আলহামদুলিল্লাহ ইনশাআল্লাহ আমিন,2,0.300070570745576
3 After Forming Government,3_after_forming_government,1524,Very nice,very nice,2,0.7320686513465244
3 After Forming Government,3_after_forming_government,1526,ইনশাআল্লাহ এগিয়ে যাবে বহুদূর বহুদূরে,ইনশাআল্লাহ এগিয়ে যাবে বহুদূর বহুদূরে,4,0.5487408012356643
3 After Forming Government,3_after_forming_government,1527,"আজ প্রথম রমজান সাবেক প্রধানমন্ত্রী খালেদা জিয়া এ দিনে এতিমদের সঙ্গে ইফতার করতেন, আজকের প্রধানমন্ত্রী ও প্রথম রোজা এতিমদের সঙ্গে ইফতার করা প্রয়োজন।",আজ প্রথম রমজান সাবেক প্রধানমন্ত্রী খালেদা জিয়া এ দিনে এতিমদের সঙ্গে ইফতার করতেন আজকের প্রধানমন্ত্রী ও প্রথম রোজা এতিমদের সঙ্গে ইফতার করা প্রয়োজন,4,0.50855152511396
3 After Forming Government,3_after_forming_government,1528,এমন কিছু বলেন কিংবা করেন আমাদের অভিযোগ গুলো যাতে শুনতে পারেন! এবং সেই সকল সমস্যা গুলো নিয়ে যেন কাজ করতে পারেন,এমন কিছু বলেন কিংবা করেন আমাদের অভিযোগ গুলো যাতে শুনতে পারেন এবং সেই সকল সমস্যা গুলো নিয়ে যেন কাজ করতে পারেন,0,0.48644073860732817
3 After Forming Government,3_after_forming_government,1529,গাজীপুর জেলা মিলন ভাইকে মন্ত্রী হিসেবে দেখতে চাই,গাজীপুর জেলা মিলন ভাইকে মন্ত্রী হিসেবে দেখতে চাই,3,0.8659033538804066
3 After Forming Government,3_after_forming_government,1530,মাশাল্লাহ,মাশাল্লাহ,4,0.5999874337942999
3 After Forming Government,3_after_forming_government,1531,ফি আমানিল্লাহ,ফি আমানিল্লাহ,0,0.2
3 After Forming Government,3_after_forming_government,1532,"Congratulations Best Wishes, Go ahead Honorable Prime Minister of Bangladesh",congratulations best wishes go ahead honorable prime minister of bangladesh,2,0.8663132980385806
3 After Forming Government,3_after_forming_government,1533,আজ দেশে কয়টা গাছ লাগানো হয়েছে,আজ দেশে কয়টা গাছ লাগানো হয়েছে,1,0.7963347099559007
3 After Forming Government,3_after_forming_government,1534,ইনশাআল্লাহ,ইনশাআল্লাহ,4,0.5999983000425161
3 After Forming Government,3_after_forming_government,1535,ছোট থেকে প্রধানমন্ত্রীর নামটা শুনলে শুধু শেখ হাসিনার কথাই মনে আসে,ছোট থেকে প্রধানমন্ত্রীর নামটা শুনলে শুধু শেখ হাসিনার কথাই মনে আসে,4,0.5461570184700206
3 After Forming Government,3_after_forming_government,1537,রিয়েল আইডি।https://www.facebook.com/share/1DQCDit7bZ/,রিয়েল আইডি,0,0.7331787702360424
3 After Forming Government,3_after_forming_government,1538,দ্রব্যমূল্য নিয়ন্ত্রণের জন্য জোর দাবি করছি।,দ্রব্যমূল্য নিয়ন্ত্রণের জন্য জোর দাবি করছি,3,0.799995397925598
3 After Forming Government,3_after_forming_government,1539,সবাই দোয়া করবেন,সবাই দোয়া করবেন,4,0.5475338695588722
3 After Forming Government,3_after_forming_government,1540,Md Minhajul Islam yes,md minhajul islam yes,4,0.7331610759633569
3 After Forming Government,3_after_forming_government,1541,Sobar ahge Bangladesh,sobar ahge bangladesh,2,0.5982534453559802
3 After Forming Government,3_after_forming_government,1542,"আমরা প্রবাসীদের পক্ষ থেকে অভিনন্দন জানাই, আমাদের প্রবাসীদের পক্ষ থেকে অনুরোধ জানাই সিলেট ওসমানী বিমানবন্দরকে পূর্ণ আন্তর্জাতিক ও বিদেশী বিমান ওঠা নামার অনুমতি চাই কারন বাংলাদেশ বিমান সিলেটের মানুষকে জিম্মি করে রেখেছে ,, ধন্যবাদ",আমরা প্রবাসীদের পক্ষ থেকে অভিনন্দন জানাই আমাদের প্রবাসীদের পক্ষ থেকে অনুরোধ জানাই সিলেট ওসমানী বিমানবন্দরকে পূর্ণ আন্তর্জাতিক ও বিদেশী বিমান ওঠা নামার অনুমতি চাই কারন বাংলাদেশ বিমান সিলেটের মানুষকে জিম্মি করে রেখেছে ধন্যবাদ,4,0.500616624332244
3 After Forming Government,3_after_forming_government,1543,Thanks,thanks,0,0.5999888578207814
3 After Forming Government,3_after_forming_government,1544,আইন শৃঙ্খলা বাহিনীর পরিবার আছে আমরাও জনগন। আপনাদের অন্যায় আবদার ও স্বার্থ চরিতার্থ করতে আমরা আমাদের ভাইদের রক্ত ঝরাতে চাই না,আইন শৃঙ্খলা বাহিনীর পরিবার আছে আমরাও জনগন আপনাদের অন্যায় আবদার ও স্বার্থ চরিতার্থ করতে আমরা আমাদের ভাইদের রক্ত ঝরাতে চাই না,3,0.9326310458202326
3 After Forming Government,3_after_forming_government,1545,রাজনৈতিক সমস্যা টেবিলে শেষ করুন। আমাদের ব্যবহার থেকে বিরত থাকুন।,রাজনৈতিক সমস্যা টেবিলে শেষ করুন আমাদের ব্যবহার থেকে বিরত থাকুন,4,0.8985899170786458
3 After Forming Government,3_after_forming_government,1546,"মাননীয়, প্রধানমন্ত্রী নিরীহ বিডিআর সদস্যদের সম্পূন সুযোগ সুবিধা সহ চাকরিতে পূর্ণবহাল চাই। ১৭ বছর বিনা অপরাধের অপবাদ নিয়ে জীবন জৈবন নি:শেষ করেছি। ধন্নবাদ আপনাকে",মাননীয় প্রধানমন্ত্রী নিরীহ বিডিআর সদস্যদের সম্পূন সুযোগ সুবিধা সহ চাকরিতে পূর্ণবহাল চাই বছর বিনা অপরাধের অপবাদ নিয়ে জীবন জৈবন নি শেষ করেছি ধন্নবাদ আপনাকে,2,0.3188606521197809
3 After Forming Government,3_after_forming_government,1547,তবে জানি না এটা প্রধানমন্ত্রী পড়তে পারবেন না অন্য কেউ পড়ে শোনাবেন আমাদের গাজীপুর কাপাসিয়া ধানের শীতের যত ভোর্ট পাইছে তার চাইতে বেশি নেতা ছিল তাহলে নেতার বাড়্ঁ,তবে জানি না এটা প্রধানমন্ত্রী পড়তে পারবেন না অন্য কেউ পড়ে শোনাবেন আমাদের গাজীপুর কাপাসিয়া ধানের শীতের যত ভোর্ট পাইছে তার চাইতে বেশি নেতা ছিল তাহলে নেতার বাড়্ঁ,1,0.32921015064600473
3 After Forming Government,3_after_forming_government,1548,্্্্্ৃমভোট গেল কই কারণ হলো এই থানায় কোন কলকারখানাই কাজ নাই,্্্্্ৃমভোট গেল কই কারণ হলো এই থানায় কোন কলকারখানাই কাজ নাই,0,0.5228290892976728
3 After Forming Government,3_after_forming_government,1549,Jajakhalla,jajakhalla,0,0.2
3 After Forming Government,3_after_forming_government,1550,Right,right,3,0.5999940674575689
3 After Forming Government,3_after_forming_government,1551,ভারতের সাথে মিল আছে,ভারতের সাথে মিল আছে,2,0.7320908842633461
3 After Forming Government,3_after_forming_government,1552,ভাই কি দরকার এসব শান্তি তে দেশ গড়ো। পারলে সাহায্য করেন।,ভাই কি দরকার এসব শান্তি তে দেশ গড়ো পারলে সাহায্য করেন,4,0.6812410223048763
3 After Forming Government,3_after_forming_government,1553,"ইনশাআল্লাহ,,",ইনশাআল্লাহ,4,0.5999983000425161
3 After Forming Government,3_after_forming_government,1554,"মাননীয় পররাষ্ট্রমন্ত্রী মহোদয় সমীপেষু,",মাননীয় পররাষ্ট্রমন্ত্রী মহোদয় সমীপেষু,4,0.5999950797828438
3 After Forming Government,3_after_forming_government,1555,​বিষয়: আইনের শাসন প্রতিষ্ঠা ও সন্ত্রাসমুক্ত বাংলাদেশ গড়ার আহ্বান।,বিষয় আইনের শাসন প্রতিষ্ঠা ও সন্ত্রাসমুক্ত বাংলাদেশ গড়ার আহ্বান,3,0.5045760987835185
3 After Forming Government,3_after_forming_government,1556,"​শ্রদ্ধেয় মহোদয়,",শ্রদ্ধেয় মহোদয়,0,0.2
3 After Forming Government,3_after_forming_government,1557,বিগত ২৪-এর গণঅভ্যুত্থানের পর আমরা একটি বৈষম্যহীন ও নিরাপদ বাংলাদেশের স্বপ্ন দেখছি। এই স্বপ্ন বাস্তবায়নে আপনার বলিষ্ঠ ভূমিকা আমাদের আশাবাদী করে। এই প্রেক্ষাপটে জননিরাপত্তা রক্ষায় আমি নিম্নোক্ত বিষয়গুলো আপনার সদয় নজরে আনতে চাই:,বিগত এর গণঅভ্যুত্থানের পর আমরা একটি বৈষম্যহীন ও নিরাপদ বাংলাদেশের স্বপ্ন দেখছি এই স্বপ্ন বাস্তবায়নে আপনার বলিষ্ঠ ভূমিকা আমাদের আশাবাদী করে এই প্রেক্ষাপটে জননিরাপত্তা রক্ষায় আমি নিম্নোক্ত বিষয়গুলো আপনার সদয় নজরে আনতে চাই,3,0.5777827690730307
3 After Forming Government,3_after_forming_government,1558,"​সন্ত্রাস দমনে জিরো টলারেন্স: অতীতের উদাহরণ টেনে বলতে চাই, সাবেক প্রধানমন্ত্রী খালেদা জিয়ার শাসনামলে সন্ত্রাস দমনে কঠোর পদক্ষেপ নেওয়া হয়েছিল। বর্তমান সময়েও প্রত্যাশা করি, দলমত নির্বিশেষে যেকোনো সন্ত্রাসী, চাঁদাবাজ বা বিশৃঙ্খলাকারীকে শুরুতেই আইনের আওতায় আনা হবে। অপরাধীর কোনো রাজনৈতিক পরিচয় থাকা উচিত নয়।",সন্ত্রাস দমনে জিরো টলারেন্স অতীতের উদাহরণ টেনে বলতে চাই সাবেক প্রধানমন্ত্রী খালেদা জিয়ার শাসনামলে সন্ত্রাস দমনে কঠোর পদক্ষেপ নেওয়া হয়েছিল বর্তমান সময়েও প্রত্যাশা করি দলমত নির্বিশেষে যেকোনো সন্ত্রাসী চাঁদাবাজ বা বিশৃঙ্খলাকারীকে শুরুতেই আইনের আওতায় আনা হবে অপরাধীর কোনো রাজনৈতিক পরিচয় থাকা উচিত নয়,2,0.4850058003784532
3 After Forming Government,3_after_forming_government,1559,​চাঁদাবাজি ও হয়রানি বন্ধ: নির্বাচনের সময় বা সাধারণ কেনাকাটায় সাধারণ মানুষ প্রায়ই চাঁদাবাজির শিকার হয়। এই সংস্কৃতি বন্ধে প্রশাসনের জিরো টলারেন্স নীতি জরুরি।,চাঁদাবাজি ও হয়রানি বন্ধ নির্বাচনের সময় বা সাধারণ কেনাকাটায় সাধারণ মানুষ প্রায়ই চাঁদাবাজির শিকার হয় এই সংস্কৃতি বন্ধে প্রশাসনের জিরো টলারেন্স নীতি জরুরি,4,0.7071893027943857
3 After Forming Government,3_after_forming_government,1560,"​মব জাস্টিসের বিচার: ২৪-এর গণঅভ্যুত্থান পরবর্তী সময়ে যারা আইন নিজের হাতে তুলে নিয়েছে বা 'মব' তৈরি করে অরাজকতা সৃষ্টি করেছে, তাদের প্রতিটি ঘটনার সুষ্ঠু তদন্ত ও বিচার হতে হবে।",মব জাস্টিসের বিচার এর গণঅভ্যুত্থান পরবর্তী সময়ে যারা আইন নিজের হাতে তুলে নিয়েছে বা মব তৈরি করে অরাজকতা সৃষ্টি করেছে তাদের প্রতিটি ঘটনার সুষ্ঠু তদন্ত ও বিচার হতে হবে,3,0.9523219074808194
3 After Forming Government,3_after_forming_government,1561,"​আইনের শাসন প্রতিষ্ঠিত হলেই মানুষ এই স্বাধীনতার সুফল ভোগ করতে পারবে। আশা করি, আপনার নেতৃত্বে সরকার সাধারণ মানুষের নিরাপত্তা নিশ্চিত করতে এবং একটি জবাবদিহিমূলক রাষ্ট্র গঠনে কঠোর অবস্থান নেবে।",আইনের শাসন প্রতিষ্ঠিত হলেই মানুষ এই স্বাধীনতার সুফল ভোগ করতে পারবে আশা করি আপনার নেতৃত্বে সরকার সাধারণ মানুষের নিরাপত্তা নিশ্চিত করতে এবং একটি জবাবদিহিমূলক রাষ্ট্র গঠনে কঠোর অবস্থান নেবে,3,0.46468755384974386
3 After Forming Government,3_after_forming_government,1562,"​বিনীত,",বিনীত,0,0.2
3 After Forming Government,3_after_forming_government,1563,আনোয়ার আলমগির,আনোয়ার আলমগির,1,0.5999732446792883
3 After Forming Government,3_after_forming_government,1564,একজন সচেতন নাগরিক।,একজন সচেতন নাগরিক,0,0.2
3 After Forming Government,3_after_forming_government,1565,আই সি টি কে আধুনিকায়ন করেছে আমাদের জয়,আই সি টি কে আধুনিকায়ন করেছে আমাদের জয়,1,0.5497570932208307
3 After Forming Government,3_after_forming_government,1566,তারি ধারাবাহিকতায় সেই সুফল গ্রহন করছে বাঙালিরা এটা ভাল দিক,তারি ধারাবাহিকতায় সেই সুফল গ্রহন করছে বাঙালিরা এটা ভাল দিক,1,0.40029320868770973
3 After Forming Government,3_after_forming_government,1567,"বৃক্ষ রোপণ অভিযানে ২০ কোটি খেজুর গাছ লাগান হোক, মানুষ বিশুদ্ধ খেজুর গুড় খেতে পারবে।সাংবাদিক ভাইদের খেজুর গাছ লাগানোর আন্দোলন সৃষ্টির জন্য মিডিয়া জনমত সৃষ্টির অনুরোধ জানাচ্ছি",বৃক্ষ রোপণ অভিযানে কোটি খেজুর গাছ লাগান হোক মানুষ বিশুদ্ধ খেজুর গুড় খেতে পারবে সাংবাদিক ভাইদের খেজুর গাছ লাগানোর আন্দোলন সৃষ্টির জন্য মিডিয়া জনমত সৃষ্টির অনুরোধ জানাচ্ছি,1,0.7287936405477243
3 After Forming Government,3_after_forming_government,1568,কপিকুর ও একটা খুলবে।,কপিকুর ও একটা খুলবে,0,0.2
3 After Forming Government,3_after_forming_government,1569,সবাই কি ৫০ কোটি গাছ রোপণের কথা ভুলে গেছো?,সবাই কি কোটি গাছ রোপণের কথা ভুলে গেছো,0,0.5843964648458619
3 After Forming Government,3_after_forming_government,1570,ধন্যবাদ,ধন্যবাদ,3,0.5968986271107837
3 After Forming Government,3_after_forming_government,1571,লিংক কই,লিংক কই,0,0.400104479933768
3 After Forming Government,3_after_forming_government,1572,মাননীয় প্রধানমন্ত্রী এদেশের প্রধান সমস্যার মধ্যে একটি সমস্যা হলো বিভিন্ন নেতাকর্মীরা ক্ষমতা দেখিয়ে থানাকে ব্যবহার করে সাধারণ মানুষ কে হয়রানি করা হয়। আশা করি বিষয়টি দৃষ্টিগোচর হবে। ধন্যবাদ আপনাকে বাংলাদেশের প্রধানমন্ত্রী হওয়ায়।,মাননীয় প্রধানমন্ত্রী এদেশের প্রধান সমস্যার মধ্যে একটি সমস্যা হলো বিভিন্ন নেতাকর্মীরা ক্ষমতা দেখিয়ে থানাকে ব্যবহার করে সাধারণ মানুষ কে হয়রানি করা হয় আশা করি বিষয়টি দৃষ্টিগোচর হবে ধন্যবাদ আপনাকে বাংলাদেশের প্রধানমন্ত্রী হওয়ায়,4,0.5560125353383557
3 After Forming Government,3_after_forming_government,1573,"রংপুর ৪ এ এমদাদুল হক ভরসা ভাই কে কি করবেন আপনারা বলেন, অনি তো এমপিতে পাশ তাহলে, অনাকে দেয়া হলো না",রংপুর এ এমদাদুল হক ভরসা ভাই কে কি করবেন আপনারা বলেন অনি তো এমপিতে পাশ তাহলে অনাকে দেয়া হলো না,4,0.9092250540834291
3 After Forming Government,3_after_forming_government,1574,Thanks Honourable PMOB.,thanks honourable pmob,0,0.5999888578207814
3 After Forming Government,3_after_forming_government,1576,এমপিওভুক্ত সবাই কে প্রশাসনিক পদে আবেদন করার সুযোগ দেওয়া হউক,এমপিওভুক্ত সবাই কে প্রশাসনিক পদে আবেদন করার সুযোগ দেওয়া হউক,1,0.6930562185758341
3 After Forming Government,3_after_forming_government,1577,Sadia Islam,sadia islam,4,0.5999911238429414
3 After Forming Government,3_after_forming_government,1578,এই নামে হাজার হাজার আইডি,এই নামে হাজার হাজার আইডি,0,0.8391569209148999
3 After Forming Government,3_after_forming_government,1579,ওয়েলকাম।,ওয়েলকাম,0,0.2
3 After Forming Government,3_after_forming_government,1580,thanks,thanks,0,0.5999888578207814
3 After Forming Government,3_after_forming_government,1582,আসসালামু আলাইকুম প্রিয় লিডার আপনার নিরাপত্তা ১০০% ঠিক রাখবেন সবসময়। আপনার দিকে তাকিয়ে আছে ১৮ কোটি মানুষ। আল্লাহ আপনার সহায় হউক।,আসসালামু আলাইকুম প্রিয় লিডার আপনার নিরাপত্তা ঠিক রাখবেন সবসময় আপনার দিকে তাকিয়ে আছে কোটি মানুষ আল্লাহ আপনার সহায় হউক,2,0.49036473769093303
3 After Forming Government,3_after_forming_government,1583,"অলরেডি সেম নামে অনেকগুলি আইডি খোলা হয়েছে,, আলহামদুলিল্লাহ বাংলাদেশ বলে একটা কথা।",অলরেডি সেম নামে অনেকগুলি আইডি খোলা হয়েছে আলহামদুলিল্লাহ বাংলাদেশ বলে একটা কথা,0,0.4795057593474104
3 After Forming Government,3_after_forming_government,1584,"এখানে নতুন কিছু বের হবে আর সেটার ফ্যাক তৈরি হবে না আবার নকল তৈরি হবে না , এটা কিছুতেই হতে পারে না।।",এখানে নতুন কিছু বের হবে আর সেটার ফ্যাক তৈরি হবে না আবার নকল তৈরি হবে না এটা কিছুতেই হতে পারে না,1,0.9183622069196878
3 After Forming Government,3_after_forming_government,1585,"দয়া করে এর মধ্যে কোনটা দিতে হবে না, জানাবেন, সরকারি নির্দেশনা মোতাবেক!",দয়া করে এর মধ্যে কোনটা দিতে হবে না জানাবেন সরকারি নির্দেশনা মোতাবেক,1,0.5996241219896761
3 After Forming Government,3_after_forming_government,1587,ইতিমধ্যে অনেক গুলো ফেক পেইজ ও খোলা হয়েছে। আরজিনার পেইজ PMO Bangladesh - প্রধানমন্ত্রীর কার্যালয়,ইতিমধ্যে অনেক গুলো ফেক পেইজ ও খোলা হয়েছে আরজিনার পেইজ pmo bangladesh প্রধানমন্ত্রীর কার্যালয়,4,0.8996458375669832
3 After Forming Government,3_after_forming_government,1588,ওরজিনাল পেইজ https://www.facebook.com/share/1FHZYXCpvY/,ওরজিনাল পেইজ,4,0.5999775680491607
3 After Forming Government,3_after_forming_government,1590,বিস্তারিত সংবাদ আগামী বছর,বিস্তারিত সংবাদ আগামী বছর,2,0.7301436986469858
3 After Forming Government,3_after_forming_government,1591,"আজকে ২,৭৩,০০০ টা গাছ লাগানো আর ১১ কিমি খাল খনন করার কথা ছিলো!!!",আজকে টা গাছ লাগানো আর কিমি খাল খনন করার কথা ছিলো,1,0.5695780002540203
3 After Forming Government,3_after_forming_government,1592,কতটুকু হইলো?,কতটুকু হইলো,0,0.4000877728668568
3 After Forming Government,3_after_forming_government,1593,আমার পেইজটা একটু প্রমোট করে দেন দাদা,আমার পেইজটা একটু প্রমোট করে দেন দাদা,4,0.5495770595595089
3 After Forming Government,3_after_forming_government,1596,সংবিধান অনুযায়ী এই সরকার কি বৈধ হবে ?,সংবিধান অনুযায়ী এই সরকার কি বৈধ হবে,2,0.6391795774036774
3 After Forming Government,3_after_forming_government,1598,দরকার বলে মনে করিনা,দরকার বলে মনে করিনা,1,0.4319308156144204
3 After Forming Government,3_after_forming_government,1599,এই নামে ১০০/২০০ পেইজ খোলা হয়েগেছে দেখেন,এই নামে পেইজ খোলা হয়েগেছে দেখেন,4,0.8656640607505768
3 After Forming Government,3_after_forming_government,1600,এটা রিয়েল https://www.facebook.com/share/1Ag5QYzkS4/,এটা রিয়েল,0,0.5999828937872456
3 After Forming Government,3_after_forming_government,1601,Copy paste for India,copy paste for india,2,0.5510989112144717
3 After Forming Government,3_after_forming_government,1602,Congratulation.,congratulation,0,0.2
3 After Forming Government,3_after_forming_government,1604,#TopFans,topfans,0,0.2
3 After Forming Government,3_after_forming_government,1605,এটা অফিসিয়ালি পেজ নয়। এটা একটা মিম পেজ।,এটা অফিসিয়ালি পেজ নয় এটা একটা মিম পেজ,4,0.5499052210709444
3 After Forming Government,3_after_forming_government,1606,Eyda tu official page na,eyda tu official page na,1,0.5999957162684124
3 After Forming Government,3_after_forming_government,1607,মসজিদের ইমাম খতিবদের বেতনের কথা দিয়েছিলেন দেখি কেমন পালন করেন।,মসজিদের ইমাম খতিবদের বেতনের কথা দিয়েছিলেন দেখি কেমন পালন করেন,3,0.8382247918736291
3 After Forming Government,3_after_forming_government,1608,PMO Bangladesh,pmo bangladesh,4,0.7307352673876699
3 After Forming Government,3_after_forming_government,1609,PMO India,pmo india,2,0.4000190569623359
3 After Forming Government,3_after_forming_government,1610,@PMO_Bangladesh,pmo bangladesh,4,0.7307352673876699
3 After Forming Government,3_after_forming_government,1611,(I have a plan) nice plan,i have a plan nice plan,2,0.8399977228652836
3 After Forming Government,3_after_forming_government,1612,Indian copy,indian copy,0,0.5999759062471546
3 After Forming Government,3_after_forming_government,1613,Parves Hasan আগামীর নান্দাইল এর ভবিষ্যৎ,parves hasan আগামীর নান্দাইল এর ভবিষ্যৎ,2,0.5996426398816653
3 After Forming Government,3_after_forming_government,1614,New content creator,new content creator,3,0.5999847841630991
3 After Forming Government,3_after_forming_government,1615,লাগবে না,লাগবে না,4,0.5987079363982492
3 After Forming Government,3_after_forming_government,1616,অসাধারণ,অসাধারণ,0,0.2
3 After Forming Government,3_after_forming_government,1620,ব্যক্তিগত পার্সোনাল আইডি,ব্যক্তিগত পার্সোনাল আইডি,0,0.5994725415503255
3 After Forming Government,3_after_forming_government,1621,এড়িয়ে চলুন সবাই,এড়িয়ে চলুন সবাই,0,0.5982235537327683
3 After Forming Government,3_after_forming_government,1622,ইঞ্জিনিয়ার তারেক রহমানকে অভিনন্দন,ইঞ্জিনিয়ার তারেক রহমানকে অভিনন্দন,4,0.5500627538487787
3 After Forming Government,3_after_forming_government,1625,খাম্বা,খাম্বা,2,0.5999943905149863
3 After Forming Government,3_after_forming_government,1627,খাম্বার মেয়ে জমিলা রহমান,খাম্বার মেয়ে জমিলা রহমান,4,0.7327887113641269
3 After Forming Government,3_after_forming_government,1628,যাই একটা ফলো দিয়ে আসি!,যাই একটা ফলো দিয়ে আসি,3,0.7333244811763957
3 After Forming Government,3_after_forming_government,1629,এতো আপডেট দিয়া কি হবে।। জনগণ গরীবই থাকবে,এতো আপডেট দিয়া কি হবে জনগণ গরীবই থাকবে,2,0.4941511452296027
3 After Forming Government,3_after_forming_government,1630,আলহামদুলিল্লাহ আলহামদুলিল্লাহ ভাই,আলহামদুলিল্লাহ আলহামদুলিল্লাহ ভাই,2,0.797664218583546
3 After Forming Government,3_after_forming_government,1631,ফাস্ট ফলোয়ার,ফাস্ট ফলোয়ার,4,0.5990255851422283
3 After Forming Government,3_after_forming_government,1633,আচ্ছা।,আচ্ছা,1,0.5999963391720382
3 After Forming Government,3_after_forming_government,1634,Page a follow,page a follow,0,0.2
3 After Forming Government,3_after_forming_government,1635,like diye dilam,like diye dilam,0,0.2
3 After Forming Government,3_after_forming_government,1636,কিসে পাবো,কিসে পাবো,0,0.7299382375808775
3 After Forming Government,3_after_forming_government,1637,ফেসবুক আইডিতে ব্লু টিক নিলে ইনবক্সে করুন এখনই ৩৮ টাকায়,ফেসবুক আইডিতে ব্লু টিক নিলে ইনবক্সে করুন এখনই টাকায়,1,0.45100232438460564
3 After Forming Government,3_after_forming_government,1638,মানুষ আজ উন্নয়নের পরিকল্পনা করছে ।,মানুষ আজ উন্নয়নের পরিকল্পনা করছে,4,0.7993391346737991
3 After Forming Government,3_after_forming_government,1639,"একটা মানুষ দেশের জন্য কাজ করবে। তিনি দেশের প্রতিনিধি তার সব গতি, কার্যক্রম ও রাজনৈতিক অবস্থা কিছু দিন দেখে তারপর আপনার আজেবাজে মন্তব্য করেন। সুযোগ দেন ভালো কাজে সবাই সাপোর্ট করুন।",একটা মানুষ দেশের জন্য কাজ করবে তিনি দেশের প্রতিনিধি তার সব গতি কার্যক্রম ও রাজনৈতিক অবস্থা কিছু দিন দেখে তারপর আপনার আজেবাজে মন্তব্য করেন সুযোগ দেন ভালো কাজে সবাই সাপোর্ট করুন,4,0.5502388430612171
3 After Forming Government,3_after_forming_government,1640,দেশ কারো একার না আমাদের সবার। সুতরাং নিজের মন মানষিকতা পরিবর্তন করেন। প্রধানমন্ত্রী তারেক রহমান যেহেতু কার্যক্রম ভালো ভাবে শুরু করছে এটা কিছু মাস দেখি। দেশপ্রেম থাকা জরুরি,দেশ কারো একার না আমাদের সবার সুতরাং নিজের মন মানষিকতা পরিবর্তন করেন প্রধানমন্ত্রী তারেক রহমান যেহেতু কার্যক্রম ভালো ভাবে শুরু করছে এটা কিছু মাস দেখি দেশপ্রেম থাকা জরুরি,4,0.41443015373039316
3 After Forming Government,3_after_forming_government,1641,PMO Bangladesh প্রধানমন্ত্রী কার্যালয়,pmo bangladesh প্রধানমন্ত্রী কার্যালয়,4,0.8393582782408809
3 After Forming Government,3_after_forming_government,1642,তার মানে এই পেজ টা তুরা চালাস?,তার মানে এই পেজ টা তুরা চালাস,4,0.799998108858853
3 After Forming Government,3_after_forming_government,1643,প্রধানমন্ত্রীর টা তো ভেরিফাই করা,প্রধানমন্ত্রীর টা তো ভেরিফাই করা,4,0.7317577627809252
3 After Forming Government,3_after_forming_government,1644,এবং সেটাতে ফলোয়ার এক মিলিয়ন এর কাছাকাছি,এবং সেটাতে ফলোয়ার এক মিলিয়ন এর কাছাকাছি,4,0.5990255851422283
3 After Forming Government,3_after_forming_government,1645,এটা কি প্রতারণা না?,এটা কি প্রতারণা না,0,0.5982848938883647
3 After Forming Government,3_after_forming_government,1646,চুদনা জাতি পেয়ে ফলোয়ার বাড়ানোর ধান্দা?,চুদনা জাতি পেয়ে ফলোয়ার বাড়ানোর ধান্দা,2,0.8370138242174721
3 After Forming Government,3_after_forming_government,1647,বিদেশে গিয়ে Vigo Life এর মাধ্যমে জুয়া খেলে কোটি কোটি টাকা নষ্ট করছে। বাংলাদেশ থেকে বিদেশ গিয়ে ওই টাকা মেয়েদের পিছনে খরচ করতেছে। আর তাতে ওই টাকা গুলো বাংলাদেশে আর পাঠাতে পারছে না। এতে দেশের অনেক ক্ষতি হচ্ছে। আর এই Vigo Life এর কারণে মেয়েরা টাকা লোভে পোরে নিজেদের ইজ্জত বিলিয়ে দিচ্ছে। এই ভাবে অনেক সংসার নষ্ট হয়ে গিয়েছে। আপনারা দেশটা বাচান। আপনারা সবাই মিলে আমার পাশে একটু দারান। আমি একা একা আর এগিয়ে যেতে পারছি না। আপনার একটা পোষ্ট ও শেয়ার এর জন্য অনেক গুলো পরিবার বেচে যাবে।,বিদেশে গিয়ে vigo life এর মাধ্যমে জুয়া খেলে কোটি কোটি টাকা নষ্ট করছে বাংলাদেশ থেকে বিদেশ গিয়ে ওই টাকা মেয়েদের পিছনে খরচ করতেছে আর তাতে ওই টাকা গুলো বাংলাদেশে আর পাঠাতে পারছে না এতে দেশের অনেক ক্ষতি হচ্ছে আর এই vigo life এর কারণে মেয়েরা টাকা লোভে পোরে নিজেদের ইজ্জত বিলিয়ে দিচ্ছে এই ভাবে অনেক সংসার নষ্ট হয়ে গিয়েছে আপনারা দেশটা বাচান আপনারা সবাই মিলে আমার পাশে একটু দারান আমি একা একা আর এগিয়ে যেতে পারছি না আপনার একটা পোষ্ট ও শেয়ার এর জন্য অনেক গুলো পরিবার বেচে যাবে,4,0.4301517801622161
3 After Forming Government,3_after_forming_government,1648,আলহামদুলিল্লাহ্,আলহামদুলিল্লাহ্,2,0.5999989241498305
3 After Forming Government,3_after_forming_government,1649,"৭১এর ঘাতক রাজাকার জামায়াত শিবিরের মব ডিজাইন,ধ্বংস হয়েছে।",এর ঘাতক রাজাকার জামায়াত শিবিরের মব ডিজাইন ধ্বংস হয়েছে,0,0.4023574645444419
3 After Forming Government,3_after_forming_government,1650,সবিই মিথ্যা কথা বলবে এখানে,সবিই মিথ্যা কথা বলবে এখানে,0,0.798315743732021
3 After Forming Government,3_after_forming_government,1651,লিংকঃ,লিংকঃ,0,0.2
3 After Forming Government,3_after_forming_government,1652,বিএনপি র পা চাটা গোলাম,বিএনপি র পা চাটা গোলাম,1,0.7972606003671091
3 After Forming Government,3_after_forming_government,1653,ভোটচুরির কাজালয় হবে,ভোটচুরির কাজালয় হবে,0,0.2
3 After Forming Government,3_after_forming_government,1654,আমাদের দেশে হবে সেই ছেলে কবে,আমাদের দেশে হবে সেই ছেলে কবে,1,0.5262172182287932
3 After Forming Government,3_after_forming_government,1655,কথায় না বড়ো হয়ে কাজে বড়ো হবে,কথায় না বড়ো হয়ে কাজে বড়ো হবে,3,0.865753192806228
3 After Forming Government,3_after_forming_government,1656,কথা আর কাজে যাতে মিল থাকে,কথা আর কাজে যাতে মিল থাকে,2,0.8386594080250414
3 After Forming Government,3_after_forming_government,1657,যদি কথায় কাজে মিল থাকে তাহলে স্যালুট আপনাদেরকে।।।,যদি কথায় কাজে মিল থাকে তাহলে স্যালুট আপনাদেরকে,2,0.40319663708252407
3 After Forming Government,3_after_forming_government,1658,বাস্তবায়ন দেখতে চাই তাহলে তুমিই হবে বাংলার রিয়াল হিরো।,বাস্তবায়ন দেখতে চাই তাহলে তুমিই হবে বাংলার রিয়াল হিরো,3,0.5075244958045853
3 After Forming Government,3_after_forming_government,1659,জামাতের বুকে কাঁপন ধরানোর জন্য এক ইশরাক-ই যথেষ্ট!।,জামাতের বুকে কাঁপন ধরানোর জন্য এক ইশরাক ই যথেষ্ট,3,0.3002392493950925
3 After Forming Government,3_after_forming_government,1660,সেলুট ক্যাপ্টেন ।।।্।।।,সেলুট ক্যাপ্টেন ্,0,0.2
3 After Forming Government,3_after_forming_government,1661,কথায় নয় কাজে দেখত চাই। তাইলে এই দেশ সোনার বাংলা হবে,কথায় নয় কাজে দেখত চাই তাইলে এই দেশ সোনার বাংলা হবে,3,0.6497002970010893
3 After Forming Government,3_after_forming_government,1662,"সাবাশ! এদেশ আপনাদের মত নেতা চায়, সুযোগ আসছে মহান নেতা হওয়ার",সাবাশ এদেশ আপনাদের মত নেতা চায় সুযোগ আসছে মহান নেতা হওয়ার,3,0.5250161620953081
3 After Forming Government,3_after_forming_government,1663,কথায় কাজে মিল থাকলে হাজার শুকরিয়া,কথায় কাজে মিল থাকলে হাজার শুকরিয়া,3,0.4496808849945447
3 After Forming Government,3_after_forming_government,1664,বয়ানের সাথে কাজের মিল থাকলেই হলো।,বয়ানের সাথে কাজের মিল থাকলেই হলো,2,0.6401320185973018
3 After Forming Government,3_after_forming_government,1665,যুদ্ধ কী শুধু ফেইসবুকে?,যুদ্ধ কী শুধু ফেইসবুকে,3,0.40032047356552786
3 After Forming Government,3_after_forming_government,1666,"পৃথিবী একটি নাট্যমঞ্চ,",পৃথিবী একটি নাট্যমঞ্চ,0,0.5999829988983947
3 After Forming Government,3_after_forming_government,1667,বাংলাদেশ তার সদর দপ্তর।,বাংলাদেশ তার সদর দপ্তর,4,0.5988131353025141
3 After Forming Government,3_after_forming_government,1668,বাস্তব হলে দোয়া ককরব,বাস্তব হলে দোয়া ককরব,3,0.7987126412809802
3 After Forming Government,3_after_forming_government,1669,আপনার এ কথার জন্য ৫ বছর শেষে বাহবা দিবো ইনশাআল্লাহ যদি কথা ও কাজে মিল পাই আপাতত ঘোষণা দেওয়ার জন্য ধন্যবাদ।,আপনার এ কথার জন্য বছর শেষে বাহবা দিবো ইনশাআল্লাহ যদি কথা ও কাজে মিল পাই আপাতত ঘোষণা দেওয়ার জন্য ধন্যবাদ,2,0.8352838888992336
3 After Forming Government,3_after_forming_government,1670,কথায় না কাজে বড় হতে হবে শ্রদ্বিও মানোনিও সাহেব,কথায় না কাজে বড় হতে হবে শ্রদ্বিও মানোনিও সাহেব,3,0.6564691697243044
3 After Forming Government,3_after_forming_government,1671,এইতো ইসরাক ভাই এই কথাই তো শুনতে চাইছিলাম। আপনার হুংকার শুনে খুবই ভালো লাগলো জনগণের পক্ষে থাকবেন সাপোর্ট পাবেন।,এইতো ইসরাক ভাই এই কথাই তো শুনতে চাইছিলাম আপনার হুংকার শুনে খুবই ভালো লাগলো জনগণের পক্ষে থাকবেন সাপোর্ট পাবেন,4,0.9453579138661548
3 After Forming Government,3_after_forming_government,1672,congratulations. কথা টা শুনে আত্তা ঠান্ডা হয়ে গেল। যদি এই কথাই সত্য হয় তাহলে আর ভোট চাওয়া লাগবে না। জনগন বাসাই গিয়ে ভোট দিয়ে আসবে।,congratulations কথা টা শুনে আত্তা ঠান্ডা হয়ে গেল যদি এই কথাই সত্য হয় তাহলে আর ভোট চাওয়া লাগবে না জনগন বাসাই গিয়ে ভোট দিয়ে আসবে,4,0.9455862894277822
3 After Forming Government,3_after_forming_government,1673,কিন্তু বাস্তবে দেখছি সকল জিনিসপত্র দাম ১ম রোযাতেই বেড়ে গেলো,কিন্তু বাস্তবে দেখছি সকল জিনিসপত্র দাম ম রোযাতেই বেড়ে গেলো,3,0.5290055491911676
3 After Forming Government,3_after_forming_government,1674,"এমন নেতা আমরা বাংলাদেশে চাই,",এমন নেতা আমরা বাংলাদেশে চাই,3,0.8391153874627242
3 After Forming Government,3_after_forming_government,1675,সে যে দলেরই হোক।,সে যে দলেরই হোক,4,0.3990854965574671
3 After Forming Government,3_after_forming_government,1676,তোমার এই যুদ্ধে আমরাও তোমার সাথে আছি ইনশাল্লাহ।,তোমার এই যুদ্ধে আমরাও তোমার সাথে আছি ইনশাল্লাহ,3,0.7984473813273295
3 After Forming Government,3_after_forming_government,1677,এই কথা জন্য আপনাকে অনেক ধন্যবাদ,এই কথা জন্য আপনাকে অনেক ধন্যবাদ,3,0.7304306788428182
3 After Forming Government,3_after_forming_government,1678,এই ধরনের নেতারই দরকার বাংলাদেশে সে যে দলেরই হোক,এই ধরনের নেতারই দরকার বাংলাদেশে সে যে দলেরই হোক,3,0.5317319584291172
3 After Forming Government,3_after_forming_government,1679,কথা কাজে যেন মিল থাকে।,কথা কাজে যেন মিল থাকে,2,0.7986675162783838
3 After Forming Government,3_after_forming_government,1680,ট্রাম্পের শান্তি প্রতিষ্ঠার মত কথা.....!!!!,ট্রাম্পের শান্তি প্রতিষ্ঠার মত কথা,4,0.3972820089538454
3 After Forming Government,3_after_forming_government,1681,ঠিক আছে,ঠিক আছে,4,0.5999992496587379
3 After Forming Government,3_after_forming_government,1682,কথায় নয় কাজে পরিচয়,কথায় নয় কাজে পরিচয়,3,0.8388369171466556
3 After Forming Government,3_after_forming_government,1683,কথা আর কাজের মিল থাকলে জনগণের জন্যই ভালো,কথা আর কাজের মিল থাকলে জনগণের জন্যই ভালো,2,0.8778552972779265
3 After Forming Government,3_after_forming_government,1684,কথা কাজে মিল থাকলে জাতীয় নেতা হতে পারবে।,কথা কাজে মিল থাকলে জাতীয় নেতা হতে পারবে,3,0.5771167733927962
3 After Forming Government,3_after_forming_government,1685,"কথায় বড় না হয়ে কাজে বড় হোন,",কথায় বড় না হয়ে কাজে বড় হোন,3,0.8658610142426055
3 After Forming Government,3_after_forming_government,1686,যুগ যুগ ধরে মন্ত্রীদের এই কথা শুনে গেলাম তত্ত্বাবধায়ক সরকার বা ইন্টেরিয়িং ছাড়া মোটামুটি ভাবে আর কেউ বাস্তবায়ন করতে পারেনি।,যুগ যুগ ধরে মন্ত্রীদের এই কথা শুনে গেলাম তত্ত্বাবধায়ক সরকার বা ইন্টেরিয়িং ছাড়া মোটামুটি ভাবে আর কেউ বাস্তবায়ন করতে পারেনি,2,0.825529213569322
3 After Forming Government,3_after_forming_government,1687,আসলে সে নিজেই একজন মাফিয়া,আসলে সে নিজেই একজন মাফিয়া,3,0.8388830420142402
3 After Forming Government,3_after_forming_government,1688,আসলে মাফিয়া কাদেরকে বুঝালো..? যারা অন্যায়ের প্রতিবাদ করবো তাদেরেকে.?,আসলে মাফিয়া কাদেরকে বুঝালো যারা অন্যায়ের প্রতিবাদ করবো তাদেরেকে,3,0.8852306039698428
3 After Forming Government,3_after_forming_government,1689,Boss kotha ta kaje valo vabe lagayen,boss kotha ta kaje valo vabe lagayen,1,0.4842406379605397
3 After Forming Government,3_after_forming_government,1690,ক্রিকেট মাফিয়া তামিমের কি হবে এখন?,ক্রিকেট মাফিয়া তামিমের কি হবে এখন,3,0.5999992535308076
3 After Forming Government,3_after_forming_government,1691,হেয় নিজে কী?,হেয় নিজে কী,3,0.5991485490476394
3 After Forming Government,3_after_forming_government,1692,চিল্লাও কম মিয়া!,চিল্লাও কম মিয়া,3,0.7325797699748465
3 After Forming Government,3_after_forming_government,1693,কাজে পরিচয় হবে।,কাজে পরিচয় হবে,2,0.7301511557736878
3 After Forming Government,3_after_forming_government,1694,"মুখে মুখে না, আমরা কাজে বিশ্বাসী।",মুখে মুখে না আমরা কাজে বিশ্বাসী,3,0.5210132188515937
3 After Forming Government,3_after_forming_government,1695,চালিয়ে যান আমরা জনগণ আপনাদের পাশে আছি,চালিয়ে যান আমরা জনগণ আপনাদের পাশে আছি,0,0.6062087731518072
3 After Forming Government,3_after_forming_government,1696,নিজের আপন ভায়ের সাথে কিভাবে যুদ্ধ করবেন স্যার?,নিজের আপন ভায়ের সাথে কিভাবে যুদ্ধ করবেন স্যার,3,0.6805688262328562
3 After Forming Government,3_after_forming_government,1697,মেয়র হওয়ার মত,মেয়র হওয়ার মত,0,0.7317073011018287
3 After Forming Government,3_after_forming_government,1698,হাস্যকর! নিজের বিরুদ্ধে কেউ যুদ্ধ করে?,হাস্যকর নিজের বিরুদ্ধে কেউ যুদ্ধ করে,3,0.8398521467363216
3 After Forming Government,3_after_forming_government,1699,BNP bole ekta kore arekta proman Julay shonod,bnp bole ekta kore arekta proman julay shonod,2,0.5503037287754334
3 After Forming Government,3_after_forming_government,1700,২০০ টাকা চাদার জন্য যারা রাস্তায় হকার বসিয়ে,টাকা চাদার জন্য যারা রাস্তায় হকার বসিয়ে,4,0.7979715832892176
3 After Forming Government,3_after_forming_government,1701,চাঁদা খেয়ে মানুষকে কষ্ট দেয় তাদেরকে কেউ কিছু বলতে পারেনা কেনো?,চাঁদা খেয়ে মানুষকে কষ্ট দেয় তাদেরকে কেউ কিছু বলতে পারেনা কেনো,0,0.6050801634497394
3 After Forming Government,3_after_forming_government,1702,"কথায় না বলে কাজে প্রমাণ করেন,,আমার দেশের নেতারা মুখে অনেক বড় বড় কথা কাজের বেলায় কিছুই নেই,,,",কথায় না বলে কাজে প্রমাণ করেন আমার দেশের নেতারা মুখে অনেক বড় বড় কথা কাজের বেলায় কিছুই নেই,3,0.8420903490431653
3 After Forming Government,3_after_forming_government,1703,"আওয়াজ দেওয়া শেষ কামও শেষ, বাসায় যেয়ে খেতা মুড়ি দিয়ে ঘুমায় থাকো গিয়ে।",আওয়াজ দেওয়া শেষ কামও শেষ বাসায় যেয়ে খেতা মুড়ি দিয়ে ঘুমায় থাকো গিয়ে,4,0.8842210645981432
3 After Forming Government,3_after_forming_government,1704,নিজের দলের মাফিয়া সামলালে দেশ ১০০% নিরাপদ,নিজের দলের মাফিয়া সামলালে দেশ নিরাপদ,3,0.8657105039718035
3 After Forming Government,3_after_forming_government,1705,Kotha kajer mil raikhen,kotha kajer mil raikhen,3,0.5964036997502224
3 After Forming Government,3_after_forming_government,1706,অখেই ভাডি,অখেই ভাডি,0,0.2
3 After Forming Government,3_after_forming_government,1707,শুভকামনা,শুভকামনা,3,0.5999945686946889
3 After Forming Government,3_after_forming_government,1708,সাব্বাশ! এই কথা পালন করতে পারলেই হয়,সাব্বাশ এই কথা পালন করতে পারলেই হয়,3,0.7965735844161189
3 After Forming Government,3_after_forming_government,1709,নিজে আবার মাফিয়া হৈয়ো না!,নিজে আবার মাফিয়া হৈয়ো না,3,0.5795296364348655
3 After Forming Government,3_after_forming_government,1710,ডাকায়া ওয়াজ,ডাকায়া ওয়াজ,0,0.2
3 After Forming Government,3_after_forming_government,1711,Shame for ishrak,shame for ishrak,2,0.5999897041245269
3 After Forming Government,3_after_forming_government,1712,আমার শটগান'টা নিয়ে আয় তো দুইটা ফাঁকা আওয়াজ দেয়।,আমার শটগান টা নিয়ে আয় তো দুইটা ফাঁকা আওয়াজ দেয়,0,0.6659535922553736
3 After Forming Government,3_after_forming_government,1713,সোয়াবিন তেল আগে ছিল ১৯০টাকা।এখন ২২০ টাকা,সোয়াবিন তেল আগে ছিল টাকা এখন টাকা,0,0.7978725659020203
3 After Forming Government,3_after_forming_government,1714,হাসিনার সময় মন্ত্রী এই কথা বলার সাহস ছিল না ধন্যবাদ বিএনপি সরকার কে,হাসিনার সময় মন্ত্রী এই কথা বলার সাহস ছিল না ধন্যবাদ বিএনপি সরকার কে,4,0.4956566013124142
3 After Forming Government,3_after_forming_government,1715,Kysa laga mera majak,kysa laga mera majak,0,0.2
3 After Forming Government,3_after_forming_government,1716,হাস্যকর,হাস্যকর,3,0.5994588561541568
3 After Forming Government,3_after_forming_government,1717,গলা না বাজায়া বাস্তবে করে দেখান মিয়া,গলা না বাজায়া বাস্তবে করে দেখান মিয়া,3,0.8399450376894481
3 After Forming Government,3_after_forming_government,1718,কথায় আর কাজে মিল দেখতে চাই,কথায় আর কাজে মিল দেখতে চাই,3,0.6840244750079659
3 After Forming Government,3_after_forming_government,1719,Sha nije kih,sha nije kih,0,0.2
3 After Forming Government,3_after_forming_government,1720,Vaiya kisu kaj a dakiye den,vaiya kisu kaj a dakiye den,2,0.5990201578530175
3 After Forming Government,3_after_forming_government,1721,এইগুলা শুধু সোশ্যাল মিডিয়ায় বাস্তবে কার্যকর হয় না,এইগুলা শুধু সোশ্যাল মিডিয়ায় বাস্তবে কার্যকর হয় না,3,0.7993476901524708
3 After Forming Government,3_after_forming_government,1722,Ball falaibo,ball falaibo,0,0.2
3 After Forming Government,3_after_forming_government,1723,নিজেই একটা মাফিয়া,নিজেই একটা মাফিয়া,3,0.7333326239278217
3 After Forming Government,3_after_forming_government,1724,Khota jeno money thake buly jeona kinto,khota jeno money thake buly jeona kinto,1,0.5999731280254694
3 After Forming Government,3_after_forming_government,1725,New dimension of CHANDA,new dimension of chanda,2,0.40025136484558244
3 After Forming Government,3_after_forming_government,1726,যুদ্ধের টিকে থাকা লড়াই দেখা যাবে ইনশাআল্লাহ,যুদ্ধের টিকে থাকা লড়াই দেখা যাবে ইনশাআল্লাহ,4,0.527293576651764
3 After Forming Government,3_after_forming_government,1727,"ফেসবুকে নয়, বাস্তবে পরিণত করুন। ডাইরেক্ট একশনে যেতে হবে।",ফেসবুকে নয় বাস্তবে পরিণত করুন ডাইরেক্ট একশনে যেতে হবে,3,0.5334621302685735
3 After Forming Government,3_after_forming_government,1728,এখানে মাফিয়া দলের চ্যাং রা হাহা দিছে আগে ওগো ধরেন,এখানে মাফিয়া দলের চ্যাং রা হাহা দিছে আগে ওগো ধরেন,3,0.4868496881871395
3 After Forming Government,3_after_forming_government,1729,ঘুষ ঘোষণা করলো।,ঘুষ ঘোষণা করলো,0,0.3994939643618492
3 After Forming Government,3_after_forming_government,1730,প্লিজ সিলিন্ডার গ্যাস এর দাম কমান,প্লিজ সিলিন্ডার গ্যাস এর দাম কমান,2,0.799770306007532
3 After Forming Government,3_after_forming_government,1731,ভাল্লাগছে,ভাল্লাগছে,0,0.2
3 After Forming Government,3_after_forming_government,1732,ভাই এত দিন কিছু করতে পারেননি এখন দেখি হঠাৎ করে শরীরের থেকে আগুন বর হচ্ছে আপনার ভিটামিন খাইছেন নি ভাই,ভাই এত দিন কিছু করতে পারেননি এখন দেখি হঠাৎ করে শরীরের থেকে আগুন বর হচ্ছে আপনার ভিটামিন খাইছেন নি ভাই,1,0.7379880255409336
3 After Forming Government,3_after_forming_government,1733,দ্রুত বাস্তবায়ন করুন,দ্রুত বাস্তবায়ন করুন,0,0.444820392876526
3 After Forming Government,3_after_forming_government,1734,ধন্যবাদ কথা মত কাজ করলে অভিনন্দন,ধন্যবাদ কথা মত কাজ করলে অভিনন্দন,3,0.4960790107426859
3 After Forming Government,3_after_forming_government,1735,নতুন কিছু বলেন,নতুন কিছু বলেন,4,0.7299188778200615
3 After Forming Government,3_after_forming_government,1736,দেখা যাক দরবেশ সাহেব,দেখা যাক দরবেশ সাহেব,2,0.798033089899253
3 After Forming Government,3_after_forming_government,1737,Video ta mone hoi dekhe nai,video ta mone hoi dekhe nai,2,0.7999955879809656
3 After Forming Government,3_after_forming_government,1738,বট আইডি গুলো হা হা দিছে ।।।,বট আইডি গুলো হা হা দিছে,0,0.8395178088848554
3 After Forming Government,3_after_forming_government,1739,ঘেরাও হবে,ঘেরাও হবে,1,0.5999870937333474
3 After Forming Government,3_after_forming_government,1740,"৪৫নং ওয়ার্ডের তৃণমূল থেকে হাইব্রিড পর্যন্ত খবর নিতে হবে, দৈনন্দিন জীবন কি করতেছে?তারা বেকার অবস্থায় আলিশান ভাবে চলছে, কিন্তু ৫ই আগস্ট আগে তাদের অবস্থা খুব করুন ছিল, এগুলি আগে ভালোভাবে খোঁজখবর নিয়ে তারপর বাজার মনিটরিং করুন। তাদের জন্য আজ সাধারণ লোকজন জীবনযাপন অনেক কষ্টের এবং দূরভোগ পোহাতে হচ্ছে। চাঁদাবাজ নির্মূল করুন। ইনশাআল্লাহ বাংলাদেশ জাতীয়তাবাদ দল, জিয়াউর রহমানের আদশকে স্মরণ করে সকলকে পদক্ষেপ নিতে হবে।",নং ওয়ার্ডের তৃণমূল থেকে হাইব্রিড পর্যন্ত খবর নিতে হবে দৈনন্দিন জীবন কি করতেছে তারা বেকার অবস্থায় আলিশান ভাবে চলছে কিন্তু ই আগস্ট আগে তাদের অবস্থা খুব করুন ছিল এগুলি আগে ভালোভাবে খোঁজখবর নিয়ে তারপর বাজার মনিটরিং করুন তাদের জন্য আজ সাধারণ লোকজন জীবনযাপন অনেক কষ্টের এবং দূরভোগ পোহাতে হচ্ছে চাঁদাবাজ নির্মূল করুন ইনশাআল্লাহ বাংলাদেশ জাতীয়তাবাদ দল জিয়াউর রহমানের আদশকে স্মরণ করে সকলকে পদক্ষেপ নিতে হবে,4,0.9719037519404353
3 After Forming Government,3_after_forming_government,1741,দলের চেয়ে দেশ বড়,দলের চেয়ে দেশ বড়,3,0.6382532818755577
3 After Forming Government,3_after_forming_government,1742,দেশের চেয়ে,দেশের চেয়ে,4,0.40008316399309246
3 After Forming Government,3_after_forming_government,1743,"জাতি বড়,",জাতি বড়,3,0.7287152007404313
3 After Forming Government,3_after_forming_government,1744,এই কথাটি কাজে প্রমাণ করতে হবে এটাই সাধারণ জনগণের আশা আলো হয়ে আছে।,এই কথাটি কাজে প্রমাণ করতে হবে এটাই সাধারণ জনগণের আশা আলো হয়ে আছে,3,0.5574493470423953
3 After Forming Government,3_after_forming_government,1745,আরে আসল কথা ওই সব কোম্পানি কাছ থেকে টাকা খাওয়ার ধান্দা। এখুন ওই সব কোম্পানি তার কাছে এসে টাকা দিয়ে যাবেনি। জনগণও খুশি সেও খুশি।,আরে আসল কথা ওই সব কোম্পানি কাছ থেকে টাকা খাওয়ার ধান্দা এখুন ওই সব কোম্পানি তার কাছে এসে টাকা দিয়ে যাবেনি জনগণও খুশি সেও খুশি,0,0.937976205294869
3 After Forming Government,3_after_forming_government,1746,চাদা দিয়ে দিলে সব শেষ,চাদা দিয়ে দিলে সব শেষ,0,0.5163047357085309
3 After Forming Government,3_after_forming_government,1747,ভালো কথা,ভালো কথা,2,0.5962681181141288
3 After Forming Government,3_after_forming_government,1748,বৃক্ষ তোমার নাম কি?? ফলে পরিচয়।,বৃক্ষ তোমার নাম কি ফলে পরিচয়,2,0.8396393054523683
3 After Forming Government,3_after_forming_government,1749,চেতিল,চেতিল,0,0.2
3 After Forming Government,3_after_forming_government,1750,বাংলাদেশের মানুষের এখন আর কথায় খায় না,বাংলাদেশের মানুষের এখন আর কথায় খায় না,3,0.838003622198329
3 After Forming Government,3_after_forming_government,1751,সম্ভবত পকেটে কমিশন ঢুকে নাই তাই এমন হুংকার,সম্ভবত পকেটে কমিশন ঢুকে নাই তাই এমন হুংকার,0,0.8657687483123586
3 After Forming Government,3_after_forming_government,1752,চাপা মারিস না ভাই,চাপা মারিস না ভাই,0,0.7273437650413213
3 After Forming Government,3_after_forming_government,1753,কাজ কর মন দিয়ে,কাজ কর মন দিয়ে,3,0.7964323498463556
3 After Forming Government,3_after_forming_government,1754,"ভাই কেউ ওরে ১ টা বান্ডিল হাতে দেন,,, দেখেন পোস্টটা ডিলিট করছে",ভাই কেউ ওরে টা বান্ডিল হাতে দেন দেখেন পোস্টটা ডিলিট করছে,4,0.45360007916821016
3 After Forming Government,3_after_forming_government,1755,কথা আর কাজে যেন মিল থাকে।,কথা আর কাজে যেন মিল থাকে,2,0.7986675162783838
3 After Forming Government,3_after_forming_government,1756,"সবার কথা সুন্দর ,, কাজের পরিচয় চাই",সবার কথা সুন্দর কাজের পরিচয় চাই,2,0.38489548998251627
3 After Forming Government,3_after_forming_government,1757,মুখের কথা নয় কাজ করে দেখান,মুখের কথা নয় কাজ করে দেখান,3,0.8395774623123369
3 After Forming Government,3_after_forming_government,1758,প্রথম দিনেই গাদ্দারি সামনের দিনগুলোতে দেখা বাকি,প্রথম দিনেই গাদ্দারি সামনের দিনগুলোতে দেখা বাকি,0,0.6884253156831698
3 After Forming Government,3_after_forming_government,1759,তাতো মানুষ এই এক সপ্তাহে দেখতে আছে,তাতো মানুষ এই এক সপ্তাহে দেখতে আছে,4,0.40001016195484096
3 After Forming Government,3_after_forming_government,1760,এই ঘোষণা কয়দিনের জন্য আল্লাহ ভাল জানেন,এই ঘোষণা কয়দিনের জন্য আল্লাহ ভাল জানেন,2,0.43801682274112513
3 After Forming Government,3_after_forming_government,1761,মাফিয়া সন্ত্রাসী কোন দলে আছে দেড় বছরে আমরা দেখেছি,মাফিয়া সন্ত্রাসী কোন দলে আছে দেড় বছরে আমরা দেখেছি,3,0.8651513698043546
3 After Forming Government,3_after_forming_government,1762,আপনাদের কাছে আমরা সবাই এই দিনের আশায় আচি,আপনাদের কাছে আমরা সবাই এই দিনের আশায় আচি,0,0.8377120976164427
3 After Forming Government,3_after_forming_government,1763,কথায় এবং কাজে মিল থাকতে হবে জনাব।,কথায় এবং কাজে মিল থাকতে হবে জনাব,3,0.682623639001404
3 After Forming Government,3_after_forming_government,1764,চাউল দাম আগের অবস্থানে ফিরিয়ে আনা হোক,চাউল দাম আগের অবস্থানে ফিরিয়ে আনা হোক,2,0.8389631121165583
3 After Forming Government,3_after_forming_government,1765,খাল কনোন আর গাছ লাগানো শুরু হোইছে নাকি তাই বলেন আগে,খাল কনোন আর গাছ লাগানো শুরু হোইছে নাকি তাই বলেন আগে,1,0.5332703918037489
3 After Forming Government,3_after_forming_government,1766,মাসাল্লাহ,মাসাল্লাহ,0,0.2
3 After Forming Government,3_after_forming_government,1767,তাদের কে সরকারী মেহমান বানিয়ে কয়েক দিন মেহমানদারী করলে সব সোজা হয়ে যাবে।,তাদের কে সরকারী মেহমান বানিয়ে কয়েক দিন মেহমানদারী করলে সব সোজা হয়ে যাবে,4,0.8988176391748823
3 After Forming Government,3_after_forming_government,1768,আগে আপনারা ঠিক হন,আগে আপনারা ঠিক হন,3,0.5154351230819121
3 After Forming Government,3_after_forming_government,1769,লো চাপাবাজি কাজ করুন,লো চাপাবাজি কাজ করুন,3,0.3993114955073664
3 After Forming Government,3_after_forming_government,1770,ডাস্টবিন পরিষ্কার করার জন্য,ডাস্টবিন পরিষ্কার করার জন্য,1,0.732823310803157
3 After Forming Government,3_after_forming_government,1771,আগে বাস্তবায়ন করেন।,আগে বাস্তবায়ন করেন,4,0.7302131646046467
3 After Forming Government,3_after_forming_government,1772,তাহলে সাধারণ জনগণ আপনাকে মাথায় করে রাখবে।,তাহলে সাধারণ জনগণ আপনাকে মাথায় করে রাখবে,0,0.5843923301979919
3 After Forming Government,3_after_forming_government,1773,প্রমাণ ছাড়া আর কিছুই বিশ্বাস নেই,প্রমাণ ছাড়া আর কিছুই বিশ্বাস নেই,3,0.8387752104626286
3 After Forming Government,3_after_forming_government,1774,ইনশাল্লাহ আল্লাহ সওয়া হউক আপনার প্রতি,ইনশাল্লাহ আল্লাহ সওয়া হউক আপনার প্রতি,2,0.4389683864953483
3 After Forming Government,3_after_forming_government,1775,মাফিয়াদের বিরুদ্ধে যুদ্ধ ঘোষণা করে কেউ যেন নতুন মাহিয়া না হয় ।,মাফিয়াদের বিরুদ্ধে যুদ্ধ ঘোষণা করে কেউ যেন নতুন মাহিয়া না হয়,3,0.700076041236892
3 After Forming Government,3_after_forming_government,1776,ভাতিজা ফেসবুকে যুদ্ধ না করে মাঠে যাও অন্তত রমজান মাসটা একটু জাতিকে শান্তি তো রাখো।,ভাতিজা ফেসবুকে যুদ্ধ না করে মাঠে যাও অন্তত রমজান মাসটা একটু জাতিকে শান্তি তো রাখো,3,0.9190776693768156
3 After Forming Government,3_after_forming_government,1777,ফলাফল দেখার অপেক্ষায়,ফলাফল দেখার অপেক্ষায়,1,0.7988791077601551
3 After Forming Government,3_after_forming_government,1778,"ধন্যবাদ প্রিয়,, বাস্তবায়নের অপেক্ষায় রইলাম",ধন্যবাদ প্রিয় বাস্তবায়নের অপেক্ষায় রইলাম,1,0.5324898287433062
3 After Forming Government,3_after_forming_government,1779,নিজের বিরুদ্ধে নিজেই যুদ্ধ করবে,নিজের বিরুদ্ধে নিজেই যুদ্ধ করবে,3,0.8398980545621151
3 After Forming Government,3_after_forming_government,1780,দেখা যাইবো মুখ দিয়ে বলছেন না ইয়ে দিযে বলছেন,দেখা যাইবো মুখ দিয়ে বলছেন না ইয়ে দিযে বলছেন,1,0.8392040587159618
3 After Forming Government,3_after_forming_government,1781,নিজেদের বিরুদ্ধে নিজেদের যুদ্ধ ঘোষণা করে ভালোই করেছে। ঠিক আছে নিজেদের সংশোধন করা কঠিন কাজ। বিসমিল্লাহ বলে আত্মসংশোধন শুরু করেন,নিজেদের বিরুদ্ধে নিজেদের যুদ্ধ ঘোষণা করে ভালোই করেছে ঠিক আছে নিজেদের সংশোধন করা কঠিন কাজ বিসমিল্লাহ বলে আত্মসংশোধন শুরু করেন,4,0.5229826667709242
3 After Forming Government,3_after_forming_government,1782,যারা নিজেরাই শপথ গ্রহণ করে ফেলে তাহলে মাফিয়া কাকে বলব,যারা নিজেরাই শপথ গ্রহণ করে ফেলে তাহলে মাফিয়া কাকে বলব,2,0.6863058707216597
3 After Forming Government,3_after_forming_government,1783,১৭ বছর হো*ল ছিড়েছ,বছর হো ল ছিড়েছ,2,0.5984521702278469
3 After Forming Government,3_after_forming_government,1784,ঘেরাও উপদেষ্টা,ঘেরাও উপদেষ্টা,1,0.5999870937333474
3 After Forming Government,3_after_forming_government,1785,আরে এটা যুদ্ধ ঘোষনা নারে পাগলা এটা জানিয়ে দিলো আমি ঐখান থেকে ভাগ চাই,আরে এটা যুদ্ধ ঘোষনা নারে পাগলা এটা জানিয়ে দিলো আমি ঐখান থেকে ভাগ চাই,3,0.3919317503449001
3 After Forming Government,3_after_forming_government,1786,Ei sov na bole,ei sov na bole,1,0.7309407445408502
3 After Forming Government,3_after_forming_government,1787,Vlo vabe implement koren,vlo vabe implement koren,3,0.5999816833465317
3 After Forming Government,3_after_forming_government,1788,নিজেই বড় মাফিয়া,নিজেই বড় মাফিয়া,3,0.7999995140322647
3 After Forming Government,3_after_forming_government,1789,এ আবার কেরে পাতি নেতা কি যে বলেরে ভাই।,এ আবার কেরে পাতি নেতা কি যে বলেরে ভাই,1,0.497806327761771
3 After Forming Government,3_after_forming_government,1790,জোকার।,জোকার,0,0.2
3 After Forming Government,3_after_forming_government,1791,এই বাংলাদেশই আমরা চেয়েছি,এই বাংলাদেশই আমরা চেয়েছি,0,0.2
3 After Forming Government,3_after_forming_government,1792,কিন্তু ভাই যুদ্ধ ফেসবুকে না অন্যায়কারির সাথেই করতে হবে,কিন্তু ভাই যুদ্ধ ফেসবুকে না অন্যায়কারির সাথেই করতে হবে,3,0.8358847981788724
3 After Forming Government,3_after_forming_government,1793,সে নিজেই এক জন্য মাফিয়া,সে নিজেই এক জন্য মাফিয়া,3,0.7985811530835749
3 After Forming Government,3_after_forming_government,1794,বৃক্ষ তোমার নাম কি ফলে পরিচয়,বৃক্ষ তোমার নাম কি ফলে পরিচয়,2,0.8396393054523683
3 After Forming Government,3_after_forming_government,1795,আজ থেকে আর কেউ খেতে পারবে না। শুধু আমি খাবো।,আজ থেকে আর কেউ খেতে পারবে না শুধু আমি খাবো,1,0.8374740891804163
3 After Forming Government,3_after_forming_government,1796,"Facebook e hunkar porjontoi,Ajkeu Esraker alakai amader wari te ekjon. Jalmuriolaer kac theke 50 tk cada nive",facebook e hunkar porjontoi ajkeu esraker alakai amader wari te ekjon jalmuriolaer kac theke tk cada nive,2,0.7962254906408137
3 After Forming Government,3_after_forming_government,1797,শুভকামনা রইল,শুভকামনা রইল,3,0.7333303057945072
3 After Forming Government,3_after_forming_government,1798,আনোয়ার টিভির নিউজ মনে করছিলাম,আনোয়ার টিভির নিউজ মনে করছিলাম,1,0.7996381487022702
3 After Forming Government,3_after_forming_government,1799,আল্লাহ সবাই কে সরল সঠিক পথে পরিচালিত করুক।,আল্লাহ সবাই কে সরল সঠিক পথে পরিচালিত করুক,4,0.4563422215443836
3 After Forming Government,3_after_forming_government,1800,seta dekhar opekhay aci ...abar 5year vlo kisu krte parle vlo kisu paben jonogoner kace insa allha,seta dekhar opekhay aci abar year vlo kisu krte parle vlo kisu paben jonogoner kace insa allha,3,0.7333227198412776
3 After Forming Government,3_after_forming_government,1801,Vole jaisna khomota chiro sthaie na,vole jaisna khomota chiro sthaie na,1,0.5999957162684124
3 After Forming Government,3_after_forming_government,1802,পারবেন না,পারবেন না,3,0.5996806408096539
3 After Forming Government,3_after_forming_government,1803,দেখা যাক কথা কাজে কত মিল,দেখা যাক কথা কাজে কত মিল,2,0.8647046796111648
3 After Forming Government,3_after_forming_government,1804,নিজেরাই আবার বড় মাফিয়া হয়ে উইঠেন্না?,নিজেরাই আবার বড় মাফিয়া হয়ে উইঠেন্না,3,0.45963014798241364
3 After Forming Government,3_after_forming_government,1805,যুদ্ধ ফেসবুকে।,যুদ্ধ ফেসবুকে,3,0.7333318018106016
3 After Forming Government,3_after_forming_government,1806,কথা না বলে কাজে প্রমাণ করে দেখান পারলে,কথা না বলে কাজে প্রমাণ করে দেখান পারলে,3,0.86558071221439
3 After Forming Government,3_after_forming_government,1807,একবারে আমাদের ইনুস দাদুর মত প্রথমে কত চাপা এই করব ওই করব আসলে কিছুই না এরাও কি সেরকম কিছু করবে,একবারে আমাদের ইনুস দাদুর মত প্রথমে কত চাপা এই করব ওই করব আসলে কিছুই না এরাও কি সেরকম কিছু করবে,3,0.5775401886165282
3 After Forming Government,3_after_forming_government,1808,ভাই নিজেই পীরে কামেল মাওলানা হযরত শাহ সুফী ইসরাক হোসেন,ভাই নিজেই পীরে কামেল মাওলানা হযরত শাহ সুফী ইসরাক হোসেন,3,0.7958659674632814
3 After Forming Government,3_after_forming_government,1809,সাব্বাস ভাই এটাই দেখতে চাই কাজে প্রমাণ করুন,সাব্বাস ভাই এটাই দেখতে চাই কাজে প্রমাণ করুন,3,0.5125828405463775
3 After Forming Government,3_after_forming_government,1810,এইবার ঠিক আছে,এইবার ঠিক আছে,4,0.73125901163333
3 After Forming Government,3_after_forming_government,1811,মনে হয় দেশ টা,মনে হয় দেশ টা,4,0.795680794445263
3 After Forming Government,3_after_forming_government,1812,পরিবর্তন হবে,পরিবর্তন হবে,4,0.5966078941108071
3 After Forming Government,3_after_forming_government,1813,এ হচ্ছে নেতার মতো কথা,এ হচ্ছে নেতার মতো কথা,1,0.7306125871370711
3 After Forming Government,3_after_forming_government,1814,এল পি জি আমদানি কারকদের সিন্ডিকেট ভাংতে কয়দিন লাগবে।,এল পি জি আমদানি কারকদের সিন্ডিকেট ভাংতে কয়দিন লাগবে,4,0.6972930006116997
3 After Forming Government,3_after_forming_government,1815,মাফিয়াদের সাথে যারা সবসময়ের জন্য চলাফেরা একই টেবিলে খায় তারাই নাকি মাফিয়া বিরুদ্ধে বক্তব্য দেয় বিষয়টা কি রকম হাস্যকর হলো না,মাফিয়াদের সাথে যারা সবসময়ের জন্য চলাফেরা একই টেবিলে খায় তারাই নাকি মাফিয়া বিরুদ্ধে বক্তব্য দেয় বিষয়টা কি রকম হাস্যকর হলো না,3,0.7936557174730031
3 After Forming Government,3_after_forming_government,1816,কথায় বয় আগে কাজ করে দেখান,কথায় বয় আগে কাজ করে দেখান,3,0.7998489054979968
3 After Forming Government,3_after_forming_government,1817,যুদ্ধ ঘোষনা দিয়ে লেবুর হালী ১২০,যুদ্ধ ঘোষনা দিয়ে লেবুর হালী,3,0.5504854935944379
3 After Forming Government,3_after_forming_government,1818,রেডি হও পাশে আগস্ট এর জন্য,রেডি হও পাশে আগস্ট এর জন্য,3,0.8370590202144991
3 After Forming Government,3_after_forming_government,1819,খালি কলসি বাজে বেশি।,খালি কলসি বাজে বেশি,1,0.40003590951750806
3 After Forming Government,3_after_forming_government,1820,গাল মারলেই হয় না ইতিহাস ভালো না।,গাল মারলেই হয় না ইতিহাস ভালো না,4,0.7293925553904925
3 After Forming Government,3_after_forming_government,1821,নেতার মতোই কথার ফুলঝুরি,নেতার মতোই কথার ফুলঝুরি,2,0.5499787627752262
3 After Forming Government,3_after_forming_government,1822,"""ঘোষণা করার কি দরকার? উনি নিজেই মাফিয়াগিরি বাদ দিলেই তো হয়।""",ঘোষণা করার কি দরকার উনি নিজেই মাফিয়াগিরি বাদ দিলেই তো হয়,2,0.6244793649994674
3 After Forming Government,3_after_forming_government,1823,"কথা বলে কাজ না করে, কাজই কথা বলবে, এমন কাজ শুরু করো।",কথা বলে কাজ না করে কাজই কথা বলবে এমন কাজ শুরু করো,0,0.5897045012406239
3 After Forming Government,3_after_forming_government,1824,পবিত্র দরবার শরীফ ও মাজার শরীফে হামলা ও ভাংচুরের বিচার চাই,পবিত্র দরবার শরীফ ও মাজার শরীফে হামলা ও ভাংচুরের বিচার চাই,3,0.7996182972997602
3 After Forming Government,3_after_forming_government,1825,ওই সব বাদ দে আমার ফেমিলি কার্ড কোথায়??,ওই সব বাদ দে আমার ফেমিলি কার্ড কোথায়,2,0.7974766432279389
3 After Forming Government,3_after_forming_government,1826,ফেসবুকে দিলে হবে না বাস্তবে পরিপূর্ণ করতে হবে,ফেসবুকে দিলে হবে না বাস্তবে পরিপূর্ণ করতে হবে,3,0.8382463893933194
3 After Forming Government,3_after_forming_government,1827,তাহলে আপনাদের সাথে গভীর দুঃখিনী জনগণ আপনাদের পাশে থাকবে,তাহলে আপনাদের সাথে গভীর দুঃখিনী জনগণ আপনাদের পাশে থাকবে,3,0.5585107000888687
3 After Forming Government,3_after_forming_government,1828,Number one is allama Abbas uddin,number one is allama abbas uddin,2,0.5999939188028025
3 After Forming Government,3_after_forming_government,1829,কাজ করে দেখাইয়ো বাজান...,কাজ করে দেখাইয়ো বাজান,3,0.5988574098301014
3 After Forming Government,3_after_forming_government,1830,ইনশাল্লাহ,ইনশাল্লাহ,3,0.5999932991221327
3 After Forming Government,3_after_forming_government,1831,এগিয়ে যান বিদ্যুৎ গতির নেয়,এগিয়ে যান বিদ্যুৎ গতির নেয়,3,0.836954938072046
3 After Forming Government,3_after_forming_government,1832,দোয়া ও শুভকামনা সব সময়,দোয়া ও শুভকামনা সব সময়,3,0.48818596175349616
3 After Forming Government,3_after_forming_government,1833,best of luck bro,best of luck bro,2,0.7333246118511156
3 After Forming Government,3_after_forming_government,1834,Vokta adhikar kormo kortader eti modde najehal abostha.Tader avijane bada dewa hoche oy dike ektu nojor din,vokta adhikar kormo kortader eti modde najehal abostha tader avijane bada dewa hoche oy dike ektu nojor din,3,0.5964984689436178
3 After Forming Government,3_after_forming_government,1835,প্রথম প্রথম সবাই এরকম হুংকার দেয় পরে ______?,প্রথম প্রথম সবাই এরকম হুংকার দেয় পরে,0,0.73227584494405
3 After Forming Government,3_after_forming_government,1836,বীর মুক্তিযোদ্ধার ছেলে হিসাবে ঠিক আছে কিছুদিন গেলে প্রমান পাবে জণগন।,বীর মুক্তিযোদ্ধার ছেলে হিসাবে ঠিক আছে কিছুদিন গেলে প্রমান পাবে জণগন,4,0.6870132227113059
3 After Forming Government,3_after_forming_government,1837,সাবাশ। বাস্তবায়ন করবেন আশা করি,সাবাশ বাস্তবায়ন করবেন আশা করি,4,0.8644780531786586
3 After Forming Government,3_after_forming_government,1838,যুদ্ধের কার্যকারিতা দেখতে চাই,যুদ্ধের কার্যকারিতা দেখতে চাই,3,0.7333324498475273
3 After Forming Government,3_after_forming_government,1839,আমরা আছি আপনার সাথে। ইনশাআল্লাহ বিজয় জনগণের হবেই।,আমরা আছি আপনার সাথে ইনশাআল্লাহ বিজয় জনগণের হবেই,4,0.8651694049589139
3 After Forming Government,3_after_forming_government,1840,চমৎকার কথা আপনাদের মুখের বাণী যেন ঠিক থাকে।,চমৎকার কথা আপনাদের মুখের বাণী যেন ঠিক থাকে,3,0.3690895206513997
3 After Forming Government,3_after_forming_government,1841,"সব ভাঁওতাবাজি,,,,।",সব ভাঁওতাবাজি,0,0.2
3 After Forming Government,3_after_forming_government,1842,বাস্তবতার অপেক্ষায় থাকিলাম!,বাস্তবতার অপেক্ষায় থাকিলাম,1,0.5997026160494802
3 After Forming Government,3_after_forming_government,1843,ভাই মরদ ভাবির কাছে,ভাই মরদ ভাবির কাছে,1,0.7281407728456183
3 After Forming Government,3_after_forming_government,1844,রোজার বাজার তাহলে কয়দিন পরেই করি,রোজার বাজার তাহলে কয়দিন পরেই করি,4,0.8653554376873714
3 After Forming Government,3_after_forming_government,1845,শুধুমাত্র নিত্যকার দ্রব্যমূল্যটা সাধারণ জনগণের ক্রয়সীমার মধ্যে রাখলেই হবে। আমরা পরিবার নিয়ে একটু শান্তিমতো দু'বেলা খেতে চাই।,শুধুমাত্র নিত্যকার দ্রব্যমূল্যটা সাধারণ জনগণের ক্রয়সীমার মধ্যে রাখলেই হবে আমরা পরিবার নিয়ে একটু শান্তিমতো দু বেলা খেতে চাই,3,0.7464143118112121
3 After Forming Government,3_after_forming_government,1846,তা-ই যেন হয় ব্রাদার।,তা ই যেন হয় ব্রাদার,1,0.5969249213128044
3 After Forming Government,3_after_forming_government,1847,"টাকা জন্য নটক,",টাকা জন্য নটক,4,0.5975714934718741
3 After Forming Government,3_after_forming_government,1848,"নিজেই একটি, আবার অন্যজনকে কিভাবে, জানিনা এর শেষ কোথায়",নিজেই একটি আবার অন্যজনকে কিভাবে জানিনা এর শেষ কোথায়,1,0.6829049348872258
3 After Forming Government,3_after_forming_government,1849,বাবু চিল্লাইয়ে মার্কেট পাওয়া যায় না কাজ করে দেখাও,বাবু চিল্লাইয়ে মার্কেট পাওয়া যায় না কাজ করে দেখাও,1,0.574223004158381
3 After Forming Government,3_after_forming_government,1850,এতো মুক্তিযুদ্ধের মন্ত্রণালয়ের দায়িত্বে। দ্রব্য মূল্য নিয়ে কথা বলছেন কেন? তবে খুব ভালো পোস্ট দিয়েছেন,এতো মুক্তিযুদ্ধের মন্ত্রণালয়ের দায়িত্বে দ্রব্য মূল্য নিয়ে কথা বলছেন কেন তবে খুব ভালো পোস্ট দিয়েছেন,4,0.8831632524394639
3 After Forming Government,3_after_forming_government,1851,সে তো নিজে মাপি হওয়ার পথে,সে তো নিজে মাপি হওয়ার পথে,0,0.8353186322942031
3 After Forming Government,3_after_forming_government,1852,আগে নিজে ভালো হন,আগে নিজে ভালো হন,3,0.6193541384004302
3 After Forming Government,3_after_forming_government,1853,নগর বাবু জিন্দাবাদ,নগর বাবু জিন্দাবাদ,2,0.7322852664422634
3 After Forming Government,3_after_forming_government,1854,আসিস মাহসমুদ তাজা ভূয়ারে কিছু করতে পারেন নাকি দেখেন আগে,আসিস মাহসমুদ তাজা ভূয়ারে কিছু করতে পারেন নাকি দেখেন আগে,3,0.4905555670062027
3 After Forming Government,3_after_forming_government,1855,"বসুন্ধরা, ফ্রেশ, সিটি , টিকে, নাবিল, এসিআই নাম ধরে যখন উল্লেখ করতে পারছেন, ইনশাআল্লাহ সততার সঙ্গে দায়িত্ব জোরালো ভাবে চালিয়ে যান দেখবেন সিন্ডিকেট একটা সময় ভেস্তে যাবে।",বসুন্ধরা ফ্রেশ সিটি টিকে নাবিল এসিআই নাম ধরে যখন উল্লেখ করতে পারছেন ইনশাআল্লাহ সততার সঙ্গে দায়িত্ব জোরালো ভাবে চালিয়ে যান দেখবেন সিন্ডিকেট একটা সময় ভেস্তে যাবে,4,0.7304150579799644
3 After Forming Government,3_after_forming_government,1856,ঋণ খেলাপিদের কি হবে?,ঋণ খেলাপিদের কি হবে,0,0.2
3 After Forming Government,3_after_forming_government,1857,দেখা যাবে বাস্তবতায়।,দেখা যাবে বাস্তবতায়,1,0.5501911460261605
3 After Forming Government,3_after_forming_government,1858,বাপকে বেটা সিপাহি কে ঘোড়া। মনের মত একখান কথা কইছৈন।,বাপকে বেটা সিপাহি কে ঘোড়া মনের মত একখান কথা কইছৈন,3,0.3001748693136812
3 After Forming Government,3_after_forming_government,1859,দেখতে থাকী,দেখতে থাকী,3,0.5999979702735516
3 After Forming Government,3_after_forming_government,1860,এক মাফিয়া আরেক মাফিয়ার বিরুদ্ধে যুদ্ধ ঘোষনা করেছে। পুরাই WWE এরময়দান,এক মাফিয়া আরেক মাফিয়ার বিরুদ্ধে যুদ্ধ ঘোষনা করেছে পুরাই wwe এরময়দান,3,0.8856527866667107
3 After Forming Government,3_after_forming_government,1861,কবি বলেছে কথাই নয় কাজে পরিচয়।যদি জনগণকে ভালো ভাবে সব কিছু দেখাতে পারেন। তাহলে বাংলাদেশের জনগণ আপনাদের কে ভোট চুরির দায়ে ক্ষমা করে দিবে ইনশাল্লাহ।,কবি বলেছে কথাই নয় কাজে পরিচয় যদি জনগণকে ভালো ভাবে সব কিছু দেখাতে পারেন তাহলে বাংলাদেশের জনগণ আপনাদের কে ভোট চুরির দায়ে ক্ষমা করে দিবে ইনশাল্লাহ,3,0.5673462225355141
3 After Forming Government,3_after_forming_government,1862,আপনার এলাকায় কি কি উন্নয়ন করলে ভালো হবে তা খোজ নেন আর সেগুলা সমাধান করেন,আপনার এলাকায় কি কি উন্নয়ন করলে ভালো হবে তা খোজ নেন আর সেগুলা সমাধান করেন,4,0.8985127105857975
3 After Forming Government,3_after_forming_government,1863,টাকা ইনকামের নতুন ধান্দা,টাকা ইনকামের নতুন ধান্দা,4,0.43111897515243686
3 After Forming Government,3_after_forming_government,1864,আজব দুনিয়া চোর চোরকেই হুঁশিয়ার করে,আজব দুনিয়া চোর চোরকেই হুঁশিয়ার করে,4,0.599132740907463
3 After Forming Government,3_after_forming_government,1865,"কথা নয় কাজে বিশ্বাসী, চালিয়ে যান প্রিয় লিডার",কথা নয় কাজে বিশ্বাসী চালিয়ে যান প্রিয় লিডার,0,0.4158973920369208
3 After Forming Government,3_after_forming_government,1866,কয়দিন পরে শুনবো আপনারাই বড়,কয়দিন পরে শুনবো আপনারাই বড়,3,0.7979949639590885
3 After Forming Government,3_after_forming_government,1867,ম্যাজিস্ট্রেটকে অপমান করা এই মাফিয়া দের বিচার করতে শুরু করুন । কোন ছাড় নাই।,ম্যাজিস্ট্রেটকে অপমান করা এই মাফিয়া দের বিচার করতে শুরু করুন কোন ছাড় নাই,0,0.5971481196568715
3 After Forming Government,3_after_forming_government,1868,অপরাধী অন্যায়কারীদের ছাড় দিলে তারাই আপনাদের/সরকারের ক্ষতির কারণ হয়ে দাঁড়াবে।,অপরাধী অন্যায়কারীদের ছাড় দিলে তারাই আপনাদের সরকারের ক্ষতির কারণ হয়ে দাঁড়াবে,3,0.8837141406454031
3 After Forming Government,3_after_forming_government,1869,"তারা দুর্নীতি করবে চুরি-বাটপটি করবে আর দোষ পরবে সরকারের, এক সময় জনগণ সরকারের উপর ক্ষেপে গিয়ে আবার আন্দোলন শুরু করবে।",তারা দুর্নীতি করবে চুরি বাটপটি করবে আর দোষ পরবে সরকারের এক সময় জনগণ সরকারের উপর ক্ষেপে গিয়ে আবার আন্দোলন শুরু করবে,2,0.5041826063739979
3 After Forming Government,3_after_forming_government,1870,আবার বিপ্লব ঘটানোর চেষ্টা করবে।,আবার বিপ্লব ঘটানোর চেষ্টা করবে,3,0.578005263388175
3 After Forming Government,3_after_forming_government,1871,তাই সকল অপরাধীদের কঠোর হস্থে দমন করতে হবে। ইনশাল্লাহ এগিয়ে যাবে বাংলাদেশ।,তাই সকল অপরাধীদের কঠোর হস্থে দমন করতে হবে ইনশাল্লাহ এগিয়ে যাবে বাংলাদেশ,3,0.5622328180114915
3 After Forming Government,3_after_forming_government,1873,নিজের বিরুদ্ধে নিজেই কিভাবে যুদ্ধ সম্ভব,নিজের বিরুদ্ধে নিজেই কিভাবে যুদ্ধ সম্ভব,3,0.7252886839207335
3 After Forming Government,3_after_forming_government,1874,বেটা এইতো সিংহের মত মুভমেন্ট।,বেটা এইতো সিংহের মত মুভমেন্ট,2,0.546339283145713
3 After Forming Government,3_after_forming_government,1875,আপনার নিজের বাড়িতেই রান্না বন্ধ করে দেন,আপনার নিজের বাড়িতেই রান্না বন্ধ করে দেন,1,0.6381781838995874
3 After Forming Government,3_after_forming_government,1876,আমাদের গ্যাস থাকে না,আমাদের গ্যাস থাকে না,2,0.7328775458084232
3 After Forming Government,3_after_forming_government,1877,রান্নায় অনেক কষ্ট এি দিকে একটু নজর দিলে খুশি হতাম,রান্নায় অনেক কষ্ট এি দিকে একটু নজর দিলে খুশি হতাম,1,0.5480791140924349
3 After Forming Government,3_after_forming_government,1878,Dekha jabe,dekha jabe,3,0.5999812823421972
3 After Forming Government,3_after_forming_government,1879,ফেসবুকে যুদ্ধ বাস্তবে সবি ঠিক,ফেসবুকে যুদ্ধ বাস্তবে সবি ঠিক,3,0.6999665017779131
3 After Forming Government,3_after_forming_government,1880,কথায় কাজে মিল চাই,কথায় কাজে মিল চাই,3,0.6130595208582841
3 After Forming Government,3_after_forming_government,1881,"কথা রাখতে পারবেন না, চ্যালেঞ্জ",কথা রাখতে পারবেন না চ্যালেঞ্জ,3,0.7281961869908313
3 After Forming Government,3_after_forming_government,1882,আমরাও অপেক্ষায় রইলাম আপনি কি করেন তা দেখার জন্য,আমরাও অপেক্ষায় রইলাম আপনি কি করেন তা দেখার জন্য,1,0.5678890125693327
3 After Forming Government,3_after_forming_government,1883,ইনশাআল্লাহ,ইনশাআল্লাহ,4,0.5999983000425161
3 After Forming Government,3_after_forming_government,1884,সত্যি বলছেন,সত্যি বলছেন,1,0.732208804011223
3 After Forming Government,3_after_forming_government,1885,কথা কাজে যেন মিল থাকে প্রিয় ভাই।আনেক ভালো কথা বলেছেন।,কথা কাজে যেন মিল থাকে প্রিয় ভাই আনেক ভালো কথা বলেছেন,2,0.8991127114218577
3 After Forming Government,3_after_forming_government,1886,"আবার প্রমাণিত হবে, যতো গর্জে তত বর্ষে না।",আবার প্রমাণিত হবে যতো গর্জে তত বর্ষে না,1,0.7993541900498021
3 After Forming Government,3_after_forming_government,1887,ইনশাআল্লাহ আমরা এর কার্যকর চাই,ইনশাআল্লাহ আমরা এর কার্যকর চাই,3,0.4971144403680227
3 After Forming Government,3_after_forming_government,1888,প্রার্থনা করি—এই রমজান আমাদের ভেতরের মানুষটাকে সুন্দর করে তুলুক,প্রার্থনা করি এই রমজান আমাদের ভেতরের মানুষটাকে সুন্দর করে তুলুক,4,0.7976006186398797
3 After Forming Government,3_after_forming_government,1889,সাধুবাদ জানাই,সাধুবাদ জানাই,3,0.7328800959005817
3 After Forming Government,3_after_forming_government,1890,ঠিক বলেছে..,ঠিক বলেছে,4,0.40013571226903977
3 After Forming Government,3_after_forming_government,1891,কাজে পরিচয় দাও চান্দু,কাজে পরিচয় দাও চান্দু,2,0.7938291935593843
3 After Forming Government,3_after_forming_government,1892,মাশাআল্লাহ এগিয়ে যাও দোয়া রহিলো,মাশাআল্লাহ এগিয়ে যাও দোয়া রহিলো,3,0.6400669098178028
3 After Forming Government,3_after_forming_government,1893,লেবু 25 টাকা পিস,লেবু টাকা পিস,4,0.5975714934718741
3 After Forming Government,3_after_forming_government,1894,ডলারের দাম কমানোর ব্যবস্থা করুন,ডলারের দাম কমানোর ব্যবস্থা করুন,2,0.7964644719823456
3 After Forming Government,3_after_forming_government,1895,আল্লাহ এই সিদ্ধান্তের উপর অটল থাকার তাওফীক দান করুন।,আল্লাহ এই সিদ্ধান্তের উপর অটল থাকার তাওফীক দান করুন,0,0.8660871731771024
3 After Forming Government,3_after_forming_government,1896,"আলহামদুলিল্লাহ, বাংলাদেশের জনগণের দীর্ঘ্য দিনের প্রত্যাশার প্রাপ্তি শুরু। শুভ হোক আগামীর পথ চলা।",আলহামদুলিল্লাহ বাংলাদেশের জনগণের দীর্ঘ্য দিনের প্রত্যাশার প্রাপ্তি শুরু শুভ হোক আগামীর পথ চলা,0,0.5715648600949407
3 After Forming Government,3_after_forming_government,1897,দলের দুঃসময়ে পাশে ছিলেন তিনি,দলের দুঃসময়ে পাশে ছিলেন তিনি,4,0.7976806712227609
3 After Forming Government,3_after_forming_government,1898,বেশি না দুই একজনকে করেন পুরা বাংলাদেশের মাফিয়া সিদা হয়ে যাবে ইনশাআল্লাহ,বেশি না দুই একজনকে করেন পুরা বাংলাদেশের মাফিয়া সিদা হয়ে যাবে ইনশাআল্লাহ,3,0.4457161688175189
3 After Forming Government,3_after_forming_government,1899,আপাতত ফেসবুকে ঠিক আছে,আপাতত ফেসবুকে ঠিক আছে,4,0.5474877245213752
3 After Forming Government,3_after_forming_government,1900,করে দেখাও আগে।,করে দেখাও আগে,1,0.5999842818362439
3 After Forming Government,3_after_forming_government,1901,মন থেকে দোয়া রইলো,মন থেকে দোয়া রইলো,3,0.7994787674964038
3 After Forming Government,3_after_forming_government,1902,৩২ নম্বর ভাঙার মাস্টার,নম্বর ভাঙার মাস্টার,0,0.2
3 After Forming Government,3_after_forming_government,1903,নেতার ছেলে নেতা ; আপনার আগামী পথচলা সুন্দর হোক ; আপনার মুখে মানায় মাফিয়াদের বিরুদ্ধে যুদ্ধ ঘোষণা। অনেক অনেক অভিনন্দন ও শুভকামনা।,নেতার ছেলে নেতা আপনার আগামী পথচলা সুন্দর হোক আপনার মুখে মানায় মাফিয়াদের বিরুদ্ধে যুদ্ধ ঘোষণা অনেক অনেক অভিনন্দন ও শুভকামনা,3,0.7250830980497807
3 After Forming Government,3_after_forming_government,1904,দ‌েখেন আবার পর‌ে যেন ন‌িজের লুংগীত টানা না পর‌ে।,দেখেন আবার পরে যেন নিজের লুংগীত টানা না পরে,3,0.5339219333026402
3 After Forming Government,3_after_forming_government,1905,বড় ভাগ পাওয়ার জন্য চিৎকার,বড় ভাগ পাওয়ার জন্য চিৎকার,1,0.5489321625454708
3 After Forming Government,3_after_forming_government,1906,ভাগ এসে গেলেই চুপসে যাবে,ভাগ এসে গেলেই চুপসে যাবে,1,0.7976003057331396
3 After Forming Government,3_after_forming_government,1907,মিলিয়ে নিয়েন,মিলিয়ে নিয়েন,3,0.5990423746865845
3 After Forming Government,3_after_forming_government,1908,Insa allah,insa allah,4,0.5999850451988363
3 After Forming Government,3_after_forming_government,1909,"দেখা যাক কি করে, না নাটক করে",দেখা যাক কি করে না নাটক করে,1,0.7989622276332071
3 After Forming Government,3_after_forming_government,1910,Dekha jak,dekha jak,3,0.5999812823421972
3 After Forming Government,3_after_forming_government,1911,সব চাপা আগে বিচার ব্যাবস্থা কঠিন করেন বিচার অল্প সময়ে হলে দেশ ঠিক হবে,সব চাপা আগে বিচার ব্যাবস্থা কঠিন করেন বিচার অল্প সময়ে হলে দেশ ঠিক হবে,4,0.5618082213904967
3 After Forming Government,3_after_forming_government,1912,শুধু মুখে বললে হবে না কাজে প্রমাণ করে দেখাতে হবে,শুধু মুখে বললে হবে না কাজে প্রমাণ করে দেখাতে হবে,3,0.8662554893051104
3 After Forming Government,3_after_forming_government,1913,সাবাশ।,সাবাশ,0,0.5995421995621478
3 After Forming Government,3_after_forming_government,1914,আশা রাখি বাস্তবায়ন করবেন l,আশা রাখি বাস্তবায়ন করবেন l,4,0.799151604611762
3 After Forming Government,3_after_forming_government,1915,কথা আর কাজে মিল থাকলেই জনগন আপনাকে ভালবাসবে,কথা আর কাজে মিল থাকলেই জনগন আপনাকে ভালবাসবে,2,0.8645654742691401
3 After Forming Government,3_after_forming_government,1916,চাপা মাইরা দেশ চলে নাহ,চাপা মাইরা দেশ চলে নাহ,0,0.5484606643750225
3 After Forming Government,3_after_forming_government,1917,ওই কথার কথা আরকি।,ওই কথার কথা আরকি,2,0.5999929435255914
3 After Forming Government,3_after_forming_government,1918,দলের মধ্যে বেশিরভাগ ব্যবসায়ী নমিনেশন দিয়া এমপি বানাইয়া তাদের বিরুদ্ধে আন্দোলন হাস্যকর,দলের মধ্যে বেশিরভাগ ব্যবসায়ী নমিনেশন দিয়া এমপি বানাইয়া তাদের বিরুদ্ধে আন্দোলন হাস্যকর,3,0.7228213535420377
3 After Forming Government,3_after_forming_government,1919,এমন নেতাই তো চাই আমরা,এমন নেতাই তো চাই আমরা,3,0.7304652516347395
3 After Forming Government,3_after_forming_government,1920,ঈদের পর দাম কমবে আশা করি,ঈদের পর দাম কমবে আশা করি,2,0.5701364312518982
3 After Forming Government,3_after_forming_government,1921,গলাবাজি শুরু হয়ে গেলো....,গলাবাজি শুরু হয়ে গেলো,0,0.594765274756548
3 After Forming Government,3_after_forming_government,1922,ফেইসবুকেই ঘোষনা করছে,ফেইসবুকেই ঘোষনা করছে,3,0.5993643650153664
3 After Forming Government,3_after_forming_government,1923,আলহামদুলিল্লাহ.. কথাগুলো শুনে খুশি হলাম।,আলহামদুলিল্লাহ কথাগুলো শুনে খুশি হলাম,0,0.6000746267046699
3 After Forming Government,3_after_forming_government,1924,ফলে পরিচয়,ফলে পরিচয়,2,0.732891058722523
3 After Forming Government,3_after_forming_government,1925,"বিশ্বাস করেন ভাই এটা স্ক্রিনশট দিয়ে রাখলাম। এই কথার বিপরীত হলে, স্ক্রিনশট টা দিয়ে আপনাকে ট্যাগ করে,আপনার টাইমলাইনে পোষ্ট করব।।",বিশ্বাস করেন ভাই এটা স্ক্রিনশট দিয়ে রাখলাম এই কথার বিপরীত হলে স্ক্রিনশট টা দিয়ে আপনাকে ট্যাগ করে আপনার টাইমলাইনে পোষ্ট করব,3,0.3408044128336901
3 After Forming Government,3_after_forming_government,1926,डाই WhatsApp तासपाর डा भिয়েत। कसন্টে গাलि দিলে आईडिতে সমস্যা रয়।,ই whatsapp র য়ে ন্টে গা দিলে তে সমস্যা য়,0,0.8660513743444181
3 After Forming Government,3_after_forming_government,1927,আপনারা ঠিক থাকলে সব ঠিক হয়ে যাবে।,আপনারা ঠিক থাকলে সব ঠিক হয়ে যাবে,4,0.6180155003941171
3 After Forming Government,3_after_forming_government,1928,"কাজ করে প্রমাণ দিন, তা না হলে এদের মানুষ আপনাদের ছাড়বে না।।",কাজ করে প্রমাণ দিন তা না হলে এদের মানুষ আপনাদের ছাড়বে না,3,0.6862238799120713
3 After Forming Government,3_after_forming_government,1929,কতো দিন মনে রাখবেন এইকথা,কতো দিন মনে রাখবেন এইকথা,1,0.7987823571947822
3 After Forming Government,3_after_forming_government,1930,ধমকের কি দরকার-আইন চলেনা?,ধমকের কি দরকার আইন চলেনা,4,0.39933537333770736
3 After Forming Government,3_after_forming_government,1931,আমি চাই প্রতিযোগিতা শুরু হোক,আমি চাই প্রতিযোগিতা শুরু হোক,3,0.24026469960391186
3 After Forming Government,3_after_forming_government,1932,কে কত বেশি দমন করতে পারে,কে কত বেশি দমন করতে পারে,1,0.865859826955243
3 After Forming Government,3_after_forming_government,1933,লিডার কথায় নই কাজে বাস্তবায়ন হলে আমরা মানে জনগণ খুশি হবে,লিডার কথায় নই কাজে বাস্তবায়ন হলে আমরা মানে জনগণ খুশি হবে,4,0.6089192385742951
3 After Forming Government,3_after_forming_government,1934,নেতা যে বলছিল নবীর আদর্শে দেশ চলব---,নেতা যে বলছিল নবীর আদর্শে দেশ চলব,1,0.4533128505402399
3 After Forming Government,3_after_forming_government,1935,শুধু মুখে বললে হবে না কাগজে-কলমে মাঠে থেকে কাজ করে দেখাতে হবে।,শুধু মুখে বললে হবে না কাগজে কলমে মাঠে থেকে কাজ করে দেখাতে হবে,3,0.8662356052446268
3 After Forming Government,3_after_forming_government,1936,আগে করেন তারপর দেখি ইনশাআল্লাহ,আগে করেন তারপর দেখি ইনশাআল্লাহ,4,0.5599720576490294
3 After Forming Government,3_after_forming_government,1937,কাজে কতায় মিল থাকলে ভালো,কাজে কতায় মিল থাকলে ভালো,2,0.8383623542608573
3 After Forming Government,3_after_forming_government,1938,আগে মিয়া লেবুর দাম কমান।,আগে মিয়া লেবুর দাম কমান,2,0.5363644974899303
3 After Forming Government,3_after_forming_government,1939,নিজের বিরুদ্ধে কেউ নিজে যুদ্ধ করে,নিজের বিরুদ্ধে কেউ নিজে যুদ্ধ করে,3,0.8398339917782532
3 After Forming Government,3_after_forming_government,1940,মাফিয়া নিজের দলের হলে ভিন্ন কথা,মাফিয়া নিজের দলের হলে ভিন্ন কথা,3,0.8389975500839143
3 After Forming Government,3_after_forming_government,1941,যে প্রতিশ্রুতি সেগুলোর বাস্তবায়ন দেখতে চাই,যে প্রতিশ্রুতি সেগুলোর বাস্তবায়ন দেখতে চাই,3,0.8391774344466802
3 After Forming Government,3_after_forming_government,1942,ইশরাক তুমি এগিয়ে যাও,ইশরাক তুমি এগিয়ে যাও,3,0.550401230585212
3 After Forming Government,3_after_forming_government,1943,Because i am Don,because i am don,3,0.598086320245807
3 After Forming Government,3_after_forming_government,1944,আচ্ছা দেখা যাবে বাস্তবতা কি হয়,আচ্ছা দেখা যাবে বাস্তবতা কি হয়,1,0.6410068324177323
3 After Forming Government,3_after_forming_government,1945,আলহামদুলিল্লাহ,আলহামদুলিল্লাহ,2,0.5999989241498305
3 After Forming Government,3_after_forming_government,1946,Jak Valo,jak valo,1,0.5999208560809599
3 After Forming Government,3_after_forming_government,1947,গনমাধ্যমের সামনে হ্যা তে ভোট দেওয়ার মত কথা এইটা,গনমাধ্যমের সামনে হ্যা তে ভোট দেওয়ার মত কথা এইটা,0,0.7138453470680353
3 After Forming Government,3_after_forming_government,1948,বাস্তবতায় বিশ্বাসী।,বাস্তবতায় বিশ্বাসী,0,0.7298243300527034
3 After Forming Government,3_after_forming_government,1949,এই কথা গুলো যেন ঠিক থাকে,এই কথা গুলো যেন ঠিক থাকে,4,0.4132917103325084
3 After Forming Government,3_after_forming_government,1950,ইশরাক যেটা ভেবে বলছে ।,ইশরাক যেটা ভেবে বলছে,1,0.6399760332994711
3 After Forming Government,3_after_forming_government,1951,চাঁদাবাজ = ভালোমানুষ,চাঁদাবাজ ভালোমানুষ,2,0.5969514763040041
3 After Forming Government,3_after_forming_government,1952,দুর্নীতিবাজ = খুব ভালোমানুষ,দুর্নীতিবাজ খুব ভালোমানুষ,0,0.5988347792647688
3 After Forming Government,3_after_forming_government,1953,"ধ*র্ষণ,খু*নি = খুব খুব ভালোমানুষ",ধ র্ষণ খু নি খুব খুব ভালোমানুষ,0,0.5999951864673906
3 After Forming Government,3_after_forming_government,1954,"জামায়াত,শিবির = মাফিয়া ।",জামায়াত শিবির মাফিয়া,3,0.40024243280907795
3 After Forming Government,3_after_forming_government,1955,কথাই নই কাজে দেখতে চাই,কথাই নই কাজে দেখতে চাই,3,0.8396228345782734
3 After Forming Government,3_after_forming_government,1956,BNP govt. Ar revolution ta chokhe lagar moto.Cabinet member gulu ak akta biggo r Quality full.Manonio prime minister ar positive change ta mone dhorse.,bnp govt ar revolution ta chokhe lagar moto cabinet member gulu ak akta biggo r quality full manonio prime minister ar positive change ta mone dhorse,2,0.9110778751678293
3 After Forming Government,3_after_forming_government,1957,বাস্তবে রূপ দিতে হবে,বাস্তবে রূপ দিতে হবে,4,0.4408723756219103
3 After Forming Government,3_after_forming_government,1958,এগিয়ে যান। প্রতিদান দেওয়ার মালিক আল্লাহ,এগিয়ে যান প্রতিদান দেওয়ার মালিক আল্লাহ,3,0.43001462043170924
3 After Forming Government,3_after_forming_government,1959,ইনশাআল্লাহ ভাই এগিয়ে যান,ইনশাআল্লাহ ভাই এগিয়ে যান,3,0.533453623784181
3 After Forming Government,3_after_forming_government,1960,"মাশাল্লাহ সুন্দর কথা, এভাবে এগিয়ে যান",মাশাল্লাহ সুন্দর কথা এভাবে এগিয়ে যান,4,0.5325062602676663
3 After Forming Government,3_after_forming_government,1961,আল্লাহ্ কবুল করুন!,আল্লাহ্ কবুল করুন,0,0.7992323290575115
3 After Forming Government,3_after_forming_government,1962,বড় বড় কথা না বলে কাজের কাজ করতে হবে। তা নাহলে মাফিয়ারা জিম্মি করে ফেলবে!,বড় বড় কথা না বলে কাজের কাজ করতে হবে তা নাহলে মাফিয়ারা জিম্মি করে ফেলবে,3,0.9183587041339296
3 After Forming Government,3_after_forming_government,1963,গতকাল ভোক্তা অধিকারের বিচারক মহোদয়কে অপমানিত করছে,গতকাল ভোক্তা অধিকারের বিচারক মহোদয়কে অপমানিত করছে,0,0.2
3 After Forming Government,3_after_forming_government,1964,ওখানে গিয়ে প্রতিবাদ করেন,ওখানে গিয়ে প্রতিবাদ করেন,3,0.7974403510557587
3 After Forming Government,3_after_forming_government,1965,তাহলে বুঝতে পারবে জনগণ,তাহলে বুঝতে পারবে জনগণ,1,0.5586605134592716
3 After Forming Government,3_after_forming_government,1966,আপনি কি চান,আপনি কি চান,0,0.5989314787338061
3 After Forming Government,3_after_forming_government,1967,"সুন্দর মতো দেশ চালাতে পারলে ২০ বছর থাকো তাতে জামায়াত আরো বেশি খুশি জামায়াত ক্ষমতা পাওয়ার পাগল নয় দেশের মানুষ সান্তি পাক এটাই তাদের চাওয়া,,, প্রমান যদি করতে চাও তাহলে যে কোন ভালো কাজের উদ্দুদ্ধ নাও দেখ জামায়াত কে পাশে পাও কি না।",সুন্দর মতো দেশ চালাতে পারলে বছর থাকো তাতে জামায়াত আরো বেশি খুশি জামায়াত ক্ষমতা পাওয়ার পাগল নয় দেশের মানুষ সান্তি পাক এটাই তাদের চাওয়া প্রমান যদি করতে চাও তাহলে যে কোন ভালো কাজের উদ্দুদ্ধ নাও দেখ জামায়াত কে পাশে পাও কি না,4,0.438048267186894
3 After Forming Government,3_after_forming_government,1968,যুদ্ধের এক দুইটা লাইভ ভিডিও শেয়ার দিয়েন,যুদ্ধের এক দুইটা লাইভ ভিডিও শেয়ার দিয়েন,2,0.7970462533137539
3 After Forming Government,3_after_forming_government,1969,ফেজবুকেই লাফালাফি,ফেজবুকেই লাফালাফি,0,0.2
3 After Forming Government,3_after_forming_government,1970,"হুঙ্কার যত বড়ো, চাঁদার পরিমাণ ও তত বেশি।",হুঙ্কার যত বড়ো চাঁদার পরিমাণ ও তত বেশি,4,0.628584278112744
3 After Forming Government,3_after_forming_government,1971,যুদ্ধ কী ফেসবুকেই সীমাবদ্ধ থাকবে নাকি ওস্তাদ,যুদ্ধ কী ফেসবুকেই সীমাবদ্ধ থাকবে নাকি ওস্তাদ,3,0.6999312591088791
3 After Forming Government,3_after_forming_government,1972,কথা ঠিক থাকলে আলহামদুলিল্লাহ,কথা ঠিক থাকলে আলহামদুলিল্লাহ,2,0.5482178030770288
3 After Forming Government,3_after_forming_government,1973,এমনটা ই চাই,এমনটা ই চাই,3,0.5999989881093407
3 After Forming Government,3_after_forming_government,1974,মিথ্যা প্রতিশ্রুতি দিয়েন না,মিথ্যা প্রতিশ্রুতি দিয়েন না,0,0.7976653201066689
3 After Forming Government,3_after_forming_government,1975,বাস্তবে কাজ করে দেখান শুধু ফেসবুকে না,বাস্তবে কাজ করে দেখান শুধু ফেসবুকে না,3,0.839911718288212
3 After Forming Government,3_after_forming_government,1976,এই কথা কি শুদু মুখে থাকবে নাকি বাস্তবায়োন ও হবে,এই কথা কি শুদু মুখে থাকবে নাকি বাস্তবায়োন ও হবে,3,0.5493826043951779
3 After Forming Government,3_after_forming_government,1977,"এই করবো, ওই করবো, সেই করবো,,,,কিন্তু খারায় না।।। এমনটা হয় না যেন মৌনতিরি সাব।",এই করবো ওই করবো সেই করবো কিন্তু খারায় না এমনটা হয় না যেন মৌনতিরি সাব,1,0.7985327712480503
3 After Forming Government,3_after_forming_government,1978,শুধু মুখে না বলে করে দেখাও....,শুধু মুখে না বলে করে দেখাও,3,0.466438996881707
3 After Forming Government,3_after_forming_government,1979,এরা ফেসবুক যোদ্ধা,এরা ফেসবুক যোদ্ধা,1,0.7988778835667765
3 After Forming Government,3_after_forming_government,1980,কথাটা রাখবেন ভাই,কথাটা রাখবেন ভাই,2,0.7970206311992896
3 After Forming Government,3_after_forming_government,1981,ধন্যবাদ,ধন্যবাদ,3,0.5968986271107837
3 After Forming Government,3_after_forming_government,1982,কিছুই করতে পারবেন না,কিছুই করতে পারবেন না,3,0.4871649622428666
3 After Forming Government,3_after_forming_government,1983,বড় বড় ঘোড়ায় পিছনে গেছে,বড় বড় ঘোড়ায় পিছনে গেছে,3,0.5500795372055088
3 After Forming Government,3_after_forming_government,1984,Bastobe ki kaj hobe,bastobe ki kaj hobe,0,0.7964323755240965
3 After Forming Government,3_after_forming_government,1985,"বেড়া ক্ষেত না খায়লেই হয়,,",বেড়া ক্ষেত না খায়লেই হয়,0,0.2
3 After Forming Government,3_after_forming_government,1986,মাশাআল্লাহ কখা থাকলেই ভালো,মাশাআল্লাহ কখা থাকলেই ভালো,2,0.7995066816891483
3 After Forming Government,3_after_forming_government,1987,হেতে নিজেই মাফিয়া পালে।,হেতে নিজেই মাফিয়া পালে,3,0.7999976156458465
3 After Forming Government,3_after_forming_government,1988,"মাফিয়া থেকে বেশি নেবে না, এই কয়েক হাজার কোটি নাস্তার জন্য বকসিস নেবে",মাফিয়া থেকে বেশি নেবে না এই কয়েক হাজার কোটি নাস্তার জন্য বকসিস নেবে,4,0.6869607242520633
3 After Forming Government,3_after_forming_government,1989,বিশেষ করে রমজানে দ্রব্যমূলের লাগামটা খুব ভালোভাবে টেনে ধরতে হবে তাহলে জনগণের কাছে আরও বেশি গ্রহণযোগ্যতা পাওয়া যাবে ।,বিশেষ করে রমজানে দ্রব্যমূলের লাগামটা খুব ভালোভাবে টেনে ধরতে হবে তাহলে জনগণের কাছে আরও বেশি গ্রহণযোগ্যতা পাওয়া যাবে,1,0.8835362803372605
3 After Forming Government,3_after_forming_government,1990,ঠিক আছে ভাতিজা দেখব আপনি কি করেন এটা দেখার অপেক্ষায় পুরো জাতি,ঠিক আছে ভাতিজা দেখব আপনি কি করেন এটা দেখার অপেক্ষায় পুরো জাতি,1,0.4811430432461706
3 After Forming Government,3_after_forming_government,1991,যারা চুরি করছে এরা কোন মাফিয়া,যারা চুরি করছে এরা কোন মাফিয়া,3,0.5075491691973331
3 After Forming Government,3_after_forming_government,1992,Dekha jak amra jonogon valo kicu asa kori.,dekha jak amra jonogon valo kicu asa kori,1,0.5505591335169375
3 After Forming Government,3_after_forming_government,1993,এই সাম্বাদিক পুড়াটা লিখে নাই।,এই সাম্বাদিক পুড়াটা লিখে নাই,0,0.5984038067641223
3 After Forming Government,3_after_forming_government,1994,ভয় পায় মনে হয়।,ভয় পায় মনে হয়,1,0.7300302393306779
3 After Forming Government,3_after_forming_government,1995,তাহলে আপনি নিজেই নিজের বিরুদ্ধে যুদ্ধ দিয়েই আগে শুরু করুন জনাব।,তাহলে আপনি নিজেই নিজের বিরুদ্ধে যুদ্ধ দিয়েই আগে শুরু করুন জনাব,3,0.5772409041537626
3 After Forming Government,3_after_forming_government,1996,Ak mapiya arek mapiyar Kotha bole ha ha ha,ak mapiya arek mapiyar kotha bole ha ha ha,1,0.8844039745505059
3 After Forming Government,3_after_forming_government,1997,আসো খেলা হবে,আসো খেলা হবে,0,0.40038494177361206
3 After Forming Government,3_after_forming_government,1998,এমন যদি হয় আপনায় সেলুট দিবো,এমন যদি হয় আপনায় সেলুট দিবো,0,0.7317785591424659
3 After Forming Government,3_after_forming_government,1999,সহমত পোষণ করছি,সহমত পোষণ করছি,3,0.5498820104069547
3 After Forming Government,3_after_forming_government,2000,দেখি কি করতে পারো,দেখি কি করতে পারো,2,0.4816933734097348
3 After Forming Government,3_after_forming_government,2001,সাবাস। আপনার মতই নেতা আমাদের প্রয়োজন।,সাবাস আপনার মতই নেতা আমাদের প্রয়োজন,3,0.799211843615149
3 After Forming Government,3_after_forming_government,2002,মুক্তিযুদ্ধ বিষয়ক মন্ত্রীর কাজ যুদ্ধ করা তা যেখানেই হউক,মুক্তিযুদ্ধ বিষয়ক মন্ত্রীর কাজ যুদ্ধ করা তা যেখানেই হউক,3,0.47850965257846345
3 After Forming Government,3_after_forming_government,2003,কিছুদিন আগে ফটোসেশান করার জন্য যা করলেন নিজ কর্মীদের সাথে! ফাটাইয়া ফেলাইছেন।,কিছুদিন আগে ফটোসেশান করার জন্য যা করলেন নিজ কর্মীদের সাথে ফাটাইয়া ফেলাইছেন,1,0.8629162236128203
3 After Forming Government,3_after_forming_government,2004,আলহামদুলিল্লাহ ভাল উদ্যোগ,আলহামদুলিল্লাহ ভাল উদ্যোগ,2,0.5501254898137339
3 After Forming Government,3_after_forming_government,2005,"সে-তো নিজেই মাফিয়া,,,,",সে তো নিজেই মাফিয়া,3,0.7985811530835749
3 After Forming Government,3_after_forming_government,2006,রেমিট্যান্স যোদ্ধাদের বিদেশ যাতায়াতের ব্যবস্থা সহজ করার ব্যবস্থা করুন বিশ্বের অন্যান্য দেশের তুলনায় আমাদের দেশে অনেক বেশি হয়রানি হতে হচ্ছে রেমিটেন্সোদ্ধাদের,রেমিট্যান্স যোদ্ধাদের বিদেশ যাতায়াতের ব্যবস্থা সহজ করার ব্যবস্থা করুন বিশ্বের অন্যান্য দেশের তুলনায় আমাদের দেশে অনেক বেশি হয়রানি হতে হচ্ছে রেমিটেন্সোদ্ধাদের,4,0.6033724063392272
3 After Forming Government,3_after_forming_government,2007,কথা আর কাজে মিল থাকলে ই হলো।,কথা আর কাজে মিল থাকলে ই হলো,3,0.5419703807224671
3 After Forming Government,3_after_forming_government,2008,"ডিবজলের একটা সিনেমার কথা মনে পড়ল,,",ডিবজলের একটা সিনেমার কথা মনে পড়ল,1,0.5987528538791075
3 After Forming Government,3_after_forming_government,2009,"তবে আসলেই যদি সদিচ্ছা থাকে, তাহলে আগাম ধন্যবাদ",তবে আসলেই যদি সদিচ্ছা থাকে তাহলে আগাম ধন্যবাদ,0,0.3211312920264756
3 After Forming Government,3_after_forming_government,2010,ভালো তো খুব ভালো।।,ভালো তো খুব ভালো,2,0.7311801521556125
3 After Forming Government,3_after_forming_government,2011,গর্তের ভিতর এতদিন ছিল এখন মাতা লারা ছাড়া দিতাছে বেশি লাড়াছাড়া দিলে গদি থাকবে না বেশিদিন,গর্তের ভিতর এতদিন ছিল এখন মাতা লারা ছাড়া দিতাছে বেশি লাড়াছাড়া দিলে গদি থাকবে না বেশিদিন,3,0.7081599934138418
3 After Forming Government,3_after_forming_government,2012,নতুন নতুন তো তাই আর কি,নতুন নতুন তো তাই আর কি,4,0.7325518398577977
3 After Forming Government,3_after_forming_government,2013,বাসর রাতে একজন তরুণ যুবকের কনফিডেন্স!!,বাসর রাতে একজন তরুণ যুবকের কনফিডেন্স,4,0.599986758406699
3 After Forming Government,3_after_forming_government,2014,তাকে বলে ভূতের মুখে রাম নাম,তাকে বলে ভূতের মুখে রাম নাম,2,0.8641671174958432
3 After Forming Government,3_after_forming_government,2015,সাবাস,সাবাস,3,0.5999955524132325
3 After Forming Government,3_after_forming_government,2016,সোনায় তেল বেশি হয়ে গেছে,সোনায় তেল বেশি হয়ে গেছে,1,0.7973357485978926
3 After Forming Government,3_after_forming_government,2017,এটা কি অনলাইনে না বাস্তবে।,এটা কি অনলাইনে না বাস্তবে,3,0.59999627835949
3 After Forming Government,3_after_forming_government,2018,তাহলে আপনি ঠিকবেন না,তাহলে আপনি ঠিকবেন না,4,0.5956752768934714
3 After Forming Government,3_after_forming_government,2019,"OOO vai sodanir powa , juddu nolagibo alrpotala",ooo vai sodanir powa juddu nolagibo alrpotala,1,0.599989038284325
3 After Forming Government,3_after_forming_government,2020,নেয় ইতিহাসে কখনো পরাজিত হয় নাই।,নেয় ইতিহাসে কখনো পরাজিত হয় নাই,0,0.837762733597866
3 After Forming Government,3_after_forming_government,2021,প্রথম বলই সিক্সার।,প্রথম বলই সিক্সার,0,0.5992326258637671
3 After Forming Government,3_after_forming_government,2022,মাল পকেটে গেলে সব ঠিক হয়ে যাবে সোজা কথা,মাল পকেটে গেলে সব ঠিক হয়ে যাবে সোজা কথা,4,0.8985335619423669
3 After Forming Government,3_after_forming_government,2023,উনার জন্য সরকার বিপদে না পড়ে.... এই একটায় আছে খাপ ছাড়া,উনার জন্য সরকার বিপদে না পড়ে এই একটায় আছে খাপ ছাড়া,2,0.8387819147545541
3 After Forming Government,3_after_forming_government,2024,"৫ আগষ্টের পর,,,এই প্রথম জনগণের জন্য ভালো কাজে উদ্যোগ নিলেন,,,,,, এই খোকা আমাদের",আগষ্টের পর এই প্রথম জনগণের জন্য ভালো কাজে উদ্যোগ নিলেন এই খোকা আমাদের,2,0.5171103624709088
3 After Forming Government,3_after_forming_government,2027,ফেসবুকে পোষ্ট দিয়ে হবে মনা? ভাইরাল ভাইরাসে ধরেছে!,ফেসবুকে পোষ্ট দিয়ে হবে মনা ভাইরাল ভাইরাসে ধরেছে,3,0.400521388802424
3 After Forming Government,3_after_forming_government,2028,কথায় না বড় হয়ে যদি কাজে বড় হন আর সেটা যদি বাস্তবে করিয়ে দেখাতে পারেন অবশ্যই এর ফল পাবেন একদিন হয়তো আরো বড় মানের নেতা হবেন,কথায় না বড় হয়ে যদি কাজে বড় হন আর সেটা যদি বাস্তবে করিয়ে দেখাতে পারেন অবশ্যই এর ফল পাবেন একদিন হয়তো আরো বড় মানের নেতা হবেন,3,0.9550173049740017
3 After Forming Government,3_after_forming_government,2029,কথ নয় কাজে প্রমান করতে হবে,কথ নয় কাজে প্রমান করতে হবে,3,0.8383985886389235
3 After Forming Government,3_after_forming_government,2030,ইনশাল্লাহ যদি বাস্তবে হয় তাহলে তুমিই হবে আমাদের বাংলার রিয়েল হিরো কারণ যে ভালো কাজ করে তার জন্য সম্মানও থাকে,ইনশাল্লাহ যদি বাস্তবে হয় তাহলে তুমিই হবে আমাদের বাংলার রিয়েল হিরো কারণ যে ভালো কাজ করে তার জন্য সম্মানও থাকে,3,0.41357194876961567
3 After Forming Government,3_after_forming_government,2032,কথা আর কাজে যেন মিল পাই,কথা আর কাজে যেন মিল পাই,2,0.7988482711804502
3 After Forming Government,3_after_forming_government,2033,"আরে ভাই, শুধু বুলি ঝাড়লে হবে না? করে দেখান জনাব",আরে ভাই শুধু বুলি ঝাড়লে হবে না করে দেখান জনাব,4,0.44843365760742804
3 After Forming Government,3_after_forming_government,2034,প্রথমেই এলপিজি গ্যাসের দাম পুনঃ নির্ধারণের আবেদন জানাচ্ছি।,প্রথমেই এলপিজি গ্যাসের দাম পুনঃ নির্ধারণের আবেদন জানাচ্ছি,2,0.7999335826580314
3 After Forming Government,3_after_forming_government,2035,"দেখা যাবে , আগে জুলাই সনদে শপথ নিন -- আপনেতো সাহসী বাবার সাহসী বীর সন্তান ! আপনেতো ভয় পাননা -তাহলে শপথ নিন -- তবেইতো সাহসী সত্যবাদী বীর মানবো !!",দেখা যাবে আগে জুলাই সনদে শপথ নিন আপনেতো সাহসী বাবার সাহসী বীর সন্তান আপনেতো ভয় পাননা তাহলে শপথ নিন তবেইতো সাহসী সত্যবাদী বীর মানবো,2,0.7962707050959417
3 After Forming Government,3_after_forming_government,2036,দেশে মোবাইল কলরেট এবং চড়া মূল্যে ডেটা নির্ধারণ বন্ধ করে জনগণের জন্য,দেশে মোবাইল কলরেট এবং চড়া মূল্যে ডেটা নির্ধারণ বন্ধ করে জনগণের জন্য,1,0.7968197505335802
3 After Forming Government,3_after_forming_government,2037,"অল্প মূল্য কলরেট এবং সাশ্রয়ী মূল্যে ডেটা দিতে হবে।-বর্তমান সরকারের কাছে বিষয়টি অবগত করা হলো। তারা যাতে বিষয়টি বিবেচনা করে। বর্তমান অপারেটররা পূর্বের সরকারের ভ্যাট, ট্যাক্স এর উপর বহাল করে তাদের মতো চলতেছে।",অল্প মূল্য কলরেট এবং সাশ্রয়ী মূল্যে ডেটা দিতে হবে বর্তমান সরকারের কাছে বিষয়টি অবগত করা হলো তারা যাতে বিষয়টি বিবেচনা করে বর্তমান অপারেটররা পূর্বের সরকারের ভ্যাট ট্যাক্স এর উপর বহাল করে তাদের মতো চলতেছে,3,0.9416426806996816
3 After Forming Government,3_after_forming_government,2038,এই তো একজন ফাটাকেষ্ট পাইলাম! এগিয়ে যান!!,এই তো একজন ফাটাকেষ্ট পাইলাম এগিয়ে যান,3,0.7301378198914334
3 After Forming Government,3_after_forming_government,2039,আওয়ামী বিএনপি ভাই ভাই,আওয়ামী বিএনপি ভাই ভাই,1,0.838023729405316
3 After Forming Government,3_after_forming_government,2040,Sundor kotha,sundor kotha,3,0.5964036997502224
3 After Forming Government,3_after_forming_government,2041,লেবুর হালি ২০০ টাকা।,লেবুর হালি টাকা,0,0.5484124446800608
3 After Forming Government,3_after_forming_government,2042,নিজের সাথে নিজের যুদ্ধ ঘোষনার মতোই,নিজের সাথে নিজের যুদ্ধ ঘোষনার মতোই,3,0.6406970399729753
3 After Forming Government,3_after_forming_government,2043,আমি তো চ্যানেল 420 ভেবেছিলাম,আমি তো চ্যানেল ভেবেছিলাম,1,0.5990602403317946
3 After Forming Government,3_after_forming_government,2044,ফাঁকা বুলি,ফাঁকা বুলি,2,0.5969568926487339
3 After Forming Government,3_after_forming_government,2045,মানুষ হুংকার দেখতে চায় না মানুষ কর্ম দেখতে চায় আজব বাংলাদেশ যে দেশের ধর্মমন্ত্রী ১৯০ কোটি টাকা ঋণ খেলাপি,মানুষ হুংকার দেখতে চায় না মানুষ কর্ম দেখতে চায় আজব বাংলাদেশ যে দেশের ধর্মমন্ত্রী কোটি টাকা ঋণ খেলাপি,4,0.7503674086565968
3 After Forming Government,3_after_forming_government,2046,এইসব বয়ান আর মানুষ খায় না,এইসব বয়ান আর মানুষ খায় না,4,0.3002672393254219
3 After Forming Government,3_after_forming_government,2047,মুখের বয়ান,মুখের বয়ান,1,0.7321798589873112
3 After Forming Government,3_after_forming_government,2048,ঢাকা গুলিস্তান চাঁদার জন্য দাড়ি গেছে,ঢাকা গুলিস্তান চাঁদার জন্য দাড়ি গেছে,4,0.5999819793800156
3 After Forming Government,3_after_forming_government,2049,ইনশাআল্লাহ বিজয় আসবেই,ইনশাআল্লাহ বিজয় আসবেই,4,0.7330908569388885
3 After Forming Government,3_after_forming_government,2050,আগের থেকে শিক্ষা নিয়ে কাজ করলে ভাল। না হলে ফাকা বুলি।,আগের থেকে শিক্ষা নিয়ে কাজ করলে ভাল না হলে ফাকা বুলি,4,0.6229362735145079
3 After Forming Government,3_after_forming_government,2051,"অনেক সুন্দর লাকছে কথা গুলো হৃদয়ে লাকছে,,,ভাই শুভ কামনা,,নতুন রুপে ফিরে আসুক আমাদের বাংলাদেশ",অনেক সুন্দর লাকছে কথা গুলো হৃদয়ে লাকছে ভাই শুভ কামনা নতুন রুপে ফিরে আসুক আমাদের বাংলাদেশ,4,0.6556966560208056
3 After Forming Government,3_after_forming_government,2052,শুধুই ডাকাডাকি রেজাল্ট শূন্য,শুধুই ডাকাডাকি রেজাল্ট শূন্য,0,0.2
3 After Forming Government,3_after_forming_government,2053,কথায় নয় পাবলিক এখন কাজে বিশ্বাসি,কথায় নয় পাবলিক এখন কাজে বিশ্বাসি,3,0.838732149559139
3 After Forming Government,3_after_forming_government,2054,"""নিরাপদ খাদ্য নিশ্চিত করুন। নিরাপদ খাদ্য আমাদের অধিকার""।",নিরাপদ খাদ্য নিশ্চিত করুন নিরাপদ খাদ্য আমাদের অধিকার,3,0.6996731069004017
3 After Forming Government,3_after_forming_government,2055,আপনার মতো সাহসী একজন থাকলে 2য় আর কেউ লাগবে নায়,আপনার মতো সাহসী একজন থাকলে য় আর কেউ লাগবে নায়,2,0.6886061839686457
3 After Forming Government,3_after_forming_government,2056,ঘেরাও কর্মসূচি দিতে হবে,ঘেরাও কর্মসূচি দিতে হবে,1,0.7312150089171668
3 After Forming Government,3_after_forming_government,2057,গুড জব,গুড জব,1,0.5999936187751076
3 After Forming Government,3_after_forming_government,2058,আলহামদুলিলাহ,আলহামদুলিলাহ,0,0.2
3 After Forming Government,3_after_forming_government,2059,শাবাশ বীর মুক্তি যোদ্ধার বীর সন্তান,শাবাশ বীর মুক্তি যোদ্ধার বীর সন্তান,2,0.8391967491045957
3 After Forming Government,3_after_forming_government,2060,আলহামদুলিল্লাহ শুকুর আলহামদুলিল্লাহ। দোয়া করি যেন মহান আল্লাহ তাআলা আপনার জন্য সহায়ক ভূমিকা পালন করেন,আলহামদুলিল্লাহ শুকুর আলহামদুলিল্লাহ দোয়া করি যেন মহান আল্লাহ তাআলা আপনার জন্য সহায়ক ভূমিকা পালন করেন,4,0.6834582157488274
3 After Forming Government,3_after_forming_government,2061,যুদ্ধটা মোবাইলের ভিতর থাক বাস্তবায়ন করা দরকার নাই,যুদ্ধটা মোবাইলের ভিতর থাক বাস্তবায়ন করা দরকার নাই,2,0.6056816990474816
3 After Forming Government,3_after_forming_government,2062,"ভাল সব ফালাইবা ১৭,বছর কতো ফালাইছো",ভাল সব ফালাইবা বছর কতো ফালাইছো,1,0.798536584634922
3 After Forming Government,3_after_forming_government,2063,বাট পার,বাট পার,1,0.5999840722012395
3 After Forming Government,3_after_forming_government,2064,ফেসবুকে এই সীমাবদ্ধ থাকবে বাস্তবে নয়,ফেসবুকে এই সীমাবদ্ধ থাকবে বাস্তবে নয়,3,0.8665757172172885
3 After Forming Government,3_after_forming_government,2065,শুধু ফেসবুক গরম করলে হবে না,শুধু ফেসবুক গরম করলে হবে না,4,0.7314343905822565
3 After Forming Government,3_after_forming_government,2066,কাজে প্রমাণ দেখতে চাই,কাজে প্রমাণ দেখতে চাই,3,0.8398712252337603
3 After Forming Government,3_after_forming_government,2067,ভাল লাগলো,ভাল লাগলো,1,0.4001552371090252
3 After Forming Government,3_after_forming_government,2068,ইনশাআল্লাহ বাস্তবায়ন হোক,ইনশাআল্লাহ বাস্তবায়ন হোক,4,0.799551742869725
3 After Forming Government,3_after_forming_government,2069,হইছে মুক্তিযুদ্ধ প্রতিমন্ত্রী,হইছে মুক্তিযুদ্ধ প্রতিমন্ত্রী,4,0.5999681960545973
3 After Forming Government,3_after_forming_government,2070,যুদ্ধ ঘোষণা করতেছে মজুতদার তথা বাণিজ্য নিয়ে!,যুদ্ধ ঘোষণা করতেছে মজুতদার তথা বাণিজ্য নিয়ে,3,0.42564018874781584
3 After Forming Government,3_after_forming_government,2071,পাব্লিকেও খুশি হয়ে হাত্তালি দিতেছে।,পাব্লিকেও খুশি হয়ে হাত্তালি দিতেছে,0,0.7297294205430449
3 After Forming Government,3_after_forming_government,2072,"দোয়া ও শুভকামনা সবসময়, ইনশাআল্লাহ সাথে আছি থাকবো, এগিয়ে যাও।",দোয়া ও শুভকামনা সবসময় ইনশাআল্লাহ সাথে আছি থাকবো এগিয়ে যাও,3,0.5609867979226436
3 After Forming Government,3_after_forming_government,2073,কথার আগে কাজ করে দেখাতে হবে,কথার আগে কাজ করে দেখাতে হবে,3,0.5500091705509226
3 After Forming Government,3_after_forming_government,2074,গণভোটে হ্যা এর পক্ষে,গণভোটে হ্যা এর পক্ষে,4,0.7977456429660799
3 After Forming Government,3_after_forming_government,2075,কথা বলায়।,কথা বলায়,0,0.2
3 After Forming Government,3_after_forming_government,2076,টেলিভিশনের চারজন সাংবাদিককে চা'কুরীচ্যুত করলো,টেলিভিশনের চারজন সাংবাদিককে চা কুরীচ্যুত করলো,0,0.5992468117560157
3 After Forming Government,3_after_forming_government,2077,কথা নয় কাজে বড় হওয়া চাই,কথা নয় কাজে বড় হওয়া চাই,3,0.8664883709335972
3 After Forming Government,3_after_forming_government,2078,ইনশাআল্লাহ আল্লাহ আপনার সহায় হোক,ইনশাআল্লাহ আল্লাহ আপনার সহায় হোক,4,0.7973840061203801
3 After Forming Government,3_after_forming_government,2079,চমৎকার সিদ্ধান্ত,চমৎকার সিদ্ধান্ত,4,0.4000449193288194
3 After Forming Government,3_after_forming_government,2080,ভাইয়ে ফেইসবুক সীমাবদ্ধ না রেখে কাজে কামে দেখান,ভাইয়ে ফেইসবুক সীমাবদ্ধ না রেখে কাজে কামে দেখান,3,0.6405263355547948
3 After Forming Government,3_after_forming_government,2081,বক্তব্য বক্তব্যের জায়গায় নমুনাটা দেখে নিন আজকেরই,বক্তব্য বক্তব্যের জায়গায় নমুনাটা দেখে নিন আজকেরই,3,0.8380862482119329
3 After Forming Government,3_after_forming_government,2083,"আল্লাহ আপনাকে অন‍্যায়ের বিপক্ষে,এবং ন‍্যায়ের পক্ষে অবিচল থাকার তৌফিক দান করুক।",আল্লাহ আপনাকে অন্যায়ের বিপক্ষে এবং ন্যায়ের পক্ষে অবিচল থাকার তৌফিক দান করুক,0,0.6255709722508056
3 After Forming Government,3_after_forming_government,2084,দেশের মানুষ এটা চাইছে,দেশের মানুষ এটা চাইছে,4,0.7333325272129093
3 After Forming Government,3_after_forming_government,2085,এগিয়ে জাও ইশরাক ভাই,এগিয়ে জাও ইশরাক ভাই,1,0.5077193454276188
3 After Forming Government,3_after_forming_government,2086,হা হা দিছে কোন পাডা হালায়,হা হা দিছে কোন পাডা হালায়,0,0.8658381942282861
3 After Forming Government,3_after_forming_government,2087,সাব্বাশ এগিয়ে যাও,সাব্বাশ এগিয়ে যাও,3,0.799846867618918
3 After Forming Government,3_after_forming_government,2088,"ভাই তুই আগে তোর নিজের অন্যায়ের উপর যুদ্ধ ঘোষণা কর,তারপর অন্যদের।",ভাই তুই আগে তোর নিজের অন্যায়ের উপর যুদ্ধ ঘোষণা কর তারপর অন্যদের,3,0.9183998658764487
3 After Forming Government,3_after_forming_government,2089,কাজে কোথায় মিল রাখেন,কাজে কোথায় মিল রাখেন,3,0.49246562178022674
3 After Forming Government,3_after_forming_government,2090,কাজে বিশ্বাসী মানুষ কথায় না,কাজে বিশ্বাসী মানুষ কথায় না,3,0.3949063459561427
3 After Forming Government,3_after_forming_government,2091,বীর পূরুষ।,বীর পূরুষ,2,0.5999971198036356
3 After Forming Government,3_after_forming_government,2092,দেখা যাক কি পযন্ত কাজ করতে পারে,দেখা যাক কি পযন্ত কাজ করতে পারে,1,0.8654380296083386
3 After Forming Government,3_after_forming_government,2093,ফেসবুকে হুমকিতে কাজ হবেনা সরাসরি বাস্তবায়ন করে দেখাতে হবে।,ফেসবুকে হুমকিতে কাজ হবেনা সরাসরি বাস্তবায়ন করে দেখাতে হবে,3,0.7404739303183296
3 After Forming Government,3_after_forming_government,2094,"হায়রে, আমি নিজেইতো মাফিয়া,!!!",হায়রে আমি নিজেইতো মাফিয়া,3,0.5999992535308076
3 After Forming Government,3_after_forming_government,2095,তাহলে আগে নিজেই নিজের বিরুদ্ধে যুদ্ধ করো।।,তাহলে আগে নিজেই নিজের বিরুদ্ধে যুদ্ধ করো,3,0.6001569540896585
3 After Forming Government,3_after_forming_government,2096,ইনশাআল্লাহ সাথে আছি,ইনশাআল্লাহ সাথে আছি,4,0.7315823901853798
3 After Forming Government,3_after_forming_government,2097,প্রমান ছাড়া সাধারণ জনগন বিশ্বাস করে না।,প্রমান ছাড়া সাধারণ জনগন বিশ্বাস করে না,3,0.8654391964855891
3 After Forming Government,3_after_forming_government,2098,অভিনন্দন ভাই,অভিনন্দন ভাই,3,0.7240679319186394
3 After Forming Government,3_after_forming_government,2099,হুমকি ধামকি নয়!!,হুমকি ধামকি নয়,3,0.7316809616795268
3 After Forming Government,3_after_forming_government,2100,কাজে করে দেখান আমজনতা সবাইকে পাশে পাবেন ইনশাআল্লাহ,কাজে করে দেখান আমজনতা সবাইকে পাশে পাবেন ইনশাআল্লাহ,3,0.5566963823971317
3 After Forming Government,3_after_forming_government,2101,শুভকামনা রইলো,শুভকামনা রইলো,3,0.7333282598971391
3 After Forming Government,3_after_forming_government,2102,কথায় না কাজ করে দেখান।,কথায় না কাজ করে দেখান,3,0.7998489054979968
3 After Forming Government,3_after_forming_government,2103,ফেসবুকে নয় বাস্তব রূপান্তর হয়ে,ফেসবুকে নয় বাস্তব রূপান্তর হয়ে,3,0.8388495498464609
3 After Forming Government,3_after_forming_government,2104,ঊর্ধ্বগতি বাজার দ্রব্যমূল্য কমিয়ে আনা হোক।,ঊর্ধ্বগতি বাজার দ্রব্যমূল্য কমিয়ে আনা হোক,2,0.7983475678626606
3 After Forming Government,3_after_forming_government,2105,এলপিজি গ্যাস ৭০০ টাকা নির্ধারণ করা হোক,এলপিজি গ্যাস টাকা নির্ধারণ করা হোক,2,0.46913065633084705
3 After Forming Government,3_after_forming_government,2106,কাজে দেখানো উচিত,কাজে দেখানো উচিত,4,0.44135230827684563
3 After Forming Government,3_after_forming_government,2107,এস কথা শুধু ফেইসবুকে মনায় বাস্তবতা অনেক কঠিন,এস কথা শুধু ফেইসবুকে মনায় বাস্তবতা অনেক কঠিন,0,0.5500646091498617
3 After Forming Government,3_after_forming_government,2108,You are a big mafia boss,you are a big mafia boss,0,0.8397336895297778
3 After Forming Government,3_after_forming_government,2109,বাস্তবে দেখতে চাই,বাস্তবে দেখতে চাই,3,0.7999990602285161
3 After Forming Government,3_after_forming_government,2110,দেখা যাবে,দেখা যাবে,1,0.7322313547374826
3 After Forming Government,3_after_forming_government,2111,কথার সাথে কাজের মিল থাকলে গরিবের দুআ আপনার জন্য,কথার সাথে কাজের মিল থাকলে গরিবের দুআ আপনার জন্য,2,0.8393435119962571
3 After Forming Government,3_after_forming_government,2112,কোথায় বললে হবে না কাজে দেখাতে হবে তাহলে জনগণ আপনাদের বাহবা দেবে,কোথায় বললে হবে না কাজে দেখাতে হবে তাহলে জনগণ আপনাদের বাহবা দেবে,3,0.5595804308628901
3 After Forming Government,3_after_forming_government,2113,চমৎকার উদ্যোগ।,চমৎকার উদ্যোগ,2,0.7333283984262037
3 After Forming Government,3_after_forming_government,2114,দেখা জাইক,দেখা জাইক,1,0.5984871987541123
3 After Forming Government,3_after_forming_government,2115,"অভিনন্দন,জনতার নেতা",অভিনন্দন জনতার নেতা,3,0.733331538635818
3 After Forming Government,3_after_forming_government,2116,তুমি খাইও,তুমি খাইও,2,0.5999842401742186
3 After Forming Government,3_after_forming_government,2117,father of mafiya,father of mafiya,2,0.4004438589127807
3 After Forming Government,3_after_forming_government,2118,ধন্যবাদ ইসরাক ভাই রাজনৈতিক ক্যারিয়ারের সবচেয়ে ভালো কথাটা পেলাম আপনার কাছ থেকে।,ধন্যবাদ ইসরাক ভাই রাজনৈতিক ক্যারিয়ারের সবচেয়ে ভালো কথাটা পেলাম আপনার কাছ থেকে,3,0.917558571454397
3 After Forming Government,3_after_forming_government,2119,সদর ঘাট বা ওয়াইজঘাটে দেখলাম এই ছেলেটার একটা চাঁদাবাজি ক্লাব করছে।,সদর ঘাট বা ওয়াইজঘাটে দেখলাম এই ছেলেটার একটা চাঁদাবাজি ক্লাব করছে,2,0.7985246265494149
3 After Forming Government,3_after_forming_government,2120,নিজের বিরুদ্ধে কি যুদ্ধ করা যায়,নিজের বিরুদ্ধে কি যুদ্ধ করা যায়,3,0.7998243965217658
3 After Forming Government,3_after_forming_government,2121,রাজাকারদের বিরুদ্ধে আমিও যুদ্ধে সামিল হতে চাই,রাজাকারদের বিরুদ্ধে আমিও যুদ্ধে সামিল হতে চাই,3,0.8370455345371381
3 After Forming Government,3_after_forming_government,2122,ফেইসবুকে সীমাবদ্ধ তাকে যেনো,ফেইসবুকে সীমাবদ্ধ তাকে যেনো,0,0.37410274300407714
3 After Forming Government,3_after_forming_government,2123,এর যুদ্ধ ফেসবুকেই সীমাবদ্ধ,এর যুদ্ধ ফেসবুকেই সীমাবদ্ধ,3,0.7999959269481581
3 After Forming Government,3_after_forming_government,2124,দেশবাসী আপনার সাথে,দেশবাসী আপনার সাথে,0,0.2
3 After Forming Government,3_after_forming_government,2125,মুখে একটা মনে আরেকটা কোন কাজ হবে না,মুখে একটা মনে আরেকটা কোন কাজ হবে না,3,0.8638945455033122
3 After Forming Government,3_after_forming_government,2126,ফেসবুকে মাফিয়া নিধন ঘোষণা...!,ফেসবুকে মাফিয়া নিধন ঘোষণা,3,0.799790059676025
3 After Forming Government,3_after_forming_government,2127,কথায় নয় কাজে প্রমান চাই।,কথায় নয় কাজে প্রমান চাই,3,0.8665255223113617
3 After Forming Government,3_after_forming_government,2128,লেবু ১২০ করলা ২০০৳ হাস্যকর পোস্ট দিয়ে কি হবে কাজে করে দেখান,লেবু করলা ৳ হাস্যকর পোস্ট দিয়ে কি হবে কাজে করে দেখান,3,0.6405418760488995
3 After Forming Government,3_after_forming_government,2129,বাস্তব কথা হল এবাররাজনৈতিক প্রেক্ষাপট একটু ভিন্ন দেখা যাচ্ছেযারা ক্ষমতা এসেছেন তাদের ভিতর একটা দেশ প্রেম দেখতে পাচ্ছি ভাই দোয়া এবং শুভকামনা রইল আপনাদের জন্য ভালো মন মানসিকতা নিয়ে এগিয়ে যান,বাস্তব কথা হল এবাররাজনৈতিক প্রেক্ষাপট একটু ভিন্ন দেখা যাচ্ছেযারা ক্ষমতা এসেছেন তাদের ভিতর একটা দেশ প্রেম দেখতে পাচ্ছি ভাই দোয়া এবং শুভকামনা রইল আপনাদের জন্য ভালো মন মানসিকতা নিয়ে এগিয়ে যান,3,0.9607319878554015
3 After Forming Government,3_after_forming_government,2130,সাভাস,সাভাস,0,0.2
3 After Forming Government,3_after_forming_government,2131,নগর ভবন ঘেরাও করেন,নগর ভবন ঘেরাও করেন,1,0.39973503376168085
3 After Forming Government,3_after_forming_government,2132,"আলহামদুলিল্লাহ, সফল হউক।",আলহামদুলিল্লাহ সফল হউক,2,0.7321802264842089
3 After Forming Government,3_after_forming_government,2133,নিজেদের বিরুদ্ধে নিজেদের যুদ্ধ,নিজেদের বিরুদ্ধে নিজেদের যুদ্ধ,3,0.440284950360339
3 After Forming Government,3_after_forming_government,2134,একমত পোষণ করছি,একমত পোষণ করছি,3,0.7999928552532224
3 After Forming Government,3_after_forming_government,2135,এগুলো তো মিডিয়ার বয়ান,এগুলো তো মিডিয়ার বয়ান,1,0.732335279050519
3 After Forming Government,3_after_forming_government,2136,Online,online,0,0.2
3 After Forming Government,3_after_forming_government,2137,হউররার ( সরিষা) ভিতরেই ভুত!,হউররার সরিষা ভিতরেই ভুত,0,0.2
3 After Forming Government,3_after_forming_government,2138,"এটা বলাতে আপনাদের চোখে হিরো হলো, আর আমি দেখলাম ইসরাকের ইনকাম বাড়লো, বলেন কেমনে?",এটা বলাতে আপনাদের চোখে হিরো হলো আর আমি দেখলাম ইসরাকের ইনকাম বাড়লো বলেন কেমনে,3,0.600424394487532
3 After Forming Government,3_after_forming_government,2139,সিন্ডিকেট ওয়ালারা তার মুখ বন্ধো রাখতে এখন তাকে টাকা দিবে।,সিন্ডিকেট ওয়ালারা তার মুখ বন্ধো রাখতে এখন তাকে টাকা দিবে,4,0.8829461552274578
3 After Forming Government,3_after_forming_government,2140,"বিকাশ নুর এজেন্সীর বিরুদ্ধে ব্যাবস্থা নিবে বলছে না, সেও টাকা খাওয়ার জন্য বলছে।",বিকাশ নুর এজেন্সীর বিরুদ্ধে ব্যাবস্থা নিবে বলছে না সেও টাকা খাওয়ার জন্য বলছে,0,0.5724513335079885
3 After Forming Government,3_after_forming_government,2141,(ইশরাকে চামচা আমি এখানে টয়লেট ক্লিনার আমার পোষ্টে হা হা হা দিবে দেখবেন।),ইশরাকে চামচা আমি এখানে টয়লেট ক্লিনার আমার পোষ্টে হা হা হা দিবে দেখবেন,2,0.755077295733301
3 After Forming Government,3_after_forming_government,2142,ফেসবুকে যুদ্ধ ঘোষণা করলে কি হয়?,ফেসবুকে যুদ্ধ ঘোষণা করলে কি হয়,3,0.6399285263465274
3 After Forming Government,3_after_forming_government,2143,এইবার সংসদ ভবন দখল করবে।,এইবার সংসদ ভবন দখল করবে,2,0.7982897048469467
3 After Forming Government,3_after_forming_government,2144,"মাশাআল্লাহ, কথার সাথে কাজের মিল থাকলেই হয়, আমরা সাধারণ জনগণ অপেক্ষায় ইনশাআল্লাহ",মাশাআল্লাহ কথার সাথে কাজের মিল থাকলেই হয় আমরা সাধারণ জনগণ অপেক্ষায় ইনশাআল্লাহ,2,0.659763842702179
3 After Forming Government,3_after_forming_government,2145,মাফিয়া কাকে বলে এই সংজ্ঞা ক্লিয়ার করতে হবে আগে ।,মাফিয়া কাকে বলে এই সংজ্ঞা ক্লিয়ার করতে হবে আগে,1,0.3887139199841299
3 After Forming Government,3_after_forming_government,2146,যারা চান্দাবাজি করে তারা মাফিয়া,যারা চান্দাবাজি করে তারা মাফিয়া,3,0.7975547500690919
3 After Forming Government,3_after_forming_government,2147,নাকি যারা চান্দাবাজির বিরুদ্ধে প্রতিবাদ করে তাদেরকে মাফিয়া বলে ।,নাকি যারা চান্দাবাজির বিরুদ্ধে প্রতিবাদ করে তাদেরকে মাফিয়া বলে,3,0.6146519722636461
3 After Forming Government,3_after_forming_government,2148,কোনটা।,কোনটা,1,0.5995087275038289
3 After Forming Government,3_after_forming_government,2149,এগুলো মুখের কথা মনের কথা না,এগুলো মুখের কথা মনের কথা না,1,0.494348519696486
3 After Forming Government,3_after_forming_government,2150,ভূতের মূখে রাম রাম,ভূতের মূখে রাম রাম,2,0.7333261939842538
3 After Forming Government,3_after_forming_government,2151,"নিজের একটা,,,,,,,,",নিজের একটা,3,0.5986479151472909
3 After Forming Government,3_after_forming_government,2152,বাস্তবায়ন করো তাহলে তুমিই হবে বাংলার রিয়াল হিরো।,বাস্তবায়ন করো তাহলে তুমিই হবে বাংলার রিয়াল হিরো,0,0.6344714024054816
3 After Forming Government,3_after_forming_government,2153,ঘেরাও।,ঘেরাও,1,0.5999870937333474
3 After Forming Government,3_after_forming_government,2154,কথাটা বলার জন্য ধন্যবাদ। বাস্তবায়নের অপেক্ষায় রইলাম,কথাটা বলার জন্য ধন্যবাদ বাস্তবায়নের অপেক্ষায় রইলাম,3,0.45629533833610036
3 After Forming Government,3_after_forming_government,2155,Facebook পোস্টে নয় বাস্তবায়ন করে দেখান,facebook পোস্টে নয় বাস্তবায়ন করে দেখান,3,0.6338182802486902
3 After Forming Government,3_after_forming_government,2156,এগিয়ে যান,এগিয়ে যান,3,0.7301378198914334
3 After Forming Government,3_after_forming_government,2157,সে নিজেই তো মাপিয়া!,সে নিজেই তো মাপিয়া,3,0.4810869363714532
3 After Forming Government,3_after_forming_government,2158,Right,right,3,0.5999940674575689
3 After Forming Government,3_after_forming_government,2159,ওরে বাটপার ওরে নাটক,ওরে বাটপার ওরে নাটক,1,0.6401291238123147
3 After Forming Government,3_after_forming_government,2160,এই হুশিয়ারি যেনো আমরা বাস্তব এ দেখতে পাই,এই হুশিয়ারি যেনো আমরা বাস্তব এ দেখতে পাই,3,0.4399990679140732
3 After Forming Government,3_after_forming_government,2161,অনেক অনেক শুভকামনা থাকবে,অনেক অনেক শুভকামনা থাকবে,3,0.7329310552224167
3 After Forming Government,3_after_forming_government,2162,ও আচ্ছা দেখা যাক,ও আচ্ছা দেখা যাক,1,0.7989629505576242
3 After Forming Government,3_after_forming_government,2163,ইনশাল্লাহ আপনারা যেন ন্যায়ের পথে কাজ করতে পারেন,ইনশাল্লাহ আপনারা যেন ন্যায়ের পথে কাজ করতে পারেন,3,0.8823773751457858
3 After Forming Government,3_after_forming_government,2164,কাজের মাধ্যমে প্রমান করেন,কাজের মাধ্যমে প্রমান করেন,3,0.4540052537623977
3 After Forming Government,3_after_forming_government,2165,খুব ভালো,খুব ভালো,2,0.5962681181141288
3 After Forming Government,3_after_forming_government,2166,মিডিয়ায় এসে এমন গলাবাজি করতেই পারবা| বাস্তবে দেখা যাবে তোমরাই জড়িত এসবের সাথে,মিডিয়ায় এসে এমন গলাবাজি করতেই পারবা বাস্তবে দেখা যাবে তোমরাই জড়িত এসবের সাথে,1,0.4984286384433104
3 After Forming Government,3_after_forming_government,2167,কত টাকার বিনিময় এই যুদ্ধ বন্ধ করবেন তা জাতি জানতে চায়।,কত টাকার বিনিময় এই যুদ্ধ বন্ধ করবেন তা জাতি জানতে চায়,3,0.48287958405732306
3 After Forming Government,3_after_forming_government,2168,আছি ভাই,আছি ভাই,4,0.7274772489442065
3 After Forming Government,3_after_forming_government,2169,নেতা তো এমনি হওয়া উচিত,নেতা তো এমনি হওয়া উচিত,3,0.8372599346951979
3 After Forming Government,3_after_forming_government,2170,কাজ করে দেখান,কাজ করে দেখান,3,0.7330102663009624
3 After Forming Government,3_after_forming_government,2171,যেনো আপনার শত্রুও আপনার প্রশংসা করে।,যেনো আপনার শত্রুও আপনার প্রশংসা করে,2,0.5999930164110371
3 After Forming Government,3_after_forming_government,2172,"উনি প্রথম ব্যক্তি যে ,নিজের বিরুদ্ধে যুদ্ধ ঘোষণা করল।",উনি প্রথম ব্যক্তি যে নিজের বিরুদ্ধে যুদ্ধ ঘোষণা করল,3,0.5544601807835023
3 After Forming Government,3_after_forming_government,2173,মরনের সময় যখন ঘনিয়ে আসে পিঁপড়া তখন বেশী ফড়ফড় করে।বিএনপির সামনে আবারো ৯৬ দেখা দিয়েছে।মনে আছে কি সে ৯৬?মাত্র ১২দিন টিকেছিল বিএনপি।এবার না হয় ১২০দিন টিকবো ।,মরনের সময় যখন ঘনিয়ে আসে পিঁপড়া তখন বেশী ফড়ফড় করে বিএনপির সামনে আবারো দেখা দিয়েছে মনে আছে কি সে মাত্র দিন টিকেছিল বিএনপি এবার না হয় দিন টিকবো,1,0.5314456271670168
3 After Forming Government,3_after_forming_government,2174,ফেসবুকে ঘোষণা করছেন ভালো কথা মাঠে তার বাস্তবায়ন দেখতে চাই।,ফেসবুকে ঘোষণা করছেন ভালো কথা মাঠে তার বাস্তবায়ন দেখতে চাই,3,0.9093565439243481
3 After Forming Government,3_after_forming_government,2175,বাস্তবে দেখাতে হবে,বাস্তবে দেখাতে হবে,3,0.7333304072017315
3 After Forming Government,3_after_forming_government,2176,আল্লাহ্ ওয়াস্তে নিজের ঘরের চাঁন্দাবাজ গুলাকে সামলান। তাহলে এমনেতেই ভোগ্যপন্যের দাম কমে আসবে৷ অযথা হুঙ্কার দিয়ে স্ট্যান্ডবাজি করে লাভ নাই।,আল্লাহ্ ওয়াস্তে নিজের ঘরের চাঁন্দাবাজ গুলাকে সামলান তাহলে এমনেতেই ভোগ্যপন্যের দাম কমে আসবে৷ অযথা হুঙ্কার দিয়ে স্ট্যান্ডবাজি করে লাভ নাই,0,0.6299165602850878
3 After Forming Government,3_after_forming_government,2177,বাস্থবায়ন করতে হবে,বাস্থবায়ন করতে হবে,1,0.5987986292024587
3 After Forming Government,3_after_forming_government,2178,কথায় না কাজে প্রমান চাই,কথায় না কাজে প্রমান চাই,3,0.8398147351425632
3 After Forming Government,3_after_forming_government,2179,ফেসবুকে আমি ভাবলাম সরাসরি,ফেসবুকে আমি ভাবলাম সরাসরি,3,0.7331616403102934
3 After Forming Government,3_after_forming_government,2180,ফেসবুক যোদ্ধা,ফেসবুক যোদ্ধা,1,0.7324397440404875
3 After Forming Government,3_after_forming_government,2181,Nijer biruddhei juddho?,nijer biruddhei juddho,0,0.2
3 After Forming Government,3_after_forming_government,2182,সরকারি দল বিরোধীদল মিলেমিশে সুন্দর একটি রাষ্ট্র পরিকল্পনা করুন। হিংসা বিদ্বেষ থেকে আল্লাহ আমাদেরকে রক্ষা করুন।,সরকারি দল বিরোধীদল মিলেমিশে সুন্দর একটি রাষ্ট্র পরিকল্পনা করুন হিংসা বিদ্বেষ থেকে আল্লাহ আমাদেরকে রক্ষা করুন,4,0.38541790376921214
3 After Forming Government,3_after_forming_government,2183,আল্লাহ সবাইকে সৎ ও নিষ্ঠার সাথে কাজ করার সুযোগ দিন তৌফিক দিন। আল্লাহ সবাইকে দুর্নীতি মুক্ত রাখুন।,আল্লাহ সবাইকে সৎ ও নিষ্ঠার সাথে কাজ করার সুযোগ দিন তৌফিক দিন আল্লাহ সবাইকে দুর্নীতি মুক্ত রাখুন,1,0.7423795735545025
3 After Forming Government,3_after_forming_government,2184,দেখি....,দেখি,2,0.5957966526260488
3 After Forming Government,3_after_forming_government,2185,ইনশাআল্লাহ। এগিয়ে যাও বাংলাদেশ।,ইনশাআল্লাহ এগিয়ে যাও বাংলাদেশ,3,0.5041648044511867
3 After Forming Government,3_after_forming_government,2186,ফেজবুক পযর্ন্ত ঠিক আছে,ফেজবুক পযর্ন্ত ঠিক আছে,4,0.5999992496587379
3 After Forming Government,3_after_forming_government,2187,কথা আর কাজ ঠিক থাকলে স্যালুট জানাবো ইনশাআল্লাহ।,কথা আর কাজ ঠিক থাকলে স্যালুট জানাবো ইনশাআল্লাহ,4,0.5331721315720067
3 After Forming Government,3_after_forming_government,2188,কথা ও কাজে মিল থাকলে জনসমর্থন দ্বিগুন হবে।,কথা ও কাজে মিল থাকলে জনসমর্থন দ্বিগুন হবে,2,0.7975504714626771
3 After Forming Government,3_after_forming_government,2189,দেখা যাক কতটুকু পারো,দেখা যাক কতটুকু পারো,2,0.6303645921242768
3 After Forming Government,3_after_forming_government,2190,আর যাদের ১ :২ লক্ষটাকা দেনার কারনে ঘর চারা বাড়ি চার পাওনা দ্বারেরা তার বাড়ি দখল করে নিয়ে নিতে চাইতেচে তারার কি হবে,আর যাদের লক্ষটাকা দেনার কারনে ঘর চারা বাড়ি চার পাওনা দ্বারেরা তার বাড়ি দখল করে নিয়ে নিতে চাইতেচে তারার কি হবে,2,0.6278538165761184
3 After Forming Government,3_after_forming_government,2191,আমরাও প্রয়োজনে আপনাদেরকে এই কাজে সহযোগিতা করবো।তবুও সিন্ডিকেট ভেঙে দিন।,আমরাও প্রয়োজনে আপনাদেরকে এই কাজে সহযোগিতা করবো তবুও সিন্ডিকেট ভেঙে দিন,3,0.8839666928520235
3 After Forming Government,3_after_forming_government,2192,আমরা বাস্তবতা দেখতে চাই,আমরা বাস্তবতা দেখতে চাই,3,0.5511106484147414
3 After Forming Government,3_after_forming_government,2193,কথায় নয় কাজে প্রমান চাই।,কথায় নয় কাজে প্রমান চাই,3,0.8665255223113617
3 After Forming Government,3_after_forming_government,2194,ভাগ নেয়ার জন্য হুমকি আর কি,ভাগ নেয়ার জন্য হুমকি আর কি,1,0.7316611098477624
3 After Forming Government,3_after_forming_government,2195,জ্বি সেটাই,জ্বি সেটাই,2,0.7330022648934178
3 After Forming Government,3_after_forming_government,2196,"এই কথা বলার পর চাচার বাড়িতে অলরেডি ৪ কোটি ঢুকে গেছে,,,",এই কথা বলার পর চাচার বাড়িতে অলরেডি কোটি ঢুকে গেছে,0,0.6636060755898737
3 After Forming Government,3_after_forming_government,2197,Nijera chandabazi korey ekhon notun bashay kotha bole,nijera chandabazi korey ekhon notun bashay kotha bole,1,0.7287767811337746
3 After Forming Government,3_after_forming_government,2198,এটা যেন ফেইসবুকে না হয়,এটা যেন ফেইসবুকে না হয়,0,0.5999863102626696
3 After Forming Government,3_after_forming_government,2199,কথা বলা আর বাস্তবায়িত করা এক জিনিস নয়,কথা বলা আর বাস্তবায়িত করা এক জিনিস নয়,4,0.501093229777744
3 After Forming Government,3_after_forming_government,2200,Faka abaj,faka abaj,0,0.2
3 After Forming Government,3_after_forming_government,2201,"আমাদের পবিত্র রমজান মাসের দোয়া, হে আল্লাহ!",আমাদের পবিত্র রমজান মাসের দোয়া হে আল্লাহ,3,0.8828374076642274
3 After Forming Government,3_after_forming_government,2202,"ইলেকশন ইঞ্জিনিয়ারিংয়ের সাথে যে দল এবং কর্মকর্তারা জড়িত, তাদেরকে প্যারালাইসিসড ও উম্মাদ করে দাও।",ইলেকশন ইঞ্জিনিয়ারিংয়ের সাথে যে দল এবং কর্মকর্তারা জড়িত তাদেরকে প্যারালাইসিসড ও উম্মাদ করে দাও,1,0.6262948128740632
3 After Forming Government,3_after_forming_government,2203,ভোট চোরদের মুখে অনেক কিছু শুনা যাবে,ভোট চোরদের মুখে অনেক কিছু শুনা যাবে,4,0.5467115858086656
3 After Forming Government,3_after_forming_government,2204,কথা এবং কাজ যদি ঠিক থাকে তাইলে আলহামদুলিল্লাহ,কথা এবং কাজ যদি ঠিক থাকে তাইলে আলহামদুলিল্লাহ,4,0.37107911324234444
3 After Forming Government,3_after_forming_government,2205,নিজেই মাপিয়া,নিজেই মাপিয়া,3,0.40061535932933634
3 After Forming Government,3_after_forming_government,2206,কথা না বলে কাজে দেখিয়ে দিন !,কথা না বলে কাজে দেখিয়ে দিন,3,0.7292974264850987
3 After Forming Government,3_after_forming_government,2207,ইশরাক মুভির নাম যুদ্ধ ঘোষনা,ইশরাক মুভির নাম যুদ্ধ ঘোষনা,3,0.6185275631152011
3 After Forming Government,3_after_forming_government,2208,১৭ বছরের যুদ্ধ,বছরের যুদ্ধ,3,0.4782281255343597
3 After Forming Government,3_after_forming_government,2209,ইনশাআল্লাহ আপনি ও তারেক রহমানের উপর ভরসা আছে,ইনশাআল্লাহ আপনি ও তারেক রহমানের উপর ভরসা আছে,4,0.799747298330406
3 After Forming Government,3_after_forming_government,2210,লোক দেখানো কথা না বলে।কথা এবং কাজে মিল রেখে দেখান। তাহলে বলা যাবে আপনারা ভালো কাজ করতেছেন।,লোক দেখানো কথা না বলে কথা এবং কাজে মিল রেখে দেখান তাহলে বলা যাবে আপনারা ভালো কাজ করতেছেন,3,0.43068152833239376
3 After Forming Government,3_after_forming_government,2211,বাস্তবায়ন হলে খুশি হবো।,বাস্তবায়ন হলে খুশি হবো,4,0.7943976872567542
3 After Forming Government,3_after_forming_government,2212,"আমরা এখন কথা বিশ্বাসীনা কাজে বিশ্বাসী এসব বুলি সুনতেছি অনেক কাজের কাজ কিছুই হয় না,তাই বলছি আগে কাজ করে দেখান।",আমরা এখন কথা বিশ্বাসীনা কাজে বিশ্বাসী এসব বুলি সুনতেছি অনেক কাজের কাজ কিছুই হয় না তাই বলছি আগে কাজ করে দেখান,3,0.5493760372076381
3 After Forming Government,3_after_forming_government,2213,এটাই হোক আগামীর বাংলাদেশ,এটাই হোক আগামীর বাংলাদেশ,4,0.7996240052838968
3 After Forming Government,3_after_forming_government,2214,এটা বাস্তবায়ন করেন,এটা বাস্তবায়ন করেন,4,0.7302131646046467
3 After Forming Government,3_after_forming_government,2215,জিরো টলারেন্স দূর্নীতি অনিয়ম কে।।,জিরো টলারেন্স দূর্নীতি অনিয়ম কে,2,0.7295447545841515
3 After Forming Government,3_after_forming_government,2216,"গুলিস্তান, বঙ সহ সমগ্র এলাকার চাদা তুলা এবার বন্ধ হবে",গুলিস্তান বঙ সহ সমগ্র এলাকার চাদা তুলা এবার বন্ধ হবে,2,0.5233940595772777
3 After Forming Government,3_after_forming_government,2217,নিজের সাথে নিজের যুদ্ধ এই প্রথম।,নিজের সাথে নিজের যুদ্ধ এই প্রথম,3,0.8382054601768718
3 After Forming Government,3_after_forming_government,2218,এগিয়ে যাও,এগিয়ে যাও,3,0.73300889755115
3 After Forming Government,3_after_forming_government,2219,জাতি কাজে তার প্রতিফলন দেখতে চায়,জাতি কাজে তার প্রতিফলন দেখতে চায়,3,0.6820848217991359
3 After Forming Government,3_after_forming_government,2220,সে নিজেই মাফিয়া,সে নিজেই মাফিয়া,3,0.7985811530835749
3 After Forming Government,3_after_forming_government,2221,New natok,new natok,3,0.5999847841630991
3 After Forming Government,3_after_forming_government,2222,ইনশাআল্লাহ কথা কাজে মিল পাবে বাংলাদেশ #JusticeForHadi,ইনশাআল্লাহ কথা কাজে মিল পাবে বাংলাদেশ justiceforhadi,4,0.533069512279305
3 After Forming Government,3_after_forming_government,2223,সহমত দিলাম আপনারা সাথেই,সহমত দিলাম আপনারা সাথেই,3,0.5493768203491135
3 After Forming Government,3_after_forming_government,2224,কথা অনুযায়ী কাজ হলেই তো ভালো। আমরাও তো শান্তিতে থাকতে চাই। অশান্তি কে চায়!!,কথা অনুযায়ী কাজ হলেই তো ভালো আমরাও তো শান্তিতে থাকতে চাই অশান্তি কে চায়,3,0.7267061928960217
3 After Forming Government,3_after_forming_government,2225,তাহলে তো মির্জা or তোমার সাথে বিশাল যুদ্ধ হবে,তাহলে তো মির্জা or তোমার সাথে বিশাল যুদ্ধ হবে,3,0.5495976628889948
3 After Forming Government,3_after_forming_government,2226,"প্রথম প্রথম এগুলো সবাই বলে,",প্রথম প্রথম এগুলো সবাই বলে,0,0.8657262342258126
3 After Forming Government,3_after_forming_government,2227,কিছু দিন পর ওরা নিজেরাই সবচেয়ে বড় দুর্নীতিবাজ হয়ে যায়।,কিছু দিন পর ওরা নিজেরাই সবচেয়ে বড় দুর্নীতিবাজ হয়ে যায়,0,0.6043153346235023
3 After Forming Government,3_after_forming_government,2228,"এগুলা পেইচবোকে সীমাবদ্ধ থাকলে হবে না, প্রয়োগ চাই জনগন",এগুলা পেইচবোকে সীমাবদ্ধ থাকলে হবে না প্রয়োগ চাই জনগন,3,0.8850906854105572
3 After Forming Government,3_after_forming_government,2229,১২ কেজি গ্যাস সিলিন্ডার ১৭৫০ টাকায় বিক্রি করতেছে আজকে।।,কেজি গ্যাস সিলিন্ডার টাকায় বিক্রি করতেছে আজকে,4,0.8847923042721184
3 After Forming Government,3_after_forming_government,2230,কথা কম বলে কাজ করে দেখান,কথা কম বলে কাজ করে দেখান,3,0.8388282389854839
3 After Forming Government,3_after_forming_government,2231,নয়নের জন্য একটা চাকরির ব্যাবস্থা করা হোক।,নয়নের জন্য একটা চাকরির ব্যাবস্থা করা হোক,4,0.7329298823153602
3 After Forming Government,3_after_forming_government,2232,মাশাআল্লাহ ভালো কথা বলছেন ধন্যবাদ,মাশাআল্লাহ ভালো কথা বলছেন ধন্যবাদ,2,0.8328504427608359
3 After Forming Government,3_after_forming_government,2233,রোজার পরে করবেন?,রোজার পরে করবেন,4,0.7321813718113088
3 After Forming Government,3_after_forming_government,2234,এমন কথা আগে কনো সংসদ সদস্যর কাছ থেকে সুনিনি,এমন কথা আগে কনো সংসদ সদস্যর কাছ থেকে সুনিনি,0,0.7958064062884178
3 After Forming Government,3_after_forming_government,2235,"যদি বাস্তবে করতে পারেন,গুড",যদি বাস্তবে করতে পারেন গুড,3,0.49095197570810106
3 After Forming Government,3_after_forming_government,2236,বড় মাফিয়া কারা তাদের পরিচয় প্রকাশ করা হোক,বড় মাফিয়া কারা তাদের পরিচয় প্রকাশ করা হোক,2,0.5561342057648255
3 After Forming Government,3_after_forming_government,2237,কথায় নয় কাজে দেখতে চাই,কথায় নয় কাজে দেখতে চাই,3,0.8665626949245914
3 After Forming Government,3_after_forming_government,2238,নিজেকে চেনানোর সময় এসেছে,নিজেকে চেনানোর সময় এসেছে,4,0.5189043595443408
3 After Forming Government,3_after_forming_government,2239,হুংকারে নয় কাজে পরিচয় চাই,হুংকারে নয় কাজে পরিচয় চাই,3,0.8388370128911079
3 After Forming Government,3_after_forming_government,2240,১৮ দিনের নগরবাসীর জনদুর্ভোগ এর কালিমা মোচন,দিনের নগরবাসীর জনদুর্ভোগ এর কালিমা মোচন,0,0.599559972520685
3 After Forming Government,3_after_forming_government,2241,কিছুটা হলেও কিছু কমবে,কিছুটা হলেও কিছু কমবে,0,0.2
3 After Forming Government,3_after_forming_government,2242,"ফেসবুকের নির্বাচনী ফলাফল মিথ্যা ছিল, তাহলে এটা যে সত্য তা কিভাবে বুঝবো",ফেসবুকের নির্বাচনী ফলাফল মিথ্যা ছিল তাহলে এটা যে সত্য তা কিভাবে বুঝবো,1,0.8836216785619779
3 After Forming Government,3_after_forming_government,2243,এই স্ট্যাটাস দেয়া হয়েছে যাতে ওরে সবাই চাঁদা দেয় চাঁদা দিয়ে ওর মুখ বন্ধ করার জন্য ও ফেসবুকে এই স্ট্যাটাস দিয়েছে,এই স্ট্যাটাস দেয়া হয়েছে যাতে ওরে সবাই চাঁদা দেয় চাঁদা দিয়ে ওর মুখ বন্ধ করার জন্য ও ফেসবুকে এই স্ট্যাটাস দিয়েছে,0,0.5162353532820807
3 After Forming Government,3_after_forming_government,2244,"১২ তারিখ নির্বাচন হয়েছে,",তারিখ নির্বাচন হয়েছে,4,0.5980891389426274
3 After Forming Government,3_after_forming_government,2245,১৪ তারিখ হইতে বয়লার মুরগি,তারিখ হইতে বয়লার মুরগি,1,0.5999731303159042
3 After Forming Government,3_after_forming_government,2246,কে জি ২১০ টাকা কেন? জনগন জানতে চায়।,কে জি টাকা কেন জনগন জানতে চায়,4,0.8386079160381279
3 After Forming Government,3_after_forming_government,2247,সাধুবাদ জানাই এরকম উদ্যোগকে,সাধুবাদ জানাই এরকম উদ্যোগকে,3,0.7997909539335766
3 After Forming Government,3_after_forming_government,2248,আগে জিনিসের দাম কমান,আগে জিনিসের দাম কমান,2,0.5995560075502478
3 After Forming Government,3_after_forming_government,2249,সাব্বাশ,সাব্বাশ,3,0.5999880927817736
3 After Forming Government,3_after_forming_government,2250,সবাই এটাই চাই,সবাই এটাই চাই,3,0.31343003709390566
3 After Forming Government,3_after_forming_government,2251,আপনাকে ধন্যবাদ,আপনাকে ধন্যবাদ,3,0.7304306788428182
3 After Forming Government,3_after_forming_government,2252,ছুডোকালে পড়েছিলাম যত গর্জে তত বর্ষে না দেখা যাক বরিষণ হয় কিনা,ছুডোকালে পড়েছিলাম যত গর্জে তত বর্ষে না দেখা যাক বরিষণ হয় কিনা,1,0.8655134603336969
3 After Forming Government,3_after_forming_government,2253,প্রথমেই দেখি এলপিজি গ্যাসের দাম নিয়ন্ত্রণ করতে পারেন কিনা......,প্রথমেই দেখি এলপিজি গ্যাসের দাম নিয়ন্ত্রণ করতে পারেন কিনা,2,0.6012641696144159
3 After Forming Government,3_after_forming_government,2254,সাবাস বাপের বেটা ! মানুষের দোয়া পাওয়া যাবে নিশ্চয়ই ।,সাবাস বাপের বেটা মানুষের দোয়া পাওয়া যাবে নিশ্চয়ই,3,0.7433575573806414
3 After Forming Government,3_after_forming_government,2255,"Facebook a fight colitacay,,, amra Adiance",facebook a fight colitacay amra adiance,1,0.7330848719084403
3 After Forming Government,3_after_forming_government,2256,ফেসবুকেই যুদ্ধ থাক।বাইরে করে পরিবেশে সুড়সুড়ি দিবেন না।,ফেসবুকেই যুদ্ধ থাক বাইরে করে পরিবেশে সুড়সুড়ি দিবেন না,2,0.5326549182934622
3 After Forming Government,3_after_forming_government,2257,শুভ কামনা রইলো। বাস্তবায়ন করার অপেক্ষায় রইলাম,শুভ কামনা রইলো বাস্তবায়ন করার অপেক্ষায় রইলাম,1,0.36677277743132863
3 After Forming Government,3_after_forming_government,2258,সাবাস বেটা,সাবাস বেটা,3,0.7333309190230822
3 After Forming Government,3_after_forming_government,2259,কাজ করে প্রমান দাও চিল্লাও কম,কাজ করে প্রমান দাও চিল্লাও কম,3,0.6398281252330531
3 After Forming Government,3_after_forming_government,2260,Ki kon,ki kon,3,0.5966473512906011
3 After Forming Government,3_after_forming_government,2261,Ma go,ma go,1,0.5968273238830529
3 After Forming Government,3_after_forming_government,2262,সাবাস এগিয়ে যাও,সাবাস এগিয়ে যাও,3,0.799847921588522
3 After Forming Government,3_after_forming_government,2263,সামনে রোজা আগামী দুই মাসের মধ্যেই বুঝতে পারবো মন্ত্রী সাহেবের হাঁক ডাক কাজে লেগেছে,সামনে রোজা আগামী দুই মাসের মধ্যেই বুঝতে পারবো মন্ত্রী সাহেবের হাঁক ডাক কাজে লেগেছে,1,0.5004334099533118
3 After Forming Government,3_after_forming_government,2264,সবাই খেলে তার বাটে কম পরবে সে একলা খাবে,সবাই খেলে তার বাটে কম পরবে সে একলা খাবে,1,0.6981216223364519
3 After Forming Government,3_after_forming_government,2265,ওদের থেকে বড় মাফিয়া কে,ওদের থেকে বড় মাফিয়া কে,3,0.5503557523919141
3 After Forming Government,3_after_forming_government,2266,দেখার অপেক্ষা রইলাম,দেখার অপেক্ষা রইলাম,1,0.4969967523262343
3 After Forming Government,3_after_forming_government,2267,আপনাদের কথা ফেসবুকে সীমাবদ্ধ,আপনাদের কথা ফেসবুকে সীমাবদ্ধ,3,0.7997448677257465
3 After Forming Government,3_after_forming_government,2268,thanks bro,thanks bro,0,0.5999888578207814
3 After Forming Government,3_after_forming_government,2269,"জরুরী ভিত্তিতে এলপিজি গ্যাস এর দাম নির্ধারণ করা হোক, জনগণ সবচেয়ে বেশি এ ব্যাপারে সমস্যায় ভুগতেছে।",জরুরী ভিত্তিতে এলপিজি গ্যাস এর দাম নির্ধারণ করা হোক জনগণ সবচেয়ে বেশি এ ব্যাপারে সমস্যায় ভুগতেছে,2,0.7974459970340798
3 After Forming Government,3_after_forming_government,2270,দুই দিনের ভিতরে চাউলের বাজার বাড়ছে কেজিতে দুই হতে তিন টাকা,দুই দিনের ভিতরে চাউলের বাজার বাড়ছে কেজিতে দুই হতে তিন টাকা,2,0.6017050454162034
3 After Forming Government,3_after_forming_government,2271,সাবাস বাংলাদেশ ঘুরে দাঁড়াও। গ্যাস পাওয়া যাচ্ছে না সিন্ডিকেট ভাঙতে হবে।,সাবাস বাংলাদেশ ঘুরে দাঁড়াও গ্যাস পাওয়া যাচ্ছে না সিন্ডিকেট ভাঙতে হবে,2,0.4066564617705752
3 After Forming Government,3_after_forming_government,2272,আমরাও সাথে আছি.. এদের গোষ্ঠীসমেত কবর দিন,আমরাও সাথে আছি এদের গোষ্ঠীসমেত কবর দিন,4,0.46570146650667427
3 After Forming Government,3_after_forming_government,2273,"এলপিজি গ্যাসের দাম কমানো হোক,লেবু কেন ১০০ টাকা হালি",এলপিজি গ্যাসের দাম কমানো হোক লেবু কেন টাকা হালি,2,0.5071465852223742
3 After Forming Government,3_after_forming_government,2274,এভাবে দায়িত্ব পালন করলে ত মাশাল্লাহ।,এভাবে দায়িত্ব পালন করলে ত মাশাল্লাহ,4,0.8661610535152288
3 After Forming Government,3_after_forming_government,2275,শুভকামনা রইলো।,শুভকামনা রইলো,3,0.7333282598971391
3 After Forming Government,3_after_forming_government,2277,কাজ দেখতে চাই,কাজ দেখতে চাই,3,0.799849280476402
3 After Forming Government,3_after_forming_government,2278,কথা কম কাজ বেশি।,কথা কম কাজ বেশি,1,0.44026626801591817
3 After Forming Government,3_after_forming_government,2279,কাজে দেখান,কাজে দেখান,3,0.7328383427523373
3 After Forming Government,3_after_forming_government,2280,কাজে বাসতবায়ন করেন,কাজে বাসতবায়ন করেন,3,0.7315418970343773
3 After Forming Government,3_after_forming_government,2281,সেটাই প্রত্যাশা করি আমরা,সেটাই প্রত্যাশা করি আমরা,4,0.4633655378939295
3 After Forming Government,3_after_forming_government,2282,কত লাগবে মিয়ল নাকি বিলিয়ন নাকি ট্রি লিয়ন বলেন জনাব,কত লাগবে মিয়ল নাকি বিলিয়ন নাকি ট্রি লিয়ন বলেন জনাব,1,0.46724329556399563
3 After Forming Government,3_after_forming_government,2283,"কোন সরকার যদি, নিত্য প্রয়োজনীয় মালামালের দাম সার, তেল, বিদ্যুৎ, এটা যদি সুন্দরভাবে সরবরাহ করতে পারে তাহলে ওই সরকার সুনামের সাথে দেশ পরিচালনা করতে পারবে। যেটা আছে রাস্তাঘাট ওইটা শুধু সংস্কার করলেই হবে।",কোন সরকার যদি নিত্য প্রয়োজনীয় মালামালের দাম সার তেল বিদ্যুৎ এটা যদি সুন্দরভাবে সরবরাহ করতে পারে তাহলে ওই সরকার সুনামের সাথে দেশ পরিচালনা করতে পারবে যেটা আছে রাস্তাঘাট ওইটা শুধু সংস্কার করলেই হবে,1,0.7576140377580811
3 After Forming Government,3_after_forming_government,2284,যুদ্ধটা কোথায় হবে।,যুদ্ধটা কোথায় হবে,0,0.2
3 After Forming Government,3_after_forming_government,2285,বাস্তবতায় বিশ্বাসী,বাস্তবতায় বিশ্বাসী,0,0.7298243300527034
3 After Forming Government,3_after_forming_government,2286,কথা আর কাজের মিল থাকলেই আলহামদুলিল্লাহ,কথা আর কাজের মিল থাকলেই আলহামদুলিল্লাহ,2,0.8399590666798393
3 After Forming Government,3_after_forming_government,2287,Very good,very good,1,0.7319454068006259
3 After Forming Government,3_after_forming_government,2288,আলহামদুলিল্লাহ করে দেখান।।।,আলহামদুলিল্লাহ করে দেখান,2,0.40008265734693704
3 After Forming Government,3_after_forming_government,2289,গলাবাজি বাদ দিয়ে জাতীয় নেতার মরহুম সাদেক হোসেন স্যার সন্তান হিসাবে ঠান্ডা মাথায় চিন্তা করে সিন্ধান্ত নিন গলাবাজি করে নয়,গলাবাজি বাদ দিয়ে জাতীয় নেতার মরহুম সাদেক হোসেন স্যার সন্তান হিসাবে ঠান্ডা মাথায় চিন্তা করে সিন্ধান্ত নিন গলাবাজি করে নয়,3,0.9414347403656841
3 After Forming Government,3_after_forming_government,2292,"কি কয়,আওলায় গেছে নি",কি কয় আওলায় গেছে নি,0,0.400164132499237
3 After Forming Government,3_after_forming_government,2293,শুধু বলেই থেমে থাকলে হবে না কাজে করে দেখাতে হবে,শুধু বলেই থেমে থাকলে হবে না কাজে করে দেখাতে হবে,3,0.7991633016746515
3 After Forming Government,3_after_forming_government,2294,নিজের বিরুদ্ধেই কি যুদ্ধ,নিজের বিরুদ্ধেই কি যুদ্ধ,3,0.7329543747919741
3 After Forming Government,3_after_forming_government,2295,কথা আর কাজে মিল চাই।,কথা আর কাজে মিল চাই,3,0.4927388214049635
3 After Forming Government,3_after_forming_government,2296,কথার সাথে কাজের মিল থাকলেই হবে,কথার সাথে কাজের মিল থাকলেই হবে,2,0.8399585724521058
3 After Forming Government,3_after_forming_government,2297,"গ্যাসের দাম, এবং বাজারের জিনিস পত্রের দাম ঠিক করেন আগে।",গ্যাসের দাম এবং বাজারের জিনিস পত্রের দাম ঠিক করেন আগে,4,0.5156299730555078
3 After Forming Government,3_after_forming_government,2298,"শুভ কামনা, এবার দেখার পালা।",শুভ কামনা এবার দেখার পালা,2,0.8382880395597507
3 After Forming Government,3_after_forming_government,2299,"দেশে মাফিয়া চক্র দেখতে চাইনা,ধন্যবাদ জানাই।",দেশে মাফিয়া চক্র দেখতে চাইনা ধন্যবাদ জানাই,3,0.864728712670291
3 After Forming Government,3_after_forming_government,2300,"আজকেই দেখলাম ম্যাজিস্ট্রেট জব্বার সাহেবের সাথে দলের লোকজন কি ব্যবহার করছে, আগে ওটারে সাইজ করেন",আজকেই দেখলাম ম্যাজিস্ট্রেট জব্বার সাহেবের সাথে দলের লোকজন কি ব্যবহার করছে আগে ওটারে সাইজ করেন,3,0.8653196119929679
3 After Forming Government,3_after_forming_government,2301,চিল্লায়া মাঠ পাওয়া যায় না।,চিল্লায়া মাঠ পাওয়া যায় না,2,0.7317108382888278
3 After Forming Government,3_after_forming_government,2302,মাননীয় প্রতিমন্ত্রী ইশরাক ভাই আশা করি এলপি গ্যাস 12 কেজি এক হাজার টাকা মূল্য করবেন,মাননীয় প্রতিমন্ত্রী ইশরাক ভাই আশা করি এলপি গ্যাস কেজি এক হাজার টাকা মূল্য করবেন,4,0.9376533059340605
3 After Forming Government,3_after_forming_government,2303,এইটা শুধু ফেসবুকে বাস্তবে ভিন্ন!!!,এইটা শুধু ফেসবুকে বাস্তবে ভিন্ন,3,0.7333311401683639
3 After Forming Government,3_after_forming_government,2304,ভুতের মুখে রাম নাম,ভুতের মুখে রাম নাম,2,0.7980978554866127
3 After Forming Government,3_after_forming_government,2305,ঘোষনা টা খুবই ভালো।কিন্ত এখন দেখার বিষয় কিভাবে তা কার্যকর করেন।,ঘোষনা টা খুবই ভালো কিন্ত এখন দেখার বিষয় কিভাবে তা কার্যকর করেন,1,0.5184872388723969
3 After Forming Government,3_after_forming_government,2306,বয়লার মুরগির ২২০ টাকা কেজি,বয়লার মুরগির টাকা কেজি,4,0.7326780635592076
3 After Forming Government,3_after_forming_government,2307,"আমরা এটাই দেখতে চাই,, এর উল্টো টা না",আমরা এটাই দেখতে চাই এর উল্টো টা না,3,0.4400211393516036
3 After Forming Government,3_after_forming_government,2308,এই বয়ানের সাথে কাজের মিল পেলেই চলে,এই বয়ানের সাথে কাজের মিল পেলেই চলে,2,0.7986544872354855
3 After Forming Government,3_after_forming_government,2309,"হযরত আবু হুরাইরা (রা.) থেকে বর্ণিত, রাসূলুল্লাহ (সা.) বলেছেন—",হযরত আবু হুরাইরা রা থেকে বর্ণিত রাসূলুল্লাহ সা বলেছেন,2,0.39940810271200006
3 After Forming Government,3_after_forming_government,2310,"“যে ব্যক্তি ঈমানের সাথে এবং সওয়াবের আশায় রমাদানের রোজা রাখে, তার পূর্বের গুনাহসমূহ ক্ষমা করে দেওয়া হয়।”",যে ব্যক্তি ঈমানের সাথে এবং সওয়াবের আশায় রমাদানের রোজা রাখে তার পূর্বের গুনাহসমূহ ক্ষমা করে দেওয়া হয়,0,0.5321907677392244
3 After Forming Government,3_after_forming_government,2311,— (সহিহ বুখারি ও সহিহ মুসলিম),সহিহ বুখারি ও সহিহ মুসলিম,2,0.5999786270345272
3 After Forming Government,3_after_forming_government,2312,শয়তান তার উত্তরসূরি বিরুদ্ধে যুদ্ধ ঘোষণা করেছেন 🙋‍😁,শয়তান তার উত্তরসূরি বিরুদ্ধে যুদ্ধ ঘোষণা করেছেন,3,0.8396906664848426
3 After Forming Government,3_after_forming_government,2313,বলা সহজ করা কঠিন,বলা সহজ করা কঠিন,4,0.7997198436990853
3 After Forming Government,3_after_forming_government,2314,"বাল ফেলাবে,তুই নিজে চাদারু",বাল ফেলাবে তুই নিজে চাদারু,0,0.796756856125707
3 After Forming Government,3_after_forming_government,2315,দেখি ইনশাআল্লাহ,দেখি ইনশাআল্লাহ,4,0.40014909499726925
3 After Forming Government,3_after_forming_government,2316,মাফিয়া করবে মাফিয়ার বিরুদ্ধে যুদ্ধ,মাফিয়া করবে মাফিয়ার বিরুদ্ধে যুদ্ধ,3,0.8399985154009004
3 After Forming Government,3_after_forming_government,2317,বাইরেই দেখবার চাই,বাইরেই দেখবার চাই,3,0.5999989881093407
3 After Forming Government,3_after_forming_government,2318,দেশের জন্য মন নিতাই দরকার,দেশের জন্য মন নিতাই দরকার,4,0.7964127252641181
3 After Forming Government,3_after_forming_government,2319,এজন্যই কারেন্ট নাই সারাদিন,এজন্যই কারেন্ট নাই সারাদিন,3,0.5558495702111154
3 After Forming Government,3_after_forming_government,2320,আপনার চেয়ে বড় মাফিয়া আমি দেখি নাই,আপনার চেয়ে বড় মাফিয়া আমি দেখি নাই,3,0.5902877907298301
3 After Forming Government,3_after_forming_government,2321,Very good.,very good,1,0.7319454068006259
3 After Forming Government,3_after_forming_government,2322,"বয়ান যেকোনো লোক দিতে পারে, কার্যকর করতে পারে না",বয়ান যেকোনো লোক দিতে পারে কার্যকর করতে পারে না,1,0.8992244293883034
3 After Forming Government,3_after_forming_government,2323,যারা টাকা পাচার তাদের বিরুদ্ধে অ্যাকশন নেন,যারা টাকা পাচার তাদের বিরুদ্ধে অ্যাকশন নেন,4,0.5537417868186771
3 After Forming Government,3_after_forming_government,2324,নিজের দোষ স্বীকার করে বলেন,নিজের দোষ স্বীকার করে বলেন,2,0.36484031793977595
3 After Forming Government,3_after_forming_government,2325,কথা শুনে খুব খুশি হলাম,কথা শুনে খুব খুশি হলাম,0,0.7984182058272816
3 After Forming Government,3_after_forming_government,2326,আচ্ছা,আচ্ছা,1,0.5999963391720382
3 After Forming Government,3_after_forming_government,2327,ভাই এইবার না রোজার ঈদের পরে ইনশাআল্লাহ,ভাই এইবার না রোজার ঈদের পরে ইনশাআল্লাহ,4,0.5665991825711522
3 After Forming Government,3_after_forming_government,2328,"রমজান মাসে খাদ্যদ্রব্য, ভোজ্যতেল ও ভোগ্যপণ্যের সবচেয়ে বড় আমদানিকারক সিন্ডিকেট বসুন্ধরা, ফ্রেশ, সিটি , টিকে, নাবিল, এসিআই ইত্যাদি - মজুতদার ও পাইকারদের উদ্দেশ্যে কঠিন হুঁশিয়ারি দিচ্ছি। আমার নির্বাচিত সংসদীয় আসন থেকে সোজা করা শুরু হবে। এরপর যতদূর যেতে পারি।",রমজান মাসে খাদ্যদ্রব্য ভোজ্যতেল ও ভোগ্যপণ্যের সবচেয়ে বড় আমদানিকারক সিন্ডিকেট বসুন্ধরা ফ্রেশ সিটি টিকে নাবিল এসিআই ইত্যাদি মজুতদার ও পাইকারদের উদ্দেশ্যে কঠিন হুঁশিয়ারি দিচ্ছি আমার নির্বাচিত সংসদীয় আসন থেকে সোজা করা শুরু হবে এরপর যতদূর যেতে পারি,4,0.4249364588684365
3 After Forming Government,3_after_forming_government,2329,"কোনও বড় নেতা, মন্ত্রী , সরকারি কর্মকর্তা দিয়ে ক্ষমতা ব্যবহার করার সুযোগ নেই। সকল মাফিয়াদের বিরুদ্ধে যুদ্ধ ঘোষণা করলাম। সাধারণ নিম্নআয়ের মানুষ ঠিক মতো খেতে না পারলে, এই মাফিয়াদের বাড়িতেও রান্না হবে না। কথা দিলাম ইনশাআল্লাহ ।",কোনও বড় নেতা মন্ত্রী সরকারি কর্মকর্তা দিয়ে ক্ষমতা ব্যবহার করার সুযোগ নেই সকল মাফিয়াদের বিরুদ্ধে যুদ্ধ ঘোষণা করলাম সাধারণ নিম্নআয়ের মানুষ ঠিক মতো খেতে না পারলে এই মাফিয়াদের বাড়িতেও রান্না হবে না কথা দিলাম ইনশাআল্লাহ,3,0.6030916798870967
3 After Forming Government,3_after_forming_government,2330,আসসালামু আলাইকুম ভাইয়া ও আপুরা,আসসালামু আলাইকুম ভাইয়া ও আপুরা,2,0.7963269005463532
3 After Forming Government,3_after_forming_government,2331,আমাদের ছোট গ্ৰুপে জয়েন্ট হবার জন্য আপনাকে একটা রিকোয়েস্ট করলাম,আমাদের ছোট গ্ৰুপে জয়েন্ট হবার জন্য আপনাকে একটা রিকোয়েস্ট করলাম,0,0.7991381445691549
3 After Forming Government,3_after_forming_government,2333,এক মাফিয়া আরেক মাফিয়ার বিরুদ্ধে যুদ্ধ ঘোষণা করা কতটা যুক্তিযুক্ত,এক মাফিয়া আরেক মাফিয়ার বিরুদ্ধে যুদ্ধ ঘোষণা করা কতটা যুক্তিযুক্ত,3,0.8856169515493312
3 After Forming Government,3_after_forming_government,2334,বয়ানের সাথে কাজের মিল থাকলেই হয়,বয়ানের সাথে কাজের মিল থাকলেই হয়,2,0.7999291371761384
3 After Forming Government,3_after_forming_government,2335,"আমরা এই রকম নেতাই তো চাই,দেশের কল্যাণে,জনগণের কল্যাণে কাজ করবে,সেই নেতার থাকবে না কোন লোভ।",আমরা এই রকম নেতাই তো চাই দেশের কল্যাণে জনগণের কল্যাণে কাজ করবে সেই নেতার থাকবে না কোন লোভ,3,0.7591187657761327
3 After Forming Government,3_after_forming_government,2336,কথা আর কাজে যেন মিল থাকে,কথা আর কাজে যেন মিল থাকে,2,0.7986675162783838
3 After Forming Government,3_after_forming_government,2337,জনাব জুলাই সংস্কারে শপথ না নিলে আপনাদের মন্ত্রী সভা কি বৈধ। আর আপনারা যা বলবেন আর যা করবেন তাও কি বৈধ? জুলাই না হলে কি মন্ত্রী হতে পারতেন?,জনাব জুলাই সংস্কারে শপথ না নিলে আপনাদের মন্ত্রী সভা কি বৈধ আর আপনারা যা বলবেন আর যা করবেন তাও কি বৈধ জুলাই না হলে কি মন্ত্রী হতে পারতেন,3,0.8409282773074273
3 After Forming Government,3_after_forming_government,2338,পরিবর্তনের আভাস মাশাআল্লাহ্,পরিবর্তনের আভাস মাশাআল্লাহ্,2,0.7321510849152414
3 After Forming Government,3_after_forming_government,2339,MD Juhad Shah,md juhad shah,4,0.5993977455638048
3 After Forming Government,3_after_forming_government,2340,ভালো কিছু করে দেখান।,ভালো কিছু করে দেখান,3,0.44992050713060283
3 After Forming Government,3_after_forming_government,2341,রমজান মাসে সব কিছুর দাম কমিয়ে দাও তাহলে ভেবে নেব তোমরা পারবে,রমজান মাসে সব কিছুর দাম কমিয়ে দাও তাহলে ভেবে নেব তোমরা পারবে,1,0.4544790496881825
3 After Forming Government,3_after_forming_government,2342,ইনশাআল্লাহ চালিয়ে যান,ইনশাআল্লাহ চালিয়ে যান,0,0.5496048713422783
3 After Forming Government,3_after_forming_government,2343,কথার সাথে কাজে মিল রাখবেন প্লিজ।,কথার সাথে কাজে মিল রাখবেন প্লিজ,2,0.8661373477164219
3 After Forming Government,3_after_forming_government,2344,"কথা নয় কাজে বিশ্বাস করি,,",কথা নয় কাজে বিশ্বাস করি,3,0.6397104224511398
3 After Forming Government,3_after_forming_government,2345,ঢাকার শহর টা আগে জ্যাম মুক্ত করা হোক,ঢাকার শহর টা আগে জ্যাম মুক্ত করা হোক,4,0.5040694655436538
3 After Forming Government,3_after_forming_government,2346,তা কাজে প্রমাণ চাই।,তা কাজে প্রমাণ চাই,3,0.8391356999138585
3 After Forming Government,3_after_forming_government,2347,"কোন মাফিয়া চাঁদাবাজ কি আরেক মাফিয়া চাঁদাবাজ এর বিরুদ্ধে যুদ্ধ করবে কখনোই না, চাঁদাবাজার বিএনপির মধ্যে, পার্থক্য শুধু নামের, মুখে এক কথা হৃদয়ে আরেক কথা",কোন মাফিয়া চাঁদাবাজ কি আরেক মাফিয়া চাঁদাবাজ এর বিরুদ্ধে যুদ্ধ করবে কখনোই না চাঁদাবাজার বিএনপির মধ্যে পার্থক্য শুধু নামের মুখে এক কথা হৃদয়ে আরেক কথা,3,0.9462158198048813
3 After Forming Government,3_after_forming_government,2348,কেমনে মানুষ এত ভালো হচ্ছে? রহস্য টা কি?,কেমনে মানুষ এত ভালো হচ্ছে রহস্য টা কি,4,0.4850704115709508
3 After Forming Government,3_after_forming_government,2349,শুধু বললে হবে না কাজে ও সেটা দেখাতে হবে।,শুধু বললে হবে না কাজে ও সেটা দেখাতে হবে,3,0.7990894118351137
3 After Forming Government,3_after_forming_government,2350,তাহলে তো যুদ্ধটা নিজেদের বিরুদ্ধেই যাবে,তাহলে তো যুদ্ধটা নিজেদের বিরুদ্ধেই যাবে,4,0.7978886528462218
3 After Forming Government,3_after_forming_government,2351,রাতে যখন বোতল নিয়ে বসবে তখন এসব ভুলে পকেটে টাকা ডুকাবে,রাতে যখন বোতল নিয়ে বসবে তখন এসব ভুলে পকেটে টাকা ডুকাবে,4,0.5593891677506795
3 After Forming Government,3_after_forming_government,2352,ফি আমানিল্লাহ,ফি আমানিল্লাহ,0,0.2
3 After Forming Government,3_after_forming_government,2353,ফেইসবুকে না বাস্তবে?,ফেইসবুকে না বাস্তবে,3,0.40026085631101943
3 After Forming Government,3_after_forming_government,2354,নিজেই তো বড় মাফিয়া। এখন কি নিজের বিরুদ্ধে যুদ্ধ করবে,নিজেই তো বড় মাফিয়া এখন কি নিজের বিরুদ্ধে যুদ্ধ করবে,3,0.885667214411727
3 After Forming Government,3_after_forming_government,2355,গুড সিদ্ধান্ত আমরা ও আছি ইনশাআল্লাহ,গুড সিদ্ধান্ত আমরা ও আছি ইনশাআল্লাহ,4,0.6395785778931699
3 After Forming Government,3_after_forming_government,2356,ও তো নিজেই বড় মাফিয়া।,ও তো নিজেই বড় মাফিয়া,3,0.7999995140322647
3 After Forming Government,3_after_forming_government,2357,সুবহানাল্লাহ,সুবহানাল্লাহ,4,0.5976314442348657
3 After Forming Government,3_after_forming_government,2358,You are great bro,you are great bro,0,0.797293033911252
3 After Forming Government,3_after_forming_government,2359,বাল‌ ছেড়া,বাল ছেড়া,0,0.5985050269829358
3 After Forming Government,3_after_forming_government,2360,এসব মাদারবোর্ড রা বাংলাদেশের নিরীহ জনগণের সামনে বাঘ হয়ে থাকে আর ভারতের বিরুদ্ধে একটা কথা বলে না,এসব মাদারবোর্ড রা বাংলাদেশের নিরীহ জনগণের সামনে বাঘ হয়ে থাকে আর ভারতের বিরুদ্ধে একটা কথা বলে না,3,0.9259960505022001
3 After Forming Government,3_after_forming_government,2361,বিএনপি ই তো মাফিয়া সরদার। সৈরাচার হাছিনা ছিল ভোট চোরের সরদার আর বিএনপি হলো ভোটের ফলাফল চোরের সরদার,বিএনপি ই তো মাফিয়া সরদার সৈরাচার হাছিনা ছিল ভোট চোরের সরদার আর বিএনপি হলো ভোটের ফলাফল চোরের সরদার,4,0.3992276353563568
3 After Forming Government,3_after_forming_government,2362,তারেক রহমান যদি চুর বাটপার চাঁদাবাজদের বিরুদ্ধে দাঁড়ান জনগণ আপনার সাথে থাকবে না হলে পালাতে হবে!!!,তারেক রহমান যদি চুর বাটপার চাঁদাবাজদের বিরুদ্ধে দাঁড়ান জনগণ আপনার সাথে থাকবে না হলে পালাতে হবে,3,0.5414871651126165
3 After Forming Government,3_after_forming_government,2363,Neja hobe mafia don,neja hobe mafia don,0,0.5521118175376997
3 After Forming Government,3_after_forming_government,2364,নিজেই একজন মাফিয়া,নিজেই একজন মাফিয়া,3,0.7333326239278217
3 After Forming Government,3_after_forming_government,2365,আরেকমাদারচোদ,আরেকমাদারচোদ,0,0.2
3 After Forming Government,3_after_forming_government,2366,কথা কাজে যেন মিল থাকে,কথা কাজে যেন মিল থাকে,2,0.7986675162783838
3 After Forming Government,3_after_forming_government,2367,তুইতো বড় মাফিয়া চাঁদার হেড লিডার,তুইতো বড় মাফিয়া চাঁদার হেড লিডার,3,0.44061767050597983
3 After Forming Government,3_after_forming_government,2368,দালাল মিডিয়া,দালাল মিডিয়া,0,0.7270563333952144
3 After Forming Government,3_after_forming_government,2369,খোকার ব্যাটা। ডু ইট। ন্যাশন উইল প্রেইজ,খোকার ব্যাটা ডু ইট ন্যাশন উইল প্রেইজ,2,0.5995079353803651
3 After Forming Government,3_after_forming_government,2370,আমি এমনিতেই বোকা। পোস্ট দেখে একটু চালাক চালাক মনে হচ্ছে নিজেকে।,আমি এমনিতেই বোকা পোস্ট দেখে একটু চালাক চালাক মনে হচ্ছে নিজেকে,1,0.5247497659729933
3 After Forming Government,3_after_forming_government,2371,ও নিয়েই তো মাফিয়া সে আর কি করবে,ও নিয়েই তো মাফিয়া সে আর কি করবে,3,0.7300914670327223
3 After Forming Government,3_after_forming_government,2372,17 BOCOR KOICLE SALA,bocor koicle sala,0,0.5999831086685113
3 After Forming Government,3_after_forming_government,2373,মাফিয়া কি শুধু জামাতের লোক ভাই স্লোগান্টা হওয়া উচিত ছিলো সকল দুর্নীতিবাজ দের,মাফিয়া কি শুধু জামাতের লোক ভাই স্লোগান্টা হওয়া উচিত ছিলো সকল দুর্নীতিবাজ দের,3,0.9189641534455286
3 After Forming Government,3_after_forming_government,2374,তার পাছা জাগায় তাকবেনা,তার পাছা জাগায় তাকবেনা,0,0.2
3 After Forming Government,3_after_forming_government,2375,আগে আপনে ভালো হন ঢাকার বারাটিয়া ভাই,আগে আপনে ভালো হন ঢাকার বারাটিয়া ভাই,2,0.7937000996610454
3 After Forming Government,3_after_forming_government,2376,Sala chor,sala chor,0,0.5999831086685113
3 After Forming Government,3_after_forming_government,2377,নিজে ই তো মাফিয়া,নিজে ই তো মাফিয়া,3,0.7330999819260975
3 After Forming Government,3_after_forming_government,2378,নিজের চরিত্র ঠিক কর,নিজের চরিত্র ঠিক কর,1,0.637364110311523
3 After Forming Government,3_after_forming_government,2379,"কথা বলে দেখানো মাত্র, মাফিয়া তোমরাই আর কেও নয় এইমুহূর্তে ।",কথা বলে দেখানো মাত্র মাফিয়া তোমরাই আর কেও নয় এইমুহূর্তে,3,0.5805907470679148
3 After Forming Government,3_after_forming_government,2380,তুমাকে ই তো অনেকেই মাফিয়া বলে,তুমাকে ই তো অনেকেই মাফিয়া বলে,3,0.7297674531047764
3 After Forming Government,3_after_forming_government,2381,বড় মাফিয়া,বড় মাফিয়া,3,0.7333328076872482
3 After Forming Government,3_after_forming_government,2382,"নিএনপি,, দলটাই মাফিয়া।।ইসরাকের কথা বিশ্বাস করিনা।",নিএনপি দলটাই মাফিয়া ইসরাকের কথা বিশ্বাস করিনা,3,0.732849233503266
3 After Forming Government,3_after_forming_government,2383,শালা বাটপার,শালা বাটপার,3,0.7309387551432946
3 After Forming Government,3_after_forming_government,2384,What you think about that : https://www.facebook.com/share/v/1AX6L6Aum7/,what you think about that,0,0.5982692068009902
3 After Forming Government,3_after_forming_government,2385,গুপ্ত চোর,গুপ্ত চোর,4,0.7328862711838929
3 After Forming Government,3_after_forming_government,2386,শালা বাইনচোদ,শালা বাইনচোদ,3,0.5999879812398047
3 After Forming Government,3_after_forming_government,2387,তুই ই তো বড় মাফিয়া,তুই ই তো বড় মাফিয়া,3,0.7986801053673012
3 After Forming Government,3_after_forming_government,2388,বেশি শিক্ষিত হলে সবাইকে বোবা মনে করে,বেশি শিক্ষিত হলে সবাইকে বোবা মনে করে,1,0.8387357733401258
3 After Forming Government,3_after_forming_government,2389,বাবা তোমার মুক্তি যোদ্ধা নিয়ে থাক।,বাবা তোমার মুক্তি যোদ্ধা নিয়ে থাক,2,0.8630572590571506
3 After Forming Government,3_after_forming_government,2390,ভাই তুই কাজ করে দেখা,ভাই তুই কাজ করে দেখা,3,0.45716005031558865
3 After Forming Government,3_after_forming_government,2391,যে ঘন ভোট মানে না ওর মতন অবৈধ এমপি মন্ত্রী ও আমরা মানি না,যে ঘন ভোট মানে না ওর মতন অবৈধ এমপি মন্ত্রী ও আমরা মানি না,4,0.7524940497622653
3 After Forming Government,3_after_forming_government,2392,চাঁদাবাজ,চাঁদাবাজ,2,0.5969514763040041
3 After Forming Government,3_after_forming_government,2393,নিজেরই মাফিয়া,নিজেরই মাফিয়া,3,0.5999992535308076
3 After Forming Government,3_after_forming_government,2394,তুমি নিজেই মাফিয়া,তুমি নিজেই মাফিয়া,3,0.7333326239278217
3 After Forming Government,3_after_forming_government,2395,বাল ভুয়া,বাল ভুয়া,0,0.5985050269829358
3 After Forming Government,3_after_forming_government,2396,Tui r ek vondo sala,tui r ek vondo sala,0,0.7333245583915686
3 After Forming Government,3_after_forming_government,2397,"মুখের ভিতর বেগুন বানিয়ে একটা টাকার বান্ডিল ঢুকিয়ে দেয়া হোক চুপ হয়ে যাবে,,,,,মানে চান্দা",মুখের ভিতর বেগুন বানিয়ে একটা টাকার বান্ডিল ঢুকিয়ে দেয়া হোক চুপ হয়ে যাবে মানে চান্দা,4,0.5754079641765194
3 After Forming Government,3_after_forming_government,2398,"আপনি নিজেই তো বড় মাফিয়া,",আপনি নিজেই তো বড় মাফিয়া,3,0.7999995140322647
3 After Forming Government,3_after_forming_government,2399,"তরা যতই চেডের বাল হচ না কেন, তদের এ হুমকি জনগণ করে না॥ যেভাবে হউক ক্ষমতায় গেছচ, ঠিক ভাবে দেশ চালা॥ না হলে, ৫ বছরের আগেই তদের মেয়াদ শেষ করে দিবে এ দেশের জনগণ।",তরা যতই চেডের বাল হচ না কেন তদের এ হুমকি জনগণ করে না যেভাবে হউক ক্ষমতায় গেছচ ঠিক ভাবে দেশ চালা না হলে বছরের আগেই তদের মেয়াদ শেষ করে দিবে এ দেশের জনগণ,1,0.501717884156914
3 After Forming Government,3_after_forming_government,2400,ধান্দাবাজ বাটপার,ধান্দাবাজ বাটপার,0,0.5981340660861779
3 After Forming Government,3_after_forming_government,2401,আগে নিজের কুরিপু ও লালসা ও লোভী মনটার বিরুদ্ধে যুদ্ধ করে জয়ী হও বাছা নমিনেশন মা পায়লে এই দলীয় আনুগত্য থাকতো আবার মন্তী / প্রতি মনএী না হলেও এই যৌবন বাথরুমে নষ্ট হতো......,আগে নিজের কুরিপু ও লালসা ও লোভী মনটার বিরুদ্ধে যুদ্ধ করে জয়ী হও বাছা নমিনেশন মা পায়লে এই দলীয় আনুগত্য থাকতো আবার মন্তী প্রতি মনএী না হলেও এই যৌবন বাথরুমে নষ্ট হতো,2,0.4129458194897142
3 After Forming Government,3_after_forming_government,2402,"কথাই নই কাজে দেখতে চাই, ইনশাআল্লাহ",কথাই নই কাজে দেখতে চাই ইনশাআল্লাহ,3,0.6684002215577368
3 After Forming Government,3_after_forming_government,2403,তুমি আর কালা পাডার গলার আওয়াজ তো একই রকম,তুমি আর কালা পাডার গলার আওয়াজ তো একই রকম,3,0.7322204253163871
3 After Forming Government,3_after_forming_government,2404,ফেসবুকের যোদ্ধা MP,ফেসবুকের যোদ্ধা mp,1,0.599096341309223
3 After Forming Government,3_after_forming_government,2405,আসল মাফিয়া আপনি,আসল মাফিয়া আপনি,3,0.40005405776254027
3 After Forming Government,3_after_forming_government,2406,সে নিজেই বড় মাফিয়া,সে নিজেই বড় মাফিয়া,3,0.8391907800738787
3 After Forming Government,3_after_forming_government,2407,নিজেই এক মাফিয়া,নিজেই এক মাফিয়া,3,0.7333326239278217
3 After Forming Government,3_after_forming_government,2408,মুনাফেকিরা বলবে কিন্তু করবে না।,মুনাফেকিরা বলবে কিন্তু করবে না,0,0.5999915678802372
3 After Forming Government,3_after_forming_government,2409,এটাই মুমিন এবং মুনাফেকের মধ্যে পার্থ্যক।,এটাই মুমিন এবং মুনাফেকের মধ্যে পার্থ্যক,4,0.59971596547041
3 After Forming Government,3_after_forming_government,2410,সে নিজে একটা মাপিয়া পাগল,সে নিজে একটা মাপিয়া পাগল,0,0.8363244187787379
3 After Forming Government,3_after_forming_government,2411,you are big mafiya,you are big mafiya,0,0.6409002088910691
3 After Forming Government,3_after_forming_government,2412,তোমাকে ভাগের টাকা দিয়েল তোমার মুখ বন্ধ,তোমাকে ভাগের টাকা দিয়েল তোমার মুখ বন্ধ,1,0.5225556316433463
3 After Forming Government,3_after_forming_government,2413,"সকল নেতারাই , এই মাফিয়া অলিগার চক্রের বিরুদ্ধে , যুদ্ধ ঘোষণা করে, দিন শেষে, সকল নেতাই, ওই সকল মাফিয়া অলিগার দের হাথে, তাদের সুন্দরী বউ এবং কুমারী মেয়ে কে তুলে দেয়? এটা চুয়ান্ন বছর যাবত বাঙালী দেখেই আসছে,",সকল নেতারাই এই মাফিয়া অলিগার চক্রের বিরুদ্ধে যুদ্ধ ঘোষণা করে দিন শেষে সকল নেতাই ওই সকল মাফিয়া অলিগার দের হাথে তাদের সুন্দরী বউ এবং কুমারী মেয়ে কে তুলে দেয় এটা চুয়ান্ন বছর যাবত বাঙালী দেখেই আসছে,3,0.6577723661437898
3 After Forming Government,3_after_forming_government,2414,Tui nejei e mafia baal pakna,tui nejei e mafia baal pakna,0,0.73332454041836
3 After Forming Government,3_after_forming_government,2415,Ay sala ke bole sey nejeo hanena,ay sala ke bole sey nejeo hanena,0,0.7996387070378062
3 After Forming Government,3_after_forming_government,2416,নিজেইতো একটা মাফিয়া,নিজেইতো একটা মাফিয়া,3,0.5999992535308076
3 After Forming Government,3_after_forming_government,2417,Amirul Amirul munafik type NCP jamat shibir majlish,amirul amirul munafik type ncp jamat shibir majlish,4,0.5986256810633279
3 After Forming Government,3_after_forming_government,2418,মাফিয়া ত তরা নিজেই,মাফিয়া ত তরা নিজেই,3,0.7333326239278217
3 After Forming Government,3_after_forming_government,2419,ইসরাক নিজেই একজন মাফিয়া সন্ত্রাসের গডফাদার,ইসরাক নিজেই একজন মাফিয়া সন্ত্রাসের গডফাদার,3,0.7999323802259348
3 After Forming Government,3_after_forming_government,2420,"এ বালছাল কথা না বলে দেশের মানুষ কিভাবে শান্তিতে থাকবে এবং কিভাবে দেশ উন্নত হবে এই নিয়ে ভাবুন,,,",এ বালছাল কথা না বলে দেশের মানুষ কিভাবে শান্তিতে থাকবে এবং কিভাবে দেশ উন্নত হবে এই নিয়ে ভাবুন,4,0.3919418372811805
3 After Forming Government,3_after_forming_government,2421,আগে তোমাদের দলে যেসব মাফিয়ারা আছে ওইসব মাফিয়াদেরকে ঠিক কর,আগে তোমাদের দলে যেসব মাফিয়ারা আছে ওইসব মাফিয়াদেরকে ঠিক কর,1,0.6384006413900505
3 After Forming Government,3_after_forming_government,2422,এ তো খোকার ছেলে না।। ভারতের দালাল।। জুলাই না হলে পুরান টাউনে,এ তো খোকার ছেলে না ভারতের দালাল জুলাই না হলে পুরান টাউনে,3,0.6418827079954121
3 After Forming Government,3_after_forming_government,2423,আওয়ামী লীগের জুতা পালিশ করতি,আওয়ামী লীগের জুতা পালিশ করতি,1,0.5421242440991263
3 After Forming Government,3_after_forming_government,2424,নিজে মাফিয়া ডন। হাসিনার পালিত পুত্র,নিজে মাফিয়া ডন হাসিনার পালিত পুত্র,2,0.5330507295198536
3 After Forming Government,3_after_forming_government,2425,গলাবাজি করে লাভ নেই মাফিয়ারা তোমাদের ছত্রছায়াই সব করবে আর তোমরা ক্যামেরার সামনে হুংকার দেবে,গলাবাজি করে লাভ নেই মাফিয়ারা তোমাদের ছত্রছায়াই সব করবে আর তোমরা ক্যামেরার সামনে হুংকার দেবে,0,0.9099880524929825
3 After Forming Government,3_after_forming_government,2426,পরে দেখবো দেশের টাকা দিয়ে সেকেন্ড হোম হয়ে গেছে বেগম পাড়ায়,পরে দেখবো দেশের টাকা দিয়ে সেকেন্ড হোম হয়ে গেছে বেগম পাড়ায়,4,0.8379166501143344
3 After Forming Government,3_after_forming_government,2427,বাগের বাচ্চা,বাগের বাচ্চা,0,0.5999903400193564
3 After Forming Government,3_after_forming_government,2428,এই চুদনারাইতো বড় মাফিয়া,এই চুদনারাইতো বড় মাফিয়া,3,0.7333328076872482
3 After Forming Government,3_after_forming_government,2429,বা****ল ফাতালু কথায় নয় কাজে প্রমান দেন,বা ল ফাতালু কথায় নয় কাজে প্রমান দেন,3,0.6932244417921944
3 After Forming Government,3_after_forming_government,2430,"ভোট চু*রি কইরা পারপাইছ, এই নির্বাচন জনগণ মেনে নেবে না",ভোট চু রি কইরা পারপাইছ এই নির্বাচন জনগণ মেনে নেবে না,4,0.8653379367834958
3 After Forming Government,3_after_forming_government,2431,আপনি তো নিজে মাফিয়ার গডফাদার আগে নিজে ভালো হন তারপর মাফিয়া গুজেন কারণ চুর কোনদিন চুর ধরে না কথায় আছে না বৃক্ষ তোমার নাম কি ফলে পরিচয় কথা না বলে কাজ করেন বাহবা দেওয়ার জন্য পাবলিক রেডি আপনাকে কষ্ট করতে হবে না,আপনি তো নিজে মাফিয়ার গডফাদার আগে নিজে ভালো হন তারপর মাফিয়া গুজেন কারণ চুর কোনদিন চুর ধরে না কথায় আছে না বৃক্ষ তোমার নাম কি ফলে পরিচয় কথা না বলে কাজ করেন বাহবা দেওয়ার জন্য পাবলিক রেডি আপনাকে কষ্ট করতে হবে না,3,0.6463367355416249
3 After Forming Government,3_after_forming_government,2432,তুই নিজেই তো একটা মাফিয়া,তুই নিজেই তো একটা মাফিয়া,3,0.7986799892915922
3 After Forming Government,3_after_forming_government,2433,আওয়ামী মেথর,আওয়ামী মেথর,1,0.599997043306811
3 After Forming Government,3_after_forming_government,2434,নিজেই মাফিয়া ডন,নিজেই মাফিয়া ডন,3,0.550840429194616
3 After Forming Government,3_after_forming_government,2435,নিজেই তো মাফিয়া,নিজেই তো মাফিয়া,3,0.7333326239278217
3 After Forming Government,3_after_forming_government,2436,দুইদিন পর নিজে মাফিয়া হয়ে যাবি দেখব,দুইদিন পর নিজে মাফিয়া হয়ে যাবি দেখব,3,0.5113857958604838
3 After Forming Government,3_after_forming_government,2437,ব্যাপার যেন চোরের মায়ের বড় গলা এমন হয়ে গেছে,ব্যাপার যেন চোরের মায়ের বড় গলা এমন হয়ে গেছে,0,0.5039244643186437
3 After Forming Government,3_after_forming_government,2438,তুমি কে? তোমার কাজ তো এটা না।,তুমি কে তোমার কাজ তো এটা না,3,0.5988574098301014
3 After Forming Government,3_after_forming_government,2439,বাপের বেটা কাজে প্রমাণ করো,বাপের বেটা কাজে প্রমাণ করো,3,0.7004278915225294
3 After Forming Government,3_after_forming_government,2440,এই বাটপার তো নিজেই মাফিয়া,এই বাটপার তো নিজেই মাফিয়া,3,0.7988857597259552
3 After Forming Government,3_after_forming_government,2441,এগুলা তোমাদের দলের লোক,এগুলা তোমাদের দলের লোক,3,0.8373912759919407
3 After Forming Government,3_after_forming_government,2442,সাবাস বাঘের বাচ্চা,সাবাস বাঘের বাচ্চা,3,0.40012251429162266
3 After Forming Government,3_after_forming_government,2443,সাবাস বাপের বেটা।,সাবাস বাপের বেটা,3,0.7999975507765315
3 After Forming Government,3_after_forming_government,2444,বাস্তব করতে পারলে তোকে ঘেরাও উপদেষ্টা আর বলবো না।,বাস্তব করতে পারলে তোকে ঘেরাও উপদেষ্টা আর বলবো না,3,0.47706503873519907
3 After Forming Government,3_after_forming_government,2445,মানসিক প্রতিবন্ধী কথা বলার কোনো শ্রী নেই,মানসিক প্রতিবন্ধী কথা বলার কোনো শ্রী নেই,1,0.7284331923952597
3 After Forming Government,3_after_forming_government,2446,Oy nije ekta mafia,oy nije ekta mafia,0,0.5999830466275411
3 After Forming Government,3_after_forming_government,2447,"আল্লাহ এর কপালে চারটা বউ দেন, যাতে এর রাজনীতিক জীবন এরা ধ্বংস করে দেয়। আমিন আমিন আমিন",আল্লাহ এর কপালে চারটা বউ দেন যাতে এর রাজনীতিক জীবন এরা ধ্বংস করে দেয় আমিন আমিন আমিন,0,0.9380487841655593
3 After Forming Government,3_after_forming_government,2448,সব সিন্ডিকেট ব্যাবসায়ী বট বাহিনীর,সব সিন্ডিকেট ব্যাবসায়ী বট বাহিনীর,4,0.39961612931295404
3 After Forming Government,3_after_forming_government,2449,তুই খোকার পোলা না?দৌঁড় চিক্কুর পর্যন্ত।,তুই খোকার পোলা না দৌঁড় চিক্কুর পর্যন্ত,0,0.5500233862800833
3 After Forming Government,3_after_forming_government,2450,ইসরাক নিজেই একজন মাফিয়া,ইসরাক নিজেই একজন মাফিয়া,3,0.7999323802259348
3 After Forming Government,3_after_forming_government,2451,ওয়াদা রাখতে পারলে তবেই হবেন বাপকা বেটা,ওয়াদা রাখতে পারলে তবেই হবেন বাপকা বেটা,3,0.8655108153737344
3 After Forming Government,3_after_forming_government,2452,চাদাবাজ মুক্ত সদরঘাট কর,চাদাবাজ মুক্ত সদরঘাট কর,1,0.7287945450061312
3 After Forming Government,3_after_forming_government,2453,নয়ন কে কি করবা,নয়ন কে কি করবা,0,0.2
3 After Forming Government,3_after_forming_government,2454,তুই তো।মাফিয়া,তুই তো মাফিয়া,3,0.7302607710495818
3 After Forming Government,3_after_forming_government,2455,ফাটাকেষ্ট,ফাটাকেষ্ট,0,0.2
3 After Forming Government,3_after_forming_government,2456,ও নিজেই তো মাফিয়া নাম্বার ওয়ান,ও নিজেই তো মাফিয়া নাম্বার ওয়ান,3,0.4409527719051689
3 After Forming Government,3_after_forming_government,2457,নিজে মাফিয়া ডন,নিজে মাফিয়া ডন,3,0.5506513841311009
3 After Forming Government,3_after_forming_government,2458,ওস্তাদ আসিফ আপনাকে লাথি দিয়া নগর ভবন থেকে বাইর করছে আপনি আসিফকে পাছায় বেদা দিয়া জলে বরেন,ওস্তাদ আসিফ আপনাকে লাথি দিয়া নগর ভবন থেকে বাইর করছে আপনি আসিফকে পাছায় বেদা দিয়া জলে বরেন,0,0.8649028081109319
3 After Forming Government,3_after_forming_government,2459,তুমি তো মিয়া বড় মাফিয়া,তুমি তো মিয়া বড় মাফিয়া,3,0.7999083197732372
3 After Forming Government,3_after_forming_government,2460,এখন তো সবচেয়ে বড় ক্ষমতার মালিক আপনি ও আপনার দল।,এখন তো সবচেয়ে বড় ক্ষমতার মালিক আপনি ও আপনার দল,3,0.6994967391100443
3 After Forming Government,3_after_forming_government,2461,১০%মাফিয়া ব্যাক,মাফিয়া ব্যাক,3,0.5999992535308076
3 After Forming Government,3_after_forming_government,2462,নিজেই তো মাফিয়া,নিজেই তো মাফিয়া,3,0.7333326239278217
3 After Forming Government,3_after_forming_government,2463,"nizei ak boro mafiya,, r onno mafiya k domon korbe",nizei ak boro mafiya r onno mafiya k domon korbe,4,0.7961412097561925
3 After Forming Government,3_after_forming_government,2464,আলহামদুলিল্লাহ।।,আলহামদুলিল্লাহ,2,0.5999989241498305
3 After Forming Government,3_after_forming_government,2465,বট বাহিনী এখানেও এসে নুংরা কথা বলবে,বট বাহিনী এখানেও এসে নুংরা কথা বলবে,0,0.7989200282340727
3 After Forming Government,3_after_forming_government,2466,বচকে রহ ভইয়া৷,বচকে রহ ভইয়া৷,0,0.2
3 After Forming Government,3_after_forming_government,2467,নিজের নাম টা বাদ দিলি কেন রে ভাই তুই তো মাফিয়ার কাতারে আছত,নিজের নাম টা বাদ দিলি কেন রে ভাই তুই তো মাফিয়ার কাতারে আছত,3,0.5772325732506675
3 After Forming Government,3_after_forming_government,2468,সালা তদে চে বড় মাফিয়া কে আছে,সালা তদে চে বড় মাফিয়া কে আছে,3,0.7333328076872482
3 After Forming Government,3_after_forming_government,2469,তুই নিজেই তো একটা সন্ত্রাস এবং মাফিয়া,তুই নিজেই তো একটা সন্ত্রাস এবং মাফিয়া,3,0.6398234983297737
3 After Forming Government,3_after_forming_government,2470,আগে নিজে শুধরা তার পরে অন্যকে নিয়ে কথা বলা শুরু কর দেড় হাত্ লম্বা ডাম্ব ইডিয়ট।,আগে নিজে শুধরা তার পরে অন্যকে নিয়ে কথা বলা শুরু কর দেড় হাত্ লম্বা ডাম্ব ইডিয়ট,3,0.48551809259473566
3 After Forming Government,3_after_forming_government,2471,উনার কর্মীরা এই মাফিয়া এক একটা ডন,উনার কর্মীরা এই মাফিয়া এক একটা ডন,2,0.5256626788417239
3 After Forming Government,3_after_forming_government,2472,অথচ নাসিরুদ্দিন পাটওয়ারী আপনাদেরকেই মাফিয়া বলে!,অথচ নাসিরুদ্দিন পাটওয়ারী আপনাদেরকেই মাফিয়া বলে,0,0.4761407850184225
3 After Forming Government,3_after_forming_government,2473,@জামাত কোনো কাপুরুশ রা করেনা জামাতের একজন মোজাহিদ ১০০ ইশরাকের তেকেও শকতি শালি ওরা বাপের নম বেচে রাজনিতি করেনা,জামাত কোনো কাপুরুশ রা করেনা জামাতের একজন মোজাহিদ ইশরাকের তেকেও শকতি শালি ওরা বাপের নম বেচে রাজনিতি করেনা,3,0.4568895120982707
3 After Forming Government,3_after_forming_government,2474,তুই নিজে একটা বাটপার ও তোদের নেতা আরেকটা।,তুই নিজে একটা বাটপার ও তোদের নেতা আরেকটা,3,0.7377460153592088
3 After Forming Government,3_after_forming_government,2475,জাইমা রহমানের তলে যাও মোনাফে ক তোর বাপ রাজাকার তুইও রাজাকার,জাইমা রহমানের তলে যাও মোনাফে ক তোর বাপ রাজাকার তুইও রাজাকার,3,0.5503437200662484
3 After Forming Government,3_after_forming_government,2476,এত পারলে ১৭ বছর কি করেছ এখন ভাল মতো দেশ চালাও হৈ হাল্লা করে লাভ নেই,এত পারলে বছর কি করেছ এখন ভাল মতো দেশ চালাও হৈ হাল্লা করে লাভ নেই,1,0.8990224313288191
3 After Forming Government,3_after_forming_government,2477,মাফিয়া কে ইসরাক,মাফিয়া কে ইসরাক,3,0.7331971480983421
3 After Forming Government,3_after_forming_government,2478,তুমি নিজেও একটা মাফিয়া!,তুমি নিজেও একটা মাফিয়া,3,0.5999992535308076
3 After Forming Government,3_after_forming_government,2479,চান্দা বাজ,চান্দা বাজ,0,0.7313684373525008
3 After Forming Government,3_after_forming_government,2480,"এতো হেডাম কই ছিলো ১৭ বছর,? বেইমান নিমকহারাম মুনাফিকের দল",এতো হেডাম কই ছিলো বছর বেইমান নিমকহারাম মুনাফিকের দল,1,0.8824413769753048
3 After Forming Government,3_after_forming_government,2481,নিজেই বড়ো মাফিয়া,নিজেই বড়ো মাফিয়া,3,0.7998782545964943
3 After Forming Government,3_after_forming_government,2482,আরেক খাম্বা,আরেক খাম্বা,2,0.7284803305701063
3 After Forming Government,3_after_forming_government,2483,নিজে তো চাঁদাবাজ,নিজে তো চাঁদাবাজ,3,0.7311573343256514
3 After Forming Government,3_after_forming_government,2484,তুই নিজেই তো বড়ো মাফিয়া,তুই নিজেই তো বড়ো মাফিয়া,3,0.8391805321307518
3 After Forming Government,3_after_forming_government,2485,সে নিজেই এক মাফিয়া।,সে নিজেই এক মাফিয়া,3,0.7985811530835749
3 After Forming Government,3_after_forming_government,2486,Chadabaj তোরা readay হইয়া যা gharddar,chadabaj তোরা readay হইয়া যা gharddar,0,0.47646375787675777
3 After Forming Government,3_after_forming_government,2487,আসল মাফিয়া তো তুমি নিজে ই,আসল মাফিয়া তো তুমি নিজে ই,3,0.5230234345510737
3 After Forming Government,3_after_forming_government,2488,"ঐ নিজেই মাফিয়া লিডার,",ঐ নিজেই মাফিয়া লিডার,3,0.5506581569917401
3 After Forming Government,3_after_forming_government,2489,এই বেটা তোর বয়স কত,এই বেটা তোর বয়স কত,3,0.798210028004234
3 After Forming Government,3_after_forming_government,2490,"তোমার চাইতেও বড় বড় মানুষ টাকার কাছে বিক্রি হয়ে গেছে,,, তুমিতো সাধারণ ইশরাক ,,,, এই যু*দ্ধ শুধু ফেসবুকেই সীমাবদ্ধ। বাহিরে মোটেও এগুলো দেখা যাবে না।",তোমার চাইতেও বড় বড় মানুষ টাকার কাছে বিক্রি হয়ে গেছে তুমিতো সাধারণ ইশরাক এই যু দ্ধ শুধু ফেসবুকেই সীমাবদ্ধ বাহিরে মোটেও এগুলো দেখা যাবে না,1,0.3321050130579017
3 After Forming Government,3_after_forming_government,2491,তুই হচ্ছিস বড়ো মাফিয়া। তোর বাবা কইলে বিশ্বাস করতাম।,তুই হচ্ছিস বড়ো মাফিয়া তোর বাবা কইলে বিশ্বাস করতাম,3,0.6508278220744194
3 After Forming Government,3_after_forming_government,2492,সে তো নিজেই একজন মাফিয়া,সে তো নিজেই একজন মাফিয়া,3,0.7985811530835749
3 After Forming Government,3_after_forming_government,2493,শালা তুই নিজেই তো সবচেয়ে বড় মাফিয়া,শালা তুই নিজেই তো সবচেয়ে বড় মাফিয়া,3,0.8853518148078442
3 After Forming Government,3_after_forming_government,2494,আপনাকে সিটি করপোরেশনের মাফিয়া বলে সবাই???,আপনাকে সিটি করপোরেশনের মাফিয়া বলে সবাই,0,0.632054369850823
3 After Forming Government,3_after_forming_government,2495,ওম্মা হেতে নিজেও তো একজন মাফিয়া,ওম্মা হেতে নিজেও তো একজন মাফিয়া,3,0.7333288144652618
3 After Forming Government,3_after_forming_government,2496,Pagol,pagol,0,0.2
3 After Forming Government,3_after_forming_government,2497,শালা এক চুরে আরেক চুরের দোষ খুঁজে,শালা এক চুরে আরেক চুরের দোষ খুঁজে,3,0.6232849614835183
3 After Forming Government,3_after_forming_government,2498,মাফিয়া হয়ে আরেক মাফিয়াদের বিচার করবে।,মাফিয়া হয়ে আরেক মাফিয়াদের বিচার করবে,3,0.8657680123451422
3 After Forming Government,3_after_forming_government,2499,মাফিয়াতো আপনারা,মাফিয়াতো আপনারা,3,0.5989773834469388
3 After Forming Government,3_after_forming_government,2500,আগে আপনার ভালো হয়ে জান,আগে আপনার ভালো হয়ে জান,4,0.7252294948246962
3 After Forming Government,3_after_forming_government,2501,ব্রিক তোমার নাম কি ফলে পরিচয়,ব্রিক তোমার নাম কি ফলে পরিচয়,2,0.7994966675585148
3 After Forming Government,3_after_forming_government,2502,জাতির সাথে এতো বড় ধরনের ধোঁকা দিয়ে এখন সরকার পরিচালনা করতেছেন করেন দেখেন আপনাদের আবার আপার মতো অবস্থা না হয়,জাতির সাথে এতো বড় ধরনের ধোঁকা দিয়ে এখন সরকার পরিচালনা করতেছেন করেন দেখেন আপনাদের আবার আপার মতো অবস্থা না হয়,3,0.5355286908263238
3 After Forming Government,3_after_forming_government,2503,মাফিয়া চাঁদাবাজ তো তোমরাই,মাফিয়া চাঁদাবাজ তো তোমরাই,3,0.7980352623921616
3 After Forming Government,3_after_forming_government,2504,[সন্দেহজনক লিঙ্ক সরানো হয়েছে]...…,সন্দেহজনক লিঙ্ক সরানো হয়েছে,2,0.599977741178997
3 After Forming Government,3_after_forming_government,2505,সত্যি হাসি পাই আদু ভাই রাকিবের দৌড় দেখে!,সত্যি হাসি পাই আদু ভাই রাকিবের দৌড় দেখে,1,0.7677641895632339
3 After Forming Government,3_after_forming_government,2506,"""শরীরের ওজন কমতেছে। এটা তো ভালো বিষয়, কষ্ট পাওয়ার কি আছে!!!",শরীরের ওজন কমতেছে এটা তো ভালো বিষয় কষ্ট পাওয়ার কি আছে,1,0.8376844303582553
3 After Forming Government,3_after_forming_government,2507,এটা আরো আনন্দের বিষয় এখানে কষ্টের কিছু নেই,এটা আরো আনন্দের বিষয় এখানে কষ্টের কিছু নেই,1,0.8392285239971797
3 After Forming Government,3_after_forming_government,2508,যদি তার জন্য আপনার পায়ে ব্যথা হয় তো তেল লাগান মালিশ করেন ব্যথা ভুলে যান।,যদি তার জন্য আপনার পায়ে ব্যথা হয় তো তেল লাগান মালিশ করেন ব্যথা ভুলে যান,0,0.8657087728001773
3 After Forming Government,3_after_forming_government,2509,এগিয়ে জান লিডার পুরা পৃথিবী আপনার বিপক্ষে থাকলেও আমি পৃথিবীর পক্ষে আছি।,এগিয়ে জান লিডার পুরা পৃথিবী আপনার বিপক্ষে থাকলেও আমি পৃথিবীর পক্ষে আছি,0,0.9103090460767482
3 After Forming Government,3_after_forming_government,2510,আমাদেরও কষ্ট হয় যখন দেখি আপনি নিজের চিন্তা করে …,আমাদেরও কষ্ট হয় যখন দেখি আপনি নিজের চিন্তা করে,1,0.864704980552676
3 After Forming Government,3_after_forming_government,2511,কেন ভাই আপনার দৌড়াতে মন চাইলে আপনি ও দৌড়াবেন জ্বালার কি আছে,কেন ভাই আপনার দৌড়াতে মন চাইলে আপনি ও দৌড়াবেন জ্বালার কি আছে,3,0.8361470057534933
3 After Forming Government,3_after_forming_government,2512,আহা জমিদারের ফুত তুমি একটা গাড়ি কিনে দাও,আহা জমিদারের ফুত তুমি একটা গাড়ি কিনে দাও,0,0.8661001715785094
3 After Forming Government,3_after_forming_government,2513,আহারে জমিদারের পুতেরে একটু সুযোগ দে ভাই,আহারে জমিদারের পুতেরে একটু সুযোগ দে ভাই,1,0.729847622293022
3 After Forming Government,3_after_forming_government,2514,"""যে যা করে শান্তি পায়, করুক !",যে যা করে শান্তি পায় করুক,3,0.8365182916217723
3 After Forming Government,3_after_forming_government,2515,আমার মনে হয় ওনার খুব দৌড়াইতে মন চাইতেছে,আমার মনে হয় ওনার খুব দৌড়াইতে মন চাইতেছে,3,0.7937313012875611
3 After Forming Government,3_after_forming_government,2516,এটা বরকতি দৌড়,এটা বরকতি দৌড়,1,0.5960651859556012
3 After Forming Government,3_after_forming_government,2517,"""খনিকের ছেলে বলে কি, যে দৌড়ায় সে কষ্ট পায় না খনিকের ছেলে সার্ভিস মলম কষ্ট পায়",খনিকের ছেলে বলে কি যে দৌড়ায় সে কষ্ট পায় না খনিকের ছেলে সার্ভিস মলম কষ্ট পায়,1,0.9264942664222324
3 After Forming Government,3_after_forming_government,2518,আমি কি হোনুরে।,আমি কি হোনুরে,0,0.2
3 After Forming Government,3_after_forming_government,2519,জ্বালা জ্বালা বুকে বড় জ্বালা,জ্বালা জ্বালা বুকে বড় জ্বালা,2,0.6985144113220103
3 After Forming Government,3_after_forming_government,2520,মায়ের চেয়ে মাসির দরদ বেশি,মায়ের চেয়ে মাসির দরদ বেশি,0,0.6856280961399215
3 After Forming Government,3_after_forming_government,2521,"""অন্য দের নিয়ে ভাবতে হবে না, নিজেকে নিয়ে ভাবেন,,",অন্য দের নিয়ে ভাবতে হবে না নিজেকে নিয়ে ভাবেন,0,0.8637625177845683
3 After Forming Government,3_after_forming_government,2522,কারণ তুমিও একসময় এভাবে দৌঁড়ায় ছিলা,কারণ তুমিও একসময় এভাবে দৌঁড়ায় ছিলা,1,0.5493330357947901
3 After Forming Government,3_after_forming_government,2523,"""কাল,থেকে তুমি দৌড়ে যাবা,তোমার চাকরি কনফার্ম ওকে",কাল থেকে তুমি দৌড়ে যাবা তোমার চাকরি কনফার্ম ওকে,2,0.7973585194913752
3 After Forming Government,3_after_forming_government,2524,"""ছাত্রলীগের এজেন্ট যখন বাইটে পইড়া জুলাই এজেন্ট হয়ে যায়, আমাদেরও হাঁসি পায়",ছাত্রলীগের এজেন্ট যখন বাইটে পইড়া জুলাই এজেন্ট হয়ে যায় আমাদেরও হাঁসি পায়,3,0.9101914305747919
3 After Forming Government,3_after_forming_government,2525,ছাপ্রীদের কাজ তো দৌড়ানোই...,ছাপ্রীদের কাজ তো দৌড়ানোই,3,0.5988574098301014
3 After Forming Government,3_after_forming_government,2526,"""কিছু পর দৌড়ানো, ধাওয়াতে পৌছাবে",কিছু পর দৌড়ানো ধাওয়াতে পৌছাবে,1,0.3994888539791371
3 After Forming Government,3_after_forming_government,2527,"""রাকিবদের ছ্যাবলামো এটা পুরোনো অভ্যেস, সময় লাগবে ধীরে ধীরে পরিবর্তন হতে, তবে তার মন ভালো..! কিন্তু, ৫-ই আগস্ট পরবর্তী তোমার গাড়…",রাকিবদের ছ্যাবলামো এটা পুরোনো অভ্যেস সময় লাগবে ধীরে ধীরে পরিবর্তন হতে তবে তার মন ভালো কিন্তু ই আগস্ট পরবর্তী তোমার গাড়,2,0.9258011729863552
3 After Forming Government,3_after_forming_government,2528,দফাদার কুকুর মালিকের পিছনে দৌড়াবে এটাই তো স্বাভাবিক হোক সেটা গাড়ি হোক সেটা বাড়ি,দফাদার কুকুর মালিকের পিছনে দৌড়াবে এটাই তো স্বাভাবিক হোক সেটা গাড়ি হোক সেটা বাড়ি,1,0.656568264446252
3 After Forming Government,3_after_forming_government,2529,আহ্!দরদীরে।,আহ্ দরদীরে,0,0.5999903384793185
3 After Forming Government,3_after_forming_government,2530,আর কি কি তোমাকে কষ্ট দেয় মনি,আর কি কি তোমাকে কষ্ট দেয় মনি,1,0.5184243952879356
3 After Forming Government,3_after_forming_government,2531,সে কি ছাত্রদল সভাপতি?,সে কি ছাত্রদল সভাপতি,1,0.7994466345401009
3 After Forming Government,3_after_forming_government,2532,"""সময় থাকতে বুঝলো না , এক্ষণ বুঝে লাভ নেই । তোমাকে আর গাড়ির পেছনে নিবে না",সময় থাকতে বুঝলো না এক্ষণ বুঝে লাভ নেই তোমাকে আর গাড়ির পেছনে নিবে না,1,0.6886840381771353
3 After Forming Government,3_after_forming_government,2533,"""মায়ের চেয়ে,মাসির দরদ বেশি",মায়ের চেয়ে মাসির দরদ বেশি,0,0.6856280961399215
3 After Forming Government,3_after_forming_government,2534,তোমার ইচ্ছা হইলে তুমি ও দৌড়াওনা ভাই।,তোমার ইচ্ছা হইলে তুমি ও দৌড়াওনা ভাই,1,0.7974541291690056
3 After Forming Government,3_after_forming_government,2535,তোমাদের কথা ভুলে গেছ?,তোমাদের কথা ভুলে গেছ,0,0.7283162573070951
3 After Forming Government,3_after_forming_government,2536,ছাত্রলীগের সাদ্দামের গাড়ির পিছনে দৌড়ানোর গুলা মনে পরে যায় হয়ত,ছাত্রলীগের সাদ্দামের গাড়ির পিছনে দৌড়ানোর গুলা মনে পরে যায় হয়ত,1,0.7621694397288492
3 After Forming Government,3_after_forming_government,2537,তোমাদের তো কষ্ট হবেই ভাই,তোমাদের তো কষ্ট হবেই ভাই,1,0.8391430917450154
3 After Forming Government,3_after_forming_government,2538,আমাদেরকে বিনোদনদেয় ভাই এগুলা বইলেন না পরে বিনোদন মিস করবো,আমাদেরকে বিনোদনদেয় ভাই এগুলা বইলেন না পরে বিনোদন মিস করবো,1,0.8388425655048525
3 After Forming Government,3_after_forming_government,2539,কে কার পিছে দৌড়াচ্ছে সেটা ভেবে লাভ নাই তুমি কোথায় দৌড়াবে সেই চিন্তা কর,কে কার পিছে দৌড়াচ্ছে সেটা ভেবে লাভ নাই তুমি কোথায় দৌড়াবে সেই চিন্তা কর,1,0.6220139457217413
3 After Forming Government,3_after_forming_government,2540,আপনার কষ্ট দেখে আমারও কষ্ট হয় সারজিস ভাই।,আপনার কষ্ট দেখে আমারও কষ্ট হয় সারজিস ভাই,1,0.8851898191733306
3 After Forming Government,3_after_forming_government,2541,কেন তোরো কি দৌড়াতে ইচ্ছে করছে,কেন তোরো কি দৌড়াতে ইচ্ছে করছে,3,0.7279984178786625
3 After Forming Government,3_after_forming_government,2542,তুমি এক সময় এক দল থেকে অন্য দলে যাওয়ার জন্য অনেক দৌড়াদৌড়ি করেছ তা জনগন জানে।,তুমি এক সময় এক দল থেকে অন্য দলে যাওয়ার জন্য অনেক দৌড়াদৌড়ি করেছ তা জনগন জানে,1,0.7397053602463476
3 After Forming Government,3_after_forming_government,2543,Asloye kosto dei...,asloye kosto dei,1,0.5999803648719919
3 After Forming Government,3_after_forming_government,2544,Jomadarer nati koto dorodi,jomadarer nati koto dorodi,1,0.5991078558915385
3 After Forming Government,3_after_forming_government,2545,বরবরা হইলে যা হয়,বরবরা হইলে যা হয়,1,0.7307929226000124
3 After Forming Government,3_after_forming_government,2546,এটা সমঝোতা করে দৌড়ানো হচ্ছিল,এটা সমঝোতা করে দৌড়ানো হচ্ছিল,1,0.733328818794211
3 After Forming Government,3_after_forming_government,2547,তোমরা যে টাকা মারছো সেই গুলোর হিসাব আগে দেও,তোমরা যে টাকা মারছো সেই গুলোর হিসাব আগে দেও,0,0.7963771845171119
3 After Forming Government,3_after_forming_government,2548,"""Same,chamcahr din akhno ase nakii",same chamcahr din akhno ase nakii,3,0.5999814781973958
3 After Forming Government,3_after_forming_government,2549,Amkeww...boyos hoise dorte pare naa,amkeww boyos hoise dorte pare naa,0,0.2
3 After Forming Government,3_after_forming_government,2550,এএএএএ দালালললল,এএএএএ দালালললল,0,0.2
3 After Forming Government,3_after_forming_government,2551,আমিও কষ্ট পেয়েছি,আমিও কষ্ট পেয়েছি,1,0.7996814121944025
3 After Forming Government,3_after_forming_government,2552,সতর বচ্ছর পরে আজ এত আনন্দ। আর এতে অবদান সম্পূর্ণ তোমাদের।কিন্তু তারা এটা শিকার করতে চাইনা। বাকিটা কি হয় আল্লাহ ভালো জানেন,সতর বচ্ছর পরে আজ এত আনন্দ আর এতে অবদান সম্পূর্ণ তোমাদের কিন্তু তারা এটা শিকার করতে চাইনা বাকিটা কি হয় আল্লাহ ভালো জানেন,1,0.648047503581651
3 After Forming Government,3_after_forming_government,2553,এদেশের মানুষের প্রধান লক্ষ্যই হলো বড় বড় নেতাদের পা চাটা,এদেশের মানুষের প্রধান লক্ষ্যই হলো বড় বড় নেতাদের পা চাটা,3,0.9191311908223758
3 After Forming Government,3_after_forming_government,2554,Dolkanara comment korce ree,dolkanara comment korce ree,0,0.2
3 After Forming Government,3_after_forming_government,2555,"""বাংলায় একটা প্রবাদ আছে : অতি বড় বড় নয় ঝড়ে ভেঙ্গে যাবে , অতি ছোট হইয়ো না তাহলে ছাগলের ৩ নং বাচ্চারা খাবে ।…",বাংলায় একটা প্রবাদ আছে অতি বড় বড় নয় ঝড়ে ভেঙ্গে যাবে অতি ছোট হইয়ো না তাহলে ছাগলের নং বাচ্চারা খাবে,3,0.4289812583352923
3 After Forming Government,3_after_forming_government,2556,আপনি সরকারী প্রটোকল পাবেননা।তাই আপনার কষ্ট হচ্ছে।,আপনি সরকারী প্রটোকল পাবেননা তাই আপনার কষ্ট হচ্ছে,1,0.7327737899910007
3 After Forming Government,3_after_forming_government,2557,কেন ওর যায়গায় কি আপনি দৌড়াতে চান?,কেন ওর যায়গায় কি আপনি দৌড়াতে চান,0,0.7942061609427894
3 After Forming Government,3_after_forming_government,2558,এতো জ্বলে কেন ভাই,এতো জ্বলে কেন ভাই,1,0.7988779564426637
3 After Forming Government,3_after_forming_government,2559,ওরে যে স্টেজে নীচে বসাইলো তা দেখে আমার খুব লজ্জা লাগছিল। আহারে সভাপতি!!!,ওরে যে স্টেজে নীচে বসাইলো তা দেখে আমার খুব লজ্জা লাগছিল আহারে সভাপতি,1,0.8854666542015752
3 After Forming Government,3_after_forming_government,2560,মুই কি হনু রে মোর ভাতার চৌকিদার আছনু কি হনু কি আরো যে কি হইম,মুই কি হনু রে মোর ভাতার চৌকিদার আছনু কি হনু কি আরো যে কি হইম,1,0.5979814823345894
3 After Forming Government,3_after_forming_government,2561,কেনো?,কেনো,1,0.5999940417006036
3 After Forming Government,3_after_forming_government,2562,"""মায়ে কয় না হুত, খালায় কয় বইন হুত!",মায়ে কয় না হুত খালায় কয় বইন হুত,4,0.7333276409834842
3 After Forming Government,3_after_forming_government,2563,"""গুটি কয়েকজন মিলে জুলাই আন্দোলন হয়নি, পুরো দেশের মানুষ কাজ করছে,ফায়দা নিচ্ছে বালচাল পুলা গুলো, ফ্যাসিস্ট তাড়াতে যারা শহীদ হয়েছে…",গুটি কয়েকজন মিলে জুলাই আন্দোলন হয়নি পুরো দেশের মানুষ কাজ করছে ফায়দা নিচ্ছে বালচাল পুলা গুলো ফ্যাসিস্ট তাড়াতে যারা শহীদ হয়েছে,3,0.3938153325972728
3 After Forming Government,3_after_forming_government,2564,প্রধানমন্ত্রীর চেয়ারের নিচে পায়ের কাছে ছাত্রদল সভাপতিকে বসিয়ে রাখা কষ্ট দেয় না,প্রধানমন্ত্রীর চেয়ারের নিচে পায়ের কাছে ছাত্রদল সভাপতিকে বসিয়ে রাখা কষ্ট দেয় না,1,0.54486628433149
3 After Forming Government,3_after_forming_government,2565,তুইও গত ১৭ বছর দৌড়ায়ছিস,তুইও গত বছর দৌড়ায়ছিস,2,0.3994827240881908
3 After Forming Government,3_after_forming_government,2566,এযাবৎকালে যা বলছিস তোর এই একটা কথা ভালো লাগলো,এযাবৎকালে যা বলছিস তোর এই একটা কথা ভালো লাগলো,1,0.4507615644421758
3 After Forming Government,3_after_forming_government,2567,ওটা নিয়ে তোমার কষ্ট নাই তোমার কষ্ট হচ্ছে তোমার পিছনে কেউ কেন দৌড়ায় না।,ওটা নিয়ে তোমার কষ্ট নাই তোমার কষ্ট হচ্ছে তোমার পিছনে কেউ কেন দৌড়ায় না,1,0.686890396517481
3 After Forming Government,3_after_forming_government,2568,তাহলে উনাকে একটি গাড়ি উপহার হিসাবে দিয়ে ! আপনাদের তো এখন টাকার কোনো অভাব নেই।,তাহলে উনাকে একটি গাড়ি উপহার হিসাবে দিয়ে আপনাদের তো এখন টাকার কোনো অভাব নেই,1,0.6372494414514756
3 After Forming Government,3_after_forming_government,2569,"""উপজেলা স্বাস্থ্য কমপ্লেক্সে যোগাযোগ করুন, ভ্যাকসিনের ব্যবস্থা হয়ে যাবে",উপজেলা স্বাস্থ্য কমপ্লেক্সে যোগাযোগ করুন ভ্যাকসিনের ব্যবস্থা হয়ে যাবে,4,0.8373346838649345
3 After Forming Government,3_after_forming_government,2570,"""১৮ মাসে যা লুটপাট করছো, তাতে কষ্ট দেয়না????",মাসে যা লুটপাট করছো তাতে কষ্ট দেয়না,1,0.8393217278028574
3 After Forming Government,3_after_forming_government,2571,ভাই তোদের মুখে এর চেয়ে ভালো মন্তব্য আশা করা যায় না!,ভাই তোদের মুখে এর চেয়ে ভালো মন্তব্য আশা করা যায় না,2,0.4763194148694576
3 After Forming Government,3_after_forming_government,2572,হাহাহাহহাহা,হাহাহাহহাহা,0,0.2
3 After Forming Government,3_after_forming_government,2573,কেন আপনি যখন ডক্টর ইউনুসের ধনে ধইরা লটকাই থাকতেন তখন কি কষ্ট হয় নাই,কেন আপনি যখন ডক্টর ইউনুসের ধনে ধইরা লটকাই থাকতেন তখন কি কষ্ট হয় নাই,0,0.46279470078332535
3 After Forming Government,3_after_forming_government,2574,"""আগে বলতি আমার বঙ্গবন্ধু,, এবার বলবি আমার জিয়া,,,,,, সেলুকাস",আগে বলতি আমার বঙ্গবন্ধু এবার বলবি আমার জিয়া সেলুকাস,0,0.3002715174126534
3 After Forming Government,3_after_forming_government,2575,তাহলে আমাদের ভালো লাগবে,তাহলে আমাদের ভালো লাগবে,4,0.7974632073182661
3 After Forming Government,3_after_forming_government,2576,কথা সত্য হলেও তুই যে সংসদ সদস্য হতে পারোছ নাই এই দুঃখ আমরাও বুঝতে পারছি।,কথা সত্য হলেও তুই যে সংসদ সদস্য হতে পারোছ নাই এই দুঃখ আমরাও বুঝতে পারছি,3,0.6127758065562363
3 After Forming Government,3_after_forming_government,2577,তোরে দেখলে যানি কেমন কেমন লাগে রে,তোরে দেখলে যানি কেমন কেমন লাগে রে,1,0.7333280817485827
3 After Forming Government,3_after_forming_government,2578,মহাসুখের শেষ হলে সবকিছুতেই কষ্ট হয় সার্ভিস ভাই!,মহাসুখের শেষ হলে সবকিছুতেই কষ্ট হয় সার্ভিস ভাই,1,0.8840415549115667
3 After Forming Government,3_after_forming_government,2579,আপনার কষ্ট লাগলেও আমাদের ভালো লাগে কারণ হাড্ডি দেখলে যেমন কুত্তা দৌড় দেয় প্রধানমন্ত্রীর গাড়ি পেছনে তেমন ছাত্রদল দৌড়ায়,আপনার কষ্ট লাগলেও আমাদের ভালো লাগে কারণ হাড্ডি দেখলে যেমন কুত্তা দৌড় দেয় প্রধানমন্ত্রীর গাড়ি পেছনে তেমন ছাত্রদল দৌড়ায়,1,0.7219783831340421
3 After Forming Government,3_after_forming_government,2580,বেটা ভোটে হেরে পাগল হয়ে গেছে ভাই চিন্তা নেই next time hobe from bd cricketer speech,বেটা ভোটে হেরে পাগল হয়ে গেছে ভাই চিন্তা নেই next time hobe from bd cricketer speech,0,0.5560861338005769
3 After Forming Government,3_after_forming_government,2581,আহ!! সোনা গো আমার #সেও দৌড়াতে চাই,আহ সোনা গো আমার সেও দৌড়াতে চাই,0,0.6926484388916965
3 After Forming Government,3_after_forming_government,2582,মুই কোন হনুরে,মুই কোন হনুরে,0,0.5963149584642197
3 After Forming Government,3_after_forming_government,2583,কষ্ট কেন পাবেন ভাই?? সামান্য তেল মারতে গিয়েছিল।,কষ্ট কেন পাবেন ভাই সামান্য তেল মারতে গিয়েছিল,1,0.865127587512361
3 After Forming Government,3_after_forming_government,2584,এত তো তোমাদের গাড়ির পেছনে দৌড়াইছে তখন কষ্ট লাগে নাই,এত তো তোমাদের গাড়ির পেছনে দৌড়াইছে তখন কষ্ট লাগে নাই,1,0.7513086050162656
3 After Forming Government,3_after_forming_government,2585,Bhai amakew kosto dei,bhai amakew kosto dei,1,0.5999803648719919
3 After Forming Government,3_after_forming_government,2586,সারজিছের কথা ঠিক আছে,সারজিছের কথা ঠিক আছে,4,0.5999992496587379
3 After Forming Government,3_after_forming_government,2587,এটা সেই ছেলে না যে আমার বঙ্গবন্ধু আমার বঙ্গবন্ধু বলে গলার টিস্যু ছিড়ে ফেলতো?,এটা সেই ছেলে না যে আমার বঙ্গবন্ধু আমার বঙ্গবন্ধু বলে গলার টিস্যু ছিড়ে ফেলতো,0,0.8350036120715643
3 After Forming Government,3_after_forming_government,2588,তোমার বঙ্গবন্ধুকে নিয়ে তেল দেয়া বক্তব্য কিন্তু শুনেছি!,তোমার বঙ্গবন্ধুকে নিয়ে তেল দেয়া বক্তব্য কিন্তু শুনেছি,0,0.8371317926079939
3 After Forming Government,3_after_forming_government,2589,বাচা একটা চাটাচাটি না করলে উপরে উঠা যায় না।উপরে উঠতে হলে নেতার জুতা চাটতে হয়। সেই জন্য প্রধানমন্ত্রী গাড়ি পিছনে দৌড়ানো লাগে।বুঝছো সারজিস,বাচা একটা চাটাচাটি না করলে উপরে উঠা যায় না উপরে উঠতে হলে নেতার জুতা চাটতে হয় সেই জন্য প্রধানমন্ত্রী গাড়ি পিছনে দৌড়ানো লাগে বুঝছো সারজিস,1,0.46974164321914513
3 After Forming Government,3_after_forming_government,2590,তাহলে তোমার পিছে দৌড়াবে নাকি?,তাহলে তোমার পিছে দৌড়াবে নাকি,1,0.838615757586772
3 After Forming Government,3_after_forming_government,2591,তোমার পেছনে দৌড়ালে কি খুশি হতে।,তোমার পেছনে দৌড়ালে কি খুশি হতে,1,0.7978010208959464
3 After Forming Government,3_after_forming_government,2592,তুই ১৬ মাস কার গাড়ির পেছনে দৌড়ে ছিলে?,তুই মাস কার গাড়ির পেছনে দৌড়ে ছিলে,0,0.5984878356193694
3 After Forming Government,3_after_forming_government,2593,আমার বঙ্গবন্ধু বলে তেলবাজী করা সারজিদ আলমের কষ্ট হওয়াটাই স্বাভাবিক,আমার বঙ্গবন্ধু বলে তেলবাজী করা সারজিদ আলমের কষ্ট হওয়াটাই স্বাভাবিক,1,0.4839035208788986
3 After Forming Government,3_after_forming_government,2594,কেন? তুমি দৌড়াবে?,কেন তুমি দৌড়াবে,1,0.5999966073794475
3 After Forming Government,3_after_forming_government,2595,অন‍্যের বিষয় না দেখে তোমাদের দূর্নীতির খবর নে,অন্যের বিষয় না দেখে তোমাদের দূর্নীতির খবর নে,1,0.8389683889594617
3 After Forming Government,3_after_forming_government,2596,তেল মারতে দৌড়ায় ছাত্রদল,তেল মারতে দৌড়ায় ছাত্রদল,1,0.8394552530916193
3 After Forming Government,3_after_forming_government,2597,পোদ পেতে হবে ত চা-টা চাটি করলে তো ভালো ফলন আসতে পারে সেটি হোক না মান ইজ্জত এর লড়াই,পোদ পেতে হবে ত চা টা চাটি করলে তো ভালো ফলন আসতে পারে সেটি হোক না মান ইজ্জত এর লড়াই,4,0.9269083117655336
3 After Forming Government,3_after_forming_government,2598,Amar chotobelar kotha mone pore. Cinemar liflet dito rickshaw te. Peson peson douratam ekta liflet paoar jonno. R pele monta h…,amar chotobelar kotha mone pore cinemar liflet dito rickshaw te peson peson douratam ekta liflet paoar jonno r pele monta h,2,0.8647410090933734
3 After Forming Government,3_after_forming_government,2599,Manushjon je rastai ghontar por ghonta take thake erjonnyo kosto hoi na..?!..ekhon desh gorar kaje lege gele Valo hobe...manush upokrito hobe ..,manushjon je rastai ghontar por ghonta take thake erjonnyo kosto hoi na ekhon desh gorar kaje lege gele valo hobe manush upokrito hobe,1,0.6889627357032309
3 After Forming Government,3_after_forming_government,2600,তাহলে কি ছাত্রলীগ দৌড়লে খুশি হতে,তাহলে কি ছাত্রলীগ দৌড়লে খুশি হতে,1,0.45370107014396743
3 After Forming Government,3_after_forming_government,2601,তুমি কস্ট পাইলে আমাদের শান্তি লাগে,তুমি কস্ট পাইলে আমাদের শান্তি লাগে,1,0.7988266521346601
3 After Forming Government,3_after_forming_government,2602,আহা কি জ্বালা! অন্তর জ্বালা,আহা কি জ্বালা অন্তর জ্বালা,2,0.8393900711179189
3 After Forming Government,3_after_forming_government,2603,আরে কি মায়া! টাকলা মুরাদ ২,আরে কি মায়া টাকলা মুরাদ,0,0.5972774274844962
3 After Forming Government,3_after_forming_government,2604,Jole,jole,0,0.2
3 After Forming Government,3_after_forming_government,2605,"""ইতে দৌরিলে দৌরগ্গই এনা, তুয়াত্তুন কা জ্বলের",ইতে দৌরিলে দৌরগ্গই এনা তুয়াত্তুন কা জ্বলের,0,0.2
3 After Forming Government,3_after_forming_government,2606,এত কষ্ট প্রেমিক হয়ে গেছে নাট বোল্ডর নাতি,এত কষ্ট প্রেমিক হয়ে গেছে নাট বোল্ডর নাতি,0,0.5345764676028074
3 After Forming Government,3_after_forming_government,2607,জলে নাকি চলে সাজিস মলম,জলে নাকি চলে সাজিস মলম,1,0.7981493667698932
3 After Forming Government,3_after_forming_government,2608,জমিদারের নাতি হোগা সার্ভিস,জমিদারের নাতি হোগা সার্ভিস,0,0.7995583739620669
3 After Forming Government,3_after_forming_government,2609,"""এতো কষ্ট ,কষ্ট লাগে কেনোযে অন্তরে",এতো কষ্ট কষ্ট লাগে কেনোযে অন্তরে,1,0.8661829900743422
3 After Forming Government,3_after_forming_government,2610,আর কি দেয় সোনা,আর কি দেয় সোনা,0,0.7333028927017273
3 After Forming Government,3_after_forming_government,2611,তুই দৌড়াইস তাইলে,তুই দৌড়াইস তাইলে,0,0.7323827878282565
3 After Forming Government,3_after_forming_government,2612,তাতে তোমার এতো জ্বলে কেন আমার বুঝে আসে না,তাতে তোমার এতো জ্বলে কেন আমার বুঝে আসে না,1,0.8657378226092198
3 After Forming Government,3_after_forming_government,2613,আপনাদের কয় পর জেল খাটাবে বিএনপি। সেটা চিন্তা করে আমাদেরো কষ্ট হয়,আপনাদের কয় পর জেল খাটাবে বিএনপি সেটা চিন্তা করে আমাদেরো কষ্ট হয়,0,0.6742038283756445
3 After Forming Government,3_after_forming_government,2614,প্রধানমন্ত্রী বিএনপি'র ছাত্রদল দৌড়াবে না তো কে দৌড়াবে তুই,প্রধানমন্ত্রী বিএনপি র ছাত্রদল দৌড়াবে না তো কে দৌড়াবে তুই,1,0.5401254728042082
3 After Forming Government,3_after_forming_government,2615,তোমার সমস্যা কোথায় ?,তোমার সমস্যা কোথায়,1,0.5968682281825541
3 After Forming Government,3_after_forming_government,2616,জালারে জালা অন্তরে জালা,জালারে জালা অন্তরে জালা,3,0.7980649053850578
3 After Forming Government,3_after_forming_government,2617,Jamater lungir tale dukle vlo lage,jamater lungir tale dukle vlo lage,3,0.5999816833465317
3 After Forming Government,3_after_forming_government,2618,"""ও মা গো তাই নাকি মোস্তাক, মায়ের চেয়ে মাসির দরদ উপচে পড়তেছি দি",ও মা গো তাই নাকি মোস্তাক মায়ের চেয়ে মাসির দরদ উপচে পড়তেছি দি,0,0.7681779256739782
3 After Forming Government,3_after_forming_government,2619,জ্বালারে জ্বালা অন্তর জ্বালা,জ্বালারে জ্বালা অন্তর জ্বালা,2,0.7999968165989229
3 After Forming Government,3_after_forming_government,2620,Tor bada oii joggota nai Togo any koyta kormi acy ncp …,tor bada oii joggota nai togo any koyta kormi acy ncp,2,0.7985041683106803
3 After Forming Government,3_after_forming_government,2621,কেন রে তুই দৌড়াতে চাইছিলি পারিস নাই সেজন্য তোর এতো কষ্ট???,কেন রে তুই দৌড়াতে চাইছিলি পারিস নাই সেজন্য তোর এতো কষ্ট,1,0.5638738189508176
3 After Forming Government,3_after_forming_government,2622,আসলে দেখলে খারাপই লাগে,আসলে দেখলে খারাপই লাগে,1,0.7979197958967756
3 After Forming Government,3_after_forming_government,2623,আমাকেও দেয়,আমাকেও দেয়,0,0.7333012693454553
3 After Forming Government,3_after_forming_government,2624,হাতে বিস্কুট থাকলে কুকুর তো পিছে পিছে দৌড়াবেই,হাতে বিস্কুট থাকলে কুকুর তো পিছে পিছে দৌড়াবেই,1,0.6341649015440916
3 After Forming Government,3_after_forming_government,2625,"""শরীর চর্চা করছে,এটা স্বাভাবিক ব্যাপার,এ নিয়ে বলার কি আছে",শরীর চর্চা করছে এটা স্বাভাবিক ব্যাপার এ নিয়ে বলার কি আছে,0,0.45556164450997566
3 After Forming Government,3_after_forming_government,2626,দৌড় প্রতিযোগিতা প্রথম হইতে ছায় রাকিব চাচা,দৌড় প্রতিযোগিতা প্রথম হইতে ছায় রাকিব চাচা,1,0.661736813844815
3 After Forming Government,3_after_forming_government,2627,তুমি তোমার নিজের চিন্তা করো মিয়া। কে দৌড়ায় কে হাটে এগুলি দেইখ না,তুমি তোমার নিজের চিন্তা করো মিয়া কে দৌড়ায় কে হাটে এগুলি দেইখ না,1,0.8832030892802674
3 After Forming Government,3_after_forming_government,2628,beta tui age july foundation er hishab de,beta tui age july foundation er hishab de,0,0.8398926332841808
3 After Forming Government,3_after_forming_government,2629,"""কাল থেকে তুমি দৌড়াইও ভাইয়া, হাহাহা। এমন ধরনের মন্তব্য অবাঞ্ছিত",কাল থেকে তুমি দৌড়াইও ভাইয়া হাহাহা এমন ধরনের মন্তব্য অবাঞ্ছিত,0,0.8375253697675628
3 After Forming Government,3_after_forming_government,2630,"""ঠিকই-দৌড়াবে তো সারবিস আলম,,।",ঠিকই দৌড়াবে তো সারবিস আলম,1,0.7332283895759482
3 After Forming Government,3_after_forming_government,2631,ওর কি সমস্যা?,ওর কি সমস্যা,0,0.7312718090917759
3 After Forming Government,3_after_forming_government,2632,পলর এ্যাডা,পলর এ্যাডা,0,0.2
3 After Forming Government,3_after_forming_government,2633,হ্যাঁ আপনি সত্য বলেছেন,হ্যাঁ আপনি সত্য বলেছেন,4,0.7975289536868926
3 After Forming Government,3_after_forming_government,2634,এখন সবকিছু আমাদের কাছে শিখতে হবে,এখন সবকিছু আমাদের কাছে শিখতে হবে,1,0.7303572708983359
3 After Forming Government,3_after_forming_government,2635,তোমার দৌড়ানির কিয়াল নি তে,তোমার দৌড়ানির কিয়াল নি তে,0,0.7333300419674561
3 After Forming Government,3_after_forming_government,2636,ছাত্রদলের কর্মকাণ্ড দেখলে মনে হয় ছাত্রলীগের রাজনীতি অনেক সম্মানের ছিল!ছাত্রদলের আচরণ লজ্জাজনক!,ছাত্রদলের কর্মকাণ্ড দেখলে মনে হয় ছাত্রলীগের রাজনীতি অনেক সম্মানের ছিল ছাত্রদলের আচরণ লজ্জাজনক,1,0.884897968080966
3 After Forming Government,3_after_forming_government,2637,পা চেটে যখন বেশি চাটে তখন ওইকাজ করে,পা চেটে যখন বেশি চাটে তখন ওইকাজ করে,1,0.7327922244375705
3 After Forming Government,3_after_forming_government,2638,বেশি কষ্ট পেলে বুড়িগঙ্গার পানি খান কষ্ট দূর হয়ে যাবে,বেশি কষ্ট পেলে বুড়িগঙ্গার পানি খান কষ্ট দূর হয়ে যাবে,1,0.9104235482081275
3 After Forming Government,3_after_forming_government,2639,Vai tumi je kono np na taw amn vab koro tumi np theke boro kico Np der pico pico goro,vai tumi je kono np na taw amn vab koro tumi np theke boro kico np der pico pico goro,1,0.8854187447194302
3 After Forming Government,3_after_forming_government,2640,তোহ তুরা দৌড়া,তোহ তুরা দৌড়া,0,0.5994748856224215
3 After Forming Government,3_after_forming_government,2641,Manush khocha mara o bujhe na ha ha bujhbe kmne leader tader HSC pass mile mishe korbe kaz mane chanda,manush khocha mara o bujhe na ha ha bujhbe kmne leader tader hsc pass mile mishe korbe kaz mane chanda,1,0.8389975013539778
3 After Forming Government,3_after_forming_government,2642,হেতে এখন ছাত্রদলের উপদেষ্টা হবার চায়। মার থেকে মাসির দরদ উৎলে উঠছে,হেতে এখন ছাত্রদলের উপদেষ্টা হবার চায় মার থেকে মাসির দরদ উৎলে উঠছে,0,0.6267234658992217
3 After Forming Government,3_after_forming_government,2643,আমাদের কে ও কষ্ট দেয় কিন্তু আমার কষ্টে ছুটে হাসি,আমাদের কে ও কষ্ট দেয় কিন্তু আমার কষ্টে ছুটে হাসি,1,0.49955638895740045
3 After Forming Government,3_after_forming_government,2644,এইখানে সার্ভিস ভাই কেন কষ্ট পাচ্ছে সেটাই বুঝতে পারবে না আমাদের বয়স্ক সংঘঠন,এইখানে সার্ভিস ভাই কেন কষ্ট পাচ্ছে সেটাই বুঝতে পারবে না আমাদের বয়স্ক সংঘঠন,1,0.8842701340749323
3 After Forming Government,3_after_forming_government,2645,"""সেটাই তো দৌড়ানোর কি আছে রে ভাই,, মানে ব্যক্তিত্ব বইলা কিছু নাই",সেটাই তো দৌড়ানোর কি আছে রে ভাই মানে ব্যক্তিত্ব বইলা কিছু নাই,0,0.4242270781215636
3 After Forming Government,3_after_forming_government,2646,কেমন কষ্ট?,কেমন কষ্ট,1,0.5994936981760306
3 After Forming Government,3_after_forming_government,2647,"""তুমি যে আপা আগা করতা, আমার আমার৷ ----------",তুমি যে আপা আগা করতা আমার আমার৷,1,0.5989558459438494
3 After Forming Government,3_after_forming_government,2648,Chata chati,chata chati,0,0.2
3 After Forming Government,3_after_forming_government,2649,মায়ের থেকে মাসির দরদ বেশি,মায়ের থেকে মাসির দরদ বেশি,0,0.6396876507435604
3 After Forming Government,3_after_forming_government,2650,তোমাকে সুযোগ দিলে কাল থেকে আরও জোড়ে দৌড়ানো শুরু করবা।,তোমাকে সুযোগ দিলে কাল থেকে আরও জোড়ে দৌড়ানো শুরু করবা,1,0.4673339114413546
3 After Forming Government,3_after_forming_government,2651,যো দৌড়ায় তার কষ্ট লজ্জা প্যারা কিছুই তুমি শুধু শুধু প্যারা নাও কেন।,যো দৌড়ায় তার কষ্ট লজ্জা প্যারা কিছুই তুমি শুধু শুধু প্যারা নাও কেন,1,0.8664455738424617
3 After Forming Government,3_after_forming_government,2652,ওবায়দুল কাদের বলেছিল খালি দৌড়াচ্ছে,ওবায়দুল কাদের বলেছিল খালি দৌড়াচ্ছে,2,0.7963667255625162
3 After Forming Government,3_after_forming_government,2653,সারা জীবন মন্ত্রীর পিছনে দাঁড়িয়ে থাকা মানুষ আজ কি বলে,সারা জীবন মন্ত্রীর পিছনে দাঁড়িয়ে থাকা মানুষ আজ কি বলে,4,0.42077407483404844
3 After Forming Government,3_after_forming_government,2654,সারজিস আবার সংসদ সদস্য কবে হলো? নিউজে তাই লেখা,সারজিস আবার সংসদ সদস্য কবে হলো নিউজে তাই লেখা,2,0.7473948396698006
3 After Forming Government,3_after_forming_government,2655,একটু চাটা চাটি না করলে কি আর হয়,একটু চাটা চাটি না করলে কি আর হয়,4,0.44155527980690157
3 After Forming Government,3_after_forming_government,2656,তোমার এতো কষ্ট কেন?,তোমার এতো কষ্ট কেন,1,0.7328451509583701
3 After Forming Government,3_after_forming_government,2657,জ্বলে হা আমি যদি দৌড়াতে পাইতাম। এভাবে ই হিংসা করে শেখ হাসিনার ঘনঘটা বাজিয়েছি।,জ্বলে হা আমি যদি দৌড়াতে পাইতাম এভাবে ই হিংসা করে শেখ হাসিনার ঘনঘটা বাজিয়েছি,1,0.5605407368101405
3 After Forming Government,3_after_forming_government,2658,উড়িষ্যার তেল মারে,উড়িষ্যার তেল মারে,0,0.59757836923793
3 After Forming Government,3_after_forming_government,2659,আসলেই তার কোন মূল্যেই নাই,আসলেই তার কোন মূল্যেই নাই,0,0.7990940979158084
3 After Forming Government,3_after_forming_government,2660,"""কষ্টের কি আছে বাড়া,",কষ্টের কি আছে বাড়া,1,0.5994921745267469
3 After Forming Government,3_after_forming_government,2661,হাসিনারে যখন তেলাইতেন তখন খুব সুখ সুখ লাগছে।আমাদের এনসিপি সাহেবর।,হাসিনারে যখন তেলাইতেন তখন খুব সুখ সুখ লাগছে আমাদের এনসিপি সাহেবর,4,0.8394785815098396
3 After Forming Government,3_after_forming_government,2662,তুমি এমপি হও নাই তাই আমরা কষ্ট পাইছি,তুমি এমপি হও নাই তাই আমরা কষ্ট পাইছি,0,0.8638918689103184
3 After Forming Government,3_after_forming_government,2663,কেন ভাই জায়গা টা কি আপনার লাগবে!!!,কেন ভাই জায়গা টা কি আপনার লাগবে,4,0.8383816932925465
3 After Forming Government,3_after_forming_government,2664,কারণ তুমি দৌড়াতে পারো না,কারণ তুমি দৌড়াতে পারো না,2,0.39937242661280065
3 After Forming Government,3_after_forming_government,2665,কতবড় মায়াশীল ব্যক্তি রে,কতবড় মায়াশীল ব্যক্তি রে,2,0.5987361776999953
3 After Forming Government,3_after_forming_government,2666,নিজেরাও তো কম দৌড়ান নাই,নিজেরাও তো কম দৌড়ান নাই,3,0.5601233887440317
3 After Forming Government,3_after_forming_government,2667,তুই দৌড়া,তুই দৌড়া,0,0.7327529347110687
3 After Forming Government,3_after_forming_government,2668,জামাতের নির্বাচনী জনসভায় সাদিক কায়েমদের বক্তব্য প্রচারণায় এনসিপির কলিজা ঠান্ডা হয়ে যায়,জামাতের নির্বাচনী জনসভায় সাদিক কায়েমদের বক্তব্য প্রচারণায় এনসিপির কলিজা ঠান্ডা হয়ে যায়,3,0.838663593120407
3 After Forming Government,3_after_forming_government,2669,তো তুই হোন দে যাই,তো তুই হোন দে যাই,3,0.7982982645799286
3 After Forming Government,3_after_forming_government,2670,যে দৌর দিছে অলিম্পিক এ একটা মেডেল তার জন্ন্য রাখা উছিৎ ভাবা যায় ছাত্র সংগঠনের সভাপতির কারবার হইলো এই,যে দৌর দিছে অলিম্পিক এ একটা মেডেল তার জন্ন্য রাখা উছিৎ ভাবা যায় ছাত্র সংগঠনের সভাপতির কারবার হইলো এই,0,0.8652821192132676
3 After Forming Government,3_after_forming_government,2671,লীগের যখন পা চেটে ছিল তখন কষ্ট লাগেনি,লীগের যখন পা চেটে ছিল তখন কষ্ট লাগেনি,1,0.79965708936833
3 After Forming Government,3_after_forming_government,2672,বাশ টা দিছে একেবারে জায়গা মত।,বাশ টা দিছে একেবারে জায়গা মত,4,0.47209546469498626
3 After Forming Government,3_after_forming_government,2673,Botder sob kichutei JOLE,botder sob kichutei jole,1,0.5964393726880923
3 After Forming Government,3_after_forming_government,2674,"""এক সময় তিনিও আওয়ামী লীগের নেতাকর্মীদের পিছনে ঠিক এই ভাবেই দৌড়ে বেরাতেন, তাই সে কষ্টটা বুঝতে পারছেন",এক সময় তিনিও আওয়ামী লীগের নেতাকর্মীদের পিছনে ঠিক এই ভাবেই দৌড়ে বেরাতেন তাই সে কষ্টটা বুঝতে পারছেন,1,0.5650400238018451
3 After Forming Government,3_after_forming_government,2675,যারা দৌড়ায় তাদের কষ্ট লাগে না,যারা দৌড়ায় তাদের কষ্ট লাগে না,1,0.8353183758419238
3 After Forming Government,3_after_forming_government,2676,"""সরম দিলে ভাইরে, লাখ টাকা খাওয়াই দিবো রাজনিতীর বাইরে।",সরম দিলে ভাইরে লাখ টাকা খাওয়াই দিবো রাজনিতীর বাইরে,0,0.8843141763623203
3 After Forming Government,3_after_forming_government,2677,মায়ের থেকে মাসির দরদ বেশি হলে যা হয় আরকি।,মায়ের থেকে মাসির দরদ বেশি হলে যা হয় আরকি,0,0.4794057299228369
3 After Forming Government,3_after_forming_government,2678,আহ হা রে সোনা গো আমার...,আহ হা রে সোনা গো আমার,0,0.8398043139402541
3 After Forming Government,3_after_forming_government,2679,মুলদলের উপরের আওয়ামী ঘেঁষা নেতাদের থেকে ছাত্রদল অনেক অনেক ভালো।,মুলদলের উপরের আওয়ামী ঘেঁষা নেতাদের থেকে ছাত্রদল অনেক অনেক ভালো,1,0.601048127433278
3 After Forming Government,3_after_forming_government,2680,কষ্ট হলে তুমিও দৌড়াও,কষ্ট হলে তুমিও দৌড়াও,3,0.5965808113400051
3 After Forming Government,3_after_forming_government,2681,কেন তোমার গোয়ায় আগুন লাগছে নাকি???,কেন তোমার গোয়ায় আগুন লাগছে নাকি,1,0.7982265931853235
3 After Forming Government,3_after_forming_government,2682,আহারে জমিদারের পোলা,আহারে জমিদারের পোলা,0,0.5500244836038183
3 After Forming Government,3_after_forming_government,2683,"""সার্ভিস, তুই কোন চ্যাটের চুল?",সার্ভিস তুই কোন চ্যাটের চুল,0,0.7988668078868129
3 After Forming Government,3_after_forming_government,2684,Kno,kno,0,0.2
3 After Forming Government,3_after_forming_government,2685,কষ্টের কি আছে তুমি যখন ছাত্রলীগের লুঙ্গির তলে ছিলা তহন তোমাকে দেখে কষ্ট হতো এটা ভেবে যে মুতে তো ছেলেটা বেশে যাবে,কষ্টের কি আছে তুমি যখন ছাত্রলীগের লুঙ্গির তলে ছিলা তহন তোমাকে দেখে কষ্ট হতো এটা ভেবে যে মুতে তো ছেলেটা বেশে যাবে,1,0.9270714868839536
3 After Forming Government,3_after_forming_government,2686,নরেন্দ্র মোদী আমার বাবা লাগে এজন্য ইন্ডিয়াতে সাপোর্ট করি ভারতকে আমি ভালোবাসি নরেন্দ্র মোদি আমার আব্বা লাগে এজন্য এজন্য ভারতকে ভালবাসি,নরেন্দ্র মোদী আমার বাবা লাগে এজন্য ইন্ডিয়াতে সাপোর্ট করি ভারতকে আমি ভালোবাসি নরেন্দ্র মোদি আমার আব্বা লাগে এজন্য এজন্য ভারতকে ভালবাসি,1,0.5202688275838503
3 After Forming Government,3_after_forming_government,2687,অন্তরে জালা,অন্তরে জালা,3,0.730629661330873
3 After Forming Government,3_after_forming_government,2688,কোন নেতা যেন বলছিল ভোটের আগে পর্যন্ত আমরা মানুষের ঘরে ঘরে যাব পরে আমাদের পিছনে পিছনে ঘুরবে,কোন নেতা যেন বলছিল ভোটের আগে পর্যন্ত আমরা মানুষের ঘরে ঘরে যাব পরে আমাদের পিছনে পিছনে ঘুরবে,1,0.47706379783730957
3 After Forming Government,3_after_forming_government,2689,ষার বিয়া তার খবর নাই আর এদিকে সারজিসের ঘুম নাই,ষার বিয়া তার খবর নাই আর এদিকে সারজিসের ঘুম নাই,0,0.7987462122438155
3 After Forming Government,3_after_forming_government,2690,"""একজন কেন্দ্রীয় নেতা যদি এমন করে, তাহলে কর্মী কেমন করবে",একজন কেন্দ্রীয় নেতা যদি এমন করে তাহলে কর্মী কেমন করবে,3,0.4846375748196365
3 After Forming Government,3_after_forming_government,2691,এসব বলে ফর্মে উঠতে চাও বাপু,এসব বলে ফর্মে উঠতে চাও বাপু,3,0.837935134990258
3 After Forming Government,3_after_forming_government,2692,ক্যাম্পাস এ রুটি ডাল খাওয়া পুলা যখন এখন কোটি টাকার গাড়ি নিয়ে ঘুরায় এইটা আমাদের অনেক কষ্ট লাগে,ক্যাম্পাস এ রুটি ডাল খাওয়া পুলা যখন এখন কোটি টাকার গাড়ি নিয়ে ঘুরায় এইটা আমাদের অনেক কষ্ট লাগে,1,0.898032378049033
3 After Forming Government,3_after_forming_government,2693,নয়ন lite,নয়ন lite,0,0.2
3 After Forming Government,3_after_forming_government,2694,তোমার তো সেই সৌভাগ্য হয় নাই রে ছোকরা।,তোমার তো সেই সৌভাগ্য হয় নাই রে ছোকরা,0,0.5984038067641223
3 After Forming Government,3_after_forming_government,2695,আমাকেও,আমাকেও,0,0.5999889308402796
3 After Forming Government,3_after_forming_government,2696,"""চিন্তা করা যায় মানুষ কি লেবেলের দলান্ধ হতে পারে ? সে কিন্তু খারাপ কিছু বলে নাই অথচ তাদের কাছে খুব খারাপ লাগতেছে , কারন এরা চা…",চিন্তা করা যায় মানুষ কি লেবেলের দলান্ধ হতে পারে সে কিন্তু খারাপ কিছু বলে নাই অথচ তাদের কাছে খুব খারাপ লাগতেছে কারন এরা চা,1,0.5749860881469608
3 After Forming Government,3_after_forming_government,2697,আহ্ সোনা কষ্ট হচ্ছে বুঝি,আহ্ সোনা কষ্ট হচ্ছে বুঝি,0,0.835584146455376
3 After Forming Government,3_after_forming_government,2698,আসোলেই,আসোলেই,0,0.2
3 After Forming Government,3_after_forming_government,2699,টুপি কই ভাস্তে,টুপি কই ভাস্তে,0,0.7332383728399797
3 After Forming Government,3_after_forming_government,2700,হুম। তুমি দৌড়াতে না পেরে যে কষ্ট পেয়েছ। বুঝতে পারছি।,হুম তুমি দৌড়াতে না পেরে যে কষ্ট পেয়েছ বুঝতে পারছি,1,0.6999809722274382
3 After Forming Government,3_after_forming_government,2701,"""জমিদার, মহাসুখের শেষ হলে সবকিছুতেই কষ্ট হয়। আমরা বুঝি ছাত্রলীগের এজেন্ট যখন বসুযোগ নিয়ে জুলাই এজেন্ট হয়ে যায়, আমাদেরও হাঁসি পায়",জমিদার মহাসুখের শেষ হলে সবকিছুতেই কষ্ট হয় আমরা বুঝি ছাত্রলীগের এজেন্ট যখন বসুযোগ নিয়ে জুলাই এজেন্ট হয়ে যায় আমাদেরও হাঁসি পায়,3,0.6298062134403994
3 After Forming Government,3_after_forming_government,2702,Jomider er nati nki bole apne?,jomider er nati nki bole apne,0,0.7324318811623786
3 After Forming Government,3_after_forming_government,2703,তুমি দৌড়াতে চাও নাকি,তুমি দৌড়াতে চাও নাকি,1,0.7995487361061632
3 After Forming Government,3_after_forming_government,2704,সাবেক ছাএলীগ নাকি?,সাবেক ছাএলীগ নাকি,1,0.40026752787804304
3 After Forming Government,3_after_forming_government,2705,দৌড়ায় ক্যান,দৌড়ায় ক্যান,1,0.5999953128402368
3 After Forming Government,3_after_forming_government,2706,একটা গাড়ি কিনে দেন,একটা গাড়ি কিনে দেন,0,0.7976129673569033
3 After Forming Government,3_after_forming_government,2707,ও্যার বিচার আগোত হওয়া লাগবে,ও্যার বিচার আগোত হওয়া লাগবে,4,0.45509700792437235
3 After Forming Government,3_after_forming_government,2708,প্রধানমন্ত্রী যে উনার ভাই.......,প্রধানমন্ত্রী যে উনার ভাই,4,0.7961911423678
3 After Forming Government,3_after_forming_government,2709,"""বাঙালির রক্তে, হৃদয়ে ,মস্তিষ্কে, দাসত্ব মিশে গেছে এই দাসত্বের শিকল ভাঙ্গা খুবই কঠিন কিন্তু অসম্ভব নয় ,,,,,,",বাঙালির রক্তে হৃদয়ে মস্তিষ্কে দাসত্ব মিশে গেছে এই দাসত্বের শিকল ভাঙ্গা খুবই কঠিন কিন্তু অসম্ভব নয়,4,0.4366351375593225
3 After Forming Government,3_after_forming_government,2710,আমাকেও,আমাকেও,0,0.5999889308402796
3 After Forming Government,3_after_forming_government,2711,হে দৌড়াইছে তোর সমস্যা কোতাই বিড়ি খুর,হে দৌড়াইছে তোর সমস্যা কোতাই বিড়ি খুর,1,0.4895882178535915
3 After Forming Government,3_after_forming_government,2712,আমিও সেম কমেন্ট করছি oi vedio dki...amio obag ওনি কি নেতা নাকি সাধারন ছাত্র ইতিমের মতো দৌড়ালো,আমিও সেম কমেন্ট করছি oi vedio dki amio obag ওনি কি নেতা নাকি সাধারন ছাত্র ইতিমের মতো দৌড়ালো,1,0.6419649340808646
3 After Forming Government,3_after_forming_government,2713,তাহলে তুমি প্রধানমন্ত্রীর গাড়ির পেছনে দৌড়াও শান্তি পাবা,তাহলে তুমি প্রধানমন্ত্রীর গাড়ির পেছনে দৌড়াও শান্তি পাবা,1,0.7287875443943551
3 After Forming Government,3_after_forming_government,2714,"""তোমরা যখন গাড়িতে চড়ে বেড়াইছো , মুরুব্বীরা তোমাদের গাড়ির পেছনে দৌড়াইছে ওটা দেখে আমাদেরও খুব কষ্ট লেগেছে",তোমরা যখন গাড়িতে চড়ে বেড়াইছো মুরুব্বীরা তোমাদের গাড়ির পেছনে দৌড়াইছে ওটা দেখে আমাদেরও খুব কষ্ট লেগেছে,1,0.9108261245029443
3 After Forming Government,3_after_forming_government,2715,Jubodoler noyoner nam taw bolten,jubodoler noyoner nam taw bolten,0,0.2
3 After Forming Government,3_after_forming_government,2716,তোমাদের কস্টের শেষ নেই গো,তোমাদের কস্টের শেষ নেই গো,0,0.7952543005810503
3 After Forming Government,3_after_forming_government,2717,আমিও কষ্ট পাই,আমিও কষ্ট পাই,1,0.5498567572170128
3 After Forming Government,3_after_forming_government,2718,বুকটা ফাইট্টা যায় এখানে তো দৌড়ানোর কথা ছিল তার খেলা যে চলছে কোন লেবেলে।,বুকটা ফাইট্টা যায় এখানে তো দৌড়ানোর কথা ছিল তার খেলা যে চলছে কোন লেবেলে,0,0.8659818957161427
3 After Forming Government,3_after_forming_government,2719,জমিদারের নাতিকে নেওয়া দরকার,জমিদারের নাতিকে নেওয়া দরকার,0,0.5492144981758318
3 After Forming Government,3_after_forming_government,2720,আমাকেও কষ্ট দেয়,আমাকেও কষ্ট দেয়,0,0.794258957975044
3 After Forming Government,3_after_forming_government,2721,"""Amk o kosto dey,,,ei bura boyoshe dour jhap korte hoy tar",amk o kosto dey ei bura boyoshe dour jhap korte hoy tar,1,0.7333197676073132
3 After Forming Government,3_after_forming_government,2722,মা থেকে মাসির দরদ বেশি হয়ে গেলো না সার্বিস আলম,মা থেকে মাসির দরদ বেশি হয়ে গেলো না সার্বিস আলম,0,0.5567361043902563
3 After Forming Government,3_after_forming_government,2723,একদম।,একদম,4,0.5999890641751568
3 After Forming Government,3_after_forming_government,2724,টোকাই,টোকাই,3,0.5993062744241783
3 After Forming Government,3_after_forming_government,2725,দুই ের বৈরাগী বলে কি।,দুই ের বৈরাগী বলে কি,0,0.7301191409216917
3 After Forming Government,3_after_forming_government,2726,তারা তো হাগল এর লাইগাই দৌড়ায়,তারা তো হাগল এর লাইগাই দৌড়ায়,1,0.5999953128402368
3 After Forming Government,3_after_forming_government,2727,ইউনুস কে রাষ্ট্রপতি হিসেবে দেখতে চাই,ইউনুস কে রাষ্ট্রপতি হিসেবে দেখতে চাই,3,0.8658862134354012
3 After Forming Government,3_after_forming_government,2728,জ্বলে নাকি?,জ্বলে নাকি,1,0.7333306595775217
3 After Forming Government,3_after_forming_government,2729,সেই মানের মানবতা,সেই মানের মানবতা,0,0.2
3 After Forming Government,3_after_forming_government,2730,এত বেশি মনে কষ্ট নিলে রোজা ভাঙ্গার কারণ হয়ে দাঁড়াবে!,এত বেশি মনে কষ্ট নিলে রোজা ভাঙ্গার কারণ হয়ে দাঁড়াবে,1,0.8992370878822973
3 After Forming Government,3_after_forming_government,2731,এটা গুড পলিটিক্স। সরকার থেকে দল আলাদা এটা প্রমাণিত হয়।,এটা গুড পলিটিক্স সরকার থেকে দল আলাদা এটা প্রমাণিত হয়,1,0.6123629537553817
3 After Forming Government,3_after_forming_government,2732,"""রাকিবের পরিবর্তে ওকে নিয়োগ দেওয়া উচিত, অনেক অভিজ্ঞতা আছে",রাকিবের পরিবর্তে ওকে নিয়োগ দেওয়া উচিত অনেক অভিজ্ঞতা আছে,4,0.8373484671479905
3 After Forming Government,3_after_forming_government,2733,প্রধানমন্ত্রী এটা সবার। চাইলে আপনিও দৌড়াতে পারেন।,প্রধানমন্ত্রী এটা সবার চাইলে আপনিও দৌড়াতে পারেন,3,0.697100699968473
3 After Forming Government,3_after_forming_government,2734,থাক সার্জিস ভাই এটা তাদের সমঝোতার মধ্যে পড়ে,থাক সার্জিস ভাই এটা তাদের সমঝোতার মধ্যে পড়ে,2,0.838219958044626
3 After Forming Government,3_after_forming_government,2735,ছাত্রদলকে বলা হয় প্রধানমন্ত্রীর ভ্যানগার্ড।সুতরাং নিরাপত্তা এবং প্রটোকল হিসেবে যার যেভাবে থাকা দরকার সে সেখানেই থাকবে। আর বই ম…,ছাত্রদলকে বলা হয় প্রধানমন্ত্রীর ভ্যানগার্ড সুতরাং নিরাপত্তা এবং প্রটোকল হিসেবে যার যেভাবে থাকা দরকার সে সেখানেই থাকবে আর বই ম,4,0.4888162248329463
3 After Forming Government,3_after_forming_government,2736,"""নপতা আপনি এগিয়ে যান,সাড়া দুনিয়া আপনার বিপক্ষে থাকলেও আমি কিন্তু দুনিয়ার পক্ষেই",নপতা আপনি এগিয়ে যান সাড়া দুনিয়া আপনার বিপক্ষে থাকলেও আমি কিন্তু দুনিয়ার পক্ষেই,0,0.8386886857447602
3 After Forming Government,3_after_forming_government,2737,রক্তে যার গোলামীর বীজ সে কেন বৃটিশ আর্মিতে ভর্তি হবে না।,রক্তে যার গোলামীর বীজ সে কেন বৃটিশ আর্মিতে ভর্তি হবে না,1,0.799118405265834
3 After Forming Government,3_after_forming_government,2738,ভোট দিবো কিসে ধানের শীষে,ভোট দিবো কিসে ধানের শীষে,0,0.866560069723138
3 After Forming Government,3_after_forming_government,2739,মনে হচ্ছে একটি ক্ষুধা কুকুর দৌড়াচ্ছে,মনে হচ্ছে একটি ক্ষুধা কুকুর দৌড়াচ্ছে,1,0.6194675397732679
3 After Forming Government,3_after_forming_government,2740,"""আইসো আবার মব করতে, তুমার অপেক্ষায় বাংলাদেশ, …",আইসো আবার মব করতে তুমার অপেক্ষায় বাংলাদেশ,1,0.5006445378402355
3 After Forming Government,3_after_forming_government,2741,"""ছাত্র দল রাকিব লিডারের পিছে দৌড়ায় , আর সরম লাগে আমার",ছাত্র দল রাকিব লিডারের পিছে দৌড়ায় আর সরম লাগে আমার,1,0.8854761560946315
3 After Forming Government,3_after_forming_government,2742,আইছে আমার নয়া মুসলমান।,আইছে আমার নয়া মুসলমান,0,0.2
3 After Forming Government,3_after_forming_government,2743,জাতির আউব্বার গুনগান করো তখন??,জাতির আউব্বার গুনগান করো তখন,0,0.7325528808974674
3 After Forming Government,3_after_forming_government,2744,আন্দুলনের ডাক লিদার,আন্দুলনের ডাক লিদার,1,0.5999868643922514
3 After Forming Government,3_after_forming_government,2745,বিষয়টা খুবই দুঃখজনক,বিষয়টা খুবই দুঃখজনক,4,0.5975131193919117
3 After Forming Government,3_after_forming_government,2746,কুকুর তো অনিবার পিছনে দৌড়াবেই।,কুকুর তো অনিবার পিছনে দৌড়াবেই,1,0.7331897234656484
3 After Forming Government,3_after_forming_government,2747,এটা ওদের প্রাপ্য,এটা ওদের প্রাপ্য,4,0.5991803446980725
3 After Forming Government,3_after_forming_government,2748,তুয়ার কি সমাস্যা,তুয়ার কি সমাস্যা,0,0.2
3 After Forming Government,3_after_forming_government,2749,তাহলে ছাত্রদলের রাকিবের বদলি তুমি দৌড় দিয়ে দাও তাইলেই তো হয়।,তাহলে ছাত্রদলের রাকিবের বদলি তুমি দৌড় দিয়ে দাও তাইলেই তো হয়,0,0.8646123138638779
3 After Forming Government,3_after_forming_government,2750,ছাত্রদলের কোন পেশা নাই দৌড়ানি তাদের পেশা,ছাত্রদলের কোন পেশা নাই দৌড়ানি তাদের পেশা,0,0.7985967471149515
3 After Forming Government,3_after_forming_government,2751,Faaaaahh,faaaaahh,0,0.2
3 After Forming Government,3_after_forming_government,2752,এটা একটু বেশি হয়ে গেছে দৌড়াদৌড়ি,এটা একটু বেশি হয়ে গেছে দৌড়াদৌড়ি,1,0.8389581963254996
3 After Forming Government,3_after_forming_government,2753,Fahim Khan,fahim khan,1,0.5999905051339772
3 After Forming Government,3_after_forming_government,2754,তুই কি করতি মনে আছে!!!,তুই কি করতি মনে আছে,1,0.3991513510884782
3 After Forming Government,3_after_forming_government,2755,আমায় বিনোদন দায়,আমায় বিনোদন দায়,1,0.5985381194752362
3 After Forming Government,3_after_forming_government,2756,"""নেতার ছেলে নেতা হবেন।আর কর্মীরা হবেন পরিচ্ছন্নতা কর্মী ।নেতার ছেলে নেতা হবে, আর মাঠে যারা কাজ করে তারা সারাজীবন কর্মীই থেকে …",নেতার ছেলে নেতা হবেন আর কর্মীরা হবেন পরিচ্ছন্নতা কর্মী নেতার ছেলে নেতা হবে আর মাঠে যারা কাজ করে তারা সারাজীবন কর্মীই থেকে,3,0.9381300729378619
3 After Forming Government,3_after_forming_government,2757,ছাত্রদল সভাপতি না ও চামচা,ছাত্রদল সভাপতি না ও চামচা,1,0.5503375659961186
3 After Forming Government,3_after_forming_government,2758,তুমি দৌড়াতে চাও? সরকারি কাজের বাইরে দলীয় কার্যক্রমে ছাত্রদল আসবে এটাই স্বাভাবিক।,তুমি দৌড়াতে চাও সরকারি কাজের বাইরে দলীয় কার্যক্রমে ছাত্রদল আসবে এটাই স্বাভাবিক,1,0.48099124530761456
3 After Forming Government,3_after_forming_government,2759,কেনো তোমারও কি ইচ্ছা করে নাকি!!,কেনো তোমারও কি ইচ্ছা করে নাকি,1,0.7992705811283451
3 After Forming Government,3_after_forming_government,2760,রাজনীতি সহজ পসা এদের কাছে বুজলেন ভাইটু চাটা চাটি ভালো জানা থাকলে কাজ ওকে,রাজনীতি সহজ পসা এদের কাছে বুজলেন ভাইটু চাটা চাটি ভালো জানা থাকলে কাজ ওকে,4,0.5322809407002346
3 After Forming Government,3_after_forming_government,2761,"""ওনারা এখন আবোল তাবোল বলতেই থাকবে, কেননা দেড় বছরে যা পাইছে মৃত্যুর আগ পর্যন্ত ভুলতে পারবেনা",ওনারা এখন আবোল তাবোল বলতেই থাকবে কেননা দেড় বছরে যা পাইছে মৃত্যুর আগ পর্যন্ত ভুলতে পারবেনা,2,0.8975347712058587
3 After Forming Government,3_after_forming_government,2762,আমিও কষ্ট পাইছি তুই ফেল করাতে,আমিও কষ্ট পাইছি তুই ফেল করাতে,1,0.5028294327607127
3 After Forming Government,3_after_forming_government,2763,Right,right,3,0.5999940674575689
3 After Forming Government,3_after_forming_government,2764,আমার বঙ্গবন্ধু,আমার বঙ্গবন্ধু,0,0.5999925450360561
3 After Forming Government,3_after_forming_government,2765,তোমার পিছনে যখন মেধাবী নামক ছাত্ররা দৌড়ায় তখন ভালো লাগে?,তোমার পিছনে যখন মেধাবী নামক ছাত্ররা দৌড়ায় তখন ভালো লাগে,1,0.8383321956757993
3 After Forming Government,3_after_forming_government,2766,চাচায় ভালো দৌড়ে,চাচায় ভালো দৌড়ে,2,0.7320264652269243
3 After Forming Government,3_after_forming_government,2767,আমার কাছেও খারাপ লাগে,আমার কাছেও খারাপ লাগে,1,0.7330004513622239
3 After Forming Government,3_after_forming_government,2768,বয়সের দোষ,বয়সের দোষ,2,0.5987472532170452
3 After Forming Government,3_after_forming_government,2769,এটা বিএনপি ছাত্র দল তাই সম্ভব।,এটা বিএনপি ছাত্র দল তাই সম্ভব,1,0.8378502889796411
3 After Forming Government,3_after_forming_government,2770,"""আসলেই লজ্জাও এবং সাথে দলের ভাব মুর্তি নষ্ট হলো,কিন্তু ছাত্রদল সভাপতি উনার নিজেরই'ত ব্যাক্তিত্য নেই।",আসলেই লজ্জাও এবং সাথে দলের ভাব মুর্তি নষ্ট হলো কিন্তু ছাত্রদল সভাপতি উনার নিজেরই ত ব্যাক্তিত্য নেই,3,0.9091085589263933
3 After Forming Government,3_after_forming_government,2771,এই দেহি নাসির পাটোয়ারী টু,এই দেহি নাসির পাটোয়ারী টু,0,0.2
3 After Forming Government,3_after_forming_government,2772,"""শেখ হাসিনার পিছনে যখন যাইতি,তখন ঠিক ছিল",শেখ হাসিনার পিছনে যখন যাইতি তখন ঠিক ছিল,4,0.43997915328143866
3 After Forming Government,3_after_forming_government,2773,এতে তুর কি সমস্যা। এটা যার যার ব্যাক্তিগত বিষয়।,এতে তুর কি সমস্যা এটা যার যার ব্যাক্তিগত বিষয়,1,0.8658799913517413
3 After Forming Government,3_after_forming_government,2774,কি তুমি দৌড়াতে পারলে ভালো হতো?,কি তুমি দৌড়াতে পারলে ভালো হতো,1,0.8377284894252157
3 After Forming Government,3_after_forming_government,2775,তুই দৌড়াইতে চাস,তুই দৌড়াইতে চাস,3,0.7302498539387599
3 After Forming Government,3_after_forming_government,2776,ওরে জালা অন্তর জালা,ওরে জালা অন্তর জালা,2,0.8384077018002755
3 After Forming Government,3_after_forming_government,2777,এখন যদি একটা মার্সিডিজ গাড়ি নিয়ে ঘুরতো তাইলে বলতেন যে এত টাকা কই পাইসে আর এখন দেওরা তারপর আপনাদের সমস্যা,এখন যদি একটা মার্সিডিজ গাড়ি নিয়ে ঘুরতো তাইলে বলতেন যে এত টাকা কই পাইসে আর এখন দেওরা তারপর আপনাদের সমস্যা,0,0.7685672356278652
3 After Forming Government,3_after_forming_government,2778,লুঙ্গির নিচে থাকতে পারলে আরাম লাগে,লুঙ্গির নিচে থাকতে পারলে আরাম লাগে,1,0.8393130742580741
3 After Forming Government,3_after_forming_government,2779,প্রধানমন্ত্রী পিছে দৌড়াবে না ছাত্রদলের পোলা তাহলে তুমি দৌড়াবে তার পিছে,প্রধানমন্ত্রী পিছে দৌড়াবে না ছাত্রদলের পোলা তাহলে তুমি দৌড়াবে তার পিছে,1,0.624082518057239
3 After Forming Government,3_after_forming_government,2780,তুমিতো জমিদারের নাতি তারে একটা গাড়ী কিনে দাও,তুমিতো জমিদারের নাতি তারে একটা গাড়ী কিনে দাও,0,0.8398996315896669
3 After Forming Government,3_after_forming_government,2781,তুই দৌড়াতে শুরু কর,তুই দৌড়াতে শুরু কর,0,0.49428719264999343
3 After Forming Government,3_after_forming_government,2782,ভালো,ভালো,2,0.5962681181141288
3 After Forming Government,3_after_forming_government,2783,আপনার কষ্ট পাওয়া দেখে আমরাও কষ্ট পাচ্ছি,আপনার কষ্ট পাওয়া দেখে আমরাও কষ্ট পাচ্ছি,1,0.5435619402450238
3 After Forming Government,3_after_forming_government,2784,সেই কষ্টও কি তুমার পেছন দিকে নাকি ভাতিজা।,সেই কষ্টও কি তুমার পেছন দিকে নাকি ভাতিজা,1,0.7329331400326878
3 After Forming Government,3_after_forming_government,2785,মায়ের থেকে মাসীর দরদ বেশী।,মায়ের থেকে মাসীর দরদ বেশী,0,0.7986802919378485
3 After Forming Government,3_after_forming_government,2786,"""হালা গো মাথা খারাপ হয়ে গেছে, তুমি দৌড়াতে যাইলে চেষ্টা করতে পারো।",হালা গো মাথা খারাপ হয়ে গেছে তুমি দৌড়াতে যাইলে চেষ্টা করতে পারো,1,0.39478556128693654
3 After Forming Government,3_after_forming_government,2787,তুমিও গিয়ে দৌড়াও,তুমিও গিয়ে দৌড়াও,3,0.7980835107534453
3 After Forming Government,3_after_forming_government,2788,ওরা দৌড়াবে না হাঁটবে তাতে তোর সমস্যা কেনো?,ওরা দৌড়াবে না হাঁটবে তাতে তোর সমস্যা কেনো,1,0.8853227881071885
3 After Forming Government,3_after_forming_government,2789,সারজিস ভাইয়ের শেখ মুজিবকে আব্বা ডাকাও আমাদের কষ্ট দেয়,সারজিস ভাইয়ের শেখ মুজিবকে আব্বা ডাকাও আমাদের কষ্ট দেয়,0,0.8824867220278177
3 After Forming Government,3_after_forming_government,2790,তুমিও গিয়ে দৌড়াও ভাই।তোমাকে ডাক দেয়নি তাই কষ্ট হয়।,তুমিও গিয়ে দৌড়াও ভাই তোমাকে ডাক দেয়নি তাই কষ্ট হয়,1,0.6045229890661902
3 After Forming Government,3_after_forming_government,2791,সে যদি এই সুযোগ পাইতো,সে যদি এই সুযোগ পাইতো,1,0.7323459537520031
3 After Forming Government,3_after_forming_government,2792,জ্বালা অন্তর জ্বালা,জ্বালা অন্তর জ্বালা,2,0.7999968165989229
3 After Forming Government,3_after_forming_government,2793,বিষয় টা ভাবতে হবে,বিষয় টা ভাবতে হবে,4,0.7317375833955431
3 After Forming Government,3_after_forming_government,2794,বাগবাটোরা কমে গেছে তাই অন্যের দৌড়ানি দেখে কষ্ট হয়,বাগবাটোরা কমে গেছে তাই অন্যের দৌড়ানি দেখে কষ্ট হয়,1,0.7329287281379754
3 After Forming Government,3_after_forming_government,2795,আগে সে ছাত্র লীগের পিছনে দৌড়াদৌড়ি করতো এখন সেই সুযোগ বিএনপি ছাত্র দল দিল তাকে।,আগে সে ছাত্র লীগের পিছনে দৌড়াদৌড়ি করতো এখন সেই সুযোগ বিএনপি ছাত্র দল দিল তাকে,1,0.8393188873087054
3 After Forming Government,3_after_forming_government,2796,তোমার গাড়ির পেছনে যখন দৌড়ায় তখন তুমি কষ্ট পাও না? হাস্যকর।,তোমার গাড়ির পেছনে যখন দৌড়ায় তখন তুমি কষ্ট পাও না হাস্যকর,1,0.8651106920104487
3 After Forming Government,3_after_forming_government,2797,যাক ছাত্রদল যে কষ্ট করছে তা মার্কেটিং করে দিল।,যাক ছাত্রদল যে কষ্ট করছে তা মার্কেটিং করে দিল,1,0.8661534740739406
3 After Forming Government,3_after_forming_government,2798,অন্তরে জ্বালা তোমার জ্বালা দেখে কাউরে কিছু যায় আসে না,অন্তরে জ্বালা তোমার জ্বালা দেখে কাউরে কিছু যায় আসে না,2,0.6239751528215306
3 After Forming Government,3_after_forming_government,2799,রাইট,রাইট,3,0.5999880878325048
3 After Forming Government,3_after_forming_government,2800,তোমার ও ইচ্ছে করে বুঝি,তোমার ও ইচ্ছে করে বুঝি,3,0.7320779327320945
3 After Forming Government,3_after_forming_government,2801,তোমার পেছনে দৌড়াবে?,তোমার পেছনে দৌড়াবে,1,0.7333309534963306
3 After Forming Government,3_after_forming_government,2802,"""মনে নাই বাটপার, আমার বঙ্গবন্ধু না কে বলে ছিল ?",মনে নাই বাটপার আমার বঙ্গবন্ধু না কে বলে ছিল,0,0.6868905873893151
3 After Forming Government,3_after_forming_government,2803,হাসিনার গাড়ীর পিছনে তোমাদের দৌঁড়ানো আমাদের আনন্দ দিতো।,হাসিনার গাড়ীর পিছনে তোমাদের দৌঁড়ানো আমাদের আনন্দ দিতো,1,0.6398222824124719
3 After Forming Government,3_after_forming_government,2804,তোর এতো কস্ট কেন রে ভাই।,তোর এতো কস্ট কেন রে ভাই,1,0.8391902385151815
3 After Forming Government,3_after_forming_government,2805,ইউনুস সরকার যাওয়ার পরে তোমাদের সবকিছুতে কষ্ট।,ইউনুস সরকার যাওয়ার পরে তোমাদের সবকিছুতে কষ্ট,1,0.5204450440868921
3 After Forming Government,3_after_forming_government,2806,আহারে এতো কষ্ট কেরে,আহারে এতো কষ্ট কেরে,1,0.799769857624424
3 After Forming Government,3_after_forming_government,2807,হাতে পাচ আঙ্গুল তাকে কোনটি দিলে শুনি,হাতে পাচ আঙ্গুল তাকে কোনটি দিলে শুনি,0,0.43853829884652934
3 After Forming Government,3_after_forming_government,2808,Bat 'par',bat par,0,0.2
3 After Forming Government,3_after_forming_government,2809,"""আহারে,,,নেত্রী আজ দেশে নাই বিদায় দৌড়াতে পারে না",আহারে নেত্রী আজ দেশে নাই বিদায় দৌড়াতে পারে না,1,0.5736942411010009
3 After Forming Government,3_after_forming_government,2810,চাটার জন্য বাঙালি সেরা।,চাটার জন্য বাঙালি সেরা,4,0.7969600340447435
3 After Forming Government,3_after_forming_government,2811,তোমারে কষ্ট দেয় কেন যে দৌড়ায় তার কোন কষ্ট হয় নাহ।,তোমারে কষ্ট দেয় কেন যে দৌড়ায় তার কোন কষ্ট হয় নাহ,1,0.5180731116490876
3 After Forming Government,3_after_forming_government,2812,কেন সোনা __??,কেন সোনা,0,0.5999944466583794
3 After Forming Government,3_after_forming_government,2813,তাতে তোর জ্বলে কেহেন ভাতিজা,তাতে তোর জ্বলে কেহেন ভাতিজা,1,0.8397330120048867
3 After Forming Government,3_after_forming_government,2814,তুমি কেন কষ্ট পাবে বুঝিনা,তুমি কেন কষ্ট পাবে বুঝিনা,1,0.7293361295578205
3 After Forming Government,3_after_forming_government,2815,আহাগো,আহাগো,0,0.2
3 After Forming Government,3_after_forming_government,2816,সাবেক ছাত্রলীগ নেতার মায়ের চেয়ে মাসির দরদ বেশি,সাবেক ছাত্রলীগ নেতার মায়ের চেয়ে মাসির দরদ বেশি,0,0.40878721774680354
3 After Forming Government,3_after_forming_government,2817,অটো পাশে আসছো বহুদূর,অটো পাশে আসছো বহুদূর,3,0.5978182236860559
3 After Forming Government,3_after_forming_government,2818,তুই মনে হয় তোর গুরেও বলস তোরে হেতে কষ্ট দে,তুই মনে হয় তোর গুরেও বলস তোরে হেতে কষ্ট দে,3,0.5098460573515506
3 After Forming Government,3_after_forming_government,2819,"""সবাই মিলে গড়ে তোলার চেষ্টা করুন ( united Bangladesh ) ইউনাইটেড বাংলাদেশ, এখনো কিন্তু সময় আছে এখনো কাদা ছোড়াছুড়ি শুরু হয় ন…",সবাই মিলে গড়ে তোলার চেষ্টা করুন united bangladesh ইউনাইটেড বাংলাদেশ এখনো কিন্তু সময় আছে এখনো কাদা ছোড়াছুড়ি শুরু হয় ন,2,0.44431136704068397
3 After Forming Government,3_after_forming_government,2820,"""আপনাকে কষ্ট দিচ্ছে কেন, তার উপর ছেড়ে ওটা!",আপনাকে কষ্ট দিচ্ছে কেন তার উপর ছেড়ে ওটা,0,0.8352087984694544
3 After Forming Government,3_after_forming_government,2821,আমি ও কষ্ট পেয়েছি MD Oliullah ভাই আপনি কষ্ট পাইছেন নাকি,আমি ও কষ্ট পেয়েছি md oliullah ভাই আপনি কষ্ট পাইছেন নাকি,1,0.884504356690533
3 After Forming Government,3_after_forming_government,2822,কারাও পিছনে না লাগাই ভালো,কারাও পিছনে না লাগাই ভালো,1,0.7265364754219114
3 After Forming Government,3_after_forming_government,2823,আরে এগুলা চাটাচাটি,আরে এগুলা চাটাচাটি,1,0.7308851712276533
3 After Forming Government,3_after_forming_government,2824,জ্বালারে জ্বালা অন্তরে জ্বালা,জ্বালারে জ্বালা অন্তরে জ্বালা,2,0.7980837912248773
3 After Forming Government,3_after_forming_government,2825,"""কেন জ্বলে নাকি রে?? প্রধানমন্ত্রী তারেক রহমান ছাত্রদলের সাংগঠনিক অভিবাবক, তো তার গাড়ির সাথে ছাত্রদলের কেন্দ্রীয় সভাপতি কেন শু…",কেন জ্বলে নাকি রে প্রধানমন্ত্রী তারেক রহমান ছাত্রদলের সাংগঠনিক অভিবাবক তো তার গাড়ির সাথে ছাত্রদলের কেন্দ্রীয় সভাপতি কেন শু,1,0.6197319084155022
3 After Forming Government,3_after_forming_government,2826,কথা সত্যি ভাই,কথা সত্যি ভাই,1,0.7313110459979506
3 After Forming Government,3_after_forming_government,2827,যে দৌরায় তার সমস্যা নেই আপনাদের এত চুলকানি কেন? যে দৌরায় তাকে দৌরাইতে দেন। সে তো এটাকে এনজয় করে।,যে দৌরায় তার সমস্যা নেই আপনাদের এত চুলকানি কেন যে দৌরায় তাকে দৌরাইতে দেন সে তো এটাকে এনজয় করে,0,0.8834485133438031
3 After Forming Government,3_after_forming_government,2828,সে দৌড়াবে না কি করবে তার ব্যক্তিগত ব্যাপার তোর কষ্ট লাগলে তাকে গিয়ে একটা গাড়ি কিনে দে,সে দৌড়াবে না কি করবে তার ব্যক্তিগত ব্যাপার তোর কষ্ট লাগলে তাকে গিয়ে একটা গাড়ি কিনে দে,1,0.7328984103809416
3 After Forming Government,3_after_forming_government,2829,"""চাচার হইছে বিপদ। এদিকে মানুষের মন পাচ্ছে না,ওই দিকে ১৫ বছরেও পাস করতে পারতেছে না,বিয়ে করতে গেলে আদু ভাই বলে তাড়িয়ে দেয়।",চাচার হইছে বিপদ এদিকে মানুষের মন পাচ্ছে না ওই দিকে বছরেও পাস করতে পারতেছে না বিয়ে করতে গেলে আদু ভাই বলে তাড়িয়ে দেয়,4,0.44041956122385756
3 After Forming Government,3_after_forming_government,2830,তুমি আইসা একটু দৌড়ইয়া রাকিবকে হেল্প কর।,তুমি আইসা একটু দৌড়ইয়া রাকিবকে হেল্প কর,1,0.7326271482966737
3 After Forming Government,3_after_forming_government,2831,সফিক দাদু জিতলে আমিও দৌড়াতাম,সফিক দাদু জিতলে আমিও দৌড়াতাম,1,0.5981813320216517
3 After Forming Government,3_after_forming_government,2832,তুই মাশা বড়ি খা ব্যাথা দুর হবে।,তুই মাশা বড়ি খা ব্যাথা দুর হবে,0,0.5495754668015351
3 After Forming Government,3_after_forming_government,2833,একটু চাটার জন্য দৌড়াদৌড়ি করে আরকি,একটু চাটার জন্য দৌড়াদৌড়ি করে আরকি,1,0.7993750372856027
3 After Forming Government,3_after_forming_government,2834,আমি আগে মনে করতাম আওয়ামী লীগের মধ্যে চামচার অভাব নাই! পরে দেখলাম পতিত স্বৈরাচারের পর এর চেয়ে হাজার গুন বেশি চামচা এই বিএনপিতে। আল্লাহ মাফ করুন।,আমি আগে মনে করতাম আওয়ামী লীগের মধ্যে চামচার অভাব নাই পরে দেখলাম পতিত স্বৈরাচারের পর এর চেয়ে হাজার গুন বেশি চামচা এই বিএনপিতে আল্লাহ মাফ করুন,1,0.4361459760068419
3 After Forming Government,3_after_forming_government,2835,SB Belal,sb belal,0,0.2
3 After Forming Government,3_after_forming_government,2836,রাইট।,রাইট,3,0.5999880878325048
3 After Forming Government,3_after_forming_government,2837,জমিদার এরের নাতি বলে কথা সার্ভিস আলম,জমিদার এরের নাতি বলে কথা সার্ভিস আলম,0,0.8392643968522013
3 After Forming Government,3_after_forming_government,2838,মানবিক মানুষ,মানবিক মানুষ,4,0.4002615546018243
3 After Forming Government,3_after_forming_government,2839,চাটাচাটিতে আদু রাকিব সেরা রে,চাটাচাটিতে আদু রাকিব সেরা রে,1,0.7956501077818496
3 After Forming Government,3_after_forming_government,2840,তুই ও দৌড়া তুরে কে মানা করছে...,তুই ও দৌড়া তুরে কে মানা করছে,0,0.7984259350181077
3 After Forming Government,3_after_forming_government,2841,Vai toder goyar modde eto jole keno,vai toder goyar modde eto jole keno,1,0.599989038284325
3 After Forming Government,3_after_forming_government,2842,এই জমিদারের নাতি কোথায় জ্বলে,এই জমিদারের নাতি কোথায় জ্বলে,0,0.5502096698736895
3 After Forming Government,3_after_forming_government,2843,এরা মুলত ছাত্র না চাটুকার।,এরা মুলত ছাত্র না চাটুকার,1,0.7310267709035277
3 After Forming Government,3_after_forming_government,2844,জ্বলে রে জ্বলে,জ্বলে রে জ্বলে,1,0.7333289415576505
3 After Forming Government,3_after_forming_government,2845,সত্যি অনেক হাসি পায়,সত্যি অনেক হাসি পায়,1,0.7980324281491227
3 After Forming Government,3_after_forming_government,2846,"""প্রধানমন্ত্রীর গাড়ির পিছনে নয় সে বিএনপির সভাপতির গাড়ির পিছনে দৌড়দেয় কারন এটা তাদের আবেগ ভালোবাসার যায়গয়, এরা বিগত ে ম্যাডা…",প্রধানমন্ত্রীর গাড়ির পিছনে নয় সে বিএনপির সভাপতির গাড়ির পিছনে দৌড়দেয় কারন এটা তাদের আবেগ ভালোবাসার যায়গয় এরা বিগত ে ম্যাডা,1,0.9419846550731569
3 After Forming Government,3_after_forming_government,2847,কেন রে জমিদারের নাতি তুই একটু সুযোগ চাস নাকি,কেন রে জমিদারের নাতি তুই একটু সুযোগ চাস নাকি,0,0.46197664811459477
3 After Forming Government,3_after_forming_government,2848,সাদ্দামের এক কলে ২০০ বার আব্বা বলা সারভিজ মলম রাকিব ভাইকে নিয়া সমালোচনা করে হাই খালিদ,সাদ্দামের এক কলে বার আব্বা বলা সারভিজ মলম রাকিব ভাইকে নিয়া সমালোচনা করে হাই খালিদ,0,0.8973507117060237
3 After Forming Government,3_after_forming_government,2849,ছাত্রদলের সভাপতি সাধারণ সম্পাদক সহ সুপার ফাইভের সদস্যরা দলের চেয়ারম্যানের নিরাপত্তার ভ্যানগার্ড হিসেবে গাড়িবহরে থাকবে সেটাই …,ছাত্রদলের সভাপতি সাধারণ সম্পাদক সহ সুপার ফাইভের সদস্যরা দলের চেয়ারম্যানের নিরাপত্তার ভ্যানগার্ড হিসেবে গাড়িবহরে থাকবে সেটাই,3,0.9079957024692191
3 After Forming Government,3_after_forming_government,2850,আমাকেও,আমাকেও,0,0.5999889308402796
3 After Forming Government,3_after_forming_government,2851,মায়াকান্না,মায়াকান্না,0,0.2
3 After Forming Government,3_after_forming_government,2852,নেতা দয়াকরে যদি তার চাদমুখ খানা একটু দেখতেন,নেতা দয়াকরে যদি তার চাদমুখ খানা একটু দেখতেন,3,0.7298848470104184
3 After Forming Government,3_after_forming_government,2853,দুঃখের বিষয় তুমি তো প্রধানমন্ত্রীর গাড়ির পিছনে দৌড়াতে পারলাম না আমি কষ্ট পেলাম,দুঃখের বিষয় তুমি তো প্রধানমন্ত্রীর গাড়ির পিছনে দৌড়াতে পারলাম না আমি কষ্ট পেলাম,1,0.8995532773584244
3 After Forming Government,3_after_forming_government,2854,চাটুকারিতা রক্তে তো কি করবে।,চাটুকারিতা রক্তে তো কি করবে,1,0.5999801850303924
3 After Forming Government,3_after_forming_government,2855,জ্বালা আহ জ্বালা,জ্বালা আহ জ্বালা,2,0.5504173335946888
3 After Forming Government,3_after_forming_government,2856,"""নিজের সম্মান কেউ নিজে ধরে রাখতে না পারলে, কার কি দোষ! চাটুকারিতা থেকে আমরা কবে বের হতে পারব, কে জানে?",নিজের সম্মান কেউ নিজে ধরে রাখতে না পারলে কার কি দোষ চাটুকারিতা থেকে আমরা কবে বের হতে পারব কে জানে,1,0.2634859381443952
3 After Forming Government,3_after_forming_government,2857,একটা গাড়ি কিনে দিতেই পারেন অনেক টাকা ইনকাম ত করেছেন,একটা গাড়ি কিনে দিতেই পারেন অনেক টাকা ইনকাম ত করেছেন,3,0.45684561870920737
3 After Forming Government,3_after_forming_government,2858,কুকুর তার মালিকের পিছনে দৌড়াবে এটাই স্বাভাবিক।,কুকুর তার মালিকের পিছনে দৌড়াবে এটাই স্বাভাবিক,1,0.8831570091667543
3 After Forming Government,3_after_forming_government,2859,একে আইনের আওতায় আনা হোক,একে আইনের আওতায় আনা হোক,2,0.7001634907653945
3 After Forming Government,3_after_forming_government,2860,আসলেই!রাকিব ভাইকে এভাবে দেখে হাসি নয় কষ্ট লাগলো।,আসলেই রাকিব ভাইকে এভাবে দেখে হাসি নয় কষ্ট লাগলো,1,0.5048192905978255
3 After Forming Government,3_after_forming_government,2861,আহারে কি কষ্ট,আহারে কি কষ্ট,1,0.7331886420218588
3 After Forming Government,3_after_forming_government,2862,সিষ্টেম কখনোই বদলাবে না,সিষ্টেম কখনোই বদলাবে না,3,0.5993031486871759
3 After Forming Government,3_after_forming_government,2863,আহারে যারা নারী নেতৃত্ব কে শেষ করতে মরিয়া হয়ে উঠেছেছিলো তাদের মুখে এগুলো মানায় না,আহারে যারা নারী নেতৃত্ব কে শেষ করতে মরিয়া হয়ে উঠেছেছিলো তাদের মুখে এগুলো মানায় না,4,0.46871798643960594
3 After Forming Government,3_after_forming_government,2864,ভাইছা আন্নেরা কার পেছনে ছিলেন,ভাইছা আন্নেরা কার পেছনে ছিলেন,0,0.5490877054390916
3 After Forming Government,3_after_forming_government,2865,তুইও দৌড়া তাহলে কষ্ট ভুলে খুশি খুশি লাগবে,তুইও দৌড়া তাহলে কষ্ট ভুলে খুশি খুশি লাগবে,0,0.90839656887305
3 After Forming Government,3_after_forming_government,2866,আগে যেমন আমার বঙ্গবন্ধু বলে কান্না করতি এখন আমার প্রধানমন্ত্রী বলে তেমন শুরু কর,আগে যেমন আমার বঙ্গবন্ধু বলে কান্না করতি এখন আমার প্রধানমন্ত্রী বলে তেমন শুরু কর,0,0.807764225899001
3 After Forming Government,3_after_forming_government,2867,একটা দলের সূতিকাগার ছাত্র কমিটি। যা থেকে উৎপাদন হবে দলের ভবিষ্যৎ প্রজন্ম! এই দলের প্রেসিডেন্টকে দলের শীর্ষ নেতার অবমূল্যায়ন সত…,একটা দলের সূতিকাগার ছাত্র কমিটি যা থেকে উৎপাদন হবে দলের ভবিষ্যৎ প্রজন্ম এই দলের প্রেসিডেন্টকে দলের শীর্ষ নেতার অবমূল্যায়ন সত,3,0.78195565338102
3 After Forming Government,3_after_forming_government,2868,"""অ্যায়ও তো বিনোদনের বস্তু হয়ে যাচ্ছে ে ে,,,,",অ্যায়ও তো বিনোদনের বস্তু হয়ে যাচ্ছে ে ে,0,0.7294950351769597
3 After Forming Government,3_after_forming_government,2869,এই দৌড়টা কত যুবকের স্বপ্ন,এই দৌড়টা কত যুবকের স্বপ্ন,4,0.3998728640182811
3 After Forming Government,3_after_forming_government,2870,যুবদল নেতা,যুবদল নেতা,3,0.5999986272590472
3 After Forming Government,3_after_forming_government,2871,কষ্ট ফেলে বলতে হয় না!,কষ্ট ফেলে বলতে হয় না,2,0.5090267070315201
3 After Forming Government,3_after_forming_government,2872,রাইট,রাইট,3,0.5999880878325048
3 After Forming Government,3_after_forming_government,2873,কিন্তু তুই যে একসময় সিংগারার প্লেট আর চায়ের কাপ টানতি? মনে নাই?,কিন্তু তুই যে একসময় সিংগারার প্লেট আর চায়ের কাপ টানতি মনে নাই,0,0.5604964007480794
3 After Forming Government,3_after_forming_government,2874,আস্তাগফিরুল্লাহ,আস্তাগফিরুল্লাহ,0,0.2
3 After Forming Government,3_after_forming_government,2875,বিতর্ক ছাড়া এই দেশ কি কখনো শান্তি আসবে ?,বিতর্ক ছাড়া এই দেশ কি কখনো শান্তি আসবে,4,0.8649726589535328
3 After Forming Government,3_after_forming_government,2876,কিন্তু কেনোরে ভাই ??,কিন্তু কেনোরে ভাই,1,0.5925043542158451
3 After Forming Government,3_after_forming_government,2877,আদু ভাই দৌড়াতে পেরে খুশি,আদু ভাই দৌড়াতে পেরে খুশি,1,0.8388016460645821
3 After Forming Government,3_after_forming_government,2878,বুঝেন না তারা একটু দৌড়াইয়া মার্কেট খুঁজে যোগ্যতা নাই কি করবে,বুঝেন না তারা একটু দৌড়াইয়া মার্কেট খুঁজে যোগ্যতা নাই কি করবে,3,0.795644656734297
3 After Forming Government,3_after_forming_government,2879,না দৌডালে পদ থাকবে?,না দৌডালে পদ থাকবে,3,0.5985637336142714
3 After Forming Government,3_after_forming_government,2880,Wow,wow,0,0.2
3 After Forming Government,3_after_forming_government,2881,দুষ্ট পোলা এইভাবে বলে না মুরুব্বি রাকিব ভাই বলে কথা,দুষ্ট পোলা এইভাবে বলে না মুরুব্বি রাকিব ভাই বলে কথা,0,0.8642835720497966
3 After Forming Government,3_after_forming_government,2882,ছাত্রলীগের এজেন্ট যখন বাইটে পরে জুলাই এজেন্ট হয়ে যায় আমাদেরও হাঁসি পায়,ছাত্রলীগের এজেন্ট যখন বাইটে পরে জুলাই এজেন্ট হয়ে যায় আমাদেরও হাঁসি পায়,3,0.9101914305747919
3 After Forming Government,3_after_forming_government,2884,"""ঐ লোকটা একটা সেক্টরের কমান্টার তাই ভাল দৌড়াতে পারে, পায়ের তলায় বসে ছাটতেও পারে",ঐ লোকটা একটা সেক্টরের কমান্টার তাই ভাল দৌড়াতে পারে পায়ের তলায় বসে ছাটতেও পারে,1,0.8394275131089284
3 After Forming Government,3_after_forming_government,2885,tight,tight,0,0.2
3 After Forming Government,3_after_forming_government,2886,আহারে ক্ষণিকের ছেলেরে,আহারে ক্ষণিকের ছেলেরে,1,0.5999963433274814
3 After Forming Government,3_after_forming_government,2887,জ্বলে নাকি ?,জ্বলে নাকি,1,0.7333306595775217
3 After Forming Government,3_after_forming_government,2888,"""আবার ঐ আদু ভাইদের জন্য,এই পোস্টে অনেকে হা হা দেয়",আবার ঐ আদু ভাইদের জন্য এই পোস্টে অনেকে হা হা দেয়,1,0.5279153446209142
3 After Forming Government,3_after_forming_government,2889,উনার ব্যাক্তিত্ব নেই।,উনার ব্যাক্তিত্ব নেই,2,0.5979677672320365
3 After Forming Government,3_after_forming_government,2890,চাটার জোস আসলে দৌড় এমনি চলে আসে।,চাটার জোস আসলে দৌড় এমনি চলে আসে,2,0.883313130831746
3 After Forming Government,3_after_forming_government,2891,কষ্ট নিয়েন না সামনে আরো কষ্ট ভোগ করতে হবে,কষ্ট নিয়েন না সামনে আরো কষ্ট ভোগ করতে হবে,1,0.8990027543961214
3 After Forming Government,3_after_forming_government,2892,ছাত্রদলের সভাপতির পরিবর্তে তাকে দৌড়ানোর দায়িত্ব দেওয়া হোক।,ছাত্রদলের সভাপতির পরিবর্তে তাকে দৌড়ানোর দায়িত্ব দেওয়া হোক,0,0.50018528741912
3 After Forming Government,3_after_forming_government,2893,"""এটা লজ্জার কি আছে, এটা অলিম্পিক দৌড় প্রতিযোগিতা ছিলো",এটা লজ্জার কি আছে এটা অলিম্পিক দৌড় প্রতিযোগিতা ছিলো,1,0.7320630651650216
3 After Forming Government,3_after_forming_government,2894,তুমি ছাদ্দামের পিছে দৌড়াইতা,তুমি ছাদ্দামের পিছে দৌড়াইতা,1,0.5999914149712811
3 After Forming Government,3_after_forming_government,2895,"""থাক ছোট ভাই মন খারাপ করিস না,,,, তুই আমার বিএমডব্লিউ গাড়ীর সাথে এসে দৌড়াইস,,,,,",থাক ছোট ভাই মন খারাপ করিস না তুই আমার বিএমডব্লিউ গাড়ীর সাথে এসে দৌড়াইস,2,0.46377973728750815
3 After Forming Government,3_after_forming_government,2896,এই ছেলেটি কে?,এই ছেলেটি কে,0,0.2
3 After Forming Government,3_after_forming_government,2897,Salman Kabir Arif Rahman Md. Tajul Islam …,salman kabir arif rahman md tajul islam,4,0.7997608683072801
3 After Forming Government,3_after_forming_government,2898,আরো অনেক কিছুতে কষ্ট দিবে,আরো অনেক কিছুতে কষ্ট দিবে,1,0.792703401927926
3 After Forming Government,3_after_forming_government,2899,তুই ও দৌঁড়া......,তুই ও দৌঁড়া,0,0.5984336677174024
3 After Forming Government,3_after_forming_government,2900,লুঙ্গি থেকে পায়জামা আর পালাবি কোথায়,লুঙ্গি থেকে পায়জামা আর পালাবি কোথায়,0,0.2
3 After Forming Government,3_after_forming_government,2901,আর কিছুতে কষ্ট হয়না,আর কিছুতে কষ্ট হয়না,1,0.5994936981760306
3 After Forming Government,3_after_forming_government,2902,মাওলানা সারজিত বলে কি,মাওলানা সারজিত বলে কি,0,0.59475088793787
3 After Forming Government,3_after_forming_government,2903,তয় কি তোর পিছের দৌঁড়াবে?,তয় কি তোর পিছের দৌঁড়াবে,1,0.5979351485045068
3 After Forming Government,3_after_forming_government,2904,পাগলীর কথা,পাগলীর কথা,0,0.2
3 After Forming Government,3_after_forming_government,2905,আগের নাই রে নাতি জুলাই বেইচা ভাত খাইতি।।।,আগের নাই রে নাতি জুলাই বেইচা ভাত খাইতি,0,0.8656506564230053
3 After Forming Government,3_after_forming_government,2906,জুলাইয়ের সবচাইতে বড় গাদ্দার।,জুলাইয়ের সবচাইতে বড় গাদ্দার,0,0.5319579477760725
3 After Forming Government,3_after_forming_government,2907,আহারে মা থেকে মাসির দরদ বেশি,আহারে মা থেকে মাসির দরদ বেশি,0,0.5333106507067062
3 After Forming Government,3_after_forming_government,2908,তোর কষ্ট লাগলেও কি না লাগলেও কি?,তোর কষ্ট লাগলেও কি না লাগলেও কি,1,0.8398005488174222
3 After Forming Government,3_after_forming_government,2909,আদুভাই রাকিব আর নয়নের দৌড় দেখলে মজাই লাগে,আদুভাই রাকিব আর নয়নের দৌড় দেখলে মজাই লাগে,1,0.8396208769618714
3 After Forming Government,3_after_forming_government,2910,"""Desh Bandhuuu, Tookai",desh bandhuuu tookai,1,0.5999731264144199
3 After Forming Government,3_after_forming_government,2911,সহমত,সহমত,2,0.599995639641663
3 After Forming Government,3_after_forming_government,2912,ভাই যারা চামচামি করাকে রাজনীতি মনে করে এসব বুঝবে না। বুঝলে কি আর বিএনপি করতো,ভাই যারা চামচামি করাকে রাজনীতি মনে করে এসব বুঝবে না বুঝলে কি আর বিএনপি করতো,4,0.8984817085454913
3 After Forming Government,3_after_forming_government,2913,চাটার দল ভাই ওরা,চাটার দল ভাই ওরা,1,0.8384948757863191
3 After Forming Government,3_after_forming_government,2914,কত কষ্ট তোমার,কত কষ্ট তোমার,1,0.730647922829718
3 After Forming Government,3_after_forming_government,2915,এতে আপনার কি সমস্যা? যে দৌড়ায় হলে তার সমস্যা হবে আপনি না দৌড়াইয়া আজাইরা ক্লান্ত হউন কেন??,এতে আপনার কি সমস্যা যে দৌড়ায় হলে তার সমস্যা হবে আপনি না দৌড়াইয়া আজাইরা ক্লান্ত হউন কেন,1,0.8656731599998786
3 After Forming Government,3_after_forming_government,2916,মাংস নিয়ে যাচ্ছিল এজন্য পিছন পিছন দৌড়াচ্ছিল,মাংস নিয়ে যাচ্ছিল এজন্য পিছন পিছন দৌড়াচ্ছিল,3,0.8366571220684301
3 After Forming Government,3_after_forming_government,2917,কেনো??,কেনো,1,0.5999940417006036
3 After Forming Government,3_after_forming_government,2918,আমারও খারাপ লেগেছে। তারা তো তারেক কে ক্ষমতায় বসানোর জন্য লড়াই করেছে। তবে তারা কেন আজ এভাবে ফকিরের মত পিছু দৌড়াবে?,আমারও খারাপ লেগেছে তারা তো তারেক কে ক্ষমতায় বসানোর জন্য লড়াই করেছে তবে তারা কেন আজ এভাবে ফকিরের মত পিছু দৌড়াবে,1,0.6851226786273669
3 After Forming Government,3_after_forming_government,2919,thik vai,thik vai,0,0.400111000343097
3 After Forming Government,3_after_forming_government,2920,তোমার পিছনে কি কুত্তা দৌড়ায় ভাইয়া,তোমার পিছনে কি কুত্তা দৌড়ায় ভাইয়া,1,0.7992767651615282
3 After Forming Government,3_after_forming_government,2921,গুপ্ত হয়ে তুই দৌরাতে পারলে ভালো লাগতো তুর!!,গুপ্ত হয়ে তুই দৌরাতে পারলে ভালো লাগতো তুর,4,0.6234434625290719
3 After Forming Government,3_after_forming_government,2922,প্লিজ সারজিস ভাই এইভাবে শরম দিও না,প্লিজ সারজিস ভাই এইভাবে শরম দিও না,2,0.7962381742248837
3 After Forming Government,3_after_forming_government,2923,তোমার সমস্যা কি? তার দলের নেতার জন্য তারা করলে?,তোমার সমস্যা কি তার দলের নেতার জন্য তারা করলে,4,0.47522765501145803
3 After Forming Government,3_after_forming_government,2924,তোমার এতে কি সমস্যা সারজিস!?!,তোমার এতে কি সমস্যা সারজিস,1,0.798692651037248
3 After Forming Government,3_after_forming_government,2925,"""একে বলে, পরস্রি কাতর,,,",একে বলে পরস্রি কাতর,0,0.7319076100065165
3 After Forming Government,3_after_forming_government,2926,তুমি যখন দৌড়াবা কুল কিনারা পাবে না,তুমি যখন দৌড়াবা কুল কিনারা পাবে না,4,0.5987332701023507
3 After Forming Government,3_after_forming_government,2927,টাউট,টাউট,0,0.2
3 After Forming Government,3_after_forming_government,2928,প্রধানমন্ত্রীর গাড়ির পেছনে ছাত্রদল সভাপতি দৌড়াবে না তো আপনি দৌড়াবেন।,প্রধানমন্ত্রীর গাড়ির পেছনে ছাত্রদল সভাপতি দৌড়াবে না তো আপনি দৌড়াবেন,1,0.8855664663238884
3 After Forming Government,3_after_forming_government,2929,তুমি সাদ্দামের পিছনে ঘুরঘুর করতে করতে রাত এক করে ফেলতা আর সে প্রধানমন্ত্রীর পিছনে গেলেই সমস্যা..?,তুমি সাদ্দামের পিছনে ঘুরঘুর করতে করতে রাত এক করে ফেলতা আর সে প্রধানমন্ত্রীর পিছনে গেলেই সমস্যা,1,0.910871401913556
3 After Forming Government,3_after_forming_government,2930,"""এইটা সত্যি, আমিও এই জিনিসটা দেইখা কষ্ট পাইছি",এইটা সত্যি আমিও এই জিনিসটা দেইখা কষ্ট পাইছি,1,0.8395205492733658
3 After Forming Government,3_after_forming_government,2931,শেখ মুজিবুর রহমান কে যখন আব্বা ডাকলা তখন আমাদের ও অনেক কষ্ট দিছে।,শেখ মুজিবুর রহমান কে যখন আব্বা ডাকলা তখন আমাদের ও অনেক কষ্ট দিছে,0,0.5618133453089781
3 After Forming Government,3_after_forming_government,2932,এবার তুই দৌড়াইশ,এবার তুই দৌড়াইশ,0,0.3991190427045665
3 After Forming Government,3_after_forming_government,2933,কেনো দাদা,কেনো দাদা,1,0.4004126264921329
3 After Forming Government,3_after_forming_government,2934,Tui ja taila,tui ja taila,0,0.5999866039747193
3 After Forming Government,3_after_forming_government,2935,প্রধানমন্ত্রীর দৌড়াবে না তোর পিছনে দৌড়াবে।,প্রধানমন্ত্রীর দৌড়াবে না তোর পিছনে দৌড়াবে,1,0.8664313351971036
3 After Forming Government,3_after_forming_government,2936,কষ্ট তো হবেই -----? তোমার ইচ্ছা ছিল জামাত ক্ষমতায় যাবে …,কষ্ট তো হবেই তোমার ইচ্ছা ছিল জামাত ক্ষমতায় যাবে,1,0.8851851927139328
3 After Forming Government,3_after_forming_government,2937,Tui pate k tar,tui pate k tar,0,0.40040825783538847
3 After Forming Government,3_after_forming_government,2938,"""ছাত্রদল ভাইয়েরা তোমরা দৌড়াদৌড়ি, হুড়োহুড়ি, ঠেলাঠেলি কইরো না।তারে একটু সুযোগ করে দেও। আহারে বেচারা!",ছাত্রদল ভাইয়েরা তোমরা দৌড়াদৌড়ি হুড়োহুড়ি ঠেলাঠেলি কইরো না তারে একটু সুযোগ করে দেও আহারে বেচারা,1,0.8853772549265185
3 After Forming Government,3_after_forming_government,2939,ওনারও দৌড়াতে মন চায়,ওনারও দৌড়াতে মন চায়,3,0.7975892378027378
3 After Forming Government,3_after_forming_government,2940,"""কারণ, সবাইতো জুলাইবিক্রেতা না। জুলাইবিক্রির চেয়ে প্রয়োজনে ৩০ প্রধানমন্ত্রীর গাড়ির পেছনে দৌড়ানো বেটার।",কারণ সবাইতো জুলাইবিক্রেতা না জুলাইবিক্রির চেয়ে প্রয়োজনে প্রধানমন্ত্রীর গাড়ির পেছনে দৌড়ানো বেটার,1,0.8850088763609749
3 After Forming Government,3_after_forming_government,2941,যদি তোর কষ্ট হয় তাড়াতাড়ি সুইসাইড কর,যদি তোর কষ্ট হয় তাড়াতাড়ি সুইসাইড কর,1,0.8397179269553462
3 After Forming Government,3_after_forming_government,2942,"""কষ্ট তো লাগবেই, তুমি যে এমপিই হতে পারোনাই।",কষ্ট তো লাগবেই তুমি যে এমপিই হতে পারোনাই,1,0.7302353434701758
3 After Forming Government,3_after_forming_government,2943,এই কষ্ট কষ্ট না আরো কষ্ট আছে,এই কষ্ট কষ্ট না আরো কষ্ট আছে,1,0.8397198931605109
3 After Forming Government,3_after_forming_government,2944,আহহ সোনা গো আমার খুব কষ্ট হচ্ছে না বলো,আহহ সোনা গো আমার খুব কষ্ট হচ্ছে না বলো,0,0.794491821109226
3 After Forming Government,3_after_forming_government,2945,রাকিব ভাইকে এবার একটা বড় পদ দেওয়া হোক সে অনেক কষ্ট করেছে।,রাকিব ভাইকে এবার একটা বড় পদ দেওয়া হোক সে অনেক কষ্ট করেছে,1,0.43633938803676003
3 After Forming Government,3_after_forming_government,2946,"""উনি একজন সেক্টর কমান্ডার,,, দৌঁড়ানোর ট্রেনিং আছে উনার",উনি একজন সেক্টর কমান্ডার দৌঁড়ানোর ট্রেনিং আছে উনার,2,0.7327609500863077
3 After Forming Government,3_after_forming_government,2947,মাসীর দরদ।,মাসীর দরদ,0,0.5999955922766007
3 After Forming Government,3_after_forming_government,2948,তোর দৌড়াইতে মনে চাইলে তুইও দৌড়া,তোর দৌড়াইতে মনে চাইলে তুইও দৌড়া,3,0.8822087378424776
3 After Forming Government,3_after_forming_government,2949,আপনার পিছনে অনেকে দৌড়ায়,আপনার পিছনে অনেকে দৌড়ায়,1,0.7998173327929988
3 After Forming Government,3_after_forming_government,2950,তোমার মুখে জয় বাংলা স্লোগান আমার হাসি পায়,তোমার মুখে জয় বাংলা স্লোগান আমার হাসি পায়,0,0.5586662112739277
3 After Forming Government,3_after_forming_government,2951,এখনো গুপ্ত থাকলে রাকিব ভাইয়ের লগে দৌড়াইতাম,এখনো গুপ্ত থাকলে রাকিব ভাইয়ের লগে দৌড়াইতাম,4,0.4256527336305496
3 After Forming Government,3_after_forming_government,2952,এটা আমার কাছেও দৃষ্টিকটু মনে হয়,এটা আমার কাছেও দৃষ্টিকটু মনে হয়,1,0.5987528538791075
3 After Forming Government,3_after_forming_government,2953,এই আবেগ এই ভালোবাসার মানে তুই কি বুঝবি হালা দু'আছলা,এই আবেগ এই ভালোবাসার মানে তুই কি বুঝবি হালা দু আছলা,4,0.6383386961545011
3 After Forming Government,3_after_forming_government,2954,আহারে কষ্ট,আহারে কষ্ট,1,0.7331886420218588
3 After Forming Government,3_after_forming_government,2955,তোমার তো হিংসা হয় তুমি তার যোগ্য নও,তোমার তো হিংসা হয় তুমি তার যোগ্য নও,4,0.40018565829578756
3 After Forming Government,3_after_forming_government,2956,আমাদেরও কষ্ট হয় যখন দেখি তোমাদের ভোটে তুমি হেরে গেছো,আমাদেরও কষ্ট হয় যখন দেখি তোমাদের ভোটে তুমি হেরে গেছো,1,0.599602443310536
3 After Forming Government,3_after_forming_government,2957,আগে সাদ্দাম এর গাড়ির পেছনে তুমিও দৌড়াইতা ভাতিজা।,আগে সাদ্দাম এর গাড়ির পেছনে তুমিও দৌড়াইতা ভাতিজা,1,0.61855235667889
3 After Forming Government,3_after_forming_government,2958,আপনার পেছনে যখন কেউ দউরায়,আপনার পেছনে যখন কেউ দউরায়,1,0.5999952401579974
3 After Forming Government,3_after_forming_government,2959,দৌড়াচ্ছে ছাত্রদলের সভাপতি কষ্ট আপনার হচ্ছে আহারে দরদ।,দৌড়াচ্ছে ছাত্রদলের সভাপতি কষ্ট আপনার হচ্ছে আহারে দরদ,1,0.7189949024590401
3 After Forming Government,3_after_forming_government,2960,আসলেই কষ্টের দুঃখজনক,আসলেই কষ্টের দুঃখজনক,1,0.3996476046182895
3 After Forming Government,3_after_forming_government,2961,"""ছোট্ট সোনা তোমার বয়স কম, তুমি হয়তো বুঝনা",ছোট্ট সোনা তোমার বয়স কম তুমি হয়তো বুঝনা,3,0.5496741724000962
3 After Forming Government,3_after_forming_government,2962,"""খান,,,র ছেলে তোর সমস্যা কি",খান র ছেলে তোর সমস্যা কি,1,0.8392398886326675
3 After Forming Government,3_after_forming_government,2963,সে প্রতিযোগিতায় অংশ গ্রহন করবে তাই আগে থেকে দৌড়ানো প্রস্তুতি নিচ্ছে,সে প্রতিযোগিতায় অংশ গ্রহন করবে তাই আগে থেকে দৌড়ানো প্রস্তুতি নিচ্ছে,1,0.6913487807647577
3 After Forming Government,3_after_forming_government,2964,নিজের বেলায় নাই তো তাই কষ্ট লাগে,নিজের বেলায় নাই তো তাই কষ্ট লাগে,1,0.5174357398093359
3 After Forming Government,3_after_forming_government,2965,সে তোমাদের লোক নাকি?? গুপ্ত???,সে তোমাদের লোক নাকি গুপ্ত,1,0.8648709865737305
3 After Forming Government,3_after_forming_government,2966,মনে কষ্ট পাওয়াই স্বাভাবিক।,মনে কষ্ট পাওয়াই স্বাভাবিক,1,0.7997659808438282
3 After Forming Government,3_after_forming_government,2967,নিজে দৌড়াইতে না পারলে অন্যেরটা দেখে তো কষ্ট লাগাটাই স্বাভাবিক।,নিজে দৌড়াইতে না পারলে অন্যেরটা দেখে তো কষ্ট লাগাটাই স্বাভাবিক,1,0.53556456573239
3 After Forming Government,3_after_forming_government,2968,"""আহারে খুব জালা,,,১৭bochor Chatro lig er lungir nice douraiso tokhon mone chilo na?",আহারে খুব জালা bochor chatro lig er lungir nice douraiso tokhon mone chilo na,2,0.5991358973636055
3 After Forming Government,3_after_forming_government,2969,তোর কষ্ট লাগে কেন? তোর আম্মার পিছনে দৌড়ালে মনে হয় ভালো হতো,তোর কষ্ট লাগে কেন তোর আম্মার পিছনে দৌড়ালে মনে হয় ভালো হতো,1,0.910539945579516
3 After Forming Government,3_after_forming_government,2970,এটা সত্যিই খারাপ লাগার বিষয় যে নেতাকর্মীরা এতো এতো পরিশ্রম করেছে তাদের এসব মানায় না,এটা সত্যিই খারাপ লাগার বিষয় যে নেতাকর্মীরা এতো এতো পরিশ্রম করেছে তাদের এসব মানায় না,4,0.5250894974990586
3 After Forming Government,3_after_forming_government,2971,তোমার আগের আমার এই আমার সেই বলে গলা ফাটিয়ে চিৎকার করে বলা টা ও তো আমাদের লুঙ্গির নিচের কথা মনে করিয়ে দেয়,তোমার আগের আমার এই আমার সেই বলে গলা ফাটিয়ে চিৎকার করে বলা টা ও তো আমাদের লুঙ্গির নিচের কথা মনে করিয়ে দেয়,3,0.3779805844790391
3 After Forming Government,3_after_forming_government,2972,আমার কস্ট লাগে,আমার কস্ট লাগে,1,0.7333268921524192
3 After Forming Government,3_after_forming_government,2973,ওসব চাটা পার্টি,ওসব চাটা পার্টি,3,0.7322137194930474
3 After Forming Government,3_after_forming_government,2974,এরা রীতিমত অপমান করে এগুলো প্রকাশে এনে..,এরা রীতিমত অপমান করে এগুলো প্রকাশে এনে,0,0.8380516298593398
3 After Forming Government,3_after_forming_government,2975,ওরে তেল,ওরে তেল,1,0.7312256766176803
3 After Forming Government,3_after_forming_government,2976,তোমার দরদ দেখাতে হবে না তুমি ঘুমাও।,তোমার দরদ দেখাতে হবে না তুমি ঘুমাও,0,0.4000606902315511
3 After Forming Government,3_after_forming_government,2977,বেডা তুই ও একসময় দৌড়াতি ভুলে গেছিস,বেডা তুই ও একসময় দৌড়াতি ভুলে গেছিস,0,0.8394887861990984
3 After Forming Government,3_after_forming_government,2978,কোনো কাজ কর্ম নাই শুধু অবান্তর কথা কাহিনী করে মিডিয়া গুলো কেনো এর কথা শুনতে যায় সে কে কি সে এতো তার নিউজ করতে হবে,কোনো কাজ কর্ম নাই শুধু অবান্তর কথা কাহিনী করে মিডিয়া গুলো কেনো এর কথা শুনতে যায় সে কে কি সে এতো তার নিউজ করতে হবে,1,0.6786912615642582
3 After Forming Government,3_after_forming_government,2979,তাতে তোর কি? সে তোদের মতো বেয়াদব না। এটা তার নেতার প্রতি শ্রদ্ধা।,তাতে তোর কি সে তোদের মতো বেয়াদব না এটা তার নেতার প্রতি শ্রদ্ধা,1,0.8993587878019533
3 After Forming Government,3_after_forming_government,2980,হিরো আলমকে ছাড়িয়ে সেফুদার কাতারে চলে যাচ্ছে আমাদের জমিদার এর নাতি।,হিরো আলমকে ছাড়িয়ে সেফুদার কাতারে চলে যাচ্ছে আমাদের জমিদার এর নাতি,0,0.865938611429986
3 After Forming Government,3_after_forming_government,2981,বাদ দেন ভাই যে যেমনে শান্তি আদায় করে নিতে পারে,বাদ দেন ভাই যে যেমনে শান্তি আদায় করে নিতে পারে,4,0.8844454585641088
3 After Forming Government,3_after_forming_government,2982,"""আমাকে ও কষ্ট দেয়, ১৭বছর তুই কার গাড়ির পেছনে দৌড়ায়ছিলী,…",আমাকে ও কষ্ট দেয় বছর তুই কার গাড়ির পেছনে দৌড়ায়ছিলী,0,0.47845042686456507
3 After Forming Government,3_after_forming_government,2983,যে দৌড়াচ্ছে তার কোন সমস্যা নেই মাথাব্যথা নেই কিন্তু সাবেক ছাত্রলীগের চামচার কিসের সমস্যা,যে দৌড়াচ্ছে তার কোন সমস্যা নেই মাথাব্যথা নেই কিন্তু সাবেক ছাত্রলীগের চামচার কিসের সমস্যা,1,0.5027154034277577
3 After Forming Government,3_after_forming_government,2984,রাজাকার দুই প্রকার: ৭১ সালের ৯ মাসের পাকিস্তানি রাজাকার আর ৭১ পরবর্তী ৫৫ বছরের ভারতীয় দালাল রাজাকার! কারা দেশের জন্য বেশী ক্ষতিকর?,রাজাকার দুই প্রকার সালের মাসের পাকিস্তানি রাজাকার আর পরবর্তী বছরের ভারতীয় দালাল রাজাকার কারা দেশের জন্য বেশী ক্ষতিকর,0,0.8050180181557072
3 After Forming Government,3_after_forming_government,2985,এখন কি.? বলতে চাও.! প্রধানমন্ত্রী ছাত্র দলের সভাপতির পিছে দৌড়াবে।,এখন কি বলতে চাও প্রধানমন্ত্রী ছাত্র দলের সভাপতির পিছে দৌড়াবে,1,0.5773889095155493
3 After Forming Government,3_after_forming_government,2986,"""ছাত্রদল তাদের নেতার গাড়ির পিছনে দৌড়াবে নাকি সামনে দৌড়াবে নাকি হেঁটে যাবে সেটা তাদের ব্যাপার তোর কষ্টের কারনতো বুঝলাম না,,নাকি তোদের জ্বলছে?",ছাত্রদল তাদের নেতার গাড়ির পিছনে দৌড়াবে নাকি সামনে দৌড়াবে নাকি হেঁটে যাবে সেটা তাদের ব্যাপার তোর কষ্টের কারনতো বুঝলাম না নাকি তোদের জ্বলছে,1,0.9528273964044698
3 After Forming Government,3_after_forming_government,2987,জামাতের আমির আর সার্জিসরা দোরাবে,জামাতের আমির আর সার্জিসরা দোরাবে,3,0.5999895201054943
3 After Forming Government,3_after_forming_government,2988,নিজের রাজনীতি টা নিজে করুন।,নিজের রাজনীতি টা নিজে করুন,4,0.5326630646174698
3 After Forming Government,3_after_forming_government,2989,"""সুদু ছাত্রদল সভাপতি না,, আমরা বাংলাদেশ জাতীয়তাবাদী ছাত্রদল পূর্বে ও যেভাবে মেডাম এর গাড়ী বহরের পিছনে ছুটতাম, এখনো তারেক ভায়ের …",সুদু ছাত্রদল সভাপতি না আমরা বাংলাদেশ জাতীয়তাবাদী ছাত্রদল পূর্বে ও যেভাবে মেডাম এর গাড়ী বহরের পিছনে ছুটতাম এখনো তারেক ভায়ের,1,0.5057773898124966
3 After Forming Government,3_after_forming_government,2990,যা এবার ওকে দুলাভাই বানা এতো কষ্ট হলে।,যা এবার ওকে দুলাভাই বানা এতো কষ্ট হলে,1,0.724843444622062
3 After Forming Government,3_after_forming_government,2991,মার থেকে মাসির দরদ বেশি,মার থেকে মাসির দরদ বেশি,0,0.6399821666687392
3 After Forming Government,3_after_forming_government,2992,ওদের কালচার এটা,ওদের কালচার এটা,4,0.5991803446980725
3 After Forming Government,3_after_forming_government,2993,এএএএএএ চোসোন.....,এএএএএএ চোসোন,0,0.2
3 After Forming Government,3_after_forming_government,2994,গুপ্ত,গুপ্ত,4,0.5992700836105905
3 After Forming Government,3_after_forming_government,2995,ঠিক আছে,ঠিক আছে,4,0.5999992496587379
3 After Forming Government,3_after_forming_government,2996,Juta dea amon pedan pedamu tr por ballo hoibe tor abbu doraity cy ty tor kacy kharap lagche mone hoy,juta dea amon pedan pedamu tr por ballo hoibe tor abbu doraity cy ty tor kacy kharap lagche mone hoy,2,0.7999944868790536
3 After Forming Government,3_after_forming_government,2997,আমাকে ও,আমাকে ও,0,0.5999904392844999
3 After Forming Government,3_after_forming_government,2998,বড় ভাইকে রাষ্ট্রপতির দায়িত্ব টা দেয়া হোক.....,বড় ভাইকে রাষ্ট্রপতির দায়িত্ব টা দেয়া হোক,4,0.6278362668484754
3 After Forming Government,3_after_forming_government,2999,কেন রে জমিদার এর পুত কাহিনি কি,কেন রে জমিদার এর পুত কাহিনি কি,0,0.5990163553040373
3 After Forming Government,3_after_forming_government,3000,তেল কোম মারো পিও,তেল কোম মারো পিও,0,0.59757836923793
3 After Forming Government,3_after_forming_government,3001,যেহেতু কষ্ট দেয় সেহেতু পরেরবার থেকে তুমি দৌড়িও...,যেহেতু কষ্ট দেয় সেহেতু পরেরবার থেকে তুমি দৌড়িও,0,0.8366365109341346
3 After Forming Government,3_after_forming_government,3002,কুমিরের কান্না,কুমিরের কান্না,0,0.5999826572287714
3 After Forming Government,3_after_forming_government,3003,"""ভাই পা না চাটলে ত চলবে না বুঝতে হবে, তাই সরকারের পা চাটতে হবে",ভাই পা না চাটলে ত চলবে না বুঝতে হবে তাই সরকারের পা চাটতে হবে,1,0.8992664472523924
3 After Forming Government,3_after_forming_government,3004,মান্দারপু ৩ আগেও সাদ্দামের পিছনে পাদের গন্ধ শুকছে,মান্দারপু আগেও সাদ্দামের পিছনে পাদের গন্ধ শুকছে,1,0.7329855275409936
3 After Forming Government,3_after_forming_government,3005,সাবেক ছাত্রলীগ নেতা কয় কি,সাবেক ছাত্রলীগ নেতা কয় কি,4,0.6398812073110823
3 After Forming Government,3_after_forming_government,3006,তোমার বঙ্গবন্ধুকে নিয়ে তেল দেয়া বক্তব্য কিন্তু আমাদের নাড়া দেয় ভাইয়া!,তোমার বঙ্গবন্ধুকে নিয়ে তেল দেয়া বক্তব্য কিন্তু আমাদের নাড়া দেয় ভাইয়া,0,0.8843083407878142
3 After Forming Government,3_after_forming_government,3007,তাহলে তুমি এসে দৌড় দাও,তাহলে তুমি এসে দৌড় দাও,0,0.838219256887587
3 After Forming Government,3_after_forming_government,3008,উস্কানিমূলক বক্তব্য দিয়ে ছাত্রদল নেতা রাকিবকে বিদ্রোহ করে তুলতে চায়।,উস্কানিমূলক বক্তব্য দিয়ে ছাত্রদল নেতা রাকিবকে বিদ্রোহ করে তুলতে চায়,3,0.8379530238154895
3 After Forming Government,3_after_forming_government,3009,তাতে বাল ছিড়া গেলো ছাএদলের।,তাতে বাল ছিড়া গেলো ছাএদলের,1,0.7986010660328555
3 After Forming Government,3_after_forming_government,3010,কেন বাবু দৌড়ানোর ইচ্ছা আছে তুমি এখনো ছোট আছো বুঝছো আর একটু বড় হও,কেন বাবু দৌড়ানোর ইচ্ছা আছে তুমি এখনো ছোট আছো বুঝছো আর একটু বড় হও,0,0.5310381760994352
3 After Forming Government,3_after_forming_government,3011,মার থেকে মাসির দরদ বেশি,মার থেকে মাসির দরদ বেশি,0,0.6399821666687392
3 After Forming Government,3_after_forming_government,3012,"""ভাইরে ভাই, হিপোক্রেসির একটু লিমিট রাখ।",ভাইরে ভাই হিপোক্রেসির একটু লিমিট রাখ,1,0.4897781093017053
3 After Forming Government,3_after_forming_government,3013,সারাবছর চাঁটবা কিন্তু নেতার ছেলে নেতা হবে আর তুমি সভাপতি রাকিবের মতো গাড়ির পেছনে দৌড়াবে।আর অন্যদিকে জামাতের ভাইদের দেখো ছাত্রদ…,সারাবছর চাঁটবা কিন্তু নেতার ছেলে নেতা হবে আর তুমি সভাপতি রাকিবের মতো গাড়ির পেছনে দৌড়াবে আর অন্যদিকে জামাতের ভাইদের দেখো ছাত্রদ,1,0.7135980124848559
3 After Forming Government,3_after_forming_government,3014,এই লোকটা একটা পাগল এর বয়স চলে ৪৫,এই লোকটা একটা পাগল এর বয়স চলে,0,0.7313563040244244
3 After Forming Government,3_after_forming_government,3015,এতো জলে কেন হরছেন লজ্জা লাগে না নিজে আবার অন্যর বিষয় কথাা বলার আগে নিজের টা দেখো ভাই,এতো জলে কেন হরছেন লজ্জা লাগে না নিজে আবার অন্যর বিষয় কথাা বলার আগে নিজের টা দেখো ভাই,1,0.6933990530397892
3 After Forming Government,3_after_forming_government,3016,আহারে চান্দুর কত মায়া। তুমি যে ছাত্রলীগ করা অবস্থায় বঙ্গবন্ধুকে চাটতে চাটতে মহাকাশ পর্যন্ত নিয়ে গেছিলা সেটার কি হবে? হাসিনা…,আহারে চান্দুর কত মায়া তুমি যে ছাত্রলীগ করা অবস্থায় বঙ্গবন্ধুকে চাটতে চাটতে মহাকাশ পর্যন্ত নিয়ে গেছিলা সেটার কি হবে হাসিনা,1,0.47481231389362827
3 After Forming Government,3_after_forming_government,3017,ছাপ্রীদের কাজ দৌড়ানোই! দফাদার কুকুর মালিকের পিছনে দৌড়াবে এটাই তো স্বাভাবিক হোক সেটা গাড়ি হোক সেটা বাড়ি।,ছাপ্রীদের কাজ দৌড়ানোই দফাদার কুকুর মালিকের পিছনে দৌড়াবে এটাই তো স্বাভাবিক হোক সেটা গাড়ি হোক সেটা বাড়ি,1,0.6885422222695489
3 After Forming Government,3_after_forming_government,3018,এই ছেলে গুলো দেশ কে নিয়ে ব্যবসা শুরু করছে …,এই ছেলে গুলো দেশ কে নিয়ে ব্যবসা শুরু করছে,1,0.6236507330178739
3 After Forming Government,3_after_forming_government,3019,তুই কোন চ্যাটের বাল হরিদাষ পাল বে?,তুই কোন চ্যাটের বাল হরিদাষ পাল বে,0,0.7991293489839972
3 After Forming Government,3_after_forming_government,3020,"""ওটা দৌড় না পাগলা, ওটা তেলবাজি",ওটা দৌড় না পাগলা ওটা তেলবাজি,0,0.7308959464827199
3 After Forming Government,3_after_forming_government,3021,তেল মারা বোঝ মনু,তেল মারা বোঝ মনু,0,0.7326822117780912
3 After Forming Government,3_after_forming_government,3022,তরে কষ্ট দিলে তাহলে কাল থেকে তুই দৌড়া গা …,তরে কষ্ট দিলে তাহলে কাল থেকে তুই দৌড়া গা,0,0.8986622253141091
3 After Forming Government,3_after_forming_government,3023,"""তুড়া তুই বাকশালি,বেশি নাটক করিস না,পরে প্যান্ট খুলে পড়বে",তুড়া তুই বাকশালি বেশি নাটক করিস না পরে প্যান্ট খুলে পড়বে,1,0.4400989631782024
3 After Forming Government,3_after_forming_government,3024,ভিপি সাদিকের দাঁড়িপাল্লার পিছনে দৌড়ানো কষ্ট দেয় না?,ভিপি সাদিকের দাঁড়িপাল্লার পিছনে দৌড়ানো কষ্ট দেয় না,1,0.6542080290172145
3 After Forming Government,3_after_forming_government,3025,"""কেনো গো,, তুমি যে ছাত্র লীগের লুঙ্গির নিচে লুকিয়ে ছিলে",কেনো গো তুমি যে ছাত্র লীগের লুঙ্গির নিচে লুকিয়ে ছিলে,1,0.6905290375967641
3 After Forming Government,3_after_forming_government,3026,ছাত্রদল সভাপতি তোহ তোর বাপ লাগে শ্লা। বাপের দৌড়ানো দেখে কষ্ট পাস......,ছাত্রদল সভাপতি তোহ তোর বাপ লাগে শ্লা বাপের দৌড়ানো দেখে কষ্ট পাস,1,0.7838621048516993
3 After Forming Government,3_after_forming_government,3027,আমিও কষ্ট পেয়েছি,আমিও কষ্ট পেয়েছি,1,0.7996814121944025
3 After Forming Government,3_after_forming_government,3028,"""বর্তমানে কি সংবিধান আছে, সংস্কার কোন সংবিধানের করতে হবে,…""",বর্তমানে কি সংবিধান আছে সংস্কার কোন সংবিধানের করতে হবে,4,0.7651837156884859
3 After Forming Government,3_after_forming_government,3029,"""First you need to go the parliament to make the changes , then people vote will happen then passed by the parliament, then sig…""",first you need to go the parliament to make the changes then people vote will happen then passed by the parliament then sig,2,0.9197615837626408
3 After Forming Government,3_after_forming_government,3030,Awesome! Congratulations!!,awesome congratulations,2,0.5995796246233722
3 After Forming Government,3_after_forming_government,3031,"""জুলাই সনদ বাস্তবায়ন না করলে,, এই সংসদ অবৈধ,, ৭২ সংবিধান দেশ চললে,, …""",জুলাই সনদ বাস্তবায়ন না করলে এই সংসদ অবৈধ সংবিধান দেশ চললে,4,0.9106377430813412
3 After Forming Government,3_after_forming_government,3032,সংবিধান সংস্কার পরিষদ বলতে সংবিধানে কিছু নাই।,সংবিধান সংস্কার পরিষদ বলতে সংবিধানে কিছু নাই,2,0.7990016275040431
3 After Forming Government,3_after_forming_government,3033,"""সিগনেচার করে আরেকজনেরটা দেইখা সংসদে কথা বলবে কি ভাবে এটা আসলেই ভাবার ব্যাপার,""",সিগনেচার করে আরেকজনেরটা দেইখা সংসদে কথা বলবে কি ভাবে এটা আসলেই ভাবার ব্যাপার,0,0.8658095858165512
3 After Forming Government,3_after_forming_government,3034,ঢাকার প্রতিটি এলাকায় মশার উপদ্রবে জনগণ নাজেহাল। সিটি কর্পোরেশনের ইন্সপেক্টর সহ সিটি কর্পোরেশনে যারা দায়িত্বপ্রাপ্ত এদের সকলে…,ঢাকার প্রতিটি এলাকায় মশার উপদ্রবে জনগণ নাজেহাল সিটি কর্পোরেশনের ইন্সপেক্টর সহ সিটি কর্পোরেশনে যারা দায়িত্বপ্রাপ্ত এদের সকলে,4,0.8988296717992231
3 After Forming Government,3_after_forming_government,3035,এদের নিউজ ছাড়া কি কোনো নিউজ নেই?,এদের নিউজ ছাড়া কি কোনো নিউজ নেই,1,0.8385045635047452
3 After Forming Government,3_after_forming_government,3036,নাহিদকে আইনের আওতায় আনা হউক,নাহিদকে আইনের আওতায় আনা হউক,2,0.8390126056110556
3 After Forming Government,3_after_forming_government,3037,"""আন্নে কথা বললেও কি না বললেও কি,""",আন্নে কথা বললেও কি না বললেও কি,0,0.2
3 After Forming Government,3_after_forming_government,3038,তাইলে আয় রাজপথে.. তোদের অপেক্ষায় লাখো জনতা..,তাইলে আয় রাজপথে তোদের অপেক্ষায় লাখো জনতা,1,0.880986592992263
3 After Forming Government,3_after_forming_government,3039,সংস্কার চাই,সংস্কার চাই,3,0.42311114628745755
3 After Forming Government,3_after_forming_government,3040,সময় থাকতে পড়ালেখায় মন দিয়ে এটাই মঙ্গল হবে,সময় থাকতে পড়ালেখায় মন দিয়ে এটাই মঙ্গল হবে,4,0.4869360209720398
3 After Forming Government,3_after_forming_government,3041,কথা বলতে হবে সাধারণ মানুষ সিদ্ধান্ত নিবে আফটার নাহিদ ইসলাম ইনশাআল্লাহ,কথা বলতে হবে সাধারণ মানুষ সিদ্ধান্ত নিবে আফটার নাহিদ ইসলাম ইনশাআল্লাহ,4,0.9104353851552491
3 After Forming Government,3_after_forming_government,3042,"""‘দেশ যাবে নতুন পথে, ফিরবে না আর ফ্যাসিবাদে।' ইনকিলাব জিন্দাবাদ।""",দেশ যাবে নতুন পথে ফিরবে না আর ফ্যাসিবাদে ইনকিলাব জিন্দাবাদ,4,0.8847888350515046
3 After Forming Government,3_after_forming_government,3043,"""এনসিপির সকল দূর্নীতি,অনিয়মের বিচার দাবি করছি।""",এনসিপির সকল দূর্নীতি অনিয়মের বিচার দাবি করছি,3,0.8852540490338504
3 After Forming Government,3_after_forming_government,3044,Good,good,1,0.5986630861428258
3 After Forming Government,3_after_forming_government,3045,Absolutely right.,absolutely right,3,0.5999940674575689
3 After Forming Government,3_after_forming_government,3046,ইনকিলাব জিন্দাবাদ,ইনকিলাব জিন্দাবাদ,2,0.7319517047625963
3 After Forming Government,3_after_forming_government,3047,ঠিক,ঠিক,4,0.5999992496587379
3 After Forming Government,3_after_forming_government,3048,জুলাই বিক্রি করে দুই বছরে সবাই নিজেদের আখের গুছিয়ে নিছে,জুলাই বিক্রি করে দুই বছরে সবাই নিজেদের আখের গুছিয়ে নিছে,2,0.5181839620673957
3 After Forming Government,3_after_forming_government,3049,মানুষকে শুধু উল্টাপাল্টা বুঝানো হচ্ছে,মানুষকে শুধু উল্টাপাল্টা বুঝানো হচ্ছে,0,0.5992800966562969
3 After Forming Government,3_after_forming_government,3050,কথা আমরা রাজপথেই বলবো ইনশাআল্লাহ,কথা আমরা রাজপথেই বলবো ইনশাআল্লাহ,4,0.732015371479173
3 After Forming Government,3_after_forming_government,3051,রাজপথে ফয়সালা হবে ইনশাআল্লাহ,রাজপথে ফয়সালা হবে ইনশাআল্লাহ,4,0.4001374417577705
3 After Forming Government,3_after_forming_government,3052,সূর নরম হয়ে গেলো কেনো,সূর নরম হয়ে গেলো কেনো,1,0.7984111279363078
3 After Forming Government,3_after_forming_government,3053,তোমাদের আর কথা হবে না,তোমাদের আর কথা হবে না,1,0.5978364988011852
3 After Forming Government,3_after_forming_government,3054,তাহলে বলিস না তাহলেই চলে,তাহলে বলিস না তাহলেই চলে,0,0.7277202486336568
3 After Forming Government,3_after_forming_government,3055,ক্লিয়ার,ক্লিয়ার,0,0.5995853380711875
3 After Forming Government,3_after_forming_government,3056,অবশ্য ই,অবশ্য ই,0,0.2
3 After Forming Government,3_after_forming_government,3057,ঠিক,ঠিক,4,0.5999992496587379
3 After Forming Government,3_after_forming_government,3058,Yes,yes,0,0.2
3 After Forming Government,3_after_forming_government,3059,Toi voia,toi voia,0,0.2
3 After Forming Government,3_after_forming_government,3060,"""বিএনপি করছে দেশের উন্নয়ন, জামাত করছে রাস্তাঘাট পরিষ্কার, আর এন সিপির কাজ হচ্ছে সমালোচনা করা।""",বিএনপি করছে দেশের উন্নয়ন জামাত করছে রাস্তাঘাট পরিষ্কার আর এন সিপির কাজ হচ্ছে সমালোচনা করা,1,0.7658576168255526
3 After Forming Government,3_after_forming_government,3061,এই শালাকে ধরে ডিম থেরাপি দেওয়া হোক,এই শালাকে ধরে ডিম থেরাপি দেওয়া হোক,4,0.45399929751660706
3 After Forming Government,3_after_forming_government,3062,যা বেডা ফুট,যা বেডা ফুট,0,0.4786049786437727
3 After Forming Government,3_after_forming_government,3063,সংবিধান তোমার মার সাউয়া দিয়ে ভরে দেব,সংবিধান তোমার মার সাউয়া দিয়ে ভরে দেব,0,0.44017382428835283
3 After Forming Government,3_after_forming_government,3064,কোটা নেতা,কোটা নেতা,3,0.7323205743717334
3 After Forming Government,3_after_forming_government,3065,তোদের কপালে এইটা আছে,তোদের কপালে এইটা আছে,1,0.7330495609515416
3 After Forming Government,3_after_forming_government,3066,কথা বলতে হবে না এমনিতেই বিরোধী দলের সময় কম দেওয়া হয়,কথা বলতে হবে না এমনিতেই বিরোধী দলের সময় কম দেওয়া হয়,4,0.8835987178903119
3 After Forming Government,3_after_forming_government,3067,বাকোয়াজ,বাকোয়াজ,0,0.2
3 After Forming Government,3_after_forming_government,3068,Kotha boilo jail a,kotha boilo jail a,3,0.5964036997502224
3 After Forming Government,3_after_forming_government,3069,Right,right,3,0.5999940674575689
3 After Forming Government,3_after_forming_government,3070,দরকার নেই,দরকার নেই,4,0.598846475060968
3 After Forming Government,3_after_forming_government,3071,বিপদ কেটে গেলে মানুষ বিএনপি হয়ে যায়।,বিপদ কেটে গেলে মানুষ বিএনপি হয়ে যায়,4,0.8848839692966637
3 After Forming Government,3_after_forming_government,3072,"""টাকার হিসাব টা দাওনা কেন,""",টাকার হিসাব টা দাওনা কেন,4,0.5497552891375569
3 After Forming Government,3_after_forming_government,3073,"""'রাষ্ট্রপতির হাতে আপনি শপথ নিলেন, আবার তাকে আপনি সাংবিধানিক প্রধান মানবেন না'""",রাষ্ট্রপতির হাতে আপনি শপথ নিলেন আবার তাকে আপনি সাংবিধানিক প্রধান মানবেন না,2,0.509040990345603
3 After Forming Government,3_after_forming_government,3074,সারজিস যে মাতারবাড়ি প্রজেক্টের কয়লা সাপ্লাই কোম্পানি থেকে ০১হাজার কোটি টাকা নিলো ওইটার কি খবর,সারজিস যে মাতারবাড়ি প্রজেক্টের কয়লা সাপ্লাই কোম্পানি থেকে হাজার কোটি টাকা নিলো ওইটার কি খবর,0,0.8844221225074764
3 After Forming Government,3_after_forming_government,3075,লাগাও মব,লাগাও মব,3,0.5999877285764688
3 After Forming Government,3_after_forming_government,3076,জুলাই সনদ বাস্তবায়ন না হলে এই সংসদ অবৈধ সিধে কথা,জুলাই সনদ বাস্তবায়ন না হলে এই সংসদ অবৈধ সিধে কথা,4,0.8849344048245494
3 After Forming Government,3_after_forming_government,3077,পরিবেশের দরকার নেই,পরিবেশের দরকার নেই,4,0.598846475060968
3 After Forming Government,3_after_forming_government,3078,খাল কেটে কুমির আনতেছে বি এন পি,খাল কেটে কুমির আনতেছে বি এন পি,1,0.8664211837693082
3 After Forming Government,3_after_forming_government,3079,"""বিপদ কেটে গেলে মানুষ বিএনপি হয়ে যায়! NCP জিন্দাবাদ, ইনকিলাব জিন্দাবাদ।""",বিপদ কেটে গেলে মানুষ বিএনপি হয়ে যায় ncp জিন্দাবাদ ইনকিলাব জিন্দাবাদ,4,0.9267029302622224
3 After Forming Government,3_after_forming_government,3080,"""প্রেম করার ইচ্ছে করতাছে কিন্তু লজ্জায় কাউকে বলতে পারতেছি না, তাই ফেসবুক থেকে একজন বন্ধু চাই""",প্রেম করার ইচ্ছে করতাছে কিন্তু লজ্জায় কাউকে বলতে পারতেছি না তাই ফেসবুক থেকে একজন বন্ধু চাই,3,0.47688359903704025
3 After Forming Government,3_after_forming_government,3081,বিপদ কেটে গেলে মানুষ বিম্পি হয়,বিপদ কেটে গেলে মানুষ বিম্পি হয়,4,0.8664000164678616
3 After Forming Government,3_after_forming_government,3082,জামিন দেওয়া শুরু হয়ে গেছে আমাদের সব জয়বাংলা নেতাদেরকে …,জামিন দেওয়া শুরু হয়ে গেছে আমাদের সব জয়বাংলা নেতাদেরকে,0,0.4632534397415369
3 After Forming Government,3_after_forming_government,3083,R kotha bolis na tora,r kotha bolis na tora,1,0.7310626015822976
3 After Forming Government,3_after_forming_government,3084,তর কথা কার বালে শোনে,তর কথা কার বালে শোনে,0,0.5999928694678833
3 After Forming Government,3_after_forming_government,3085,পুলিশ হত্যার বিচার চাই,পুলিশ হত্যার বিচার চাই,3,0.6403902712304922
3 After Forming Government,3_after_forming_government,3086,Rights,rights,0,0.2
3 After Forming Government,3_after_forming_government,3087,তোমরা ৭১'এর পরাজিত অপশক্তির সাথে মিলেমিশে একাকার হয়ে জুলাই তথা সাধীনতা যুদ্ধ তথা বাংলাদেশের সকীয়তার সাথে গাদদারী করেছো। কথা…,তোমরা এর পরাজিত অপশক্তির সাথে মিলেমিশে একাকার হয়ে জুলাই তথা সাধীনতা যুদ্ধ তথা বাংলাদেশের সকীয়তার সাথে গাদদারী করেছো কথা,0,0.7516715986844562
3 After Forming Government,3_after_forming_government,3088,তোমাদের মত কুলংগারের যায়গা পবিত্র সংসদে হবে না।,তোমাদের মত কুলংগারের যায়গা পবিত্র সংসদে হবে না,0,0.835754779555193
3 After Forming Government,3_after_forming_government,3089,পুলিশ হত্যার দায়ের তোর ফাঁসি হবে,পুলিশ হত্যার দায়ের তোর ফাঁসি হবে,1,0.4904159900150488
3 After Forming Government,3_after_forming_government,3090,"""আরে বেডা তুই হত্যাকারী, পুলিশ হত্যাকারী তোর কিসের কথা,…""",আরে বেডা তুই হত্যাকারী পুলিশ হত্যাকারী তোর কিসের কথা,0,0.9079812502595913
3 After Forming Government,3_after_forming_government,3091,পুলিশ হত্যার দায়ে তোর ফাসি হবে সাংসদের পরিবেশ দিয়ে কি করবেন,পুলিশ হত্যার দায়ে তোর ফাসি হবে সাংসদের পরিবেশ দিয়ে কি করবেন,3,0.5012876763945937
3 After Forming Government,3_after_forming_government,3092,Right,right,3,0.5999940674575689
3 After Forming Government,3_after_forming_government,3093,এনসিপি মব সন্ত্রাসী সংগঠন নিবন্ধন বাতিল করে যারা অটো এম পি হয়েছে এদের বিচার করতে হবে,এনসিপি মব সন্ত্রাসী সংগঠন নিবন্ধন বাতিল করে যারা অটো এম পি হয়েছে এদের বিচার করতে হবে,3,0.6079514803072573
3 After Forming Government,3_after_forming_government,3094,সংসদে তোমি কথা না বললেও সংসদ তোমাকে অনুরোধ করবেনা।,সংসদে তোমি কথা না বললেও সংসদ তোমাকে অনুরোধ করবেনা,0,0.8359793681152489
3 After Forming Government,3_after_forming_government,3095,তোদের মত ছাগল এর কথায় কি আসে ষায়,তোদের মত ছাগল এর কথায় কি আসে ষায়,2,0.37075362629504277
3 After Forming Government,3_after_forming_government,3096,আরে বেটা বাটপার তুই কি ভোটে এমপি হ‌ইছস তুই তো পঞ্চাশ হাজার ভোটের ব্যবধানে পরাজিত হ‌ইছস কাইয়ুম কমিশনারের সাথে তোর আব্বা ইউনুস …,আরে বেটা বাটপার তুই কি ভোটে এমপি হইছস তুই তো পঞ্চাশ হাজার ভোটের ব্যবধানে পরাজিত হইছস কাইয়ুম কমিশনারের সাথে তোর আব্বা ইউনুস,0,0.6886508748896634
3 After Forming Government,3_after_forming_government,3097,২৪ শে ফ্যাসিস্টরা পুলিশ হত্যা ও বিভিন্ন থানা অগ্নিসংযোগ অস্ত্র লুট হওয়া প্রত্যেকটি হামলার তদন্ত করে জুলাই ফ্যাসিস্টদের ফাঁসিত…,শে ফ্যাসিস্টরা পুলিশ হত্যা ও বিভিন্ন থানা অগ্নিসংযোগ অস্ত্র লুট হওয়া প্রত্যেকটি হামলার তদন্ত করে জুলাই ফ্যাসিস্টদের ফাঁসিত,3,0.8386813091703874
3 After Forming Government,3_after_forming_government,3098,কথা বলা তো দূরের কথা সংসদে কয় যাইতে পারো সেটার জন্য দোয়া ইউনু পর।,কথা বলা তো দূরের কথা সংসদে কয় যাইতে পারো সেটার জন্য দোয়া ইউনু পর,4,0.8982007742546305
3 After Forming Government,3_after_forming_government,3099,পুলিশ হত্যার বিচার চাই,পুলিশ হত্যার বিচার চাই,3,0.6403902712304922
3 After Forming Government,3_after_forming_government,3100,ভাই এইসব কথা বাদ দাও আগে বিক্রি করা জুলাই ফেরত নিয়ে আসো,ভাই এইসব কথা বাদ দাও আগে বিক্রি করা জুলাই ফেরত নিয়ে আসো,4,0.4246113648784415
3 After Forming Government,3_after_forming_government,3101,তা হলে পড়া লেখা করে দেশের বাহিরে চলে যাও---তোমাদের দারা রাজনীতি মানায় না------,তা হলে পড়া লেখা করে দেশের বাহিরে চলে যাও তোমাদের দারা রাজনীতি মানায় না,4,0.4397662741617993
3 After Forming Government,3_after_forming_government,3102,Right,right,3,0.5999940674575689
3 After Forming Government,3_after_forming_government,3103,তুমি না বল্লে কিছু যাই আসে না।,তুমি না বল্লে কিছু যাই আসে না,3,0.39963065360572286
3 After Forming Government,3_after_forming_government,3104,তোর সংসদে যাওয়ারটা দরকার কি,তোর সংসদে যাওয়ারটা দরকার কি,4,0.5478850018930014
3 After Forming Government,3_after_forming_government,3105,পাকিবীজ বলে কী,পাকিবীজ বলে কী,0,0.59475088793787
3 After Forming Government,3_after_forming_government,3106,"""Right, I agree it""",right i agree it,3,0.40009607012848
3 After Forming Government,3_after_forming_government,3107,দরকার নেই,দরকার নেই,4,0.598846475060968
3 After Forming Government,3_after_forming_government,3108,তোমাগো কথা বলার প্রয়োজন নাই দেড় বছরে পোলাপানরে যা শিখাইছো তোমরা বেয়াদবি কুলাঙ্গার কতগুলো পোলাপান রাস্তায় নামাইছে মানুষকে ই…,তোমাগো কথা বলার প্রয়োজন নাই দেড় বছরে পোলাপানরে যা শিখাইছো তোমরা বেয়াদবি কুলাঙ্গার কতগুলো পোলাপান রাস্তায় নামাইছে মানুষকে ই,3,0.5672061167303601
3 After Forming Government,3_after_forming_government,3109,বিরোধী দলের কথা বলার দরকার কি শুনলে তো হয়..?,বিরোধী দলের কথা বলার দরকার কি শুনলে তো হয়,4,0.838055706523059
3 After Forming Government,3_after_forming_government,3110,হালার পুতে যে ভাব দেখাচ্ছে মনেহয় সংসদের পুরান লোক।,হালার পুতে যে ভাব দেখাচ্ছে মনেহয় সংসদের পুরান লোক,3,0.7325863585895868
3 After Forming Government,3_after_forming_government,3111,কথা হবে রাজপথে,কথা হবে রাজপথে,1,0.5999914262541228
3 After Forming Government,3_after_forming_government,3112,ঠিক,ঠিক,4,0.5999992496587379
3 After Forming Government,3_after_forming_government,3113,নিজের যোগ্যতা দিয়ে সংসদে যাওয়ার চিন্তাভাবনা কর তুমি তো হয়েছ বারো ভাতারি দল সাহস থাকলে একা নির্বাচন করে সংসদে যেয়ে দেখাও,নিজের যোগ্যতা দিয়ে সংসদে যাওয়ার চিন্তাভাবনা কর তুমি তো হয়েছ বারো ভাতারি দল সাহস থাকলে একা নির্বাচন করে সংসদে যেয়ে দেখাও,1,0.6806746972720242
3 After Forming Government,3_after_forming_government,3114,right,right,3,0.5999940674575689
3 After Forming Government,3_after_forming_government,3115,আগে যে তোমার সম্পদের হিসাব দিতে হবে মামু।,আগে যে তোমার সম্পদের হিসাব দিতে হবে মামু,4,0.797848073510681
3 After Forming Government,3_after_forming_government,3116,Right,right,3,0.5999940674575689
3 After Forming Government,3_after_forming_government,3117,টোকাই এখন দেশের নেতা,টোকাই এখন দেশের নেতা,3,0.549775435503257
3 After Forming Government,3_after_forming_government,3118,টোকাইদের কথামতো দেশ চলবেনা,টোকাইদের কথামতো দেশ চলবেনা,0,0.3996816370172735
3 After Forming Government,3_after_forming_government,3119,যাকাত ফিতরায় এমপি হওয়া একজন গোপাল ভার বলে কি।,যাকাত ফিতরায় এমপি হওয়া একজন গোপাল ভার বলে কি,3,0.7974610973458018
3 After Forming Government,3_after_forming_government,3120,জুলাই জঙ্গিদের কপালে অনেক দুঃখ আছে,জুলাই জঙ্গিদের কপালে অনেক দুঃখ আছে,1,0.5652972644480434
3 After Forming Government,3_after_forming_government,3121,"""প্রদীপের আলো নিভে যাচ্ছে তোমাদের। অন্য কেউ নয়, জামায়াত তোমাদের রক্ত পান করে তোমাদের রক্ত শুন্য করে নিজেদের রাজনৈতিক, সামাজিক মৃত্যু হবে""",প্রদীপের আলো নিভে যাচ্ছে তোমাদের অন্য কেউ নয় জামায়াত তোমাদের রক্ত পান করে তোমাদের রক্ত শুন্য করে নিজেদের রাজনৈতিক সামাজিক মৃত্যু হবে,1,0.5748415888703217
3 After Forming Government,3_after_forming_government,3122,"""কোটার জায়গা কোটা রইল, জুলাই গেল জলে।…""",কোটার জায়গা কোটা রইল জুলাই গেল জলে,3,0.8839460858769538
3 After Forming Government,3_after_forming_government,3123,শালা টোকাই,শালা টোকাই,3,0.7331358227481986
3 After Forming Government,3_after_forming_government,3124,"""লজ্জা শরম না থাকলে, প্যান্ট খুলে রাস্তায় দাঁড়িয়ে থাকো জোকার।""",লজ্জা শরম না থাকলে প্যান্ট খুলে রাস্তায় দাঁড়িয়ে থাকো জোকার,3,0.8824753484947475
3 After Forming Government,3_after_forming_government,3125,এবার এবার নক করবা না নামোনা রাস্তায় দেখনা মানুষ তোমাদের কি বলে বাজান পুলিশ হত্যার বিচার হবে ইনশাল্লাহ,এবার এবার নক করবা না নামোনা রাস্তায় দেখনা মানুষ তোমাদের কি বলে বাজান পুলিশ হত্যার বিচার হবে ইনশাল্লাহ,3,0.4384532372149704
3 After Forming Government,3_after_forming_government,3126,তুই রাজাকার তুই বাটপার তুই জঙ্গি তুই টোকাই তুই দেশদ্রোহী,তুই রাজাকার তুই বাটপার তুই জঙ্গি তুই টোকাই তুই দেশদ্রোহী,0,0.7523104020946234
3 After Forming Government,3_after_forming_government,3127,"""জুলাই ব্যবসায়ীরা যেন পালাইতে না পারে, যেখানে পাবেন তাদেরকে শহীদ বানায় দিয়ে দিয়েন, তারা দেশে শত্রু,।""",জুলাই ব্যবসায়ীরা যেন পালাইতে না পারে যেখানে পাবেন তাদেরকে শহীদ বানায় দিয়ে দিয়েন তারা দেশে শত্রু,1,0.4887353326264435
3 After Forming Government,3_after_forming_government,3128,তোমাদের মতো কোটার এমপিরা সংসদে না থাকাই ভালো।,তোমাদের মতো কোটার এমপিরা সংসদে না থাকাই ভালো,1,0.583936985014619
3 After Forming Government,3_after_forming_government,3129,"""১৭ বছর দলীয়করণের বিরুদ্ধে বললেন, আর এখন নিজেরাই সারাদেশ দলীয়করণ করলেন …""",বছর দলীয়করণের বিরুদ্ধে বললেন আর এখন নিজেরাই সারাদেশ দলীয়করণ করলেন,0,0.42569480628160644
3 After Forming Government,3_after_forming_government,3130,তাতে বয়ে গেল।,তাতে বয়ে গেল,1,0.40005435667420786
3 After Forming Government,3_after_forming_government,3131,সংসদে কথা বলা দরকার নাই,সংসদে কথা বলা দরকার নাই,4,0.5275620381931513
3 After Forming Government,3_after_forming_government,3132,আগে তোর হিসাব দে কথা পরে,আগে তোর হিসাব দে কথা পরে,3,0.7961549968102556
3 After Forming Government,3_after_forming_government,3133,জামাত এর তার জোট গুলার উচিৎ । বি এন পি আর আওয়ামী মত দেশ টুলে পুটে খাওয়া।কারন এই দেশ হছে নষ্ট জনগণের দেশ।,জামাত এর তার জোট গুলার উচিৎ বি এন পি আর আওয়ামী মত দেশ টুলে পুটে খাওয়া কারন এই দেশ হছে নষ্ট জনগণের দেশ,1,0.9491896981706074
3 After Forming Government,3_after_forming_government,3134,সহমত,সহমত,2,0.599995639641663
3 After Forming Government,3_after_forming_government,3135,পাগল বলে কি? কিসের সাথে কি,পাগল বলে কি কিসের সাথে কি,0,0.7977948412056807
3 After Forming Government,3_after_forming_government,3136,তোমার মত অপদার্থ সংসদে যাওয়ার দরকার কি বলতো,তোমার মত অপদার্থ সংসদে যাওয়ার দরকার কি বলতো,4,0.52800408988969
3 After Forming Government,3_after_forming_government,3137,ঠিক,ঠিক,4,0.5999992496587379
3 After Forming Government,3_after_forming_government,3138,আপনারা ছাত্র হিসেবে কলঙ্কিনী অধ্যায় থাকবেন বাংলাদেশ,আপনারা ছাত্র হিসেবে কলঙ্কিনী অধ্যায় থাকবেন বাংলাদেশ,3,0.8372597053020467
3 After Forming Government,3_after_forming_government,3139,ওডা হানকির পুয়া,ওডা হানকির পুয়া,0,0.2
3 After Forming Government,3_after_forming_government,3140,এনপিপির চুরেগো খাঁচায় দেখতে চাই,এনপিপির চুরেগো খাঁচায় দেখতে চাই,3,0.7333324498475273
3 After Forming Government,3_after_forming_government,3141,কিসের সংবিধান সংস্কার পরিষদ ৭১র আছে একাত্তর থাকবে খানকির পোলা নাহিদ,কিসের সংবিধান সংস্কার পরিষদ র আছে একাত্তর থাকবে খানকির পোলা নাহিদ,4,0.43352586090738243
3 After Forming Government,3_after_forming_government,3142,তোর মতো টোকাই না গেলে ভালো,তোর মতো টোকাই না গেলে ভালো,1,0.8611125943510455
3 After Forming Government,3_after_forming_government,3143,চুদির ছাওয়াল পাকিস্তানের বীজ তোকে কে বলেছে কথা বলতে,চুদির ছাওয়াল পাকিস্তানের বীজ তোকে কে বলেছে কথা বলতে,1,0.3996542837586755
3 After Forming Government,3_after_forming_government,3144,ভয়ে আছে,ভয়ে আছে,0,0.2
3 After Forming Government,3_after_forming_government,3145,আগে তোর ভূরি কমা,আগে তোর ভূরি কমা,1,0.5979351485045068
3 After Forming Government,3_after_forming_government,3146,তোর কপালে শনি আছে,তোর কপালে শনি আছে,1,0.7324830752880593
3 After Forming Government,3_after_forming_government,3147,"""পাটোয়ারী জাহাঙ্গীরনগর, বুয়েট সহ বিভিন্ন ক্যাম্পাসে ছাত্রদের উষ্কে বেড়াচ্ছে, আবার জুলাইয়ের মতো মেটিকুলাস ডিজাইন সাজাচ্ছে সম্ভবত…""",পাটোয়ারী জাহাঙ্গীরনগর বুয়েট সহ বিভিন্ন ক্যাম্পাসে ছাত্রদের উষ্কে বেড়াচ্ছে আবার জুলাইয়ের মতো মেটিকুলাস ডিজাইন সাজাচ্ছে সম্ভবত,2,0.6786767044378725
3 After Forming Government,3_after_forming_government,3148,তুই কোন চেটের বাল যে তোকে সংসদে কথা বলতে হবে।,তুই কোন চেটের বাল যে তোকে সংসদে কথা বলতে হবে,0,0.8652066043426498
3 After Forming Government,3_after_forming_government,3149,পরিবেশের দরকার নেই,পরিবেশের দরকার নেই,4,0.598846475060968
3 After Forming Government,3_after_forming_government,3150,Thik bolcen,thik bolcen,0,0.599992623682184
3 After Forming Government,3_after_forming_government,3151,টুকাই,টুকাই,0,0.2
3 After Forming Government,3_after_forming_government,3152,Hazar hazar koti taka durniti korecho bap mama khalu neay socib 30 Koti MD 70/80 koti chairman 100/200/300 koti ki porimane lu…,hazar hazar koti taka durniti korecho bap mama khalu neay socib koti md koti chairman koti ki porimane lu,4,0.5498619283972161
3 After Forming Government,3_after_forming_government,3153,শালা দালাল,শালা দালাল,0,0.4001236837662904
3 After Forming Government,3_after_forming_government,3154,পদত্যাগ করে রাজপথে আসো হ্যাডম থাকলে,পদত্যাগ করে রাজপথে আসো হ্যাডম থাকলে,1,0.7983091984816961
3 After Forming Government,3_after_forming_government,3155,তোর ঘরে গিয়ে সংস্কার কর না হলে পাকিস্তানে গিয়ে কর,তোর ঘরে গিয়ে সংস্কার কর না হলে পাকিস্তানে গিয়ে কর,1,0.9099700490916938
3 After Forming Government,3_after_forming_government,3156,"""তুই রাজাকারের বাচ্চা খানকির পোলা, বেশ্যার পোলা,,,,,""",তুই রাজাকারের বাচ্চা খানকির পোলা বেশ্যার পোলা,0,0.839883162408232
3 After Forming Government,3_after_forming_government,3157,আমরা রাজপথের প্রস্তুতিও নিচ্ছি।…,আমরা রাজপথের প্রস্তুতিও নিচ্ছি,0,0.2
3 After Forming Government,3_after_forming_government,3158,সঠিক,সঠিক,4,0.5999962033260933
3 After Forming Government,3_after_forming_government,3159,আচ্ছা তোরা সংসদে যাইস না বাপু,আচ্ছা তোরা সংসদে যাইস না বাপু,0,0.549239368521449
3 After Forming Government,3_after_forming_government,3160,তোরা কি কথা বলবি যা কথা বলার আমাদের প্রধানমন্ত্রী বলবে।,তোরা কি কথা বলবি যা কথা বলার আমাদের প্রধানমন্ত্রী বলবে,0,0.6857572469980696
3 After Forming Government,3_after_forming_government,3161,"""জুলাই জঙ্গি,দমন করা হোক""",জুলাই জঙ্গি দমন করা হোক,4,0.79878653277644
3 After Forming Government,3_after_forming_government,3162,দূর্নীতিবাজদের সর্দার,দূর্নীতিবাজদের সর্দার,0,0.2
3 After Forming Government,3_after_forming_government,3163,তোর দরকার আছে বলে মনে হয় না,তোর দরকার আছে বলে মনে হয় না,1,0.5939478400307477
3 After Forming Government,3_after_forming_government,3164,এতে বলে মার মাংগে বাল নাই পুলাপাইন এর মুখে চাপ দাড়ি,এতে বলে মার মাংগে বাল নাই পুলাপাইন এর মুখে চাপ দাড়ি,0,0.5434885165004418
3 After Forming Government,3_after_forming_government,3165,Jara sahwa haowa baltepare tader sagsode katha balar darkar nay,jara sahwa haowa baltepare tader sagsode katha balar darkar nay,3,0.5964984689436178
3 After Forming Government,3_after_forming_government,3166,আচ্ছা হেতে বলে প্রথান মন্ত্রী সপ্ন দেখতো ইউনুসের কোলে শুয়ে।,আচ্ছা হেতে বলে প্রথান মন্ত্রী সপ্ন দেখতো ইউনুসের কোলে শুয়ে,3,0.6003130473041455
3 After Forming Government,3_after_forming_government,3167,বাপের জন্মের সংসদ কি বোঝো,বাপের জন্মের সংসদ কি বোঝো,3,0.3998150650983623
3 After Forming Government,3_after_forming_government,3168,তুমি কথা না বললে বাল ছিডা যাবেনা।,তুমি কথা না বললে বাল ছিডা যাবেনা,0,0.5009318183065221
3 After Forming Government,3_after_forming_government,3169,মোহাম্মাদ কাসীম-এর নেতৃত্বে মুসলিম উম্মাহর ঐক্যের আহ্বান তুলে ধরা হয়। প্রায় ১৮০ কোটি মুসলিম থাকা সত্ত্বেও আজ উম্মাহ বিভক্ত ও ন…,মোহাম্মাদ কাসীম এর নেতৃত্বে মুসলিম উম্মাহর ঐক্যের আহ্বান তুলে ধরা হয় প্রায় কোটি মুসলিম থাকা সত্ত্বেও আজ উম্মাহ বিভক্ত ও ন,2,0.8977736678121633
3 After Forming Government,3_after_forming_government,3170,পদত্যাগ করে ফেল,পদত্যাগ করে ফেল,0,0.2
3 After Forming Government,3_after_forming_government,3171,বিবেক বুদ্ধিকে শয়তানের ধোঁকার মধ্যে বিশ্রামে রেখে অতি আবেগকে সম্মান করে কথিত বীর বেসে রাস্তায় নেমে লাশ হয়ে ফিরার আগে একটু ভাবু…,বিবেক বুদ্ধিকে শয়তানের ধোঁকার মধ্যে বিশ্রামে রেখে অতি আবেগকে সম্মান করে কথিত বীর বেসে রাস্তায় নেমে লাশ হয়ে ফিরার আগে একটু ভাবু,4,0.4708570671843346
3 After Forming Government,3_after_forming_government,3172,গোপালভার,গোপালভার,0,0.2
3 After Forming Government,3_after_forming_government,3173,আগে সংবিধান রচৈয়তার পায়ে সালাম করে এসো,আগে সংবিধান রচৈয়তার পায়ে সালাম করে এসো,0,0.5495466450761576
3 After Forming Government,3_after_forming_government,3174,তোমরা দুর্নীতি বন্ধ করে আগে নিজেরা সংস্কার তৈরি কর! দেশের সংস্কার নিয়ে বসে থাকলে হবে না প্রিয়,তোমরা দুর্নীতি বন্ধ করে আগে নিজেরা সংস্কার তৈরি কর দেশের সংস্কার নিয়ে বসে থাকলে হবে না প্রিয়,1,0.7621577933130854
3 After Forming Government,3_after_forming_government,3175,"""দল যার যার, এনসিপি পিটানোর দায়িত্ব সবার,""",দল যার যার এনসিপি পিটানোর দায়িত্ব সবার,4,0.8650225736721331
3 After Forming Government,3_after_forming_government,3176,"""বর্তমানে কি সংবিধান আছে, সংস্কার কোন সংবিধানের করতে হবে, বাস্তবায়ন কোন সংবিধান হবে, তা জনসম্মুখে দেখানো হোক। সকল,সমস্যা র ব্যাখা কোন চ্যানেল এর মাধ্যমে জনগনকে বুঝিয়ে দেওয়া হোক।""",বর্তমানে কি সংবিধান আছে সংস্কার কোন সংবিধানের করতে হবে বাস্তবায়ন কোন সংবিধান হবে তা জনসম্মুখে দেখানো হোক সকল সমস্যা র ব্যাখা কোন চ্যানেল এর মাধ্যমে জনগনকে বুঝিয়ে দেওয়া হোক,4,0.9588814982288499
3 After Forming Government,3_after_forming_government,3177,"""জুলাই সনদ বাস্তবায়ন না করলে,, এই সংসদ অবৈধ,, ৭২ সংবিধান দেশ চললে,, ৭২ সংবিধানে নির্বাচন ২৯ সালে,, জুলাই সনদ বাস্তবায়ন না হলে জুলাই যোদ্ধারা আবার রাস্তায় নামবো""",জুলাই সনদ বাস্তবায়ন না করলে এই সংসদ অবৈধ সংবিধান দেশ চললে সংবিধানে নির্বাচন সালে জুলাই সনদ বাস্তবায়ন না হলে জুলাই যোদ্ধারা আবার রাস্তায় নামবো,4,0.9596513898612699
3 After Forming Government,3_after_forming_government,3178,জামিন দেওয়া শুরু হয়ে গেছে আমাদের সব জয়বাংলা নেতাদেরকে জামিন দেওয়া হোক ধন্যবাদ প্রধানমন্ত্রী তারেক রহমান স্যারকে,জামিন দেওয়া শুরু হয়ে গেছে আমাদের সব জয়বাংলা নেতাদেরকে জামিন দেওয়া হোক ধন্যবাদ প্রধানমন্ত্রী তারেক রহমান স্যারকে,4,0.8051797928322146
3 After Forming Government,3_after_forming_government,3179,"""আরে বেডা তুই হত্যাকারী, পুলিশ হত্যাকারী তোর কিসের কথা, , তোর তো বিচার হবে""",আরে বেডা তুই হত্যাকারী পুলিশ হত্যাকারী তোর কিসের কথা তোর তো বিচার হবে,0,0.6078725280775972
3 After Forming Government,3_after_forming_government,3180,"""কোটার জায়গা কোটা রইল, জুলাই গেল জলে। ফকিন্নির পোলারা নেতা হইল, লীগের লুঙ্গির তলে।""",কোটার জায়গা কোটা রইল জুলাই গেল জলে ফকিন্নির পোলারা নেতা হইল লীগের লুঙ্গির তলে,3,0.9255966656441187
3 After Forming Government,3_after_forming_government,3181,"""১৭ বছর দলীয়করণের বিরুদ্ধে বললেন, আর এখন নিজেরাই সারাদেশ দলীয়করণ করলেন এটার নাম-ই মুনাফিকি।""",বছর দলীয়করণের বিরুদ্ধে বললেন আর এখন নিজেরাই সারাদেশ দলীয়করণ করলেন এটার নাম ই মুনাফিকি,2,0.36305228636894465
3 After Forming Government,3_after_forming_government,3182,আমরা রাজপথের প্রস্তুতিও নিচ্ছি। - নাহিদ ইসলাম,আমরা রাজপথের প্রস্তুতিও নিচ্ছি নাহিদ ইসলাম,4,0.5122470804540467
3 After Forming Government,3_after_forming_government,3183,"""অবশ্যই খাবেন, যুদ্ধ করে আপনারা স্বাধীন করেছেন। প্রয়োজনে রাস্তার ইট খুলে বাড়ি নিয়ে যাবেন।""",অবশ্যই খাবেন যুদ্ধ করে আপনারা স্বাধীন করেছেন প্রয়োজনে রাস্তার ইট খুলে বাড়ি নিয়ে যাবেন,3,0.9420954546227965
3 After Forming Government,3_after_forming_government,3184,"""সমঝোতা বলেও তো একটা ব্যাপার থাকে। সব তো বুঝলাম, রাতের বেলায় সানগ্লাস কি কাজে আসে ?""",সমঝোতা বলেও তো একটা ব্যাপার থাকে সব তো বুঝলাম রাতের বেলায় সানগ্লাস কি কাজে আসে,0,0.39760952844877334
3 After Forming Government,3_after_forming_government,3185,হাট ঘাট খাওয়া শেষ হলে মানচিত্রটাও খেয়ে নিও,হাট ঘাট খাওয়া শেষ হলে মানচিত্রটাও খেয়ে নিও,2,0.5251607450323594
3 After Forming Government,3_after_forming_government,3186,আহারে ১৭ বছর না খাইয়া আছে!,আহারে বছর না খাইয়া আছে,2,0.5021287512986689
3 After Forming Government,3_after_forming_government,3187,দলকানাগুলো দেখি রাতকানাও,দলকানাগুলো দেখি রাতকানাও,2,0.5957966526260488
3 After Forming Government,3_after_forming_government,3188,পিছন দিয়ে ভরে দিলে?,পিছন দিয়ে ভরে দিলে,3,0.7986174036295323
3 After Forming Government,3_after_forming_government,3189,সমঝোতা করে খাও মনে রাখবা বাবার সম্পত্তি মিলে মিশে খাঁ ওয়া ভালো,সমঝোতা করে খাও মনে রাখবা বাবার সম্পত্তি মিলে মিশে খাঁ ওয়া ভালো,1,0.5527198469681295
3 After Forming Government,3_after_forming_government,3190,"""ভোট দেবো ধানের শীষে, চাঁদা তুলবো মিলেমিশে।""",ভোট দেবো ধানের শীষে চাঁদা তুলবো মিলেমিশে,0,0.8660893247600302
3 After Forming Government,3_after_forming_government,3191,হাট আর ঘাঁট কি মুখ দিয়ে ঢুকবে।,হাট আর ঘাঁট কি মুখ দিয়ে ঢুকবে,2,0.4002493221336915
3 After Forming Government,3_after_forming_government,3192,জ্বি ভাই বাজারে ডাস্টবিনও আছে৷ আর নিচে নাই গেলাম৷,জ্বি ভাই বাজারে ডাস্টবিনও আছে৷ আর নিচে নাই গেলাম৷,2,0.5174648051758383
3 After Forming Government,3_after_forming_government,3193,"""ঠিক বলেছেন নেতা, হাট-ঘাট-মাঠ- এমন কি টয়লেটও খেতে হবে, বাদ দেয়া যাবেনা কোন কিছুই""",ঠিক বলেছেন নেতা হাট ঘাট মাঠ এমন কি টয়লেটও খেতে হবে বাদ দেয়া যাবেনা কোন কিছুই,2,0.37688107268914084
3 After Forming Government,3_after_forming_government,3194,খেতে খেতে ব্লাস্ট না হয়ে যায়,খেতে খেতে ব্লাস্ট না হয়ে যায়,1,0.797541368640167
3 After Forming Government,3_after_forming_government,3195,সমঝোতা করে খেলেই হয়। রেজাউল রনিকে এই ক্ষেত্রে দাওয়াত দেয়া উচিত।,সমঝোতা করে খেলেই হয় রেজাউল রনিকে এই ক্ষেত্রে দাওয়াত দেয়া উচিত,4,0.3530142611813749
3 After Forming Government,3_after_forming_government,3196,কমেন্ট পড়াও একটা সাহিত্য চর্চার মতো কেননা হৃদয়ের কথা লিখেছে কমেন্টে।,কমেন্ট পড়াও একটা সাহিত্য চর্চার মতো কেননা হৃদয়ের কথা লিখেছে কমেন্টে,2,0.7989752976904323
3 After Forming Government,3_after_forming_government,3197,হা হা জয়যুক্ত হয়েছে ভাই।,হা হা জয়যুক্ত হয়েছে ভাই,0,0.796510027641015
3 After Forming Government,3_after_forming_government,3198,"""অবশ্যই খাবেন, প্রয়োজনের বাথরুমের পায়খানাও খাবেন""",অবশ্যই খাবেন প্রয়োজনের বাথরুমের পায়খানাও খাবেন,3,0.7998874663026243
3 After Forming Government,3_after_forming_government,3199,তাহলে ত চাঁদাবাজিতে আমাদেরও হক আছে,তাহলে ত চাঁদাবাজিতে আমাদেরও হক আছে,0,0.7942788346102944
3 After Forming Government,3_after_forming_government,3200,"""ভাই রোজা রমজানের মাস,,, দয়া করে রাতে ইফতারে পর খাইয়েন,""",ভাই রোজা রমজানের মাস দয়া করে রাতে ইফতারে পর খাইয়েন,0,0.7652413202472383
3 After Forming Government,3_after_forming_government,3201,সাহরি খেয়ে নাও সময় আছে আর মাত্র ৫ ।,সাহরি খেয়ে নাও সময় আছে আর মাত্র,4,0.4151845799392637
3 After Forming Government,3_after_forming_government,3202,"""মাদক মুক্ত বাংলাদেশ চাই, এতে ছাত্র জনতা সহ সাধারণ জনগন সবাই কে এগিয়ে এসে পুলিশ কে সহযোগিতা করা উচিত, পুলিশের বিরুদ্ধে অবস্থান নয়।""",মাদক মুক্ত বাংলাদেশ চাই এতে ছাত্র জনতা সহ সাধারণ জনগন সবাই কে এগিয়ে এসে পুলিশ কে সহযোগিতা করা উচিত পুলিশের বিরুদ্ধে অবস্থান নয়,3,0.9588817734238222
3 After Forming Government,3_after_forming_government,3203,হাট ঘাট কি রান্না করে খায় নাকি সালাদ হিসেবে কেউ জানলে জানাবেন।,হাট ঘাট কি রান্না করে খায় নাকি সালাদ হিসেবে কেউ জানলে জানাবেন,2,0.7292592621762658
3 After Forming Government,3_after_forming_government,3204,ঠিক আছে । হাট-ঘাট খা আর ভাত খাওয়া লাগবে না,ঠিক আছে হাট ঘাট খা আর ভাত খাওয়া লাগবে না,2,0.5654118751941283
3 After Forming Government,3_after_forming_government,3205,এইবার ম‌নে হয় সারা‌বি‌শ্বে একই‌দি‌নে ঈদ হবে!,এইবার মনে হয় সারাবিশ্বে একইদিনে ঈদ হবে,1,0.7306603588228505
3 After Forming Government,3_after_forming_government,3206,লিঠার যেহেতু বলছে তাহলে ঠিকেই বলেছে,লিঠার যেহেতু বলছে তাহলে ঠিকেই বলেছে,0,0.5960751281202368
3 After Forming Government,3_after_forming_government,3207,অতিরিক্ত খাইতে যেয়ে যেনো পেট নষ্ট না হয় এইদিকে খেয়াল রাইখেন?,অতিরিক্ত খাইতে যেয়ে যেনো পেট নষ্ট না হয় এইদিকে খেয়াল রাইখেন,2,0.36837494667752174
3 After Forming Government,3_after_forming_government,3208,"""ok,আর যেনো কেউ না খায়!!!""",ok আর যেনো কেউ না খায়,2,0.7331151924240196
3 After Forming Government,3_after_forming_government,3209,"""চাঁন্দা না সমঝোতা বলবা''। নেতার নাম খাম্বা না """"বৈদ্যুতিক খুঁটি বলবা""""""",চাঁন্দা না সমঝোতা বলবা নেতার নাম খাম্বা না বৈদ্যুতিক খুঁটি বলবা,1,0.4508455271239659
3 After Forming Government,3_after_forming_government,3210,"""মাশা আল্লাহ! আগামী পাঁচ মাসেই এই রেকর্ড ভেঙে নতুন ইতিহাস গড়বে—এটাই আশা, কারণ তারা দুর্দান্ত গতিতে এগিয়ে চলছে।…""",মাশা আল্লাহ আগামী পাঁচ মাসেই এই রেকর্ড ভেঙে নতুন ইতিহাস গড়বে এটাই আশা কারণ তারা দুর্দান্ত গতিতে এগিয়ে চলছে,4,0.5368260545314905
3 After Forming Government,3_after_forming_government,3211,ভাই আমার সত্যবাদী মনের ভেতরে কোন কথাই রাখেন না।…,ভাই আমার সত্যবাদী মনের ভেতরে কোন কথাই রাখেন না,4,0.5268149738120779
3 After Forming Government,3_after_forming_government,3212,Faruk Ahmed আপনার কোনটা??? হাট না ঘাট?,faruk ahmed আপনার কোনটা হাট না ঘাট,2,0.441285349421013
3 After Forming Government,3_after_forming_government,3213,কাকার কথায় আমি সহমত।,কাকার কথায় আমি সহমত,3,0.40006452713231877
3 After Forming Government,3_after_forming_government,3214,সমঝোতার মাধ্যমে খেলে আশা করি পাপ হবেনা,সমঝোতার মাধ্যমে খেলে আশা করি পাপ হবেনা,2,0.5449646793831234
3 After Forming Government,3_after_forming_government,3215,এবার মনে হয়। বাংলাদেশ চেম্পিয়ন হতে পারে বিশ্বে। তাহলে জুলাই যোদ্ধারা সবাই এ কাজ করতে পাড়বে।,এবার মনে হয় বাংলাদেশ চেম্পিয়ন হতে পারে বিশ্বে তাহলে জুলাই যোদ্ধারা সবাই এ কাজ করতে পাড়বে,1,0.7046942822484182
3 After Forming Government,3_after_forming_government,3216,কেন নয় সবি তো তোমাদের,কেন নয় সবি তো তোমাদের,3,0.7971761271584309
3 After Forming Government,3_after_forming_government,3217,"""হাট ঘাট ওর বাবা তৈরি করেছে, তাই সমঝোতার মাধ্যমে খাবে ।""",হাট ঘাট ওর বাবা তৈরি করেছে তাই সমঝোতার মাধ্যমে খাবে,2,0.6451807219479027
3 After Forming Government,3_after_forming_government,3218,চিন্তা চেতনায় ধ্যানে জ্ঞানে খাওয়া ছাড়া কথা নাই,চিন্তা চেতনায় ধ্যানে জ্ঞানে খাওয়া ছাড়া কথা নাই,2,0.5082886757499444
3 After Forming Government,3_after_forming_government,3219,কথায় যুক্তি আছে,কথায় যুক্তি আছে,3,0.733330509465996
3 After Forming Government,3_after_forming_government,3220,"""বাহ্ উনি তো চমৎকার কথা বলেছেন, কথায় যুক্তি আছে...!""",বাহ্ উনি তো চমৎকার কথা বলেছেন কথায় যুক্তি আছে,2,0.5997328708447646
3 After Forming Government,3_after_forming_government,3221,তাই বলে রাতের বেলা মানুষ চোখে সানগ্লাস দেয়,তাই বলে রাতের বেলা মানুষ চোখে সানগ্লাস দেয়,0,0.7313776286003109
3 After Forming Government,3_after_forming_government,3222,"""হাটের ইট, মাঠের পানি, লগে লেট্টিনের গুও খাইছ""",হাটের ইট মাঠের পানি লগে লেট্টিনের গুও খাইছ,2,0.7998206920913801
3 After Forming Government,3_after_forming_government,3223,অন্যের ঘরের রান্না করা ভাতও নিবেন,অন্যের ঘরের রান্না করা ভাতও নিবেন,2,0.7325004597695217
3 After Forming Government,3_after_forming_government,3224,অলরেডি খাওয়া শুরু হয়েছে গুরু।,অলরেডি খাওয়া শুরু হয়েছে গুরু,0,0.7974034236484077
3 After Forming Government,3_after_forming_government,3225,খায়ে নে বেশি করে কিছু পর ডাবল দিতে হবে,খায়ে নে বেশি করে কিছু পর ডাবল দিতে হবে,1,0.4644646653306804
3 After Forming Government,3_after_forming_government,3226,বাহ! এই এতো তাদের মনের কথা!,বাহ এই এতো তাদের মনের কথা,4,0.7971420059160709
3 After Forming Government,3_after_forming_government,3227,বাহ! কি চমৎকার তাদের প্লান,বাহ কি চমৎকার তাদের প্লান,2,0.7315938771967231
3 After Forming Government,3_after_forming_government,3228,হুম.... সেটাই তো কথা,হুম সেটাই তো কথা,2,0.7330026760600588
3 After Forming Government,3_after_forming_government,3229,শুধু হাট-ঘাট কেন হাম্মাম খানাসহ খা ।,শুধু হাট ঘাট কেন হাম্মাম খানাসহ খা,2,0.7999995964379988
3 After Forming Government,3_after_forming_government,3230,সবকিছুই সমঝোতা,সবকিছুই সমঝোতা,1,0.40047850547278313
3 After Forming Government,3_after_forming_government,3231,"""সবে তো শুরু, এখনো তো অনেক কিছু বাকি।""",সবে তো শুরু এখনো তো অনেক কিছু বাকি,0,0.5497398131434176
3 After Forming Government,3_after_forming_government,3232,ওক্যরে ঠিক কথা -- চালিয়ে যান বস,ওক্যরে ঠিক কথা চালিয়ে যান বস,0,0.6397086323540415
3 After Forming Government,3_after_forming_government,3233,সেহরি ইফতারি খাওয়ার ইচ্ছে থাকলে তো আর হাট ঘাট খাওয়া লাগতো না খেকু,সেহরি ইফতারি খাওয়ার ইচ্ছে থাকলে তো আর হাট ঘাট খাওয়া লাগতো না খেকু,2,0.8850103734103767
3 After Forming Government,3_after_forming_government,3234,রাতের বেলায় সানগ্লাস পরার মাঝে এক পইসাশিক আনন্দ আছে দেখে মনে হচ্ছে শরীরে একটা ভাব এসে যায়,রাতের বেলায় সানগ্লাস পরার মাঝে এক পইসাশিক আনন্দ আছে দেখে মনে হচ্ছে শরীরে একটা ভাব এসে যায়,0,0.5585783372438407
3 After Forming Government,3_after_forming_government,3235,"""ভাই ঠিকই বলেছেন, আপনার চেহারার সাথে কথাটা খুব মিলে।""",ভাই ঠিকই বলেছেন আপনার চেহারার সাথে কথাটা খুব মিলে,2,0.48065206967108326
3 After Forming Government,3_after_forming_government,3236,সবে খেলা শুরু গুরু পিকচার আবি বাকি হে মেরি দোস্ত।,সবে খেলা শুরু গুরু পিকচার আবি বাকি হে মেরি দোস্ত,0,0.8389358245028834
3 After Forming Government,3_after_forming_government,3237,স্বাস্থ্য দেখে তো অন্য খাদক মনে হচ্ছে,স্বাস্থ্য দেখে তো অন্য খাদক মনে হচ্ছে,1,0.799294335347151
3 After Forming Government,3_after_forming_government,3238,"""আমিও আন্দোলনের পিছনে থাকা সে একজন, আমারও দরকার আছে হাট-ঘাট।""",আমিও আন্দোলনের পিছনে থাকা সে একজন আমারও দরকার আছে হাট ঘাট,1,0.5375416236824736
3 After Forming Government,3_after_forming_government,3239,"""Apnar ma bon re deikha raikhen, kobe je ogulo khawa suru kore mamu""",apnar ma bon re deikha raikhen kobe je ogulo khawa suru kore mamu,1,0.638914716900504
3 After Forming Government,3_after_forming_government,3240,"""17 বছরের ক্ষুধার্ত আপনারা, দেশটা একসাথে খাইয়েন না。 …""",বছরের ক্ষুধার্ত আপনারা দেশটা একসাথে খাইয়েন না,3,0.8635700519591605
3 After Forming Government,3_after_forming_government,3241,তাহলে তুমি বাদ যাবা কেন? MD Rakibul Islam Bappy …,তাহলে তুমি বাদ যাবা কেন md rakibul islam bappy,4,0.8394423837406166
3 After Forming Government,3_after_forming_government,3242,আলহামদুলিল্লাহ দেখেও শান্তি। এই জাতির জন্য এইগুলাই ঠিক আছে। ভোট দিবেন ভাই কিসে? ধানের শীষে,আলহামদুলিল্লাহ দেখেও শান্তি এই জাতির জন্য এইগুলাই ঠিক আছে ভোট দিবেন ভাই কিসে ধানের শীষে,0,0.567177709393308
3 After Forming Government,3_after_forming_government,3243,খেলা কোন লেভেলে..?,খেলা কোন লেভেলে,0,0.7323331600304908
3 After Forming Government,3_after_forming_government,3244,অবশ্যই আমি একমত তারাই সব খাবে দেখবে অন্যেরা শুধু চাইয়া দেখ,অবশ্যই আমি একমত তারাই সব খাবে দেখবে অন্যেরা শুধু চাইয়া দেখ,3,0.533428080020858
3 After Forming Government,3_after_forming_government,3245,অনেক ভালো প্রস্তাব। আইন প্রশাসন এবং বিচার ব্যবস্থা তাদের কথাটা একবার চিন্তা করতেও পারে। হা হা হা......,অনেক ভালো প্রস্তাব আইন প্রশাসন এবং বিচার ব্যবস্থা তাদের কথাটা একবার চিন্তা করতেও পারে হা হা হা,2,0.9363577705305535
3 After Forming Government,3_after_forming_government,3246,সেটা কিন্তু অবশ্যই সমঝোতার ভিত্তিতে হতে হবে। কেমন--,সেটা কিন্তু অবশ্যই সমঝোতার ভিত্তিতে হতে হবে কেমন,2,0.5447794605576107
3 After Forming Government,3_after_forming_government,3247,একদম মনের ভেতরের কথাডা কইয়া ফালাইছেন বড় ভাই।,একদম মনের ভেতরের কথাডা কইয়া ফালাইছেন বড় ভাই,4,0.6078334568836934
3 After Forming Government,3_after_forming_government,3248,"""বাহ বাহ চমৎকার কথা,খুব ভালো লাগলো, উল্লুকা পাঠার দল""",বাহ বাহ চমৎকার কথা খুব ভালো লাগলো উল্লুকা পাঠার দল,2,0.8847442595842973
3 After Forming Government,3_after_forming_government,3249,সমঝোতার মাধ্যমে খেলে কোনো সমস্যা নাই,সমঝোতার মাধ্যমে খেলে কোনো সমস্যা নাই,2,0.44077740041700186
3 After Forming Government,3_after_forming_government,3250,কথায় যুক্তি আছে,কথায় যুক্তি আছে,3,0.733330509465996
3 After Forming Government,3_after_forming_government,3251,ঠিকিত বলেছে ভাই আমার,ঠিকিত বলেছে ভাই আমার,1,0.7311077430873554
3 After Forming Government,3_after_forming_government,3252,সমঝোতা করে খাও ভাই।,সমঝোতা করে খাও ভাই,1,0.7990411180352042
3 After Forming Government,3_after_forming_government,3253,সমঝোতা করে খেলে ভালো হয়,সমঝোতা করে খেলে ভালো হয়,1,0.7966938362374046
3 After Forming Government,3_after_forming_government,3254,আমাকেও একটু দিয়েন আমি ও আন্দোলনের সাথে জড়িত ছিলাম,আমাকেও একটু দিয়েন আমি ও আন্দোলনের সাথে জড়িত ছিলাম,1,0.532428932038813
3 After Forming Government,3_after_forming_government,3255,তবে মিলেমিশে খাওয়াটা ভালো।,তবে মিলেমিশে খাওয়াটা ভালো,2,0.7315598481213279
3 After Forming Government,3_after_forming_government,3256,"""আর যে মাস্টারমাইন্ড ছিলো সে পুরো দেশ পুরো মানচিত্র ,জয় খায় খায় দল""",আর যে মাস্টারমাইন্ড ছিলো সে পুরো দেশ পুরো মানচিত্র জয় খায় খায় দল,3,0.45074452908382917
3 After Forming Government,3_after_forming_government,3257,"""Belal Uddin, MD Jahangir Alam, Abdur Rahim Rahul কি খবর বড় ভাইয়েরা""",belal uddin md jahangir alam abdur rahim rahul কি খবর বড় ভাইয়েরা,4,0.5475061553319132
3 After Forming Government,3_after_forming_government,3258,ঠিক ভাই ঠিক,ঠিক ভাই ঠিক,4,0.7981977846310724
3 After Forming Government,3_after_forming_government,3259,সাবধান বেশি খাইলে কিন্তু বদহজম হয়,সাবধান বেশি খাইলে কিন্তু বদহজম হয়,1,0.7332786197875629
3 After Forming Government,3_after_forming_government,3260,লিটার যেহেতু বলছে তাহলে ঠিকেই বলেছে,লিটার যেহেতু বলছে তাহলে ঠিকেই বলেছে,0,0.5960751281202368
3 After Forming Government,3_after_forming_government,3261,বাহ চমৎকার,বাহ চমৎকার,2,0.7315938771967231
3 After Forming Government,3_after_forming_government,3262,দরকার আছে কথায় যুক্তি ও আছে।,দরকার আছে কথায় যুক্তি ও আছে,3,0.5500481018162402
3 After Forming Government,3_after_forming_government,3263,AR Shaiket আমরাও তো ছিলাম আমাগো হাট ঘাট কই?,ar shaiket আমরাও তো ছিলাম আমাগো হাট ঘাট কই,2,0.45765697999935
3 After Forming Government,3_after_forming_government,3264,Md Kajol ভাই দেওয়ান বাজার আজকে ই দখল দেন,md kajol ভাই দেওয়ান বাজার আজকে ই দখল দেন,4,0.8841165484971217
3 After Forming Government,3_after_forming_government,3265,ভাইটি রাতের বেলা সানগ্লাস পরে যখন বলছে তখন ঠিকই বলছে,ভাইটি রাতের বেলা সানগ্লাস পরে যখন বলছে তখন ঠিকই বলছে,0,0.8839204509658146
3 After Forming Government,3_after_forming_government,3266,চারদিকে শুধু খাইয়া আর খাইয়া,চারদিকে শুধু খাইয়া আর খাইয়া,2,0.7333306476502016
3 After Forming Government,3_after_forming_government,3267,"""চলার পথে সমালোচনা থাকবেই, আপনি সেদিকে কান না দিয়ে সোজা পাবনার দিকে এগিয়ে যান।""",চলার পথে সমালোচনা থাকবেই আপনি সেদিকে কান না দিয়ে সোজা পাবনার দিকে এগিয়ে যান,0,0.8845813248686224
3 After Forming Government,3_after_forming_government,3268,ভোট দিবো কিসে ধানের শীষে।,ভোট দিবো কিসে ধানের শীষে,0,0.866560069723138
3 After Forming Government,3_after_forming_government,3269,"""আর বাসস্ট্যান্ড, টেম্পুস্ট্যান্ড খাবে স্বেচ্ছাসেবক দল""",আর বাসস্ট্যান্ড টেম্পুস্ট্যান্ড খাবে স্বেচ্ছাসেবক দল,2,0.7300961298797323
3 After Forming Government,3_after_forming_government,3270,কালা চশমা না লাগালে মনে হয় নেতা হওয়া যায় না,কালা চশমা না লাগালে মনে হয় নেতা হওয়া যায় না,3,0.6360773038883888
3 After Forming Government,3_after_forming_government,3271,"""ভোটটা দিবো কিসে,,, ধানের শীষে""",ভোটটা দিবো কিসে ধানের শীষে,0,0.8399591897675672
3 After Forming Government,3_after_forming_government,3272,"""এরা প্রকাশ্যে চান্দার পক্ষ নিচ্ছে, তবে এদের দৌড় সর্বোচ্চ আগামী দুই বছর""",এরা প্রকাশ্যে চান্দার পক্ষ নিচ্ছে তবে এদের দৌড় সর্বোচ্চ আগামী দুই বছর,2,0.9086501456705544
3 After Forming Government,3_after_forming_government,3273,অবশ্যই বস খাবেন সাবধানে খাইয়েন যাতে ইট বালু গলায় না আটকে লক্ষ রাখবেন,অবশ্যই বস খাবেন সাবধানে খাইয়েন যাতে ইট বালু গলায় না আটকে লক্ষ রাখবেন,2,0.6655271123603497
3 After Forming Government,3_after_forming_government,3274,সুন্দর বলছে,সুন্দর বলছে,4,0.40000856486682895
3 After Forming Government,3_after_forming_government,3275,কথা ক্ল‌িয়ার,কথা ক্লিয়ার,0,0.5995853380711875
3 After Forming Government,3_after_forming_government,3276,সময়ের সঠিক সিদ্ধান্ত,সময়ের সঠিক সিদ্ধান্ত,4,0.798715405478136
3 After Forming Government,3_after_forming_government,3277,হ ভাই চালিয়ে যান কোন সমস্যা নাই,হ ভাই চালিয়ে যান কোন সমস্যা নাই,0,0.8844843542482375
3 After Forming Government,3_after_forming_government,3278,Wonderful khaw Bhai asto gorur roast khaw... Heart block hoye joldi Moro.. parle ektu ratom khaiyya feilo,wonderful khaw bhai asto gorur roast khaw heart block hoye joldi moro parle ektu ratom khaiyya feilo,1,0.7333219948223216
3 After Forming Government,3_after_forming_government,3279,ও তাইতো আমার তো মনে ছিল না,ও তাইতো আমার তো মনে ছিল না,1,0.5987528538791075
3 After Forming Government,3_after_forming_government,3280,বেশি দেরি না জয়বাংলা হয়ে যাবেন,বেশি দেরি না জয়বাংলা হয়ে যাবেন,1,0.7968661283214985
3 After Forming Government,3_after_forming_government,3281,মাশাল্লাহ সমঝোতা বলে কথা,মাশাল্লাহ সমঝোতা বলে কথা,1,0.4910859492138716
3 After Forming Government,3_after_forming_government,3282,তাহলে রেডি হয়ে যাও গোয়াল ঘরের ভাত খাওয়ার জন্য নেতার অর্ডার,তাহলে রেডি হয়ে যাও গোয়াল ঘরের ভাত খাওয়ার জন্য নেতার অর্ডার,0,0.5668876808243699
3 After Forming Government,3_after_forming_government,3283,ভোট দিবা খাইতে দিবা না তা হবে না,ভোট দিবা খাইতে দিবা না তা হবে না,2,0.30002656693920193
3 After Forming Government,3_after_forming_government,3284,ঠিিিিিিিিিিিিিিিিিিিিিিিিিিিিক।,ঠিিিিিিিিিিিিিিিিিিিিিিিিিিিিক,0,0.2
3 After Forming Government,3_after_forming_government,3285,নতুন,নতুন,4,0.5986589067564073
3 After Forming Government,3_after_forming_government,3286,অনেক সময় রাস্তাঘাটে গু পরে থাকে এগুলাও কি খাবে? ক্লিয়ার করে কথা বলেন আপনাদের এই এক দোষ,অনেক সময় রাস্তাঘাটে গু পরে থাকে এগুলাও কি খাবে ক্লিয়ার করে কথা বলেন আপনাদের এই এক দোষ,2,0.9090853468844717
3 After Forming Government,3_after_forming_government,3287,সহমত,সহমত,2,0.599995639641663
3 After Forming Government,3_after_forming_government,3288,আপনাদের অনেক পরিশ্রম হইছে খান এখনই সময়,আপনাদের অনেক পরিশ্রম হইছে খান এখনই সময়,1,0.4161348723734021
3 After Forming Government,3_after_forming_government,3289,বাহ্ কি সুন্দর বানী।এই হলো নেতা যার থাকবেনা কয় পর খেতা।,বাহ্ কি সুন্দর বানী এই হলো নেতা যার থাকবেনা কয় পর খেতা,4,0.7657759133496943
3 After Forming Government,3_after_forming_government,3290,ঠিক আছে,ঠিক আছে,4,0.5999992496587379
3 After Forming Government,3_after_forming_government,3291,রাজনীতি টা ব্যাবসা প্রতিষ্ঠান বানিয়ে নিয়েছে।,রাজনীতি টা ব্যাবসা প্রতিষ্ঠান বানিয়ে নিয়েছে,4,0.8397040806428455
3 After Forming Government,3_after_forming_government,3292,Gu kha,gu kha,0,0.5999889848370713
3 After Forming Government,3_after_forming_government,3293,টয়লেট ও খাইস,টয়লেট ও খাইস,4,0.4001848404706991
3 After Forming Government,3_after_forming_government,3294,ঘাটখেকো। আফসোস দেশটায় ব্যবসা করে শান্তি নেই।,ঘাটখেকো আফসোস দেশটায় ব্যবসা করে শান্তি নেই,1,0.7982530871359087
3 After Forming Government,3_after_forming_government,3295,ওকে,ওকে,2,0.5988472318011608
3 After Forming Government,3_after_forming_government,3296,এইবার ঠিক আছে,এইবার ঠিক আছে,4,0.73125901163333
3 After Forming Government,3_after_forming_government,3297,জি আচ্ছা খান!,জি আচ্ছা খান,1,0.5504034127923597
3 After Forming Government,3_after_forming_government,3298,সমঝোতায় চলবে সব,সমঝোতায় চলবে সব,1,0.5993021908139008
3 After Forming Government,3_after_forming_government,3299,"""কোন কথা নাই,সোজা বহিষ্কার""",কোন কথা নাই সোজা বহিষ্কার,0,0.838425374871611
3 After Forming Government,3_after_forming_government,3300,জনগন এটা পছন্দ করে না। একটি ভাল কাজ করে টাকা আয় করুন।,জনগন এটা পছন্দ করে না একটি ভাল কাজ করে টাকা আয় করুন,1,0.49909897088810345
3 After Forming Government,3_after_forming_government,3301,খাইতে থাকেন,খাইতে থাকেন,2,0.7323280917374558
3 After Forming Government,3_after_forming_government,3302,লাগাতে লাগা আরও ধান লাগা,লাগাতে লাগা আরও ধান লাগা,0,0.2
3 After Forming Government,3_after_forming_government,3303,একটু সমঝোতা করে নিলে ভালো হতো,একটু সমঝোতা করে নিলে ভালো হতো,1,0.8651647191509461
3 After Forming Government,3_after_forming_government,3304,ভাই এখন তো চামচাদেরই ডিমান্ড বেশি।।।,ভাই এখন তো চামচাদেরই ডিমান্ড বেশি,1,0.7312501337740377
3 After Forming Government,3_after_forming_government,3305,খাওক,খাওক,0,0.2
3 After Forming Government,3_after_forming_government,3306,পায়খানা ইয়ে মানে পাবলিক টয়লেট খাবেনা?,পায়খানা ইয়ে মানে পাবলিক টয়লেট খাবেনা,4,0.8399163523895516
3 After Forming Government,3_after_forming_government,3307,হুম তাই তো,হুম তাই তো,2,0.599991065830735
3 After Forming Government,3_after_forming_government,3308,ইনসাফভিত্তিক বন্টন,ইনসাফভিত্তিক বন্টন,0,0.2
3 After Forming Government,3_after_forming_government,3309,ও আইচ্ছা।,ও আইচ্ছা,1,0.5999804231225615
3 After Forming Government,3_after_forming_government,3310,ঘাট পাবে যে নৌকা দিয়ে মানুষ পারাপারের কাজ করে।,ঘাট পাবে যে নৌকা দিয়ে মানুষ পারাপারের কাজ করে,4,0.5330865075561969
3 After Forming Government,3_after_forming_government,3311,বিএনপির উচিত ছাত্রদল এবং যুবদল বাদে অন্য সকল সংগঠনের সঙ্গে সম্পৃক্ততার বিষয়টি নিশ্চিত করা,বিএনপির উচিত ছাত্রদল এবং যুবদল বাদে অন্য সকল সংগঠনের সঙ্গে সম্পৃক্ততার বিষয়টি নিশ্চিত করা,3,0.8981840980091259
3 After Forming Government,3_after_forming_government,3312,ওকে,ওকে,2,0.5988472318011608
3 After Forming Government,3_after_forming_government,3313,দেশে হচ্ছেটা কি,দেশে হচ্ছেটা কি,1,0.5981291969935731
3 After Forming Government,3_after_forming_government,3314,বিএনপি'র কোন নেতাও কর্মী আন্দোলনে ছিল না,বিএনপি র কোন নেতাও কর্মী আন্দোলনে ছিল না,4,0.8385033497581205
3 After Forming Government,3_after_forming_government,3315,৩০০ টাকার বিনিময়ে যে সরকার বানিয়েছে জনগন তার থেকে আর ভালো কি আশা করা যায়,টাকার বিনিময়ে যে সরকার বানিয়েছে জনগন তার থেকে আর ভালো কি আশা করা যায়,2,0.8832510121107527
3 After Forming Government,3_after_forming_government,3316,বেশি খাইলে দাঁতে পোকা ধরবে...,বেশি খাইলে দাঁতে পোকা ধরবে,1,0.7332786197875629
3 After Forming Government,3_after_forming_government,3317,হাট ঘাট সবি উপজেলা পরিশোধ লোকের তোলা উচিত। কারন নেতারা হাটের/ঘাটের টেন্ডার নেয় ১০০০ টাকায় আর সাধারণ মানুষের কাছ থেকে ভিক্ষা তুলে ১০০০০০ টাকা।,হাট ঘাট সবি উপজেলা পরিশোধ লোকের তোলা উচিত কারন নেতারা হাটের ঘাটের টেন্ডার নেয় টাকায় আর সাধারণ মানুষের কাছ থেকে ভিক্ষা তুলে টাকা,4,0.36106295815375167
3 After Forming Government,3_after_forming_government,3318,বিশ্বের সব দেশই চাদাবাজি আছে কিন্তু বাংলাদেশে কোন চাদাবাজি নাই। আছে সমঝোতা,বিশ্বের সব দেশই চাদাবাজি আছে কিন্তু বাংলাদেশে কোন চাদাবাজি নাই আছে সমঝোতা,0,0.7414062168706814
3 After Forming Government,3_after_forming_government,3319,মানে কি আন্দোলন করলেই কি অন্যায় ভাবে সব করা যাবে? তাহলে সত্যের পথে আন্দোলন করেছেন? নাকি একজন কে তাড়িয়ে অন্য জন দখল নিয়েছেন?,মানে কি আন্দোলন করলেই কি অন্যায় ভাবে সব করা যাবে তাহলে সত্যের পথে আন্দোলন করেছেন নাকি একজন কে তাড়িয়ে অন্য জন দখল নিয়েছেন,4,0.4512365880302537
3 After Forming Government,3_after_forming_government,3320,সবাই বলেন কবুল,সবাই বলেন কবুল,0,0.7980038155127829
3 After Forming Government,3_after_forming_government,3321,"""বেশি খাও খাও করবেন না, বেশি খাইলে বমি হবে।""",বেশি খাও খাও করবেন না বেশি খাইলে বমি হবে,1,0.8966078465852667
3 After Forming Government,3_after_forming_government,3322,রাইট,রাইট,3,0.5999880878325048
3 After Forming Government,3_after_forming_government,3323,মানচিত্র খাবি!,মানচিত্র খাবি,2,0.7333270976683941
3 After Forming Government,3_after_forming_government,3324,খাও খাও! এইনা হলো খাদকের মতো কথা,খাও খাও এইনা হলো খাদকের মতো কথা,1,0.8358360423236855
3 After Forming Government,3_after_forming_government,3325,আহারে আমার দেশ,আহারে আমার দেশ,1,0.7305968598764674
3 After Forming Government,3_after_forming_government,3326,সাব্বাস বেটা,সাব্বাস বেটা,3,0.4010999530308307
3 After Forming Government,3_after_forming_government,3327,খা,খা,2,0.5999990465113574
3 After Forming Government,3_after_forming_government,3328,Might is right,might is right,2,0.4000092711060531
3 After Forming Government,3_after_forming_government,3329,Engr Mohammad Monir Baig তুমি বন্ধু সংগ্রামী তোমার অধিকার বেশী,engr mohammad monir baig তুমি বন্ধু সংগ্রামী তোমার অধিকার বেশী,1,0.798670942782393
3 After Forming Government,3_after_forming_government,3330,খা খা ইচ্ছা মতো খা,খা খা ইচ্ছা মতো খা,2,0.8645661076532156
3 After Forming Government,3_after_forming_government,3331,টাটকী/টয়লেট /পায়খানা কে খাবে ভাই?,টাটকী টয়লেট পায়খানা কে খাবে ভাই,4,0.5901442845489505
3 After Forming Government,3_after_forming_government,3332,মামার বাড়ির আবদার,মামার বাড়ির আবদার,0,0.2
3 After Forming Government,3_after_forming_government,3333,"""এটা যৌক্তিক দাবি, সমর্থন জানাই।""",এটা যৌক্তিক দাবি সমর্থন জানাই,3,0.7328825347292344
3 After Forming Government,3_after_forming_government,3334,আলহামদুলিল্লাহ,আলহামদুলিল্লাহ,2,0.5999989241498305
3 After Forming Government,3_after_forming_government,3335,একটু পড়েই দল থেকে বহিষ্কার আদেশ পাবে বলে আমি মনে করি।,একটু পড়েই দল থেকে বহিষ্কার আদেশ পাবে বলে আমি মনে করি,1,0.6865408854753315
3 After Forming Government,3_after_forming_government,3336,"""জ্বি, আচ্ছা""",জ্বি আচ্ছা,1,0.40014748434056846
3 After Forming Government,3_after_forming_government,3337,হ ভাই মিলেমিশে খা,হ ভাই মিলেমিশে খা,2,0.7972695134491629
3 After Forming Government,3_after_forming_government,3338,"""খা, সমঝোতা করে খা,মারামারি করিছ না""",খা সমঝোতা করে খা মারামারি করিছ না,2,0.5501077599018165
3 After Forming Government,3_after_forming_government,3339,"""রাতের বেলায়ও চশমা লাগায়, কারণ হ্যাতে পাতিনেতা""",রাতের বেলায়ও চশমা লাগায় কারণ হ্যাতে পাতিনেতা,0,0.7333252694732919
3 After Forming Government,3_after_forming_government,3340,হাট ঘাট খাইতে খাইতে দেশটাই খাইয়া লও মামু।,হাট ঘাট খাইতে খাইতে দেশটাই খাইয়া লও মামু,2,0.8993568137852813
3 After Forming Government,3_after_forming_government,3341,ঠিক আছে চালাইয়া জাও,ঠিক আছে চালাইয়া জাও,4,0.5999992496587379
3 After Forming Government,3_after_forming_government,3342,সুন্দর! চমৎকার!!!,সুন্দর চমৎকার,4,0.4000163194032826
3 After Forming Government,3_after_forming_government,3343,ঠিক।,ঠিক,4,0.5999992496587379
3 After Forming Government,3_after_forming_government,3344,ইট ভাটা বিনা কাগজে চলে কেটাকা সন্ত্রাস মুক্ত করবে এইসে তাবগঞ্জে কর্মকর্তারা মানুষেরা,ইট ভাটা বিনা কাগজে চলে কেটাকা সন্ত্রাস মুক্ত করবে এইসে তাবগঞ্জে কর্মকর্তারা মানুষেরা,2,0.8389456329912907
3 After Forming Government,3_after_forming_government,3345,খা খা খা সব চুসে চুসে খা,খা খা খা সব চুসে চুসে খা,2,0.8399996903970519
3 After Forming Government,3_after_forming_government,3346,হাট ঘাটে আবার কী আছে?,হাট ঘাটে আবার কী আছে,2,0.7964728863795364
3 After Forming Government,3_after_forming_government,3347,কথা সইত্য,কথা সইত্য,0,0.2
3 After Forming Government,3_after_forming_government,3348,খাও সোনা খাও,খাও সোনা খাও,1,0.550211570346794
3 After Forming Government,3_after_forming_government,3349,কথায় যুক্তি আছে। খাবে,কথায় যুক্তি আছে খাবে,3,0.5499493247367305
3 After Forming Government,3_after_forming_government,3350,কি সুন্দর কথা,কি সুন্দর কথা,4,0.5999969507262538
3 After Forming Government,3_after_forming_government,3351,কথা ঠিক,কথা ঠিক,4,0.5999992496587379
3 After Forming Government,3_after_forming_government,3352,গু খাবে না?,গু খাবে না,2,0.7333310176597734
3 After Forming Government,3_after_forming_government,3353,একটু অপেক্ষা কর,একটু অপেক্ষা কর,1,0.5501465236190594
3 After Forming Government,3_after_forming_government,3354,"""হাটঘাট আর মাঠ, সরকারকে ইজারা দিয়ে নিতে হয়, এগুলো তো মানুষ দিয়েই পরিচালনা করতে হবে,""",হাটঘাট আর মাঠ সরকারকে ইজারা দিয়ে নিতে হয় এগুলো তো মানুষ দিয়েই পরিচালনা করতে হবে,2,0.41046373920162
3 After Forming Government,3_after_forming_government,3355,দলের নিতি তো ধরে রাখতে হবে,দলের নিতি তো ধরে রাখতে হবে,4,0.7978759631204041
3 After Forming Government,3_after_forming_government,3356,"""সুযোগ বুঝিয়ে ,,,,""",সুযোগ বুঝিয়ে,1,0.3996968470880269
3 After Forming Government,3_after_forming_government,3357,খেল খেল খেল,খেল খেল খেল,4,0.7995195579257794
3 After Forming Government,3_after_forming_government,3358,রোজার মাস যা খাওয়ার রাতের বেলা খাইছ। ের বেলা খাইছ না ।,রোজার মাস যা খাওয়ার রাতের বেলা খাইছ ের বেলা খাইছ না,0,0.8983518353513253
3 After Forming Government,3_after_forming_government,3359,ওকে,ওকে,2,0.5988472318011608
3 After Forming Government,3_after_forming_government,3360,নেতায় কিন্তু সোজা কথা বলছে,নেতায় কিন্তু সোজা কথা বলছে,0,0.7327652064435173
3 After Forming Government,3_after_forming_government,3361,এটাও খাবি,এটাও খাবি,2,0.5999943298722232
3 After Forming Government,3_after_forming_government,3362,এই নাহলে কিসের দর,এই নাহলে কিসের দর,4,0.3992597565175882
3 After Forming Government,3_after_forming_government,3363,ভাগাভাগি শুরু নাকি,ভাগাভাগি শুরু নাকি,0,0.400029237040999
3 After Forming Government,3_after_forming_government,3364,এবার ফিতরা সর্বনিম্ম ১১০ টাকা,এবার ফিতরা সর্বনিম্ম টাকা,4,0.46198692761403404
3 After Forming Government,3_after_forming_government,3365,খোঁজ নিলে দেখা যাবে ৫ই আগস্টের আগে সে ছাত্রলীগের লুংগির তলে ছিলো,খোঁজ নিলে দেখা যাবে ই আগস্টের আগে সে ছাত্রলীগের লুংগির তলে ছিলো,1,0.8851329559325818
3 After Forming Government,3_after_forming_government,3366,ধারুণ ধারুণ ধারুণ,ধারুণ ধারুণ ধারুণ,0,0.2
3 After Forming Government,3_after_forming_government,3367,ঠিক,ঠিক,4,0.5999992496587379
3 After Forming Government,3_after_forming_government,3368,মাশা-আল্লাহ,মাশা আল্লাহ,0,0.7329579462874413
3 After Forming Government,3_after_forming_government,3369,ঠিক আছে লিডার,ঠিক আছে লিডার,4,0.731456747591397
3 After Forming Government,3_after_forming_government,3370,সেটাই তো নায্য বিচার,সেটাই তো নায্য বিচার,2,0.726691149534452
3 After Forming Government,3_after_forming_government,3371,পুরানো কথা গুলো আস্তে আস্তে সত্যি হচ্ছে!,পুরানো কথা গুলো আস্তে আস্তে সত্যি হচ্ছে,1,0.5999922925555053
3 After Forming Government,3_after_forming_government,3372,কি কথা ক্লিয়ার? নাকি ভেজাল আছে?,কি কথা ক্লিয়ার নাকি ভেজাল আছে,0,0.5495471211432288
3 After Forming Government,3_after_forming_government,3373,খুবই ভালো সিন্ধান্ত,খুবই ভালো সিন্ধান্ত,2,0.7976854005589882
3 After Forming Government,3_after_forming_government,3374,ভাই আন্দোলনে তো আমারও অনেক অবদান আছে তাহলে আমি কি কিছু পাব ভাগে,ভাই আন্দোলনে তো আমারও অনেক অবদান আছে তাহলে আমি কি কিছু পাব ভাগে,1,0.5566787419377514
3 After Forming Government,3_after_forming_government,3375,অবশ্যই,অবশ্যই,3,0.5999972216315442
3 After Forming Government,3_after_forming_government,3376,Sharif Chowdhry আপনিও পাবেন,sharif chowdhry আপনিও পাবেন,3,0.7318616118434595
3 After Forming Government,3_after_forming_government,3377,তাইলে আমার ভাগের টা রাইখেন ভাই,তাইলে আমার ভাগের টা রাইখেন ভাই,4,0.8652309668544685
3 After Forming Government,3_after_forming_government,3378,ওর আব্বায় রাইখা গেছে তো gando,ওর আব্বায় রাইখা গেছে তো gando,0,0.5999920669577616
3 After Forming Government,3_after_forming_government,3379,পাগলের ও হাসি পাওয়ার মত কথা,পাগলের ও হাসি পাওয়ার মত কথা,2,0.7983079156322755
3 After Forming Government,3_after_forming_government,3380,Md. Mahmudul Islam Hope Less Munarul টিক আছে,md mahmudul islam hope less munarul টিক আছে,4,0.7331610759633569
3 After Forming Government,3_after_forming_government,3381,জোরে বলেন ঠিক কিনা,জোরে বলেন ঠিক কিনা,2,0.47585547019430147
3 After Forming Government,3_after_forming_government,3382,"""মানুষ মারিও না ভাই এমনি বুঝিয়ে নিও যে আমরা প্রতিবন্ধী আমাদের কর্ম নাই দেন, মানুষ মারলে তাদের পরিবার সন্তান আছে কষ্ট পাবে""",মানুষ মারিও না ভাই এমনি বুঝিয়ে নিও যে আমরা প্রতিবন্ধী আমাদের কর্ম নাই দেন মানুষ মারলে তাদের পরিবার সন্তান আছে কষ্ট পাবে,4,0.8608147415075703
3 After Forming Government,3_after_forming_government,3383,ঠিক আছে ভাই,ঠিক আছে ভাই,4,0.7293948617688314
3 After Forming Government,3_after_forming_government,3384,"""হ ভাই, আপনারা তো কোঠায় এগিয়ে আছেন আর আমরা জনগণ সব হরিদাস পাল!""",হ ভাই আপনারা তো কোঠায় এগিয়ে আছেন আর আমরা জনগণ সব হরিদাস পাল,3,0.5342618343064731
3 After Forming Government,3_after_forming_government,3385,ওর কথায় যুক্তি আছে,ওর কথায় যুক্তি আছে,3,0.5502453654289656
3 After Forming Government,3_after_forming_government,3386,দেশটা না খেলে কি হবে।,দেশটা না খেলে কি হবে,3,0.7302662488289564
3 After Forming Government,3_after_forming_government,3387,খাই খাই,খাই খাই,2,0.733328931568817
3 After Forming Government,3_after_forming_government,3388,পৈত্রিক সম্পত্তি মানুষ রইয়াসুয়া খায় বাবা তুমি বুঝে খাইও,পৈত্রিক সম্পত্তি মানুষ রইয়াসুয়া খায় বাবা তুমি বুঝে খাইও,2,0.7201598491114554
3 After Forming Government,3_after_forming_government,3389,"""কথা একদম পরিস্কার, নাকি ভেজাল আছে?""",কথা একদম পরিস্কার নাকি ভেজাল আছে,4,0.6343888557093447
3 After Forming Government,3_after_forming_government,3390,অবশ্যই খাবে কেননা অনেক না খাওয়া!!,অবশ্যই খাবে কেননা অনেক না খাওয়া,2,0.6398251165408508
3 After Forming Government,3_after_forming_government,3391,এক্ষেত্রে এনপিপির অগ্রাধিকার বেশি,এক্ষেত্রে এনপিপির অগ্রাধিকার বেশি,4,0.41875280069647136
3 After Forming Government,3_after_forming_government,3392,এরা কোন গ্রহের,এরা কোন গ্রহের,0,0.7301824827150514
3 After Forming Government,3_after_forming_government,3393,ঠিক ঠিক,ঠিক ঠিক,4,0.7333328979114684
3 After Forming Government,3_after_forming_government,3394,একদম সহজ ভাষায় বুঝাইয়া দিছে।,একদম সহজ ভাষায় বুঝাইয়া দিছে,4,0.7956486697306256
3 After Forming Government,3_after_forming_government,3395,আমি এতে একমত,আমি এতে একমত,3,0.7293892820248417
3 After Forming Government,3_after_forming_government,3396,"""ঐ সময়গুলোই ভালোই ছিলো। যখন আপসহীন নেত্রী জেলে ছিলেন, ছেলে লন্ডনে আর নেতারা গর্তে।…""",ঐ সময়গুলোই ভালোই ছিলো যখন আপসহীন নেত্রী জেলে ছিলেন ছেলে লন্ডনে আর নেতারা গর্তে,4,0.5130753894781508
3 After Forming Government,3_after_forming_government,3397,তাহলে আমার কি হবে?,তাহলে আমার কি হবে,4,0.5956752768934714
3 After Forming Government,3_after_forming_government,3398,Mair,mair,0,0.2
3 After Forming Government,3_after_forming_government,3399,খাওয়ার সময় এসেছে খান ভাই আপনারা সময় শেষ হলে পালাবার জাগাও পাবেন না ইনশাআল্লাহ,খাওয়ার সময় এসেছে খান ভাই আপনারা সময় শেষ হলে পালাবার জাগাও পাবেন না ইনশাআল্লাহ,4,0.7979168482699673
3 After Forming Government,3_after_forming_government,3400,প্রচুর খাইতে হবে!,প্রচুর খাইতে হবে,2,0.7317822877345974
3 After Forming Government,3_after_forming_government,3401,আয় হায়,আয় হায়,1,0.5993650214105315
3 After Forming Government,3_after_forming_government,3402,আমিও,আমিও,1,0.5981813320216517
3 After Forming Government,3_after_forming_government,3403,Khaw,khaw,1,0.5999804320808273
3 After Forming Government,3_after_forming_government,3404,মন্ত্রী তো বলেই দিয়েছে সমঝোতার মাধ্যমে খেতে।,মন্ত্রী তো বলেই দিয়েছে সমঝোতার মাধ্যমে খেতে,2,0.4441324034212203
3 After Forming Government,3_after_forming_government,3405,হাট ঘাট খাওয়া শেষে টয়লেটের গূ খেওয়,হাট ঘাট খাওয়া শেষে টয়লেটের গূ খেওয়,2,0.8396591131606217
3 After Forming Government,3_after_forming_government,3406,হরিলুট,হরিলুট,0,0.2
3 After Forming Government,3_after_forming_government,3407,এটা তাদের অধিকার বুঝলাম। যারা জীবন দিছে তাদের কি হবে???,এটা তাদের অধিকার বুঝলাম যারা জীবন দিছে তাদের কি হবে,0,0.36612095274128315
3 After Forming Government,3_after_forming_government,3408,হে অবশ্যই খাবেন হাট ঘাটের ঘাস লতাপাতা প্রয়োজনে মাঠিসহ খেয়ে ফেলেন।,হে অবশ্যই খাবেন হাট ঘাটের ঘাস লতাপাতা প্রয়োজনে মাঠিসহ খেয়ে ফেলেন,3,0.5564813353570616
3 After Forming Government,3_after_forming_government,3409,শুধু রাস্তা ঘাট খাবেন কেন সাথে পায়খানা ও খান।,শুধু রাস্তা ঘাট খাবেন কেন সাথে পায়খানা ও খান,2,0.3551470796161746
3 After Forming Government,3_after_forming_government,3410,খাইতে যেন পেট খারাপ না হয়।,খাইতে যেন পেট খারাপ না হয়,1,0.5107535681319089
3 After Forming Government,3_after_forming_government,3411,সরকারি ইজারা নিয়ে হবে,সরকারি ইজারা নিয়ে হবে,1,0.4649901582794838
3 After Forming Government,3_after_forming_government,3412,বিসমিল্লাহ বলে শুরু করে দেন।,বিসমিল্লাহ বলে শুরু করে দেন,0,0.4948650828946757
3 After Forming Government,3_after_forming_government,3413,এটা রাজনীতি বিদদের মৌলিক অধিকার,এটা রাজনীতি বিদদের মৌলিক অধিকার,1,0.7970662614953418
3 After Forming Government,3_after_forming_government,3414,Ai to Asol kota,ai to asol kota,2,0.40036259898989046
3 After Forming Government,3_after_forming_government,3415,না গো শোনা তোমাগো কেউ নাই খাউ তোমরাই খাও,না গো শোনা তোমাগো কেউ নাই খাউ তোমরাই খাও,0,0.43988950474832794
3 After Forming Government,3_after_forming_government,3416,খেতে খেতে এগিয়ে যাও,খেতে খেতে এগিয়ে যাও,3,0.8391065644911392
3 After Forming Government,3_after_forming_government,3417,ওকে,ওকে,2,0.5988472318011608
3 After Forming Government,3_after_forming_government,3418,চমেৎকার,চমেৎকার,0,0.2
3 After Forming Government,3_after_forming_government,3419,"""আলহামদুলিল্লাহ, যে জাতির জন্য যা দরকার।""",আলহামদুলিল্লাহ যে জাতির জন্য যা দরকার,2,0.8347239312894591
3 After Forming Government,3_after_forming_government,3420,ভাইরাল ভাই,ভাইরাল ভাই,1,0.5925043542158451
3 After Forming Government,3_after_forming_government,3421,মন ভরে খেতে হবে।,মন ভরে খেতে হবে,3,0.7983977855318912
3 After Forming Government,3_after_forming_government,3422,সংবিধানে এড করেন,সংবিধানে এড করেন,4,0.7305504833985352
3 After Forming Government,3_after_forming_government,3423,চলছে খাওয়া দাওয়া...!! অথচ চলছে সংযমের মাস!!!,চলছে খাওয়া দাওয়া অথচ চলছে সংযমের মাস,0,0.8655231528254468
3 After Forming Government,3_after_forming_government,3424,মারহাবা,মারহাবা,4,0.5999854092755704
3 After Forming Government,3_after_forming_government,3425,"""যত রাষ্ট্র কাঠামো ঠিক না হবে। প্রতিটা নির্বাচনে স্বচ্ছতা নিশ্চিত হবে তত মাঠে নামবো। দেশের মানুষ NCP চায়না, জামাত চায়না, …""",যত রাষ্ট্র কাঠামো ঠিক না হবে প্রতিটা নির্বাচনে স্বচ্ছতা নিশ্চিত হবে তত মাঠে নামবো দেশের মানুষ ncp চায়না জামাত চায়না,4,0.9312356181598584
3 After Forming Government,3_after_forming_government,3426,১৭ বছরের ক্ষুধার্ত বলে কথা!!,বছরের ক্ষুধার্ত বলে কথা,1,0.7259381414742249
3 After Forming Government,3_after_forming_government,3427,১৭ বছরে রাজপথে আওয়ামী লীগের বিরুদ্ধে দেখি নাই তো বিএনপি আন্দোলন করেছে।,বছরে রাজপথে আওয়ামী লীগের বিরুদ্ধে দেখি নাই তো বিএনপি আন্দোলন করেছে,1,0.48629068394159936
3 After Forming Government,3_after_forming_government,3428,ঠিক ঠিক,ঠিক ঠিক,4,0.7333328979114684
3 After Forming Government,3_after_forming_government,3429,বি এন পি খাবে না তো কে খাবে?,বি এন পি খাবে না তো কে খাবে,1,0.5332998180016614
3 After Forming Government,3_after_forming_government,3430,হয়তো বাথরুম কইতে ভুইলা গেছে,হয়তো বাথরুম কইতে ভুইলা গেছে,3,0.5999893125064684
3 After Forming Government,3_after_forming_government,3431,সমঝোতার ভিত্তিতে খাবে!!!,সমঝোতার ভিত্তিতে খাবে,2,0.7999710898571445
3 After Forming Government,3_after_forming_government,3432,সঠিক,সঠিক,4,0.5999962033260933
3 After Forming Government,3_after_forming_government,3433,"""হাটও খাবি, ঘাটও খাবি তাহলে মাঠ টা আর বাকি রাখবি কেন ভাই? তোরা সব ই খা।""",হাটও খাবি ঘাটও খাবি তাহলে মাঠ টা আর বাকি রাখবি কেন ভাই তোরা সব ই খা,2,0.7578181583874808
3 After Forming Government,3_after_forming_government,3434,হ ১৭ বছর না খাইয়া ছিলি,হ বছর না খাইয়া ছিলি,2,0.7329001081933487
3 After Forming Government,3_after_forming_government,3435,"""কি বলেন ভাই আপনারা দেশ স্বাধীন করেছেন আপনারা খাবেন নাতো কে খাবে আপনারা খালি বলেন আপনারা কিছু কারতে হবে না, আমরা আমাদের নিজ দায়…""",কি বলেন ভাই আপনারা দেশ স্বাধীন করেছেন আপনারা খাবেন নাতো কে খাবে আপনারা খালি বলেন আপনারা কিছু কারতে হবে না আমরা আমাদের নিজ দায়,3,0.6106225424754157
3 After Forming Government,3_after_forming_government,3436,আপনারা না খেলে কে খাবে ভাই বিএনপির এক নেতা তো বৈধ করে দিয়েছে চাদাকে আপনাদের কোন টেনশন নেই খেতে থাকেন। তবে ভাই সমঝোতার মধ্যে …,আপনারা না খেলে কে খাবে ভাই বিএনপির এক নেতা তো বৈধ করে দিয়েছে চাদাকে আপনাদের কোন টেনশন নেই খেতে থাকেন তবে ভাই সমঝোতার মধ্যে,3,0.611498589455712
3 After Forming Government,3_after_forming_government,3437,জ্বি স্যার,জ্বি স্যার,2,0.4002655757656107
3 After Forming Government,3_after_forming_government,3438,"""এদেশের প্রতিটি মানুষ আন্দোলনে ছিল। আবারো বলছি - প্রতিটি """"মানুষ""""।""",এদেশের প্রতিটি মানুষ আন্দোলনে ছিল আবারো বলছি প্রতিটি মানুষ,4,0.9101439949263392
3 After Forming Government,3_after_forming_government,3439,"""তা ঠিক আছে, কিন্তু মাইনষের ছোট্ট একখান মুখে এত্তবড় “মাঠ-ঘাট” গলা দিয়ে ঢুকায় ক‍্যামনে!!!""",তা ঠিক আছে কিন্তু মাইনষের ছোট্ট একখান মুখে এত্তবড় মাঠ ঘাট গলা দিয়ে ঢুকায় ক্যামনে,3,0.4075292158702823
3 After Forming Government,3_after_forming_government,3440,ঠিকহে,ঠিকহে,0,0.2
3 After Forming Government,3_after_forming_government,3441,দলের নির্দেশ মানা উচিৎ আমি মনে করি।। তবে আপনারা তো বিবেক বুদ্ধি খাটিয়ে চলবেন মানুষ হিসেবে।। কে আপনাকে ব্যবহার করছে কি দিচ্ছে এ…,দলের নির্দেশ মানা উচিৎ আমি মনে করি তবে আপনারা তো বিবেক বুদ্ধি খাটিয়ে চলবেন মানুষ হিসেবে কে আপনাকে ব্যবহার করছে কি দিচ্ছে এ,4,0.9320270681236265
3 After Forming Government,3_after_forming_government,3442,এগুলি খাবার জিনিষ??,এগুলি খাবার জিনিষ,1,0.5988804648845283
3 After Forming Government,3_after_forming_government,3443,Md Shafikul Islam তুই কোনটা খাবি?,md shafikul islam তুই কোনটা খাবি,4,0.353925537463137
3 After Forming Government,3_after_forming_government,3444,আনোয়ার টিভির সংবাদ,আনোয়ার টিভির সংবাদ,1,0.5999732446792883
3 After Forming Government,3_after_forming_government,3445,Sob seshe mancitro ta khabe,sob seshe mancitro ta khabe,3,0.546395249968021
3 After Forming Government,3_after_forming_government,3446,মাশাল্লাহ,মাশাল্লাহ,4,0.5999874337942999
3 After Forming Government,3_after_forming_government,3447,খা খা বাবা খা ছিলাইয়া। কয়া লাগবেনা,খা খা বাবা খা ছিলাইয়া কয়া লাগবেনা,2,0.8387692858224531
3 After Forming Government,3_after_forming_government,3448,খা আমরা আপতত রোজায় ইফতার সেহরি খাচ্ছি,খা আমরা আপতত রোজায় ইফতার সেহরি খাচ্ছি,2,0.40014969973035414
3 After Forming Government,3_after_forming_government,3449,সাব্বাশ বেটা,সাব্বাশ বেটা,3,0.7333287865822521
3 After Forming Government,3_after_forming_government,3450,অয়,অয়,0,0.2
3 After Forming Government,3_after_forming_government,3451,খাও ভাই খেয়ে সব ছাপা করে ফেলো,খাও ভাই খেয়ে সব ছাপা করে ফেলো,1,0.4836235355373318
3 After Forming Government,3_after_forming_government,3452,বন্ধু প্লিজ ওদের সামলা S A Raju,বন্ধু প্লিজ ওদের সামলা s a raju,4,0.33501528433661626
3 After Forming Government,3_after_forming_government,3453,লিগ্যাল কথা,লিগ্যাল কথা,0,0.2
3 After Forming Government,3_after_forming_government,3454,Thik,thik,0,0.599992623682184
3 After Forming Government,3_after_forming_government,3455,ঠিক ই বলছে,ঠিক ই বলছে,4,0.40006771646840045
3 After Forming Government,3_after_forming_government,3456,"""খারে খা, খাওয়ার জন্যেই এ দুনিয়া""",খারে খা খাওয়ার জন্যেই এ দুনিয়া,2,0.7320507903075187
3 After Forming Government,3_after_forming_government,3457,Agula kotha theke ase??,agula kotha theke ase,3,0.7984302204090106
3 After Forming Government,3_after_forming_government,3458,হ দরকার হইলে রাস্তা ইট খুলে বাড়ি করবো তারপর ও খাবো,হ দরকার হইলে রাস্তা ইট খুলে বাড়ি করবো তারপর ও খাবো,2,0.9189052095366139
3 After Forming Government,3_after_forming_government,3459,দলকানারা এসব দেখে না?,দলকানারা এসব দেখে না,3,0.7262481264998109
3 After Forming Government,3_after_forming_government,3460,না আমরা খেতে চাই না,না আমরা খেতে চাই না,3,0.7318622656202558
3 After Forming Government,3_after_forming_government,3461,"""জয়ীরা কথায় সংযত হন, নইলে দলের বদনাম হবে। আপনার জন্য দলের ক্ষতি মেনে নেওয়া যাবে না।""",জয়ীরা কথায় সংযত হন নইলে দলের বদনাম হবে আপনার জন্য দলের ক্ষতি মেনে নেওয়া যাবে না,3,0.48372776034722953
3 After Forming Government,3_after_forming_government,3462,জ্বী ভাই,জ্বী ভাই,1,0.5925043542158451
3 After Forming Government,3_after_forming_government,3463,1000 thik,thik,0,0.599992623682184
3 After Forming Government,3_after_forming_government,3464,তুমি ঠিক বলসো।,তুমি ঠিক বলসো,4,0.5999992496587379
3 After Forming Government,3_after_forming_government,3465,বাহ,বাহ,4,0.5974070517487062
3 After Forming Government,3_after_forming_government,3466,খা ভাই খা ভোট দিছে জনগণ এখন মন বরে খা।,খা ভাই খা ভোট দিছে জনগণ এখন মন বরে খা,2,0.5490516514735635
3 After Forming Government,3_after_forming_government,3467,এটাই বাস্তব,এটাই বাস্তব,4,0.40000692550174954
3 After Forming Government,3_after_forming_government,3468,ঠিক,ঠিক,4,0.5999992496587379
3 After Forming Government,3_after_forming_government,3469,"""হাট ঘাটের মালিকদের ও মাকে ইজাড়া দিয়ে থাকলে খাবে, অসুবিধা নাই।""",হাট ঘাটের মালিকদের ও মাকে ইজাড়া দিয়ে থাকলে খাবে অসুবিধা নাই,2,0.7253697589970008
3 After Forming Government,3_after_forming_government,3470,এটা তাদের হক,এটা তাদের হক,0,0.599608324818386
3 After Forming Government,3_after_forming_government,3471,বেশি খাইলে পেট খারাপ হতে পারে,বেশি খাইলে পেট খারাপ হতে পারে,1,0.885220271270027
3 After Forming Government,3_after_forming_government,3472,সামনে আগাও,সামনে আগাও,1,0.5972690977276108
3 After Forming Government,3_after_forming_government,3473,সাব্বাস,সাব্বাস,1,0.5990876470588582
3 After Forming Government,3_after_forming_government,3474,টয়লেট খাবেন না?,টয়লেট খাবেন না,4,0.4487203644281866
3 After Forming Government,3_after_forming_government,3475,"""সঠিক কথা বলেছে,""",সঠিক কথা বলেছে,4,0.4000660352955313
3 After Forming Government,3_after_forming_government,3476,Hm Robiul Islam B Shuvo Ahmed Alom Anamul Ahmed তোরা কোন বাজার ঘাট পাইলি,hm robiul islam b shuvo ahmed alom anamul ahmed তোরা কোন বাজার ঘাট পাইলি,0,0.47887065766690873
3 After Forming Government,3_after_forming_government,3477,প্রয়োজনে পুরো দেশটাই দিলে খাও,প্রয়োজনে পুরো দেশটাই দিলে খাও,3,0.6828544335399851
3 After Forming Government,3_after_forming_government,3478,মানুষের জন্ম হোক যেমন তেমন কর্ম হোক ভালো এদের কোনটাই ভালো না।,মানুষের জন্ম হোক যেমন তেমন কর্ম হোক ভালো এদের কোনটাই ভালো না,4,0.9096423129987934
3 After Forming Government,3_after_forming_government,3479,জি বুঝলাম,জি বুঝলাম,4,0.4000087118820093
3 After Forming Government,3_after_forming_government,3480,ভিক্ষা কইরাও খাইবা,ভিক্ষা কইরাও খাইবা,2,0.5999873852352305
3 After Forming Government,3_after_forming_government,3481,সমঝোতার ভিত্তিতে তোমরা টয়লেডও খাবার সমস্যা নেই।,সমঝোতার ভিত্তিতে তোমরা টয়লেডও খাবার সমস্যা নেই,1,0.5321791384694895
3 After Forming Government,3_after_forming_government,3482,ওয়াও নাইচ । আমি ও আছি,ওয়াও নাইচ আমি ও আছি,4,0.7312617939843389
3 After Forming Government,3_after_forming_government,3483,"""কেন ঘরে খাবার‌ নেই, হাট ঘাট কেন খাইবা?""",কেন ঘরে খাবার নেই হাট ঘাট কেন খাইবা,2,0.44051405524011794
3 After Forming Government,3_after_forming_government,3484,না খাওয়া পার্টি এখন হাট ঘাট সব খাইতে চাই।,না খাওয়া পার্টি এখন হাট ঘাট সব খাইতে চাই,2,0.6002536607329412
3 After Forming Government,3_after_forming_government,3485,বরি দে,বরি দে,3,0.5972645383480867
3 After Forming Government,3_after_forming_government,3486,তার মানে তাদেট জুলাইয়ে কোন অবধান নাই,তার মানে তাদেট জুলাইয়ে কোন অবধান নাই,0,0.4665925650146963
3 After Forming Government,3_after_forming_government,3487,সহমত ভাই,সহমত ভাই,2,0.7281524006612701
3 After Forming Government,3_after_forming_government,3488,এ জন্যই রাজনিতি,এ জন্যই রাজনিতি,2,0.5996759503172958
3 After Forming Government,3_after_forming_government,3489,অবশ্যই নেতার সাথে দ্বিমতের কোন সুযোগ নাই কারণ পরিশ্রমের পরেই তো ফলাফল ভোগ করে থাকে,অবশ্যই নেতার সাথে দ্বিমতের কোন সুযোগ নাই কারণ পরিশ্রমের পরেই তো ফলাফল ভোগ করে থাকে,3,0.9081008528181528
3 After Forming Government,3_after_forming_government,3490,আচ্ছা ঠিক আছে,আচ্ছা ঠিক আছে,4,0.40005811827289495
3 After Forming Government,3_after_forming_government,3491,সরকারি রাজস্বে যে বেশি টাকা জমা দিবে সেই পাবে,সরকারি রাজস্বে যে বেশি টাকা জমা দিবে সেই পাবে,4,0.5598517001484967
3 After Forming Government,3_after_forming_government,3492,সম্ভবত আপনার দলের চেয়ারম্যান এইবার সে সুযোগ দিবে না....,সম্ভবত আপনার দলের চেয়ারম্যান এইবার সে সুযোগ দিবে না,2,0.6292774960248481
3 After Forming Government,3_after_forming_government,3493,সঠিক সিদ্ধান্ত,সঠিক সিদ্ধান্ত,4,0.7333316273089134
3 After Forming Government,3_after_forming_government,3494,পুরা দেশটাই একবারে খেয়ে ফেলতে পারলে আর কোন ঝামেলা থাকবে না। দেখেন চেষ্টা করে খেয়ে ফেলতে পারবেন।,পুরা দেশটাই একবারে খেয়ে ফেলতে পারলে আর কোন ঝামেলা থাকবে না দেখেন চেষ্টা করে খেয়ে ফেলতে পারবেন,3,0.9374432682651093
3 After Forming Government,3_after_forming_government,3495,খাও ভাই তোমার অধিকার!!,খাও ভাই তোমার অধিকার,1,0.7980186930378724
3 After Forming Government,3_after_forming_government,3496,সমঝোতা করে খাইয়েন,সমঝোতা করে খাইয়েন,1,0.7263292644915309
3 After Forming Government,3_after_forming_government,3497,দল থেকে লাত মেরে বের করে দেওয়া হউক,দল থেকে লাত মেরে বের করে দেওয়া হউক,1,0.6843310184754786
3 After Forming Government,3_after_forming_government,3498,বেশি বেশি খেতে গেলে আল্লাহর তরফ থেকে পেট পিড়া হবে ইনশাআল্লাহ,বেশি বেশি খেতে গেলে আল্লাহর তরফ থেকে পেট পিড়া হবে ইনশাআল্লাহ,1,0.6795007109311079
3 After Forming Government,3_after_forming_government,3499,রোজা দিয়াই শুরু করে দিছে এদের দারা এগুলো মানায়।,রোজা দিয়াই শুরু করে দিছে এদের দারা এগুলো মানায়,0,0.8647982558553629
3 After Forming Government,3_after_forming_government,3500,অবশ্যই খাবেন! এটা আপনাদের হালাল অধিকার। প্রয়োজনে রাস্তার ইট খুলে বাড়ি নিয়ে যাবেন।,অবশ্যই খাবেন এটা আপনাদের হালাল অধিকার প্রয়োজনে রাস্তার ইট খুলে বাড়ি নিয়ে যাবেন,3,0.9324122067597994
3 After Forming Government,3_after_forming_government,3501,"""শুধু হাট,ঘাট খাইলে পেট ভরবে পাবলিক টয়লেট ও খাইতে পারেন।""",শুধু হাট ঘাট খাইলে পেট ভরবে পাবলিক টয়লেট ও খাইতে পারেন,2,0.35598816350910834
3 After Forming Government,3_after_forming_government,3502,হাট ঘাট শেষ হলে তার পর,হাট ঘাট শেষ হলে তার পর,2,0.47453888353996365
3 After Forming Government,3_after_forming_government,3503,কথা কি ক্লিয়ার নাকি ভেজাল আছে...?,কথা কি ক্লিয়ার নাকি ভেজাল আছে,0,0.5495471211432288
3 After Forming Government,3_after_forming_government,3504,Khato baba,khato baba,0,0.2
3 After Forming Government,3_after_forming_government,3505,হাট ঘাটের পায়খানা কে খাবে আপনি না তারাই? কেননা হাট ঘাটে পাবলিক টয়লেট থাকে যা কি না টাকা দিয়ে ব্যবহার করা লাগে........,হাট ঘাটের পায়খানা কে খাবে আপনি না তারাই কেননা হাট ঘাটে পাবলিক টয়লেট থাকে যা কি না টাকা দিয়ে ব্যবহার করা লাগে,2,0.40826272315396817
3 After Forming Government,3_after_forming_government,3506,মারো তালি,মারো তালি,0,0.2
3 After Forming Government,3_after_forming_government,3507,হাট ঘাট মাঠ সব খা।,হাট ঘাট মাঠ সব খা,2,0.839982012090442
3 After Forming Government,3_after_forming_government,3508,লুটে পুটে খাও...,লুটে পুটে খাও,1,0.5999988203674081
3 After Forming Government,3_after_forming_government,3509,আমরা মিলেমিশে চাদা খাই আমরা দেশ চালাই,আমরা মিলেমিশে চাদা খাই আমরা দেশ চালাই,2,0.6397712847130403
3 After Forming Government,3_after_forming_government,3510,এই হাট ঘাট খাওয়ার জন্যই আন্দোলন?,এই হাট ঘাট খাওয়ার জন্যই আন্দোলন,2,0.8658857585713631
3 After Forming Government,3_after_forming_government,3511,"""সোনা মিয়ায় যেহেতু বলে দিচে,তাইলে এটাই হোক অ-জাইচ্চা!""",সোনা মিয়ায় যেহেতু বলে দিচে তাইলে এটাই হোক অ জাইচ্চা,0,0.5562311796412619
3 After Forming Government,3_after_forming_government,3512,এটা তো ওনাদের অধিকার এই অধিকারের বেত্তয় ঘটতে দেবে না।,এটা তো ওনাদের অধিকার এই অধিকারের বেত্তয় ঘটতে দেবে না,3,0.7973281119420708
3 After Forming Government,3_after_forming_government,3513,ঠিক আছে আন্দোলনে যারা ছিল তারা হাত-ঘাট খাবে বুঝলাম আমাদের ফখরুল ইসলাম বলেছে তারা এই আন্দোলনে কোনভাবে জড়িত ছিল না তাহলে আন্দোল…,ঠিক আছে আন্দোলনে যারা ছিল তারা হাত ঘাট খাবে বুঝলাম আমাদের ফখরুল ইসলাম বলেছে তারা এই আন্দোলনে কোনভাবে জড়িত ছিল না তাহলে আন্দোল,4,0.40072101777528835
3 After Forming Government,3_after_forming_government,3514,জনগন আগের মতন নাই প্রিয়,জনগন আগের মতন নাই প্রিয়,2,0.8635168122945153
3 After Forming Government,3_after_forming_government,3515,ইফতারের পর পার্সেল করে পাঠিয়ে দিয়েন।,ইফতারের পর পার্সেল করে পাঠিয়ে দিয়েন,0,0.7990073485151863
3 After Forming Government,3_after_forming_government,3516,কি যে হবে... দেশে...! ও মাবুদ মহান আল্লাহ তায়ালা আপনি আমাকে বাংলাদেশ থেকে অন্য দেশে সেটেল করার সুযোগ করে ।,কি যে হবে দেশে ও মাবুদ মহান আল্লাহ তায়ালা আপনি আমাকে বাংলাদেশ থেকে অন্য দেশে সেটেল করার সুযোগ করে,1,0.4872059487095561
3 After Forming Government,3_after_forming_government,3517,ঠিক,ঠিক,4,0.5999992496587379
3 After Forming Government,3_after_forming_government,3518,কবে যে শুনতে হয় মানচিত্র খাবে।,কবে যে শুনতে হয় মানচিত্র খাবে,2,0.6411276059502093
3 After Forming Government,3_after_forming_government,3519,চারো দিকে খালি খাই আর খাই,চারো দিকে খালি খাই আর খাই,2,0.799996838825052
3 After Forming Government,3_after_forming_government,3520,"""খাওয়া খাওয়ি চলবে, জোরদার হবে, সব চেটেপুটে খাওয়ার জন্য তো এত সংগ্রাম""",খাওয়া খাওয়ি চলবে জোরদার হবে সব চেটেপুটে খাওয়ার জন্য তো এত সংগ্রাম,1,0.8638235547042873
3 After Forming Government,3_after_forming_government,3521,Nurul Amin বস আপনি কোনটা,nurul amin বস আপনি কোনটা,0,0.3997724380533998
3 After Forming Government,3_after_forming_government,3522,বালছাল,বালছাল,0,0.2
3 After Forming Government,3_after_forming_government,3523,পাশা,পাশা,0,0.2
3 After Forming Government,3_after_forming_government,3524,ওনি ঠিক বলেছেন,ওনি ঠিক বলেছেন,4,0.5480785382552736
3 After Forming Government,3_after_forming_government,3525,সাব্বাশ বেটা,সাব্বাশ বেটা,3,0.7333287865822521
3 After Forming Government,3_after_forming_government,3526,সুন্দর না,সুন্দর না,4,0.5999969507262538
3 After Forming Government,3_after_forming_government,3527,এই কথাটাই কেউ বোঝে না??,এই কথাটাই কেউ বোঝে না,0,0.2
3 After Forming Government,3_after_forming_government,3528,"""আমিও একমত, তবে সব আমার কাছে এনে জমা দিতে হবে""",আমিও একমত তবে সব আমার কাছে এনে জমা দিতে হবে,3,0.8633269183262312
3 After Forming Government,3_after_forming_government,3529,চারদিকে চাঁন্দাভাই,চারদিকে চাঁন্দাভাই,0,0.2
3 After Forming Government,3_after_forming_government,3530,জ্বি,জ্বি,2,0.5999896691618855
3 After Forming Government,3_after_forming_government,3531,কিন্তু সব খাইতে হবে সমঝোতার ভিত্তিতে,কিন্তু সব খাইতে হবে সমঝোতার ভিত্তিতে,2,0.7999708662853025
3 After Forming Government,3_after_forming_government,3532,মাশাল্লাহ খুবই সুন্দর,মাশাল্লাহ খুবই সুন্দর,4,0.7996708429035753
3 After Forming Government,3_after_forming_government,3533,"""গলায় আটকে যাবে, একটু ধৈর্য ধর।""",গলায় আটকে যাবে একটু ধৈর্য ধর,1,0.7993472185701463
3 After Forming Government,3_after_forming_government,3534,ফাইন। জুলাই তে মানুষ জীবন দিয়েছিল কি এ জন্য।,ফাইন জুলাই তে মানুষ জীবন দিয়েছিল কি এ জন্য,0,0.4441141530188972
3 After Forming Government,3_after_forming_government,3535,সমস্যা.!!,সমস্যা,1,0.5968682281825541
3 After Forming Government,3_after_forming_government,3536,ইচ্ছেমত খাও,ইচ্ছেমত খাও,1,0.5999988203674081
3 After Forming Government,3_after_forming_government,3537,আমরা কিছু বলবো না ১৭ বছর আপনারা অনেক কষ্ট করেছে,আমরা কিছু বলবো না বছর আপনারা অনেক কষ্ট করেছে,3,0.438663401592488
3 After Forming Government,3_after_forming_government,3538,ঠিক আছে নেতা কিন্তু নেতা রাতে চশমা কেন।,ঠিক আছে নেতা কিন্তু নেতা রাতে চশমা কেন,3,0.3674098673225147
3 After Forming Government,3_after_forming_government,3539,হাট ঘাট খায় কি ভাবে??,হাট ঘাট খায় কি ভাবে,2,0.8390239614458838
3 After Forming Government,3_after_forming_government,3540,সমঝোতার মাধ্যমে,সমঝোতার মাধ্যমে,2,0.7328104369317737
3 After Forming Government,3_after_forming_government,3541,কাজ নাই যত আকাইম্ম চিন্তা,কাজ নাই যত আকাইম্ম চিন্তা,0,0.61241749471374
3 After Forming Government,3_after_forming_government,3542,কত খাবেন সময় থাকতে ভালো হয়ে যান,কত খাবেন সময় থাকতে ভালো হয়ে যান,3,0.6672512949624985
3 After Forming Government,3_after_forming_government,3543,টেম্পু স্ট্যান্ড কে খাবে.....?,টেম্পু স্ট্যান্ড কে খাবে,2,0.5999988741987357
3 After Forming Government,3_after_forming_government,3544,"""সেটার প্রয়োজনীয়তা নেই, বরং তেলবাজ আর চামচাদের দেওয়া হোক।""",সেটার প্রয়োজনীয়তা নেই বরং তেলবাজ আর চামচাদের দেওয়া হোক,4,0.8386744789835249
3 After Forming Government,3_after_forming_government,3545,ভাই আমি গুলি খাইছি তার মানে আমি হাট ঘাট বাজার খামু,ভাই আমি গুলি খাইছি তার মানে আমি হাট ঘাট বাজার খামু,2,0.6399500713936082
3 After Forming Government,3_after_forming_government,3546,এদেশে এমন একটা আসবে আওয়ামিলীগের মতোন বিএনপির নাম নেওয়া টা নিষেধ হয়ে যাবে,এদেশে এমন একটা আসবে আওয়ামিলীগের মতোন বিএনপির নাম নেওয়া টা নিষেধ হয়ে যাবে,4,0.6512409875366997
3 After Forming Government,3_after_forming_government,3547,ভাই খাইলে কিন্তু রোজা ভেঙে যাবে,ভাই খাইলে কিন্তু রোজা ভেঙে যাবে,1,0.8654807534641652
3 After Forming Government,3_after_forming_government,3548,হাট ঘাট কি চিবিয়ে খাবে নাকি,হাট ঘাট কি চিবিয়ে খাবে নাকি,2,0.6400829698662281
3 After Forming Government,3_after_forming_government,3549,বানী,বানী,0,0.2
3 After Forming Government,3_after_forming_government,3550,উনি কি ঈদের পরের আন্দোলনের কথা বলছেন। তার দল যে গত ১৬ বছর ঈদের পরে আন্দোলন করে খালেদা জিয়াকে মুক্ত করার চেষ্টা করেছিল সেই আন…,উনি কি ঈদের পরের আন্দোলনের কথা বলছেন তার দল যে গত বছর ঈদের পরে আন্দোলন করে খালেদা জিয়াকে মুক্ত করার চেষ্টা করেছিল সেই আন,2,0.9420020642942378
3 After Forming Government,3_after_forming_government,3551,A NI K Abdus Salam চাকরি না করে হাট নিলে পারতি,a ni k abdus salam চাকরি না করে হাট নিলে পারতি,2,0.732162810902596
3 After Forming Government,3_after_forming_government,3552,যা ভাই বাজার হাট ঘাট সবই খা এর পর বমি করে বমি ও খা।,যা ভাই বাজার হাট ঘাট সবই খা এর পর বমি করে বমি ও খা,2,0.9327081071392679
3 After Forming Government,3_after_forming_government,3553,"""সাবাস বেটা, এগিয়ে যাও।""",সাবাস বেটা এগিয়ে যাও,3,0.8399113004696569
3 After Forming Government,3_after_forming_government,3554,"""আপনি নিজেই আন্দোলনে ছিলেন না,তাছারা আমার মনে হয় না যে আপনি বিএনপি করেন????""",আপনি নিজেই আন্দোলনে ছিলেন না তাছারা আমার মনে হয় না যে আপনি বিএনপি করেন,4,0.6779217784922592
3 After Forming Government,3_after_forming_government,3555,কর্ম সস্তানের ব্যবস্তা করতেছে,কর্ম সস্তানের ব্যবস্তা করতেছে,4,0.7315587613652704
3 After Forming Government,3_after_forming_government,3556,ঠিকই তো,ঠিকই তো,1,0.5996495539579805
3 After Forming Government,3_after_forming_government,3557,ওরে আমার নেতা রে..!!,ওরে আমার নেতা রে,3,0.4001934126202377
3 After Forming Government,3_after_forming_government,3558,খেতে খেতে একসময় পেট ফেড়ে যাবে আ. লীগের মতো,খেতে খেতে একসময় পেট ফেড়ে যাবে আ লীগের মতো,1,0.8996022878664964
3 After Forming Government,3_after_forming_government,3559,উনি অসুস্থ ওনার জরুরী চিকিৎসা দরকার,উনি অসুস্থ ওনার জরুরী চিকিৎসা দরকার,2,0.7288339446323665
3 After Forming Government,3_after_forming_government,3560,"""ঠিক, আপনি যা বলেন তাই হবে।""",ঠিক আপনি যা বলেন তাই হবে,4,0.5476517125117684
3 After Forming Government,3_after_forming_government,3561,তাও পেট টা ভর,তাও পেট টা ভর,1,0.5490172535833867
3 After Forming Government,3_after_forming_government,3562,সমঝোতা গো।,সমঝোতা গো,1,0.400109667211112
3 After Forming Government,3_after_forming_government,3563,খাবার মানুষের মৌলিক অধিকার,খাবার মানুষের মৌলিক অধিকার,1,0.5355857573275086
3 After Forming Government,3_after_forming_government,3564,আমার বাসাতে এক হালি ডিম পাঠান ভাই। কারণ ৫ তারিখে আমিও পতাকা নিয়ে মাঠে ছিলাম....,আমার বাসাতে এক হালি ডিম পাঠান ভাই কারণ তারিখে আমিও পতাকা নিয়ে মাঠে ছিলাম,0,0.8972520154260303
3 After Forming Government,3_after_forming_government,3565,সাব্বাস বেটা...!! এ হুয়া না বাথ...!!,সাব্বাস বেটা এ হুয়া না বাথ,3,0.4010999530308307
3 After Forming Government,3_after_forming_government,3566,এইটাই প্ল্যান,এইটাই প্ল্যান,0,0.2
3 After Forming Government,3_after_forming_government,3567,ঠিকই তো বলেছে এটাকে আবার নিউজ করার কি আছে? ১৭ বছর কিছু খেতে দেইনি এখন একটু সুযোগ পাইছে তার পেছনেও সাংবাদিক কেনো? চাদাবাজদের…,ঠিকই তো বলেছে এটাকে আবার নিউজ করার কি আছে বছর কিছু খেতে দেইনি এখন একটু সুযোগ পাইছে তার পেছনেও সাংবাদিক কেনো চাদাবাজদের,1,0.9382348301285983
3 After Forming Government,3_after_forming_government,3568,Eigula dhore drain er pani khaoyanu dorkar.,eigula dhore drain er pani khaoyanu dorkar,0,0.5986224395663946
3 After Forming Government,3_after_forming_government,3569,ইচ্ছে মত খেতে থাকেন শুধু ১০% জায়গা মত পাঠিয়ে দিয়েন তাহলে ধরা পরলেও বহিষ্কার এর নাটক করে বাঁচিয়ে দিবে খাম্বা সাহেব,ইচ্ছে মত খেতে থাকেন শুধু জায়গা মত পাঠিয়ে দিয়েন তাহলে ধরা পরলেও বহিষ্কার এর নাটক করে বাঁচিয়ে দিবে খাম্বা সাহেব,2,0.6297493605116645
3 After Forming Government,3_after_forming_government,3570,এক দল খেয়ে গেছে আরেক দল খাইতে আসছে,এক দল খেয়ে গেছে আরেক দল খাইতে আসছে,2,0.8843307088440199
3 After Forming Government,3_after_forming_government,3571,হাট ঘাটের গু খাবে??,হাট ঘাটের গু খাবে,2,0.641348372532304
3 After Forming Government,3_after_forming_government,3572,চাকরি মনে হয় নাই গেছে।,চাকরি মনে হয় নাই গেছে,1,0.3991412572908555
3 After Forming Government,3_after_forming_government,3573,এমন স্পষ্টবাদী হলেই হবে।,এমন স্পষ্টবাদী হলেই হবে,3,0.7304563743079864
3 After Forming Government,3_after_forming_government,3574,জ্বি আপনাদের জন্যই ত সব কিছু। আসেন খেয়ে যান।,জ্বি আপনাদের জন্যই ত সব কিছু আসেন খেয়ে যান,2,0.6605564082787554
3 After Forming Government,3_after_forming_government,3575,এইসমস্ত নেতাদের যদি দমন না করেন মাননীয় প্রধানমন্ত্রী তাহলে দেশের সাধারণ মানুষের ভালোবাসা বেশি পাশে পাবেননা,এইসমস্ত নেতাদের যদি দমন না করেন মাননীয় প্রধানমন্ত্রী তাহলে দেশের সাধারণ মানুষের ভালোবাসা বেশি পাশে পাবেননা,4,0.9318494733901516
3 After Forming Government,3_after_forming_government,3576,kohi bath nahin.,kohi bath nahin,0,0.2
3 After Forming Government,3_after_forming_government,3577,এই অধিকার ও ক্ষমতা আমাদের আছে দেখলেই বোঝা যায় আপনি উচ্চ বংশীয়...............।,এই অধিকার ও ক্ষমতা আমাদের আছে দেখলেই বোঝা যায় আপনি উচ্চ বংশীয়,3,0.7323101581135963
3 After Forming Government,3_after_forming_government,3578,হাট-ঘাট খাইয়েন কিন্তু প্লিগ রাস্তার ইট খুলে নিয়ে যাইয়েন না বোরো।,হাট ঘাট খাইয়েন কিন্তু প্লিগ রাস্তার ইট খুলে নিয়ে যাইয়েন না বোরো,2,0.8986830149737066
3 After Forming Government,3_after_forming_government,3579,বিম্পি,বিম্পি,4,0.5999871794056264
3 After Forming Government,3_after_forming_government,3580,সামনে বালুর ট্রাক আছে।,সামনে বালুর ট্রাক আছে,1,0.5972690977276108
3 After Forming Government,3_after_forming_government,3581,ওহ্ আচ্ছা এই ছিলো মনে,ওহ্ আচ্ছা এই ছিলো মনে,1,0.7329835397753852
3 After Forming Government,3_after_forming_government,3582,গুড,গুড,1,0.5999936187751076
3 After Forming Government,3_after_forming_government,3583,"""ঠিক আছে, ওকে""",ঠিক আছে ওকে,4,0.7290505901196064
3 After Forming Government,3_after_forming_government,3584,Pungta,pungta,0,0.2
3 After Forming Government,3_after_forming_government,3585,হাট খাট আবার খায় কেমনে??,হাট খাট আবার খায় কেমনে,2,0.8379645368577711
3 After Forming Government,3_after_forming_government,3586,হে হে হে,হে হে হে,3,0.7994777383304295
3 After Forming Government,3_after_forming_government,3587,আপনারা না খাইলে আর খাবে কে?,আপনারা না খাইলে আর খাবে কে,2,0.3001398718775546
3 After Forming Government,3_after_forming_government,3588,বেশি খেতে যাইও না বাতিজা.. মুখ পুড়ে যাবে। মিলে মিশে খাও,বেশি খেতে যাইও না বাতিজা মুখ পুড়ে যাবে মিলে মিশে খাও,1,0.8997629363219424
3 After Forming Government,3_after_forming_government,3589,Amio tai boli ustad. …,amio tai boli ustad,0,0.2
3 After Forming Government,3_after_forming_government,3590,হাট ঘাট না খেয়ে ভিক্ষা চাইলেই তো মানুষ দেয়,হাট ঘাট না খেয়ে ভিক্ষা চাইলেই তো মানুষ দেয়,2,0.5840176774671153
3 After Forming Government,3_after_forming_government,3591,"""জি,এটা মেনেই ভোট দিছে পাবলিক তাই এটা তেমন সমস্যা না""",জি এটা মেনেই ভোট দিছে পাবলিক তাই এটা তেমন সমস্যা না,0,0.5032518827728234
3 After Forming Government,3_after_forming_government,3592,কোন আন্দোলন তো ১৭ বছরে দেখি নাই,কোন আন্দোলন তো বছরে দেখি নাই,3,0.8640039842388234
3 After Forming Government,3_after_forming_government,3593,আহারে বাবু মনে হয় ১৭ বছর না খেয়ে আছে,আহারে বাবু মনে হয় বছর না খেয়ে আছে,2,0.4936585164926762
3 After Forming Government,3_after_forming_government,3594,সাবাস বাগিনা,সাবাস বাগিনা,3,0.5999955524132325
3 After Forming Government,3_after_forming_government,3595,ঠিক ঠিক।,ঠিক ঠিক,4,0.7333328979114684
3 After Forming Government,3_after_forming_government,3596,সাবাস। এটা যে আপনাদের আসল চরিত্র। প্রকাশ করার জন্য ধন্যবাদ,সাবাস এটা যে আপনাদের আসল চরিত্র প্রকাশ করার জন্য ধন্যবাদ,3,0.7522683618186697
3 After Forming Government,3_after_forming_government,3597,Only Love react,only love react,0,0.2
3 After Forming Government,3_after_forming_government,3598,চালিয়ে যেতে পার,চালিয়ে যেতে পার,0,0.7330547554263532
3 After Forming Government,3_after_forming_government,3599,ঠিক হে,ঠিক হে,4,0.40015448552023447
3 After Forming Government,3_after_forming_government,3600,সেটা কোটায় না মেধায়?,সেটা কোটায় না মেধায়,0,0.2
3 After Forming Government,3_after_forming_government,3601,বিএনপি'র দুঃসময়ের কান্ডারী আমিও তো ছিলাম. ঘাট ঘাট খাওয়াবি ঘৃণা করি. খা তোরাই মর,বিএনপি র দুঃসময়ের কান্ডারী আমিও তো ছিলাম ঘাট ঘাট খাওয়াবি ঘৃণা করি খা তোরাই মর,2,0.420160197332228
3 After Forming Government,3_after_forming_government,3602,আহ খাওন আর খাওন,আহ খাওন আর খাওন,1,0.5501381996607478
3 After Forming Government,3_after_forming_government,3603,খাঁ খাঁ,খাঁ খাঁ,2,0.7333241642265501
3 After Forming Government,3_after_forming_government,3604,মারহাবা!,মারহাবা,4,0.5999854092755704
3 After Forming Government,3_after_forming_government,3605,চেটেপুটে সব খেয়ে দেশটা পরিস্কার করে ফেল!,চেটেপুটে সব খেয়ে দেশটা পরিস্কার করে ফেল,2,0.4236504980276481
3 After Forming Government,3_after_forming_government,3606,যারা না ছিলো তারা খায় যারা ছিলো তারা পায় না,যারা না ছিলো তারা খায় যারা ছিলো তারা পায় না,3,0.8378196786426652
3 After Forming Government,3_after_forming_government,3607,প্রয়োজনে ডাল পালা ছিড়ে খাবেন বাট সমজোতার মাধ্যমে।,প্রয়োজনে ডাল পালা ছিড়ে খাবেন বাট সমজোতার মাধ্যমে,3,0.3930837224702435
3 After Forming Government,3_after_forming_government,3608,খাইও তবে সমাজতার মাদ্যমে।,খাইও তবে সমাজতার মাদ্যমে,2,0.5999842401742186
3 After Forming Government,3_after_forming_government,3609,সবই খা খাইতে মানা করছে কেডা,সবই খা খাইতে মানা করছে কেডা,2,0.8393214009064514
3 After Forming Government,3_after_forming_government,3610,"""কিসের আন্দোলনে ছিল, নেশা খাওয়ার, নাকি মাদক বিক্রি আন্দোলনে বলতে হবে, জনগণকে""",কিসের আন্দোলনে ছিল নেশা খাওয়ার নাকি মাদক বিক্রি আন্দোলনে বলতে হবে জনগণকে,4,0.8162646140323361
3 After Forming Government,3_after_forming_government,3611,"""হ ভাই,খাও খাও তোমরাই তো খাবা®তবে সমঝোতা করে খাও""",হ ভাই খাও খাও তোমরাই তো খাবা তবে সমঝোতা করে খাও,1,0.8853938528907561
3 After Forming Government,3_after_forming_government,3612,সমোজতার মাধ্যমে হোক,সমোজতার মাধ্যমে হোক,4,0.7304175906031294
3 After Forming Government,3_after_forming_government,3613,কুকুর কিন্তু পাহারাদারের দায়িত্ব পালন করে। ভোগ করে সম্পদের মালিক। ঠিত তেমনি দেশের সম্পদ দেশের জনগনের জন্য। কোন পাহারাদারের জন্…,কুকুর কিন্তু পাহারাদারের দায়িত্ব পালন করে ভোগ করে সম্পদের মালিক ঠিত তেমনি দেশের সম্পদ দেশের জনগনের জন্য কোন পাহারাদারের জন্,4,0.9265592277158816
3 After Forming Government,3_after_forming_government,3614,এখন থেকে তাহলে হাট বাজারের টয়লেট গুলোও পরিস্কার পরিচ্ছন্ন থাকবে।,এখন থেকে তাহলে হাট বাজারের টয়লেট গুলোও পরিস্কার পরিচ্ছন্ন থাকবে,2,0.46254114411209307
3 After Forming Government,3_after_forming_government,3615,দেখেন যা ভাল মনে করেন @highlight,দেখেন যা ভাল মনে করেন highlight,3,0.5304050323302991
3 After Forming Government,3_after_forming_government,3616,তাহলে আমি খাইতে পারবোনা,তাহলে আমি খাইতে পারবোনা,2,0.7235490232166655
3 After Forming Government,3_after_forming_government,3617,না ঠিক আছে আপনারাই খান,না ঠিক আছে আপনারাই খান,1,0.5468976356993471
3 After Forming Government,3_after_forming_government,3618,টেম্পু ইস্টান,টেম্পু ইস্টান,0,0.2
3 After Forming Government,3_after_forming_government,3619,এতো বড় পেট,এতো বড় পেট,1,0.549718258434926
3 After Forming Government,3_after_forming_government,3620,যেহেতু আপনি আন্দোলনে ছিলেন অবশ্যই আপনার হক আছে,যেহেতু আপনি আন্দোলনে ছিলেন অবশ্যই আপনার হক আছে,0,0.6898010475923689
3 After Forming Government,3_after_forming_government,3621,ভালো ডিসিশন।,ভালো ডিসিশন,2,0.7313447968671595
3 After Forming Government,3_after_forming_government,3622,এহল আসল কথা,এহল আসল কথা,0,0.5999971416649973
3 After Forming Government,3_after_forming_government,3623,যেমন কর্ম তেমন ফল।,যেমন কর্ম তেমন ফল,0,0.8394148993538414
3 After Forming Government,3_after_forming_government,3624,"""হাট- খাট খাবেন খান, তবে চাঁদা তুলে খাইয়েন না।""",হাট খাট খাবেন খান তবে চাঁদা তুলে খাইয়েন না,3,0.34793080288496975
3 After Forming Government,3_after_forming_government,3625,সমঝোতার সাথে খাইয়েন,সমঝোতার সাথে খাইয়েন,2,0.7299370944584693
3 After Forming Government,3_after_forming_government,3626,"""ফখরুল কাকা, এই লোক কি বিএনপির কেউ নয়?""",ফখরুল কাকা এই লোক কি বিএনপির কেউ নয়,3,0.8382197410839304
3 After Forming Government,3_after_forming_government,3627,মারহাবা মারহাবা,মারহাবা মারহাবা,4,0.7333248787621673
3 After Forming Government,3_after_forming_government,3628,অবশ্যই খাবে!,অবশ্যই খাবে,2,0.4000567456862337
3 After Forming Government,3_after_forming_government,3629,এটা আপনাদের জাতীয় অধিকার।,এটা আপনাদের জাতীয় অধিকার,3,0.7992797082727409
3 After Forming Government,3_after_forming_government,3630,"""আমিও মনে হয় ছিলাম,, তবে রোজা তো খাবো না""",আমিও মনে হয় ছিলাম তবে রোজা তো খাবো না,1,0.6124185981505632
3 After Forming Government,3_after_forming_government,3631,লাগারে লাগা,লাগারে লাগা,0,0.2
3 After Forming Government,3_after_forming_government,3632,বহু ের ক্ষুধা খেতে তো হবেই,বহু ের ক্ষুধা খেতে তো হবেই,1,0.5128396020853265
3 After Forming Government,3_after_forming_government,3633,এইত লাইনে আসছেন?সমঝোতার মাধ্যমে ইফতার করেন!,এইত লাইনে আসছেন সমঝোতার মাধ্যমে ইফতার করেন,2,0.46750543469321276
3 After Forming Government,3_after_forming_government,3634,Tik ase,tik ase,3,0.5999814781973958
3 After Forming Government,3_after_forming_government,3635,বাংলাদেশের সাধারণ মানুষদের মা বোন বউ সন্তানদের মেয়েদের নিরাপত্তা কোথায়??????????,বাংলাদেশের সাধারণ মানুষদের মা বোন বউ সন্তানদের মেয়েদের নিরাপত্তা কোথায়,0,0.4927631350917157
3 After Forming Government,3_after_forming_government,3636,এটা নাকি বিএনপি দল,এটা নাকি বিএনপি দল,1,0.798279947950209
3 After Forming Government,3_after_forming_government,3637,"""অবশ্যই! হাট-ঘাট খাওয়ার জন্যই তো আপনাদের আন্দোলন। তাহলে অন্য কেউ খেতে চাওয়াটা তো অন্যায়.. আপনি এগিয়ে যান, কার কি হয় হোক""",অবশ্যই হাট ঘাট খাওয়ার জন্যই তো আপনাদের আন্দোলন তাহলে অন্য কেউ খেতে চাওয়াটা তো অন্যায় আপনি এগিয়ে যান কার কি হয় হোক,3,0.4401580847536594
3 After Forming Government,3_after_forming_government,3638,না ঠিক আছে রমযান মাস দেইখা কিছু বললাম না,না ঠিক আছে রমযান মাস দেইখা কিছু বললাম না,4,0.4000559047628873
3 After Forming Government,3_after_forming_government,3639,পাবলিক টয়লেট যেনও বাদ না যায়!,পাবলিক টয়লেট যেনও বাদ না যায়,4,0.7995316325402901
3 After Forming Government,3_after_forming_government,3640,ভাইটি মনে হয় অনেক স্মার্ট। রাতে সানগ্লাস পড়েন।,ভাইটি মনে হয় অনেক স্মার্ট রাতে সানগ্লাস পড়েন,4,0.7945605480659977
3 After Forming Government,3_after_forming_government,3641,১ বছরের মধ্যে বিএনপি ও পালাবে,বছরের মধ্যে বিএনপি ও পালাবে,1,0.7981292988649549
3 After Forming Government,3_after_forming_government,3642,"""ওরে লেতারে এখন আর ভাত খাবেনা হাট,ঘাট খাবে""",ওরে লেতারে এখন আর ভাত খাবেনা হাট ঘাট খাবে,2,0.6999444633791914
3 After Forming Government,3_after_forming_government,3643,তাইলে ঠিক আছে,তাইলে ঠিক আছে,4,0.7305508983590256
3 After Forming Government,3_after_forming_government,3644,তাহলে বি এণ পি তো সরাসরি জড়িত ছিল না হিসাবে কিছুই পাবেন না,তাহলে বি এণ পি তো সরাসরি জড়িত ছিল না হিসাবে কিছুই পাবেন না,1,0.5879891894646867
3 After Forming Government,3_after_forming_government,3645,বিজয়ী মিরজাফরের চেয়ে পরাজিত সিরাজুদ্দৌলার ইতিহাস অনেক সম্মান ও গৌরবের,বিজয়ী মিরজাফরের চেয়ে পরাজিত সিরাজুদ্দৌলার ইতিহাস অনেক সম্মান ও গৌরবের,4,0.48354254797301965
3 After Forming Government,3_after_forming_government,3646,সুন্দর একটি সিদ্ধান্ত,সুন্দর একটি সিদ্ধান্ত,4,0.7333318454303904
3 After Forming Government,3_after_forming_government,3647,তাহলে আমি কোনটা ভাগ পাবো,তাহলে আমি কোনটা ভাগ পাবো,1,0.838291382675564
3 After Forming Government,3_after_forming_government,3648,আল্লাহ অনেক বড় করুক আপনাদের,আল্লাহ অনেক বড় করুক আপনাদের,3,0.6225111713754121
3 After Forming Government,3_after_forming_government,3649,"""গরুর হাটে গোবর আছে,ওগুলাও খাইস,কিছু পার্সেল করে দলের অফিসেও পাঠাইস""",গরুর হাটে গোবর আছে ওগুলাও খাইস কিছু পার্সেল করে দলের অফিসেও পাঠাইস,1,0.5498227770615479
3 After Forming Government,3_after_forming_government,3650,ওয়াও খাও খাও।,ওয়াও খাও খাও,1,0.7980699842216582
3 After Forming Government,3_after_forming_government,3651,হাচা কতা কইছেন।,হাচা কতা কইছেন,0,0.2
3 After Forming Government,3_after_forming_government,3652,আস্তাগফিরুল্লাহ,আস্তাগফিরুল্লাহ,0,0.2
3 After Forming Government,3_after_forming_government,3653,ভাইয়া বলে কি,ভাইয়া বলে কি,0,0.7305478261558118
3 After Forming Government,3_after_forming_government,3654,জি,জি,4,0.5999888288076073
3 After Forming Government,3_after_forming_government,3655,যাক হাট-ঘাটের গু -গবর খাওয়ার লোক তাইলে পাওয়া গেল।,যাক হাট ঘাটের গু গবর খাওয়ার লোক তাইলে পাওয়া গেল,2,0.41255222963081384
3 After Forming Government,3_after_forming_government,3656,বাহ বাহ,বাহ বাহ,4,0.7318782452336114
3 After Forming Government,3_after_forming_government,3657,"""উত্তম বলিয়াছেন, সহমত লেতা""",উত্তম বলিয়াছেন সহমত লেতা,2,0.599995639641663
3 After Forming Government,3_after_forming_government,3658,ওমা তাই,ওমা তাই,0,0.2
3 After Forming Government,3_after_forming_government,3659,খাবে,খাবে,2,0.5999988741987357
3 After Forming Government,3_after_forming_government,3660,ইট পাথর বালু সিমেন্ট এগুলাও খাবে তারা,ইট পাথর বালু সিমেন্ট এগুলাও খাবে তারা,2,0.8399566786223401
3 After Forming Government,3_after_forming_government,3661,ওকে,ওকে,2,0.5988472318011608
3 After Forming Government,3_after_forming_government,3662,নেতাদের কাছে দেশটা যেন গনিমতের মাল!,নেতাদের কাছে দেশটা যেন গনিমতের মাল,3,0.8391548795845684
3 After Forming Government,3_after_forming_government,3663,আন্দোলনে কোন বিএনপির কর্মী ছিল না তার প্রমাণ মির্জা ফখরুল সাহেব নিজেই বিশ্বাস না হয় সোশ্যাল মিডিয়ায় ভিডিও আছে দেখে নিতে পারেন,আন্দোলনে কোন বিএনপির কর্মী ছিল না তার প্রমাণ মির্জা ফখরুল সাহেব নিজেই বিশ্বাস না হয় সোশ্যাল মিডিয়ায় ভিডিও আছে দেখে নিতে পারেন,3,0.7162952214420102
3 After Forming Government,3_after_forming_government,3664,আমি ও তাই বলি।,আমি ও তাই বলি,0,0.2
3 After Forming Government,3_after_forming_government,3665,খায় দেখেই ত আন্দোলন হইছে আপনাদেরকেও কি দওরাই তে হবে,খায় দেখেই ত আন্দোলন হইছে আপনাদেরকেও কি দওরাই তে হবে,2,0.5473525382056006
3 After Forming Government,3_after_forming_government,3666,খা রে ভাই খা,খা রে ভাই খা,2,0.7976642580173733
3 After Forming Government,3_after_forming_government,3667,আর টয়লেট কে খাবে?,আর টয়লেট কে খাবে,2,0.40009824269091493
3 After Forming Government,3_after_forming_government,3668,Kn,kn,0,0.2
3 After Forming Government,3_after_forming_government,3669,ভাত মাছ রেখে এত খাবার কিবা করে খাব ছাওয়াল,ভাত মাছ রেখে এত খাবার কিবা করে খাব ছাওয়াল,1,0.47432398042797724
3 After Forming Government,3_after_forming_government,3670,রমজান মাস চলে ইফতারের পর খাইয়েন।,রমজান মাস চলে ইফতারের পর খাইয়েন,0,0.8847923158957601
3 After Forming Government,3_after_forming_government,3671,এটাই তারেক রহমানের আই হ্যাভ এ প্ল্যান এর অংশবিশেষ।,এটাই তারেক রহমানের আই হ্যাভ এ প্ল্যান এর অংশবিশেষ,4,0.7997103231163968
3 After Forming Government,3_after_forming_government,3672,চমৎকার,চমৎকার,2,0.5999953420076907
3 After Forming Government,3_after_forming_government,3673,আচ্ছা ঠিক আছে,আচ্ছা ঠিক আছে,4,0.40005811827289495
3 After Forming Government,3_after_forming_government,3674,নৈতিকতা নিদারুণ অবক্ষয়,নৈতিকতা নিদারুণ অবক্ষয়,0,0.2
3 After Forming Government,3_after_forming_government,3675,একদম ঠিক এভাবেই চালিয়ে যান,একদম ঠিক এভাবেই চালিয়ে যান,0,0.5331029424436309
3 After Forming Government,3_after_forming_government,3676,উচিৎ কথা কইছে,উচিৎ কথা কইছে,4,0.5988599549348805
3 After Forming Government,3_after_forming_government,3677,"""ঠিক ই তো, এত আন্দোলন এ কত কষ্ট করছেন ।""",ঠিক ই তো এত আন্দোলন এ কত কষ্ট করছেন,1,0.7407973216992906
3 After Forming Government,3_after_forming_government,3678,বাহ..,বাহ,4,0.5974070517487062
3 After Forming Government,3_after_forming_government,3679,এটা চিরিয়াখানা থেকে কিভাবে ছাড়া পেল,এটা চিরিয়াখানা থেকে কিভাবে ছাড়া পেল,1,0.7294661576777902
3 After Forming Government,3_after_forming_government,3680,খাইয়া মইরা দেখ কি হয়!!,খাইয়া মইরা দেখ কি হয়,2,0.733327124960795
3 After Forming Government,3_after_forming_government,3681,"""রাস্তার ইট খুলে বাড়ি নিয়ে যাও,ওগুলো এখন তোমাদের পৈতৃক সম্পত্তি""",রাস্তার ইট খুলে বাড়ি নিয়ে যাও ওগুলো এখন তোমাদের পৈতৃক সম্পত্তি,2,0.5806793940588985
3 After Forming Government,3_after_forming_government,3682,খাও খাও ভাতিজা ঐ আপা ইস লডিং,খাও খাও ভাতিজা ঐ আপা ইস লডিং,1,0.8398000888499456
3 After Forming Government,3_after_forming_government,3683,Kha kha onek bocor upos chili kha Rojate beshi kha karon rojar gular hisab hobe na,kha kha onek bocor upos chili kha rojate beshi kha karon rojar gular hisab hobe na,0,0.7430771414808448
3 After Forming Government,3_after_forming_government,3684,মন মত খা,মন মত খা,2,0.7975463100171732
3 After Forming Government,3_after_forming_government,3685,টয়লেটও বাদ দিলেন না,টয়লেটও বাদ দিলেন না,2,0.7967044464443974
3 After Forming Government,3_after_forming_government,3686,এটা বাংলাদে____শ এটা পাকিস্তান নারে বাবা____এটা ইন্ডিয়া না____,এটা বাংলাদে শ এটা পাকিস্তান নারে বাবা এটা ইন্ডিয়া না,0,0.597828458579388
3 After Forming Government,3_after_forming_government,3687,"""এত খাইলে পরে গলায় আটকিয়ে যাবে,""",এত খাইলে পরে গলায় আটকিয়ে যাবে,1,0.83951254812676
3 After Forming Government,3_after_forming_government,3688,লে হালুয়া,লে হালুয়া,0,0.2
3 After Forming Government,3_after_forming_government,3689,আসেন সবাই মিলে মিশে খাই,আসেন সবাই মিলে মিশে খাই,1,0.4945894179610821
3 After Forming Government,3_after_forming_government,3690,"""১৭ বছর আপনারা খাইতে পারেন নাই । তাই আপনারা ৫ বছর খাবেন, এটাই তো নিয়ম। কথা হচ্ছে খাওয়া শেষ হলে ময়লা গোলা নিদিষ্ট জায়গায় ফেলবেন…""",বছর আপনারা খাইতে পারেন নাই তাই আপনারা বছর খাবেন এটাই তো নিয়ম কথা হচ্ছে খাওয়া শেষ হলে ময়লা গোলা নিদিষ্ট জায়গায় ফেলবেন,2,0.4020965160272008
3 After Forming Government,3_after_forming_government,3691,Ahare ruti ruji,ahare ruti ruji,0,0.2
3 After Forming Government,3_after_forming_government,3692,পুরা দেশটাকেই খাইয়ালা....,পুরা দেশটাকেই খাইয়ালা,3,0.597909018819953
3 After Forming Government,3_after_forming_government,3693,খোঁজ নিয়ে দেখেন হ্লায় গুপ্ত,খোঁজ নিয়ে দেখেন হ্লায় গুপ্ত,4,0.7971098362686423
3 After Forming Government,3_after_forming_government,3694,"""খাও বেশি করে খাও,শুধু পিছনটা সাবধানে রাখিও।""",খাও বেশি করে খাও শুধু পিছনটা সাবধানে রাখিও,1,0.7999746401384158
3 After Forming Government,3_after_forming_government,3695,হাঁটের টয়লেট সহ খেয়ে ফেলো ।,হাঁটের টয়লেট সহ খেয়ে ফেলো,2,0.5073384209725494
3 After Forming Government,3_after_forming_government,3696,এমন কথায় তো শুনতে চাই,এমন কথায় তো শুনতে চাই,3,0.5523530692981391
3 After Forming Government,3_after_forming_government,3697,ঠিক আছে বস,ঠিক আছে বস,4,0.40022882102755947
3 After Forming Government,3_after_forming_government,3698,"""এবার বুঝতে পারবে সাধারণ মানুষ কাকে ভোট দিলাম,,,,""",এবার বুঝতে পারবে সাধারণ মানুষ কাকে ভোট দিলাম,1,0.5682759967719154
3 After Forming Government,3_after_forming_government,3699,আচ্ছা!,আচ্ছা,1,0.5999963391720382
3 After Forming Government,3_after_forming_government,3700,ঠিক,ঠিক,4,0.5999992496587379
3 After Forming Government,3_after_forming_government,3701,"""ঠিকই বলেছে সে,,,""",ঠিকই বলেছে সে,1,0.7995252259394587
3 After Forming Government,3_after_forming_government,3702,পাবলিক টয়লেট কে খাবে?,পাবলিক টয়লেট কে খাবে,4,0.5497094149870513
3 After Forming Government,3_after_forming_government,3703,উওম প্রস্তাব,উওম প্রস্তাব,3,0.5970405310920879
3 After Forming Government,3_after_forming_government,3704,সবই তো খাবেন তাহলে টয়লেট টা বাদ রাখবেন কেনো ওটাও খান,সবই তো খাবেন তাহলে টয়লেট টা বাদ রাখবেন কেনো ওটাও খান,4,0.4794983773437251
3 After Forming Government,3_after_forming_government,3705,গরীবের খোলা টয়লেট এ জমানো কম্পোস্ট সার গুলো খেয়োনা এগুলো এরা সবজি ক্ষেতে ব্যবহার করবে।ধন্যবাদ।,গরীবের খোলা টয়লেট এ জমানো কম্পোস্ট সার গুলো খেয়োনা এগুলো এরা সবজি ক্ষেতে ব্যবহার করবে ধন্যবাদ,4,0.8843118215771182
3 After Forming Government,3_after_forming_government,3706,কাম খতম,কাম খতম,0,0.2
3 After Forming Government,3_after_forming_government,3707,এমন ভাবে খেওনা যাতে হজম শক্তির সমস্যা হয়।,এমন ভাবে খেওনা যাতে হজম শক্তির সমস্যা হয়,0,0.8378541996918746
3 After Forming Government,3_after_forming_government,3708,হাট আর বেশি দূর নয়।,হাট আর বেশি দূর নয়,1,0.47927311189595057
3 After Forming Government,3_after_forming_government,3709,"""তারেক রহমানের বিয়া। আমরা খামুনা, তাইলে কে খাবে""",তারেক রহমানের বিয়া আমরা খামুনা তাইলে কে খাবে,4,0.6387608258176508
3 After Forming Government,3_after_forming_government,3710,সাবাস বেটা।,সাবাস বেটা,3,0.7333309190230822
3 After Forming Government,3_after_forming_government,3711,হালায় একদম ঠিক কতা কইছে,হালায় একদম ঠিক কতা কইছে,4,0.7997213579164874
3 After Forming Government,3_after_forming_government,3712,আরে ভাই সমঝোতা করে খাবে তাহলেই তো খাওয়াটা বৈধ হবে,আরে ভাই সমঝোতা করে খাবে তাহলেই তো খাওয়াটা বৈধ হবে,1,0.49399230304641667
3 After Forming Government,3_after_forming_government,3713,বাহ্ কি সুন্দর বক্তব্য,বাহ্ কি সুন্দর বক্তব্য,4,0.7925730764527031
3 After Forming Government,3_after_forming_government,3714,"""Md Asraful Islam ভাই আপনার বাঘ বুঝি লোয়েন,""",md asraful islam ভাই আপনার বাঘ বুঝি লোয়েন,4,0.8361735000875435
3 After Forming Government,3_after_forming_government,3715,17 বছর ধরে পেট খালি খাওয়া দাওয়া তো করতে হবে। হাট ঘাট সবকিছু চেটেপুটে খাও,বছর ধরে পেট খালি খাওয়া দাওয়া তো করতে হবে হাট ঘাট সবকিছু চেটেপুটে খাও,1,0.48019777436958416
3 After Forming Government,3_after_forming_government,3716,হুমমম খাবি এমন খাওয়া খাবি দেখিস বিচি দুইটা যেনো বাদ না যায়,হুমমম খাবি এমন খাওয়া খাবি দেখিস বিচি দুইটা যেনো বাদ না যায়,2,0.898248563562402
3 After Forming Government,3_after_forming_government,3717,হক কথা।,হক কথা,0,0.599608324818386
3 After Forming Government,3_after_forming_government,3718,"""ভিডিও দেখেছি এদের কেন এখনো পুলিশ প্রশাসন পাকড়াও করছে না, এটা বাংলাদেশী বাঙালিদের চিন্তার বিষয়""",ভিডিও দেখেছি এদের কেন এখনো পুলিশ প্রশাসন পাকড়াও করছে না এটা বাংলাদেশী বাঙালিদের চিন্তার বিষয়,3,0.532807480870221
3 After Forming Government,3_after_forming_government,3719,টয়লেট কে খাবে,টয়লেট কে খাবে,2,0.40009824269091493
3 After Forming Government,3_after_forming_government,3720,ঠিকই বলেছ ।,ঠিকই বলেছ,1,0.5996495539579805
3 After Forming Government,3_after_forming_government,3721,আইচ্ছা,আইচ্ছা,1,0.5999804231225615
3 After Forming Government,3_after_forming_government,3722,লগে গু গোবর সহ সব খা,লগে গু গোবর সহ সব খা,2,0.8397094671711892
3 After Forming Government,3_after_forming_government,3723,"""আমি সহমত পোষণ করছি,,,""",আমি সহমত পোষণ করছি,3,0.5498820104069547
3 After Forming Government,3_after_forming_government,3724,রাস্তার মাটিও খেতে হবে কিন্তু,রাস্তার মাটিও খেতে হবে কিন্তু,1,0.7279935324734617
3 After Forming Government,3_after_forming_government,3725,লে হালুয়া,লে হালুয়া,0,0.2
3 After Forming Government,3_after_forming_government,3726,অবশ্য খাবে দেশটাতো আপনাদের,অবশ্য খাবে দেশটাতো আপনাদের,2,0.47192779066784946
3 After Forming Government,3_after_forming_government,3727,সাব্বাশ,সাব্বাশ,3,0.5999880927817736
3 After Forming Government,3_after_forming_government,3728,খাও,খাও,1,0.5999988203674081
3 After Forming Government,3_after_forming_government,3729,Thik,thik,0,0.599992623682184
3 After Forming Government,3_after_forming_government,3730,চমৎকার কথা ৫০%গাদ্দার জনগনের জন্য আপনি চমৎকার কথা বলেছেন।,চমৎকার কথা গাদ্দার জনগনের জন্য আপনি চমৎকার কথা বলেছেন,2,0.6991524953375425
3 After Forming Government,3_after_forming_government,3731,ঘাট খাবে ভালো কথা হাট কাবে কেমনে?,ঘাট খাবে ভালো কথা হাট কাবে কেমনে,2,0.866459059412168
3 After Forming Government,3_after_forming_government,3732,Nice & Attractive,nice attractive,2,0.5999898104121452
3 After Forming Government,3_after_forming_government,3733,Somojotar mode khabe to...ta hole somusa ki...?,somojotar mode khabe to ta hole somusa ki,2,0.4403069050770146
3 After Forming Government,3_after_forming_government,3734,এটা তাদের অধিকার,এটা তাদের অধিকার,3,0.5980110287664081
3 After Forming Government,3_after_forming_government,3735,ঠিক ঠিক আপনার খাবেন না তো কি জনগণ খাবে,ঠিক ঠিক আপনার খাবেন না তো কি জনগণ খাবে,4,0.6867836183227655
3 After Forming Government,3_after_forming_government,3736,কথাই যুক্তি আছে,কথাই যুক্তি আছে,3,0.732339743304791
3 After Forming Government,3_after_forming_government,3737,আমাদের কুষ্টিয়ার কলঙ্গ,আমাদের কুষ্টিয়ার কলঙ্গ,0,0.2
3 After Forming Government,3_after_forming_government,3738,কেউ তাকে বাঁধা দিয়েছে!,কেউ তাকে বাঁধা দিয়েছে,0,0.7323791299617131
3 After Forming Government,3_after_forming_government,3739,টয়লেট যাইবো কে,টয়লেট যাইবো কে,4,0.5999959214641412
3 After Forming Government,3_after_forming_government,3740,পিলার খা,পিলার খা,2,0.5999990465113574
3 After Forming Government,3_after_forming_government,3741,সমঝোতায় খেয়ে নিও,সমঝোতায় খেয়ে নিও,4,0.39938892177977653
3 After Forming Government,3_after_forming_government,3742,"""কি যুগ আইলো বাহে, ঘোষণা দিয়ে চাঁদাবাজি করে.....""",কি যুগ আইলো বাহে ঘোষণা দিয়ে চাঁদাবাজি করে,2,0.7977936355081913
3 After Forming Government,3_after_forming_government,3743,"""টয়লেটও খাবেন, নিষেধ করছে কে।""",টয়লেটও খাবেন নিষেধ করছে কে,3,0.39996364621115266
3 After Forming Government,3_after_forming_government,3744,খাব খাব খাব খাব খাব খাব খাব খাব খাব খাব সব খাবো,খাব খাব খাব খাব খাব খাব খাব খাব খাব খাব সব খাবো,1,0.9332757380549161
3 After Forming Government,3_after_forming_government,3745,কালা চশমা,কালা চশমা,0,0.5999816090291592
3 After Forming Government,3_after_forming_government,3746,আচ্ছা ঠিক আছে,আচ্ছা ঠিক আছে,4,0.40005811827289495
3 After Forming Government,3_after_forming_government,3747,হুম। এটা যৌক্তিক। মেনে নিতেই হবে।,হুম এটা যৌক্তিক মেনে নিতেই হবে,2,0.4000416208644162
3 After Forming Government,3_after_forming_government,3748,প্রধানমন্ত্রী ও নীতিবান মন্ত্রীদের একান্ত নিরলস প্রচেষ্টাকে এরা নস্যাৎ করে দিবে।,প্রধানমন্ত্রী ও নীতিবান মন্ত্রীদের একান্ত নিরলস প্রচেষ্টাকে এরা নস্যাৎ করে দিবে,4,0.7969210141962735
3 After Forming Government,3_after_forming_government,3749,ইনকাম করে খেতে কি গায়ে ব্যাথা লাগে?,ইনকাম করে খেতে কি গায়ে ব্যাথা লাগে,1,0.4503548052074913
3 After Forming Government,3_after_forming_government,3750,"""খেলা হবে,,, খাবে, কঞ্চি সহ বাঁশ""",খেলা হবে খাবে কঞ্চি সহ বাঁশ,2,0.5066150751047465
3 After Forming Government,3_after_forming_government,3751,পতনের সুর বাজছে,পতনের সুর বাজছে,3,0.598983724364367
3 After Forming Government,3_after_forming_government,3752,ঠিক,ঠিক,4,0.5999992496587379
3 After Forming Government,3_after_forming_government,3753,প্রবাস থেকে রেমিট্যান্স কমপ্লিট শাট ডাউন দিয়ে আমরা আন্দোলনের অংশগ্রহণ করছিলাম। এখন আমরা কি দেশে এসে বাজার ঘাট দখল করে বউ বাচ্চা পালতে পারমু।,প্রবাস থেকে রেমিট্যান্স কমপ্লিট শাট ডাউন দিয়ে আমরা আন্দোলনের অংশগ্রহণ করছিলাম এখন আমরা কি দেশে এসে বাজার ঘাট দখল করে বউ বাচ্চা পালতে পারমু,2,0.6584181658218237
3 After Forming Government,3_after_forming_government,3754,সাবাশ,সাবাশ,0,0.5995421995621478
3 After Forming Government,3_after_forming_government,3755,"""টয়লেট গুলো ও খাইস, তাহলে মানুষের আর কষ্ট করে পরিষ্কার করা লাগবে না""",টয়লেট গুলো ও খাইস তাহলে মানুষের আর কষ্ট করে পরিষ্কার করা লাগবে না,4,0.48528923712242167
3 After Forming Government,3_after_forming_government,3756,ঠিক আছে,ঠিক আছে,4,0.5999992496587379
3 After Forming Government,3_after_forming_government,3757,মাদক কে না বলতে হবে। কোন ভাবেই মাদকসেবীদের প্রশ্রয় দেয়া যাবে না। না মানে না। ডিসি মাসুদ আপনি একদম সঠীক পথে আছেন। পুরো দেশ …,মাদক কে না বলতে হবে কোন ভাবেই মাদকসেবীদের প্রশ্রয় দেয়া যাবে না না মানে না ডিসি মাসুদ আপনি একদম সঠীক পথে আছেন পুরো দেশ,4,0.9324827997265471
3 After Forming Government,3_after_forming_government,3758,কেন খাবেন না দরকার হলো মল-মুত্র খাবেন আপনাদের সকল অধিকার আছে,কেন খাবেন না দরকার হলো মল মুত্র খাবেন আপনাদের সকল অধিকার আছে,3,0.7312485725245286
3 After Forming Government,3_after_forming_government,3759,ফুটফুটে সুন্দর,ফুটফুটে সুন্দর,4,0.5999969507262538
3 After Forming Government,3_after_forming_government,3760,সাবাস বেটা,সাবাস বেটা,3,0.7333309190230822
3 After Forming Government,3_after_forming_government,3761,বুজিয়ে বলুন স্যার,বুজিয়ে বলুন স্যার,3,0.5999814202844849
3 After Forming Government,3_after_forming_government,3762,আমি পয়লা ভাবছি ইমরান খান এখন দেখি পাতলা খান,আমি পয়লা ভাবছি ইমরান খান এখন দেখি পাতলা খান,1,0.7985308472467233
3 After Forming Government,3_after_forming_government,3763,ওই শেষ,ওই শেষ,4,0.5980013305269553
3 After Forming Government,3_after_forming_government,3764,খেয়ে যান।,খেয়ে যান,0,0.730191958711582
3 After Forming Government,3_after_forming_government,3765,Ami silam,ami silam,0,0.2
3 After Forming Government,3_after_forming_government,3766,সমঝোতার মাধ্যমে সব নিজের করে নিবেন,সমঝোতার মাধ্যমে সব নিজের করে নিবেন,2,0.6265837123029312
3 After Forming Government,3_after_forming_government,3767,আচ্ছা খান,আচ্ছা খান,1,0.7333312395076628
3 After Forming Government,3_after_forming_government,3768,খা আরো খা সময় থাকতে খা খাইয়্যা পেট ফাইট্টা ম‌ইরা যা,খা আরো খা সময় থাকতে খা খাইয়্যা পেট ফাইট্টা মইরা যা,2,0.5219334000194136
3 After Forming Government,3_after_forming_government,3769,"""সমঝোতা করে খাও তোমাদের আব্বুর সম্পত্তি মিলে মিশে খাও,মিলে মিশে খাওয়া ভালো""",সমঝোতা করে খাও তোমাদের আব্বুর সম্পত্তি মিলে মিশে খাও মিলে মিশে খাওয়া ভালো,1,0.9325483735363065
3 After Forming Government,3_after_forming_government,3770,সমঝোতা করে চাঁন্দ্রঁ নিও,সমঝোতা করে চাঁন্দ্রঁ নিও,1,0.40048111958413435
3 After Forming Government,3_after_forming_government,3771,হাট-ঘাট খেয়ে কি করবি? পুরা বাংলাটাই খা,হাট ঘাট খেয়ে কি করবি পুরা বাংলাটাই খা,2,0.8648438200174363
3 After Forming Government,3_after_forming_government,3772,আইচ্ছা,আইচ্ছা,1,0.5999804231225615
3 After Forming Government,3_after_forming_government,3773,ওকে,ওকে,2,0.5988472318011608
3 After Forming Government,3_after_forming_government,3774,ডিম পাড়ে হাসে খায় বাগডাসে,ডিম পাড়ে হাসে খায় বাগডাসে,2,0.7329253830387035
3 After Forming Government,3_after_forming_government,3775,বিম্পি মানেই বিনোদন।,বিম্পি মানেই বিনোদন,4,0.7299599615997182
3 After Forming Government,3_after_forming_government,3776,Bangladesh e ki ay khawa khawee bondho kora jay na?,bangladesh e ki ay khawa khawee bondho kora jay na,1,0.5445658044652978
3 After Forming Government,3_after_forming_government,3777,Kn kaj kore khele ki problem,kn kaj kore khele ki problem,2,0.5496447527073897
3 After Forming Government,3_after_forming_government,3778,দোয়া এবং আশীর্বাদ রইল ১…,দোয়া এবং আশীর্বাদ রইল,3,0.7328236209196848
3 After Forming Government,3_after_forming_government,3779,আগেই বলেছিলাম এরা মালটা বেশি সুবিধা নয় গরিবের কথা বাসি হলে মিষ্টি হয়।,আগেই বলেছিলাম এরা মালটা বেশি সুবিধা নয় গরিবের কথা বাসি হলে মিষ্টি হয়,1,0.8631822045053477
3 After Forming Government,3_after_forming_government,3780,এই সালারে জুতা মার।,এই সালারে জুতা মার,0,0.4002558098179375
3 After Forming Government,3_after_forming_government,3781,তেরিত্তো,তেরিত্তো,0,0.2
3 After Forming Government,3_after_forming_government,3782,এইসবের কারণে বিএনপি ধ্বংস হয়ে যাবে। তাই প্রধানমন্ত্রীর জরুরীভাবে হস্তক্ষেপ করা উচিত এসব বিষয়গুলো।,এইসবের কারণে বিএনপি ধ্বংস হয়ে যাবে তাই প্রধানমন্ত্রীর জরুরীভাবে হস্তক্ষেপ করা উচিত এসব বিষয়গুলো,4,0.6806574673008561
3 After Forming Government,3_after_forming_government,3783,জন্মের পর থেকেই রোজা রাখলে যা হয়,জন্মের পর থেকেই রোজা রাখলে যা হয়,0,0.8361392691178916
3 After Forming Government,3_after_forming_government,3784,সহমত,সহমত,2,0.599995639641663
3 After Forming Government,3_after_forming_government,3785,KT Towhid Khaw valo kory.,kt towhid khaw valo kory,1,0.733304795747028
3 After Forming Government,3_after_forming_government,3786,খাও হেডা বইরা খাও,খাও হেডা বইরা খাও,1,0.7333326482199211
3 After Forming Government,3_after_forming_government,3787,কোন আনদোলনে ছিল। বালির গাড়ি সরানোর মতো শক্তি ছিল না।,কোন আনদোলনে ছিল বালির গাড়ি সরানোর মতো শক্তি ছিল না,1,0.49399898627628663
3 After Forming Government,3_after_forming_government,3788,কেন দেশে কি চাল ডাল এর অভাব পড়েছে।,কেন দেশে কি চাল ডাল এর অভাব পড়েছে,1,0.7325273947200249
3 After Forming Government,3_after_forming_government,3789,আরেএএ এটা তো সরকার দলের বিপক্ষে পোস্ট!!!,আরেএএ এটা তো সরকার দলের বিপক্ষে পোস্ট,4,0.836529529300132
3 After Forming Government,3_after_forming_government,3790,"""জি বস, আপনি যেহেতু বলেছেন ঐটাই ঠিক,,""",জি বস আপনি যেহেতু বলেছেন ঐটাই ঠিক,4,0.5323330188973893
3 After Forming Government,3_after_forming_government,3791,Khao kew na korbe na,khao kew na korbe na,1,0.7333308755241293
3 After Forming Government,3_after_forming_government,3792,"""প্রথমে ভেবেছিলাম এটা সজিব ওয়াজেদ জয়,পরে লেখা দেখে বুঝতে পারি,সেচ্ছাসেবক নেতা।""",প্রথমে ভেবেছিলাম এটা সজিব ওয়াজেদ জয় পরে লেখা দেখে বুঝতে পারি সেচ্ছাসেবক নেতা,0,0.463900415525448
3 After Forming Government,3_after_forming_government,3793,রোজা কি বেশি লেগেছে রে ল্যাসপেন্সার।,রোজা কি বেশি লেগেছে রে ল্যাসপেন্সার,1,0.7990497669246552
3 After Forming Government,3_after_forming_government,3794,Well- done boy,well done boy,0,0.2
3 After Forming Government,3_after_forming_government,3795,সমঝোতার মাধ্যমে খাবেন,সমঝোতার মাধ্যমে খাবেন,2,0.5496959471014046
3 After Forming Government,3_after_forming_government,3796,"""হ্যা, তাইতো!""",হ্যা তাইতো,4,0.5976119721992862
3 After Forming Government,3_after_forming_government,3797,এখন ঠিক আছে,এখন ঠিক আছে,4,0.5999992496587379
3 After Forming Government,3_after_forming_government,3798,বাহ,বাহ,4,0.5974070517487062
3 After Forming Government,3_after_forming_government,3799,আলহামদুলিল্লাহ,আলহামদুলিল্লাহ,2,0.5999989241498305
3 After Forming Government,3_after_forming_government,3800,জন্ম ও কি হাট-ঘাটে,জন্ম ও কি হাট ঘাটে,2,0.7333305305869313
3 After Forming Government,3_after_forming_government,3801,কত সুন্দর বক্তব্য এটা কি অযৌক্তিক কথা।,কত সুন্দর বক্তব্য এটা কি অযৌক্তিক কথা,3,0.5324090366243643
3 After Forming Government,3_after_forming_government,3802,জাগছে এবার সরকার,জাগছে এবার সরকার,2,0.7299322772490641
3 After Forming Government,3_after_forming_government,3803,Khan apnarai khan......khan khan khak....kir.... Pola,khan apnarai khan khan khan khak kir pola,1,0.8399969340664167
3 After Forming Government,3_after_forming_government,3804,Taholey AJ theika Ami amar molteg gula tader jonno joma korthe thakbo ai gulain tader jonno favourite,taholey aj theika ami amar molteg gula tader jonno joma korthe thakbo ai gulain tader jonno favourite,3,0.883427478205821
3 After Forming Government,3_after_forming_government,3805,"""Great. Feel good to hear. Let destroy the Bangladesh by extortion, bribery and corruption. Joy ...... BNP's joy.""",great feel good to hear let destroy the bangladesh by extortion bribery and corruption joy bnp s joy,2,0.899639418694017
3 After Forming Government,3_after_forming_government,3806,"""Nazrul Islam, তুর জন্য কোন টা লাগবে,তুই তো আন্দোলনে ছিলি""",nazrul islam তুর জন্য কোন টা লাগবে তুই তো আন্দোলনে ছিলি,4,0.67832354403846
3 After Forming Government,3_after_forming_government,3807,রোজা রমজানের খালি খাওয়াু খাওয়ির গপ্প।,রোজা রমজানের খালি খাওয়াু খাওয়ির গপ্প,0,0.5492232529699315
3 After Forming Government,3_after_forming_government,3808,কোন আন্দোলন করেছেন আপনারা। যতসব,কোন আন্দোলন করেছেন আপনারা যতসব,3,0.8384366629847327
3 After Forming Government,3_after_forming_government,3809,"""ল্যাতা ঠিক বলেছেন,১৭বছরের ক্ষুদার জ্বালা সমালোচকরা কি বুঝবে? আকাশ আর এলাকা যত অন্ধকার হোক সানগ্লাস খোলা যাবেনা।""",ল্যাতা ঠিক বলেছেন বছরের ক্ষুদার জ্বালা সমালোচকরা কি বুঝবে আকাশ আর এলাকা যত অন্ধকার হোক সানগ্লাস খোলা যাবেনা,4,0.5273854618002897
3 After Forming Government,3_after_forming_government,3810,খাও পেট ভর্তি করে খাও,খাও পেট ভর্তি করে খাও,1,0.799998961966271
3 After Forming Government,3_after_forming_government,3811,লগে বাংলাদেশের মানচিত্র টাও খাইয়া ফেলেন,লগে বাংলাদেশের মানচিত্র টাও খাইয়া ফেলেন,2,0.6400484632842075
3 After Forming Government,3_after_forming_government,3812,lagare laga,lagare laga,0,0.2
3 After Forming Government,3_after_forming_government,3813,বাজার সহ খেয়ে পেলো বাঁচা.....,বাজার সহ খেয়ে পেলো বাঁচা,2,0.799029320011585
3 After Forming Government,3_after_forming_government,3814,চাদা তোলা মৌলিক অধিকার। ইচ্ছে মতো খা।,চাদা তোলা মৌলিক অধিকার ইচ্ছে মতো খা,2,0.5378749655191225
3 After Forming Government,3_after_forming_government,3815,সতেরোটা বছর উপবাস করছেন এখন তো খাবেন? আপনাদের অনেক খিদে লাগছে এটা আমরাও বুঝি।,সতেরোটা বছর উপবাস করছেন এখন তো খাবেন আপনাদের অনেক খিদে লাগছে এটা আমরাও বুঝি,3,0.7714528471416086
3 After Forming Government,3_after_forming_government,3816,মাঠ বাদ গেছে দাদা,মাঠ বাদ গেছে দাদা,4,0.48010431403704057
3 After Forming Government,3_after_forming_government,3817,কথায় যুক্তি আছে। ন্যায্য অধিকারও বটে।,কথায় যুক্তি আছে ন্যায্য অধিকারও বটে,3,0.733330509465996
3 After Forming Government,3_after_forming_government,3818,পিছন দিয়েও খান,পিছন দিয়েও খান,1,0.4003607833957409
3 After Forming Government,3_after_forming_government,3819,ক্যান।বাড়িতে কি বউ রান্না করেনা ভাতটাত,ক্যান বাড়িতে কি বউ রান্না করেনা ভাতটাত,2,0.7991139607360643
3 After Forming Government,3_after_forming_government,3820,সব ঠিক আছে।,সব ঠিক আছে,4,0.5999992496587379
3 After Forming Government,3_after_forming_government,3821,খা.. সময় কম হাতে। তাড়াতাড়ি যা পারছ খাইয়া ল,খা সময় কম হাতে তাড়াতাড়ি যা পারছ খাইয়া ল,2,0.4325770384353539
3 After Forming Government,3_after_forming_government,3822,"""অবশ্যই,,,,,, এ ভাবেই নতুন কর্মসংস্থান এর ব্যবস্থা হবে,,,,,""",অবশ্যই এ ভাবেই নতুন কর্মসংস্থান এর ব্যবস্থা হবে,4,0.5096128704082722
3 After Forming Government,3_after_forming_government,3823,"""সব খা, খেতে খেতে বদ হজম হবে।""",সব খা খেতে খেতে বদ হজম হবে,1,0.5485868627859032
3 After Forming Government,3_after_forming_government,3824,বিলকুল বস,বিলকুল বস,0,0.5995108468369947
3 After Forming Government,3_after_forming_government,3825,হয় লেতা।,হয় লেতা,0,0.2
3 After Forming Government,3_after_forming_government,3826,আপার আমলে পুলিশের বাশি সুনলেই পাহাড় পর্বত চুরমার করে কোন দিয়ে পলাতো ঠিক ছিলো না তাদের এখন কতো গলাবাজি,আপার আমলে পুলিশের বাশি সুনলেই পাহাড় পর্বত চুরমার করে কোন দিয়ে পলাতো ঠিক ছিলো না তাদের এখন কতো গলাবাজি,3,0.4207109992909061
3 After Forming Government,3_after_forming_government,3827,ঠিক আছে লিদার তালিয়ে দান,ঠিক আছে লিদার তালিয়ে দান,4,0.4000976346949095
3 After Forming Government,3_after_forming_government,3828,না ঠিক আছে তোমরাই খাও ১৭ বছর না খেয়ে আছো,না ঠিক আছে তোমরাই খাও বছর না খেয়ে আছো,1,0.4287338165872135
3 After Forming Government,3_after_forming_government,3829,Azizur Rahman আমাগো জন্য কিছু রেখে দিস,azizur rahman আমাগো জন্য কিছু রেখে দিস,4,0.7323625050474537
3 After Forming Government,3_after_forming_government,3830,Ahare koto je khida or,ahare koto je khida or,1,0.7330841905751203
3 After Forming Government,3_after_forming_government,3831,খাও খাও তোমরাই তো খাবা।,খাও খাও তোমরাই তো খাবা,1,0.7997634799304361
3 After Forming Government,3_after_forming_government,3832,ওই অঞ্চলে মানুষ নাই ওরে জুতা মেরে ঐখান থেকে বের করে না কেন,ওই অঞ্চলে মানুষ নাই ওরে জুতা মেরে ঐখান থেকে বের করে না কেন,3,0.4037559044084156
3 After Forming Government,3_after_forming_government,3833,ঝারু দিয়ে পরিস্কার করে তার পর খাবা।,ঝারু দিয়ে পরিস্কার করে তার পর খাবা,2,0.7301747339361129
3 After Forming Government,3_after_forming_government,3834,"""ঠিক আছে চাচা,চালাই যান""",ঠিক আছে চাচা চালাই যান,4,0.40005949014905634
3 After Forming Government,3_after_forming_government,3835,"""এতো ছোট ছোট কিছু খেয়ে কি লাভ সরাসরি দেশের রিজার্ভ এর টাকা গুলো খেয়ে নিলেই তো হয় ঝামেলাই শেষ ,,,বোঝে না বকা কোথাকার""",এতো ছোট ছোট কিছু খেয়ে কি লাভ সরাসরি দেশের রিজার্ভ এর টাকা গুলো খেয়ে নিলেই তো হয় ঝামেলাই শেষ বোঝে না বকা কোথাকার,0,0.728130209332344
3 After Forming Government,3_after_forming_government,3836,"""এরা অভুক্ত হয়ে যায়, অনেক বছর খায়নি, এখন ক্ষুদায় মাঠ ঘাট সবই খাবে।""",এরা অভুক্ত হয়ে যায় অনেক বছর খায়নি এখন ক্ষুদায় মাঠ ঘাট সবই খাবে,2,0.7138949985842755
3 After Forming Government,3_after_forming_government,3837,তাহলে আন্দোলনের দরকার কি ছিল???? তারাও তো খাচ্ছিলই।,তাহলে আন্দোলনের দরকার কি ছিল তারাও তো খাচ্ছিলই,4,0.7980782099703485
3 After Forming Government,3_after_forming_government,3838,আবর্জনা টা আগে যেনো ফুরায়,আবর্জনা টা আগে যেনো ফুরায়,4,0.40009577505163496
3 After Forming Government,3_after_forming_government,3839,"""যত মন চাই, খাও কেউ কিছু বলবে না""",যত মন চাই খাও কেউ কিছু বলবে না,3,0.3667547602218432
3 After Forming Government,3_after_forming_government,3840,সময় ঘনিয়ে আসছে,সময় ঘনিয়ে আসছে,2,0.7273177706103446
3 After Forming Government,3_after_forming_government,3841,এটা ভালো ছিল,এটা ভালো ছিল,2,0.5962681181141288
3 After Forming Government,3_after_forming_government,3842,Jehetu Sunglass poira koisey tarmaney thik e koisey.....,jehetu sunglass poira koisey tarmaney thik e koisey,0,0.599992623682184
3 After Forming Government,3_after_forming_government,3843,খিদার চোটেতো আপনেগো পেট আর পিটতো এক হয়ে গেছে,খিদার চোটেতো আপনেগো পেট আর পিটতো এক হয়ে গেছে,1,0.7298848741874654
3 After Forming Government,3_after_forming_government,3844,"""১৭ বছর রোজা রেখেছে, আর এখন তো ইফতার শুরু করছে।আপনারা কিছু মনে করেন না।এদের জন্য জায়েজ আছে""",বছর রোজা রেখেছে আর এখন তো ইফতার শুরু করছে আপনারা কিছু মনে করেন না এদের জন্য জায়েজ আছে,0,0.3959761074894906
3 After Forming Government,3_after_forming_government,3845,"""আমার জন্য কিছু রাখিয়েন,,,""",আমার জন্য কিছু রাখিয়েন,0,0.2
3 After Forming Government,3_after_forming_government,3846,সহমত ভাই সহমত,সহমত ভাই সহমত,2,0.7976631459713432
3 After Forming Government,3_after_forming_government,3847,সব খান দোয়া করি।,সব খান দোয়া করি,4,0.5481272567365583
3 After Forming Government,3_after_forming_government,3848,"""খাও ভাই, বেশি বেশি খাও""",খাও ভাই বেশি বেশি খাও,1,0.8662840389939842
3 After Forming Government,3_after_forming_government,3849,"""রমজান মাস টা যাক, তার পরে না হয় খাওয়া শুরু কইরো।""",রমজান মাস টা যাক তার পরে না হয় খাওয়া শুরু কইরো,0,0.5012748989577868
3 After Forming Government,3_after_forming_government,3850,এর সর্বপ্রথম আইনের আওতায় আনা হোক।,এর সর্বপ্রথম আইনের আওতায় আনা হোক,2,0.838531495203307
3 After Forming Government,3_after_forming_government,3851,সামনে আরও অনেক কিছু আছে।,সামনে আরও অনেক কিছু আছে,1,0.5972690977276108
3 After Forming Government,3_after_forming_government,3852,বাহ চমৎকার হাট ঘাট ইজারা আমরা খাবো,বাহ চমৎকার হাট ঘাট ইজারা আমরা খাবো,2,0.8852256671375488
3 After Forming Government,3_after_forming_government,3853,ধন্যবাশ,ধন্যবাশ,0,0.2
3 After Forming Government,3_after_forming_government,3854,আমি তো পাসা ভাই বুঝেছিলাম,আমি তো পাসা ভাই বুঝেছিলাম,1,0.5925043542158451
3 After Forming Government,3_after_forming_government,3855,কথায় কোন ভেজাল নাই।।।,কথায় কোন ভেজাল নাই,0,0.5936933683702027
3 After Forming Government,3_after_forming_government,3856,হাট ঘাট খাইয়া ফেললে হাট বসাইবে কোথায়,হাট ঘাট খাইয়া ফেললে হাট বসাইবে কোথায়,2,0.8399993835009945
3 After Forming Government,3_after_forming_government,3857,আলহামদুলিল্লাহ,আলহামদুলিল্লাহ,2,0.5999989241498305
3 After Forming Government,3_after_forming_government,3858,এরে দেখতে মারজুক রাসেল অরফে বেচেলর পয়েন্টের ফাসার মত লাগতেছে।।,এরে দেখতে মারজুক রাসেল অরফে বেচেলর পয়েন্টের ফাসার মত লাগতেছে,3,0.4000895326134339
3 After Forming Government,3_after_forming_government,3859,সাথে টয়লেটও খা,সাথে টয়লেটও খা,2,0.7333294053552584
3 After Forming Government,3_after_forming_government,3860,পেন্ট খুলে রাখিস কষ্ট করে খাবি কেন আমরা খাইয়ে দিব করনচোদ,পেন্ট খুলে রাখিস কষ্ট করে খাবি কেন আমরা খাইয়ে দিব করনচোদ,2,0.4398013096487292
3 After Forming Government,3_after_forming_government,3861,হাহাকার হাহাকার পেটে,হাহাকার হাহাকার পেটে,0,0.2
3 After Forming Government,3_after_forming_government,3862,Raihanur Rahman Jewel বন্ধু খাবি নাকি...?,raihanur rahman jewel বন্ধু খাবি নাকি,1,0.638123334718179
3 After Forming Government,3_after_forming_government,3863,শুধু হাটঘাট খেলেই চলবে মাঠও খেতে হবে প্রয়োজনে ইট বালু খোয়া সিমেন্ট মিশিয়ে খেতে হবে,শুধু হাটঘাট খেলেই চলবে মাঠও খেতে হবে প্রয়োজনে ইট বালু খোয়া সিমেন্ট মিশিয়ে খেতে হবে,1,0.5701116661560045
3 After Forming Government,3_after_forming_government,3864,বাজার ঘাটের ইট ও খান,বাজার ঘাটের ইট ও খান,2,0.44004565840636284
3 After Forming Government,3_after_forming_government,3865,Miraj Hossain Hannan Badsha তোমরা তো আন্দোলনে ছিলা এখন কি সিদ্ধান্ত নিবা??,miraj hossain hannan badsha তোমরা তো আন্দোলনে ছিলা এখন কি সিদ্ধান্ত নিবা,4,0.5122574771965634
3 After Forming Government,3_after_forming_government,3866,তাহলে আমাদের গ্রামের ভন্জন হবে প্রধানমন্ত্রী,তাহলে আমাদের গ্রামের ভন্জন হবে প্রধানমন্ত্রী,4,0.7321535141969998
3 After Forming Government,3_after_forming_government,3867,খেলা হবে আওয়ামীলীগের বি টিম,খেলা হবে আওয়ামীলীগের বি টিম,0,0.4000168378088315
3 After Forming Government,3_after_forming_government,3868,বেশি খেও না ভাই পেট খারাপ করতে পারে সাথে ওরস্যালাইন রাইখো,বেশি খেও না ভাই পেট খারাপ করতে পারে সাথে ওরস্যালাইন রাইখো,1,0.8852704351014256
3 After Forming Government,3_after_forming_government,3869,সংসার চালাতে হবে ত,সংসার চালাতে হবে ত,1,0.5970772578861359
3 After Forming Government,3_after_forming_government,3870,অবশ্যই আপনাদের খাওয়ার অধিকার আছে ব্রিজের রড খুলে ও খেতে পারবেন।,অবশ্যই আপনাদের খাওয়ার অধিকার আছে ব্রিজের রড খুলে ও খেতে পারবেন,3,0.9084435529677496
3 After Forming Government,3_after_forming_government,3871,সুন্দর বন্টন,সুন্দর বন্টন,4,0.5999969507262538
3 After Forming Government,3_after_forming_government,3872,বাশ,বাশ,0,0.2
3 After Forming Government,3_after_forming_government,3873,ঠিক বলেছেন,ঠিক বলেছেন,4,0.7294361968771718
3 After Forming Government,3_after_forming_government,3874,ঢাকা - সিলেট মহাসড়কে ইচ্ছাকৃত যানজট লাগিয়ে সরকারের ভাবমূর্তি ক্ষুণ্ন করার চেষ্টা করছে অনেকে। এ বিষয়ে সতর্ক থাকতে প্রশাসনের প্র…,ঢাকা সিলেট মহাসড়কে ইচ্ছাকৃত যানজট লাগিয়ে সরকারের ভাবমূর্তি ক্ষুণ্ন করার চেষ্টা করছে অনেকে এ বিষয়ে সতর্ক থাকতে প্রশাসনের প্র,3,0.41094820562656914
3 After Forming Government,3_after_forming_government,3875,মাশাআল্লাহ,মাশাআল্লাহ,2,0.599992206053805
3 After Forming Government,3_after_forming_government,3876,কত বড় লেতা রাইতে পড়ে সানগ্লাস।,কত বড় লেতা রাইতে পড়ে সানগ্লাস,3,0.6398220654223433
3 After Forming Government,3_after_forming_government,3877,ওয়াও নাইস,ওয়াও নাইস,4,0.5988700447515307
3 After Forming Government,3_after_forming_government,3878,Azad Hossain ব্যবস্থা নিতে হবে,azad hossain ব্যবস্থা নিতে হবে,2,0.7318833353623232
3 After Forming Government,3_after_forming_government,3879,আমার ভাগ টা রাইখেন,আমার ভাগ টা রাইখেন,4,0.5488194809014365
3 After Forming Government,3_after_forming_government,3880,সমঝোতা করে খান সমস্যা নাই,সমঝোতা করে খান সমস্যা নাই,1,0.6017847795520591
3 After Forming Government,3_after_forming_government,3882,খাও বেশি করে।,খাও বেশি করে,1,0.7332801593674094
3 After Forming Government,3_after_forming_government,3883,আম্রা ঈদের বাজারটা করিলাই হাট ঘাট নিবায় গিয়া,আম্রা ঈদের বাজারটা করিলাই হাট ঘাট নিবায় গিয়া,2,0.7999524075762393
3 After Forming Government,3_after_forming_government,3884,বেশি খাইস না বমি হয়ে যাবে,বেশি খাইস না বমি হয়ে যাবে,1,0.8656761263891856
3 After Forming Government,3_after_forming_government,3885,অয়েট এন সি,অয়েট এন সি,1,0.7333245039450158
3 After Forming Government,3_after_forming_government,3886,সমঝোতার মাধ্যমে খা ভাই,সমঝোতার মাধ্যমে খা ভাই,2,0.8385040232431201
3 After Forming Government,3_after_forming_government,3887,Biplob Ahmed Bappi ne kha,biplob ahmed bappi ne kha,0,0.733324960691673
3 After Forming Government,3_after_forming_government,3888,সাবাস বেটা।,সাবাস বেটা,3,0.7333309190230822
3 After Forming Government,3_after_forming_government,3889,এখানে অনেকের কমেন্ট পড়লাম আচ্ছা কেউ কি বলবেন আপনার এলাকায় এমন কয়টা বাজার আছে যা সরকারি ডাক হয় না? এবং ফেরি অথবা খেয়া ঘাট? যদি…,এখানে অনেকের কমেন্ট পড়লাম আচ্ছা কেউ কি বলবেন আপনার এলাকায় এমন কয়টা বাজার আছে যা সরকারি ডাক হয় না এবং ফেরি অথবা খেয়া ঘাট যদি,1,0.5788145838233356
3 After Forming Government,3_after_forming_government,3890,Thik,thik,0,0.599992623682184
3 After Forming Government,3_after_forming_government,3891,হুম খান পোনমারা খাওয়ার জন্য ও প্রস্তুতি নেন,হুম খান পোনমারা খাওয়ার জন্য ও প্রস্তুতি নেন,2,0.5087977628883819
3 After Forming Government,3_after_forming_government,3892,না করছে কে হাট গাট খাও,না করছে কে হাট গাট খাও,2,0.40000959608528897
3 After Forming Government,3_after_forming_government,3893,এ কেয়া হে ছানা,এ কেয়া হে ছানা,3,0.5987901375108552
3 After Forming Government,3_after_forming_government,3894,প্রচুর খিদে,প্রচুর খিদে,1,0.5971344212522184
3 After Forming Government,3_after_forming_government,3895,প্রচুর লুটেপুটে খেতে হবে।,প্রচুর লুটেপুটে খেতে হবে,1,0.7317599807234386
3 After Forming Government,3_after_forming_government,3896,17 years khay ai era.,years khay ai era,1,0.5994002320063938
3 After Forming Government,3_after_forming_government,3897,হাট ঘাট খায় কিভাবে?,হাট ঘাট খায় কিভাবে,2,0.6403241752435811
3 After Forming Government,3_after_forming_government,3898,খাও বাবা খাও,খাও বাবা খাও,1,0.5501607788642001
3 After Forming Government,3_after_forming_government,3899,খালি খাবে,খালি খাবে,2,0.7333307694675395
3 After Forming Government,3_after_forming_government,3900,সংসদে হাজে যুক্ত হয়েছে আজও যুক্ত হয়েছে,সংসদে হাজে যুক্ত হয়েছে আজও যুক্ত হয়েছে,0,0.5981432003503024
3 After Forming Government,3_after_forming_government,3901,আপাই বেস্ট ছিলো ওদের জন্যই।,আপাই বেস্ট ছিলো ওদের জন্যই,4,0.5497688498280585
3 After Forming Government,3_after_forming_government,3902,গুগা,গুগা,0,0.2
3 After Forming Government,3_after_forming_government,3903,চেটেপুটে খাও ভাইয়া। তোমাদের অধিকার তমাক আদাই করতে হবেঁ,চেটেপুটে খাও ভাইয়া তোমাদের অধিকার তমাক আদাই করতে হবেঁ,1,0.8851393588065307
3 After Forming Government,3_after_forming_government,3904,"""খা ভাই,মানুষ না মারলে হবে।""",খা ভাই মানুষ না মারলে হবে,4,0.4450502859155045
3 After Forming Government,3_after_forming_government,3905,প্রয়োজনে রাস্তার গাছ কেটে খাব তো অন্য কাউকে ভাগ দিবোনা,প্রয়োজনে রাস্তার গাছ কেটে খাব তো অন্য কাউকে ভাগ দিবোনা,1,0.8992470574174812
3 After Forming Government,3_after_forming_government,3906,সেই ভালো করে খা,সেই ভালো করে খা,2,0.7322751320767302
3 After Forming Government,3_after_forming_government,3907,"""সমস্যা নেই দলকানা চাঁদাবাজ, সমঝোতা করে খা।""",সমস্যা নেই দলকানা চাঁদাবাজ সমঝোতা করে খা,1,0.43957494436777766
3 After Forming Government,3_after_forming_government,3908,"""প্রয়োজন এ রাস্তার ইট, লাইট খাবে।""",প্রয়োজন এ রাস্তার ইট লাইট খাবে,2,0.8392902157461145
3 After Forming Government,3_after_forming_government,3909,"""খাও,, খাও,,""",খাও খাও,1,0.7333326482199211
3 After Forming Government,3_after_forming_government,3910,"""শেষ, কাজ করে খান""",শেষ কাজ করে খান,1,0.7955401825115782
3 After Forming Government,3_after_forming_government,3911,খাও আবার গলায় বাজাইও না,খাও আবার গলায় বাজাইও না,1,0.7994672545042186
3 After Forming Government,3_after_forming_government,3912,রোজার মাস ইফতারে টাকা তো লাগবে,রোজার মাস ইফতারে টাকা তো লাগবে,4,0.5557757150456193
3 After Forming Government,3_after_forming_government,3913,"""ন্যায়সঙ্গত দাবি, এটা আপনাদের অধিকার""",ন্যায়সঙ্গত দাবি এটা আপনাদের অধিকার,3,0.7994852856793101
3 After Forming Government,3_after_forming_government,3914,সহমত,সহমত,2,0.599995639641663
3 After Forming Government,3_after_forming_government,3915,কাও ভাই,কাও ভাই,1,0.5925043542158451
3 After Forming Government,3_after_forming_government,3916,"""তাকে গরম ডিম দে,জয়গামত""",তাকে গরম ডিম দে জয়গামত,2,0.7974629612003701
3 After Forming Government,3_after_forming_government,3917,ভাইগনা দে রে ভাইগনা দে,ভাইগনা দে রে ভাইগনা দে,3,0.7317499304669821
3 After Forming Government,3_after_forming_government,3918,খাও সোনা খাও,খাও সোনা খাও,1,0.550211570346794
3 After Forming Government,3_after_forming_government,3919,ধন্যবাদ নেতাকে,ধন্যবাদ নেতাকে,3,0.5968986271107837
3 After Forming Government,3_after_forming_government,3920,আশীর্বাদ রইল খাও খাও পুরা বাংলাদেশ খাও খাও,আশীর্বাদ রইল খাও খাও পুরা বাংলাদেশ খাও খাও,1,0.5252944174621162
3 After Forming Government,3_after_forming_government,3921,আপাতত আমাদেরকে চাদাবাজি করতে দাও কোন ডিস্টার্ব কইরোনা।,আপাতত আমাদেরকে চাদাবাজি করতে দাও কোন ডিস্টার্ব কইরোনা,0,0.6978569812588723
3 After Forming Government,3_after_forming_government,3922,সমঝোতার ভিত্তিতে খাইলে দোষের কিছু না।,সমঝোতার ভিত্তিতে খাইলে দোষের কিছু না,2,0.5502209052052259
3 After Forming Government,3_after_forming_government,3923,কিন্তু এখন আন্দোলন বিরোধীরা পুরোদস্তুর হাটে ঘাটে খাটে সবখানে খাইয়া কাঁপাইয়া বেড়াইতাছে,কিন্তু এখন আন্দোলন বিরোধীরা পুরোদস্তুর হাটে ঘাটে খাটে সবখানে খাইয়া কাঁপাইয়া বেড়াইতাছে,2,0.6065628341719412
3 After Forming Government,3_after_forming_government,3924,গুড,গুড,1,0.5999936187751076
3 After Forming Government,3_after_forming_government,3925,খাম্বা কে খাবে?,খাম্বা কে খাবে,2,0.7333313761336278
3 After Forming Government,3_after_forming_government,3926,সমঝোতা ভিত্তিতে খাবে,সমঝোতা ভিত্তিতে খাবে,2,0.5500230716586907
3 After Forming Government,3_after_forming_government,3927,MD Opu সুন্দর সিদ্ধান্ত,md opu সুন্দর সিদ্ধান্ত,4,0.7999190020791156
3 After Forming Government,3_after_forming_government,3928,খেটে খাও চেটে নয়,খেটে খাও চেটে নয়,1,0.4455401709666598
3 After Forming Government,3_after_forming_government,3929,শেষ। আপনারেই খাইয়া দিছে,শেষ আপনারেই খাইয়া দিছে,0,0.5451555123905237
3 After Forming Government,3_after_forming_government,3930,"""শুধু হাট-ঘাট কেন,,,আর কিছু খাবে নাহ?আরো তো অনেক কিছু আছে খাওয়ার মতো!""",শুধু হাট ঘাট কেন আর কিছু খাবে নাহ আরো তো অনেক কিছু আছে খাওয়ার মতো,2,0.8845681780575596
3 After Forming Government,3_after_forming_government,3931,সুবহানাল্লাহ,সুবহানাল্লাহ,4,0.5976314442348657
3 After Forming Government,3_after_forming_government,3932,পুরো দেশটা যে চায় নাই কপাল ভাল আমাদের,পুরো দেশটা যে চায় নাই কপাল ভাল আমাদের,3,0.6987358704026169
3 After Forming Government,3_after_forming_government,3933,এজন্যই বিপ্লব হয়েছিলো! রক্তক্ষয়ী যুদ্ধে প্রান দিতে হয়েছে হাজারে হাজার,এজন্যই বিপ্লব হয়েছিলো রক্তক্ষয়ী যুদ্ধে প্রান দিতে হয়েছে হাজারে হাজার,3,0.8335668953801726
3 After Forming Government,3_after_forming_government,3934,Assa ai plan cilo re vai amra to ciam na re vai amra ki khamo te,assa ai plan cilo re vai amra to ciam na re vai amra ki khamo te,1,0.7077690156757422
3 After Forming Government,3_after_forming_government,3935,আহ ভাতিজা আহো তোমাকে খাওয়ানোর অপেক্ষায় আছি আমরা,আহ ভাতিজা আহো তোমাকে খাওয়ানোর অপেক্ষায় আছি আমরা,1,0.5114658484692697
3 After Forming Government,3_after_forming_government,3936,"""আরো খা বেশি করে খা,, পালাবিনা কিন্তু""",আরো খা বেশি করে খা পালাবিনা কিন্তু,2,0.4907021863689815
3 After Forming Government,3_after_forming_government,3937,ভোট দেবো মা কিসে? ধানের শীষে...!,ভোট দেবো মা কিসে ধানের শীষে,0,0.866576827137028
3 After Forming Government,3_after_forming_government,3938,"""যারা সামনে ছিল তারাই যদি সব চাটে,,,, পিছনে যারা ছিল তারা কি চাটবে""",যারা সামনে ছিল তারাই যদি সব চাটে পিছনে যারা ছিল তারা কি চাটবে,3,0.5691018230157943
3 After Forming Government,3_after_forming_government,3939,পৃথিবী একটা নাট্যমঞ্চ বাংলাদেশ তার সদরদপ্তর,পৃথিবী একটা নাট্যমঞ্চ বাংলাদেশ তার সদরদপ্তর,0,0.3996760491748704
3 After Forming Government,3_after_forming_government,3940,কত বছর ওরা কিছু খায় নি,কত বছর ওরা কিছু খায় নি,2,0.53183279016653
3 After Forming Government,3_after_forming_government,3941,Tora khao ki,tora khao ki,3,0.5966473512906011
3 After Forming Government,3_after_forming_government,3942,অবশ্যই সমঝোতা করে খেয়ে নিয়েন।কিন্তু জোর করে মেরে না।,অবশ্যই সমঝোতা করে খেয়ে নিয়েন কিন্তু জোর করে মেরে না,3,0.7236063290388998
3 After Forming Government,3_after_forming_government,3943,কিন্তু ওরা কোন আন্দোলন যেন করেছিল??? ভাষা আন্দোলন???,কিন্তু ওরা কোন আন্দোলন যেন করেছিল ভাষা আন্দোলন,3,0.6230953633447036
3 After Forming Government,3_after_forming_government,3944,Hat ghat ar sathe sathe desher manus gulo kheye manus o komiye diñ...,hat ghat ar sathe sathe desher manus gulo kheye manus o komiye di,2,0.8666627689344523
3 After Forming Government,3_after_forming_government,3945,মামার বাড়ির আবদার।,মামার বাড়ির আবদার,0,0.2
3 After Forming Government,3_after_forming_government,3946,এই হলুদ মিডিয়া গুলো বন্ধ করতে হবে।। দেশে আর কোনো খবর নেই নাকি।।,এই হলুদ মিডিয়া গুলো বন্ধ করতে হবে দেশে আর কোনো খবর নেই নাকি,1,0.89959063795621
3 After Forming Government,3_after_forming_government,3947,জী অবশ্যই!,জী অবশ্যই,3,0.5999972216315442
3 After Forming Government,3_after_forming_government,3948,এরকম নেতা থাকলে দলকে ডোবাতে বেশি সময় লাগবে না,এরকম নেতা থাকলে দলকে ডোবাতে বেশি সময় লাগবে না,3,0.43669998614346256
3 After Forming Government,3_after_forming_government,3949,সমঝোতা করে খাবে নাকি সমঝোতা ছাড়াই?,সমঝোতা করে খাবে নাকি সমঝোতা ছাড়াই,1,0.6400526606236737
3 After Forming Government,3_after_forming_government,3950,জুলাই খুব নিকটে,জুলাই খুব নিকটে,4,0.5962576533007915
3 After Forming Government,3_after_forming_government,3951,দেখেন যা ভালো মনে করেন!,দেখেন যা ভালো মনে করেন,3,0.5051144648089675
3 After Forming Government,3_after_forming_government,3952,আমরাও চাই সমঝোতার ভিত্তিতে হাটঘাট দখলে নেওয়া হোক,আমরাও চাই সমঝোতার ভিত্তিতে হাটঘাট দখলে নেওয়া হোক,2,0.4827822452199504
3 After Forming Government,3_after_forming_government,3953,তাহলে ভাই বাজারের পাবলিক টয়লেট গুলো যেন বাদ না যায।সেগুলো কিন্তু খেতে হবে ভাই,তাহলে ভাই বাজারের পাবলিক টয়লেট গুলো যেন বাদ না যায সেগুলো কিন্তু খেতে হবে ভাই,4,0.736976815596715
3 After Forming Government,3_after_forming_government,3954,এদের জন্য আপাই ঠিক ছিলো সকাল বিকাল ২ টাইম. দৌড়ের উপরে রাখতো,এদের জন্য আপাই ঠিক ছিলো সকাল বিকাল টাইম দৌড়ের উপরে রাখতো,4,0.7981570072433596
3 After Forming Government,3_after_forming_government,3955,খা ভাই তোরাই খা দরকার হলে .. . ‌,খা ভাই তোরাই খা দরকার হলে,2,0.5030613647537877
3 After Forming Government,3_after_forming_government,3956,ঠিক বলছো মামা,ঠিক বলছো মামা,4,0.5999992496587379
3 After Forming Government,3_after_forming_government,3957,খা ভাই খাই তোরা ছাড়া কারা খাবে,খা ভাই খাই তোরা ছাড়া কারা খাবে,2,0.8990137683756178
3 After Forming Government,3_after_forming_government,3958,নक दिও आमिও তোमाকে भाলোপাसि!,ন ও ও তো কে লোপা,0,0.2
3 After Forming Government,3_after_forming_government,3959,চাদার নেশা বড় নেশা রে।,চাদার নেশা বড় নেশা রে,3,0.7997657121607036
3 After Forming Government,3_after_forming_government,3960,আন্দোলনের মাস্টারমাইন্ড না তোদের ডেস ন্যেতা?,আন্দোলনের মাস্টারমাইন্ড না তোদের ডেস ন্যেতা,1,0.7321382803404155
3 After Forming Government,3_after_forming_government,3961,তারমানি বিএনপি আন্দোলনে ছিল না,তারমানি বিএনপি আন্দোলনে ছিল না,4,0.7317618329331775
3 After Forming Government,3_after_forming_government,3962,কিরে তাইলে তুইও কি খাবি ফকির মিটুল,কিরে তাইলে তুইও কি খাবি ফকির মিটুল,0,0.5494086364286499
3 After Forming Government,3_after_forming_government,3963,বাহ!,বাহ,4,0.5974070517487062
3 After Forming Government,3_after_forming_government,3964,সমোযোতা,সমোযোতা,0,0.2
3 After Forming Government,3_after_forming_government,3965,Kulaggar bnp er 12 bajaba ok police a daoya hok,kulaggar bnp er bajaba ok police a daoya hok,2,0.729718527702359
3 After Forming Government,3_after_forming_government,3966,"""সেটাই,""",সেটাই,2,0.5988342717988464
3 After Forming Government,3_after_forming_government,3967,"""এগুলো সমঝোতা ভিত্তিতে হয়েছে, সমস্যা নেই""",এগুলো সমঝোতা ভিত্তিতে হয়েছে সমস্যা নেই,1,0.6394906960155572
3 After Forming Government,3_after_forming_government,3968,Sohomot Neta,sohomot neta,0,0.2
3 After Forming Government,3_after_forming_government,3969,খাওন আর খাওন,খাওন আর খাওন,1,0.7333242392542253
3 After Forming Government,3_after_forming_government,3970,সব খাওয়া বেশি করে খাও ছায়া বেঁচে ফেলে দাও,সব খাওয়া বেশি করে খাও ছায়া বেঁচে ফেলে দাও,2,0.546337434503273
3 After Forming Government,3_after_forming_government,3971,এখন আবার বহিষ্কার নাটক চলবে।,এখন আবার বহিষ্কার নাটক চলবে,1,0.8396366215544411
3 After Forming Government,3_after_forming_government,3972,যা হুকুম জাহাঁপনা,যা হুকুম জাহাঁপনা,1,0.597140503392599
3 After Forming Government,3_after_forming_government,3973,ওর কপাল পুড়ছে!!,ওর কপাল পুড়ছে,0,0.5999920669577616
3 After Forming Government,3_after_forming_government,3974,এখন থেকে চাঁদাবাজি বন্ধ সমঝোতা শুরু,এখন থেকে চাঁদাবাজি বন্ধ সমঝোতা শুরু,1,0.6397397770928717
3 After Forming Government,3_after_forming_government,3975,"""খাও! আবার দেখো খেতে গিয়ে যেনো মুখটা না পুরে যায়,""",খাও আবার দেখো খেতে গিয়ে যেনো মুখটা না পুরে যায়,1,0.649147339360347
3 After Forming Government,3_after_forming_government,3976,কি খাওয়ার কথা বলেছেন,কি খাওয়ার কথা বলেছেন,2,0.7316850246698396
3 After Forming Government,3_after_forming_government,3977,১৬ ‌বছরে ‌অনেক ত্যাগী নেতা দেখলাম। হারিকেন লাগিয়েও খুঁজে পাওয়া যাচ্ছিল না।,বছরে অনেক ত্যাগী নেতা দেখলাম হারিকেন লাগিয়েও খুঁজে পাওয়া যাচ্ছিল না,3,0.865604501503325
3 After Forming Government,3_after_forming_government,3978,হ খা তোরা খা -দরকার হয়লে রাস্তার ইট বালু সিমেন্ট খুলে খা,হ খা তোরা খা দরকার হয়লে রাস্তার ইট বালু সিমেন্ট খুলে খা,2,0.9269359212744144
3 After Forming Government,3_after_forming_government,3979,রাইট,রাইট,3,0.5999880878325048
3 After Forming Government,3_after_forming_government,3980,হাট ঘাট কোন খাওয়ার জিনিস না রে পাগলা ।,হাট ঘাট কোন খাওয়ার জিনিস না রে পাগলা,0,0.533486188898215
3 After Forming Government,3_after_forming_government,3981,আমারেও সাথে রাইখেন আমিও ছিলাম আন্দোলনে।,আমারেও সাথে রাইখেন আমিও ছিলাম আন্দোলনে,0,0.8376016196549291
3 After Forming Government,3_after_forming_government,3982,"""হ রে ভাই খা, কম খাইস না বেশি করেই খাইস""",হ রে ভাই খা কম খাইস না বেশি করেই খাইস,1,0.7297653356229933
3 After Forming Government,3_after_forming_government,3983,খাইতে খাইতে তোরা দলের ১২ টা বাজিয়ে দিলি।,খাইতে খাইতে তোরা দলের টা বাজিয়ে দিলি,2,0.575336481714064
3 After Forming Government,3_after_forming_government,3984,হাট মাঠ ঘাট রাস্তা খাল বিল সব খাও।,হাট মাঠ ঘাট রাস্তা খাল বিল সব খাও,2,0.684277568374869
3 After Forming Government,3_after_forming_government,3986,সাথে গু ও খাঁ,সাথে গু ও খাঁ,2,0.733326796766561
3 After Forming Government,3_after_forming_government,3987,খাইতে আসিস ভারে দিবো নি খাওয়া,খাইতে আসিস ভারে দিবো নি খাওয়া,0,0.47262857967281396
3 After Forming Government,3_after_forming_government,3988,আচ্ছা খাইয়েন,আচ্ছা খাইয়েন,1,0.7263285908757298
3 After Forming Government,3_after_forming_government,3989,ঠিক বলছেন,ঠিক বলছেন,4,0.7275968147937146
3 After Forming Government,3_after_forming_government,3990,"""খাইতে,খাইতে আবার বমি করে দিতে হবে।""",খাইতে খাইতে আবার বমি করে দিতে হবে,2,0.5239940700709783
3 After Forming Government,3_after_forming_government,3991,যেটা ভালো মনে করো ।,যেটা ভালো মনে করো,1,0.8364052335349523
3 After Forming Government,3_after_forming_government,3992,Masallah,masallah,0,0.2
3 After Forming Government,3_after_forming_government,3993,এই খুশিতে আমার বন্ধুরা বলছে একটা ইফতার পার্টি দিতে কিন্তু আমি ব্যস্ত থাকার কারণে ওদের সবাইকে বলে দিছি ইফতার পার্টিতে ঈদের পরে দিব ফ্রি হয়ে ।,এই খুশিতে আমার বন্ধুরা বলছে একটা ইফতার পার্টি দিতে কিন্তু আমি ব্যস্ত থাকার কারণে ওদের সবাইকে বলে দিছি ইফতার পার্টিতে ঈদের পরে দিব ফ্রি হয়ে,0,0.9419212995993662
3 After Forming Government,3_after_forming_government,3994,পুরা দেশটাই খাবেন,পুরা দেশটাই খাবেন,3,0.7995581930912383
3 After Forming Government,3_after_forming_government,3995,সঠিক চালিয়ে যান,সঠিক চালিয়ে যান,0,0.549698312771846
3 After Forming Government,3_after_forming_government,3996,ধন্যবাদ নেতা,ধন্যবাদ নেতা,3,0.7325145164073366
3 After Forming Government,3_after_forming_government,3997,"""আবশ্যই খাবেন,,,,, তবে লিমিট,,ফুড পয়োজন যেন৷ না হয়""",আবশ্যই খাবেন তবে লিমিট ফুড পয়োজন যেন৷ না হয়,3,0.5995891212019061
3 After Forming Government,3_after_forming_government,3998,আলহামদুলিল্লাহ,আলহামদুলিল্লাহ,2,0.5999989241498305
3 After Forming Government,3_after_forming_government,3999,"""চাঁদাবাজ বিষয়ক একটি মন্ত্রণালয় করলে ভালো হয়। এখানে মন্ত্রী, প্রতিমন্ত্রী সহ পূর্ণাঙ্গ মন্ত্রণালয় গঠন করলে জাতি উপকৃত হবে। এ…""",চাঁদাবাজ বিষয়ক একটি মন্ত্রণালয় করলে ভালো হয় এখানে মন্ত্রী প্রতিমন্ত্রী সহ পূর্ণাঙ্গ মন্ত্রণালয় গঠন করলে জাতি উপকৃত হবে এ,2,0.5809577440546674
3 After Forming Government,3_after_forming_government,4000,"""মারহাবা, ফজিলত পূর্ণ আলোচনা""",মারহাবা ফজিলত পূর্ণ আলোচনা,4,0.7333200955102445
3 After Forming Government,3_after_forming_government,4001,আচ্ছা,আচ্ছা,1,0.5999963391720382
3 After Forming Government,3_after_forming_government,4002,এর জন্যই তো সমঝোতার নামক নতুন কারিকুলাম চালু হয়েছে,এর জন্যই তো সমঝোতার নামক নতুন কারিকুলাম চালু হয়েছে,2,0.7955492022746458
3 After Forming Government,3_after_forming_government,4003,অবশ্যই সমঝোতার ভিত্তিতে খাইতে হবে,অবশ্যই সমঝোতার ভিত্তিতে খাইতে হবে,2,0.6401094851210817
3 After Forming Government,3_after_forming_government,4004,হাট -ঘাট - মাঠ - নদী নালা'' সব খেয়ে ফেলো।,হাট ঘাট মাঠ নদী নালা সব খেয়ে ফেলো,2,0.8397828354870385
3 After Forming Government,3_after_forming_government,4005,"""খাবি খা, খালি""",খাবি খা খালি,2,0.7999980311266903
3 After Forming Government,3_after_forming_government,4006,বাজারের পাবলিক টয়লেট টা কে খাবে?,বাজারের পাবলিক টয়লেট টা কে খাবে,4,0.6999092263305168
3 After Forming Government,3_after_forming_government,4007,Accha,accha,0,0.2
3 After Forming Government,3_after_forming_government,4008,চাদা খোররাই তো চাদা খাবে,চাদা খোররাই তো চাদা খাবে,2,0.7999974101060092
3 After Forming Government,3_after_forming_government,4009,বিএনপি আন্দোলনে ছিল না,বিএনপি আন্দোলনে ছিল না,4,0.7317618329331775
3 After Forming Government,3_after_forming_government,4010,এটাই হলো তার সমঝোতা,এটাই হলো তার সমঝোতা,4,0.5224231614231135
3 After Forming Government,3_after_forming_government,4011,আমার একটা গরু আছে প্রতি এক ঝুড়ি করে গোবর হয়। ফেলতে খুব কষ্ট হয়।…,আমার একটা গরু আছে প্রতি এক ঝুড়ি করে গোবর হয় ফেলতে খুব কষ্ট হয়,1,0.5475910718411807
3 After Forming Government,3_after_forming_government,4012,এটা তাদের গনতান্ত্রিক অধিকার,এটা তাদের গনতান্ত্রিক অধিকার,3,0.5980110287664081
3 After Forming Government,3_after_forming_government,4013,"""ঠিক কিনা বলেন, ভাইয়ের ইনসাফ আছে।""",ঠিক কিনা বলেন ভাইয়ের ইনসাফ আছে,4,0.5422192522614491
3 After Forming Government,3_after_forming_government,4014,ভোট দিবে কিসে ধানের শীষে,ভোট দিবে কিসে ধানের শীষে,0,0.8617958767985497
3 After Forming Government,3_after_forming_government,4015,কথায় যুক্তি আছে।,কথায় যুক্তি আছে,3,0.733330509465996
3 After Forming Government,3_after_forming_government,4016,সমঝোতা করে খায়েন,সমঝোতা করে খায়েন,1,0.5999974956526735
3 After Forming Government,3_after_forming_government,4017,"""আরো দাও ভোট, টিকি আছে চালিয়ে যান বিনপি ভায়েরা""",আরো দাও ভোট টিকি আছে চালিয়ে যান বিনপি ভায়েরা,0,0.865261355246895
3 After Forming Government,3_after_forming_government,4018,Koy ki,koy ki,3,0.5966473512906011
3 After Forming Government,3_after_forming_government,4019,Desh tar upor khub drutto Allaher gojob najil hoibo,desh tar upor khub drutto allaher gojob najil hoibo,1,0.7333176704029777
3 After Forming Government,3_after_forming_government,4020,উনি ঠিকই বলছে,উনি ঠিকই বলছে,0,0.32980547038594044
3 After Forming Government,3_after_forming_government,4021,পাচায় গরম ডিম ও খাবে,পাচায় গরম ডিম ও খাবে,2,0.7331416570430888
3 After Forming Government,3_after_forming_government,4022,প্রয়োজনে গু ও খাবে...তাই না?,প্রয়োজনে গু ও খাবে তাই না,2,0.5505224233089842
3 After Forming Government,3_after_forming_government,4023,আফসোস,আফসোস,1,0.5958655517031061
3 After Forming Government,3_after_forming_government,4024,Marhaba,marhaba,0,0.2
3 After Forming Government,3_after_forming_government,4025,"""যা খুশি খান, কোনো কিছুই অবশিষ্ট রাখবেন না, শুধু ওয়ালী ছোয়ালী কইরেন না,, দুর্গন্ধ বের হবে""",যা খুশি খান কোনো কিছুই অবশিষ্ট রাখবেন না শুধু ওয়ালী ছোয়ালী কইরেন না দুর্গন্ধ বের হবে,1,0.8993535560883226
3 After Forming Government,3_after_forming_government,4026,"""যারা আন্দোলনে ছিল না, তাদের এই দেশে থাকারই অধিকার নাই""",যারা আন্দোলনে ছিল না তাদের এই দেশে থাকারই অধিকার নাই,3,0.5907639946157782
3 After Forming Government,3_after_forming_government,4027,মির্জা ফখরুল ইসলাম সাহেব এর কথা অনুযায়ীত তোমরা আন্দোলনে ছিলেনা বাবু।,মির্জা ফখরুল ইসলাম সাহেব এর কথা অনুযায়ীত তোমরা আন্দোলনে ছিলেনা বাবু,2,0.5031952877615512
3 After Forming Government,3_after_forming_government,4028,Thik Bolche,thik bolche,0,0.599992623682184
3 After Forming Government,3_after_forming_government,4029,"""অবশ্যই খাবেন, মাঠ আপনাদের প্লেয়ার আপনাদের রেফারি আপনাদের জনগন আপনাদের,,,,,, …""",অবশ্যই খাবেন মাঠ আপনাদের প্লেয়ার আপনাদের রেফারি আপনাদের জনগন আপনাদের,3,0.9089980061614018
3 After Forming Government,3_after_forming_government,4030,চালিয়ে যাও ভাতিজা।।।।,চালিয়ে যাও ভাতিজা,3,0.5473305376717421
3 After Forming Government,3_after_forming_government,4031,Safi Abdullah Rafsan tumi jaiyo na,safi abdullah rafsan tumi jaiyo na,1,0.7333243585820131
3 After Forming Government,3_after_forming_government,4032,হাট-ঘাট কি ওর বাপের পৈতৃক ভিটা-মাটি না-কি???,হাট ঘাট কি ওর বাপের পৈতৃক ভিটা মাটি না কি,2,0.5341445967491593
3 After Forming Government,3_after_forming_government,4033,খেলা যে চলছে কোন লেভেলে,খেলা যে চলছে কোন লেভেলে,0,0.7994688797461101
3 After Forming Government,3_after_forming_government,4034,আস্তাগফিরুল্লাহ,আস্তাগফিরুল্লাহ,0,0.2
3 After Forming Government,3_after_forming_government,4035,রাইট,রাইট,3,0.5999880878325048
3 After Forming Government,3_after_forming_government,4036,খাও ،،،মিলে মিসে,খাও মিলে মিসে,1,0.7326262592195601
3 After Forming Government,3_after_forming_government,4037,17 বছর রোজার পরে ঈদের মৌসুম আসছে,বছর রোজার পরে ঈদের মৌসুম আসছে,2,0.8386454007643221
3 After Forming Government,3_after_forming_government,4038,সাধারণ বিষয়। আপনারা না খেলে কে খাবে দরকার হলে চাদারপাশাপাশি দুই একটা মানুষ কেউ খান সব তো আপনাদেরই,সাধারণ বিষয় আপনারা না খেলে কে খাবে দরকার হলে চাদারপাশাপাশি দুই একটা মানুষ কেউ খান সব তো আপনাদেরই,4,0.5366215873151334
3 After Forming Government,3_after_forming_government,4039,"""সমঝোতা করে খা, মাঠ,ঘাট,বাজার, সব খা""",সমঝোতা করে খা মাঠ ঘাট বাজার সব খা,2,0.7429794368793697
3 After Forming Government,3_after_forming_government,4040,অকে খাও,অকে খাও,1,0.5999988203674081
3 After Forming Government,3_after_forming_government,4041,Valo,valo,1,0.5999208560809599
3 After Forming Government,3_after_forming_government,4042,তাহলে পাবলিক টয়লেটও তারাই যেন খায়!,তাহলে পাবলিক টয়লেটও তারাই যেন খায়,2,0.3967517488616667
3 After Forming Government,3_after_forming_government,4043,ইফতারের পরে খাইয়েন,ইফতারের পরে খাইয়েন,0,0.7298099659199453
3 After Forming Government,3_after_forming_government,4044,টয়লেট সহ খেতে হবে কোন কিছু বাদ দেওয়া জবে না,টয়লেট সহ খেতে হবে কোন কিছু বাদ দেওয়া জবে না,4,0.6813824483223074
3 After Forming Government,3_after_forming_government,4045,খাও খাও,খাও খাও,1,0.7333326482199211
3 After Forming Government,3_after_forming_government,4046,খাও জনমের খাওয়া,খাও জনমের খাওয়া,1,0.7292037660288124
3 After Forming Government,3_after_forming_government,4047,সমঝোতার ভিত্তিতে খেয়েন,সমঝোতার ভিত্তিতে খেয়েন,2,0.7332725935097011
3 After Forming Government,3_after_forming_government,4048,পিও নেতা,পিও নেতা,3,0.5999986272590472
3 After Forming Government,3_after_forming_government,4049,আইচ্ছা,আইচ্ছা,1,0.5999804231225615
3 After Forming Government,3_after_forming_government,4050,পাব্লিক টয়লেট টাও আপনি খাবেন আশা করি,পাব্লিক টয়লেট টাও আপনি খাবেন আশা করি,4,0.8360192593142524
3 After Forming Government,3_after_forming_government,4051,একি ভাবে সরকারকে ও খাবে ।,একি ভাবে সরকারকে ও খাবে,2,0.729820463519827
3 After Forming Government,3_after_forming_government,4052,R public toilet kara khabe?,r public toilet kara khabe,3,0.5999810724764404
3 After Forming Government,3_after_forming_government,4053,মারহাপা,মারহাপা,0,0.2
3 After Forming Government,3_after_forming_government,4054,এর দায় দল নেবেন। পাবলিক কে নিতে হবে।,এর দায় দল নেবেন পাবলিক কে নিতে হবে,4,0.7958920504667246
3 After Forming Government,3_after_forming_government,4055,মাশাআল্লাহ,মাশাআল্লাহ,2,0.599992206053805
3 After Forming Government,3_after_forming_government,4056,Tarek Rahman Ke Very Soon to Fly to London.,tarek rahman ke very soon to fly to london,2,0.5355443624189808
3 After Forming Government,3_after_forming_government,4057,হাগুখাও,হাগুখাও,0,0.2
3 After Forming Government,3_after_forming_government,4058,আচ্ছা হাট-ঘাট খাইলে কি রোজা ভাঙ্গে? হেফাজতের আমীর কি বলে?,আচ্ছা হাট ঘাট খাইলে কি রোজা ভাঙ্গে হেফাজতের আমীর কি বলে,1,0.5499349437486006
3 After Forming Government,3_after_forming_government,4059,ওকে,ওকে,2,0.5988472318011608
3 After Forming Government,3_after_forming_government,4060,"""খান খান, গিলে খেয়ে ফেলুন""",খান খান গিলে খেয়ে ফেলুন,1,0.5501021680190884
3 After Forming Government,3_after_forming_government,4061,আর কি কি খাবেন বলেন। আমরা কিনে দিয়ে আসি। আমরা তো মারা ছাড়া সাধারণ জনগণ কিছুই খেতে পারিনা।,আর কি কি খাবেন বলেন আমরা কিনে দিয়ে আসি আমরা তো মারা ছাড়া সাধারণ জনগণ কিছুই খেতে পারিনা,3,0.5693752613606929
3 After Forming Government,3_after_forming_government,4062,অবশ্যই খাবেন,অবশ্যই খাবেন,3,0.7332089479893389
3 After Forming Government,3_after_forming_government,4063,ওয়াও,ওয়াও,4,0.5988700447515307
3 After Forming Government,3_after_forming_government,4064,ঠিক্কক্কক্কক্কক্কক্কক্কক্কক্কক্কক্কক্কজক্কক্কক,ঠিক্কক্কক্কক্কক্কক্কক্কক্কক্কক্কক্কক্কজক্কক্কক,0,0.2
3 After Forming Government,3_after_forming_government,4065,বেশি ক্ষিধে পেলে খাম্বাও গিলে ফেইলেন।,বেশি ক্ষিধে পেলে খাম্বাও গিলে ফেইলেন,1,0.5998143921292705
3 After Forming Government,3_after_forming_government,4066,"""অবশ্যই, বাসার সামনের বালির ট্রাক তো যুদ্ধ করে আপনারাই সরাইছেন।…""",অবশ্যই বাসার সামনের বালির ট্রাক তো যুদ্ধ করে আপনারাই সরাইছেন,3,0.7998008061634537
3 After Forming Government,3_after_forming_government,4067,Bah baaler dol,bah baaler dol,0,0.2
3 After Forming Government,3_after_forming_government,4068,Sathe mair o khabe,sathe mair o khabe,2,0.40015187910102257
3 After Forming Government,3_after_forming_government,4069,সাবাস বি এন পি সৈনিক,সাবাস বি এন পি সৈনিক,1,0.6401837379689762
3 After Forming Government,3_after_forming_government,4070,July joddhara ki khete Hasinare tarieche. Haire afsos,july joddhara ki khete hasinare tarieche haire afsos,0,0.7307446679157401
3 After Forming Government,3_after_forming_government,4071,এটা একটা সমঝোতার দরকার ঠিকিকথা,এটা একটা সমঝোতার দরকার ঠিকিকথা,2,0.7288387699713662
3 After Forming Government,3_after_forming_government,4072,হুম ঠিক বলেছেন আপনি!,হুম ঠিক বলেছেন আপনি,2,0.5083614448433719
3 After Forming Government,3_after_forming_government,4073,হয়তো বেচারা সরকারি হাট ঘাট ইজারা বলতে গিয়ে একটু বেশী বলে ফেলছে।,হয়তো বেচারা সরকারি হাট ঘাট ইজারা বলতে গিয়ে একটু বেশী বলে ফেলছে,2,0.451279902639943
3 After Forming Government,3_after_forming_government,4074,বাবুরা খাবে,বাবুরা খাবে,2,0.5999988741987357
3 After Forming Government,3_after_forming_government,4075,পেটে গ্যাস হবে,পেটে গ্যাস হবে,2,0.5991305029852683
3 After Forming Government,3_after_forming_government,4076,সোনা গু আমার।,সোনা গু আমার,0,0.40002898377391555
3 After Forming Government,3_after_forming_government,4077,go ahead boys,go ahead boys,1,0.5968273238830529
3 After Forming Government,3_after_forming_government,4078,ইফতারের পরে খায়েন।,ইফতারের পরে খায়েন,0,0.5999831119003867
3 After Forming Government,3_after_forming_government,4079,বেশি খাইলে পেট বড়ো হবে,বেশি খাইলে পেট বড়ো হবে,1,0.6406163217778853
3 After Forming Government,3_after_forming_government,4080,তাহলে মেরাথোন দৌড়ানি খাওয়ার জন্য প্রস্তুত থেকো !,তাহলে মেরাথোন দৌড়ানি খাওয়ার জন্য প্রস্তুত থেকো,0,0.7276447628217162
3 After Forming Government,3_after_forming_government,4081,হাট ঘাট খাবার?,হাট ঘাট খাবার,2,0.5505663292644186
3 After Forming Government,3_after_forming_government,4082,ঠিক বলেছে ক্ষুধা লাগলে খাবেই তো না খেয়ে কি মারা যাবে।,ঠিক বলেছে ক্ষুধা লাগলে খাবেই তো না খেয়ে কি মারা যাবে,4,0.3942387525439023
3 After Forming Government,3_after_forming_government,4083,আহা সোনা গো,আহা সোনা গো,0,0.7997576296834186
3 After Forming Government,3_after_forming_government,4084,আচ্ছা,আচ্ছা,1,0.5999963391720382
3 After Forming Government,3_after_forming_government,4085,দেশটা যেন গণিতের মাল। সবাই খেতে চায়।,দেশটা যেন গণিতের মাল সবাই খেতে চায়,3,0.748454892838981
3 After Forming Government,3_after_forming_government,4086,আমি এটা ই চাই,আমি এটা ই চাই,3,0.5999989881093407
3 After Forming Government,3_after_forming_government,4087,"""ফুটপাত না খাইয়া ভিক্ষা কইরা খা,,,""",ফুটপাত না খাইয়া ভিক্ষা কইরা খা,2,0.7999974897701801
3 After Forming Government,3_after_forming_government,4088,এরাই খাটি রাজাকার,এরাই খাটি রাজাকার,0,0.5999952469610087
3 After Forming Government,3_after_forming_government,4089,বিএনপির হাজার হাজার নেতাকর্মী বাড়িতে ঠিকমতো ঘুমোতে পারতো না। উঠতে বসতে একটাই চিন্তা থাকতো কখন জানি ধরে ফেলে। জায়গা জমি বিক্রি …,বিএনপির হাজার হাজার নেতাকর্মী বাড়িতে ঠিকমতো ঘুমোতে পারতো না উঠতে বসতে একটাই চিন্তা থাকতো কখন জানি ধরে ফেলে জায়গা জমি বিক্রি,2,0.6762656253096401
3 After Forming Government,3_after_forming_government,4090,সেরা,সেরা,4,0.5977375477499347
3 After Forming Government,3_after_forming_government,4091,"""বাবাইতা তালুক মনে হয়, খাবার নিগা আইছে চান্দাবাজ""",বাবাইতা তালুক মনে হয় খাবার নিগা আইছে চান্দাবাজ,1,0.7326668428223305
3 After Forming Government,3_after_forming_government,4092,আপনি ঠিক ই বলছেন ভাই অনেক কষ্ট করে অন্দোলন করছেন,আপনি ঠিক ই বলছেন ভাই অনেক কষ্ট করে অন্দোলন করছেন,1,0.6567325142886855
3 After Forming Government,3_after_forming_government,4093,Nayem Mahmud Babu তোর বড় ভাইয়েরা কি বলে,nayem mahmud babu তোর বড় ভাইয়েরা কি বলে,3,0.7971004332031972
3 After Forming Government,3_after_forming_government,4094,কেন ভাই ? নেতা হইলে কি এমনেই খাইতে হবে। আর কোন কাজ কর্ম নাই,কেন ভাই নেতা হইলে কি এমনেই খাইতে হবে আর কোন কাজ কর্ম নাই,0,0.33577414999800875
3 After Forming Government,3_after_forming_government,4095,"""ঠিক উস্তাত ঠিক,,""",ঠিক উস্তাত ঠিক,4,0.7333328979114684
3 After Forming Government,3_after_forming_government,4096,তাহলে আমি বাট পাবো,তাহলে আমি বাট পাবো,1,0.7969628723494014
3 After Forming Government,3_after_forming_government,4097,কথাকি ক্লিয়ার না বেজাল আছে??,কথাকি ক্লিয়ার না বেজাল আছে,0,0.5995853380711875
3 After Forming Government,3_after_forming_government,4098,Ok...নেতা আপনি যেটা বলবেন সেটাই হবে।,ok নেতা আপনি যেটা বলবেন সেটাই হবে,1,0.5601640479139117
3 After Forming Government,3_after_forming_government,4099,তো আর কে খাাবে?,তো আর কে খাাবে,0,0.2
3 After Forming Government,3_after_forming_government,4100,আপনারা সব খাইয়েন কনো টেনশন নাই আন্দোলন আমরা ও করছি তবে আমরা খাবো না আমার ভাগের টা আপনারা খাইয়েন,আপনারা সব খাইয়েন কনো টেনশন নাই আন্দোলন আমরা ও করছি তবে আমরা খাবো না আমার ভাগের টা আপনারা খাইয়েন,3,0.7275921729619194
3 After Forming Government,3_after_forming_government,4101,"""Kheye dao,,,jara vote diche tmdr tader ghor bari age khao""",kheye dao jara vote diche tmdr tader ghor bari age khao,0,0.7971857069216962
3 After Forming Government,3_after_forming_government,4102,টয়লেট ও খাইও,টয়লেট ও খাইও,4,0.40022935451220104
3 After Forming Government,3_after_forming_government,4103,নিশ্চই সু-সংযতো আচরণ কল্যাণ বয়ে আনে অন্যত্থায় ধ্বংস,নিশ্চই সু সংযতো আচরণ কল্যাণ বয়ে আনে অন্যত্থায় ধ্বংস,0,0.5985178554373558
3 After Forming Government,3_after_forming_government,4104,"""তাহলে তার কথাই এটা স্পষ্ট যে,,বিএনপি আন্দোলনের সময় কোন প্রকার অংশগ্রহণ করেনি।""",তাহলে তার কথাই এটা স্পষ্ট যে বিএনপি আন্দোলনের সময় কোন প্রকার অংশগ্রহণ করেনি,4,0.9192625395118893
3 After Forming Government,3_after_forming_government,4105,ঠিক।,ঠিক,4,0.5999992496587379
3 After Forming Government,3_after_forming_government,4106,হ ভাই সব ঠিক,হ ভাই সব ঠিক,4,0.7293948617688314
3 After Forming Government,3_after_forming_government,4107,K.F. Shimun ভাই শুরু করে দেন।,k f shimun ভাই শুরু করে দেন,0,0.7958302158065277
3 After Forming Government,3_after_forming_government,4108,ঘু খা ভাগাভাগি করে,ঘু খা ভাগাভাগি করে,2,0.5999990465113574
3 After Forming Government,3_after_forming_government,4109,হাট ঘাট কি তোর বাপের,হাট ঘাট কি তোর বাপের,2,0.44024411034561933
3 After Forming Government,3_after_forming_government,4110,Bnp তো আন্দোলন করে নি তাই তারা খেতে পারবো না কারণ তাঁদের নেতা তো স্বীকার করে না,bnp তো আন্দোলন করে নি তাই তারা খেতে পারবো না কারণ তাঁদের নেতা তো স্বীকার করে না,3,0.4384974962816975
3 After Forming Government,3_after_forming_government,4111,আরে খাও খাও সুযোগ পাইছো খাইয়া লও কবে না কবে আবার খাইতে পারবা,আরে খাও খাও সুযোগ পাইছো খাইয়া লও কবে না কবে আবার খাইতে পারবা,1,0.5430024459732388
3 After Forming Government,3_after_forming_government,4112,হাট-ঘাটের ময়লা আবর্জনা গুলো খাইলে জনগন একটু স্বস্তি পেতো।প্রতিটা হাট ঘাটে প্রচুর ময়লা।,হাট ঘাটের ময়লা আবর্জনা গুলো খাইলে জনগন একটু স্বস্তি পেতো প্রতিটা হাট ঘাটে প্রচুর ময়লা,2,0.5974530247308873
3 After Forming Government,3_after_forming_government,4113,"""খাট ঘাট না খেয়ে,,, ভিক্ষা করে খেতে পারেন,,,পাপ কম হবে""",খাট ঘাট না খেয়ে ভিক্ষা করে খেতে পারেন পাপ কম হবে,2,0.5088157796633939
3 After Forming Government,3_after_forming_government,4114,"""সাথে যেন মানুষ্য বজ্যও খায়,,,""",সাথে যেন মানুষ্য বজ্যও খায়,2,0.5992169550921389
3 After Forming Government,3_after_forming_government,4115,বাহ্ কি সুন্দর,বাহ্ কি সুন্দর,4,0.7326461543880785
3 After Forming Government,3_after_forming_government,4116,"""সাবাশ ঠিক বলেছেন,,, কে কি বলল না বলল এইসবে কান না দিয়ে সোজা পাবনা পাগলা গারদের দিকে এগিয়ে যান,, কারণ হাঁট ঘাট আপনার বাবার পয়ত্রিক সম্পত্তি।""",সাবাশ ঠিক বলেছেন কে কি বলল না বলল এইসবে কান না দিয়ে সোজা পাবনা পাগলা গারদের দিকে এগিয়ে যান কারণ হাঁট ঘাট আপনার বাবার পয়ত্রিক সম্পত্তি,0,0.5072318793393391
3 After Forming Government,3_after_forming_government,4117,আন্দোলনে তো দেশের অনেক জনগণ ছিল তার মানে তারা খাবে?,আন্দোলনে তো দেশের অনেক জনগণ ছিল তার মানে তারা খাবে,4,0.6899757638261261
3 After Forming Government,3_after_forming_government,4118,বাহ,বাহ,4,0.5974070517487062
3 After Forming Government,3_after_forming_government,4119,অধিকার তুমি আদায় করে নাও,অধিকার তুমি আদায় করে নাও,1,0.7310214110898883
3 After Forming Government,3_after_forming_government,4120,হ ভাই ঠিক আনাম গিল্লা লান,হ ভাই ঠিক আনাম গিল্লা লান,4,0.7293948617688314
3 After Forming Government,3_after_forming_government,4121,এটাকেই বলে সঠিক সমঝোতা,এটাকেই বলে সঠিক সমঝোতা,1,0.4907502354509753
3 After Forming Government,3_after_forming_government,4122,সমঝোতা,সমঝোতা,1,0.5999974956526735
3 After Forming Government,3_after_forming_government,4123,বাজারের টইলেট গুলো কারা খাবে?,বাজারের টইলেট গুলো কারা খাবে,2,0.5493747844852387
3 After Forming Government,3_after_forming_government,4124,ঠিকই তো! ১৭ বছর নির্যাতন সহ্য করে যদি ২/৪ টা হাট বাজাররম দখল করতে না পারে। তাহলে এদেশে রাজনীতি করার দরকার কী?,ঠিকই তো বছর নির্যাতন সহ্য করে যদি টা হাট বাজাররম দখল করতে না পারে তাহলে এদেশে রাজনীতি করার দরকার কী,4,0.4735473412913355
3 After Forming Government,3_after_forming_government,4125,খেতে খেতে তাদেরো পেট ফেটে যাবে।,খেতে খেতে তাদেরো পেট ফেটে যাবে,1,0.8393607497308113
3 After Forming Government,3_after_forming_government,4126,খা টয়লেটের ট্যাংকির ভিতরের গুলাও খা,খা টয়লেটের ট্যাংকির ভিতরের গুলাও খা,2,0.7333327798077309
3 After Forming Government,3_after_forming_government,4127,Nahid Hasan Piash tomara ki cila?,nahid hasan piash tomara ki cila,3,0.5966473512906011
3 After Forming Government,3_after_forming_government,4128,হা ঠিক। কারন অনেক ক্ষুধা,হা ঠিক কারন অনেক ক্ষুধা,4,0.6207917031625485
3 After Forming Government,3_after_forming_government,4129,সেরা রেহ,সেরা রেহ,4,0.5977375477499347
3 After Forming Government,3_after_forming_government,4130,১৭ বছরের রোজা,বছরের রোজা,1,0.7305388330411284
3 After Forming Government,3_after_forming_government,4131,হাট খাবে ঘাট ও খাবে,হাট খাবে ঘাট ও খাবে,2,0.8399996577910087
3 After Forming Government,3_after_forming_government,4132,"""ঠিক আছে,,সুন্দর কথা""",ঠিক আছে সুন্দর কথা,4,0.7333322302353749
3 After Forming Government,3_after_forming_government,4133,পাবলিক টয়লেটটা আগে খাইয়েন...,পাবলিক টয়লেটটা আগে খাইয়েন,3,0.7266869992582459
3 After Forming Government,3_after_forming_government,4134,"""প্লিজ,হাসনাবাদ বাজারে আসেন,হাট ঘাটে বহু হাগু আর আবর্জনা জমে আছে, অনেক খেতে পারবেন""",প্লিজ হাসনাবাদ বাজারে আসেন হাট ঘাটে বহু হাগু আর আবর্জনা জমে আছে অনেক খেতে পারবেন,2,0.6001108146264017
3 After Forming Government,3_after_forming_government,4135,খাআআআ,খাআআআ,0,0.2
3 After Forming Government,3_after_forming_government,4136,Jara chilo na tader o kiso dien ja e hok tara o to dol kore ... Mile mise khan deshtake,jara chilo na tader o kiso dien ja e hok tara o to dol kore mile mise khan deshtake,1,0.5985235556543728
3 After Forming Government,3_after_forming_government,4137,"""মাঠ-ঘাটে গরুর গু,ছাগলের লাদি,পাগলের হাগুও থাকে""",মাঠ ঘাটে গরুর গু ছাগলের লাদি পাগলের হাগুও থাকে,2,0.839921300765506
3 After Forming Government,3_after_forming_government,4138,পাবলিক টয়লেটের টাকা কে উঠাবে।,পাবলিক টয়লেটের টাকা কে উঠাবে,4,0.7323853329591885
3 After Forming Government,3_after_forming_government,4139,সহমত ভাই,সহমত ভাই,2,0.7281524006612701
3 After Forming Government,3_after_forming_government,4140,তাহলে আমার ভাগেরটা আমার বাড়িতে যাইয়া দিয়া আইসেন নেতা,তাহলে আমার ভাগেরটা আমার বাড়িতে যাইয়া দিয়া আইসেন নেতা,2,0.6359204794644158
3 After Forming Government,3_after_forming_government,4141,আয় হায় কাম সারছে,আয় হায় কাম সারছে,1,0.5993650214105315
3 After Forming Government,3_after_forming_government,4142,সমস্যা নেই খিদা লাগলে আরো কত কিছু করে,সমস্যা নেই খিদা লাগলে আরো কত কিছু করে,1,0.7981407020740069
3 After Forming Government,3_after_forming_government,4143,মারহাবা,মারহাবা,4,0.5999854092755704
3 After Forming Government,3_after_forming_government,4144,এইডা কোন কথা। হক আছে চান্দা খাওয়ার,এইডা কোন কথা হক আছে চান্দা খাওয়ার,0,0.8387915623169111
3 After Forming Government,3_after_forming_government,4145,বিএনপিতে আন্দোলন করে নাই মির্জা ফখরুল বলেছে,বিএনপিতে আন্দোলন করে নাই মির্জা ফখরুল বলেছে,3,0.8641599552324664
3 After Forming Government,3_after_forming_government,4146,এরা তো দেশের গর্ভধারিনী ছেলে,এরা তো দেশের গর্ভধারিনী ছেলে,4,0.7951849022575893
3 After Forming Government,3_after_forming_government,4147,এখানে কোনো মুক্তিযোদ্ধাদের খুজি পাওয়া যাচ্ছে না। তাদের কোনো খোজ থাকলে জানাবেন।,এখানে কোনো মুক্তিযোদ্ধাদের খুজি পাওয়া যাচ্ছে না তাদের কোনো খোজ থাকলে জানাবেন,1,0.8841948478107943
3 After Forming Government,3_after_forming_government,4148,জি তাই হবে নেতা,জি তাই হবে নেতা,3,0.40023359691731614
3 After Forming Government,3_after_forming_government,4149,"""১৭ বছর ধরে রোজা, ইফতার করতে হবে এখন উড়াধূরা...!!!""",বছর ধরে রোজা ইফতার করতে হবে এখন উড়াধূরা,2,0.32216627665755027
3 After Forming Government,3_after_forming_government,4150,একদম ঠিক …,একদম ঠিক,4,0.73332994812186
3 After Forming Government,3_after_forming_government,4151,মারজুক রাসেল নাকি এইটা,মারজুক রাসেল নাকি এইটা,1,0.599998344075679
3 After Forming Government,3_after_forming_government,4152,এই দলের নাম কোনভাবে পাল্টিয়ে কি চান্দাদল দেওয়া যায় । আমি নামের বিকৃতি করি নাই শুধুমাত্র আসমান থেকে নেমে আসা এক,এই দলের নাম কোনভাবে পাল্টিয়ে কি চান্দাদল দেওয়া যায় আমি নামের বিকৃতি করি নাই শুধুমাত্র আসমান থেকে নেমে আসা এক,4,0.9078852238852582
