dataset,dataset_slug,doc_id,raw_text,clean_text,dominant_topic,dominant_topic_prob
1 Before Election,1_before_election,0,লিডার চালিয়ে যান পুরো পৃথিবী আপনার বিপক্ষে থাকলেও আমি পৃথিবীর পক্ষেই আছি,লিডার চালিয়ে যান পুরো পৃথিবী আপনার বিপক্ষে থাকলেও আমি পৃথিবীর পক্ষেই আছি,3,0.899383755962899
1 Before Election,1_before_election,1,ভোট দিবো ধানের শীর্ষে চাঁদা তুলবো মিলেমিশে,ভোট দিবো ধানের শীর্ষে চাঁদা তুলবো মিলেমিশে,4,0.8836707665802789
1 Before Election,1_before_election,2,"ছেলেটা দারুণ সাহসী। এতো জুতা খাওয়ার পরও নতুন নতুন বানী নিয়ে চলে আসে,, বাহ -- লেগে থাক ভাই..
",ছেলেটা দারুণ সাহসী এতো জুতা খাওয়ার পরও নতুন নতুন বানী নিয়ে চলে আসে বাহ লেগে থাক ভাই,0,0.9417447539449921
1 Before Election,1_before_election,3,জনগণের ইচ্ছে যাকে খুশি তাকে ভোট দিবে দেশ টাকার বাবার না স্বৈরাচারের মতো ব্যবহার করে পরিপাশে আগস্টের মত শেখ হাসিনার মত হবে ইনশাআল্লাহ,জনগণের ইচ্ছে যাকে খুশি তাকে ভোট দিবে দেশ টাকার বাবার না স্বৈরাচারের মতো ব্যবহার করে পরিপাশে আগস্টের মত শেখ হাসিনার মত হবে ইনশাআল্লাহ,1,0.457590664806987
1 Before Election,1_before_election,4,এদেশের গর্ব তুমি ভাই আরও এগিয়ে যাও! পাবনার দিকে,এদেশের গর্ব তুমি ভাই আরও এগিয়ে যাও পাবনার দিকে,3,0.8652909817546524
1 Before Election,1_before_election,5,সাহসী নেতার সাহসী বাণী!,সাহসী নেতার সাহসী বাণী,4,0.7986452649664165
1 Before Election,1_before_election,6,"""১২ তারিখের পর ওই এলাকার মানুষ ওকে খুঁজবে। আর ও কোথায় থাকবে, তা জানা নেই।",তারিখের পর ওই এলাকার মানুষ ওকে খুঁজবে আর ও কোথায় থাকবে তা জানা নেই,4,0.8971272161631223
1 Before Election,1_before_election,7,"তারুণ্যের প্রথম ভোটটি হোক অন্যায়, দুর্নীতি, চাদাবাজি, ঋণ খেলাপির বিরুদ্ধে। ন্যায় সততা ও ইনসাফ এর পক্ষে, শিক্ষিত মার্জিত! একজন ভালো ব্যক্তির পক্ষে!",তারুণ্যের প্রথম ভোটটি হোক অন্যায় দুর্নীতি চাদাবাজি ঋণ খেলাপির বিরুদ্ধে ন্যায় সততা ও ইনসাফ এর পক্ষে শিক্ষিত মার্জিত একজন ভালো ব্যক্তির পক্ষে,4,0.578762128021742
1 Before Election,1_before_election,8,নেতা এমনই হওয়া দরকার,নেতা এমনই হওয়া দরকার,1,0.7990945195215433
1 Before Election,1_before_election,9,বেশি লাফালাফি করলে দাঁড়িয়ে থাকতে পারবে না,বেশি লাফালাফি করলে দাঁড়িয়ে থাকতে পারবে না,0,0.863297010774881
1 Before Election,1_before_election,10,চাঁদাবাজ মুক্ত সন্ত্রাস মুক্ত দূর্নীতি মুক্ত দেশ গড়তে দাঁড়িপাল্লায় ভোট দিয়ে জয়যুক্ত করুন ইনসাফের রাষ্ট্র গঠন করুন।,চাঁদাবাজ মুক্ত সন্ত্রাস মুক্ত দূর্নীতি মুক্ত দেশ গড়তে দাঁড়িপাল্লায় ভোট দিয়ে জয়যুক্ত করুন ইনসাফের রাষ্ট্র গঠন করুন,4,0.9462204620906408
1 Before Election,1_before_election,11,প্রতিহিংসার রাজনীতি না করি কিভাবে দেশে ভালো কিছু করা যায় সেভাবে কাজ করি,প্রতিহিংসার রাজনীতি না করি কিভাবে দেশে ভালো কিছু করা যায় সেভাবে কাজ করি,4,0.9085960251856585
1 Before Election,1_before_election,12,"নৌকা গেছে যে পথে, ধানের শীষ যাবে সে পথে। নৌকা আর ধানের শীষ লাঙ্গল দেখাও শেষ, দাঁড়িপাল্লা গড়বে এবার সোনার বাংলাদেশ।",নৌকা গেছে যে পথে ধানের শীষ যাবে সে পথে নৌকা আর ধানের শীষ লাঙ্গল দেখাও শেষ দাঁড়িপাল্লা গড়বে এবার সোনার বাংলাদেশ,1,0.5009086254111175
1 Before Election,1_before_election,13,সব জায়গায় একই অবস্থা নির্বাচন বন্ধ করে দেওয়া হোক আমি লীগকে ঘুরিয়ে নিয়ে আনুক তারা বিপক্ষে কোন দলকে সাইট দেয় না হুমকি দিয়ে থাকে প্রতিটা ওয়ার্ড পর্দা থেকে একই অবস্থা,সব জায়গায় একই অবস্থা নির্বাচন বন্ধ করে দেওয়া হোক আমি লীগকে ঘুরিয়ে নিয়ে আনুক তারা বিপক্ষে কোন দলকে সাইট দেয় না হুমকি দিয়ে থাকে প্রতিটা ওয়ার্ড পর্দা থেকে একই অবস্থা,1,0.9547560197673216
1 Before Election,1_before_election,14,"দল থেকে দেরকে আজীবনের জন্য বহিষ্কার করা হোক,, নয়তো বিএনপি-র ইজ্জত মাঠে থেকে যাবে বাসায় নিয়ে ফিরতে পারবে না",দল থেকে দেরকে আজীবনের জন্য বহিষ্কার করা হোক নয়তো বিএনপি র ইজ্জত মাঠে থেকে যাবে বাসায় নিয়ে ফিরতে পারবে না,0,0.9371453470805182
1 Before Election,1_before_election,15,ক্ষমতা আসার আগেই এতো কিছু। ক্ষমতা আসার পর কি হবে একমাত্র আল্লাহ জানে,ক্ষমতা আসার আগেই এতো কিছু ক্ষমতা আসার পর কি হবে একমাত্র আল্লাহ জানে,2,0.9255151579588977
1 Before Election,1_before_election,16,"দেশের জনগণ এখন সচেতন। জোরজবরদস্তির রাজনীতি এখন আর চলবে না মানুষ আদর্শবান নেতা চায়, যার হাতে নিরাপদ দেশ ও জাতি",দেশের জনগণ এখন সচেতন জোরজবরদস্তির রাজনীতি এখন আর চলবে না মানুষ আদর্শবান নেতা চায় যার হাতে নিরাপদ দেশ ও জাতি,4,0.763117694344789
1 Before Election,1_before_election,17,এই বক্তব্য জামাতের কেউ দিলে রাকিব চাচা দল বল নিয়ে রাস্তায় নাইমে যাতো,এই বক্তব্য জামাতের কেউ দিলে রাকিব চাচা দল বল নিয়ে রাস্তায় নাইমে যাতো,2,0.8796914214579477
1 Before Election,1_before_election,18,বিএনপি আস্তে আস্তে আসল রূপে ফিরে আসতেছে,বিএনপি আস্তে আস্তে আসল রূপে ফিরে আসতেছে,1,0.72745848932303
1 Before Election,1_before_election,19,"একবারে আওমী সন্ত্রাসীদের হুংকার দিয়ে ভোটারদের জিম্মি করতে চাই,এগুলো কে জনগন আর ভয় করে না।",একবারে আওমী সন্ত্রাসীদের হুংকার দিয়ে ভোটারদের জিম্মি করতে চাই এগুলো কে জনগন আর ভয় করে না,3,0.884245061894465
1 Before Election,1_before_election,20,নব্য ফ্যাসিজম,নব্য ফ্যাসিজম,0,0.2
1 Before Election,1_before_election,21,ভালবাসা দিয়ে মানুষের মন জয় করতে হয় ভয় দেখিয়ে নয়,ভালবাসা দিয়ে মানুষের মন জয় করতে হয় ভয় দেখিয়ে নয়,4,0.5157040341322879
1 Before Election,1_before_election,22,ওকে দশটা জুতার বাড়ি দেওয়া হোক,ওকে দশটা জুতার বাড়ি দেওয়া হোক,3,0.8657784250622965
1 Before Election,1_before_election,23,দেন উনাকে ভাইরাল করে চান্দে উঠাইবেন,দেন উনাকে ভাইরাল করে চান্দে উঠাইবেন,2,0.7312587179384497
1 Before Election,1_before_election,24,এই পাগল ছাগলরা দলটাকে শেষ করে দিলো,এই পাগল ছাগলরা দলটাকে শেষ করে দিলো,1,0.7996623208595606
1 Before Election,1_before_election,25,এই সময় এই ধরনের শব্দ যেই করবে দল থেকে বহিষ্কার করা উচিৎ। আজকাল এই গুলো মানুষ ভয়পায়না।,এই সময় এই ধরনের শব্দ যেই করবে দল থেকে বহিষ্কার করা উচিৎ আজকাল এই গুলো মানুষ ভয়পায়না,0,0.8988898681069218
1 Before Election,1_before_election,26,এজন্যই ত জাতি এঁদের থেকে মুখ ফিরিয়ে নিয়েছে।,এজন্যই ত জাতি এঁদের থেকে মুখ ফিরিয়ে নিয়েছে,3,0.6514288349517033
1 Before Election,1_before_election,27,দম্ভ ধ্বংস হোক,দম্ভ ধ্বংস হোক,4,0.5962767180678673
1 Before Election,1_before_election,28,এরকম কিছু পাগল না থাকলে নির্বাচনীয় মাঠ গরম হয় না।,এরকম কিছু পাগল না থাকলে নির্বাচনীয় মাঠ গরম হয় না,1,0.7975242810460893
1 Before Election,1_before_election,29,ভোট দিবো কিশে ধানের শীষে,ভোট দিবো কিশে ধানের শীষে,4,0.839974068862446
1 Before Election,1_before_election,30,আপনাদের জরিপটা সুন্দর লাগলো এটাই বাস্তব আর অন্যগুলোতে সবাই শক্ত অবস্থায় আছে সেখান থেকে কিছু সিট বিএনপি পাবে মোটামুটি,আপনাদের জরিপটা সুন্দর লাগলো এটাই বাস্তব আর অন্যগুলোতে সবাই শক্ত অবস্থায় আছে সেখান থেকে কিছু সিট বিএনপি পাবে মোটামুটি,0,0.5380988812114605
1 Before Election,1_before_election,31,ইনশাআল্লাহ ধানের শীষ আমি আসা করি বিএনপি ক্ষমায় আসলে বাংলাদেশ নতুন বাংলাদেশ হয়ে উঠবে আবার,ইনশাআল্লাহ ধানের শীষ আমি আসা করি বিএনপি ক্ষমায় আসলে বাংলাদেশ নতুন বাংলাদেশ হয়ে উঠবে আবার,4,0.9373730447430656
1 Before Election,1_before_election,32,যে মন পঞ্চগড় এক আসন বিএনপি ধানের শীষ জিতবে,যে মন পঞ্চগড় এক আসন বিএনপি ধানের শীষ জিতবে,4,0.8842482117908628
1 Before Election,1_before_election,33,কুমিল্লা নাঙ্গলকোট আসন বিএনপি বিশাল ভোটে জয় লাভ করবে,কুমিল্লা নাঙ্গলকোট আসন বিএনপি বিশাল ভোটে জয় লাভ করবে,4,0.6493933959971967
1 Before Election,1_before_election,34,পাগলের সুখ নাকি মনে মনে এই পাগলামি নির্বাচনের পরে কোথায় থাকবে আপনার,পাগলের সুখ নাকি মনে মনে এই পাগলামি নির্বাচনের পরে কোথায় থাকবে আপনার,2,0.8639788302426487
1 Before Election,1_before_election,35,আমাদের মুন্সিগন্জ জেলার ২ নং আসন লৌহজং ও টংগি বাড়ি এডভোকেট আব্দুল সালাম আজাদ ১০০% নিসচিত ইনশাআল্লাহ,আমাদের মুন্সিগন্জ জেলার নং আসন লৌহজং ও টংগি বাড়ি এডভোকেট আব্দুল সালাম আজাদ নিসচিত ইনশাআল্লাহ,3,0.6390646073902968
1 Before Election,1_before_election,36,এই খবর দেখে আপনারা বিএনপির ভাইরা আনন্দে গদ গদ ইয়েন না। ফলাফল ঘরে তোলা পর্যন্ত অতন্দ্র প্রহরীর মত ভোট কেন্দ্র পাহারা দিবেন ।সবার বড় দায়িত্ব মহিলাদের ভোট কেন্দ্রে নিয়ে ভোট দেয়ানো ।ভোট দেয়ার পর মহিলাদের সম্মানের সহিত বাড়িতে পৌছে দিতে হবে,এই খবর দেখে আপনারা বিএনপির ভাইরা আনন্দে গদ গদ ইয়েন না ফলাফল ঘরে তোলা পর্যন্ত অতন্দ্র প্রহরীর মত ভোট কেন্দ্র পাহারা দিবেন সবার বড় দায়িত্ব মহিলাদের ভোট কেন্দ্রে নিয়ে ভোট দেয়ানো ভোট দেয়ার পর মহিলাদের সম্মানের সহিত বাড়িতে পৌছে দিতে হবে,4,0.9610710739285546
1 Before Election,1_before_election,37,আপনার ধারণা অনেকটাই সত্য।,আপনার ধারণা অনেকটাই সত্য,0,0.39975862299973364
1 Before Election,1_before_election,38,সঠিক মোট ২২০ পাবে,সঠিক মোট পাবে,0,0.7330559595048363
1 Before Election,1_before_election,39,লক্ষীপুর জেলায় কোন আসন না পেলেও লক্ষীপুর ৪ শতভাগ নিশ্চিত ইনশাআল্লাহ,লক্ষীপুর জেলায় কোন আসন না পেলেও লক্ষীপুর শতভাগ নিশ্চিত ইনশাআল্লাহ,1,0.5461718289400909
1 Before Election,1_before_election,40,নোয়াখালী পাঁচ ফখরুল ইসলাম 100%,নোয়াখালী পাঁচ ফখরুল ইসলাম,0,0.83949178146883
1 Before Election,1_before_election,41,হবিগঞ্জ সদর আছে নাম্বার ওয়ান আলকাত জি কে গোস বিপুল পুরে পাস হইবো বিপুল ভোটে,হবিগঞ্জ সদর আছে নাম্বার ওয়ান আলকাত জি কে গোস বিপুল পুরে পাস হইবো বিপুল ভোটে,0,0.9108019635081986
1 Before Election,1_before_election,42,কিসের বি এন পি পাবে ৪২০ আসন,কিসের বি এন পি পাবে আসন,0,0.8852653451039058
1 Before Election,1_before_election,43,তাহলে আর নির্বাচন দরকার কি।,তাহলে আর নির্বাচন দরকার কি,1,0.7978858381941278
1 Before Election,1_before_election,44,আপনার জরিপ আমার খুব পছন্দ হয়েছে তবে আরও বেশি আসন পাবে বিএনপি,আপনার জরিপ আমার খুব পছন্দ হয়েছে তবে আরও বেশি আসন পাবে বিএনপি,0,0.884465630221277
1 Before Election,1_before_election,45,২৮ কুড়িগ্রাম ৪ বিএন পি জয় নিশ্চিত ইনশাআল্লাহ।,কুড়িগ্রাম বিএন পি জয় নিশ্চিত ইনশাআল্লাহ,1,0.5749294168719764
1 Before Election,1_before_election,46,চুয়াডাঙ্গা এক আসন জেলা বিএনপি ৭০% ভোটার এগিয়ে আছে চুয়াডাঙ্গা শরিফুজ্জামান শরীফ ভাই এমপি প্রার্থী হবে,চুয়াডাঙ্গা এক আসন জেলা বিএনপি ভোটার এগিয়ে আছে চুয়াডাঙ্গা শরিফুজ্জামান শরীফ ভাই এমপি প্রার্থী হবে,3,0.9189841783964795
1 Before Election,1_before_election,47,সময় টিভি কে জয় বাংলা করা হবে শনিবার দিন,সময় টিভি কে জয় বাংলা করা হবে শনিবার দিন,4,0.7960265809324827
1 Before Election,1_before_election,48,এত বড় গুনিনরা যখন গননা করে দিয়েছে তখন আর ভোটের দরকার কি? রাত থেকেই ফ্যামিলি কার্ড দেওয়া শুরু করে দিক।,এত বড় গুনিনরা যখন গননা করে দিয়েছে তখন আর ভোটের দরকার কি রাত থেকেই ফ্যামিলি কার্ড দেওয়া শুরু করে দিক,1,0.9267035107158935
1 Before Election,1_before_election,49,এমন ততথো উঠে আসে সুধু সময় টিভিতে,এমন ততথো উঠে আসে সুধু সময় টিভিতে,2,0.8389542123784509
1 Before Election,1_before_election,50,মিডিয়া তো দেখছি ১দলিয় কাজ করছে,মিডিয়া তো দেখছি দলিয় কাজ করছে,4,0.7989264794862557
1 Before Election,1_before_election,51,বিএনপির ইশরাকের কর্মীরা রাতে ভোট দিতে গিয়ে জনতার কাছে ধরা। ভোটকেন্দ্র পাহারা দাও ছাত্র-জনতা।,বিএনপির ইশরাকের কর্মীরা রাতে ভোট দিতে গিয়ে জনতার কাছে ধরা ভোটকেন্দ্র পাহারা দাও ছাত্র জনতা,4,0.5005873928181154
1 Before Election,1_before_election,52,ইনশাআল্লাহ বিজয় আমাদের,ইনশাআল্লাহ বিজয় আমাদের,4,0.7306013324056395
1 Before Election,1_before_election,53,"ইনশাআল্লাহ ধানের শীষের বিজয় সুনিশ্চিত

",ইনশাআল্লাহ ধানের শীষের বিজয় সুনিশ্চিত,4,0.8661986822389699
1 Before Election,1_before_election,54,"সবাই নাহিদ ভাইকেই দেয়া উচিৎ,,, বিএনপি আওয়ামিলীগ অনেকবার পাওয়ারে আসছে, জনগ উপর শুধু জুলুম করছে তারা,,আল্লাহ দেশের মানুষ কে হেফাজত করুক,, জালিমের হাত থেকে,,",সবাই নাহিদ ভাইকেই দেয়া উচিৎ বিএনপি আওয়ামিলীগ অনেকবার পাওয়ারে আসছে জনগ উপর শুধু জুলুম করছে তারা আল্লাহ দেশের মানুষ কে হেফাজত করুক জালিমের হাত থেকে,0,0.9376435656781011
1 Before Election,1_before_election,55,নাহিদ ভাই নিশ্চিত ১০০%,নাহিদ ভাই নিশ্চিত,0,0.7965308143580481
1 Before Election,1_before_election,56,"নতুন প্রজন্ম ভোট দিবে নাহিদ শাপলা কলি কে,,,কিন্তু পুরান আমলের মানুস ভোট দিবে ধানের শীষ",নতুন প্রজন্ম ভোট দিবে নাহিদ শাপলা কলি কে কিন্তু পুরান আমলের মানুস ভোট দিবে ধানের শীষ,4,0.6312853421708311
1 Before Election,1_before_election,57,কাইয়ুম জিতবে,কাইয়ুম জিতবে,4,0.7330156747150399
1 Before Election,1_before_election,58,শাপলা কলি,শাপলা কলি,2,0.7333279488961026
1 Before Election,1_before_election,59,শাপলাকলি,শাপলাকলি,0,0.2
1 Before Election,1_before_election,60,এবার প্রথম ভোট ধানের শীষেই দেবো ইনশাআল্লাহ।,এবার প্রথম ভোট ধানের শীষেই দেবো ইনশাআল্লাহ,4,0.7396928502315732
1 Before Election,1_before_election,61,মোবাইলে কল দিয়ে ভোট চাচ্ছে এর মানে বুজতে হবে নির্বাচনে অবৈধ ভাবে টাকা করতেছে,মোবাইলে কল দিয়ে ভোট চাচ্ছে এর মানে বুজতে হবে নির্বাচনে অবৈধ ভাবে টাকা করতেছে,3,0.7490384369606881
1 Before Election,1_before_election,62,ইত্তেফাক গুটিকয়েক জামায়াত নিয়ে ভোটের জরিপ করে জনগণকে বিভ্রান্ত করার চেষ্টা করতেছে...!! আশাকরি আগামী ১২/০২/২০২৬ইং তাদের এই ভাঁওতাবাজির মুখোশ উন্মোচন হবে ইনশাআল্লাহ।,ইত্তেফাক গুটিকয়েক জামায়াত নিয়ে ভোটের জরিপ করে জনগণকে বিভ্রান্ত করার চেষ্টা করতেছে আশাকরি আগামী ইং তাদের এই ভাঁওতাবাজির মুখোশ উন্মোচন হবে ইনশাআল্লাহ,0,0.9259727599400546
1 Before Election,1_before_election,63,কতো পন্ডিত এখনও বলে নাহিদরে নাকি ঢাকা ১১ র অর্ধেক মানুষও চিনে না,কতো পন্ডিত এখনও বলে নাহিদরে নাকি ঢাকা র অর্ধেক মানুষও চিনে না,2,0.8975238209463365
1 Before Election,1_before_election,64,"মানুষকে টাকা দিয়ে যোর যবদস্তি করে কেনা যাইনা,,ব্যাবহার এবং ভালোবাসায় মুগ্ধ হয়ে যাই",মানুষকে টাকা দিয়ে যোর যবদস্তি করে কেনা যাইনা ব্যাবহার এবং ভালোবাসায় মুগ্ধ হয়ে যাই,4,0.8376186199607739
1 Before Election,1_before_election,65,আর কিছি লোক ধরে নিয়ে কথা বলেন,আর কিছি লোক ধরে নিয়ে কথা বলেন,2,0.8383582830266145
1 Before Election,1_before_election,66,ধানের শীষের বিজয় ইনশাআল্লাহ,ধানের শীষের বিজয় ইনশাআল্লাহ,4,0.839270676345133
1 Before Election,1_before_election,67,ময়লা কোথায় ফালাতে হবে সেটাই জানেনা- ভোটের ভালো জায়গা খুঁজে পাবে কি করে!,ময়লা কোথায় ফালাতে হবে সেটাই জানেনা ভোটের ভালো জায়গা খুঁজে পাবে কি করে,0,0.8658946249619902
1 Before Election,1_before_election,68,নাহিদ ভাইয়ের বিজয় হবেই ইনশাআল্লাহ,নাহিদ ভাইয়ের বিজয় হবেই ইনশাআল্লাহ,0,0.5664560296192932
1 Before Election,1_before_election,69,আমার হাতপাখার কথা কেউ কয় না কে,আমার হাতপাখার কথা কেউ কয় না কে,3,0.5999903300853442
1 Before Election,1_before_election,70,শাফলা কলি,শাফলা কলি,2,0.5999913584342488
1 Before Election,1_before_election,71,বিজয় নিশ্চিত নাহিদ ভাই,বিজয় নিশ্চিত নাহিদ ভাই,0,0.8376251149791387
1 Before Election,1_before_election,72,দল নয় এক জন সৎ এবং যোগ্য ব্যাক্তি কে ভোট দিন ইন শাহ আল্লাহ্।,দল নয় এক জন সৎ এবং যোগ্য ব্যাক্তি কে ভোট দিন ইন শাহ আল্লাহ্,3,0.7625953791392738
1 Before Election,1_before_election,73,শাপলা কলি নাহিদ কে,শাপলা কলি নাহিদ কে,2,0.7966981072366998
1 Before Election,1_before_election,74,সুন্দর প্রতিবেদন প্রকাশ।,সুন্দর প্রতিবেদন প্রকাশ,2,0.7282754030056907
1 Before Election,1_before_election,75,ইনকিলাব জিন্দাবাদ,ইনকিলাব জিন্দাবাদ,0,0.7292519391938349
1 Before Election,1_before_election,76,কাকি চাঁদাবাজির কথা বইলা বিএনপির পোন মারি দিছে,কাকি চাঁদাবাজির কথা বইলা বিএনপির পোন মারি দিছে,1,0.8369359150943655
1 Before Election,1_before_election,77,সাড়া বাংলাদেশ জাতীয়তাবাদী সন্ত্রাসী সংগঠন মানুকে ভয় দেখিয়ে ভোট সেন্টারে না যাওয়ার জন্য । গেলে হত্যার করা হবে এখনি সময় রুখে দিতে হবে,সাড়া বাংলাদেশ জাতীয়তাবাদী সন্ত্রাসী সংগঠন মানুকে ভয় দেখিয়ে ভোট সেন্টারে না যাওয়ার জন্য গেলে হত্যার করা হবে এখনি সময় রুখে দিতে হবে,2,0.5011142305155452
1 Before Election,1_before_election,78,ইত্তেফাক জামাতি মাল,ইত্তেফাক জামাতি মাল,2,0.7988800842593392
1 Before Election,1_before_election,79,কার সাথে কিসের তুলনা।কই কাইউম ভাই আরও কই গোপালভার,কার সাথে কিসের তুলনা কই কাইউম ভাই আরও কই গোপালভার,0,0.8654648647715888
1 Before Election,1_before_election,80,বাড্ডা নতুনবাজারসহ সর্বত্র কাইউমের যে চাদার মহরা চলে এর থেকে রক্ষা পেতে শাপলাকলির বিকল্প নাই,বাড্ডা নতুনবাজারসহ সর্বত্র কাইউমের যে চাদার মহরা চলে এর থেকে রক্ষা পেতে শাপলাকলির বিকল্প নাই,2,0.8636155226173078
1 Before Election,1_before_election,81,এসব লোক ধরে নিয়ে কথা বলতেছে আমরা জানি । বাড্ডাতে বিএনপি বেশী যখন সিটি কর্পোরেশন নির্বাচন হয়েছে তখন ও দেখছি ।,এসব লোক ধরে নিয়ে কথা বলতেছে আমরা জানি বাড্ডাতে বিএনপি বেশী যখন সিটি কর্পোরেশন নির্বাচন হয়েছে তখন ও দেখছি,2,0.909622746172106
1 Before Election,1_before_election,82,ধানের শীষ,ধানের শীষ,4,0.7333323372724806
1 Before Election,1_before_election,83,"যত যাই বলো,বিজয় এবার দাঁড়িপাল্লার,",যত যাই বলো বিজয় এবার দাঁড়িপাল্লার,0,0.8845116418092316
1 Before Election,1_before_election,84,বিএনপির বিকল্প নেই ঠিক বলেছেন।,বিএনপির বিকল্প নেই ঠিক বলেছেন,3,0.6186304829570028
1 Before Election,1_before_election,85,ধানের শীষ,ধানের শীষ,4,0.7333323372724806
1 Before Election,1_before_election,86,"এম এ কাইয়ুম ভাই, ধানের শীষ ইনশাআল্লাহ !",এম এ কাইয়ুম ভাই ধানের শীষ ইনশাআল্লাহ,4,0.8804711788912442
1 Before Election,1_before_election,87,দল মত ধর্ম বর্ণ নির্বিশেষে - ভোট দিবো সবাই ধানের শীষে,দল মত ধর্ম বর্ণ নির্বিশেষে ভোট দিবো সবাই ধানের শীষে,4,0.5114144464989303
1 Before Election,1_before_election,88,নাহিদ ইসলাম জিতবে ইনশাআল্লাহ,নাহিদ ইসলাম জিতবে ইনশাআল্লাহ,0,0.5752707086912122
1 Before Election,1_before_election,89,ভোটের দিনেই বুঝতে পারবে নাহিদ তার জামানত নিয়ে বাসায় যেতে পারবে না,ভোটের দিনেই বুঝতে পারবে নাহিদ তার জামানত নিয়ে বাসায় যেতে পারবে না,0,0.9194197084300314
1 Before Election,1_before_election,90,ইনশাআল্লাহ শাপলা কলি,ইনশাআল্লাহ শাপলা কলি,2,0.5498963396204278
1 Before Election,1_before_election,91,ফেসবুকের জড়িপে জিতে গেছে শাপলা কলি,ফেসবুকের জড়িপে জিতে গেছে শাপলা কলি,2,0.7997225109233458
1 Before Election,1_before_election,92,ধানের শীষ,ধানের শীষ,4,0.7333323372724806
1 Before Election,1_before_election,93,ধানের শীষ,ধানের শীষ,4,0.7333323372724806
1 Before Election,1_before_election,94,গোপাল ভাড় নাহিদ বিপুল ভোটে পরাজিত হবে,গোপাল ভাড় নাহিদ বিপুল ভোটে পরাজিত হবে,0,0.7995961638167965
1 Before Election,1_before_election,95,ধানের শীষ,ধানের শীষ,4,0.7333323372724806
1 Before Election,1_before_election,96,নাহিদ তো রাজাকার দের দলে যোগ দিছে,নাহিদ তো রাজাকার দের দলে যোগ দিছে,0,0.5128611698292116
1 Before Election,1_before_election,97,ধানের শীষ,ধানের শীষ,4,0.7333323372724806
1 Before Election,1_before_election,98,ধানের শীষ,ধানের শীষ,4,0.7333323372724806
1 Before Election,1_before_election,99,নাহিদ ভাই পাশ করুক এটা মনেপ্রাণে চাই,নাহিদ ভাই পাশ করুক এটা মনেপ্রাণে চাই,0,0.8646371953470869
1 Before Election,1_before_election,100,ঢাকার মানুষের কৃতজ্ঞতা,ঢাকার মানুষের কৃতজ্ঞতা,4,0.731085326323641
1 Before Election,1_before_election,101,কায়ুম ভাই বিএনপি,কায়ুম ভাই বিএনপি,3,0.7279853344552107
1 Before Election,1_before_election,102,মাশাআল্লাহ জাযাকাল্লাহ খায়ের,মাশাআল্লাহ জাযাকাল্লাহ খায়ের,1,0.5999654429034296
1 Before Election,1_before_election,103,ঢাকা নয় হাবিব ভাই,ঢাকা নয় হাবিব ভাই,3,0.7987112318123752
1 Before Election,1_before_election,104,বদ্দা কিন্তু ডাকসুতেও ছাত্রদলকে জিতাইছিলেন,বদ্দা কিন্তু ডাকসুতেও ছাত্রদলকে জিতাইছিলেন,0,0.2
1 Before Election,1_before_election,105,থাকবো সবাই মিলে মিশে ভোট দিবো ধানের শীষে,থাকবো সবাই মিলে মিশে ভোট দিবো ধানের শীষে,4,0.9106863160151496
1 Before Election,1_before_election,106,দুই পক্ষেই দেখি চরম চাপাবাজি চলতেছে। বিএনপি যদিও জিতে ১৬০/১৬৫ এর বেশি পাবেনা। তবে বিএনপি এইবার জিতার সম্ভাবনা কম।,দুই পক্ষেই দেখি চরম চাপাবাজি চলতেছে বিএনপি যদিও জিতে এর বেশি পাবেনা তবে বিএনপি এইবার জিতার সম্ভাবনা কম,3,0.9323609509949765
1 Before Election,1_before_election,107,জামাত এগারো দলীয় জোট 150 + পাবে।,জামাত এগারো দলীয় জোট পাবে,0,0.798943452923962
1 Before Election,1_before_election,108,কমেন্ট দেখলে বুঝা যায় জামাত কোন লেভেলের বট তৈরি করে রাখছে...!!!,কমেন্ট দেখলে বুঝা যায় জামাত কোন লেভেলের বট তৈরি করে রাখছে,2,0.9100270864834417
1 Before Election,1_before_election,109,এই তথাকথিত বুদ্ধিজীবিদের অতিরিক্ত আত্নবিশ্বাসই হয়তো বিএনপিকে ডুবাতে যথেষ্ট।,এই তথাকথিত বুদ্ধিজীবিদের অতিরিক্ত আত্নবিশ্বাসই হয়তো বিএনপিকে ডুবাতে যথেষ্ট,1,0.7323234256120674
1 Before Election,1_before_election,110,"এইসব পেইড দালালরা ছাড়া কেউই বলছেনা বিএনপি ক্ষমতায় আসবে।যদি নির্বাচন সুষ্ঠ হয় বিএনপি সর্বোচ্চ একশ সিট পাবে,পরে মিলিয়ে নিবেন।",এইসব পেইড দালালরা ছাড়া কেউই বলছেনা বিএনপি ক্ষমতায় আসবে যদি নির্বাচন সুষ্ঠ হয় বিএনপি সর্বোচ্চ একশ সিট পাবে পরে মিলিয়ে নিবেন,0,0.5267430031883265
1 Before Election,1_before_election,111,বুদ্ধিজীবি ১২ কোটি ভোটারের মনের খবর জানে,বুদ্ধিজীবি কোটি ভোটারের মনের খবর জানে,4,0.8659684872431863
1 Before Election,1_before_election,112,উনি ঢাকায় বসে ডাকসু নির্বাচনে ফতুয়া দিয়েছিল সেদিক থেকে বুঝেছি হেতার মাথায় কিছুই নাই,উনি ঢাকায় বসে ডাকসু নির্বাচনে ফতুয়া দিয়েছিল সেদিক থেকে বুঝেছি হেতার মাথায় কিছুই নাই,3,0.8850649061359785
1 Before Election,1_before_election,113,ইনার মুখে কয়েকদিন আগে শুনলাম বিএনপি ২৫০+ আসন পাবে আজকে শুনি ২০০+,ইনার মুখে কয়েকদিন আগে শুনলাম বিএনপি আসন পাবে আজকে শুনি,0,0.8651227870284438
1 Before Election,1_before_election,114,সস্তা বুদ্ধিজীবী!,সস্তা বুদ্ধিজীবী,0,0.5999768502295438
1 Before Election,1_before_election,115,রুমিন আপার প্রেডিকশনটা যদি একটু করে দিতেন!!,রুমিন আপার প্রেডিকশনটা যদি একটু করে দিতেন,0,0.4009777429510685
1 Before Election,1_before_election,116,জাহিদ ভাইয়ের মুখ বন্ধ করার জন্যই মানুষ জামাতকে ভোট দেবে,জাহিদ ভাইয়ের মুখ বন্ধ করার জন্যই মানুষ জামাতকে ভোট দেবে,2,0.7972267461974478
1 Before Election,1_before_election,117,"জামাতের ইশতিহারে ইসলামকে নৈতিকতা, দায়িত্বশীলতা ও মানবকল্যাণের দর্শন হিসেবে তুলে ধরা হয়েছে। শরিয়াহ বলতে শুধু দণ্ডবিধি নয়; বরং ন্যায়বিচার, দুর্নীতিমুক্ত শাসন, মানবিক মর্যাদা, সামাজিক নিরাপত্তা ও জবাবদিহিকে অগ্রাধিকার দেওয়া হয়েছে",জামাতের ইশতিহারে ইসলামকে নৈতিকতা দায়িত্বশীলতা ও মানবকল্যাণের দর্শন হিসেবে তুলে ধরা হয়েছে শরিয়াহ বলতে শুধু দণ্ডবিধি নয় বরং ন্যায়বিচার দুর্নীতিমুক্ত শাসন মানবিক মর্যাদা সামাজিক নিরাপত্তা ও জবাবদিহিকে অগ্রাধিকার দেওয়া হয়েছে,0,0.5368238767528133
1 Before Election,1_before_election,118,"এই যদি বিনপি বুদ্ধিজীবির অবস্থা হয়, এই দল বেশি দুর যাবে না।",এই যদি বিনপি বুদ্ধিজীবির অবস্থা হয় এই দল বেশি দুর যাবে না,1,0.8826961829363128
1 Before Election,1_before_election,119,ডাকসুর মত হবে ইনশাআল্লাহ।,ডাকসুর মত হবে ইনশাআল্লাহ,4,0.7982631013489241
1 Before Election,1_before_election,120,পাগলা পানি খাইছে,পাগলা পানি খাইছে,2,0.7333151439287487
1 Before Election,1_before_election,121,"বহু বছর আওয়ামী লীগ সরকার দেখেছি , বহু বছর বিএনপি সরকার দেখেছি , একবার জামাত সরকার দেখতে চাই ।",বহু বছর আওয়ামী লীগ সরকার দেখেছি বহু বছর বিএনপি সরকার দেখেছি একবার জামাত সরকার দেখতে চাই,0,0.9464564185840537
1 Before Election,1_before_election,122,আগে থেকে রাস্তা তৈরি,আগে থেকে রাস্তা তৈরি,2,0.5971407966478434
1 Before Election,1_before_election,123,"জনগন বিএনপির মিছিল মিটিংয়ে যায়। কিন্তু, ভোট দিবে বলতেছে দাঁড়িপাল্লায়",জনগন বিএনপির মিছিল মিটিংয়ে যায় কিন্তু ভোট দিবে বলতেছে দাঁড়িপাল্লায়,4,0.7212132361525017
1 Before Election,1_before_election,124,তোর কথা যেন সত্যি হয় যেমন সত্যি হয়েছিল ডাকসু নির্বাচনে,তোর কথা যেন সত্যি হয় যেমন সত্যি হয়েছিল ডাকসু নির্বাচনে,1,0.8845273263527709
1 Before Election,1_before_election,125,ছাপরি,ছাপরি,0,0.2
1 Before Election,1_before_election,126,জেন ঝি ৪ কোটি ভোটার ইনসাফ কে ভোট দিবে।,জেন ঝি কোটি ভোটার ইনসাফ কে ভোট দিবে,4,0.6604502769243826
1 Before Election,1_before_election,127,বস্তাপচা বুদ্ধিজীবী!,বস্তাপচা বুদ্ধিজীবী,0,0.5999768502295438
1 Before Election,1_before_election,128,কাচা গান্জা খাইছে।,কাচা গান্জা খাইছে,2,0.5999616868774201
1 Before Election,1_before_election,129,ভদ্রলোকের বক্তব্য আগে দেখতাম। কিন্তু ইদানীং ওনার কথাবার্তা তৃতীয় শ্রেণীর ব্যক্তিবর্গের থেকেও নিকৃষ্ট মানের।,ভদ্রলোকের বক্তব্য আগে দেখতাম কিন্তু ইদানীং ওনার কথাবার্তা তৃতীয় শ্রেণীর ব্যক্তিবর্গের থেকেও নিকৃষ্ট মানের,0,0.7322029109376526
1 Before Election,1_before_election,130,কিসের বুদ্ধিজীবি ওনার মাথায় তো কুত্তার গু বরা,কিসের বুদ্ধিজীবি ওনার মাথায় তো কুত্তার গু বরা,4,0.865345784099484
1 Before Election,1_before_election,131,ওগুলো ভারতের মাল ও বুঝতে পারছে জামাত ক্ষমতায় আসলে আমার টকশোতে আর ভ্যালু থাকবে না এই জন্যই এগুলো বলতেছে।,ওগুলো ভারতের মাল ও বুঝতে পারছে জামাত ক্ষমতায় আসলে আমার টকশোতে আর ভ্যালু থাকবে না এই জন্যই এগুলো বলতেছে,2,0.9369843959735715
1 Before Election,1_before_election,132,"বিএনপি জিতবে না ওকে ফাইন, তাহলে জামাতের আমিরকে প্রশ্ন করেন কেনো বিএনপির সাথে জাতীয় সরকার গঠন করতে চাচ্ছে?? জামাতের দল কানা সমর্থকদের বলছি?",বিএনপি জিতবে না ওকে ফাইন তাহলে জামাতের আমিরকে প্রশ্ন করেন কেনো বিএনপির সাথে জাতীয় সরকার গঠন করতে চাচ্ছে জামাতের দল কানা সমর্থকদের বলছি,3,0.951541164515458
1 Before Election,1_before_election,133,বাটপার,বাটপার,1,0.5979733340758725
1 Before Election,1_before_election,134,হাসের খবর কি দালাল,হাসের খবর কি দালাল,3,0.7323278514448459
1 Before Election,1_before_election,135,বিএনপি ২০০ আসন ক্রস করবেই ফেইল করে ২২৫ জামায়াতে ইসলাম ৭৫ বিএনপি।Loud & Clear,বিএনপি আসন ক্রস করবেই ফেইল করে জামায়াতে ইসলাম বিএনপি loud clear,0,0.5642379913133356
1 Before Election,1_before_election,136,মহা পন্ডিত যে ডাকসুর প্রেডিকশন করলো তাতে তো বিএনপি গো হারা হারল,মহা পন্ডিত যে ডাকসুর প্রেডিকশন করলো তাতে তো বিএনপি গো হারা হারল,4,0.8641423689463602
1 Before Election,1_before_election,137,এই ছাগল তুই মনে করলেই কি আর না করলেই কি তুই ওখানে বসে সারাদেশের জনগণের মনে কি আছে তুই জানোস পাগল ছাগল সব টকশোতে ধরে নিয়ে আসে ভিউ বাড়ানোর জন্য,এই ছাগল তুই মনে করলেই কি আর না করলেই কি তুই ওখানে বসে সারাদেশের জনগণের মনে কি আছে তুই জানোস পাগল ছাগল সব টকশোতে ধরে নিয়ে আসে ভিউ বাড়ানোর জন্য,4,0.9372953621689544
1 Before Election,1_before_election,138,জাহেদ় ভাই সঠিক বলছেন,জাহেদ় ভাই সঠিক বলছেন,3,0.5101315697665304
1 Before Election,1_before_election,139,এদের কে কেন অনুষ্ঠানে আনেন এরা বিএনপি পন্থী,এদের কে কেন অনুষ্ঠানে আনেন এরা বিএনপি পন্থী,2,0.7262862721970884
1 Before Election,1_before_election,140,তোমার মুখের কথা মুখেই থেকে যাবে তোমার ধারণা নাই এসব তেল মারা কথা,তোমার মুখের কথা মুখেই থেকে যাবে তোমার ধারণা নাই এসব তেল মারা কথা,0,0.7409090785393676
1 Before Election,1_before_election,141,আলহামদুলিল্লাহ দাঁড়িপাল্লা,আলহামদুলিল্লাহ দাঁড়িপাল্লা,4,0.39982835296057484
1 Before Election,1_before_election,142,ইনশাআল্লাহ বি এন পি সরকার গঠন করবে,ইনশাআল্লাহ বি এন পি সরকার গঠন করবে,0,0.8838090107003621
1 Before Election,1_before_election,143,উনি এই সমস্ত চিন্তায় বেশি ছিল।,উনি এই সমস্ত চিন্তায় বেশি ছিল,3,0.7992820496890982
1 Before Election,1_before_election,144,তুমি কেন মনে করবা তুমি খাইচো না আরো খাওয়ার অপেক্ষায় আছো না ?,তুমি কেন মনে করবা তুমি খাইচো না আরো খাওয়ার অপেক্ষায় আছো না,4,0.8653906587817252
1 Before Election,1_before_election,145,তুমি কি বুদ্ধিজীবী,তুমি কি বুদ্ধিজীবী,0,0.5999768502295438
1 Before Election,1_before_election,146,ইনশাআল্লাহ,ইনশাআল্লাহ,1,0.5970559561885165
1 Before Election,1_before_election,147,এই লোক সেই লোক না ঢাকা বিশ্ববিদ্যালয় জিতিয়েছিল কোন দলকে যেন,এই লোক সেই লোক না ঢাকা বিশ্ববিদ্যালয় জিতিয়েছিল কোন দলকে যেন,3,0.8650792660169001
1 Before Election,1_before_election,148,জাহিদ ভাইয়ের ধারণা উল্টে যাওয়া অসম্ভব না। সুষ্ঠ সুন্দর শান্তিপূর্ণ নির্বেজাল নিরপেক্ষ নির্বাচন চাই যেই পাশ করুক।,জাহিদ ভাইয়ের ধারণা উল্টে যাওয়া অসম্ভব না সুষ্ঠ সুন্দর শান্তিপূর্ণ নির্বেজাল নিরপেক্ষ নির্বাচন চাই যেই পাশ করুক,0,0.937986267403132
1 Before Election,1_before_election,149,এই পরজীবী ডাকসু নির্বাচনের আগেও এরকম প্রেডিকশন করেছিল,এই পরজীবী ডাকসু নির্বাচনের আগেও এরকম প্রেডিকশন করেছিল,3,0.8391141284764739
1 Before Election,1_before_election,150,আওয়ামীলীগ জামাতকে ভোট দিবে এটা ভাবা দিবা সপ্ন।,আওয়ামীলীগ জামাতকে ভোট দিবে এটা ভাবা দিবা সপ্ন,1,0.6671915209779206
1 Before Election,1_before_election,151,সময় আসতে দেন দেখেন,সময় আসতে দেন দেখেন,2,0.8391343756346276
1 Before Election,1_before_election,152,বরদা কিন্তু এক চামচ বেশি বুঝে,বরদা কিন্তু এক চামচ বেশি বুঝে,3,0.39904081859010865
1 Before Election,1_before_election,153,ওকে চিনেছি দালাল একটা আগে গোঁড়ার খবর নে পরে সিদ্ধান্ত কর,ওকে চিনেছি দালাল একটা আগে গোঁড়ার খবর নে পরে সিদ্ধান্ত কর,3,0.8852736710277654
1 Before Election,1_before_election,154,এই বিশেষজ্ঞর কথা যদি সত্যি না হয় তারে সবাই ডাস্টবিনের মধ্যে ফালাইয়া ময়লা খাওয়াইতে হইবো,এই বিশেষজ্ঞর কথা যদি সত্যি না হয় তারে সবাই ডাস্টবিনের মধ্যে ফালাইয়া ময়লা খাওয়াইতে হইবো,0,0.8852837589000213
1 Before Election,1_before_election,155,"বলদা,, সমিকরন করতে জানেনা",বলদা সমিকরন করতে জানেনা,3,0.7318444438819961
1 Before Election,1_before_election,156,এই বলদ যার পক্ষ নেই সেই হারে,এই বলদ যার পক্ষ নেই সেই হারে,4,0.7323877980547465
1 Before Election,1_before_election,157,সালার কানে কখন যে তাপড়াবো,সালার কানে কখন যে তাপড়াবো,0,0.2
1 Before Election,1_before_election,158,ঠিক বলছেন জামাত দালাল কিনতে পারেনাই। বিএনপি মিডিয়া আর দালালদের এক করতে পারছে তাই ভোটের আগেই বলে দিচছে বিএনপি২০০ বেশি ছিট বাবে।,ঠিক বলছেন জামাত দালাল কিনতে পারেনাই বিএনপি মিডিয়া আর দালালদের এক করতে পারছে তাই ভোটের আগেই বলে দিচছে বিএনপি বেশি ছিট বাবে,3,0.9484791551105543
1 Before Election,1_before_election,159,জামাত জিতে গেলে দেশে মাদকের চোরাচালান বন্ধ হয়ে গেলে এদের কি হবে জামাতের কাছে অনুরোধ তারা যাতে দেশে ফ্রিতে মাদক নিরাময় সেবা দেয় নাহলে এত এত লোকের কি হবে,জামাত জিতে গেলে দেশে মাদকের চোরাচালান বন্ধ হয়ে গেলে এদের কি হবে জামাতের কাছে অনুরোধ তারা যাতে দেশে ফ্রিতে মাদক নিরাময় সেবা দেয় নাহলে এত এত লোকের কি হবে,2,0.9549047043263725
1 Before Election,1_before_election,160,তুই মনে করলে কি না করলে কি আমরা জনগোন মনে করলে হই,তুই মনে করলে কি না করলে কি আমরা জনগোন মনে করলে হই,4,0.8838540086689048
1 Before Election,1_before_election,161,আর কিছু দিন গেলে জাহেদ ১৫০ বলতো।,আর কিছু দিন গেলে জাহেদ বলতো,2,0.7332121945484337
1 Before Election,1_before_election,162,বাংলাদেশের সব ভোটে গ্রেট মাদারবোর্ডে দিব। যার জন্যই তো ভোটকেন্দ্র থেকে ৪০০ মিটার দূরে মোবাইল নেওয়া যাবে না। যদি মোবাইল নেওয়া যায় তাহলে তো টু থার্ড মেজরিটি হবে না,বাংলাদেশের সব ভোটে গ্রেট মাদারবোর্ডে দিব যার জন্যই তো ভোটকেন্দ্র থেকে মিটার দূরে মোবাইল নেওয়া যাবে না যদি মোবাইল নেওয়া যায় তাহলে তো টু থার্ড মেজরিটি হবে না,4,0.9452014353035745
1 Before Election,1_before_election,163,এইবার মুখের কথা কাজে লেগে গেছে,এইবার মুখের কথা কাজে লেগে গেছে,4,0.8364585230269429
1 Before Election,1_before_election,164,কাঁচা পাতা খেয়ে আসছে,কাঁচা পাতা খেয়ে আসছে,3,0.7991291308485012
1 Before Election,1_before_election,165,এই হালা যা বলে সব ভূয়া,এই হালা যা বলে সব ভূয়া,3,0.64472773215029
1 Before Election,1_before_election,166,মনে হয় অনেক খেয়েছে।,মনে হয় অনেক খেয়েছে,3,0.7305586058127866
1 Before Election,1_before_election,167,এই লোক চামচামি করে কিছু একটা করতে হতে চায় বিএনপি সরকারে আসলে,এই লোক চামচামি করে কিছু একটা করতে হতে চায় বিএনপি সরকারে আসলে,2,0.8971104353126506
1 Before Election,1_before_election,168,ইসলাম থাক বা না থাক সেটা বড় ব্যাপার না ব্যাপারটা হচ্ছে তারা সৎ আপনাদের মত অসৎ না সেই জন্যই সেখানে ভোট দেয়া উচিত,ইসলাম থাক বা না থাক সেটা বড় ব্যাপার না ব্যাপারটা হচ্ছে তারা সৎ আপনাদের মত অসৎ না সেই জন্যই সেখানে ভোট দেয়া উচিত,1,0.8476140212166666
1 Before Election,1_before_election,169,ঘেটু জাহিদ এভাবেই কথা বলে আন্দাজে,ঘেটু জাহিদ এভাবেই কথা বলে আন্দাজে,2,0.551429049148138
1 Before Election,1_before_election,170,"বরং আমি তো মনে করি আপনি উল্টা হাইপ তৈরি করার চেষ্টা করছেন যে, বিএনপি ২০০ এর বেশি সিট পাবে।",বরং আমি তো মনে করি আপনি উল্টা হাইপ তৈরি করার চেষ্টা করছেন যে বিএনপি এর বেশি সিট পাবে,0,0.9377277051086745
1 Before Election,1_before_election,171,জাহেদ সাব কথা কেমন যেন গালে বেজে যাচ্ছে।,জাহেদ সাব কথা কেমন যেন গালে বেজে যাচ্ছে,2,0.7993445164605438
1 Before Election,1_before_election,172,"প্রতিহিংসার রাজনীতি বিএনপি করেন না' যে রাজনীতি দল স্বপ্ন দেখছে, জনগণ ঘাটে নিয়ে তরী ডুবানেন।",প্রতিহিংসার রাজনীতি বিএনপি করেন না যে রাজনীতি দল স্বপ্ন দেখছে জনগণ ঘাটে নিয়ে তরী ডুবানেন,3,0.5366706288147715
1 Before Election,1_before_election,173,"দালাল মিডিয়া টাকার কাছে বিক্রি হয়ে গেছে কিন্তু বিএনপির অনুকুলে সবাই সাবধান, এটা প্লানের অংশ, সব মিডিয়াই জামাতের বিরুদ্ধে নিউজ করতাছে।",দালাল মিডিয়া টাকার কাছে বিক্রি হয়ে গেছে কিন্তু বিএনপির অনুকুলে সবাই সাবধান এটা প্লানের অংশ সব মিডিয়াই জামাতের বিরুদ্ধে নিউজ করতাছে,4,0.9367878562606992
1 Before Election,1_before_election,174,বাহ্: বিনা মূলধনে ধনী হওয়ার নিনজা টেকনিক।,বাহ্ বিনা মূলধনে ধনী হওয়ার নিনজা টেকনিক,3,0.733161192708154
1 Before Election,1_before_election,175,কি পরিমান চাটাচাটি শুরু করছে মিডিয়া,কি পরিমান চাটাচাটি শুরু করছে মিডিয়া,2,0.8369809396512073
1 Before Election,1_before_election,176,"ন্যায় ও ইনসাফভিত্তিক সমাজ গঠন করা জরুরি,এই প্রজন্ম অনেক নষ্ট হয়ে গেছে,হে তরুণ , যদি পরবর্তী প্রজন্মেকে ভালো কিছু উপহার দিতে চাও তাহলে তোমার ভোট ভেবে দাও।",ন্যায় ও ইনসাফভিত্তিক সমাজ গঠন করা জরুরি এই প্রজন্ম অনেক নষ্ট হয়ে গেছে হে তরুণ যদি পরবর্তী প্রজন্মেকে ভালো কিছু উপহার দিতে চাও তাহলে তোমার ভোট ভেবে দাও,4,0.9494136912779565
1 Before Election,1_before_election,177,"আসন্ন নির্বাচনে আপনার একটি ভোট কেবল একটি সিল নয়, বরং এটি একটি আগামীর অঙ্গীকার। আমরা ভোট দেবো বাংলাদেশের পক্ষে, আমরা ভোট দেবো জুলাইয়ের বিপ্লবের চেতনাকে ধারণ করে। ইনসাফ ভিত্তিক সমাজ গড়তে সততা আর ঐক্যের কোনো বিকল্প নেই।",আসন্ন নির্বাচনে আপনার একটি ভোট কেবল একটি সিল নয় বরং এটি একটি আগামীর অঙ্গীকার আমরা ভোট দেবো বাংলাদেশের পক্ষে আমরা ভোট দেবো জুলাইয়ের বিপ্লবের চেতনাকে ধারণ করে ইনসাফ ভিত্তিক সমাজ গড়তে সততা আর ঐক্যের কোনো বিকল্প নেই,4,0.3372050983176138
1 Before Election,1_before_election,178,"ধান লাগা, চান্দা উঠা।",ধান লাগা চান্দা উঠা,2,0.5999980575148754
1 Before Election,1_before_election,179,"বার বার প্রমাণিত চাদাবাজ, দুর্নীতিবাজ, লুটপাট, দখলদাদের বয়কট করুন। এদের হাত থেকে দেশকে বাচান।",বার বার প্রমাণিত চাদাবাজ দুর্নীতিবাজ লুটপাট দখলদাদের বয়কট করুন এদের হাত থেকে দেশকে বাচান,1,0.9104736703371263
1 Before Election,1_before_election,180,৬০% বিএনপি প্রার্থী ঋণখেলাপী চোর এদের দায় সাধারণ জনগণ কি নিবে?,বিএনপি প্রার্থী ঋণখেলাপী চোর এদের দায় সাধারণ জনগণ কি নিবে,1,0.8987498739038041
1 Before Election,1_before_election,181,ইনশাআল্লাহ বিএনপি,ইনশাআল্লাহ বিএনপি,1,0.7279051831850503
1 Before Election,1_before_election,182,ইনশাআল্লাহ জয় নিশ্চিত,ইনশাআল্লাহ জয় নিশ্চিত,1,0.7988135292118729
1 Before Election,1_before_election,183,ইনশা আল্লাহ,ইনশা আল্লাহ,0,0.7301536491926771
1 Before Election,1_before_election,184,"নৌকা, ধানের শীষ, লাঙ্গল দেখা শেষ দাঁড়িপাল্লা এবার গড়বে বাংলাদেশ ",নৌকা ধানের শীষ লাঙ্গল দেখা শেষ দাঁড়িপাল্লা এবার গড়বে বাংলাদেশ,1,0.4954636476401891
1 Before Election,1_before_election,185,গণতন্ত্র পক্ষে ধানের শীষে ভোট দিয়ে আমরা গর্বিত,গণতন্ত্র পক্ষে ধানের শীষে ভোট দিয়ে আমরা গর্বিত,4,0.8399986974242148
1 Before Election,1_before_election,186,ভোট দিয়েছি স্যার। ইনশাআল্লাহ আপনি আমাদের দেশের মানুষের প্রত্যাশার প্রধানমন্ত্রী হবেন,ভোট দিয়েছি স্যার ইনশাআল্লাহ আপনি আমাদের দেশের মানুষের প্রত্যাশার প্রধানমন্ত্রী হবেন,4,0.8995113698444572
1 Before Election,1_before_election,187,"একবার মনে হচ্ছে বিএনপি জিতবে, আবার মনে হচ্ছে জামাত জিতবে। আম্লীগের সময় এই টেনশন করতে হতো না, আমরা জানতাম কে জিতবে। আগেই ভালো ছিলাম।",একবার মনে হচ্ছে বিএনপি জিতবে আবার মনে হচ্ছে জামাত জিতবে আম্লীগের সময় এই টেনশন করতে হতো না আমরা জানতাম কে জিতবে আগেই ভালো ছিলাম,4,0.777840943647084
1 Before Election,1_before_election,188,ইনশাআল্লাহ জয় আমাদেরই হবে,ইনশাআল্লাহ জয় আমাদেরই হবে,1,0.7314919380954857
1 Before Election,1_before_election,189,"আমি বললাম, প্রয়োজনে লিখে রাখেন জামায়াত সরকার গঠন করবে। যদি ভোট সুষ্ঠু হয়। ইনশাআল্লাহ",আমি বললাম প্রয়োজনে লিখে রাখেন জামায়াত সরকার গঠন করবে যদি ভোট সুষ্ঠু হয় ইনশাআল্লাহ,0,0.6794777077658916
1 Before Election,1_before_election,190,ভোটের ফলাফল যদি দেরি করে ঘোষণা হয় তাহলে কি জাতি মেনে নেবে কি নেবে না,ভোটের ফলাফল যদি দেরি করে ঘোষণা হয় তাহলে কি জাতি মেনে নেবে কি নেবে না,0,0.9184718179912496
1 Before Election,1_before_election,191,আমাদের এলাকার জামাত পাস হয়েছে দাঁড়িপাল্লা,আমাদের এলাকার জামাত পাস হয়েছে দাঁড়িপাল্লা,0,0.8383819491443487
1 Before Election,1_before_election,192,ইনসাহা আললাহ মাঠে শিবীর বুলেটেট মত কাজ করবে কেউ সাহস করবে না এবার,ইনসাহা আললাহ মাঠে শিবীর বুলেটেট মত কাজ করবে কেউ সাহস করবে না এবার,4,0.5130309444883564
1 Before Election,1_before_election,193,ইনশাআল্লাহ জিতবে,ইনশাআল্লাহ জিতবে,4,0.7309620674315589
1 Before Election,1_before_election,194,নির্বাচন ঘিরে বিএনপি সারা দেশে কি পরিমান অরাজকতা করতেছে সেটা কি আপনার অনুমতিতে?,নির্বাচন ঘিরে বিএনপি সারা দেশে কি পরিমান অরাজকতা করতেছে সেটা কি আপনার অনুমতিতে,2,0.8988187366782386
1 Before Election,1_before_election,195,লন্ডন ফেরত চাই না যাদের নেতা বলে হ্যা ভোট কর্মী বলে না ভোট,লন্ডন ফেরত চাই না যাদের নেতা বলে হ্যা ভোট কর্মী বলে না ভোট,4,0.5006819408256149
1 Before Election,1_before_election,196,আমার বয়সে আমি প্রথম ভোট দিতে চাইছিলাম দিতে পারলাম না অনেক কষ্ট পাইলাম,আমার বয়সে আমি প্রথম ভোট দিতে চাইছিলাম দিতে পারলাম না অনেক কষ্ট পাইলাম,4,0.723341223980339
1 Before Election,1_before_election,197,বিপুল ভোটে ধরনের শীষ,বিপুল ভোটে ধরনের শীষ,0,0.5618508649882388
1 Before Election,1_before_election,198,ইনশাল্লাহ এম এমাপাটি জামায়াত ইসলামী বাংলাদেশ জিন্দাবাদ নারে তাকবীর আল্লাহু আকবার এম এমাপাটি জামায়াত ইসলামী,ইনশাল্লাহ এম এমাপাটি জামায়াত ইসলামী বাংলাদেশ জিন্দাবাদ নারে তাকবীর আল্লাহু আকবার এম এমাপাটি জামায়াত ইসলামী,4,0.9327325482312306
1 Before Election,1_before_election,199,ইনশাআল্লাহ জয় খুব নিকটে,ইনশাআল্লাহ জয় খুব নিকটে,1,0.7314919380954857
1 Before Election,1_before_election,200,অনেক ইচ্ছা ছিল একটা ধানের শীষে ভোট দিব,অনেক ইচ্ছা ছিল একটা ধানের শীষে ভোট দিব,4,0.8399979805391123
1 Before Election,1_before_election,201,তরুণ্যের প্রথম ভোট ধানের শীষের পক্ষে হোক।,তরুণ্যের প্রথম ভোট ধানের শীষের পক্ষে হোক,4,0.885583884442098
1 Before Election,1_before_election,202,জয় বাংলা_জিতবে এইবার ধানের শীষ_দাঁড়িপাল্লায় ভোট দিস,জয় বাংলা জিতবে এইবার ধানের শীষ দাঁড়িপাল্লায় ভোট দিস,4,0.910922186286291
1 Before Election,1_before_election,203,যৌবন এর প্রথম ভোট ইসলামী কেন দলের দিবে ইনশাআল্লাহ,যৌবন এর প্রথম ভোট ইসলামী কেন দলের দিবে ইনশাআল্লাহ,4,0.8849661782415135
1 Before Election,1_before_election,204,৭০% বললেও এটা সামনের কয়েক সপ্তাহে ৮০% হয়ে যাবে।,বললেও এটা সামনের কয়েক সপ্তাহে হয়ে যাবে,4,0.8387891238618675
1 Before Election,1_before_election,205,ধানের শীষের ভোটার যারা জয়ের মালা পর্বে তারা ধানের শীর্ষে ভোটার যারা করবে তারা,ধানের শীষের ভোটার যারা জয়ের মালা পর্বে তারা ধানের শীর্ষে ভোটার যারা করবে তারা,4,0.9109156931347888
1 Before Election,1_before_election,206,তাহলে আর বিনাকরণে ভোট করার দরকার কি?,তাহলে আর বিনাকরণে ভোট করার দরকার কি,1,0.6243210875742928
1 Before Election,1_before_election,207,ইনশাআল্লাহ দাঁড়িপাল্লার বিজয়ী হবে,ইনশাআল্লাহ দাঁড়িপাল্লার বিজয়ী হবে,1,0.7978742356541544
1 Before Election,1_before_election,208,ইনশাআল্লাহ বিএনপি সরকার গঠন করবে,ইনশাআল্লাহ বিএনপি সরকার গঠন করবে,0,0.834517612276215
1 Before Election,1_before_election,209,নৌকা আর ধানের শীষ দুই সাপের একই বিষ,নৌকা আর ধানের শীষ দুই সাপের একই বিষ,1,0.5327031859718107
1 Before Election,1_before_election,210,"জামায়াতে ইসলাম,ছাত্র শিবির সরকারের দায়িত্ব পেলে ইনশাল্লাহ দাঁড়িপাল্লা সব দুর্নীতি জিরো টলারেন্স করবে।",জামায়াতে ইসলাম ছাত্র শিবির সরকারের দায়িত্ব পেলে ইনশাল্লাহ দাঁড়িপাল্লা সব দুর্নীতি জিরো টলারেন্স করবে,0,0.9184089900481108
1 Before Election,1_before_election,211,রিপোর্টের ভেতরে খাম্বার কথা দেখে আরও গর্ব অনুভব করলাম। খাম্বার খ্যাতি বিশ্বজুড়ে ছড়িয়ে গেছে। আলহামদুলিল্লাহ। জিতবে এবার ধানের শীষ,রিপোর্টের ভেতরে খাম্বার কথা দেখে আরও গর্ব অনুভব করলাম খাম্বার খ্যাতি বিশ্বজুড়ে ছড়িয়ে গেছে আলহামদুলিল্লাহ জিতবে এবার ধানের শীষ,4,0.9270356158907118
1 Before Election,1_before_election,212,প্ল্যান প্ল্যান কইরা লাগাইলি তো মারামারি খুনাখুনি জাতি প্ল্যান দেখতাছে লগে ভবিষ্যৎও দেখতেছে,প্ল্যান প্ল্যান কইরা লাগাইলি তো মারামারি খুনাখুনি জাতি প্ল্যান দেখতাছে লগে ভবিষ্যৎও দেখতেছে,3,0.8396491701802579
1 Before Election,1_before_election,213,টাইম তারেক রহমান কে খাম্বা মেনশন করলো কেন,টাইম তারেক রহমান কে খাম্বা মেনশন করলো কেন,0,0.6697705659505134
1 Before Election,1_before_election,214,"তারেকের অনেক গুণ, ইলেকশনে মানুষ খু' ন",তারেকের অনেক গুণ ইলেকশনে মানুষ খু ন,4,0.866165413495874
1 Before Election,1_before_election,215,সন্ত্রাসী তারেকের বিচার চাই,সন্ত্রাসী তারেকের বিচার চাই,3,0.44716441353858083
1 Before Election,1_before_election,216,খাম্বা বলে কি বুঝাইলো রে ভাই ওইটা যে বল্লি না,খাম্বা বলে কি বুঝাইলো রে ভাই ওইটা যে বল্লি না,3,0.5093818937087616
1 Before Election,1_before_election,217,"খাম্বা, ‌,,,, ‌,,,,,,,,,,,,,,, আমার লিটার। দুরনিতিতে তিন বারের চেম্পিয়ন",খাম্বা আমার লিটার দুরনিতিতে তিন বারের চেম্পিয়ন,3,0.3996254415886072
1 Before Election,1_before_election,218,"একদা এক বালক স্বপ্নে নায়িকা কে নিয়ে স্বপ্ন দেখেছে, সকালে উঠে দেখে তার স্বপ্নদোষ হয়েছে। এই স্বপ্নদোষের কারণ কি নায়িকার নাকি ছেলেটার। BNP ও ঐরকম স্বপ্নদোষের স্বপ্ন দেখছে।",একদা এক বালক স্বপ্নে নায়িকা কে নিয়ে স্বপ্ন দেখেছে সকালে উঠে দেখে তার স্বপ্নদোষ হয়েছে এই স্বপ্নদোষের কারণ কি নায়িকার নাকি ছেলেটার bnp ও ঐরকম স্বপ্নদোষের স্বপ্ন দেখছে,2,0.9194242795930812
1 Before Election,1_before_election,219,"ভাই সিরিয়াসলি এটা শেয়ার দিয়েছে। নিচের দিকে তারেক রহমানকে নিয়ে যে পরিমাণ বাজে মন্তব্য করেছেন তারপরও এটা শেয়ার দিল। অন্তত একটু ইংরেজি ট্রান্সলেট করা শেখো ,কারা চালায় এসব পেজ। তারেক রহমানের অতীতের অপকর্ম নিয়ে লিখেছে এই নিউজ চ্যানেলটা তারা আবার এটা শেয়ার দিয়েছে।",ভাই সিরিয়াসলি এটা শেয়ার দিয়েছে নিচের দিকে তারেক রহমানকে নিয়ে যে পরিমাণ বাজে মন্তব্য করেছেন তারপরও এটা শেয়ার দিল অন্তত একটু ইংরেজি ট্রান্সলেট করা শেখো কারা চালায় এসব পেজ তারেক রহমানের অতীতের অপকর্ম নিয়ে লিখেছে এই নিউজ চ্যানেলটা তারা আবার এটা শেয়ার দিয়েছে,2,0.37144928863515086
1 Before Election,1_before_election,220,"লাখো কণ্ঠ, এক স্বপ্ন—ন্যায়ভিত্তিক বাংলাদেশ। ❝ভোট দিবো কিসে— ধানের শীষে।❞",লাখো কণ্ঠ এক স্বপ্ন ন্যায়ভিত্তিক বাংলাদেশ ভোট দিবো কিসে ধানের শীষে,4,0.8993082605356585
1 Before Election,1_before_election,221,"বিএনপি হেরে গেলে হেরে যাবে বাংলাদেশ ❤️প্রজন্ম থেকে প্রজন্ম ধানের শীষ থাকবে🤲 দলে দলে যোগ দিন ধানের শীষে ভোট দিন

",বিএনপি হেরে গেলে হেরে যাবে বাংলাদেশ প্রজন্ম থেকে প্রজন্ম ধানের শীষ থাকবে দলে দলে যোগ দিন ধানের শীষে ভোট দিন,4,0.5644750880371189
1 Before Election,1_before_election,222,আপনারা আগে বলেছেন জামায়াতে ইসলামী ৫ % আর এখন জরিপে আসছে ১৯ % এইভাবে বারতে থাকলে ইনশাআল্লাহ জামায়াত ইসলামি ১০০% হতে বেশি দিন লাগবে না।,আপনারা আগে বলেছেন জামায়াতে ইসলামী আর এখন জরিপে আসছে এইভাবে বারতে থাকলে ইনশাআল্লাহ জামায়াত ইসলামি হতে বেশি দিন লাগবে না,3,0.5722864813816104
1 Before Election,1_before_election,223,টাইম ম্যাগাজিন লিডারভকে খাম্বা বল্ল কেন বুঝলাম্না,টাইম ম্যাগাজিন লিডারভকে খাম্বা বল্ল কেন বুঝলাম্না,0,0.7996769670124214
1 Before Election,1_before_election,224,লেতা কি হরবেন মনে হয়। চিন্তায় কি বিচি কান্দে না কি।,লেতা কি হরবেন মনে হয় চিন্তায় কি বিচি কান্দে না কি,4,0.7983610324862263
1 Before Election,1_before_election,225,সকল জনগণের সমর্থন নিয়ে জনাব তারেক রহমান এগিয়ে যাবে ।সকল ষড়যন্ত্র চক্রান্ত প্রতিহত করে বিএনপি সফলতায় পৌঁছাবে। ধানের শীষ মার্কা জিন্দাবাদ। ইনশাল্লাহ।,সকল জনগণের সমর্থন নিয়ে জনাব তারেক রহমান এগিয়ে যাবে সকল ষড়যন্ত্র চক্রান্ত প্রতিহত করে বিএনপি সফলতায় পৌঁছাবে ধানের শীষ মার্কা জিন্দাবাদ ইনশাল্লাহ,4,0.9576205847398227
1 Before Election,1_before_election,226,"চাঁদাবাজি, টেন্ডারবাজি, দুর্নীতি ও মাদকমুক্ত বাংলাদেশ গড়তে জনগণের আস্থার শীর্ষে ধানের শীষ। আপনিও আপনার মূল্যবান ভোট প্রদানের মাধ্যমে ধানের শীষ কে শক্তিশালী করুন।",চাঁদাবাজি টেন্ডারবাজি দুর্নীতি ও মাদকমুক্ত বাংলাদেশ গড়তে জনগণের আস্থার শীর্ষে ধানের শীষ আপনিও আপনার মূল্যবান ভোট প্রদানের মাধ্যমে ধানের শীষ কে শক্তিশালী করুন,4,0.9427056909015268
1 Before Election,1_before_election,227,"নেতা করে খাম্বা চুরি, কর্মি মারে গলায় ছুরি।",নেতা করে খাম্বা চুরি কর্মি মারে গলায় ছুরি,1,0.6865892898933976
1 Before Election,1_before_election,228,"জেগেছে জনতা, বেঁধেছে জোট ধানের শীষে দিবে ভোট।।
",জেগেছে জনতা বেঁধেছে জোট ধানের শীষে দিবে ভোট,4,0.8853399199442721
1 Before Election,1_before_election,229,বেটা ভন্ড চাঁদা বাজদের বয়কট,বেটা ভন্ড চাঁদা বাজদের বয়কট,2,0.6395521857902046
1 Before Election,1_before_election,230,ধানের শীষ জিন্দাবাদ,ধানের শীষ জিন্দাবাদ,4,0.7997362159159003
1 Before Election,1_before_election,231,খাম্বা তারেক বলছে সেটাও বলো,খাম্বা তারেক বলছে সেটাও বলো,0,0.8660906939733282
1 Before Election,1_before_election,232,টাইম ম্যাগাজিন খাম্বা না লিখে ইলেকট্রিক পুল লিখলেও পারত,টাইম ম্যাগাজিন খাম্বা না লিখে ইলেকট্রিক পুল লিখলেও পারত,0,0.8398151143363003
1 Before Election,1_before_election,233,ফ্যামিলি কার্ডের পাশাপাশি একটা কাফন কার্ড ও দিয়েন,ফ্যামিলি কার্ডের পাশাপাশি একটা কাফন কার্ড ও দিয়েন,1,0.865893352908361
1 Before Election,1_before_election,234,"বিম্পি এভাবেই অনলাইনে জিতে। সারা দেশে চাঁদাবাজি খুনখারাপি, লীগের মতো ডায়লগ মেরে বলে যে তারা নাকি জিতবে। বারো তারিখ পর্যন্ত অপেক্ষা করো তখন ফলাফল দেখবা",বিম্পি এভাবেই অনলাইনে জিতে সারা দেশে চাঁদাবাজি খুনখারাপি লীগের মতো ডায়লগ মেরে বলে যে তারা নাকি জিতবে বারো তারিখ পর্যন্ত অপেক্ষা করো তখন ফলাফল দেখবা,4,0.6571171881651677
1 Before Election,1_before_election,235,"সব জায়গায় জামাতের প্রিজাইডিং অফিসার নিয়োগ হইছে।যারা ইতিমধ্যে কোন দিন ডিউটি করে নাই, গেষ্ট টিচার দিয়ে প্রিজাইডিং অফিসার নিয়োগ হইছে, অন্যদিকে অনেক মাধ্যমিক বিদ্যালয়ের প্রধান শিক্ষক ও দায়িত্ব পাই নাই।কোন স্কুলে প্রধান শিক্ষক কে বাদ দিয়ে জামায়াত নেতা হিসাবে পরিচিত সহকারী প্রধান শিক্ষক কে প্রিজাইডিং অফিসার নিয়োগ দিছে।",সব জায়গায় জামাতের প্রিজাইডিং অফিসার নিয়োগ হইছে যারা ইতিমধ্যে কোন দিন ডিউটি করে নাই গেষ্ট টিচার দিয়ে প্রিজাইডিং অফিসার নিয়োগ হইছে অন্যদিকে অনেক মাধ্যমিক বিদ্যালয়ের প্রধান শিক্ষক ও দায়িত্ব পাই নাই কোন স্কুলে প্রধান শিক্ষক কে বাদ দিয়ে জামায়াত নেতা হিসাবে পরিচিত সহকারী প্রধান শিক্ষক কে প্রিজাইডিং অফিসার নিয়োগ দিছে,3,0.9549502305827134
1 Before Election,1_before_election,236,"ভোটকেন্দ্রে যান,নিজের সিদ্ধান্ত নিজে নিন। ধানের শীষ প্রতীকে ভোট দিন।",ভোটকেন্দ্রে যান নিজের সিদ্ধান্ত নিজে নিন ধানের শীষ প্রতীকে ভোট দিন,4,0.5966401222315126
1 Before Election,1_before_election,237,টাইমস তো খাম্বা তারেক ও মেনশন করলো সেটাও কি বিশ্বাস করো নাকি?একাংশ নিবা একাংশ নিবানা তা ত হয়না সোনা বন্ধু।,টাইমস তো খাম্বা তারেক ও মেনশন করলো সেটাও কি বিশ্বাস করো নাকি একাংশ নিবা একাংশ নিবানা তা ত হয়না সোনা বন্ধু,0,0.9194577934256751
1 Before Election,1_before_election,238,"হাসিনার রেখে যাওয়া কাজ গুলো করা জন্য দেশে আসছে ১৭ বছর পালিয়ে থাকা নেত
",হাসিনার রেখে যাওয়া কাজ গুলো করা জন্য দেশে আসছে বছর পালিয়ে থাকা নেত,0,0.9096922823524894
1 Before Election,1_before_election,239,হে দেশবাসী আগামী ১২ তারিখ বিএনপি নামে দল কে আওয়ামীলীগ এর মত করে লন্ডনের পথে পাঠানোর সিদ্ধান্ত এখন আপনার আমার সবার,হে দেশবাসী আগামী তারিখ বিএনপি নামে দল কে আওয়ামীলীগ এর মত করে লন্ডনের পথে পাঠানোর সিদ্ধান্ত এখন আপনার আমার সবার,1,0.9263128012723698
1 Before Election,1_before_election,240,★ভোট দিবো কিসে★ধানের শীষে★,ভোট দিবো কিসে ধানের শীষে,4,0.8666478082563804
1 Before Election,1_before_election,241,নির্বাচনকে ঘিরে প্লেয়াররা প্রস্তুত— আসলেই কি ভোট হবে?,নির্বাচনকে ঘিরে প্লেয়াররা প্রস্তুত আসলেই কি ভোট হবে,4,0.4400076869548158
1 Before Election,1_before_election,242,তারেক রহমান,তারেক রহমান,4,0.7328876033564408
1 Before Election,1_before_election,243,ইনশাআল্লাহ,ইনশাআল্লাহ,1,0.5970559561885165
1 Before Election,1_before_election,244,"তারেক জিয়া কে যে ভাবে মানুষ এই দেশে বরন করে নিয়েছে,এক দিন জয় কেউ এই মাটিতে বরন করে নিবে।শুধু সময় এর ব্যাপার।",তারেক জিয়া কে যে ভাবে মানুষ এই দেশে বরন করে নিয়েছে এক দিন জয় কেউ এই মাটিতে বরন করে নিবে শুধু সময় এর ব্যাপার,0,0.9411747892569827
1 Before Election,1_before_election,245,তারেক রহমানের জিন্দাবাদ বাংলাদেশ জাতীয়তাবাদী দল বিএনপি জিন্দাবাদ,তারেক রহমানের জিন্দাবাদ বাংলাদেশ জাতীয়তাবাদী দল বিএনপি জিন্দাবাদ,4,0.9094088405165955
1 Before Election,1_before_election,246,আলহামদুলিল্লাহ ফি আমানিল্লাহ অভিনন্দন,আলহামদুলিল্লাহ ফি আমানিল্লাহ অভিনন্দন,3,0.6404996955578607
1 Before Election,1_before_election,247,আমার প্রানের বাংলাদেশে বিএনপি ছিল বিএনপি আগামীতেও থাকবে ইনশাআল্লাহ,আমার প্রানের বাংলাদেশে বিএনপি ছিল বিএনপি আগামীতেও থাকবে ইনশাআল্লাহ,1,0.864647401295314
1 Before Election,1_before_election,248,"আমরা কোন সাহেব চাই না, সেবক চাই।",আমরা কোন সাহেব চাই না সেবক চাই,3,0.8354076063576622
1 Before Election,1_before_election,249,আলহামদুলিল্লাহ,আলহামদুলিল্লাহ,4,0.5999852177101858
1 Before Election,1_before_election,250,আমরা সবাই চাই ভালো কিছু ধর্ম বর্ণ নির্বিশেষে আমরা সবাই একসাথে মহান আল্লাহ আমাদের সহায় হোন আমরা সবাই দোয়া করি আল্লাহর কাছে,আমরা সবাই চাই ভালো কিছু ধর্ম বর্ণ নির্বিশেষে আমরা সবাই একসাথে মহান আল্লাহ আমাদের সহায় হোন আমরা সবাই দোয়া করি আল্লাহর কাছে,0,0.9378681071734892
1 Before Election,1_before_election,251,বারো তারিখ সারা দিন ধামের শিশে ভোট দিয়ে,বারো তারিখ সারা দিন ধামের শিশে ভোট দিয়ে,4,0.8397103024492576
1 Before Election,1_before_election,252,বাংলাদেশ জিন্দাবাদ জাতীয়তাবাদী দল জিন্দাবাদ,বাংলাদেশ জিন্দাবাদ জাতীয়তাবাদী দল জিন্দাবাদ,4,0.8639722729927753
1 Before Election,1_before_election,253,হাঙ্গামা সৃষ্টিকারীরা ভোটার বিমুখ পরিবেশ তৈরি করে নির্বাচনকে বিতর্কিত করতে চাচ্ছে। অবিলম্বে নিজ নিজ দলের পক্ষ থেকে এদের চিহ্নিত করে আইনের হাতে সোপর্দ করুন। এরা দলের এবং দেশের শত্রু..,হাঙ্গামা সৃষ্টিকারীরা ভোটার বিমুখ পরিবেশ তৈরি করে নির্বাচনকে বিতর্কিত করতে চাচ্ছে অবিলম্বে নিজ নিজ দলের পক্ষ থেকে এদের চিহ্নিত করে আইনের হাতে সোপর্দ করুন এরা দলের এবং দেশের শত্রু,4,0.9490620384697125
1 Before Election,1_before_election,254,আরে জামাতে চুরি করি ব্যালট নিয়া মারি রাখের যে সেটা নিয়া আপনাদের কর্মীদের সচেতন থাকতে বলে পোস্ট দেন। প্রতিরোধ করতে বলেন। নয়তো হাতছাড়া হইব,আরে জামাতে চুরি করি ব্যালট নিয়া মারি রাখের যে সেটা নিয়া আপনাদের কর্মীদের সচেতন থাকতে বলে পোস্ট দেন প্রতিরোধ করতে বলেন নয়তো হাতছাড়া হইব,2,0.941430165077487
1 Before Election,1_before_election,255,"ইনশাআল্লাহ ধানের শীষের হবে জয়,,আশা করি তারেক রহমান আমাদের প্রধানমন্ত্রী হবে",ইনশাআল্লাহ ধানের শীষের হবে জয় আশা করি তারেক রহমান আমাদের প্রধানমন্ত্রী হবে,4,0.9197324253004158
1 Before Election,1_before_election,256,বট বাইনি যেন না ঢুকতে পারে এখানে সবাই চোখ রাখবেন,বট বাইনি যেন না ঢুকতে পারে এখানে সবাই চোখ রাখবেন,0,0.8363182162991173
1 Before Election,1_before_election,257,দাড়ি পাল্লা না রিকশা না ধানের শীষ বিজয় হবে,দাড়ি পাল্লা না রিকশা না ধানের শীষ বিজয় হবে,4,0.8665351111177785
1 Before Election,1_before_election,258,ভরাসাগরের পানীয় কেউ খেতে পারে না বড় পাহাড়েও কেউ বসবাস করতে পারে না বড় তোলো কারো উপকার করতে পারে না,ভরাসাগরের পানীয় কেউ খেতে পারে না বড় পাহাড়েও কেউ বসবাস করতে পারে না বড় তোলো কারো উপকার করতে পারে না,3,0.910674498270374
1 Before Election,1_before_election,259,"বর্তমান ইসিও বিচি ছাড়া ইসি।আওয়ামী লীগ,বিএনপি ও ভারত সহযোগে গভীর ষড়যন্ত্র চলছে। দেশব্যাপী দাঁড়িপাল্লায় যে গনজোয়ার ভোট সুষ্ঠ না হলে নিজ ভোট সেন্টারে ভোট গ্রহন অনিয়ম হলে ইসির খুলে নিতে হবে।",বর্তমান ইসিও বিচি ছাড়া ইসি আওয়ামী লীগ বিএনপি ও ভারত সহযোগে গভীর ষড়যন্ত্র চলছে দেশব্যাপী দাঁড়িপাল্লায় যে গনজোয়ার ভোট সুষ্ঠ না হলে নিজ ভোট সেন্টারে ভোট গ্রহন অনিয়ম হলে ইসির খুলে নিতে হবে,4,0.6477287602580147
1 Before Election,1_before_election,260,বিভিন্ন দেশে মানুষ প্রয়োজন হয় না শুধু ক্যামেরা দিয়ে নিয়ন্ত্রণ করতে পারে,বিভিন্ন দেশে মানুষ প্রয়োজন হয় না শুধু ক্যামেরা দিয়ে নিয়ন্ত্রণ করতে পারে,2,0.4828170637803827
1 Before Election,1_before_election,261,"রাইট,দাড়িপাল্লার জয়দেখে এরকম করে।",রাইট দাড়িপাল্লার জয়দেখে এরকম করে,3,0.797789346857846
1 Before Election,1_before_election,262,ধানের শিসে ভোট দিন,ধানের শিসে ভোট দিন,4,0.7333326967957211
1 Before Election,1_before_election,263,জয় হোক জনতার বিএনপি জিন্দাবাদ।,জয় হোক জনতার বিএনপি জিন্দাবাদ,4,0.4497217480317424
1 Before Election,1_before_election,264,লিডার আপনাকে অনেক ধন্যবাদ আপনার পরিকল্পনা গুলো যেন বাস্তবায়ন হয়,লিডার আপনাকে অনেক ধন্যবাদ আপনার পরিকল্পনা গুলো যেন বাস্তবায়ন হয়,3,0.6423610087003536
1 Before Election,1_before_election,265,সবার আগে বাংলাদেশ,সবার আগে বাংলাদেশ,4,0.5984001368738155
1 Before Election,1_before_election,266,ফরিদপুর সদর ত আসনের নীতি,ফরিদপুর সদর ত আসনের নীতি,4,0.7315237649205159
1 Before Election,1_before_election,267,"যিনি কুরআন তেলাওয়াত করেছেন, একজন আলেম মানুষ তার জন্য কি একটা চেয়ার হয় না, তাকে একটি চেয়ারে বসিয়ে দেয়া হোক।",যিনি কুরআন তেলাওয়াত করেছেন একজন আলেম মানুষ তার জন্য কি একটা চেয়ার হয় না তাকে একটি চেয়ারে বসিয়ে দেয়া হোক,1,0.724431578849615
1 Before Election,1_before_election,268,জুলাই সনদ আস‌লে কি?,জুলাই সনদ আসলে কি,2,0.7322480659992929
1 Before Election,1_before_election,269,"হ‌্যাঁ ভোট বা না ভোট, কোনটা দেয়া উ‌চিত?",হ্যাঁ ভোট বা না ভোট কোনটা দেয়া উচিত,0,0.5316101610596804
1 Before Election,1_before_election,270,"অভিনন্দন, চমৎকার এবং সময়োপযোগী একটি ইশতেহার দেয়ার জন্য।",অভিনন্দন চমৎকার এবং সময়োপযোগী একটি ইশতেহার দেয়ার জন্য,3,0.7304961634741284
1 Before Election,1_before_election,271,ইনশাআল্লাহ বিএনপি বিজয় হবে,ইনশাআল্লাহ বিএনপি বিজয় হবে,4,0.7948000862827399
1 Before Election,1_before_election,272,ধানের শীর্ষ ধানের শীর্ষ,ধানের শীর্ষ ধানের শীর্ষ,4,0.44050826430258033
1 Before Election,1_before_election,273,সবার আগে বাংলাদেশ,সবার আগে বাংলাদেশ,4,0.5984001368738155
1 Before Election,1_before_election,274,কারণ ওরা বুঝে গেছে এখন জনগণ কোন পথে,কারণ ওরা বুঝে গেছে এখন জনগণ কোন পথে,1,0.8386196135430256
1 Before Election,1_before_election,275,কথা টা রাইট,কথা টা রাইট,1,0.7328895151187743
1 Before Election,1_before_election,276,ঠিক আছে,ঠিক আছে,3,0.5995378017041839
1 Before Election,1_before_election,277,হাতপাখা জিন্দাবাদ,হাতপাখা জিন্দাবাদ,4,0.5979729388964445
1 Before Election,1_before_election,278,ঠিক বলেছেন ম্যাডাম ধন্যবাদ আপনাকে ঠিক বলেছেন,ঠিক বলেছেন ম্যাডাম ধন্যবাদ আপনাকে ঠিক বলেছেন,3,0.8997673743818045
1 Before Election,1_before_election,279,তরুণ প্রজন্মের প্রথম ভোট ধানের শীষের,তরুণ প্রজন্মের প্রথম ভোট ধানের শীষের,4,0.8666626303318006
1 Before Election,1_before_election,280,পক্ষে হোক,পক্ষে হোক,4,0.7323100050569363
1 Before Election,1_before_election,281,"চাঁদাবাজি দুর্নীতি নৈরাজ্য ঘুষ সন্ত্রাসের মুক্ত হোক, ইনসাফের বাংলাদেশ যুক্ত হোক। ইনক্লাব জিন্দাবাদ।",চাঁদাবাজি দুর্নীতি নৈরাজ্য ঘুষ সন্ত্রাসের মুক্ত হোক ইনসাফের বাংলাদেশ যুক্ত হোক ইনক্লাব জিন্দাবাদ,4,0.910756112136266
1 Before Election,1_before_election,282,ইন্সাআল্লাহ জিতবে ধানের শীষ। স্বাধীনতাবিরোধী রাজনৈতিক দল নিপাত যাক।,ইন্সাআল্লাহ জিতবে ধানের শীষ স্বাধীনতাবিরোধী রাজনৈতিক দল নিপাত যাক,4,0.8975881138442794
1 Before Election,1_before_election,283,ইনশাআল্লাহ দাঁড়িপাল্লার জয় নিশ্চিত,ইনশাআল্লাহ দাঁড়িপাল্লার জয় নিশ্চিত,1,0.8391460909840976
1 Before Election,1_before_election,284,তারুণ্যের প্রথম ভোট ইনসাফের পক্ষে হোক হঠাও চাঁদাবাজ বাচাও দেশ দাড়িপাল্লার বাংলাদেশ,তারুণ্যের প্রথম ভোট ইনসাফের পক্ষে হোক হঠাও চাঁদাবাজ বাচাও দেশ দাড়িপাল্লার বাংলাদেশ,4,0.9265850655315504
1 Before Election,1_before_election,285,এটা বিএনপির জন্যই মানায়,এটা বিএনপির জন্যই মানায়,4,0.7262601032289164
1 Before Election,1_before_election,286,ভয় কাজ করছে,ভয় কাজ করছে,4,0.7319468501694936
1 Before Election,1_before_election,287,হারলেই বলবে নির্বাচন সুষ্ঠ হয়নি জিতলে বলবে নির্বাচন সুষ্ঠ হয়েছে,হারলেই বলবে নির্বাচন সুষ্ঠ হয়নি জিতলে বলবে নির্বাচন সুষ্ঠ হয়েছে,2,0.9105549168628841
1 Before Election,1_before_election,288,বিএনপি নেতাকর্মী এবং পুলিং এজেন্ট গুলি আরো কঠোর নজরদারি থাকতে হবে সারাদেশে ভোট জালিয়াতি টাকা ছড়াছড়ি হচ্ছে।,বিএনপি নেতাকর্মী এবং পুলিং এজেন্ট গুলি আরো কঠোর নজরদারি থাকতে হবে সারাদেশে ভোট জালিয়াতি টাকা ছড়াছড়ি হচ্ছে,4,0.9096828571291017
1 Before Election,1_before_election,289,"""১২ তারিখ, সারাদিন ধানের শীষে ভোট দিন। ইনশাআল্লাহ, আমাদের জয় হবে!",তারিখ সারাদিন ধানের শীষে ভোট দিন ইনশাআল্লাহ আমাদের জয় হবে,4,0.8996490252457202
1 Before Election,1_before_election,290,বিএনপি ভালো করেই জানেন নির্বাচন সুষ্ঠু হবে এবং তারা হারবে এজন্য তারা উল্টাপাল্টা কথা বলতেছে।,বিএনপি ভালো করেই জানেন নির্বাচন সুষ্ঠু হবে এবং তারা হারবে এজন্য তারা উল্টাপাল্টা কথা বলতেছে,0,0.9101679948898845
1 Before Election,1_before_election,291,ধানের শীষের জয় হবেই ইনশাআল্লাহ,ধানের শীষের জয় হবেই ইনশাআল্লাহ,4,0.5497253290712009
1 Before Election,1_before_election,292,ইনশাআল্লাহ ধানের শীষের বিজয় হবেই হবে।,ইনশাআল্লাহ ধানের শীষের বিজয় হবেই হবে,4,0.6448494765614967
1 Before Election,1_before_election,293,এখন পর্যন্ত সংবাদ মাধ্যম গুলোর মধ্যে যা দেখতে পেলাম সবচেয়ে বেশি বিএনপির নেতাকর কর্মীরা সবচেয়ে বেশি অ্যারেস্ট হয়েছে অস্ত্র নিয়ে,এখন পর্যন্ত সংবাদ মাধ্যম গুলোর মধ্যে যা দেখতে পেলাম সবচেয়ে বেশি বিএনপির নেতাকর কর্মীরা সবচেয়ে বেশি অ্যারেস্ট হয়েছে অস্ত্র নিয়ে,3,0.9321645103931199
1 Before Election,1_before_election,294,"বাগেরহাট, ১আসনে কফিলকৃষ্ণ মন্ডল বিকল্প নেই",বাগেরহাট আসনে কফিলকৃষ্ণ মন্ডল বিকল্প নেই,2,0.7964957831135793
1 Before Election,1_before_election,295,তারেক রহমান জিন্দাবাদ,তারেক রহমান জিন্দাবাদ,4,0.7995249870648095
1 Before Election,1_before_election,296,মগবাজারে আগুন লাগিয়ে দিয়েছেন লিডার,মগবাজারে আগুন লাগিয়ে দিয়েছেন লিডার,3,0.7998308099976065
1 Before Election,1_before_election,297,বাগেরহাট ৩ লায়ন ডক্টর শেখ ফরিদুল ইসলাম,বাগেরহাট লায়ন ডক্টর শেখ ফরিদুল ইসলাম,0,0.5379730995756807
1 Before Election,1_before_election,298,ধন্যবাদ ভাইয়া,ধন্যবাদ ভাইয়া,3,0.5999923762841569
1 Before Election,1_before_election,299,ধানের শীস,ধানের শীস,4,0.4007208019531406
1 Before Election,1_before_election,300,জয়বালা,জয়বালা,0,0.2
1 Before Election,1_before_election,301,রাইট কথা বলছো,রাইট কথা বলছো,1,0.5984396934253969
1 Before Election,1_before_election,302,ধন্যবাদ ধন্যবাদ,ধন্যবাদ ধন্যবাদ,3,0.7333289922838189
1 Before Election,1_before_election,303,মাগুরা জেলা,মাগুরা জেলা,3,0.5992845065669159
1 Before Election,1_before_election,304,দেখা হবে বিজয়ে,দেখা হবে বিজয়ে,2,0.5984288634196611
1 Before Election,1_before_election,305,ইনশাআল্লাহ ধানের শীষের বিজয়ী হবে,ইনশাআল্লাহ ধানের শীষের বিজয়ী হবে,4,0.8393450818029418
1 Before Election,1_before_election,306,জামায়াত বয়কট,জামায়াত বয়কট,1,0.4003343241881303
1 Before Election,1_before_election,307,বাংলাদেশের জনগণ,বাংলাদেশের জনগণ,1,0.733194289100513
1 Before Election,1_before_election,308,খুলনা বিভাগের পক্ষ থেকে আপনাকে জানাই স্বাগতম প্রিয় লিডার জনাব তারেক রহমান,খুলনা বিভাগের পক্ষ থেকে আপনাকে জানাই স্বাগতম প্রিয় লিডার জনাব তারেক রহমান,4,0.9106474496413808
1 Before Election,1_before_election,309,কাতার প্রবাসী সিরাজগঞ্জ এর ছেলে,কাতার প্রবাসী সিরাজগঞ্জ এর ছেলে,4,0.5991937080805079
1 Before Election,1_before_election,310,বিএনপি,বিএনপি,0,0.5921331994235268
1 Before Election,1_before_election,311,ইনশা আল্লাহ ধানের শীস,ইনশা আল্লাহ ধানের শীস,0,0.6387037591266261
1 Before Election,1_before_election,312,ধানের শীষ,ধানের শীষ,4,0.7333323372724806
1 Before Election,1_before_election,313,"ভোটকেন্দ্রে যাবো, মোবাইল নিয়েই যাবো। দাঁড়িপাল্লায়, ভোট দিবো সেলফি তুলে সেলিব্রেট করবো। ভোট হবে উৎসব ইনশাআল্লাহ।",ভোটকেন্দ্রে যাবো মোবাইল নিয়েই যাবো দাঁড়িপাল্লায় ভোট দিবো সেলফি তুলে সেলিব্রেট করবো ভোট হবে উৎসব ইনশাআল্লাহ,4,0.9194883947150494
1 Before Election,1_before_election,314,চুরি করার সুযোগ দিলে নাকি সুষ্ঠু নিরপেক্ষ নির্বাচন হয়। মনের কথা বিএনপির,চুরি করার সুযোগ দিলে নাকি সুষ্ঠু নিরপেক্ষ নির্বাচন হয় মনের কথা বিএনপির,0,0.5207449554781365
1 Before Election,1_before_election,315,মা মেনে উপায় নাইরে পাগলা,মা মেনে উপায় নাইরে পাগলা,2,0.548516188064057
1 Before Election,1_before_election,316,"সারা বাংলা হয়েছে জোট, নৌকা ছাড়া কিসের ভোট।",সারা বাংলা হয়েছে জোট নৌকা ছাড়া কিসের ভোট,4,0.7749234221560168
1 Before Election,1_before_election,317,এসেছে জোয়ার এসেছে ঢেউ ধানের শীষের  বিজয় ঠেকাতে পারবে না কেউ,এসেছে জোয়ার এসেছে ঢেউ ধানের শীষের বিজয় ঠেকাতে পারবে না কেউ,4,0.8979879875825868
1 Before Election,1_before_election,318,বিএনপির মহাসচিব নির্যাত ফখরুল ইসলাম আলমগীর আগাম কথা একটু কমায় বলেন,বিএনপির মহাসচিব নির্যাত ফখরুল ইসলাম আলমগীর আগাম কথা একটু কমায় বলেন,0,0.8833878297869128
1 Before Election,1_before_election,319,বিএনপি একটা আদর্শিক গণতান্ত্রিক দল তাদের উদারত মন আছে দেশ জাতির স্বার্থে বিএনপি যে কোন জিনিস মেনে নেয় এটাকে বলে,বিএনপি একটা আদর্শিক গণতান্ত্রিক দল তাদের উদারত মন আছে দেশ জাতির স্বার্থে বিএনপি যে কোন জিনিস মেনে নেয় এটাকে বলে,3,0.9317447084659628
1 Before Election,1_before_election,320,"এই নির্বাচলে বি এন পিই জিতবে, তবে অনেক কষ্ট হবে,",এই নির্বাচলে বি এন পিই জিতবে তবে অনেক কষ্ট হবে,0,0.8385222050012355
1 Before Election,1_before_election,321,বাংলাদেশ জাতীয়বাদী দল এমন একটা দল যে কোন কিছু মেনে নেওয়ার জন্য প্রস্তুতি থাকে ইনশাল্লাহ বাংলার জনগণ যদি মেনে নেয় বাংলাদেশ জাতীয়বাদী দল মেনে নিবে ইনশাআল্লাহ যেকোন ফলাফল,বাংলাদেশ জাতীয়বাদী দল এমন একটা দল যে কোন কিছু মেনে নেওয়ার জন্য প্রস্তুতি থাকে ইনশাল্লাহ বাংলার জনগণ যদি মেনে নেয় বাংলাদেশ জাতীয়বাদী দল মেনে নিবে ইনশাআল্লাহ যেকোন ফলাফল,1,0.9573220792150363
1 Before Election,1_before_election,322,ইনশাআল্লাহ তারুণ্যের প্রথম ভোট ধানের শীষের পক্ষে হোক,ইনশাআল্লাহ তারুণ্যের প্রথম ভোট ধানের শীষের পক্ষে হোক,4,0.9108976228784964
1 Before Election,1_before_election,323,ইনশাআল্লাহ ধানের শীষ,ইনশাআল্লাহ ধানের শীষ,4,0.7990973691546982
1 Before Election,1_before_election,324,ধানের শীষ,ধানের শীষ,4,0.7333323372724806
1 Before Election,1_before_election,325,ধানের শীষ,ধানের শীষ,4,0.7333323372724806
1 Before Election,1_before_election,326,ইনশাআল্লাহ,ইনশাআল্লাহ,1,0.5970559561885165
1 Before Election,1_before_election,327,ইনশাআল্লাহ,ইনশাআল্লাহ,1,0.5970559561885165
1 Before Election,1_before_election,328,"বিজয় আমাদের হবে,,টেকনাফ থেকে তেঁতুলিয়া সমতল থেকে পাহাড়,  মার্কা মোদের একটাই ধানের শীষ দিবো ভোট ধানের শীষে, গড়বো দেশ মিলেমিশে",বিজয় আমাদের হবে টেকনাফ থেকে তেঁতুলিয়া সমতল থেকে পাহাড় মার্কা মোদের একটাই ধানের শীষ দিবো ভোট ধানের শীষে গড়বো দেশ মিলেমিশে,4,0.9383520451235411
1 Before Election,1_before_election,329,ইনশাআল্লাহ বিএনপি,ইনশাআল্লাহ বিএনপি,1,0.7279051831850503
1 Before Election,1_before_election,330,"নির্বাচন সুস্থ না হলে কারচুপি হলে নির্বাচন মেনে নিবে না জনগণ,",নির্বাচন সুস্থ না হলে কারচুপি হলে নির্বাচন মেনে নিবে না জনগণ,1,0.9105364697590624
1 Before Election,1_before_election,331,"আগামীকাল রাতে বাংলাদেশে রাতে গরু ছাগলের হাট বসবে, উক্ত গরু ছাগলরা গলায় দড়ি পড়ে রেডি থাকবেন",আগামীকাল রাতে বাংলাদেশে রাতে গরু ছাগলের হাট বসবে উক্ত গরু ছাগলরা গলায় দড়ি পড়ে রেডি থাকবেন,1,0.9107779773476248
1 Before Election,1_before_election,332,ইনশাআল্লাহ যাবে দাড়িপাল্লা কেউ ঠেকাতে পারবেনা,ইনশাআল্লাহ যাবে দাড়িপাল্লা কেউ ঠেকাতে পারবেনা,1,0.8658146415612046
1 Before Election,1_before_election,333,বিএনপি সরকার গঠন করবে ইনশাআল্লাহ,বিএনপি সরকার গঠন করবে ইনশাআল্লাহ,0,0.834517612276215
1 Before Election,1_before_election,334,হেরে গেলে বলবে নির্বাচন সুষ্ঠু হয়নি,হেরে গেলে বলবে নির্বাচন সুষ্ঠু হয়নি,2,0.8846191315841446
1 Before Election,1_before_election,335,ভয় কাজ করছে কলিজার ভেতরে .!!,ভয় কাজ করছে কলিজার ভেতরে,4,0.7993463949423713
1 Before Election,1_before_election,336,অথচ জামায়াত আগ থেকেই সুতা ধরার পায়তারা খুঁজতেছে একটু আগে বলছে তাঁরা মানবে না,অথচ জামায়াত আগ থেকেই সুতা ধরার পায়তারা খুঁজতেছে একটু আগে বলছে তাঁরা মানবে না,0,0.49186707235328875
1 Before Election,1_before_election,337,সাজানো নাটক মঞ্চস্থ হচ্ছে সেরকম মনে হচ্ছে একটি মেয়ে বলতেছে শিখিয়ে দেওয়া কথা মনে হলো।,সাজানো নাটক মঞ্চস্থ হচ্ছে সেরকম মনে হচ্ছে একটি মেয়ে বলতেছে শিখিয়ে দেওয়া কথা মনে হলো,3,0.9100820307400739
1 Before Election,1_before_election,338,"বই, এন, পি, এবার জিতবে ইনশাল্লাহ",বই এন পি এবার জিতবে ইনশাল্লাহ,0,0.4745963971664364
1 Before Election,1_before_election,339,ইনশাল্লাহ জয় হবে ধানের শীষের জয় হবে,ইনশাল্লাহ জয় হবে ধানের শীষের জয় হবে,4,0.8660790359298377
1 Before Election,1_before_election,340,জনাব তারেক রহমান এর হাত ধরে বাংলাদেশ এগিয়ে যাবে,জনাব তারেক রহমান এর হাত ধরে বাংলাদেশ এগিয়ে যাবে,4,0.7713632504376591
1 Before Election,1_before_election,341,"চাঁ দা বা জি র টাকা দিয়ে বস্তির মানুষকে বাসস্থান করে দেওয়ার আশ্বা'স দিচ্ছে, সে নিজেঔ চলে চাঁ দা র টাকা দিয়ে, আবার মানুষকে দেওয়ার প্রতিশ্রুতি দিচ্ছে",চাঁ দা বা জি র টাকা দিয়ে বস্তির মানুষকে বাসস্থান করে দেওয়ার আশ্বা স দিচ্ছে সে নিজেঔ চলে চাঁ দা র টাকা দিয়ে আবার মানুষকে দেওয়ার প্রতিশ্রুতি দিচ্ছে,4,0.9493087029236287
1 Before Election,1_before_election,342,"এই তো জিয়ার ছেলে,,,অল্পতেই সাধারণ মানুষের সাথে মিশে যান,,",এই তো জিয়ার ছেলে অল্পতেই সাধারণ মানুষের সাথে মিশে যান,4,0.8851724074395363
1 Before Election,1_before_election,343,দেখা যাক কি হয়,দেখা যাক কি হয়,2,0.7321091776673678
1 Before Election,1_before_election,344,In sha allah,in sha allah,0,0.5999866586565334
1 Before Election,1_before_election,345,বট বাহিনীর বেহেস্তের টিকিট শেষ হয়ে যাচ্ছে।,বট বাহিনীর বেহেস্তের টিকিট শেষ হয়ে যাচ্ছে,2,0.5947943842472342
1 Before Election,1_before_election,346,২০০১-২০০৬ পর্যন্ত অসীম দুর্নীতি ভুলে নাই জাতি,পর্যন্ত অসীম দুর্নীতি ভুলে নাই জাতি,4,0.8646056939351683
1 Before Election,1_before_election,347,বিএনপি,বিএনপি,0,0.5921331994235268
1 Before Election,1_before_election,348,রাজনৈতিক মুক্ত পেইজ স্বাগতম আপনাকে,রাজনৈতিক মুক্ত পেইজ স্বাগতম আপনাকে,4,0.8389622105411915
1 Before Election,1_before_election,349,ধানের শীষ,ধানের শীষ,4,0.7333323372724806
1 Before Election,1_before_election,350,ধানের শীর্ষ,ধানের শীর্ষ,4,0.4004234944638646
1 Before Election,1_before_election,351,ইনশাআল্লাহ দাঁড়িপাল্লা,ইনশাআল্লাহ দাঁড়িপাল্লা,1,0.7301798693641377
1 Before Election,1_before_election,352,আহা তেল,আহা তেল,3,0.7327759816177817
1 Before Election,1_before_election,353,ইনশাআল্লাহ।,ইনশাআল্লাহ,1,0.5970559561885165
1 Before Election,1_before_election,354,বি এন পির বিজয় হবে ইনশাআল্লাহ,বি এন পির বিজয় হবে ইনশাআল্লাহ,0,0.8636626590930483
1 Before Election,1_before_election,355,Utite jader dorniti paoajaynay taderke kumuta deoa durkar,utite jader dorniti paoajaynay taderke kumuta deoa durkar,0,0.2
1 Before Election,1_before_election,356,আসসালামু আলাইকুম,আসসালামু আলাইকুম,0,0.7333122086735657
1 Before Election,1_before_election,357,অসাধারণ,অসাধারণ,0,0.2
1 Before Election,1_before_election,358,চান্দা,চান্দা,2,0.5999980575148754
1 Before Election,1_before_election,359,Alhamdulillah,alhamdulillah,0,0.2
1 Before Election,1_before_election,360,"প্রিয় লিডার , রংপুরের প্রতিটি আসন ইনশাআল্লাহ আমরা আপনাকে উপহার দিবো",প্রিয় লিডার রংপুরের প্রতিটি আসন ইনশাআল্লাহ আমরা আপনাকে উপহার দিবো,4,0.8990383911547231
1 Before Election,1_before_election,361,নিরাপত্তার কথা বলোনা,নিরাপত্তার কথা বলোনা,0,0.2
1 Before Election,1_before_election,362,আহ কমেডিতে সেরা রেহ,আহ কমেডিতে সেরা রেহ,0,0.2
1 Before Election,1_before_election,363,আলহামদুলিল্লাহ,আলহামদুলিল্লাহ,4,0.5999852177101858
1 Before Election,1_before_election,364,এগুলি মিটিং মিছিল করার আগে নেতাকর্মীরা যেভাবে চাঁদাবাজি করতেছে খেয়াল করেন বন্ধ করেন বন্ধ করেন তাহলে সবই হবে,এগুলি মিটিং মিছিল করার আগে নেতাকর্মীরা যেভাবে চাঁদাবাজি করতেছে খেয়াল করেন বন্ধ করেন বন্ধ করেন তাহলে সবই হবে,2,0.9459708159507821
1 Before Election,1_before_election,365,ফ্যামিলি কার্ড দিয়ে কোন লাভ নাই,ফ্যামিলি কার্ড দিয়ে কোন লাভ নাই,1,0.6232882001360183
1 Before Election,1_before_election,366,মানুষকে কর্মসংস্থানের ব্যবস্থা করেন,মানুষকে কর্মসংস্থানের ব্যবস্থা করেন,3,0.7969990737440555
1 Before Election,1_before_election,367,আমরা চাই কর্মসংস্থান হোক,আমরা চাই কর্মসংস্থান হোক,3,0.7279850345406762
1 Before Election,1_before_election,368,কারো করুণা বা কারো সাহায্য না,কারো করুণা বা কারো সাহায্য না,3,0.7333231861149639
1 Before Election,1_before_election,369,বেকারত্ব দূর করেন,বেকারত্ব দূর করেন,3,0.7990352915102255
1 Before Election,1_before_election,370,আপনি ফ্যামিলি কার্ড,আপনি ফ্যামিলি কার্ড,1,0.7330830310829624
1 Before Election,1_before_election,371,কৃষক কার্ড,কৃষক কার্ড,1,0.5990803017462276
1 Before Election,1_before_election,372,এগুলি বন্ধ করে আপনি বেকারত্ব বন্ধ করার ক্ষেত্রে কর্মের ব্যবস্থা করুন,এগুলি বন্ধ করে আপনি বেকারত্ব বন্ধ করার ক্ষেত্রে কর্মের ব্যবস্থা করুন,1,0.9102174938941585
1 Before Election,1_before_election,373,মানুষ বুঝে গেছে বুঝছেন মানুষ এখন মানুষের জীবনে নিরাপত্তা চায়,মানুষ বুঝে গেছে বুঝছেন মানুষ এখন মানুষের জীবনে নিরাপত্তা চায়,4,0.8992704848100214
1 Before Election,1_before_election,374,আমি চাই আমি যেন ভালোভাবে চলতে পারি আমার ফ্যামিলিকে নিয়ে আমার ফ্যামিলি কার দরকার নাই,আমি চাই আমি যেন ভালোভাবে চলতে পারি আমার ফ্যামিলিকে নিয়ে আমার ফ্যামিলি কার দরকার নাই,1,0.3260756091951601
1 Before Election,1_before_election,375,ধরে নেন বিএনপি পাস করল না,ধরে নেন বিএনপি পাস করল না,2,0.8374561915392796
1 Before Election,1_before_election,376,তাহলে কি আমরা ফ্যামিলি কার্ড পাব না,তাহলে কি আমরা ফ্যামিলি কার্ড পাব না,1,0.7990607073311892
1 Before Election,1_before_election,377,আমি তো ভেবেছিলাম সরকারি না জিতলেও ফ্যামিলি কার্ড দেওয়া হবে,আমি তো ভেবেছিলাম সরকারি না জিতলেও ফ্যামিলি কার্ড দেওয়া হবে,1,0.798338628953593
1 Before Election,1_before_election,378,একবেলা বাজার করলে ২ হাজার টাকা লেগে যায়,একবেলা বাজার করলে হাজার টাকা লেগে যায়,2,0.8379646725513223
1 Before Election,1_before_election,379,যেই শহরে চাঁদাবাজদের জন্য আমাদের জীবনের নিরাপত্তা নাই,যেই শহরে চাঁদাবাজদের জন্য আমাদের জীবনের নিরাপত্তা নাই,3,0.8388033881129968
1 Before Election,1_before_election,380,আপনারা এই বিষয়ে একটু কথা বলেন,আপনারা এই বিষয়ে একটু কথা বলেন,0,0.7991344222694424
1 Before Election,1_before_election,381,বিএনপি কমাতে গেলে একটিও চাঁদাবাজ থাকবে না,বিএনপি কমাতে গেলে একটিও চাঁদাবাজ থাকবে না,2,0.8367541584704858
1 Before Election,1_before_election,382,এইটার প্রতিশ্রুতি দেন,এইটার প্রতিশ্রুতি দেন,2,0.7315558587359079
1 Before Election,1_before_election,383,চাঁদাবাজির অভিজ্ঞতাও নাই অন্যদের,চাঁদাবাজির অভিজ্ঞতাও নাই অন্যদের,3,0.7316886520860559
1 Before Election,1_before_election,384,mohammadpur er tokai,mohammadpur er tokai,1,0.5999654526226764
1 Before Election,1_before_election,385,বিএনপি ৫ বছর সময় পেলে,বিএনপি বছর সময় পেলে,0,0.8382847610083843
1 Before Election,1_before_election,386,পরিকল্পনা হলো বৃহত্তর চান্দা বাজি।,পরিকল্পনা হলো বৃহত্তর চান্দা বাজি,2,0.55072059888843
1 Before Election,1_before_election,387,খাম্বা প্রজেক্ট এর মালিক,খাম্বা প্রজেক্ট এর মালিক,1,0.7311910336007841
1 Before Election,1_before_election,388,এসো নবীন দলে দলে,এসো নবীন দলে দলে,3,0.7978806259595934
1 Before Election,1_before_election,389,যোগ দাও চাঁদাবাজির দলে।,যোগ দাও চাঁদাবাজির দলে,0,0.44035099545963174
1 Before Election,1_before_election,390,ইনশাআল্লাহ জয় জামাতেরই হবে,ইনশাআল্লাহ জয় জামাতেরই হবে,1,0.7314919380954857
1 Before Election,1_before_election,391,ঠিকমতো বিসমিল্লাহ বলতে পারেন না শুদ্ধভাবে,ঠিকমতো বিসমিল্লাহ বলতে পারেন না শুদ্ধভাবে,3,0.7329493195619454
1 Before Election,1_before_election,392,ভোট দিবো কিসেধানের শীষে,ভোট দিবো কিসেধানের শীষে,4,0.7999555992143146
1 Before Election,1_before_election,393,যার নিজের নাই নিরাপত্তা,যার নিজের নাই নিরাপত্তা,3,0.8391250121366838
1 Before Election,1_before_election,394,সে দিবে দেশের নিরাপত্তা!,সে দিবে দেশের নিরাপত্তা,4,0.838484894909913
1 Before Election,1_before_election,395,দাঁড়িপাল্ল,দাঁড়িপাল্ল,4,0.599944547909676
1 Before Election,1_before_election,396,এই হলো বুদ্ধির দৌড়। আদমজী হতে পাশ করা কাউকে আড়াই হাজার টাকা সহযোগিতায় কি হবে ? আর সবার জন্যই এই সুবিধা উন্মুক্ত কি ফেয়ার ?,এই হলো বুদ্ধির দৌড় আদমজী হতে পাশ করা কাউকে আড়াই হাজার টাকা সহযোগিতায় কি হবে আর সবার জন্যই এই সুবিধা উন্মুক্ত কি ফেয়ার,2,0.8992122001859546
1 Before Election,1_before_election,397,ন্যায় ইনসাফের প্রতীক দাঁড়ি পাল্লা মার্কা,ন্যায় ইনসাফের প্রতীক দাঁড়ি পাল্লা মার্কা,4,0.8664792859469598
1 Before Election,1_before_election,398,পরিবর্তীত রাজনীতি,পরিবর্তীত রাজনীতি,1,0.5991336258607075
1 Before Election,1_before_election,399,জামাত হাদিয়া দল,জামাত হাদিয়া দল,0,0.7293247958124311
1 Before Election,1_before_election,400,জামাত একটা মুনাফিকের দল।,জামাত একটা মুনাফিকের দল,0,0.7293247958124311
1 Before Election,1_before_election,401,দাঁড়ী পাল্লা,দাঁড়ী পাল্লা,4,0.5999876134623356
1 Before Election,1_before_election,402,জিয়া দেখেছি ঠকি নাই,জিয়া দেখেছি ঠকি নাই,0,0.5496116014677722
1 Before Election,1_before_election,403,বক্তব্য তো ভালই হচ্ছিল হঠাৎ ধর্ম হতে দেশ রক্ষা করার কথা বলে তো আকাম করলেন।,বক্তব্য তো ভালই হচ্ছিল হঠাৎ ধর্ম হতে দেশ রক্ষা করার কথা বলে তো আকাম করলেন,2,0.9258883543768152
1 Before Election,1_before_election,404,তারেক রহমান জিন্দাবাদ,তারেক রহমান জিন্দাবাদ,4,0.7995249870648095
1 Before Election,1_before_election,405,"করবো কাজ, গড়বো দেশ",করবো কাজ গড়বো দেশ,4,0.8396463900636886
1 Before Election,1_before_election,406,আজকের ফ্রি অফার!!,আজকের ফ্রি অফার,3,0.5999624491168268
1 Before Election,1_before_election,407,ধানের শীষের বিজয় হবেই,ধানের শীষের বিজয় হবেই,4,0.6403032993675255
1 Before Election,1_before_election,408,"আল্লাহ ছাড় দেয়, কিন্তু ছেড়ে দেয় না",আল্লাহ ছাড় দেয় কিন্তু ছেড়ে দেয় না,3,0.8392694045185876
1 Before Election,1_before_election,409,বাটপার,বাটপার,1,0.5979733340758725
1 Before Election,1_before_election,410,"খেলা যে চলছে কোন লেভেলে,,,",খেলা যে চলছে কোন লেভেলে,1,0.7953559163963514
1 Before Election,1_before_election,411,বট বাহিনী আর জান্নাতের টিকেট এর কারনেই জামাত হারবে।,বট বাহিনী আর জান্নাতের টিকেট এর কারনেই জামাত হারবে,0,0.8661826290718622
1 Before Election,1_before_election,412,দাঁড়িপাল্লা,দাঁড়িপাল্লা,3,0.5953053877970604
1 Before Election,1_before_election,413,Ledar,ledar,0,0.2
1 Before Election,1_before_election,414,শরিয়া আইন মানে না অমুসলিম রা,শরিয়া আইন মানে না অমুসলিম রা,3,0.5982491265459235
1 Before Election,1_before_election,415,Leader ....,leader,0,0.2
1 Before Election,1_before_election,416,Comment,comment,0,0.2
1 Before Election,1_before_election,417,"জাগবে এবার চাষাভুষা, জাগবে মাঝিমাল্লা,",জাগবে এবার চাষাভুষা জাগবে মাঝিমাল্লা,4,0.5979434941025104
1 Before Election,1_before_election,418,"সৎ লোকের শাসন হবে, জিতবে দাঁড়িপাল্লা।",সৎ লোকের শাসন হবে জিতবে দাঁড়িপাল্লা,0,0.8641891171431912
1 Before Election,1_before_election,419,জনাব তারেক রহমান আপনাকে অনেক অনেক ধন্যবাদ আপনার মুখ থেকে জাতি শুনতে চাইছিল হা পক্ষে ভোট চাওয়াটা আপনি বলে দিয়েছেন আপনাকে অনেক অনেক ধন্যবাদ এগিয়ে যান আপনাকে আল্লাহ মঙ্গল করুক,জনাব তারেক রহমান আপনাকে অনেক অনেক ধন্যবাদ আপনার মুখ থেকে জাতি শুনতে চাইছিল হা পক্ষে ভোট চাওয়াটা আপনি বলে দিয়েছেন আপনাকে অনেক অনেক ধন্যবাদ এগিয়ে যান আপনাকে আল্লাহ মঙ্গল করুক,3,0.6349595488757307
1 Before Election,1_before_election,420,"৪৭% মানুষ চায় এদেশের প্রধানমন্ত্রী হবেন জনাব তারেক রহমান, আর ২২ শতাংশ মানুষ চায় এ দেশের প্রধানমন্ত্রী হবেন ড. শফিকুর রহমান। সর্বশেষ এগিয়ে বিএনপি",মানুষ চায় এদেশের প্রধানমন্ত্রী হবেন জনাব তারেক রহমান আর শতাংশ মানুষ চায় এ দেশের প্রধানমন্ত্রী হবেন ড শফিকুর রহমান সর্বশেষ এগিয়ে বিএনপি,4,0.9525440365066418
1 Before Election,1_before_election,421,কার্ড দেওয়ার আগে ব্যাগ দেওয়ার ব্যবস্থা করেন।এতো কার্ড পকেটে রাখলে হারাইয়া ফেলবো।,কার্ড দেওয়ার আগে ব্যাগ দেওয়ার ব্যবস্থা করেন এতো কার্ড পকেটে রাখলে হারাইয়া ফেলবো,3,0.9098341801190182
1 Before Election,1_before_election,422,Card Party,card party,0,0.7311774592215362
1 Before Election,1_before_election,423,একশেন টু একশেন চাদা বাজের বুরুদ্ধে ডাইরেক্ট একশেন,একশেন টু একশেন চাদা বাজের বুরুদ্ধে ডাইরেক্ট একশেন,2,0.5514926321860573
1 Before Election,1_before_election,424,ইলেকট্রনিক গাছ,ইলেকট্রনিক গাছ,1,0.5999769890841711
1 Before Election,1_before_election,425,ইনশাআল্লাহ দাঁড়ি পাল্লা,ইনশাআল্লাহ দাঁড়ি পাল্লা,4,0.7990928621991064
1 Before Election,1_before_election,426,খাম্বার ইতিহাস মনে পড়ে,খাম্বার ইতিহাস মনে পড়ে,2,0.8375363530243796
1 Before Election,1_before_election,427,বিএনপি'র পক্ষে সম্ভব চাঁদাবাজি করা অন্য কারো পক্ষে না,বিএনপি র পক্ষে সম্ভব চাঁদাবাজি করা অন্য কারো পক্ষে না,3,0.47909709962769914
1 Before Election,1_before_election,428,সবাইকে আলাদিনের একটা করে চেরাগ দিয়ে দিন।,সবাইকে আলাদিনের একটা করে চেরাগ দিয়ে দিন,0,0.2
1 Before Election,1_before_election,429,‘আমার একটা হাঁসও যেনো কোনো শিয়ালের বাচ্চা চুরি না করতে পারে।রুমিন ফারহানা,আমার একটা হাঁসও যেনো কোনো শিয়ালের বাচ্চা চুরি না করতে পারে রুমিন ফারহানা,3,0.8987998580051623
1 Before Election,1_before_election,431,10 হাজার টাকা কি কেউ ঋণ নেয়????,হাজার টাকা কি কেউ ঋণ নেয়,1,0.8383419224704707
1 Before Election,1_before_election,432,গুপ্ত বাহিনী এখন শুনলি,গুপ্ত বাহিনী এখন শুনলি,0,0.7333178688234777
1 Before Election,1_before_election,433,ভারত নিয়ে কি কথা বলতে লজ্জা লাগে,ভারত নিয়ে কি কথা বলতে লজ্জা লাগে,2,0.8643777340804241
1 Before Election,1_before_election,434,হা হা ভুয়া,হা হা ভুয়া,0,0.798375944103636
1 Before Election,1_before_election,435,Bangladesh Donald trump,bangladesh donald trump,2,0.5999616933328036
1 Before Election,1_before_election,436,ইনশাআল্লাহ,ইনশাআল্লাহ,1,0.5970559561885165
1 Before Election,1_before_election,437,মজার মজা,মজার মজা,2,0.5999616936117504
1 Before Election,1_before_election,438,অনেক সুন্দর বক্তব্য,অনেক সুন্দর বক্তব্য,0,0.7323489770342713
1 Before Election,1_before_election,439,মাশাআল্লাহ,মাশাআল্লাহ,1,0.5999654429034296
1 Before Election,1_before_election,440,Shandabaj,shandabaj,0,0.2
1 Before Election,1_before_election,441,চান্দা card,চান্দা card,2,0.7321938814588418
1 Before Election,1_before_election,442,ধানের শী,ধানের শী,4,0.5999988431025752
1 Before Election,1_before_election,443,লিডার,লিডার,3,0.5987600629649847
1 Before Election,1_before_election,444,নায়ক,নায়ক,2,0.5982427622119284
1 Before Election,1_before_election,445,সবার আগে বাংলাদেশ তারপরে কি ইন্ডিয়া নাকি লন্ডন?,সবার আগে বাংলাদেশ তারপরে কি ইন্ডিয়া নাকি লন্ডন,3,0.8648400123894888
1 Before Election,1_before_election,446,আমি বি এন পি ভালো বাসি,আমি বি এন পি ভালো বাসি,0,0.8396855372430622
1 Before Election,1_before_election,447,সরাসরি মাঠে দেখতেছি,সরাসরি মাঠে দেখতেছি,2,0.7330234477111174
1 Before Election,1_before_election,448,ইনশাআল্লাহ দাড়িপাল্লা,ইনশাআল্লাহ দাড়িপাল্লা,1,0.7300170976408863
1 Before Election,1_before_election,449,বক্তব্য শুনে জামাতের জ্বলে,বক্তব্য শুনে জামাতের জ্বলে,2,0.7976311459988099
1 Before Election,1_before_election,450,চাপে পড়ে বলেন,চাপে পড়ে বলেন,0,0.39900163067960676
1 Before Election,1_before_election,451,কিশোরগঞ্জ ৪ আসন থেকে দেখছি,কিশোরগঞ্জ আসন থেকে দেখছি,4,0.7304863440842974
1 Before Election,1_before_election,452,ইনশাআল্লাহ এবার জিতবে দাঁড়িপাল্ল,ইনশাআল্লাহ এবার জিতবে দাঁড়িপাল্ল,4,0.839213937429245
1 Before Election,1_before_election,453,তারেক ভাই আগামীর প্রধানমন্ত্রী,তারেক ভাই আগামীর প্রধানমন্ত্রী,4,0.4667536578765066
1 Before Election,1_before_election,454,ধানের শীষ,ধানের শীষ,4,0.7333323372724806
1 Before Election,1_before_election,455,"এটাকে তো আমার কোনভাবে রাজনৈতিক বক্তব্য বলে মনে হচ্ছে না যেন কোনো হকার রাস্তার মোড়ে দাঁড়িয়ে সস্তায় কোন কিছু বিক্রি করছেন এমন বলে মনে হচ্ছে ওই যে আসে না শুক্রবারে হাটে বাজারে ঠিক তেমন দেখাচ্ছে ,",এটাকে তো আমার কোনভাবে রাজনৈতিক বক্তব্য বলে মনে হচ্ছে না যেন কোনো হকার রাস্তার মোড়ে দাঁড়িয়ে সস্তায় কোন কিছু বিক্রি করছেন এমন বলে মনে হচ্ছে ওই যে আসে না শুক্রবারে হাটে বাজারে ঠিক তেমন দেখাচ্ছে,2,0.9520554872047385
1 Before Election,1_before_election,456,এখানে বট বাহিনী এসেছে কেনো,এখানে বট বাহিনী এসেছে কেনো,0,0.8660756458182789
1 Before Election,1_before_election,457,বট ২০ টাকা প্লেট,বট টাকা প্লেট,2,0.7269147125324202
1 Before Election,1_before_election,458,ভোরবেলা গিয়ে দাঁড়িপাল্লায় ভোট দিবেন,ভোরবেলা গিয়ে দাঁড়িপাল্লায় ভোট দিবেন,4,0.8396854390516238
1 Before Election,1_before_election,459,যে কার্ডের মধ্যে খাম্বা থাকবে,যে কার্ডের মধ্যে খাম্বা থাকবে,1,0.7989671277728052
1 Before Election,1_before_election,460,ধানের শীষের বিকল্প নাই,ধানের শীষের বিকল্প নাই,4,0.6137286626625461
1 Before Election,1_before_election,461,বরগুনা জেলা থেকে বলছি,বরগুনা জেলা থেকে বলছি,3,0.7331226129709238
1 Before Election,1_before_election,462,মানুষ নাই,মানুষ নাই,4,0.7274606589188943
1 Before Election,1_before_election,463,পিনাক ভাই ছালাম নিন,পিনাক ভাই ছালাম নিন,3,0.40094943478728734
1 Before Election,1_before_election,464,তারেক জিয়ার অনেক গুণ,তারেক জিয়ার অনেক গুণ,4,0.7995860039354866
1 Before Election,1_before_election,465,ইলেকশনে মানুষ খুন!,ইলেকশনে মানুষ খুন,4,0.7993878799334247
1 Before Election,1_before_election,466,তারেক রহমান এই ছিল আপনার প্লান??,তারেক রহমান এই ছিল আপনার প্লান,4,0.7328876033564408
1 Before Election,1_before_election,467,নেতা এখন ট্রাম্প এর ভূমিকা,নেতা এখন ট্রাম্প এর ভূমিকা,1,0.7324619592224573
1 Before Election,1_before_election,468,Kun jaigai aita?,kun jaigai aita,3,0.5999624444251013
1 Before Election,1_before_election,469,দুর্নীতির বরপুএ তারেক রহমান,দুর্নীতির বরপুএ তারেক রহমান,4,0.5510477709373366
1 Before Election,1_before_election,470,জামায়াতের খপ্পরে পড়ে সর্বস্ব হারিয়ে যাওয়ার পথে এনসিপির নেতা,জামায়াতের খপ্পরে পড়ে সর্বস্ব হারিয়ে যাওয়ার পথে এনসিপির নেতা,1,0.866380570637008
1 Before Election,1_before_election,471,নারীদের গায়ে হাত দেন আবার লম্বা লম্বা কথা,নারীদের গায়ে হাত দেন আবার লম্বা লম্বা কথা,1,0.8990353576549229
1 Before Election,1_before_election,472,খালি আর কার্ড এক বয়ান,খালি আর কার্ড এক বয়ান,1,0.5990803017462276
1 Before Election,1_before_election,473,"খাম্বা চুরির পর, নতুন চুরির আইডিয়া",খাম্বা চুরির পর নতুন চুরির আইডিয়া,0,0.7979786019201094
1 Before Election,1_before_election,474,আওয়ামী লীগ ঘরে ঘরে মোবাইল ফোন দিয়েছে আর বিম্পি ক্ষমতা না গিয়ে ফ্যামেলির কার্ড বাহ বাহ বাহ বাহ বাহ,আওয়ামী লীগ ঘরে ঘরে মোবাইল ফোন দিয়েছে আর বিম্পি ক্ষমতা না গিয়ে ফ্যামেলির কার্ড বাহ বাহ বাহ বাহ বাহ,3,0.8008398729716532
1 Before Election,1_before_election,475,তারেক রহমানের হাতেই নিরাপদ আমার প্রিয় বাংলাদেশ,তারেক রহমানের হাতেই নিরাপদ আমার প্রিয় বাংলাদেশ,4,0.8663212153187125
1 Before Election,1_before_election,476,ইনকিলাব জিন্দাবাদ জামাতি ইসলাম জিন্দাবাদ দাঁড়িপাল্লার বিজয় নিশ্চিত,ইনকিলাব জিন্দাবাদ জামাতি ইসলাম জিন্দাবাদ দাঁড়িপাল্লার বিজয় নিশ্চিত,0,0.9101435574118398
1 Before Election,1_before_election,477,"বেসরকারি পরামর্শক প্রতিষ্ঠানটির ‘পিপলস ইলেকশন পালস সার্ভে (পেপস)’তে দেখা যাচ্ছে, বিএনপির সমর্থন বৃদ্ধির পাশাপাশি এখন ৪৭ শতাংশের বেশি মানুষ দলটির চেয়ারম্যান তারেক রহমানের প্রধানমন্ত্রী হওয়ার সম্ভাবনা দেখছেন।",বেসরকারি পরামর্শক প্রতিষ্ঠানটির পিপলস ইলেকশন পালস সার্ভে পেপস তে দেখা যাচ্ছে বিএনপির সমর্থন বৃদ্ধির পাশাপাশি এখন শতাংশের বেশি মানুষ দলটির চেয়ারম্যান তারেক রহমানের প্রধানমন্ত্রী হওয়ার সম্ভাবনা দেখছেন,3,0.5583953923750407
1 Before Election,1_before_election,478,#TariqueRahman #bnpleader #bangladeshelection,tariquerahman bnpleader bangladeshelection,0,0.2
1 Before Election,1_before_election,479,Ins Allah Daripalla,ins allah daripalla,0,0.5999866586565334
1 Before Election,1_before_election,480,হ্যাঁ মানে পাকিস্তান!,হ্যাঁ মানে পাকিস্তান,2,0.7971630500467641
1 Before Election,1_before_election,481,Kausar Hossain ki re vau desh neta ote gese hamaghorek dawat des ni eta kono kam!!!,kausar hossain ki re vau desh neta ote gese hamaghorek dawat des ni eta kono kam,2,0.799497196602429
1 Before Election,1_before_election,482,Md Samiul Ahmed Sohan ki kos!?,md samiul ahmed sohan ki kos,2,0.7330284093556556
1 Before Election,1_before_election,483,কৃষককে সার চাওয়ার জন্য গুলি করে আপনারাই মেরেছিলেন,কৃষককে সার চাওয়ার জন্য গুলি করে আপনারাই মেরেছিলেন,4,0.7282243820816571
1 Before Election,1_before_election,484,"চাঁন্দাবাজকে না বলুন,",চাঁন্দাবাজকে না বলুন,2,0.5999822141662291
1 Before Election,1_before_election,485,পাটক্ষেতী জনতা চায় না । চোর পীর হবে পাটক্ষেতী মানুষ হবে না । আন্ধা ই রবে,পাটক্ষেতী জনতা চায় না চোর পীর হবে পাটক্ষেতী মানুষ হবে না আন্ধা ই রবে,4,0.8388572209982692
1 Before Election,1_before_election,486,আলহামদুলিল্লাহ,আলহামদুলিল্লাহ,4,0.5999852177101858
1 Before Election,1_before_election,487,আজ পর্যন্ত জামাত শিবির এরকম একটা বক্তব্য দিতে পারেনি শুধু আছে মানুষের বিরুদ্ধে গীবত করা,আজ পর্যন্ত জামাত শিবির এরকম একটা বক্তব্য দিতে পারেনি শুধু আছে মানুষের বিরুদ্ধে গীবত করা,0,0.9188647485323291
1 Before Election,1_before_election,488,হ্যামিলিউনের বাঁশিওয়ালার নেতৃত্ব দেশে সুনামি চলছে।,হ্যামিলিউনের বাঁশিওয়ালার নেতৃত্ব দেশে সুনামি চলছে,0,0.46536509869375825
1 Before Election,1_before_election,489,"""স্বপ্ন আছে হাজারটা, মার্কা মোদের একটা",স্বপ্ন আছে হাজারটা মার্কা মোদের একটা,3,0.797308599017217
1 Before Election,1_before_election,490,বিএনপি মানেই বাংলাদেশ মানুষ বুঝতে বাকি নেই,বিএনপি মানেই বাংলাদেশ মানুষ বুঝতে বাকি নেই,4,0.6276270172721278
1 Before Election,1_before_election,491,পাগলগলচা,পাগলগলচা,0,0.2
1 Before Election,1_before_election,492,চাপা বাস,চাপা বাস,1,0.5999654582443847
1 Before Election,1_before_election,493,কাম্মা চোরের ঘরের কাম চুর,কাম্মা চোরের ঘরের কাম চুর,3,0.7270843098122858
1 Before Election,1_before_election,494,"প্ল্যান, প্ল্যান, কোন প্ল্যান?",প্ল্যান প্ল্যান কোন প্ল্যান,3,0.8397117923342913
1 Before Election,1_before_election,495,ধরনের শীষে ভোট দিন সবার আগে বাংলাদেশ,ধরনের শীষে ভোট দিন সবার আগে বাংলাদেশ,4,0.8391154324794454
1 Before Election,1_before_election,496,মির্জা আব্বাসের লোক যেসব জায়গায় চাদাবাজি করে:-,মির্জা আব্বাসের লোক যেসব জায়গায় চাদাবাজি করে,2,0.5338801805026896
1 Before Election,1_before_election,497,তারেক রহমান মানেই বাংলাদেশ,তারেক রহমান মানেই বাংলাদেশ,4,0.6296563400496898
1 Before Election,1_before_election,498,আন্ডার মেট্রিক।,আন্ডার মেট্রিক,3,0.7316631376178657
1 Before Election,1_before_election,499,খাম্বা ধরিয়ে দিবে,খাম্বা ধরিয়ে দিবে,1,0.730208948731153
1 Before Election,1_before_election,500,লন্ডন থেকে আসতে যত দেরি হয়েছে আবার লন্ডনে পালাতে এত সময় লাগবে না,লন্ডন থেকে আসতে যত দেরি হয়েছে আবার লন্ডনে পালাতে এত সময় লাগবে না,1,0.9188909769414315
1 Before Election,1_before_election,501,ধানের শীষ ইনশাআল্লাহ,ধানের শীষ ইনশাআল্লাহ,4,0.7990973691546982
1 Before Election,1_before_election,502,মুলা দরিয়ে দিবে,মুলা দরিয়ে দিবে,1,0.5953234224887831
1 Before Election,1_before_election,503,"বিএনপি চাঁদাবাজ, খাম্বা তারেক ধোঁকাবাজ। জামায়াত ইসলাম জিন্দাবাদ, পাকিস্তান জিন্দাবাদ।",বিএনপি চাঁদাবাজ খাম্বা তারেক ধোঁকাবাজ জামায়াত ইসলাম জিন্দাবাদ পাকিস্তান জিন্দাবাদ,0,0.7813497779555236
1 Before Election,1_before_election,504,Dekha jabe,dekha jabe,0,0.2
1 Before Election,1_before_election,505,আর কত বোকা বানাইবেন মানুষকে,আর কত বোকা বানাইবেন মানুষকে,0,0.7971105686008899
1 Before Election,1_before_election,506,দাঁড়িপাল্লা,দাঁড়িপাল্লা,3,0.5953053877970604
1 Before Election,1_before_election,507,আমি সাতক্ষীরা জেলা কালীগঞ্জ থেকে দেখছি বি এপি সাপোর্ট করি,আমি সাতক্ষীরা জেলা কালীগঞ্জ থেকে দেখছি বি এপি সাপোর্ট করি,4,0.5941371859061887
1 Before Election,1_before_election,508,তারেক রহমান জিন্দাবাদ,তারেক রহমান জিন্দাবাদ,4,0.7995249870648095
1 Before Election,1_before_election,509,ফি আমানিল্লাহ্,ফি আমানিল্লাহ্,3,0.73331150897938
1 Before Election,1_before_election,510,আল্লাহ সুস্থ রাখুন আমিন,আল্লাহ সুস্থ রাখুন আমিন,3,0.7986788424368388
1 Before Election,1_before_election,511,সবার আগে বাংলাদেশ,সবার আগে বাংলাদেশ,4,0.5984001368738155
1 Before Election,1_before_election,512,বসন্ত কাল চলছে বি এন পির,বসন্ত কাল চলছে বি এন পির,0,0.8399382520219244
1 Before Election,1_before_election,513,অন্য দলের সমালোচনা করতে করতে উনি রংপুরে কি উন্নয়ন করবেন সেটা বলতে ভুলে গেছেন। শুভ কামনা রইলো,অন্য দলের সমালোচনা করতে করতে উনি রংপুরে কি উন্নয়ন করবেন সেটা বলতে ভুলে গেছেন শুভ কামনা রইলো,3,0.9270572419840561
1 Before Election,1_before_election,514,ইনশাল্লাহ আমরা আছি তোমার সাথে ভয় নাই রাজপথ ছাড়ি নাই ধানের শেষের পক্ষে থাকবো ইনশাল্লাহ,ইনশাল্লাহ আমরা আছি তোমার সাথে ভয় নাই রাজপথ ছাড়ি নাই ধানের শেষের পক্ষে থাকবো ইনশাল্লাহ,4,0.926798880788559
1 Before Election,1_before_election,515,"ভাবছিলাম নেতা লন্ডন থেকে অনেক কিছু শিক্ষা আইছে কিন্তু ঘটনা দেখি উল্টা ,,",ভাবছিলাম নেতা লন্ডন থেকে অনেক কিছু শিক্ষা আইছে কিন্তু ঘটনা দেখি উল্টা,4,0.8828976489342345
1 Before Election,1_before_election,516,চাঁদাবাজ,চাঁদাবাজ,2,0.5996302087266175
1 Before Election,1_before_election,517,আওয়ামী দুঃশাসন আর দুর্নীতির দোসররা এখন একজোট। সাধারণ মানুষের অধিকার হরণকারী আর দেশের সম্পদ লুটকারীদের আসল চেহারা চিনে রাখুন।,আওয়ামী দুঃশাসন আর দুর্নীতির দোসররা এখন একজোট সাধারণ মানুষের অধিকার হরণকারী আর দেশের সম্পদ লুটকারীদের আসল চেহারা চিনে রাখুন,0,0.9261085388099535
1 Before Election,1_before_election,518,চুম্মা শফিক কে চুম্মার লাইসেন্স দেওয়া হোক,চুম্মা শফিক কে চুম্মার লাইসেন্স দেওয়া হোক,1,0.8377329833058934
1 Before Election,1_before_election,519,১২ তারিখ সারাদিন দাঁড়িপাল্লায় ভোট দিন,তারিখ সারাদিন দাঁড়িপাল্লায় ভোট দিন,4,0.8399306320360818
1 Before Election,1_before_election,520,পরিবর্তন চাই চাঁদাবাজ পরিবর্তন হোক সন্ত্রাসী বিএনপি পরিবর্তন হও,পরিবর্তন চাই চাঁদাবাজ পরিবর্তন হোক সন্ত্রাসী বিএনপি পরিবর্তন হও,2,0.5753990474025029
1 Before Election,1_before_election,521,এ দেখি খাম্বা চোরা তারেক,এ দেখি খাম্বা চোরা তারেক,0,0.8389698001279395
1 Before Election,1_before_election,522,ইনশাআল্লাহ আপনার মনের আশা পূর্ণ হবে ধানের শীষ নিশ্চয়ই জয় হবে,ইনশাআল্লাহ আপনার মনের আশা পূর্ণ হবে ধানের শীষ নিশ্চয়ই জয় হবে,4,0.8852190327246878
1 Before Election,1_before_election,523,তারেক রহমান ইনশাআল্লাহ আগামী প্রধানমন্ত্রী,তারেক রহমান ইনশাআল্লাহ আগামী প্রধানমন্ত্রী,4,0.6462886940489401
1 Before Election,1_before_election,524,আমরা সবাই মিলে মিসে ভোট দিবো ধানের শীষে,আমরা সবাই মিলে মিসে ভোট দিবো ধানের শীষে,4,0.8849652852667004
1 Before Election,1_before_election,525,বাংলাদেশ জিন্দাবাদ তারেক রহমান জিন্দাবাদ,বাংলাদেশ জিন্দাবাদ তারেক রহমান জিন্দাবাদ,4,0.8662994914486017
1 Before Election,1_before_election,526,১২ তারিখ সারাদিন ধানের শীষ মার্কায় ভোট দিন,তারিখ সারাদিন ধানের শীষ মার্কায় ভোট দিন,4,0.866621782178218
1 Before Election,1_before_election,527,ইনশাআল্লাহ ধানের শীষে ভোট দিব,ইনশাআল্লাহ ধানের শীষে ভোট দিব,4,0.8663284975072802
1 Before Election,1_before_election,528,ভোট দিব কিসে ধানের শীষে,ভোট দিব কিসে ধানের শীষে,4,0.8666634768362493
1 Before Election,1_before_election,529,দুর্নীতিমুক্ত অপরাধ মুক্ত সোনার বাংলা গড়তে আসুন সবাই মিলে ধানের শীষ এ ভোট দিয়ে জয়যুক্ত করি,দুর্নীতিমুক্ত অপরাধ মুক্ত সোনার বাংলা গড়তে আসুন সবাই মিলে ধানের শীষ এ ভোট দিয়ে জয়যুক্ত করি,4,0.946432057569185
1 Before Election,1_before_election,530,ইনশাআল্লাহ ধানের শীষ,ইনশাআল্লাহ ধানের শীষ,4,0.7990973691546982
1 Before Election,1_before_election,531,ধানের শীষ জিতলে এগিয়ে যাবে বাংলাদেশ,ধানের শীষ জিতলে এগিয়ে যাবে বাংলাদেশ,4,0.8851169843880248
1 Before Election,1_before_election,532,স্যালুট তারেক রহমান কে,স্যালুট তারেক রহমান কে,4,0.7328876033564408
1 Before Election,1_before_election,533,ফ্যামিলি কার্ডে কি টাকা থাকবে না খাম্বা থাকবে জানালে খুশি হতাম,ফ্যামিলি কার্ডে কি টাকা থাকবে না খাম্বা থাকবে জানালে খুশি হতাম,1,0.8851136075632362
1 Before Election,1_before_election,534,তারেক রহমান ইনশাআল্লাহ,তারেক রহমান ইনশাআল্লাহ,4,0.7988896328807563
1 Before Election,1_before_election,535,ধানের শীষ ছাড়া কোন গান নাই,ধানের শীষ ছাড়া কোন গান নাই,4,0.6447439658461467
1 Before Election,1_before_election,536,বিএনপি বেইমান,বিএনপি বেইমান,0,0.5921331994235268
1 Before Election,1_before_election,537,তারেক রহমান ভারতীয় রাজাকার,তারেক রহমান ভারতীয় রাজাকার,4,0.44007237737702876
1 Before Election,1_before_election,538,হত্যা করে ক্ষমতায় যাওয়ার সপ্ন নিপাত যাক,হত্যা করে ক্ষমতায় যাওয়ার সপ্ন নিপাত যাক,1,0.884983260520581
1 Before Election,1_before_election,539,তোমাদের খাম্বা চুরি করার অভিকতা বেশি,তোমাদের খাম্বা চুরি করার অভিকতা বেশি,0,0.8641114523798314
1 Before Election,1_before_election,540,ভূতের মুখে রাম রাম,ভূতের মুখে রাম রাম,3,0.8394877528027181
1 Before Election,1_before_election,541,তারেক জিয়ার দুর্নীতিবাজ,তারেক জিয়ার দুর্নীতিবাজ,0,0.49347782749741054
1 Before Election,1_before_election,542,দুর্নীতিবাজ তারে,দুর্নীতিবাজ তারে,0,0.7330266696843015
1 Before Election,1_before_election,543,মিস্টার টেন পার্সেন্ট তারেক রহমান,মিস্টার টেন পার্সেন্ট তারেক রহমান,4,0.499051784624369
1 Before Election,1_before_election,544,তোমার মেয়েকে সবাই ১২ তারিখে করবে,তোমার মেয়েকে সবাই তারিখে করবে,0,0.5990562280947132
1 Before Election,1_before_election,545,খাম্বা থাকবে না,খাম্বা থাকবে না,1,0.7310807170909944
1 Before Election,1_before_election,546,খাম্বা তারেক,খাম্বা তারেক,0,0.7297382420217297
1 Before Election,1_before_election,547,ইনশাআল্লাহ জিতবে দাঁড়ি পাল্লা,ইনশাআল্লাহ জিতবে দাঁড়ি পাল্লা,4,0.8393819581643247
1 Before Election,1_before_election,548,চান্দাবাজ বয়কট,চান্দাবাজ বয়কট,1,0.732815266826175
1 Before Election,1_before_election,549,খাম্বা,খাম্বা,0,0.5976176933683962
1 Before Election,1_before_election,550,দুর্নীতির চ্যাম্পিয়ন বিএনপি চাঁদাবাজের শীর্ষ বিএনপি,দুর্নীতির চ্যাম্পিয়ন বিএনপি চাঁদাবাজের শীর্ষ বিএনপি,3,0.5031432478774807
1 Before Election,1_before_election,551,ইনশাআল্লাহ জিতবে এবার দাঁড়ি পাল্লা,ইনশাআল্লাহ জিতবে এবার দাঁড়ি পাল্লা,4,0.8661674890127419
1 Before Election,1_before_election,552,আচ্ছা স্যার! সবার আগে বাংলাদেশ তারপরে কি ইন্ডিয়া নাকি লন্ডন?,আচ্ছা স্যার সবার আগে বাংলাদেশ তারপরে কি ইন্ডিয়া নাকি লন্ডন,3,0.8988798863923407
1 Before Election,1_before_election,553,আমি জামাত থেকে বিএনপিতে যোগ দিলাম,আমি জামাত থেকে বিএনপিতে যোগ দিলাম,0,0.7998466544898574
1 Before Election,1_before_election,554,মুফতি তারেক চোর,মুফতি তারেক চোর,4,0.7987883674041582
1 Before Election,1_before_election,555,তাহলে নারীদেরকে আপনারা মারলেন কেন এই চাঁদাবাজি বিএনপি,তাহলে নারীদেরকে আপনারা মারলেন কেন এই চাঁদাবাজি বিএনপি,0,0.8356345886558506
1 Before Election,1_before_election,556,রাজাকারদের এই জায়গায় কাজ কি,রাজাকারদের এই জায়গায় কাজ কি,1,0.3998021236941908
1 Before Election,1_before_election,557,চাঁদা বাজ,চাঁদা বাজ,2,0.7331010905996719
1 Before Election,1_before_election,558,ও রে বাটপার,ও রে বাটপার,1,0.5979733340758725
1 Before Election,1_before_election,559,চাঁদাবাজ বইকট,চাঁদাবাজ বইকট,2,0.5996302087266175
1 Before Election,1_before_election,560,জামাত ইসলাম নামে ভন্ড মুনাফেকের দল,জামাত ইসলাম নামে ভন্ড মুনাফেকের দল,0,0.48588373456649664
1 Before Election,1_before_election,561,বয়কট বিএনপি,বয়কট বিএনপি,1,0.7288847914726702
1 Before Election,1_before_election,562,বিএনপি শয়তান,বিএনপি শয়তান,2,0.7268399049382447
1 Before Election,1_before_election,563,আপনারা ক্ষমতায় গেলে এক বছরের ভিতরে দেশ দেউলিয়া হয়ে যাবে খাম্বা ছিল কারেন্ট ছিল না কাট থাকবে টাকা থাকবে না,আপনারা ক্ষমতায় গেলে এক বছরের ভিতরে দেশ দেউলিয়া হয়ে যাবে খাম্বা ছিল কারেন্ট ছিল না কাট থাকবে টাকা থাকবে না,1,0.9420167407701596
1 Before Election,1_before_election,564,চুম্মা শফিক ভয় নাই।ধানের শীষ ছাড়ি নাই,চুম্মা শফিক ভয় নাই ধানের শীষ ছাড়ি নাই,4,0.9102422998805506
1 Before Election,1_before_election,565,তোরে লন্ডনে পাঠাও,তোরে লন্ডনে পাঠাও,1,0.7325936361471402
1 Before Election,1_before_election,566,কমেন্ট কিছু বট বাহিনীর খানকির পোলার পাকিস্তানের রাজাকার বিচ দেখা যাচ্ছে,কমেন্ট কিছু বট বাহিনীর খানকির পোলার পাকিস্তানের রাজাকার বিচ দেখা যাচ্ছে,2,0.9104489609205269
1 Before Election,1_before_election,567,চাঁদাবাজ তারেক রহমান,চাঁদাবাজ তারেক রহমান,4,0.6320257760266281
1 Before Election,1_before_election,568,বিএনপি চাঁদাবাজ,বিএনপি চাঁদাবাজ,2,0.7268766960675221
1 Before Election,1_before_election,569,খাম্বা ছিল কারেন্ট ছিল না এখন কাট থাকবে টাকা থাকবে না,খাম্বা ছিল কারেন্ট ছিল না এখন কাট থাকবে টাকা থাকবে না,1,0.8851711736383374
1 Before Election,1_before_election,570,কমেন্টে কিছু জারক আছে এই পাকিস্তানি ব্রিজ দেরকে একটু জবাব দেন সবাই,কমেন্টে কিছু জারক আছে এই পাকিস্তানি ব্রিজ দেরকে একটু জবাব দেন সবাই,0,0.8657975750473568
1 Before Election,1_before_election,571,শালা বট বাহিনীর খানকির পোলার,শালা বট বাহিনীর খানকির পোলার,0,0.8658866324748351
1 Before Election,1_before_election,572,চাঁদাবাজ বয়ক,চাঁদাবাজ বয়ক,2,0.5996302087266175
1 Before Election,1_before_election,573,প্রত্যেকটা পরিবারের গুদমারানি দিব আমরা,প্রত্যেকটা পরিবারের গুদমারানি দিব আমরা,4,0.5999832723296717
1 Before Election,1_before_election,574,পাচদা বাঁশ দিয়ে দিব,পাচদা বাঁশ দিয়ে দিব,4,0.5999832723296717
1 Before Election,1_before_election,575,নারীদের তো এখনই মাইর শুরু করে দিছো মি.খাম্বা,নারীদের তো এখনই মাইর শুরু করে দিছো মি খাম্বা,1,0.8660944183742509
1 Before Election,1_before_election,576,খাম্বা চুর,খাম্বা চুর,0,0.7324224331737506
1 Before Election,1_before_election,577,হা ভুয়া খাম্বা,হা ভুয়া খাম্বা,0,0.7982069551815852
1 Before Election,1_before_election,578,ভুয়া ভুয়া,ভুয়া ভুয়া,1,0.7323812402428745
1 Before Election,1_before_election,579,আগে নিজের দলের ইনকিলাপি আছে তাদের ঋণ পরিশোধ কর,আগে নিজের দলের ইনকিলাপি আছে তাদের ঋণ পরিশোধ কর,3,0.602108328967616
1 Before Election,1_before_election,580,দাঁড়িপাল্লা দাড়িপাল্লা দাড়িপাল্লা দাড়িপাল্লা,দাঁড়িপাল্লা দাড়িপাল্লা দাড়িপাল্লা দাড়িপাল্লা,3,0.8391774452348811
1 Before Election,1_before_election,581,দাঁড়িপাল্লা দাড়িপাল্লা,দাঁড়িপাল্লা দাড়িপাল্লা,3,0.7315121078001555
1 Before Election,1_before_election,582,চান্দাব্বাস হাদী হত্যা ভূমিকায় অপরিসীম।,চান্দাব্বাস হাদী হত্যা ভূমিকায় অপরিসীম,1,0.7951538540680898
1 Before Election,1_before_election,583,কথাটা তো মনের নাম মুখের কথা,কথাটা তো মনের নাম মুখের কথা,1,0.8367613733229642
1 Before Election,1_before_election,584,আপনাদের রাজনীতি যদি সঠিক পথে থাকে তাহলে আপনাদের এত কথা বলার দরকার নেই জনগণ তাদের রায় দিয়ে দিবে,আপনাদের রাজনীতি যদি সঠিক পথে থাকে তাহলে আপনাদের এত কথা বলার দরকার নেই জনগণ তাদের রায় দিয়ে দিবে,1,0.9380430927140414
1 Before Election,1_before_election,585,তাহলে তো দেখি ফেসবুকে দলে দলে মানুষ আওয়ামী লীগ থেকে বিএনপিতে যোগ দিচ্ছে আপনি তখন চোখে দেখেন না আসলে সবাই মিথ্যুক,তাহলে তো দেখি ফেসবুকে দলে দলে মানুষ আওয়ামী লীগ থেকে বিএনপিতে যোগ দিচ্ছে আপনি তখন চোখে দেখেন না আসলে সবাই মিথ্যুক,0,0.7715876210910827
1 Before Election,1_before_election,586,"বিচারের দাবি নাই, তাই আপাকে দেশে না এনে দাদাদের কাছেই রাখতে চায়!! নতুন বন্দোবস্ত",বিচারের দাবি নাই তাই আপাকে দেশে না এনে দাদাদের কাছেই রাখতে চায় নতুন বন্দোবস্ত,4,0.4621761858831061
1 Before Election,1_before_election,587,"আপনারাই তো হাসিনার পক্ষে কথা বলেন,,এখন সুর বদল হইছে",আপনারাই তো হাসিনার পক্ষে কথা বলেন এখন সুর বদল হইছে,0,0.6701996281658217
1 Before Election,1_before_election,588,চান্দা জনগণ তোমারে ভোটে শিক্ষা,চান্দা জনগণ তোমারে ভোটে শিক্ষা,4,0.5091718356354844
1 Before Election,1_before_election,589,এগুলো এখন মানুষ বুঝে,এগুলো এখন মানুষ বুঝে,4,0.7976059069634159
1 Before Election,1_before_election,590,কি কয় এই পাগলায়,কি কয় এই পাগলায়,3,0.5999903300853442
1 Before Election,1_before_election,591,কিরে এত সহজে বাইরে গেল ভাষণ,কিরে এত সহজে বাইরে গেল ভাষণ,0,0.7313022283148707
1 Before Election,1_before_election,592,এ দেশে আসামি নিরাপদ,এ দেশে আসামি নিরাপদ,2,0.7309237478435608
1 Before Election,1_before_election,593,অনেক সুন্দর কথা,অনেক সুন্দর কথা,0,0.5989652897391818
1 Before Election,1_before_election,594,বিনপি তো আওমীলিগ সাথে নিতে ছে,বিনপি তো আওমীলিগ সাথে নিতে ছে,1,0.7331331718646895
1 Before Election,1_before_election,595,এটা বুঝতে অনেক দেরি হয়ে গেছে....,এটা বুঝতে অনেক দেরি হয়ে গেছে,4,0.7968666092802786
1 Before Election,1_before_election,596,চাঁন্দা আব্বাস,চাঁন্দা আব্বাস,2,0.40043659170816
1 Before Election,1_before_election,597,Toi khoni,toi khoni,0,0.2
1 Before Election,1_before_election,598,হাদি ভাইয়ের বিচার চাই ।,হাদি ভাইয়ের বিচার চাই,3,0.8395459309907488
1 Before Election,1_before_election,599,"মুরুব্বী মুরুব্বী,, সৃষ্টির ষষ্ঠা একজনই",মুরুব্বী মুরুব্বী সৃষ্টির ষষ্ঠা একজনই,2,0.5999611462980622
1 Before Election,1_before_election,600,রং লেগেছে,রং লেগেছে,2,0.7267780322398091
1 Before Election,1_before_election,601,ভালোয় লাগছে,ভালোয় লাগছে,3,0.5989284019295007
1 Before Election,1_before_election,602,Batpar,batpar,0,0.2
1 Before Election,1_before_election,603,কাকু সময় বদলাইছে ওহন পাব্লিক আগের পুরানা নষ্ট খাবার খায় না,কাকু সময় বদলাইছে ওহন পাব্লিক আগের পুরানা নষ্ট খাবার খায় না,2,0.8656300519854954
1 Before Election,1_before_election,604,বাটপার,বাটপার,1,0.5979733340758725
1 Before Election,1_before_election,605,মির্জা আব্বাস হল,মির্জা আব্বাস হল,2,0.7999942907960089
1 Before Election,1_before_election,606,বিএনপি'র মীরজাফর।,বিএনপি র মীরজাফর,0,0.5921331994235268
1 Before Election,1_before_election,607,আপনার চেহারা ছবি তো তার প্রমান জনাব।,আপনার চেহারা ছবি তো তার প্রমান জনাব,1,0.796550777735464
1 Before Election,1_before_election,608,দাদু গিরগিটির মতো রং চেঞ্জ করো না তোমাদের মুখে একটা অন্তরে আরেকটা,দাদু গিরগিটির মতো রং চেঞ্জ করো না তোমাদের মুখে একটা অন্তরে আরেকটা,0,0.9180002515981582
1 Before Election,1_before_election,609,তুমি এত ভালো মানুষ এত ভয় পাও কেন ভালো মানুষের তো ভোট আছি তাই এত ভয় পাও কেন,তুমি এত ভালো মানুষ এত ভয় পাও কেন ভালো মানুষের তো ভোট আছি তাই এত ভয় পাও কেন,4,0.5701406421782993
1 Before Election,1_before_election,610,যদি সঠিক নির্বাচন হয় ৷ এমন মারা দিবো জনগনে মরার পরেও ভূলতে পারবে না ৷,যদি সঠিক নির্বাচন হয় ৷ এমন মারা দিবো জনগনে মরার পরেও ভূলতে পারবে না ৷,0,0.898079791089967
1 Before Election,1_before_election,611,"ভারতীয় রং আপনাদেরকে কেউ লাগাতে পারবেনা কারন ভারতীয় রং ইতিমধ্যে আপনারা গায়ে মেখে এসেছেন, ষার।",ভারতীয় রং আপনাদেরকে কেউ লাগাতে পারবেনা কারন ভারতীয় রং ইতিমধ্যে আপনারা গায়ে মেখে এসেছেন ষার,1,0.6618252288028655
1 Before Election,1_before_election,612,ID Dallas,id dallas,0,0.2
1 Before Election,1_before_election,613,আওয়ামিলীগকে আপনারা আস্রয় দিতেছেন।,আওয়ামিলীগকে আপনারা আস্রয় দিতেছেন,0,0.7319025818314191
1 Before Election,1_before_election,614,তোরে কে ভোট দিবো,তোরে কে ভোট দিবো,4,0.7991995611717362
1 Before Election,1_before_election,615,আপনার দুই পা কবরে কি আর বলবেন মুরবি,আপনার দুই পা কবরে কি আর বলবেন মুরবি,2,0.8386314127596236
1 Before Election,1_before_election,616,বিশ্বাসের মা মারা গেছে।,বিশ্বাসের মা মারা গেছে,0,0.7322938477572861
1 Before Election,1_before_election,617,কথা বলতে পারেনা,কথা বলতে পারেনা,3,0.5986714133252055
1 Before Election,1_before_election,618,"বন্দু,তুমি,,যাই,,বলো,,,লিগের,,দুসর",বন্দু তুমি যাই বলো লিগের দুসর,0,0.7998732933703726
1 Before Election,1_before_election,619,গডফাদার,গডফাদার,0,0.2
1 Before Election,1_before_election,620,বিএনপির মির্জা আব্বাস ভাই খুবি অসন্তুষ্ট ঢাকার আসনে অন্য জেলার মানুষ কেন নির্বাচন করতে আসছে।,বিএনপির মির্জা আব্বাস ভাই খুবি অসন্তুষ্ট ঢাকার আসনে অন্য জেলার মানুষ কেন নির্বাচন করতে আসছে,3,0.6271112771962284
1 Before Election,1_before_election,621,এ্যালার্ট,এ্যালার্ট,0,0.2
1 Before Election,1_before_election,622,"Insaf , Zindabad .",insaf zindabad,0,0.2
1 Before Election,1_before_election,623,এ-র জন্যই হাদিকে সরিয়ে দিয়েছিস,এ র জন্যই হাদিকে সরিয়ে দিয়েছিস,2,0.799568095077086
1 Before Election,1_before_election,624,ঢাকা -৮ এ চান্দাবাজ এর স্থান আর হবে না ইনশাআল্লাহ,ঢাকা এ চান্দাবাজ এর স্থান আর হবে না ইনশাআল্লাহ,1,0.5169939822449738
1 Before Election,1_before_election,625,চান্দাব্বাছ,চান্দাব্বাছ,0,0.2
1 Before Election,1_before_election,626,Ata aponar kota awomilige vokto 6 kote votarar kota na.awomiliger shomay moto asbei karor bapero khomota ni feranor.,ata aponar kota awomilige vokto kote votarar kota na awomiliger shomay moto asbei karor bapero khomota ni feranor,2,0.7303568632949132
1 Before Election,1_before_election,627,চান্দাব্বাস,চান্দাব্বাস,0,0.5935314816642667
1 Before Election,1_before_election,628,"আপনার দলই তো, আওয়ামী লীগ কে দলে এডপ্ট করতেছে।",আপনার দলই তো আওয়ামী লীগ কে দলে এডপ্ট করতেছে,0,0.8395133156504523
1 Before Election,1_before_election,629,হ্লা ফ্লাউল,হ্লা ফ্লাউল,0,0.2
1 Before Election,1_before_election,630,হাসিনাকে তোমরা নিয়ে আসবা,হাসিনাকে তোমরা নিয়ে আসবা,2,0.7940537591270006
1 Before Election,1_before_election,631,চান্দাভাই ডরাইছে।,চান্দাভাই ডরাইছে,0,0.2
1 Before Election,1_before_election,632,মনা তুমি 3rd হবা,মনা তুমি rd হবা,0,0.2
1 Before Election,1_before_election,633,সুর পাল্টায় কেন,সুর পাল্টায় কেন,0,0.7330530071008731
1 Before Election,1_before_election,634,"এই কথা আওয়ামী থাকলে আপনাদের ব্যাপারে ও প্রচুর বলেছে রাতদিন বলেছে, এখন কোন দেশের জনগন পারলো? আওয়ামীর পরে আপনাদের পালা এখন!",এই কথা আওয়ামী থাকলে আপনাদের ব্যাপারে ও প্রচুর বলেছে রাতদিন বলেছে এখন কোন দেশের জনগন পারলো আওয়ামীর পরে আপনাদের পালা এখন,2,0.9178827532359902
1 Before Election,1_before_election,635,হু হু হা হা,হু হু হা হা,0,0.7324745072960493
1 Before Election,1_before_election,636,ভারতীয় রং আপনারা নিজেরাই গায়ে লাগিয়ে গুরতেছেন,ভারতীয় রং আপনারা নিজেরাই গায়ে লাগিয়ে গুরতেছেন,3,0.5736644598153781
1 Before Election,1_before_election,637,এখন নতুনদের রাজনীতিতে আসা উচিৎ পুরানদের খানা নেই,এখন নতুনদের রাজনীতিতে আসা উচিৎ পুরানদের খানা নেই,1,0.7297541421337373
1 Before Election,1_before_election,638,"জনগণ কে সিদ্ধান্ত নিতে দিন , আপনারা বাধা দিচ্ছেন কেন ?",জনগণ কে সিদ্ধান্ত নিতে দিন আপনারা বাধা দিচ্ছেন কেন,1,0.6658656983535788
1 Before Election,1_before_election,639,"কালার না সত্যি, নিজের বংশের কিছু লোক কে এমন দেখলাম। আর কারে কি বলবো।",কালার না সত্যি নিজের বংশের কিছু লোক কে এমন দেখলাম আর কারে কি বলবো,0,0.6073408982420185
1 Before Election,1_before_election,640,৮ এর জনগন বুঝে শুনে ভোট দিবে,এর জনগন বুঝে শুনে ভোট দিবে,4,0.8654329098390867
1 Before Election,1_before_election,641,বাংলা সিনেমা পাবলিক দেখে না সিনেমা র হল গুলো বন্ধ হইয়া গেছে,বাংলা সিনেমা পাবলিক দেখে না সিনেমা র হল গুলো বন্ধ হইয়া গেছে,2,0.8379132528346025
1 Before Election,1_before_election,642,আপনি তো হাদিকে মারচেন আল্লাহ বিচার করবেন ইংশাললাহ অপেক্ষায় থাকেন,আপনি তো হাদিকে মারচেন আল্লাহ বিচার করবেন ইংশাললাহ অপেক্ষায় থাকেন,3,0.8852425235121952
1 Before Election,1_before_election,643,মীরজা ওবায়দুল কাদের,মীরজা ওবায়দুল কাদের,0,0.2
1 Before Election,1_before_election,644,আরে আসতে কতক্ষণ?,আরে আসতে কতক্ষণ,2,0.7323291863436125
1 Before Election,1_before_election,645,হাদি ভাই থাকলে.... দেখা যাইত...,হাদি ভাই থাকলে দেখা যাইত,3,0.8380099102441083
1 Before Election,1_before_election,646,ভারতীয় রং কন রং কে বলা হয় যদি একটু বলেন তাহলে বুঝতে পারতাম।,ভারতীয় রং কন রং কে বলা হয় যদি একটু বলেন তাহলে বুঝতে পারতাম,0,0.9094268829300322
1 Before Election,1_before_election,647,চান্দা আব্বাস।‌।,চান্দা আব্বাস,2,0.7333324632371861
1 Before Election,1_before_election,648,এএএএএ চোষড়,এএএএএ চোষড়,0,0.2
1 Before Election,1_before_election,649,রঙ লাগিয়ে কেউ দেয় নি দাদু,রঙ লাগিয়ে কেউ দেয় নি দাদু,3,0.6780382735429534
1 Before Election,1_before_election,650,তোমাদের কৃতকর্মের কারনেই তোমাদের গায়ে রঙ লাগছে।,তোমাদের কৃতকর্মের কারনেই তোমাদের গায়ে রঙ লাগছে,1,0.8831082350120177
1 Before Election,1_before_election,651,"তুমি হলে,,,",তুমি হলে,1,0.5974555406860512
1 Before Election,1_before_election,652,লা ই ন দেহি সোজা হইতাছে,লা ই ন দেহি সোজা হইতাছে,4,0.5999611781646177
1 Before Election,1_before_election,653,"ঢাকা ৮ এর জনগণ, অবশ্যই হাদী ভাই এর হত্যার বিচার করবে, চান্দাব্বাসকে হারিয়ে",ঢাকা এর জনগণ অবশ্যই হাদী ভাই এর হত্যার বিচার করবে চান্দাব্বাসকে হারিয়ে,3,0.5601731070672266
1 Before Election,1_before_election,654,সব আওয়ামী লীগ তো বিএনপিতে যোগ দিতাছে।,সব আওয়ামী লীগ তো বিএনপিতে যোগ দিতাছে,0,0.8399430957320683
1 Before Election,1_before_election,655,বুঝলাম না এতগুলা কমেন্টসের ভিড়ে আমি একটু পজিটিভ কমেন্টস খুজতেছিলাম,বুঝলাম না এতগুলা কমেন্টসের ভিড়ে আমি একটু পজিটিভ কমেন্টস খুজতেছিলাম,0,0.7333214575858445
1 Before Election,1_before_election,656,আব্বাস ভাই জিন্দাবাদ,আব্বাস ভাই জিন্দাবাদ,2,0.7927739982332178
1 Before Election,1_before_election,657,ভূয়া,ভূয়া,4,0.5999308024313315
1 Before Election,1_before_election,658,Ora Batper,ora batper,0,0.2
1 Before Election,1_before_election,659,চাঁন্দা ভাইকে বর্জন করুন,চাঁন্দা ভাইকে বর্জন করুন,1,0.5041219182543191
1 Before Election,1_before_election,660,যেখানে স্পষ্ট র*ক্ত দেখা যাচ্ছে,যেখানে স্পষ্ট র ক্ত দেখা যাচ্ছে,2,0.7994831300859534
1 Before Election,1_before_election,661,সেখানে রং লাগানোর কী প্রয়োজন,সেখানে রং লাগানোর কী প্রয়োজন,2,0.8370038661526124
1 Before Election,1_before_election,662,মির্জা আব্বাস সাহেব আপনি।,মির্জা আব্বাস সাহেব আপনি,2,0.799943465212808
1 Before Election,1_before_election,663,হাদীকে আপনি থ্রেড দিয়েছিলেন কেন তাকে কেন বলেছিলেন যে তুমি কখনো ওয়ার্ড কাউন্সিলার হয়েছিলে,হাদীকে আপনি থ্রেড দিয়েছিলেন কেন তাকে কেন বলেছিলেন যে তুমি কখনো ওয়ার্ড কাউন্সিলার হয়েছিলে,3,0.798957574236993
1 Before Election,1_before_election,664,চান্দাববাছ,চান্দাববাছ,0,0.2
1 Before Election,1_before_election,665,keno? protidondi nai? Patoary?,keno protidondi nai patoary,2,0.5999616747761228
1 Before Election,1_before_election,666,হাদির খু/নের পিছনে কে থাকতে পারে ?,হাদির খু নের পিছনে কে থাকতে পারে,4,0.8612931985833016
1 Before Election,1_before_election,667,ব্যাংকের মালিক হইলা কেমনে।,ব্যাংকের মালিক হইলা কেমনে,1,0.7992872067074646
1 Before Election,1_before_election,668,চান্দা আব্বাস,চান্দা আব্বাস,2,0.7333324632371861
1 Before Election,1_before_election,669,চান্দাবাজদের বয়কট করেছে বাংলাদেশের ছাত্র সমাজ। তার প্রমাণ ছয়টা বিশ্ববিদ্যালয়ের ছাত্র সংসদ ভোটের রেজাল্ট।,চান্দাবাজদের বয়কট করেছে বাংলাদেশের ছাত্র সমাজ তার প্রমাণ ছয়টা বিশ্ববিদ্যালয়ের ছাত্র সংসদ ভোটের রেজাল্ট,1,0.8997383818810161
1 Before Election,1_before_election,670,১৭ বছর কয় ছিলেন,বছর কয় ছিলেন,3,0.7953564709690901
1 Before Election,1_before_election,671,"নতুন আরেকটি রঙ আবিস্কার বলো, ভারতীয় রঙ",নতুন আরেকটি রঙ আবিস্কার বলো ভারতীয় রঙ,0,0.8640061290851757
1 Before Election,1_before_election,672,ইনসা আল্লাহ আপনার বিচার খুব শিগগিরই হবে রেডি গয়ে থাকেন,ইনসা আল্লাহ আপনার বিচার খুব শিগগিরই হবে রেডি গয়ে থাকেন,3,0.839269422248438
1 Before Election,1_before_election,673,কে আপনাদের গাঁয়ে ভারতের রঙ লাগিয়ে দিচ্ছে? আপনারা নিজেরাই তো ভারতের রং গাঁয় মেখে বসে আছে!!,কে আপনাদের গাঁয়ে ভারতের রঙ লাগিয়ে দিচ্ছে আপনারা নিজেরাই তো ভারতের রং গাঁয় মেখে বসে আছে,3,0.9317010420078493
1 Before Election,1_before_election,674,কথা শুনে ভালো লাগছে।যার কোন বাস্তবতা রাজপথে নাই।সবই উল্টো,কথা শুনে ভালো লাগছে যার কোন বাস্তবতা রাজপথে নাই সবই উল্টো,3,0.8986256557758279
1 Before Election,1_before_election,675,দুর হালা খবিস,দুর হালা খবিস,0,0.7292542637460312
1 Before Election,1_before_election,676,র এর এজেন্ট Ab bus,র এর এজেন্ট ab bus,1,0.599318529252698
1 Before Election,1_before_election,677,সত্যি তো,সত্যি তো,1,0.5987126266736567
1 Before Election,1_before_election,678,Dhaka 8 mane tumi chanda abbas joy bangla,dhaka mane tumi chanda abbas joy bangla,1,0.7984655400306685
1 Before Election,1_before_election,679,দূর্নিতির বর পুত্র,দূর্নিতির বর পুত্র,1,0.5999654582718391
1 Before Election,1_before_election,680,জুলাই যোদ্ধাদের কারণে আজকে তোমাদের মুখের সেদা দিয়ে কথা আসতাছে,জুলাই যোদ্ধাদের কারণে আজকে তোমাদের মুখের সেদা দিয়ে কথা আসতাছে,1,0.8846136167351679
1 Before Election,1_before_election,681,আওয়ামী লীগ পুনর্বাসনের কাজ চলছে,আওয়ামী লীগ পুনর্বাসনের কাজ চলছে,0,0.8393725938724971
1 Before Election,1_before_election,682,কাকু এতদিন কি করছেন,কাকু এতদিন কি করছেন,0,0.7997115895461281
1 Before Election,1_before_election,683,আরে বাটপার এসব বক্তব্য এতদিন কই ছিল,আরে বাটপার এসব বক্তব্য এতদিন কই ছিল,0,0.8819164304923649
1 Before Election,1_before_election,684,সে একটা ছেলে নয়! নাসির উদ্দিন পাটোয়ারী নির্বাচিত হয়ে স্বরাষ্ট্রমন্ত্রী ইনশাল্লাহ!,সে একটা ছেলে নয় নাসির উদ্দিন পাটোয়ারী নির্বাচিত হয়ে স্বরাষ্ট্রমন্ত্রী ইনশাল্লাহ,4,0.9099339457655876
1 Before Election,1_before_election,685,হাদীর বিচার চাইলে চান্দাব্বাসদের হটাতে হবে৷,হাদীর বিচার চাইলে চান্দাব্বাসদের হটাতে হবে৷,2,0.5497609435796876
1 Before Election,1_before_election,686,#JusticeForHadi,justiceforhadi,3,0.5999862658508661
1 Before Election,1_before_election,687,17 bosor val falaise,bosor val falaise,0,0.2
1 Before Election,1_before_election,688,চাঁদাবাজ ও সন্ত্রাস ভূমিধস দুর্নীতি ৫চ্যামফিয়ান দলকে না বলুন,চাঁদাবাজ ও সন্ত্রাস ভূমিধস দুর্নীতি চ্যামফিয়ান দলকে না বলুন,2,0.8650328870132823
1 Before Election,1_before_election,689,পাটোয়ারী,পাটোয়ারী,3,0.5983814802496985
1 Before Election,1_before_election,690,Kako ফেল,kako ফেল,2,0.7330518601831483
1 Before Election,1_before_election,691,"টালমাটাল অবস্থায়, হারুন সাহেব বলেছেন এক কথা, ফখরুল এক কথা, মিজ্জা আব্বাস অন্য কথা!",টালমাটাল অবস্থায় হারুন সাহেব বলেছেন এক কথা ফখরুল এক কথা মিজ্জা আব্বাস অন্য কথা,2,0.8987237135127951
1 Before Election,1_before_election,692,Apnar party lokerai Hasina k anar jonno campain kortece,apnar party lokerai hasina k anar jonno campain kortece,3,0.7322037854289015
1 Before Election,1_before_election,693,Hadir khuni...,hadir khuni,3,0.7333213815807954
1 Before Election,1_before_election,694,শাপলা কলি নাছির উদ্দীন পাটোয়ারী,শাপলা কলি নাছির উদ্দীন পাটোয়ারী,2,0.6050620938775491
1 Before Election,1_before_election,695,মির্জা আব্বাস থেকে তো আপনার নাম চান্দা আব্বাস এমনি এমনি হয়নি,মির্জা আব্বাস থেকে তো আপনার নাম চান্দা আব্বাস এমনি এমনি হয়নি,2,0.8855168116629001
1 Before Election,1_before_election,696,আপনার দলের একজন গুরুত্বপূর্ণ ব্যক্তিগত হারুন এই গতকালই বলেছে সে আওয়ামী লীগকে রক্ষা করবে।,আপনার দলের একজন গুরুত্বপূর্ণ ব্যক্তিগত হারুন এই গতকালই বলেছে সে আওয়ামী লীগকে রক্ষা করবে,2,0.6076262918942874
1 Before Election,1_before_election,697,Tore o icche kore latthi maira india pathate,tore o icche kore latthi maira india pathate,0,0.5999635281718388
1 Before Election,1_before_election,698,That is real truth,that is real truth,2,0.5999616902723571
1 Before Election,1_before_election,699,পাটোয়ারী,পাটোয়ারী,3,0.5983814802496985
1 Before Election,1_before_election,700,বুঝতে পারছে কিভাবে কথা বললে মানুষ খাবে।,বুঝতে পারছে কিভাবে কথা বললে মানুষ খাবে,4,0.884551743868468
1 Before Election,1_before_election,701,Thank apnake,thank apnake,0,0.2
1 Before Election,1_before_election,702,আপনারা নিজেরাই তো বলতেছেন আওয়ামী লীগের সব মামলা উঠায় নিবেন,আপনারা নিজেরাই তো বলতেছেন আওয়ামী লীগের সব মামলা উঠায় নিবেন,0,0.8991752706600344
1 Before Election,1_before_election,703,জামানত বাজেয়াপ্ত করতে হবে ডার্বি নাসিরের,জামানত বাজেয়াপ্ত করতে হবে ডার্বি নাসিরের,1,0.8644770682944365
1 Before Election,1_before_election,704,এই দেশে এখন আর লোভ বা ভয়-ভীতি দেখিয়ে আর রাজনীতি করা যাবে না দিনে দিনে সবকিছু পরিবর্তন হতে যাচ্ছে।,এই দেশে এখন আর লোভ বা ভয় ভীতি দেখিয়ে আর রাজনীতি করা যাবে না দিনে দিনে সবকিছু পরিবর্তন হতে যাচ্ছে,2,0.7118871058059347
1 Before Election,1_before_election,705,চান্দা বাবার মুখে ধর্মের বুলি,চান্দা বাবার মুখে ধর্মের বুলি,0,0.5480086803200367
1 Before Election,1_before_election,706,চান্দা ভাই,চান্দা ভাই,2,0.7303308946189663
1 Before Election,1_before_election,707,হাদি হত্যার সাথে চান্দা আব্বাসকে সন্দেহের বাহিরে রাখা যায় না,হাদি হত্যার সাথে চান্দা আব্বাসকে সন্দেহের বাহিরে রাখা যায় না,2,0.8655678896303044
1 Before Election,1_before_election,708,তোমাদেরকেও বাংলাদেশ গ্রহন করবে না এর কেউ বাংলাদেশ গ্রহন করবে না,তোমাদেরকেও বাংলাদেশ গ্রহন করবে না এর কেউ বাংলাদেশ গ্রহন করবে না,4,0.6852261540953937
1 Before Election,1_before_election,709,"আগের দিন ভুলে যান, এখন জাতি আর বুড়া দিয়া দেশ চালানো পছন্দ করে না। Generation change হয়েছে।",আগের দিন ভুলে যান এখন জাতি আর বুড়া দিয়া দেশ চালানো পছন্দ করে না generation change হয়েছে,4,0.8991164344768339
1 Before Election,1_before_election,710,"গ্রামের মহিলারা এখন অনেক সচেতন, বিএনপি ভুয়া ফ্যামিলি কার্ডের লোভ দেখিয়ে তাদেরকে কিনতে পারবেনা ইনশাআল্লাহ। তারাও ইতিহাস জানে। শেষ পর্যন্ত দেখুন।",গ্রামের মহিলারা এখন অনেক সচেতন বিএনপি ভুয়া ফ্যামিলি কার্ডের লোভ দেখিয়ে তাদেরকে কিনতে পারবেনা ইনশাআল্লাহ তারাও ইতিহাস জানে শেষ পর্যন্ত দেখুন,1,0.5165988684082611
1 Before Election,1_before_election,711,Osobbo akta manus mirza abbas,osobbo akta manus mirza abbas,0,0.7960435397124003
1 Before Election,1_before_election,712,Shala chadabaz shontrashi.agent of raw.,shala chadabaz shontrashi agent of raw,2,0.799984151383586
1 Before Election,1_before_election,713,ইনকিলাব মঞ্চের উচিত ছিলো ঢাকা ৮ আসনে প্রার্থী দেওয়া,ইনকিলাব মঞ্চের উচিত ছিলো ঢাকা আসনে প্রার্থী দেওয়া,3,0.6010241466834159
1 Before Election,1_before_election,714,গত ১৭ বছর কি করছেন আপনারা,গত বছর কি করছেন আপনারা,0,0.6089168777590692
1 Before Election,1_before_election,715,দাদু কদু খাও,দাদু কদু খাও,3,0.598974352566082
1 Before Election,1_before_election,716,বি এন পি মুখে মুখে ভালোবাসা দেখায়,বি এন পি মুখে মুখে ভালোবাসা দেখায়,0,0.8855052868780189
1 Before Election,1_before_election,717,"Buira chut,,,,,,,,,, hadire maira akhon 8 asot Tor na,",buira chut hadire maira akhon asot tor na,0,0.7305291464306305
1 Before Election,1_before_election,718,ভারতের কাছাকাছি না গেলে কি রঙ লাগতো..?,ভারতের কাছাকাছি না গেলে কি রঙ লাগতো,3,0.501270356288205
1 Before Election,1_before_election,719,রাজনিতি,রাজনিতি,0,0.2
1 Before Election,1_before_election,720,"চান্দা আব্বাস, হাদি হত্যার সাথে জড়িত তবে সেটা প্রকাশ হতে অনেক সময় লাগবে। আপনারা আওয়ামী লীগের পূর্নবাসন করছেন সেটা জনগণ বলছে।",চান্দা আব্বাস হাদি হত্যার সাথে জড়িত তবে সেটা প্রকাশ হতে অনেক সময় লাগবে আপনারা আওয়ামী লীগের পূর্নবাসন করছেন সেটা জনগণ বলছে,2,0.563059489678749
1 Before Election,1_before_election,721,কেও ওরে একটা ব্রাশ আর একটু হার্পিক কিনে দে মুখ দিয়ে গন্ধ বের হচ্ছে।,কেও ওরে একটা ব্রাশ আর একটু হার্পিক কিনে দে মুখ দিয়ে গন্ধ বের হচ্ছে,0,0.8992828105889014
1 Before Election,1_before_election,722,"আসায় থাকো কাউয়া পাকলে খাইয়ো ডেউয়া, আপনার বয়স হয়েছে তাই আবোল তাবোল বলার চেয়ে কথা কম বলাই ভালো।",আসায় থাকো কাউয়া পাকলে খাইয়ো ডেউয়া আপনার বয়স হয়েছে তাই আবোল তাবোল বলার চেয়ে কথা কম বলাই ভালো,4,0.9099289574730267
1 Before Election,1_before_election,723,একটা রাজনৈতিক দল ফ্যামিলি কার্ডের লোভ দেখিয়ে সরকারে আসতে চাইলে সেটা হবে দুঃখজনক,একটা রাজনৈতিক দল ফ্যামিলি কার্ডের লোভ দেখিয়ে সরকারে আসতে চাইলে সেটা হবে দুঃখজনক,2,0.5760444751956482
1 Before Election,1_before_election,724,চান্দা আব্বাস এবার জামানত হারাবি রে,চান্দা আব্বাস এবার জামানত হারাবি রে,2,0.8371794989402169
1 Before Election,1_before_election,725,আগেই রেন্ডিয়ার ভিষা রেডি রাখ,আগেই রেন্ডিয়ার ভিষা রেডি রাখ,2,0.7295927779982379
1 Before Election,1_before_election,726,র এর এজেন্ট এটা ১০০% সত্যি।,র এর এজেন্ট এটা সত্যি,1,0.732778861917236
1 Before Election,1_before_election,727,17 বছর ভণ্ডামি করছো।।।,বছর ভণ্ডামি করছো,0,0.7296714130913873
1 Before Election,1_before_election,728,ঢাকাতে সবাই শিক্ষিত যদিও মূর্খ থাকে শিক্ষিতদের সাথে থেকে অনেক জ্ঞানী হয়ে যায়,ঢাকাতে সবাই শিক্ষিত যদিও মূর্খ থাকে শিক্ষিতদের সাথে থেকে অনেক জ্ঞানী হয়ে যায়,1,0.6318903086394896
1 Before Election,1_before_election,729,জ্ঞানীরা সঠিক সিদ্ধান্তই নেবে,জ্ঞানীরা সঠিক সিদ্ধান্তই নেবে,0,0.7331129970458992
1 Before Election,1_before_election,730,নাটক কম করো প্রিয়,নাটক কম করো প্রিয়,3,0.8380524534155129
1 Before Election,1_before_election,731,চাঁদার জন্য পাথর দিয়ে মানুষ হত্যা কারি দল কে বয়কট করা উচিত।,চাঁদার জন্য পাথর দিয়ে মানুষ হত্যা কারি দল কে বয়কট করা উচিত,1,0.8654973515805511
1 Before Election,1_before_election,732,নিজের আসনের প্রতি কোন আত্মবিশ্বাস নাই নেতার,নিজের আসনের প্রতি কোন আত্মবিশ্বাস নাই নেতার,3,0.8843407593460699
1 Before Election,1_before_election,733,সারা বাংলাদেশে বিএনপি জিতবে বলতেছে।,সারা বাংলাদেশে বিএনপি জিতবে বলতেছে,4,0.8633144795264145
1 Before Election,1_before_election,734,এক নামবার চান্দাবাস,এক নামবার চান্দাবাস,3,0.5999624329726292
1 Before Election,1_before_election,735,মির্জা আব্বাস হাদী হত্যাই জড়িত,মির্জা আব্বাস হাদী হত্যাই জড়িত,2,0.8387104603998425
1 Before Election,1_before_election,736,তার কথার বুঝা যায়,তার কথার বুঝা যায়,0,0.7294536151128009
1 Before Election,1_before_election,737,ভারতীয় রং নয় আপনারা ভারতের রঙের মাঝখানে ডুবদিয়া আছেন,ভারতীয় রং নয় আপনারা ভারতের রঙের মাঝখানে ডুবদিয়া আছেন,3,0.47440400065403127
1 Before Election,1_before_election,738,হাসি লাগে,হাসি লাগে,2,0.5999822218247419
1 Before Election,1_before_election,739,চান্দাব্বাস। হাদী হত্যার সাথে জড়িত।,চান্দাব্বাস হাদী হত্যার সাথে জড়িত,3,0.8372716571093306
1 Before Election,1_before_election,740,চান্দাবাজ হটাও দেশ বাঁচাও,চান্দাবাজ হটাও দেশ বাঁচাও,1,0.4847388626869396
1 Before Election,1_before_election,741,হাসিনা দেশে আসলে তো চাঁদাবাজি ভাগ দিতে হবে তাকে,হাসিনা দেশে আসলে তো চাঁদাবাজি ভাগ দিতে হবে তাকে,2,0.8842617950003916
1 Before Election,1_before_election,742,নাটক নাটিকা দেখলো জনগণ ফ্যাস্টিট এর কথা বাদ আপনারা যা শুরু করেছেন ম্যাডাম বলেছিল আল্লাহর গজব পড়বে,নাটক নাটিকা দেখলো জনগণ ফ্যাস্টিট এর কথা বাদ আপনারা যা শুরু করেছেন ম্যাডাম বলেছিল আল্লাহর গজব পড়বে,1,0.9189763902086467
1 Before Election,1_before_election,743,তাহলে আব্বাস ভাই আপনি ফখরুল সাহেব কে বুঝান,তাহলে আব্বাস ভাই আপনি ফখরুল সাহেব কে বুঝান,2,0.8642838730521901
1 Before Election,1_before_election,744,তুমাকেও আমরা চাই না।এবার শুধু জামাত,তুমাকেও আমরা চাই না এবার শুধু জামাত,0,0.7965534331339482
1 Before Election,1_before_election,745,চাঁন্দা ভাই,চাঁন্দা ভাই,3,0.7323938443834136
1 Before Election,1_before_election,746,ঢাকা ৮ হাদি বনাম ভারতীয় আধিপত্যবাদ।,ঢাকা হাদি বনাম ভারতীয় আধিপত্যবাদ,3,0.5238366443492204
1 Before Election,1_before_election,747,"কোন ভদ্র লোক,খুনি চাঁন্দাবাজ কে ভোট দিবে না।",কোন ভদ্র লোক খুনি চাঁন্দাবাজ কে ভোট দিবে না,3,0.5390038972796498
1 Before Election,1_before_election,748,ইনকিলাব জিন্দাবাদ আল্লাহু আকবার,ইনকিলাব জিন্দাবাদ আল্লাহু আকবার,4,0.8379856927082502
1 Before Election,1_before_election,749,হাদী ভাই থাকলে আপনি থার্ড হইতেন,হাদী ভাই থাকলে আপনি থার্ড হইতেন,3,0.8385842094541535
1 Before Election,1_before_election,750,চন্দাব্বাস,চন্দাব্বাস,0,0.2
1 Before Election,1_before_election,751,সত্য বলে দিছে হাসিনা দেশে আসতে পারছেন না জুলাই যোদ্ধাদের জন্য তাই তিনি আনতেও পারছেন না।,সত্য বলে দিছে হাসিনা দেশে আসতে পারছেন না জুলাই যোদ্ধাদের জন্য তাই তিনি আনতেও পারছেন না,2,0.9097503925393242
1 Before Election,1_before_election,752,চাঁদ্দাব্বাস,চাঁদ্দাব্বাস,0,0.2
1 Before Election,1_before_election,753,ভূতের মুখে রাম নাম,ভূতের মুখে রাম নাম,3,0.8390800779760743
1 Before Election,1_before_election,754,I came here just to read the comments.,i came here just to read the comments,1,0.7305042684429086
1 Before Election,1_before_election,755,এবার ভোট কমে গেছে ইনশাআল্লাহ,এবার ভোট কমে গেছে ইনশাআল্লাহ,4,0.8388618046414211
1 Before Election,1_before_election,756,টাকার বদলে আওয়ামী লীগ দিয়েই তো দলটা পরিচালনা করছেন আপনারা,টাকার বদলে আওয়ামী লীগ দিয়েই তো দলটা পরিচালনা করছেন আপনারা,0,0.5147770112555814
1 Before Election,1_before_election,757,"আমরা বিশ্বাস করি না,শুনেছিলাম,জিয়াউর রহমান না কি হাসিনাকে দেশে এনেছিল, এবার দেখবো তার ছেলে হাসিনাকে নিয়ে আসবে।",আমরা বিশ্বাস করি না শুনেছিলাম জিয়াউর রহমান না কি হাসিনাকে দেশে এনেছিল এবার দেখবো তার ছেলে হাসিনাকে নিয়ে আসবে,4,0.9308129412129124
1 Before Election,1_before_election,758,অসংখ্য আওয়ামী লীগ কর্মী কে নমিনেশন দেয়ার পরে যারা এই কথা বলে এটা হাস্যকর,অসংখ্য আওয়ামী লীগ কর্মী কে নমিনেশন দেয়ার পরে যারা এই কথা বলে এটা হাস্যকর,4,0.501668094025161
1 Before Election,1_before_election,759,"ভাষা তো চেঞ্জ করা দরকার,, কিছু ছেলে ফেলে বলে সম্বোধন ঠিক না,, ঢাকা ৮ আপনাকে ইজারা দেওয়া হয় না।",ভাষা তো চেঞ্জ করা দরকার কিছু ছেলে ফেলে বলে সম্বোধন ঠিক না ঢাকা আপনাকে ইজারা দেওয়া হয় না,3,0.9095817676551561
1 Before Election,1_before_election,760,ইনশাআল্লাহ দাঁড়ি পাল্লা বিজয়ী হবে তোমার আসনে,ইনশাআল্লাহ দাঁড়ি পাল্লা বিজয়ী হবে তোমার আসনে,4,0.8646899399946834
1 Before Election,1_before_election,761,আমরাও আশাবাদী ঢাকা ৮ আসনের মানুষ আপনাকে গ্রহন করবে না,আমরাও আশাবাদী ঢাকা আসনের মানুষ আপনাকে গ্রহন করবে না,4,0.8845671304351128
1 Before Election,1_before_election,762,"শরিফ ওসমান হাদীর,,",শরিফ ওসমান হাদীর,2,0.7325388057458652
1 Before Election,1_before_election,763,ধান্দাবাজি সব,ধান্দাবাজি সব,0,0.5999635330932094
1 Before Election,1_before_election,764,মি: র ' আপনি ফেল্টু ঢাকা -৮ এ,মি র আপনি ফেল্টু ঢাকা এ,3,0.39971921582728137
1 Before Election,1_before_election,765,ভুতের মুখে রাম রাম,ভুতের মুখে রাম রাম,3,0.7990852736204274
1 Before Election,1_before_election,766,ধামরা চান্দা আব্বাস বিএনপি র পতনের কারন হবে।,ধামরা চান্দা আব্বাস বিএনপি র পতনের কারন হবে,2,0.5637740668852267
1 Before Election,1_before_election,767,তারাই আশ্রয়দাতা,তারাই আশ্রয়দাতা,0,0.599963533990001
1 Before Election,1_before_election,768,"আপনারা আ'লীগের সব মামলা তুলে নিবেন, এটাতো আপনাদের মহাসচিব ঘোষণা দিয়েই দিছে।",আপনারা আ লীগের সব মামলা তুলে নিবেন এটাতো আপনাদের মহাসচিব ঘোষণা দিয়েই দিছে,1,0.9259711025478041
1 Before Election,1_before_election,769,এখন অন্যের ঘারে দোষ চাপাচ্ছেন কেন??,এখন অন্যের ঘারে দোষ চাপাচ্ছেন কেন,0,0.2
1 Before Election,1_before_election,770,"সেজন্য ভয় তে হাদীকে সরাই দিছেন, আর ইউনুস তাকে এখন ও কিছু বলেনি",সেজন্য ভয় তে হাদীকে সরাই দিছেন আর ইউনুস তাকে এখন ও কিছু বলেনি,3,0.865589145372831
1 Before Election,1_before_election,771,আওয়ামী লীগের সবাই বিএনপিতে যোগ দিতেছে,আওয়ামী লীগের সবাই বিএনপিতে যোগ দিতেছে,0,0.7047835677978492
1 Before Election,1_before_election,772,সে বাংলা সিনেমার মতো ডায়লগ মারে অনলাইনে এসে,সে বাংলা সিনেমার মতো ডায়লগ মারে অনলাইনে এসে,4,0.6001505610559397
1 Before Election,1_before_election,773,Hadir khuni,hadir khuni,3,0.7333213815807954
1 Before Election,1_before_election,774,১৭ বছর না খেয়ে থাকা পাগলা কুকুর হইতে সাবধান।,বছর না খেয়ে থাকা পাগলা কুকুর হইতে সাবধান,2,0.8645433765858488
1 Before Election,1_before_election,775,আমরা আশা করি এবং কি আল্লাহর একটু ভরসা করে নিশ্চিত হয়েছি আপনি ফেল,আমরা আশা করি এবং কি আল্লাহর একটু ভরসা করে নিশ্চিত হয়েছি আপনি ফেল,0,0.5298376881977788
1 Before Election,1_before_election,776,চাঁন্দাবাসকে রিমান্ডে নিলেই হাদি হ*ত্যার প্রকৃত সত্য বেরিয়ে আসবে।,চাঁন্দাবাসকে রিমান্ডে নিলেই হাদি হ ত্যার প্রকৃত সত্য বেরিয়ে আসবে,1,0.8378164225343124
1 Before Election,1_before_election,777,বিএনপি দেখলেই চাঁদাবাজির কাহিনী মনে পরে,বিএনপি দেখলেই চাঁদাবাজির কাহিনী মনে পরে,3,0.8377828177728645
1 Before Election,1_before_election,778,Maje maje mon kharap hole Aisob Rajnitibid der soglaf dekhi tokhon only hasi,maje maje mon kharap hole aisob rajnitibid der soglaf dekhi tokhon only hasi,3,0.5999624476318348
1 Before Election,1_before_election,779,নৌকা R ধানের শিস দুই শাপের একি বিশ,নৌকা r ধানের শিস দুই শাপের একি বিশ,1,0.5491089898221243
1 Before Election,1_before_election,780,আপনি চান্দাবাজের বিরুদ্ধে একটু বলেন,আপনি চান্দাবাজের বিরুদ্ধে একটু বলেন,0,0.8398194263073451
1 Before Election,1_before_election,781,"হাসিনার আমলে এই কথা বলার সাহস আপনার কোথায় ছিলো। ছাত্রদের কাধে বর করে,এখন ক্ষমতার স্বাদ নিতে চান।",হাসিনার আমলে এই কথা বলার সাহস আপনার কোথায় ছিলো ছাত্রদের কাধে বর করে এখন ক্ষমতার স্বাদ নিতে চান,1,0.8998024443174574
1 Before Election,1_before_election,782,হাসিনা আসবে আপনাদের মাধ্যমে আসবে,হাসিনা আসবে আপনাদের মাধ্যমে আসবে,1,0.8660807412386077
1 Before Election,1_before_election,783,ভারতীয় রঙ নয় ভারতীয় র ক্ত কথা বললে এমনিতেই জনগণের চোখে লাগে,ভারতীয় রঙ নয় ভারতীয় র ক্ত কথা বললে এমনিতেই জনগণের চোখে লাগে,2,0.9186472215291193
1 Before Election,1_before_election,784,চাদা আব্বাস,চাদা আব্বাস,2,0.7333289260050437
1 Before Election,1_before_election,785,চান্দাব্বাস।,চান্দাব্বাস,0,0.5935314816642667
1 Before Election,1_before_election,786,ভিপিনুর আগামীর রাস্ট্র নায়ক,ভিপিনুর আগামীর রাস্ট্র নায়ক,2,0.7325356954434351
1 Before Election,1_before_election,787,বিএনপি তে ২০০ আওমী লিগের লোক কেনো যোগ দিতে দিলেন জবাব দেন তাইলে,বিএনপি তে আওমী লিগের লোক কেনো যোগ দিতে দিলেন জবাব দেন তাইলে,0,0.932332021466934
1 Before Election,1_before_election,788,মির্জা গাব গাছ হাদী হ'ত্যার পরিকল্পনাকারী,মির্জা গাব গাছ হাদী হ ত্যার পরিকল্পনাকারী,2,0.45594365792069874
1 Before Election,1_before_election,789,Apnar dol e korse…,apnar dol e korse,3,0.599962444335717
1 Before Election,1_before_election,790,Chanda Abbasss….,chanda abbasss,1,0.5999873628113206
1 Before Election,1_before_election,791,Allah ore jannat nashib koro Allah. Plz,allah ore jannat nashib koro allah plz,0,0.7333256026994592
1 Before Election,1_before_election,792,তোমাকে ওতি শিকরই আইনের আওতায় আনা হবে।,তোমাকে ওতি শিকরই আইনের আওতায় আনা হবে,4,0.7316446492890001
1 Before Election,1_before_election,793,ইনশাআল্লাহ।ওসমান হাদি ভাইর বিচার হবেই ইনশাআল্লাহ।,ইনশাআল্লাহ ওসমান হাদি ভাইর বিচার হবেই ইনশাআল্লাহ,1,0.5573911760063129
1 Before Election,1_before_election,794,আহারে পুরুষ কত সুন্দর অভিনয় জানে,আহারে পুরুষ কত সুন্দর অভিনয় জানে,2,0.8382526138090486
1 Before Election,1_before_election,795,বাটা আয়শা গেছে বুঝতে পারতেছেন ধন্যবাদ,বাটা আয়শা গেছে বুঝতে পারতেছেন ধন্যবাদ,3,0.4005296451263699
1 Before Election,1_before_election,796,"আব্বাইসারে কবে যে দেখবো চোরের মতো সাধারণ জনগণ জুতা দিয়ে পেটাচ্ছেন,, ইয়া রাব্বুল আলামিন কবুল করেন",আব্বাইসারে কবে যে দেখবো চোরের মতো সাধারণ জনগণ জুতা দিয়ে পেটাচ্ছেন ইয়া রাব্বুল আলামিন কবুল করেন,1,0.898337520638105
1 Before Election,1_before_election,797,ভারতের দালালকে তো ভারতের দালালের চেক লাগাবে এটাই স্বাভাবিক,ভারতের দালালকে তো ভারতের দালালের চেক লাগাবে এটাই স্বাভাবিক,4,0.8647550868618528
1 Before Election,1_before_election,798,।#WeAreHadi,wearehadi,4,0.5976393870725284
1 Before Election,1_before_election,799,৮ এর জয় মানে জুলাই এর জয়,এর জয় মানে জুলাই এর জয়,1,0.63919332072328
1 Before Election,1_before_election,800,এজন্য তারাই সব আওয়ামী লীগ সাথে নিয়েছে,এজন্য তারাই সব আওয়ামী লীগ সাথে নিয়েছে,0,0.8665487059894207
1 Before Election,1_before_election,801,আপনারাই বড় বড় কথা বলেন কিন্তু পরে আপনারে আওয়ামী লীগের দেশে আসার সুযোগ করে দিবেন এখন মানুষদেরকে বোকা বানানোর চেষ্টা করতেছেন ক্ষমতায় আসার জন্য,আপনারাই বড় বড় কথা বলেন কিন্তু পরে আপনারে আওয়ামী লীগের দেশে আসার সুযোগ করে দিবেন এখন মানুষদেরকে বোকা বানানোর চেষ্টা করতেছেন ক্ষমতায় আসার জন্য,2,0.9457922883544522
1 Before Election,1_before_election,802,ভারতের দোসর হয়ে আছেন। আবার ডায়লগ কি,ভারতের দোসর হয়ে আছেন আবার ডায়লগ কি,4,0.8837486259781362
1 Before Election,1_before_election,803,তাহলে কিভাবে নবীন বরন করছেন,তাহলে কিভাবে নবীন বরন করছেন,0,0.5115911061860148
1 Before Election,1_before_election,804,ভোট চুরি করে ক্ষমতায় গেছে আবার লেকচার মারে,ভোট চুরি করে ক্ষমতায় গেছে আবার লেকচার মারে,2,0.38960640743761155
1 Before Election,1_before_election,805,চান্দাবাজ,চান্দাবাজ,1,0.5981692726610023
1 Before Election,1_before_election,806,৭৪ থেকে শুরু করছেন রাজনীতি এইবার বাদহ্ দেন।,থেকে শুরু করছেন রাজনীতি এইবার বাদহ্ দেন,1,0.49567822219477986
1 Before Election,1_before_election,807,octopodhi se mdb MP3,octopodhi se mdb mp,0,0.2
1 Before Election,1_before_election,808,চল যায় যুদ্ধে,চল যায় যুদ্ধে,0,0.2
1 Before Election,1_before_election,809,মাদকের বিরুদ্ধে,মাদকের বিরুদ্ধে,0,0.40030210642740405
1 Before Election,1_before_election,810,বুড়া বয়সেও ক্লিন সেভ,বুড়া বয়সেও ক্লিন সেভ,4,0.5999648263849635
1 Before Election,1_before_election,811,"চান্দাআব্বাস এখনও ভয়ে ভয়ে কথা বলে,আগে চিন্তা করে পরে বলে।",চান্দাআব্বাস এখনও ভয়ে ভয়ে কথা বলে আগে চিন্তা করে পরে বলে,2,0.8851008703890273
1 Before Election,1_before_election,812,হাস্যকর ডায়লগ আপনাদের এই কথা কাউকে বিশ্বাস করেনা।,হাস্যকর ডায়লগ আপনাদের এই কথা কাউকে বিশ্বাস করেনা,4,0.864527797491506
1 Before Election,1_before_election,813,Uni ki shok prokas korte gia hus a chole asce naki,uni ki shok prokas korte gia hus a chole asce naki,2,0.5989613302170627
1 Before Election,1_before_election,814,পরিবারতন্ত্রকে না বলুন।,পরিবারতন্ত্রকে না বলুন,2,0.5999822141662291
1 Before Election,1_before_election,815,ওকে ভুট দেওয়া মানে হাদী হত্যার বিচারকে অস্বীকার করা,ওকে ভুট দেওয়া মানে হাদী হত্যার বিচারকে অস্বীকার করা,3,0.8662303814730113
1 Before Election,1_before_election,816,"ও মনে হয় ঠিক মত হাগে না, গু সব মাথায় উটে যাচ্ছে,",ও মনে হয় ঠিক মত হাগে না গু সব মাথায় উটে যাচ্ছে,3,0.8844597944741389
1 Before Election,1_before_election,817,কাকা ১৭ বছর কি করলেন।,কাকা বছর কি করলেন,2,0.797754768976059
1 Before Election,1_before_election,818,আল্লামা মির্জা আব্বাস ঘুম থেকে উঠে বালটি নিয়ে চাঁদাবাজি করে,আল্লামা মির্জা আব্বাস ঘুম থেকে উঠে বালটি নিয়ে চাঁদাবাজি করে,2,0.8996651522082426
1 Before Election,1_before_election,819,শিখানো কথা ।,শিখানো কথা,0,0.2
1 Before Election,1_before_election,820,আপনিকি মঙ্গলগ্রহে থাকেন নাকি সব আওয়ামী লীগ বিএনপি বানাইছে তার পরেও এসব কথা বলেন কোন মুখে সরম করে না,আপনিকি মঙ্গলগ্রহে থাকেন নাকি সব আওয়ামী লীগ বিএনপি বানাইছে তার পরেও এসব কথা বলেন কোন মুখে সরম করে না,0,0.697310227847419
1 Before Election,1_before_election,821,আপনাকে সবাই চান্দাবাজ বলে কেনো',আপনাকে সবাই চান্দাবাজ বলে কেনো,3,0.6462659845382771
1 Before Election,1_before_election,822,চান্দাবাস,চান্দাবাস,3,0.5999624329726292
1 Before Election,1_before_election,823,ভিডিওটা ডাউনলোড করে রাখলাম দেখি কোথা কাজে কতটা মিল থাকে,ভিডিওটা ডাউনলোড করে রাখলাম দেখি কোথা কাজে কতটা মিল থাকে,0,0.8366437901894325
1 Before Election,1_before_election,824,চুরি করে চোর,চুরি করে চোর,4,0.7312278355513596
1 Before Election,1_before_election,825,ঢাকা আর থেকে বয়কট,ঢাকা আর থেকে বয়কট,1,0.39997943678909603
1 Before Election,1_before_election,826,আপনারা কি এমন ভালো কাজ করেছেন বা তার ভূমিকাটা কি জাতি একটু দেখতে চায়,আপনারা কি এমন ভালো কাজ করেছেন বা তার ভূমিকাটা কি জাতি একটু দেখতে চায়,0,0.9185391757272463
1 Before Election,1_before_election,827,আহারে,আহারে,2,0.5999756937334877
1 Before Election,1_before_election,828,Kaka bnp te Awami League joyen diche ai bisoy ki chu bole jan,kaka bnp te awami league joyen diche ai bisoy ki chu bole jan,0,0.8382812563268364
1 Before Election,1_before_election,829,হাদি ভাই তোমার কথা মনে পড়ে খুব দরকার ছিল তোমাকে বাংলার,হাদি ভাই তোমার কথা মনে পড়ে খুব দরকার ছিল তোমাকে বাংলার,1,0.548726037301322
1 Before Election,1_before_election,830,আল্লামা মির্জা আব্বাস ওরফে চান্দা আব্বাস,আল্লামা মির্জা আব্বাস ওরফে চান্দা আব্বাস,2,0.8666650553182291
1 Before Election,1_before_election,831,2nd obaidul kader,nd obaidul kader,0,0.2
1 Before Election,1_before_election,832,Amar bhai Hadi hottay ei kulanggar o jorito..,amar bhai hadi hottay ei kulanggar o jorito,1,0.798781760589099
1 Before Election,1_before_election,833,"মিস্টার ষ্যাড় আপনারা ঘোষণা দিয়ে আওয়ামী লীগ কে গ্রহণ করেছেন, অনুগ্রহ করে আর মিথ্যা বলবেন না।",মিস্টার ষ্যাড় আপনারা ঘোষণা দিয়ে আওয়ামী লীগ কে গ্রহণ করেছেন অনুগ্রহ করে আর মিথ্যা বলবেন না,0,0.9194193431065689
1 Before Election,1_before_election,834,"মানুষ দেখবে আপনারা কি করেন, শুধু সময়ের অপেক্ষা",মানুষ দেখবে আপনারা কি করেন শুধু সময়ের অপেক্ষা,0,0.8819592936712592
1 Before Election,1_before_election,835,মির্জা পরিবার কে আর নয়,মির্জা পরিবার কে আর নয়,2,0.7309270976508426
1 Before Election,1_before_election,836,হালারে দেখতেই চাঁদা বাজের মতো লাগে,হালারে দেখতেই চাঁদা বাজের মতো লাগে,2,0.8662509320909185
1 Before Election,1_before_election,837,হাদি চিরকাল বেচে থাকুক বাংলাদেশের হৃদয়ে,হাদি চিরকাল বেচে থাকুক বাংলাদেশের হৃদয়ে,1,0.7962915733046533
1 Before Election,1_before_election,838,কাক্কু মনে হচ্ছে কাজ হবে না,কাক্কু মনে হচ্ছে কাজ হবে না,4,0.7988261972562766
1 Before Election,1_before_election,839,বিএনপি একটা জোকার দলে পরিনত হইছে,বিএনপি একটা জোকার দলে পরিনত হইছে,0,0.47282512955552314
1 Before Election,1_before_election,840,টপিক গুরিয়ে ফেলেছে তার মানে বড় নেতায় শিখিয়ে দিছে যাতে নাসির উদ্দীন পাটোয়ারীর টপিক ভুলে যায়,টপিক গুরিয়ে ফেলেছে তার মানে বড় নেতায় শিখিয়ে দিছে যাতে নাসির উদ্দীন পাটোয়ারীর টপিক ভুলে যায়,2,0.9099015258191452
1 Before Election,1_before_election,841,আমরা আশাবাদী তোমাকেও জন গণ করবে ইনশাআল্লহ,আমরা আশাবাদী তোমাকেও জন গণ করবে ইনশাআল্লহ,2,0.7966020787034755
1 Before Election,1_before_election,842,ওরে বাটপার চান্দা আব্বাস,ওরে বাটপার চান্দা আব্বাস,2,0.8370789253622857
1 Before Election,1_before_election,843,কোথায় আসে না ভূতের মুখে রাম রাম,কোথায় আসে না ভূতের মুখে রাম রাম,3,0.8652731393020244
1 Before Election,1_before_election,844,হাসিনার সাথে মির্জার বিশে দেওয়া দরকার।,হাসিনার সাথে মির্জার বিশে দেওয়া দরকার,1,0.7982482216621222
1 Before Election,1_before_election,845,ওনি তো মুফতি ওয়াজ ভালো জানেন,ওনি তো মুফতি ওয়াজ ভালো জানেন,0,0.8656603425282904
1 Before Election,1_before_election,846,সত্য কে কিভাবে মানবেন না,সত্য কে কিভাবে মানবেন না,1,0.7312750542834966
1 Before Election,1_before_election,847,হাসিনা বিতাড়িত আপনাদের কোনো ভূমিকা নেই।,হাসিনা বিতাড়িত আপনাদের কোনো ভূমিকা নেই,1,0.8376828234811589
1 Before Election,1_before_election,848,"সালা তুইতো, ভারতী*",সালা তুইতো ভারতী,0,0.5999635329372286
1 Before Election,1_before_election,849,ইনশাহআল্লাহ মির্জা আব্বাস ভোটে হারবে,ইনশাহআল্লাহ মির্জা আব্বাস ভোটে হারবে,2,0.5358847188465394
1 Before Election,1_before_election,850,ঢাকা ৮ ওসমান হাদির।,ঢাকা ওসমান হাদির,3,0.7982788430830262
1 Before Election,1_before_election,851,এটা নিশ্চিত হাদী ভাইকে এই আব্বাস মেরেছে,এটা নিশ্চিত হাদী ভাইকে এই আব্বাস মেরেছে,1,0.5197185726222837
1 Before Election,1_before_election,852,আমার ভাইয়ের খুনের জরিত ব্যক্তি,আমার ভাইয়ের খুনের জরিত ব্যক্তি,3,0.399249067521011
1 Before Election,1_before_election,853,মজার বিষয় হইল পোস্টের রিয়েক্ট পড়ছে ১৫ হাজার তারমধ্যে দশ হাজারই হা হা,মজার বিষয় হইল পোস্টের রিয়েক্ট পড়ছে হাজার তারমধ্যে দশ হাজারই হা হা,2,0.8988425048108601
1 Before Election,1_before_election,854,এই মাল যেন হেরে যায়,এই মাল যেন হেরে যায়,2,0.7333224887199751
1 Before Election,1_before_election,855,"কথাতেই বুঝা যায় আসবে কি না,, ওনি ওনি বলে কথা বলেন আব্বাস সাহেব",কথাতেই বুঝা যায় আসবে কি না ওনি ওনি বলে কথা বলেন আব্বাস সাহেব,2,0.9101726396594617
1 Before Election,1_before_election,856,"চান্দা আর ভোট, দুইটা পাশাপাশি দেওয়া সম্ভব না।",চান্দা আর ভোট দুইটা পাশাপাশি দেওয়া সম্ভব না,3,0.5325506039053498
1 Before Election,1_before_election,857,Joto projonto na abbas podteg korche totokhon manus bolte thakbe canda abbas,joto projonto na abbas podteg korche totokhon manus bolte thakbe canda abbas,3,0.8656958662627409
1 Before Election,1_before_election,858,হাদি নাই হইলো কেমনে ঢাকা ৮ থেইকা?,হাদি নাই হইলো কেমনে ঢাকা থেইকা,3,0.6283850432016523
1 Before Election,1_before_election,859,ভোটের পরে বুঝা যাবে।,ভোটের পরে বুঝা যাবে,1,0.797553146705784
1 Before Election,1_before_election,860,-আপনি আগে আপনার এলাকার কর্মীদের সংশোধন করুন।,আপনি আগে আপনার এলাকার কর্মীদের সংশোধন করুন,0,0.7937496208370776
1 Before Election,1_before_election,861,"ভারত এর বিরুদ্ধে একটা স্লোগান দে,,",ভারত এর বিরুদ্ধে একটা স্লোগান দে,0,0.7996137958904579
1 Before Election,1_before_election,862,কেমন দেশপ্রেম.??,কেমন দেশপ্রেম,0,0.2
1 Before Election,1_before_election,863,"নিষিদ্ধ করে বড়বড় বক্তৃতা কর, আসবো আসবে সেইদিন তোমাদের খুজে পাওয়া যাবেনা।",নিষিদ্ধ করে বড়বড় বক্তৃতা কর আসবো আসবে সেইদিন তোমাদের খুজে পাওয়া যাবেনা,1,0.8661289215816761
1 Before Election,1_before_election,864,Ajk akdom kajer kotha bolse,ajk akdom kajer kotha bolse,0,0.2
1 Before Election,1_before_election,865,বাংলাদেশ এ ডুকতে হলে চাঁন্দা দিয়ে ডুকতে হবে,বাংলাদেশ এ ডুকতে হলে চাঁন্দা দিয়ে ডুকতে হবে,3,0.863514993839301
1 Before Election,1_before_election,866,চাপা মেরে লাভ নেই বাংলার জনগণ তোমাকে আর গ্রহণ করবে না,চাপা মেরে লাভ নেই বাংলার জনগণ তোমাকে আর গ্রহণ করবে না,1,0.8994329833436173
1 Before Election,1_before_election,867,তোমাদের নেতা কে যেরকম,তোমাদের নেতা কে যেরকম,1,0.7321431800985722
1 Before Election,1_before_election,868,গাবগাছ আংকের নাসিরের স্কয়ার গাড়ির সাইড কিট চুরি করছে কে??,গাবগাছ আংকের নাসিরের স্কয়ার গাড়ির সাইড কিট চুরি করছে কে,4,0.7965241369690085
1 Before Election,1_before_election,869,আব্বাস উদ্দিন এম পি হওয়া শ্যাস,আব্বাস উদ্দিন এম পি হওয়া শ্যাস,2,0.5315680000188034
1 Before Election,1_before_election,870,সোনার বাংলাদেশ,সোনার বাংলাদেশ,4,0.7328694833971463
1 Before Election,1_before_election,871,কাকু আপনার বয়স হয়েছে এবার অবসরে যান!,কাকু আপনার বয়স হয়েছে এবার অবসরে যান,0,0.4622170288921458
1 Before Election,1_before_election,872,আর কতো চাঁদা নিবেন ৪বার এমপি হয়েতো অনেক লুটছেন এবার থামেন কাকু!,আর কতো চাঁদা নিবেন বার এমপি হয়েতো অনেক লুটছেন এবার থামেন কাকু,0,0.8983292749405652
1 Before Election,1_before_election,873,⍨ ক্ষমতার চেয়ার না জনতার চেয়ার,ক্ষমতার চেয়ার না জনতার চেয়ার,1,0.8399923579308645
1 Before Election,1_before_election,874,Dhaka big Mafia,dhaka big mafia,1,0.5999839632727981
1 Before Election,1_before_election,875,Corer mukhe ram ram,corer mukhe ram ram,0,0.2
1 Before Election,1_before_election,876,জিয়তছে তো অনেক কষ্টে আওয়ামী লীগ থাকলে তাও জীবনে জিততেন না যদি আওয়ামী লীগের পক্ষ থেকে কলা গাছ দাড়াইলো ওই কলা গাছে জিতবে,জিয়তছে তো অনেক কষ্টে আওয়ামী লীগ থাকলে তাও জীবনে জিততেন না যদি আওয়ামী লীগের পক্ষ থেকে কলা গাছ দাড়াইলো ওই কলা গাছে জিতবে,0,0.41594806682174057
1 Before Election,1_before_election,877,Vote chor,vote chor,1,0.7333133233871457
1 Before Election,1_before_election,878,এবার একটু আল্লাহরে ভয় করেন এক পা কবরে আপনার এত অমানুষ এর খাতায় নাম লিখাইয়েন নাহ যেনো মরলেও মানুষ খুশিতে নাচে,এবার একটু আল্লাহরে ভয় করেন এক পা কবরে আপনার এত অমানুষ এর খাতায় নাম লিখাইয়েন নাহ যেনো মরলেও মানুষ খুশিতে নাচে,2,0.7906813887403925
1 Before Election,1_before_election,879,"ঢাকা ৮, ১৩,১৭ এই আসন গুলোর ভোট লাইভে গণনার জন্য জোর দাবী জানাচ্ছি।",ঢাকা এই আসন গুলোর ভোট লাইভে গণনার জন্য জোর দাবী জানাচ্ছি,3,0.5507039834189416
1 Before Election,1_before_election,880,ডাকাত,ডাকাত,0,0.59710053000115
1 Before Election,1_before_election,881,পৃথিবীতে সবচেয়ে সুখী মানুষ বিএনপির সকল কর্মী কারন তাদের কোনো লজ্জা শরম নাই ।,পৃথিবীতে সবচেয়ে সুখী মানুষ বিএনপির সকল কর্মী কারন তাদের কোনো লজ্জা শরম নাই,4,0.9182233754905115
1 Before Election,1_before_election,882,"তাদের নেতাকর্মীদের গ্রহন করবে,এটা তো বললেন না।আপনাদের জন্য আওয়ামী লীগ ঠিক ছিল।",তাদের নেতাকর্মীদের গ্রহন করবে এটা তো বললেন না আপনাদের জন্য আওয়ামী লীগ ঠিক ছিল,0,0.36701694622915704
1 Before Election,1_before_election,883,কাক্কু মনে হয় ফেল,কাক্কু মনে হয় ফেল,4,0.7965574769615021
1 Before Election,1_before_election,884,চুরা আব্বাস,চুরা আব্বাস,2,0.5999989471750155
1 Before Election,1_before_election,885,এ হালারে দেখতে আর ভালো লাগেনা,এ হালারে দেখতে আর ভালো লাগেনা,3,0.4241821092971825
1 Before Election,1_before_election,886,অহংকারী ধংশ হবে,অহংকারী ধংশ হবে,0,0.2
1 Before Election,1_before_election,887,Aoyamilig protihoto thakbe ar Abbas ar chadabaji obbahoto thakbe,aoyamilig protihoto thakbe ar abbas ar chadabaji obbahoto thakbe,3,0.7996641922214631
1 Before Election,1_before_election,888,এক ঝুড়ি আরেক ঝুড়িকে বলে তোর পিছনে ছি*দ্র*,এক ঝুড়ি আরেক ঝুড়িকে বলে তোর পিছনে ছি দ্র,2,0.8392580375941359
1 Before Election,1_before_election,889,"Balur track er bishoy ta jodi bolten, oi somoy onk soto cilam.",balur track er bishoy ta jodi bolten oi somoy onk soto cilam,1,0.7325919878662734
1 Before Election,1_before_election,890,Chanda Vai,chanda vai,1,0.5999873628113206
1 Before Election,1_before_election,891,না না না এইটা তো ঠিক না... ওদের DNA-ই তো ভারতের,না না না এইটা তো ঠিক না ওদের dna ই তো ভারতের,3,0.7325869201049383
1 Before Election,1_before_election,892,ai ta to age thaie laganu ache,ai ta to age thaie laganu ache,4,0.8385347594290565
1 Before Election,1_before_election,893,চান্দার ঘুম হারাম হয়ে গেছে,চান্দার ঘুম হারাম হয়ে গেছে,4,0.730825751108597
1 Before Election,1_before_election,894,কেও রং লাগাইয়ো না সরাসরি ভারতি বলো।,কেও রং লাগাইয়ো না সরাসরি ভারতি বলো,0,0.5131366129805011
1 Before Election,1_before_election,895,আপনার দিন শেষ,আপনার দিন শেষ,1,0.5999929304052356
1 Before Election,1_before_election,896,হাদির খুনি,হাদির খুনি,4,0.7299538380792792
1 Before Election,1_before_election,897,চাঁদাবাজ,চাঁদাবাজ,2,0.5996302087266175
1 Before Election,1_before_election,898,আপনার তো চোর তাই বলেছে বুকের দম থাকলে দেখায় দেন সত্যিকারে অর্থে নির্বাচন কে জিতে,আপনার তো চোর তাই বলেছে বুকের দম থাকলে দেখায় দেন সত্যিকারে অর্থে নির্বাচন কে জিতে,1,0.8980171227039382
1 Before Election,1_before_election,899,"রঙ কেন লাগাবে, রং নিজেই মেখেছো",রঙ কেন লাগাবে রং নিজেই মেখেছো,3,0.8387478069273802
1 Before Election,1_before_election,900,সবাই আমার ভাইকে ভুলে গেলেন.....,সবাই আমার ভাইকে ভুলে গেলেন,2,0.6851146664813175
1 Before Election,1_before_election,901,#WeAreHadi #JusticeForHadi #justiceforhadibhai #WeAreOsmanHadi,wearehadi justiceforhadi justiceforhadibhai weareosmanhadi,3,0.799133565231746
1 Before Election,1_before_election,902,Abbas bhai thik ache,abbas bhai thik ache,3,0.7987519873081111
1 Before Election,1_before_election,903,মাফিয়ার ডন,মাফিয়ার ডন,0,0.2
1 Before Election,1_before_election,904,হেতির চান্দিতে সুটার ফয়সালে চেহাড়া ভেসে ওঠে,হেতির চান্দিতে সুটার ফয়সালে চেহাড়া ভেসে ওঠে,0,0.2
1 Before Election,1_before_election,905,#WeAreHadi,wearehadi,4,0.5976393870725284
1 Before Election,1_before_election,906,এই কথাটা যাতে ঠিক থাকে,এই কথাটা যাতে ঠিক থাকে,3,0.3855534776083515
1 Before Election,1_before_election,907,আওয়ামী লীগের মতো আচরণ যারাই করবে জনগণ তাদের প্রত্যাখ্যান করবে ইনশাআল্লাহ,আওয়ামী লীগের মতো আচরণ যারাই করবে জনগণ তাদের প্রত্যাখ্যান করবে ইনশাআল্লাহ,1,0.6371662098517733
1 Before Election,1_before_election,908,অল্পের জন্য স্টক করে মরেন নি,অল্পের জন্য স্টক করে মরেন নি,2,0.7321817143035018
1 Before Election,1_before_election,909,জাওরা গাবগাছ,জাওরা গাবগাছ,0,0.5988649238409791
1 Before Election,1_before_election,910,চোরের মায়ের বড় গলা,চোরের মায়ের বড় গলা,3,0.8393116197489211
1 Before Election,1_before_election,911,Chanda abbas vote chor no.1,chanda abbas vote chor no,1,0.8391217109418593
1 Before Election,1_before_election,912,কারন তর মতো বাটপাড় কেউই নির্বাচনে দাড়ায় নাই...,কারন তর মতো বাটপাড় কেউই নির্বাচনে দাড়ায় নাই,1,0.6870481471493773
1 Before Election,1_before_election,913,স্বৈরাচার মুক্ত দেশ গড়তে গণভোটে হ্যা দিন।,স্বৈরাচার মুক্ত দেশ গড়তে গণভোটে হ্যা দিন,4,0.5399180488197084
1 Before Election,1_before_election,914,ভারতীয় আগ্রাসন রুখতে গণভোটে হ্যা দিন।,ভারতীয় আগ্রাসন রুখতে গণভোটে হ্যা দিন,1,0.7990138162054956
1 Before Election,1_before_election,915,মির্জা গাবগাছ,মির্জা গাবগাছ,2,0.40096713400607537
1 Before Election,1_before_election,917,দাদু কেমন আছেন আপনি পকেটে চাদার টাকা ডুকতে দেরি হচ্ছে,দাদু কেমন আছেন আপনি পকেটে চাদার টাকা ডুকতে দেরি হচ্ছে,3,0.8986124748281137
1 Before Election,1_before_election,918,ভোটকেন্দ্র আপনার স্ত্রীকে ঢুকিয়ে বুট ধান্দাবাজি করছেন।,ভোটকেন্দ্র আপনার স্ত্রীকে ঢুকিয়ে বুট ধান্দাবাজি করছেন,0,0.8391989728727759
1 Before Election,1_before_election,920,#JusticeForHadi #WeAreOsmanHadi,justiceforhadi weareosmanhadi,3,0.7333224511253501
1 Before Election,1_before_election,921,মোদীর বাচ্চা,মোদীর বাচ্চা,3,0.5999862410587549
1 Before Election,1_before_election,923,#killarmirza,killarmirza,0,0.2
1 Before Election,1_before_election,924,আইডিতে গিয়ে একটা ফলে দিলে ভরপুর ভালেবাসা পাইবেন এবং ফলে বেগ পাইবেন,আইডিতে গিয়ে একটা ফলে দিলে ভরপুর ভালেবাসা পাইবেন এবং ফলে বেগ পাইবেন,4,0.8397870851572036
1 Before Election,1_before_election,925,আওয়ামী লীগ এর প্রশ্রয় দেওয়ার প্রমাণ তো পথে ঘাটেই দেখা যাচ্ছে,আওয়ামী লীগ এর প্রশ্রয় দেওয়ার প্রমাণ তো পথে ঘাটেই দেখা যাচ্ছে,3,0.6465543451377009
1 Before Election,1_before_election,926,এবার চাঁদাবাজ রে কোন লোক ভোট দেবে না,এবার চাঁদাবাজ রে কোন লোক ভোট দেবে না,2,0.6351722194510612
1 Before Election,1_before_election,927,স্বৈরাচার ফ্যাসিজমের বিরুদ্ধে দাড়ান।,স্বৈরাচার ফ্যাসিজমের বিরুদ্ধে দাড়ান,1,0.40004833763137065
1 Before Election,1_before_election,928,খান্কিরছেলে কয় কি রে,খান্কিরছেলে কয় কি রে,3,0.5999903300853442
1 Before Election,1_before_election,929,শহীদ শরীফ ওসমান হাদীর হত্যার পিছনে আপনার হাত আছে এটা বাংলাদেশের জনগণ জানে,শহীদ শরীফ ওসমান হাদীর হত্যার পিছনে আপনার হাত আছে এটা বাংলাদেশের জনগণ জানে,2,0.6719570589110232
1 Before Election,1_before_election,930,পূর্বের ১৭ বছর আপনারা বাল ফালাইছেন না এখন বড় বড় লেকচার ছাড়,পূর্বের বছর আপনারা বাল ফালাইছেন না এখন বড় বড় লেকচার ছাড়,2,0.5740353201699916
1 Before Election,1_before_election,931,"এই দেশের মানুষ, আওয়ামীলীগ ও হাসিনাকে গ্রহণ করবে না কিন্তু আওয়ামীলীগের পদস্থবিদের বিএনপিতে যোগ দিবে ? বাটপার",এই দেশের মানুষ আওয়ামীলীগ ও হাসিনাকে গ্রহণ করবে না কিন্তু আওয়ামীলীগের পদস্থবিদের বিএনপিতে যোগ দিবে বাটপার,1,0.5969067869982807
1 Before Election,1_before_election,932,"#JusticeForHadi আমার ভাইয়ের রক্ত খেয়ে কাউকে হজম করতে দেবো না হাদী ভাই আমাদের এমপি, আমাদের সরকার",justiceforhadi আমার ভাইয়ের রক্ত খেয়ে কাউকে হজম করতে দেবো না হাদী ভাই আমাদের এমপি আমাদের সরকার,3,0.9326310860246853
1 Before Election,1_before_election,933,কেননা সব সাইটে বাংলাদেশের স্বৈরাচার হাসিনাকে সরাল এত ছাত্র জনতা মির্জা আব্বাস কোন বিষয় না এটা,কেননা সব সাইটে বাংলাদেশের স্বৈরাচার হাসিনাকে সরাল এত ছাত্র জনতা মির্জা আব্বাস কোন বিষয় না এটা,2,0.5261461911567212
1 Before Election,1_before_election,934,"আমার তো মনে হয় আপনি হয় স্টক করতেন,,নয়তো সুইসাইড করতেন",আমার তো মনে হয় আপনি হয় স্টক করতেন নয়তো সুইসাইড করতেন,0,0.8650747354614433
1 Before Election,1_before_election,935,Kako fail,kako fail,2,0.5999616868450232
1 Before Election,1_before_election,936,আব্বাস হাদী হত্যাকারীর পরিকল্পনাকারী,আব্বাস হাদী হত্যাকারীর পরিকল্পনাকারী,2,0.7980191058097809
1 Before Election,1_before_election,938,Hadir khuni abbas,hadir khuni abbas,3,0.7996651174201002
1 Before Election,1_before_election,939,Nasir by,nasir by,0,0.2
1 Before Election,1_before_election,940,বিএনপি একমাত্র রাজনৈতিক দল যারা ক্ষমতায় যাওয়ার আগেই বাংলাদেশের সর্বস্তরের জনগণ তাদের পতন চায়,বিএনপি একমাত্র রাজনৈতিক দল যারা ক্ষমতায় যাওয়ার আগেই বাংলাদেশের সর্বস্তরের জনগণ তাদের পতন চায়,1,0.9422665847084363
1 Before Election,1_before_election,941,ঢাকা ৮ আপনি পাবেন না মশাই।,ঢাকা আপনি পাবেন না মশাই,2,0.4390590621875438
1 Before Election,1_before_election,942,ভারতের রং লাগানো আছে বর্তমানে বিএনপিদের গায়ে।,ভারতের রং লাগানো আছে বর্তমানে বিএনপিদের গায়ে,3,0.6111923763179941
1 Before Election,1_before_election,943,দুধে ধোয়া তুলসী পাতা,দুধে ধোয়া তুলসী পাতা,3,0.5999624477035596
1 Before Election,1_before_election,944,ইনশাআল্লাহ,ইনশাআল্লাহ,1,0.5970559561885165
1 Before Election,1_before_election,945,আপনার দলের লোকরাই তো আস্রয় দিচ্ছে এক অংগে কতো পদের রুপ,আপনার দলের লোকরাই তো আস্রয় দিচ্ছে এক অংগে কতো পদের রুপ,0,0.4846493994136928
1 Before Election,1_before_election,946,চান্দা আব্বাসউদ্দীন,চান্দা আব্বাসউদ্দীন,2,0.5999980575148754
1 Before Election,1_before_election,947,সম্পর্ক বদলে গেলো একটি পলকে ভোট চুরের কারণে মির্জা আব্বাস আসলো সংসদে,সম্পর্ক বদলে গেলো একটি পলকে ভোট চুরের কারণে মির্জা আব্বাস আসলো সংসদে,2,0.7128552253515531
1 Before Election,1_before_election,948,আপনার বউ হয়েনাকি আসবে হাসিনা কি ?,আপনার বউ হয়েনাকি আসবে হাসিনা কি,1,0.7319709332647417
1 Before Election,1_before_election,949,"এটা আবার কেমন রং, এবারের ঈদে আমিও ইউনিক ভারতীয় রঙের জুতো পড়তে চাই",এটা আবার কেমন রং এবারের ঈদে আমিও ইউনিক ভারতীয় রঙের জুতো পড়তে চাই,1,0.6816592877826971
1 Before Election,1_before_election,950,"ভারতের ডান হাত ছিল আওয়ামীলীগ,,, এবং বাম হাত b*p,,,কথা টা মিলিয়ে দেইখেই",ভারতের ডান হাত ছিল আওয়ামীলীগ এবং বাম হাত b p কথা টা মিলিয়ে দেইখেই,1,0.8833324028493529
1 Before Election,1_before_election,951,কথা যেনো ঠিক থাকে,কথা যেনো ঠিক থাকে,3,0.5496893099330725
1 Before Election,1_before_election,952,চোরের মায়ের লম্বা গলা কথাটা আজ বাস্তবে পরিণত হলো,চোরের মায়ের লম্বা গলা কথাটা আজ বাস্তবে পরিণত হলো,3,0.8993080391745738
1 Before Election,1_before_election,953,শালা চান্দা আব্বাস,শালা চান্দা আব্বাস,2,0.5506079018329385
1 Before Election,1_before_election,954,বুইড়া চুন্নি আব্বাসনি কই,বুইড়া চুন্নি আব্বাসনি কই,3,0.7274279401325152
1 Before Election,1_before_election,955,remember,remember,0,0.2
1 Before Election,1_before_election,956,Keno bharat pochhondo koren e toh,keno bharat pochhondo koren e toh,2,0.5999616747761228
1 Before Election,1_before_election,957,Candabaz,candabaz,0,0.2
1 Before Election,1_before_election,958,"দুর্নীতিবাজ,",দুর্নীতিবাজ,0,0.5989530753172464
1 Before Election,1_before_election,959,"আকাম করছো তাহলে কেমনে মেনে নেয় মানুষ,",আকাম করছো তাহলে কেমনে মেনে নেয় মানুষ,1,0.8992120104811323
1 Before Election,1_before_election,960,ভূতের মুখে রাম রাম,ভূতের মুখে রাম রাম,3,0.8394877528027181
1 Before Election,1_before_election,961,আমরা আশাবাদী জনগণ ভোটের মাঠে প্রমান করবে।,আমরা আশাবাদী জনগণ ভোটের মাঠে প্রমান করবে,1,0.6852244388688348
1 Before Election,1_before_election,962,নানা আপনি অবসরে চলে যান।,নানা আপনি অবসরে চলে যান,0,0.7974851823737141
1 Before Election,1_before_election,963,নোয়াখালী এখন কুমিল্লার যারা ঢাকা ৮ আসনের ভোটার আছেন দয়া করে আপনারা সবাই নাসির উদ্দিন পাটোয়ারী কে ভোট দিবেন,নোয়াখালী এখন কুমিল্লার যারা ঢাকা আসনের ভোটার আছেন দয়া করে আপনারা সবাই নাসির উদ্দিন পাটোয়ারী কে ভোট দিবেন,4,0.9417288311439477
1 Before Election,1_before_election,964,যারা আওয়ামীলীগ করতেন তারা কি এরে ভোট দিবেন,যারা আওয়ামীলীগ করতেন তারা কি এরে ভোট দিবেন,4,0.44190647198628685
1 Before Election,1_before_election,965,ইনশাআল্লাহ আমরা হ্যাঁ ভোটের মাধ্যমে দেশের সর্বস্তরের জনগণ মিলে সন্ত্রাস চান্দাবাজ টেন্ডারবাজ মুক্ত একটি নতুন বাংলাদেশ গড়তে চাই,ইনশাআল্লাহ আমরা হ্যাঁ ভোটের মাধ্যমে দেশের সর্বস্তরের জনগণ মিলে সন্ত্রাস চান্দাবাজ টেন্ডারবাজ মুক্ত একটি নতুন বাংলাদেশ গড়তে চাই,4,0.4744861617195032
1 Before Election,1_before_election,966,#Saluting_Our_Cultural_Hero,saluting our cultural hero,0,0.2
1 Before Election,1_before_election,967,শাপলা কলি জিন্দাবাদ,শাপলা কলি জিন্দাবাদ,2,0.7943618207191833
1 Before Election,1_before_election,968,"মানুষকে ভোটকেন্দ্রে যেতে দিয়েন, যার ভোট তাকে দেয়ার সুযোগ দিয়েন। তাহলেই বুঝবেন আসল খেলা কি।",মানুষকে ভোটকেন্দ্রে যেতে দিয়েন যার ভোট তাকে দেয়ার সুযোগ দিয়েন তাহলেই বুঝবেন আসল খেলা কি,4,0.9376964020408441
1 Before Election,1_before_election,969,Mirza abbas BNP inshallah,mirza abbas bnp inshallah,0,0.7966118065328202
1 Before Election,1_before_election,970,চাদা আব্বাস হারবে সে খুনি,চাদা আব্বাস হারবে সে খুনি,2,0.8658452176966492
1 Before Election,1_before_election,971,Public hase,public hase,0,0.2
1 Before Election,1_before_election,972,হাদিকে সরিয়ে দেওয়ার পিছনে জামাত কাজ করেছে। হাদি একমাত্র আওয়ামী লীগ ও জঙ্গি জামাতের অন্তরায় ছিলো।,হাদিকে সরিয়ে দেওয়ার পিছনে জামাত কাজ করেছে হাদি একমাত্র আওয়ামী লীগ ও জঙ্গি জামাতের অন্তরায় ছিলো,2,0.6590157435812016
1 Before Election,1_before_election,973,#KillerMirzaAbbas,killermirzaabbas,0,0.2
1 Before Election,1_before_election,974,অথচ নিজেদের দলেই আম্লীগের নেতাদের মনোনয়ন দিয়ে রাখসে বাটপার,অথচ নিজেদের দলেই আম্লীগের নেতাদের মনোনয়ন দিয়ে রাখসে বাটপার,3,0.8654018922858949
1 Before Election,1_before_election,975,কবিতা বুঝানোর দিন শেষ,কবিতা বুঝানোর দিন শেষ,1,0.5999929304052356
1 Before Election,1_before_election,976,চান্দা আব্বাস এতো লাফায়েন না ঢাকা -৮ পাবেন না,চান্দা আব্বাস এতো লাফায়েন না ঢাকা পাবেন না,2,0.8629137978467143
1 Before Election,1_before_election,977,বিএনপিকে ভোট দেওয়া মানে নিজের পায়ে নিজে কুড়াল দেওয়া,বিএনপিকে ভোট দেওয়া মানে নিজের পায়ে নিজে কুড়াল দেওয়া,3,0.8198457692849729
1 Before Election,1_before_election,978,আপনি নিজেই তো প্রতি সপ্তাহে সদলবলে গণভবনে যেয়ে হাসিনার সাথে চা খেয়ে আড্ডা মেরে টাকা নিয়ে আসতেন!,আপনি নিজেই তো প্রতি সপ্তাহে সদলবলে গণভবনে যেয়ে হাসিনার সাথে চা খেয়ে আড্ডা মেরে টাকা নিয়ে আসতেন,4,0.9087558532788532
1 Before Election,1_before_election,979,সেজন্য আওয়ামীলীগ কে দলে নিচ্ছেন দল ভারি করতে।মনে রাইখেন পাপ বাপকেও ছাড়েনা।,সেজন্য আওয়ামীলীগ কে দলে নিচ্ছেন দল ভারি করতে মনে রাইখেন পাপ বাপকেও ছাড়েনা,3,0.6833499153778358
1 Before Election,1_before_election,980,মীর্জা আব্বাস না মীর্জাফর,মীর্জা আব্বাস না মীর্জাফর,2,0.4017851003570711
1 Before Election,1_before_election,981,সুষ্ঠ নির্বাচন হলে মির্জা আব্বাস ফেল,সুষ্ঠ নির্বাচন হলে মির্জা আব্বাস ফেল,2,0.7214650969458481
1 Before Election,1_before_election,982,১৭ হারাচ্ছো! তুমি ৮ নিয়ে পড়ে আছো?,হারাচ্ছো তুমি নিয়ে পড়ে আছো,2,0.7972996142617018
1 Before Election,1_before_election,983,যারা বলে এখন মুজিব কোট তুলে রেখে দিছি আওয়ামী লীগ আসলে নামাবো তাদের বেলায় কি??,যারা বলে এখন মুজিব কোট তুলে রেখে দিছি আওয়ামী লীগ আসলে নামাবো তাদের বেলায় কি,0,0.47509202463490374
1 Before Election,1_before_election,984,আমরা চান্দাবাজি সন্ত্রাসী ঢাকা ৮ আসনে দেখতে চাই না,আমরা চান্দাবাজি সন্ত্রাসী ঢাকা আসনে দেখতে চাই না,3,0.6692642781885091
1 Before Election,1_before_election,985,ঢাকা ৮ আসনের জনগণের রুচি কি এতই খারাপ এদেরকে এমপি বানাবে।!,ঢাকা আসনের জনগণের রুচি কি এতই খারাপ এদেরকে এমপি বানাবে,4,0.8645725532616891
1 Before Election,1_before_election,986,আমরা আশাবাদী এবারের নির্বাচনে বাংলাদেশের জনগণ চাঁন্দাবাজ খুনিদের কে ও আর সুযোগ দেবে না ইনশাআল্লাহ,আমরা আশাবাদী এবারের নির্বাচনে বাংলাদেশের জনগণ চাঁন্দাবাজ খুনিদের কে ও আর সুযোগ দেবে না ইনশাআল্লাহ,1,0.9266436405267942
1 Before Election,1_before_election,987,বাংলাদেশের মানুষ ন্যায় ইনসাফ আজাদী ভিত্তি শাসন চায়।,বাংলাদেশের মানুষ ন্যায় ইনসাফ আজাদী ভিত্তি শাসন চায়,1,0.7059600618192833
1 Before Election,1_before_election,988,চাদাবাজ সন্ত্রাসী লুটপাটের দেশ সাধারণ মানুষের পছন্দ করে না।,চাদাবাজ সন্ত্রাসী লুটপাটের দেশ সাধারণ মানুষের পছন্দ করে না,4,0.8816847032907821
1 Before Election,1_before_election,989,"হ দিবোনে তোমারে,,",হ দিবোনে তোমারে,4,0.598253991854066
1 Before Election,1_before_election,990,"হাসিনাকে ভুলে গেলেন,আপনার ঢাকা ব্যাংকে একটা ফুলের টোকাও লাগতে দেয় নাই।",হাসিনাকে ভুলে গেলেন আপনার ঢাকা ব্যাংকে একটা ফুলের টোকাও লাগতে দেয় নাই,3,0.6657982989191991
1 Before Election,1_before_election,991,দেশে আসলেই তোমাকে বাগুন ভরে দেয়া হবে,দেশে আসলেই তোমাকে বাগুন ভরে দেয়া হবে,2,0.8365146285927271
1 Before Election,1_before_election,992,ওই নির্বাচনে আপনার পরাজয় নিশ্চিত হবে ইনশাআল্লাহ,ওই নির্বাচনে আপনার পরাজয় নিশ্চিত হবে ইনশাআল্লাহ,1,0.7991130676899852
1 Before Election,1_before_election,993,এই পাগল কে ভোট দিলে দেশের বারোটা বেজে যাবে,এই পাগল কে ভোট দিলে দেশের বারোটা বেজে যাবে,4,0.8849083020915861
1 Before Election,1_before_election,994,সব জায়গায় তো আওয়ামী তো সবাই এখন বি,সব জায়গায় তো আওয়ামী তো সবাই এখন বি,0,0.6404463473776186
1 Before Election,1_before_election,995,আরে ভাই আপনারা সবাই মির্জা আব্বাসকে নিয়ে আবোল তাবোল বলতেছেন কেউ পজিটিভ কথা বলেন।,আরে ভাই আপনারা সবাই মির্জা আব্বাসকে নিয়ে আবোল তাবোল বলতেছেন কেউ পজিটিভ কথা বলেন,0,0.7765057109944729
1 Before Election,1_before_election,996,এটা সাধারণ মানুষ জানে,এটা সাধারণ মানুষ জানে,4,0.7977787934652789
1 Before Election,1_before_election,997,ভারতীয় রং বরং ভারতীয় চামড়া পড়ে আছেন।,ভারতীয় রং বরং ভারতীয় চামড়া পড়ে আছেন,1,0.8838086835009181
1 Before Election,1_before_election,998,সুর পালটে গেলো মনে হচ্ছে,সুর পালটে গেলো মনে হচ্ছে,2,0.8377073847087316
1 Before Election,1_before_election,999,"হেতি নাকি হত্যাকারী, সবাই কয় আরকি৷",হেতি নাকি হত্যাকারী সবাই কয় আরকি৷,3,0.5726375635603131
1 Before Election,1_before_election,1000,টেম্পু,টেম্পু,0,0.2
1 Before Election,1_before_election,1001,ভন্ড তার নিজের দলের লোকেরাই আনুষ্ঠানিক ভাবে দলে আওয়ামীলীগের লোককে আশ্রয় দিয়েছে,ভন্ড তার নিজের দলের লোকেরাই আনুষ্ঠানিক ভাবে দলে আওয়ামীলীগের লোককে আশ্রয় দিয়েছে,3,0.9104621337040386
1 Before Election,1_before_election,1002,হাদী হত্যার প্রধান নায়ক,হাদী হত্যার প্রধান নায়ক,3,0.8388614200200643
1 Before Election,1_before_election,1003,এই ঢাকা আট নির্বাচনই জন্যই আজ হাদী ভাই কবরে।,এই ঢাকা আট নির্বাচনই জন্যই আজ হাদী ভাই কবরে,3,0.5220871910701826
1 Before Election,1_before_election,1004,কাকা বিএম্পি আমিলীকগে জায়গায় জায়গায় গ্রহন করছে,কাকা বিএম্পি আমিলীকগে জায়গায় জায়গায় গ্রহন করছে,1,0.8393628320196688
1 Before Election,1_before_election,1005,চান্দাব্বাস। এলাকায় এমন কোনো দোকান নাই চান্দা না তুলে,চান্দাব্বাস এলাকায় এমন কোনো দোকান নাই চান্দা না তুলে,2,0.8831878117616699
1 Before Election,1_before_election,1006,"মির্জা আব্বাস এর পাপের ফসল, নাসিরউদ্দিনের পাটোয়ারি",মির্জা আব্বাস এর পাপের ফসল নাসিরউদ্দিনের পাটোয়ারি,2,0.7333324244473141
1 Before Election,1_before_election,1007,চাচা ভালো হয়ে যাও চাদাবাজী করা বাদ দাও মানুষ কিন্তু সব জানে,চাচা ভালো হয়ে যাও চাদাবাজী করা বাদ দাও মানুষ কিন্তু সব জানে,4,0.4835487639932033
1 Before Election,1_before_election,1008,পিওনের ছেলে আন্ডার মেট্রিক কিভাবে একটা ব্যাংকের মালিক হয় এটাই মাথায় ঢুকে না আমার।,পিওনের ছেলে আন্ডার মেট্রিক কিভাবে একটা ব্যাংকের মালিক হয় এটাই মাথায় ঢুকে না আমার,4,0.9103075894273338
1 Before Election,1_before_election,1009,দলে দলে লীগের প্রার্থী দিচ্ছে আবার বলে যায়গা নাই।,দলে দলে লীগের প্রার্থী দিচ্ছে আবার বলে যায়গা নাই,3,0.9093050784930133
1 Before Election,1_before_election,1010,এটা আবার নতুন কি,এটা আবার নতুন কি,4,0.7310997695482716
1 Before Election,1_before_election,1011,কোন ষড়যন্ত্রে কাজ হবে না ইনশাআল্লাহ ধানের শীষের বিজয় সুনিশ্চিত,কোন ষড়যন্ত্রে কাজ হবে না ইনশাআল্লাহ ধানের শীষের বিজয় সুনিশ্চিত,4,0.8954987980598526
1 Before Election,1_before_election,1012,অলি অলি,অলি অলি,4,0.733312952278692
1 Before Election,1_before_election,1013,Canddabazz.com,canddabazz com,0,0.2
1 Before Election,1_before_election,1014,জনগণ দেখবে,জনগণ দেখবে,1,0.40107045529127294
1 Before Election,1_before_election,1015,"ইজ্জত থাকতে মনোনয়ন প্রত্যাহার করেন, নইলে জমানত বাজেয়াপ্ত হবে।",ইজ্জত থাকতে মনোনয়ন প্রত্যাহার করেন নইলে জমানত বাজেয়াপ্ত হবে,1,0.8642493108216512
1 Before Election,1_before_election,1016,বটবাহিনী মির্জা আব্বাসের পিছনে ভালই লেগেছে তবে যারা কমেন্ট করছে এরা সবাই সারা বাংলাদেশের বটবাহিনী!,বটবাহিনী মির্জা আব্বাসের পিছনে ভালই লেগেছে তবে যারা কমেন্ট করছে এরা সবাই সারা বাংলাদেশের বটবাহিনী,2,0.9313605652413559
1 Before Election,1_before_election,1017,ইনশাআল্লাহ জয় আপনার হবে,ইনশাআল্লাহ জয় আপনার হবে,1,0.7314919380954857
1 Before Election,1_before_election,1018,বট বাহিনী,বট বাহিনী,0,0.7326791034894445
1 Before Election,1_before_election,1019,আসল কথা,আসল কথা,1,0.5956929474439634
1 Before Election,1_before_election,1020,বি এন পি একটি ক্ষুদার্ত সন্ত্রাসী দল এদের মুখে দেশের মানুষ পেশাব পায়খানা করবে অপেক্ষা শুধু সময়ের!!!,বি এন পি একটি ক্ষুদার্ত সন্ত্রাসী দল এদের মুখে দেশের মানুষ পেশাব পায়খানা করবে অপেক্ষা শুধু সময়ের,0,0.926208180650151
1 Before Election,1_before_election,1021,খুনিদেরকে দেশের মানুষ ক্ষমতাই দেখতে চায়না,খুনিদেরকে দেশের মানুষ ক্ষমতাই দেখতে চায়না,0,0.8383595299626977
1 Before Election,1_before_election,1022,বিএনপি পাশ করলে ও আপনি ডাবল ফেল হবেন ।,বিএনপি পাশ করলে ও আপনি ডাবল ফেল হবেন,2,0.8641069011593818
1 Before Election,1_before_election,1023,আপনাদেরকে শায়েস্তা করার জন্য একমাত্র শেখ হাসিনাই যথেষ্ট ছিল,আপনাদেরকে শায়েস্তা করার জন্য একমাত্র শেখ হাসিনাই যথেষ্ট ছিল,1,0.8660427999944154
1 Before Election,1_before_election,1024,অথচ দশ বছর পরে শেখ হাসিনাকে ফিরিয়ে আনার ঘোষণা দিলেন বিএনপির এক নেত্রী,অথচ দশ বছর পরে শেখ হাসিনাকে ফিরিয়ে আনার ঘোষণা দিলেন বিএনপির এক নেত্রী,3,0.9260468113481848
1 Before Election,1_before_election,1025,সময়ের অপেক্ষা মাএ,সময়ের অপেক্ষা মাএ,0,0.7325815926396981
1 Before Election,1_before_election,1026,এইবার মনে হয় তোমারে লাল কার্ড দেখাবে জনগণ,এইবার মনে হয় তোমারে লাল কার্ড দেখাবে জনগণ,4,0.5987512590135073
1 Before Election,1_before_election,1027,insha'Allah Mirza saheb,insha allah mirza saheb,0,0.733322765536868
1 Before Election,1_before_election,1028,যারা থাকেই রংয়ের মধ্যে তাদের গায়কি রংলাগানো যায়।,যারা থাকেই রংয়ের মধ্যে তাদের গায়কি রংলাগানো যায়,4,0.5959595440400706
1 Before Election,1_before_election,1029,NCPভাইদেরকে অনুরোধ করবো আমজাদ ভাইকে সমর্থনের কথা কেন্দ্রীয়ভাবে সমর্থন এবং জানানো হোক এর ফলে পলাশে আপনাদের জন্য এবং সকল জনগণের জন্য ভালো হবে,ncpভাইদেরকে অনুরোধ করবো আমজাদ ভাইকে সমর্থনের কথা কেন্দ্রীয়ভাবে সমর্থন এবং জানানো হোক এর ফলে পলাশে আপনাদের জন্য এবং সকল জনগণের জন্য ভালো হবে,4,0.6838212702416588
1 Before Election,1_before_election,1030,ইনশাআল্লাহ ঢাকা ৮ টের মানুষ আপনাকে গ্রহণ করবে না?,ইনশাআল্লাহ ঢাকা টের মানুষ আপনাকে গ্রহণ করবে না,4,0.8646619937886989
1 Before Election,1_before_election,1031,tui jan war hadi k marsos,tui jan war hadi k marsos,4,0.798754043953531
1 Before Election,1_before_election,1032,এবার চির জীবনের জন্য হারাতে হবে ঢাকা ৮ আসন। ১৭ পর ঘেউ ঘেউ জনগণ তার জানে কে আপনি সন্ত্রাস,এবার চির জীবনের জন্য হারাতে হবে ঢাকা আসন পর ঘেউ ঘেউ জনগণ তার জানে কে আপনি সন্ত্রাস,4,0.7944523853749839
1 Before Election,1_before_election,1033,"লুটতরাজ, চাঁদাবাজি ও স্বৈরাচার মুক্ত দেশ গঠনে অবশ্যই আমাদের ""হ্যা"" ভোট দিতে হবে।",লুটতরাজ চাঁদাবাজি ও স্বৈরাচার মুক্ত দেশ গঠনে অবশ্যই আমাদের হ্যা ভোট দিতে হবে,4,0.7883698295985463
1 Before Election,1_before_election,1034,আওয়ামীলীগকে আশ্রয় দেওয়া একমাত্র দল বিএনপি,আওয়ামীলীগকে আশ্রয় দেওয়া একমাত্র দল বিএনপি,3,0.863461565629602
1 Before Election,1_before_election,1035,আলহামদুলিল্লাহ আমরা হাজী সেলিমের রিপ্লেসমেন্ট পেয়ে গেছি,আলহামদুলিল্লাহ আমরা হাজী সেলিমের রিপ্লেসমেন্ট পেয়ে গেছি,4,0.7323434002453624
1 Before Election,1_before_election,1036,তোমার কপালে সনির দশা।,তোমার কপালে সনির দশা,0,0.2
1 Before Election,1_before_election,1037,"Kuttar bachcha futfute sundor, chandabbas kuni hadir",kuttar bachcha futfute sundor chandabbas kuni hadir,3,0.599982570091193
1 Before Election,1_before_election,1038,ধন্যবাদ মির্জা ভাই,ধন্যবাদ মির্জা ভাই,3,0.48317066945061427
1 Before Election,1_before_election,1039,কিন্তু আওয়ামী লীগ কে বিএনপি গ্রহণ করতেছে সামনেও করবে।,কিন্তু আওয়ামী লীগ কে বিএনপি গ্রহণ করতেছে সামনেও করবে,0,0.865322386259155
1 Before Election,1_before_election,1040,হাদী দেখাতে চেয়েছিল:—,হাদী দেখাতে চেয়েছিল,3,0.5974671163919536
1 Before Election,1_before_election,1041,আমি আওয়ামী লীগ করি,আমি আওয়ামী লীগ করি,0,0.799071957110333
1 Before Election,1_before_election,1042,বটদের কমেন্ট ভরা।,বটদের কমেন্ট ভরা,2,0.5999822224592665
1 Before Election,1_before_election,1043,আর যাই হোক ঢাকা ৮ আসনের লোকজন আপনাকে এমপি হিসেবে দেখতে চায় না। আপনি এমপি হচ্ছেন না এই কথা ক্লিয়ার,আর যাই হোক ঢাকা আসনের লোকজন আপনাকে এমপি হিসেবে দেখতে চায় না আপনি এমপি হচ্ছেন না এই কথা ক্লিয়ার,0,0.5341359985511088
1 Before Election,1_before_election,1044,আপনি মনে মনে ধরে নেন,আপনি মনে মনে ধরে নেন,4,0.8381797614033027
1 Before Election,1_before_election,1045,জোকার,জোকার,1,0.5999776423085609
1 Before Election,1_before_election,1046,মানুষ চান্দাবাজের বিরুদ্ধে আছে।,মানুষ চান্দাবাজের বিরুদ্ধে আছে,0,0.7983363261226954
1 Before Election,1_before_election,1047,খালেদা জিয়ার বাসার সামনে থেকে একটা বালুর ট্রাক সরাতে পারে নাই আবার বড় বড় কথা বলে,খালেদা জিয়ার বাসার সামনে থেকে একটা বালুর ট্রাক সরাতে পারে নাই আবার বড় বড় কথা বলে,3,0.75078003116978
1 Before Election,1_before_election,1048,তোমার আর বেইল নাই,তোমার আর বেইল নাই,3,0.5983294654159034
1 Before Election,1_before_election,1049,Mukh O mukhosh...,mukh o mukhosh,0,0.2
1 Before Election,1_before_election,1050,পাঁচ বার দুর্নীতিতে চেম্পিয়ান,পাঁচ বার দুর্নীতিতে চেম্পিয়ান,0,0.7321855277150596
1 Before Election,1_before_election,1051,মানুষ আর পুরান খায় না,মানুষ আর পুরান খায় না,2,0.7950814749030639
1 Before Election,1_before_election,1052,হাদী মারলো কারা জাতি জানতে চায়,হাদী মারলো কারা জাতি জানতে চায়,2,0.5063580510480518
1 Before Election,1_before_election,1053,ইনশাআল্লাহ দাঁড়িপাল্লা,ইনশাআল্লাহ দাঁড়িপাল্লা,1,0.7301798693641377
1 Before Election,1_before_election,1054,Muhammad Yasin মির্জা আব্বাসের আসে পাশে আসার মতো হতে অনেক যুগ লাগবে,muhammad yasin মির্জা আব্বাসের আসে পাশে আসার মতো হতে অনেক যুগ লাগবে,2,0.785372508973894
1 Before Election,1_before_election,1055,ইনশাল্লাহ এখানে আপনি বিশাল ব্যবধানের জয় হবেন ধানের শীষ,ইনশাল্লাহ এখানে আপনি বিশাল ব্যবধানের জয় হবেন ধানের শীষ,4,0.8992532915438176
1 Before Election,1_before_election,1056,"মানুষ এখন কথায় বিশ্বাস করে না,কাজে।",মানুষ এখন কথায় বিশ্বাস করে না কাজে,0,0.8380258389296618
1 Before Election,1_before_election,1057,তোমারদের কথায় ভেজাল আছে,তোমারদের কথায় ভেজাল আছে,1,0.5983849953782144
1 Before Election,1_before_election,1058,#হাদীর_হত্যাকারী,হাদীর হত্যাকারী,2,0.730376507975478
1 Before Election,1_before_election,1059,মুখে মুখে ..,মুখে মুখে,0,0.7320795000118422
1 Before Election,1_before_election,1060,খুনি আব্বাস!,খুনি আব্বাস,2,0.7326685831025249
1 Before Election,1_before_election,1061,ধান্দাবাজের মুখে রাম রাম,ধান্দাবাজের মুখে রাম রাম,3,0.7990852736204274
1 Before Election,1_before_election,1062,হাসিনা যখন আসবে আপনার কেউ বাংলাদেশ এ থাকবেনা।,হাসিনা যখন আসবে আপনার কেউ বাংলাদেশ এ থাকবেনা,1,0.7960628813057568
1 Before Election,1_before_election,1063,মির্জা আব্বাস তোমাকে যারা ভোট দেবে তারা হাদীর সাথে বেইমানি করবে ইনসাফের সাথে বেইমানি করবে ইনকিলাব জিন্দাবাদ,মির্জা আব্বাস তোমাকে যারা ভোট দেবে তারা হাদীর সাথে বেইমানি করবে ইনসাফের সাথে বেইমানি করবে ইনকিলাব জিন্দাবাদ,2,0.37978093494344717
1 Before Election,1_before_election,1064,ধানের শীষ,ধানের শীষ,4,0.7333323372724806
1 Before Election,1_before_election,1065,চান্দ আব্বাস,চান্দ আব্বাস,2,0.4010356884501404
1 Before Election,1_before_election,1066,আল্লাহ বিএনপি থেকে বাংলাদেশকে হেফাজত করুক যেভাবে করেছেন আওয়ামীলীগ থেকে। আগামীর বাংলাদেশ হবে ইসলামের বাংলাদেশ ইনশাআল্লাহ।,আল্লাহ বিএনপি থেকে বাংলাদেশকে হেফাজত করুক যেভাবে করেছেন আওয়ামীলীগ থেকে আগামীর বাংলাদেশ হবে ইসলামের বাংলাদেশ ইনশাআল্লাহ,3,0.5884389543375949
1 Before Election,1_before_election,1067,মানে ৮ আসনে আপনাকে খেয়ে দিবে নাসির পাটোয়ারী বাকিটা সময়ে বলে দিবে,মানে আসনে আপনাকে খেয়ে দিবে নাসির পাটোয়ারী বাকিটা সময়ে বলে দিবে,3,0.9187442694154812
1 Before Election,1_before_election,1068,এই খুনির বিচার আমরা করবই ইনশাআল্লাহ।,এই খুনির বিচার আমরা করবই ইনশাআল্লাহ,3,0.5483786026870495
1 Before Election,1_before_election,1069,তরা ত ভারতেরি এজেন্ট রং আর লাগাইব কি,তরা ত ভারতেরি এজেন্ট রং আর লাগাইব কি,1,0.7298999632255817
1 Before Election,1_before_election,1070,হা/লারা,হা লারা,0,0.598515974904198
1 Before Election,1_before_election,1071,হেতেন শীতে হাগল ওই গেছে।,হেতেন শীতে হাগল ওই গেছে,0,0.2
1 Before Election,1_before_election,1072,গোপন আঁতাত করে এখন লম্বা লম্বা কথা বলে আজকে হারুন ঘোষণা করেছে আ'লীগ কাউকে গ্রেফতার করলে থানা ঘেরাও করে নিয়ে আসবে,গোপন আঁতাত করে এখন লম্বা লম্বা কথা বলে আজকে হারুন ঘোষণা করেছে আ লীগ কাউকে গ্রেফতার করলে থানা ঘেরাও করে নিয়ে আসবে,2,0.7608016942059712
1 Before Election,1_before_election,1073,Allahy jani toder thokay,allahy jani toder thokay,0,0.2
1 Before Election,1_before_election,1074,Tui hadi re khun korchoch,tui hadi re khun korchoch,4,0.7987936380431095
1 Before Election,1_before_election,1075,নিজের গায়ে নিজেইতো মেখে বসে আছেন,নিজের গায়ে নিজেইতো মেখে বসে আছেন,3,0.8664707801104331
1 Before Election,1_before_election,1076,দেশে আনার ব্যাবস্থা করে দেন।তাদের লোকজন কে তো বিএনপি নামধারী আওয়ামী লীগের দোসর চাঁদাবাজ লুটপাট দখলবাজ মাধক কারবারীদের পুনবাসন করছে,দেশে আনার ব্যাবস্থা করে দেন তাদের লোকজন কে তো বিএনপি নামধারী আওয়ামী লীগের দোসর চাঁদাবাজ লুটপাট দখলবাজ মাধক কারবারীদের পুনবাসন করছে,2,0.5636832664230037
1 Before Election,1_before_election,1077,সন্ধ্যার পর ভোটের জন্য সাবের চৌধুরী সাহেবকে ভোটের সহযোগিতা চেয়ে কল দেননা তার গ্যারান্টি কি??,সন্ধ্যার পর ভোটের জন্য সাবের চৌধুরী সাহেবকে ভোটের সহযোগিতা চেয়ে কল দেননা তার গ্যারান্টি কি,1,0.8645233875409417
1 Before Election,1_before_election,1078,আপনাদের হারুন ভাই দেয় চোখে দেখেন না থানা এটাক করবে ঘোষনা দিতেছে,আপনাদের হারুন ভাই দেয় চোখে দেখেন না থানা এটাক করবে ঘোষনা দিতেছে,2,0.9103390055620172
1 Before Election,1_before_election,1079,"অন্যান্য সকল প্রার্থী ঢাকা ৮ আসনে যত ভোট পাবে, তার তিন গুণ বেশি ভোট পেয়ে মির্জা আব্বাস সাহেব বিজয়ী হবেন।",অন্যান্য সকল প্রার্থী ঢাকা আসনে যত ভোট পাবে তার তিন গুণ বেশি ভোট পেয়ে মির্জা আব্বাস সাহেব বিজয়ী হবেন,4,0.5313157282312714
1 Before Election,1_before_election,1080,আপনারাই ঘোষণা দিয়ে আশ্রয় দিচ্ছেন।,আপনারাই ঘোষণা দিয়ে আশ্রয় দিচ্ছেন,0,0.8389775083483855
1 Before Election,1_before_election,1081,"সময় হলে বুঝবে,, ভালো-মন্দ খুঁজবে",সময় হলে বুঝবে ভালো মন্দ খুঁজবে,4,0.8370350107724612
1 Before Election,1_before_election,1082,হাসিনা গোপনে কল দিয়ে ফান করছি বলিয়েন না,হাসিনা গোপনে কল দিয়ে ফান করছি বলিয়েন না,3,0.7302048263740453
1 Before Election,1_before_election,1083,বিএনপির সব চেয়ে সুবিধাবাদী নেতা। আওয়ামী আমলে যেন এখন ও তেমন।,বিএনপির সব চেয়ে সুবিধাবাদী নেতা আওয়ামী আমলে যেন এখন ও তেমন,4,0.736161618833147
1 Before Election,1_before_election,1084,ঢাকা 8 এজন্যই তো ওসমান হাদী ভাইকে মেরে ফেলা হয়াছে,ঢাকা এজন্যই তো ওসমান হাদী ভাইকে মেরে ফেলা হয়াছে,3,0.8843045564396088
1 Before Election,1_before_election,1085,ভারতীয় রঙের ডিব্বায় ডুব দিয়ে এখন বলেন রং লাগানোর চেষ্টা করা হচ্ছে। এটা কোন কথা হইল।,ভারতীয় রঙের ডিব্বায় ডুব দিয়ে এখন বলেন রং লাগানোর চেষ্টা করা হচ্ছে এটা কোন কথা হইল,0,0.5521289428198941
1 Before Election,1_before_election,1086,বোকা বানিয়ে ধোঁকা দিয়ে ক্ষমতায় যেতে চায়। আওয়ামী লীগ কে পূর্ন বাংলাদেশের মাটিতে বিএনপি আনার ব্যবস্থা করতে মরিয়া হয়ে গেছে।,বোকা বানিয়ে ধোঁকা দিয়ে ক্ষমতায় যেতে চায় আওয়ামী লীগ কে পূর্ন বাংলাদেশের মাটিতে বিএনপি আনার ব্যবস্থা করতে মরিয়া হয়ে গেছে,1,0.5339277197996557
1 Before Election,1_before_election,1087,Jamat,jamat,0,0.2
1 Before Election,1_before_election,1088,Dhaka8 Hadi,dhaka hadi,1,0.7316733946518689
1 Before Election,1_before_election,1089,ফুটফুটে সুন্দর.......,ফুটফুটে সুন্দর,0,0.5989652897391818
1 Before Election,1_before_election,1090,মানুষ বুঝে এখন আর আগের দিন নাই,মানুষ বুঝে এখন আর আগের দিন নাই,4,0.8379449314134038
1 Before Election,1_before_election,1091,চাঁদাবাজ আগে হাদি হত্যার বিচার করেন তারপরে লেকচার দেন ২৪ শে জুলাই পরে মানুষ এখন কেয়ারফুল,চাঁদাবাজ আগে হাদি হত্যার বিচার করেন তারপরে লেকচার দেন শে জুলাই পরে মানুষ এখন কেয়ারফুল,2,0.6037064112928533
1 Before Election,1_before_election,1092,মির্জা আব্বাস কে ও পতিহত করা হবে,মির্জা আব্বাস কে ও পতিহত করা হবে,2,0.7333324244473141
1 Before Election,1_before_election,1093,আজকে নাকি মিটিং হয়েছে,আজকে নাকি মিটিং হয়েছে,2,0.7989081063320371
1 Before Election,1_before_election,1094,রঙ লাগানোর পর আরো সুন্দর দেখায়,রঙ লাগানোর পর আরো সুন্দর দেখায়,0,0.8847610685369676
1 Before Election,1_before_election,1095,পুরনো রাজনীতি জনগণ চায়না এটা বোঝার ক্ষমতা কি আপনার আছে,পুরনো রাজনীতি জনগণ চায়না এটা বোঝার ক্ষমতা কি আপনার আছে,1,0.44163806699198316
1 Before Election,1_before_election,1096,হাদী খুনের বিচার চাই,হাদী খুনের বিচার চাই,3,0.6238039493290666
1 Before Election,1_before_election,1097,"এটা ভোট পাওয়ার জন্য কৌশল মাত্র, সারাদেশে ওনার দলের কেন্দ্রিয় নেতারা আওয়ামী লীগের সাথে আপোষের ঘোষণা দেয়,আর উনি নতুন সবক দিচ্ছে মানুষকে।",এটা ভোট পাওয়ার জন্য কৌশল মাত্র সারাদেশে ওনার দলের কেন্দ্রিয় নেতারা আওয়ামী লীগের সাথে আপোষের ঘোষণা দেয় আর উনি নতুন সবক দিচ্ছে মানুষকে,3,0.41762692135073853
1 Before Election,1_before_election,1098,পরিবারতন্ত্র কে না বলুন।,পরিবারতন্ত্র কে না বলুন,2,0.5999822141662291
1 Before Election,1_before_election,1099,কিও কয় চাচায়,কিও কয় চাচায়,3,0.5999903300853442
1 Before Election,1_before_election,1100,Miza Abas ok sapot,miza abas ok sapot,0,0.2
1 Before Election,1_before_election,1101,এদেশের মানুষ চোর গ্রহণ করবে না বাটপার গ্রহণ করবে না ছিনতাই চাঁদাবাজ গ্রহণ করবে না,এদেশের মানুষ চোর গ্রহণ করবে না বাটপার গ্রহণ করবে না ছিনতাই চাঁদাবাজ গ্রহণ করবে না,1,0.7898104333617202
1 Before Election,1_before_election,1102,হাদির হত্যার বিচার আগে,হাদির হত্যার বিচার আগে,3,0.7988932731923297
1 Before Election,1_before_election,1103,তারপরে নির্বাচন,তারপরে নির্বাচন,3,0.7231045387091954
1 Before Election,1_before_election,1104,আর খায়না,আর খায়না,0,0.2
1 Before Election,1_before_election,1105,এখানে জামাত শিবিরের গুপ্তবাহিনী বট বাহিনি আছে,এখানে জামাত শিবিরের গুপ্তবাহিনী বট বাহিনি আছে,0,0.7994376445255722
1 Before Election,1_before_election,1106,"এইডার আয়ু কমে আসছে,,",এইডার আয়ু কমে আসছে,0,0.731511434243573
1 Before Election,1_before_election,1107,চান্দা,চান্দা,2,0.5999980575148754
1 Before Election,1_before_election,1108,"কথায় কি বুঝলেন, আর এক স্বৈরাচার উৎপত্তির আভাস,",কথায় কি বুঝলেন আর এক স্বৈরাচার উৎপত্তির আভাস,1,0.7328835634135085
1 Before Election,1_before_election,1109,"শেখ হাসিনার গৃহপালিত পশু,,,",শেখ হাসিনার গৃহপালিত পশু,1,0.7327768630097479
1 Before Election,1_before_election,1110,"এক মেয়ের সাথে কিছু করতে পারেন নাই, আর আসছেন শেখ হাসিনা আটকানোর জন্য",এক মেয়ের সাথে কিছু করতে পারেন নাই আর আসছেন শেখ হাসিনা আটকানোর জন্য,3,0.8650657861847874
1 Before Election,1_before_election,1111,বিএনপির একেক নেতারা এক এক বক্তব্য দিচ্ছে,বিএনপির একেক নেতারা এক এক বক্তব্য দিচ্ছে,3,0.6156715440608793
1 Before Election,1_before_election,1112,আপনি শহীদ ওসমান বিন হাদি হত্যার দায় এড়াতে পারবেননা।,আপনি শহীদ ওসমান বিন হাদি হত্যার দায় এড়াতে পারবেননা,2,0.679811953142848
1 Before Election,1_before_election,1113,"Dhaka 8, Fantastic",dhaka fantastic,1,0.5999839632727981
1 Before Election,1_before_election,1114,"বি এন পি দলের নেতাদের কথার কোনো আগা মাথা নাই,এক নেতা বলে হাসিনাকে আনবে আরেক নেতা ভোটের৷ জন্য বলে আনবে না,,কার কথা মানুষ বিশ্বাস করবে",বি এন পি দলের নেতাদের কথার কোনো আগা মাথা নাই এক নেতা বলে হাসিনাকে আনবে আরেক নেতা ভোটের৷ জন্য বলে আনবে না কার কথা মানুষ বিশ্বাস করবে,3,0.4941404170779806
1 Before Election,1_before_election,1115,কথা টাকি শেষ পযন্ত ঠিক থাকবে।,কথা টাকি শেষ পযন্ত ঠিক থাকবে,1,0.5498201819671488
1 Before Election,1_before_election,1116,আহা রে এভাবে যদি হাদি ভাই এর বিচারটা করতে পারতেন নিজ দায়িত্বে তাহলে এমন না বললেও জনগণ আপনাকে বুকে টেনে নিতো,আহা রে এভাবে যদি হাদি ভাই এর বিচারটা করতে পারতেন নিজ দায়িত্বে তাহলে এমন না বললেও জনগণ আপনাকে বুকে টেনে নিতো,3,0.6046238433828648
1 Before Election,1_before_election,1117,"এই বক্তব্য এই মূহুর্তে দেওয়া ঠিক হয় নাই,,একে বলে নিজের পায়ে নিজে কুড়াল মারা।",এই বক্তব্য এই মূহুর্তে দেওয়া ঠিক হয় নাই একে বলে নিজের পায়ে নিজে কুড়াল মারা,3,0.7460791945134571
1 Before Election,1_before_election,1118,বিএনপি একমাত্র দল যারা ক্ষমতায় যাবার আগে জনগণ পতন চায় বিএনপির সময় তিনবার সন্ত্রাসীতে চ্যাম্পিয়ন হয়েছিল বিশ্বের বুকে আমাদের ছোট হতে হয়েছিল,বিএনপি একমাত্র দল যারা ক্ষমতায় যাবার আগে জনগণ পতন চায় বিএনপির সময় তিনবার সন্ত্রাসীতে চ্যাম্পিয়ন হয়েছিল বিশ্বের বুকে আমাদের ছোট হতে হয়েছিল,1,0.9493880913055404
1 Before Election,1_before_election,1119,"ইনশাআল্লাহ, ধানের শীষের হবে জয়",ইনশাআল্লাহ ধানের শীষের হবে জয়,4,0.839036688432118
1 Before Election,1_before_election,1120,ঢাকা ৮ আসন হাদি ভাইয়ের রক্তে রঞ্জিত পথ...,ঢাকা আসন হাদি ভাইয়ের রক্তে রঞ্জিত পথ,3,0.8658926844217367
1 Before Election,1_before_election,1121,পাগলে বলে কি,পাগলে বলে কি,3,0.597064358830257
1 Before Election,1_before_election,1122,বয়স হয়েছে আপনি এবার মসজিদে গিয়ে আল্লাহ আল্লাহ করেন,বয়স হয়েছে আপনি এবার মসজিদে গিয়ে আল্লাহ আল্লাহ করেন,3,0.5110419157396389
1 Before Election,1_before_election,1123,পথ ক্লিয়ার করে ওয়াজ করলে যা হয়,পথ ক্লিয়ার করে ওয়াজ করলে যা হয়,2,0.8651177253861241
1 Before Election,1_before_election,1124,দেশে আনার জন্য আপনার উৎপেতে বসে আছেন,দেশে আনার জন্য আপনার উৎপেতে বসে আছেন,3,0.8362111643854819
1 Before Election,1_before_election,1125,বাংলাদেশের জনগণ আপনাদেরকে চায় না বহুত আপনাদেরকে সময় দিয়েছে আর না এবারের শপথ দাঁড়িপাল্লার শপথ,বাংলাদেশের জনগণ আপনাদেরকে চায় না বহুত আপনাদেরকে সময় দিয়েছে আর না এবারের শপথ দাঁড়িপাল্লার শপথ,1,0.9195321223810554
1 Before Election,1_before_election,1126,আমরা আশাবাদী তোমাকেও ঢাকা ৮ গ্রহণ করবে না।,আমরা আশাবাদী তোমাকেও ঢাকা গ্রহণ করবে না,4,0.83759653909849
1 Before Election,1_before_election,1127,হিংসার রাজনীতি চাই না। আমরা চাই দল মত নির্বিশেষে ১৮ কোটি মানুষের জীবন ও জীবিকার মান উন্নয়ন।,হিংসার রাজনীতি চাই না আমরা চাই দল মত নির্বিশেষে কোটি মানুষের জীবন ও জীবিকার মান উন্নয়ন,3,0.9180706889983964
1 Before Election,1_before_election,1128,বাংলাদেশের মানুষ শেখ হাসিনার জন্য কান্না করে জায়নামাজে বসে শেখ হাসিনা আসবে বীরের বেশে,বাংলাদেশের মানুষ শেখ হাসিনার জন্য কান্না করে জায়নামাজে বসে শেখ হাসিনা আসবে বীরের বেশে,1,0.7851745398935203
1 Before Election,1_before_election,1129,রং লাগিয়ে দেওয়ার চেষ্টা করে না আপনারা নিজেরা রঙে রঙে সেজে গেছেন দা/লা/লং,রং লাগিয়ে দেওয়ার চেষ্টা করে না আপনারা নিজেরা রঙে রঙে সেজে গেছেন দা লা লং,3,0.4530981113434888
1 Before Election,1_before_election,1130,জনতার জম,জনতার জম,1,0.5999837872745196
1 Before Election,1_before_election,1131,নাসির উদ্দীন পাটোয়ারী,নাসির উদ্দীন পাটোয়ারী,3,0.7983948593489779
1 Before Election,1_before_election,1132,হারুন ভাইর কথার সাথে মিল নেই,হারুন ভাইর কথার সাথে মিল নেই,0,0.8381991424745279
1 Before Election,1_before_election,1133,তুমি নিজে ভালো হও,তুমি নিজে ভালো হও,3,0.796205233766623
1 Before Election,1_before_election,1134,"এই দেশের ৭৩% মানুষ হাসিনাকে চায়,,, আপনাদের কে চায় না না না",এই দেশের মানুষ হাসিনাকে চায় আপনাদের কে চায় না না না,4,0.8839269616117248
1 Before Election,1_before_election,1135,রক্ত মাখা গায়ে,রক্ত মাখা গায়ে,3,0.7325628138856154
1 Before Election,1_before_election,1136,ঢাকা ৮ এর প্রতিদ্বন্দ্বি সৎ ও আদর্শের উজ্জল নক্ষত্র হাদি হত্যার বিচার কি হবে?,ঢাকা এর প্রতিদ্বন্দ্বি সৎ ও আদর্শের উজ্জল নক্ষত্র হাদি হত্যার বিচার কি হবে,3,0.8661794238308335
1 Before Election,1_before_election,1137,লা হাওলা ওয়ালা কুওয়াতা ইল্লা বিল্লাহিল আলিউল আজীম,লা হাওলা ওয়ালা কুওয়াতা ইল্লা বিল্লাহিল আলিউল আজীম,4,0.5999611781646177
1 Before Election,1_before_election,1138,"শেখ হাসিনা আসতে পারবে না, কিন্তু আওয়ামী লীগের ভোট নেওয়া যাবে",শেখ হাসিনা আসতে পারবে না কিন্তু আওয়ামী লীগের ভোট নেওয়া যাবে,1,0.44906641506325723
1 Before Election,1_before_election,1139,দূর হালার ঘরে হালা,দূর হালার ঘরে হালা,3,0.7996812086254448
1 Before Election,1_before_election,1140,দাঁড়িপাল্লা,দাঁড়িপাল্লা,3,0.5953053877970604
1 Before Election,1_before_election,1141,হাসিনার আমলে তো আপনি তেলতেলা ছিলেন।,হাসিনার আমলে তো আপনি তেলতেলা ছিলেন,1,0.799230932720783
1 Before Election,1_before_election,1142,Amar এলাকার মানুষ উনি,amar এলাকার মানুষ উনি,1,0.8362648831583499
1 Before Election,1_before_election,1143,আব্বাস সাহেব আপনি সময় পাবেন না ।এমন সুযোগ হবে পালানোর সুযোগ পাবেন না,আব্বাস সাহেব আপনি সময় পাবেন না এমন সুযোগ হবে পালানোর সুযোগ পাবেন না,2,0.9107708309315621
1 Before Election,1_before_election,1144,আওয়ামী লীগ ছাড়া বাংলাদেশে সুষ্ঠু নিরপেক্ষ নির্বাচন সম্ভব নয়,আওয়ামী লীগ ছাড়া বাংলাদেশে সুষ্ঠু নিরপেক্ষ নির্বাচন সম্ভব নয়,0,0.9189660899293666
1 Before Election,1_before_election,1145,গত ১৫ বছর মির্জা আব্বাস সাহেব অনেক প্রতিহত করেছে,গত বছর মির্জা আব্বাস সাহেব অনেক প্রতিহত করেছে,2,0.8851729960312957
1 Before Election,1_before_election,1146,এই পৃথিবীর ইতিহাসে তিন জন উসমানের নাম ইতিহাসের সোনালি অক্ষরে লেখা আছে।,এই পৃথিবীর ইতিহাসে তিন জন উসমানের নাম ইতিহাসের সোনালি অক্ষরে লেখা আছে,3,0.8392657145583234
1 Before Election,1_before_election,1147,ঢাকা ৮ খু নি বালপাস,ঢাকা খু নি বালপাস,4,0.5177196941218535
1 Before Election,1_before_election,1148,"বয়স কি কমছে,, ভালো মানুষ হও,,,হিসাব পাই টু পাই ওপারে দেওয়া লাগবে",বয়স কি কমছে ভালো মানুষ হও হিসাব পাই টু পাই ওপারে দেওয়া লাগবে,4,0.4945034556106955
1 Before Election,1_before_election,1149,চাদা বাজের বাবা গড ফাদার আব্বাস চোরা ভোট চোর না ভোট,চাদা বাজের বাবা গড ফাদার আব্বাস চোরা ভোট চোর না ভোট,2,0.3572926526459658
1 Before Election,1_before_election,1150,পেয়ে পাস য়াকে জন গন বিসসাস ক রে না,পেয়ে পাস য়াকে জন গন বিসসাস ক রে না,2,0.7984016712966466
1 Before Election,1_before_election,1151,ভোট চোর,ভোট চোর,4,0.7328336682976384
1 Before Election,1_before_election,1152,হাদি হত্যাকারী বেহায়া নির্লজ্জ জালিম নমরুদের বাচ্চা,হাদি হত্যাকারী বেহায়া নির্লজ্জ জালিম নমরুদের বাচ্চা,3,0.7995101487229853
1 Before Election,1_before_election,1153,ছাগলের তিন নম্বর বাচ্চা,ছাগলের তিন নম্বর বাচ্চা,3,0.7994484812752318
1 Before Election,1_before_election,1154,চাঁদাবাজ মির্জা আব্বাস বোরকা আব্বাস চাম্বা চান্দাবাজ,চাঁদাবাজ মির্জা আব্বাস বোরকা আব্বাস চাম্বা চান্দাবাজ,2,0.865593364096571
1 Before Election,1_before_election,1155,মুরব্বী মুরব্বী হুহু,মুরব্বী মুরব্বী হুহু,0,0.2
1 Before Election,1_before_election,1156,টাকলা চোর হাদির খোনি তরাই,টাকলা চোর হাদির খোনি তরাই,4,0.73213754178818
1 Before Election,1_before_election,1157,জাগো বি এম পি জাগো,জাগো বি এম পি জাগো,0,0.7994231512066758
1 Before Election,1_before_election,1158,পুরো দেশ দখল নে,পুরো দেশ দখল নে,3,0.7978987346299256
1 Before Election,1_before_election,1159,বর্তমানে কারা আওয়ামী লীগের অফিস খুলে দিতে আছে,বর্তমানে কারা আওয়ামী লীগের অফিস খুলে দিতে আছে,2,0.8841761624160289
1 Before Election,1_before_election,1160,মুরগি চোর অলি,মুরগি চোর অলি,4,0.7328234688373583
1 Before Election,1_before_election,1161,লজ্জা করে বেটা কথা বলতে,লজ্জা করে বেটা কথা বলতে,2,0.7983019675000336
1 Before Election,1_before_election,1162,ক্রিমিনাল+চোর,ক্রিমিনাল চোর,4,0.5981600460883261
1 Before Election,1_before_election,1163,"ভোট চোর , চান্দা আব্বাস",ভোট চোর চান্দা আব্বাস,2,0.440082383734918
1 Before Election,1_before_election,1164,তুই হাদিরে হত্যা করছোস,তুই হাদিরে হত্যা করছোস,4,0.40000228327939735
1 Before Election,1_before_election,1165,"কিরে চান্দ আব্বাস না এটা,",কিরে চান্দ আব্বাস না এটা,0,0.5493721683453611
1 Before Election,1_before_election,1166,"আপনারা যদি উল্টা পাল্টা করলে,,আপনাদের ছাটাই করা হবে,,,তখন আপনাদেরও এদেশের মানুষ গ্রহন করবে নাহ",আপনারা যদি উল্টা পাল্টা করলে আপনাদের ছাটাই করা হবে তখন আপনাদেরও এদেশের মানুষ গ্রহন করবে নাহ,1,0.9094824546202269
1 Before Election,1_before_election,1167,চান্দা আব্বাসের ভাষন,চান্দা আব্বাসের ভাষন,2,0.7333286659399654
1 Before Election,1_before_election,1168,আব্বাস চাঁদাবাজ,আব্বাস চাঁদাবাজ,2,0.7332228278138345
1 Before Election,1_before_election,1169,চোর বোট চোর বিএনপি চাঁদাবাজ খুনি ডাকাত চোর বোট চোর,চোর বোট চোর বিএনপি চাঁদাবাজ খুনি ডাকাত চোর বোট চোর,4,0.9091244599242227
1 Before Election,1_before_election,1170,ভোট চোরি করা,ভোট চোরি করা,4,0.5999989644780185
1 Before Election,1_before_election,1171,স্কাটোনে/মালিবাগে ল্যান্ড শেয়ারে ফ্ল্যাট কিনুন আর ঘুরে সুন্দরবন/ কক্সবাজার পরিবারসহ।আমার ব্যাক্তিগত অফার!সিমীত সময়ের জন্য।,স্কাটোনে মালিবাগে ল্যান্ড শেয়ারে ফ্ল্যাট কিনুন আর ঘুরে সুন্দরবন কক্সবাজার পরিবারসহ আমার ব্যাক্তিগত অফার সিমীত সময়ের জন্য,3,0.8383526802968904
1 Before Election,1_before_election,1172,আপনারা বিনোদোন উপভোগ করুন আর আপনাদের পার্টনাদের নিয়ে ঘুরে আসুন মালদ্বীপ ও শ্রীলংকা অথবা কক্সবাজার ঢাকা-মাওয়া রোডে জমি কিনে।,আপনারা বিনোদোন উপভোগ করুন আর আপনাদের পার্টনাদের নিয়ে ঘুরে আসুন মালদ্বীপ ও শ্রীলংকা অথবা কক্সবাজার ঢাকা মাওয়া রোডে জমি কিনে,4,0.91801852597992
1 Before Election,1_before_election,1173,চাদা বাজ,চাদা বাজ,2,0.7333258549980706
1 Before Election,1_before_election,1174,আল্লামা মির্জা আব্বাস,আল্লামা মির্জা আব্বাস,2,0.7999962196398059
1 Before Election,1_before_election,1175,ভোট চুর,ভোট চুর,4,0.4004323900243844
1 Before Election,1_before_election,1176,চাঁদাবাস,চাঁদাবাস,0,0.2
1 Before Election,1_before_election,1177,চিটার আব্বাস,চিটার আব্বাস,2,0.7321308633215291
1 Before Election,1_before_election,1178,তুমি সন্ত্রাসী আব্বাস,তুমি সন্ত্রাসী আব্বাস,2,0.73314593583807
1 Before Election,1_before_election,1179,"চোর বাটপার চান্দা, বোরখা আব্বাস কত পদবি তার",চোর বাটপার চান্দা বোরখা আব্বাস কত পদবি তার,2,0.583716506939854
1 Before Election,1_before_election,1180,ভোট চোর,ভোট চোর,4,0.7328336682976384
1 Before Election,1_before_election,1181,চান্দাআববাস এই দেশ একাই পোদ মেরে দিচ্ছে,চান্দাআববাস এই দেশ একাই পোদ মেরে দিচ্ছে,4,0.7975632781836997
1 Before Election,1_before_election,1182,চোর চান্দাব্বাস ভুয়া,চোর চান্দাব্বাস ভুয়া,1,0.7964002923510294
1 Before Election,1_before_election,1183,তোমরা চুদুরবুদুর করলে তোমাদেরকেও দেশ থেকে বিতারিত করা হবে,তোমরা চুদুরবুদুর করলে তোমাদেরকেও দেশ থেকে বিতারিত করা হবে,3,0.8342179890284992
1 Before Election,1_before_election,1184,তু্ই হাদী কে হত্যা করছো একদম সত্যি কথা,তু্ই হাদী কে হত্যা করছো একদম সত্যি কথা,1,0.8385184373532063
1 Before Election,1_before_election,1185,চোরের বাচ্চা চোর,চোরের বাচ্চা চোর,3,0.5499076751397364
1 Before Election,1_before_election,1186,চোরা আববাস,চোরা আববাস,0,0.5999742934207097
1 Before Election,1_before_election,1187,"যারা ভারতের চাটাচাটি করে, তারা কি?",যারা ভারতের চাটাচাটি করে তারা কি,3,0.7963474855004002
1 Before Election,1_before_election,1188,"এরা হচ্ছে,বিএনপিতে গুপ্ত",এরা হচ্ছে বিএনপিতে গুপ্ত,0,0.7976065640949968
1 Before Election,1_before_election,1189,যারা কয়েকটা টাকার লোভে ভোট বিক্রি করে ভাই সেই দেশের উন্নতি কেমনে হবে?,যারা কয়েকটা টাকার লোভে ভোট বিক্রি করে ভাই সেই দেশের উন্নতি কেমনে হবে,4,0.8955161276165179
1 Before Election,1_before_election,1190,তাহলে বিচার হবে কার আপনার কাকু......,তাহলে বিচার হবে কার আপনার কাকু,0,0.6286756460562396
1 Before Election,1_before_election,1191,উনাকে দেশে মাস্ট বি আনতেই হবে এবং উনার বিচার জনসম্মুখের সামনে করতে হবে.....,উনাকে দেশে মাস্ট বি আনতেই হবে এবং উনার বিচার জনসম্মুখের সামনে করতে হবে,3,0.7155282991976399
1 Before Election,1_before_election,1192,আসসালামু আলাইকুম চান্দাব্বাস,আসসালামু আলাইকুম চান্দাব্বাস,0,0.7991983929064016
1 Before Election,1_before_election,1193,তোমার দিন শ্যাষ,তোমার দিন শ্যাষ,0,0.2
1 Before Election,1_before_election,1194,ঘটনা সত্য!!,ঘটনা সত্য,1,0.732225396801963
1 Before Election,1_before_election,1195,"চান্দা বাজ কেউ,,,",চান্দা বাজ কেউ,2,0.7333293983109398
1 Before Election,1_before_election,1196,Stupid,stupid,0,0.2
1 Before Election,1_before_election,1197,এর চেহারা দেখলেই ত বাটপার বোঝা যায়,এর চেহারা দেখলেই ত বাটপার বোঝা যায়,3,0.7960678682532615
1 Before Election,1_before_election,1198,চাদাবাজ,চাদাবাজ,1,0.5974250658857342
1 Before Election,1_before_election,1199,আংশিক সত্য ও আংশিক মিথ্যা দিয়ে গল্প সাজানো,আংশিক সত্য ও আংশিক মিথ্যা দিয়ে গল্প সাজানো,3,0.7952948032065098
1 Before Election,1_before_election,1200,tmr porajoy nijei krso,tmr porajoy nijei krso,0,0.2
1 Before Election,1_before_election,1201,জাতীয় জোকার দল,জাতীয় জোকার দল,1,0.7991970990100357
1 Before Election,1_before_election,1202,"আপনার মেন্টালিটির যে অবস্থা,, কিছু দিন পর আপনাকে ও এ দেশের মানুষ গ্রহন করবে না।",আপনার মেন্টালিটির যে অবস্থা কিছু দিন পর আপনাকে ও এ দেশের মানুষ গ্রহন করবে না,4,0.6875795310962682
1 Before Election,1_before_election,1203,অটিস্টিক কোথাকার,অটিস্টিক কোথাকার,0,0.2
1 Before Election,1_before_election,1204,আওয়ামী লীগ কি ওরে এখন ভোট দিবে,আওয়ামী লীগ কি ওরে এখন ভোট দিবে,0,0.5331006911038463
1 Before Election,1_before_election,1205,ফেনসিডিল ব্যবসায়ীর মুখে ভারত বিরোধী কথা শুনতে ভালই লাগতাছে মাথার মজাক মনে হয় একটু ঘুরছে,ফেনসিডিল ব্যবসায়ীর মুখে ভারত বিরোধী কথা শুনতে ভালই লাগতাছে মাথার মজাক মনে হয় একটু ঘুরছে,0,0.47499537998103636
1 Before Election,1_before_election,1206,ইনশাল্লাহ দাড়ি পাল্লা । ভোট দিবো নাসির পাটোয়ারী ইনশাআল্লাহ,ইনশাল্লাহ দাড়ি পাল্লা ভোট দিবো নাসির পাটোয়ারী ইনশাআল্লাহ,4,0.9106156510005046
1 Before Election,1_before_election,1207,আপনাকে জুতার ভোট দেওয়া হবে,আপনাকে জুতার ভোট দেওয়া হবে,3,0.6021003749108895
1 Before Election,1_before_election,1208,"ফ্রুটিকা, মনকে করে দেয় একটু বেশিই পিউর।",ফ্রুটিকা মনকে করে দেয় একটু বেশিই পিউর,0,0.4002090898918558
1 Before Election,1_before_election,1209,বলতে চাইছিলো ভাগ্যের কি পরিহাস ঢাকা ৮ এ হাদি আর নাই।,বলতে চাইছিলো ভাগ্যের কি পরিহাস ঢাকা এ হাদি আর নাই,3,0.8854674187761814
1 Before Election,1_before_election,1210,"হাসিনা আইতাসে,,,,এইবার চুন চুনকে মারেগা। পেহালা নাম্বার তেরা হ্যায় রে চান্দাবাজ",হাসিনা আইতাসে এইবার চুন চুনকে মারেগা পেহালা নাম্বার তেরা হ্যায় রে চান্দাবাজ,3,0.8369710556478308
1 Before Election,1_before_election,1211,সুর মনে হয় পাল্টায় গেছে ?,সুর মনে হয় পাল্টায় গেছে,0,0.7963015113278675
1 Before Election,1_before_election,1212,তোমরাই তো ৭১ ৭১ করে হাসিনাকে কৌশলে আদর জানাচছো,তোমরাই তো করে হাসিনাকে কৌশলে আদর জানাচছো,3,0.5962521657854488
1 Before Election,1_before_election,1213,বুইরা শয়তান,বুইরা শয়তান,2,0.5999616854761013
1 Before Election,1_before_election,1214,আবালজাত,আবালজাত,0,0.2
1 Before Election,1_before_election,1215,জাতীয় চাঁদাবাজ,জাতীয় চাঁদাবাজ,2,0.4006568019353619
1 Before Election,1_before_election,1216,চাঁদাবাজ খুনি সন্ত্রাসী নিপাত যাক,চাঁদাবাজ খুনি সন্ত্রাসী নিপাত যাক,2,0.8659947515918908
1 Before Election,1_before_election,1217,মির্জা আব্বাস রিন খেলাপি কিনা খুজে বের করা দরকার। Dreamless Jobair,মির্জা আব্বাস রিন খেলাপি কিনা খুজে বের করা দরকার dreamless jobair,2,0.36850975051731355
1 Before Election,1_before_election,1218,You are indan how you say that,you are indan how you say that,2,0.7999880137941763
1 Before Election,1_before_election,1219,আগের যুগ আর বর্তমান যুগ অনেক পার্থক্য আব্বাস ভাই,আগের যুগ আর বর্তমান যুগ অনেক পার্থক্য আব্বাস ভাই,2,0.7295276596614292
1 Before Election,1_before_election,1220,চাঁদা বাজ,চাঁদা বাজ,2,0.7331010905996719
1 Before Election,1_before_election,1221,"খুনি হাসিনা , গনহত্যাকারী হাসিনা, দেশে আসতে পারবে না কথাটা ভালো লাগছে, বাঁকী কথাগুলো সন্ত্রাসী কায়দায!",খুনি হাসিনা গনহত্যাকারী হাসিনা দেশে আসতে পারবে না কথাটা ভালো লাগছে বাঁকী কথাগুলো সন্ত্রাসী কায়দায,2,0.4428727509738853
1 Before Election,1_before_election,1222,Natok,natok,0,0.2
1 Before Election,1_before_election,1223,Bcos you're the greatest চাঁদাবাজ of Bangladesh,bcos you re the greatest চাঁদাবাজ of bangladesh,2,0.8854581777077725
1 Before Election,1_before_election,1224,বাটপার একটা বুইড়া খাটাশ কয় কি,বাটপার একটা বুইড়া খাটাশ কয় কি,3,0.7974269704703837
1 Before Election,1_before_election,1225,"ভরাডুবির ভয়ে দিশেহারা মগা,",ভরাডুবির ভয়ে দিশেহারা মগা,2,0.5989835759989498
1 Before Election,1_before_election,1226,"ভারতীয় দালালকে তো ভারতীয়ই বলবে। আচ্ছা, ইন্ডিয়ান বলবোনে। খুশি থাকো",ভারতীয় দালালকে তো ভারতীয়ই বলবে আচ্ছা ইন্ডিয়ান বলবোনে খুশি থাকো,2,0.8846072305806493
1 Before Election,1_before_election,1227,তোর বাপের নামে মির্জা নাই তোর নামে মির্জা কেন ? বাটপার আগে সেটার ব্যাখ্যা দে ।,তোর বাপের নামে মির্জা নাই তোর নামে মির্জা কেন বাটপার আগে সেটার ব্যাখ্যা দে,2,0.9187347491513211
1 Before Election,1_before_election,1228,হাদি হত্যার কে করছে,হাদি হত্যার কে করছে,3,0.7319535528546675
1 Before Election,1_before_election,1229,না না নানানানান,না না নানানানান,0,0.2
1 Before Election,1_before_election,1230,হাদীর মতো স্বচ্ছ একজন দেশপ্রেমিকের খুনির সাথে যার লেজুরভিত্তি তাকে চব্বিশ পরবর্তী জনতা খাবে না।,হাদীর মতো স্বচ্ছ একজন দেশপ্রেমিকের খুনির সাথে যার লেজুরভিত্তি তাকে চব্বিশ পরবর্তী জনতা খাবে না,2,0.9101161696586483
1 Before Election,1_before_election,1231,মাকে দেখিয়ে আসি আমার থেকে বড় নিলজ্জ লোক আছে,মাকে দেখিয়ে আসি আমার থেকে বড় নিলজ্জ লোক আছে,2,0.7988121195340006
1 Before Election,1_before_election,1232,হাদি হত্যার মেইন মাষ্টার মাইন হচ্ছে এই চান্দা আব্বাস,হাদি হত্যার মেইন মাষ্টার মাইন হচ্ছে এই চান্দা আব্বাস,2,0.8383426947570797
1 Before Election,1_before_election,1233,আপনারা নরেন্দ্র মোদির কাছে আত্মসমর্পণ করেছেন এটা জনগণ বুজে,আপনারা নরেন্দ্র মোদির কাছে আত্মসমর্পণ করেছেন এটা জনগণ বুজে,1,0.8391742978869775
1 Before Election,1_before_election,1234,তুমি ভারতীয় প্রোডাক্ট চাঁদা আব্বাস,তুমি ভারতীয় প্রোডাক্ট চাঁদা আব্বাস,2,0.7983708171432643
1 Before Election,1_before_election,1235,৮.৪ কে হাহক,কে হাহক,0,0.2
1 Before Election,1_before_election,1236,তুই খুনি চাঁদাবাজ,তুই খুনি চাঁদাবাজ,2,0.4565651375242292
1 Before Election,1_before_election,1237,আসবে না কেন এনে ফাঁসি দাও ।,আসবে না কেন এনে ফাঁসি দাও,1,0.7986374298426918
1 Before Election,1_before_election,1238,ফ্যামেলি কার্ড ×,ফ্যামেলি কার্ড,1,0.5990803017462276
1 Before Election,1_before_election,1239,‌‌‌লাল কার্ড √,লাল কার্ড,1,0.40103615532247916
1 Before Election,1_before_election,1240,হাদির হত্যার জন্য এই মাদার ফাকার দায়ী,হাদির হত্যার জন্য এই মাদার ফাকার দায়ী,3,0.8393439117421492
1 Before Election,1_before_election,1241,মাদার ফাকার এটা খুনি,মাদার ফাকার এটা খুনি,3,0.7928481297335728
1 Before Election,1_before_election,1242,"আপনারা রং মেখে বসে আছেন,",আপনারা রং মেখে বসে আছেন,3,0.8643031042769062
1 Before Election,1_before_election,1243,বললেই অপরাধ হবে কেন ???,বললেই অপরাধ হবে কেন,3,0.5969979327946766
1 Before Election,1_before_election,1244,তোরা তো অবশ্যই ভারতের টাকা খেয়ে ভারতের গোলামী করতেছো ত,তোরা তো অবশ্যই ভারতের টাকা খেয়ে ভারতের গোলামী করতেছো ত,4,0.8838673666445657
1 Before Election,1_before_election,1245,ঢাকা ৮ এ তোমাকে চুদে দেওয়া হবে,ঢাকা এ তোমাকে চুদে দেওয়া হবে,4,0.5106411256586658
1 Before Election,1_before_election,1246,Hadi re apnara khaisen beshidin tikben na,hadi re apnara khaisen beshidin tikben na,4,0.7967491707868672
1 Before Election,1_before_election,1247,ধান্দাবাজ বাটপার,ধান্দাবাজ বাটপার,1,0.5979733340758725
1 Before Election,1_before_election,1248,Kafar mirga abbas racord coran aita,kafar mirga abbas racord coran aita,3,0.7326098325673702
1 Before Election,1_before_election,1249,চাঁদাবাজ আর দালালদের জন্য যেটা প্রাপ্য,চাঁদাবাজ আর দালালদের জন্য যেটা প্রাপ্য,2,0.7321072788772759
1 Before Election,1_before_election,1250,তাকে দেখতে ক্রিমিনালের মতো দেখা যায়,তাকে দেখতে ক্রিমিনালের মতো দেখা যায়,2,0.8363304108029607
1 Before Election,1_before_election,1251,মির্জা আব্বাস খুবই খারাপ লোক।চাদাবাজ।,মির্জা আব্বাস খুবই খারাপ লোক চাদাবাজ,2,0.48335544660002033
1 Before Election,1_before_election,1252,চান্দা বাজ,চান্দা বাজ,2,0.7333293983109398
1 Before Election,1_before_election,1253,এই গলাবাজি গুলা 5 আগস্টের আগে কোথায় ছিলো চান্দা ভাই? মাদারবোর্ড,এই গলাবাজি গুলা আগস্টের আগে কোথায় ছিলো চান্দা ভাই মাদারবোর্ড,2,0.43922503348170927
1 Before Election,1_before_election,1254,ঢাকা - ৮ এর যোগ্যতা এবং অধিকার শুধু হাদি ভাই এর ছিলো। #JusticeForHadi,ঢাকা এর যোগ্যতা এবং অধিকার শুধু হাদি ভাই এর ছিলো justiceforhadi,3,0.8661018254000109
1 Before Election,1_before_election,1255,রাজাকারের বাচচা,রাজাকারের বাচচা,0,0.2
1 Before Election,1_before_election,1256,হাম্মা চুর শালা,হাম্মা চুর শালা,0,0.7328990337150942
1 Before Election,1_before_election,1257,আবাল।,আবাল,0,0.2
1 Before Election,1_before_election,1258,খুনি তুই,খুনি তুই,4,0.7306441380963702
1 Before Election,1_before_election,1259,"হাসিনাকে ফিরিয়ে এনে বিচার করা হবে, অপেক্ষা করেন",হাসিনাকে ফিরিয়ে এনে বিচার করা হবে অপেক্ষা করেন,3,0.8845797612901343
1 Before Election,1_before_election,1260,তুমি ফেল,তুমি ফেল,2,0.5989836096360195
1 Before Election,1_before_election,1261,"খাওয়া থাকবে না, আফনে ফেইল মারবেন",খাওয়া থাকবে না আফনে ফেইল মারবেন,1,0.7319289125286897
1 Before Election,1_before_election,1263,দাদা দেশে না আসলে ফাসি দিবেন কেমনে,দাদা দেশে না আসলে ফাসি দিবেন কেমনে,2,0.837791192212386
1 Before Election,1_before_election,1264,MD Aslam Uddin SanSha,md aslam uddin sansha,2,0.5999616868136397
1 Before Election,1_before_election,1265,জনগণ এরে মূলা খাইয়ে দিবে,জনগণ এরে মূলা খাইয়ে দিবে,1,0.551334954316882
1 Before Election,1_before_election,1266,তুই হাদির খুনি,তুই হাদির খুনি,4,0.7984462942274204
1 Before Election,1_before_election,1267,Chadabaz,chadabaz,2,0.599961690271704
1 Before Election,1_before_election,1268,Gaza khyce,gaza khyce,0,0.2
1 Before Election,1_before_election,1269,চান্দাবাজ চান্দাআব্বাস,চান্দাবাজ চান্দাআব্বাস,1,0.7317685094481622
1 Before Election,1_before_election,1270,আমার ভাই ওসমা হাদী বিচার চাই।তার খুনিদের কাছে।।।,আমার ভাই ওসমা হাদী বিচার চাই তার খুনিদের কাছে,3,0.5801517086671711
1 Before Election,1_before_election,1271,সেইজন্য একযোগে কয়েকশ আওয়ামী লীগকে দলে নিয়েছেন।,সেইজন্য একযোগে কয়েকশ আওয়ামী লীগকে দলে নিয়েছেন,0,0.5512474811537224
1 Before Election,1_before_election,1272,পাল্তু,পাল্তু,0,0.2
1 Before Election,1_before_election,1273,শুধু তোমাকে না পুরো বিএনপিকে বয়কট করে জনগণ এর জবাব দিবে জাতির সাথে তোমরা কত বড় বেইমানি করছ,শুধু তোমাকে না পুরো বিএনপিকে বয়কট করে জনগণ এর জবাব দিবে জাতির সাথে তোমরা কত বড় বেইমানি করছ,1,0.555977393473207
1 Before Election,1_before_election,1274,"যে যতটুকু পানিতে নামে সে ততটুকু ভিজে, আর যেটুকু ভিজে সেটুকু দেখা যায়",যে যতটুকু পানিতে নামে সে ততটুকু ভিজে আর যেটুকু ভিজে সেটুকু দেখা যায়,2,0.7988219063562362
1 Before Election,1_before_election,1275,চান্দাব্বাস তোমার পট্কি মারে ডার্বি নাসির,চান্দাব্বাস তোমার পট্কি মারে ডার্বি নাসির,3,0.8367366797008078
1 Before Election,1_before_election,1276,ঠিক কথা বলে ছেন,ঠিক কথা বলে ছেন,3,0.7324144644993159
1 Before Election,1_before_election,1277,"ঢাকা ৮ জনগণ চান্দাবাজ বয়কট করবে, ইনশাআল্লাহ",ঢাকা জনগণ চান্দাবাজ বয়কট করবে ইনশাআল্লাহ,1,0.690590756016506
1 Before Election,1_before_election,1278,ওই কামরা বন্ধ কর,ওই কামরা বন্ধ কর,2,0.7285859093677087
1 Before Election,1_before_election,1279,সিঙ্গারা বিক্রি করতে তোমার বাবা এত টাকা কিভাবে তোমার,সিঙ্গারা বিক্রি করতে তোমার বাবা এত টাকা কিভাবে তোমার,1,0.8837014018507429
1 Before Election,1_before_election,1280,ঢাকা ৮ এ আমাদের হাদি ভাই এর রক্ত লেগে আচে কোনো চাঁদা বাজ কে আমরা চাই না,ঢাকা এ আমাদের হাদি ভাই এর রক্ত লেগে আচে কোনো চাঁদা বাজ কে আমরা চাই না,3,0.5053293488170499
1 Before Election,1_before_election,1281,তুই আসল চাঁদাবাজ,তুই আসল চাঁদাবাজ,4,0.6301446600086098
1 Before Election,1_before_election,1282,আপনারা যে কি মাল সাধারণ জনগণের কাছে পরিষ্কার,আপনারা যে কি মাল সাধারণ জনগণের কাছে পরিষ্কার,1,0.6443830995562521
1 Before Election,1_before_election,1283,আপনার জন্য ভালো বাঁশা,আপনার জন্য ভালো বাঁশা,0,0.5957694926154192
1 Before Election,1_before_election,1284,চাঁন্দাবাজের দিন শেষ,চাঁন্দাবাজের দিন শেষ,1,0.5999929304052356
1 Before Election,1_before_election,1285,Tui to modir putro go mutro,tui to modir putro go mutro,4,0.7322676309622687
1 Before Election,1_before_election,1286,হাদী ভাই বেচে থাকলে। চান্দা আব্বাস ১০০% ফেল করত,হাদী ভাই বেচে থাকলে চান্দা আব্বাস ফেল করত,2,0.6936474859082615
1 Before Election,1_before_election,1287,তুমি পুটকি মারা খাইবা ইনশাআল্লাহ,তুমি পুটকি মারা খাইবা ইনশাআল্লাহ,0,0.45939730952833857
1 Before Election,1_before_election,1288,বিএনপি মানে চাঁদাবাজ সন্ত্রাসী,বিএনপি মানে চাঁদাবাজ সন্ত্রাসী,2,0.8375038962945542
1 Before Election,1_before_election,1289,তুইতো আসলে ঐটাই শালা মেইড ইন সোনাগাছি,তুইতো আসলে ঐটাই শালা মেইড ইন সোনাগাছি,0,0.838336744608393
1 Before Election,1_before_election,1290,১৭ বছর কার বাল ছিড়ছেন,বছর কার বাল ছিড়ছেন,0,0.7997184190538468
1 Before Election,1_before_election,1291,তুমি চান্দাব্বাস।,তুমি চান্দাব্বাস,0,0.5935314816642667
1 Before Election,1_before_election,1292,তুই যে কি লেভেলের জাইরা ঢাকাবাসী জানে,তুই যে কি লেভেলের জাইরা ঢাকাবাসী জানে,4,0.7984326203250408
1 Before Election,1_before_election,1293,ভারতিয় রং লাগায় নি অন্তরে ঢুকিয়ে রাখছেন,ভারতিয় রং লাগায় নি অন্তরে ঢুকিয়ে রাখছেন,2,0.8370418529780218
1 Before Election,1_before_election,1294,হাদীর খুনি,হাদীর খুনি,2,0.7326663062865904
1 Before Election,1_before_election,1295,বুড়া বয়সে যে ভীমরতিতে ধরে এই বুড়ারে না দেখলে বুজতেই পারতাম না,বুড়া বয়সে যে ভীমরতিতে ধরে এই বুড়ারে না দেখলে বুজতেই পারতাম না,4,0.8659123734314222
1 Before Election,1_before_election,1296,Chadabazz der lider tui jawra abbas,chadabazz der lider tui jawra abbas,3,0.7982211836949261
1 Before Election,1_before_election,1297,Justice For Hadi,justice for hadi,4,0.597228771382569
1 Before Election,1_before_election,1298,#WeAreOsmanHadi,weareosmanhadi,3,0.5999761724535472
1 Before Election,1_before_election,1299,বয়কট চাঁদাবাজ দল,বয়কট চাঁদাবাজ দল,1,0.5406797270340705
1 Before Election,1_before_election,1300,বোকাচোদা আব্বাস,বোকাচোদা আব্বাস,2,0.5999989471750155
1 Before Election,1_before_election,1301,কারণ তুই ঢাকা ৮ আসনের টপ লেভেলের চাঁদাবাজ কুলাঙ্গার হাদীর খুনি।,কারণ তুই ঢাকা আসনের টপ লেভেলের চাঁদাবাজ কুলাঙ্গার হাদীর খুনি,4,0.490204005324162
1 Before Election,1_before_election,1302,এরা বুঝে কথা বলে। রাতে চুরি করে সকালে সাধু সাজে,এরা বুঝে কথা বলে রাতে চুরি করে সকালে সাধু সাজে,2,0.8835084856886086
1 Before Election,1_before_election,1303,"এটা তোমার ভাগ্যের পরিহাস না এটা তোমার কর্মের ফল যাকে বলে কর্মফল,",এটা তোমার ভাগ্যের পরিহাস না এটা তোমার কর্মের ফল যাকে বলে কর্মফল,3,0.8663247727731185
1 Before Election,1_before_election,1304,"ভারতের লোকেরা বলে, তাদের গায়ে ভারতের রং লাগিয়ে দিচ্ছে, কি আজব না",ভারতের লোকেরা বলে তাদের গায়ে ভারতের রং লাগিয়ে দিচ্ছে কি আজব না,3,0.8995419668446387
1 Before Election,1_before_election,1305,তা ঠিক আছে কিন্তু তোর মতো চান্দাব্বাস কেও চুদে তাড়াবে,তা ঠিক আছে কিন্তু তোর মতো চান্দাব্বাস কেও চুদে তাড়াবে,2,0.8983044846827127
1 Before Election,1_before_election,1306,Madar Chod Dalaal,madar chod dalaal,0,0.2
1 Before Election,1_before_election,1307,হাদীরে খুন করাইছোস তুই,হাদীরে খুন করাইছোস তুই,4,0.7333150679838664
1 Before Election,1_before_election,1308,Hassokor,hassokor,0,0.2
1 Before Election,1_before_election,1309,চান্দা আব্বাস বিএনপিকে গিলে খেয়েছে তোমার খেইল খতম,চান্দা আব্বাস বিএনপিকে গিলে খেয়েছে তোমার খেইল খতম,2,0.44121264166188845
1 Before Election,1_before_election,1310,ভারত আওয়ামীবিষয়ক বিম্পির স্থায়ী সদস্য,ভারত আওয়ামীবিষয়ক বিম্পির স্থায়ী সদস্য,0,0.5994115736725146
1 Before Election,1_before_election,1311,শুর দি পালটে গেছে,শুর দি পালটে গেছে,2,0.5999616914955361
1 Before Election,1_before_election,1312,Chud ling,chud ling,0,0.2
1 Before Election,1_before_election,1313,মাদারবোর্ড,মাদারবোর্ড,1,0.5999646823602272
1 Before Election,1_before_election,1314,তুমি সন্ত্রাস তুমি চাঁদাবাজ মির্জা আব্বাস তোমাকে জনগণ বয়কট করবে ইনশাআল্লাহ।,তুমি সন্ত্রাস তুমি চাঁদাবাজ মির্জা আব্বাস তোমাকে জনগণ বয়কট করবে ইনশাআল্লাহ,2,0.4989162259123586
1 Before Election,1_before_election,1315,আমরা আশাবাদী তোমাকে ঢাকা ৮ গ্রহণ করে না ইনশাআল্লাহ,আমরা আশাবাদী তোমাকে ঢাকা গ্রহণ করে না ইনশাআল্লাহ,4,0.8646223889762789
1 Before Election,1_before_election,1316,তোরা মুনাফেক ভিতরে একটা বাহিরে আরেকটা চান্দা ভাই,তোরা মুনাফেক ভিতরে একটা বাহিরে আরেকটা চান্দা ভাই,2,0.45835475359619415
1 Before Election,1_before_election,1317,তোরেও ভারত পাঠাই দিমু,তোরেও ভারত পাঠাই দিমু,0,0.5994115736725146
1 Before Election,1_before_election,1318,চান্দা আব্বাসের মতো নেতা দেশের অলিগলিতে পাওয়া যাবে কিন্তু ওসমান হাদি একজনই ।,চান্দা আব্বাসের মতো নেতা দেশের অলিগলিতে পাওয়া যাবে কিন্তু ওসমান হাদি একজনই,2,0.6025035923829397
1 Before Election,1_before_election,1319,"হাদি হত্যায় চরম ভুমিকা,,এই খানকির পোলার",হাদি হত্যায় চরম ভুমিকা এই খানকির পোলার,3,0.44015600694048174
1 Before Election,1_before_election,1320,তুমি চান্দাব্বাস হতে পারবা না,তুমি চান্দাব্বাস হতে পারবা না,2,0.7300500149383117
1 Before Election,1_before_election,1321,নাটক কম করেন,নাটক কম করেন,3,0.7993548757738147
1 Before Election,1_before_election,1322,আহারে চান্দা কাকু,আহারে চান্দা কাকু,2,0.7987991741829251
1 Before Election,1_before_election,1323,হাদি হত্যার বিচার চাই এই সব বাদ,হাদি হত্যার বিচার চাই এই সব বাদ,3,0.8661902034285631
1 Before Election,1_before_election,1324,মুখে মধু অন্তরে বিষ৷ এখন বঙালী আর বোকা.দা নেই।,মুখে মধু অন্তরে বিষ৷ এখন বঙালী আর বোকা দা নেই,0,0.8393221655610192
1 Before Election,1_before_election,1325,চান্দা + অভ্যাস৷,চান্দা অভ্যাস৷,2,0.5999980575148754
1 Before Election,1_before_election,1326,সন্ধি বিশ্চেদ কী হবে?,সন্ধি বিশ্চেদ কী হবে,0,0.2
1 Before Election,1_before_election,1327,তোমাকে ও ঢাকা গ্রহণ করবে না ইনশাআল্লাহ,তোমাকে ও ঢাকা গ্রহণ করবে না ইনশাআল্লাহ,4,0.8372524916477035
1 Before Election,1_before_election,1328,#Banglaedition,banglaedition,0,0.2
1 Before Election,1_before_election,1329,Pinaki Bhattacharya - পিনাকী ভট্টাচার্য,pinaki bhattacharya পিনাকী ভট্টাচার্য,0,0.2
1 Before Election,1_before_election,1330,নাসিরুদ্দিন ভাই,নাসিরুদ্দিন ভাই,3,0.5965714736710945
1 Before Election,1_before_election,1331,বয়কট বয়কট বয়কট,বয়কট বয়কট বয়কট,1,0.7999983935598597
1 Before Election,1_before_election,1332,এই শালা চুপ চিটার বাটপার,এই শালা চুপ চিটার বাটপার,1,0.7945601465686659
1 Before Election,1_before_election,1333,জনগণ ইতি মধ্যে বুঝে গেছে তোমরা খাটি ভারতীয়,জনগণ ইতি মধ্যে বুঝে গেছে তোমরা খাটি ভারতীয়,1,0.8389487527019879
1 Before Election,1_before_election,1334,Chanda abbas,chanda abbas,1,0.7297371975623376
1 Before Election,1_before_election,1335,হাদির খুনি মিরজাপর আব্বাস,হাদির খুনি মিরজাপর আব্বাস,2,0.4872187986324107
1 Before Election,1_before_election,1336,হাদির রক্ত তোর হাতে লেগে আছে,হাদির রক্ত তোর হাতে লেগে আছে,4,0.8629974390628746
1 Before Election,1_before_election,1337,"এই বাটপার কে ধরলে হাদি হত্যা কে করছে সবকিছুই বের হয়ে জাবে,",এই বাটপার কে ধরলে হাদি হত্যা কে করছে সবকিছুই বের হয়ে জাবে,1,0.5594768873242942
1 Before Election,1_before_election,1338,"বাল ফালাইয়া দিছো ১৭ বছর দেখলাম তো,,",বাল ফালাইয়া দিছো বছর দেখলাম তো,0,0.8663607042039252
1 Before Election,1_before_election,1339,তুমি মির্জা আব্বাস তুমিও আওয়ামী লীগের দোসর তোমারে জনগণ বয়কট করবে।,তুমি মির্জা আব্বাস তুমিও আওয়ামী লীগের দোসর তোমারে জনগণ বয়কট করবে,2,0.6679079097932172
1 Before Election,1_before_election,1340,খুনি আব্বাছ,খুনি আব্বাছ,2,0.5975643051110776
1 Before Election,1_before_election,1341,মীর্জা আব্বাস সাহেব জিন্দাবাদ,মীর্জা আব্বাস সাহেব জিন্দাবাদ,2,0.47451747551093254
1 Before Election,1_before_election,1342,আপনি অনেক ভয়ে আছেন এজন্য অন্য ক্যান্ডিডেটদের গ্রামে নির্বাচন করতে বলতেছেন।,আপনি অনেক ভয়ে আছেন এজন্য অন্য ক্যান্ডিডেটদের গ্রামে নির্বাচন করতে বলতেছেন,3,0.8980917118445939
1 Before Election,1_before_election,1343,Indian agent,indian agent,2,0.5999616902717034
1 Before Election,1_before_election,1344,মানুষ এখন সচেতন কাকে ভোট দিলে তাদের নতুন প্রজন্ম ভালো থাকবে এটা মানুষ যানে,মানুষ এখন সচেতন কাকে ভোট দিলে তাদের নতুন প্রজন্ম ভালো থাকবে এটা মানুষ যানে,4,0.9190315605400226
1 Before Election,1_before_election,1345,তুই তো কালারই শালা,তুই তো কালারই শালা,4,0.4000656477943071
1 Before Election,1_before_election,1346,আপনারা স্বৈরাচার শেখ হাসিনার চাইতেও বড় খতরনাক,আপনারা স্বৈরাচার শেখ হাসিনার চাইতেও বড় খতরনাক,1,0.8657659360547293
1 Before Election,1_before_election,1347,আরে চান্দাবাজ মির্জা আব্বাস,আরে চান্দাবাজ মির্জা আব্বাস,2,0.8381931077947714
1 Before Election,1_before_election,1348,তুমি কে চিনলাম নাতো,তুমি কে চিনলাম নাতো,0,0.2
