dataset,dataset_slug,doc_id,raw_text,clean_text,dominant_topic,dominant_topic_prob
5 Post June 2026,5_post_june_2026,0,একজনের ভাষণ আরেকজন দিলে হবে,একজনের ভাষণ আরেকজন দিলে হবে,1,0.7991916274382522
5 Post June 2026,5_post_june_2026,1,এখানে মনে হয় গরীব মানুষ কম এজন্য এজন্যই টেবিল কম চাপছে,এখানে মনে হয় গরীব মানুষ কম এজন্য এজন্যই টেবিল কম চাপছে,4,0.6768697983523075
5 Post June 2026,5_post_june_2026,2,সালাউদ্দিনের কথা বিশ্বাস করা আর ট্রেনের চাকায় হাওয়া দেওয়া একই কথা,সালাউদ্দিনের কথা বিশ্বাস করা আর ট্রেনের চাকায় হাওয়া দেওয়া একই কথা,1,0.5340711853643356
5 Post June 2026,5_post_june_2026,3,যেটা করার সেটা তো বাজেট এর আগের রাতে করে ফেলছেন।।,যেটা করার সেটা তো বাজেট এর আগের রাতে করে ফেলছেন,2,0.8641803856913586
5 Post June 2026,5_post_june_2026,4,হাসো অনুষ্ঠান থেকেও এখানে মজা বেশি হয়,হাসো অনুষ্ঠান থেকেও এখানে মজা বেশি হয়,1,0.5698533347677769
5 Post June 2026,5_post_june_2026,5,এখানে তেল মারার লোক কম ছিল তাই হাততালি দেওয়ার লোক কম ছিল,এখানে তেল মারার লোক কম ছিল তাই হাততালি দেওয়ার লোক কম ছিল,3,0.5295490581394866
5 Post June 2026,5_post_june_2026,6,এমপি মানেই কোটিপতি!!,এমপি মানেই কোটিপতি,0,0.3998767740476886
5 Post June 2026,5_post_june_2026,7,সালা উদদীন মানে বিনোদন।,সালা উদদীন মানে বিনোদন,0,0.5494467933079553
5 Post June 2026,5_post_june_2026,8,"যখন তোমাদের কেউ নামাজে দাঁড়ায়, তখন সে তার রবের সাথে গোপনে কথা বলে।”",যখন তোমাদের কেউ নামাজে দাঁড়ায় তখন সে তার রবের সাথে গোপনে কথা বলে,1,0.4737128482551086
5 Post June 2026,5_post_june_2026,9,নিত্য প্রয়োজনীয় জিনিস বিদ্যুৎ এই মাসে ডবল আসছে,নিত্য প্রয়োজনীয় জিনিস বিদ্যুৎ এই মাসে ডবল আসছে,3,0.743062284895347
5 Post June 2026,5_post_june_2026,10,৫০ কেজি চাউলে বস্তা 400 টাকা বাড়তি দিয়ে এখন কিনতে হয়,কেজি চাউলে বস্তা টাকা বাড়তি দিয়ে এখন কিনতে হয়,2,0.5147160165165975
5 Post June 2026,5_post_june_2026,11,কিন্তু বিড়ি আর গুলের উপর টেক্সট কেন বাড়লো স্যার,কিন্তু বিড়ি আর গুলের উপর টেক্সট কেন বাড়লো স্যার,3,0.7333291361988409
5 Post June 2026,5_post_june_2026,12,শুধু মুখে বললে হবে না মুখের সাথে কাজের সাথে মিল থাকতে হবে!..,শুধু মুখে বললে হবে না মুখের সাথে কাজের সাথে মিল থাকতে হবে,2,0.5012989938155008
5 Post June 2026,5_post_june_2026,13,আর এই দিগে মিটার বিল নিয়ে আহা কার,আর এই দিগে মিটার বিল নিয়ে আহা কার,2,0.3427802441872219
5 Post June 2026,5_post_june_2026,14,সংসদ ভবন নাকি সা-উ-ংসদ ভবন…,সংসদ ভবন নাকি সা উ ংসদ ভবন,4,0.866039172669758
5 Post June 2026,5_post_june_2026,15,ষাঁড় কারেন্ট থাকে না যে,ষাঁড় কারেন্ট থাকে না যে,2,0.7303415825094471
5 Post June 2026,5_post_june_2026,16,"""Comments are not just words,A great way to build relationships. Beautiful communication and positive engagement are born fr…",comments are not just words a great way to build relationships beautiful communication and positive engagement are born fr,1,0.8659421194343687
5 Post June 2026,5_post_june_2026,17,এখন সংসদ মানেই বিনোদন,এখন সংসদ মানেই বিনোদন,4,0.5389292090725024
5 Post June 2026,5_post_june_2026,18,জনাব স্বরাষ্ট্রমন্ত্রী ও শেখ হাসিনার সংসদে বক্তব্য দেওয়ার অঙ্গভঙ্গী ও কথাবার্তা অলমোস্ট একই রকম।,জনাব স্বরাষ্ট্রমন্ত্রী ও শেখ হাসিনার সংসদে বক্তব্য দেওয়ার অঙ্গভঙ্গী ও কথাবার্তা অলমোস্ট একই রকম,0,0.6473633640350652
5 Post June 2026,5_post_june_2026,19,মহান সংসদটাকে কৌতুকে যাত্রাপালা বানিয়ে ফেলছে!,মহান সংসদটাকে কৌতুকে যাত্রাপালা বানিয়ে ফেলছে,0,0.8390235327973067
5 Post June 2026,5_post_june_2026,20,কি কমায়ছেন,কি কমায়ছেন,0,0.2
5 Post June 2026,5_post_june_2026,21,"আরে ভাই দেখছি আর বুঝছি, গরিবদেরকে যদি ফেসিলিটি দেওয়া হয়, তাহলে তারা তো আর নেতাজির পেছনে ঘুরবে না, তাই তালি টা একটু কম হইছে। …",আরে ভাই দেখছি আর বুঝছি গরিবদেরকে যদি ফেসিলিটি দেওয়া হয় তাহলে তারা তো আর নেতাজির পেছনে ঘুরবে না তাই তালি টা একটু কম হইছে,4,0.5979387553911654
5 Post June 2026,5_post_june_2026,22,মাননীয় মন্ত্রী সাহেব দয়া করে আপনি আউটসোর্সিং কর্মচারীদের কে নিয়ে একটু কথা বলেন মানবিক দৃষ্টিকে তাকান,মাননীয় মন্ত্রী সাহেব দয়া করে আপনি আউটসোর্সিং কর্মচারীদের কে নিয়ে একটু কথা বলেন মানবিক দৃষ্টিকে তাকান,4,0.7150073834933832
5 Post June 2026,5_post_june_2026,23,"গ্যাসের দাম ১২৫০ টাকা থেকে বেড়ে ১৮০০ টাকা, আলুর কেজি ১৫ টাকা থেকে বেড়ে বর্তমানে ২৮ টাকা মাননীয় স্বরাষ্ট্র মন্ত্রী। একটু যদি ব…",গ্যাসের দাম টাকা থেকে বেড়ে টাকা আলুর কেজি টাকা থেকে বেড়ে বর্তমানে টাকা মাননীয় স্বরাষ্ট্র মন্ত্রী একটু যদি ব,3,0.9451085901989035
5 Post June 2026,5_post_june_2026,24,সামন দিয়ে সরিষা দিয়ে পিছন দিয়ে বাঁশ,সামন দিয়ে সরিষা দিয়ে পিছন দিয়ে বাঁশ,0,0.39929018517061987
5 Post June 2026,5_post_june_2026,25,তেল গ্যাস বিদ্যুৎ এগুলোর দাম বাড়লে অটো নিত্য প্রয়োজনীয় সকল কিছুর দাম বেড়ে যায়,তেল গ্যাস বিদ্যুৎ এগুলোর দাম বাড়লে অটো নিত্য প্রয়োজনীয় সকল কিছুর দাম বেড়ে যায়,3,0.9382589999765132
5 Post June 2026,5_post_june_2026,26,বিদ্যুৎ বিল কেন এক লাপে দ্বিগুণ হয়ে গেল,বিদ্যুৎ বিল কেন এক লাপে দ্বিগুণ হয়ে গেল,3,0.4399765971195037
5 Post June 2026,5_post_june_2026,27,মাননীয় মন্ত্রী বিদ্যুৎ ও গ্যাস সম্পর্কে কিছু বলেন,মাননীয় মন্ত্রী বিদ্যুৎ ও গ্যাস সম্পর্কে কিছু বলেন,3,0.40959106623650954
5 Post June 2026,5_post_june_2026,28,"বিদ্যুৎ, তেল, গ্যাস এগুলো কি নিত্য প্রয়োজনীয় না",বিদ্যুৎ তেল গ্যাস এগুলো কি নিত্য প্রয়োজনীয় না,3,0.885670209119504
5 Post June 2026,5_post_june_2026,29,বিদ্যুৎ আর গ্যাস মনে হয় নিত্যপ্রয়োজনীয় নয় মাননীয় সংবিধান,বিদ্যুৎ আর গ্যাস মনে হয় নিত্যপ্রয়োজনীয় নয় মাননীয় সংবিধান,3,0.7198563359578821
5 Post June 2026,5_post_june_2026,30,চিড়িয়াখানায় যাওয়া লাগে না এখন সালাউদ্দিনের বিনোদন দেখো সবাই,চিড়িয়াখানায় যাওয়া লাগে না এখন সালাউদ্দিনের বিনোদন দেখো সবাই,0,0.522604398492417
5 Post June 2026,5_post_june_2026,31,"সব কিছুর #বাজেট হলো, যে গুলোর বাজেট হয়নি, …",সব কিছুর বাজেট হলো যে গুলোর বাজেট হয়নি,2,0.8836201206356368
5 Post June 2026,5_post_june_2026,32,আমরা গর্বিত যে আমরা শালা উদ্দিনের মতন প্রধানমন্ত্রী পেয়েছি,আমরা গর্বিত যে আমরা শালা উদ্দিনের মতন প্রধানমন্ত্রী পেয়েছি,4,0.8635747630907468
5 Post June 2026,5_post_june_2026,33,কবে যে এরা সত্তি কথা বলবে,কবে যে এরা সত্তি কথা বলবে,1,0.5343072585090762
5 Post June 2026,5_post_june_2026,34,এজন্য নিত্য প্রয়োজনীয় বিদ্যুৎ বিল ডবল করা হয়েছে,এজন্য নিত্য প্রয়োজনীয় বিদ্যুৎ বিল ডবল করা হয়েছে,3,0.8628554025552826
5 Post June 2026,5_post_june_2026,35,"সালাউদ্দিন সাহেব কি স্বরাষ্ট্রমন্ত্রী, নাকি অর্থমন্ত্রী, কোনটার উনি দায়িত্ব পালন করে",সালাউদ্দিন সাহেব কি স্বরাষ্ট্রমন্ত্রী নাকি অর্থমন্ত্রী কোনটার উনি দায়িত্ব পালন করে,0,0.5479768802729346
5 Post June 2026,5_post_june_2026,36,"কোনো কিছুর দামই যদি বৃদ্ধি না করা হয়,তাহলে বিদ ্যুৎ বিলে কেন 1000টাকার বিল এই মাসে 3000টাকা আসল,,?",কোনো কিছুর দামই যদি বৃদ্ধি না করা হয় তাহলে বিদ ্যুৎ বিলে কেন টাকার বিল এই মাসে টাকা আসল,3,0.5441138378707646
5 Post June 2026,5_post_june_2026,37,তাহলে বিদ্যুতের বিল বাড়লো কেন,তাহলে বিদ্যুতের বিল বাড়লো কেন,3,0.8397596547071827
5 Post June 2026,5_post_june_2026,38,ভোটের সময় এলাকায় এসে ভোট ভিক্ষা করে সংসদে গিয়ে পাগলামি করে,ভোটের সময় এলাকায় এসে ভোট ভিক্ষা করে সংসদে গিয়ে পাগলামি করে,0,0.6265453762475278
5 Post June 2026,5_post_june_2026,39,সিলিন্ডার গ্যাস আগে ছিল ১৩০০ টাকা বর্তমানে ২০০০ টাকা। গ্রামে প্রত্যেক লাইনের গাড়িতে পাঁচ টাকা করে বৃদ্ধি করা হয়েছে। …,সিলিন্ডার গ্যাস আগে ছিল টাকা বর্তমানে টাকা গ্রামে প্রত্যেক লাইনের গাড়িতে পাঁচ টাকা করে বৃদ্ধি করা হয়েছে,3,0.9198295214122368
5 Post June 2026,5_post_june_2026,40,"তারা করলে কিছুই না, আমরা করলে দোষ।",তারা করলে কিছুই না আমরা করলে দোষ,4,0.6392414982681426
5 Post June 2026,5_post_june_2026,41,"ধানের দাম কমিয়ে সার কিট নাশক দাম বাড়িয়ে দেন,…",ধানের দাম কমিয়ে সার কিট নাশক দাম বাড়িয়ে দেন,3,0.6001992565592376
5 Post June 2026,5_post_june_2026,42,সব জিনিসের দাম বাড়ছে।,সব জিনিসের দাম বাড়ছে,3,0.7999978875865388
5 Post June 2026,5_post_june_2026,43,বিদ্যুৎ কি গরীব মানুষ ব্যবহার করে না,বিদ্যুৎ কি গরীব মানুষ ব্যবহার করে না,4,0.4401353548233053
5 Post June 2026,5_post_june_2026,44,"আপনারাও অন্তবর্তীকালীন সরকারের দায়িত্বে ছিলেন আপনাদের নিয়ে আমেরিকার সাথে চুক্তি স্বাক্ষর করেছে, তাহলে এখন আপনারা নিজ ইচ্ছায় জেলে চলে যান শিলং",আপনারাও অন্তবর্তীকালীন সরকারের দায়িত্বে ছিলেন আপনাদের নিয়ে আমেরিকার সাথে চুক্তি স্বাক্ষর করেছে তাহলে এখন আপনারা নিজ ইচ্ছায় জেলে চলে যান শিলং,0,0.47907445918015157
5 Post June 2026,5_post_june_2026,45,"গ্যাসে, তেল, বিদ্যুৎ, সার, কিটনাশক, মাছের খাদ্য, পশু প্রাণীর খাদ্য সহ সব কিছুর দাম বাড়িয়ে নিত্যপ্রয়োজনীয় জিনিষের দাম কমালেন তা…",গ্যাসে তেল বিদ্যুৎ সার কিটনাশক মাছের খাদ্য পশু প্রাণীর খাদ্য সহ সব কিছুর দাম বাড়িয়ে নিত্যপ্রয়োজনীয় জিনিষের দাম কমালেন তা,3,0.9380783797614675
5 Post June 2026,5_post_june_2026,46,Sala na ken,sala na ken,2,0.5999980771358838
5 Post June 2026,5_post_june_2026,47,"জ্বি, ১০০০ তালি দিলাম, ধন্যবাদ আপনাকে",জ্বি তালি দিলাম ধন্যবাদ আপনাকে,0,0.8397683924775914
5 Post June 2026,5_post_june_2026,48,মাশাল্লাহ মাশাল্লাহ,মাশাল্লাহ মাশাল্লাহ,4,0.7333284624019749
5 Post June 2026,5_post_june_2026,49,বর্তমান বাজারে কাঁচা মরিচের দাম কেজি প্রতি ২৮০ টাকা।,বর্তমান বাজারে কাঁচা মরিচের দাম কেজি প্রতি টাকা,3,0.8847155253157346
5 Post June 2026,5_post_june_2026,50,আপনি হচ্ছেন স্বরাষ্ট্রমন্ত্রী আপনি কেন ট্যাক্স এর বিষয়ে কথা বলবেন ট্যাক্সের বিষয়ে কথা বলবে অর্থমন্ত্রী বাণিজ্যমন্ত্রী,আপনি হচ্ছেন স্বরাষ্ট্রমন্ত্রী আপনি কেন ট্যাক্স এর বিষয়ে কথা বলবেন ট্যাক্সের বিষয়ে কথা বলবে অর্থমন্ত্রী বাণিজ্যমন্ত্রী,0,0.8982253151398403
5 Post June 2026,5_post_june_2026,51,The man is super interesting,the man is super interesting,4,0.7331943066229962
5 Post June 2026,5_post_june_2026,52,সাপা বাজ,সাপা বাজ,0,0.5999894617363626
5 Post June 2026,5_post_june_2026,53,তাহলে দাম বারলো কেনো এত??,তাহলে দাম বারলো কেনো এত,3,0.6348633108298358
5 Post June 2026,5_post_june_2026,54,বাংলাদেশের নতুন নাম দেয়া উচিত বিনোদন বাংলাদেশ,বাংলাদেশের নতুন নাম দেয়া উচিত বিনোদন বাংলাদেশ,0,0.8983188304964609
5 Post June 2026,5_post_june_2026,55,এটা অর্থমন্ত্রী বলবে।।,এটা অর্থমন্ত্রী বলবে,0,0.733328606644505
5 Post June 2026,5_post_june_2026,56,"বিদ্যুৎ কি নিত্য প্রয়োজনিয় নয়,,,?",বিদ্যুৎ কি নিত্য প্রয়োজনিয় নয়,3,0.7984400085857357
5 Post June 2026,5_post_june_2026,57,পোলাউর চাল১৯০ টাকা।,পোলাউর চাল টাকা,3,0.7329110791153061
5 Post June 2026,5_post_june_2026,58,দিল্লির সাহেব দিল্লিকে দেখে কিছুটা হলেও শিখুন আমাদেরকেও কর থেকে মুক্ত করুন যাদের জন্য কর বেশি করে ধার্য করার কথা সেখানে কি করল…,দিল্লির সাহেব দিল্লিকে দেখে কিছুটা হলেও শিখুন আমাদেরকেও কর থেকে মুক্ত করুন যাদের জন্য কর বেশি করে ধার্য করার কথা সেখানে কি করল,4,0.932167245059302
5 Post June 2026,5_post_june_2026,59,কথা হাসির ছলে হলেও সত্যটা বলেদিছেন,কথা হাসির ছলে হলেও সত্যটা বলেদিছেন,1,0.5999785576171239
5 Post June 2026,5_post_june_2026,60,গ্যাস ২০০০ অকটেন ১৪৫…,গ্যাস অকটেন,3,0.5999967793402688
5 Post June 2026,5_post_june_2026,61,রাতে সেবন বেশী হয়ে গেছে,রাতে সেবন বেশী হয়ে গেছে,4,0.5735703089479388
5 Post June 2026,5_post_june_2026,62,"তৈল, গ্যাসের দাম বাড়লে নিত্য পণ্যের দাম এমনিতেই বেড়ে যায় , বাড়ানোর প্রয়োজন হয়না।",তৈল গ্যাসের দাম বাড়লে নিত্য পণ্যের দাম এমনিতেই বেড়ে যায় বাড়ানোর প্রয়োজন হয়না,3,0.8492873753242652
5 Post June 2026,5_post_june_2026,63,গরিব মানুষ সারা বছরই মারা খাবে।,গরিব মানুষ সারা বছরই মারা খাবে,0,0.5169263192521342
5 Post June 2026,5_post_june_2026,64,এইটা শুধু সংসদের ভিতরে কমানো হয় নাই বাইরে অবস্থা তো আপনারা জানেন না,এইটা শুধু সংসদের ভিতরে কমানো হয় নাই বাইরে অবস্থা তো আপনারা জানেন না,2,0.6476943687908153
5 Post June 2026,5_post_june_2026,65,electric bill,electric bill,0,0.2
5 Post June 2026,5_post_june_2026,66,natok kom koro priyo tumi j cap line G maira diba eida jati janee,natok kom koro priyo tumi j cap line g maira diba eida jati janee,1,0.7319905085337095
5 Post June 2026,5_post_june_2026,67,স্বরাষ্ট্রমন্ত্রীর দায়িত্ব রাষ্ট্রের নিরাপত্তা ব্যবস্থা সচল রাখা অর্থনীতি বেশি আলোচনা নয় অর্থনীতির বিষয়ে কথা বলার জন্য অর্থমন্ত্রী আছে,স্বরাষ্ট্রমন্ত্রীর দায়িত্ব রাষ্ট্রের নিরাপত্তা ব্যবস্থা সচল রাখা অর্থনীতি বেশি আলোচনা নয় অর্থনীতির বিষয়ে কথা বলার জন্য অর্থমন্ত্রী আছে,0,0.5402981412100265
5 Post June 2026,5_post_june_2026,68,"বিএনপির গরিব ত্যাগী নেতাকর্মীদের অধিকার চাই, এদের অধিকার নিয়ে কেউ কথা বলেনা।",বিএনপির গরিব ত্যাগী নেতাকর্মীদের অধিকার চাই এদের অধিকার নিয়ে কেউ কথা বলেনা,1,0.883548128253255
5 Post June 2026,5_post_june_2026,69,নাজির চাল আগে ছিল ৮০ টাকা কেজি এখন ৯০ টাকা কেজি,নাজির চাল আগে ছিল টাকা কেজি এখন টাকা কেজি,3,0.8665092993906988
5 Post June 2026,5_post_june_2026,70,মেইন জিনিসের উপর দাম বাড়াই দিসে। পণ্য গুলো নিজ থেকে হেটে বাজারে আসবে।,মেইন জিনিসের উপর দাম বাড়াই দিসে পণ্য গুলো নিজ থেকে হেটে বাজারে আসবে,3,0.6871261068035242
5 Post June 2026,5_post_june_2026,71,এজন্য এখন বাজারে যাওয়া যাচ্ছে না,এজন্য এখন বাজারে যাওয়া যাচ্ছে না,0,0.8371886895385273
5 Post June 2026,5_post_june_2026,72,আরে ভাই দ্রব্যমূল্যের দাম বারে নাই তো ঠিক আছে কিন্তু তেল দাম বাড়িয়েছেন গাড়িতে গ্যাস চলে গ্যাসের দাম বাড়িয়েছেন দোকানের ব…,আরে ভাই দ্রব্যমূল্যের দাম বারে নাই তো ঠিক আছে কিন্তু তেল দাম বাড়িয়েছেন গাড়িতে গ্যাস চলে গ্যাসের দাম বাড়িয়েছেন দোকানের ব,3,0.8438066991901987
5 Post June 2026,5_post_june_2026,73,"নিত্য পন্যের দাম কমবে আর বিদ্যুৎবিল,সিলেন্ডারি সহ বিভিন্ন দিকে টেক্স বসিয়ে আবার গরীবের ঘারের উপরি চাপবে।",নিত্য পন্যের দাম কমবে আর বিদ্যুৎবিল সিলেন্ডারি সহ বিভিন্ন দিকে টেক্স বসিয়ে আবার গরীবের ঘারের উপরি চাপবে,3,0.8994271569158369
5 Post June 2026,5_post_june_2026,74,"তেলের দাম বেড়েছে, গ্যাসের দাম বেড়েছে, বিদ্যুৎ এর দাম বেড়েছে। জিনিস পত্রের দাম এমনিতেই বেড়ে যাবে।",তেলের দাম বেড়েছে গ্যাসের দাম বেড়েছে বিদ্যুৎ এর দাম বেড়েছে জিনিস পত্রের দাম এমনিতেই বেড়ে যাবে,3,0.9466108056924749
5 Post June 2026,5_post_june_2026,75,"মাসুদাঅল,এড়ে কিনতে পুন পাড়ি যারগই",মাসুদাঅল এড়ে কিনতে পুন পাড়ি যারগই,4,0.5977435514253601
5 Post June 2026,5_post_june_2026,76,এটা বলবে অর্থমন্ত্রী,এটা বলবে অর্থমন্ত্রী,0,0.733328606644505
5 Post June 2026,5_post_june_2026,77,কৃষকের স্যারের দাম কেন বৃদ্ধি হল,কৃষকের স্যারের দাম কেন বৃদ্ধি হল,3,0.4783003577253146
5 Post June 2026,5_post_june_2026,78,"২৩০০ টাকা ডাবল টাইগার ময়দা ২৪৫০ ছিল, কোরবানি ঈদ পর্যন্ত। আর এখন ২৬৫০+",টাকা ডাবল টাইগার ময়দা ছিল কোরবানি ঈদ পর্যন্ত আর এখন,0,0.3998342321687969
5 Post June 2026,5_post_june_2026,79,শুধু কীটনাশক ও সারের দামটা বাড়ায় দেন,শুধু কীটনাশক ও সারের দামটা বাড়ায় দেন,4,0.7974291041170312
5 Post June 2026,5_post_june_2026,80,বাংলাদেশ হইলো আপনাদের বাপ দাদার সম্পদ আপনারা যেভাবে ভালো লাগে এভাবে করেন.,বাংলাদেশ হইলো আপনাদের বাপ দাদার সম্পদ আপনারা যেভাবে ভালো লাগে এভাবে করেন,3,0.5122164326857203
5 Post June 2026,5_post_june_2026,81,এস আলম মন্ত্রণালয়ের জোকার মন্ত্রী সে,এস আলম মন্ত্রণালয়ের জোকার মন্ত্রী সে,1,0.5042714781275774
5 Post June 2026,5_post_june_2026,82,এখানে সবাই পাগল ছাগল গেছে গা,এখানে সবাই পাগল ছাগল গেছে গা,1,0.4398198264820081
5 Post June 2026,5_post_june_2026,83,"স্যার, একটু কথা বলায় ট্যাক্স বসানো যায় না!!",স্যার একটু কথা বলায় ট্যাক্স বসানো যায় না,3,0.7991828401938197
5 Post June 2026,5_post_june_2026,84,Tumi 80 koti taka loan nen,tumi koti taka loan nen,2,0.730548894519483
5 Post June 2026,5_post_june_2026,85,কার্টুন,কার্টুন,0,0.2
5 Post June 2026,5_post_june_2026,86,জুকারসন জুকার,জুকারসন জুকার,4,0.5999804903670154
5 Post June 2026,5_post_june_2026,87,"গরিব, আবেগ,অনুভূতি এগুলি নির্বাচনের সময় মায়াকান্না।",গরিব আবেগ অনুভূতি এগুলি নির্বাচনের সময় মায়াকান্না,1,0.5477019597474413
5 Post June 2026,5_post_june_2026,88,ওবায়দুল কাদেরের ঠিক একটা ফটোকপি পাইছে এইবারের সংসদ ভবনে,ওবায়দুল কাদেরের ঠিক একটা ফটোকপি পাইছে এইবারের সংসদ ভবনে,0,0.3581846206155996
5 Post June 2026,5_post_june_2026,89,এ চাপ্টার কি আপনার ? নিজের মন্ত্রনালয়ের খবর নাই।,এ চাপ্টার কি আপনার নিজের মন্ত্রনালয়ের খবর নাই,4,0.7986134680329356
5 Post June 2026,5_post_june_2026,90,জোকার,জোকার,1,0.5999989368035552
5 Post June 2026,5_post_june_2026,91,বিদ্যুৎ কি নিত্য প্রোয়জন এর বাইরে নাকি???,বিদ্যুৎ কি নিত্য প্রোয়জন এর বাইরে নাকি,3,0.5529507268750546
5 Post June 2026,5_post_june_2026,92,মাদারবোর্ড ভবন এগুলো,মাদারবোর্ড ভবন এগুলো,3,0.7308659884748081
5 Post June 2026,5_post_june_2026,93,Jukarer dol,jukarer dol,0,0.2
5 Post June 2026,5_post_june_2026,94,সর্ব বিষয়ক মন্ত্রী হিসেবে ভাষন দিচ্ছেন।,সর্ব বিষয়ক মন্ত্রী হিসেবে ভাষন দিচ্ছেন,1,0.7255667896337737
5 Post June 2026,5_post_june_2026,95,ভুয়া,ভুয়া,0,0.5999962986546974
5 Post June 2026,5_post_june_2026,96,মাশাল্লাহ খুবই সুন্দর হয়েছে,মাশাল্লাহ খুবই সুন্দর হয়েছে,3,0.545235624169871
5 Post June 2026,5_post_june_2026,97,মন্ত্রী মহোদয় ঠিকই বলেছেন সংসদে গরীব মানুষ কম গরিব মানুষ দেখতে হলে জনগণ এর কাতারে আসতে হবে,মন্ত্রী মহোদয় ঠিকই বলেছেন সংসদে গরীব মানুষ কম গরিব মানুষ দেখতে হলে জনগণ এর কাতারে আসতে হবে,4,0.43247133077875216
5 Post June 2026,5_post_june_2026,98,শুধু পেয়াজের দামটা একটু বাড়ান,শুধু পেয়াজের দামটা একটু বাড়ান,4,0.5953288577599287
5 Post June 2026,5_post_june_2026,99,মঞ্চ নাকট চলছে।,মঞ্চ নাকট চলছে,4,0.5999955648071699
5 Post June 2026,5_post_june_2026,100,"তেল, বিদুৎ, গ্যাসের দাম বাড়াইয়া বালের গান গাইতে আসছেন",তেল বিদুৎ গ্যাসের দাম বাড়াইয়া বালের গান গাইতে আসছেন,3,0.8846695004079869
5 Post June 2026,5_post_june_2026,101,কথায় না কাজে প্রমান চায় জনগণ,কথায় না কাজে প্রমান চায় জনগণ,1,0.8656496452340675
5 Post June 2026,5_post_june_2026,102,বিদ্যুৎ বিল?,বিদ্যুৎ বিল,3,0.7333315723035854
5 Post June 2026,5_post_june_2026,103,বিদ্যুৎ তো আর নিত্য প্রয়োজনিও না,বিদ্যুৎ তো আর নিত্য প্রয়োজনিও না,3,0.7333319415188299
5 Post June 2026,5_post_june_2026,104,বিদ্যুৎ কি শুধু ধনীরা ব্যবহার করে?,বিদ্যুৎ কি শুধু ধনীরা ব্যবহার করে,3,0.7330297674079213
5 Post June 2026,5_post_june_2026,105,"সারা দেশের মানুষ বলছে মানে, আমি কখন আপনাকে কি বললাম। এতো মিথ্যাকথা আসে কিভাবে।",সারা দেশের মানুষ বলছে মানে আমি কখন আপনাকে কি বললাম এতো মিথ্যাকথা আসে কিভাবে,0,0.6439277128806016
5 Post June 2026,5_post_june_2026,106,তাহলে স্যার পিঁয়াজ এর দাম বাড়লো কেন,তাহলে স্যার পিঁয়াজ এর দাম বাড়লো কেন,3,0.8397601027407962
5 Post June 2026,5_post_june_2026,107,সালাউদ্দিন নিজে গরীব যার ব্যাংক লোন ৮৩ হাজার কোটি টাকা এরকম ব্যাংক লোন নিলে গরীব পাইব কই,সালাউদ্দিন নিজে গরীব যার ব্যাংক লোন হাজার কোটি টাকা এরকম ব্যাংক লোন নিলে গরীব পাইব কই,4,0.585496328604476
5 Post June 2026,5_post_june_2026,108,ফেসবুকে কমানো হয়েছে,ফেসবুকে কমানো হয়েছে,3,0.5987805830984214
5 Post June 2026,5_post_june_2026,109,বিএনপি মানে বিনোদন,বিএনপি মানে বিনোদন,0,0.7967819955617782
5 Post June 2026,5_post_june_2026,110,দ্রব্য মুল্য কমবে কি?,দ্রব্য মুল্য কমবে কি,1,0.7926196980615456
5 Post June 2026,5_post_june_2026,111,নেতা হলেও জাওরা আছে,নেতা হলেও জাওরা আছে,1,0.5944183701545038
5 Post June 2026,5_post_june_2026,112,মোবাইল কলরেট তো কমে নাই,মোবাইল কলরেট তো কমে নাই,0,0.39961561602973067
5 Post June 2026,5_post_june_2026,113,জালানি এবং কংক্রিট এর মালামালের দাম কমান,জালানি এবং কংক্রিট এর মালামালের দাম কমান,3,0.7333288218099426
5 Post June 2026,5_post_june_2026,114,সালাউদ্দিন তো দেশের প্রধানমন্ত্রী এজন্য সে সব বিষয় নিযে কথা বলে,সালাউদ্দিন তো দেশের প্রধানমন্ত্রী এজন্য সে সব বিষয় নিযে কথা বলে,1,0.8973616771177969
5 Post June 2026,5_post_june_2026,115,mittha char korle khub mushkil,mittha char korle khub mushkil,2,0.5993345061507279
5 Post June 2026,5_post_june_2026,116,পন্ডিত,পন্ডিত,0,0.2
5 Post June 2026,5_post_june_2026,117,সিগারেট কি নিত্যপ্রয়োজনীয় পণ্যের আওতায় আসবে না?,সিগারেট কি নিত্যপ্রয়োজনীয় পণ্যের আওতায় আসবে না,3,0.6847776478089305
5 Post June 2026,5_post_june_2026,118,বিদ্যুতের দাম এত কেনো,বিদ্যুতের দাম এত কেনো,3,0.6403771246036707
5 Post June 2026,5_post_june_2026,119,বিদ্যুৎ বিলা কি করছেন,বিদ্যুৎ বিলা কি করছেন,3,0.40023554468593736
5 Post June 2026,5_post_june_2026,120,আরে তুই আগে আইনের শাসন ঠিক কর শিলং?,আরে তুই আগে আইনের শাসন ঠিক কর শিলং,4,0.5220013731955653
5 Post June 2026,5_post_june_2026,121,বিশ্ব বেহায়া,বিশ্ব বেহায়া,1,0.7320887272107132
5 Post June 2026,5_post_june_2026,122,Nesakhor,nesakhor,0,0.2
5 Post June 2026,5_post_june_2026,123,এই যুগের মীর জাফর,এই যুগের মীর জাফর,0,0.2
5 Post June 2026,5_post_june_2026,124,আপনার কথাটা যদি বাস্তবে পরিণত হতো,আপনার কথাটা যদি বাস্তবে পরিণত হতো,2,0.798624707131317
5 Post June 2026,5_post_june_2026,125,সালা সাব ১২০০টাকার ২০০০ আরকি?,সালা সাব টাকার আরকি,2,0.8383108331787109
5 Post June 2026,5_post_june_2026,126,তাহলে কৃষকের কী হবে। যারা ফসল এর কী হবে,তাহলে কৃষকের কী হবে যারা ফসল এর কী হবে,1,0.4388213559892819
5 Post June 2026,5_post_june_2026,127,সাউয়া মানে বিনোদন,সাউয়া মানে বিনোদন,0,0.7324188407389118
5 Post June 2026,5_post_june_2026,128,সয়াবিন তেল ২১০ টাকা লিটার,সয়াবিন তেল টাকা লিটার,3,0.8397873363781907
5 Post June 2026,5_post_june_2026,129,"নিত্য প্রয়োজনীয় পন্যের প্রতি সরকারের ভরতুকি দেওয়া উচিৎ, কিন্তু বিনোদন দিয়ে লাভ নেই",নিত্য প্রয়োজনীয় পন্যের প্রতি সরকারের ভরতুকি দেওয়া উচিৎ কিন্তু বিনোদন দিয়ে লাভ নেই,3,0.5611754604917417
5 Post June 2026,5_post_june_2026,130,স্যার চাউল দাম বেড়েছে,স্যার চাউল দাম বেড়েছে,3,0.8399955719956308
5 Post June 2026,5_post_june_2026,131,উনার কথাবার্তা শুনলে আর নাটক দেখতে ইচ্ছে করবে না উনার কথা-বার্তা শুনতে মন চাইবে,উনার কথাবার্তা শুনলে আর নাটক দেখতে ইচ্ছে করবে না উনার কথা বার্তা শুনতে মন চাইবে,2,0.918883510523908
5 Post June 2026,5_post_june_2026,132,"শুধু সারের দাম বৃদ্ধি করা হবে। এবং ফসলের দাম কমানো হবে। কৃষক তো মাঠে মরছে, তাহলে দেশ কোন দিকে যাচ্ছে। কৃষক বাঁচলে,দেশ বাঁচবে।",শুধু সারের দাম বৃদ্ধি করা হবে এবং ফসলের দাম কমানো হবে কৃষক তো মাঠে মরছে তাহলে দেশ কোন দিকে যাচ্ছে কৃষক বাঁচলে দেশ বাঁচবে,3,0.9424783331017642
5 Post June 2026,5_post_june_2026,133,বিনোদন মন্ত্রী,বিনোদন মন্ত্রী,4,0.41229694750821727
5 Post June 2026,5_post_june_2026,134,সালাউদ্দিন স্যারের কথায় সহমত পোষণ করছি,সালাউদ্দিন স্যারের কথায় সহমত পোষণ করছি,1,0.8852016935191713
5 Post June 2026,5_post_june_2026,135,কৃষি পন্যর দাম বাড়ানো দরকার,কৃষি পন্যর দাম বাড়ানো দরকার,3,0.8386779647227146
5 Post June 2026,5_post_june_2026,136,১৬০ টাকা রিটারের সবিন তেল ২২০ টাকা লিটার কেনা লাগে আর তুমি দাম বাড়ায় নাই,টাকা রিটারের সবিন তেল টাকা লিটার কেনা লাগে আর তুমি দাম বাড়ায় নাই,3,0.9195453647868153
5 Post June 2026,5_post_june_2026,137,সার্কাসের ব্যান্ড পার্টি উপস্থিত থাকলে সংসদ ভবনে বোধহয় বক্তৃতা দিতে শালা উদ্দিনের আরো সুবিধা হতো,সার্কাসের ব্যান্ড পার্টি উপস্থিত থাকলে সংসদ ভবনে বোধহয় বক্তৃতা দিতে শালা উদ্দিনের আরো সুবিধা হতো,2,0.5967016782043434
5 Post June 2026,5_post_june_2026,138,কোন জিনেসের দাম কমছে এটাই খুজে পাচ্ছি না বাজারে,কোন জিনেসের দাম কমছে এটাই খুজে পাচ্ছি না বাজারে,3,0.8980778087345356
5 Post June 2026,5_post_june_2026,139,Aknae sbi moja korte ase,aknae sbi moja korte ase,2,0.5999887485052612
5 Post June 2026,5_post_june_2026,140,বাজেট দেওয়ার আগের সাপ্তাহে বাড়িয়ে এখন নাটক,বাজেট দেওয়ার আগের সাপ্তাহে বাড়িয়ে এখন নাটক,2,0.4782938341840678
5 Post June 2026,5_post_june_2026,141,"ফলের উপর ১৩০% কর আছে এর মানে ১০০দাম হলে +১৩০ = ২৩০ টাকা, আহা",ফলের উপর কর আছে এর মানে দাম হলে টাকা আহা,1,0.5657071732718489
5 Post June 2026,5_post_june_2026,142,পুষ্টি চাহিদা মেটাতে ফল আমদানির টেক্স জিরো করা হক।,পুষ্টি চাহিদা মেটাতে ফল আমদানির টেক্স জিরো করা হক,4,0.8389202893752784
5 Post June 2026,5_post_june_2026,143,"শালা জোকার, সংসদটাকে জোকার খানায় পরিনত করছে।",শালা জোকার সংসদটাকে জোকার খানায় পরিনত করছে,0,0.5316964629813383
5 Post June 2026,5_post_june_2026,144,"কি অবস্থা, কেমন যে গাজির গানের ফাটকিদার।",কি অবস্থা কেমন যে গাজির গানের ফাটকিদার,3,0.5973835643897502
5 Post June 2026,5_post_june_2026,145,এই স্বরাষ্ট্র মন্ত্রী পাগল হয়ে গেছে বাজেটের আগেই তো দাম বারানো হয়ে গেছে।। মরতে হবে তোমার সালাউদ্দীন সাহেব ইনশাআল্লাহ তোমার বি…,এই স্বরাষ্ট্র মন্ত্রী পাগল হয়ে গেছে বাজেটের আগেই তো দাম বারানো হয়ে গেছে মরতে হবে তোমার সালাউদ্দীন সাহেব ইনশাআল্লাহ তোমার বি,4,0.8235260665583013
5 Post June 2026,5_post_june_2026,146,সিলিন্ডার গ্যাসের বোতল ২০০০ টাকা এটা কি প্রয়োজনীয় না,সিলিন্ডার গ্যাসের বোতল টাকা এটা কি প্রয়োজনীয় না,3,0.8398854750424156
5 Post June 2026,5_post_june_2026,147,সালেহ উদ্দিন আহমেদ এর পিছনে মহিউদ্দিন চৌধুরী বসে আছেন,সালেহ উদ্দিন আহমেদ এর পিছনে মহিউদ্দিন চৌধুরী বসে আছেন,1,0.8631863752311512
5 Post June 2026,5_post_june_2026,148,রোহিঙ্গা উচ্চ বিদ্যালয়ের ছাএ তাই শিক্ষা টা ঠিক ভাবে নিতে পারে নি,রোহিঙ্গা উচ্চ বিদ্যালয়ের ছাএ তাই শিক্ষা টা ঠিক ভাবে নিতে পারে নি,0,0.5548362425597468
5 Post June 2026,5_post_june_2026,149,"সরকার বলছে নিত্যপ্রয়োজনীও জিনিসের দাম বাড়বে না কিন্তু কোম্পানি গুলো জিনিসপত্রের দাম বাড়াচ্ছে, সরকার কি কোম্পানি গুলোর …",সরকার বলছে নিত্যপ্রয়োজনীও জিনিসের দাম বাড়বে না কিন্তু কোম্পানি গুলো জিনিসপত্রের দাম বাড়াচ্ছে সরকার কি কোম্পানি গুলোর,3,0.514960666682636
5 Post June 2026,5_post_june_2026,150,মুনাফিকের কথা বিশ্বাস করা খুব কঠিন কারেন্ট বিলের কথা বলেছিল জুলাই সনদ সম্পর্কেও বলেছিল,মুনাফিকের কথা বিশ্বাস করা খুব কঠিন কারেন্ট বিলের কথা বলেছিল জুলাই সনদ সম্পর্কেও বলেছিল,4,0.883676995519808
5 Post June 2026,5_post_june_2026,151,জোর করে হলেও ওনার হাত তালি লাগবে,জোর করে হলেও ওনার হাত তালি লাগবে,0,0.865393404476419
5 Post June 2026,5_post_june_2026,152,শেষের কথাটা সেই হইছে,শেষের কথাটা সেই হইছে,0,0.2
5 Post June 2026,5_post_june_2026,153,"এখানেতো বানোয়াট কিছু নিয়ে হাসাহাসা করছে,,, মাঝে সাঝে বিনোদন দরকার পরে,,,,",এখানেতো বানোয়াট কিছু নিয়ে হাসাহাসা করছে মাঝে সাঝে বিনোদন দরকার পরে,0,0.5724946852484518
5 Post June 2026,5_post_june_2026,154,তেল এর দাম কি বারবে নাহ কুমবে,তেল এর দাম কি বারবে নাহ কুমবে,3,0.799303285989065
5 Post June 2026,5_post_june_2026,155,বাংলাদেশের যে জিনিসের দাম বাড়ে ওই জিনিসের দাম কখনো কমে না শ্রমিকের পরিশ্রমের ন্যায্য মূল্য দিলেই সব ঠিক হয়ে যাবে,বাংলাদেশের যে জিনিসের দাম বাড়ে ওই জিনিসের দাম কখনো কমে না শ্রমিকের পরিশ্রমের ন্যায্য মূল্য দিলেই সব ঠিক হয়ে যাবে,3,0.6083955738037786
5 Post June 2026,5_post_june_2026,156,বাজারে গিয়ে কোনটার দাম কত ছিল ৩ মাস আগে আর এখন কত হয়েছে তাহলেই জানতে পারবেন দাম কমছে না বাড়ছে।,বাজারে গিয়ে কোনটার দাম কত ছিল মাস আগে আর এখন কত হয়েছে তাহলেই জানতে পারবেন দাম কমছে না বাড়ছে,1,0.5421129694906696
5 Post June 2026,5_post_june_2026,157,জোকার,জোকার,1,0.5999989368035552
5 Post June 2026,5_post_june_2026,158,Nije rai barayte chay abr nijerai komay,nije rai barayte chay abr nijerai komay,0,0.2
5 Post June 2026,5_post_june_2026,159,সব জান্তা সালাউদ্দিন বেতন বাড়লে এমনি তে বাড়বে. দেশের মানুষ কে বকা মনে করেন আপ্নারা....,সব জান্তা সালাউদ্দিন বেতন বাড়লে এমনি তে বাড়বে দেশের মানুষ কে বকা মনে করেন আপ্নারা,3,0.5387799495158626
5 Post June 2026,5_post_june_2026,160,"তেল, বিদ্যুৎ এবং গ্যাসের মূল্যবৃদ্ধির পরিপ্রেক্ষিতে নিত্যপ্রয়োজনীয় পণ্যের মূল্যহ্রাসের প্রত্যাশা করা অযৌক্তিক। এই ধরনের মন্ত…",তেল বিদ্যুৎ এবং গ্যাসের মূল্যবৃদ্ধির পরিপ্রেক্ষিতে নিত্যপ্রয়োজনীয় পণ্যের মূল্যহ্রাসের প্রত্যাশা করা অযৌক্তিক এই ধরনের মন্ত,3,0.6449710300427287
5 Post June 2026,5_post_june_2026,161,বেগুন ৯০ টাকা কেজি,বেগুন টাকা কেজি,3,0.732913005844983
5 Post June 2026,5_post_june_2026,162,Mr. Salauddin Ahmed's sense of humour is amazing.,mr salauddin ahmed s sense of humour is amazing,4,0.8393687464151356
5 Post June 2026,5_post_june_2026,163,"শুধুমাত্র নিত্য প্রয়োজনীয় নয়, সর্বপ্রয়োজনীয় জিনিসপত্রের দামও যদি কমিয়ে দেওয়া হয় সেটি জামাতে ইসলামের ইসলাম শরিয়া মোতাবেক হবে না।",শুধুমাত্র নিত্য প্রয়োজনীয় নয় সর্বপ্রয়োজনীয় জিনিসপত্রের দামও যদি কমিয়ে দেওয়া হয় সেটি জামাতে ইসলামের ইসলাম শরিয়া মোতাবেক হবে না,1,0.3610474433644413
5 Post June 2026,5_post_june_2026,164,"বাজারে গিয়ে দেখ কি অবস্থা,, এখানে জনগনের টাকা খরচ করে গাল মারেন!!",বাজারে গিয়ে দেখ কি অবস্থা এখানে জনগনের টাকা খরচ করে গাল মারেন,3,0.39609583778878715
5 Post June 2026,5_post_june_2026,165,প্রধানমন্ত্রী সালাউদ্দিনের আহমেদের জন্যই বিএনপি দলের এক পতন হবে,প্রধানমন্ত্রী সালাউদ্দিনের আহমেদের জন্যই বিএনপি দলের এক পতন হবে,1,0.8832648804500983
5 Post June 2026,5_post_june_2026,166,জনগণের টাকা খরচ করে সংসদকে হাস্যরসে পরিনত করছে স্বরাষ্ট্রমন্ত্রী,জনগণের টাকা খরচ করে সংসদকে হাস্যরসে পরিনত করছে স্বরাষ্ট্রমন্ত্রী,2,0.5496181200133964
5 Post June 2026,5_post_june_2026,167,ভন্ডামি মুখুশ খোলার জন্য সালা উদ্দিন আহমেদ সেরা,ভন্ডামি মুখুশ খোলার জন্য সালা উদ্দিন আহমেদ সেরা,1,0.6215552834393895
5 Post June 2026,5_post_june_2026,168,গ্যাস এবং বিদ্যুৎ দাম বাড়ানো হয়েছে এই তিনটি ইফেক্ট ফেলায়।,গ্যাস এবং বিদ্যুৎ দাম বাড়ানো হয়েছে এই তিনটি ইফেক্ট ফেলায়,3,0.8399993174365111
5 Post June 2026,5_post_june_2026,169,জিনিসের দাম কেন বৃদ্ধি পেল?,জিনিসের দাম কেন বৃদ্ধি পেল,3,0.6405292410474067
5 Post June 2026,5_post_june_2026,170,সিগারেট ও তো নিত্য প্রয়োজনীয় দ্রব্য ট্যাক্স গুলো কমিয়ে,সিগারেট ও তো নিত্য প্রয়োজনীয় দ্রব্য ট্যাক্স গুলো কমিয়ে,4,0.49018110793134356
5 Post June 2026,5_post_june_2026,171,ভুয়া,ভুয়া,0,0.5999962986546974
5 Post June 2026,5_post_june_2026,172,বিচার বিভাগ আইন শৃঙ্খলা ভালো করেন আগে,বিচার বিভাগ আইন শৃঙ্খলা ভালো করেন আগে,4,0.4578468720520231
5 Post June 2026,5_post_june_2026,173,ভর্তি চলছে – NSDA বোর্ডকৃত Primary Health Care প্রশিক্ষণ কোর্সে। টে…,ভর্তি চলছে nsda বোর্ডকৃত primary health care প্রশিক্ষণ কোর্সে টে,4,0.40043929059001
5 Post June 2026,5_post_june_2026,174,কৃষক মেরে শেষ করে দিচ্ছে বড় বড় বুলি,কৃষক মেরে শেষ করে দিচ্ছে বড় বড় বুলি,4,0.8977646281751799
5 Post June 2026,5_post_june_2026,175,Perpeiad miter bad diye postpeiad miter lagaite hobe sobar age,perpeiad miter bad diye postpeiad miter lagaite hobe sobar age,2,0.5208948133951048
5 Post June 2026,5_post_june_2026,176,তাহলে কৃষকের গুয়া কেমনে মারবা তার উপায় তো বের করতে হবে যেনো …,তাহলে কৃষকের গুয়া কেমনে মারবা তার উপায় তো বের করতে হবে যেনো,3,0.6871333253287911
5 Post June 2026,5_post_june_2026,177,এই শালার পুতে মনে হয় কারেন বিল দেয়না তাই জানেনা,এই শালার পুতে মনে হয় কারেন বিল দেয়না তাই জানেনা,3,0.7296596998170327
5 Post June 2026,5_post_june_2026,178,শুধু দাম বাড়বে,শুধু দাম বাড়বে,3,0.7333278507769984
5 Post June 2026,5_post_june_2026,179,Achuda....ak montree,achuda ak montree,2,0.5999887841717907
5 Post June 2026,5_post_june_2026,180,সবার তো ঘুষের টাকা না,সবার তো ঘুষের টাকা না,3,0.5984973262694048
5 Post June 2026,5_post_june_2026,181,সয়াবিন তেলের দাম মূল্য থেকে আরও বেশি,সয়াবিন তেলের দাম মূল্য থেকে আরও বেশি,3,0.8665048428373253
5 Post June 2026,5_post_june_2026,182,"কথা না বলে কাজ করুন আমাদের মতো সাধারণ মানুষের জন্য,,, আমরা দ্রব্যমূল্যে জন্য সমস্যা এর মধ্যে আছি বাংলাদেশের জনগন,,,,আলু,৩০,,প…",কথা না বলে কাজ করুন আমাদের মতো সাধারণ মানুষের জন্য আমরা দ্রব্যমূল্যে জন্য সমস্যা এর মধ্যে আছি বাংলাদেশের জনগন আলু প,3,0.48445650280459446
5 Post June 2026,5_post_june_2026,183,"তেলের দাম কমানুর হেডম দেখান,পারলে",তেলের দাম কমানুর হেডম দেখান পারলে,3,0.7998224819457099
5 Post June 2026,5_post_june_2026,184,"এ ভাই এই ধারাবাহিক কৌতুক থুরি এই ধারাবাহিক উপন্যাস কোন শেষ হবে,, কিছু তো হচ্ছে না শুধু আমাদের অর্থনীতির ১২ টা বাজাই ফেলতেছে,,",এ ভাই এই ধারাবাহিক কৌতুক থুরি এই ধারাবাহিক উপন্যাস কোন শেষ হবে কিছু তো হচ্ছে না শুধু আমাদের অর্থনীতির টা বাজাই ফেলতেছে,0,0.6353935836294415
5 Post June 2026,5_post_june_2026,185,আগেছিল কাদের আর এখন সালাউদ্দিন । বিনোদন আর বিনোদন।,আগেছিল কাদের আর এখন সালাউদ্দিন বিনোদন আর বিনোদন,0,0.839545933231103
5 Post June 2026,5_post_june_2026,186,বিদ্যুৎ তাহলে কি,বিদ্যুৎ তাহলে কি,3,0.7324685314403179
5 Post June 2026,5_post_june_2026,187,হা হা হা হা হা হা হা হা হা হা হা হা হা হা হা হা হা হা,হা হা হা হা হা হা হা হা হা হা হা হা হা হা হা হা হা হা,2,0.9578946395931783
5 Post June 2026,5_post_june_2026,188,তাহলে বাজারে গিয়ে দেখেন!,তাহলে বাজারে গিয়ে দেখেন,0,0.8366449824480274
5 Post June 2026,5_post_june_2026,189,1ta gorib o nai ta kinto shotti,ta gorib o nai ta kinto shotti,2,0.5519252150394008
5 Post June 2026,5_post_june_2026,190,মুখে অনেক কিছু বলেন কাজের বেলায় ঠন ঠন,মুখে অনেক কিছু বলেন কাজের বেলায় ঠন ঠন,0,0.7341078526630147
5 Post June 2026,5_post_june_2026,191,বাজারে খবর নাও,বাজারে খবর নাও,0,0.7972652803917294
5 Post June 2026,5_post_june_2026,192,কমেডি ভবন তেলের দাম বাড়ছে বিদ্যুৎ দাম বাড়ছে মানুষকে এখন সব বোকাচো,কমেডি ভবন তেলের দাম বাড়ছে বিদ্যুৎ দাম বাড়ছে মানুষকে এখন সব বোকাচো,3,0.9196495853916817
5 Post June 2026,5_post_june_2026,193,ফল আমদানিতে ট্যাক্স জিরো করা হোক,ফল আমদানিতে ট্যাক্স জিরো করা হোক,4,0.49186353714472597
5 Post June 2026,5_post_june_2026,194,"কেমন জানি,মাতালের মতো কথা বলে।",কেমন জানি মাতালের মতো কথা বলে,0,0.6164583284550047
5 Post June 2026,5_post_june_2026,195,আমরা সাধারণ মানুষ ট্যাক্স দিয়ে কি করব নিত্য পণ্য জিনিসের দাম কমান তাহলে চলবে,আমরা সাধারণ মানুষ ট্যাক্স দিয়ে কি করব নিত্য পণ্য জিনিসের দাম কমান তাহলে চলবে,3,0.6479577765604841
5 Post June 2026,5_post_june_2026,196,He is soo cool,he is soo cool,4,0.7331914226182158
5 Post June 2026,5_post_june_2026,197,কাউয়া,কাউয়া,0,0.599983494823536
5 Post June 2026,5_post_june_2026,198,ভাই ওনার কথা পুরা ছুরির মত ্্্,ভাই ওনার কথা পুরা ছুরির মত ্্্,4,0.83605179138321
5 Post June 2026,5_post_june_2026,199,কাচা মরিচ 400 টাকা কেজি,কাচা মরিচ টাকা কেজি,3,0.732913005844983
5 Post June 2026,5_post_june_2026,200,সরকার যদি বলতেন কিসের দাম কমাইতে হলে আমাদের জন্য ভালো হতো,সরকার যদি বলতেন কিসের দাম কমাইতে হলে আমাদের জন্য ভালো হতো,0,0.6520125898422056
5 Post June 2026,5_post_june_2026,201,এখনকার সংসদ এবং আগেরকার সংসদ রাত পার্থক্য,এখনকার সংসদ এবং আগেরকার সংসদ রাত পার্থক্য,4,0.5507981988782423
5 Post June 2026,5_post_june_2026,202,আমাদের টাকা দিয়ে বিনোদন কেন্দ্র খোলা হয়েছে,আমাদের টাকা দিয়ে বিনোদন কেন্দ্র খোলা হয়েছে,0,0.3998712225695621
5 Post June 2026,5_post_june_2026,203,স্যার বিদ্যুৎ বিল আর গ্যাস যা আসছে তাতে নিত্যপ্রয়োজনীয় জিনিসের দাম কমাই লাব কি। হুমায়ুন আহাম্মেদের একটা ডাইলগ আছে কে কে তা জানে,স্যার বিদ্যুৎ বিল আর গ্যাস যা আসছে তাতে নিত্যপ্রয়োজনীয় জিনিসের দাম কমাই লাব কি হুমায়ুন আহাম্মেদের একটা ডাইলগ আছে কে কে তা জানে,3,0.6575224587421893
5 Post June 2026,5_post_june_2026,204,প্রধানমন্ত্রীকে সালাউদ্দিন সাহেব নাকি তারেক রহমান কিছুই বোঝা যায় না,প্রধানমন্ত্রীকে সালাউদ্দিন সাহেব নাকি তারেক রহমান কিছুই বোঝা যায় না,4,0.7362431105626713
5 Post June 2026,5_post_june_2026,205,ভুয়া,ভুয়া,0,0.5999962986546974
5 Post June 2026,5_post_june_2026,206,মুনাফিক,মুনাফিক,0,0.2
5 Post June 2026,5_post_june_2026,207,চাঁদাবাজি কি বন্ধ হয়েছে মুরুব্বি।,চাঁদাবাজি কি বন্ধ হয়েছে মুরুব্বি,4,0.39983882427415257
5 Post June 2026,5_post_june_2026,208,তেল গ্যাস বিদ্যুতের দাম সাইক্লোন হারে বৃদ্ধি করলে কি নিত্যপণ্য দ্রব্য আপনারা মাথায় করে ভোক্তাদের কাছে পৌঁছাবেন?,তেল গ্যাস বিদ্যুতের দাম সাইক্লোন হারে বৃদ্ধি করলে কি নিত্যপণ্য দ্রব্য আপনারা মাথায় করে ভোক্তাদের কাছে পৌঁছাবেন,3,0.6228868390853057
5 Post June 2026,5_post_june_2026,209,বিদ্যুৎ তেল গ্যাসর দাম বাড়াইলে সব কিছু দাম এভাবেই বেড়ে যায়,বিদ্যুৎ তেল গ্যাসর দাম বাড়াইলে সব কিছু দাম এভাবেই বেড়ে যায়,3,0.885313310637316
5 Post June 2026,5_post_june_2026,210,সংসদ নয় যে পাগলা গারত,সংসদ নয় যে পাগলা গারত,0,0.7929334856403598
5 Post June 2026,5_post_june_2026,211,তাহলে বিদ্যুৎ কি,তাহলে বিদ্যুৎ কি,3,0.7324685314403179
5 Post June 2026,5_post_june_2026,212,ট্যাক্স না বাড়ালেও দাম তো ঠিকই বাড়ছে,ট্যাক্স না বাড়ালেও দাম তো ঠিকই বাড়ছে,3,0.8388980572387745
5 Post June 2026,5_post_june_2026,213,কথার সাথে কাজে মিল নাই। আপনদের জবানের কোন ঠিক নাই,কথার সাথে কাজে মিল নাই আপনদের জবানের কোন ঠিক নাই,2,0.5448336067647913
5 Post June 2026,5_post_june_2026,214,অর্থ মন্ত্রী গত কয়েক আগেও তো বলেছে মুদি দোকানে টেক্স বসানো হবে তিনি কি তা শোনেনি?,অর্থ মন্ত্রী গত কয়েক আগেও তো বলেছে মুদি দোকানে টেক্স বসানো হবে তিনি কি তা শোনেনি,4,0.457299337417619
5 Post June 2026,5_post_june_2026,215,Misa hota R hoto hobi,misa hota r hoto hobi,1,0.5999654631324349
5 Post June 2026,5_post_june_2026,216,রাইট,রাইট,1,0.5999935439617783
5 Post June 2026,5_post_june_2026,217,ভালো লাগলো,ভালো লাগলো,2,0.7273556040698391
5 Post June 2026,5_post_june_2026,218,দাম তো বৃদ্ধি করা সো দাম কমা নিয়ে বলা উচিৎ,দাম তো বৃদ্ধি করা সো দাম কমা নিয়ে বলা উচিৎ,3,0.898885462583367
5 Post June 2026,5_post_june_2026,219,স্বরাষ্ট্রমন্ত্রী,স্বরাষ্ট্রমন্ত্রী,0,0.5999960420947794
5 Post June 2026,5_post_june_2026,220,"ঋন নিয়ে ক্ষমতায় জিতে বড় লোক হওয়ার চেয়ে গরিব হওয়া অনেক গর্বের বিষয়, গরিব দুঃখি মানুষেরা'ই ধনী ও বিত্তশালীদের থেকে আগে জান্নাতে…",ঋন নিয়ে ক্ষমতায় জিতে বড় লোক হওয়ার চেয়ে গরিব হওয়া অনেক গর্বের বিষয় গরিব দুঃখি মানুষেরা ই ধনী ও বিত্তশালীদের থেকে আগে জান্নাতে,1,0.9255083291680486
5 Post June 2026,5_post_june_2026,221,আমার মনে হয় এটা অত্যন্ত গুরুত্বপূর্ণ বিষয়। লাখ লাখ আমানতকারীদের হাজার হাজার কোটি টাকা ফেরত পাওয়ার জন্য মাসের পর মাস যাবৎ আন্দো…,আমার মনে হয় এটা অত্যন্ত গুরুত্বপূর্ণ বিষয় লাখ লাখ আমানতকারীদের হাজার হাজার কোটি টাকা ফেরত পাওয়ার জন্য মাসের পর মাস যাবৎ আন্দো,3,0.4747131841524103
5 Post June 2026,5_post_june_2026,222,"যাক এবার অর্থ মন্ত্রণালয়ের দায়িত্বটাও কাঁধে নিলেন?? এটাই তো চাই,,,, নিজের খেয়ে বনের মহিষ তাড়ানো,,",যাক এবার অর্থ মন্ত্রণালয়ের দায়িত্বটাও কাঁধে নিলেন এটাই তো চাই নিজের খেয়ে বনের মহিষ তাড়ানো,4,0.9089151701987379
5 Post June 2026,5_post_june_2026,223,ভারত থাকতে থাকতে তার বাংলা উচ্চারণ ভারতীয়দের মতো হয়ে গেছে। জোকার জোকার লাগে কথা,ভারত থাকতে থাকতে তার বাংলা উচ্চারণ ভারতীয়দের মতো হয়ে গেছে জোকার জোকার লাগে কথা,1,0.6907570976498895
5 Post June 2026,5_post_june_2026,224,কোন দিক দিয়ে কমাইছে চাপাবাজি এর জায়গা নাই,কোন দিক দিয়ে কমাইছে চাপাবাজি এর জায়গা নাই,3,0.8649892622637676
5 Post June 2026,5_post_june_2026,225,মুখে কাজে কোন মিল নাই,মুখে কাজে কোন মিল নাই,2,0.8641271641527644
5 Post June 2026,5_post_june_2026,226,বাজেটের আগে তো সব পণ্যের দাম বাড়িয়ে দিয়েছো,বাজেটের আগে তো সব পণ্যের দাম বাড়িয়ে দিয়েছো,3,0.6408176772165498
5 Post June 2026,5_post_june_2026,227,"চান্দার পরিমাণ বাড়িয়ে দাও রাস্তায় রাস্তায় রাত থামিয়ে থামিয়ে, তাহলেই দ্রব্যমূল্যের দাম কমবে",চান্দার পরিমাণ বাড়িয়ে দাও রাস্তায় রাস্তায় রাত থামিয়ে থামিয়ে তাহলেই দ্রব্যমূল্যের দাম কমবে,1,0.6293699073687572
5 Post June 2026,5_post_june_2026,228,Ai shala bazar jai dak baincod,ai shala bazar jai dak baincod,2,0.40064470295235516
5 Post June 2026,5_post_june_2026,229,উনিতো বাজারে যায় না বুঝবে কি করে,উনিতো বাজারে যায় না বুঝবে কি করে,0,0.7301293207270301
5 Post June 2026,5_post_june_2026,230,ট্যাক্স কমাইলে ব্যবসায়ীরা লাভবান কারণ ব্যবসায়ীরা তো জিনিসের দাম কম করতেছে না।,ট্যাক্স কমাইলে ব্যবসায়ীরা লাভবান কারণ ব্যবসায়ীরা তো জিনিসের দাম কম করতেছে না,3,0.8660527634280493
5 Post June 2026,5_post_june_2026,231,হাসাহাসি হলে খালি গরিবদের নিয়েই কেনো হয় ...দেশের অর্থনীতির চাকা এই গরিবরাই সচল রাখে ।,হাসাহাসি হলে খালি গরিবদের নিয়েই কেনো হয় দেশের অর্থনীতির চাকা এই গরিবরাই সচল রাখে,4,0.8984056311757104
5 Post June 2026,5_post_june_2026,232,দাম বারলেই কি আর না বারলেই আপনাদের তো কিনে খাওয়া লাগে না আর গরীব মানুষের কোন সমস্যা হয় না কারণ এদের শরিরে আর রক্ত নাই চুষে খেত…,দাম বারলেই কি আর না বারলেই আপনাদের তো কিনে খাওয়া লাগে না আর গরীব মানুষের কোন সমস্যা হয় না কারণ এদের শরিরে আর রক্ত নাই চুষে খেত,3,0.778326104059926
5 Post June 2026,5_post_june_2026,233,এ বক্তব্য অর্থমন্ত্রী মহোদয় দিলে ভালো হতো!,এ বক্তব্য অর্থমন্ত্রী মহোদয় দিলে ভালো হতো,0,0.6794346076689698
5 Post June 2026,5_post_june_2026,234,Then why is the price of rice upwarding? Please do something,then why is the price of rice upwarding please do something,4,0.7999336550364109
5 Post June 2026,5_post_june_2026,235,মামু কারেন্টত সবাই ব্যবহার করে যে বাশ কারেন্ট বিলে দিছেন আপনাদের সবার প্রতি সহানুভূতি কেননা আমরা যে বাশ কারেন্ট বিলে খাইছি এক মাসে মামু,মামু কারেন্টত সবাই ব্যবহার করে যে বাশ কারেন্ট বিলে দিছেন আপনাদের সবার প্রতি সহানুভূতি কেননা আমরা যে বাশ কারেন্ট বিলে খাইছি এক মাসে মামু,2,0.9320229567408427
5 Post June 2026,5_post_june_2026,236,তেলের দাম বাড়লো আর কিছু আপনি বাড়ানোর দরকার নেই এমনিতেই বেড়ে যাবে,তেলের দাম বাড়লো আর কিছু আপনি বাড়ানোর দরকার নেই এমনিতেই বেড়ে যাবে,3,0.7958261833976579
5 Post June 2026,5_post_june_2026,237,এই কথা আপনি বলেন কা অর্থমন্ত্রী কি মারা গেছে,এই কথা আপনি বলেন কা অর্থমন্ত্রী কি মারা গেছে,2,0.4789140890685316
5 Post June 2026,5_post_june_2026,238,কাঁচামরিচ ২৪০,কাঁচামরিচ,0,0.2
5 Post June 2026,5_post_june_2026,239,হ্যাঁ গরিবের জন্য কমানো হয়ছে। কিন্তু কোন গরীব --সেই গরীবের সংজ্ঞাটা দিয়ে যাইয়েন,হ্যাঁ গরিবের জন্য কমানো হয়ছে কিন্তু কোন গরীব সেই গরীবের সংজ্ঞাটা দিয়ে যাইয়েন,2,0.8978674946554026
5 Post June 2026,5_post_june_2026,240,ফালতু একটা মন্ত্রী,ফালতু একটা মন্ত্রী,2,0.7313339248210482
5 Post June 2026,5_post_june_2026,241,বিনোদনের জন্য সেরা,বিনোদনের জন্য সেরা,1,0.5985240598301159
5 Post June 2026,5_post_june_2026,242,আগে মানুষ নাটক দেখতো এখন সংসদ দেখে,আগে মানুষ নাটক দেখতো এখন সংসদ দেখে,4,0.4795243377629038
5 Post June 2026,5_post_june_2026,243,মুখের বুলি আর বাস্তবতা ভিন্ন,মুখের বুলি আর বাস্তবতা ভিন্ন,2,0.8387980656573402
5 Post June 2026,5_post_june_2026,244,1 ltd oil 190 Hote…,ltd oil hote,0,0.2
5 Post June 2026,5_post_june_2026,245,কারেন্ট বিল আগে আসতো ৪৫০/- এখন আসতেছে ১৩০০/- …,কারেন্ট বিল আগে আসতো এখন আসতেছে,3,0.7980487097937827
5 Post June 2026,5_post_june_2026,246,Tax baray nai dam barse kiser karone seta to bolbe na,tax baray nai dam barse kiser karone seta to bolbe na,1,0.515634254255941
5 Post June 2026,5_post_june_2026,247,ওনার অহংকার চলে আসছে??,ওনার অহংকার চলে আসছে,3,0.8387987623476015
5 Post June 2026,5_post_june_2026,248,আপনার মত ক্ষমা নেই ভাই দাদার আদান বেশি নেই,আপনার মত ক্ষমা নেই ভাই দাদার আদান বেশি নেই,4,0.7969187709147285
5 Post June 2026,5_post_june_2026,249,Ki komaln,ki komaln,2,0.5999983754121102
5 Post June 2026,5_post_june_2026,250,"সংসদ চলাকালে, এক যাতে বিদ্যুৎ না থাকে তার ব্যবস্থা করতে হবে, সাধারণ জনগণের বিদ্যুতের যে কষ্ট, তা বুঝতে এই ব্যবস্থা করতে হবে।",সংসদ চলাকালে এক যাতে বিদ্যুৎ না থাকে তার ব্যবস্থা করতে হবে সাধারণ জনগণের বিদ্যুতের যে কষ্ট তা বুঝতে এই ব্যবস্থা করতে হবে,4,0.4799687093425589
5 Post June 2026,5_post_june_2026,251,সার ডিজেল এগুলার দাম কমান বলদ,সার ডিজেল এগুলার দাম কমান বলদ,3,0.6415715175956324
5 Post June 2026,5_post_june_2026,252,বিদ্যুতের দাম দেশের দাম অনেক সত্তা এগুলা নিত্য প্রয়োজনীয়তা পরে না এগুলো দাম বাড়ানো হোক,বিদ্যুতের দাম দেশের দাম অনেক সত্তা এগুলা নিত্য প্রয়োজনীয়তা পরে না এগুলো দাম বাড়ানো হোক,3,0.9266932293425196
5 Post June 2026,5_post_june_2026,253,এই বালের লেকচার শুধু মাত্র সংসদে থাকলেই হবে না।বাস্তবায়ন করতে হবে,এই বালের লেকচার শুধু মাত্র সংসদে থাকলেই হবে না বাস্তবায়ন করতে হবে,3,0.8828861625584371
5 Post June 2026,5_post_june_2026,254,বাজেটের আগে মানুষের পাছায় বাঁশ দিয়ে এখন হাতে তালি দেন,বাজেটের আগে মানুষের পাছায় বাঁশ দিয়ে এখন হাতে তালি দেন,4,0.6046955315158222
5 Post June 2026,5_post_june_2026,255,"মানুষ এত বোকা নয়,জ্বালানি তেলের দাম বারলে অটো জিনিসের দাম বাড়ে।",মানুষ এত বোকা নয় জ্বালানি তেলের দাম বারলে অটো জিনিসের দাম বাড়ে,3,0.8362042033766598
5 Post June 2026,5_post_june_2026,256,এটা আপনার কথা না অন্যজনের দায়িত্ব আপনার খাদে নিচ্ছেন কেন,এটা আপনার কথা না অন্যজনের দায়িত্ব আপনার খাদে নিচ্ছেন কেন,2,0.7302651378661981
5 Post June 2026,5_post_june_2026,257,বিদ্যুৎ বিল কমানো দরকার,বিদ্যুৎ বিল কমানো দরকার,3,0.838699137401924
5 Post June 2026,5_post_june_2026,259,"ভাই পেট্রল, কেরোসিন, ডিজেল, গ্যাস সহ সারের দাম আবার বাড়ানো হইছে,,,, শুধু ভাষণ এ কম শোনা যায়,,,আর বাস্তবে বৃদ্ধি পায়",ভাই পেট্রল কেরোসিন ডিজেল গ্যাস সহ সারের দাম আবার বাড়ানো হইছে শুধু ভাষণ এ কম শোনা যায় আর বাস্তবে বৃদ্ধি পায়,3,0.9328415441302034
5 Post June 2026,5_post_june_2026,260,কত বছর বাজার করেন না মাননীয় পররাষ্ট্র মন্ত্রী,কত বছর বাজার করেন না মাননীয় পররাষ্ট্র মন্ত্রী,4,0.5409528437778026
5 Post June 2026,5_post_june_2026,261,দাম তো কমে না,দাম তো কমে না,3,0.40041172517506846
5 Post June 2026,5_post_june_2026,262,ঠিক এখানে গরিব মানুষ নাই,ঠিক এখানে গরিব মানুষ নাই,1,0.35326993006242996
5 Post June 2026,5_post_june_2026,263,Bangladesh a Bike ( motorcycle) er upor tax&vat sob cheye beshi,bangladesh a bike motorcycle er upor tax vat sob cheye beshi,2,0.7997714371139589
5 Post June 2026,5_post_june_2026,264,স্যার এক কেজি পোলাও চাল ১৯৫ কেজি স্যার,স্যার এক কেজি পোলাও চাল কেজি স্যার,3,0.8666644402273556
5 Post June 2026,5_post_june_2026,265,অভিনেতা হুমায়ুন ফরিদী স্যারের অভিনয়ের সাথে মিল আছে।,অভিনেতা হুমায়ুন ফরিদী স্যারের অভিনয়ের সাথে মিল আছে,2,0.400467735630512
5 Post June 2026,5_post_june_2026,266,আই ওয়াশ না করে তেলের দাম কমান দেখবেন সব কিছুই নিয়ন্ত্রণ হয়ে যাবে …,আই ওয়াশ না করে তেলের দাম কমান দেখবেন সব কিছুই নিয়ন্ত্রণ হয়ে যাবে,3,0.5734868269400877
5 Post June 2026,5_post_june_2026,267,"জি স্যার গ্যাস এর দাম এতো কম টেক্স আর দরকার নাই,জ্বালানি তৈল যে দাম আর টেক্স লাগবো না",জি স্যার গ্যাস এর দাম এতো কম টেক্স আর দরকার নাই জ্বালানি তৈল যে দাম আর টেক্স লাগবো না,3,0.9373304745238464
5 Post June 2026,5_post_june_2026,268,দয়া করে চালের দাম তেলের দাম অনেক বেশি এগুলো কমাতে বইলেন,দয়া করে চালের দাম তেলের দাম অনেক বেশি এগুলো কমাতে বইলেন,3,0.8853294529757436
5 Post June 2026,5_post_june_2026,269,জি ঠিক বলেছেন। সংসদে যারা বসেন তারা কেউ গরীব নয়।,জি ঠিক বলেছেন সংসদে যারা বসেন তারা কেউ গরীব নয়,2,0.6551052160519224
5 Post June 2026,5_post_june_2026,270,এইজন্যই তো ২০ টাকার টমেটো 300 টাকা কেজি খাচ্ছি,এইজন্যই তো টাকার টমেটো টাকা কেজি খাচ্ছি,3,0.7995565696347606
5 Post June 2026,5_post_june_2026,271,কেউ যদি মিথ্যা কে হাত তালি দিয়ে সমর্থন করে তাহলে সেনিজেঅ অপরাদী,কেউ যদি মিথ্যা কে হাত তালি দিয়ে সমর্থন করে তাহলে সেনিজেঅ অপরাদী,0,0.8370898863862866
5 Post June 2026,5_post_june_2026,272,ai vodai re jara vot dica tadr kopale sottii dukko aca.... Alllah maf koruk,ai vodai re jara vot dica tadr kopale sottii dukko aca alllah maf koruk,2,0.7333265158157322
5 Post June 2026,5_post_june_2026,273,তেল?,তেল,3,0.5988319531740058
5 Post June 2026,5_post_june_2026,274,বাড়াইলাম তেলের দাম খাদ্যদ্রব্য মূল্য বাড়ল কেমনে,বাড়াইলাম তেলের দাম খাদ্যদ্রব্য মূল্য বাড়ল কেমনে,3,0.8399950183830934
5 Post June 2026,5_post_june_2026,275,"সালাউদ্দিন আহমেদ ভাই একাই একশ, আল্লাহ তাকে নেক হায়াত দান করুন।",সালাউদ্দিন আহমেদ ভাই একাই একশ আল্লাহ তাকে নেক হায়াত দান করুন,1,0.5850946419040094
5 Post June 2026,5_post_june_2026,276,Mane ki gali dibo khuje pacchi na,mane ki gali dibo khuje pacchi na,2,0.7999975413384391
5 Post June 2026,5_post_june_2026,277,বিদ্যুৎ কি নিত্যপ্রয়োজনীয় না????,বিদ্যুৎ কি নিত্যপ্রয়োজনীয় না,3,0.7333300153588336
5 Post June 2026,5_post_june_2026,278,সংসদে বর্তমান সার্কাস চলে। টিকিট কতো। আমি বিয়ে করে বোউ নিয়ে সার্কাস খেলা দেখতে যেতাম।,সংসদে বর্তমান সার্কাস চলে টিকিট কতো আমি বিয়ে করে বোউ নিয়ে সার্কাস খেলা দেখতে যেতাম,1,0.6441220021910227
5 Post June 2026,5_post_june_2026,279,ঠিক আছে গরীব মানুষ খারবে সরকারের কাছে আর কিছু চায়না,ঠিক আছে গরীব মানুষ খারবে সরকারের কাছে আর কিছু চায়না,4,0.5203899347361677
5 Post June 2026,5_post_june_2026,280,বিদ্যুৎটা কি নিত্য প্রয়োজনীয় জিনিস না,বিদ্যুৎটা কি নিত্য প্রয়োজনীয় জিনিস না,3,0.79999799765243
5 Post June 2026,5_post_june_2026,281,কারেন্ট গ্যাসের দাম বারালো কেনো,কারেন্ট গ্যাসের দাম বারালো কেনো,3,0.6396802530067747
5 Post June 2026,5_post_june_2026,282,বট বাহিনীর জ্বলে বাজারে মোটামুটি নিত্য পন্যের দাম সহনীয় পর্যায়ে আছে। আইন শৃঙ্খলা পরিস্থিতি আরো ৩০%-৪০% উন্নতি করতে হবে তাহলে দেশ ঠান্ডা হয়ে যাবে।,বট বাহিনীর জ্বলে বাজারে মোটামুটি নিত্য পন্যের দাম সহনীয় পর্যায়ে আছে আইন শৃঙ্খলা পরিস্থিতি আরো উন্নতি করতে হবে তাহলে দেশ ঠান্ডা হয়ে যাবে,3,0.4772840158647455
5 Post June 2026,5_post_june_2026,283,আর সার তেলর দাম বাড়ানো হবে।,আর সার তেলর দাম বাড়ানো হবে,3,0.7999973805727681
5 Post June 2026,5_post_june_2026,284,সব বাটপার একসাথে হয়ছে।,সব বাটপার একসাথে হয়ছে,3,0.7279360658180977
5 Post June 2026,5_post_june_2026,285,আর কত রং দেখবারে মানুষ রংয়ের এই বাজারে,আর কত রং দেখবারে মানুষ রংয়ের এই বাজারে,4,0.5482581028029496
5 Post June 2026,5_post_june_2026,286,"কোন জিনিসের দাম বাড়ে নাই? বিদ্যুৎ, গ্যাস সহ আরো অনেক আইটেমর দাম বেড়েছে।",কোন জিনিসের দাম বাড়ে নাই বিদ্যুৎ গ্যাস সহ আরো অনেক আইটেমর দাম বেড়েছে,3,0.9332217815769617
5 Post June 2026,5_post_june_2026,287,চালাকি বাদদেন তেল গ্যাসের মূল্য কতো পারসেন্ট বাড়িয়েচেন। বিদ্যুৎ দাম বাড়িয়ে দিয়ে সাধারণ মানুষের মন জয় করে দিলেন।,চালাকি বাদদেন তেল গ্যাসের মূল্য কতো পারসেন্ট বাড়িয়েচেন বিদ্যুৎ দাম বাড়িয়ে দিয়ে সাধারণ মানুষের মন জয় করে দিলেন,3,0.6191441968202425
5 Post June 2026,5_post_june_2026,288,Shikder Mehedi 𝑮𝒐𝒓𝒊𝒃 𝒎𝒂𝒏𝒖𝒔𝒉 𝒌𝒐𝒎 𝒕𝒂𝒊 𝑻𝒂𝒍𝒊 𝒌𝒐𝒎 𝒅𝒆𝒄𝒊,shikder mehedi,0,0.2
5 Post June 2026,5_post_june_2026,289,জোর করে ও তালি নেওয়া যায়,জোর করে ও তালি নেওয়া যায়,0,0.798739421663512
5 Post June 2026,5_post_june_2026,290,Alhamdulillah,alhamdulillah,3,0.5999970938628361
5 Post June 2026,5_post_june_2026,291,মাননীয় স্বরাষ্ট্রমন্ত্রী সাহেব আজ নোবেল কিনলাম ৬৭০ টাকা যেটা গত 15 আগে কিনেছিলাম ৬০০ টাকা দিয়ে আপনারা যা বলেন সেটা কাজে …,মাননীয় স্বরাষ্ট্রমন্ত্রী সাহেব আজ নোবেল কিনলাম টাকা যেটা গত আগে কিনেছিলাম টাকা দিয়ে আপনারা যা বলেন সেটা কাজে,0,0.48995239805743557
5 Post June 2026,5_post_june_2026,292,"তারা কথা বলে কিন্তু কাজ করে না,,আটা ময়দা চিনির দাম বারতি কেন",তারা কথা বলে কিন্তু কাজ করে না আটা ময়দা চিনির দাম বারতি কেন,3,0.5484702404563289
5 Post June 2026,5_post_june_2026,293,আয়াএও1ক যুযস,আয়াএও ক যুযস,0,0.2
5 Post June 2026,5_post_june_2026,294,কোন কোন জিনিসের দাম কমানো হয়েছে আমাদের একটু বলেন তাহলে জনগণ হাততালি দেবে।,কোন কোন জিনিসের দাম কমানো হয়েছে আমাদের একটু বলেন তাহলে জনগণ হাততালি দেবে,3,0.8254871937316262
5 Post June 2026,5_post_june_2026,295,সে মনে হয় নেশা করে আসছে,সে মনে হয় নেশা করে আসছে,3,0.560985221587425
5 Post June 2026,5_post_june_2026,296,116 takar petrol -140 taka,takar petrol taka,2,0.5999805533824031
5 Post June 2026,5_post_june_2026,297,ঠান্ডা রুমে বইসা লেকচার না দিয়ে একটু সরজমিনে নেমে দেখেন মানুষের কি দশা,ঠান্ডা রুমে বইসা লেকচার না দিয়ে একটু সরজমিনে নেমে দেখেন মানুষের কি দশা,2,0.8633199045182446
5 Post June 2026,5_post_june_2026,298,বিদ্যুতের বিল কম করেন।,বিদ্যুতের বিল কম করেন,3,0.6061568282710857
5 Post June 2026,5_post_june_2026,299,কমেডি,কমেডি,3,0.5988611112573363
5 Post June 2026,5_post_june_2026,300,ট্যাক্স বন্ধ করে চান্দার ওয়াক্ত ১টা বাড়িয়ে দেওয়া হবে,ট্যাক্স বন্ধ করে চান্দার ওয়াক্ত টা বাড়িয়ে দেওয়া হবে,3,0.30341106057075184
5 Post June 2026,5_post_june_2026,301,আপনারা গাল মারা বঅন্ধ করে করমসংস্থান বৃদ্ধি করুন,আপনারা গাল মারা বঅন্ধ করে করমসংস্থান বৃদ্ধি করুন,2,0.6849365177021419
5 Post June 2026,5_post_june_2026,302,মাশাল্লাহ খুব ভালো কাজ গরিবের প্রতি রহমত হবে,মাশাল্লাহ খুব ভালো কাজ গরিবের প্রতি রহমত হবে,4,0.6554015868989284
5 Post June 2026,5_post_june_2026,303,রাস্তায় রাস্তায় চাঁদা ওইডা কি করবেন বলেন,রাস্তায় রাস্তায় চাঁদা ওইডা কি করবেন বলেন,2,0.8386385985270143
5 Post June 2026,5_post_june_2026,304,KOTHAI KOMSE GHAR DHORE NIYA JAITAE HBE MARKET,kothai komse ghar dhore niya jaitae hbe market,0,0.5999772642167136
5 Post June 2026,5_post_june_2026,305,পার্শ্ববর্তী দেশের স্বরাষ্ট্রমন্ত্রী আর বাংলাদেশের স্বরাষ্ট্রমন্ত্রী পুরা আজব মিরাক্কেল। শিলং এর ভাষায় কথাবার্তা।,পার্শ্ববর্তী দেশের স্বরাষ্ট্রমন্ত্রী আর বাংলাদেশের স্বরাষ্ট্রমন্ত্রী পুরা আজব মিরাক্কেল শিলং এর ভাষায় কথাবার্তা,0,0.9104639365177104
5 Post June 2026,5_post_june_2026,306,লবন কেজিতে ৫ টাকা বেরেগেছে,লবন কেজিতে টাকা বেরেগেছে,3,0.3998171050632997
5 Post June 2026,5_post_june_2026,307,পোলার চাল ১৭০-১৮০ টাকা,পোলার চাল টাকা,3,0.7329110791153061
5 Post June 2026,5_post_june_2026,308,ভাইরে ভাই আপনি একটা জিনিস,ভাইরে ভাই আপনি একটা জিনিস,3,0.7309943302803878
5 Post June 2026,5_post_june_2026,309,তোরে আর কেউ বিশ্বাস করে না মামু,তোরে আর কেউ বিশ্বাস করে না মামু,4,0.4003288536375864
5 Post June 2026,5_post_june_2026,310,সরকার যেই আছে সেই কি আমাদের বলদ বানায় যদি জ্বালানো তেলের দাম বারে তাইলে কি দ্রব্যমূল্যের দাম বাড়ে না।বিদ্যুতের দাম বারলে কি …,সরকার যেই আছে সেই কি আমাদের বলদ বানায় যদি জ্বালানো তেলের দাম বারে তাইলে কি দ্রব্যমূল্যের দাম বাড়ে না বিদ্যুতের দাম বারলে কি,3,0.6553659919241478
5 Post June 2026,5_post_june_2026,311,তোর কথার ভোর রাত্রে ফাঁদে এক সমান,তোর কথার ভোর রাত্রে ফাঁদে এক সমান,0,0.5488430663681407
5 Post June 2026,5_post_june_2026,312,কীটনাশকের দাম বাড়ায় দিয়েন,কীটনাশকের দাম বাড়ায় দিয়েন,3,0.7995894382992078
5 Post June 2026,5_post_june_2026,313,লজ্জা এ জাতির জন্য,লজ্জা এ জাতির জন্য,0,0.7329484730851741
5 Post June 2026,5_post_june_2026,314,চোর দিয়া সংসদ ভরা,চোর দিয়া সংসদ ভরা,4,0.7996210888648804
5 Post June 2026,5_post_june_2026,315,Halar vai tui to rin khelapi re,halar vai tui to rin khelapi re,2,0.7996944427119673
5 Post June 2026,5_post_june_2026,316,"তোদের কোন মাটি দিয়ে তৈরি করা হয়েছে, আমার জানা নাই?",তোদের কোন মাটি দিয়ে তৈরি করা হয়েছে আমার জানা নাই,4,0.5992531865139175
5 Post June 2026,5_post_june_2026,317,ভারতের দালাল,ভারতের দালাল,0,0.733329840810612
5 Post June 2026,5_post_june_2026,318,যোগ্য মূল্য দাম এখনো তো বেশি দাম আর কমবে না,যোগ্য মূল্য দাম এখনো তো বেশি দাম আর কমবে না,3,0.8996721695658593
5 Post June 2026,5_post_june_2026,319,কোন জিনিসে ট্যাক্স নাই তাহলে এত দাম কেন বাজারে যান কোন জিনিস কিনেন নাকি,কোন জিনিসে ট্যাক্স নাই তাহলে এত দাম কেন বাজারে যান কোন জিনিস কিনেন নাকি,3,0.9328796691837007
5 Post June 2026,5_post_june_2026,320,বিদ্যুৎ বিল দিমু নায়,বিদ্যুৎ বিল দিমু নায়,3,0.7333315723035854
5 Post June 2026,5_post_june_2026,321,৬০/- টাকার সাবান ৬৫/- টাকা হইলো। হেতে কি সাবান মাখেনা।,টাকার সাবান টাকা হইলো হেতে কি সাবান মাখেনা,3,0.8854482323134341
5 Post June 2026,5_post_june_2026,322,দেশে যখন কিছু একটা জিনিসের দাম বৃদ্ধি করা হয় ওই জিনিসের সঙ্গে অঙ্গাঙ্গি ভাবে বাকি জিনিসের ও দাম বৃদ্ধি পেয়ে যায়,দেশে যখন কিছু একটা জিনিসের দাম বৃদ্ধি করা হয় ওই জিনিসের সঙ্গে অঙ্গাঙ্গি ভাবে বাকি জিনিসের ও দাম বৃদ্ধি পেয়ে যায়,3,0.9320490499784166
5 Post June 2026,5_post_june_2026,323,সংসদকে হাসির খোরাক বানায়েন না প্লিজ,সংসদকে হাসির খোরাক বানায়েন না প্লিজ,1,0.7968005580507168
5 Post June 2026,5_post_june_2026,324,তেলের দাম গ্যাসের দাম বাড়ালে নিত্য পণ্যের দাম এমনিতেই বেড়ে যাবে,তেলের দাম গ্যাসের দাম বাড়ালে নিত্য পণ্যের দাম এমনিতেই বেড়ে যাবে,3,0.927168221338654
5 Post June 2026,5_post_june_2026,325,এজন্যই বাজারে প্রত্যেকটা জিনিসের দাম ১০ টাকা ২০ টাকা বেড়ে গিয়েছে বুঝতে পেরেছি,এজন্যই বাজারে প্রত্যেকটা জিনিসের দাম টাকা টাকা বেড়ে গিয়েছে বুঝতে পেরেছি,3,0.9269777496169865
5 Post June 2026,5_post_june_2026,326,তাহলে বছরে ২-৩ বার সিগারেটের দাম বাড়ে কেন?,তাহলে বছরে বার সিগারেটের দাম বাড়ে কেন,3,0.866078852780092
5 Post June 2026,5_post_june_2026,327,আর কত হাসি ঠাট্টা,আর কত হাসি ঠাট্টা,1,0.7272195394017765
5 Post June 2026,5_post_june_2026,328,বাটপারি,বাটপারি,0,0.599140016090098
5 Post June 2026,5_post_june_2026,329,আগে সাধারন মানুষের নিরাপত্তার ব্যবস্থা করুন না হলে পথ ছেড়ে দেন,আগে সাধারন মানুষের নিরাপত্তার ব্যবস্থা করুন না হলে পথ ছেড়ে দেন,2,0.5879604249845838
5 Post June 2026,5_post_june_2026,330,মুদির দোকান থেকে ট্যাক্স নিলে এটা কি দ্রব্য মূল্যের উপর দিয়ে যাবেনা?,মুদির দোকান থেকে ট্যাক্স নিলে এটা কি দ্রব্য মূল্যের উপর দিয়ে যাবেনা,4,0.7974688475372671
5 Post June 2026,5_post_june_2026,331,দেশটারে কি বিইছ্ছা দেওয়া যায় না,দেশটারে কি বিইছ্ছা দেওয়া যায় না,1,0.5999984064342027
5 Post June 2026,5_post_june_2026,332,এখানে বেশিরভাগ চোর আর নির্লজ্জ তাই তালি কম,এখানে বেশিরভাগ চোর আর নির্লজ্জ তাই তালি কম,4,0.534878938578578
5 Post June 2026,5_post_june_2026,333,"গ্যাস, বিদ্যুৎ, তেল এটা কি নিত্য প্রয়োজনীয় জিনিস নয়?",গ্যাস বিদ্যুৎ তেল এটা কি নিত্য প্রয়োজনীয় জিনিস নয়,3,0.8996740906933605
5 Post June 2026,5_post_june_2026,334,"১৭ বছর ভারতে RAW এর ট্রেনিং নেওয়ার পর, বাঙালী কেমনে তারে এমপি ও সরকার স্বরাষ্ট্রমন্ত্রী বানায়।",বছর ভারতে raw এর ট্রেনিং নেওয়ার পর বাঙালী কেমনে তারে এমপি ও সরকার স্বরাষ্ট্রমন্ত্রী বানায়,3,0.46651291455285526
5 Post June 2026,5_post_june_2026,335,তেলের দাম বিত্যুত এর দাম বাড়িয়ে কোন জিনিষের দাম কৃ রাখছেন,তেলের দাম বিত্যুত এর দাম বাড়িয়ে কোন জিনিষের দাম কৃ রাখছেন,3,0.885589347732741
5 Post June 2026,5_post_june_2026,336,এইটা তো উনার সাবজেক্ট না,এইটা তো উনার সাবজেক্ট না,2,0.5999943411011375
5 Post June 2026,5_post_june_2026,337,মুখে এক কাজে আরেক,মুখে এক কাজে আরেক,0,0.7970860753119365
5 Post June 2026,5_post_june_2026,338,নিজেকে জোকারে পরিণত করছে।।,নিজেকে জোকারে পরিণত করছে,2,0.7324849005379751
5 Post June 2026,5_post_june_2026,339,নিত্য প্রয়োজনীয় জিনিসপত্রের উপর জিরো ট্যাক্স করা দরকার। শিশু খাদ্য ও ফল এর উপর ও জিরো ট্যাক্স করতে হবে।,নিত্য প্রয়োজনীয় জিনিসপত্রের উপর জিরো ট্যাক্স করা দরকার শিশু খাদ্য ও ফল এর উপর ও জিরো ট্যাক্স করতে হবে,3,0.458256417931175
5 Post June 2026,5_post_june_2026,340,Apne k kompony nise,apne k kompony nise,0,0.2
5 Post June 2026,5_post_june_2026,341,কথা কাজেমিলথাকেনা,কথা কাজেমিলথাকেনা,0,0.2
5 Post June 2026,5_post_june_2026,342,Foler dam to komano hoy nai,foler dam to komano hoy nai,1,0.7983415113132557
5 Post June 2026,5_post_june_2026,343,"স্বরাষ্ট্রমন্ত্রী, কথা গুলো একটা মিসাইল",স্বরাষ্ট্রমন্ত্রী কথা গুলো একটা মিসাইল,0,0.5999960420947794
5 Post June 2026,5_post_june_2026,344,রাইট সালাউদ্দিন আহমেদ,রাইট সালাউদ্দিন আহমেদ,1,0.7991492089848434
5 Post June 2026,5_post_june_2026,345,দয়া করে ফলের উপর থেকে ট্যাক্স কমান।,দয়া করে ফলের উপর থেকে ট্যাক্স কমান,3,0.7988058730503352
5 Post June 2026,5_post_june_2026,346,"শিলং কি বলে, এখন পর্যন্ত তো কোন দাম কমেইনি",শিলং কি বলে এখন পর্যন্ত তো কোন দাম কমেইনি,3,0.5167090922428152
5 Post June 2026,5_post_june_2026,347,"তেল তো নিত্য প্রয়জনীয়,, তাহলে কমাননা কেন",তেল তো নিত্য প্রয়জনীয় তাহলে কমাননা কেন,3,0.7994470905531428
5 Post June 2026,5_post_june_2026,348,খুব ভালো লাগলো ধন্যবাদ মাননীয় স্বরাষ্ট্রমন্ত্রী,খুব ভালো লাগলো ধন্যবাদ মাননীয় স্বরাষ্ট্রমন্ত্রী,0,0.8649373527771587
5 Post June 2026,5_post_june_2026,349,দেশটা ইউরোপ আমেরিকার মতো উন্নয়নশীল হলে টেক্সট লাগানো উচিত হতো।।,দেশটা ইউরোপ আমেরিকার মতো উন্নয়নশীল হলে টেক্সট লাগানো উচিত হতো,0,0.8987061404190352
5 Post June 2026,5_post_june_2026,350,কিছু মানুষের বক্তব্য শুনলে মনে হয় বাটপার আছে।,কিছু মানুষের বক্তব্য শুনলে মনে হয় বাটপার আছে,2,0.4901146543223508
5 Post June 2026,5_post_june_2026,351,আলাদা দেখলে মনটা চায়,আলাদা দেখলে মনটা চায়,0,0.7985399806121827
5 Post June 2026,5_post_june_2026,352,তাহলে সয়াবিন তেল এখনো কেন ২০০ টাকা করে প্রতি লিটার,তাহলে সয়াবিন তেল এখনো কেন টাকা করে প্রতি লিটার,3,0.8993090271377091
5 Post June 2026,5_post_june_2026,353,তাহলে বিয়েতেও ট্যাক্স কেন???,তাহলে বিয়েতেও ট্যাক্স কেন,3,0.7321114507985518
5 Post June 2026,5_post_june_2026,354,ছল বেশি!,ছল বেশি,3,0.5967387605634973
5 Post June 2026,5_post_june_2026,355,আচ্ছা এ সালাউদ্দিনের দায়িত্ব কি,আচ্ছা এ সালাউদ্দিনের দায়িত্ব কি,2,0.7968506462392828
5 Post June 2026,5_post_june_2026,356,"সবার ২ নাম্বার টাকা আছে, তাই তালি দিতে সমস্যা হয়",সবার নাম্বার টাকা আছে তাই তালি দিতে সমস্যা হয়,3,0.6796589729979202
5 Post June 2026,5_post_june_2026,357,কি কমালেন ভাই,কি কমালেন ভাই,4,0.5945590394552849
5 Post June 2026,5_post_june_2026,358,বাল কামাইছে সব জিনিসের দাম বাড়াইছে তেলের দাম কমাইলে সব জিনিসের দাম কমবে,বাল কামাইছে সব জিনিসের দাম বাড়াইছে তেলের দাম কমাইলে সব জিনিসের দাম কমবে,3,0.8244206849905691
5 Post June 2026,5_post_june_2026,359,তাহলে বিদ্যুতের দাম কেন বাড়ানো হল?,তাহলে বিদ্যুতের দাম কেন বাড়ানো হল,3,0.8664017198225289
5 Post June 2026,5_post_june_2026,360,সংসদে হাত তালি নেওয়ার জন্য না গিয়ে কাজ করে দেখান,সংসদে হাত তালি নেওয়ার জন্য না গিয়ে কাজ করে দেখান,0,0.8635457058507263
5 Post June 2026,5_post_june_2026,362,তাহলে তাহলে জিনিসপাতি দাম কমে না কেন। বাজারে তো সব জিনিসের দাম আবার পাঁচ টাকা দশ টাকা করে বেশি নিচ্ছে। আগের থেকে।,তাহলে তাহলে জিনিসপাতি দাম কমে না কেন বাজারে তো সব জিনিসের দাম আবার পাঁচ টাকা দশ টাকা করে বেশি নিচ্ছে আগের থেকে,3,0.8628776920482338
5 Post June 2026,5_post_june_2026,363,পাগলে কি কয়,পাগলে কি কয়,3,0.7305371502862897
5 Post June 2026,5_post_june_2026,364,Gal cudai lav nai.,gal cudai lav nai,2,0.4008162045344543
5 Post June 2026,5_post_june_2026,365,তার এই তুচ্ছ-তাছিল্য করা আর বেয়াদবি ক্রমাগতই বেড়ে চলছে,তার এই তুচ্ছ তাছিল্য করা আর বেয়াদবি ক্রমাগতই বেড়ে চলছে,4,0.7289582571002369
5 Post June 2026,5_post_june_2026,366,কারেন্ট লাগবে।,কারেন্ট লাগবে,2,0.73093280921026
5 Post June 2026,5_post_june_2026,367,"সবার থেকে গরিব তো সালাউদ্দিন লুখিয়ে থাকতে থাকতে হটাৎ বের হয়ে এখন ধনি হয়ে গেছে,",সবার থেকে গরিব তো সালাউদ্দিন লুখিয়ে থাকতে থাকতে হটাৎ বের হয়ে এখন ধনি হয়ে গেছে,1,0.8973480389095545
5 Post June 2026,5_post_june_2026,368,Bainchud oil prices why become high.,bainchud oil prices why become high,0,0.2
5 Post June 2026,5_post_june_2026,369,Asob koby kajjokor hoby sir,asob koby kajjokor hoby sir,4,0.5999843766725419
5 Post June 2026,5_post_june_2026,370,সব জিনিসে দামি বাড়ছে কই কোন এত দূর উপর কোন দাম ট্যাক্স কল হয়েছে বাজারে আবার চড়াই,সব জিনিসে দামি বাড়ছে কই কোন এত দূর উপর কোন দাম ট্যাক্স কল হয়েছে বাজারে আবার চড়াই,3,0.7349378016628607
5 Post June 2026,5_post_june_2026,371,ধন্যবাদ,ধন্যবাদ,0,0.5999993380879446
5 Post June 2026,5_post_june_2026,372,এরপরও কিছু মানুষ তালি দেয় নাই,এরপরও কিছু মানুষ তালি দেয় নাই,4,0.8385848790491202
5 Post June 2026,5_post_june_2026,373,সবকিছু না থাকলেও বিনোদন থাকবে,সবকিছু না থাকলেও বিনোদন থাকবে,4,0.41456790589643894
5 Post June 2026,5_post_june_2026,374,"জনগণ তো ক্ষেপেই আছে, শুধু আল্লাহ ক্ষেপে গেলেই হবে।",জনগণ তো ক্ষেপেই আছে শুধু আল্লাহ ক্ষেপে গেলেই হবে,1,0.7301792459593967
5 Post June 2026,5_post_june_2026,375,এনার ক্ষমতা শুধু সংসদে এর বাইরে এনার কোনো ক্ষমতাই দেখা যায় না হেডার মন্ত্রী,এনার ক্ষমতা শুধু সংসদে এর বাইরে এনার কোনো ক্ষমতাই দেখা যায় না হেডার মন্ত্রী,2,0.8981423806055122
5 Post June 2026,5_post_june_2026,376,পাগলা,পাগলা,2,0.5994462152901235
5 Post June 2026,5_post_june_2026,377,জোকার,জোকার,1,0.5999989368035552
5 Post June 2026,5_post_june_2026,378,মানে একটা সার্কাস পানা সব কয়টা,মানে একটা সার্কাস পানা সব কয়টা,1,0.7985412213043869
5 Post June 2026,5_post_june_2026,379,বেহায়া সাউয়া।,বেহায়া সাউয়া,1,0.5978616526859424
5 Post June 2026,5_post_june_2026,380,এদের দ্বারা দেশ পরিচালনা আসেনি এদের জন্য এসে বাজারে মাছ আর ধান ক্ষেতে চাষ করতে,এদের দ্বারা দেশ পরিচালনা আসেনি এদের জন্য এসে বাজারে মাছ আর ধান ক্ষেতে চাষ করতে,3,0.8850170364708698
5 Post June 2026,5_post_june_2026,381,বিদ্যুৎ এর বিল বাড়লো কেন..?,বিদ্যুৎ এর বিল বাড়লো কেন,3,0.799997826562542
5 Post June 2026,5_post_june_2026,382,চলে গেছে কাউয়া রেখে গেছে সাউআ,চলে গেছে কাউয়া রেখে গেছে সাউআ,1,0.5480684545244904
5 Post June 2026,5_post_june_2026,383,Pagol,pagol,2,0.5999957960249579
5 Post June 2026,5_post_june_2026,384,বিদুৎ এর ইউনিট গোপনে বাড়াইয়া উপরে উপরে এগুলা,বিদুৎ এর ইউনিট গোপনে বাড়াইয়া উপরে উপরে এগুলা,3,0.8387764649134758
5 Post June 2026,5_post_june_2026,385,কথা সত্য,কথা সত্য,0,0.5999951058304857
5 Post June 2026,5_post_june_2026,386,Talar.gasar.bidutar.dam.barla.am.nita.barba,talar gasar bidutar dam barla am nita barba,1,0.5999705575577944
5 Post June 2026,5_post_june_2026,387,জোকার,জোকার,1,0.5999989368035552
5 Post June 2026,5_post_june_2026,388,এম পি আবার গরিব হয় কেমনে,এম পি আবার গরিব হয় কেমনে,1,0.5615098627669152
5 Post June 2026,5_post_june_2026,389,যেগুলো বাড়াইছে এগুলো কি তোর আব্বা বাড়াইছে,যেগুলো বাড়াইছে এগুলো কি তোর আব্বা বাড়াইছে,4,0.531268185181782
5 Post June 2026,5_post_june_2026,390,"এ দেশ কখনোই উন্নত বিশ্বের সাথে তাল মিলিয়ে এগোবে না,,,,,এ দেশের চুর বাঠপার ব্যক্তি স্বার্ত্য কখনো কমবে না,এ দেশ কখনো ঠিক হবে না",এ দেশ কখনোই উন্নত বিশ্বের সাথে তাল মিলিয়ে এগোবে না এ দেশের চুর বাঠপার ব্যক্তি স্বার্ত্য কখনো কমবে না এ দেশ কখনো ঠিক হবে না,0,0.6869379179507353
5 Post June 2026,5_post_june_2026,391,Fapor bazi oi jagay e chole,fapor bazi oi jagay e chole,2,0.5999804231515528
5 Post June 2026,5_post_june_2026,392,ওবায়দুল কাকুর কপি ভার্সন,ওবায়দুল কাকুর কপি ভার্সন,0,0.5999871045388706
5 Post June 2026,5_post_june_2026,393,স্বরাষ্ট্রমন্ত্রী আসলেই একটা জিনিস,স্বরাষ্ট্রমন্ত্রী আসলেই একটা জিনিস,0,0.5479420221188996
5 Post June 2026,5_post_june_2026,394,বিরত আর বাহির অনেকটা রাত আর,বিরত আর বাহির অনেকটা রাত আর,1,0.5999698032431822
5 Post June 2026,5_post_june_2026,395,সয়াবিন তেল খুচরা মুল্য ২২০ হয়ে গেছে,সয়াবিন তেল খুচরা মুল্য হয়ে গেছে,3,0.4332077425111902
5 Post June 2026,5_post_june_2026,396,বাজারে গেলে মানুষ বুঝতে পারে কেমন চলছে।,বাজারে গেলে মানুষ বুঝতে পারে কেমন চলছে,3,0.4567346771305367
5 Post June 2026,5_post_june_2026,397,Bainxud e koilo da ar barabo na .mane baraibar caichil .,bainxud e koilo da ar barabo na mane baraibar caichil,2,0.799939988363495
5 Post June 2026,5_post_june_2026,398,"মাদারবোর্ড রা এখন গরীব নিয়ও সংসদে তামাশা করে,,",মাদারবোর্ড রা এখন গরীব নিয়ও সংসদে তামাশা করে,4,0.4728126569627723
5 Post June 2026,5_post_june_2026,399,সংসদ ভবন নাকি সা-উ-ংসদ ভবন বুঝলে বুঝ পাতা,সংসদ ভবন নাকি সা উ ংসদ ভবন বুঝলে বুঝ পাতা,4,0.866039172669758
5 Post June 2026,5_post_june_2026,400,কাজীর গরু কিতাবেতে গোয়ালেতে ফাকা,কাজীর গরু কিতাবেতে গোয়ালেতে ফাকা,0,0.2
5 Post June 2026,5_post_june_2026,401,Shob kichur daam barai diye boltosos daam barano hobena,shob kichur daam barai diye boltosos daam barano hobena,0,0.4004426939821416
5 Post June 2026,5_post_june_2026,402,Khankir pula,khankir pula,1,0.599970964419914
5 Post June 2026,5_post_june_2026,403,সংসদ দেশের জন্য গুরুত্বপূর্ণ একটা স্থান সেখানে তামাসা মসকরা বেড়ে ই চলছে,সংসদ দেশের জন্য গুরুত্বপূর্ণ একটা স্থান সেখানে তামাসা মসকরা বেড়ে ই চলছে,4,0.8992866983714151
5 Post June 2026,5_post_june_2026,404,বাল পাকনা,বাল পাকনা,1,0.7321090427887892
5 Post June 2026,5_post_june_2026,405,এটা Moman Talukdar এর মতো,এটা moman talukdar এর মতো,0,0.5976129015362001
5 Post June 2026,5_post_june_2026,406,সালাউদ্দিন সাহেব অসাধারণ বক্তব্য দেন এবং কিছু মজাদার কথা বলেন মাশাল্লাহ,সালাউদ্দিন সাহেব অসাধারণ বক্তব্য দেন এবং কিছু মজাদার কথা বলেন মাশাল্লাহ,4,0.49472532905649746
5 Post June 2026,5_post_june_2026,407,"কৃষক আগে বাচা,,, কৃষক এর মুল্য কই",কৃষক আগে বাচা কৃষক এর মুল্য কই,1,0.638064956915614
5 Post June 2026,5_post_june_2026,408,উনি কি কৃষি মএী নাকি??,উনি কি কৃষি মএী নাকি,2,0.4672184513007114
5 Post June 2026,5_post_june_2026,409,"চোরের দল আগে কারেন্ট বিল দিতাম ৭০০, থেকে ৮০০টাকা, আর জুন মাসের থেকে বিল দিতে হচ্ছে ২১০০, ২২০০",চোরের দল আগে কারেন্ট বিল দিতাম থেকে টাকা আর জুন মাসের থেকে বিল দিতে হচ্ছে,3,0.8991457578615064
5 Post June 2026,5_post_june_2026,410,১২০০ টাকার গ্যাস সিলিন্ডার ২০০০ টাকা,টাকার গ্যাস সিলিন্ডার টাকা,3,0.8397413330340591
5 Post June 2026,5_post_june_2026,412,সকলে ফসল উৎপাদন সকলে কমিয়ে দেন।,সকলে ফসল উৎপাদন সকলে কমিয়ে দেন,4,0.8399369200469528
5 Post June 2026,5_post_june_2026,414,পাগল ছাগল দিয়ে দেশ চালাচ্চে দেশ টাও পাগলের বসবাস হয়ে গেচে,পাগল ছাগল দিয়ে দেশ চালাচ্চে দেশ টাও পাগলের বসবাস হয়ে গেচে,3,0.6236632980388936
5 Post June 2026,5_post_june_2026,415,ওখানে তো গরীব নাই,ওখানে তো গরীব নাই,4,0.7308598976623585
5 Post June 2026,5_post_june_2026,416,উনি সিংহের মত কথা বলতে পারেন এবং উনার বক্তব্য ভালো করে শুনবেন তাহলে বুঝবেন উনি কি,উনি সিংহের মত কথা বলতে পারেন এবং উনার বক্তব্য ভালো করে শুনবেন তাহলে বুঝবেন উনি কি,0,0.7247819888655784
5 Post June 2026,5_post_june_2026,417,Comedian,comedian,0,0.2
5 Post June 2026,5_post_june_2026,418,আপনার কথায় বিশ্বাস কম এর জন্য তালি দেয় নাই,আপনার কথায় বিশ্বাস কম এর জন্য তালি দেয় নাই,4,0.8819685739643063
5 Post June 2026,5_post_june_2026,419,মাজে মাজে সত্যি কথা এইভাবে বলতে নেই,মাজে মাজে সত্যি কথা এইভাবে বলতে নেই,1,0.7946630109707433
5 Post June 2026,5_post_june_2026,420,তাই হউক স্যার,তাই হউক স্যার,3,0.7331856816152551
5 Post June 2026,5_post_june_2026,421,জিনিস একটা,জিনিস একটা,3,0.5999944278210364
5 Post June 2026,5_post_june_2026,422,আলহামদুলিল্লাহ,আলহামদুলিল্লাহ,4,0.5999992544339399
5 Post June 2026,5_post_june_2026,423,এর কথা বলার যে ধরন এই অহংকার তাকে ধ্বংস করে দিবে।,এর কথা বলার যে ধরন এই অহংকার তাকে ধ্বংস করে দিবে,3,0.4431824215362387
5 Post June 2026,5_post_june_2026,424,চাদাবাজি তো ঠিকই বাড়ছে,চাদাবাজি তো ঠিকই বাড়ছে,3,0.7289224531779483
5 Post June 2026,5_post_june_2026,425,জোকার,জোকার,1,0.5999989368035552
5 Post June 2026,5_post_june_2026,426,সবজি ১০০,সবজি,0,0.2
5 Post June 2026,5_post_june_2026,427,তাহলে তেলের দাম বাড়লো কেন,তাহলে তেলের দাম বাড়লো কেন,3,0.8397602258627872
5 Post June 2026,5_post_june_2026,428,"বিদ্যুতের দিকে একটু লক্ষ্য রাইখেন,এই যুগে এসেও দেড় পর কারেন্ট এসে ১০ পরে আবার দেড় র জন্য চলে যায়",বিদ্যুতের দিকে একটু লক্ষ্য রাইখেন এই যুগে এসেও দেড় পর কারেন্ট এসে পরে আবার দেড় র জন্য চলে যায়,3,0.8995475785301643
5 Post June 2026,5_post_june_2026,429,একের কাকু আমাদের,একের কাকু আমাদের,2,0.5999948825110516
5 Post June 2026,5_post_june_2026,430,এই বক্তব্য কি স্বরাষ্ট্রমন্ত্রীর নাকি বানিজ ্য মন্ত্রীর কার বক্তব্য কে দেয়।,এই বক্তব্য কি স্বরাষ্ট্রমন্ত্রীর নাকি বানিজ ্য মন্ত্রীর কার বক্তব্য কে দেয়,2,0.8654293856982949
5 Post June 2026,5_post_june_2026,431,১০০% ঠিক,ঠিক,2,0.5999994751667352
5 Post June 2026,5_post_june_2026,432,ঠিক বলেছেন,ঠিক বলেছেন,2,0.7333325077222844
5 Post June 2026,5_post_june_2026,433,"গরীব মানুষ কম, চোর-বাটপার বেশি",গরীব মানুষ কম চোর বাটপার বেশি,4,0.8845046146834769
5 Post June 2026,5_post_june_2026,434,গরিবের টাকা মেরে বড়োলোক হওনাই তোমরা ছোটোলোকই আছো,গরিবের টাকা মেরে বড়োলোক হওনাই তোমরা ছোটোলোকই আছো,2,0.7967131028212155
5 Post June 2026,5_post_june_2026,435,অনেক সুন্দর হয়েছে ভালোবাসা অবিরাম,অনেক সুন্দর হয়েছে ভালোবাসা অবিরাম,0,0.7327330549955071
5 Post June 2026,5_post_june_2026,436,মাশাআল্লাহ,মাশাআল্লাহ,2,0.5966709279215636
5 Post June 2026,5_post_june_2026,437,কার দায়িত্ব কে পালন করছে,কার দায়িত্ব কে পালন করছে,2,0.7991073199736628
5 Post June 2026,5_post_june_2026,438,অভিনন্দন,অভিনন্দন,2,0.5996384095812631
5 Post June 2026,5_post_june_2026,439,"জামাত, এনসিপি হাত তালি দিচ্ছে না, মানে তারা বড়লোক!",জামাত এনসিপি হাত তালি দিচ্ছে না মানে তারা বড়লোক,0,0.8658813117718736
5 Post June 2026,5_post_june_2026,441,গ্যাস ৮০০ টাকা করে দেখান,গ্যাস টাকা করে দেখান,3,0.7329148106794175
5 Post June 2026,5_post_june_2026,442,আলহামদুলিল্লাহ,আলহামদুলিল্লাহ,4,0.5999992544339399
5 Post June 2026,5_post_june_2026,443,Alhamdulillah,alhamdulillah,3,0.5999970938628361
5 Post June 2026,5_post_june_2026,444,Right,right,2,0.5999971098877311
5 Post June 2026,5_post_june_2026,445,"এটা ঠাট্টা করার জায়গা না, ঠাট্টা করো আর কয় পর বুজবা ঠাট্টা কি জিনিস, জনগন বুজাবে",এটা ঠাট্টা করার জায়গা না ঠাট্টা করো আর কয় পর বুজবা ঠাট্টা কি জিনিস জনগন বুজাবে,3,0.9262881935342538
5 Post June 2026,5_post_june_2026,446,ইনশাআল্লাহ,ইনশাআল্লাহ,3,0.5983053829827013
5 Post June 2026,5_post_june_2026,447,"আলহামদুলিল্লাহ আমিন,",আলহামদুলিল্লাহ আমিন,4,0.7330706084795612
5 Post June 2026,5_post_june_2026,448,বিদেশ থেকে যেসব ফল আসে তার উপর থেকে ট্যাক্স সরিয়ে নেয়া হোক তাহলে গরিব মানুষ পুষ্টিকরি ফল খেতে পারবে।,বিদেশ থেকে যেসব ফল আসে তার উপর থেকে ট্যাক্স সরিয়ে নেয়া হোক তাহলে গরিব মানুষ পুষ্টিকরি ফল খেতে পারবে,4,0.47243610168388334
5 Post June 2026,5_post_june_2026,449,Assalamu alaikum mashaallha,assalamu alaikum mashaallha,0,0.2
5 Post June 2026,5_post_june_2026,450,"আল্লাহর ওয়াস্তে বিদ্যুৎ এর দাম কমান,,",আল্লাহর ওয়াস্তে বিদ্যুৎ এর দাম কমান,3,0.6414939113294897
5 Post June 2026,5_post_june_2026,451,তেলের দাম বাড়লে সব কিছুর দাম বাড়ে,তেলের দাম বাড়লে সব কিছুর দাম বাড়ে,3,0.8856437628676347
5 Post June 2026,5_post_june_2026,452,দ্বিতীয় কাউয়া কাদের,দ্বিতীয় কাউয়া কাদের,0,0.7333238624022915
5 Post June 2026,5_post_june_2026,453,আরে সালাউদ্দিন সাহেব তাহলে বাজারে এতো দাম কেনো।,আরে সালাউদ্দিন সাহেব তাহলে বাজারে এতো দাম কেনো,0,0.5664602627042647
5 Post June 2026,5_post_june_2026,454,Alhamdullih,alhamdullih,0,0.2
5 Post June 2026,5_post_june_2026,455,কি কমানো হইছে সা*লা,কি কমানো হইছে সা লা,3,0.5501569957414786
5 Post June 2026,5_post_june_2026,456,শালা-উদ্দীন সাহেদ একটা উদাহরণ দেই...,শালা উদ্দীন সাহেদ একটা উদাহরণ দেই,0,0.7963360123183884
5 Post June 2026,5_post_june_2026,457,তেলের দাম লিটারে ২৫ টাকা বাড়ানো হলো এটা কি নিত্যপন্য না,তেলের দাম লিটারে টাকা বাড়ানো হলো এটা কি নিত্যপন্য না,3,0.8659473156304938
5 Post June 2026,5_post_june_2026,458,গুডড,গুডড,0,0.2
5 Post June 2026,5_post_june_2026,459,Songsodke ara nosto korce ader kac theke valo kicu khokono keou asa kore na ara jukar,songsodke ara nosto korce ader kac theke valo kicu khokono keou asa kore na ara jukar,2,0.8857118599150734
5 Post June 2026,5_post_june_2026,460,শুভকামনা রইলো,শুভকামনা রইলো,4,0.40050808262288484
5 Post June 2026,5_post_june_2026,461,"আমি সরাসরি খাইয়া ঘুড়িয়ে পেরিয়ে খাই, এই আর কি,",আমি সরাসরি খাইয়া ঘুড়িয়ে পেরিয়ে খাই এই আর কি,3,0.7997930285670201
5 Post June 2026,5_post_june_2026,462,মাননীয় সরকার প্রধান বিদ্যুৎ বিলের ব্যাপারটা গ্রামের সাধারণ জনগণ অসন্তুষ্ট আপনি অন্য খাতে রাষ্ট্রীয় মুনাফা আদায় করেন কিন্তু …,মাননীয় সরকার প্রধান বিদ্যুৎ বিলের ব্যাপারটা গ্রামের সাধারণ জনগণ অসন্তুষ্ট আপনি অন্য খাতে রাষ্ট্রীয় মুনাফা আদায় করেন কিন্তু,4,0.7869954283882109
5 Post June 2026,5_post_june_2026,463,আমরা এটাই চাই পাশাপাশি দাম সব জিনিসের কিছু কিছু করে কমানো হোক,আমরা এটাই চাই পাশাপাশি দাম সব জিনিসের কিছু কিছু করে কমানো হোক,3,0.4704562997770793
5 Post June 2026,5_post_june_2026,464,বিড়ি কি নিত্য প্রয়োজনীয় পণ্য নয় পিও?,বিড়ি কি নিত্য প্রয়োজনীয় পণ্য নয় পিও,3,0.7984392156899516
5 Post June 2026,5_post_june_2026,465,গ্যাস দাম,গ্যাস দাম,3,0.7333322391775768
5 Post June 2026,5_post_june_2026,466,চাউল গ্যাস আওতায় কিনা,চাউল গ্যাস আওতায় কিনা,3,0.8398566943410541
5 Post June 2026,5_post_june_2026,467,কারেন্টের দাম গ্যাসের দাম পাগল বানাইছে মানুষকে,কারেন্টের দাম গ্যাসের দাম পাগল বানাইছে মানুষকে,3,0.74186775025195
5 Post June 2026,5_post_june_2026,468,সালাউদ্দিন আহমেদ,সালাউদ্দিন আহমেদ,1,0.7315025798715252
5 Post June 2026,5_post_june_2026,469,জালানি বৃদ্ধি গ্যাস বৃদ্ধি …,জালানি বৃদ্ধি গ্যাস বৃদ্ধি,3,0.7999984596856926
5 Post June 2026,5_post_june_2026,470,"রাইট, গরিব রা তো ভোট দেওয়ায় জন্য জন্মাইছে",রাইট গরিব রা তো ভোট দেওয়ায় জন্য জন্মাইছে,1,0.6363091022988067
5 Post June 2026,5_post_june_2026,471,সঠিক বলেছেন,সঠিক বলেছেন,2,0.7330164031328826
5 Post June 2026,5_post_june_2026,472,"আলহামদুলিল্লাহ, সুন্দর বাজেট জনগণের কল্যাণে হওয়ায় জনগণের প্রধানমন্ত্রী জনাব তারেক রহমান সাহেব ধন্যবাদ",আলহামদুলিল্লাহ সুন্দর বাজেট জনগণের কল্যাণে হওয়ায় জনগণের প্রধানমন্ত্রী জনাব তারেক রহমান সাহেব ধন্যবাদ,4,0.4114383772035389
5 Post June 2026,5_post_june_2026,473,তার কাজ হইল আন নিয়ে কথা সে ও এখন অন কিছু নিয়ে কথা বলে যেটা তারেক রকমান বলার কথা এটা বলে সালাউদ্দিন কেন তারেক রকমান কি বোবা আমার তো মাতা আসে না,তার কাজ হইল আন নিয়ে কথা সে ও এখন অন কিছু নিয়ে কথা বলে যেটা তারেক রকমান বলার কথা এটা বলে সালাউদ্দিন কেন তারেক রকমান কি বোবা আমার তো মাতা আসে না,4,0.40441386466293694
5 Post June 2026,5_post_june_2026,474,সালাউদ্দিন সাহেব মনে হয় জানেন না নিত্য পয়জনিয় জিনিসের দাম যে আগেই বাড়িয়ে দেওয়া হয়েছে?,সালাউদ্দিন সাহেব মনে হয় জানেন না নিত্য পয়জনিয় জিনিসের দাম যে আগেই বাড়িয়ে দেওয়া হয়েছে,3,0.4182197254779515
5 Post June 2026,5_post_june_2026,475,হাজার হাজার গরিব দুঃখী মানুষের টাকায় সংসদটাকে নাট্যমঞ্চ বানিয়ে ফেলছে,হাজার হাজার গরিব দুঃখী মানুষের টাকায় সংসদটাকে নাট্যমঞ্চ বানিয়ে ফেলছে,0,0.5769660694086298
5 Post June 2026,5_post_june_2026,476,"খালি দাম বাড়বে, টেকস বসাবে না",খালি দাম বাড়বে টেকস বসাবে না,3,0.5501412579533279
5 Post June 2026,5_post_june_2026,477,ফালতু বক বক,ফালতু বক বক,2,0.5999887468137863
5 Post June 2026,5_post_june_2026,478,"তেলের দাম বেশি গ্যাস বিদ্যুৎ এ-ই গুলো বেশি ব্যবহার করা হয়,,দাম বেশি",তেলের দাম বেশি গ্যাস বিদ্যুৎ এ ই গুলো বেশি ব্যবহার করা হয় দাম বেশি,3,0.9198256898885983
5 Post June 2026,5_post_june_2026,479,অসাধারণ তারেক রহমান,অসাধারণ তারেক রহমান,4,0.5503768899230842
5 Post June 2026,5_post_june_2026,480,তার পরেও বাজারে দ্রব্য মূল্যের দাম বাড়তেছে।,তার পরেও বাজারে দ্রব্য মূল্যের দাম বাড়তেছে,4,0.5328652086887369
5 Post June 2026,5_post_june_2026,481,মাননীয় মন্ত্রী মহোদয় আপনার অবগতির জন্য জানাচ্ছি সিগারেট কিন্তু অতি প্রয়োজনিয় নিত্য দ্রব্য।,মাননীয় মন্ত্রী মহোদয় আপনার অবগতির জন্য জানাচ্ছি সিগারেট কিন্তু অতি প্রয়োজনিয় নিত্য দ্রব্য,4,0.5259575258386887
5 Post June 2026,5_post_june_2026,482,"তেল,গ্যাস,বিদ্যুৎ কি?",তেল গ্যাস বিদ্যুৎ কি,3,0.7998440520174509
5 Post June 2026,5_post_june_2026,483,All in one,all in one,0,0.7960947608864686
5 Post June 2026,5_post_june_2026,484,ভারতীয় এজেন্ট মুনাফিক শিলং সালাউদ্দিন,ভারতীয় এজেন্ট মুনাফিক শিলং সালাউদ্দিন,0,0.7990979280874776
5 Post June 2026,5_post_june_2026,485,চমৎকার একটা ভিডিও,চমৎকার একটা ভিডিও,3,0.7309423470974157
5 Post June 2026,5_post_june_2026,486,বাড়ানোর বাকি আছে কিছু?? ৪/৫ বার করে বাড়িতেছে,বাড়ানোর বাকি আছে কিছু বার করে বাড়িতেছে,0,0.7994784751831664
5 Post June 2026,5_post_june_2026,487,ফাজিলের কথা বলার ধরন কি,ফাজিলের কথা বলার ধরন কি,0,0.5999970019859918
5 Post June 2026,5_post_june_2026,488,আলহামদুলিল্লাহ।,আলহামদুলিল্লাহ,4,0.5999992544339399
5 Post June 2026,5_post_june_2026,489,বিদ্যুৎ বিল করে দিয়েছেন তিনটা বল,বিদ্যুৎ বিল করে দিয়েছেন তিনটা বল,3,0.5505663723469919
5 Post June 2026,5_post_june_2026,490,তাহলে তেলের দাম বাড়লো কেন স্যার,তাহলে তেলের দাম বাড়লো কেন স্যার,3,0.8665123457294817
5 Post June 2026,5_post_june_2026,491,আসলেই ওখানে গরীব মানুষ নাই,আসলেই ওখানে গরীব মানুষ নাই,4,0.8390500544303295
5 Post June 2026,5_post_june_2026,492,সয়ামিন কত করে সাহেব,সয়ামিন কত করে সাহেব,4,0.7295613353803836
5 Post June 2026,5_post_june_2026,493,বিদ্যুৎ বিল গ্যাস ওনেক কমেগেছে সরকার আসার পর থেকে,বিদ্যুৎ বিল গ্যাস ওনেক কমেগেছে সরকার আসার পর থেকে,3,0.6002420472326316
5 Post June 2026,5_post_june_2026,494,আল্লাহ এদের হাত থেকে আমাদের মাতৃভুমিকে তুমি রক্ষা করো,আল্লাহ এদের হাত থেকে আমাদের মাতৃভুমিকে তুমি রক্ষা করো,0,0.8336942440432421
5 Post June 2026,5_post_june_2026,495,@চমৎকার অসাধারণ ভিডিও এভাবেই চালিয়ে যান আরো সামনে অনেক আগাবেন …,চমৎকার অসাধারণ ভিডিও এভাবেই চালিয়ে যান আরো সামনে অনেক আগাবেন,3,0.8990003965460418
5 Post June 2026,5_post_june_2026,496,কমছে কোন জাগায়,কমছে কোন জাগায়,3,0.732703280245107
5 Post June 2026,5_post_june_2026,497,আপেল দামটা খুবই বেশি,আপেল দামটা খুবই বেশি,3,0.7321074355152053
5 Post June 2026,5_post_june_2026,498,বিদ্যুৎ বিলটা বেড়ে গেল কেন?,বিদ্যুৎ বিলটা বেড়ে গেল কেন,3,0.5112757664027754
5 Post June 2026,5_post_june_2026,499,তাহলে বিদ্যুৎতের দাম বাড়ালি কেন ???,তাহলে বিদ্যুৎতের দাম বাড়ালি কেন,3,0.732468874403986
5 Post June 2026,5_post_june_2026,500,স্বরাষ্ট্র মন্ত্রী এবং অর্থমন্ত্রীর কাছে আমার প্রশ্ন কোন জিনিসটার দাম কমেছে একটু বলবেন,স্বরাষ্ট্র মন্ত্রী এবং অর্থমন্ত্রীর কাছে আমার প্রশ্ন কোন জিনিসটার দাম কমেছে একটু বলবেন,3,0.9084648741568003
5 Post June 2026,5_post_june_2026,501,আগে বাড়ানো হবে,আগে বাড়ানো হবে,3,0.5999968806033593
5 Post June 2026,5_post_june_2026,502,যারা সালাউদ্দিনের মন্তব্যের নেগেটিভ কমেন্ট করে তারা সালাউদ্দিনের ফেলে দেওয়া একটা চুলের সমান হতে পারবে না,যারা সালাউদ্দিনের মন্তব্যের নেগেটিভ কমেন্ট করে তারা সালাউদ্দিনের ফেলে দেওয়া একটা চুলের সমান হতে পারবে না,1,0.4960588730407914
5 Post June 2026,5_post_june_2026,503,আলহামদুলিল্লাহ ।,আলহামদুলিল্লাহ,4,0.5999992544339399
5 Post June 2026,5_post_june_2026,504,জোকার!...,জোকার,1,0.5999989368035552
5 Post June 2026,5_post_june_2026,505,Mental ministry,mental ministry,0,0.2
5 Post June 2026,5_post_june_2026,506,কারেন্ট বিল এত বেশি বাড়লো কিভাবে,কারেন্ট বিল এত বেশি বাড়লো কিভাবে,3,0.8850835370538501
5 Post June 2026,5_post_june_2026,507,"সংসদে গরিব কেউ নেই,সবাই বড় লোক",সংসদে গরিব কেউ নেই সবাই বড় লোক,1,0.6558386086930507
5 Post June 2026,5_post_june_2026,508,একটা সময় এই সংসদ ভবনে গান বাজনা হতো আর এখন দেশের উন্নয়ন নিয়ে কথাবার্তা হয়,একটা সময় এই সংসদ ভবনে গান বাজনা হতো আর এখন দেশের উন্নয়ন নিয়ে কথাবার্তা হয়,0,0.7110754744491077
5 Post June 2026,5_post_june_2026,509,বিনোদন,বিনোদন,0,0.5998479963642455
5 Post June 2026,5_post_june_2026,510,"কম না, নাই",কম না নাই,3,0.7313805029146703
5 Post June 2026,5_post_june_2026,511,বেতন বাড়লে সেই টাকা কোথা থেকে আসবে,বেতন বাড়লে সেই টাকা কোথা থেকে আসবে,3,0.8663844198474057
5 Post June 2026,5_post_june_2026,512,সবিন তৈল গায়ের রেইট এর চেয়ে বেশি দাম নেয় কেন,সবিন তৈল গায়ের রেইট এর চেয়ে বেশি দাম নেয় কেন,3,0.8394176363349256
5 Post June 2026,5_post_june_2026,513,"কাজের কথার চেয়ে হাস্যকর পরিবেশই বেশি পছন্দ করছে এখন মনে হচ্ছে,,,কি যে হচ্ছে মহান জাতীয় সংসদে,,কমেডি পরিবেশ",কাজের কথার চেয়ে হাস্যকর পরিবেশই বেশি পছন্দ করছে এখন মনে হচ্ছে কি যে হচ্ছে মহান জাতীয় সংসদে কমেডি পরিবেশ,3,0.9316215501091354
5 Post June 2026,5_post_june_2026,514,চালের দাম ৩০০ টাকা বস্তা বাড়ছে কিভাবে গরিবের বাজেট হল,চালের দাম টাকা বস্তা বাড়ছে কিভাবে গরিবের বাজেট হল,3,0.5550008450852304
5 Post June 2026,5_post_june_2026,515,আর কত বিনোদন দিবেন আংকেল,আর কত বিনোদন দিবেন আংকেল,4,0.5753475513278605
5 Post June 2026,5_post_june_2026,516,শিলং সালাউদ্দিন একটা নিবেদন,শিলং সালাউদ্দিন একটা নিবেদন,0,0.7316029843777944
5 Post June 2026,5_post_june_2026,517,কিরে বাইনচোদ তাহলে দাম বাড়ে কিভাবে,কিরে বাইনচোদ তাহলে দাম বাড়ে কিভাবে,3,0.575897399592102
5 Post June 2026,5_post_june_2026,518,মদ খোর জোকার একটা,মদ খোর জোকার একটা,1,0.5999989368035552
5 Post June 2026,5_post_june_2026,519,স্বরাষ্ট্রমন্ত্রী কি আবার অর্থ মন্ত্রী হয়ে গেল???,স্বরাষ্ট্রমন্ত্রী কি আবার অর্থ মন্ত্রী হয়ে গেল,4,0.742085178530628
5 Post June 2026,5_post_june_2026,520,খাদ্য তেল সোয়ামিন এগুলোর কেন মূল্য বাড়ানো হয়েছে এটা কি জানতে পারেন আমাদের স্বরাষ্ট্রমন্ত্রী মহোদয়,খাদ্য তেল সোয়ামিন এগুলোর কেন মূল্য বাড়ানো হয়েছে এটা কি জানতে পারেন আমাদের স্বরাষ্ট্রমন্ত্রী মহোদয়,3,0.5202196037973856
5 Post June 2026,5_post_june_2026,521,সংসদে বলে একটা আর বাহিরে আরেকটা,সংসদে বলে একটা আর বাহিরে আরেকটা,2,0.6164815028101064
5 Post June 2026,5_post_june_2026,522,সুন্দর সিদ্ধান্ত।।।।,সুন্দর সিদ্ধান্ত,3,0.727449567440655
5 Post June 2026,5_post_june_2026,523,এই মানুষটা হেসে হেসে কিন্তুু কাউকে বাঁশ দিয়া দে উনাকে কাউন্টার এট্যাক করার মতো কেউ নাই,এই মানুষটা হেসে হেসে কিন্তুু কাউকে বাঁশ দিয়া দে উনাকে কাউন্টার এট্যাক করার মতো কেউ নাই,4,0.910250830907083
5 Post June 2026,5_post_june_2026,524,দেশের আইনশৃঙ্খলা পরিস্থিতি কতটুকু নিয়ন্ত্রণ করতে পেরেছেন। সে ব্যপারে একটা বক্তব্য দেন! না-কি স্লিপ অফ ট্যাং বলে পাড় করে দিতে চাচ্ছেন!!,দেশের আইনশৃঙ্খলা পরিস্থিতি কতটুকু নিয়ন্ত্রণ করতে পেরেছেন সে ব্যপারে একটা বক্তব্য দেন না কি স্লিপ অফ ট্যাং বলে পাড় করে দিতে চাচ্ছেন,3,0.41618120811807663
5 Post June 2026,5_post_june_2026,525,হায়রে সংসদ সদস্য,হায়রে সংসদ সদস্য,4,0.7975586203061203
5 Post June 2026,5_post_june_2026,526,নিত্যপণ্যের দোকানে ট্যাক্স দিতে হলে তো সরস্বতী ভোক্তাদের উপর আসবে,নিত্যপণ্যের দোকানে ট্যাক্স দিতে হলে তো সরস্বতী ভোক্তাদের উপর আসবে,3,0.8372146335846654
5 Post June 2026,5_post_june_2026,527,অর্থ মন্ত্রী,অর্থ মন্ত্রী,4,0.7320658927936201
5 Post June 2026,5_post_june_2026,528,জোকার,জোকার,1,0.5999989368035552
5 Post June 2026,5_post_june_2026,529,১৬ ধরনের ব্যাবসা প্রতিষ্ঠান কে করের আওতায় আনতেছেন।এই প্রতিষ্ঠান গুলো কে কর দিতে হলে তার অবশ্যই তাদের পণ্যের দাম বৃদ্ধি করবে।,ধরনের ব্যাবসা প্রতিষ্ঠান কে করের আওতায় আনতেছেন এই প্রতিষ্ঠান গুলো কে কর দিতে হলে তার অবশ্যই তাদের পণ্যের দাম বৃদ্ধি করবে,3,0.64982804537821
5 Post June 2026,5_post_june_2026,530,অসংখ্য ধন্যবাদ,অসংখ্য ধন্যবাদ,0,0.7333308616678184
5 Post June 2026,5_post_june_2026,531,কমানো হলে বাড়ে কেন?,কমানো হলে বাড়ে কেন,3,0.7967148419568499
5 Post June 2026,5_post_june_2026,532,জোঁকার,জোঁকার,0,0.2
5 Post June 2026,5_post_june_2026,533,সার্কাস,সার্কাস,1,0.5992825721136804
5 Post June 2026,5_post_june_2026,534,Really genous.,really genous,0,0.2
5 Post June 2026,5_post_june_2026,535,অর্থ মন্ত্রীর ভাষন যখন স্বরাষ্ট্র মন্ত্রী দেয়,অর্থ মন্ত্রীর ভাষন যখন স্বরাষ্ট্র মন্ত্রী দেয়,4,0.8391279676843173
5 Post June 2026,5_post_june_2026,536,Ki komaiso ebar electricity bill 2 Double kore asche sobr,ki komaiso ebar electricity bill double kore asche sobr,2,0.7333318017701017
5 Post June 2026,5_post_june_2026,537,ফালতু,ফালতু,2,0.5999887468137863
5 Post June 2026,5_post_june_2026,538,"""বাংলাদেশের হাজারো প্রবাসী ভাই দুবাইয়ের ভিসা জটিলতার কারণে চরম ভোগান্তিতে আছেন। দেশের অর্থনীতিতে তাদের অবদান অপরিসীম। তাই সরক…",বাংলাদেশের হাজারো প্রবাসী ভাই দুবাইয়ের ভিসা জটিলতার কারণে চরম ভোগান্তিতে আছেন দেশের অর্থনীতিতে তাদের অবদান অপরিসীম তাই সরক,4,0.9189670987188002
5 Post June 2026,5_post_june_2026,539,Val komcha,val komcha,0,0.2
5 Post June 2026,5_post_june_2026,540,দারুণ সিদ্ধান্ত,দারুণ সিদ্ধান্ত,3,0.5999884299541127
5 Post June 2026,5_post_june_2026,541,চাপাবাজি কম কর কাজে বড় হওয়ার কথা না,চাপাবাজি কম কর কাজে বড় হওয়ার কথা না,1,0.5289951502120201
5 Post June 2026,5_post_june_2026,542,আলহামদুলিল্লাহ,আলহামদুলিল্লাহ,4,0.5999992544339399
5 Post June 2026,5_post_june_2026,543,আলহামদুলিল্লাহ।। মাননীয় প্রধানমন্ত্রীর নেতৃত্বে বিএনপি সরকার গণমানুষের প্রত্যাশা পূরণের লক্ষ্যে নিরলস ভাবে কাজ করে যাচ্ছে।…,আলহামদুলিল্লাহ মাননীয় প্রধানমন্ত্রীর নেতৃত্বে বিএনপি সরকার গণমানুষের প্রত্যাশা পূরণের লক্ষ্যে নিরলস ভাবে কাজ করে যাচ্ছে,4,0.926536182963636
5 Post June 2026,5_post_june_2026,544,তা হলে বাজারে এত আগুন কেন নিত্যপ্রয়োজনীয় জিনিসপত্র গুলুর,তা হলে বাজারে এত আগুন কেন নিত্যপ্রয়োজনীয় জিনিসপত্র গুলুর,3,0.5406698202961112
5 Post June 2026,5_post_june_2026,545,সাওআর,সাওআর,0,0.2
5 Post June 2026,5_post_june_2026,546,কারেন্ট কি নিত্য প্রয়োজন জিনিসের ভিতর পড়ে না এটার দাম বাড়ানো হলো কেন,কারেন্ট কি নিত্য প্রয়োজন জিনিসের ভিতর পড়ে না এটার দাম বাড়ানো হলো কেন,3,0.9194089647239311
5 Post June 2026,5_post_june_2026,547,Comedy sho. Coltace,comedy sho coltace,0,0.2
5 Post June 2026,5_post_june_2026,548,"হালায় কি গাঁজা খাইছে, কুত্তার বাচ্চা কোন তো বাজারে যায় নাই , তাই এমন কথা বলছে",হালায় কি গাঁজা খাইছে কুত্তার বাচ্চা কোন তো বাজারে যায় নাই তাই এমন কথা বলছে,3,0.5429561022906326
5 Post June 2026,5_post_june_2026,549,তাহলে গ্যাসের দাম বাড়লো কেন. …?,তাহলে গ্যাসের দাম বাড়লো কেন,3,0.8397599231283315
5 Post June 2026,5_post_june_2026,550,সবকিছুর দাম কমানোর জন্য এই সংসদকে ধন্যবাদ কিন্তু এই নিত্যপ্রয়োজনীয় জিনিস কোথায় কম দামে পাওয়া যায় যদি মন্ত্রীদ্বয় জানাতেন কৃতজ্…,সবকিছুর দাম কমানোর জন্য এই সংসদকে ধন্যবাদ কিন্তু এই নিত্যপ্রয়োজনীয় জিনিস কোথায় কম দামে পাওয়া যায় যদি মন্ত্রীদ্বয় জানাতেন কৃতজ্,3,0.7180147362895172
5 Post June 2026,5_post_june_2026,551,জোকার সিলিং,জোকার সিলিং,1,0.5999989368035552
5 Post June 2026,5_post_june_2026,552,ধন্যবাদ,ধন্যবাদ,0,0.5999993380879446
5 Post June 2026,5_post_june_2026,553,আপনি আইন শৃঙ্খলার কথা বলুন!,আপনি আইন শৃঙ্খলার কথা বলুন,4,0.40082052149897146
5 Post June 2026,5_post_june_2026,554,উনি এমন বজ্রপাত প্রত্যেকটা বিষয়ের উপরে সিলিং থেকে ট্রেডিং প্রাপ্ত লোক।,উনি এমন বজ্রপাত প্রত্যেকটা বিষয়ের উপরে সিলিং থেকে ট্রেডিং প্রাপ্ত লোক,2,0.3730531463262132
5 Post June 2026,5_post_june_2026,555,ওবায়দুল কাদের 2.0,ওবায়দুল কাদের,0,0.7333249082219042
5 Post June 2026,5_post_june_2026,556,এই হালারা কি পাগল নাকি বুঝে আসেনা,এই হালারা কি পাগল নাকি বুঝে আসেনা,4,0.8387179186638396
5 Post June 2026,5_post_june_2026,557,মানুষ বোঝার বাকি নাই সারা চাচা প্লেট নাম্বারে তেলের দাম বাড়লে,মানুষ বোঝার বাকি নাই সারা চাচা প্লেট নাম্বারে তেলের দাম বাড়লে,3,0.5398957423959628
5 Post June 2026,5_post_june_2026,558,নাটকের মন্চ সংসদ,নাটকের মন্চ সংসদ,4,0.7330135360101819
5 Post June 2026,5_post_june_2026,559,গানের নাটকের শুটিং মঙ্র,গানের নাটকের শুটিং মঙ্র,4,0.5999805434610578
5 Post June 2026,5_post_june_2026,560,শিলং মন্ত্রী সাহেব বাংলাদেশের মানুষের কষ্ট এখন আরো বেড়ে গেছে বিদ্যুৎ বিল যার ছিল ২০০০ একন হয়ে গেছে ৪০০০ তাও আবার ে রাতে স…,শিলং মন্ত্রী সাহেব বাংলাদেশের মানুষের কষ্ট এখন আরো বেড়ে গেছে বিদ্যুৎ বিল যার ছিল একন হয়ে গেছে তাও আবার ে রাতে স,4,0.6348081215052844
5 Post June 2026,5_post_june_2026,561,সব গুপ্ত কোটি পতি,সব গুপ্ত কোটি পতি,2,0.5992815871580434
5 Post June 2026,5_post_june_2026,562,"শালা উদ্দিন একটু বেশি কথা বলে, একটু সন্দেহ হচ্ছে তাকে নিয়ে।",শালা উদ্দিন একটু বেশি কথা বলে একটু সন্দেহ হচ্ছে তাকে নিয়ে,3,0.9094345403442585
5 Post June 2026,5_post_june_2026,563,সংসদে নাটক ঠাপানোর জন্য যায় নাকি চুদানি রা,সংসদে নাটক ঠাপানোর জন্য যায় নাকি চুদানি রা,2,0.8385848389897683
5 Post June 2026,5_post_june_2026,564,সিলং সালাউদ্দীন নাটক কম করো পিও,সিলং সালাউদ্দীন নাটক কম করো পিও,3,0.7985410562898555
5 Post June 2026,5_post_june_2026,565,বাসনে ভাত না থাকলে ভাষনে পেট ভরবে না।,বাসনে ভাত না থাকলে ভাষনে পেট ভরবে না,3,0.5496668528313452
5 Post June 2026,5_post_june_2026,566,"একমাত্র তেলের দাম বারালে আর কোন কিছুই বারানো লাগে না, ওগুলো অটো দাম বেড়ে যায়। কি চারাকিরে",একমাত্র তেলের দাম বারালে আর কোন কিছুই বারানো লাগে না ওগুলো অটো দাম বেড়ে যায় কি চারাকিরে,3,0.9105437227177583
5 Post June 2026,5_post_june_2026,567,আল্লাহর লালনত তোর উপরে পরুক,আল্লাহর লালনত তোর উপরে পরুক,4,0.548998964921322
5 Post June 2026,5_post_june_2026,568,একদিক দিয়ে কমাবেন চারদিক দিয়ে বাড়িয়ে নেবেন দারুন ম্যাজিক,একদিক দিয়ে কমাবেন চারদিক দিয়ে বাড়িয়ে নেবেন দারুন ম্যাজিক,3,0.5986532062058639
5 Post June 2026,5_post_june_2026,569,Lake hoker,lake hoker,0,0.2
5 Post June 2026,5_post_june_2026,570,দু:খের বিষয়:- জামায়াত বিএনপি তোষণ নীতি অবলম্বন করছে। অতীতের তীক্ত অভিজ্ঞতার পরও যদি জামায়াত বিএনপি বিরোধী শক্ত অবস্থান না নেয় …,দু খের বিষয় জামায়াত বিএনপি তোষণ নীতি অবলম্বন করছে অতীতের তীক্ত অভিজ্ঞতার পরও যদি জামায়াত বিএনপি বিরোধী শক্ত অবস্থান না নেয়,4,0.88400014354605
5 Post June 2026,5_post_june_2026,571,আলহামদুলিল্লাহ,আলহামদুলিল্লাহ,4,0.5999992544339399
5 Post June 2026,5_post_june_2026,572,বাটপার,বাটপার,3,0.5984094919346064
5 Post June 2026,5_post_june_2026,573,কিন্তু বিদ্যুৎতের দাম কেন অতিরিক্ত বাড়ানো হলো।,কিন্তু বিদ্যুৎতের দাম কেন অতিরিক্ত বাড়ানো হলো,3,0.8390041038035899
5 Post June 2026,5_post_june_2026,574,নিত্য প্রয়োজনীয় পণ্যের দাম আগের চেয়ে আরও বৃদ্ধি পেয়েছে,নিত্য প্রয়োজনীয় পণ্যের দাম আগের চেয়ে আরও বৃদ্ধি পেয়েছে,3,0.9109516175442549
5 Post June 2026,5_post_june_2026,575,তেল গ্যাস বিদ্যুৎ হইছে,তেল গ্যাস বিদ্যুৎ হইছে,3,0.7998440520174509
5 Post June 2026,5_post_june_2026,576,"আচ্ছা মন্ত্রণালয়ের সকল কাজ কি সরাষ্টমন্ত্রীর, তা হলে অন্য মন্ত্রী রেখে কি লাভ",আচ্ছা মন্ত্রণালয়ের সকল কাজ কি সরাষ্টমন্ত্রীর তা হলে অন্য মন্ত্রী রেখে কি লাভ,4,0.9263951116693657
5 Post June 2026,5_post_june_2026,577,পাগল সব একতে হয়েছে,পাগল সব একতে হয়েছে,4,0.5999987330131537
5 Post June 2026,5_post_june_2026,578,বিদ্যুতের বিলিতে এত পরিমান টাকা কি জন্য আসতেছে,বিদ্যুতের বিলিতে এত পরিমান টাকা কি জন্য আসতেছে,3,0.8392388066286605
5 Post June 2026,5_post_june_2026,579,যেহেতু বলছে যে এটার উপরে কোন ট্যাক্স গ্রহণ করা হবে না বা নিত্য প্রয়োজনীয় জিনিসের উপরে হস্তক্ষেপ করবে না তার মানে শতভাগ নিশ্চিত এটা হবে,যেহেতু বলছে যে এটার উপরে কোন ট্যাক্স গ্রহণ করা হবে না বা নিত্য প্রয়োজনীয় জিনিসের উপরে হস্তক্ষেপ করবে না তার মানে শতভাগ নিশ্চিত এটা হবে,3,0.7617289123245714
5 Post June 2026,5_post_june_2026,580,"সব কিছুর #বাজেট হলো, যে গুলোর বাজেট হয়নি, সেই গুলোও উপস্থাপন হয়েছেন। কিন্তু,,, সবচেয়ে খুশি/আনন্দের ব্যপার হলো, যে দেশ অরক্ষিত অবস্থায় আছে #সীমান্তের_কাটা_তার নিয়ে আজ অব্দি কোন প্রকার আলোচনা হয়নি, কারন, সবাই পলানোর চিন্তা নিয়ে পথ খুলে রেখেছেন Tarique Rahman Dr. Shafiqur Rahman We Stand With Hasnat PMO Bangladesh - প্রধানমন্ত্রীর কার্যালয়",সব কিছুর বাজেট হলো যে গুলোর বাজেট হয়নি সেই গুলোও উপস্থাপন হয়েছেন কিন্তু সবচেয়ে খুশি আনন্দের ব্যপার হলো যে দেশ অরক্ষিত অবস্থায় আছে সীমান্তের কাটা তার নিয়ে আজ অব্দি কোন প্রকার আলোচনা হয়নি কারন সবাই পলানোর চিন্তা নিয়ে পথ খুলে রেখেছেন tarique rahman dr shafiqur rahman we stand with hasnat pmo bangladesh প্রধানমন্ত্রীর কার্যালয়,2,0.9717241313428766
5 Post June 2026,5_post_june_2026,581,"ধানের দাম কমিয়ে সার কিট নাশক দাম বাড়িয়ে দেন, গোয়া মারা খাবে কৃষক",ধানের দাম কমিয়ে সার কিট নাশক দাম বাড়িয়ে দেন গোয়া মারা খাবে কৃষক,3,0.48904438190020316
5 Post June 2026,5_post_june_2026,582,হাস্যকর,হাস্যকর,3,0.5999850350132929
5 Post June 2026,5_post_june_2026,583,বিদ্যুৎ তো নিত্যপ্রয়োজনীয় জিনিস এর দাম কমানো যাবে না কেন?,বিদ্যুৎ তো নিত্যপ্রয়োজনীয় জিনিস এর দাম কমানো যাবে না কেন,3,0.8854605760638671
5 Post June 2026,5_post_june_2026,584,বিদুৎ দিয়ে অলরেডি হাজার হাজার কুটি লই গগেচে,বিদুৎ দিয়ে অলরেডি হাজার হাজার কুটি লই গগেচে,3,0.7998893149912785
5 Post June 2026,5_post_june_2026,585,আমরা সবাই পেঁয়াজ আর আলু নিয়ে পড়ে আছি এদিকে সাবান হুইল পাউডার শ্যাম্পু এগুলোর দাম যে বৃদ্ধি হচ্ছে এগুলো নিয়ে কারো মাতামাতি নাই,আমরা সবাই পেঁয়াজ আর আলু নিয়ে পড়ে আছি এদিকে সাবান হুইল পাউডার শ্যাম্পু এগুলোর দাম যে বৃদ্ধি হচ্ছে এগুলো নিয়ে কারো মাতামাতি নাই,3,0.8730849551672242
5 Post June 2026,5_post_june_2026,586,বলবেন কি কি জিনিসের বড় দাম কমানোর তো একটা লিখবেন,বলবেন কি কি জিনিসের বড় দাম কমানোর তো একটা লিখবেন,3,0.837216163002811
5 Post June 2026,5_post_june_2026,587,ভুয়া,ভুয়া,0,0.5999962986546974
5 Post June 2026,5_post_june_2026,588,তেলের দাম বাড়লে সব পণ্যের দাম বাড়বে এটাই স্বাভাবিক এটা বুঝতে হলে ডিগ্রি লাগে,তেলের দাম বাড়লে সব পণ্যের দাম বাড়বে এটাই স্বাভাবিক এটা বুঝতে হলে ডিগ্রি লাগে,3,0.9323738181140933
5 Post June 2026,5_post_june_2026,589,"তেল,গ্যাস,বিদ্যুৎ, চাল ডাল, লবণ, সাবান,চিনি। এগুলা বাদ দিয়ে কোনো কিছুর দাম আপনারা বাড়ান নাই। তাই আপনাদের ধুনিয়াবাদ",তেল গ্যাস বিদ্যুৎ চাল ডাল লবণ সাবান চিনি এগুলা বাদ দিয়ে কোনো কিছুর দাম আপনারা বাড়ান নাই তাই আপনাদের ধুনিয়াবাদ,3,0.9460650845603505
5 Post June 2026,5_post_june_2026,590,"গরিবরা ভাত রান্না করে না, গরিবরা ঘরে আলো জ্বালাবে মা, গরিবরা ধান উৎপাদন করবে না! জ্বালানি তেল, বিদুৎ গ্যাস সব বড়লোকের। …",গরিবরা ভাত রান্না করে না গরিবরা ঘরে আলো জ্বালাবে মা গরিবরা ধান উৎপাদন করবে না জ্বালানি তেল বিদুৎ গ্যাস সব বড়লোকের,3,0.9110329030300824
5 Post June 2026,5_post_june_2026,591,নাটকের সংলাপ চলছে,নাটকের সংলাপ চলছে,4,0.7333264249826007
5 Post June 2026,5_post_june_2026,592,মন্ত্রী সাহেব আপনি আপনার মন্ত্রনায়ে দিকে নজর দেশে আইন শৃঙ্খলার যে চরম অবনতি তার খেয়াল আপনার আছে।,মন্ত্রী সাহেব আপনি আপনার মন্ত্রনায়ে দিকে নজর দেশে আইন শৃঙ্খলার যে চরম অবনতি তার খেয়াল আপনার আছে,4,0.3904081995691966
5 Post June 2026,5_post_june_2026,593,তেল গ্যাস বিদ্যুৎ সবকিছুর দামিই তো বাড়তি,তেল গ্যাস বিদ্যুৎ সবকিছুর দামিই তো বাড়তি,3,0.7998440520174509
5 Post June 2026,5_post_june_2026,594,মুখে মুখে বল্লে হবে না কার্যকর করতে হবে,মুখে মুখে বল্লে হবে না কার্যকর করতে হবে,0,0.7976887873033435
5 Post June 2026,5_post_june_2026,595,নিত্য প্রয়োজনীয় দ্রব্যের উপরে কোন রকম ট্যাক্স নিবেন না ঠিক আছে কিন্তু রাস্তায় রাস্তায় জায়গায় জায়গায় যে চাঁদাবাদি এটা কে বন্ধ করবে?????,নিত্য প্রয়োজনীয় দ্রব্যের উপরে কোন রকম ট্যাক্স নিবেন না ঠিক আছে কিন্তু রাস্তায় রাস্তায় জায়গায় জায়গায় যে চাঁদাবাদি এটা কে বন্ধ করবে,3,0.6069795136614231
5 Post June 2026,5_post_june_2026,596,আশিক সরকার মারো হে এখন স্বরাষ্ট্রমন্ত্রী শিলং সালাউদ্দিন কে বাজারে পাঠিয়ে দিতে হবে জনগণের বাজার করার জন্যে ছাগলের মতো বলে এসি…,আশিক সরকার মারো হে এখন স্বরাষ্ট্রমন্ত্রী শিলং সালাউদ্দিন কে বাজারে পাঠিয়ে দিতে হবে জনগণের বাজার করার জন্যে ছাগলের মতো বলে এসি,0,0.9488759822668116
5 Post June 2026,5_post_june_2026,597,তোর মায়রে চ*** খানকির পোলারা,তোর মায়রে চ খানকির পোলারা,0,0.7333257393351131
5 Post June 2026,5_post_june_2026,598,খাদ্যদ্রব্য উপরে যা ট্যাক্স আছে বাংলাদেশের মানুষ এমনি মরে যাবে যেকোনো ফল কিনতে গেলে দেখা যাচ্ছে তার উপর একটা প্রতি কেজিতে ১০০ …,খাদ্যদ্রব্য উপরে যা ট্যাক্স আছে বাংলাদেশের মানুষ এমনি মরে যাবে যেকোনো ফল কিনতে গেলে দেখা যাচ্ছে তার উপর একটা প্রতি কেজিতে,4,0.9422686698609127
5 Post June 2026,5_post_june_2026,599,তোরা গাজা খা,তোরা গাজা খা,4,0.5923069229522417
5 Post June 2026,5_post_june_2026,600,Bukach*a,bukach a,0,0.2
5 Post June 2026,5_post_june_2026,601,১০০/১২০/১৫০ নিচে কোন সবজি নাই আর চাল ডাল তেল এর কথা বল্লে তো হিসেব নেই কি পরিমান সেন্ডিকেট করে দামের উপর দাম বাড়াচ্ছে আর তারা…,নিচে কোন সবজি নাই আর চাল ডাল তেল এর কথা বল্লে তো হিসেব নেই কি পরিমান সেন্ডিকেট করে দামের উপর দাম বাড়াচ্ছে আর তারা,3,0.8662660386324545
5 Post June 2026,5_post_june_2026,602,ধুর কুলাঙ্গার,ধুর কুলাঙ্গার,0,0.7312991088058965
5 Post June 2026,5_post_june_2026,603,Natok tapano sala bazaar ee giye dekh Dalal haramzaada,natok tapano sala bazaar ee giye dekh dalal haramzaada,4,0.599990614407877
5 Post June 2026,5_post_june_2026,604,তুমি আমার হে****ডা কমাই ছ,তুমি আমার হে ডা কমাই ছ,1,0.7318012722027322
5 Post June 2026,5_post_june_2026,605,Nic,nic,0,0.2
5 Post June 2026,5_post_june_2026,606,পরীক্ষা শেষে ওই ক্যামেরা আমার বাসায় নিয়ে আসবো,পরীক্ষা শেষে ওই ক্যামেরা আমার বাসায় নিয়ে আসবো,2,0.83914601036004
5 Post June 2026,5_post_june_2026,607,এখন সিসি ক্যামেরা থেকে বাহিয়ে আসেন আর কয়টা ক্যামেরা দিবেন পরিক্ষা আসলে নাকি শুধু সিসি ক্যামেরা,এখন সিসি ক্যামেরা থেকে বাহিয়ে আসেন আর কয়টা ক্যামেরা দিবেন পরিক্ষা আসলে নাকি শুধু সিসি ক্যামেরা,2,0.6419890709845413
5 Post June 2026,5_post_june_2026,608,আমাদের কলেজে অলরেডি সিসি ক্যামেরা লাগায়ে ফেলছে,আমাদের কলেজে অলরেডি সিসি ক্যামেরা লাগায়ে ফেলছে,2,0.5505394049281329
5 Post June 2026,5_post_june_2026,609,পারলে বিচার বিভাগে প্রত্যেকটা বিচার কার্যকরের সময়ে সিসিটিভি ওপেন করেন,পারলে বিচার বিভাগে প্রত্যেকটা বিচার কার্যকরের সময়ে সিসিটিভি ওপেন করেন,2,0.49781953264533574
5 Post June 2026,5_post_june_2026,610,Sudu exam hall a na bathroom ayo cc tv camera laganu dorkar,sudu exam hall a na bathroom ayo cc tv camera laganu dorkar,2,0.866664852058345
5 Post June 2026,5_post_june_2026,611,পকেটে বেশি টাকা হই গেছে। কই রাখবো বুঝতে পারতেছে না। তাই সি সি ক্যামেরার দিকে খরচা করতেছে। আবার শুনলাম কাকু নাকি বডি ওয়ার্ন ক্যামেরা ও ফিট করবো,পকেটে বেশি টাকা হই গেছে কই রাখবো বুঝতে পারতেছে না তাই সি সি ক্যামেরার দিকে খরচা করতেছে আবার শুনলাম কাকু নাকি বডি ওয়ার্ন ক্যামেরা ও ফিট করবো,2,0.6375252731162557
5 Post June 2026,5_post_june_2026,613,"লাগিয়ে কি লাভ বিদ্যুৎ থাকে না,,,,,",লাগিয়ে কি লাভ বিদ্যুৎ থাকে না,2,0.5854977215852172
5 Post June 2026,5_post_june_2026,614,AC r bebostha thakleoo balo hoito....,ac r bebostha thakleoo balo hoito,1,0.728666135534785
5 Post June 2026,5_post_june_2026,615,Ki react dibo bujhte pacchi na,ki react dibo bujhte pacchi na,2,0.7333323020372312
5 Post June 2026,5_post_june_2026,616,sob student der mathai ekta kore camera boshaile aro valo hoi,sob student der mathai ekta kore camera boshaile aro valo hoi,2,0.8190065531483269
5 Post June 2026,5_post_june_2026,617,"এক্স-রে মেশিন লাগিয়ে দেন, সব দেখতে পাবেন",এক্স রে মেশিন লাগিয়ে দেন সব দেখতে পাবেন,2,0.354393539986468
5 Post June 2026,5_post_june_2026,618,"Students tomra sobai seje- guje jabe., Camera. te jeno sundor dekha jai.",students tomra sobai seje guje jabe camera te jeno sundor dekha jai,2,0.6115606531745018
5 Post June 2026,5_post_june_2026,619,Sby re auto fail dilei pare !,sby re auto fail dilei pare,2,0.7999933896143935
5 Post June 2026,5_post_june_2026,620,"হালায় তো চুড়ি করে পড়ে, এতদূর গেলো",হালায় তো চুড়ি করে পড়ে এতদূর গেলো,0,0.43923098829342755
5 Post June 2026,5_post_june_2026,621,এ mc maybe basor rateo cc camera lagaicilo,এ mc maybe basor rateo cc camera lagaicilo,2,0.733329962592173
5 Post June 2026,5_post_june_2026,622,ভালো উদ্যোগ। এসবের পাশাপাশি শিক্ষকরা যে ছাত্র-ছাত্রীদের দিয়ে বোর্ডের খাতা কাটায় সেটার ব্যাপারে মন্ত্রী সাহেব যথাযথ ব্যবস্থা …,ভালো উদ্যোগ এসবের পাশাপাশি শিক্ষকরা যে ছাত্র ছাত্রীদের দিয়ে বোর্ডের খাতা কাটায় সেটার ব্যাপারে মন্ত্রী সাহেব যথাযথ ব্যবস্থা,2,0.9187826964671594
5 Post June 2026,5_post_june_2026,623,Toilet a dibena,toilet a dibena,0,0.2
5 Post June 2026,5_post_june_2026,624,মিলনের শয়নকক্ষে একটা CC ক্যেমেরা লাগানের জোর দাবি জানাচ্ছি,মিলনের শয়নকক্ষে একটা cc ক্যেমেরা লাগানের জোর দাবি জানাচ্ছি,4,0.6385858975580263
5 Post June 2026,5_post_june_2026,625,ডং আর ডং,ডং আর ডং,0,0.2
5 Post June 2026,5_post_june_2026,626,puraton cc camerar order neya hooy jogajog korun আজ e...... Hsc xm ses a home delivery deya hbe,puraton cc camerar order neya hooy jogajog korun আজ e hsc xm ses a home delivery deya hbe,0,0.5306719937946085
5 Post June 2026,5_post_june_2026,627,prottek student er theke ekta koire lagay diyen dekhben kono student nokol korte korte hall e ashe nki,prottek student er theke ekta koire lagay diyen dekhben kono student nokol korte korte hall e ashe nki,2,0.9110601364426302
5 Post June 2026,5_post_june_2026,628,কি কারণে? পয়সা কে দিবে,কি কারণে পয়সা কে দিবে,3,0.7311071701047392
5 Post June 2026,5_post_june_2026,629,"Kono lave nai , current e thake nh",kono lave nai current e thake nh,2,0.6848757145500347
5 Post June 2026,5_post_june_2026,630,Arr koto?,arr koto,0,0.2
5 Post June 2026,5_post_june_2026,631,শিক্ষা মন্ত্রী CC Camera মন্ত্রী,শিক্ষা মন্ত্রী cc camera মন্ত্রী,2,0.8658121658552729
5 Post June 2026,5_post_june_2026,632,আলারফোয়ালা কত কাহিনি যে শুরু করছে,আলারফোয়ালা কত কাহিনি যে শুরু করছে,3,0.39937951270026883
5 Post June 2026,5_post_june_2026,633,ক্যামেরা কেনা মানেই তো নতুন করে চুরি করার রাস্তা তৈরি নিজে তো ঠিকই ক্যামেরা ছাড়া রুমে পরীক্ষা দেছে এখন আইছে বড় বড় লেকচার দিতে,ক্যামেরা কেনা মানেই তো নতুন করে চুরি করার রাস্তা তৈরি নিজে তো ঠিকই ক্যামেরা ছাড়া রুমে পরীক্ষা দেছে এখন আইছে বড় বড় লেকচার দিতে,2,0.5927090829601676
5 Post June 2026,5_post_june_2026,634,প্রশ্ন ফাঁস তো বন্ধ করতে পারলো না সম্মান বাঁচাতে সিসি দিচ্ছে,প্রশ্ন ফাঁস তো বন্ধ করতে পারলো না সম্মান বাঁচাতে সিসি দিচ্ছে,4,0.47022217445342307
5 Post June 2026,5_post_june_2026,635,আস্ত জোকার,আস্ত জোকার,1,0.7333245274902448
5 Post June 2026,5_post_june_2026,636,এতেও কাঙ্খিত সাফল্য আসছে না,এতেও কাঙ্খিত সাফল্য আসছে না,0,0.5974820659920539
5 Post June 2026,5_post_june_2026,637,ছাপড়ি,ছাপড়ি,0,0.2
5 Post June 2026,5_post_june_2026,638,Kaku paren sudu amader Sathe e...,kaku paren sudu amader sathe e,2,0.5999855911700421
5 Post June 2026,5_post_june_2026,639,জোকারি এখন মানুষ খায় না,জোকারি এখন মানুষ খায় না,4,0.7326850665804115
5 Post June 2026,5_post_june_2026,640,Pthibite ato mnus mara jaitese. Allah ji tumi......,pthibite ato mnus mara jaitese allah ji tumi,1,0.7322457028152655
5 Post June 2026,5_post_june_2026,641,Bal falaiba abero.,bal falaiba abero,4,0.5999850771299473
5 Post June 2026,5_post_june_2026,642,Keno,keno,0,0.2
5 Post June 2026,5_post_june_2026,643,Prottek ta bench e CC camera lagan,prottek ta bench e cc camera lagan,2,0.7999976426620953
5 Post June 2026,5_post_june_2026,644,What about Washroom?,what about washroom,1,0.599978243323219
5 Post June 2026,5_post_june_2026,645,Ei bedar ei ak kotha Chara Ki r Kono kotha nai,ei bedar ei ak kotha chara ki r kono kotha nai,2,0.8034533693439602
5 Post June 2026,5_post_june_2026,646,আগে ভাই কারেন্টের অবস্থা ঠিক করেন। তারপর আসিয়েন সিসি ক্যামেরা বসাইতে। প্রতি কারেন্টর জন্য পড়তে বসতে পারি না।,আগে ভাই কারেন্টের অবস্থা ঠিক করেন তারপর আসিয়েন সিসি ক্যামেরা বসাইতে প্রতি কারেন্টর জন্য পড়তে বসতে পারি না,2,0.6886068698496198
5 Post June 2026,5_post_june_2026,647,দূর মিয়া ফাইজলামির একটা লিমিড আছে।,দূর মিয়া ফাইজলামির একটা লিমিড আছে,0,0.733326496386204
5 Post June 2026,5_post_june_2026,648,Sumaiya Islam তামাশা শুরু করে দিছে নাটক পাইছে,sumaiya islam তামাশা শুরু করে দিছে নাটক পাইছে,3,0.8831698091913377
5 Post June 2026,5_post_june_2026,649,বিদ্যুৎ নিরিবিচ্ছন্ন দরকার।,বিদ্যুৎ নিরিবিচ্ছন্ন দরকার,3,0.7281169545186598
5 Post June 2026,5_post_june_2026,650,Halay potibondhi,halay potibondhi,3,0.5999666578125489
5 Post June 2026,5_post_june_2026,651,ere keu thama vhai,ere keu thama vhai,0,0.2
5 Post June 2026,5_post_june_2026,652,"If possible, assign one bodyguard to stand over each student's head in the examination hall so that cheating can be prevented effectively.",if possible assign one bodyguard to stand over each student s head in the examination hall so that cheating can be prevented effectively,4,0.5268592767034864
5 Post June 2026,5_post_june_2026,653,বিদ্যুৎ এর যদি একটা প্রপার ব্যাবস্থা করতেন,বিদ্যুৎ এর যদি একটা প্রপার ব্যাবস্থা করতেন,3,0.4007447926330206
5 Post June 2026,5_post_june_2026,654,Bal tao hobena,bal tao hobena,4,0.5999850771299473
5 Post June 2026,5_post_june_2026,655,কিরে ভাই আমরা কি 26 e exam diye onek বড় ভুল করতেছি নাকি,কিরে ভাই আমরা কি e exam diye onek বড় ভুল করতেছি নাকি,0,0.6175348048834084
5 Post June 2026,5_post_june_2026,656,Timer.bomb o lagaya den,timer bomb o lagaya den,1,0.5982183438490727
5 Post June 2026,5_post_june_2026,657,Sobar kace akta koira cemara set kora cai,sobar kace akta koira cemara set kora cai,2,0.5872839011043187
5 Post June 2026,5_post_june_2026,658,পরীক্ষার হলে শিক্ষকদের না দিয়ে বাংলাদেশের আর্মি দেন।,পরীক্ষার হলে শিক্ষকদের না দিয়ে বাংলাদেশের আর্মি দেন,4,0.8633817581493455
5 Post June 2026,5_post_june_2026,659,ক্লাস রুমে সি সি ক্যামেরা লাগান।,ক্লাস রুমে সি সি ক্যামেরা লাগান,2,0.8663516286296035
5 Post June 2026,5_post_june_2026,660,টাকা কোথায় পাগল,টাকা কোথায় পাগল,4,0.4000042427628097
5 Post June 2026,5_post_june_2026,661,"বা*লডায় মাঝে মাঝে ভয় দেখাই দেয়,সামনে পরিক্ষা, এমনেই নার্ভাস কাজ করে!",বা লডায় মাঝে মাঝে ভয় দেখাই দেয় সামনে পরিক্ষা এমনেই নার্ভাস কাজ করে,0,0.8974144421121559
5 Post June 2026,5_post_june_2026,662,শিক্ষা ব্যবস্থা পরীক্ষা ব্যবস্থা,শিক্ষা ব্যবস্থা পরীক্ষা ব্যবস্থা,2,0.8390600457236018
5 Post June 2026,5_post_june_2026,663,ssc জে বাস খাইছে hsc keno kabena,ssc জে বাস খাইছে hsc keno kabena,4,0.5999803494203658
5 Post June 2026,5_post_june_2026,664,Accha ki korle ei cctv camera er post e shamne asbe nh,accha ki korle ei cctv camera er post e shamne asbe nh,2,0.8999804582526992
5 Post June 2026,5_post_june_2026,665,Cctv pant kobe dibe prottek student der??,cctv pant kobe dibe prottek student der,2,0.5112416720729378
5 Post June 2026,5_post_june_2026,666,পরীক্ষার হলে সিসি ক্যামেরা না লাগিয়ে প্রত্যেকটা ক্লাসরুমে সিসি ক্যামেরা লাগানোর দাবী জানাচ্ছি,পরীক্ষার হলে সিসি ক্যামেরা না লাগিয়ে প্রত্যেকটা ক্লাসরুমে সিসি ক্যামেরা লাগানোর দাবী জানাচ্ছি,2,0.7671003430797713
5 Post June 2026,5_post_june_2026,667,Exam ar age ki natok suru korse,exam ar age ki natok suru korse,2,0.8399644775834673
5 Post June 2026,5_post_june_2026,668,Nokol ar aibar nite parlm vlo kore pori aktu,nokol ar aibar nite parlm vlo kore pori aktu,2,0.7332082198777279
5 Post June 2026,5_post_june_2026,669,একটা লাল জ্যাকেট আর কালো মাস্ক পরাতে বলেন ডিউটির লোক দের পুরাই squid game vibe আজাইরা। মনে হয় পরীক্ষা নয় দেশের গোপন কিছু চুরি …,একটা লাল জ্যাকেট আর কালো মাস্ক পরাতে বলেন ডিউটির লোক দের পুরাই squid game vibe আজাইরা মনে হয় পরীক্ষা নয় দেশের গোপন কিছু চুরি,2,0.5044138473971215
5 Post June 2026,5_post_june_2026,670,Dur,dur,0,0.2
5 Post June 2026,5_post_june_2026,671,AC bebosta koren,ac bebosta koren,2,0.40051769964669587
5 Post June 2026,5_post_june_2026,672,মাতাল,মাতাল,0,0.2
5 Post June 2026,5_post_june_2026,673,বিদ্যুৎ ই থাকেনা তা সিসিটিভি দিয়ে কি হবে,বিদ্যুৎ ই থাকেনা তা সিসিটিভি দিয়ে কি হবে,4,0.5280142119564281
5 Post June 2026,5_post_june_2026,674,ki lav? amago somoy o asilo…,ki lav amago somoy o asilo,2,0.7999958339781802
5 Post June 2026,5_post_june_2026,675,আচ্ছা পরীক্ষার হলেই সবাই হাগলে কেমন হয়.?,আচ্ছা পরীক্ষার হলেই সবাই হাগলে কেমন হয়,2,0.4534549012445062
5 Post June 2026,5_post_june_2026,676,Aisob na koira Koiya de.…,aisob na koira koiya de,2,0.8399281980725902
5 Post June 2026,5_post_june_2026,677,শিক্ষামন্ত্রী পরীক্ষা মন্ত্রী,শিক্ষামন্ত্রী পরীক্ষা মন্ত্রী,4,0.44754739331849486
5 Post June 2026,5_post_june_2026,678,হায়রে এইবার মনে হয় না আর পাস করতে পারবো,হায়রে এইবার মনে হয় না আর পাস করতে পারবো,4,0.8836685618392227
5 Post June 2026,5_post_june_2026,679,CCTV thakleo ki nah thakleo ki ssc exam hole Shobay deikha likhse,cctv thakleo ki nah thakleo ki ssc exam hole shobay deikha likhse,2,0.8399980737088103
5 Post June 2026,5_post_june_2026,680,"এই শিক্ষামন্ত্রী শুধু ক্যামেরা নিয়েই থাকবে, আর কিছুই করতে পারবে না",এই শিক্ষামন্ত্রী শুধু ক্যামেরা নিয়েই থাকবে আর কিছুই করতে পারবে না,4,0.7568978069484491
5 Post June 2026,5_post_june_2026,681,পরীক্ষার আগেই হের কুর কুরানি পরে কিছুই না,পরীক্ষার আগেই হের কুর কুরানি পরে কিছুই না,2,0.7974841700131245
5 Post June 2026,5_post_june_2026,682,Mr. World wide,mr world wide,3,0.5980431375572759
5 Post June 2026,5_post_june_2026,683,বাঁশ,বাঁশ,0,0.598313122900412
5 Post June 2026,5_post_june_2026,684,Goya mara gase ajk,goya mara gase ajk,0,0.2
5 Post June 2026,5_post_june_2026,685,সিসিটিভি লাগাতে অনেক পারিশ্রমিক দিতে হবে অনেক খরচ হবে তার চাইতে ভালো হবে শিক্ষকদের করা নজর এবং ম্যাজিস্ট্রেটদের করা নজর দিতে হবে,সিসিটিভি লাগাতে অনেক পারিশ্রমিক দিতে হবে অনেক খরচ হবে তার চাইতে ভালো হবে শিক্ষকদের করা নজর এবং ম্যাজিস্ট্রেটদের করা নজর দিতে হবে,4,0.9177512574060348
5 Post June 2026,5_post_june_2026,686,Taile ac er bebostao koiren,taile ac er bebostao koiren,2,0.40090468281965014
5 Post June 2026,5_post_june_2026,687,আর কিছু কি বাকি আছে,আর কিছু কি বাকি আছে,0,0.5986652904455602
5 Post June 2026,5_post_june_2026,688,Sajjadur Sajid,sajjadur sajid,0,0.2
5 Post June 2026,5_post_june_2026,689,এদিকে সিসি ক্যামেরা পরীক্ষা কেন্দ্র থেকে খুলে বাসায় নিয়ে আসার চিন্তা ভাবনা করা আমার বন্ধু Kamrul Hassan আর আমি,এদিকে সিসি ক্যামেরা পরীক্ষা কেন্দ্র থেকে খুলে বাসায় নিয়ে আসার চিন্তা ভাবনা করা আমার বন্ধু kamrul hassan আর আমি,2,0.9264367179028608
5 Post June 2026,5_post_june_2026,690,Shahariar Sajib be ready,shahariar sajib be ready,1,0.5977936572990861
5 Post June 2026,5_post_june_2026,691,Nay Em,nay em,0,0.2
5 Post June 2026,5_post_june_2026,693,sabbas,sabbas,0,0.2
5 Post June 2026,5_post_june_2026,694,Auto fail dilei to hoi ei sob er ki dorkar chilo,auto fail dilei to hoi ei sob er ki dorkar chilo,2,0.8999382720922187
5 Post June 2026,5_post_june_2026,695,"স্যার সকল সেন্টার পরীক্ষার জন্য উপজেলা ভিত্তিক আলাদা হল ভবন নির্মাণ করা হউক, শিক্ষাপ্রতিষ্ঠানে পরীক্রহলে হওয়াতে ক্লাসের মারাত্…",স্যার সকল সেন্টার পরীক্ষার জন্য উপজেলা ভিত্তিক আলাদা হল ভবন নির্মাণ করা হউক শিক্ষাপ্রতিষ্ঠানে পরীক্রহলে হওয়াতে ক্লাসের মারাত্,3,0.8972626484889604
5 Post June 2026,5_post_june_2026,696,ঢং দেইখা বাঁচি না,ঢং দেইখা বাঁচি না,0,0.2
5 Post June 2026,5_post_june_2026,697,বাথরুমে ও দেওয়া দরকার।,বাথরুমে ও দেওয়া দরকার,1,0.4112600149896037
5 Post June 2026,5_post_june_2026,698,Jekhane gush adan prodan hoi sekhane laga cc tv,jekhane gush adan prodan hoi sekhane laga cc tv,2,0.7333292510410565
5 Post June 2026,5_post_june_2026,699,Vot kendre dile ki hoto,vot kendre dile ki hoto,2,0.40130833659028786
5 Post June 2026,5_post_june_2026,700,Huga r current thik koren age tarpore CC camera lagaiyen ... current na thakle oida lagaiya lav ase kono? Student ra one hour …,huga r current thik koren age tarpore cc camera lagaiyen current na thakle oida lagaiya lav ase kono student ra one hour,2,0.9384065937592988
5 Post June 2026,5_post_june_2026,701,বিএনপির কোন পতন হলে সবার আগে আমি মারবো মিলনরে,বিএনপির কোন পতন হলে সবার আগে আমি মারবো মিলনরে,1,0.8374483294011026
5 Post June 2026,5_post_june_2026,702,মিলন সাহেব ভালো করে পড়ো,মিলন সাহেব ভালো করে পড়ো,4,0.7310811089217559
5 Post June 2026,5_post_june_2026,703,"বেড়ায় বেগুন খেলে করার কিছু থাকে না নাম শুধু বেড়া,",বেড়ায় বেগুন খেলে করার কিছু থাকে না নাম শুধু বেড়া,0,0.8361780652260173
5 Post June 2026,5_post_june_2026,704,Abdul Kaium Zihad,abdul kaium zihad,0,0.2
5 Post June 2026,5_post_june_2026,705,পরীক্ষার হলে সিসি ক্যামেরা লাগানো বাচ্চাদের উপর একটা মানসিক টর্চার,পরীক্ষার হলে সিসি ক্যামেরা লাগানো বাচ্চাদের উপর একটা মানসিক টর্চার,2,0.8835269999168794
5 Post June 2026,5_post_june_2026,706,Afrin Ahmed Jui,afrin ahmed jui,4,0.5999734012272238
5 Post June 2026,5_post_june_2026,707,Marjana Akter Mona,marjana akter mona,2,0.5987289962087547
5 Post June 2026,5_post_june_2026,708,কারেন্টই তো থাকে না।,কারেন্টই তো থাকে না,2,0.5957624909594051
5 Post June 2026,5_post_june_2026,709,শুধু কক্ষে কেন সবার সাথে একটা করে লাগা মুখটা খারাপ করলাম না,শুধু কক্ষে কেন সবার সাথে একটা করে লাগা মুখটা খারাপ করলাম না,3,0.7247874193465179
5 Post June 2026,5_post_june_2026,710,Dhon hoyeche tate,dhon hoyeche tate,0,0.2
5 Post June 2026,5_post_june_2026,711,Areeb Elshayen or sauar moddhe ci ci camera dhukai dite parbi nh??,areeb elshayen or sauar moddhe ci ci camera dhukai dite parbi nh,2,0.7998557727592448
5 Post June 2026,5_post_june_2026,712,অযথা খরচ এটা,অযথা খরচ এটা,2,0.5995982321289977
5 Post June 2026,5_post_june_2026,713,Bessar beta j,bessar beta j,0,0.2
5 Post June 2026,5_post_june_2026,714,কী সুন্দর শিক্ষা ব্যাবস্থা। তিনি না শিক্ষামন্ত্রী কই শিক্ষার মান উন্নয়ন তো মোটেও করলো না উনি পড়ে আছেন পরিক্ষা নিয়ে। এর পদবিটা …,কী সুন্দর শিক্ষা ব্যাবস্থা তিনি না শিক্ষামন্ত্রী কই শিক্ষার মান উন্নয়ন তো মোটেও করলো না উনি পড়ে আছেন পরিক্ষা নিয়ে এর পদবিটা,0,0.9377115289683925
5 Post June 2026,5_post_june_2026,715,প্লিজ দয়া করে একটা গুপরো দিবেন সবাই হেলমেট। সাথে দিয়া পরিখা দিবে আর এসি দিবেন,প্লিজ দয়া করে একটা গুপরো দিবেন সবাই হেলমেট সাথে দিয়া পরিখা দিবে আর এসি দিবেন,4,0.45290547640288337
5 Post June 2026,5_post_june_2026,716,ভাবতেছি সিসি ক্যামেরার দোকান দিমু,ভাবতেছি সিসি ক্যামেরার দোকান দিমু,2,0.7333266043041561
5 Post June 2026,5_post_june_2026,717,পরীক্ষার্থী জেলখানার কয়েদী,পরীক্ষার্থী জেলখানার কয়েদী,0,0.2
5 Post June 2026,5_post_june_2026,718,"তার চেয়ে আমাদের পিছন দিয়ে ডিম দাও,, চুদানি পো",তার চেয়ে আমাদের পিছন দিয়ে ডিম দাও চুদানি পো,4,0.8380655691779159
5 Post June 2026,5_post_june_2026,719,ei beday ki one kind of bokacoda naki vai bar bar eki kotha bole kn,ei beday ki one kind of bokacoda naki vai bar bar eki kotha bole kn,2,0.8003824774550021
5 Post June 2026,5_post_june_2026,720,Mdrcd chay da ki,mdrcd chay da ki,2,0.5999983754121102
5 Post June 2026,5_post_june_2026,721,Student der ptkir moddhe dia den,student der ptkir moddhe dia den,4,0.8374767658009248
5 Post June 2026,5_post_june_2026,722,অধিকাংশ তথাকথিত শিক্ষার্থী পরীক্ষায় চলে না কোন প্রকার পড়াশোনা না করে। এদের কপালে এখন শনি আছে।,অধিকাংশ তথাকথিত শিক্ষার্থী পরীক্ষায় চলে না কোন প্রকার পড়াশোনা না করে এদের কপালে এখন শনি আছে,3,0.6104353239212182
5 Post June 2026,5_post_june_2026,723,O ki pagol naki Education system thik na kore exam hall a cctv lagaite bole …,o ki pagol naki education system thik na kore exam hall a cctv lagaite bole,2,0.9333322744661454
5 Post June 2026,5_post_june_2026,724,চ*দলিং ওং,চ দলিং ওং,0,0.2
5 Post June 2026,5_post_june_2026,725,"Eida Americar dalal, part of the plan",eida americar dalal part of the plan,4,0.6408761751110374
5 Post June 2026,5_post_june_2026,726,এর মতো বাচাল কোনো শিক্ষা মন্ত্রী দেখি নি,এর মতো বাচাল কোনো শিক্ষা মন্ত্রী দেখি নি,4,0.6448625879843629
5 Post June 2026,5_post_june_2026,727,পরিখখা হোল আয়না ঘর,পরিখখা হোল আয়না ঘর,0,0.5978293041149462
5 Post June 2026,5_post_june_2026,728,কাকু তোমার হায়াত এই ৫ বছর শেষ,কাকু তোমার হায়াত এই বছর শেষ,2,0.6392050505081276
5 Post June 2026,5_post_june_2026,729,টাকা কে দিবে ভাই,টাকা কে দিবে ভাই,3,0.7987279784183756
5 Post June 2026,5_post_june_2026,730,ক্যামেরা পুট’কিতে জেনারেটর লাগাইয়েন। সোনার দেশে বিদ্যুৎ থাকে না।,ক্যামেরা পুট কিতে জেনারেটর লাগাইয়েন সোনার দেশে বিদ্যুৎ থাকে না,2,0.4944281479597891
5 Post June 2026,5_post_june_2026,731,একটা কথা কতবার বলে? আর এদিকে রেজিস্ট্রেশন কার্ড নিয়ে একটার পর একটা ভেজাল শুরু করছে।…,একটা কথা কতবার বলে আর এদিকে রেজিস্ট্রেশন কার্ড নিয়ে একটার পর একটা ভেজাল শুরু করছে,3,0.8848901051085533
5 Post June 2026,5_post_june_2026,732,Sir der kopale ekta koira lagaile aro vhalo hoy,sir der kopale ekta koira lagaile aro vhalo hoy,2,0.507002511980841
5 Post June 2026,5_post_june_2026,733,শালা আমার বালের শিক্ষা মন্ত্রী হইছে দেখায় যে সে একজন বড় বাল পরীক্ষা নিয়ে বড় ছিড়ে ফেলবে দেশের,শালা আমার বালের শিক্ষা মন্ত্রী হইছে দেখায় যে সে একজন বড় বাল পরীক্ষা নিয়ে বড় ছিড়ে ফেলবে দেশের,2,0.6659046943671061
5 Post June 2026,5_post_june_2026,734,এই বাল ই ফালাইবা,এই বাল ই ফালাইবা,1,0.595473366171046
5 Post June 2026,5_post_june_2026,735,১ বছর আগে থেকে শুনতেছি,বছর আগে থেকে শুনতেছি,3,0.5959446669511437
5 Post June 2026,5_post_june_2026,736,শিক্ষকদের আচরণ মার্জিত করার চেষ্টা করেন। অশালীন আচরণ করা লোক কখনো শিক্ষক হওয়ার যোগ্য না।,শিক্ষকদের আচরণ মার্জিত করার চেষ্টা করেন অশালীন আচরণ করা লোক কখনো শিক্ষক হওয়ার যোগ্য না,3,0.47689968512883335
5 Post June 2026,5_post_june_2026,737,মিসাইল এর ব্যবস্থা করেন আরও ভালো হবে,মিসাইল এর ব্যবস্থা করেন আরও ভালো হবে,4,0.7971766047360989
5 Post June 2026,5_post_june_2026,738,"তাতে বা*ল ছেড়া যাইবো, পোলাপান অনেক এডভান্স নকল না করলেও দেখা দেখি করবোই, আর না হলে সামনের নির্বাচনে দেখা হবে মিলন কাকু",তাতে বা ল ছেড়া যাইবো পোলাপান অনেক এডভান্স নকল না করলেও দেখা দেখি করবোই আর না হলে সামনের নির্বাচনে দেখা হবে মিলন কাকু,4,0.5963592647517368
5 Post June 2026,5_post_june_2026,739,এসব দেশে কি হচ্ছে খালি পরীক্ষায় খালি কঠিন করছে পড়ালেখা ঠিক না করে শুধু শুধু পরীক্ষাই কঠিন করছে সিসি ক্যামেরা লাগাচ্ছে বডি ক্…,এসব দেশে কি হচ্ছে খালি পরীক্ষায় খালি কঠিন করছে পড়ালেখা ঠিক না করে শুধু শুধু পরীক্ষাই কঠিন করছে সিসি ক্যামেরা লাগাচ্ছে বডি ক্,2,0.4946937803652042
5 Post June 2026,5_post_june_2026,740,শিক্ষাব্যবস্থা ঠিক নাই পরীক্ষার ব্যবস্থা নিয়া যত মাতামাতি,শিক্ষাব্যবস্থা ঠিক নাই পরীক্ষার ব্যবস্থা নিয়া যত মাতামাতি,2,0.8646992425579013
5 Post June 2026,5_post_june_2026,741,হেডা,হেডা,2,0.5999805511750743
5 Post June 2026,5_post_june_2026,742,ধুর হালা আবাল,ধুর হালা আবাল,0,0.7966167570702106
5 Post June 2026,5_post_june_2026,743,সিসি ক্যামেরা ব্যবসায়িদের সাথে চুক্তি সম্পন্য ।। টেকাই টেকা ।।,সিসি ক্যামেরা ব্যবসায়িদের সাথে চুক্তি সম্পন্য টেকাই টেকা,2,0.7333314869872206
5 Post June 2026,5_post_june_2026,744,Lagan ja Mondor ta koren,lagan ja mondor ta koren,2,0.7999938589917448
5 Post June 2026,5_post_june_2026,745,"জীবনে অনেক পাগল দেখছি কিন্তু মিলনের মতো জঘন্য, মারাত্মক পাগল দেখি নাই ,,,",জীবনে অনেক পাগল দেখছি কিন্তু মিলনের মতো জঘন্য মারাত্মক পাগল দেখি নাই,4,0.8992029948028935
5 Post June 2026,5_post_june_2026,746,Min Has Mahmud Emon good night baba,min has mahmud emon good night baba,3,0.4001131155998349
5 Post June 2026,5_post_june_2026,747,াজপুর বোর্ডের সমস্ত ছাত্র-ছাত্রীদের সাধারণ একটা QR এর মধ্যে সবার ভুল করে রাখে দিছে তার উপর আবার এখন এইগুলা বাহ অনেক ভালো,াজপুর বোর্ডের সমস্ত ছাত্র ছাত্রীদের সাধারণ একটা qr এর মধ্যে সবার ভুল করে রাখে দিছে তার উপর আবার এখন এইগুলা বাহ অনেক ভালো,4,0.5968515087141556
5 Post June 2026,5_post_june_2026,748,হাইরে বীরশ্রেষ্ঠের বাংলাদেশ,হাইরে বীরশ্রেষ্ঠের বাংলাদেশ,0,0.599171616995158
5 Post June 2026,5_post_june_2026,749,হাজার হাজার টাকা লুট হয় সেদিগে কিছু হয়না চাকরি দিতে পারেন না আবার ক্যামেরা বসাবে বড় উন্নতি করবে ওরে মানা হর।,হাজার হাজার টাকা লুট হয় সেদিগে কিছু হয়না চাকরি দিতে পারেন না আবার ক্যামেরা বসাবে বড় উন্নতি করবে ওরে মানা হর,3,0.5669997979065663
5 Post June 2026,5_post_june_2026,750,তার মারে পোন্দাই,তার মারে পোন্দাই,0,0.2
5 Post June 2026,5_post_june_2026,751,Vu*skir pula moreo na,vu skir pula moreo na,2,0.5999980771358838
5 Post June 2026,5_post_june_2026,752,MD Emon Shekih বড় ভাই টুকি,md emon shekih বড় ভাই টুকি,4,0.8377277882266435
5 Post June 2026,5_post_june_2026,753,এই বাল ছাড়া আর কোন কথা নাই,এই বাল ছাড়া আর কোন কথা নাই,3,0.8376883847443188
5 Post June 2026,5_post_june_2026,754,Md Asif Islam পরীক্ষাকেন্দ্র …,md asif islam পরীক্ষাকেন্দ্র,0,0.39966812739878005
5 Post June 2026,5_post_june_2026,755,আগে চুর ওতায়া খাইয়া গেছইন এখন তুমি আইছো সিসি কেমেরা লাগাইতায় আরো বেশি টেকা মারার ধান্দা,আগে চুর ওতায়া খাইয়া গেছইন এখন তুমি আইছো সিসি কেমেরা লাগাইতায় আরো বেশি টেকা মারার ধান্দা,3,0.692233783475562
5 Post June 2026,5_post_june_2026,756,বাথরুমেও লাগিয়ে দিয়েন!,বাথরুমেও লাগিয়ে দিয়েন,2,0.40044732225282104
5 Post June 2026,5_post_june_2026,757,জাতীয় নির্বাচনেও এতো কঠোরতা ছিল না।,জাতীয় নির্বাচনেও এতো কঠোরতা ছিল না,4,0.7307804083434988
5 Post June 2026,5_post_june_2026,758,পাগলামির একটা সীমা থাকা দরকার,পাগলামির একটা সীমা থাকা দরকার,2,0.7317024041153134
5 Post June 2026,5_post_june_2026,759,MA RU F etare keso gor etar mote pakkar de,ma ru f etare keso gor etar mote pakkar de,2,0.5999805376937356
5 Post June 2026,5_post_june_2026,760,ও না করে আমাদের কইরে দেও আস্তে করে,ও না করে আমাদের কইরে দেও আস্তে করে,0,0.2
5 Post June 2026,5_post_june_2026,761,"অথচ,দেশের চুরি,ছিনতাই ধরতে ভাবা হবেনা।",অথচ দেশের চুরি ছিনতাই ধরতে ভাবা হবেনা,1,0.8655926102150866
5 Post June 2026,5_post_june_2026,762,এই চ্যাটের বা**ল তো চুরি হয়ে যায়,এই চ্যাটের বা ল তো চুরি হয়ে যায়,1,0.5501256408693252
5 Post June 2026,5_post_june_2026,763,আপনার পাচার মধ্যে একটা লাগান,আপনার পাচার মধ্যে একটা লাগান,2,0.5989207764659157
5 Post June 2026,5_post_june_2026,764,এটাকেই বলে কাজ করে ইনকাম করা।,এটাকেই বলে কাজ করে ইনকাম করা,4,0.3996989838338939
5 Post June 2026,5_post_june_2026,765,এইসব বলে বলে ছাত্রদের চোর আর আপনি পুলিশ এসব বুঝাতে চান? মন্ত্রী মহোদয়ের কাজ কী এসব?,এইসব বলে বলে ছাত্রদের চোর আর আপনি পুলিশ এসব বুঝাতে চান মন্ত্রী মহোদয়ের কাজ কী এসব,4,0.6059465885847233
5 Post June 2026,5_post_june_2026,766,"হুট করে এই অর্থ জোগান দেবে কোথা থেকে,এমনিতেই সরকার কে সংকট মোকাবেলা করে চলতে হচেছ, রাতারাতি-৪০ বছরের চোর কে সাধু বানা কি সম্ভব ?",হুট করে এই অর্থ জোগান দেবে কোথা থেকে এমনিতেই সরকার কে সংকট মোকাবেলা করে চলতে হচেছ রাতারাতি বছরের চোর কে সাধু বানা কি সম্ভব,4,0.7417278859088968
5 Post June 2026,5_post_june_2026,767,এখন টাকা খরচ হচ্ছে না মনে হয়। নির্বাচনের আগে যখন বলা হলো যেসব কেন্দ্রে ঝুঁকিপূর্ণ সেই জাইগা গুলতে সিসিটিভি ক্যামেরা লাগানো হ…,এখন টাকা খরচ হচ্ছে না মনে হয় নির্বাচনের আগে যখন বলা হলো যেসব কেন্দ্রে ঝুঁকিপূর্ণ সেই জাইগা গুলতে সিসিটিভি ক্যামেরা লাগানো হ,2,0.9096489107212462
5 Post June 2026,5_post_june_2026,768,"টাকা টা কোথায় থেকে আসে,,,,,বরাদ্দ দিয়ে দেন,,,,,মাননীয় মন্ত্রী মহোদয়",টাকা টা কোথায় থেকে আসে বরাদ্দ দিয়ে দেন মাননীয় মন্ত্রী মহোদয়,4,0.4544188301799903
5 Post June 2026,5_post_june_2026,769,Bamboo is coming,bamboo is coming,4,0.5995293688824102
5 Post June 2026,5_post_june_2026,770,পাবনায় ভর্তি করাতে হবে।,পাবনায় ভর্তি করাতে হবে,0,0.7333220547276239
5 Post June 2026,5_post_june_2026,771,21 শতকে এসেও মিডিয়া হাইপ নিয়ে পড়ে আছে। উন্নত দেশে তো পরিক্ষা ই নেই তারা কিভাবে ডিল করে।…,শতকে এসেও মিডিয়া হাইপ নিয়ে পড়ে আছে উন্নত দেশে তো পরিক্ষা ই নেই তারা কিভাবে ডিল করে,0,0.750195719226611
5 Post June 2026,5_post_june_2026,772,"ডিভাইস পার্টি বা যারা চাকরির বা যেকোন পরীক্ষার প্রশ্ন কেনা বেচা করে তাদের না ধরে, আন্দাজি ছোট ছোট বাচ্চাগুলোর পিছনে পরছে",ডিভাইস পার্টি বা যারা চাকরির বা যেকোন পরীক্ষার প্রশ্ন কেনা বেচা করে তাদের না ধরে আন্দাজি ছোট ছোট বাচ্চাগুলোর পিছনে পরছে,2,0.9193447229823473
5 Post June 2026,5_post_june_2026,773,ছাত্রদের পিছনে না লেগে দেশে যে পরিমাণ দুর্নীতি হচ্ছে সেগুলোর দিকে নজর দেন,ছাত্রদের পিছনে না লেগে দেশে যে পরিমাণ দুর্নীতি হচ্ছে সেগুলোর দিকে নজর দেন,4,0.43960726455216864
5 Post June 2026,5_post_june_2026,774,কারন শিক্ষকরা এখন অন্ধ তাই চোখে দেখেনা এ জন্য সিসি ক্যামেরার ব্যবস্থা করেছে সরকার।,কারন শিক্ষকরা এখন অন্ধ তাই চোখে দেখেনা এ জন্য সিসি ক্যামেরার ব্যবস্থা করেছে সরকার,2,0.7380458063342864
5 Post June 2026,5_post_june_2026,775,AH Sami,ah sami,0,0.2
5 Post June 2026,5_post_june_2026,776,আজাইরা খরচ গার্ড দিলে কিসের সিসি টিভি লাগে ফালতু টাকা নষ্ট,আজাইরা খরচ গার্ড দিলে কিসের সিসি টিভি লাগে ফালতু টাকা নষ্ট,2,0.541399233825786
5 Post June 2026,5_post_june_2026,777,যে গতিতে যে নিয়মে লেখাপড়া চলছে চলতে দেন.. সি সি ক্যামরা ছিছি ক্যামরা এগুলা টাকার পুনমারার ফন্ধি। আর অতিবো দু:খের বিষয় আজ পর্যন…,যে গতিতে যে নিয়মে লেখাপড়া চলছে চলতে দেন সি সি ক্যামরা ছিছি ক্যামরা এগুলা টাকার পুনমারার ফন্ধি আর অতিবো দু খের বিষয় আজ পর্যন,4,0.9091800753007414
5 Post June 2026,5_post_june_2026,778,আবার পরীক্ষা,আবার পরীক্ষা,2,0.39995331043173343
5 Post June 2026,5_post_june_2026,779,ki lav? amago somoy o asilo hudai,ki lav amago somoy o asilo hudai,2,0.7999958339781802
5 Post June 2026,5_post_june_2026,780,Aisob na koira Koiya de. Sada khata joma diya aiya portam Aiya pori Aiya world cup ta dehe shanti te Codoner ki bal poram Sobar poukir modde camera lagaile balo hoi,aisob na koira koiya de sada khata joma diya aiya portam aiya pori aiya world cup ta dehe shanti te codoner ki bal poram sobar poukir modde camera lagaile balo hoi,2,0.8591970055556746
5 Post June 2026,5_post_june_2026,781,নটির বেটার মৃত্যু কামনা করি,নটির বেটার মৃত্যু কামনা করি,1,0.7972390485319298
5 Post June 2026,5_post_june_2026,782,টাকা খরচের জায়গা পাচ্ছে না?? সেইটাকা দিয়ে হাসপাতাল দেন।…,টাকা খরচের জায়গা পাচ্ছে না সেইটাকা দিয়ে হাসপাতাল দেন,4,0.6936630986098555
5 Post June 2026,5_post_june_2026,783,লাগা বাজেট 695 কোটি,লাগা বাজেট কোটি,2,0.7992553029441433
5 Post June 2026,5_post_june_2026,784,sikkharti der gu@ marar nirdesh co*+dna montrir,sikkharti der gu marar nirdesh co dna montrir,4,0.5990145191416896
5 Post June 2026,5_post_june_2026,785,না স্যার আমার লক্ষী মন্ত্রী আপনি এবারের মত সেখ হাসিনা হন প্লিজ,না স্যার আমার লক্ষী মন্ত্রী আপনি এবারের মত সেখ হাসিনা হন প্লিজ,3,0.606068818993973
5 Post June 2026,5_post_june_2026,786,Sharmin Akter আত্নার মাগফেরাত কামনা করছি…,sharmin akter আত্নার মাগফেরাত কামনা করছি,1,0.5502452321650619
5 Post June 2026,5_post_june_2026,787,আসসালামু আলাইকুম আমার আপুর ব্রেস্ট ক্যান্সার (stage 2)। দয়া করে আমার প্রফাইলের পোস্টটা শেয়ার করে । রিচ হচ্ছে না পোস্টটাতে…,আসসালামু আলাইকুম আমার আপুর ব্রেস্ট ক্যান্সার stage দয়া করে আমার প্রফাইলের পোস্টটা শেয়ার করে রিচ হচ্ছে না পোস্টটাতে,2,0.8393838653702905
5 Post June 2026,5_post_june_2026,788,O ki pagol naki Education system thik na kore exam hall a cctv lagaite bole Or mathay asolei onk boro plm ache pagol kotha kar,o ki pagol naki education system thik na kore exam hall a cctv lagaite bole or mathay asolei onk boro plm ache pagol kotha kar,2,0.949992490210038
5 Post June 2026,5_post_june_2026,789,Md Asif Islam পরীক্ষাকেন্দ্র হাওয়া ভবন,md asif islam পরীক্ষাকেন্দ্র হাওয়া ভবন,0,0.4399234578692781
5 Post June 2026,5_post_june_2026,790,"টাকা খরচের জায়গা পাচ্ছে না?? সেইটাকা দিয়ে হাসপাতাল দেন। এম,বি, এ আরা ইঞ্জিনিয়ার পাস করে ডি,সি অফিসের কেরানি হয় তার জন্য আবার সি,সি,ক্যামেরা।।",টাকা খরচের জায়গা পাচ্ছে না সেইটাকা দিয়ে হাসপাতাল দেন এম বি এ আরা ইঞ্জিনিয়ার পাস করে ডি সি অফিসের কেরানি হয় তার জন্য আবার সি সি ক্যামেরা,4,0.7297881422583959
5 Post June 2026,5_post_june_2026,791,Sharmin Akter আত্নার মাগফেরাত কামনা করছি একটু সেজেগুজে যাস ছবি ভালো উঠবে!!,sharmin akter আত্নার মাগফেরাত কামনা করছি একটু সেজেগুজে যাস ছবি ভালো উঠবে,4,0.8636586450467322
5 Post June 2026,5_post_june_2026,792,ওনি একজন মানুষ সব সময় খমতায় থাকে,ওনি একজন মানুষ সব সময় খমতায় থাকে,2,0.4495955571289276
5 Post June 2026,5_post_june_2026,793,হাসবো না করব,হাসবো না করব,3,0.5999766811493238
5 Post June 2026,5_post_june_2026,794,"মন থেকে ভালোবাসতাম এই ভদ্র লোকটাকে,,, কিন্তু বর্তমান কথার স্টাইলের কারণে ঘৃণা করতেও লজ্জা লাগে।",মন থেকে ভালোবাসতাম এই ভদ্র লোকটাকে কিন্তু বর্তমান কথার স্টাইলের কারণে ঘৃণা করতেও লজ্জা লাগে,0,0.5176149666120144
5 Post June 2026,5_post_june_2026,795,গত চার মাস তাহলে আমি মনে হয় ঘুমিয়ে ছিলাম,গত চার মাস তাহলে আমি মনে হয় ঘুমিয়ে ছিলাম,0,0.8630184356126788
5 Post June 2026,5_post_june_2026,796,বেশিক্ষণ হয় নাই মনে হয় খাইছে যে,বেশিক্ষণ হয় নাই মনে হয় খাইছে যে,4,0.7955936145946139
5 Post June 2026,5_post_june_2026,797,গুছিয়ে আনতে তো একটু সময় লাগবে কাকু,গুছিয়ে আনতে তো একটু সময় লাগবে কাকু,2,0.8350985894633071
5 Post June 2026,5_post_june_2026,798,আগামী ৫৬ মাসও এভাবে দেখতে চাই,আগামী মাসও এভাবে দেখতে চাই,1,0.837099553478929
5 Post June 2026,5_post_june_2026,799,বিদ্যুৎ নেই,বিদ্যুৎ নেই,3,0.5999983816043727
5 Post June 2026,5_post_june_2026,800,"লুট এর অর্থ, বু ঝে কি পার্থ ?",লুট এর অর্থ বু ঝে কি পার্থ,4,0.5521051378798878
5 Post June 2026,5_post_june_2026,801,"পাগল, চুরি কি খালি কলশ হবে?",পাগল চুরি কি খালি কলশ হবে,4,0.5480284682721097
5 Post June 2026,5_post_june_2026,802,কারণ খবর আমরাই তৈরি করি,কারণ খবর আমরাই তৈরি করি,4,0.7996123046815706
5 Post June 2026,5_post_june_2026,803,এই লোকটাকে অনেক ভালো লাগতো কিন্তু সে নিজেকে খুব স্মার্ট ভাবতে ভাবতে ..জোকার হইয়া যাচ্ছে,এই লোকটাকে অনেক ভালো লাগতো কিন্তু সে নিজেকে খুব স্মার্ট ভাবতে ভাবতে জোকার হইয়া যাচ্ছে,4,0.6877613234121942
5 Post June 2026,5_post_june_2026,804,জোকার পার্থ কে ধুয়ে দেয়ার জন্য ধন্যবাদ আপনাকে মাননীয় স্পিকার,জোকার পার্থ কে ধুয়ে দেয়ার জন্য ধন্যবাদ আপনাকে মাননীয় স্পিকার,0,0.3965631455763694
5 Post June 2026,5_post_june_2026,805,He just crossed all the limit of Chatachati.,he just crossed all the limit of chatachati,4,0.6410625670658174
5 Post June 2026,5_post_june_2026,806,আরে পার্থ ভাই আওয়ামী লীগের আমলে বলতেন বাংলাদেশের সব মিডিয়া চ্যানেল যে সরকার ক্ষমতায় আসে তাদের হয়ে কাজ করে তাদের গুণগান গায…,আরে পার্থ ভাই আওয়ামী লীগের আমলে বলতেন বাংলাদেশের সব মিডিয়া চ্যানেল যে সরকার ক্ষমতায় আসে তাদের হয়ে কাজ করে তাদের গুণগান গায,4,0.9420209079985147
5 Post June 2026,5_post_june_2026,807,গলাবাজি কি জিনিস দেখেন। আরেকজন আছেন ফজলুর রহমান।,গলাবাজি কি জিনিস দেখেন আরেকজন আছেন ফজলুর রহমান,4,0.5261017133024434
5 Post June 2026,5_post_june_2026,808,"চিনি চোরের পোলা এখন সংসদে বড় বড় কথা বলে,,",চিনি চোরের পোলা এখন সংসদে বড় বড় কথা বলে,3,0.8976216551933345
5 Post June 2026,5_post_june_2026,809,দালালের চোখে কাঠের চশমা পরছে,দালালের চোখে কাঠের চশমা পরছে,0,0.7331006993914904
5 Post June 2026,5_post_june_2026,810,হাধা-হা,হাধা হা,2,0.5999987834661933
5 Post June 2026,5_post_june_2026,811,"কথা তে দালালি আর চাটুকারিতা স্পষ্ট ভাবে ফুটে ঊঠেছে,,,???",কথা তে দালালি আর চাটুকারিতা স্পষ্ট ভাবে ফুটে ঊঠেছে,0,0.8389769163127255
5 Post June 2026,5_post_june_2026,812,ঋণ খেলাপিরাই তো ব্যাংক লুটের নেতারা সংসদে বসে আছে পার্থ সাহেব।,ঋণ খেলাপিরাই তো ব্যাংক লুটের নেতারা সংসদে বসে আছে পার্থ সাহেব,4,0.883372843530634
5 Post June 2026,5_post_june_2026,813,কথা বলতে পারলেই নেতা হওয়া যায় না,কথা বলতে পারলেই নেতা হওয়া যায় না,0,0.797768981090262
5 Post June 2026,5_post_june_2026,814,ভালো মানুষ যখন খারাপ হয় তখন তার রুপ এই রকম হয়,ভালো মানুষ যখন খারাপ হয় তখন তার রুপ এই রকম হয়,3,0.4974062160929561
5 Post June 2026,5_post_june_2026,815,আমার মনে হয় বর্তমান সময়ের সেরা চাটুকার,আমার মনে হয় বর্তমান সময়ের সেরা চাটুকার,1,0.8650596461873035
5 Post June 2026,5_post_june_2026,816,"এই শালাকে ভালো মনে করছিলাম,,এই আর এক পা চাটা....!!",এই শালাকে ভালো মনে করছিলাম এই আর এক পা চাটা,0,0.47868710414032545
5 Post June 2026,5_post_june_2026,817,বড়ো জোকার নায়েক,বড়ো জোকার নায়েক,1,0.5999989368035552
5 Post June 2026,5_post_june_2026,818,"আহা!!সাহাবা,,,,নিষ্পাপ সাহাবা।",আহা সাহাবা নিষ্পাপ সাহাবা,1,0.5975877283403634
5 Post June 2026,5_post_june_2026,819,4 মাসে ব্যাংক লুট হয়..? 4 মাসে ব্যাংক লুটের প্লান হয়।,মাসে ব্যাংক লুট হয় মাসে ব্যাংক লুটের প্লান হয়,2,0.8657548909603493
5 Post June 2026,5_post_june_2026,820,চার মাস হয়ে গেল এখনো বাচ্চুদের বিচার কাজ শুরু হলনা কেন?,চার মাস হয়ে গেল এখনো বাচ্চুদের বিচার কাজ শুরু হলনা কেন,4,0.49821022539895576
5 Post June 2026,5_post_june_2026,821,টাকাই তো নাই আজকেও বিশ্বব্যাংক টাকা দিলো দেশ চালাইতে,টাকাই তো নাই আজকেও বিশ্বব্যাংক টাকা দিলো দেশ চালাইতে,3,0.6388454109603439
5 Post June 2026,5_post_june_2026,822,বাচ্চুর বিচার করে না কেন,বাচ্চুর বিচার করে না কেন,1,0.599999356975593
5 Post June 2026,5_post_june_2026,823,লা লা,লা লা,3,0.7333150970107035
5 Post June 2026,5_post_june_2026,824,মোনাফেক তুই একটা আছিস রাসেদের পাশাপাশি,মোনাফেক তুই একটা আছিস রাসেদের পাশাপাশি,0,0.7328353665377594
5 Post June 2026,5_post_june_2026,825,ক্ষমতা যাদের ব্যাংক তাহলে দেখাবে কিভাবে,ক্ষমতা যাদের ব্যাংক তাহলে দেখাবে কিভাবে,0,0.6921426996859386
5 Post June 2026,5_post_june_2026,826,গলাবাজি করে এরাই দেশটাকে রসাতলে নিয়ে যাবে,গলাবাজি করে এরাই দেশটাকে রসাতলে নিয়ে যাবে,3,0.837276694331598
5 Post June 2026,5_post_june_2026,827,সালা কি অন্ধ নাকি,সালা কি অন্ধ নাকি,2,0.7992809177021801
5 Post June 2026,5_post_june_2026,828,আচ্ছা,আচ্ছা,2,0.5986502130570747
5 Post June 2026,5_post_june_2026,829,Doro batpar,doro batpar,0,0.2
5 Post June 2026,5_post_june_2026,830,ওদেরকে কিছু বললে আমরা নিজেরাই লজ্জা পাই,ওদেরকে কিছু বললে আমরা নিজেরাই লজ্জা পাই,0,0.733051639791625
5 Post June 2026,5_post_june_2026,831,চিনি চোরের ছেলে নাকি পার্থ মানুষে বলে,চিনি চোরের ছেলে নাকি পার্থ মানুষে বলে,3,0.7128200279513051
5 Post June 2026,5_post_june_2026,832,এই সমস্ত চাটুকারদের থামানো হউক না হলে ঘরের ইঁদুরে ঘর শেষ করতে সময় হবেনা,এই সমস্ত চাটুকারদের থামানো হউক না হলে ঘরের ইঁদুরে ঘর শেষ করতে সময় হবেনা,4,0.9092072627272951
5 Post June 2026,5_post_june_2026,833,চাটুকার দালাল পার্থ,চাটুকার দালাল পার্থ,0,0.5497267150619953
5 Post June 2026,5_post_june_2026,834,এই গুলোতো বের হবে ক্ষমতা যাওয়ার পরে..এখন কিছুই প্রকাশ হবে না...,এই গুলোতো বের হবে ক্ষমতা যাওয়ার পরে এখন কিছুই প্রকাশ হবে না,2,0.8632272554785895
5 Post June 2026,5_post_june_2026,835,টেলি সামাদ চেয়েও বড় জোকার,টেলি সামাদ চেয়েও বড় জোকার,1,0.798711373733877
5 Post June 2026,5_post_june_2026,836,Ai salare dekhlei rag hoi,ai salare dekhlei rag hoi,2,0.7333283465961731
5 Post June 2026,5_post_june_2026,837,আপনার বিশ্বাস আপনার কাছে আমার বিশ্বাস আমার কাছে। আমার বয়স ৪৫। আমার পড়াশোনার সময় ছেলে বন্ধু চেয়ে মেয়ের সংখ্যা বেশি ছিলো। কিন্ত…,আপনার বিশ্বাস আপনার কাছে আমার বিশ্বাস আমার কাছে আমার বয়স আমার পড়াশোনার সময় ছেলে বন্ধু চেয়ে মেয়ের সংখ্যা বেশি ছিলো কিন্ত,3,0.5139927250626025
5 Post June 2026,5_post_june_2026,838,নিরবের শব্দ চয়ন অনেক ভালো।,নিরবের শব্দ চয়ন অনেক ভালো,4,0.5964827645868636
5 Post June 2026,5_post_june_2026,839,"শেক্সপিয়র বলেছিলেন , ""একজন ছেলে কখনো একজন মেয়ের বন্ধু হতে পারে না, কারণ এখানে আবেগ আছে , দৈহিক আকাঙ্খা আছে । ""একই কথা বলেছ…",শেক্সপিয়র বলেছিলেন একজন ছেলে কখনো একজন মেয়ের বন্ধু হতে পারে না কারণ এখানে আবেগ আছে দৈহিক আকাঙ্খা আছে একই কথা বলেছ,3,0.7055636831016185
5 Post June 2026,5_post_june_2026,840,আপনারা অনেক অনেক সুন্দর কথা বলছেন। অনেক ধন্যবাদ,আপনারা অনেক অনেক সুন্দর কথা বলছেন অনেক ধন্যবাদ,0,0.4555050229735489
5 Post June 2026,5_post_june_2026,841,তেলের ভিতর লবন দিলে কিন্তু সেই লবন কিন্তু গলে না সো তোমার মন মন যে রকম উদাহরণ সেরকম,তেলের ভিতর লবন দিলে কিন্তু সেই লবন কিন্তু গলে না সো তোমার মন মন যে রকম উদাহরণ সেরকম,1,0.7866798917027052
5 Post June 2026,5_post_june_2026,842,"ব্রেক ফেইল চান্স ৯৯.৯৯% ,তবে একটু কনসার্ন হলে হয়তো সুন্দর একটা সম্পর্ক অবশ্যই সম্ভব।",ব্রেক ফেইল চান্স তবে একটু কনসার্ন হলে হয়তো সুন্দর একটা সম্পর্ক অবশ্যই সম্ভব,3,0.6852830347591716
5 Post June 2026,5_post_june_2026,843,"আসসালামু আলাইকুম, আপনাদের ভিডিওগুলো কারণ আপনারা যে কথা গুলো বলেন বাস্তবতা নিয়ে বলেন, তবে যদি রাগ না করেন তাহলে একটি কথা বলবো,…",আসসালামু আলাইকুম আপনাদের ভিডিওগুলো কারণ আপনারা যে কথা গুলো বলেন বাস্তবতা নিয়ে বলেন তবে যদি রাগ না করেন তাহলে একটি কথা বলবো,2,0.8294554704879638
5 Post June 2026,5_post_june_2026,844,"আপনার কথার সাথে আমি একমত আমি বিশ্বাস করি একজন ছেলে এবং একজন মেয়ে কখনোই ভালো বন্ধু কিংবা বেস্ট ফ্রেন্ড হতে পারে না,চাহিদা থাকব…",আপনার কথার সাথে আমি একমত আমি বিশ্বাস করি একজন ছেলে এবং একজন মেয়ে কখনোই ভালো বন্ধু কিংবা বেস্ট ফ্রেন্ড হতে পারে না চাহিদা থাকব,3,0.4463538343706968
5 Post June 2026,5_post_june_2026,845,"এই কথাগুলোই বলেছিলেন আল্লামা আহমদ শফী রহ: ,, কিন্তু পরিশেষে উনাকে তিরস্কার করে তেঁতুল হুজুর নাম দেওয়া হয়েছিল। আমরা বাঙালি আম…",এই কথাগুলোই বলেছিলেন আল্লামা আহমদ শফী রহ কিন্তু পরিশেষে উনাকে তিরস্কার করে তেঁতুল হুজুর নাম দেওয়া হয়েছিল আমরা বাঙালি আম,1,0.4719497908457905
5 Post June 2026,5_post_june_2026,846,"পারে, না।কারণ সময়ে মানুষ বদলায়। আর এটা স্বাভাবিক, সময় মনের নিয়ন্ত্রণ নিয়ে নেয়।",পারে না কারণ সময়ে মানুষ বদলায় আর এটা স্বাভাবিক সময় মনের নিয়ন্ত্রণ নিয়ে নেয়,3,0.6912446020497501
5 Post June 2026,5_post_june_2026,847,হ্যাঁ ভাই অত্যন্ত সুন্দর করে বলেছেন অসংখ্য ধন্যবাদ ভালোবাসা রইলো সবসময়,হ্যাঁ ভাই অত্যন্ত সুন্দর করে বলেছেন অসংখ্য ধন্যবাদ ভালোবাসা রইলো সবসময়,0,0.5477794728845325
5 Post June 2026,5_post_june_2026,848,বেস্ট ফ্রেন্ড মে হয় যদি আপনার মন মানসিকতা ভালো থাকে।,বেস্ট ফ্রেন্ড মে হয় যদি আপনার মন মানসিকতা ভালো থাকে,0,0.8835244518267449
5 Post June 2026,5_post_june_2026,849,আপনার যুক্তি গুলো খুব সুন্দর।,আপনার যুক্তি গুলো খুব সুন্দর,0,0.7323633816608212
5 Post June 2026,5_post_june_2026,850,তার শরির পেটের দেখে তার প্রশন উত্তর শুনুন,তার শরির পেটের দেখে তার প্রশন উত্তর শুনুন,3,0.7329837239718557
5 Post June 2026,5_post_june_2026,851,এটা ১০০% সত্যি কথা,এটা সত্যি কথা,3,0.5977958127770102
5 Post June 2026,5_post_june_2026,852,অবশ্যই। এটাই আল্লাহ বলে দিছেন ১৪৫০ বছর আগে। এখন এরা নতুন করে আবিষ্কার করছে।…,অবশ্যই এটাই আল্লাহ বলে দিছেন বছর আগে এখন এরা নতুন করে আবিষ্কার করছে,1,0.5233858040066369
5 Post June 2026,5_post_june_2026,853,আর জে নীরব ভাই এই মেয়ে কে কিছু বলেন নি এইরকম অশ্লীল ভাবে নিজেকে উপস্থাপন করতে একটুও কি লজ্জা শরম লাগেনি,আর জে নীরব ভাই এই মেয়ে কে কিছু বলেন নি এইরকম অশ্লীল ভাবে নিজেকে উপস্থাপন করতে একটুও কি লজ্জা শরম লাগেনি,0,0.4895810528707467
5 Post June 2026,5_post_june_2026,854,নো হতে পারে না আর যারা বলে ছেলে এবং মেয়ের মাঝে বন্দু হয়। তা হলো নুংরামী বাট শুদুই নুংরামী।,নো হতে পারে না আর যারা বলে ছেলে এবং মেয়ের মাঝে বন্দু হয় তা হলো নুংরামী বাট শুদুই নুংরামী,3,0.9181809466322404
5 Post June 2026,5_post_june_2026,855,"ছেলে মেয়ে কোন ও বন্ধু হতে পারে না, ছেলে মেয়ে বন্ধু মানেই টাপাটাপ",ছেলে মেয়ে কোন ও বন্ধু হতে পারে না ছেলে মেয়ে বন্ধু মানেই টাপাটাপ,3,0.9269541537681552
5 Post June 2026,5_post_june_2026,856,"মুখে যতই জাস্ট ফ্রেন্ড বলি একটা সময় সেইটা অতিক্রম হয়ে যায় , দুজন দুজনের প্রতি একটা দৈহিক আর্কষন করবেই এইটা ১০০% সত্য। সো একটা …",মুখে যতই জাস্ট ফ্রেন্ড বলি একটা সময় সেইটা অতিক্রম হয়ে যায় দুজন দুজনের প্রতি একটা দৈহিক আর্কষন করবেই এইটা সত্য সো একটা,0,0.5084334657475719
5 Post June 2026,5_post_june_2026,857,আমার ছোট পরিবার সবাই ঘুরে আসবেন,আমার ছোট পরিবার সবাই ঘুরে আসবেন,1,0.7964469488688103
5 Post June 2026,5_post_june_2026,858,আপনার কথাগুলো খুব সুন্দর খুব সুন্দর করে বোঝাতে পারেন।,আপনার কথাগুলো খুব সুন্দর খুব সুন্দর করে বোঝাতে পারেন,0,0.839020924434206
5 Post June 2026,5_post_june_2026,859,চমৎকার কথা ভাই ধন্যবাদ,চমৎকার কথা ভাই ধন্যবাদ,3,0.44139547969601206
5 Post June 2026,5_post_june_2026,860,Many many thanks for good better best answer.,many many thanks for good better best answer,0,0.8837300395618863
5 Post June 2026,5_post_june_2026,861,ভাই আপনার ভিডিও গুলো খুব ভালো লাগে আমার,ভাই আপনার ভিডিও গুলো খুব ভালো লাগে আমার,3,0.8373118993641179
5 Post June 2026,5_post_june_2026,862,ধন্যবাদ ভাই,ধন্যবাদ ভাই,0,0.7301846867140811
5 Post June 2026,5_post_june_2026,863,"ভাই আপনাকে অনেক অনেক ধন্যবাদ, সুন্দর উত্তর দেয়ার জন্য",ভাই আপনাকে অনেক অনেক ধন্যবাদ সুন্দর উত্তর দেয়ার জন্য,0,0.5038744207163574
5 Post June 2026,5_post_june_2026,864,একজন স্ত্রীর বেষ্ট ফেন্ড তার স্বামী,একজন স্ত্রীর বেষ্ট ফেন্ড তার স্বামী,3,0.7333175607718571
5 Post June 2026,5_post_june_2026,865,"লুচ্চামি।নিয়মিত বন্ধুর সাথে আলাপ,মনের কষ্ট পরিবারের সদস্যদের শেয়ার না করে বন্ধুর সঙ্গে শেয়ার ১০০% লুচ্চামি। মোশাররফ করিম এর এ…",লুচ্চামি নিয়মিত বন্ধুর সাথে আলাপ মনের কষ্ট পরিবারের সদস্যদের শেয়ার না করে বন্ধুর সঙ্গে শেয়ার লুচ্চামি মোশাররফ করিম এর এ,2,0.8994556755369427
5 Post June 2026,5_post_june_2026,866,সেটার জন্য ছেলেদেরই শারিরীক চাহিদা থাকে কারন আল্লাহ ছেলেদের ওইরমন মানসিকতা দিয়ে তৈরি করেছেন। যদি ওই ছেলের মধ্যে ওই বিষয়গুলো ন…,সেটার জন্য ছেলেদেরই শারিরীক চাহিদা থাকে কারন আল্লাহ ছেলেদের ওইরমন মানসিকতা দিয়ে তৈরি করেছেন যদি ওই ছেলের মধ্যে ওই বিষয়গুলো ন,2,0.6400831399412409
5 Post June 2026,5_post_june_2026,867,কারো জদি জিন জাদুর চিকিৎসা দরকার হয় এখানে যোগাযোগ করতে পারেন https://www.facebook.com/share/1JJ61wPEcH/,কারো জদি জিন জাদুর চিকিৎসা দরকার হয় এখানে যোগাযোগ করতে পারেন,0,0.4223415918091666
5 Post June 2026,5_post_june_2026,868,শুভ দুপুর অসাধারণ বলেছেন ভাই ভিডিও ভালো লাগছে দোয়া ও ভালোবাসা রইলো আমার পক্ষ থেকে,শুভ দুপুর অসাধারণ বলেছেন ভাই ভিডিও ভালো লাগছে দোয়া ও ভালোবাসা রইলো আমার পক্ষ থেকে,3,0.47926478081791474
5 Post June 2026,5_post_june_2026,869,*বাড়িতে বসে ফর্ম ফিলাপের কাজ। *এছাড়া আরও কাজ রয়েছে।…,বাড়িতে বসে ফর্ম ফিলাপের কাজ এছাড়া আরও কাজ রয়েছে,3,0.48424754800926006
5 Post June 2026,5_post_june_2026,870,ভাই ঠিক বলেছেন কেউ পছন্দ করুক বা না করুক এটাই বাস্তবতা,ভাই ঠিক বলেছেন কেউ পছন্দ করুক বা না করুক এটাই বাস্তবতা,0,0.5239432980536864
5 Post June 2026,5_post_june_2026,871,ছেলে এবং মেয়ে চুম্বোকের বিপরিত মেরু যা একে অন ্যকে আকর্ষন করে অতএব ছেলে এবং মেয়েদের নিরাপদ দূরত্বে অবস্থান করা উচিৎ।,ছেলে এবং মেয়ে চুম্বোকের বিপরিত মেরু যা একে অন ্যকে আকর্ষন করে অতএব ছেলে এবং মেয়েদের নিরাপদ দূরত্বে অবস্থান করা উচিৎ,3,0.6002227035719119
5 Post June 2026,5_post_june_2026,872,কোন ছেলে মেয়ের কোন সুন্দর সম্পর্ক থাকতে পারেনা বেষ্ট ফ্রেন্ড তো নয় একমাত্র আপন ভাই বোন স্বামী স্ত্রী …,কোন ছেলে মেয়ের কোন সুন্দর সম্পর্ক থাকতে পারেনা বেষ্ট ফ্রেন্ড তো নয় একমাত্র আপন ভাই বোন স্বামী স্ত্রী,3,0.9462850138624922
5 Post June 2026,5_post_june_2026,873,ঠিক কথা বলেছেন,ঠিক কথা বলেছেন,2,0.7333325077222844
5 Post June 2026,5_post_june_2026,874,সহমত প্রকাশ করছি,সহমত প্রকাশ করছি,1,0.5502668575524047
5 Post June 2026,5_post_june_2026,875,এইটা কোন মেয়েকে বলতে গেলে সে কখনো মানতে রাজি না,এইটা কোন মেয়েকে বলতে গেলে সে কখনো মানতে রাজি না,1,0.6540319860504309
5 Post June 2026,5_post_june_2026,876,আপনার নাভী দেখা যায়,আপনার নাভী দেখা যায়,4,0.5992717006445738
5 Post June 2026,5_post_june_2026,877,"ভাই, আপনাদের অনেকে ভালোবাসে, অনেকে অনেক কিছু শিখে...। ভাই একটু অনুরোধ থাকবে ভাবীকে একটু স্বাভাবিক পোষাকে নিয়ে আসবেন, ভাবীর পুর…",ভাই আপনাদের অনেকে ভালোবাসে অনেকে অনেক কিছু শিখে ভাই একটু অনুরোধ থাকবে ভাবীকে একটু স্বাভাবিক পোষাকে নিয়ে আসবেন ভাবীর পুর,3,0.925635322754918
5 Post June 2026,5_post_june_2026,878,"একটা ছেলে আর একটা মেয়ে কোনো ও বন্ধু হতে পারেনা পারেনা পারেনা,,,।।।।",একটা ছেলে আর একটা মেয়ে কোনো ও বন্ধু হতে পারেনা পারেনা পারেনা,3,0.9107817581547105
5 Post June 2026,5_post_june_2026,879,যাদের এই ধরনের বেস্ট ফ্রেন্ড আছে তারা এক নম্বর লুচ্চা। মেয়েছেলে কখনোই বেস্ট ফ্রেন্ড হতে পারে না যাদের আছে ওদের মা বাবাও লুচ্চ…,যাদের এই ধরনের বেস্ট ফ্রেন্ড আছে তারা এক নম্বর লুচ্চা মেয়েছেলে কখনোই বেস্ট ফ্রেন্ড হতে পারে না যাদের আছে ওদের মা বাবাও লুচ্চ,0,0.937813713881019
5 Post June 2026,5_post_june_2026,880,"আপনাদের কথা গুলো সত্যিই খুবই অসাধারণ , আপনাদের প্রত্যেকটা প্রোগ্রাম আমি অনেক গ্রুপ্তসহকারে দেখি কিন্তু এগুলো একটু কন্ট্রোল কর…",আপনাদের কথা গুলো সত্যিই খুবই অসাধারণ আপনাদের প্রত্যেকটা প্রোগ্রাম আমি অনেক গ্রুপ্তসহকারে দেখি কিন্তু এগুলো একটু কন্ট্রোল কর,3,0.7246559905701083
5 Post June 2026,5_post_june_2026,881,বেস্টি রাই খেয়ে বাকিটা জামাইয়ের জন্যে রেখে দেয়...হ্যা এটাই বাস্তব সত্য,বেস্টি রাই খেয়ে বাকিটা জামাইয়ের জন্যে রেখে দেয় হ্যা এটাই বাস্তব সত্য,0,0.676072810112855
5 Post June 2026,5_post_june_2026,882,ছেলে আর মেয়ে কখনো ভালো বন্ধু হতে পারে না।It's Right.,ছেলে আর মেয়ে কখনো ভালো বন্ধু হতে পারে না it s right,3,0.8067073431295725
5 Post June 2026,5_post_june_2026,883,ঠিক ঠিক ঠিক ঠিক ঠিক ঠিক ঠিক ঠিক ঠিক ঠিক ঠিক ঠিক ঠিক ঠিক ঠিক ঠিক ঠিক ঠিক ঠিক ঠিক ঠিক ঠিক ঠিক ঠিক ঠিক ঠিক ঠিক ঠিক ঠিক ঠিক ঠিক ঠি…,ঠিক ঠিক ঠিক ঠিক ঠিক ঠিক ঠিক ঠিক ঠিক ঠিক ঠিক ঠিক ঠিক ঠিক ঠিক ঠিক ঠিক ঠিক ঠিক ঠিক ঠিক ঠিক ঠিক ঠিক ঠিক ঠিক ঠিক ঠিক ঠিক ঠিক ঠিক ঠি,2,0.9749999752231926
5 Post June 2026,5_post_june_2026,884,সবাই ফলো দিয়েন ইনশাআল্লাহ BACK To BACK 100% …,সবাই ফলো দিয়েন ইনশাআল্লাহ back to back,1,0.5035379266552572
5 Post June 2026,5_post_june_2026,885,"এটা একদম সত্যি ঘটনা , কারণ আমি স্পষ্ট মনে করতে পারি, যখন আমি আমাদের ছোট্ট শহরে নানুর বাড়িতে গিয়েছিলাম, উনি আমাকে এক গভীর …",এটা একদম সত্যি ঘটনা কারণ আমি স্পষ্ট মনে করতে পারি যখন আমি আমাদের ছোট্ট শহরে নানুর বাড়িতে গিয়েছিলাম উনি আমাকে এক গভীর,0,0.4066726467969355
5 Post June 2026,5_post_june_2026,886,কখনো ই না,কখনো ই না,3,0.5974175445946986
5 Post June 2026,5_post_june_2026,887,হুম আপনাকে অনেক ধন্যবাদ ভাইয়া সত্য কথা বলার জন্য,হুম আপনাকে অনেক ধন্যবাদ ভাইয়া সত্য কথা বলার জন্য,0,0.8666240901829819
5 Post June 2026,5_post_june_2026,888,na akdom na,na akdom na,2,0.7333322149715806
5 Post June 2026,5_post_june_2026,889,"ভাই আপনার কথা সবগুলাই ঠিক, আমি মান লাম কিন্তু আপনার সাথে যে মেয়েটা থাকে। তার পোশাক গুল কেমন হয়ে গেল না। যেন নরকে বসে বেহেশ্তের…",ভাই আপনার কথা সবগুলাই ঠিক আমি মান লাম কিন্তু আপনার সাথে যে মেয়েটা থাকে তার পোশাক গুল কেমন হয়ে গেল না যেন নরকে বসে বেহেশ্তের,4,0.738243382921241
5 Post June 2026,5_post_june_2026,890,nirob ভাই আপনার ভিডিও ক্লিক এর কৌশল ভালো ছিলো।।,nirob ভাই আপনার ভিডিও ক্লিক এর কৌশল ভালো ছিলো,3,0.7955460415885297
5 Post June 2026,5_post_june_2026,891,আমার তো বান্ধবী আছে কই হলো,আমার তো বান্ধবী আছে কই হলো,1,0.3989404043658574
5 Post June 2026,5_post_june_2026,892,এরকম ড্রেসআপ পরে শু তে আশা উচিত নয়,এরকম ড্রেসআপ পরে শু তে আশা উচিত নয়,0,0.533507850143966
5 Post June 2026,5_post_june_2026,893,যদিও বা আপনার কথা বাস্তবতার মিল রয়েছে তবে আমি মনে করি একজন বয়ফ্রেন্ডের থেকে একজন বেস্ট ফ্রেন্ড অনেক ভালো …,যদিও বা আপনার কথা বাস্তবতার মিল রয়েছে তবে আমি মনে করি একজন বয়ফ্রেন্ডের থেকে একজন বেস্ট ফ্রেন্ড অনেক ভালো,2,0.3945715769667805
5 Post June 2026,5_post_june_2026,894,শয়তান মাঝখানে আসবেই। তাই ছেলে মেয়ে বেষ্ট ফ্রেন্ড হওয়া উচিৎ না,শয়তান মাঝখানে আসবেই তাই ছেলে মেয়ে বেষ্ট ফ্রেন্ড হওয়া উচিৎ না,3,0.8848190762778824
5 Post June 2026,5_post_june_2026,895,Sompurno mittha amr emn onk best friend ache,sompurno mittha amr emn onk best friend ache,2,0.4002953763948058
5 Post June 2026,5_post_june_2026,896,খোলামেলা থাকলে শুধু ফ্রেন্ড না আরো অনেক কিছুই হতে পারে,খোলামেলা থাকলে শুধু ফ্রেন্ড না আরো অনেক কিছুই হতে পারে,3,0.7152479307537493
5 Post June 2026,5_post_june_2026,897,"No, a boy and a girl can never be best friends. I agree with what you said.",no a boy and a girl can never be best friends i agree with what you said,1,0.884928638141464
5 Post June 2026,5_post_june_2026,898,একদম ঠিক কথাই বলেছেন ভাই,একদম ঠিক কথাই বলেছেন ভাই,2,0.6401855649063046
5 Post June 2026,5_post_june_2026,899,চমৎকার উপস্থাপনা,চমৎকার উপস্থাপনা,1,0.5971121163495257
5 Post June 2026,5_post_june_2026,900,বাস্তবমুখী কথা বলার জন্য ভাইয়াকে অসংখ্য ধন্যবাদ এটাই বাস্তব....,বাস্তবমুখী কথা বলার জন্য ভাইয়াকে অসংখ্য ধন্যবাদ এটাই বাস্তব,0,0.8662140601342426
5 Post June 2026,5_post_june_2026,901,আল্লাহ আমাদের সৃষ্টি কর্তা। আল্লাহ নিজেই কুরআন এ নিষেধ করেছেন। কিন্তু আধুনিক সমাজ সেটা মানতে নারাজ কারণ সেটা মেনে নিলে নারীদের…,আল্লাহ আমাদের সৃষ্টি কর্তা আল্লাহ নিজেই কুরআন এ নিষেধ করেছেন কিন্তু আধুনিক সমাজ সেটা মানতে নারাজ কারণ সেটা মেনে নিলে নারীদের,4,0.8980257881731476
5 Post June 2026,5_post_june_2026,902,হুমায়ূন আহমেদ স্যারের কথাগুলো ঝেড়ে দিলেন,হুমায়ূন আহমেদ স্যারের কথাগুলো ঝেড়ে দিলেন,1,0.8386301305183104
5 Post June 2026,5_post_june_2026,903,সুন্দর ব্যাখ্যা ছিল।,সুন্দর ব্যাখ্যা ছিল,0,0.5978765647579896
5 Post June 2026,5_post_june_2026,904,আমি কোন ছেলে মেয়ে বন্ধুত্ব বিশ্বাস করি না এগুলো লুচ্চামি ছাড়া কিছু না।,আমি কোন ছেলে মেয়ে বন্ধুত্ব বিশ্বাস করি না এগুলো লুচ্চামি ছাড়া কিছু না,3,0.5396501180606746
5 Post June 2026,5_post_june_2026,905,"১০০% সত্যি কথা, ছেলে এবং একজন মেয়ে কখনোই বেস্ট ফ্রেন্ড হতে পারে না।",সত্যি কথা ছেলে এবং একজন মেয়ে কখনোই বেস্ট ফ্রেন্ড হতে পারে না,3,0.5759258080982316
5 Post June 2026,5_post_june_2026,906,পরপুরুষের সামনে পেট বের করে আসলে বেস্ট ফ্রেন্ড কেনো আরো অনেক কিছু না হয়ে পারে,পরপুরুষের সামনে পেট বের করে আসলে বেস্ট ফ্রেন্ড কেনো আরো অনেক কিছু না হয়ে পারে,3,0.5063260465466628
5 Post June 2026,5_post_june_2026,907,বাংলায় বলতে গেলে এক কথায় না,বাংলায় বলতে গেলে এক কথায় না,1,0.8367767956165938
5 Post June 2026,5_post_june_2026,908,"সুন্দর ভাবে বুজালেন ভাই,",সুন্দর ভাবে বুজালেন ভাই,0,0.7977834440845913
5 Post June 2026,5_post_june_2026,909,একটা ছেলে আর একটা মেয়ে কখনো বন্ধুত্ব হয়না তারা একসময় না একসময় প্রেমে পড়বেই,একটা ছেলে আর একটা মেয়ে কখনো বন্ধুত্ব হয়না তারা একসময় না একসময় প্রেমে পড়বেই,3,0.8397531328563828
5 Post June 2026,5_post_june_2026,910,তবে বক্তব্য যতই রাখেন প্রথমে ফ্রেন্ড দিয়েই শুরু হয় বাকিটা ইতিহাস।,তবে বক্তব্য যতই রাখেন প্রথমে ফ্রেন্ড দিয়েই শুরু হয় বাকিটা ইতিহাস,3,0.8653518003234372
5 Post June 2026,5_post_june_2026,911,ছেলে আর মেয়ে কখনো বন্ধু হতে পারেনা।,ছেলে আর মেয়ে কখনো বন্ধু হতে পারেনা,3,0.8854197924094857
5 Post June 2026,5_post_june_2026,912,একদম ঠিক কথা বলছেন অসাধারণ চমৎকার কথা বলছেন,একদম ঠিক কথা বলছেন অসাধারণ চমৎকার কথা বলছেন,2,0.8838815951303883
5 Post June 2026,5_post_june_2026,913,আমি জানিনা কি সম্পর্ক হতে পারে কিন্তু আমি তিলটা দেখে ফেলেছি,আমি জানিনা কি সম্পর্ক হতে পারে কিন্তু আমি তিলটা দেখে ফেলেছি,3,0.8393867941966451
5 Post June 2026,5_post_june_2026,914,হতে পারে না এবং একটা মেয়ে একটা ছেলের সামনে এভাবে পেট বের করেও বসে থাকতে পারে না,হতে পারে না এবং একটা মেয়ে একটা ছেলের সামনে এভাবে পেট বের করেও বসে থাকতে পারে না,3,0.9380861949364491
5 Post June 2026,5_post_june_2026,915,সব ঠিক আছে কিন্তু তুমি নাভি বের করে দিয়ে ভিডিও বানাচ্ছো ওটা কিন্তু ঠিক হয় নাই,সব ঠিক আছে কিন্তু তুমি নাভি বের করে দিয়ে ভিডিও বানাচ্ছো ওটা কিন্তু ঠিক হয় নাই,2,0.45264886575056384
5 Post June 2026,5_post_june_2026,916,উনার উপলব্ধি প্রশংসা যোগ্য,উনার উপলব্ধি প্রশংসা যোগ্য,2,0.4004235642895143
5 Post June 2026,5_post_june_2026,917,খুব সুন্দর যুক্তি ধন্যবাদ,খুব সুন্দর যুক্তি ধন্যবাদ,0,0.799551643734925
5 Post June 2026,5_post_june_2026,918,বেষ্ট ফ্রেন্ড নামে দিয়ে মানষিক এবং শারীরিক স্বার্থ আদায় করে।,বেষ্ট ফ্রেন্ড নামে দিয়ে মানষিক এবং শারীরিক স্বার্থ আদায় করে,3,0.47875045654036663
5 Post June 2026,5_post_june_2026,919,একদম সঠিক কথা বলেছেন ভাই অসাধারণ খুবি চমৎকার,একদম সঠিক কথা বলেছেন ভাই অসাধারণ খুবি চমৎকার,2,0.558254683238073
5 Post June 2026,5_post_june_2026,920,কোনো ও হারাতে পারে না এক টা মেয়ের জীবনের অধিকার হলো তার স্বামী,কোনো ও হারাতে পারে না এক টা মেয়ের জীবনের অধিকার হলো তার স্বামী,3,0.7445177975834075
5 Post June 2026,5_post_june_2026,921,"কিভাবে হতে পারে? সেটা কখনোই সম্ভব না? ধরুন আপনি আমার বান্ধবী, আপনি যে পোশাক পরিধান করেছেন তাতে, হসপিটালের বিছানায় একজন রোগীর …",কিভাবে হতে পারে সেটা কখনোই সম্ভব না ধরুন আপনি আমার বান্ধবী আপনি যে পোশাক পরিধান করেছেন তাতে হসপিটালের বিছানায় একজন রোগীর,0,0.6411730223966948
5 Post June 2026,5_post_june_2026,922,অসাধারণ আপনার কথা ভাই,অসাধারণ আপনার কথা ভাই,3,0.7305952378044174
5 Post June 2026,5_post_june_2026,923,হুম একদম ঠিক কথা.. একটা ছেলে আর একটা মেয়ে কখনোই বেস্ট ফ্রেন্ড হতে পারে না …,হুম একদম ঠিক কথা একটা ছেলে আর একটা মেয়ে কখনোই বেস্ট ফ্রেন্ড হতে পারে না,0,0.4365762416883615
5 Post June 2026,5_post_june_2026,924,Amra o redy asi mmah,amra o redy asi mmah,0,0.2
5 Post June 2026,5_post_june_2026,925,বাহ তারেক সাহেব,বাহ তারেক সাহেব,4,0.5491805321761704
5 Post June 2026,5_post_june_2026,926,Tarek Hossain santir ma gese mori mmah,tarek hossain santir ma gese mori mmah,0,0.2
5 Post June 2026,5_post_june_2026,927,দেশে আসো তোমার জন্য রাখছি,দেশে আসো তোমার জন্য রাখছি,2,0.5947051625978996
5 Post June 2026,5_post_june_2026,928,কোন টা বুঝতে পারলাম না,কোন টা বুঝতে পারলাম না,0,0.5702002673157855
5 Post June 2026,5_post_june_2026,929,এই হালায় তো দেখি বাংলার বড় জোকারে পরিনত হয়েছে,এই হালায় তো দেখি বাংলার বড় জোকারে পরিনত হয়েছে,0,0.374891451043407
5 Post June 2026,5_post_june_2026,930,কমেডিয়ানকেও হার মানায় এই জোকার,কমেডিয়ানকেও হার মানায় এই জোকার,1,0.5999989368035552
5 Post June 2026,5_post_june_2026,931,ভোলায় বিলিনিয়রের জায়গায় চিনি চোরের পোলা আসছে,ভোলায় বিলিনিয়রের জায়গায় চিনি চোরের পোলা আসছে,3,0.8854775029655075
5 Post June 2026,5_post_june_2026,932,"যেখানে সার্থ, সেখানে পার্থ",যেখানে সার্থ সেখানে পার্থ,2,0.44769590125761516
5 Post June 2026,5_post_june_2026,933,হেতের মুখের জোর ছাড়া আর কোন হেডাম নাই....,হেতের মুখের জোর ছাড়া আর কোন হেডাম নাই,4,0.6070804271457121
5 Post June 2026,5_post_june_2026,934,স্মার্ট জোকার,স্মার্ট জোকার,1,0.40041722519810413
5 Post June 2026,5_post_june_2026,935,বাংলার জোকার!!,বাংলার জোকার,1,0.4002473713872849
5 Post June 2026,5_post_june_2026,936,জোকার অব শোচ দ্যা ভোলা,জোকার অব শোচ দ্যা ভোলা,1,0.7998879025762478
5 Post June 2026,5_post_june_2026,937,Joler of the century,joler of the century,4,0.7333302613208509
5 Post June 2026,5_post_june_2026,938,হাইরে জোকার,হাইরে জোকার,1,0.5999989368035552
5 Post June 2026,5_post_june_2026,939,Voda vola,voda vola,0,0.2
5 Post June 2026,5_post_june_2026,940,খালি চাপা টাই ভালো মারতে পারেন!,খালি চাপা টাই ভালো মারতে পারেন,0,0.8637536672249848
5 Post June 2026,5_post_june_2026,941,জোকারের কথা শুনেতো হাসবেই,জোকারের কথা শুনেতো হাসবেই,0,0.5999892854001414
5 Post June 2026,5_post_june_2026,942,এই জন্যই তেলের পাম্প গুলোতে তেল নেই,এই জন্যই তেলের পাম্প গুলোতে তেল নেই,3,0.5501432400356532
5 Post June 2026,5_post_june_2026,943,"এ হালারপো নিজেকে অনেক বড় মনে করে,,,",এ হালারপো নিজেকে অনেক বড় মনে করে,2,0.7973823518013404
5 Post June 2026,5_post_june_2026,944,চাপার একটা সিমাথাকা দরকার।,চাপার একটা সিমাথাকা দরকার,2,0.733007556857871
5 Post June 2026,5_post_june_2026,945,Joker. Binodon deyar jonno perfect joker.,joker binodon deyar jonno perfect joker,0,0.7995564382982129
5 Post June 2026,5_post_june_2026,946,ঐ গোয়া মারা গেছে,ঐ গোয়া মারা গেছে,4,0.731297416115653
5 Post June 2026,5_post_june_2026,947,"ডা: ইউনুস এর জারঝ সন্তান,",ডা ইউনুস এর জারঝ সন্তান,1,0.7328890909212429
5 Post June 2026,5_post_june_2026,948,"পাগলে কি না খায়,,, পার্থ ছাগলে কি খায়??",পাগলে কি না খায় পার্থ ছাগলে কি খায়,4,0.8656260242696184
5 Post June 2026,5_post_june_2026,949,জোকার অব দ্যা ইয়ার,জোকার অব দ্যা ইয়ার,1,0.7333246188911435
5 Post June 2026,5_post_june_2026,950,আপা যাবার আগে ডিম বেশি দি ফেলছিল,আপা যাবার আগে ডিম বেশি দি ফেলছিল,3,0.7972768994700994
5 Post June 2026,5_post_june_2026,951,যোকার,যোকার,0,0.2
5 Post June 2026,5_post_june_2026,952,এই পাগল টারে কেউ থামা,এই পাগল টারে কেউ থামা,4,0.5999987330131537
5 Post June 2026,5_post_june_2026,953,নুতুন জুকার,নুতুন জুকার,4,0.5999804903670154
5 Post June 2026,5_post_june_2026,954,চাপাবাজি কম করেক! বাটপার MP তো কয়েক বার ছিলি!,চাপাবাজি কম করেক বাটপার mp তো কয়েক বার ছিলি,3,0.8661879576777186
5 Post June 2026,5_post_june_2026,955,আমাদের এমপি সাব এখন ক্যানভাসার হয়ে গেছে,আমাদের এমপি সাব এখন ক্যানভাসার হয়ে গেছে,0,0.2999169442009304
5 Post June 2026,5_post_june_2026,956,চাপাবাজি ই সেরা----- বাস্তবে বাবা মত চিনি বেশী ভালবাসে ও পল্টিবাজ,চাপাবাজি ই সেরা বাস্তবে বাবা মত চিনি বেশী ভালবাসে ও পল্টিবাজ,3,0.8963551466722256
5 Post June 2026,5_post_june_2026,957,পাগল হতে চলছে,পাগল হতে চলছে,4,0.7942760722991963
5 Post June 2026,5_post_june_2026,958,কেন ভোলাকে আলাদা ভাবে দেখা উচিৎ? ওয়েল এক্সপ্লেইন্ড মাননীয় এমপি মহোদয়।,কেন ভোলাকে আলাদা ভাবে দেখা উচিৎ ওয়েল এক্সপ্লেইন্ড মাননীয় এমপি মহোদয়,0,0.601830937905851
5 Post June 2026,5_post_june_2026,959,অতি ভক্ত চোরের লক্ষণ,অতি ভক্ত চোরের লক্ষণ,3,0.7936689215579982
5 Post June 2026,5_post_june_2026,960,এত যাবৎ সিলেট থেকে গ ্যস উততোলন করে যাচ্ছে তাহলে সিলেটবাসিকে কি করতে হবে ?,এত যাবৎ সিলেট থেকে গ ্যস উততোলন করে যাচ্ছে তাহলে সিলেটবাসিকে কি করতে হবে,3,0.8381785184098856
5 Post June 2026,5_post_june_2026,961,এই লোকটা সুস্থ ছিল? পাগল হইল কবে?,এই লোকটা সুস্থ ছিল পাগল হইল কবে,4,0.48995893286143616
5 Post June 2026,5_post_june_2026,962,চাপাবাজী যখন শিল্প হয়ে যায় তা আর কি,চাপাবাজী যখন শিল্প হয়ে যায় তা আর কি,4,0.7982766154280935
5 Post June 2026,5_post_june_2026,963,ছোটবেলা থেকে ভাবতাম পার্থ একটা বড় মাপের রাজনীতিবিদ এখন দেখি শালায় একটা জোকার। নিজেকে বেশি পন্ডিত মনে করে।,ছোটবেলা থেকে ভাবতাম পার্থ একটা বড় মাপের রাজনীতিবিদ এখন দেখি শালায় একটা জোকার নিজেকে বেশি পন্ডিত মনে করে,4,0.7462220607282708
5 Post June 2026,5_post_june_2026,964,এই শালাদের নাটক আর ভালো লাগে না,এই শালাদের নাটক আর ভালো লাগে না,3,0.7962513670515348
5 Post June 2026,5_post_june_2026,965,চিনি চুড়ার পুলা বলে কি?,চিনি চুড়ার পুলা বলে কি,3,0.7312511660695025
5 Post June 2026,5_post_june_2026,966,ক্রীতদাসের পিছনে ঘুরবে মনিব!,ক্রীতদাসের পিছনে ঘুরবে মনিব,2,0.7327587272097865
5 Post June 2026,5_post_june_2026,967,চলিতেছে সার্কাস,চলিতেছে সার্কাস,1,0.5992825721136804
5 Post June 2026,5_post_june_2026,968,বাটপার,বাটপার,3,0.5984094919346064
5 Post June 2026,5_post_june_2026,969,Pagol hoia gase....,pagol hoia gase,2,0.5999957960249579
5 Post June 2026,5_post_june_2026,970,আগে বিনোদন দেখাতো সংসদে মমতাজ আর এখন সেই বিনোদন দেখায় পার্থ,আগে বিনোদন দেখাতো সংসদে মমতাজ আর এখন সেই বিনোদন দেখায় পার্থ,0,0.682045488984711
5 Post June 2026,5_post_june_2026,971,আড়ে ভাট পার,আড়ে ভাট পার,1,0.5999860797326622
5 Post June 2026,5_post_june_2026,972,চিনি চোরের প্রোডাক্ট অহংকার দেখুন,চিনি চোরের প্রোডাক্ট অহংকার দেখুন,3,0.7994580320629769
5 Post June 2026,5_post_june_2026,973,পাগল,পাগল,4,0.5999987330131537
5 Post June 2026,5_post_june_2026,974,ছাগল,ছাগল,3,0.5999957569252645
5 Post June 2026,5_post_june_2026,975,পাগল লিডার বানিয়ে ভোলার মানুষ ধন্য।,পাগল লিডার বানিয়ে ভোলার মানুষ ধন্য,4,0.5331900325962804
5 Post June 2026,5_post_june_2026,976,Pagol no 1,pagol no,2,0.400560809698996
5 Post June 2026,5_post_june_2026,977,কথার ভাব দেখে মনে হচ্ছে উনিই প্রধানমন্ত্রী,কথার ভাব দেখে মনে হচ্ছে উনিই প্রধানমন্ত্রী,3,0.8639830513004995
5 Post June 2026,5_post_june_2026,978,ভোলা কে মানুষ চিনবে চিনি চোরের জন্য,ভোলা কে মানুষ চিনবে চিনি চোরের জন্য,3,0.4400637407571469
5 Post June 2026,5_post_june_2026,979,খেতার গাট্টি,খেতার গাট্টি,0,0.2
5 Post June 2026,5_post_june_2026,980,শালাকে জুতা মারতে এতো সময় লাগছে কেনো?,শালাকে জুতা মারতে এতো সময় লাগছে কেনো,4,0.8845477597599337
5 Post June 2026,5_post_june_2026,981,ব্রেইন চাপা,ব্রেইন চাপা,0,0.5999929261689128
5 Post June 2026,5_post_june_2026,982,একটু থামেন প্লিজ।,একটু থামেন প্লিজ,3,0.7317044108093823
5 Post June 2026,5_post_june_2026,983,ক্র্যাকার্স,ক্র্যাকার্স,0,0.2
5 Post June 2026,5_post_june_2026,984,"দেশের মানুষ আর বোকা নেই, তারা এখন সব বোঝে। মানুষের পালস বুঝতে হবে, সে অনুযাই গতানুগতিক চামচামির রাজনীতি বর্জণ করতে হবে। না হ'ল…",দেশের মানুষ আর বোকা নেই তারা এখন সব বোঝে মানুষের পালস বুঝতে হবে সে অনুযাই গতানুগতিক চামচামির রাজনীতি বর্জণ করতে হবে না হ ল,3,0.5290893156148138
5 Post June 2026,5_post_june_2026,985,এই জোকার কে সংসদে করলো কারা ?,এই জোকার কে সংসদে করলো কারা,3,0.6211570312039835
5 Post June 2026,5_post_june_2026,986,কত বড়,কত বড়,1,0.7297403332163782
5 Post June 2026,5_post_june_2026,987,পৃথিবীর মানুষ গুলো।,পৃথিবীর মানুষ গুলো,4,0.40069650046450533
5 Post June 2026,5_post_june_2026,988,আহারে লক্ষ লক্ষ টাকা খরচ করে সংসদে কি আলোচনা হয়,আহারে লক্ষ লক্ষ টাকা খরচ করে সংসদে কি আলোচনা হয়,2,0.8994077433054217
5 Post June 2026,5_post_june_2026,989,Chodir pote koy ki,chodir pote koy ki,2,0.5999983754121102
5 Post June 2026,5_post_june_2026,990,হেতেরে সিনেমাতে নিয়ে যাও কেউ।,হেতেরে সিনেমাতে নিয়ে যাও কেউ,2,0.7305077513961702
5 Post June 2026,5_post_june_2026,991,জোকার পার্থ,জোকার পার্থ,1,0.4000221192676381
5 Post June 2026,5_post_june_2026,992,Kawa partha.,kawa partha,0,0.2
5 Post June 2026,5_post_june_2026,993,বাটপার নাম্বার ওয়ান,বাটপার নাম্বার ওয়ান,3,0.7328837965031995
5 Post June 2026,5_post_june_2026,994,ফাউল বেডা,ফাউল বেডা,2,0.5999857321233648
5 Post June 2026,5_post_june_2026,995,জোকার সালা,জোকার সালা,1,0.4000895823230643
5 Post June 2026,5_post_june_2026,996,তেল মারতে মারতে নিজের যে একটা দল আছে সেটা ভুলেই গেছে,তেল মারতে মারতে নিজের যে একটা দল আছে সেটা ভুলেই গেছে,4,0.8637123217236095
5 Post June 2026,5_post_june_2026,997,ক্ষমতার পেয়ে পাগল হয়ে গেছে....,ক্ষমতার পেয়ে পাগল হয়ে গেছে,1,0.48683463016002276
5 Post June 2026,5_post_june_2026,998,"তাকে এখন জোকার লাগে,",তাকে এখন জোকার লাগে,1,0.7975195344477908
5 Post June 2026,5_post_june_2026,999,batper,batper,4,0.5999845646465588
5 Post June 2026,5_post_june_2026,1000,এই লোকটা বর্তমান সংসদের ভাবমূর্তি নষ্ট করতেছে,এই লোকটা বর্তমান সংসদের ভাবমূর্তি নষ্ট করতেছে,1,0.4956539015929367
5 Post June 2026,5_post_june_2026,1001,ভালো স্টুডেন্ট ভালো রেজাল্ট করার পরে আত্মতুষ্টিতে ভুগে পড়াশোনা ছেড়ে দিয়ে ক্লাসে যাইলে যা হয়,ভালো স্টুডেন্ট ভালো রেজাল্ট করার পরে আত্মতুষ্টিতে ভুগে পড়াশোনা ছেড়ে দিয়ে ক্লাসে যাইলে যা হয়,2,0.4933175214235977
5 Post June 2026,5_post_june_2026,1002,Halare vaptam akta respectful person but halay akta abal joker,halare vaptam akta respectful person but halay akta abal joker,3,0.8648719689052566
5 Post June 2026,5_post_june_2026,1003,ফাউল,ফাউল,2,0.5999857321233648
5 Post June 2026,5_post_june_2026,1004,Batper,batper,4,0.5999845646465588
5 Post June 2026,5_post_june_2026,1005,হায়রে ভোলা!,হায়রে ভোলা,1,0.7327286015024174
5 Post June 2026,5_post_june_2026,1006,Pagol prai,pagol prai,2,0.5999957960249579
5 Post June 2026,5_post_june_2026,1007,Chini cc hurer pula bole chi hay comedi,chini cc hurer pula bole chi hay comedi,2,0.7333299635662796
5 Post June 2026,5_post_june_2026,1008,"মাননীয সাংসদ মহোদয়,প্রতি সোস্যাল মিডিয়ার খবর সমূহ আপনাদের ভাবিত করে কি?নাকি আপনারা রাজনীতিবিদরা দেশের স্বার্থ সংশ্লিষ্ট সকল খবরে ই অভ্যস্থ।",মাননীয সাংসদ মহোদয় প্রতি সোস্যাল মিডিয়ার খবর সমূহ আপনাদের ভাবিত করে কি নাকি আপনারা রাজনীতিবিদরা দেশের স্বার্থ সংশ্লিষ্ট সকল খবরে ই অভ্যস্থ,4,0.5298686976641376
5 Post June 2026,5_post_june_2026,1009,ভোলার মানুষরা তো আলাভোলা । পার্থ সাহেব কিছু না পারলেও গলা বাজাতে পারদর্শী।,ভোলার মানুষরা তো আলাভোলা পার্থ সাহেব কিছু না পারলেও গলা বাজাতে পারদর্শী,4,0.7992173657375778
5 Post June 2026,5_post_june_2026,1010,জোকার ফেল,জোকার ফেল,1,0.7329347407656118
5 Post June 2026,5_post_june_2026,1011,মিঃ বিন,মিঃ বিন,0,0.2
5 Post June 2026,5_post_june_2026,1012,অবাস্তব কথা বার্তায় সময় নষ্ট করা করা হচছে।,অবাস্তব কথা বার্তায় সময় নষ্ট করা করা হচছে,1,0.39980575386063216
5 Post June 2026,5_post_june_2026,1013,There are so many dramatists here. We enjoy it.,there are so many dramatists here we enjoy it,0,0.4412497448163617
5 Post June 2026,5_post_june_2026,1014,বুয়া,বুয়া,1,0.5999709124719412
5 Post June 2026,5_post_june_2026,1015,কি রে ভাই আপনি চিকিৎসা নেন।,কি রে ভাই আপনি চিকিৎসা নেন,0,0.7983356278193967
5 Post June 2026,5_post_june_2026,1016,হালায় বাংলা রাম খেয়েছে,হালায় বাংলা রাম খেয়েছে,3,0.39992367363068254
5 Post June 2026,5_post_june_2026,1017,পার্থ ভাতিজা তুমি রাত্রে ঠিকভাবে ঘুমাও নয় ভালো চিকিৎসা নাও,পার্থ ভাতিজা তুমি রাত্রে ঠিকভাবে ঘুমাও নয় ভালো চিকিৎসা নাও,0,0.603415323975067
5 Post June 2026,5_post_june_2026,1018,চাপা,চাপা,0,0.5999929261689128
5 Post June 2026,5_post_june_2026,1019,সে কি জুকার হয়ে গেল?,সে কি জুকার হয়ে গেল,4,0.6264196165993657
5 Post June 2026,5_post_june_2026,1020,হেতে ভোলার বাল,হেতে ভোলার বাল,1,0.7962259931944502
5 Post June 2026,5_post_june_2026,1021,হেডার পার্থ ভাই,হেডার পার্থ ভাই,4,0.5502095952797198
5 Post June 2026,5_post_june_2026,1022,দেশের গোয়া মারা সারা,দেশের গোয়া মারা সারা,4,0.8383919588335489
5 Post June 2026,5_post_june_2026,1023,Son of a chini chur shala butpar,son of a chini chur shala butpar,4,0.5999951317289096
5 Post June 2026,5_post_june_2026,1024,বাসে চকলেট বেচা সেলসম্যান,বাসে চকলেট বেচা সেলসম্যান,0,0.2
5 Post June 2026,5_post_june_2026,1025,নতুন হাগল রে বাবা ।,নতুন হাগল রে বাবা,0,0.5285235844404534
5 Post June 2026,5_post_june_2026,1026,Zokar mama,zokar mama,0,0.2
5 Post June 2026,5_post_june_2026,1027,ভাঁড়ের মত লাগছে । নিজেকে বেশী স্মার্ট মনে করে ব ্যাটা ।তবে ভাইটা খুব ব ্যক্তিত্বসম্পন্ন ছিল । কথা বার্তায় শান্ত শিক্ষিত মার্জিত ছিল ।,ভাঁড়ের মত লাগছে নিজেকে বেশী স্মার্ট মনে করে ব ্যাটা তবে ভাইটা খুব ব ্যক্তিত্বসম্পন্ন ছিল কথা বার্তায় শান্ত শিক্ষিত মার্জিত ছিল,4,0.8842106753593855
5 Post June 2026,5_post_june_2026,1028,আসলে পার্থ পাগল হয়ে গেছে মনে হয়,আসলে পার্থ পাগল হয়ে গেছে মনে হয়,4,0.8652078754005189
5 Post June 2026,5_post_june_2026,1029,বাটপার,বাটপার,3,0.5984094919346064
5 Post June 2026,5_post_june_2026,1030,ভোলা যাওয়ার রাস্তা আছে ??,ভোলা যাওয়ার রাস্তা আছে,1,0.7979253504172629
5 Post June 2026,5_post_june_2026,1031,বাংলার কমেডিয়ান।,বাংলার কমেডিয়ান,2,0.3997659275570273
5 Post June 2026,5_post_june_2026,1032,যত জোকার সব সংসদে,যত জোকার সব সংসদে,1,0.5218149271111979
5 Post June 2026,5_post_june_2026,1033,ওভার স্মার্ট,ওভার স্মার্ট,4,0.5999803365705161
5 Post June 2026,5_post_june_2026,1034,কি বলে,কি বলে,1,0.5973298844095909
5 Post June 2026,5_post_june_2026,1035,mangky parto,mangky parto,0,0.2
5 Post June 2026,5_post_june_2026,1036,বেয়াদব,বেয়াদব,2,0.599985690589914
5 Post June 2026,5_post_june_2026,1037,হালায় পাগল হইয়া গেছে,হালায় পাগল হইয়া গেছে,4,0.5501353947437576
5 Post June 2026,5_post_june_2026,1038,ছাগল,ছাগল,3,0.5999957569252645
5 Post June 2026,5_post_june_2026,1039,"এক দেলদার এফ ডিসিতে ছিলো,আর এক জোঁকার সংসদে",এক দেলদার এফ ডিসিতে ছিলো আর এক জোঁকার সংসদে,2,0.5949019889306248
5 Post June 2026,5_post_june_2026,1040,এটা তো একদম পাগল,এটা তো একদম পাগল,4,0.4000465236652523
5 Post June 2026,5_post_june_2026,1041,"বড় ভাই আপনার বাবাকে সকলে শ্রদ্ধা করতো, তাই আপনাকে সকলে ভালোবাসে। আগের মত আর কইরেন না। এবার একটু বাবার মত ভোলার উন্নয়নের জন্য কাজ করুন।",বড় ভাই আপনার বাবাকে সকলে শ্রদ্ধা করতো তাই আপনাকে সকলে ভালোবাসে আগের মত আর কইরেন না এবার একটু বাবার মত ভোলার উন্নয়নের জন্য কাজ করুন,4,0.9546537134830241
5 Post June 2026,5_post_june_2026,1042,হালা গাঁজা সেবন করে মনে হচ্ছে।,হালা গাঁজা সেবন করে মনে হচ্ছে,2,0.8375710444255472
5 Post June 2026,5_post_june_2026,1043,একে ফ্লোর দেয় কে!,একে ফ্লোর দেয় কে,4,0.5967352259504759
5 Post June 2026,5_post_june_2026,1044,পাগল সংসদ সদস্য,পাগল সংসদ সদস্য,4,0.7998519726281109
5 Post June 2026,5_post_june_2026,1045,হাগল,হাগল,1,0.5985717208829797
5 Post June 2026,5_post_june_2026,1046,Asodar gorar asoda sini sorar gorar sor,asodar gorar asoda sini sorar gorar sor,0,0.2
5 Post June 2026,5_post_june_2026,1047,পাগলের কারখানা,পাগলের কারখানা,3,0.5999947762637565
5 Post June 2026,5_post_june_2026,1048,Tik ace.,tik ace,0,0.2
5 Post June 2026,5_post_june_2026,1049,Dakhi 5 bosor jodi baicha thakeapnar ai kotha sotti hoi naki,dakhi bosor jodi baicha thakeapnar ai kotha sotti hoi naki,2,0.8399972646313686
5 Post June 2026,5_post_june_2026,1050,"স্মাট জোকার,,,,",স্মাট জোকার,1,0.5999989368035552
5 Post June 2026,5_post_june_2026,1051,খাইজ্জানি চুলকানী,খাইজ্জানি চুলকানী,0,0.2
5 Post June 2026,5_post_june_2026,1052,dalal,dalal,4,0.599990614407877
5 Post June 2026,5_post_june_2026,1053,ভালো সুন্দর অভিনয় হচ্ছে।।।।,ভালো সুন্দর অভিনয় হচ্ছে,2,0.4382863695021574
5 Post June 2026,5_post_june_2026,1054,Haire joker,haire joker,0,0.5984186303253541
5 Post June 2026,5_post_june_2026,1055,Ki j koitam,ki j koitam,2,0.5999983754121102
5 Post June 2026,5_post_june_2026,1056,Ore batper,ore batper,4,0.5999845646465588
5 Post June 2026,5_post_june_2026,1057,আস্ত একটা জোকার,আস্ত একটা জোকার,1,0.7333245274902448
5 Post June 2026,5_post_june_2026,1058,বাটপারে কয় কি,বাটপারে কয় কি,1,0.5976388226806258
5 Post June 2026,5_post_june_2026,1059,চাপাবাজ পার্থ,চাপাবাজ পার্থ,4,0.73265081178771
5 Post June 2026,5_post_june_2026,1060,Paagol,paagol,0,0.2
5 Post June 2026,5_post_june_2026,1061,নতুন তেলবাজ,নতুন তেলবাজ,0,0.7325565814382702
5 Post June 2026,5_post_june_2026,1062,যেখানে নাই স্বার্থ সেখানে নাই পার্থ। যেখানে আছে স্বার্থ সেখানে আছে পার্থ। নোট:কবিতা লেখা ছেড়ে দিছি সেই ১৯৯৬ সালে। না হলে পুর…,যেখানে নাই স্বার্থ সেখানে নাই পার্থ যেখানে আছে স্বার্থ সেখানে আছে পার্থ নোট কবিতা লেখা ছেড়ে দিছি সেই সালে না হলে পুর,4,0.5918687399150171
5 Post June 2026,5_post_june_2026,1063,"হালারে আগে জ্ঞানী ভাবতাম,এখন দেখি ও আসলে তেলের জাহাজ।",হালারে আগে জ্ঞানী ভাবতাম এখন দেখি ও আসলে তেলের জাহাজ,4,0.5215149210715629
5 Post June 2026,5_post_june_2026,1064,"কবি বলেছেন,""আপনাকে বড় বলে বড় সেই নয়।""",কবি বলেছেন আপনাকে বড় বলে বড় সেই নয়,0,0.35874431380740573
5 Post June 2026,5_post_june_2026,1065,এই লোকটি কার্টুন ক্যারেক্টার হয়ে যাচ্ছে,এই লোকটি কার্টুন ক্যারেক্টার হয়ে যাচ্ছে,4,0.7321985797728856
5 Post June 2026,5_post_june_2026,1066,হালা পাগল একটা,হালা পাগল একটা,4,0.7294038060472785
5 Post June 2026,5_post_june_2026,1067,কমেডিয়ান,কমেডিয়ান,2,0.5999802716312735
5 Post June 2026,5_post_june_2026,1068,"পার্থ একটা জোকার,বাংলা সিনেমার দিলদার ফেইল",পার্থ একটা জোকার বাংলা সিনেমার দিলদার ফেইল,1,0.30008640226804495
5 Post June 2026,5_post_june_2026,1069,Joker.vilen,joker vilen,0,0.5984186303253541
5 Post June 2026,5_post_june_2026,1070,এতো বড়ো ক্যানভেচার জোকার পার্ক আগে জানতাম না,এতো বড়ো ক্যানভেচার জোকার পার্ক আগে জানতাম না,1,0.40014160865925186
5 Post June 2026,5_post_june_2026,1071,আন্দালিন রহমান পার্থ মানে হাসির খোরাক,আন্দালিন রহমান পার্থ মানে হাসির খোরাক,4,0.4404172149588772
5 Post June 2026,5_post_june_2026,1072,পাগল,পাগল,4,0.5999987330131537
5 Post June 2026,5_post_june_2026,1073,হারুন কিসিন্জার আর পার্থের মধ্যে মিল আছে কি!!,হারুন কিসিন্জার আর পার্থের মধ্যে মিল আছে কি,2,0.5999918514837573
5 Post June 2026,5_post_june_2026,1074,Dalal,dalal,4,0.599990614407877
5 Post June 2026,5_post_june_2026,1075,ভাগ্য ভালো বান্দীর পু গুলশান বনানী এমপি না তাইলে পাতাইয়া পাহাড়গঞ্জ দেখতো দেশ,ভাগ্য ভালো বান্দীর পু গুলশান বনানী এমপি না তাইলে পাতাইয়া পাহাড়গঞ্জ দেখতো দেশ,0,0.507390292944178
5 Post June 2026,5_post_june_2026,1076,চাপা বাজ,চাপা বাজ,0,0.7333282637714659
5 Post June 2026,5_post_june_2026,1077,নাবালক,নাবালক,0,0.2
5 Post June 2026,5_post_june_2026,1078,সংসদ এখন সিনেমা হলে পরিবর্তন হয়েছে,সংসদ এখন সিনেমা হলে পরিবর্তন হয়েছে,4,0.8389914186557079
5 Post June 2026,5_post_june_2026,1079,কথা বলতে জোকারের মতো করতে হয় না।,কথা বলতে জোকারের মতো করতে হয় না,0,0.838595496966201
5 Post June 2026,5_post_june_2026,1080,পাগল হয়ে গেছে। যোগ্যতার চেয়ে প্রাপ্তি বেশি হলে এমন হয়।,পাগল হয়ে গেছে যোগ্যতার চেয়ে প্রাপ্তি বেশি হলে এমন হয়,4,0.8847505074218807
5 Post June 2026,5_post_june_2026,1081,চাপা বাজি কম করেন বাবাজি,চাপা বাজি কম করেন বাবাজি,3,0.38196211643051614
5 Post June 2026,5_post_june_2026,1082,এর নাটক এর সাথে হৃদয় এর মিল নেই।,এর নাটক এর সাথে হৃদয় এর মিল নেই,2,0.7312306173892553
5 Post June 2026,5_post_june_2026,1083,চিনি চোর রিলিফের,চিনি চোর রিলিফের,3,0.40000836017770575
5 Post June 2026,5_post_june_2026,1084,ভাই একটা ছুটি নাও,ভাই একটা ছুটি নাও,0,0.7301766279531946
5 Post June 2026,5_post_june_2026,1085,Tumi akta chgol,tumi akta chgol,4,0.7283584939905615
5 Post June 2026,5_post_june_2026,1086,চামচার চামচামির জন্য নোবেল দেওয়া উচিত,চামচার চামচামির জন্য নোবেল দেওয়া উচিত,0,0.5498202029184399
5 Post June 2026,5_post_june_2026,1087,মাথা ঠিক আছে,মাথা ঠিক আছে,2,0.7333275491234282
5 Post June 2026,5_post_june_2026,1088,চিনি চোরের টাকায় মানুষ হলে এমন ই হয়,চিনি চোরের টাকায় মানুষ হলে এমন ই হয়,4,0.574446082407256
5 Post June 2026,5_post_june_2026,1089,চাল্লী।,চাল্লী,0,0.2
5 Post June 2026,5_post_june_2026,1090,লজ্জা,লজ্জা,0,0.5989468919113136
5 Post June 2026,5_post_june_2026,1091,বেশি বেশি আখ লাগান।,বেশি বেশি আখ লাগান,3,0.7970873220516089
5 Post June 2026,5_post_june_2026,1092,"দুর্নীতিবাজ ও গলাবাজি করতে লজ্জা লাগে না, অতীত ভুলে যেও না।",দুর্নীতিবাজ ও গলাবাজি করতে লজ্জা লাগে না অতীত ভুলে যেও না,3,0.654147358737609
5 Post June 2026,5_post_june_2026,1093,পা চাটা গালবাজ,পা চাটা গালবাজ,0,0.7318278883872179
5 Post June 2026,5_post_june_2026,1094,আসলেই লিমিটের বেশি খাওয়া ঠিক না,আসলেই লিমিটের বেশি খাওয়া ঠিক না,4,0.5647210875311517
5 Post June 2026,5_post_june_2026,1095,Hagol,hagol,0,0.2
5 Post June 2026,5_post_june_2026,1096,জোকার নাম্বার 1,জোকার নাম্বার,1,0.4006776629987159
5 Post June 2026,5_post_june_2026,1097,জোকোভিচ,জোকোভিচ,0,0.2
5 Post June 2026,5_post_june_2026,1098,"পার্থ ভাই,জোকার সাজবেন না আপনার সাথে তা যায়না।",পার্থ ভাই জোকার সাজবেন না আপনার সাথে তা যায়না,4,0.6015569113474697
5 Post June 2026,5_post_june_2026,1099,ভোলায় কি বাল ফেলাবে তা দেখার অপেক্ষায় রইলাম,ভোলায় কি বাল ফেলাবে তা দেখার অপেক্ষায় রইলাম,3,0.5422778626357997
5 Post June 2026,5_post_june_2026,1100,চামচিকা বলে কি,চামচিকা বলে কি,1,0.5973298844095909
5 Post June 2026,5_post_june_2026,1101,জনগনরে আগের মতই বোকা*দা ভাবে!,জনগনরে আগের মতই বোকা দা ভাবে,3,0.7971156561588753
5 Post June 2026,5_post_june_2026,1102,চিনি চোরের ***,চিনি চোরের,3,0.7333305717210757
5 Post June 2026,5_post_june_2026,1103,শেখ সেলিম এর জামাই,শেখ সেলিম এর জামাই,1,0.597095832867174
5 Post June 2026,5_post_june_2026,1104,সার্কাসের জোকারদের মত অঙ্গভঙ্গি এবং কথাবার্তা,সার্কাসের জোকারদের মত অঙ্গভঙ্গি এবং কথাবার্তা,0,0.53198250366487
5 Post June 2026,5_post_june_2026,1105,এখানে নাটক করতে এসেছেন,এখানে নাটক করতে এসেছেন,3,0.5319047003762982
5 Post June 2026,5_post_june_2026,1106,বেয়াদব কাকে বলে কত প্রকার ও কি কি এখান থেকে বুঝে যান।,বেয়াদব কাকে বলে কত প্রকার ও কি কি এখান থেকে বুঝে যান,2,0.5732129189366156
5 Post June 2026,5_post_june_2026,1107,শালা টাউট,শালা টাউট,4,0.5957470457317829
5 Post June 2026,5_post_june_2026,1108,"বাবা ছিল লবন চোর তিনি হবেন তেল/ গ্যাস চোর, চোরের মায়ের বড় গলা।",বাবা ছিল লবন চোর তিনি হবেন তেল গ্যাস চোর চোরের মায়ের বড় গলা,3,0.5390618921310399
5 Post June 2026,5_post_june_2026,1109,চাপা বাজ,চাপা বাজ,0,0.7333282637714659
5 Post June 2026,5_post_june_2026,1110,এটা সংসদ....,এটা সংসদ,4,0.5988864668712547
5 Post June 2026,5_post_june_2026,1111,Pagol,pagol,2,0.5999957960249579
5 Post June 2026,5_post_june_2026,1112,দেশের মানুষ তোমারে ভালো করে চেনে,দেশের মানুষ তোমারে ভালো করে চেনে,4,0.7985043330237985
5 Post June 2026,5_post_june_2026,1113,টাইটানিক পাগল কেন হয়ে গেল?,টাইটানিক পাগল কেন হয়ে গেল,4,0.7998876668912748
5 Post June 2026,5_post_june_2026,1114,জোকার অব ভোলা,জোকার অব ভোলা,1,0.7998879025762478
5 Post June 2026,5_post_june_2026,1115,জোকার হালা পাগল হয়ে গেলি,জোকার হালা পাগল হয়ে গেলি,4,0.49470664493887645
5 Post June 2026,5_post_june_2026,1116,সংসদে কিছু লোক পাগলের মতো কথা বলে।,সংসদে কিছু লোক পাগলের মতো কথা বলে,3,0.39253958275679546
5 Post June 2026,5_post_june_2026,1117,Ore bapre chagol,ore bapre chagol,0,0.2
5 Post June 2026,5_post_june_2026,1118,আপনি একটা জোকার,আপনি একটা জোকার,1,0.5999989368035552
5 Post June 2026,5_post_june_2026,1119,বাংlish বলে দেশের মানুষকে আর কত বোকা বানাবেন আপনি? এখন জনগণ যে আপনার নাম জোকার রেখেছেন সেটা হয়তো জানেন না। আপনি এখন জনগণের আন্…,বাংlish বলে দেশের মানুষকে আর কত বোকা বানাবেন আপনি এখন জনগণ যে আপনার নাম জোকার রেখেছেন সেটা হয়তো জানেন না আপনি এখন জনগণের আন্,1,0.9328033059339964
5 Post June 2026,5_post_june_2026,1120,পার্থ পাগল হয়ে যাচ্ছে।,পার্থ পাগল হয়ে যাচ্ছে,4,0.8396877704825381
5 Post June 2026,5_post_june_2026,1121,ড্যান্সার।,ড্যান্সার,0,0.2
5 Post June 2026,5_post_june_2026,1122,বুূদাই কই কি,বুূদাই কই কি,0,0.5983823370635891
5 Post June 2026,5_post_june_2026,1123,"এ আর এক গইপ্যা,চাপাবাজ।কথার জাহাজ,কাজের বেলায় ঠন ঠন।",এ আর এক গইপ্যা চাপাবাজ কথার জাহাজ কাজের বেলায় ঠন ঠন,0,0.8847155337283794
5 Post June 2026,5_post_june_2026,1124,জোকারের বে নি ফি টের জন ্য লাগ বে,জোকারের বে নি ফি টের জন ্য লাগ বে,0,0.8833273371013071
5 Post June 2026,5_post_june_2026,1125,মহা পুন্ডিত বক্তব্য দিচ্ছেন উনার কথায় মনে হয় বিশ্ব জ্ঞানী উনি। নিজেকে নিয়ে উনি কি যে ভাবেন তাহা বলা য়ায় না..।,মহা পুন্ডিত বক্তব্য দিচ্ছেন উনার কথায় মনে হয় বিশ্ব জ্ঞানী উনি নিজেকে নিয়ে উনি কি যে ভাবেন তাহা বলা য়ায় না,2,0.9325379752778281
5 Post June 2026,5_post_june_2026,1126,শালায় পাগল হয়ে গিয়াছে।,শালায় পাগল হয়ে গিয়াছে,4,0.7998844651084036
5 Post June 2026,5_post_june_2026,1127,Piche guro tar Hoga marar jonno,piche guro tar hoga marar jonno,0,0.5999856311491548
5 Post June 2026,5_post_june_2026,1128,Sagol,sagol,0,0.2
5 Post June 2026,5_post_june_2026,1129,মুরাদ কাকা তোমার replacement পাওয়া গেছি।,মুরাদ কাকা তোমার replacement পাওয়া গেছি,0,0.7309010386655622
5 Post June 2026,5_post_june_2026,1130,তার নিজের নামই তো পার্থ সেখানে আবার নিজেরে নিজে পার্থ ভাই বললো কেন এতো দেখি নিজেও পাগল হবে সাথে জনগনকেও পাগল করে ছাড়বে,তার নিজের নামই তো পার্থ সেখানে আবার নিজেরে নিজে পার্থ ভাই বললো কেন এতো দেখি নিজেও পাগল হবে সাথে জনগনকেও পাগল করে ছাড়বে,4,0.9423013827990063
5 Post June 2026,5_post_june_2026,1131,আলহামদুলিল্লাহ,আলহামদুলিল্লাহ,4,0.5999992544339399
5 Post June 2026,5_post_june_2026,1132,হেতে বাংলা খাই পুরাই টাল থাকে সালা,হেতে বাংলা খাই পুরাই টাল থাকে সালা,2,0.883960579544219
5 Post June 2026,5_post_june_2026,1133,সিনেমা চলছে তারেক সাহেব কি ভুল করলেন৷,সিনেমা চলছে তারেক সাহেব কি ভুল করলেন৷,4,0.8661612330540222
5 Post June 2026,5_post_june_2026,1134,পাগল হইয়াগেছে,পাগল হইয়াগেছে,4,0.5999987330131537
5 Post June 2026,5_post_june_2026,1135,"ভোলা বরিশাল সেতুর কথা বলতে পারলানা মিয়া।চাপাবাজী কর, বিমানবন্দর করবা,ধান্ধাবাজি বাদ দিয়া পারলে ভোলা বরিশাল সেতুর জন্য চেষ্টা করো।",ভোলা বরিশাল সেতুর কথা বলতে পারলানা মিয়া চাপাবাজী কর বিমানবন্দর করবা ধান্ধাবাজি বাদ দিয়া পারলে ভোলা বরিশাল সেতুর জন্য চেষ্টা করো,0,0.9410232940103513
5 Post June 2026,5_post_june_2026,1136,বিগত সময়ে ছিলো মমতাজ এখন হইছে আমাগো পার্থদা কমেডিয়ান।,বিগত সময়ে ছিলো মমতাজ এখন হইছে আমাগো পার্থদা কমেডিয়ান,2,0.7980271597839995
5 Post June 2026,5_post_june_2026,1137,"Andar,rahman,patto,chdar,bal,jana",andar rahman patto chdar bal jana,4,0.40051887632801597
5 Post June 2026,5_post_june_2026,1138,তবে বলে না বাসে প্রধানমন্ত্রী আমার চামচামি করবে,তবে বলে না বাসে প্রধানমন্ত্রী আমার চামচামি করবে,3,0.7943369083885122
5 Post June 2026,5_post_june_2026,1139,পাগলের প্রলাপ আর কি !!!,পাগলের প্রলাপ আর কি,3,0.5999947762637565
5 Post June 2026,5_post_june_2026,1140,"উপর আল্লাহ অহংকার ও দা ম্ভিকতা পছন্দ ক রেন না , এদের অহংকার এমন পর্যায় চ লে জা চ্ছে যে অবু জা হেল ও এদের কা ছে ফেল, আল্লাহ সকল…",উপর আল্লাহ অহংকার ও দা ম্ভিকতা পছন্দ ক রেন না এদের অহংকার এমন পর্যায় চ লে জা চ্ছে যে অবু জা হেল ও এদের কা ছে ফেল আল্লাহ সকল,2,0.9377290385501674
5 Post June 2026,5_post_june_2026,1141,"ট্রাম্প, পুতিন, এদেরও উচিৎ আপনার পিছনে ঘুরা",ট্রাম্প পুতিন এদেরও উচিৎ আপনার পিছনে ঘুরা,3,0.3998116912687554
5 Post June 2026,5_post_june_2026,1142,ভুয়া,ভুয়া,0,0.5999962986546974
5 Post June 2026,5_post_june_2026,1143,চিনি চোরের পোলা একটা জোকার,চিনি চোরের পোলা একটা জোকার,3,0.6399583982481929
5 Post June 2026,5_post_june_2026,1144,জঘন্য,জঘন্য,0,0.5973973059407925
5 Post June 2026,5_post_june_2026,1145,"Penang Hiil, ভোলা,, ভোলার মানুষ থাকলে সারা দেও",penang hiil ভোলা ভোলার মানুষ থাকলে সারা দেও,4,0.507721950492372
5 Post June 2026,5_post_june_2026,1146,Jukar,jukar,2,0.599985772935203
5 Post June 2026,5_post_june_2026,1147,ছাগল,ছাগল,3,0.5999957569252645
5 Post June 2026,5_post_june_2026,1148,Cinir mishtotar manob montrirana ca kofi banaya kon shooy kheya fele,cinir mishtotar manob montrirana ca kofi banaya kon shooy kheya fele,0,0.2
5 Post June 2026,5_post_june_2026,1149,কমেন্টে আপনাকে কীভাবে সম্মানীত করতেছে দেখেন। আপনাকে মন্ত্রী বানালো না কেনো?এটাও একটা রসিকতা হয়? মন্ত্রী মহোদয়গণ আপনার পিছনে ঘুরবে।,কমেন্টে আপনাকে কীভাবে সম্মানীত করতেছে দেখেন আপনাকে মন্ত্রী বানালো না কেনো এটাও একটা রসিকতা হয় মন্ত্রী মহোদয়গণ আপনার পিছনে ঘুরবে,2,0.6442686631439778
5 Post June 2026,5_post_june_2026,1151,মনু মিয়া,মনু মিয়া,0,0.5999894086893189
5 Post June 2026,5_post_june_2026,1152,সংসদে ফাও কথা বলে যে গুলো কথার কোনো ভিত্তি নেই।,সংসদে ফাও কথা বলে যে গুলো কথার কোনো ভিত্তি নেই,3,0.8373739604645503
5 Post June 2026,5_post_june_2026,1153,"আহারে জনগণের টাকার বিনিময়ে কি,সুন্দর সেবা দেওয়া হচ্ছে সংসদে বাংলাদেশের মানুষের টাকার কোন মূল্য নেই সংসদে শুধু জোকার আর জোকার ব…",আহারে জনগণের টাকার বিনিময়ে কি সুন্দর সেবা দেওয়া হচ্ছে সংসদে বাংলাদেশের মানুষের টাকার কোন মূল্য নেই সংসদে শুধু জোকার আর জোকার ব,3,0.5634286610688175
5 Post June 2026,5_post_june_2026,1154,মাথাই নষ্ট মামা,মাথাই নষ্ট মামা,1,0.7327074846025307
5 Post June 2026,5_post_june_2026,1155,ওকে দ্রুতই পাবনা হেমায়েতপুর পাঠিয়ে দেন কেউ?,ওকে দ্রুতই পাবনা হেমায়েতপুর পাঠিয়ে দেন কেউ,4,0.7333246440123016
5 Post June 2026,5_post_june_2026,1156,চি চো,চি চো,0,0.2
5 Post June 2026,5_post_june_2026,1157,Notun pagoler. Utvab,notun pagoler utvab,0,0.2
5 Post June 2026,5_post_june_2026,1158,আন্দোলনের সময় চুড়ি পরে ছিলেন।,আন্দোলনের সময় চুড়ি পরে ছিলেন,4,0.5959729201513524
5 Post June 2026,5_post_june_2026,1159,এইতি তো ভাই নাথি খাওয়ার কথা বার্তা শুরু করছে দামানের ঘর ছেড়ে এসে নাঙ্গের ঘরে এসে কথা কয় লজ্জা লাগে না,এইতি তো ভাই নাথি খাওয়ার কথা বার্তা শুরু করছে দামানের ঘর ছেড়ে এসে নাঙ্গের ঘরে এসে কথা কয় লজ্জা লাগে না,3,0.6778591458698718
5 Post June 2026,5_post_june_2026,1160,someone - গালি দিয়ে দিলো…,someone গালি দিয়ে দিলো,1,0.5999895989176169
5 Post June 2026,5_post_june_2026,1161,তুমি কোন চ্যানেল বাল?,তুমি কোন চ্যানেল বাল,2,0.7940836821729584
5 Post June 2026,5_post_june_2026,1162,এটা কে ভালো মনে করছিলাম।এখন দেখি এটা একটা খাটি জোকার,এটা কে ভালো মনে করছিলাম এখন দেখি এটা একটা খাটি জোকার,4,0.5279116363324101
5 Post June 2026,5_post_june_2026,1163,India promoting vloi,india promoting vloi,0,0.2
5 Post June 2026,5_post_june_2026,1164,সে কি পাগল হয়ে গেল নাকি?,সে কি পাগল হয়ে গেল নাকি,4,0.6914023067344776
5 Post June 2026,5_post_june_2026,1165,"চাপা মারা টা ভালোই আয়ত্বে এনেছো, দেশের না হোক নিজের আখের গোছাতে পারবে।",চাপা মারা টা ভালোই আয়ত্বে এনেছো দেশের না হোক নিজের আখের গোছাতে পারবে,0,0.9097905034426583
5 Post June 2026,5_post_june_2026,1166,পার্থ একটা বাটপার,পার্থ একটা বাটপার,4,0.7303158686707482
5 Post June 2026,5_post_june_2026,1167,Hum,hum,0,0.2
5 Post June 2026,5_post_june_2026,1168,শালা হাগল নি,শালা হাগল নি,4,0.5488500951993237
5 Post June 2026,5_post_june_2026,1169,হকার,হকার,0,0.2
5 Post June 2026,5_post_june_2026,1170,Dalal is dalal,dalal is dalal,4,0.7999325046926986
5 Post June 2026,5_post_june_2026,1171,ভিসা লাগা,ভিসা লাগা,4,0.7314981225257328
5 Post June 2026,5_post_june_2026,1172,বিনা প্রতিদ্বন্দ্বিতায় সংসদ সদস্য কি কয় না কয় বাস্তবতা বুইঝা কয় না,বিনা প্রতিদ্বন্দ্বিতায় সংসদ সদস্য কি কয় না কয় বাস্তবতা বুইঝা কয় না,1,0.6491764195936363
5 Post June 2026,5_post_june_2026,1173,বাটপার,বাটপার,3,0.5984094919346064
5 Post June 2026,5_post_june_2026,1174,তোমার চরিত্র দর্শকের কাছে পরিষ্কার হয়ে গেছে।,তোমার চরিত্র দর্শকের কাছে পরিষ্কার হয়ে গেছে,4,0.7327054161407754
5 Post June 2026,5_post_june_2026,1175,নির্লজ্জ কতো বড়,নির্লজ্জ কতো বড়,2,0.7980763330021492
5 Post June 2026,5_post_june_2026,1176,মানুষ টার মানষিক সমস্যা আছে,মানুষ টার মানষিক সমস্যা আছে,4,0.40191368387634385
5 Post June 2026,5_post_june_2026,1177,Number.on.jukar.parto,number on jukar parto,2,0.599985772935203
5 Post June 2026,5_post_june_2026,1178,জোকার। বি এন পির সকল এম পিরা এই জোকারের কথা মনোযোগ দিয়ে শুনছে। হায়রে আমার বাংলাদেশ।,জোকার বি এন পির সকল এম পিরা এই জোকারের কথা মনোযোগ দিয়ে শুনছে হায়রে আমার বাংলাদেশ,1,0.5633260870112391
5 Post June 2026,5_post_june_2026,1179,জোকার সালা,জোকার সালা,1,0.4000895823230643
5 Post June 2026,5_post_june_2026,1180,সংসদে যাইয়া এলাকার ঘুরে সমস্যা দেখুন তোমার জ্ঞান দেওয়া লাগবে না,সংসদে যাইয়া এলাকার ঘুরে সমস্যা দেখুন তোমার জ্ঞান দেওয়া লাগবে না,2,0.5082859163152341
5 Post June 2026,5_post_june_2026,1181,Nije k bro mone Kore naki,nije k bro mone kore naki,2,0.7333290384376934
5 Post June 2026,5_post_june_2026,1182,তুমি ভোলা নিয়ে আলাদা দেশ গঠন করো।,তুমি ভোলা নিয়ে আলাদা দেশ গঠন করো,0,0.8647450359332581
5 Post June 2026,5_post_june_2026,1183,বাটপার,বাটপার,3,0.5984094919346064
5 Post June 2026,5_post_june_2026,1184,বাল,বাল,1,0.595473366171046
5 Post June 2026,5_post_june_2026,1185,Is it a Joker or Mad?,is it a joker or mad,3,0.635805030187119
5 Post June 2026,5_post_june_2026,1186,শেখ বাড়ির জামাই,শেখ বাড়ির জামাই,1,0.597095832867174
5 Post June 2026,5_post_june_2026,1187,গাল্লান আছে,গাল্লান আছে,0,0.2
5 Post June 2026,5_post_june_2026,1188,Akbar Hossan এতে মনে হয় জানে না ভোলার মানুষ ফেনী আই মাটি কাটে,akbar hossan এতে মনে হয় জানে না ভোলার মানুষ ফেনী আই মাটি কাটে,1,0.6615652450937136
5 Post June 2026,5_post_june_2026,1189,ডেট পেল গাজা খেলে জা হয় জোকার,ডেট পেল গাজা খেলে জা হয় জোকার,0,0.5284941801206984
5 Post June 2026,5_post_june_2026,1190,রাতে টেবলেট খাওয়া হয়নি,রাতে টেবলেট খাওয়া হয়নি,2,0.43608352001125017
5 Post June 2026,5_post_june_2026,1192,Salut leader ata Bholar manusar caoya. Great,salut leader ata bholar manusar caoya great,2,0.4006949016688815
5 Post June 2026,5_post_june_2026,1193,পার্থের চিকিৎসা পাবনায় সম্ভব নয়। তাকে বুরকিনা ফাসোতে জরুরী ভিত্তিতে পঠানো উচিৎ।,পার্থের চিকিৎসা পাবনায় সম্ভব নয় তাকে বুরকিনা ফাসোতে জরুরী ভিত্তিতে পঠানো উচিৎ,0,0.5752014645536606
5 Post June 2026,5_post_june_2026,1194,যেমন বংশের পরিচয় তেমনি চাপাবাজ সংসদে সংসদ নেতা বানানো প্রয়োজন । জাতীয়তাবাদী দল জিন্দাবাদ,যেমন বংশের পরিচয় তেমনি চাপাবাজ সংসদে সংসদ নেতা বানানো প্রয়োজন জাতীয়তাবাদী দল জিন্দাবাদ,4,0.9092951474214578
5 Post June 2026,5_post_june_2026,1195,ভূলাতে কি আছে ডেভেলপমেন্ট কমিটি করতে হবে,ভূলাতে কি আছে ডেভেলপমেন্ট কমিটি করতে হবে,4,0.7277012243876101
5 Post June 2026,5_post_june_2026,1196,সংসদীয় জুকার।,সংসদীয় জুকার,4,0.5999804903670154
5 Post June 2026,5_post_june_2026,1197,bolar manos onek ace chittagong a riksa colai,bolar manos onek ace chittagong a riksa colai,0,0.5984805448119958
5 Post June 2026,5_post_june_2026,1198,আই এম টু অবাক এমপি মন্ত্রী ইছানগর জন…,আই এম টু অবাক এমপি মন্ত্রী ইছানগর জন,1,0.8640611284780718
5 Post June 2026,5_post_june_2026,1199,জোকার দেখুন।,জোকার দেখুন,1,0.5999989368035552
5 Post June 2026,5_post_june_2026,1200,"পা চাটা গোলাম,জোকার,",পা চাটা গোলাম জোকার,1,0.6149105838779643
5 Post June 2026,5_post_june_2026,1201,I don't know you. But I know your father Naziur Rahman. Your father's house is lake side Dhanmondi . During ex president Ershad period.,i don t know you but i know your father naziur rahman your father s house is lake side dhanmondi during ex president ershad period,1,0.8817059755171502
5 Post June 2026,5_post_june_2026,1202,Ak... Ta.... Pa.. Gol,ak ta pa gol,2,0.7333285027654012
5 Post June 2026,5_post_june_2026,1203,আমার ভালো একটা পাচাটা লোক দরকার ভাই,আমার ভালো একটা পাচাটা লোক দরকার ভাই,4,0.4052672479716784
5 Post June 2026,5_post_june_2026,1204,আপনি জোকার,আপনি জোকার,1,0.5999989368035552
5 Post June 2026,5_post_june_2026,1205,সাউআ,সাউআ,0,0.2
5 Post June 2026,5_post_june_2026,1206,Bro.Asa.kor.A.manus.songsode.A.diya.silo Amin.telbaji.dektese.telbaj,bro asa kor a manus songsode a diya silo amin telbaji dektese telbaj,2,0.5999887736290276
5 Post June 2026,5_post_june_2026,1207,"ভুলার শুভেন্দু অধিকারী , জোকার।",ভুলার শুভেন্দু অধিকারী জোকার,1,0.5999989368035552
5 Post June 2026,5_post_june_2026,1208,এর মত সুবিধাভোগী বাংলাদেশে নাই,এর মত সুবিধাভোগী বাংলাদেশে নাই,4,0.7968636656674383
5 Post June 2026,5_post_june_2026,1209,বাটপার একটা,বাটপার একটা,3,0.5984094919346064
5 Post June 2026,5_post_june_2026,1210,Suvendu odhikari,suvendu odhikari,0,0.2
5 Post June 2026,5_post_june_2026,1211,"আমি বিএনপি'র একজন সাধারণ কর্মী হয়ে বলছি, ব্যারিস্টার আন্দালিব রহমান পার্থ সাহেব'কে বলছি, একটু দয়া করে আপনি কমেন্ট গুলো দেখেন, …",আমি বিএনপি র একজন সাধারণ কর্মী হয়ে বলছি ব্যারিস্টার আন্দালিব রহমান পার্থ সাহেব কে বলছি একটু দয়া করে আপনি কমেন্ট গুলো দেখেন,4,0.9380407033584536
5 Post June 2026,5_post_june_2026,1212,ভোলা বাল,ভোলা বাল,1,0.7318852816016913
5 Post June 2026,5_post_june_2026,1213,"এগিয়ে যান, চাপার জোর থাকলে কেহ আপনাকে হারাতে পারবে না।",এগিয়ে যান চাপার জোর থাকলে কেহ আপনাকে হারাতে পারবে না,0,0.5244712018457925
5 Post June 2026,5_post_june_2026,1214,"পূর্বে বিনোদন দিতো মমতাজ,আর এখন এই আবাল",পূর্বে বিনোদন দিতো মমতাজ আর এখন এই আবাল,0,0.7989999231811192
5 Post June 2026,5_post_june_2026,1215,হায় হায়,হায় হায়,4,0.7333276970691865
5 Post June 2026,5_post_june_2026,1216,একটা ফাউল ও চাপাবাজ।,একটা ফাউল ও চাপাবাজ,2,0.7285453273638672
5 Post June 2026,5_post_june_2026,1217,একটা জোকার,একটা জোকার,1,0.5999989368035552
5 Post June 2026,5_post_june_2026,1218,"শেখ হাসিনার আত্নীয় না হইলে,,,অনেক আগেই ভোলার মানুষই তোমার সাওয়া মাউয়া টাইনা ছিড়া ফালাইতো",শেখ হাসিনার আত্নীয় না হইলে অনেক আগেই ভোলার মানুষই তোমার সাওয়া মাউয়া টাইনা ছিড়া ফালাইতো,1,0.6994272964888657
5 Post June 2026,5_post_june_2026,1219,Halar pot din din joker e porinito hocche,halar pot din din joker e porinito hocche,2,0.7950027913484432
5 Post June 2026,5_post_june_2026,1220,Pagol hala,pagol hala,2,0.5999957960249579
5 Post June 2026,5_post_june_2026,1221,"এক ভোলা কয়জন কে দিতে চান ইন্ডিয়া, চায়না, মালেশিয়া। বাংলাদেশে রাখতে দিবেন না",এক ভোলা কয়জন কে দিতে চান ইন্ডিয়া চায়না মালেশিয়া বাংলাদেশে রাখতে দিবেন না,1,0.8972638112779118
5 Post June 2026,5_post_june_2026,1222,চা//পার জোরে দেশ চলে,চা পার জোরে দেশ চলে,3,0.46072021715857864
5 Post June 2026,5_post_june_2026,1223,"রাজনীতি কি জিনিস, চিনি চোরের পোলা বড়ই আজব নিজিস, …",রাজনীতি কি জিনিস চিনি চোরের পোলা বড়ই আজব নিজিস,3,0.8846157695890778
5 Post June 2026,5_post_june_2026,1224,চিনি চুরি করবে কে তাহলে??,চিনি চুরি করবে কে তাহলে,3,0.7980711680467167
5 Post June 2026,5_post_june_2026,1225,"চিনি চোরের ছেলের স্বভাব পরিবর্তন না হলে শুধু পিছন থেকে নয়, সব দিকে থেকে আসবে জুতা মারতে।",চিনি চোরের ছেলের স্বভাব পরিবর্তন না হলে শুধু পিছন থেকে নয় সব দিকে থেকে আসবে জুতা মারতে,3,0.5239462226076146
5 Post June 2026,5_post_june_2026,1226,"আবাল, কখন কি বলে নিজেও জানে না,,,,",আবাল কখন কি বলে নিজেও জানে না,3,0.5423687227762042
5 Post June 2026,5_post_june_2026,1227,সংসদে কি তামাশা চলছে,সংসদে কি তামাশা চলছে,4,0.7942848383077823
5 Post June 2026,5_post_june_2026,1228,বাটপারের ছেলে তো বাটপারই হবে।,বাটপারের ছেলে তো বাটপারই হবে,3,0.5999959836906721
5 Post June 2026,5_post_june_2026,1229,এই.. দালাল,এই দালাল,0,0.5999958209370793
5 Post June 2026,5_post_june_2026,1230,চাপা,চাপা,0,0.5999929261689128
5 Post June 2026,5_post_june_2026,1231,"বাটপার,,,",বাটপার,3,0.5984094919346064
5 Post June 2026,5_post_june_2026,1232,batper kota kom kow,batper kota kom kow,4,0.4001625178270757
5 Post June 2026,5_post_june_2026,1233,"এই যোকার কি বলে,পাবনায় পাঠানো হোক",এই যোকার কি বলে পাবনায় পাঠানো হোক,0,0.6135369843113453
5 Post June 2026,5_post_june_2026,1234,যতো বেশি লাপানী ততই খারাপ সময় কাছে আসে।।।,যতো বেশি লাপানী ততই খারাপ সময় কাছে আসে,4,0.5899217221288919
5 Post June 2026,5_post_june_2026,1235,শালায় গাজা খায় নাকি গাজায় শালাকে খায়,শালায় গাজা খায় নাকি গাজায় শালাকে খায়,4,0.8850142465106905
5 Post June 2026,5_post_june_2026,1236,Big Chapabaj.,big chapabaj,0,0.2
5 Post June 2026,5_post_june_2026,1237,গোপাল বার এর দ্বিতীয় ভার্শন,গোপাল বার এর দ্বিতীয় ভার্শন,0,0.5974312478134045
5 Post June 2026,5_post_june_2026,1238,ছাগলে কিনা খায় আর পাগলের কিনা কয়?,ছাগলে কিনা খায় আর পাগলের কিনা কয়,3,0.8852229892770056
5 Post June 2026,5_post_june_2026,1239,শেষ পর্যন্ত জাতীয় জোকারে পরিণত হলো??,শেষ পর্যন্ত জাতীয় জোকারে পরিণত হলো,0,0.5323807408272875
5 Post June 2026,5_post_june_2026,1240,পাদ বডুয়া,পাদ বডুয়া,0,0.2
5 Post June 2026,5_post_june_2026,1241,দলের পতন ঘটাতে বেশি লাগেনা দুই একটাই যথেষ্ট তার একটা এই।,দলের পতন ঘটাতে বেশি লাগেনা দুই একটাই যথেষ্ট তার একটা এই,1,0.8375776865008965
5 Post June 2026,5_post_june_2026,1242,ভোলার ওর মায়ের ভাতার এর,ভোলার ওর মায়ের ভাতার এর,4,0.7328357089054335
5 Post June 2026,5_post_june_2026,1243,এই পাগল টাগল হইল নাকি???,এই পাগল টাগল হইল নাকি,4,0.7965952550174118
5 Post June 2026,5_post_june_2026,1244,মিস্টার জোকার,মিস্টার জোকার,1,0.7291061732617373
5 Post June 2026,5_post_june_2026,1245,ভোলা বাসী একটা জোলা,ভোলা বাসী একটা জোলা,1,0.5991644456312194
5 Post June 2026,5_post_june_2026,1246,বৈঁচুদ,বৈঁচুদ,0,0.2
5 Post June 2026,5_post_june_2026,1247,চোর,চোর,4,0.5999945609666961
5 Post June 2026,5_post_june_2026,1248,Tomar Jonno pabna khulase,tomar jonno pabna khulase,0,0.5999856311491548
5 Post June 2026,5_post_june_2026,1249,পূর্বে নাচনেওয়ালি মমতাজ ছিলো আর বর্তমানে আছেন জনাব জোকার পার্থ দা,পূর্বে নাচনেওয়ালি মমতাজ ছিলো আর বর্তমানে আছেন জনাব জোকার পার্থ দা,4,0.5036933482178548
5 Post June 2026,5_post_june_2026,1250,Chagol,chagol,0,0.2
5 Post June 2026,5_post_june_2026,1251,না ওরা পাগলা করে তো ভর্তি করা দরকার অতি জরুরী,না ওরা পাগলা করে তো ভর্তি করা দরকার অতি জরুরী,0,0.5441041763495703
5 Post June 2026,5_post_june_2026,1252,তার ছিড়ে গেছে পার্থর,তার ছিড়ে গেছে পার্থর,2,0.5999857323939145
5 Post June 2026,5_post_june_2026,1253,চুদানি,চুদানি,0,0.2
5 Post June 2026,5_post_june_2026,1254,Auomilig ar somoy 22 hajar income korsae akhon ta hobe 3gun so aisob bolai jay,auomilig ar somoy hajar income korsae akhon ta hobe gun so aisob bolai jay,2,0.7766020586504911
5 Post June 2026,5_post_june_2026,1255,সংসদে মলম বিক্রি হচ্ছে নাকি,সংসদে মলম বিক্রি হচ্ছে নাকি,2,0.7981033018744835
5 Post June 2026,5_post_june_2026,1256,Pagol,pagol,2,0.5999957960249579
5 Post June 2026,5_post_june_2026,1257,Vola will be sugar cor,vola will be sugar cor,1,0.5977936572990861
5 Post June 2026,5_post_june_2026,1258,কিন্তু সেটা তোর মত দালালের দ্বারা করা সম্ভব না...,কিন্তু সেটা তোর মত দালালের দ্বারা করা সম্ভব না,0,0.8395459026855745
5 Post June 2026,5_post_june_2026,1259,সংসদটা পাগলের মেলা হয়ে গেছে,সংসদটা পাগলের মেলা হয়ে গেছে,4,0.5498353363862324
5 Post June 2026,5_post_june_2026,1260,তোমার মাথা হাগল হয়েছে রেেেেে,তোমার মাথা হাগল হয়েছে রেেেেে,2,0.729868725320793
5 Post June 2026,5_post_june_2026,1261,প্রধানমন্ত্রীর চাকর এর বাচ্চা,প্রধানমন্ত্রীর চাকর এর বাচ্চা,4,0.7308964161988101
5 Post June 2026,5_post_june_2026,1262,ভোলা কে কিভাবে সারাদেশের মানুষ চিনে যারা ঢাকায় থাকে তারা ভালোভাবে জানে আমি আর কিছু বললাম না।,ভোলা কে কিভাবে সারাদেশের মানুষ চিনে যারা ঢাকায় থাকে তারা ভালোভাবে জানে আমি আর কিছু বললাম না,1,0.5374960051795968
5 Post June 2026,5_post_june_2026,1263,Tel enough diye felse. Now time for reward,tel enough diye felse now time for reward,0,0.7997240904725456
5 Post June 2026,5_post_june_2026,1264,হালায় একটা জিনিস,হালায় একটা জিনিস,3,0.7333297183165287
5 Post June 2026,5_post_june_2026,1265,"হেই, সে রেগে গেল",হেই সে রেগে গেল,4,0.3999479568951877
5 Post June 2026,5_post_june_2026,1266,আমার মনে হয় বাংলা গুলো আমাদের ইংরেজি স্টাইলে শিখার দরকার এইসব বুঝার জন্য,আমার মনে হয় বাংলা গুলো আমাদের ইংরেজি স্টাইলে শিখার দরকার এইসব বুঝার জন্য,2,0.8637648769348687
5 Post June 2026,5_post_june_2026,1267,দেশের পরিস্থিতি যখন ঘোলা তখন স্বপ্নে বিভোর ভোলা।…,দেশের পরিস্থিতি যখন ঘোলা তখন স্বপ্নে বিভোর ভোলা,4,0.44492563018618503
5 Post June 2026,5_post_june_2026,1268,Volar manush golabaj,volar manush golabaj,2,0.5999855910901003
5 Post June 2026,5_post_june_2026,1269,মানুষ তাদের অস্তিত্ব সম্মান মূল্যবান এইভাবে হারায়,মানুষ তাদের অস্তিত্ব সম্মান মূল্যবান এইভাবে হারায়,1,0.5473836439716571
5 Post June 2026,5_post_june_2026,1270,ছাগল,ছাগল,3,0.5999957569252645
5 Post June 2026,5_post_june_2026,1271,আইছে অগি,আইছে অগি,0,0.2
5 Post June 2026,5_post_june_2026,1272,"মাননীয় এমপি সাহেব, আপনাকে তো এক ও দেখলাম না, ভোটের পরে, একটা হাসপাতাল, বাজার, বা কোনো কোনো ইউনিয়ন ভিজিট করতে,",মাননীয় এমপি সাহেব আপনাকে তো এক ও দেখলাম না ভোটের পরে একটা হাসপাতাল বাজার বা কোনো কোনো ইউনিয়ন ভিজিট করতে,0,0.9262829525492671
5 Post June 2026,5_post_june_2026,1273,প্রোডাক্ট অফ জারজ,প্রোডাক্ট অফ জারজ,1,0.5999783205915494
5 Post June 2026,5_post_june_2026,1274,ছাগল একটা,ছাগল একটা,3,0.5999957569252645
5 Post June 2026,5_post_june_2026,1275,তা হলে ভোলা বরিশালের সেতুর বাজেট করতে পারলেন না কেন এখন এতো ছিড়তে পারে,তা হলে ভোলা বরিশালের সেতুর বাজেট করতে পারলেন না কেন এখন এতো ছিড়তে পারে,0,0.5156990177477838
5 Post June 2026,5_post_june_2026,1276,লঞ্চের প**** ধইরা ঘুরো তুমি। হেলিকপ্টার দিয়ে ঘুরা লাগবেনা।,লঞ্চের প ধইরা ঘুরো তুমি হেলিকপ্টার দিয়ে ঘুরা লাগবেনা,0,0.2
5 Post June 2026,5_post_june_2026,1277,এর জন্যই চাপার দাম বারতেসে,এর জন্যই চাপার দাম বারতেসে,2,0.546666008233608
5 Post June 2026,5_post_june_2026,1278,ছাগল,ছাগল,3,0.5999957569252645
5 Post June 2026,5_post_june_2026,1279,জোকার জোকারি করছে সংসদ টাকে এরা নাট্রমঞ্চ বাইয়া ফেলছে,জোকার জোকারি করছে সংসদ টাকে এরা নাট্রমঞ্চ বাইয়া ফেলছে,1,0.44005606217535054
5 Post June 2026,5_post_june_2026,1280,কুত্তা,কুত্তা,2,0.5999802671160965
5 Post June 2026,5_post_june_2026,1281,গজা কি বাসি পেটে খেয়ে ফেলছে নাকি,গজা কি বাসি পেটে খেয়ে ফেলছে নাকি,0,0.47926240692813976
5 Post June 2026,5_post_june_2026,1282,মুন্রীদের চুরি পরে ঐইছাগলে পিছু চলা উচিত,মুন্রীদের চুরি পরে ঐইছাগলে পিছু চলা উচিত,3,0.7946900694500081
5 Post June 2026,5_post_june_2026,1283,নতুন জোকারের আবিষ্কার,নতুন জোকারের আবিষ্কার,0,0.7325602323852932
5 Post June 2026,5_post_june_2026,1284,"I will send/gift a Cow Curt made in Kasha, Made in Thailand.",i will send gift a cow curt made in kasha made in thailand,4,0.7325134135301685
5 Post June 2026,5_post_june_2026,1285,"হুম,,, বাাাাল ফেলে রশি বানিয়ে সেই রচু বিক্রি করে মক্কা সফরে যাবে!!",হুম বাাাাল ফেলে রশি বানিয়ে সেই রচু বিক্রি করে মক্কা সফরে যাবে,0,0.5437240157569291
5 Post June 2026,5_post_june_2026,1286,আবাল একটা,আবাল একটা,3,0.5975914364243665
5 Post June 2026,5_post_june_2026,1287,ভুলা কে আলাদা প্রদেশ করে দিলে কেমন হয়...?,ভুলা কে আলাদা প্রদেশ করে দিলে কেমন হয়,3,0.729213011458791
5 Post June 2026,5_post_june_2026,1288,জোকার একটা নিজেকে অনেক বড় জোকার মনে করে,জোকার একটা নিজেকে অনেক বড় জোকার মনে করে,1,0.6012415983927172
5 Post June 2026,5_post_june_2026,1289,"বাংলাদেশের টেলিসামাদ, বাংলাদেশের রবিউল, আনিস, হাসমত। সংসদ হয়ে গেছে চিড়িয়াখানা, বিনোদনের জায়গা।",বাংলাদেশের টেলিসামাদ বাংলাদেশের রবিউল আনিস হাসমত সংসদ হয়ে গেছে চিড়িয়াখানা বিনোদনের জায়গা,4,0.8661883360456002
5 Post June 2026,5_post_june_2026,1290,অন্যরা মনেমনে বলতেছেন এরে কেউ থামাচ্ছে না কেন?,অন্যরা মনেমনে বলতেছেন এরে কেউ থামাচ্ছে না কেন,1,0.5999708329753872
5 Post June 2026,5_post_june_2026,1291,Ami fail.Anwar.ny.,ami fail anwar ny,2,0.5999805548339227
5 Post June 2026,5_post_june_2026,1292,কিছু বুঝিনা সংসদে সবাই অর কথা শুনে হাসে,কিছু বুঝিনা সংসদে সবাই অর কথা শুনে হাসে,0,0.8374050939061238
5 Post June 2026,5_post_june_2026,1293,"উন্নয়নের বড় বড় কথা বলা সহজ, বিশেষ করে যারা এলিট সার্কেলে থেকে রাজনীতি করেন। ভোলাকে “দুবাই” বানানোর কথা শুনলে যারা সেখানে প্রতি…",উন্নয়নের বড় বড় কথা বলা সহজ বিশেষ করে যারা এলিট সার্কেলে থেকে রাজনীতি করেন ভোলাকে দুবাই বানানোর কথা শুনলে যারা সেখানে প্রতি,2,0.936926884823854
5 Post June 2026,5_post_june_2026,1294,চিনি চোরের পুত্র বলে কথা,চিনি চোরের পুত্র বলে কথা,3,0.641912403358465
5 Post June 2026,5_post_june_2026,1295,জোকার করে কি,জোকার করে কি,1,0.5999989368035552
5 Post June 2026,5_post_june_2026,1296,আবার মন্ত্রীরা হাসে আসল কথা হলো পার্থ ভাই মন্ত্রিত্ব চায় তবে পেয়ে যাবে মনে হয়,আবার মন্ত্রীরা হাসে আসল কথা হলো পার্থ ভাই মন্ত্রিত্ব চায় তবে পেয়ে যাবে মনে হয়,1,0.5069390106918727
5 Post June 2026,5_post_june_2026,1297,Dekhlei jukar er moto lage,dekhlei jukar er moto lage,2,0.7333280910510211
5 Post June 2026,5_post_june_2026,1298,"অরজিনাল বাটপার,,",অরজিনাল বাটপার,3,0.5984094919346064
5 Post June 2026,5_post_june_2026,1299,ভোলা বাংলাদেশের বাল বাইন্সুত,ভোলা বাংলাদেশের বাল বাইন্সুত,1,0.7976212840777528
5 Post June 2026,5_post_june_2026,1300,জাতীয় জোকার পার্টির কেন্দ্রীয় খেতা সার্থ,জাতীয় জোকার পার্টির কেন্দ্রীয় খেতা সার্থ,1,0.40014428267739194
5 Post June 2026,5_post_june_2026,1301,ভোলা মানেই চিনি চোরের পরিবার,ভোলা মানেই চিনি চোরের পরিবার,3,0.638126364486416
5 Post June 2026,5_post_june_2026,1302,"চাপাবাজী করে নিজেকে বাহাদুর মনে করছে, কাটুন।",চাপাবাজী করে নিজেকে বাহাদুর মনে করছে কাটুন,2,0.7975112952640138
5 Post June 2026,5_post_june_2026,1303,বিএনপির সেরা জোকার!,বিএনপির সেরা জোকার,1,0.7991559899242157
5 Post June 2026,5_post_june_2026,1304,Joker,joker,0,0.5984186303253541
5 Post June 2026,5_post_june_2026,1305,বাংলার জোকার পার্থ,বাংলার জোকার পার্থ,4,0.5472840541509898
5 Post June 2026,5_post_june_2026,1306,বেহালাতে আস্ত একটা বাটপার,বেহালাতে আস্ত একটা বাটপার,1,0.3994964670608947
5 Post June 2026,5_post_june_2026,1307,over sapri,over sapri,0,0.2
5 Post June 2026,5_post_june_2026,1308,শালা পাগলের বাচ্ছা।,শালা পাগলের বাচ্ছা,3,0.7274748995330954
5 Post June 2026,5_post_june_2026,1309,"অবসরপ্রাপ্ত শিক্ষকদের কল্যাণের টাকাগুলো দিলেও তো তারা দুমুঠো খেয়ে বাঁচে। এভাবে, অসহায় দরিদ্র শিক্ষক কর্মচারীরা অনাহারে বিনাচিক…",অবসরপ্রাপ্ত শিক্ষকদের কল্যাণের টাকাগুলো দিলেও তো তারা দুমুঠো খেয়ে বাঁচে এভাবে অসহায় দরিদ্র শিক্ষক কর্মচারীরা অনাহারে বিনাচিক,0,0.8369617096805362
5 Post June 2026,5_post_june_2026,1310,একটা বানর তার সাথে থাকলে ভালো হতো।,একটা বানর তার সাথে থাকলে ভালো হতো,2,0.7968100963835597
5 Post June 2026,5_post_june_2026,1311,আপনার পিছে এই জন্যই ঘুরে না কারণ আপনি অপদার্থ,আপনার পিছে এই জন্যই ঘুরে না কারণ আপনি অপদার্থ,1,0.7329698058240427
5 Post June 2026,5_post_june_2026,1312,চাটুকার,চাটুকার,0,0.5991828702122208
5 Post June 2026,5_post_june_2026,1313,Ata ki pagla,ata ki pagla,2,0.7333301564625533
5 Post June 2026,5_post_june_2026,1314,Matal,matal,0,0.2
5 Post June 2026,5_post_june_2026,1315,তুমি তো হাসিনাকে তোমার আদশ্য মনে করো,তুমি তো হাসিনাকে তোমার আদশ্য মনে করো,3,0.796506969064611
5 Post June 2026,5_post_june_2026,1316,"পার্থ মানেই বর্তমানে বিনোদন । পার্থ মানেই স্বার্থ, পার্থ মানেই পার্টিবাজ, বর্তমানে পাছাটা । পার্থ এখন প্রধানমন্ত্রী চাকর, হোম সারভেন্ট।",পার্থ মানেই বর্তমানে বিনোদন পার্থ মানেই স্বার্থ পার্থ মানেই পার্টিবাজ বর্তমানে পাছাটা পার্থ এখন প্রধানমন্ত্রী চাকর হোম সারভেন্ট,4,0.9372336640433117
5 Post June 2026,5_post_june_2026,1317,"নিজে যারে বড় বলে বড় সেই নয়, লোকে যারে বড় বলে বড় সেই হয় । এই শিক্ষিত জোকারের কপালে শেষ পর্যন্ত কি আছে আল্লাহ মালুম।",নিজে যারে বড় বলে বড় সেই নয় লোকে যারে বড় বলে বড় সেই হয় এই শিক্ষিত জোকারের কপালে শেষ পর্যন্ত কি আছে আল্লাহ মালুম,0,0.5474621739877724
5 Post June 2026,5_post_june_2026,1318,ও আসলে কোনো কাজের কথা বলে নাকি শুধু ইংরেজি বলে নজর কাড়ার চেষ্টা করে।,ও আসলে কোনো কাজের কথা বলে নাকি শুধু ইংরেজি বলে নজর কাড়ার চেষ্টা করে,3,0.9185340889006419
5 Post June 2026,5_post_june_2026,1319,সংসদে বিএনপি সবাই জোকার একেকজনের একেক ধরনের অভিনয় দেখলে পাগলেও হাসে,সংসদে বিএনপি সবাই জোকার একেকজনের একেক ধরনের অভিনয় দেখলে পাগলেও হাসে,0,0.5183932230105632
5 Post June 2026,5_post_june_2026,1320,চিনি চুরি শিখার জন্য,চিনি চুরি শিখার জন্য,3,0.7299405141948414
5 Post June 2026,5_post_june_2026,1321,জোকার!,জোকার,1,0.5999989368035552
5 Post June 2026,5_post_june_2026,1322,জোঁকার,জোঁকার,0,0.2
5 Post June 2026,5_post_june_2026,1323,জোকার,জোকার,1,0.5999989368035552
5 Post June 2026,5_post_june_2026,1324,সৃজনশীল চাপাবাজ,সৃজনশীল চাপাবাজ,4,0.5975603468287954
5 Post June 2026,5_post_june_2026,1325,Besi kota bole,besi kota bole,2,0.5999944861999061
5 Post June 2026,5_post_june_2026,1326,পাগলা,পাগলা,2,0.5994462152901235
5 Post June 2026,5_post_june_2026,1327,ধান্দাবাজ,ধান্দাবাজ,0,0.2
5 Post June 2026,5_post_june_2026,1328,বর্তমানে সিনেমা হল বন্ধ হয়ে গেছে এখন দেখতে হলে সংসদের দিকে তাকালে দেখতে পারা যায় কিছু লোক যে রকম ভাব ভঙ্গ করে নায়কে ফেল ফেল…,বর্তমানে সিনেমা হল বন্ধ হয়ে গেছে এখন দেখতে হলে সংসদের দিকে তাকালে দেখতে পারা যায় কিছু লোক যে রকম ভাব ভঙ্গ করে নায়কে ফেল ফেল,1,0.9457486150436162
5 Post June 2026,5_post_june_2026,1329,গেছিলি তো পিডা খাইয়া আসছোস,গেছিলি তো পিডা খাইয়া আসছোস,3,0.5999818401435436
5 Post June 2026,5_post_june_2026,1330,ভোলায় কয়েকটা ছাগলের খামার করা হোক। তাহলে ছাগল দেখতে সবাই ভুলে ভোলা চলে যাবে।।,ভোলায় কয়েকটা ছাগলের খামার করা হোক তাহলে ছাগল দেখতে সবাই ভুলে ভোলা চলে যাবে,3,0.6485375868518879
5 Post June 2026,5_post_june_2026,1331,হা হা হা,হা হা হা,2,0.799999494241525
5 Post June 2026,5_post_june_2026,1332,চাপা বাজ চিনি,চাপা বাজ চিনি,0,0.5500738273763324
5 Post June 2026,5_post_june_2026,1333,এটা কি ছবির সুটিং চলছে ভাই।,এটা কি ছবির সুটিং চলছে ভাই,4,0.7318944026345804
5 Post June 2026,5_post_june_2026,1334,দালাল,দালাল,0,0.5999958209370793
5 Post June 2026,5_post_june_2026,1335,ভোলা,ভোলা,1,0.5991644456312194
5 Post June 2026,5_post_june_2026,1336,জোকার,জোকার,1,0.5999989368035552
5 Post June 2026,5_post_june_2026,1337,চাপাবাজি বন্ধ করেন,চাপাবাজি বন্ধ করেন,4,0.5498374097325608
5 Post June 2026,5_post_june_2026,1338,পাগল কত প্রকার হয়।,পাগল কত প্রকার হয়,4,0.46567434502981603
5 Post June 2026,5_post_june_2026,1339,সেই বিনোদন,সেই বিনোদন,0,0.5998479963642455
5 Post June 2026,5_post_june_2026,1340,সালায় একটা জোকার,সালায় একটা জোকার,1,0.5999989368035552
5 Post June 2026,5_post_june_2026,1341,Batper,batper,4,0.5999845646465588
5 Post June 2026,5_post_june_2026,1342,এত ছাগল,এত ছাগল,3,0.7331539735324556
5 Post June 2026,5_post_june_2026,1343,পাগল,পাগল,4,0.5999987330131537
5 Post June 2026,5_post_june_2026,1344,চিনি চোরের পোলা এখন মবের রাজত্ব কায়েম করছে।,চিনি চোরের পোলা এখন মবের রাজত্ব কায়েম করছে,3,0.8392331142755204
5 Post June 2026,5_post_june_2026,1345,তোর মতো ঝোকার মানুষ আর দেকতে চায় না,তোর মতো ঝোকার মানুষ আর দেকতে চায় না,0,0.6172661064341115
5 Post June 2026,5_post_june_2026,1346,সংসদ হয়ে গেছে এখন নাট্য মঞ্চ তারে তো জোকার এর মতন লাগে,সংসদ হয়ে গেছে এখন নাট্য মঞ্চ তারে তো জোকার এর মতন লাগে,4,0.37321114676840755
5 Post June 2026,5_post_june_2026,1347,জোকার,জোকার,1,0.5999989368035552
5 Post June 2026,5_post_june_2026,1348,এ তো দেখছি আর এক #আম তারেক।,এ তো দেখছি আর এক আম তারেক,4,0.7331278805202084
5 Post June 2026,5_post_june_2026,1349,পুরাই গাঁজা খুর,পুরাই গাঁজা খুর,2,0.7322876613891447
5 Post June 2026,5_post_june_2026,1350,সালা সুবিধা বাদি,সালা সুবিধা বাদি,2,0.7330252605214882
5 Post June 2026,5_post_june_2026,1351,কম বল জনাব। ভোলা হবে মোদির গুজরাট।,কম বল জনাব ভোলা হবে মোদির গুজরাট,4,0.638937465774711
5 Post June 2026,5_post_june_2026,1352,এই পার্থ দেখি পুরাই পাগল হয়ে গেছে,এই পার্থ দেখি পুরাই পাগল হয়ে গেছে,4,0.8654269764239164
5 Post June 2026,5_post_june_2026,1353,জোকার,জোকার,1,0.5999989368035552
5 Post June 2026,5_post_june_2026,1354,জোকার!,জোকার,1,0.5999989368035552
5 Post June 2026,5_post_june_2026,1355,৮৮২ টা শুধু হাহা।,টা শুধু হাহা,0,0.7333260135950966
5 Post June 2026,5_post_june_2026,1356,এখন ও ভালো করে ইংরেজি উচ্চারণ করতে পারে না,এখন ও ভালো করে ইংরেজি উচ্চারণ করতে পারে না,3,0.8374657614844128
5 Post June 2026,5_post_june_2026,1357,তাহলে আগামী ১৭ বছর রিলেক্স,তাহলে আগামী বছর রিলেক্স,3,0.4555364443848774
5 Post June 2026,5_post_june_2026,1358,",,,,,,, ভালোর মর্যাদা ও গুনির সমাদর যদি করতে নাই পারি বা ভালো কিছু দেখলে যদি শরীরে জ্বালা ধরে তাহলে মানুষ হিসাবে চুপ থাকুন এবং…",ভালোর মর্যাদা ও গুনির সমাদর যদি করতে নাই পারি বা ভালো কিছু দেখলে যদি শরীরে জ্বালা ধরে তাহলে মানুষ হিসাবে চুপ থাকুন এবং,0,0.5219304115792321
5 Post June 2026,5_post_june_2026,1360,এতো তাড়াতাড়ি যে কাকা?,এতো তাড়াতাড়ি যে কাকা,0,0.7986786792208306
5 Post June 2026,5_post_june_2026,1361,আমি কি হাসতে পারবো,আমি কি হাসতে পারবো,3,0.5959098041194554
5 Post June 2026,5_post_june_2026,1362,চাটাচাটি ছাড়া আর কিছু নাই,চাটাচাটি ছাড়া আর কিছু নাই,4,0.7980788485814734
5 Post June 2026,5_post_june_2026,1363,এখন শুধু নোবেল পাওয়া বাকি,এখন শুধু নোবেল পাওয়া বাকি,0,0.7996888003828784
5 Post June 2026,5_post_june_2026,1364,পাগল,পাগল,4,0.5999987330131537
5 Post June 2026,5_post_june_2026,1365,কোথায় কাকা,কোথায় কাকা,2,0.5978535535959447
5 Post June 2026,5_post_june_2026,1366,শুধু বিম্পির কাছে।,শুধু বিম্পির কাছে,4,0.5986135854974833
5 Post June 2026,5_post_june_2026,1367,জ্বি তাতো এই কমেন্ট দেখেই বোজা যাচ্ছে,জ্বি তাতো এই কমেন্ট দেখেই বোজা যাচ্ছে,0,0.797172679542105
5 Post June 2026,5_post_june_2026,1368,ঐ দিক তো ঠিক হবেই কারণ এইদিকে তো জয় বাংলা হইতেছে,ঐ দিক তো ঠিক হবেই কারণ এইদিকে তো জয় বাংলা হইতেছে,0,0.6274453227913698
5 Post June 2026,5_post_june_2026,1369,আঙ্গুল দিয়ে দেখিয়ে দিলেন প্রেসিডেন্ট প্রধানমন্ত্রীর পুত্র প্রধানমন্ত্রীকে কিভাবে বরণ করে নিতে হয়। চায়না দেখিয়ে দিল যেগু…,আঙ্গুল দিয়ে দেখিয়ে দিলেন প্রেসিডেন্ট প্রধানমন্ত্রীর পুত্র প্রধানমন্ত্রীকে কিভাবে বরণ করে নিতে হয় চায়না দেখিয়ে দিল যেগু,0,0.48379304922770744
5 Post June 2026,5_post_june_2026,1370,"আমিই-পারি,,,,,আমিই - পারব,,,,, আমিই করিয়ে দেখিয়ে-দিবো সবাই-কে -ইনশাআল্লাহ।''''' গোপালগঞ্জ নয়, বগুড়া নয়, নয় কোন অন্য জেলার '…",আমিই পারি আমিই পারব আমিই করিয়ে দেখিয়ে দিবো সবাই কে ইনশাআল্লাহ গোপালগঞ্জ নয় বগুড়া নয় নয় কোন অন্য জেলার,0,0.7116696982408983
5 Post June 2026,5_post_june_2026,1371,বুঝলাম! তাহলে কি আগামীতে জাতিসংঘের মহাসচিব পদে প্রতিদ্বন্দ্বিতা করবে!,বুঝলাম তাহলে কি আগামীতে জাতিসংঘের মহাসচিব পদে প্রতিদ্বন্দ্বিতা করবে,0,0.8373020633220861
5 Post June 2026,5_post_june_2026,1372,ওবায়দুল কাদেরের বড় ভাই ফখরুল,ওবায়দুল কাদেরের বড় ভাই ফখরুল,0,0.8640117141277014
5 Post June 2026,5_post_june_2026,1373,এতে যে প্রধান মন্ত্রী বিশ্বের কেউ চিনেনি।,এতে যে প্রধান মন্ত্রী বিশ্বের কেউ চিনেনি,1,0.5173965648547629
5 Post June 2026,5_post_june_2026,1374,চুল কাটতে পারে?,চুল কাটতে পারে,3,0.5986007621016656
5 Post June 2026,5_post_june_2026,1375,এটা দেখে আরো খাওয়া কাদেরের চেয়েও কম না অনেক বেশি,এটা দেখে আরো খাওয়া কাদেরের চেয়েও কম না অনেক বেশি,3,0.6449287059277619
5 Post June 2026,5_post_june_2026,1376,কাম সারছে এবার ঘুমাইতে বলেন.....!,কাম সারছে এবার ঘুমাইতে বলেন,2,0.7996833646807648
5 Post June 2026,5_post_june_2026,1377,সব দোষ গাঞ্জার,সব দোষ গাঞ্জার,1,0.5999962161973932
5 Post June 2026,5_post_june_2026,1378,তাহলে এইবার আন্তর্জাতিক কার্ড পাওয়া যাবে,তাহলে এইবার আন্তর্জাতিক কার্ড পাওয়া যাবে,3,0.5443632413523688
5 Post June 2026,5_post_june_2026,1379,কিতা কয় মামা,কিতা কয় মামা,1,0.7320643865851347
5 Post June 2026,5_post_june_2026,1380,মরুব্বি ঠিকই কইছুইন।,মরুব্বি ঠিকই কইছুইন,2,0.5988535198761912
5 Post June 2026,5_post_june_2026,1381,এই খবর বিম্পি ছাড়া আর কেউ জানেনা,এই খবর বিম্পি ছাড়া আর কেউ জানেনা,4,0.5491558886985443
5 Post June 2026,5_post_june_2026,1382,তাই! তা কবে থেকে?,তাই তা কবে থেকে,1,0.7310814741610488
5 Post June 2026,5_post_june_2026,1383,"whatever you say officer, i agree!",whatever you say officer i agree,1,0.5999949929060816
5 Post June 2026,5_post_june_2026,1384,সাব্বাস,সাব্বাস,1,0.599978363793841
5 Post June 2026,5_post_june_2026,1385,আন্তর্জাতিক খাম্বা,আন্তর্জাতিক খাম্বা,4,0.7333301499790443
5 Post June 2026,5_post_june_2026,1386,আমার বন্ধু মহা জাদু জানে এই আর কি,আমার বন্ধু মহা জাদু জানে এই আর কি,3,0.5492380773554301
5 Post June 2026,5_post_june_2026,1387,এই পোস্টেও বটদের হানা,এই পোস্টেও বটদের হানা,0,0.2
5 Post June 2026,5_post_june_2026,1388,পুরাই আগুন,পুরাই আগুন,2,0.45059566568005477
5 Post June 2026,5_post_june_2026,1389,Valo.manus.valo.bolbay.R.kharap.manush.mharap.bolbay.atai.shabe buc.,valo manus valo bolbay r kharap manush mharap bolbay atai shabe buc,2,0.839996950456926
5 Post June 2026,5_post_june_2026,1390,ইনশাআল্লাহ এ দেশের জনগণ তাই মনে করে। কোন এক সময় এভাবে কাজ করে গেলে বিশ্ব নেতাদের নামের সাথে তার একটি নাম যুক্ত হবে।,ইনশাআল্লাহ এ দেশের জনগণ তাই মনে করে কোন এক সময় এভাবে কাজ করে গেলে বিশ্ব নেতাদের নামের সাথে তার একটি নাম যুক্ত হবে,1,0.5720582622239916
5 Post June 2026,5_post_june_2026,1391,আলহামদুলিল্লাহ,আলহামদুলিল্লাহ,4,0.5999992544339399
5 Post June 2026,5_post_june_2026,1392,Alhamdulillah.... Sune valo laglo..Bangladesh e partesena khali....,alhamdulillah sune valo laglo bangladesh e partesena khali,2,0.5496923411741512
5 Post June 2026,5_post_june_2026,1393,আলহামদুলিল্লাহ লিডার,আলহামদুলিল্লাহ লিডার,4,0.4001691545365798
5 Post June 2026,5_post_june_2026,1394,মিজা' ফকরুল সাহেবকে জনাব প্রধানমন্ত্রী কি বলবেন? তেলবাজ আর বয়সের আতলামী?,মিজা ফকরুল সাহেবকে জনাব প্রধানমন্ত্রী কি বলবেন তেলবাজ আর বয়সের আতলামী,0,0.5828921987977936
5 Post June 2026,5_post_june_2026,1395,আলহামদুলিল্লাহ,আলহামদুলিল্লাহ,4,0.5999992544339399
5 Post June 2026,5_post_june_2026,1396,সত্য কথা!!!,সত্য কথা,0,0.5999951058304857
5 Post June 2026,5_post_june_2026,1397,A lot of time Pictures Did these are good On the Is that I want to I don't know You No no La And,a lot of time pictures did these are good on the is that i want to i don t know you no no la and,1,0.5411292875239039
5 Post June 2026,5_post_june_2026,1398,ভালোকে ভালো বলার মানসিকতা তৈরি করুন।,ভালোকে ভালো বলার মানসিকতা তৈরি করুন,4,0.5022867694876095
5 Post June 2026,5_post_june_2026,1399,Amr lewra korche tex tex chudaite chudaite jonogon er pent khuila falaitache,amr lewra korche tex tex chudaite chudaite jonogon er pent khuila falaitache,2,0.5999960973916301
5 Post June 2026,5_post_june_2026,1400,হুমম,হুমম,0,0.2
5 Post June 2026,5_post_june_2026,1401,ইনশাল্লাহ,ইনশাল্লাহ,4,0.598823709746878
5 Post June 2026,5_post_june_2026,1402,Alham dullah,alham dullah,0,0.2
5 Post June 2026,5_post_june_2026,1403,Masa Allah perfect,masa allah perfect,1,0.5999857098981717
5 Post June 2026,5_post_june_2026,1404,আলহামদুলিল্লাহ। ইনশাল্লাহ এগিয়ে যাবে বাংলাদেশ,আলহামদুলিল্লাহ ইনশাল্লাহ এগিয়ে যাবে বাংলাদেশ,4,0.8651389021641562
5 Post June 2026,5_post_june_2026,1405,দুই দেশ ঘুরেই,দুই দেশ ঘুরেই,0,0.7276372911252612
5 Post June 2026,5_post_june_2026,1406,আলহামদুলিল্লাহ,আলহামদুলিল্লাহ,4,0.5999992544339399
5 Post June 2026,5_post_june_2026,1407,আলহামদুলিল্লাহ,আলহামদুলিল্লাহ,4,0.5999992544339399
5 Post June 2026,5_post_june_2026,1408,সঠিক,সঠিক,2,0.598878076669741
5 Post June 2026,5_post_june_2026,1409,"""ছেলে আমেরিকা, ইউরোপের বিরাট তালেবর কিন্তু দেশের বাড়ীতে বাবা মা ভাত পায়না,"" ----- ব্যাপারটা কেমন হল?",ছেলে আমেরিকা ইউরোপের বিরাট তালেবর কিন্তু দেশের বাড়ীতে বাবা মা ভাত পায়না ব্যাপারটা কেমন হল,3,0.9099236860391868
5 Post June 2026,5_post_june_2026,1410,আলহামদুলিল্লাহ। বাপকা বেটা। এ ধরনের নেতাই বাংলাদেশের মানুষ চেয়েছিল।,আলহামদুলিল্লাহ বাপকা বেটা এ ধরনের নেতাই বাংলাদেশের মানুষ চেয়েছিল,4,0.8657628846878173
5 Post June 2026,5_post_june_2026,1411,"বয়স কম থাকা অবস্থায় তেল দিলে একটা কথা থাকে,এত বেশি বয়স এসে ও দিতে হয়!",বয়স কম থাকা অবস্থায় তেল দিলে একটা কথা থাকে এত বেশি বয়স এসে ও দিতে হয়,3,0.9368268911294121
5 Post June 2026,5_post_june_2026,1412,মাশাআল্লাহ আলহামদুলিল্লাহ আমিন,মাশাআল্লাহ আলহামদুলিল্লাহ আমিন,4,0.7992040622886629
5 Post June 2026,5_post_june_2026,1413,ইনশাআল্লাহ এগিয়ে যাবে সামনে বাংলাদেশ,ইনশাআল্লাহ এগিয়ে যাবে সামনে বাংলাদেশ,3,0.4601013313556499
5 Post June 2026,5_post_june_2026,1414,Yes.,yes,3,0.599977103175225
5 Post June 2026,5_post_june_2026,1415,আলহামদুলিল্লাহ আলহামদুলিল্লাহ শুকুর আলহামদুলিল্লাহ,আলহামদুলিল্লাহ আলহামদুলিল্লাহ শুকুর আলহামদুলিল্লাহ,4,0.7999996905914253
5 Post June 2026,5_post_june_2026,1416,"কি যোগ্যতায়, বাংলাদেশে কি তার অবদান । যুব সমাজ প্রায় বেকার",কি যোগ্যতায় বাংলাদেশে কি তার অবদান যুব সমাজ প্রায় বেকার,4,0.728359521963544
5 Post June 2026,5_post_june_2026,1417,"In sha ALLĀH we want more. 4 months of pure awesomeness, 56 months to go!",in sha all h we want more months of pure awesomeness months to go,4,0.6864975148839129
5 Post June 2026,5_post_june_2026,1418,মাশাআল্লাহ,মাশাআল্লাহ,2,0.5966709279215636
5 Post June 2026,5_post_june_2026,1419,"যে অবস্থান তৈরি করেছেন, তাতে মনে হয় না বেশি টিকবে।",যে অবস্থান তৈরি করেছেন তাতে মনে হয় না বেশি টিকবে,4,0.8840485859695195
5 Post June 2026,5_post_june_2026,1420,কাম সারছে,কাম সারছে,2,0.5999907499076861
5 Post June 2026,5_post_june_2026,1421,Alhamdulillah mashallah thanks a lot..,alhamdulillah mashallah thanks a lot,2,0.5169160292739149
5 Post June 2026,5_post_june_2026,1422,অবস্থান ঠিক আছে।,অবস্থান ঠিক আছে,2,0.40016761605913115
5 Post June 2026,5_post_june_2026,1423,চান্দেও চিনেনা সুর্যে ও চিনেনা,চান্দেও চিনেনা সুর্যে ও চিনেনা,0,0.2
5 Post June 2026,5_post_june_2026,1424,উনি মির্জা পখরুল এক্সপায়ার হয়ে গেছেন তাকে অব্যাহতি দেয়া দরকার,উনি মির্জা পখরুল এক্সপায়ার হয়ে গেছেন তাকে অব্যাহতি দেয়া দরকার,2,0.5468833348321959
5 Post June 2026,5_post_june_2026,1425,Of course.,of course,4,0.5999951317289096
5 Post June 2026,5_post_june_2026,1426,"বরং বলুন, চেষ্টা করে যাচ্ছেন",বরং বলুন চেষ্টা করে যাচ্ছেন,3,0.7296301746016942
5 Post June 2026,5_post_june_2026,1427,"শেষবার এমন অর্জন হাসিনার ছিলো, উনিও আন্তর্জাতিক নেত্রী হয়ে গিয়েছিলেন",শেষবার এমন অর্জন হাসিনার ছিলো উনিও আন্তর্জাতিক নেত্রী হয়ে গিয়েছিলেন,4,0.6661934582687561
5 Post June 2026,5_post_june_2026,1428,Matro 3 maser ai sofolotar rohosso ki India ar pa chata chati...,matro maser ai sofolotar rohosso ki india ar pa chata chati,2,0.7999407464466616
5 Post June 2026,5_post_june_2026,1429,"কাকু শুধু তৈলপ্রিয়, আপনারা ও জনগণের জন্য কিছু করেন।",কাকু শুধু তৈলপ্রিয় আপনারা ও জনগণের জন্য কিছু করেন,2,0.8389870266058312
5 Post June 2026,5_post_june_2026,1430,ব***** লল,ব লল,0,0.2
5 Post June 2026,5_post_june_2026,1431,পাগলের সুখ মনে মনে!!,পাগলের সুখ মনে মনে,3,0.7963830772058662
5 Post June 2026,5_post_june_2026,1432,ফখা পাগলা,ফখা পাগলা,2,0.5994462152901235
5 Post June 2026,5_post_june_2026,1433,অনেক অবস্থান আসলে— আমরা টের পাচ্ছি না,অনেক অবস্থান আসলে আমরা টের পাচ্ছি না,0,0.8380249423221089
5 Post June 2026,5_post_june_2026,1434,ও আচ্ছা,ও আচ্ছা,2,0.5986502130570747
5 Post June 2026,5_post_june_2026,1435,"ইন্ডিয়া গেলে বলত ইন্ডিয়ার দালাল,,,এই জন্য জাই নাই,,,পরে যাবে,,",ইন্ডিয়া গেলে বলত ইন্ডিয়ার দালাল এই জন্য জাই নাই পরে যাবে,4,0.6162386736051574
5 Post June 2026,5_post_june_2026,1436,What he telling always. Brain out sir.,what he telling always brain out sir,4,0.5507035170445614
5 Post June 2026,5_post_june_2026,1437,জনতার প্রধানমন্ত্রী তারেক রহমান তৃণমূল থেকে উঠে আসা নেতা আজ আন্তজার্তিক মাপের নেতা এগিয়ে যাবে বাংলাদেশ ইনশাআল্লাহ।,জনতার প্রধানমন্ত্রী তারেক রহমান তৃণমূল থেকে উঠে আসা নেতা আজ আন্তজার্তিক মাপের নেতা এগিয়ে যাবে বাংলাদেশ ইনশাআল্লাহ,4,0.932537738727462
5 Post June 2026,5_post_june_2026,1438,ও-ই মাশাআল্লাহ আলহামদুলিল্লাহ আল্লাহুআকবার অনেক অনেক দোয়া ও ভালোবাসা রহিলো জনাব তারেক রহমানের ওপর ধন্যবাদ আপনাকে জনাব ফখরুল ইসলাম আলমগীর সাহেব,ও ই মাশাআল্লাহ আলহামদুলিল্লাহ আল্লাহুআকবার অনেক অনেক দোয়া ও ভালোবাসা রহিলো জনাব তারেক রহমানের ওপর ধন্যবাদ আপনাকে জনাব ফখরুল ইসলাম আলমগীর সাহেব,0,0.653903653334806
5 Post June 2026,5_post_june_2026,1439,আগামীর বিশ্বনেতা,আগামীর বিশ্বনেতা,0,0.2
5 Post June 2026,5_post_june_2026,1440,ঠিক,ঠিক,2,0.5999994751667352
5 Post June 2026,5_post_june_2026,1441,Prathomick bisshobiddaloyer chatro na.......,prathomick bisshobiddaloyer chatro na,2,0.5999980771358838
5 Post June 2026,5_post_june_2026,1442,হবে মাত্র মালয়েশিয়া ও চায়নায় যেতে পারছে আর কোন রাষ্ট এখনো আমন্ত্রণ জানানো হয়নি কি ভাবে বুঝবো প্রাথমিক বিশ্ববিদ্যালয় প্রত…,হবে মাত্র মালয়েশিয়া ও চায়নায় যেতে পারছে আর কোন রাষ্ট এখনো আমন্ত্রণ জানানো হয়নি কি ভাবে বুঝবো প্রাথমিক বিশ্ববিদ্যালয় প্রত,1,0.5189193935666182
5 Post June 2026,5_post_june_2026,1443,"তাহলে তো সব হ'য়ে গেলো কাজ সব শেষ, এবার অবসরে যাওয়া দরকার",তাহলে তো সব হ য়ে গেলো কাজ সব শেষ এবার অবসরে যাওয়া দরকার,0,0.6153990110870563
5 Post June 2026,5_post_june_2026,1444,Alhamdulil Allah,alhamdulil allah,1,0.5999857098981717
5 Post June 2026,5_post_june_2026,1445,right honorable minister,right honorable minister,2,0.5999971098877311
5 Post June 2026,5_post_june_2026,1446,Sala Kamba,sala kamba,0,0.2
5 Post June 2026,5_post_june_2026,1447,খুব ভালো কথা।,খুব ভালো কথা,4,0.5964827645868636
5 Post June 2026,5_post_june_2026,1448,আলহামদুলিল্লাহ,আলহামদুলিল্লাহ,4,0.5999992544339399
5 Post June 2026,5_post_june_2026,1449,"তাহলে আর কি,,,সবতো অর্জন করেই ফেলছেন,,,,",তাহলে আর কি সবতো অর্জন করেই ফেলছেন,0,0.5491147808458948
5 Post June 2026,5_post_june_2026,1450,সহমত।,সহমত,1,0.5999916642049279
5 Post June 2026,5_post_june_2026,1451,আরেক ছাগল কি বলে শুন,আরেক ছাগল কি বলে শুন,3,0.5311287519701412
5 Post June 2026,5_post_june_2026,1452,নিজের দেশ ও দেশের জনগণের মধ্যে নিজের জনপ্রিয়তা তৈরি করতে হবে,নিজের দেশ ও দেশের জনগণের মধ্যে নিজের জনপ্রিয়তা তৈরি করতে হবে,4,0.5930713416162696
5 Post June 2026,5_post_june_2026,1453,খাই খাই কমিটি,খাই খাই কমিটি,2,0.4956291527078661
5 Post June 2026,5_post_june_2026,1454,আলহামদুলিল্লাহ খুবই চমৎকার,আলহামদুলিল্লাহ খুবই চমৎকার,3,0.5477827078761679
5 Post June 2026,5_post_june_2026,1455,তেলের দাম তো আর এমনি এমনি বাড়ে নাই,তেলের দাম তো আর এমনি এমনি বাড়ে নাই,3,0.8854228998659042
5 Post June 2026,5_post_june_2026,1456,"কাকা, দেশের বিদ্যুৎ এর দিকে নজর দেন নাহলে মানুষ রাস্তায় সংবর্ধণা দিবে।",কাকা দেশের বিদ্যুৎ এর দিকে নজর দেন নাহলে মানুষ রাস্তায় সংবর্ধণা দিবে,4,0.4283936672617797
5 Post June 2026,5_post_june_2026,1457,বাংলাদেশের জনগণ কে নিরবিচ্ছিন্ন বিদ্যুৎ দিয়ে বাংলাদেশের জনগণের মন জয় করেন তাহলে সবচাইতে বেশি ভাল হবে বিদ্যুতের অনেক সমস্যা দ…,বাংলাদেশের জনগণ কে নিরবিচ্ছিন্ন বিদ্যুৎ দিয়ে বাংলাদেশের জনগণের মন জয় করেন তাহলে সবচাইতে বেশি ভাল হবে বিদ্যুতের অনেক সমস্যা দ,0,0.3825186474609901
5 Post June 2026,5_post_june_2026,1458,তাহলে উনাকে লন্ডনের প্রধানমন্ত্রী ঘোষণা করা হোক,তাহলে উনাকে লন্ডনের প্রধানমন্ত্রী ঘোষণা করা হোক,0,0.8843536664566509
5 Post June 2026,5_post_june_2026,1459,সুন্দর রাজনীতিবিদ মির্জা ফখরুল ইসলাম আলমগীর।,সুন্দর রাজনীতিবিদ মির্জা ফখরুল ইসলাম আলমগীর,0,0.8835199279370504
5 Post June 2026,5_post_june_2026,1460,Apne ki korcen,apne ki korcen,2,0.5999983754121102
5 Post June 2026,5_post_june_2026,1461,"এয়ারপোর্টে সংবর্ধনা দেওয়া মতো কোন অর্জন নাই বিধায়, ব্যবস্থা করা হয়নি।",এয়ারপোর্টে সংবর্ধনা দেওয়া মতো কোন অর্জন নাই বিধায় ব্যবস্থা করা হয়নি,1,0.4319153139807744
5 Post June 2026,5_post_june_2026,1462,Ki diye gelo,ki diye gelo,2,0.40038304067881314
5 Post June 2026,5_post_june_2026,1463,Alhamdulillah,alhamdulillah,3,0.5999970938628361
5 Post June 2026,5_post_june_2026,1464,As you are!!!,as you are,1,0.7329745038139018
5 Post June 2026,5_post_june_2026,1465,Chapabaz dhandabaz,chapabaz dhandabaz,0,0.2
5 Post June 2026,5_post_june_2026,1466,লে হালুয়া,লে হালুয়া,2,0.5999802165379563
5 Post June 2026,5_post_june_2026,1467,Caina to Ulta Kore vhore dise,caina to ulta kore vhore dise,2,0.7326820683057582
5 Post June 2026,5_post_june_2026,1468,ইনশাআল্লাহ,ইনশাআল্লাহ,3,0.5983053829827013
5 Post June 2026,5_post_june_2026,1470,দেখা যাক আল্লাহ ভরসা,দেখা যাক আল্লাহ ভরসা,4,0.7975475223110745
5 Post June 2026,5_post_june_2026,1471,ইনশাআল্লাহ।,ইনশাআল্লাহ,3,0.5983053829827013
5 Post June 2026,5_post_june_2026,1472,আন্ডা,আন্ডা,0,0.2
5 Post June 2026,5_post_june_2026,1473,প্রতিটি বার্তা দিল্লির বুকে কাঁপন ধরানোর মতই,প্রতিটি বার্তা দিল্লির বুকে কাঁপন ধরানোর মতই,2,0.5994535764374185
5 Post June 2026,5_post_june_2026,1474,আন্তর্জাতিক পর্যায়ের জায়গায় লন্ডন হবে।,আন্তর্জাতিক পর্যায়ের জায়গায় লন্ডন হবে,4,0.7967407153683828
5 Post June 2026,5_post_june_2026,1475,দুঃখের বিষয় খালি আমরা সাধারণ মানুষই এর সুফল ভোগ করতে পারলাম না ।,দুঃখের বিষয় খালি আমরা সাধারণ মানুষই এর সুফল ভোগ করতে পারলাম না,4,0.8652920779679131
5 Post June 2026,5_post_june_2026,1476,শুভ লক্ষন।,শুভ লক্ষন,1,0.5990118980904822
5 Post June 2026,5_post_june_2026,1477,নিজের লজ্জা না থাকলে যা হয়,নিজের লজ্জা না থাকলে যা হয়,2,0.8371485967355354
5 Post June 2026,5_post_june_2026,1478,একটা সংবাদ সম্মেলন হয়ে যাক।,একটা সংবাদ সম্মেলন হয়ে যাক,4,0.7330934388272823
5 Post June 2026,5_post_june_2026,1479,ঠিকই বলেছেন। খাম্বা নামে তার আন্তর্জাতিক অঙ্গনে অনেক সুনাম আছে,ঠিকই বলেছেন খাম্বা নামে তার আন্তর্জাতিক অঙ্গনে অনেক সুনাম আছে,4,0.45806253680506304
5 Post June 2026,5_post_june_2026,1480,INSHALLAH,inshallah,0,0.2
5 Post June 2026,5_post_june_2026,1481,"78 Lak Bank Grahokder Amanat , Taka Ferot kobe Deben PLZ: PLZ:PLZ:",lak bank grahokder amanat taka ferot kobe deben plz plz plz,2,0.8399956950777463
5 Post June 2026,5_post_june_2026,1482,বাস্তবতা,বাস্তবতা,2,0.598763253177201
5 Post June 2026,5_post_june_2026,1483,road map of Dr.younus,road map of dr younus,4,0.5999951317289096
5 Post June 2026,5_post_june_2026,1484,আলহামদুলিললহ ভাল লাগে দোয়া করি সবাই ভালো আছেন,আলহামদুলিললহ ভাল লাগে দোয়া করি সবাই ভালো আছেন,0,0.6310844393212897
5 Post June 2026,5_post_june_2026,1485,ট্রা্্/ম্পের পর্যায়ে আছে,ট্রা্্ ম্পের পর্যায়ে আছে,4,0.5999871620858471
5 Post June 2026,5_post_june_2026,1486,তাহলে এখন জনগণ কি করবে?,তাহলে এখন জনগণ কি করবে,3,0.4328965584992793
5 Post June 2026,5_post_june_2026,1487,"এক ঘুরান দিয়াই কাক্কু এই কথা,,,",এক ঘুরান দিয়াই কাক্কু এই কথা,3,0.599981189221108
5 Post June 2026,5_post_june_2026,1488,যোগ্য নেতা আমরা পেয়েছি।,যোগ্য নেতা আমরা পেয়েছি,3,0.5498492289468866
5 Post June 2026,5_post_june_2026,1489,তার নিজের অবস্থানে আমাদের লাভ কি,তার নিজের অবস্থানে আমাদের লাভ কি,4,0.7285537309669861
5 Post June 2026,5_post_june_2026,1490,এর থেকে বেশী শেখের বেটি করেছিল,এর থেকে বেশী শেখের বেটি করেছিল,3,0.7320524867626311
5 Post June 2026,5_post_june_2026,1491,ভাই পুঁটি মাছ লাফাই বেশি।,ভাই পুঁটি মাছ লাফাই বেশি,3,0.7982957567435454
5 Post June 2026,5_post_june_2026,1492,রাজাকার,রাজাকার,0,0.5999909467233066
5 Post June 2026,5_post_june_2026,1493,আনোয়ার টিভির নিউজ এটা,আনোয়ার টিভির নিউজ এটা,0,0.2
5 Post June 2026,5_post_june_2026,1494,আমরা এমন জাতি দেশের ভাল হইলে হাহা দেই খারাপ হলে হাহা দেই,আমরা এমন জাতি দেশের ভাল হইলে হাহা দেই খারাপ হলে হাহা দেই,0,0.8089201867967797
5 Post June 2026,5_post_june_2026,1495,নিজেই বলেন অন্য কেউ বলতে হবে না,নিজেই বলেন অন্য কেউ বলতে হবে না,0,0.6394513805688219
5 Post June 2026,5_post_june_2026,1496,রাইট,রাইট,1,0.5999935439617783
5 Post June 2026,5_post_june_2026,1497,Alhamdulillah,alhamdulillah,3,0.5999970938628361
5 Post June 2026,5_post_june_2026,1498,৫ বার দুর্নীতিতে চেম্পিয়ান সার বিশ্ব জানে,বার দুর্নীতিতে চেম্পিয়ান সার বিশ্ব জানে,1,0.3666151868545856
5 Post June 2026,5_post_june_2026,1499,পদ্মা সেতু মাটি কাটার জন্য সবাই চিনে গেছে বাংলাদেশের সবচেয়ে মাধবরা শক্তি,পদ্মা সেতু মাটি কাটার জন্য সবাই চিনে গেছে বাংলাদেশের সবচেয়ে মাধবরা শক্তি,0,0.8837331288668949
5 Post June 2026,5_post_june_2026,1500,হাসিনাও করেছিল,হাসিনাও করেছিল,3,0.5999687075242995
5 Post June 2026,5_post_june_2026,1501,Alhamdulillah B N P Mane Bangladesh Jemon Family Temon Shontan,alhamdulillah b n p mane bangladesh jemon family temon shontan,2,0.5496305058298584
5 Post June 2026,5_post_june_2026,1502,কি এনেছেন আরেক রহমান,কি এনেছেন আরেক রহমান,4,0.437994316588434
5 Post June 2026,5_post_june_2026,1503,হায় করিডর হায় করিডর,হায় করিডর হায় করিডর,4,0.7333276970691865
5 Post June 2026,5_post_june_2026,1504,অবস্থান ঠিক আছে লন্ডনের প্লেন,অবস্থান ঠিক আছে লন্ডনের প্লেন,4,0.547432291881894
5 Post June 2026,5_post_june_2026,1505,হ স্যার,হ স্যার,3,0.5999952187554394
5 Post June 2026,5_post_june_2026,1506,"অর্জন টা কি, জাতি দেখেছে",অর্জন টা কি জাতি দেখেছে,0,0.7994844435217111
5 Post June 2026,5_post_june_2026,1507,বিনোদন সাংস্কৃতিক সংগঠন দল বলে কথা,বিনোদন সাংস্কৃতিক সংগঠন দল বলে কথা,1,0.5112069599942352
5 Post June 2026,5_post_june_2026,1508,চাটা চাটি বন্ধ করেন,চাটা চাটি বন্ধ করেন,4,0.43984498966860847
5 Post June 2026,5_post_june_2026,1509,আগে ছিলো না তাহলে এটা শিয়র তো?,আগে ছিলো না তাহলে এটা শিয়র তো,3,0.5967802896514556
5 Post June 2026,5_post_june_2026,1510,এই জন্যই কি ট্রেনে ভ্রমণ স্বাগতম টাও সেই ছিল।,এই জন্যই কি ট্রেনে ভ্রমণ স্বাগতম টাও সেই ছিল,1,0.5987185964824348
5 Post June 2026,5_post_june_2026,1511,বাপ রে,বাপ রে,1,0.599317779162481
5 Post June 2026,5_post_june_2026,1512,হাসিনা ও করেছিল,হাসিনা ও করেছিল,3,0.7307007741862087
5 Post June 2026,5_post_june_2026,1513,নেতাতো এমনই হতে হয়। আর এটা আমাদের পরম পাওয়া,নেতাতো এমনই হতে হয় আর এটা আমাদের পরম পাওয়া,0,0.7318987946183065
5 Post June 2026,5_post_june_2026,1514,সাংবাদিক যখন খুব বেশি চাপে পড়ে তখন এ ধরনের নিউজ করতে বাধ্য হয়,সাংবাদিক যখন খুব বেশি চাপে পড়ে তখন এ ধরনের নিউজ করতে বাধ্য হয়,0,0.5284879707387652
5 Post June 2026,5_post_june_2026,1515,150 din,din,2,0.5999930341809766
5 Post June 2026,5_post_june_2026,1516,এই জন্ন্য কি কারেন্ট যায় আর আসে,এই জন্ন্য কি কারেন্ট যায় আর আসে,4,0.7302159249204397
5 Post June 2026,5_post_june_2026,1517,তাহলে হেক্সা কমপ্লিট হবে?,তাহলে হেক্সা কমপ্লিট হবে,3,0.5967802896514556
5 Post June 2026,5_post_june_2026,1518,একটু থাম চাচা। কয়েক পর দেখা যাবে,একটু থাম চাচা কয়েক পর দেখা যাবে,4,0.526494793576778
5 Post June 2026,5_post_june_2026,1519,তাই! ফাঠাইলছে!,তাই ফাঠাইলছে,0,0.2
5 Post June 2026,5_post_june_2026,1520,"ওইড়া তো ১৭ বছর আগেই এফবিআই , সিয়াইয়ের খাতায় নাম আমেরিকায় এখানো ব্ল্যাক লিস্টে লিডার",ওইড়া তো বছর আগেই এফবিআই সিয়াইয়ের খাতায় নাম আমেরিকায় এখানো ব্ল্যাক লিস্টে লিডার,2,0.6348684615153332
5 Post June 2026,5_post_june_2026,1521,তাই নাকি সেটা তো চিনে দেখতেই পারলাম,তাই নাকি সেটা তো চিনে দেখতেই পারলাম,4,0.7294491100305193
5 Post June 2026,5_post_june_2026,1522,আমরা বলি যে সরকার যেন দেশটাকে ভালো করে চালায় কিন্তু জনগণ যাতে নিরাপত্তা শিক্ষা ব্যবস্থা যাতে উন্নত হয় এটাই চাই আমরা,আমরা বলি যে সরকার যেন দেশটাকে ভালো করে চালায় কিন্তু জনগণ যাতে নিরাপত্তা শিক্ষা ব্যবস্থা যাতে উন্নত হয় এটাই চাই আমরা,4,0.9416589323480784
5 Post June 2026,5_post_june_2026,1523,নাম রুশি নিজেই পেদে নিজেই খুশি,নাম রুশি নিজেই পেদে নিজেই খুশি,0,0.836255885410784
5 Post June 2026,5_post_june_2026,1524,হ ঠিক আচে তাই চায়নার বাঙ্গা রেলে চড়তে হইছে কপালে বিমান জুটে নাই,হ ঠিক আচে তাই চায়নার বাঙ্গা রেলে চড়তে হইছে কপালে বিমান জুটে নাই,3,0.48483494740558597
5 Post June 2026,5_post_june_2026,1525,আরো সুন্দর করে বেশি বেশি তেল মারেন,আরো সুন্দর করে বেশি বেশি তেল মারেন,3,0.8844281601195146
5 Post June 2026,5_post_june_2026,1526,সপ্নে,সপ্নে,0,0.2
5 Post June 2026,5_post_june_2026,1527,মনে হয়ে বাংলাদেশ ক্রিকেট টিম এর কথা বলতে সে।।।।।।।।।,মনে হয়ে বাংলাদেশ ক্রিকেট টিম এর কথা বলতে সে,1,0.5597201027226554
5 Post June 2026,5_post_june_2026,1528,আপাও ইন্টারন্যাশনাল প্লেয়ার ছিলো।,আপাও ইন্টারন্যাশনাল প্লেয়ার ছিলো,2,0.5992261790508367
5 Post June 2026,5_post_june_2026,1529,আলহামদুলিল্লাহ,আলহামদুলিল্লাহ,4,0.5999992544339399
5 Post June 2026,5_post_june_2026,1530,আলহামদুলিল্লাহ।,আলহামদুলিল্লাহ,4,0.5999992544339399
5 Post June 2026,5_post_june_2026,1531,শিওর নি কাকা?,শিওর নি কাকা,0,0.7305110593140354
5 Post June 2026,5_post_june_2026,1532,আলহামদুলিল্লাহ,আলহামদুলিল্লাহ,4,0.5999992544339399
5 Post June 2026,5_post_june_2026,1533,একদম ঠিক কইছেন,একদম ঠিক কইছেন,2,0.7333321692593229
5 Post June 2026,5_post_june_2026,1534,আলহামদুলিল্লাহ,আলহামদুলিল্লাহ,4,0.5999992544339399
5 Post June 2026,5_post_june_2026,1535,ইনশাআল্লাহ,ইনশাআল্লাহ,3,0.5983053829827013
5 Post June 2026,5_post_june_2026,1536,চট্টগ্রাম সিটি কর্পোরেশনের ইতিহাসে এটি নিঃসন্দেহে একটি ঐতিহাসিক ও যুগান্তকারী অর্জন। দীর্ঘ ের বকেয়া হোল্ডিং ট্যাক্স বাবদ চট্…,চট্টগ্রাম সিটি কর্পোরেশনের ইতিহাসে এটি নিঃসন্দেহে একটি ঐতিহাসিক ও যুগান্তকারী অর্জন দীর্ঘ ের বকেয়া হোল্ডিং ট্যাক্স বাবদ চট্,3,0.4500350624781585
5 Post June 2026,5_post_june_2026,1537,Alhamdulillah,alhamdulillah,3,0.5999970938628361
5 Post June 2026,5_post_june_2026,1538,আলহামদুলিল্লাহ,আলহামদুলিল্লাহ,4,0.5999992544339399
5 Post June 2026,5_post_june_2026,1539,আলহামদুলিল্লাহ লিডার,আলহামদুলিল্লাহ লিডার,4,0.4001691545365798
5 Post June 2026,5_post_june_2026,1540,সবার আগে বাংলাদেশ। এগিয়ে নিয়ে যাবে বাংলাদেশ মানবিক মাননীয় প্রধানমন্ত্রী জনাব তারেক রহমান।জিন্দাবাদ,সবার আগে বাংলাদেশ এগিয়ে নিয়ে যাবে বাংলাদেশ মানবিক মাননীয় প্রধানমন্ত্রী জনাব তারেক রহমান জিন্দাবাদ,4,0.9377483371805361
5 Post June 2026,5_post_june_2026,1541,আলহামদুলিল্লাহ,আলহামদুলিল্লাহ,4,0.5999992544339399
5 Post June 2026,5_post_june_2026,1542,আলহামদুলিল্লাহ,আলহামদুলিল্লাহ,4,0.5999992544339399
5 Post June 2026,5_post_june_2026,1543,হাঁটি হাঁটি পা পা করে বাংলাদেশের জনগণের হৃদয়ে জায়গা করে নিচ্ছেন জনাব প্রধানমন্ত্রী তারেক রহমান ফি আমানিল্লাহ্,হাঁটি হাঁটি পা পা করে বাংলাদেশের জনগণের হৃদয়ে জায়গা করে নিচ্ছেন জনাব প্রধানমন্ত্রী তারেক রহমান ফি আমানিল্লাহ্,4,0.5355989045704632
5 Post June 2026,5_post_june_2026,1544,সে যে ভাবে হোক বাংলাদেশের প্রধানমন্ত্রী তাঁর একটা অবস্থান থাকবে না জয় বাংলা।,সে যে ভাবে হোক বাংলাদেশের প্রধানমন্ত্রী তাঁর একটা অবস্থান থাকবে না জয় বাংলা,0,0.5817292132199459
5 Post June 2026,5_post_june_2026,1545,আলহামদুলিল্লাহ,আলহামদুলিল্লাহ,4,0.5999992544339399
5 Post June 2026,5_post_june_2026,1546,ইনশাআল্লাহ সাবার আগে বাংলাদেশ এগিয়ে যাবে সামনে বাংলাদেশ।,ইনশাআল্লাহ সাবার আগে বাংলাদেশ এগিয়ে যাবে সামনে বাংলাদেশ,0,0.5489396351709916
5 Post June 2026,5_post_june_2026,1547,১০০% সঠিক বলেছেন স্যার,সঠিক বলেছেন স্যার,2,0.5499612257055323
5 Post June 2026,5_post_june_2026,1548,আলহামদুলিল্লাহ,আলহামদুলিল্লাহ,4,0.5999992544339399
5 Post June 2026,5_post_june_2026,1549,সমস্যা কিন্তু দলের ভেতরেই আছে,সমস্যা কিন্তু দলের ভেতরেই আছে,1,0.7303698404593448
5 Post June 2026,5_post_june_2026,1550,আলহামদুলিল্লাহ,আলহামদুলিল্লাহ,4,0.5999992544339399
5 Post June 2026,5_post_june_2026,1551,আগামী নির্বাচনে বুঝা যাবে,আগামী নির্বাচনে বুঝা যাবে,0,0.8358188283514575
5 Post June 2026,5_post_june_2026,1552,আলহামদুলিল্লাহ,আলহামদুলিল্লাহ,4,0.5999992544339399
5 Post June 2026,5_post_june_2026,1553,Congratulations,congratulations,0,0.5999871857648945
5 Post June 2026,5_post_june_2026,1554,জ্বি কেমন যে তৈরি করতে পেরেছেন তা এখনো ধোঁয়াশা রয়ে গেছে,জ্বি কেমন যে তৈরি করতে পেরেছেন তা এখনো ধোঁয়াশা রয়ে গেছে,4,0.8645132414144977
5 Post June 2026,5_post_june_2026,1555,বাপরে বাপ,বাপরে বাপ,1,0.599317779162481
5 Post June 2026,5_post_june_2026,1556,ইনশা-আল্লাহ,ইনশা আল্লাহ,1,0.5962284297582402
5 Post June 2026,5_post_june_2026,1557,আলহামদুলিল্লাহ আমাদের মাননীয় প্রধানমন্ত্রী,আলহামদুলিল্লাহ আমাদের মাননীয় প্রধানমন্ত্রী,4,0.7988924856789199
5 Post June 2026,5_post_june_2026,1558,আলহামদুলিল্লাহ,আলহামদুলিল্লাহ,4,0.5999992544339399
5 Post June 2026,5_post_june_2026,1559,Alhamdulillah,alhamdulillah,3,0.5999970938628361
5 Post June 2026,5_post_june_2026,1560,Alhamdulillah,alhamdulillah,3,0.5999970938628361
5 Post June 2026,5_post_june_2026,1561,মানুষ বিদুৎ পায় না ঠিক মত,মানুষ বিদুৎ পায় না ঠিক মত,4,0.6972450904756725
5 Post June 2026,5_post_june_2026,1562,তেল মাইরেননা ভাই।,তেল মাইরেননা ভাই,3,0.7306258839153634
5 Post June 2026,5_post_june_2026,1563,Alhamdulillah,alhamdulillah,3,0.5999970938628361
5 Post June 2026,5_post_june_2026,1564,alhamdulillah,alhamdulillah,3,0.5999970938628361
5 Post June 2026,5_post_june_2026,1565,ইনশ আল্লাহ,ইনশ আল্লাহ,1,0.5962284297582402
5 Post June 2026,5_post_june_2026,1566,Alhamdulillah Alhamdulillah Alhamdulillah,alhamdulillah alhamdulillah alhamdulillah,3,0.7999988056938171
5 Post June 2026,5_post_june_2026,1567,"কিন্তু আপনি কোন পর্যায়ে গেলেন,",কিন্তু আপনি কোন পর্যায়ে গেলেন,4,0.3997597213963545
5 Post June 2026,5_post_june_2026,1568,সামনে আরো করতে হবে তবে অহংকার করা যাবে না,সামনে আরো করতে হবে তবে অহংকার করা যাবে না,3,0.865546720374457
5 Post June 2026,5_post_june_2026,1569,ইনশাআল্লাহ,ইনশাআল্লাহ,3,0.5983053829827013
5 Post June 2026,5_post_june_2026,1570,এক দম রাইট কথা বলছেন ধন্যবাদ,এক দম রাইট কথা বলছেন ধন্যবাদ,0,0.30025479234911545
5 Post June 2026,5_post_june_2026,1571,You are absolutely right,you are absolutely right,1,0.6397677900306901
5 Post June 2026,5_post_june_2026,1572,"আলহামদুলিল্লাহ,অভিনন্দন",আলহামদুলিল্লাহ অভিনন্দন,4,0.4001602254217697
5 Post June 2026,5_post_june_2026,1573,আলহামদুলিল্লাহ,আলহামদুলিল্লাহ,4,0.5999992544339399
5 Post June 2026,5_post_june_2026,1574,আওমী বয়ান,আওমী বয়ান,0,0.2
5 Post June 2026,5_post_june_2026,1575,আলহামদুলিল্লাহ শুভ কামনা রইলো এগিয়ে জান জনাব তারেক রহমান আললাহ আপনাকে হেপাজত করবে ইনশাআল্লাহ ধন্যবাদ,আলহামদুলিল্লাহ শুভ কামনা রইলো এগিয়ে জান জনাব তারেক রহমান আললাহ আপনাকে হেপাজত করবে ইনশাআল্লাহ ধন্যবাদ,4,0.5498513430933476
5 Post June 2026,5_post_june_2026,1576,আলহামদুলিল্লাহ অভিনন্দন,আলহামদুলিল্লাহ অভিনন্দন,4,0.4001602254217697
5 Post June 2026,5_post_june_2026,1577,Alhamdulillah,alhamdulillah,3,0.5999970938628361
5 Post June 2026,5_post_june_2026,1578,"Bangladesh prime minister, janab Tariq Rahman apnake onek onek donnobad",bangladesh prime minister janab tariq rahman apnake onek onek donnobad,0,0.8380546214487583
5 Post June 2026,5_post_june_2026,1579,হা হা,হা হা,2,0.733332626741094
5 Post June 2026,5_post_june_2026,1580,পাগলের অভিনয় মানুষ বুজেন,পাগলের অভিনয় মানুষ বুজেন,4,0.30029887498995045
5 Post June 2026,5_post_june_2026,1581,ইনশাআল্লাহ,ইনশাআল্লাহ,3,0.5983053829827013
5 Post June 2026,5_post_june_2026,1582,হ্যাঁ ঠিক বলেছেন,হ্যাঁ ঠিক বলেছেন,2,0.7983134787583528
5 Post June 2026,5_post_june_2026,1583,১০% দিলে অবস্থান হয়ে যায়,দিলে অবস্থান হয়ে যায়,4,0.5223932369023915
5 Post June 2026,5_post_june_2026,1584,Alhamdulillah,alhamdulillah,3,0.5999970938628361
5 Post June 2026,5_post_june_2026,1585,ইনশাআল্লাহ এগিয়ে যান,ইনশাআল্লাহ এগিয়ে যান,4,0.7972745322763947
5 Post June 2026,5_post_june_2026,1586,একদম রাইট,একদম রাইট,2,0.40011422671718566
5 Post June 2026,5_post_june_2026,1587,আলহামদুলিল্লাহ।,আলহামদুলিল্লাহ,4,0.5999992544339399
5 Post June 2026,5_post_june_2026,1588,প্রধানমন্ত্রীকে জানাই অভিনন্দন,প্রধানমন্ত্রীকে জানাই অভিনন্দন,2,0.5498299028885506
5 Post June 2026,5_post_june_2026,1589,সহমত,সহমত,1,0.5999916642049279
5 Post June 2026,5_post_june_2026,1590,Congratulations. Best wishes Rashedul alam shanta jessore Dhaka Bangladesh,congratulations best wishes rashedul alam shanta jessore dhaka bangladesh,0,0.7982266146805468
5 Post June 2026,5_post_june_2026,1591,আলহামদুলিল্লাহ,আলহামদুলিল্লাহ,4,0.5999992544339399
5 Post June 2026,5_post_june_2026,1592,উনি তো আগে থেকেই ইন্টারন্যাশনাল খেতাপ প্রাপ্ত,উনি তো আগে থেকেই ইন্টারন্যাশনাল খেতাপ প্রাপ্ত,2,0.7968063955412668
5 Post June 2026,5_post_june_2026,1593,উনি চেষ্টা করছেন বাকি নেতারা কি করছেন??,উনি চেষ্টা করছেন বাকি নেতারা কি করছেন,0,0.8841482594414659
5 Post June 2026,5_post_june_2026,1594,আমরাও চাই আমাদের দেশ আরো উন্নত হোক দেশকে এগিয়ে নিয়ে যাক জনগণকে দেখা মুখে বললে হবে না কাজই আমরা বিশ্বাসি,আমরাও চাই আমাদের দেশ আরো উন্নত হোক দেশকে এগিয়ে নিয়ে যাক জনগণকে দেখা মুখে বললে হবে না কাজই আমরা বিশ্বাসি,0,0.6222386626272799
5 Post June 2026,5_post_june_2026,1595,"সকল প্রধানমন্ত্রি এরকম অবস্থান তৈরী করে,",সকল প্রধানমন্ত্রি এরকম অবস্থান তৈরী করে,4,0.8391321392860557
5 Post June 2026,5_post_june_2026,1596,সেটাতো ২০০১-২০০৬ সালেই করেছে।,সেটাতো সালেই করেছে,0,0.2
5 Post June 2026,5_post_june_2026,1597,শুধু জায়গা করতে পারেনি বাংলাদেশের মন্ত্রীসভায়।,শুধু জায়গা করতে পারেনি বাংলাদেশের মন্ত্রীসভায়,4,0.5633156706607737
5 Post June 2026,5_post_june_2026,1598,কাকা এবার একটু বেশিই হয়ে গেলো।,কাকা এবার একটু বেশিই হয়ে গেলো,4,0.5323933693057106
5 Post June 2026,5_post_june_2026,1599,রাইট,রাইট,1,0.5999935439617783
5 Post June 2026,5_post_june_2026,1600,অনেক আগে থেকেই জাতীয় ও আন্তর্জাতিক ভাবে খেতাব আছে,অনেক আগে থেকেই জাতীয় ও আন্তর্জাতিক ভাবে খেতাব আছে,4,0.8387256368766989
5 Post June 2026,5_post_june_2026,1601,Right Al Hamdulillah,right al hamdulillah,2,0.5999971098877311
5 Post June 2026,5_post_june_2026,1602,আলহামদুলিল্লাহ হে আল্লাহ বাংলাদেশ সরকারের মাননীয় প্রধানমন্ত্রী র ভালো কাজ গুলিতে আপনার সহযোগিতা একান্ত প্রয়োজন হে আল্লাহ একট…,আলহামদুলিল্লাহ হে আল্লাহ বাংলাদেশ সরকারের মাননীয় প্রধানমন্ত্রী র ভালো কাজ গুলিতে আপনার সহযোগিতা একান্ত প্রয়োজন হে আল্লাহ একট,4,0.9376174987420486
5 Post June 2026,5_post_june_2026,1603,Absolutely right,absolutely right,2,0.40095329489278975
5 Post June 2026,5_post_june_2026,1604,Alhamdulillh,alhamdulillh,0,0.2
5 Post June 2026,5_post_june_2026,1605,আলহামদুলিল্লাহ,আলহামদুলিল্লাহ,4,0.5999992544339399
5 Post June 2026,5_post_june_2026,1606,আলহামদুলিল্লাহ,আলহামদুলিল্লাহ,4,0.5999992544339399
5 Post June 2026,5_post_june_2026,1607,রাইট,রাইট,1,0.5999935439617783
5 Post June 2026,5_post_june_2026,1608,মাশাআল্লাহ,মাশাআল্লাহ,2,0.5966709279215636
5 Post June 2026,5_post_june_2026,1609,Ha ha,ha ha,0,0.2
5 Post June 2026,5_post_june_2026,1610,হা তাই এখন কি করব চাঁদা বাজি না দুরনিতি,হা তাই এখন কি করব চাঁদা বাজি না দুরনিতি,3,0.5496441830825125
5 Post June 2026,5_post_june_2026,1611,আবার জিগায়।,আবার জিগায়,3,0.5986329305429411
5 Post June 2026,5_post_june_2026,1612,এখন শুধু লন্ডন পালাবেন,এখন শুধু লন্ডন পালাবেন,0,0.2
5 Post June 2026,5_post_june_2026,1613,ইনশাআল্লাহ,ইনশাআল্লাহ,3,0.5983053829827013
5 Post June 2026,5_post_june_2026,1614,ইনশাআল্লাহ,ইনশাআল্লাহ,3,0.5983053829827013
5 Post June 2026,5_post_june_2026,1615,কথায় না কাজে পরিচয়,কথায় না কাজে পরিচয়,1,0.7982702418673607
5 Post June 2026,5_post_june_2026,1616,সত্য কথা বললে অনেকেরই ভালো লাগেনা,সত্য কথা বললে অনেকেরই ভালো লাগেনা,0,0.7970991897219387
5 Post June 2026,5_post_june_2026,1617,সহমত লিডার,সহমত লিডার,1,0.4304771802816222
5 Post June 2026,5_post_june_2026,1618,আলহামদুলিল্লাহ,আলহামদুলিল্লাহ,4,0.5999992544339399
5 Post June 2026,5_post_june_2026,1619,ইনশাআল্লাহ,ইনশাআল্লাহ,3,0.5983053829827013
5 Post June 2026,5_post_june_2026,1620,উনি তো প্রাথমিক বিশ্ববিদ্যালয় পাস,উনি তো প্রাথমিক বিশ্ববিদ্যালয় পাস,0,0.8389291120291624
5 Post June 2026,5_post_june_2026,1621,Allah hamdollia,allah hamdollia,1,0.5999857098981717
5 Post June 2026,5_post_june_2026,1622,আলহামদুলিল্লাহ,আলহামদুলিল্লাহ,4,0.5999992544339399
5 Post June 2026,5_post_june_2026,1623,জ্বর আছে মনে হচ্ছে,জ্বর আছে মনে হচ্ছে,1,0.5905180151070608
5 Post June 2026,5_post_june_2026,1624,ইনশাআল্লাহ,ইনশাআল্লাহ,3,0.5983053829827013
5 Post June 2026,5_post_june_2026,1625,নিঃসন্দেহে,নিঃসন্দেহে,0,0.2
5 Post June 2026,5_post_june_2026,1626,"প্রধানমন্ত্রী হওয়ার পরে প্রথম বিদেশ সফর, দেশে এসে প্রথমে সাংবাদিক এর সামনে তার সাফল্য নিয়ে মুখোমুখি হওয়ার দরকার ছিল।",প্রধানমন্ত্রী হওয়ার পরে প্রথম বিদেশ সফর দেশে এসে প্রথমে সাংবাদিক এর সামনে তার সাফল্য নিয়ে মুখোমুখি হওয়ার দরকার ছিল,3,0.9414850103820538
5 Post June 2026,5_post_june_2026,1627,কোথায় আগরতলা আর কোথায় উগারতলা,কোথায় আগরতলা আর কোথায় উগারতলা,0,0.2
5 Post June 2026,5_post_june_2026,1628,"গান্জা খেলেও নাকি নিজেকে রাজা বাদশাহ মনে হয়, ।",গান্জা খেলেও নাকি নিজেকে রাজা বাদশাহ মনে হয়,2,0.7975936915392609
5 Post June 2026,5_post_june_2026,1629,ফেসবুক একটিভ বাংলাদেশি ফলোয়ার 1k মাত্র 260 টাকা ! ফেসবুক বাংলাদেশি+বিদেশি একটিভ ফলোয়ার 1k মাত্র 160 টাকা! …,ফেসবুক একটিভ বাংলাদেশি ফলোয়ার k মাত্র টাকা ফেসবুক বাংলাদেশি বিদেশি একটিভ ফলোয়ার k মাত্র টাকা,1,0.5786517324717574
5 Post June 2026,5_post_june_2026,1630,Rights,rights,0,0.2
5 Post June 2026,5_post_june_2026,1631,আলহামদুলিল্লাহ,আলহামদুলিল্লাহ,4,0.5999992544339399
5 Post June 2026,5_post_june_2026,1632,শতভাগ সঠিক কথা বলেছেন,শতভাগ সঠিক কথা বলেছেন,2,0.7330164031328826
5 Post June 2026,5_post_june_2026,1633,Alhamdulillah,alhamdulillah,3,0.5999970938628361
5 Post June 2026,5_post_june_2026,1634,Alhumdullah,alhumdullah,0,0.2
5 Post June 2026,5_post_june_2026,1635,Pagoler suk mne mne,pagoler suk mne mne,0,0.2
5 Post June 2026,5_post_june_2026,1636,Pagl hle ja hy arki,pagl hle ja hy arki,2,0.5999805539644605
5 Post June 2026,5_post_june_2026,1637,"শ্রদ্ধেয় মির্জা ভাই,আপনারা এইসব কথাবার্তা বলে উনাকে উত্তেজিত করবেন না;উনি এইসব বাতাস ভরা উক্তি মনে প্রাণে বিশ্বাস করেন,,,",শ্রদ্ধেয় মির্জা ভাই আপনারা এইসব কথাবার্তা বলে উনাকে উত্তেজিত করবেন না উনি এইসব বাতাস ভরা উক্তি মনে প্রাণে বিশ্বাস করেন,2,0.4321032064751186
5 Post June 2026,5_post_june_2026,1638,আলহামদুলিল্লাহ স্যালুট জানাই প্রধানমন্ত্রীকে,আলহামদুলিল্লাহ স্যালুট জানাই প্রধানমন্ত্রীকে,4,0.5507317516417036
5 Post June 2026,5_post_june_2026,1639,হা মামা।,হা মামা,2,0.731287635622176
5 Post June 2026,5_post_june_2026,1640,আলহামদুলিল্লাহ,আলহামদুলিল্লাহ,4,0.5999992544339399
5 Post June 2026,5_post_june_2026,1641,মাশাআল্লাহ। আলহামদুলিল্লাহ। …,মাশাআল্লাহ আলহামদুলিল্লাহ,4,0.7318786926079703
5 Post June 2026,5_post_june_2026,1642,আলহামদুলিল্লাহ,আলহামদুলিল্লাহ,4,0.5999992544339399
5 Post June 2026,5_post_june_2026,1643,হুম সবাই ১০% হিসাবেই জানে।,হুম সবাই হিসাবেই জানে,1,0.7948322905516376
5 Post June 2026,5_post_june_2026,1644,ইনশাআল্লাহ,ইনশাআল্লাহ,3,0.5983053829827013
5 Post June 2026,5_post_june_2026,1645,বিদ্যুৎ সরবরাহের দিকে একটু নজর দিয়েন তাই হবে।।।,বিদ্যুৎ সরবরাহের দিকে একটু নজর দিয়েন তাই হবে,3,0.838578121951551
5 Post June 2026,5_post_june_2026,1646,আলহামদুলিল্লাহ,আলহামদুলিল্লাহ,4,0.5999992544339399
5 Post June 2026,5_post_june_2026,1647,আলহামদুলিল্লাহ,আলহামদুলিল্লাহ,4,0.5999992544339399
5 Post June 2026,5_post_june_2026,1648,আলহামদুলিল্লাহ,আলহামদুলিল্লাহ,4,0.5999992544339399
5 Post June 2026,5_post_june_2026,1649,আলহামদুলিল্লাহ,আলহামদুলিল্লাহ,4,0.5999992544339399
5 Post June 2026,5_post_june_2026,1650,আলহামদুলিল্লাহ,আলহামদুলিল্লাহ,4,0.5999992544339399
5 Post June 2026,5_post_june_2026,1651,আলহামদুলিল্লাহ,আলহামদুলিল্লাহ,4,0.5999992544339399
5 Post June 2026,5_post_june_2026,1652,বিএনপি কি পাগলের ভ্যাকসিন আমদানি করছে নাকি?,বিএনপি কি পাগলের ভ্যাকসিন আমদানি করছে নাকি,3,0.8368380068470487
5 Post June 2026,5_post_june_2026,1653,আলহামদুলিল্লাহ,আলহামদুলিল্লাহ,4,0.5999992544339399
5 Post June 2026,5_post_june_2026,1654,".প্রধানমন্ত্রীর বাসভবনে কাজ করা শুধু একটি দায়িত্ব নয়, এটি দেশের সেবায় গর্বের অংশ।",প্রধানমন্ত্রীর বাসভবনে কাজ করা শুধু একটি দায়িত্ব নয় এটি দেশের সেবায় গর্বের অংশ,0,0.47738222949200837
5 Post June 2026,5_post_june_2026,1655,ইনশাআল্লাহ,ইনশাআল্লাহ,3,0.5983053829827013
5 Post June 2026,5_post_june_2026,1656,আলহামদুলিল্লাহ,আলহামদুলিল্লাহ,4,0.5999992544339399
5 Post June 2026,5_post_june_2026,1657,এই সেরেছে কাম এবার টেলা সামাল দাও,এই সেরেছে কাম এবার টেলা সামাল দাও,2,0.7978288994928716
5 Post June 2026,5_post_june_2026,1658,Right,right,2,0.5999971098877311
5 Post June 2026,5_post_june_2026,1659,8 pash prodhanmontri,pash prodhanmontri,0,0.2
5 Post June 2026,5_post_june_2026,1660,কিভাবে!?,কিভাবে,0,0.5979435581386833
5 Post June 2026,5_post_june_2026,1661,জাতে বাউন- টানলেও লম্বা হবার নয় মাননীয়,জাতে বাউন টানলেও লম্বা হবার নয় মাননীয়,0,0.732023086476703
5 Post June 2026,5_post_june_2026,1662,রাইট,রাইট,1,0.5999935439617783
5 Post June 2026,5_post_june_2026,1663,তোমার অবস্থান টা ও ক্লিয়ার করিও,তোমার অবস্থান টা ও ক্লিয়ার করিও,0,0.7308544878676368
5 Post June 2026,5_post_june_2026,1664,Alhamdulillah,alhamdulillah,3,0.5999970938628361
5 Post June 2026,5_post_june_2026,1665,Well said,well said,0,0.2
5 Post June 2026,5_post_june_2026,1666,"ইনশাআল্লাহ্, আমাদের প্রাণপ্রিয় মানবিক প্রধানমন্ত্রী দেশনায়ক জনাব তারেক রহমান জিন্দাবাদ জিন্দাবাদ।",ইনশাআল্লাহ্ আমাদের প্রাণপ্রিয় মানবিক প্রধানমন্ত্রী দেশনায়ক জনাব তারেক রহমান জিন্দাবাদ জিন্দাবাদ,4,0.910848996827306
5 Post June 2026,5_post_june_2026,1667,আগামীতে ট্রাম কে সরিয়ে দিয়ে আমেরিকার প্রেসিডেন্ট তারেক রহমান হবে।,আগামীতে ট্রাম কে সরিয়ে দিয়ে আমেরিকার প্রেসিডেন্ট তারেক রহমান হবে,4,0.4535725878145303
5 Post June 2026,5_post_june_2026,1668,দেশপ্রেম দিয়েই বিশ্ব জয় করেছে,দেশপ্রেম দিয়েই বিশ্ব জয় করেছে,0,0.40021164267542847
5 Post June 2026,5_post_june_2026,1669,২০০৭ থেকে ২০২৫ পর্যন্ত এই অবস্থান কোথায় ছিল,থেকে পর্যন্ত এই অবস্থান কোথায় ছিল,0,0.7308509052614497
5 Post June 2026,5_post_june_2026,1670,Agreed,agreed,0,0.2
5 Post June 2026,5_post_june_2026,1671,"এটা মানতে পারলাম নাহ মাত্র ৩ মাসেই সবকিছুই যদি হতো তবে ৫ বছরের জন্য রেখে লাভ কি?,…",এটা মানতে পারলাম নাহ মাত্র মাসেই সবকিছুই যদি হতো তবে বছরের জন্য রেখে লাভ কি,1,0.9080590703872059
5 Post June 2026,5_post_june_2026,1672,মাশা-আল্লাহ,মাশা আল্লাহ,1,0.5962284297582402
5 Post June 2026,5_post_june_2026,1673,আলহামদুলিল্লাহ,আলহামদুলিল্লাহ,4,0.5999992544339399
5 Post June 2026,5_post_june_2026,1674,একটু সবুর করেন মির্জা চাচা। আরো সময় পারি দিয়ে জনাব তারেক রহমানকে পরিপক্ক হতে । এতো দ্রুত তার রাস্তা তৈলাক্ত করলে সে তো বেশি…,একটু সবুর করেন মির্জা চাচা আরো সময় পারি দিয়ে জনাব তারেক রহমানকে পরিপক্ক হতে এতো দ্রুত তার রাস্তা তৈলাক্ত করলে সে তো বেশি,4,0.8817762369508476
5 Post June 2026,5_post_june_2026,1675,হুম... ভবিষ্যতে দুর্নীতির নোবেল পেতে পারে!,হুম ভবিষ্যতে দুর্নীতির নোবেল পেতে পারে,0,0.8391076443673006
5 Post June 2026,5_post_june_2026,1676,তারেক রহমানের পরিনত হতে আরো সময় লাগবে।,তারেক রহমানের পরিনত হতে আরো সময় লাগবে,0,0.5699517245527522
5 Post June 2026,5_post_june_2026,1677,চাপাইয়ে কারেন থাকেনা আর বালফালাইবে,চাপাইয়ে কারেন থাকেনা আর বালফালাইবে,0,0.2
5 Post June 2026,5_post_june_2026,1678,ইয়াবার সাপ্লাই,ইয়াবার সাপ্লাই,0,0.2
5 Post June 2026,5_post_june_2026,1679,একদম রাইট কথা বলছেন।,একদম রাইট কথা বলছেন,2,0.550256451923408
5 Post June 2026,5_post_june_2026,1680,বিএনপির অনেকগুণ সারিসারি মানুষ খুন,বিএনপির অনেকগুণ সারিসারি মানুষ খুন,4,0.5480698978416313
5 Post June 2026,5_post_june_2026,1681,এই জন্যই বাংলাদেশ এখন ইন্টারন্যাশনাল কান্ট্রি,এই জন্যই বাংলাদেশ এখন ইন্টারন্যাশনাল কান্ট্রি,2,0.5214541186839313
5 Post June 2026,5_post_june_2026,1682,রাইট,রাইট,1,0.5999935439617783
5 Post June 2026,5_post_june_2026,1683,আর বর্তমান বিদ্যুতের অবস্থা,আর বর্তমান বিদ্যুতের অবস্থা,3,0.7980575424836137
5 Post June 2026,5_post_june_2026,1684,"তৈরী করলো বুঝলাম, তো তৈরী করে পেলেছেন রাখি দিলে কি হতো এখন পালাই দিছে",তৈরী করলো বুঝলাম তো তৈরী করে পেলেছেন রাখি দিলে কি হতো এখন পালাই দিছে,3,0.8974379250973552
5 Post June 2026,5_post_june_2026,1685,তাহলে আওয়ামী লীগের অবস্থা কি হবে আর বুঝি ফিরে আসা হলো না জয় নানু লীগ,তাহলে আওয়ামী লীগের অবস্থা কি হবে আর বুঝি ফিরে আসা হলো না জয় নানু লীগ,3,0.7006855562504605
5 Post June 2026,5_post_june_2026,1686,#সব কিছু নিয়েই আলোচনা হয় কিন্তু ভুতুড়ে বিদ্যুৎ বিল নিয়ে সংসদে কোন আলোচনা হয়না।#,সব কিছু নিয়েই আলোচনা হয় কিন্তু ভুতুড়ে বিদ্যুৎ বিল নিয়ে সংসদে কোন আলোচনা হয়না,3,0.4855333696684495
5 Post June 2026,5_post_june_2026,1687,UAE তে এসে প্রবাসী দের সমস্যা গুলো সমাধান করুন,uae তে এসে প্রবাসী দের সমস্যা গুলো সমাধান করুন,3,0.8975410350845087
5 Post June 2026,5_post_june_2026,1688,রিয়েক্ট খুজতে গেছিলাম কোথায় কত তা খুজে পেলাম না,রিয়েক্ট খুজতে গেছিলাম কোথায় কত তা খুজে পেলাম না,1,0.7981349568529247
5 Post June 2026,5_post_june_2026,1689,সেটা তো ২১ আগস্ট ২০০৪ এ ই,সেটা তো আগস্ট এ ই,0,0.2
5 Post June 2026,5_post_june_2026,1690,বাস্তব,বাস্তব,0,0.5999810918409285
5 Post June 2026,5_post_june_2026,1691,হ্যাঁ,হ্যাঁ,0,0.5987814944548164
5 Post June 2026,5_post_june_2026,1692,কাকা এই বয়সে এইভাবে কথা বলা যায়।,কাকা এই বয়সে এইভাবে কথা বলা যায়,2,0.6413136267857564
5 Post June 2026,5_post_june_2026,1693,আপনার কি অবস্থা লিডার।,আপনার কি অবস্থা লিডার,2,0.7310700681070097
5 Post June 2026,5_post_june_2026,1694,কি তৈরি করেছে,কি তৈরি করেছে,4,0.5999959750728718
5 Post June 2026,5_post_june_2026,1695,বউ দিয়ে,বউ দিয়ে,2,0.598768031237331
5 Post June 2026,5_post_june_2026,1696,জ্বি,জ্বি,0,0.5991132064117087
5 Post June 2026,5_post_june_2026,1697,অব্যশই সেটা অর্জন করেছে ২০০৪ সালের ২১ আগষ্ট থেকেই এটা আবার নতুন করে বলার কি হলো!,অব্যশই সেটা অর্জন করেছে সালের আগষ্ট থেকেই এটা আবার নতুন করে বলার কি হলো,3,0.6135896253702859
5 Post June 2026,5_post_june_2026,1698,আপনি সঠিক বলেছেন,আপনি সঠিক বলেছেন,2,0.7330164031328826
5 Post June 2026,5_post_june_2026,1699,বেশি বলা।,বেশি বলা,2,0.422378271271094
5 Post June 2026,5_post_june_2026,1700,ছাল নাই কুত্তার বাগা ফাল,ছাল নাই কুত্তার বাগা ফাল,3,0.7305142078038057
5 Post June 2026,5_post_june_2026,1701,কি এমন করেছে।,কি এমন করেছে,4,0.5992241860125722
5 Post June 2026,5_post_june_2026,1702,বিসমিল্লাহির রাহমানির রাহিম।। অভিনন্দন শুভেচ্ছা।।…,বিসমিল্লাহির রাহমানির রাহিম অভিনন্দন শুভেচ্ছা,2,0.5996384095812631
5 Post June 2026,5_post_june_2026,1703,Nijer obstha korle decher ki hobe.. Valo nh khrap.. Decher obstha valo kora lagbo age,nijer obstha korle decher ki hobe valo nh khrap decher obstha valo kora lagbo age,2,0.9110934570025638
5 Post June 2026,5_post_june_2026,1704,"শুভকামনা রইল সকলের জন্য সবার আগে বাংলাদেশ,,, বাংলাদেশ জিন্দাবাদ বিএনপি জিন্দাবাদ",শুভকামনা রইল সকলের জন্য সবার আগে বাংলাদেশ বাংলাদেশ জিন্দাবাদ বিএনপি জিন্দাবাদ,4,0.6331322491133022
5 Post June 2026,5_post_june_2026,1705,তারিক জিয়া দেশের জনগণের জন্য কি করেছে জাতি আপনার কাছে জানতে চায়।,তারিক জিয়া দেশের জনগণের জন্য কি করেছে জাতি আপনার কাছে জানতে চায়,1,0.7131008562966233
5 Post June 2026,5_post_june_2026,1706,তাহলে এখন রেষ্ট নেন।,তাহলে এখন রেষ্ট নেন,0,0.731158508623534
5 Post June 2026,5_post_june_2026,1707,হ্যাঁ করেছে তো আমেরিকার দালালি করে বাংলাদেশের মানুষকে বিনা বিচারে হত্যা করে,হ্যাঁ করেছে তো আমেরিকার দালালি করে বাংলাদেশের মানুষকে বিনা বিচারে হত্যা করে,1,0.4737924831086053
5 Post June 2026,5_post_june_2026,1708,কাকু বৃদ্ধ বয়সেও তেল মারতে পটু,কাকু বৃদ্ধ বয়সেও তেল মারতে পটু,2,0.7955953443460881
5 Post June 2026,5_post_june_2026,1709,Mashed,mashed,0,0.2
5 Post June 2026,5_post_june_2026,1710,আলহামদুলিল্লাহ,আলহামদুলিল্লাহ,4,0.5999992544339399
5 Post June 2026,5_post_june_2026,1711,Yes,yes,3,0.599977103175225
5 Post June 2026,5_post_june_2026,1712,তাকে নিয়ে সকলে চাটুকারিতা কম করলে সত্যিকারের জাতীয় ও আন্তর্জাতিক পর্যায়ের নেতা হতে পারবেন।,তাকে নিয়ে সকলে চাটুকারিতা কম করলে সত্যিকারের জাতীয় ও আন্তর্জাতিক পর্যায়ের নেতা হতে পারবেন,4,0.7859363750155589
5 Post June 2026,5_post_june_2026,1713,এখানে অনেক জ্ঞানীগুণী ব্যক্তি কমেন্ট করছেন আমি তাদের কমেন্ট দেখলাম আপনারা সরকার কি করছে সেটা দেখতেছেন আপনারা নিজেরাই কোন বাল ক…,এখানে অনেক জ্ঞানীগুণী ব্যক্তি কমেন্ট করছেন আমি তাদের কমেন্ট দেখলাম আপনারা সরকার কি করছে সেটা দেখতেছেন আপনারা নিজেরাই কোন বাল ক,2,0.9319351435862324
5 Post June 2026,5_post_june_2026,1714,ইনশাআল্লাহ,ইনশাআল্লাহ,3,0.5983053829827013
5 Post June 2026,5_post_june_2026,1715,ইনশাআল্লাহ,ইনশাআল্লাহ,3,0.5983053829827013
5 Post June 2026,5_post_june_2026,1716,অসাধারণ মূল্যায়ন,অসাধারণ মূল্যায়ন,3,0.7302589984065088
5 Post June 2026,5_post_june_2026,1717,Right,right,2,0.5999971098877311
5 Post June 2026,5_post_june_2026,1718,বোকারা জখন তখন জারে তারে নিয়ে মন্তব্য করেন বেশি,বোকারা জখন তখন জারে তারে নিয়ে মন্তব্য করেন বেশি,3,0.6465111606854795
5 Post June 2026,5_post_june_2026,1719,আর কয়টা সবুর... ভারতীয় পাচাটা কুকুরদের পাছায় লাথি মারবে ....,আর কয়টা সবুর ভারতীয় পাচাটা কুকুরদের পাছায় লাথি মারবে,1,0.7943249526915429
5 Post June 2026,5_post_june_2026,1720,অভিনন্দন,অভিনন্দন,2,0.5996384095812631
5 Post June 2026,5_post_june_2026,1721,Right,right,2,0.5999971098877311
5 Post June 2026,5_post_june_2026,1722,অ বাল সিরি টাল দিবে,অ বাল সিরি টাল দিবে,3,0.7302393066676671
5 Post June 2026,5_post_june_2026,1723,চোখের সামনেই সংসদের বিরোধীদলীয় 13 নারী সাংসদের নিয়ে বাজেট বরাদ্দ বৈষম্য করা প্রধানমন্ত্রী কখনো আন্তর্জাতিক হতে পারে না,চোখের সামনেই সংসদের বিরোধীদলীয় নারী সাংসদের নিয়ে বাজেট বরাদ্দ বৈষম্য করা প্রধানমন্ত্রী কখনো আন্তর্জাতিক হতে পারে না,3,0.37198277513131345
5 Post June 2026,5_post_june_2026,1724,"ওহ তাহলে এ জন্য দেশে আসার আগে ওনার একার সিদ্ধান্ত ছিল না, যতোক্ষণ না ভারত সিদ্ধান্ত না দেয়",ওহ তাহলে এ জন্য দেশে আসার আগে ওনার একার সিদ্ধান্ত ছিল না যতোক্ষণ না ভারত সিদ্ধান্ত না দেয়,3,0.6272287672642761
5 Post June 2026,5_post_june_2026,1725,"ধুর হালার গরে হালারা, অতিরিক্ত তেল বাজি",ধুর হালার গরে হালারা অতিরিক্ত তেল বাজি,3,0.7011803036272805
5 Post June 2026,5_post_june_2026,1726,রাজাকার গুপ্তরা কখনো মানুষ হবে না ওরা দেশের শত্রু দেশকে ভালোবাসে না ওরা নারী লোভী পাকিস্তানি সেনাবাহিনীর মত …,রাজাকার গুপ্তরা কখনো মানুষ হবে না ওরা দেশের শত্রু দেশকে ভালোবাসে না ওরা নারী লোভী পাকিস্তানি সেনাবাহিনীর মত,0,0.5831838388206928
5 Post June 2026,5_post_june_2026,1727,"গুপ্তরা সুন্দর কমেন্টস করতেছে,এদের মানসিক রুগ আর ভালো হবে না, মনে হচ্ছে",গুপ্তরা সুন্দর কমেন্টস করতেছে এদের মানসিক রুগ আর ভালো হবে না মনে হচ্ছে,2,0.6491332786566614
5 Post June 2026,5_post_june_2026,1728,Thanks,thanks,2,0.5993481376084886
5 Post June 2026,5_post_june_2026,1729,অবৈধ সরকার।।,অবৈধ সরকার,0,0.5963369987431333
5 Post June 2026,5_post_june_2026,1730,মালায়েশিয়ায় শ্রমবাজার চালু করেনি তার কথায়।,মালায়েশিয়ায় শ্রমবাজার চালু করেনি তার কথায়,3,0.7300675312814693
5 Post June 2026,5_post_june_2026,1731,"জা মা ত, জালিম মাতলববাজ তালেমিলে চলা ধর্মব্যবসিকদের মনে কষ্ট লাগবে।",জা মা ত জালিম মাতলববাজ তালেমিলে চলা ধর্মব্যবসিকদের মনে কষ্ট লাগবে,3,0.4983599202256668
5 Post June 2026,5_post_june_2026,1732,চমৎকার,চমৎকার,1,0.5971121163495257
5 Post June 2026,5_post_june_2026,1733,বিএনপি দুর্নীতিতে ৫ বার চ্যাম্পিয়ন ও হাওয়া ভবনের গডফাদার,বিএনপি দুর্নীতিতে বার চ্যাম্পিয়ন ও হাওয়া ভবনের গডফাদার,0,0.8652694805403756
5 Post June 2026,5_post_june_2026,1734,মিথ্যা কথার আন্তর্জাতিক পর্যায়ে আপনি নিজের স্থান তৈরি করে ফেলেছেন,মিথ্যা কথার আন্তর্জাতিক পর্যায়ে আপনি নিজের স্থান তৈরি করে ফেলেছেন,4,0.8979285646206893
5 Post June 2026,5_post_june_2026,1735,বিএনপির লজ্জা শরম বলতে কিছু নাই বাংলাদেশের জনগণ তাদের ঘৃণা করে,বিএনপির লজ্জা শরম বলতে কিছু নাই বাংলাদেশের জনগণ তাদের ঘৃণা করে,4,0.6724110484689355
5 Post June 2026,5_post_june_2026,1736,তার পরেও জনগণ তোমাদের চুদবেনা,তার পরেও জনগণ তোমাদের চুদবেনা,4,0.7985076084387766
5 Post June 2026,5_post_june_2026,1737,আমাদের হামিদ কারজাই আমেরিকার দয়ায় প্রধানমন্ত্রী দেখা যাক কখন আমেরিকা গদি থেকে 5 আগস্ট ষড়যন্ত্রের মতো চিত্রনাট্য সাজিয়ে ক্ষ…,আমাদের হামিদ কারজাই আমেরিকার দয়ায় প্রধানমন্ত্রী দেখা যাক কখন আমেরিকা গদি থেকে আগস্ট ষড়যন্ত্রের মতো চিত্রনাট্য সাজিয়ে ক্ষ,4,0.5718493822296936
5 Post June 2026,5_post_june_2026,1738,দেশ বিক্রি করেছেন সেটা ফিরিয়ে আনেন বুড়ো বয়সে নাটক কম করেন,দেশ বিক্রি করেছেন সেটা ফিরিয়ে আনেন বুড়ো বয়সে নাটক কম করেন,2,0.6808472904530015
5 Post June 2026,5_post_june_2026,1739,নিজেরা নিজেকে ছোট মনে করেন তাহলে দেশ এবং জাতির উন্নতি হবে কেমন করে এত চোরের শাসন ছিল তখন ভালো ছিল তাই না দেশ উন্নতির দিকে য…,নিজেরা নিজেকে ছোট মনে করেন তাহলে দেশ এবং জাতির উন্নতি হবে কেমন করে এত চোরের শাসন ছিল তখন ভালো ছিল তাই না দেশ উন্নতির দিকে য,3,0.6042855094848787
5 Post June 2026,5_post_june_2026,1740,এই সব কথা না বলি দেশের পবলেম গুলি নিয়ে কাজ করেন ?,এই সব কথা না বলি দেশের পবলেম গুলি নিয়ে কাজ করেন,4,0.8652853405439211
5 Post June 2026,5_post_june_2026,1741,ওর মতো মূর্খ য়ে বাল ও ছিড়তে পারবে না জাতী ভালো করে জানে,ওর মতো মূর্খ য়ে বাল ও ছিড়তে পারবে না জাতী ভালো করে জানে,4,0.5992771680956023
5 Post June 2026,5_post_june_2026,1742,তাই নাকি মির্জা ফখরুল,তাই নাকি মির্জা ফখরুল,2,0.7981970901864244
5 Post June 2026,5_post_june_2026,1743,সব বা@ল কেটে ফেলেছে,সব বা ল কেটে ফেলেছে,0,0.5985855261405628
5 Post June 2026,5_post_june_2026,1744,Bimpi Jamati bole kotha,bimpi jamati bole kotha,2,0.7333301746532547
5 Post June 2026,5_post_june_2026,1745,Fucker Bangladesh,fucker bangladesh,2,0.5982675761569034
5 Post June 2026,5_post_june_2026,1746,"আন্তর্জাতিক বাটপার এবং জঙ্গিদের কাছে অবস্হান তৈরী করে ফেলেছে,,",আন্তর্জাতিক বাটপার এবং জঙ্গিদের কাছে অবস্হান তৈরী করে ফেলেছে,4,0.8653694496973439
5 Post June 2026,5_post_june_2026,1747,ফখরুল সাহেবকে খাম্বা তারেক লন্ডনে ডেকে নিয়ে কানে মুখে আচ্ছা করে থাবড়াইয়া ছিলো মনে আছে? তারেকের থাপ্পড় খেয়ে এখনো ভূলতে প…,ফখরুল সাহেবকে খাম্বা তারেক লন্ডনে ডেকে নিয়ে কানে মুখে আচ্ছা করে থাবড়াইয়া ছিলো মনে আছে তারেকের থাপ্পড় খেয়ে এখনো ভূলতে প,4,0.5193938060678964
5 Post June 2026,5_post_june_2026,1748,তারেক রাহমানের শিক্ষাগত যোগ্যতা কতটুকু?,তারেক রাহমানের শিক্ষাগত যোগ্যতা কতটুকু,3,0.549208184732613
5 Post June 2026,5_post_june_2026,1749,শুধু নিজের শুনাম নিজেরা করতে করতে শেষ। এত চামচামি আর কোথাও কখনো কেউ দেখে নাই।,শুধু নিজের শুনাম নিজেরা করতে করতে শেষ এত চামচামি আর কোথাও কখনো কেউ দেখে নাই,3,0.7047807548154954
5 Post June 2026,5_post_june_2026,1750,আপনি বুউড়া বাম তেল দেয়া বন্ধ করুন। তেলবাজি বছর কত করবেন?…,আপনি বুউড়া বাম তেল দেয়া বন্ধ করুন তেলবাজি বছর কত করবেন,4,0.9091502159284728
5 Post June 2026,5_post_june_2026,1751,হাচানি! আন্নে কি করছেন?,হাচানি আন্নে কি করছেন,0,0.59750094912413
5 Post June 2026,5_post_june_2026,1752,নেতার ধন চোসা ছাড়া অন্য কিছু পারে না নাকি,নেতার ধন চোসা ছাড়া অন্য কিছু পারে না নাকি,3,0.8356575907671497
5 Post June 2026,5_post_june_2026,1753,জারা তারেক রহমান কে নিয়ে বাজে কথা বলতেছেন তারা কুততার বাচ্চা,জারা তারেক রহমান কে নিয়ে বাজে কথা বলতেছেন তারা কুততার বাচ্চা,4,0.8383404258832358
5 Post June 2026,5_post_june_2026,1754,বাটপার Yunucchar লাহান?,বাটপার yunucchar লাহান,3,0.5984094919346064
5 Post June 2026,5_post_june_2026,1755,ল্যাওড়া,ল্যাওড়া,0,0.2
5 Post June 2026,5_post_june_2026,1756,"কাক্কু, এইটা সে অনেক আগে থেকেই। নইলে কি আর সে সরাসরি এসে প্রধানমন্ত্রী বনে যায়? সামান্য সত্য বলার জন্য ধন্যবাদ কাক্কু।",কাক্কু এইটা সে অনেক আগে থেকেই নইলে কি আর সে সরাসরি এসে প্রধানমন্ত্রী বনে যায় সামান্য সত্য বলার জন্য ধন্যবাদ কাক্কু,3,0.38655057723056435
5 Post June 2026,5_post_june_2026,1757,"Khankir chelera,, Saradin current thakena,…",khankir chelera saradin current thakena,1,0.7308517591115341
5 Post June 2026,5_post_june_2026,1758,কি পরিমাণ জঘন্য নির্লজ্জ বেহায়া হলে এধরণের কথা বলতে পারে!!,কি পরিমাণ জঘন্য নির্লজ্জ বেহায়া হলে এধরণের কথা বলতে পারে,0,0.8837839064011406
5 Post June 2026,5_post_june_2026,1759,চ্যাটের বাল ফালায়ছে,চ্যাটের বাল ফালায়ছে,1,0.595473366171046
5 Post June 2026,5_post_june_2026,1760,কাকু এসব দালালি আর কত করবেন এগুলা করে দেশটাকে ফিন মারি দিছেন।,কাকু এসব দালালি আর কত করবেন এগুলা করে দেশটাকে ফিন মারি দিছেন,1,0.6107414452220595
5 Post June 2026,5_post_june_2026,1761,"MD Asraf Ullah Juiel নিজের বস্তা নিজে বান্ধি এক লন্ডনে পাড়ি দিবেন এটা আমরা খুব ভালো করেই জানি""",md asraf ullah juiel নিজের বস্তা নিজে বান্ধি এক লন্ডনে পাড়ি দিবেন এটা আমরা খুব ভালো করেই জানি,4,0.9195511434258445
5 Post June 2026,5_post_june_2026,1762,এতো তাড়াতাড়ী কেমনে কি কাকা? ইংরেজি কোর্স কোথা থেকে করেছে? মানে আমিও করতাম,এতো তাড়াতাড়ী কেমনে কি কাকা ইংরেজি কোর্স কোথা থেকে করেছে মানে আমিও করতাম,3,0.5410446204254638
5 Post June 2026,5_post_june_2026,1763,অল্পতে কেমনে বুঝলেন,অল্পতে কেমনে বুঝলেন,3,0.5999549607708272
5 Post June 2026,5_post_june_2026,1764,গুপ্ত বট মব বাহিনীর কমেন্ট দেখি,গুপ্ত বট মব বাহিনীর কমেন্ট দেখি,4,0.7987563309257408
5 Post June 2026,5_post_june_2026,1765,"যার কারনে মালেশিয়া বিমান বন্দরে ধর্মমন্ত্রী,চীনে ও হাফমন্ত্রী তাঁকে সংবর্ধনা দিয়েছে।লজ্জা শরম থাকলে চুপ থাকা দরকার।",যার কারনে মালেশিয়া বিমান বন্দরে ধর্মমন্ত্রী চীনে ও হাফমন্ত্রী তাঁকে সংবর্ধনা দিয়েছে লজ্জা শরম থাকলে চুপ থাকা দরকার,2,0.9189877015558305
5 Post June 2026,5_post_june_2026,1766,মালেশিয়া সফর করেই,মালেশিয়া সফর করেই,4,0.7980488426073209
5 Post June 2026,5_post_june_2026,1767,ওবায়দুল কাদেরের বড় ভাই ফখরুল তেলবাজ।,ওবায়দুল কাদেরের বড় ভাই ফখরুল তেলবাজ,0,0.8839009159454828
5 Post June 2026,5_post_june_2026,1768,খাম্বা ১০% সাথে সুইচ ব্যাংক।,খাম্বা সাথে সুইচ ব্যাংক,4,0.7326606617956615
5 Post June 2026,5_post_june_2026,1769,Kali tel ar tel..islam saheb tel aktu kom maren..,kali tel ar tel islam saheb tel aktu kom maren,0,0.883736296469852
5 Post June 2026,5_post_june_2026,1770,আজ্ঞে আমরা তা উপলব্ধি করতে পেরেছ,আজ্ঞে আমরা তা উপলব্ধি করতে পেরেছ,4,0.7308303897513372
5 Post June 2026,5_post_june_2026,1771,দুর্নীতিতে আগে করছে এবার চ্যাম্পিয়ন হবে ডাবল চ্যাম্পিয়ন,দুর্নীতিতে আগে করছে এবার চ্যাম্পিয়ন হবে ডাবল চ্যাম্পিয়ন,2,0.837632225241333
5 Post June 2026,5_post_june_2026,1772,দেখার অপেক্ষায় রইলাম জাতীয় বাটপার নাকি আন্তর্জাতিক বাটপার হবে।,দেখার অপেক্ষায় রইলাম জাতীয় বাটপার নাকি আন্তর্জাতিক বাটপার হবে,4,0.8987102062543753
5 Post June 2026,5_post_june_2026,1773,Tai a dese ki bal falai,tai a dese ki bal falai,2,0.40055265382620897
5 Post June 2026,5_post_june_2026,1774,শুধু কি তাই সৌর জগতেও স্থান করে নিয়েছে।,শুধু কি তাই সৌর জগতেও স্থান করে নিয়েছে,4,0.7329462246343735
5 Post June 2026,5_post_june_2026,1775,এই লোকটা বুইড়া বয়সে এত চামচামি করে কিভাবে,এই লোকটা বুইড়া বয়সে এত চামচামি করে কিভাবে,3,0.5246545157790158
5 Post June 2026,5_post_june_2026,1776,বুঝলাম না ফাইভ-জি গতিতে সব হয়ে গেল,বুঝলাম না ফাইভ জি গতিতে সব হয়ে গেল,4,0.8394884887649658
5 Post June 2026,5_post_june_2026,1777,"একবার তো আন্তর্জাতিক সার্টিফিকেট পেয়েছে চাঁদাবাজির জন্য,,",একবার তো আন্তর্জাতিক সার্টিফিকেট পেয়েছে চাঁদাবাজির জন্য,4,0.7310289529414857
5 Post June 2026,5_post_june_2026,1778,"এইসব বালছালের কথা না বলে, কাজ করেন। কে কোন পর্যায়ের কী হইছে সেটা জনগণ নিজেই দেখবে বা বুঝবে। অবশ্যই তারেক রহমান অপেক্ষাকৃ ভাল ল…",এইসব বালছালের কথা না বলে কাজ করেন কে কোন পর্যায়ের কী হইছে সেটা জনগণ নিজেই দেখবে বা বুঝবে অবশ্যই তারেক রহমান অপেক্ষাকৃ ভাল ল,4,0.726101094791688
5 Post June 2026,5_post_june_2026,1779,বিনা দাওয়াতের অতিথি তারেক রহমান।,বিনা দাওয়াতের অতিথি তারেক রহমান,4,0.5509166367827025
5 Post June 2026,5_post_june_2026,1780,খাম্বা লাগা,খাম্বা লাগা,4,0.7315032373099017
5 Post June 2026,5_post_june_2026,1781,তেল বাজী ছেড়ে শেষ বয়সে আমল করুন জনাব,তেল বাজী ছেড়ে শেষ বয়সে আমল করুন জনাব,2,0.6033522137223476
5 Post June 2026,5_post_june_2026,1782,মিছা ফখরুল,মিছা ফখরুল,0,0.5976927706573685
5 Post June 2026,5_post_june_2026,1783,তাইলে আগামী বছর মার্কিন প্রেসিডেন্ট নির্বাচনে খাড়াইয়া যাইতে কন,তাইলে আগামী বছর মার্কিন প্রেসিডেন্ট নির্বাচনে খাড়াইয়া যাইতে কন,2,0.8643652698381022
5 Post June 2026,5_post_june_2026,1784,Good,good,3,0.5994957795719726
5 Post June 2026,5_post_june_2026,1785,মির্জা সাব কি বুইড়া বয়সে চোয়ানি(দেশি মদ) পান করছে?,মির্জা সাব কি বুইড়া বয়সে চোয়ানি দেশি মদ পান করছে,2,0.7997906017718266
5 Post June 2026,5_post_june_2026,1786,মহা ফাঁকিবাজ,মহা ফাঁকিবাজ,3,0.5968888237751392
5 Post June 2026,5_post_june_2026,1787,মাফিয়া তারেক,মাফিয়া তারেক,4,0.5999981591076725
5 Post June 2026,5_post_june_2026,1788,চাটা চাটি শুরু হয়েছে.,চাটা চাটি শুরু হয়েছে,0,0.7953763972516488
5 Post June 2026,5_post_june_2026,1789,"এই পোষ্টের কমেন্ট বক্সে বুদ্ধিজীবীদের আগমন ঘটছে, বুদ্ধিজীবীদের হৃদয় পড়ছে কেন",এই পোষ্টের কমেন্ট বক্সে বুদ্ধিজীবীদের আগমন ঘটছে বুদ্ধিজীবীদের হৃদয় পড়ছে কেন,0,0.5949022193476516
5 Post June 2026,5_post_june_2026,1790,...........প্রেসিডেন্ট হয়ে যাবে,প্রেসিডেন্ট হয়ে যাবে,4,0.798278940558874
5 Post June 2026,5_post_june_2026,1791,খাম্বা তারেক আবারো চেম্পিয়ান বানাবে ৬ষ্ট বার,খাম্বা তারেক আবারো চেম্পিয়ান বানাবে ষ্ট বার,4,0.5503941395202093
5 Post June 2026,5_post_june_2026,1792,দেশে তো নাই,দেশে তো নাই,2,0.7276761026461672
5 Post June 2026,5_post_june_2026,1793,বাল ছিড়ছে,বাল ছিড়ছে,1,0.595473366171046
5 Post June 2026,5_post_june_2026,1794,সব কিছু অতোটা সহজ নয়,সব কিছু অতোটা সহজ নয়,0,0.7321973870920522
5 Post June 2026,5_post_june_2026,1795,চাটাচাটি বন্ধ কর প্রিয় কিছু পর দেশ ছেড়ে পালাতে হবে,চাটাচাটি বন্ধ কর প্রিয় কিছু পর দেশ ছেড়ে পালাতে হবে,4,0.46025203584618446
5 Post June 2026,5_post_june_2026,1796,মির্জা ফখরুল সাব মানসিক রোগী,মির্জা ফখরুল সাব মানসিক রোগী,2,0.839386854618493
5 Post June 2026,5_post_june_2026,1797,"হয়,হয়, কতা সত্য",হয় হয় কতা সত্য,0,0.5999951058304857
5 Post June 2026,5_post_june_2026,1798,কাক্কু মিথ ্যা এত বই লেন না আল্লাহ নারাজ হয়,কাক্কু মিথ ্যা এত বই লেন না আল্লাহ নারাজ হয়,2,0.4740644755932438
5 Post June 2026,5_post_june_2026,1799,জাতীয় ও আন্তর্জাতিক পর্যায়ে তিনি খাম্বা চোর নামে পরিচিত,জাতীয় ও আন্তর্জাতিক পর্যায়ে তিনি খাম্বা চোর নামে পরিচিত,4,0.8856136867693004
5 Post June 2026,5_post_june_2026,1800,হারামজাদা। ভোট লেট করেছে।গনভোটের হোগা মেরেছে। এদেরকে দেশ থেকে তাড়াও।,হারামজাদা ভোট লেট করেছে গনভোটের হোগা মেরেছে এদেরকে দেশ থেকে তাড়াও,0,0.7316816576545908
5 Post June 2026,5_post_june_2026,1801,চাটাচাটি ভালো ই হচ্ছে তা নাহলে হামে যে ৭০০+ তার খবর কি,চাটাচাটি ভালো ই হচ্ছে তা নাহলে হামে যে তার খবর কি,4,0.8392829649761737
5 Post June 2026,5_post_june_2026,1802,কচু অর্জন করেছে দেশটারে বারোটা বাজাইতেছে বর্তমানে জিনিসপত্রের দাম বাড়িয়ে,কচু অর্জন করেছে দেশটারে বারোটা বাজাইতেছে বর্তমানে জিনিসপত্রের দাম বাড়িয়ে,0,0.48251093254712935
5 Post June 2026,5_post_june_2026,1803,নিজের বয়সের দিকে খেয়াল করে তোষামোদি করেন কাকা,নিজের বয়সের দিকে খেয়াল করে তোষামোদি করেন কাকা,2,0.8378122865269286
5 Post June 2026,5_post_june_2026,1804,নিজের ডুল নিজে ভাজা।।।।।।।।।।,নিজের ডুল নিজে ভাজা,4,0.7326372772098618
5 Post June 2026,5_post_june_2026,1805,"তবে পালাতে হবে অতি শীঘ্রই,",তবে পালাতে হবে অতি শীঘ্রই,0,0.5984118565301665
5 Post June 2026,5_post_june_2026,1806,এরকম চাটুকারিতার মাধ্যমে শেখ হাসিনাকে ডুবিয়েছেন তার দলের চাটুকাররা। বিএনপি'র বেলায়ও তাই দেখা যাচ্ছে।,এরকম চাটুকারিতার মাধ্যমে শেখ হাসিনাকে ডুবিয়েছেন তার দলের চাটুকাররা বিএনপি র বেলায়ও তাই দেখা যাচ্ছে,1,0.6237097498500588
5 Post June 2026,5_post_june_2026,1807,মালয়েশিয়া ও চীন ঘাড় ধাক্কা দিয়ে বিদায় করেছে।,মালয়েশিয়া ও চীন ঘাড় ধাক্কা দিয়ে বিদায় করেছে,1,0.7320473341377532
5 Post June 2026,5_post_june_2026,1808,গ্রেনেড হামলার সাজাপ্রাপ্ত আসামী,গ্রেনেড হামলার সাজাপ্রাপ্ত আসামী,0,0.7310803602113974
5 Post June 2026,5_post_june_2026,1809,জাতিসংঘের দায়িত্ব পেতে যাচ্ছে,জাতিসংঘের দায়িত্ব পেতে যাচ্ছে,0,0.796491467800417
5 Post June 2026,5_post_june_2026,1810,ইনশাআল্লাহ,ইনশাআল্লাহ,3,0.5983053829827013
5 Post June 2026,5_post_june_2026,1811,বাল বালক তোমার খেলা খমত হয়ে আসছে দেরি না সব কিছু সেষ আছে অত্যাচার জুলুম মব দর্শন লুটপাট ছাদা মানুষ খুন আগুন দখল দুর্নীতিব…,বাল বালক তোমার খেলা খমত হয়ে আসছে দেরি না সব কিছু সেষ আছে অত্যাচার জুলুম মব দর্শন লুটপাট ছাদা মানুষ খুন আগুন দখল দুর্নীতিব,4,0.4021107774295375
5 Post June 2026,5_post_june_2026,1812,আলহামদুলিল্লাহ,আলহামদুলিল্লাহ,4,0.5999992544339399
5 Post June 2026,5_post_june_2026,1813,তাই নাকি ফকা সাহেব আর আপনি কোন চিপায় চাপায় অবস্থান তৈরি করলেন নিজের মন্ত্রণালয়েই তো নিজে কোন অবস্থান নাই। ফাতরা একটা রাজাকারের পুত্র ফকা,তাই নাকি ফকা সাহেব আর আপনি কোন চিপায় চাপায় অবস্থান তৈরি করলেন নিজের মন্ত্রণালয়েই তো নিজে কোন অবস্থান নাই ফাতরা একটা রাজাকারের পুত্র ফকা,4,0.7745989355859354
5 Post June 2026,5_post_june_2026,1814,Bl,bl,0,0.2
5 Post June 2026,5_post_june_2026,1815,আপনি দলের আগাছা,আপনি দলের আগাছা,1,0.599998087527336
5 Post June 2026,5_post_june_2026,1816,দেশটাই আন্তর্জাতিক দেশ হয়ে গেছে আজব একটি দেশ যেই দেশের প্রধানমুনত্রী লন্ডনের পররাষ্ট্র মন্ত্রী আমেরিকার সরাষ্টমুনত্রী ভারতের বিরোধী দল পাকিস্তান,দেশটাই আন্তর্জাতিক দেশ হয়ে গেছে আজব একটি দেশ যেই দেশের প্রধানমুনত্রী লন্ডনের পররাষ্ট্র মন্ত্রী আমেরিকার সরাষ্টমুনত্রী ভারতের বিরোধী দল পাকিস্তান,0,0.534077472310051
5 Post June 2026,5_post_june_2026,1817,দেশ বিক্রি কোরলে সব কিছু সম্ভব তারই প্রমাণ আমেরিকার সাতে বাণিজ্য চুক্রি,দেশ বিক্রি কোরলে সব কিছু সম্ভব তারই প্রমাণ আমেরিকার সাতে বাণিজ্য চুক্রি,0,0.8659805987670811
5 Post June 2026,5_post_june_2026,1818,জাতীয় মিথুক,জাতীয় মিথুক,4,0.5985401876332954
5 Post June 2026,5_post_june_2026,1819,খাম্বা দিয়ে মনে হয়,খাম্বা দিয়ে মনে হয়,4,0.7262929478769754
5 Post June 2026,5_post_june_2026,1820,Khamba chor,khamba chor,0,0.2
5 Post June 2026,5_post_june_2026,1821,টিআইবি তো আগেই বিশ্ব চ্যাম্পিয়ন ঘোষণা করে গেজেট প্রকাশে করে,টিআইবি তো আগেই বিশ্ব চ্যাম্পিয়ন ঘোষণা করে গেজেট প্রকাশে করে,2,0.5988694154939651
5 Post June 2026,5_post_june_2026,1822,নিজেদের শান্তনা আর জনগন কে বোকা ভাবা এই ছাড়া আর কি,নিজেদের শান্তনা আর জনগন কে বোকা ভাবা এই ছাড়া আর কি,1,0.8651491362946653
5 Post June 2026,5_post_june_2026,1823,High treason,high treason,0,0.2
5 Post June 2026,5_post_june_2026,1824,প্রাথমিক বিশ্ববিদ্যালয় পাশ হলে সবই সম্ভব,প্রাথমিক বিশ্ববিদ্যালয় পাশ হলে সবই সম্ভব,0,0.8653698611685587
5 Post June 2026,5_post_june_2026,1825,আলহামদুলিল্লাহ,আলহামদুলিল্লাহ,4,0.5999992544339399
5 Post June 2026,5_post_june_2026,1826,তাহলে তো গাঁড় মারা সারা,তাহলে তো গাঁড় মারা সারা,0,0.7984378401425068
5 Post June 2026,5_post_june_2026,1827,"সব ঠিক আছে মানুষের নিত্যপন্য বিদ্যুৎ সরবরাহ এর দাম আগুন,ওনি বিশ্বের সেরা ক্ষমতা পাক তাতে কারোও সমস্যা নাই, ধর্ষন,খুন,গুম,বলাৎক…",সব ঠিক আছে মানুষের নিত্যপন্য বিদ্যুৎ সরবরাহ এর দাম আগুন ওনি বিশ্বের সেরা ক্ষমতা পাক তাতে কারোও সমস্যা নাই ধর্ষন খুন গুম বলাৎক,2,0.7425265700261183
5 Post June 2026,5_post_june_2026,1828,লজ্জা লজ্জা লজ্জা ভুয়া ভুয়া ভুয়া জাতির জন্য এক লজ্জার বিষয় গেছিল ভিক্ষা করতে আসছে খালি হাতে দূর দূর করে তাড়িয়ে দিয়েছে,লজ্জা লজ্জা লজ্জা ভুয়া ভুয়া ভুয়া জাতির জন্য এক লজ্জার বিষয় গেছিল ভিক্ষা করতে আসছে খালি হাতে দূর দূর করে তাড়িয়ে দিয়েছে,0,0.9497466487980629
5 Post June 2026,5_post_june_2026,1829,আমেরিকার গোলাম ৩৩ তম,আমেরিকার গোলাম তম,0,0.40082543185937125
5 Post June 2026,5_post_june_2026,1830,Ho vai shei shei,ho vai shei shei,2,0.5999906864866619
5 Post June 2026,5_post_june_2026,1831,অণু অভিনন্দন,অণু অভিনন্দন,2,0.5996384095812631
5 Post June 2026,5_post_june_2026,1832,শুধু দেশের মানুষের কাছেই তার ভালো কোন অবস্থান তৈরি করতে পারলো না।,শুধু দেশের মানুষের কাছেই তার ভালো কোন অবস্থান তৈরি করতে পারলো না,4,0.7425666036766738
5 Post June 2026,5_post_june_2026,1833,চুতিয়া,চুতিয়া,0,0.2
5 Post June 2026,5_post_june_2026,1834,প্রধানমন্ত্রীর বাসায় কারেন্ট বন্ধ করার দাবি জানাচ্ছি,প্রধানমন্ত্রীর বাসায় কারেন্ট বন্ধ করার দাবি জানাচ্ছি,4,0.8989557778312962
5 Post June 2026,5_post_june_2026,1835,সব ক্লাউন গ্যারোল,সব ক্লাউন গ্যারোল,0,0.2
5 Post June 2026,5_post_june_2026,1836,এরা এত সস্তা বুদ্ধি নিয়ে রাজনীতি করে নাকি আমরা হুদাই এসব মানুষকে মাথায় তুলে নাচি...??? মীর্জা ফখরুলের যদি এই অবস্থা হয় তাহলে দ…,এরা এত সস্তা বুদ্ধি নিয়ে রাজনীতি করে নাকি আমরা হুদাই এসব মানুষকে মাথায় তুলে নাচি মীর্জা ফখরুলের যদি এই অবস্থা হয় তাহলে দ,2,0.47623430552078555
5 Post June 2026,5_post_june_2026,1837,আজ থেকে ২০ বছর আগে ই তো বিশ্বের পরিচিত খাম্বা চোর।,আজ থেকে বছর আগে ই তো বিশ্বের পরিচিত খাম্বা চোর,4,0.6198753123020535
5 Post June 2026,5_post_june_2026,1838,আমরা আছি হারিকেন যুগে হেরা আছি ২০৬০ সালের কানা স্বপ্ন নিয়ে,আমরা আছি হারিকেন যুগে হেরা আছি সালের কানা স্বপ্ন নিয়ে,3,0.8390350395452005
5 Post June 2026,5_post_june_2026,1839,বিএনপি জনগণের দল তাই জনগণের নেতা বিশ্ববাসীর মন কেড়ে নেবে এক,বিএনপি জনগণের দল তাই জনগণের নেতা বিশ্ববাসীর মন কেড়ে নেবে এক,1,0.8842200629426612
5 Post June 2026,5_post_june_2026,1840,চাচায় কইছে দিবো,চাচায় কইছে দিবো,0,0.2
5 Post June 2026,5_post_june_2026,1841,মুনাফেকির মাধ্যমে আন্তর্জাতিক ভাবে বি এন পি তাদের অবস্থাম তৈরি করেছে।,মুনাফেকির মাধ্যমে আন্তর্জাতিক ভাবে বি এন পি তাদের অবস্থাম তৈরি করেছে,1,0.5110433222917534
5 Post June 2026,5_post_june_2026,1842,বাল একগাছ ও নাই সব টাইনা -ছিরা ফেলাইছে,বাল একগাছ ও নাই সব টাইনা ছিরা ফেলাইছে,3,0.7287982759590419
5 Post June 2026,5_post_june_2026,1843,বাল পালাইছে আমেরিকার কাছে দেশ বিক্রি করে দিছে,বাল পালাইছে আমেরিকার কাছে দেশ বিক্রি করে দিছে,3,0.5155951179241305
5 Post June 2026,5_post_june_2026,1844,International durniti te champion kintu,international durniti te champion kintu,2,0.5999804444095027
5 Post June 2026,5_post_june_2026,1845,বুড়া হইলে কি মস্তিষ্কে গু গোবর জমে?,বুড়া হইলে কি মস্তিষ্কে গু গোবর জমে,1,0.7325482665186605
5 Post June 2026,5_post_june_2026,1846,আলহামদুলিল্লাহ,আলহামদুলিল্লাহ,4,0.5999992544339399
5 Post June 2026,5_post_june_2026,1847,"মাননীয় প্রধানমন্ত্রী তারেক রহমান, আপনার নামটিই মহান !…",মাননীয় প্রধানমন্ত্রী তারেক রহমান আপনার নামটিই মহান,4,0.8660163236963863
5 Post June 2026,5_post_june_2026,1848,আনতোরজাতিক ভাবে কম শিক্ষা এই নেথার,আনতোরজাতিক ভাবে কম শিক্ষা এই নেথার,4,0.7962854242911097
5 Post June 2026,5_post_june_2026,1849,বাললাদেশের গৌরব তারেক রহমান,বাললাদেশের গৌরব তারেক রহমান,4,0.7333322128693481
5 Post June 2026,5_post_june_2026,1850,এই বুড়া বয়সেও আর কি পাওয়ার বাকি যে এরকম তেলমারতে হবে।ও মনে পড়েছে সামনে রাস্ট্র প্রতি হওয়ার শপ্ন আছে,এই বুড়া বয়সেও আর কি পাওয়ার বাকি যে এরকম তেলমারতে হবে ও মনে পড়েছে সামনে রাস্ট্র প্রতি হওয়ার শপ্ন আছে,1,0.4951784834946773
5 Post June 2026,5_post_june_2026,1851,সেজন্য মালয়েশিয়া সরকার মারেও নাই,সেজন্য মালয়েশিয়া সরকার মারেও নাই,2,0.7951003684611925
5 Post June 2026,5_post_june_2026,1852,মালয়েশিয়া এবং চীন সফর করে বেকায়দা অর্জন করেছেন এটা জনগণ জানতে চায় না জনগণ জানতে চায় কেন বিদ্যুৎ থাকে না,মালয়েশিয়া এবং চীন সফর করে বেকায়দা অর্জন করেছেন এটা জনগণ জানতে চায় না জনগণ জানতে চায় কেন বিদ্যুৎ থাকে না,1,0.8500153867493244
5 Post June 2026,5_post_june_2026,1853,আল্হাম্দুলিল্লাহ,আল্হাম্দুলিল্লাহ,0,0.2
5 Post June 2026,5_post_june_2026,1854,যারা চাটামি করে তাদের দল থেকে বাদ দেওয়া উচিৎ,যারা চাটামি করে তাদের দল থেকে বাদ দেওয়া উচিৎ,3,0.5667272038253115
5 Post June 2026,5_post_june_2026,1855,হো হো আমরা সেটা বিশ্বাস করি,হো হো আমরা সেটা বিশ্বাস করি,4,0.7328893308266883
5 Post June 2026,5_post_june_2026,1856,একদম,একদম,2,0.5999965123535658
5 Post June 2026,5_post_june_2026,1857,আলহামদুলিল্লাহ।,আলহামদুলিল্লাহ,4,0.5999992544339399
5 Post June 2026,5_post_june_2026,1858,বেশি পাম দিয়েন না।শেখ হাসিনা ও মাঝে মাঝে শুনতাম সেরা ১০০ লিডারের খাতায় নাম আসতো।ফলাফলতো জানেন।কারো আমলনামা বিচার করবেন সরকারে না থাকলে।,বেশি পাম দিয়েন না শেখ হাসিনা ও মাঝে মাঝে শুনতাম সেরা লিডারের খাতায় নাম আসতো ফলাফলতো জানেন কারো আমলনামা বিচার করবেন সরকারে না থাকলে,1,0.9417157015091795
5 Post June 2026,5_post_june_2026,1859,"সবই ফাঁকা বুলি, খুন ধর্ষন মাদক কারবারি দখল বাজি চাঁদাবাজি অবলীলায় চলছে, আইনশৃঙ্খলা পরিস্থিতির চরম অবনতি",সবই ফাঁকা বুলি খুন ধর্ষন মাদক কারবারি দখল বাজি চাঁদাবাজি অবলীলায় চলছে আইনশৃঙ্খলা পরিস্থিতির চরম অবনতি,3,0.38030854204677195
5 Post June 2026,5_post_june_2026,1860,Right,right,2,0.5999971098877311
5 Post June 2026,5_post_june_2026,1861,ইনশাআল্লাহ আরো ভালো কিছু হোক,ইনশাআল্লাহ আরো ভালো কিছু হোক,3,0.8372943464395871
5 Post June 2026,5_post_june_2026,1862,"হা হা সময় বলে দিবে , চাপাবাজি করে ফায়দা নেই।",হা হা সময় বলে দিবে চাপাবাজি করে ফায়দা নেই,2,0.4565305487105048
5 Post June 2026,5_post_june_2026,1863,"মালয়েশিয়া রিসিভ করেছে ধর্মমন্ত্রী, চীনে একজন সচিব!!এই হলো বিশ্বনেতার অবস্থা। শেখ হাসিনার করা চুক্তিগুলোর ঘষামাজা ছাড়া লিদার মু…",মালয়েশিয়া রিসিভ করেছে ধর্মমন্ত্রী চীনে একজন সচিব এই হলো বিশ্বনেতার অবস্থা শেখ হাসিনার করা চুক্তিগুলোর ঘষামাজা ছাড়া লিদার মু,1,0.8976427532996815
5 Post June 2026,5_post_june_2026,1865,রাইট,রাইট,1,0.5999935439617783
5 Post June 2026,5_post_june_2026,1866,বিএনপির অনেক গুণ চাঁদার জন্য মানুষ খুন এছাড়া আর কি অর্জন করছে,বিএনপির অনেক গুণ চাঁদার জন্য মানুষ খুন এছাড়া আর কি অর্জন করছে,0,0.44242350936873487
5 Post June 2026,5_post_june_2026,1867,ইনশাআল্লাহ আল্লাহর উপর ভরসা,ইনশাআল্লাহ আল্লাহর উপর ভরসা,4,0.7304118143274121
5 Post June 2026,5_post_june_2026,1868,পারলে কিনা বলে ছাগ.,পারলে কিনা বলে ছাগ,3,0.7988485854205211
5 Post June 2026,5_post_june_2026,1869,সেটা আমরা মানলাম কিন্তু তারেক জিয়ার সরকারের কোন ক্ষতি হলে এটা সম্পূর্ণ দায়ভার আপনাদের মতন কয়েকজন লোকের কারন আপনাদের কথাবার্…,সেটা আমরা মানলাম কিন্তু তারেক জিয়ার সরকারের কোন ক্ষতি হলে এটা সম্পূর্ণ দায়ভার আপনাদের মতন কয়েকজন লোকের কারন আপনাদের কথাবার্,2,0.7355052270430089
5 Post June 2026,5_post_june_2026,1870,খাম্বা বউ নিয়ে ভালোই ব্যবসা শুরু করেছে,খাম্বা বউ নিয়ে ভালোই ব্যবসা শুরু করেছে,3,0.4619070999709532
5 Post June 2026,5_post_june_2026,1871,"গাল গল্প আর কতো সময় থাকতে ভালো হয়ে যান,নিজেকে আর নিচে নামবেন না",গাল গল্প আর কতো সময় থাকতে ভালো হয়ে যান নিজেকে আর নিচে নামবেন না,2,0.7257136714871802
5 Post June 2026,5_post_june_2026,1872,আহ রে ১ সফরে?,আহ রে সফরে,1,0.599978532318507
5 Post June 2026,5_post_june_2026,1873,Congratulations,congratulations,0,0.5999871857648945
5 Post June 2026,5_post_june_2026,1874,বুইরা খাডাস লালালি বদ্ধ করেন,বুইরা খাডাস লালালি বদ্ধ করেন,4,0.5975760905967118
5 Post June 2026,5_post_june_2026,1875,চায়না+ মালয়েশিয়া = ইন্টারন্যাশনাল,চায়না মালয়েশিয়া ইন্টারন্যাশনাল,2,0.7986997790291169
5 Post June 2026,5_post_june_2026,1876,"এই বুড়া বয়সে চাটা চাটি করে কি লাভ, মরণ খুব নিকটে।",এই বুড়া বয়সে চাটা চাটি করে কি লাভ মরণ খুব নিকটে,2,0.531715368137135
5 Post June 2026,5_post_june_2026,1877,সেটাতো ২০০১ থেকে ২০০৬ সালেই প্রমান করেছে দুর্নীতিবাজ হিসেবে বিশ্ব সেরা নেতা।,সেটাতো থেকে সালেই প্রমান করেছে দুর্নীতিবাজ হিসেবে বিশ্ব সেরা নেতা,1,0.8661798417177351
5 Post June 2026,5_post_june_2026,1878,"দেখা যাক,,",দেখা যাক,4,0.7331279479857012
5 Post June 2026,5_post_june_2026,1879,সাথে আপনিও ই হেবে প্ল্যান,সাথে আপনিও ই হেবে প্ল্যান,0,0.2
5 Post June 2026,5_post_june_2026,1880,হা হা হা,হা হা হা,2,0.799999494241525
5 Post June 2026,5_post_june_2026,1881,গত চার মাসে ৬ লক্ষ লোকের কর্মসংস্থান কোথায়। …,গত চার মাসে লক্ষ লোকের কর্মসংস্থান কোথায়,2,0.533987020576527
5 Post June 2026,5_post_june_2026,1882,পূর্ণিমার চাঁদ কিন্তু মেঘে ঢেকে দিতে দেরী করে না।,পূর্ণিমার চাঁদ কিন্তু মেঘে ঢেকে দিতে দেরী করে না,3,0.5924192443387897
5 Post June 2026,5_post_june_2026,1883,ইনশাআল্লাহ,ইনশাআল্লাহ,3,0.5983053829827013
5 Post June 2026,5_post_june_2026,1884,ঈদের পরে চাচা,ঈদের পরে চাচা,2,0.7301906755871305
5 Post June 2026,5_post_june_2026,1885,ওরে বাপরে তাইনাকি,ওরে বাপরে তাইনাকি,4,0.5988695213383857
5 Post June 2026,5_post_june_2026,1886,বাল,বাল,1,0.595473366171046
5 Post June 2026,5_post_june_2026,1887,বর্তমান বেজন্মা সরকারের পতন চাই,বর্তমান বেজন্মা সরকারের পতন চাই,1,0.8660384353122587
5 Post June 2026,5_post_june_2026,1888,Right,right,2,0.5999971098877311
5 Post June 2026,5_post_june_2026,1889,এটাতো নিজের ঢোল নিজে পেটানো,এটাতো নিজের ঢোল নিজে পেটানো,4,0.7326372772098618
5 Post June 2026,5_post_june_2026,1890,"ভালো, যাও বাল ছিড়ে তাল গাছে বান্দোগা, শালা বুউড়া ভাম।",ভালো যাও বাল ছিড়ে তাল গাছে বান্দোগা শালা বুউড়া ভাম,2,0.8982292919320143
5 Post June 2026,5_post_june_2026,1891,ছাগল পালন কোথাকার,ছাগল পালন কোথাকার,3,0.7316566209206794
5 Post June 2026,5_post_june_2026,1892,পারে নি শুধু শিশু রামিসার হত্যাকারি কে ফাঁসিতে জুালাতে,পারে নি শুধু শিশু রামিসার হত্যাকারি কে ফাঁসিতে জুালাতে,0,0.5494863756929104
5 Post June 2026,5_post_june_2026,1893,গাঁজাখোর বলে কি,গাঁজাখোর বলে কি,1,0.5973298844095909
5 Post June 2026,5_post_june_2026,1894,কাকু একটা বড় পাগল হইসে,কাকু একটা বড় পাগল হইসে,2,0.4998521876651709
5 Post June 2026,5_post_june_2026,1895,"তোমার মত চাটুকার থাকলে, খাম্বাকে আর ঠেকায় কে।",তোমার মত চাটুকার থাকলে খাম্বাকে আর ঠেকায় কে,0,0.5484116450143163
5 Post June 2026,5_post_june_2026,1896,বাংলাদেশে কেউ দেশীয় মাল না সবাই আন্তজার্তিক পর্যায়ের মাল।,বাংলাদেশে কেউ দেশীয় মাল না সবাই আন্তজার্তিক পর্যায়ের মাল,0,0.8633780030572323
5 Post June 2026,5_post_june_2026,1897,আপনার আর যাই হন চাটাচাটিতে সেরা,আপনার আর যাই হন চাটাচাটিতে সেরা,1,0.5985240598301159
5 Post June 2026,5_post_june_2026,1898,মিস্টার ফখরুল সাহেব বাংলাদেশের আইন শিক্ষা পরিস্থিতি আগে ঠিক করেন। আন্তর্জাতিক পর্যায় এত সস্তা না,মিস্টার ফখরুল সাহেব বাংলাদেশের আইন শিক্ষা পরিস্থিতি আগে ঠিক করেন আন্তর্জাতিক পর্যায় এত সস্তা না,2,0.5211953747578387
5 Post June 2026,5_post_june_2026,1899,আমি কি হাসতে পারবো,আমি কি হাসতে পারবো,3,0.5959098041194554
5 Post June 2026,5_post_june_2026,1900,Right,right,2,0.5999971098877311
5 Post June 2026,5_post_june_2026,1901,তাহলে এবার মুসলমানিটা সেরে ফেলুন!,তাহলে এবার মুসলমানিটা সেরে ফেলুন,2,0.3982294066032228
5 Post June 2026,5_post_june_2026,1902,বেশি করে তেল মারেন ফকু কাকা দেখেন রাষ্ট্রপতির পদটা বাগিয়ে নেয়া যায় কিনা.....,বেশি করে তেল মারেন ফকু কাকা দেখেন রাষ্ট্রপতির পদটা বাগিয়ে নেয়া যায় কিনা,2,0.4629604792996621
5 Post June 2026,5_post_june_2026,1903,"হয় ভাই তুরাগ নদীতে এর আগে কখনো এইভাবে মানুষের লাশ ভাষেনি।এত ধরষন বলাৎকার হয়নি,এত খুন হত্যা চাদাবাজী,লুটপাট চুরি ডাকাতি ভাংচুর…",হয় ভাই তুরাগ নদীতে এর আগে কখনো এইভাবে মানুষের লাশ ভাষেনি এত ধরষন বলাৎকার হয়নি এত খুন হত্যা চাদাবাজী লুটপাট চুরি ডাকাতি ভাংচুর,1,0.5107118544223467
5 Post June 2026,5_post_june_2026,1904,চোদনের ভাই বোকচোদ,চোদনের ভাই বোকচোদ,4,0.5945590394552849
5 Post June 2026,5_post_june_2026,1905,তুমি কি বালটা ছিড়লে? ১৭ বছরে ৩৪ টা ঈদ গেলো তোমার ঈদের পরে আনদোলনের ডাক আর দেওয়ার সুযোগ হলোনা।,তুমি কি বালটা ছিড়লে বছরে টা ঈদ গেলো তোমার ঈদের পরে আনদোলনের ডাক আর দেওয়ার সুযোগ হলোনা,0,0.8841158229103054
5 Post June 2026,5_post_june_2026,1906,নাটক কম কর এদেশের জনগণ জানে কি বাল ফালাইছে ফটো কার্ড দিলে হবে না।,নাটক কম কর এদেশের জনগণ জানে কি বাল ফালাইছে ফটো কার্ড দিলে হবে না,1,0.4907277608692875
5 Post June 2026,5_post_june_2026,1907,বাল ছিড়ে ফেলেছেন,বাল ছিড়ে ফেলেছেন,2,0.7303525379273521
5 Post June 2026,5_post_june_2026,1908,চাচা ফকরুল বুড়াহইছেন তেল কমকম মারেন মোরতেহবে,চাচা ফকরুল বুড়াহইছেন তেল কমকম মারেন মোরতেহবে,2,0.8369322688431214
5 Post June 2026,5_post_june_2026,1909,মালোশিয়া আর চিন গিয়ে বাল কাইটা আটি বাদছে,মালোশিয়া আর চিন গিয়ে বাল কাইটা আটি বাদছে,1,0.7315894515187805
5 Post June 2026,5_post_june_2026,1910,"সেই অনেক আগে আন্তর্জাতিক ভাবে যায়গা করে নিছে দুর্নীতিতে ৫ বার চ্যাম্পিয়ন হয়ে,",সেই অনেক আগে আন্তর্জাতিক ভাবে যায়গা করে নিছে দুর্নীতিতে বার চ্যাম্পিয়ন হয়ে,0,0.5669247589747172
5 Post June 2026,5_post_june_2026,1911,Right,right,2,0.5999971098877311
5 Post June 2026,5_post_june_2026,1912,সবার আগে বাংলাদেশ,সবার আগে বাংলাদেশ,0,0.599171616995158
5 Post June 2026,5_post_june_2026,1913,পাকনা,পাকনা,1,0.5999783313467569
5 Post June 2026,5_post_june_2026,1914,অনতিবিলম্বে আদ্ দ্বিন হাসপাতালের লাইসেন্স ফিরিয়ে দেওয়ার ব্যবস্থা করুন,অনতিবিলম্বে আদ্ দ্বিন হাসপাতালের লাইসেন্স ফিরিয়ে দেওয়ার ব্যবস্থা করুন,2,0.8386433877703433
5 Post June 2026,5_post_june_2026,1915,দ্রুত গতি তে,দ্রুত গতি তে,0,0.399793741217362
5 Post June 2026,5_post_june_2026,1916,yes,yes,3,0.599977103175225
5 Post June 2026,5_post_june_2026,1917,কচু করে ফেলেছে কচু কচু কচু,কচু করে ফেলেছে কচু কচু কচু,0,0.8665946700730789
5 Post June 2026,5_post_june_2026,1918,এটা আপনার কাছে মনে হতে পারে জনগনের কাছে না কাকু,এটা আপনার কাছে মনে হতে পারে জনগনের কাছে না কাকু,3,0.7542218398626871
5 Post June 2026,5_post_june_2026,1919,ঐটা চুরি আর চাঁদাবাজির দিক দিয়ে,ঐটা চুরি আর চাঁদাবাজির দিক দিয়ে,3,0.7296962618884999
5 Post June 2026,5_post_june_2026,1920,উড়ে এসে জুড়ে বসে তারেক এখন প্রধানমন্ত্রী !!!! কোথায় থাকার কথা ছিলো আর এখন কোথায় ?! কারা তারে এখানে নিয়ে আসলো সব ভূলে গেছে অকৃ…,উড়ে এসে জুড়ে বসে তারেক এখন প্রধানমন্ত্রী কোথায় থাকার কথা ছিলো আর এখন কোথায় কারা তারে এখানে নিয়ে আসলো সব ভূলে গেছে অকৃ,3,0.4696163792927998
5 Post June 2026,5_post_june_2026,1921,দেশের অবস্থা এত খারাপ চলছে কেন?,দেশের অবস্থা এত খারাপ চলছে কেন,3,0.6044676045080649
5 Post June 2026,5_post_june_2026,1922,বুড়ো বয়সে লজ্জা কমে গেছে,বুড়ো বয়সে লজ্জা কমে গেছে,0,0.5180830728711779
5 Post June 2026,5_post_june_2026,1923,পাগলে বলবে ছাগলে বিশ্বাস করবে এমন কথা,পাগলে বলবে ছাগলে বিশ্বাস করবে এমন কথা,4,0.6993532435710329
5 Post June 2026,5_post_june_2026,1924,নিজে হাইদ্দা দুইটা দেশ সফর করেই ইন্টারনেটনাল খেদোয়ার হাইস্যকর,নিজে হাইদ্দা দুইটা দেশ সফর করেই ইন্টারনেটনাল খেদোয়ার হাইস্যকর,4,0.8355847381513957
5 Post June 2026,5_post_june_2026,1925,আসলে মন্ত্রী এমপি যারা হয় তারা শুধু এই দালালি ছাপাবাজি বাটপারি কথা বলার জন্যই এমপি মন্ত্রী হয়,আসলে মন্ত্রী এমপি যারা হয় তারা শুধু এই দালালি ছাপাবাজি বাটপারি কথা বলার জন্যই এমপি মন্ত্রী হয়,1,0.49383238784163325
5 Post June 2026,5_post_june_2026,1926,মির্জা ফখরুল সাহেব বেশি তো বাঁচবেন না কেন এই মিথ্যা কথাগুলো বলেন।,মির্জা ফখরুল সাহেব বেশি তো বাঁচবেন না কেন এই মিথ্যা কথাগুলো বলেন,2,0.898033343472914
5 Post June 2026,5_post_june_2026,1927,চাডা।,চাডা,0,0.2
5 Post June 2026,5_post_june_2026,1928,আপনাদের মতো নেতারাই এ সুনাম ধরে রাখতে পারবেন না ফখরুল সাহেব।,আপনাদের মতো নেতারাই এ সুনাম ধরে রাখতে পারবেন না ফখরুল সাহেব,0,0.5465843070633274
5 Post June 2026,5_post_june_2026,1929,Haha,haha,0,0.2
5 Post June 2026,5_post_june_2026,1930,তা কি কি,তা কি কি,4,0.5969408181137276
5 Post June 2026,5_post_june_2026,1931,বাল,বাল,1,0.595473366171046
5 Post June 2026,5_post_june_2026,1932,"কেউ চাপাচ্ছে না মনে হয়, তাই গলাবাজি",কেউ চাপাচ্ছে না মনে হয় তাই গলাবাজি,3,0.7296525989030527
5 Post June 2026,5_post_june_2026,1933,Right,right,2,0.5999971098877311
5 Post June 2026,5_post_june_2026,1934,Desh k againiyar shujog ashesa insha'Allah kaj kore dekhai den plz,desh k againiyar shujog ashesa insha allah kaj kore dekhai den plz,2,0.45860208734817987
5 Post June 2026,5_post_june_2026,1935,এইজন্য তো বলি এত তেলের দাম বাড়তেছে কেন আগামীতে জাতিসংঘের মহাসচিব হবে,এইজন্য তো বলি এত তেলের দাম বাড়তেছে কেন আগামীতে জাতিসংঘের মহাসচিব হবে,3,0.4008358294533474
5 Post June 2026,5_post_june_2026,1936,সঠিক,সঠিক,2,0.598878076669741
5 Post June 2026,5_post_june_2026,1937,জিয়াউর রহমান ও করেছিলেন কিন্ত গাদ্দার সহচরদের কুটচাল মুক্ত করুন।,জিয়াউর রহমান ও করেছিলেন কিন্ত গাদ্দার সহচরদের কুটচাল মুক্ত করুন,4,0.7987588279476217
5 Post June 2026,5_post_june_2026,1938,তোর মার শ্যাউয়া,তোর মার শ্যাউয়া,0,0.5999960488253084
5 Post June 2026,5_post_june_2026,1939,তুমি কি করলা দাদু লীগের দালাল করো …,তুমি কি করলা দাদু লীগের দালাল করো,0,0.798904462803763
5 Post June 2026,5_post_june_2026,1940,Absolutely right,absolutely right,2,0.40095329489278975
5 Post June 2026,5_post_june_2026,1941,আর কোতো বাটপারি তেল বাজ দেখবো।,আর কোতো বাটপারি তেল বাজ দেখবো,0,0.5497327383464984
5 Post June 2026,5_post_june_2026,1942,আবাল!,আবাল,3,0.5975914364243665
5 Post June 2026,5_post_june_2026,1943,"তিন মাসেই আমরা কানাডা হয়া গেছি, সামনে ইনশাআল্লাহ মংগল গ্রহ হয়ে যাবো।",তিন মাসেই আমরা কানাডা হয়া গেছি সামনে ইনশাআল্লাহ মংগল গ্রহ হয়ে যাবো,4,0.5257175146368247
5 Post June 2026,5_post_june_2026,1944,চুর,চুর,0,0.2
5 Post June 2026,5_post_june_2026,1945,"দেশে প্রতি খুন ধর্ষন হচ্ছে এই নিয়ে কোন মাথা ব্যথা নাই, কারন জবাবদিহিতা নাই, মানবাধিকার সংগঠন চুপ কেন।",দেশে প্রতি খুন ধর্ষন হচ্ছে এই নিয়ে কোন মাথা ব্যথা নাই কারন জবাবদিহিতা নাই মানবাধিকার সংগঠন চুপ কেন,2,0.9260929821472259
5 Post June 2026,5_post_june_2026,1946,হাহাহা,হাহাহা,0,0.599977914279522
5 Post June 2026,5_post_june_2026,1947,শুধু মিডিয়ায় এসে ঘেউঘেউ করা আর কোন কাজ নাই এদের,শুধু মিডিয়ায় এসে ঘেউঘেউ করা আর কোন কাজ নাই এদের,3,0.5953630065213787
5 Post June 2026,5_post_june_2026,1948,এখন আমেরিকার প্রেসিডেন্ট হওয়া উচিত,এখন আমেরিকার প্রেসিডেন্ট হওয়া উচিত,0,0.8390560499944503
5 Post June 2026,5_post_june_2026,1949,তারেক রহমান কে তার বিএনপি লোকেরাই তো গনেনা আন্তর্জাতিক তো দূরের কথা,তারেক রহমান কে তার বিএনপি লোকেরাই তো গনেনা আন্তর্জাতিক তো দূরের কথা,4,0.8392647634448662
5 Post June 2026,5_post_june_2026,1950,ফখরুল সাহেব এই বয়সে আয়েশা গাজা সেবন করা ঠিক না,ফখরুল সাহেব এই বয়সে আয়েশা গাজা সেবন করা ঠিক না,2,0.8841718370832486
5 Post June 2026,5_post_june_2026,1951,অর্জন ০০% গর্জন ১০০%,অর্জন গর্জন,0,0.5991451163635497
5 Post June 2026,5_post_june_2026,1952,পাগলে কিনা বলে ছাগলে কিনা খায়,পাগলে কিনা বলে ছাগলে কিনা খায়,3,0.8850817479551877
5 Post June 2026,5_post_june_2026,1953,Wow,wow,0,0.2
5 Post June 2026,5_post_june_2026,1954,মাত্র আর কিছু পরেই ড্রোনাল ট্রাম্পের জায়গা দখল করে নিবে,মাত্র আর কিছু পরেই ড্রোনাল ট্রাম্পের জায়গা দখল করে নিবে,4,0.5501916635058635
5 Post June 2026,5_post_june_2026,1955,"জনগন তা মনে করলেই হয়,",জনগন তা মনে করলেই হয়,1,0.7965780324428386
5 Post June 2026,5_post_june_2026,1956,"তাহলে আগামী সপ্তাহে পুতিনের সাথে বৈঠকের আয়োজন করেন, দেখা যাক কি রেসপন্স করে রাশিয়া।",তাহলে আগামী সপ্তাহে পুতিনের সাথে বৈঠকের আয়োজন করেন দেখা যাক কি রেসপন্স করে রাশিয়া,4,0.5333904235854013
5 Post June 2026,5_post_june_2026,1957,চুদলিং পং,চুদলিং পং,0,0.2
5 Post June 2026,5_post_june_2026,1958,চাপাবাজি আর কত,চাপাবাজি আর কত,3,0.39981597890382636
5 Post June 2026,5_post_june_2026,1959,আরে বাহ বেশ চমৎকার,আরে বাহ বেশ চমৎকার,1,0.5499149595897863
5 Post June 2026,5_post_june_2026,1960,হাসানি,হাসানি,0,0.2
5 Post June 2026,5_post_june_2026,1961,পিলিজ বেলুন বেশি ফুলাইয়েন না পরে ফাটবে অসময়ে,পিলিজ বেলুন বেশি ফুলাইয়েন না পরে ফাটবে অসময়ে,3,0.5967387605634973
5 Post June 2026,5_post_june_2026,1962,তাই নাকি?বলেন কি?,তাই নাকি বলেন কি,2,0.7317726011542492
5 Post June 2026,5_post_june_2026,1963,কি করেছেন একটু বলুন তো,কি করেছেন একটু বলুন তো,4,0.7985288953888314
5 Post June 2026,5_post_june_2026,1964,তেল যে কত প্রকার আগে জানতাম না,তেল যে কত প্রকার আগে জানতাম না,2,0.7939387877913004
5 Post June 2026,5_post_june_2026,1965,এই সালাকে কেউ পাবনা দিয়ে আসে না কেন নিসা করে উল্টা পাল্টা কথা বলে,এই সালাকে কেউ পাবনা দিয়ে আসে না কেন নিসা করে উল্টা পাল্টা কথা বলে,4,0.5498246448723654
5 Post June 2026,5_post_june_2026,1966,আপনিও চেয়ারে বসার পর আবোলতাবোল বকা শুরু করেছেন কাক্কু।,আপনিও চেয়ারে বসার পর আবোলতাবোল বকা শুরু করেছেন কাক্কু,3,0.8364349181837977
5 Post June 2026,5_post_june_2026,1967,"মিথ্যাবাদী ফখরুল,",মিথ্যাবাদী ফখরুল,0,0.5976927706573685
5 Post June 2026,5_post_june_2026,1968,তোর মতো বুড়া দালালের মায়রে চুদছে,তোর মতো বুড়া দালালের মায়রে চুদছে,0,0.6408416574604417
5 Post June 2026,5_post_june_2026,1969,বিএনপি তো জাতীয় আর আন্তর্জাতিক কি সেটাই বুঝে না।,বিএনপি তো জাতীয় আর আন্তর্জাতিক কি সেটাই বুঝে না,4,0.8386218027100357
5 Post June 2026,5_post_june_2026,1970,ওবায়েদুল কাদের এর মত উনি এতো তাড়াতাড়ি পাগল হবে বুঝিনি,ওবায়েদুল কাদের এর মত উনি এতো তাড়াতাড়ি পাগল হবে বুঝিনি,0,0.6837128659486087
5 Post June 2026,5_post_june_2026,1971,বাল ছিরছে। আমেরিকার দালালদের সঙ্গে কোনো কিছু নয়,বাল ছিরছে আমেরিকার দালালদের সঙ্গে কোনো কিছু নয়,0,0.542467226322408
5 Post June 2026,5_post_june_2026,1972,এই হাদিদের জন্য কোট পড়ে কথা বলছে আর কিছু নিমহারাম হাদেরকে ভুলে যাচ্ছে,এই হাদিদের জন্য কোট পড়ে কথা বলছে আর কিছু নিমহারাম হাদেরকে ভুলে যাচ্ছে,3,0.838613291039502
5 Post June 2026,5_post_june_2026,1973,জি আপনারা বা*ল ছিড়েছেন হ্যাঁ ধন্যবাদ …,জি আপনারা বা ল ছিড়েছেন হ্যাঁ ধন্যবাদ,0,0.6913295970275011
5 Post June 2026,5_post_june_2026,1974,এক সফরেই এতো কিছু। আলাদীনের চেরাগ পাইছে নি ফক্কু,এক সফরেই এতো কিছু আলাদীনের চেরাগ পাইছে নি ফক্কু,4,0.7979237397153052
5 Post June 2026,5_post_june_2026,1975,এক্কেরে হাড়াইঁয়াঁ কাম কইচ্ছে,এক্কেরে হাড়াইঁয়াঁ কাম কইচ্ছে,2,0.5999907499076861
5 Post June 2026,5_post_june_2026,1976,হেডা,হেডা,2,0.5999805511750743
5 Post June 2026,5_post_june_2026,1977,এই জন্য তো বলি চাউল থেকে শুরু করে সব কিছুর দাম এতো বাড়তেছে কেন,এই জন্য তো বলি চাউল থেকে শুরু করে সব কিছুর দাম এতো বাড়তেছে কেন,3,0.5513087045272252
5 Post June 2026,5_post_june_2026,1978,এটা সত্য কথা তারেক রহমান সারা বিশ্বে একটা সুনাম অর্জন করেছে তবে তোমাদের দলের নেতাকর্মীরা বাংলাদেশে শুধু চাঁদাবাজি করে,এটা সত্য কথা তারেক রহমান সারা বিশ্বে একটা সুনাম অর্জন করেছে তবে তোমাদের দলের নেতাকর্মীরা বাংলাদেশে শুধু চাঁদাবাজি করে,0,0.5376256316760876
5 Post June 2026,5_post_june_2026,1979,"আন্তর্জাতিক বিশ্ব খাম্বার অতিত ইতিহাস জানে, ইনশাআল্লাহ",আন্তর্জাতিক বিশ্ব খাম্বার অতিত ইতিহাস জানে ইনশাআল্লাহ,1,0.4569460831640649
5 Post June 2026,5_post_june_2026,1980,7 up?,up,0,0.2
5 Post June 2026,5_post_june_2026,1982,মিস্টার খোকা আলমগীর আপনারে কি পাগলা কুত্তায় কামড় দিয়েছে,মিস্টার খোকা আলমগীর আপনারে কি পাগলা কুত্তায় কামড় দিয়েছে,2,0.865871662894029
5 Post June 2026,5_post_june_2026,1983,"Ai jonnoi to Malaysia sathe sathei bole dice j ""akon e kholce na Malaysia er sromobazar"".",ai jonnoi to malaysia sathe sathei bole dice j akon e kholce na malaysia er sromobazar,2,0.8856319624166448
5 Post June 2026,5_post_june_2026,1984,ফখরুল যে পালতু লোক আগে কখনো বুঝতে পারিনাই,ফখরুল যে পালতু লোক আগে কখনো বুঝতে পারিনাই,0,0.8342675733745011
5 Post June 2026,5_post_june_2026,1985,কীভাবে কী করল সেটাই তো বুঝতেছি না,কীভাবে কী করল সেটাই তো বুঝতেছি না,4,0.40021068437641943
5 Post June 2026,5_post_june_2026,1986,Americay akhono nishiddo seita ki janen,americay akhono nishiddo seita ki janen,2,0.5999983754121102
5 Post June 2026,5_post_june_2026,1987,অর্থ পাচারকারী,অর্থ পাচারকারী,4,0.5999905616807463
5 Post June 2026,5_post_june_2026,1988,"হত্যা আর হত্যা বলৎকার, আর বলৎকার, হামে শিশু মির্তু তুরাগ, নদীর লাসের, নদী মাটি কেটে ঘড়, ঢেকে দেওয়া অনেক অনেক কিছু।",হত্যা আর হত্যা বলৎকার আর বলৎকার হামে শিশু মির্তু তুরাগ নদীর লাসের নদী মাটি কেটে ঘড় ঢেকে দেওয়া অনেক অনেক কিছু,1,0.8854077133334947
5 Post June 2026,5_post_june_2026,1989,তাহলে তো সময় শেষ হয়ে আসছে মনে হয়।,তাহলে তো সময় শেষ হয়ে আসছে মনে হয়,0,0.5457152674328577
5 Post June 2026,5_post_june_2026,1990,আগও বলেছি এখনো বলছি বিএনপি একটা সার্কাসের দল আর সব নেতানেত্রী জোকার,আগও বলেছি এখনো বলছি বিএনপি একটা সার্কাসের দল আর সব নেতানেত্রী জোকার,1,0.39559691425630655
5 Post June 2026,5_post_june_2026,1991,সংসদে বসে বাংলায় কথা বলতে কষ্ট হয়। ইংলিশের অবস্থা তো মহা সাঙ্গাতিক।…,সংসদে বসে বাংলায় কথা বলতে কষ্ট হয় ইংলিশের অবস্থা তো মহা সাঙ্গাতিক,3,0.8978559748656856
5 Post June 2026,5_post_june_2026,1992,Faaaaa,faaaaa,0,0.2
5 Post June 2026,5_post_june_2026,1993,তাই নাকি আংকেল,তাই নাকি আংকেল,2,0.5940985808759282
5 Post June 2026,5_post_june_2026,1994,এত ভিত্তিহীন তেল দিয়ে লাভ কি!!!,এত ভিত্তিহীন তেল দিয়ে লাভ কি,3,0.7985729369434771
5 Post June 2026,5_post_june_2026,1995,তেল মারে লাভ নেই জনগন বুঝে গেছে,তেল মারে লাভ নেই জনগন বুঝে গেছে,3,0.8389460738935263
5 Post June 2026,5_post_june_2026,1996,সব তেল আপনারা মেরে খরচ করেন আর আমরা সাধারণ পাবলিকরা দাম বেশি দিয়ে কিনতে হয়।,সব তেল আপনারা মেরে খরচ করেন আর আমরা সাধারণ পাবলিকরা দাম বেশি দিয়ে কিনতে হয়,4,0.37078249422799525
5 Post June 2026,5_post_june_2026,1997,দলের নিস্ক্রিয় মহাসচিব,দলের নিস্ক্রিয় মহাসচিব,1,0.4004673336119479
5 Post June 2026,5_post_june_2026,1998,ব্লাল তৈরি করছে।,ব্লাল তৈরি করছে,4,0.5999959750728718
5 Post June 2026,5_post_june_2026,1999,ভুয়া,ভুয়া,0,0.5999962986546974
5 Post June 2026,5_post_june_2026,2000,"সাহেব এখানে কিছু লোক আছে অনলাইন পোন্দানমন্ত্রীর অনুসারী, তার বাবা যেটা বলবে সেটা ঠিক আছে, তারা যানেনা বাংলাদেশে রাজাকার পার্টি…",সাহেব এখানে কিছু লোক আছে অনলাইন পোন্দানমন্ত্রীর অনুসারী তার বাবা যেটা বলবে সেটা ঠিক আছে তারা যানেনা বাংলাদেশে রাজাকার পার্টি,0,0.5029890785690265
5 Post June 2026,5_post_june_2026,2001,সরকারকে দেশের মানুষের জন্য কাজ করতে দাও। তেল মারা বন্ধ কর।,সরকারকে দেশের মানুষের জন্য কাজ করতে দাও তেল মারা বন্ধ কর,4,0.9188315292814693
5 Post June 2026,5_post_june_2026,2002,"ভালো কথা। আমরাও তাই চাই। দেশ থেকে জঙ্গিবাদ,খুন, ধর্ষণ, চাঁদাবাজি, মামলাবাজি, ভিন্নমতাবলম্বীর উপর নির্যাতন আগে বন্ধ করুন।",ভালো কথা আমরাও তাই চাই দেশ থেকে জঙ্গিবাদ খুন ধর্ষণ চাঁদাবাজি মামলাবাজি ভিন্নমতাবলম্বীর উপর নির্যাতন আগে বন্ধ করুন,0,0.5874292206009915
5 Post June 2026,5_post_june_2026,2003,সততা যোগ্যতা অভিজ্ঞতা সর্ব দিক থেকে আপনি এগিয়ে ছিলেন। এই অর্জনটা আপনার আগে করার দরকার ছিল। কৌটা না মেধা …,সততা যোগ্যতা অভিজ্ঞতা সর্ব দিক থেকে আপনি এগিয়ে ছিলেন এই অর্জনটা আপনার আগে করার দরকার ছিল কৌটা না মেধা,3,0.6044971850321196
5 Post June 2026,5_post_june_2026,2004,ফখরুল ইসলাম ইদানিং দুই লাইন বেশি বলেন,ফখরুল ইসলাম ইদানিং দুই লাইন বেশি বলেন,0,0.4743253889311558
5 Post June 2026,5_post_june_2026,2005,তুমি এত বছর রাজনীতি করে চু/ল ফেলেছো?,তুমি এত বছর রাজনীতি করে চু ল ফেলেছো,3,0.7992853191785234
5 Post June 2026,5_post_june_2026,2006,বুড়া খাটাস এখনো চাটে,বুড়া খাটাস এখনো চাটে,1,0.7311456557428664
5 Post June 2026,5_post_june_2026,2007,৭ খুন তুরাগে আর কি বলব দেশের কথা,খুন তুরাগে আর কি বলব দেশের কথা,0,0.7303003178792993
5 Post June 2026,5_post_june_2026,2008,দেশ বিক্রি করে,দেশ বিক্রি করে,0,0.7313944387796228
5 Post June 2026,5_post_june_2026,2009,সেটা আবার দেশ বিক্রির চুক্তির মধ্যে দিয়ে সম্পর্ক গড়ে তুলছে।,সেটা আবার দেশ বিক্রির চুক্তির মধ্যে দিয়ে সম্পর্ক গড়ে তুলছে,3,0.8380364946831705
5 Post June 2026,5_post_june_2026,2010,দেশের আইন শৃঙ্খলা একেবারে নিম্ন পর্যায়ে দ্রুত ব্যবস্থা নেন,দেশের আইন শৃঙ্খলা একেবারে নিম্ন পর্যায়ে দ্রুত ব্যবস্থা নেন,1,0.5184319468154306
5 Post June 2026,5_post_june_2026,2011,ইরান আমেরিকা যুদ্ধ থামিয়ে দিয়েছে,ইরান আমেরিকা যুদ্ধ থামিয়ে দিয়েছে,3,0.7984701028940772
5 Post June 2026,5_post_june_2026,2012,জুলাই সনদ বাস্তবায়ন ছাড়া বাংলাদেশের জনগণ তাকে ঘৃণা করে হাসিনার মত দেশ থেকে বিতাড়িত করবে,জুলাই সনদ বাস্তবায়ন ছাড়া বাংলাদেশের জনগণ তাকে ঘৃণা করে হাসিনার মত দেশ থেকে বিতাড়িত করবে,4,0.9247337790894153
5 Post June 2026,5_post_june_2026,2013,তেল মারার অভ্যাসটা আর গেল না। জনগণ দেখছেতো....,তেল মারার অভ্যাসটা আর গেল না জনগণ দেখছেতো,4,0.4502965152672659
5 Post June 2026,5_post_june_2026,2014,"একটি দল বিশ্ব স্বীকৃত দুর্নীতিবাজ, তাদের দলের বেশির ভাগ নেতাই দুর্নীতির অভিযোগে অভিযুক্ত, সন্ত্রাসী কর্মকাণ্ড এবং জঙ্গিবাদ উত্…",একটি দল বিশ্ব স্বীকৃত দুর্নীতিবাজ তাদের দলের বেশির ভাগ নেতাই দুর্নীতির অভিযোগে অভিযুক্ত সন্ত্রাসী কর্মকাণ্ড এবং জঙ্গিবাদ উত্,1,0.8994406103344101
5 Post June 2026,5_post_june_2026,2015,"এইডা জনগণ বুঝতে চায় না, অভাগা জনগণ হাসিনাকে ও বুঝলো না,,",এইডা জনগণ বুঝতে চায় না অভাগা জনগণ হাসিনাকে ও বুঝলো না,1,0.5271329742530214
5 Post June 2026,5_post_june_2026,2016,বিএনপি মানে মিথ্যাবাদদ ভুয়া গুজব বাজ,বিএনপি মানে মিথ্যাবাদদ ভুয়া গুজব বাজ,0,0.8382192044599508
5 Post June 2026,5_post_june_2026,2017,SO H AG তুই কুনটা কস আমিতো এটাই কই,so h ag তুই কুনটা কস আমিতো এটাই কই,0,0.8385679149408094
5 Post June 2026,5_post_june_2026,2018,শালা এক মিথ্যাবাদী।। ওর জন্ম রে ঠিক নাই মুখের কথা আবার কেমনে ঠিক থাকবে শালা বেইমান।।,শালা এক মিথ্যাবাদী ওর জন্ম রে ঠিক নাই মুখের কথা আবার কেমনে ঠিক থাকবে শালা বেইমান,4,0.5749103233225714
5 Post June 2026,5_post_june_2026,2019,মুখ না থাকলে তোদের কুত্তায় ও গো * য়া মারত না,মুখ না থাকলে তোদের কুত্তায় ও গো য়া মারত না,2,0.7982001871016695
5 Post June 2026,5_post_june_2026,2020,চাটাচাটি জন্য কাকু সেরা,চাটাচাটি জন্য কাকু সেরা,2,0.7967017441045281
5 Post June 2026,5_post_june_2026,2021,এই লোকটা কেমন হয়ে যাচ্ছে,এই লোকটা কেমন হয়ে যাচ্ছে,4,0.7994582699512337
5 Post June 2026,5_post_june_2026,2022,"মির্জা ফখরুলকে অনেক সম্ভ্রান্ত মানুষ মনে করতাম,,, ২৪ না আসলে বুঝতাম না পাগল কি,,",মির্জা ফখরুলকে অনেক সম্ভ্রান্ত মানুষ মনে করতাম না আসলে বুঝতাম না পাগল কি,4,0.8836924307814903
5 Post June 2026,5_post_june_2026,2023,দলে এত বাটপার দিয়ে দেশের কোন উন্নতি হবে না,দলে এত বাটপার দিয়ে দেশের কোন উন্নতি হবে না,3,0.8646964235576806
5 Post June 2026,5_post_june_2026,2024,"বাস্তবায়ন হয়না তো তার কথা! উদাহরণ : গণভোট ইশু, রামিশা হ*ত্যা রায়",বাস্তবায়ন হয়না তো তার কথা উদাহরণ গণভোট ইশু রামিশা হ ত্যা রায়,1,0.43990214622818163
5 Post June 2026,5_post_june_2026,2025,তৈরি করেছে ভালো। এতে কি হয়েছে ? জনগণকে বাঁশ দিতে তো ভোলে না। বিদ্যুতের দাম বাড়াইতে গ্যাসের দাম বাড়াইতে আর নিত্য প্রয়োজনীয…,তৈরি করেছে ভালো এতে কি হয়েছে জনগণকে বাঁশ দিতে তো ভোলে না বিদ্যুতের দাম বাড়াইতে গ্যাসের দাম বাড়াইতে আর নিত্য প্রয়োজনীয,3,0.682377483675946
5 Post June 2026,5_post_june_2026,2026,ও বাবা তাহলে তো উনাকে নোবেল দিতে হবে,ও বাবা তাহলে তো উনাকে নোবেল দিতে হবে,0,0.8652015953575813
5 Post June 2026,5_post_june_2026,2027,এই কথা আপনি বললে মানুষ অন্য বাবে নিবে যদি সেইটা হয়ে থাকে তাহলে মানুষের মুখে মুখে আলোচনা হবে,এই কথা আপনি বললে মানুষ অন্য বাবে নিবে যদি সেইটা হয়ে থাকে তাহলে মানুষের মুখে মুখে আলোচনা হবে,0,0.535514459078978
5 Post June 2026,5_post_june_2026,2028,কিন্তু বাংলাদেশের কিছুই না মনেই হয় না যে উনি বাংলাদেশের সরকার,কিন্তু বাংলাদেশের কিছুই না মনেই হয় না যে উনি বাংলাদেশের সরকার,4,0.5352790410885937
5 Post June 2026,5_post_june_2026,2029,ফ্যা,ফ্যা,0,0.2
5 Post June 2026,5_post_june_2026,2030,"বাল, চীন থেকে বাল নিয়ে এসেছে",বাল চীন থেকে বাল নিয়ে এসেছে,1,0.8630028056284238
5 Post June 2026,5_post_june_2026,2031,গাঁজায় ফকরুল কে খাইছে।,গাঁজায় ফকরুল কে খাইছে,4,0.7327450246103231
5 Post June 2026,5_post_june_2026,2032,"মান সম্মান সব শেষ করে এসেছে খাতা দেখে দেখে বক্তব্য দিয়েছে,…",মান সম্মান সব শেষ করে এসেছে খাতা দেখে দেখে বক্তব্য দিয়েছে,3,0.9187434247853565
5 Post June 2026,5_post_june_2026,2033,জনগণের টাকা খরচ করে বিদেশ ভ্রমণ করে দেশের জন্য কি নিয়ে আসলেন সেটা জনগণের সামনে তুলে ধরেন।,জনগণের টাকা খরচ করে বিদেশ ভ্রমণ করে দেশের জন্য কি নিয়ে আসলেন সেটা জনগণের সামনে তুলে ধরেন,2,0.48046935297833576
5 Post June 2026,5_post_june_2026,2034,কেমবে,কেমবে,0,0.2
5 Post June 2026,5_post_june_2026,2035,নিজেগো তেল নিজে মারো,নিজেগো তেল নিজে মারো,0,0.3864982064537503
5 Post June 2026,5_post_june_2026,2036,চীন সফরের সফলতা! হা হা হা।,চীন সফরের সফলতা হা হা হা,2,0.8389205300479702
5 Post June 2026,5_post_june_2026,2037,"এবার মাঠ পর্যায়ের নেতা-কর্মীদের থামান। যা চলছে এসব মানুষ আশা করেনি। মানুষ শান্তি চেয়েছিলো, মজলুম জালিম হয়ে উঠছে।",এবার মাঠ পর্যায়ের নেতা কর্মীদের থামান যা চলছে এসব মানুষ আশা করেনি মানুষ শান্তি চেয়েছিলো মজলুম জালিম হয়ে উঠছে,4,0.9423909967872591
5 Post June 2026,5_post_june_2026,2038,কাকা একটু বেশি সেবন করেছেন কি? বয়স হয়েছে কাকা একটু PLZ,কাকা একটু বেশি সেবন করেছেন কি বয়স হয়েছে কাকা একটু plz,2,0.5834955099604542
5 Post June 2026,5_post_june_2026,2039,হাওয়া মারিছ না,হাওয়া মারিছ না,0,0.5999831037303761
5 Post June 2026,5_post_june_2026,2040,আপনাদের রাষ্ট্রপতির পরিচয় কি,আপনাদের রাষ্ট্রপতির পরিচয় কি,1,0.39932531904030416
5 Post June 2026,5_post_june_2026,2041,সবাইকে প্রোফাইল পিকচার পরিবর্তন করার অনুরোধ করছি।,সবাইকে প্রোফাইল পিকচার পরিবর্তন করার অনুরোধ করছি,0,0.864335473038827
5 Post June 2026,5_post_june_2026,2042,এই বয়সে এত মিথ্যা কথা কবরে ভয় নেই,এই বয়সে এত মিথ্যা কথা কবরে ভয় নেই,2,0.8366963060941555
5 Post June 2026,5_post_june_2026,2043,সহমত।,সহমত,1,0.5999916642049279
5 Post June 2026,5_post_june_2026,2044,"আমরাও এটাই আশা করছি, তবে উপরে উপরে না ভিতরে থেকে হতে হবে",আমরাও এটাই আশা করছি তবে উপরে উপরে না ভিতরে থেকে হতে হবে,4,0.5854296290052028
5 Post June 2026,5_post_june_2026,2045,মাশাআল্লাহ। আলহামদুলিল্লাহ। অনেক বছর পর বাংলাদেশ যেন সঠিক অভিভাবক পেলো। ধন্যবাদ মাননীয় প্রধানমন্ত্রী জনাব তারেক রহমান মহোদয়কে।,মাশাআল্লাহ আলহামদুলিল্লাহ অনেক বছর পর বাংলাদেশ যেন সঠিক অভিভাবক পেলো ধন্যবাদ মাননীয় প্রধানমন্ত্রী জনাব তারেক রহমান মহোদয়কে,4,0.6899564253978253
5 Post June 2026,5_post_june_2026,2046,বিসমিল্লাহির রাহমানির রাহিম।। অভিনন্দন শুভেচ্ছা।। আমাদের মাননীয় প্রধানমন্ত্রী।। Bangladesh first ।। বাংলাদেশ প্রথম।। গর্বিত গোটা বাংলাদেশ।। সবার আগে বাংলাদেশ।।,বিসমিল্লাহির রাহমানির রাহিম অভিনন্দন শুভেচ্ছা আমাদের মাননীয় প্রধানমন্ত্রী bangladesh first বাংলাদেশ প্রথম গর্বিত গোটা বাংলাদেশ সবার আগে বাংলাদেশ,0,0.9185562900288589
5 Post June 2026,5_post_june_2026,2047,আপনি বুউড়া বাম তেল দেয়া বন্ধ করুন। তেলবাজি বছর কত করবেন? জনগনের জন্য একটু কাজ করেন।,আপনি বুউড়া বাম তেল দেয়া বন্ধ করুন তেলবাজি বছর কত করবেন জনগনের জন্য একটু কাজ করেন,4,0.9374886934168872
5 Post June 2026,5_post_june_2026,2048,"Khankir chelera,, Saradin current thakena, R MC gula fazlami choday",khankir chelera saradin current thakena r mc gula fazlami choday,1,0.7308517591115341
5 Post June 2026,5_post_june_2026,2049,"মাননীয় প্রধানমন্ত্রী তারেক রহমান, আপনার নামটিই মহান ! কিন্তু বর্তমানে কতিপয় ঘুষেল রাজকর্মচারী ও কর্মকর্তা সরকারের ভাবমূর্তি নষ্ট করে, সরকারের আদেশ পরিপত্র আইন প্রজ্ঞাপন হুকুম জারি থাকলেও তা কার্যকরের বেলায় গড়িমসি করে। এঁদের কারণে মানুষের মৌলিক চাহিদা ও অধিকার হরণ হচ্ছে, সেবা প্রদান নিশ্চিত করতে গড়িমসি করে। সব অফিসেই স্বল্প আছে ঘুষেল কর্মী হারাম খোর,!! তন্মধ্যে ইউনিয়ন ভূমি অফিস বেশি জোচ্চোর!! কতিপয় ঘুষেল পুলিশ চোর ডাকাতের আরৎদার, কতিপয় অসাধু ভুমি অফিসের লোকজন ভুমি দশ্যূর পৃষ্ঠপোষক ও জালিয়াতি চক্রের পৃষ্টপোষক হিসেবে কাজ করে।ঐ সব লোকের আইনের আওতায় আনা দরকার। মাননীয় প্রধানমন্ত্রী ও জনগণের দেখভালের সরকার।। কারণ আপনি সৃষ্টিকর্তার দ্বারা প্রত্যায়িত এক জন প্রধানমন্ত্রী, জনগণের দেখভালের জন্য প্রতিনিধিত্ব প্রত্যক্ষভাবে পেয়েছেন সার্বিকভাবে আপনি জনগণের ভোগান্তি কমিয়ে দিতে পারেন। দূর্নীতি কমিয়ে দিতে পারেন। অবহেলিত জনগোষ্ঠীর পক্ষে ও মজলুমের পক্ষে থাকুন, ন্যায় বিচার প্রতিষ্ঠা করতে অনুরোধ করছি যেন ফরিয়াদ কবুল হয়।।",মাননীয় প্রধানমন্ত্রী তারেক রহমান আপনার নামটিই মহান কিন্তু বর্তমানে কতিপয় ঘুষেল রাজকর্মচারী ও কর্মকর্তা সরকারের ভাবমূর্তি নষ্ট করে সরকারের আদেশ পরিপত্র আইন প্রজ্ঞাপন হুকুম জারি থাকলেও তা কার্যকরের বেলায় গড়িমসি করে এঁদের কারণে মানুষের মৌলিক চাহিদা ও অধিকার হরণ হচ্ছে সেবা প্রদান নিশ্চিত করতে গড়িমসি করে সব অফিসেই স্বল্প আছে ঘুষেল কর্মী হারাম খোর তন্মধ্যে ইউনিয়ন ভূমি অফিস বেশি জোচ্চোর কতিপয় ঘুষেল পুলিশ চোর ডাকাতের আরৎদার কতিপয় অসাধু ভুমি অফিসের লোকজন ভুমি দশ্যূর পৃষ্ঠপোষক ও জালিয়াতি চক্রের পৃষ্টপোষক হিসেবে কাজ করে ঐ সব লোকের আইনের আওতায় আনা দরকার মাননীয় প্রধানমন্ত্রী ও জনগণের দেখভালের সরকার কারণ আপনি সৃষ্টিকর্তার দ্বারা প্রত্যায়িত এক জন প্রধানমন্ত্রী জনগণের দেখভালের জন্য প্রতিনিধিত্ব প্রত্যক্ষভাবে পেয়েছেন সার্বিকভাবে আপনি জনগণের ভোগান্তি কমিয়ে দিতে পারেন দূর্নীতি কমিয়ে দিতে পারেন অবহেলিত জনগোষ্ঠীর পক্ষে ও মজলুমের পক্ষে থাকুন ন্যায় বিচার প্রতিষ্ঠা করতে অনুরোধ করছি যেন ফরিয়াদ কবুল হয়,1,0.5979523153465824
5 Post June 2026,5_post_june_2026,2050,গত চার মাসে ৬ লক্ষ লোকের কর্মসংস্থান কোথায়। ফখরুল সাহেব ইতিহাস কখনোই ক্ষমা করে না।,গত চার মাসে লক্ষ লোকের কর্মসংস্থান কোথায় ফখরুল সাহেব ইতিহাস কখনোই ক্ষমা করে না,0,0.5710657346109617
5 Post June 2026,5_post_june_2026,2051,তুমি কি করলা দাদু লীগের দালাল করো দলের দালাল করো গোল আলু,তুমি কি করলা দাদু লীগের দালাল করো দলের দালাল করো গোল আলু,0,0.7708089143582055
5 Post June 2026,5_post_june_2026,2052,জি আপনারা বা*ল ছিড়েছেন হ্যাঁ ধন্যবাদ এজন্য বর্তমান দেশের *মারা* সারা,জি আপনারা বা ল ছিড়েছেন হ্যাঁ ধন্যবাদ এজন্য বর্তমান দেশের মারা সারা,0,0.917831477352831
5 Post June 2026,5_post_june_2026,2053,সংসদে বসে বাংলায় কথা বলতে কষ্ট হয়। ইংলিশের অবস্থা তো মহা সাঙ্গাতিক। কেমনে কি?,সংসদে বসে বাংলায় কথা বলতে কষ্ট হয় ইংলিশের অবস্থা তো মহা সাঙ্গাতিক কেমনে কি,3,0.909488351438587
5 Post June 2026,5_post_june_2026,2054,"মান সম্মান সব শেষ করে এসেছে খাতা দেখে দেখে বক্তব্য দিয়েছে, তারা তো ভেবেছে এই মূর্খ দেশ চালাচ্ছে। অথচ তাকে নিয়ে কিছু লোক গর্ব করে",মান সম্মান সব শেষ করে এসেছে খাতা দেখে দেখে বক্তব্য দিয়েছে তারা তো ভেবেছে এই মূর্খ দেশ চালাচ্ছে অথচ তাকে নিয়ে কিছু লোক গর্ব করে,3,0.9446994184580575
5 Post June 2026,5_post_june_2026,2055,দেশের স্বার্থে ধন্যবাদ জানাতে গেলে ও কৃপণতা দেখতে পাই,দেশের স্বার্থে ধন্যবাদ জানাতে গেলে ও কৃপণতা দেখতে পাই,1,0.5698695524793513
5 Post June 2026,5_post_june_2026,2056,You are our dreams our proud,you are our dreams our proud,1,0.7329745038139018
5 Post June 2026,5_post_june_2026,2057,সাব্বাস লিডার সাব্বাস আপনার প্রত্যেকটি কথা সত্যিই সত্যিই …,সাব্বাস লিডার সাব্বাস আপনার প্রত্যেকটি কথা সত্যিই সত্যিই,1,0.8625434691970381
5 Post June 2026,5_post_june_2026,2058,মালয়েশিয়াতে সফর করার পর থেকে মালয়েশিয়াতে ইমিগ্রেশন অনেক রেট বেশি দিচ্ছে এটার কারণ কি? মালয়েশিয়ার অবৈধ শ্রমিকদের নিয়ে ব…,মালয়েশিয়াতে সফর করার পর থেকে মালয়েশিয়াতে ইমিগ্রেশন অনেক রেট বেশি দিচ্ছে এটার কারণ কি মালয়েশিয়ার অবৈধ শ্রমিকদের নিয়ে ব,4,0.8983958159841087
5 Post June 2026,5_post_june_2026,2059,"বাংলাদেশ হচ্ছে একটা ইন্টারন্যাশনাল রাষ্ট্র। এ দেশের পররাষ্ট্রমন্ত্রী আমেরিকার, স্বরাষ্ট্রমন্ত্রী ভারতের, বিরোধীদলের নেতা পাক…",বাংলাদেশ হচ্ছে একটা ইন্টারন্যাশনাল রাষ্ট্র এ দেশের পররাষ্ট্রমন্ত্রী আমেরিকার স্বরাষ্ট্রমন্ত্রী ভারতের বিরোধীদলের নেতা পাক,0,0.9192718827580848
5 Post June 2026,5_post_june_2026,2060,আশাকরি আপনি দেশের মানুষের জন্য কাজ করছেন আরো কারবেন এটা এ দেশের মানুষের আশা সবার আগে বাংলাদেশ,আশাকরি আপনি দেশের মানুষের জন্য কাজ করছেন আরো কারবেন এটা এ দেশের মানুষের আশা সবার আগে বাংলাদেশ,4,0.727836962518116
5 Post June 2026,5_post_june_2026,2061,"We strongly believe Bangladesh is secure by your hand . Go ahead by the name of Allahsobhanahutala, insaallah you will be achieve the goal",we strongly believe bangladesh is secure by your hand go ahead by the name of allahsobhanahutala insaallah you will be achieve the goal,4,0.7743503874957401
5 Post June 2026,5_post_june_2026,2062,আমার নেতা।ভালোবাসা অবিরাম,আমার নেতা ভালোবাসা অবিরাম,0,0.7306629437544275
5 Post June 2026,5_post_june_2026,2063,মাশাল্লাহ,মাশাল্লাহ,4,0.5999914266203238
5 Post June 2026,5_post_june_2026,2064,*This is the worthy successor of Ziaur Rahman.*,this is the worthy successor of ziaur rahman,4,0.5266899968029196
5 Post June 2026,5_post_june_2026,2065,কারেন্ট দে আগে /,কারেন্ট দে আগে,4,0.7302115212200354
5 Post June 2026,5_post_june_2026,2066,Love you lidar,love you lidar,1,0.5999949929060816
5 Post June 2026,5_post_june_2026,2067,মাশাল্লাহ দেখে মনটা বড়ে যাই মাননীয় প্রধানমন্ত্রী তারেক রহমান আপনার জন্য দোয়া ও শুভকামনা রইল এগিয়ে নিয়ে যান বাংলাদেশ কে,মাশাল্লাহ দেখে মনটা বড়ে যাই মাননীয় প্রধানমন্ত্রী তারেক রহমান আপনার জন্য দোয়া ও শুভকামনা রইল এগিয়ে নিয়ে যান বাংলাদেশ কে,4,0.9421806928105835
5 Post June 2026,5_post_june_2026,2068,Congratulations,congratulations,0,0.5999871857648945
5 Post June 2026,5_post_june_2026,2069,আল্লাহর রহমতে আপনার উছিলায় এই বাংলাদেশের ভাগ্য পরিবর্তন হবে ইনশাআল্লাহ,আল্লাহর রহমতে আপনার উছিলায় এই বাংলাদেশের ভাগ্য পরিবর্তন হবে ইনশাআল্লাহ,4,0.8387067331517625
5 Post June 2026,5_post_june_2026,2070,মাশাআল্লাহ,মাশাআল্লাহ,2,0.5966709279215636
5 Post June 2026,5_post_june_2026,2071,"দুই বছর ভারতে না গেলে যদি চলে থাকে,, বাকী সময়ও না গেলে চলবে....",দুই বছর ভারতে না গেলে যদি চলে থাকে বাকী সময়ও না গেলে চলবে,1,0.5713159796603244
5 Post June 2026,5_post_june_2026,2072,Alhamdullih,alhamdullih,0,0.2
5 Post June 2026,5_post_june_2026,2073,প্রধানমন্ত্রীর কার্যক্রম ঠিক পথে এগোচ্ছে কিন্তু দলের কিছু ব্যক্তি জন্য সরকারের ভাবমূর্তি নষ্ট হয় যে কারণে প্রধানমন্ত্রীর উচিত…,প্রধানমন্ত্রীর কার্যক্রম ঠিক পথে এগোচ্ছে কিন্তু দলের কিছু ব্যক্তি জন্য সরকারের ভাবমূর্তি নষ্ট হয় যে কারণে প্রধানমন্ত্রীর উচিত,1,0.4502820812359266
5 Post June 2026,5_post_june_2026,2074,মালয়েশিয়া ভিসা চালু করতে পারলেন না তাহলে দেশের জনগণের জন্য কি করলেন?,মালয়েশিয়া ভিসা চালু করতে পারলেন না তাহলে দেশের জনগণের জন্য কি করলেন,4,0.4327230685152231
5 Post June 2026,5_post_june_2026,2075,চীন আর মালেশিয়া থেকে বাঁশ নিয়ে আসছে আমার সোনার বাংলাদেশ!!,চীন আর মালেশিয়া থেকে বাঁশ নিয়ে আসছে আমার সোনার বাংলাদেশ,0,0.8988671698303007
5 Post June 2026,5_post_june_2026,2076,"কারেন্ট না দিয়ে মুখে বড় বড় বক্তব্য দিয়ে লাভ আছে,,?",কারেন্ট না দিয়ে মুখে বড় বড় বক্তব্য দিয়ে লাভ আছে,2,0.8841716268864621
5 Post June 2026,5_post_june_2026,2077,সরকার মালোশিয়া না আসলেই ভাল হইত প্রবাসীদের জন্য উনি আসার পরে যেখানে পাচ্ছে বাংলাদেশি প্রবাসী ভাইদেরকে সেখানে পুলিশে ধরতেছে এটা কি তার প্লেন ছিল,সরকার মালোশিয়া না আসলেই ভাল হইত প্রবাসীদের জন্য উনি আসার পরে যেখানে পাচ্ছে বাংলাদেশি প্রবাসী ভাইদেরকে সেখানে পুলিশে ধরতেছে এটা কি তার প্লেন ছিল,2,0.932462170715119
5 Post June 2026,5_post_june_2026,2078,তোমাদের মাননীয় প্রধানমন্ত্রী দেশের বিদ্যুতের সমস্যার সমাধান না করে খাল কাটার জন্য এত উদ্যোগ নিচ্ছেন কেন এর উত্তর কি কেউ দিতে পারবেন?,তোমাদের মাননীয় প্রধানমন্ত্রী দেশের বিদ্যুতের সমস্যার সমাধান না করে খাল কাটার জন্য এত উদ্যোগ নিচ্ছেন কেন এর উত্তর কি কেউ দিতে পারবেন,3,0.9409624444512533
5 Post June 2026,5_post_june_2026,2079,দেশের সামরিক শক্তি নিয়ে কি চুক্তি করেছেন। আমরা এটা চাই। ভারতের গোলামি চাই না,দেশের সামরিক শক্তি নিয়ে কি চুক্তি করেছেন আমরা এটা চাই ভারতের গোলামি চাই না,1,0.5053645154527644
5 Post June 2026,5_post_june_2026,2080,আপনাকে স্বাগতম,আপনাকে স্বাগতম,0,0.5997629016223868
5 Post June 2026,5_post_june_2026,2081,আপনাকে দায়িত্ব দিয়ে দিছে বাংলাদেশের মানুষ আপনাকে বিশ্বাস করে কিন্তু সেটা কতটুকু পালন হইতেছে সেটাতে আমরা হতাশ সাধারণ জনগণ প্র…,আপনাকে দায়িত্ব দিয়ে দিছে বাংলাদেশের মানুষ আপনাকে বিশ্বাস করে কিন্তু সেটা কতটুকু পালন হইতেছে সেটাতে আমরা হতাশ সাধারণ জনগণ প্র,4,0.5105780674776352
5 Post June 2026,5_post_june_2026,2082,বিমন ক্রয়ের ব্যপারে কিছু বলেন।,বিমন ক্রয়ের ব্যপারে কিছু বলেন,2,0.599997271299849
5 Post June 2026,5_post_june_2026,2083,সাবাস লিডার,সাবাস লিডার,2,0.4000860587738774
5 Post June 2026,5_post_june_2026,2084,দল আর করবো না তাগিদের মুললায়ন নেই,দল আর করবো না তাগিদের মুললায়ন নেই,2,0.39913683653487286
5 Post June 2026,5_post_june_2026,2085,"তারেক রহমান সরকার,বারবার বারবার দরকার!",তারেক রহমান সরকার বারবার বারবার দরকার,2,0.5331014390120847
5 Post June 2026,5_post_june_2026,2086,গদি মিডিয়ার ঘেউ ঘেউ দেখলে বোঝা যায় বাংলাদেশ সঠিক পথে আছে আমরা বাংলাদেশের মানুষ সহজ সরল বাংলাদেশ কোন পথে আছে বুঝতে পারি গদি ম…,গদি মিডিয়ার ঘেউ ঘেউ দেখলে বোঝা যায় বাংলাদেশ সঠিক পথে আছে আমরা বাংলাদেশের মানুষ সহজ সরল বাংলাদেশ কোন পথে আছে বুঝতে পারি গদি ম,0,0.8322994964948819
5 Post June 2026,5_post_june_2026,2087,ইনশাআল্লাহ,ইনশাআল্লাহ,3,0.5983053829827013
5 Post June 2026,5_post_june_2026,2088,"জীবনের প্রথম এধরণের সংসদ দেখছি, দেশের স্বার্থে সবাই একমত।।",জীবনের প্রথম এধরণের সংসদ দেখছি দেশের স্বার্থে সবাই একমত,0,0.6156907548404555
5 Post June 2026,5_post_june_2026,2089,ধন্যবাদ,ধন্যবাদ,0,0.5999993380879446
5 Post June 2026,5_post_june_2026,2090,সাবার আগে বাংলাদেশ,সাবার আগে বাংলাদেশ,0,0.599171616995158
5 Post June 2026,5_post_june_2026,2091,Ata sadhorone jonogone valo bujhey Dhonnobad. Vai. Seylut vai,ata sadhorone jonogone valo bujhey dhonnobad vai seylut vai,2,0.8399972516885583
5 Post June 2026,5_post_june_2026,2092,অবশ্যই অনেক ধন্যবাদ জানাই,অবশ্যই অনেক ধন্যবাদ জানাই,3,0.31791366734836113
5 Post June 2026,5_post_june_2026,2093,গুরার ডিম হইয়া ছে,গুরার ডিম হইয়া ছে,4,0.732926796045452
5 Post June 2026,5_post_june_2026,2094,দ্রুত পে-স্কেল গেজেট চাই।,দ্রুত পে স্কেল গেজেট চাই,1,0.73238271751601
5 Post June 2026,5_post_june_2026,2095,ইনশাআল্লাহ সফলতা,ইনশাআল্লাহ সফলতা,3,0.5983053829827013
5 Post June 2026,5_post_june_2026,2096,ধন্যবাদ মাননীয় প্রধানমন্ত্রী জ্বনাব তারেক রহমান কে।,ধন্যবাদ মাননীয় প্রধানমন্ত্রী জ্বনাব তারেক রহমান কে,4,0.6281289745153108
5 Post June 2026,5_post_june_2026,2097,ইনশা আল্লাহ আপনার হাত ধরে বাংলাদেশ অনেক দূর এগিয়ে যাবে।,ইনশা আল্লাহ আপনার হাত ধরে বাংলাদেশ অনেক দূর এগিয়ে যাবে,0,0.8972865602143605
5 Post June 2026,5_post_june_2026,2098,"এরা'ই দেশে বড় সিন্ডিকেট,",এরা ই দেশে বড় সিন্ডিকেট,1,0.7979956427578868
5 Post June 2026,5_post_june_2026,2099,"বাংলাদেশ কৃষি সম্প্রসারণ অধিদপ্তর কতৃক আয়োজিত জাতীয় ফল মেলা ২০২৬, এসময় মেলা পরিদর্শন করেন উপজেলা বিএনপির সংগ্রামী আহবায়ক আলহাজ…",বাংলাদেশ কৃষি সম্প্রসারণ অধিদপ্তর কতৃক আয়োজিত জাতীয় ফল মেলা এসময় মেলা পরিদর্শন করেন উপজেলা বিএনপির সংগ্রামী আহবায়ক আলহাজ,4,0.9104703432132543
5 Post June 2026,5_post_june_2026,2100,বাংলাদেশের প্রতিটা গ্রামে প্রতি ১২ কারেন্ট থাকে না কিন্তু উনি বিদ্যুতের সমস্যার সমাধান না করে শুধু খাল কাটার জন্য উদ্যোগ নিচ্ছেন,বাংলাদেশের প্রতিটা গ্রামে প্রতি কারেন্ট থাকে না কিন্তু উনি বিদ্যুতের সমস্যার সমাধান না করে শুধু খাল কাটার জন্য উদ্যোগ নিচ্ছেন,3,0.6399448522780522
5 Post June 2026,5_post_june_2026,2101,Coling open hobe,coling open hobe,2,0.5999919136198918
5 Post June 2026,5_post_june_2026,2102,আপনি এগিয়ে জান,আপনি এগিয়ে জান,4,0.5975981377706426
5 Post June 2026,5_post_june_2026,2103,Karent Bondo kore,karent bondo kore,2,0.5999963603806873
5 Post June 2026,5_post_june_2026,2104,Vannara dine rate karent take na,vannara dine rate karent take na,2,0.5999980771358838
5 Post June 2026,5_post_june_2026,2105,তারেক রহমান ঝিন্দাবাদ,তারেক রহমান ঝিন্দাবাদ,4,0.7333322128693481
5 Post June 2026,5_post_june_2026,2106,আম্নেরা কোন বালটা করলেন কোন বাল করছেন আপনারা এখনো মালয়েশিয়ার কলিং খোলে না আপনারা কি বাল ফালান হেডা করেন মাইনষের,আম্নেরা কোন বালটা করলেন কোন বাল করছেন আপনারা এখনো মালয়েশিয়ার কলিং খোলে না আপনারা কি বাল ফালান হেডা করেন মাইনষের,2,0.9319386994620025
5 Post June 2026,5_post_june_2026,2107,"সব বুঝলাম কিন্তু ,, কিছুই বাস্তবে নাই সব খালি স্প্নে,, হালার সরকার রে",সব বুঝলাম কিন্তু কিছুই বাস্তবে নাই সব খালি স্প্নে হালার সরকার রে,4,0.89783620025817
5 Post June 2026,5_post_june_2026,2108,খাম্বার বিনিয়োগ মালয়শিয়ায় হবে না,খাম্বার বিনিয়োগ মালয়শিয়ায় হবে না,1,0.5999706139918776
5 Post June 2026,5_post_june_2026,2109,আরব আমিরাতে ভিসা বন্ধ হয়ে যাওয়ার ক্ষেত্রে সেখানের প্রবাসীদের কার্যক্রম অনেকাংশে দায়ী।বলেছেন প্রবাসী কল্যাণমন্ত্রী নুরুল হক ন…,আরব আমিরাতে ভিসা বন্ধ হয়ে যাওয়ার ক্ষেত্রে সেখানের প্রবাসীদের কার্যক্রম অনেকাংশে দায়ী বলেছেন প্রবাসী কল্যাণমন্ত্রী নুরুল হক ন,4,0.5395681638522637
5 Post June 2026,5_post_june_2026,2110,"ভারতের হাত থেকে কিভাবে বাংলাদেশের খনিজ সম্পদ বাচিয়ে রাখবেন সেদিকে একটু সুদৃষ্টি দিবেন,,, ধন্যবাদ।",ভারতের হাত থেকে কিভাবে বাংলাদেশের খনিজ সম্পদ বাচিয়ে রাখবেন সেদিকে একটু সুদৃষ্টি দিবেন ধন্যবাদ,0,0.5831472855264521
5 Post June 2026,5_post_june_2026,2111,আমারা কিন্তু দায়িত্ব দেই নাই,আমারা কিন্তু দায়িত্ব দেই নাই,4,0.7949486096975515
5 Post June 2026,5_post_june_2026,2112,Suna korcey,suna korcey,0,0.2
5 Post June 2026,5_post_june_2026,2113,আলহামদুলিল্লাহ,আলহামদুলিল্লাহ,4,0.5999992544339399
5 Post June 2026,5_post_june_2026,2114,মাননীয় প্রধানমন্ত্রী তারেক রহমান সাহেব সব সময় দেশের জন্য ভালো খবর বয়ে আনবে এটাই প্রত্যাশা তার কাছে বাংলাদেশ জিন্দাবাদ,মাননীয় প্রধানমন্ত্রী তারেক রহমান সাহেব সব সময় দেশের জন্য ভালো খবর বয়ে আনবে এটাই প্রত্যাশা তার কাছে বাংলাদেশ জিন্দাবাদ,4,0.9459924556113268
5 Post June 2026,5_post_june_2026,2115,বাংলাদেশ জাতীয়তাবাদী দল বিএনপি জিন্দাবাদ,বাংলাদেশ জাতীয়তাবাদী দল বিএনপি জিন্দাবাদ,4,0.8373216272231385
5 Post June 2026,5_post_june_2026,2116,আলহামদুলিল্লাহ,আলহামদুলিল্লাহ,4,0.5999992544339399
5 Post June 2026,5_post_june_2026,2117,মালয়েশিয়ায় সকল অবৈধদের বৈধ করতে হবে,মালয়েশিয়ায় সকল অবৈধদের বৈধ করতে হবে,4,0.7308128611449637
5 Post June 2026,5_post_june_2026,2118,"""করবো কাজ,গড়বো দেশ সবার আগে বাংলাদেশ """,করবো কাজ গড়বো দেশ সবার আগে বাংলাদেশ,0,0.8351318067028888
5 Post June 2026,5_post_june_2026,2119,ধন্যবাদ লিডার,ধন্যবাদ লিডার,0,0.4001876494142365
5 Post June 2026,5_post_june_2026,2120,Good sir,good sir,3,0.39985884409860656
5 Post June 2026,5_post_june_2026,2121,বি পি ডি বি পিচ রেইট মিটার রিডার দের চাকরি স্থায়ী করার জন্য অনুরোধ করছি,বি পি ডি বি পিচ রেইট মিটার রিডার দের চাকরি স্থায়ী করার জন্য অনুরোধ করছি,1,0.8984936447534475
5 Post June 2026,5_post_june_2026,2122,মাননীয় স্পিকার কাল সারারাত কারেন্ট ছিলনা মানুষ ঘুমাতে পারে নাই?,মাননীয় স্পিকার কাল সারারাত কারেন্ট ছিলনা মানুষ ঘুমাতে পারে নাই,4,0.6200007335175384
5 Post June 2026,5_post_june_2026,2123,আলহামদুলিল্লাহ,আলহামদুলিল্লাহ,4,0.5999992544339399
5 Post June 2026,5_post_june_2026,2124,যুবলীগ ও ছাত্রলীগের রক্তে রঞ্জিত তুরাগ নদীর পানি …,যুবলীগ ও ছাত্রলীগের রক্তে রঞ্জিত তুরাগ নদীর পানি,1,0.5999707151235375
5 Post June 2026,5_post_june_2026,2125,ইনশাআল্লাহ বিজয় হবে বাংলার জমিনে ন্যায় বিচার প্রতিষ্ঠা হবে আর সেটা করবে আমার নেতা মাননীয় প্রধানমন্ত্রী জনাব তারেক রহমান স্যার,ইনশাআল্লাহ বিজয় হবে বাংলার জমিনে ন্যায় বিচার প্রতিষ্ঠা হবে আর সেটা করবে আমার নেতা মাননীয় প্রধানমন্ত্রী জনাব তারেক রহমান স্যার,4,0.6627767989844103
5 Post June 2026,5_post_june_2026,2126,এই খানে জামাত দেশ বিরদি রাজাকারেরা হাত তালি দিবেনা আমি ১০০% বলতে পারি তাদের সুদু জলে,এই খানে জামাত দেশ বিরদি রাজাকারেরা হাত তালি দিবেনা আমি বলতে পারি তাদের সুদু জলে,0,0.8854558962512868
5 Post June 2026,5_post_june_2026,2127,মাশাআল্লাহ অনেক শুভকামনা রইল,মাশাআল্লাহ অনেক শুভকামনা রইল,4,0.7993274931283673
5 Post June 2026,5_post_june_2026,2128,"আমারা গর্বিত আপনার মতো প্রধানমন্ত্রী পেয়ে, বাংলাদেশ গর্বিত ধন্যবাদ",আমারা গর্বিত আপনার মতো প্রধানমন্ত্রী পেয়ে বাংলাদেশ গর্বিত ধন্যবাদ,0,0.897774754532547
5 Post June 2026,5_post_june_2026,2129,"দোয়া করি আল্লাহ যেন শহীদ প্রেসিডেন্ট জিয়াউর রহমান ও তিন বারের প্রধানমন্ত্রী বেগম খালেদা জিয়া সহ তাদের জান্নাতবাসী করেন""আমিন …",দোয়া করি আল্লাহ যেন শহীদ প্রেসিডেন্ট জিয়াউর রহমান ও তিন বারের প্রধানমন্ত্রী বেগম খালেদা জিয়া সহ তাদের জান্নাতবাসী করেন আমিন,4,0.9265141430050938
5 Post June 2026,5_post_june_2026,2130,আলহামদুলিল্লাহ,আলহামদুলিল্লাহ,4,0.5999992544339399
5 Post June 2026,5_post_june_2026,2131,মাননীয় প্রধানমন্ত্রী সামনে এগিয়ে যান।,মাননীয় প্রধানমন্ত্রী সামনে এগিয়ে যান,4,0.6607099808373746
5 Post June 2026,5_post_june_2026,2132,100% rights,rights,0,0.2
5 Post June 2026,5_post_june_2026,2133,অর্জন টা কি,অর্জন টা কি,0,0.7330892840036338
5 Post June 2026,5_post_june_2026,2134,"আলহামদুলিল্লাহ। Congratulations ,…",আলহামদুলিল্লাহ congratulations,4,0.4002961015142291
5 Post June 2026,5_post_june_2026,2135,আলহামদুলিল্লাহ,আলহামদুলিল্লাহ,4,0.5999992544339399
5 Post June 2026,5_post_june_2026,2136,তোমার মায়াবী চোখ দুটোতে কী এমন জাদু লুকিয়ে আছে জানি না। একবার তাকালেই মনে হয় হাজারটা না-বলা গল্প পড়ে ফেলেছি। তোমার চোখের স…,তোমার মায়াবী চোখ দুটোতে কী এমন জাদু লুকিয়ে আছে জানি না একবার তাকালেই মনে হয় হাজারটা না বলা গল্প পড়ে ফেলেছি তোমার চোখের স,2,0.8828905984500269
5 Post June 2026,5_post_june_2026,2137,you are so beautiful still same like this,you are so beautiful still same like this,0,0.505998905964195
5 Post June 2026,5_post_june_2026,2138,নায়িকার মতো চেহারা,নায়িকার মতো চেহারা,0,0.5976129015362001
5 Post June 2026,5_post_june_2026,2139,"Thank you. সময়ের সাথে Aduptation বড্ড জটিল হয়ে যাচ্ছে, পরামর্শ ও পরিবর্তন ব্যবধানো চলছে।তবুও শুভকামনা মন চাইলে ফলো, লাইক…",thank you সময়ের সাথে aduptation বড্ড জটিল হয়ে যাচ্ছে পরামর্শ ও পরিবর্তন ব্যবধানো চলছে তবুও শুভকামনা মন চাইলে ফলো লাইক,4,0.5638230260743275
5 Post June 2026,5_post_june_2026,2140,Good morning everyone,good morning everyone,3,0.5994957795719726
5 Post June 2026,5_post_june_2026,2141,Very Nice,very nice,0,0.5999836770683709
5 Post June 2026,5_post_june_2026,2142,কেমন আছেন,কেমন আছেন,0,0.5960530676122509
5 Post June 2026,5_post_june_2026,2143,So sweet,so sweet,4,0.5981932185713525
5 Post June 2026,5_post_june_2026,2144,Nice,nice,0,0.2
5 Post June 2026,5_post_june_2026,2145,Nice baby,nice baby,0,0.2
5 Post June 2026,5_post_june_2026,2146,"Maybe you haven't come into my life yet, but I wait for you silently every day. I believe that you are somewhere in the world—…",maybe you haven t come into my life yet but i wait for you silently every day i believe that you are somewhere in the world,1,0.5781987298871416
5 Post June 2026,5_post_june_2026,2147,শুভ রাত্রি,শুভ রাত্রি,1,0.5990118980904822
5 Post June 2026,5_post_june_2026,2148,I’m Very Active Amake Korle Active Support Paben InShaAllah …,i m very active amake korle active support paben inshaallah,0,0.838122795358801
5 Post June 2026,5_post_june_2026,2149,"তুমি প্রয়োজনের চেয়েও বেশি সুন্দরী,এত সুন্দর না হইলেও চলত,আমি অনেক কে দেখেছি,তোমার মতন কাউকে মনে হয়নি, তোমার মধ্যে একটা মায়…",তুমি প্রয়োজনের চেয়েও বেশি সুন্দরী এত সুন্দর না হইলেও চলত আমি অনেক কে দেখেছি তোমার মতন কাউকে মনে হয়নি তোমার মধ্যে একটা মায়,2,0.4761997365215778
5 Post June 2026,5_post_june_2026,2150,অসাধারণ,অসাধারণ,3,0.5986919548759071
5 Post June 2026,5_post_june_2026,2151,অপরূপা,অপরূপা,0,0.2
5 Post June 2026,5_post_june_2026,2152,Lovely,lovely,0,0.2
5 Post June 2026,5_post_june_2026,2153,"I’m Very Active Amake Korle Active Support Paben InShaAllah Comment, , — Sob Kichur Dei Real Manush Der Always Respect Kori Active ID Der Sathe Active Friendship Chai Ekta Kore Pashe Thakun",i m very active amake korle active support paben inshaallah comment sob kichur dei real manush der always respect kori active id der sathe active friendship chai ekta kore pashe thakun,0,0.5262964118339948
5 Post June 2026,5_post_june_2026,2154,১৯৭১ সনে দেশের দামাল সন্তানেরা জীবন বাজি রেখে দীর্ঘ নয় মাস সশস্ত্র মুক্তিযুদ্ধ করে বাংলাদেশের স্বাধীনতা অর্জন করে। তারাই বাংল…,সনে দেশের দামাল সন্তানেরা জীবন বাজি রেখে দীর্ঘ নয় মাস সশস্ত্র মুক্তিযুদ্ধ করে বাংলাদেশের স্বাধীনতা অর্জন করে তারাই বাংল,3,0.5654160259114757
5 Post June 2026,5_post_june_2026,2155,"মুক্তিযোদ্ধাদের সম্মান সবার উপরে, এর কোনো বিকল্প নেই, তাই এই ভাতা বৃদ্ধি করা হউক।",মুক্তিযোদ্ধাদের সম্মান সবার উপরে এর কোনো বিকল্প নেই তাই এই ভাতা বৃদ্ধি করা হউক,3,0.910033332331849
5 Post June 2026,5_post_june_2026,2156,মাননীয় অর্থমণ্ত্রী মহোদয় '৭১ এর বীরমুক্তিযোদ্ধাদের ভাতা বাড়িয়ে একটা ইতিহাস গড়ে তুলুন। আপনার নাম বাংলাদেশের ইতিহাসে স্বর্ণাক্ষর…,মাননীয় অর্থমণ্ত্রী মহোদয় এর বীরমুক্তিযোদ্ধাদের ভাতা বাড়িয়ে একটা ইতিহাস গড়ে তুলুন আপনার নাম বাংলাদেশের ইতিহাসে স্বর্ণাক্ষর,0,0.9267716128318355
5 Post June 2026,5_post_june_2026,2157,সাধীনতার যুদ্ধের বীর মুক্তিযোদ্ধাদের ভাতা বৃদ্ধ করা একান্তই উচিৎ বয়স হইয়াছে মুক্তি যোদ্ধাদের সংসারের খরচ ছাড়াই পরতেক মুক্ত…,সাধীনতার যুদ্ধের বীর মুক্তিযোদ্ধাদের ভাতা বৃদ্ধ করা একান্তই উচিৎ বয়স হইয়াছে মুক্তি যোদ্ধাদের সংসারের খরচ ছাড়াই পরতেক মুক্ত,3,0.9250718260519805
5 Post June 2026,5_post_june_2026,2158,"সঠিক কথা বলাই আপনাকে সম্মান জানাই। মুক্তিযুদ্ধ ছিল একটা দেশের স্বাধীনতা যুদ্ধ, আর জুলাই যুদ্ধ ছিল অন্যায়ের বিরুদ্ধে আন্দোলন।",সঠিক কথা বলাই আপনাকে সম্মান জানাই মুক্তিযুদ্ধ ছিল একটা দেশের স্বাধীনতা যুদ্ধ আর জুলাই যুদ্ধ ছিল অন্যায়ের বিরুদ্ধে আন্দোলন,3,0.638043254141096
5 Post June 2026,5_post_june_2026,2159,মহান মুক্তিযুদ্ধের বীর মুক্তিযোদ্ধাদের ভাতা বৃদ্ধি করার প্রয়োজন। বীর মুক্তিযোদ্ধাদের বয়স এখন ৭০/৭২ বছর পেরিয়ে গেছে। এখন তাঁ…,মহান মুক্তিযুদ্ধের বীর মুক্তিযোদ্ধাদের ভাতা বৃদ্ধি করার প্রয়োজন বীর মুক্তিযোদ্ধাদের বয়স এখন বছর পেরিয়ে গেছে এখন তাঁ,3,0.9420232073463944
5 Post June 2026,5_post_june_2026,2160,বর্তমান দ্রব্যমূলের সাথে সমন্বয় করে মুক্তিযোদ্ধাদের ভাতা অবশ্যই বাড়ানো উচিত বলে আমি মনে করি,বর্তমান দ্রব্যমূলের সাথে সমন্বয় করে মুক্তিযোদ্ধাদের ভাতা অবশ্যই বাড়ানো উচিত বলে আমি মনে করি,3,0.9182655712984616
5 Post June 2026,5_post_june_2026,2161,ধন্যবাদ মাননীয় এমপি সাহেব মুক্তিযোদ্ধাদেরকে সম্মান দেওয়া ও জন্য সম্মান করার জন্য মাননীয় প্রধানমন্ত্রীর কাছে আকুল আবেদন আপন…,ধন্যবাদ মাননীয় এমপি সাহেব মুক্তিযোদ্ধাদেরকে সম্মান দেওয়া ও জন্য সম্মান করার জন্য মাননীয় প্রধানমন্ত্রীর কাছে আকুল আবেদন আপন,0,0.6122915557798194
5 Post June 2026,5_post_june_2026,2162,মাননীয় সংসদ সদস্য মুক্তিযোদ্ধাদের ভাতা বাড়িয়ে দেন তাতে আমাদের কোন সমস্যা নেই কিন্তু যারা ভুয়া মুক্তিযোদ্ধা তাদেরকে অবশ্যই …,মাননীয় সংসদ সদস্য মুক্তিযোদ্ধাদের ভাতা বাড়িয়ে দেন তাতে আমাদের কোন সমস্যা নেই কিন্তু যারা ভুয়া মুক্তিযোদ্ধা তাদেরকে অবশ্যই,3,0.45368215945583634
5 Post June 2026,5_post_june_2026,2163,"শ্রদ্ধেয় মুক্তিযোদ্ধা এখন পর্যন্ত বেঁচে আছেন যে কয়জন, তাদের সস্মানটা একটু দিতে শিখবেন তাহলেই দেশের ভাবমূর্তি রক্ষা পাবে এটাই আশা করছি।",শ্রদ্ধেয় মুক্তিযোদ্ধা এখন পর্যন্ত বেঁচে আছেন যে কয়জন তাদের সস্মানটা একটু দিতে শিখবেন তাহলেই দেশের ভাবমূর্তি রক্ষা পাবে এটাই আশা করছি,4,0.5094475204769192
5 Post June 2026,5_post_june_2026,2164,মাননীয় এমপি বীর মুক্তিযোদ্ধা জয়নাল আবেদীন সাহেবকে অসংখ্য ধন্যবাদ। মুক্তিযোদ্ধাদের পক্ষে কথা বলার জন্য।মুক্তিযোদ্ধার ভাতা কম বেশি বাড়ানো হোক।,মাননীয় এমপি বীর মুক্তিযোদ্ধা জয়নাল আবেদীন সাহেবকে অসংখ্য ধন্যবাদ মুক্তিযোদ্ধাদের পক্ষে কথা বলার জন্য মুক্তিযোদ্ধার ভাতা কম বেশি বাড়ানো হোক,0,0.7708864283246419
5 Post June 2026,5_post_june_2026,2165,জয়নাল আবেদীন বীর মুক্তিযোদ্ধা কে জানাই বিনম্র শ্রদ্ধা এবং আল্লাহ পাক যেন নেক হায়াত দান করুন।,জয়নাল আবেদীন বীর মুক্তিযোদ্ধা কে জানাই বিনম্র শ্রদ্ধা এবং আল্লাহ পাক যেন নেক হায়াত দান করুন,0,0.4463172390064208
5 Post June 2026,5_post_june_2026,2166,ধন্যবাদ বীর মুক্তিযোদ্ধাদের যথাযথ সম্মান করার জন্য আপনাকে।।,ধন্যবাদ বীর মুক্তিযোদ্ধাদের যথাযথ সম্মান করার জন্য আপনাকে,0,0.8850290066837976
5 Post June 2026,5_post_june_2026,2167,জুলাই চুদি,জুলাই চুদি,0,0.5968222984750859
5 Post June 2026,5_post_june_2026,2168,ধন্যবাদ মাননীয় এম পি মহোদয় আপনাকে,ধন্যবাদ মাননীয় এম পি মহোদয় আপনাকে,0,0.6005780178674834
5 Post June 2026,5_post_june_2026,2169,ভালো লাগলো,ভালো লাগলো,2,0.7273556040698391
5 Post June 2026,5_post_june_2026,2170,"সশস্ত্র শ্রদ্ধা এমপি মহোদয়,,, জাতীর শ্রেষ্ঠ সন্তানদের সন্মান জনক হারে পে স্কেলের সাথে তাল মিলিয়ে ভাতা বৃদ্ধি করা হউক।",সশস্ত্র শ্রদ্ধা এমপি মহোদয় জাতীর শ্রেষ্ঠ সন্তানদের সন্মান জনক হারে পে স্কেলের সাথে তাল মিলিয়ে ভাতা বৃদ্ধি করা হউক,3,0.5683286177927002
5 Post June 2026,5_post_june_2026,2171,Moktijoddha sammani vata barano hauk,moktijoddha sammani vata barano hauk,4,0.7329931376212814
5 Post June 2026,5_post_june_2026,2172,সহমত পোষণ করছি,সহমত পোষণ করছি,1,0.7996968322854624
5 Post June 2026,5_post_june_2026,2173,একাত্তরে বঙ্গবন্ধু শেখ মুজিবুর রহমানের নেতৃত্বে দেশ স্বাধীন হয়েছে আর ২৪ শে দেশে একটি গন্ডগোল করে দেশকে পাকিস্তান করার জন্য যা…,একাত্তরে বঙ্গবন্ধু শেখ মুজিবুর রহমানের নেতৃত্বে দেশ স্বাধীন হয়েছে আর শে দেশে একটি গন্ডগোল করে দেশকে পাকিস্তান করার জন্য যা,0,0.6443496162081347
5 Post June 2026,5_post_june_2026,2174,আপনাকে অনেক ধন্যবাদ। সাধারণ মুক্তিযোদ্ধাদের ভাতা অবশ্যই বাড়ানো হউক । মুক্তিযোদ্ধাদের ভিতরে বৈষম্য তৈরি করা উচিত হবে না।,আপনাকে অনেক ধন্যবাদ সাধারণ মুক্তিযোদ্ধাদের ভাতা অবশ্যই বাড়ানো হউক মুক্তিযোদ্ধাদের ভিতরে বৈষম্য তৈরি করা উচিত হবে না,0,0.3953875859471847
5 Post June 2026,5_post_june_2026,2175,ধন্যবাদ মাননীয় সংসদ সদস্যকে মুক্তিযোদ্ধাদের কথা বলার জন্য,ধন্যবাদ মাননীয় সংসদ সদস্যকে মুক্তিযোদ্ধাদের কথা বলার জন্য,0,0.8658006462392472
5 Post June 2026,5_post_june_2026,2176,জয়নাল ভাইয়ের প্রতি অশেষ ভালোবাসা!,জয়নাল ভাইয়ের প্রতি অশেষ ভালোবাসা,0,0.44002124261250114
5 Post June 2026,5_post_june_2026,2177,বীর মুক্তিযোদ্ধাদের সম্মানি ভাতা বাড়ানো হউক।,বীর মুক্তিযোদ্ধাদের সম্মানি ভাতা বাড়ানো হউক,3,0.8845277734742214
5 Post June 2026,5_post_june_2026,2178,সহমত,সহমত,1,0.5999916642049279
5 Post June 2026,5_post_june_2026,2179,ধন্যবাদ নেতাকে।,ধন্যবাদ নেতাকে,0,0.5999993380879446
5 Post June 2026,5_post_june_2026,2180,এই দেশটা কোনো ৭১ পেরিয়ে এগিয়ে যেতে পারবে না।,এই দেশটা কোনো পেরিয়ে এগিয়ে যেতে পারবে না,0,0.7247204492158938
5 Post June 2026,5_post_june_2026,2181,জুলাই ভাতা যদি ২০ হাজার হয় তাহলে বীর মুক্তিযোদ্ধা দের ভাতা ৫০ হাজার হওয়ার যোগ্যতা রাখে।,জুলাই ভাতা যদি হাজার হয় তাহলে বীর মুক্তিযোদ্ধা দের ভাতা হাজার হওয়ার যোগ্যতা রাখে,3,0.828896195812617
5 Post June 2026,5_post_june_2026,2182,"৭১ নিয়ে বসে থাকলে, সবসময় বিভিন্ন দেশের পা চানবেন",নিয়ে বসে থাকলে সবসময় বিভিন্ন দেশের পা চানবেন,1,0.5849183641949823
5 Post June 2026,5_post_june_2026,2183,মনে হয় অর্থমন্ত্রী সব ভুলে গিয়েছে না হয় উনি কেন মুক্তিযোদ্ধাদের বাতা বাড়ানো হলো না,মনে হয় অর্থমন্ত্রী সব ভুলে গিয়েছে না হয় উনি কেন মুক্তিযোদ্ধাদের বাতা বাড়ানো হলো না,3,0.6086044918861758
5 Post June 2026,5_post_june_2026,2184,মুক্তিযোদ্ধারা সবার উপরে তাদের সাথে কারো তুলনা চলে না।,মুক্তিযোদ্ধারা সবার উপরে তাদের সাথে কারো তুলনা চলে না,3,0.8657692698886529
5 Post June 2026,5_post_june_2026,2185,১৯৭১ এর মুক্তিযুদ্ধ ও মুক্তিযোদ্ধার ইতিহাস না জেনে যারা বিরোপ মন্তব্য করে তাদের জন্ম ইতিহাস কুষ্টি ঘাটলে পাওয়া যাবে তাদের পূর…,এর মুক্তিযুদ্ধ ও মুক্তিযোদ্ধার ইতিহাস না জেনে যারা বিরোপ মন্তব্য করে তাদের জন্ম ইতিহাস কুষ্টি ঘাটলে পাওয়া যাবে তাদের পূর,3,0.9191144960616875
5 Post June 2026,5_post_june_2026,2186,অনেক অনেক ধন্যবাদ মাননীয় সংসদ একমত আপনার সাথে,অনেক অনেক ধন্যবাদ মাননীয় সংসদ একমত আপনার সাথে,0,0.8387303409040568
5 Post June 2026,5_post_june_2026,2187,"হায় হায় হায় যাদের অবদানে স্বাধীনতা, স্বাধীন দেশ তাদের ভাতা বাড়ানোর জন্য আজ অনুরোধ করা লাগে।জাতির শ্রেষ্ঠ সন্তানের ভাতা বাড়েনা আহা আহা আফসুস।",হায় হায় হায় যাদের অবদানে স্বাধীনতা স্বাধীন দেশ তাদের ভাতা বাড়ানোর জন্য আজ অনুরোধ করা লাগে জাতির শ্রেষ্ঠ সন্তানের ভাতা বাড়েনা আহা আহা আফসুস,0,0.45361165806292797
5 Post June 2026,5_post_june_2026,2188,মুক্তিযোদ্ধাদের সবাই ভালো পায় শুধু ধর্ম ব্যবসায়ী ছাড়া,মুক্তিযোদ্ধাদের সবাই ভালো পায় শুধু ধর্ম ব্যবসায়ী ছাড়া,1,0.4140493401840041
5 Post June 2026,5_post_june_2026,2189,"এটা বাড়ানো যাবে না, বাড়াইলে রাজাকারদের জ্বলবে, কারণ তারা তো এখন সু-সময়ে আছে, তারা যা বলতেছে তাই হচ্ছে।",এটা বাড়ানো যাবে না বাড়াইলে রাজাকারদের জ্বলবে কারণ তারা তো এখন সু সময়ে আছে তারা যা বলতেছে তাই হচ্ছে,3,0.47462865176502134
5 Post June 2026,5_post_june_2026,2190,আমরা মুক্তিযোদ্ধাদেরকে সবসময় মাথার উপর রাখি অনেক সম্মান করি তাই বলে বারবার বেতন বাড়ানো হবে এটা অযৌক্তিক,আমরা মুক্তিযোদ্ধাদেরকে সবসময় মাথার উপর রাখি অনেক সম্মান করি তাই বলে বারবার বেতন বাড়ানো হবে এটা অযৌক্তিক,1,0.5231661592355068
5 Post June 2026,5_post_june_2026,2191,ধন্যবাদ এমপি মহোদয় মুক্তিযোদ্ধাদের ভাতা বাড়ানো হোক,ধন্যবাদ এমপি মহোদয় মুক্তিযোদ্ধাদের ভাতা বাড়ানো হোক,0,0.7416936399667571
5 Post June 2026,5_post_june_2026,2192,ভাতা বাড়ানো হোক,ভাতা বাড়ানো হোক,3,0.7980634626065691
5 Post June 2026,5_post_june_2026,2193,"যে সংসদ ভবনে বসে আছে না এটা মুক্তিযোদ্ধার ইতিহাস যারা, যারা তৈরি করল তাদেরকেই ভুলে গেলেন আপনারা। আপনার সুন্দর জায়গায় বসে আছে…",যে সংসদ ভবনে বসে আছে না এটা মুক্তিযোদ্ধার ইতিহাস যারা যারা তৈরি করল তাদেরকেই ভুলে গেলেন আপনারা আপনার সুন্দর জায়গায় বসে আছে,3,0.7292570888060649
5 Post June 2026,5_post_june_2026,2194,মুক্তিযোদ্ধাদের ভাতা 30 হাজার করা হোক।,মুক্তিযোদ্ধাদের ভাতা হাজার করা হোক,3,0.4673998006676333
5 Post June 2026,5_post_june_2026,2195,ব্যাবসা ৭১ হা হা,ব্যাবসা হা হা,2,0.733332626741094
5 Post June 2026,5_post_june_2026,2196,যথার্থ কথা বলেছেন। ধন্যবাদ আপনাকে। ৭১ আর ২৪ কখনোই এক হতে পারে না।,যথার্থ কথা বলেছেন ধন্যবাদ আপনাকে আর কখনোই এক হতে পারে না,0,0.7423390527627204
5 Post June 2026,5_post_june_2026,2197,অনেক অনেক ধন্যবাদ। বীর মুক্তিযোদ্ধা এডভোকেট জয়নাল আবেদীন। মুক্তিযোদ্ধাদের জয় হোক। দেশপ্রেম নিয়ে এগিয়ে যেতে হবে।,অনেক অনেক ধন্যবাদ বীর মুক্তিযোদ্ধা এডভোকেট জয়নাল আবেদীন মুক্তিযোদ্ধাদের জয় হোক দেশপ্রেম নিয়ে এগিয়ে যেতে হবে,0,0.9330793315958829
5 Post June 2026,5_post_june_2026,2198,সঠিক সিদ্ধান্ত,সঠিক সিদ্ধান্ত,3,0.3997043808048026
5 Post June 2026,5_post_june_2026,2199,মুক্তিযোদ্ধাদের ভাতা বাড়ানোর ব্যাপারে এত অনুরোধ করা হচ্ছে যা দুঃখ jonok,মুক্তিযোদ্ধাদের ভাতা বাড়ানোর ব্যাপারে এত অনুরোধ করা হচ্ছে যা দুঃখ jonok,0,0.506705480183105
5 Post June 2026,5_post_june_2026,2200,অসংখ্য ধন্যবাদ মাননীয় মন্ত্রীকে গভীর শ্রদ্ধাভরে ৭১ এর বীর মুক্তিযোদ্ধাদের সম্মানী ভাতা বাড়ানোর দাবি জানিয়েছেন।,অসংখ্য ধন্যবাদ মাননীয় মন্ত্রীকে গভীর শ্রদ্ধাভরে এর বীর মুক্তিযোদ্ধাদের সম্মানী ভাতা বাড়ানোর দাবি জানিয়েছেন,0,0.9271224178773994
5 Post June 2026,5_post_june_2026,2201,সাধারণ মুক্তিযোদ্ধারা কি যুদ্ধ করেন নাই কেন তাদের ভাতা বানানো হবে না দয়া করে তাদের ভাতও বাড়িয়ে দেন প্লিজ,সাধারণ মুক্তিযোদ্ধারা কি যুদ্ধ করেন নাই কেন তাদের ভাতা বানানো হবে না দয়া করে তাদের ভাতও বাড়িয়ে দেন প্লিজ,3,0.5945491791603251
5 Post June 2026,5_post_june_2026,2202,বীর মুক্তিযোদ্ধাদের ভাতাসহ অন্যান্য নাগরিক সুবিধা দেয়ার এই সিদ্ধান্তকে সাধুবাদ জানাচ্ছি। যাদের আত্মত্যাগের মধ্য দিয়ে আজকের এই…,বীর মুক্তিযোদ্ধাদের ভাতাসহ অন্যান্য নাগরিক সুবিধা দেয়ার এই সিদ্ধান্তকে সাধুবাদ জানাচ্ছি যাদের আত্মত্যাগের মধ্য দিয়ে আজকের এই,3,0.7502625728252521
5 Post June 2026,5_post_june_2026,2203,ইতিহাস ইতিহাস করে আমাদের বাংলাদেশটা এখন ধ্বংসের পথে। এই দেশ থেকে দুর্নীতি কখনো যাবেনা,ইতিহাস ইতিহাস করে আমাদের বাংলাদেশটা এখন ধ্বংসের পথে এই দেশ থেকে দুর্নীতি কখনো যাবেনা,0,0.8657278753576685
5 Post June 2026,5_post_june_2026,2204,সংসদে আসার সপ্ন দেখালাগতো না আর ৫ বছর হাসিনা যদি খমতায় থাকতো,সংসদে আসার সপ্ন দেখালাগতো না আর বছর হাসিনা যদি খমতায় থাকতো,2,0.8364317059851373
5 Post June 2026,5_post_june_2026,2205,একদম সঠিক কথা বলছেন।,একদম সঠিক কথা বলছেন,2,0.7998507642251733
5 Post June 2026,5_post_june_2026,2206,ভাতা বৃদ্ধি করা হোক।,ভাতা বৃদ্ধি করা হোক,3,0.7980632812301018
5 Post June 2026,5_post_june_2026,2207,মাননীয় অর্থমন্ত্রী মহোদয় ৭১ এর বীর মুক্তিযোদ্ধাদের ভাতা বাড়িয়ে একটা ইতিহাস গড়ে তুলুন তাহলে আপনার নাম স্বর্ণাক্ষরে লিখিত থ…,মাননীয় অর্থমন্ত্রী মহোদয় এর বীর মুক্তিযোদ্ধাদের ভাতা বাড়িয়ে একটা ইতিহাস গড়ে তুলুন তাহলে আপনার নাম স্বর্ণাক্ষরে লিখিত থ,0,0.9381336870821058
5 Post June 2026,5_post_june_2026,2208,জয়বাংলা,জয়বাংলা,4,0.5980398824358207
5 Post June 2026,5_post_june_2026,2209,ধন্যবাদ সংসদ সদস্য জনাব জয়নাল আবে ফারুক তিনি নিজেও একজন বীর মুক্তিযোদ্ধা সঠিক প্রস্তাব দিয়েছেন।,ধন্যবাদ সংসদ সদস্য জনাব জয়নাল আবে ফারুক তিনি নিজেও একজন বীর মুক্তিযোদ্ধা সঠিক প্রস্তাব দিয়েছেন,0,0.6640853853800626
5 Post June 2026,5_post_june_2026,2210,Amin,amin,0,0.2
5 Post June 2026,5_post_june_2026,2211,মুক্তিযোদ্ধা এখনো আছে?,মুক্তিযোদ্ধা এখনো আছে,3,0.4432095477451865
5 Post June 2026,5_post_june_2026,2212,এই সরকার দুর্নীতিকে পশ্রয় দিচ্ছে। ৭১ কে সুকৌশলে ধুলয়িত করছে। মুক্তিযুদ্ধাদের ভাতা না ভাড়ানো কিসের ইঙ্গিত বহন করে?,এই সরকার দুর্নীতিকে পশ্রয় দিচ্ছে কে সুকৌশলে ধুলয়িত করছে মুক্তিযুদ্ধাদের ভাতা না ভাড়ানো কিসের ইঙ্গিত বহন করে,0,0.8384369964069646
5 Post June 2026,5_post_june_2026,2213,Yes good y,yes good y,3,0.7331835319245282
5 Post June 2026,5_post_june_2026,2214,ধন্যবাদ অভিনন্দন জানাই।,ধন্যবাদ অভিনন্দন জানাই,0,0.3310562908143013
5 Post June 2026,5_post_june_2026,2215,ধন্যবাদ মাননীয় এমপি সাহেব,ধন্যবাদ মাননীয় এমপি সাহেব,0,0.839245846803086
5 Post June 2026,5_post_june_2026,2216,জীবিত মুক্তিযোদ্ধা মৃত বিজয় দিবসের পাঁচ হাজার টাকা দুজনেই পাবে,জীবিত মুক্তিযোদ্ধা মৃত বিজয় দিবসের পাঁচ হাজার টাকা দুজনেই পাবে,3,0.8841300405526522
5 Post June 2026,5_post_june_2026,2217,স্যালুট জানাই সত্য কথা বলার জন্য আপনার প্রতি আরো আমার ভক্তি ও শ্রদ্ধা বেড়ে গেল,স্যালুট জানাই সত্য কথা বলার জন্য আপনার প্রতি আরো আমার ভক্তি ও শ্রদ্ধা বেড়ে গেল,4,0.6882718001426955
5 Post June 2026,5_post_june_2026,2218,সঠিক সিদ্ধান্ত,সঠিক সিদ্ধান্ত,3,0.3997043808048026
5 Post June 2026,5_post_june_2026,2219,ধন্যবাদ আপনার বক্তব্যের জন্য,ধন্যবাদ আপনার বক্তব্যের জন্য,0,0.4007495155941331
5 Post June 2026,5_post_june_2026,2220,"জাতির জনক বঙ্গবন্ধু শেখ মুজিবুর রহমানের ডাকে মুক্তিযুদ্ধের মাধ্যমে স্বাধীন বাংলাদেশ পেয়েছিলাম , আর জাতির জনকের কন্যা জননেত্রী …",জাতির জনক বঙ্গবন্ধু শেখ মুজিবুর রহমানের ডাকে মুক্তিযুদ্ধের মাধ্যমে স্বাধীন বাংলাদেশ পেয়েছিলাম আর জাতির জনকের কন্যা জননেত্রী,0,0.6255868277817745
5 Post June 2026,5_post_june_2026,2221,ধন্যবাদ আপনাকে,ধন্যবাদ আপনাকে,0,0.7332663205060563
5 Post June 2026,5_post_june_2026,2222,"ধন্যবাদ, মাননীয় এমপি জয়নাল আবেদীন মহোদয়কে, সংসদে মুক্তিযোদ্ধাদের পক্ষে অন্তত কিছু কথা বলার জন্য ---",ধন্যবাদ মাননীয় এমপি জয়নাল আবেদীন মহোদয়কে সংসদে মুক্তিযোদ্ধাদের পক্ষে অন্তত কিছু কথা বলার জন্য,0,0.9197142591573695
5 Post June 2026,5_post_june_2026,2223,আপনাকে মনের গভীর থেকে ধন্যবাদ জানায়,আপনাকে মনের গভীর থেকে ধন্যবাদ জানায়,0,0.645455311368975
5 Post June 2026,5_post_june_2026,2224,যাহারা মুক্তিযোদ্ধাদের নিয়ে অন্য বিষয়ের সাথে তুলনা করে এগুলো শুনতেও লজ্জা লাগে ---,যাহারা মুক্তিযোদ্ধাদের নিয়ে অন্য বিষয়ের সাথে তুলনা করে এগুলো শুনতেও লজ্জা লাগে,3,0.47909907383036837
5 Post June 2026,5_post_june_2026,2225,বাস্তবায়ন হোক,বাস্তবায়ন হোক,3,0.7309567647206292
5 Post June 2026,5_post_june_2026,2226,"মুক্তিযুদ্ধ না হলে এদেশের জন্ম হতো না, সুতরাং যাদের আত্মত্যাগের কারণে দেশ আজ স্বাধীনতা পেয়েছে তাদের সম্মানী ভাতা বৃদ্ধি করে কি…",মুক্তিযুদ্ধ না হলে এদেশের জন্ম হতো না সুতরাং যাদের আত্মত্যাগের কারণে দেশ আজ স্বাধীনতা পেয়েছে তাদের সম্মানী ভাতা বৃদ্ধি করে কি,3,0.9456632085390422
5 Post June 2026,5_post_june_2026,2227,মুক্তিযোদ্ধাদের সম্মান নিয়ে সঠিক কথা বলার জন্য মাননীয় এমপি মহোদয় কে ধন্যবাদ।,মুক্তিযোদ্ধাদের সম্মান নিয়ে সঠিক কথা বলার জন্য মাননীয় এমপি মহোদয় কে ধন্যবাদ,0,0.9194291079377862
5 Post June 2026,5_post_june_2026,2228,aponake onek onek donnobat sir muktijodda der vata barano hok,aponake onek onek donnobat sir muktijodda der vata barano hok,4,0.8848724852746526
5 Post June 2026,5_post_june_2026,2229,"ধন্যবাদ জানাই আন্তরিক ভাবে আপনাকে সঠিক কথা বলাই আপনাকে সম্মান জানাই। মুক্তিযুদ্ধ ছিল একটা দেশের স্বাধীনতা যুদ্ধ, আর জুলাই যুদ্…",ধন্যবাদ জানাই আন্তরিক ভাবে আপনাকে সঠিক কথা বলাই আপনাকে সম্মান জানাই মুক্তিযুদ্ধ ছিল একটা দেশের স্বাধীনতা যুদ্ধ আর জুলাই যুদ্,0,0.4514664452000359
5 Post June 2026,5_post_june_2026,2230,বৃদ্ধি করা উচিৎ,বৃদ্ধি করা উচিৎ,3,0.7332564685593228
5 Post June 2026,5_post_june_2026,2231,অনেক অনেক ধন্যবাদ মাননীয় সংসদ সদস্য,অনেক অনেক ধন্যবাদ মাননীয় সংসদ সদস্য,4,0.4966123615345531
5 Post June 2026,5_post_june_2026,2232,"বীর মুক্তিযোদ্ধাদের ভাতা বললে অসুন্দর শুনাযাচ্ছে মনে হচ্ছে। "" মুক্তিযুদ্ধাদের সম্মানী "" বললে কি একটু ভালো শুনা যেতোনা ?",বীর মুক্তিযোদ্ধাদের ভাতা বললে অসুন্দর শুনাযাচ্ছে মনে হচ্ছে মুক্তিযুদ্ধাদের সম্মানী বললে কি একটু ভালো শুনা যেতোনা,0,0.7285325749458295
5 Post June 2026,5_post_june_2026,2233,Salute Apnak.,salute apnak,0,0.2
5 Post June 2026,5_post_june_2026,2234,সাধারন মানুষের জন্য কোনো চিন্তা নেই কোনো সরকারের,সাধারন মানুষের জন্য কোনো চিন্তা নেই কোনো সরকারের,2,0.8846131936653228
5 Post June 2026,5_post_june_2026,2235,ধন্যবাদ আপনাকে সঠিক কথা বলেছেন আপনি একাত্তরের সাথে কোন কিছুকেই তুলনা করা চলবে না বীর মুক্তিযোদ্ধাদের সম্মানী ভাতা বাড়ানো হোক,ধন্যবাদ আপনাকে সঠিক কথা বলেছেন আপনি একাত্তরের সাথে কোন কিছুকেই তুলনা করা চলবে না বীর মুক্তিযোদ্ধাদের সম্মানী ভাতা বাড়ানো হোক,0,0.48587702182844444
5 Post June 2026,5_post_june_2026,2236,মানুষ ভাত পাইছে না,মানুষ ভাত পাইছে না,4,0.5055512154268984
5 Post June 2026,5_post_june_2026,2237,71 theke Kheya asse ekhono sesh hoina vata,theke kheya asse ekhono sesh hoina vata,4,0.5988215426986612
5 Post June 2026,5_post_june_2026,2238,সঠিক কথা বলেছেন।,সঠিক কথা বলেছেন,2,0.7330164031328826
5 Post June 2026,5_post_june_2026,2239,বীর মুক্তিযোদ্ধাদের ভাতা বাড়ানোর জন্য বিনীত অনুরোধ করছি,বীর মুক্তিযোদ্ধাদের ভাতা বাড়ানোর জন্য বিনীত অনুরোধ করছি,0,0.8850623734616243
5 Post June 2026,5_post_june_2026,2240,জয়নাল আবেদীন সাহেবের বক্তব্য ঘুরাইয়া ঘুরাইয়া কয়েকবার শুনলাম কিন্তু উনি কি বুঝাতে চাইলেন এটা তো বুঝতে পারলাম না।,জয়নাল আবেদীন সাহেবের বক্তব্য ঘুরাইয়া ঘুরাইয়া কয়েকবার শুনলাম কিন্তু উনি কি বুঝাতে চাইলেন এটা তো বুঝতে পারলাম না,0,0.8992848270953767
5 Post June 2026,5_post_june_2026,2241,"আপনাকে অনেক ধন্যবাদ, সত্যিটা তুলে ধরার জন্য",আপনাকে অনেক ধন্যবাদ সত্যিটা তুলে ধরার জন্য,0,0.7993780455617803
5 Post June 2026,5_post_june_2026,2242,মাননীয় সংসদ সদস্য আপনাকে অনেক ধন্যবাদ মুক্তিযোদ্ধা ছিল একটা দেশের স্বাধীনতা যুদ্ধ দেশটা হলো বাংলাদেশ,মাননীয় সংসদ সদস্য আপনাকে অনেক ধন্যবাদ মুক্তিযোদ্ধা ছিল একটা দেশের স্বাধীনতা যুদ্ধ দেশটা হলো বাংলাদেশ,0,0.5203824067290322
5 Post June 2026,5_post_june_2026,2243,সুন্দর কথা,সুন্দর কথা,0,0.5978765647579896
5 Post June 2026,5_post_june_2026,2244,রাজাকারদের বেতন দিতে হবে,রাজাকারদের বেতন দিতে হবে,3,0.7313203643644557
5 Post June 2026,5_post_june_2026,2245,আপনাদের কে ভাতা বাড়াতে হবে না কারণ হচ্ছে এই বাংলাদেশের ইতিহাসে একমাত্র আওয়ামী লীগ সরকার ছাড়া অন্য কোনো সরকার মুক্তিযোদ্ধাদের স…,আপনাদের কে ভাতা বাড়াতে হবে না কারণ হচ্ছে এই বাংলাদেশের ইতিহাসে একমাত্র আওয়ামী লীগ সরকার ছাড়া অন্য কোনো সরকার মুক্তিযোদ্ধাদের স,0,0.596600018200303
5 Post June 2026,5_post_june_2026,2246,"মুক্তিযোদ্ধাদের চেতনার বাংলাদেশ, এর কোন বিকল্প নাই। এটাই বাস্তব।",মুক্তিযোদ্ধাদের চেতনার বাংলাদেশ এর কোন বিকল্প নাই এটাই বাস্তব,0,0.593763619874425
5 Post June 2026,5_post_june_2026,2247,Very good proposal for bir muktizodda,very good proposal for bir muktizodda,0,0.7940367303711126
5 Post June 2026,5_post_june_2026,2248,জামাত তো কখনোই চাবেনা কারণ জামাত তো পুরো স্বাধীনতায় বিরোধী,জামাত তো কখনোই চাবেনা কারণ জামাত তো পুরো স্বাধীনতায় বিরোধী,0,0.8664406761404014
5 Post June 2026,5_post_june_2026,2249,১৯৭১আর ২০২৪ কখনো এক হতে পারে না ? জুলাই গন অভ্যুত্থানে যারা আহত নিহত হয়েছে তাদের মধ্যে ভাতা সরকার দিবে এতে বীর মুক্তিযোদ্ধা …,আর কখনো এক হতে পারে না জুলাই গন অভ্যুত্থানে যারা আহত নিহত হয়েছে তাদের মধ্যে ভাতা সরকার দিবে এতে বীর মুক্তিযোদ্ধা,3,0.5421992432903929
5 Post June 2026,5_post_june_2026,2250,প্রকৃত মুক্তিযোদ্ধাদের ভাতা বাড়ানো হোক এবং ভুয়া মুক্তিযোদ্ধদের প্রত্যাহার করুক।,প্রকৃত মুক্তিযোদ্ধাদের ভাতা বাড়ানো হোক এবং ভুয়া মুক্তিযোদ্ধদের প্রত্যাহার করুক,0,0.7415885201065755
5 Post June 2026,5_post_june_2026,2251,ধন্যবাদ সুন্দর কথা বলার জন্যে,ধন্যবাদ সুন্দর কথা বলার জন্যে,0,0.8398349716011755
5 Post June 2026,5_post_june_2026,2252,আপনাকে অনেক অনেক ধন্যবাদ।,আপনাকে অনেক অনেক ধন্যবাদ,0,0.7332663205060563
5 Post June 2026,5_post_june_2026,2253,সব বুয়া,সব বুয়া,1,0.5999709124719412
5 Post June 2026,5_post_june_2026,2254,আপনা এই বক্তব্য রাখার জন্য মাননীয় সঙসদ আপনাকে ধন্যবাদ। এবং পিছনে বসে বসে শুনছেন ঐ বাজেট পেশ দাতা তাকে ঘৃণা করি।,আপনা এই বক্তব্য রাখার জন্য মাননীয় সঙসদ আপনাকে ধন্যবাদ এবং পিছনে বসে বসে শুনছেন ঐ বাজেট পেশ দাতা তাকে ঘৃণা করি,1,0.5979153788241603
5 Post June 2026,5_post_june_2026,2255,বর্তমানে বাংলাদেশের আইন শৃঙ্খলা পরিস্থিতি কি?,বর্তমানে বাংলাদেশের আইন শৃঙ্খলা পরিস্থিতি কি,4,0.6797961020855641
5 Post June 2026,5_post_june_2026,2256,Ap iki.kisu.balbeen Shakh.majibur.rahaman.ke.bad.dia.bingga…,ap iki kisu balbeen shakh majibur rahaman ke bad dia bingga,0,0.7995767727528361
5 Post June 2026,5_post_june_2026,2257,অনেক অনেক ধন্যবাদ আপনাকে খুবই ভালো একটা কথা বলেছেন চাচা।,অনেক অনেক ধন্যবাদ আপনাকে খুবই ভালো একটা কথা বলেছেন চাচা,2,0.5470703309923988
5 Post June 2026,5_post_june_2026,2258,ধন্যবাদ আপনাকে সঠিক সময়ে সঠিক কথা বলছেন এজন্য।,ধন্যবাদ আপনাকে সঠিক সময়ে সঠিক কথা বলছেন এজন্য,2,0.5496164278945851
5 Post June 2026,5_post_june_2026,2259,ধন্যবাদ,ধন্যবাদ,0,0.5999993380879446
5 Post June 2026,5_post_june_2026,2260,Salute to honable parliament member from Noakhali Bir.Mukhti Juddha Mr.Joinal Abedin Faraque.,salute to honable parliament member from noakhali bir mukhti juddha mr joinal abedin faraque,0,0.4423729560001475
5 Post June 2026,5_post_june_2026,2261,আপনাকে শ্রদ্ধা জানাই স্যার,আপনাকে শ্রদ্ধা জানাই স্যার,4,0.4577293214626202
5 Post June 2026,5_post_june_2026,2262,মুক্তিযোদ্ধাদের সম্মান সবার উপরে এর কোন বিকল্প নেই তাই মুক্তিযোদ্ধাদের পাতা বাড়ানো হোক আজ আমরা স্বাধীন বাংলাদেশ পেয়েছি মুক্ত…,মুক্তিযোদ্ধাদের সম্মান সবার উপরে এর কোন বিকল্প নেই তাই মুক্তিযোদ্ধাদের পাতা বাড়ানো হোক আজ আমরা স্বাধীন বাংলাদেশ পেয়েছি মুক্ত,3,0.5002943961552286
5 Post June 2026,5_post_june_2026,2263,"অনেক অনেক ধন্যবাদ স্যার,",অনেক অনেক ধন্যবাদ স্যার,0,0.40010848618146383
5 Post June 2026,5_post_june_2026,2264,বীর মুক্তিযোদ্ধাদের মাসিক সম্মানি ভাতা 30 হাজার টাকা করুন,বীর মুক্তিযোদ্ধাদের মাসিক সম্মানি ভাতা হাজার টাকা করুন,3,0.8979135193252983
5 Post June 2026,5_post_june_2026,2265,অসংখ্য ধন্যবাদ মাননীয় সংসদ সদস্য জনাব ফজলুর রহমান কে।,অসংখ্য ধন্যবাদ মাননীয় সংসদ সদস্য জনাব ফজলুর রহমান কে,4,0.5908943355867513
5 Post June 2026,5_post_june_2026,2266,"জাতে পাগল তালে ঠিক, ভাতা বাড়লে সবই সঠিক।",জাতে পাগল তালে ঠিক ভাতা বাড়লে সবই সঠিক,0,0.3127855150560017
5 Post June 2026,5_post_june_2026,2267,আমার মনে হয় মুক্তিযোদ্ধাদের ১ লক্ষ টাকা করে দেওয়া দরকার এডো কম টাকা দিয়ে কি হবে,আমার মনে হয় মুক্তিযোদ্ধাদের লক্ষ টাকা করে দেওয়া দরকার এডো কম টাকা দিয়ে কি হবে,3,0.5399265839933134
5 Post June 2026,5_post_june_2026,2268,ভুয়া মুক্তিযোদ্ধা যাচাই করা উচিত,ভুয়া মুক্তিযোদ্ধা যাচাই করা উচিত,0,0.7998575477743538
5 Post June 2026,5_post_june_2026,2269,জুলাই যোদ্ধারা এই সংসদকে কি করছে সেটা ভূলে গেলে হবে না,জুলাই যোদ্ধারা এই সংসদকে কি করছে সেটা ভূলে গেলে হবে না,1,0.7924429729239821
5 Post June 2026,5_post_june_2026,2270,মুক্তিযোদ্ধাদের পক্ষে কথা বলার জন্য মাননীয় সাংসদ মহোদয় কে ধন্যবাদ।,মুক্তিযোদ্ধাদের পক্ষে কথা বলার জন্য মাননীয় সাংসদ মহোদয় কে ধন্যবাদ,0,0.8997986315438034
5 Post June 2026,5_post_june_2026,2271,অনেক অনেক ধন্যবাদ স্যার।,অনেক অনেক ধন্যবাদ স্যার,0,0.40010848618146383
5 Post June 2026,5_post_june_2026,2272,বিনম্র শ্রদ্ধা,বিনম্র শ্রদ্ধা,4,0.5995698368456951
5 Post June 2026,5_post_june_2026,2273,৫০হাজার টাকা দেওয়া হোক,হাজার টাকা দেওয়া হোক,3,0.6340270336716392
5 Post June 2026,5_post_june_2026,2274,সঠিক কথা বলেছেন,সঠিক কথা বলেছেন,2,0.7330164031328826
5 Post June 2026,5_post_june_2026,2275,"ধন্যবাদ আপনাকে, মুক্তিযোদ্ধাদের ভাতা বাড়ানো দরকার।",ধন্যবাদ আপনাকে মুক্তিযোদ্ধাদের ভাতা বাড়ানো দরকার,0,0.5257562563825745
5 Post June 2026,5_post_june_2026,2276,ধন্যবাদ মাননীয় এমপি মহোদয় মুক্তিযোদ্ধার ভাতা বাড়ানো হোক।,ধন্যবাদ মাননীয় এমপি মহোদয় মুক্তিযোদ্ধার ভাতা বাড়ানো হোক,0,0.7712358527064753
5 Post June 2026,5_post_june_2026,2277,জনাব জয়নাল আবেদীন ফারুক সাহেব এমপি মহোদয় কে ধন্যবাদ মুক্তিযোদ্ধাদের পক্ষে বলার জন্য বিএনপি সব সময় বলে মুক্তিযোদ্ধার দল অবশ্…,জনাব জয়নাল আবেদীন ফারুক সাহেব এমপি মহোদয় কে ধন্যবাদ মুক্তিযোদ্ধাদের পক্ষে বলার জন্য বিএনপি সব সময় বলে মুক্তিযোদ্ধার দল অবশ্,0,0.9519185638300175
5 Post June 2026,5_post_june_2026,2278,মুক্তিযোদ্ধার ভাতা ৩০ হাজার করা হোক,মুক্তিযোদ্ধার ভাতা হাজার করা হোক,3,0.8381246642756142
5 Post June 2026,5_post_june_2026,2279,সঠিক কথা বলছেন ভাই,সঠিক কথা বলছেন ভাই,2,0.5498147856991739
5 Post June 2026,5_post_june_2026,2280,অনেক অনেক ধন্যবাদ,অনেক অনেক ধন্যবাদ,0,0.5999993380879446
5 Post June 2026,5_post_june_2026,2281,ভাতা বাড়ানো হোক,ভাতা বাড়ানো হোক,3,0.7980634626065691
5 Post June 2026,5_post_june_2026,2282,"এক টাকা হলেও বারাতে হবে,,, এটা ন্যায্য চাওয়া,,,",এক টাকা হলেও বারাতে হবে এটা ন্যায্য চাওয়া,3,0.5984973262694048
5 Post June 2026,5_post_june_2026,2283,"মুক্তিযুদ্ধা ভাতা মিনিমাম ৩০,০০০ করা উচিত",মুক্তিযুদ্ধা ভাতা মিনিমাম করা উচিত,0,0.5509082837967418
5 Post June 2026,5_post_june_2026,2284,বীর মুক্তিযোদ্ধাদের যারা সম্মান দিতে পারে না তারা পাকিস্তানি বীজ যাদের জন্য আমরা বাংলায় পেয়েছি বাংলা ভাষা পেয়েছি তাদের গুরুত্ব অপরিসীম,বীর মুক্তিযোদ্ধাদের যারা সম্মান দিতে পারে না তারা পাকিস্তানি বীজ যাদের জন্য আমরা বাংলায় পেয়েছি বাংলা ভাষা পেয়েছি তাদের গুরুত্ব অপরিসীম,3,0.7430434648069638
5 Post June 2026,5_post_june_2026,2285,যাদের জন্য বাংলা ভাষা পেয়েছি তাদের গুরুত্বপূর্ণ ভূমিকা গুরুত্ব দিবে হব বীর মুক্তিযোদ্ধা অবদান অপসিম,যাদের জন্য বাংলা ভাষা পেয়েছি তাদের গুরুত্বপূর্ণ ভূমিকা গুরুত্ব দিবে হব বীর মুক্তিযোদ্ধা অবদান অপসিম,0,0.4315492747384236
5 Post June 2026,5_post_june_2026,2286,ধন্যবাদ মাননীয় এমপি সাহেব,ধন্যবাদ মাননীয় এমপি সাহেব,0,0.839245846803086
5 Post June 2026,5_post_june_2026,2287,"স্বাধীন না হলে এত বড় বড় আসন কোথায় থাকতো! অথচ এই মুক্তি যোদ্ধাদের বাংলাদেশের কিছু কিছু মানুষ সহ্য করতে পারে না, এমন ভাব দেখায় ম…",স্বাধীন না হলে এত বড় বড় আসন কোথায় থাকতো অথচ এই মুক্তি যোদ্ধাদের বাংলাদেশের কিছু কিছু মানুষ সহ্য করতে পারে না এমন ভাব দেখায় ম,3,0.6329317511929916
5 Post June 2026,5_post_june_2026,2288,আপনাকে অসংখ্য ধন্যবাদ,আপনাকে অসংখ্য ধন্যবাদ,0,0.7999672300487815
5 Post June 2026,5_post_june_2026,2289,ভাতা বন্ধ করা হোক,ভাতা বন্ধ করা হোক,0,0.5491458787069712
5 Post June 2026,5_post_june_2026,2290,ধূয়ে ধূয়ে হানি খাও আরোও ১০০ বছর,ধূয়ে ধূয়ে হানি খাও আরোও বছর,3,0.5959446669511437
5 Post June 2026,5_post_june_2026,2291,আজ দেশের বীর সন্তানদের সম্মানী ভাতা বাড়ানোর জন্য মহান সংসদে দাবি তোলা হয়। এটাই তো জাতির জন্য লজ্জাজনক।,আজ দেশের বীর সন্তানদের সম্মানী ভাতা বাড়ানোর জন্য মহান সংসদে দাবি তোলা হয় এটাই তো জাতির জন্য লজ্জাজনক,0,0.9327435344704925
5 Post June 2026,5_post_june_2026,2292,মুক্তিযোদ্ধারা সর্বকালের সর্বশ্রেষ্ঠ সন্তান,মুক্তিযোদ্ধারা সর্বকালের সর্বশ্রেষ্ঠ সন্তান,3,0.40007661870409705
5 Post June 2026,5_post_june_2026,2293,সহমত পোষণ করছি,সহমত পোষণ করছি,1,0.7996968322854624
5 Post June 2026,5_post_june_2026,2294,যারা ৭১ নিয়ে হাসাহাসি করে তাদের জন্মের সমস্যা,যারা নিয়ে হাসাহাসি করে তাদের জন্মের সমস্যা,3,0.8381473923861527
5 Post June 2026,5_post_june_2026,2295,শহীদ মুক্তি যোদ্ধাদের ৫০ হাজার জীবিত মুক্তি যোদ্ধাদের ৩০ হাজার করার জোর দাবী জানাচ্ছি ।,শহীদ মুক্তি যোদ্ধাদের হাজার জীবিত মুক্তি যোদ্ধাদের হাজার করার জোর দাবী জানাচ্ছি,3,0.7012333739158875
5 Post June 2026,5_post_june_2026,2296,১০০% সহমতসহ ধন্যবাদ জানাচ্ছি,সহমতসহ ধন্যবাদ জানাচ্ছি,0,0.40006724908838187
5 Post June 2026,5_post_june_2026,2297,বীর মুক্তিযোদ্ধাদের সম্মানী ভাতা বারিয়ে হোক,বীর মুক্তিযোদ্ধাদের সম্মানী ভাতা বারিয়ে হোক,0,0.8662331996541488
5 Post June 2026,5_post_june_2026,2298,ধন্যবাদ বীর মুক্তিযোদ্ধা এমপি মহোদয় কে,ধন্যবাদ বীর মুক্তিযোদ্ধা এমপি মহোদয় কে,0,0.8665476959113362
5 Post June 2026,5_post_june_2026,2299,ধন্যবাদ অনেক সুন্দর একটা উদ্যোগ নিয়েছে সরকার এইমুক্তিযোদ্ধারা দেশ স্বাধীন না করলে দেশের আমরা চোখে দেখতাম না অনেক অনেক ধন্যবাদ মুক্তিযোদ্ধাদেরকে,ধন্যবাদ অনেক সুন্দর একটা উদ্যোগ নিয়েছে সরকার এইমুক্তিযোদ্ধারা দেশ স্বাধীন না করলে দেশের আমরা চোখে দেখতাম না অনেক অনেক ধন্যবাদ মুক্তিযোদ্ধাদেরকে,0,0.6655938132087207
5 Post June 2026,5_post_june_2026,2300,71 থেকে জুলাই কোন অংশে কম নয় কারন জুলাইতে হিন্দুত্ববাদী থেকে দেশ রক্ষা পেয়েছে,থেকে জুলাই কোন অংশে কম নয় কারন জুলাইতে হিন্দুত্ববাদী থেকে দেশ রক্ষা পেয়েছে,3,0.7768351084819114
5 Post June 2026,5_post_june_2026,2301,Great speach Thank you so much.,great speach thank you so much,1,0.550303211615234
5 Post June 2026,5_post_june_2026,2302,ধন্যবাদ,ধন্যবাদ,0,0.5999993380879446
5 Post June 2026,5_post_june_2026,2303,ধন্যবাদ,ধন্যবাদ,0,0.5999993380879446
5 Post June 2026,5_post_june_2026,2304,আর কত,আর কত,1,0.5961157857048557
5 Post June 2026,5_post_june_2026,2305,কত আর বাড় যারা জীবিত যোদ্ধা তাদের কথাও ভাবেন,কত আর বাড় যারা জীবিত যোদ্ধা তাদের কথাও ভাবেন,3,0.44878428990386054
5 Post June 2026,5_post_june_2026,2306,This how people make divion in between Mukhti Juddha. All Mukhti Juddha are brother. There is no fake Mukhti Juddha. Vata stab…,this how people make divion in between mukhti juddha all mukhti juddha are brother there is no fake mukhti juddha vata stab,0,0.9418871954865479
5 Post June 2026,5_post_june_2026,2307,"বর্তমান যা কয়কজন মুক্তিযুদ্ধা আছে তাদের মধ্যে অল্প কয়েকজন ছাড়া বেশির ভাগ বুয়া মুক্তিযুদ্ধা, আগে এই ভুয়া মুক্তিযোদ্ধাগুলোকে অ…",বর্তমান যা কয়কজন মুক্তিযুদ্ধা আছে তাদের মধ্যে অল্প কয়েকজন ছাড়া বেশির ভাগ বুয়া মুক্তিযুদ্ধা আগে এই ভুয়া মুক্তিযোদ্ধাগুলোকে অ,1,0.8177209068271764
5 Post June 2026,5_post_june_2026,2308,মুক্তিযোদ্ধা ভাতা বাড়ানো হোক আমি মুক্তিযোদ্ধার সন্তান পরিবার,মুক্তিযোদ্ধা ভাতা বাড়ানো হোক আমি মুক্তিযোদ্ধার সন্তান পরিবার,0,0.4978292124196221
5 Post June 2026,5_post_june_2026,2309,"২৪ মুক্তি যুদ্বাদের বাতা বাড়ানু হউক,",মুক্তি যুদ্বাদের বাতা বাড়ানু হউক,3,0.7303139976317132
5 Post June 2026,5_post_june_2026,2310,আপনি সারাজীবন সংসদে আসতে পারতেন..?,আপনি সারাজীবন সংসদে আসতে পারতেন,2,0.7319427266082057
5 Post June 2026,5_post_june_2026,2311,মুক্তিযোদ্ধা সন্তানের হাতে দেশ মুক্তিযোদ্ধারা কিছু পারে না এ হতে পারেনা,মুক্তিযোদ্ধা সন্তানের হাতে দেশ মুক্তিযোদ্ধারা কিছু পারে না এ হতে পারেনা,3,0.49649232035522844
5 Post June 2026,5_post_june_2026,2312,Right.,right,2,0.5999971098877311
5 Post June 2026,5_post_june_2026,2313,বেশির ভাগ টাকা চলে যায় ঔষধে,বেশির ভাগ টাকা চলে যায় ঔষধে,1,0.5536932511584246
5 Post June 2026,5_post_june_2026,2314,অনেক অনেক ধন্যবাদ,অনেক অনেক ধন্যবাদ,0,0.5999993380879446
5 Post June 2026,5_post_june_2026,2315,যাদের জন্য ক্ষমতা পাইলেন তাদের ভাতা বাড়ানো যাবে না। ১৭ বছরের সরকারকে হটিয়েছে ছাত্র ও জুলাই যোদ্ধারা সেটার ফুটেজ এখনো গণমাধ্যমে…,যাদের জন্য ক্ষমতা পাইলেন তাদের ভাতা বাড়ানো যাবে না বছরের সরকারকে হটিয়েছে ছাত্র ও জুলাই যোদ্ধারা সেটার ফুটেজ এখনো গণমাধ্যমে,3,0.5336638675933474
5 Post June 2026,5_post_june_2026,2316,ধন্যবাদ মাননীয় এমপি মুক্তিযোদ্ধা ভাতা বাড়ানো হোক,ধন্যবাদ মাননীয় এমপি মুক্তিযোদ্ধা ভাতা বাড়ানো হোক,0,0.7471716782230603
5 Post June 2026,5_post_june_2026,2317,শুয়োরের বাচ্চা রাজাকার,শুয়োরের বাচ্চা রাজাকার,0,0.7315437155419537
5 Post June 2026,5_post_june_2026,2318,Thanks,thanks,2,0.5993481376084886
5 Post June 2026,5_post_june_2026,2319,এসব ভাতা বাতিল করা দরকার,এসব ভাতা বাতিল করা দরকার,2,0.5178196344623112
5 Post June 2026,5_post_june_2026,2320,"জনাব,, জয়নাল আবেদীন ফারুক সাহেব, আপনি সঠিক ইতিহাস তুলে ধরেছেন, ভাতা বাড়িয়ে মুক্তিযোদ্ধাদের সম্মান হয়না, ঐ বিষয় টা একান্তই রাষ্…",জনাব জয়নাল আবেদীন ফারুক সাহেব আপনি সঠিক ইতিহাস তুলে ধরেছেন ভাতা বাড়িয়ে মুক্তিযোদ্ধাদের সম্মান হয়না ঐ বিষয় টা একান্তই রাষ্,0,0.9495022158671286
5 Post June 2026,5_post_june_2026,2321,"মন্তব্যকারিগনের মধ্যে রাজাকার ঢুকেপড়ে,বাজে মন্তব্য করছে, পাকিস্তান এবং ভারতীয় দালাল নির্মূল করা হোক।",মন্তব্যকারিগনের মধ্যে রাজাকার ঢুকেপড়ে বাজে মন্তব্য করছে পাকিস্তান এবং ভারতীয় দালাল নির্মূল করা হোক,0,0.7332322199668371
5 Post June 2026,5_post_june_2026,2322,রাইট,রাইট,1,0.5999935439617783
5 Post June 2026,5_post_june_2026,2323,Right,right,2,0.5999971098877311
5 Post June 2026,5_post_june_2026,2324,Absoloutly right otherwise nation never pardon u.,absoloutly right otherwise nation never pardon u,2,0.5999971098877311
5 Post June 2026,5_post_june_2026,2325,জুলাই হলো খাই খাই পাটি আর ৭১ হলো একটি ইতিহাস। অতএব মুক্তি যোদ্ধাদের ভাতা ৩০ হাজার করা হোক।,জুলাই হলো খাই খাই পাটি আর হলো একটি ইতিহাস অতএব মুক্তি যোদ্ধাদের ভাতা হাজার করা হোক,3,0.9325605783253171
5 Post June 2026,5_post_june_2026,2326,Thanks,thanks,2,0.5993481376084886
5 Post June 2026,5_post_june_2026,2327,"বেজন্মা শাহাদাত, তুই রাজাকারের সন্তান, তুই মুক্তি যোদ্ধাদের হায়াত-মউত নিয়া কথা বলার কে,",বেজন্মা শাহাদাত তুই রাজাকারের সন্তান তুই মুক্তি যোদ্ধাদের হায়াত মউত নিয়া কথা বলার কে,1,0.6179912877367797
5 Post June 2026,5_post_june_2026,2328,সহমত পোষণ করছি ।,সহমত পোষণ করছি,1,0.7996968322854624
5 Post June 2026,5_post_june_2026,2329,Good,good,3,0.5994957795719726
5 Post June 2026,5_post_june_2026,2330,কমেন্টে কিছু চুতিয়া বাঙ্গালীদের দেখলাম যারা থাকে বাংলাদেশে পা চাটে নাপাকস্তানের,কমেন্টে কিছু চুতিয়া বাঙ্গালীদের দেখলাম যারা থাকে বাংলাদেশে পা চাটে নাপাকস্তানের,1,0.6431659728536109
5 Post June 2026,5_post_june_2026,2331,বিএনপি দলে কোন বীর মুক্তিযোদ্ধা নেই ও মুক্তিযোদ্ধা কে মুক্তিযোদ্ধা মন্ত্রী বানিয়েছেন …,বিএনপি দলে কোন বীর মুক্তিযোদ্ধা নেই ও মুক্তিযোদ্ধা কে মুক্তিযোদ্ধা মন্ত্রী বানিয়েছেন,0,0.5830030900570395
5 Post June 2026,5_post_june_2026,2332,আর কত দিবে ২০০০০ হাজার তো পান,আর কত দিবে হাজার তো পান,3,0.5500996431479726
5 Post June 2026,5_post_june_2026,2333,ভাতা বাড়ানো হোক,ভাতা বাড়ানো হোক,3,0.7980634626065691
5 Post June 2026,5_post_june_2026,2334,তারপরো যাদের ভাতা বাড়াতে বলেন তারা আপনাদের মন থেকে চায় না লীগ রে চায়,তারপরো যাদের ভাতা বাড়াতে বলেন তারা আপনাদের মন থেকে চায় না লীগ রে চায়,0,0.6635774655518029
5 Post June 2026,5_post_june_2026,2335,এই চেতনা আর কেউ গিলবে না এই চেতনা বিক্রি করে ৫২ ব্ছর বাংলাদেশের লাখ লাখ মানুষকে গুম খুন করছে এবং প্রকৃত মুক্তিযোদ্ধার নাম বেচে…,এই চেতনা আর কেউ গিলবে না এই চেতনা বিক্রি করে ব্ছর বাংলাদেশের লাখ লাখ মানুষকে গুম খুন করছে এবং প্রকৃত মুক্তিযোদ্ধার নাম বেচে,0,0.9323832345271935
5 Post June 2026,5_post_june_2026,2336,Ap iki.kisu.balbeen Shakh.majibur.rahaman.ke.bad.dia.bingga R.midllel Thake.jia.stirtat.karese .you.nuse.this.,ap iki kisu balbeen shakh majibur rahaman ke bad dia bingga r midllel thake jia stirtat karese you nuse this,0,0.74235456754995
5 Post June 2026,5_post_june_2026,2337,"সময় থাকতে ভালো হয়ে যা, ফজা।",সময় থাকতে ভালো হয়ে যা ফজা,2,0.5079457979758704
5 Post June 2026,5_post_june_2026,2338,সবাই ফজা পাগলার গল্প শুনে যাবেন,সবাই ফজা পাগলার গল্প শুনে যাবেন,0,0.8645952406716925
5 Post June 2026,5_post_june_2026,2339,বানর থেকে মানুষ,বানর থেকে মানুষ,4,0.5999476797744522
5 Post June 2026,5_post_june_2026,2340,ফজু ভাইকে একটু গঞ্জিকা কেউ তৈরি করে দেন,ফজু ভাইকে একটু গঞ্জিকা কেউ তৈরি করে দেন,4,0.8653303580479108
5 Post June 2026,5_post_june_2026,2341,"পেরেছিস তো ইঞ্জিনিয়ারিং করে,",পেরেছিস তো ইঞ্জিনিয়ারিং করে,0,0.2
5 Post June 2026,5_post_june_2026,2342,জোকার কাহাকে বলে ? কত প্রকার ও কি কি ?,জোকার কাহাকে বলে কত প্রকার ও কি কি,1,0.6160269021713439
5 Post June 2026,5_post_june_2026,2343,ফজলু কাকা একটা জিনিসই,ফজলু কাকা একটা জিনিসই,2,0.5978535535959447
5 Post June 2026,5_post_june_2026,2344,জাতি জানে আপনি কি?,জাতি জানে আপনি কি,1,0.7318395693056071
5 Post June 2026,5_post_june_2026,2345,R kono kotha ny?,r kono kotha ny,2,0.7333290692709024
5 Post June 2026,5_post_june_2026,2346,লিগেলে তো আসেন নাই বাটপারি করে আসছেন তার জন্য বলছি হাস বিয়াল লোহু আলেইক ও হাসবিয়াল লোহু নি মাল ওকিল।,লিগেলে তো আসেন নাই বাটপারি করে আসছেন তার জন্য বলছি হাস বিয়াল লোহু আলেইক ও হাসবিয়াল লোহু নি মাল ওকিল,0,0.46517030040298196
5 Post June 2026,5_post_june_2026,2347,ফজু পাগলা একটা কথা ঠিক বলছে সে আগে গ্রামে গ্রামে নাটক করতো এইটা কিন্তু ঠিক সে আগে ও নাটক করতো আর এখনো নাটক করে যাচ্ছে wow কি অসাধারণা অভিনয়,ফজু পাগলা একটা কথা ঠিক বলছে সে আগে গ্রামে গ্রামে নাটক করতো এইটা কিন্তু ঠিক সে আগে ও নাটক করতো আর এখনো নাটক করে যাচ্ছে wow কি অসাধারণা অভিনয়,3,0.4979925989966231
5 Post June 2026,5_post_june_2026,2348,"সবাই একাত্তরেই পরে থাকতে চায়,",সবাই একাত্তরেই পরে থাকতে চায়,1,0.7987887306962833
5 Post June 2026,5_post_june_2026,2349,পাগল একটা এটাকে কথা বলতে দেয় কেনো আমার বুজে আসে না,পাগল একটা এটাকে কথা বলতে দেয় কেনো আমার বুজে আসে না,4,0.654618274396618
5 Post June 2026,5_post_june_2026,2350,এই মুক্তিযুদ্ধেই বাংলাদেশের শেষ করল আর একাত্তরের চেতনা,এই মুক্তিযুদ্ধেই বাংলাদেশের শেষ করল আর একাত্তরের চেতনা,4,0.8387078315047654
5 Post June 2026,5_post_june_2026,2351,হায়রে আগল পাগলের গল্পও শুনতে হয়,হায়রে আগল পাগলের গল্পও শুনতে হয়,3,0.5497014357010738
5 Post June 2026,5_post_june_2026,2352,প্রতিবন্দি একটা,প্রতিবন্দি একটা,0,0.2
5 Post June 2026,5_post_june_2026,2353,পেরেছ চুরি করে,পেরেছ চুরি করে,1,0.5970600796414505
5 Post June 2026,5_post_june_2026,2354,ক্যানবাচার চেতনার ট্যাবলেট বিক্রি হচ্ছে সবাই কিনেন।স্বাধীনতার ৫৫ বছর পরে এই ট্যাবলেট কি মানুষ খায় এখন?,ক্যানবাচার চেতনার ট্যাবলেট বিক্রি হচ্ছে সবাই কিনেন স্বাধীনতার বছর পরে এই ট্যাবলেট কি মানুষ খায় এখন,3,0.3078782449601985
5 Post June 2026,5_post_june_2026,2355,"এটার বক্তব্য শোনার আগেই হা হা রিয়েক্ট দিয়ে দিছি, কারণ জানি পাগলে পাগলামি করা ছাড়া আর কিছুই করতে পারবে না",এটার বক্তব্য শোনার আগেই হা হা রিয়েক্ট দিয়ে দিছি কারণ জানি পাগলে পাগলামি করা ছাড়া আর কিছুই করতে পারবে না,4,0.5642759345170575
5 Post June 2026,5_post_june_2026,2356,এর হলো চেতনা ব্যাবসাহি,এর হলো চেতনা ব্যাবসাহি,1,0.39927791510644667
5 Post June 2026,5_post_june_2026,2357,সালাহউদ্দীন সাহেব গতকাল মনে হয় বলছে দেশে ৮০ লাখ মানুষ মাদক গ্রহণ করে।। আমার মনে হয় ৮০ লাখ মানুষের মাদক এই সালা একাই খাইয়া সংসদে আসে।,সালাহউদ্দীন সাহেব গতকাল মনে হয় বলছে দেশে লাখ মানুষ মাদক গ্রহণ করে আমার মনে হয় লাখ মানুষের মাদক এই সালা একাই খাইয়া সংসদে আসে,3,0.6444854391539049
5 Post June 2026,5_post_june_2026,2358,ওলামা দল আর জমিয়ত এদেরকে সংসদে পাঠাইছে ধিক্কার জমিয়তের প্রতি।,ওলামা দল আর জমিয়ত এদেরকে সংসদে পাঠাইছে ধিক্কার জমিয়তের প্রতি,4,0.6778318414971966
5 Post June 2026,5_post_june_2026,2359,Kius kuttar baccha der Gaye lage unar kotha,kius kuttar baccha der gaye lage unar kotha,2,0.40064557278959495
5 Post June 2026,5_post_june_2026,2360,এই ফটো পাকলে একটি কাফের,এই ফটো পাকলে একটি কাফের,0,0.2
5 Post June 2026,5_post_june_2026,2361,পাগল,পাগল,4,0.5999987330131537
5 Post June 2026,5_post_june_2026,2362,Pagol,pagol,2,0.5999957960249579
5 Post June 2026,5_post_june_2026,2363,কমেডি সংসদ,কমেডি সংসদ,4,0.7284632001333632
5 Post June 2026,5_post_june_2026,2364,ফজলুর রহমান,ফজলুর রহমান,4,0.7333289726812758
5 Post June 2026,5_post_june_2026,2365,ফজা পাগলা,ফজা পাগলা,2,0.7312641893886626
5 Post June 2026,5_post_june_2026,2366,আবার মুক্তিযুদ্ধের নাটক শুরু হচ্ছে নতুন পাগলের আমদানি,আবার মুক্তিযুদ্ধের নাটক শুরু হচ্ছে নতুন পাগলের আমদানি,3,0.8995318146587916
5 Post June 2026,5_post_june_2026,2367,তাহ,তাহ,0,0.2
5 Post June 2026,5_post_june_2026,2368,এ পাগলকে ফ্লোর দেয় কেন?,এ পাগলকে ফ্লোর দেয় কেন,4,0.5967352259504759
5 Post June 2026,5_post_june_2026,2369,পৃথিবী ৫০ বছর এগিয়ে থাকলে বাংলাদেশ ৫০ বছর পিছনে থাকে যার একমাত্র কারণ এই সমস্ত ব্যাকডেটেড নেতারা যাদের আধুনিক বিশ্ব সম্পর্কে…,পৃথিবী বছর এগিয়ে থাকলে বাংলাদেশ বছর পিছনে থাকে যার একমাত্র কারণ এই সমস্ত ব্যাকডেটেড নেতারা যাদের আধুনিক বিশ্ব সম্পর্কে,2,0.5474775609745064
5 Post June 2026,5_post_june_2026,2370,Fuzlu pagol.,fuzlu pagol,2,0.5999957960249579
5 Post June 2026,5_post_june_2026,2371,মুসলমানদের সংস্কৃতি শেখাচ্ছে মাওলানা ফজু ইসলাম।,মুসলমানদের সংস্কৃতি শেখাচ্ছে মাওলানা ফজু ইসলাম,0,0.549397948862556
5 Post June 2026,5_post_june_2026,2372,আবাল,আবাল,3,0.5975914364243665
5 Post June 2026,5_post_june_2026,2373,ফালতু,ফালতু,2,0.5999887468137863
5 Post June 2026,5_post_june_2026,2374,পজা পাগলা,পজা পাগলা,2,0.5994462152901235
5 Post June 2026,5_post_june_2026,2375,এ হালায় আসলে একটা পাগল,এ হালায় আসলে একটা পাগল,4,0.521710819837326
5 Post June 2026,5_post_june_2026,2376,মরার আগে শেষ বয়সে একটা চান্স দিয়েছে তোরে,মরার আগে শেষ বয়সে একটা চান্স দিয়েছে তোরে,2,0.7979508784579481
5 Post June 2026,5_post_june_2026,2377,আবু জাহেল এটা,আবু জাহেল এটা,0,0.2
5 Post June 2026,5_post_june_2026,2378,পাগলা আজকে আবার ক্ষেপেছে,পাগলা আজকে আবার ক্ষেপেছে,3,0.5496247647555722
5 Post June 2026,5_post_june_2026,2379,জনগন খুব ভালো করেই জানে এবং আপনারাও খুব ভালো করে জানেন কেমনে কি হয়েছে তাই ঐগুলো নিয়ে না বলাই বেটার …,জনগন খুব ভালো করেই জানে এবং আপনারাও খুব ভালো করে জানেন কেমনে কি হয়েছে তাই ঐগুলো নিয়ে না বলাই বেটার,3,0.37023175951051196
5 Post June 2026,5_post_june_2026,2380,৭১ না হলেও দেশ স্বাধীন হতো। তবে ভারতের অধীন হয়ে নয়।ফজলুর রহমান সাহেব মুক্তিযোদ্ধা নন।,না হলেও দেশ স্বাধীন হতো তবে ভারতের অধীন হয়ে নয় ফজলুর রহমান সাহেব মুক্তিযোদ্ধা নন,0,0.6131117611630098
5 Post June 2026,5_post_june_2026,2381,ওনার নামটা একটু বলবেন প্লীজ??,ওনার নামটা একটু বলবেন প্লীজ,3,0.798576518986635
5 Post June 2026,5_post_june_2026,2382,ঘুরে ফিরে সেই সোনা'র গল্প ছাড়া আর কিছুই বলতে পারে না,ঘুরে ফিরে সেই সোনা র গল্প ছাড়া আর কিছুই বলতে পারে না,0,0.44102144103476665
5 Post June 2026,5_post_june_2026,2383,He is the vaccination for jamat.,he is the vaccination for jamat,4,0.8394142016147934
5 Post June 2026,5_post_june_2026,2384,পাগলের কি বলে র ছাগলে কি খায়,পাগলের কি বলে র ছাগলে কি খায়,3,0.8388735925803338
5 Post June 2026,5_post_june_2026,2385,good,good,3,0.5994957795719726
5 Post June 2026,5_post_june_2026,2386,ফজা পাগলার নেতৃত্বে সাইকো কমিটি গঠন করা অতি গুরুত্বপূর্ণ,ফজা পাগলার নেতৃত্বে সাইকো কমিটি গঠন করা অতি গুরুত্বপূর্ণ,2,0.884103726171519
5 Post June 2026,5_post_june_2026,2387,Dadader lollipop cuse Engineer kore perece,dadader lollipop cuse engineer kore perece,2,0.5999963603806873
5 Post June 2026,5_post_june_2026,2388,বলদ গুলা আবার হাত তালি দেয়,বলদ গুলা আবার হাত তালি দেয়,4,0.6132749144779056
5 Post June 2026,5_post_june_2026,2389,সংসদে এই বুড়াগুলো যায় গুতাগুতি করতে।,সংসদে এই বুড়াগুলো যায় গুতাগুতি করতে,3,0.7277353101139287
5 Post June 2026,5_post_june_2026,2390,জামাত ইসলাম,জামাত ইসলাম,0,0.7330697875721398
5 Post June 2026,5_post_june_2026,2391,আরে কথায় কথায় মুক্তি যুদ্ধ ৭১ না হলে কি বাংলাদেশ নামে কোনো দেশ হইতো মুক্তি যুদ্ধ সবার মনে আছে এটা বার বার প্রতি বলা লাগে ন…,আরে কথায় কথায় মুক্তি যুদ্ধ না হলে কি বাংলাদেশ নামে কোনো দেশ হইতো মুক্তি যুদ্ধ সবার মনে আছে এটা বার বার প্রতি বলা লাগে ন,3,0.8734265104915355
5 Post June 2026,5_post_june_2026,2392,এই পাগলায় বাজেটের আলোচনায় গোবরের কিচ্চা ডুকিয়ে দিছে,এই পাগলায় বাজেটের আলোচনায় গোবরের কিচ্চা ডুকিয়ে দিছে,3,0.4001301009497374
5 Post June 2026,5_post_june_2026,2393,মরার আগে ফজা পাগলা ভালো হবে না এটা নিশ্চিত,মরার আগে ফজা পাগলা ভালো হবে না এটা নিশ্চিত,2,0.8375742369980944
5 Post June 2026,5_post_june_2026,2394,তাও চুরি করে,তাও চুরি করে,4,0.39974841981753906
5 Post June 2026,5_post_june_2026,2395,রাম ছাগল,রাম ছাগল,3,0.5999957569252645
5 Post June 2026,5_post_june_2026,2396,এত ছাগল সংসদে কিভাবে গেল?,এত ছাগল সংসদে কিভাবে গেল,3,0.6856192026683523
5 Post June 2026,5_post_june_2026,2397,আবার কাঁপায় দিল বীর মুক্তিযোদ্ধা ছেলে ওঠ আপনাকে,আবার কাঁপায় দিল বীর মুক্তিযোদ্ধা ছেলে ওঠ আপনাকে,0,0.5671269036465238
5 Post June 2026,5_post_june_2026,2398,অসাধারণ বক্তব্য সত্য কথা বলার জন্য আপনাকে এত ভালবাসি,অসাধারণ বক্তব্য সত্য কথা বলার জন্য আপনাকে এত ভালবাসি,0,0.5652154366442514
5 Post June 2026,5_post_june_2026,2399,ফজলুল রহমান বাংলাদেশের মহা সাগর তার মতো কাউকে তুলনা করলে ভুল হবে আমি উনাকে সবসময় শ্রদ্ধা নিবেদন করি আপনাকে বাংলাদেশের মহা সা…,ফজলুল রহমান বাংলাদেশের মহা সাগর তার মতো কাউকে তুলনা করলে ভুল হবে আমি উনাকে সবসময় শ্রদ্ধা নিবেদন করি আপনাকে বাংলাদেশের মহা সা,4,0.9521382768108073
5 Post June 2026,5_post_june_2026,2400,মানুষ পাগল হলে রশি দিয়ে বাঁধে।রশি পাগল হলে কি দিয়ে বাঁধে?,মানুষ পাগল হলে রশি দিয়ে বাঁধে রশি পাগল হলে কি দিয়ে বাঁধে,4,0.8995674818006258
5 Post June 2026,5_post_june_2026,2401,Madarcod raa shudu chetoo na niee thake,madarcod raa shudu chetoo na niee thake,2,0.7329169457915117
5 Post June 2026,5_post_june_2026,2402,খানকির পুয়া তুই এগুলো ছাড়া কোন কথা নাই মাদারিচোত শুধু মুক্তিযোদ্ধা মুক্তিযোদ্ধা মাদারিসুদ,খানকির পুয়া তুই এগুলো ছাড়া কোন কথা নাই মাদারিচোত শুধু মুক্তিযোদ্ধা মুক্তিযোদ্ধা মাদারিসুদ,3,0.49207127640512777
5 Post June 2026,5_post_june_2026,2403,ফজা মেন্টাল,ফজা মেন্টাল,0,0.5969552402976811
5 Post June 2026,5_post_june_2026,2404,ফজার ধারণ ফজিলত পূর্ণ আলোচনা,ফজার ধারণ ফজিলত পূর্ণ আলোচনা,2,0.5994813964003661
5 Post June 2026,5_post_june_2026,2405,আসলেই পাগল,আসলেই পাগল,4,0.7322664401134393
5 Post June 2026,5_post_june_2026,2406,আগে ভালো ছিল,আগে ভালো ছিল,4,0.5964827645868636
5 Post June 2026,5_post_june_2026,2407,ফজু পাগলা,ফজু পাগলা,2,0.7328869241704286
5 Post June 2026,5_post_june_2026,2408,কিছু কথা ভালো বলে পরে আবার উল্টো পাল্টা বলে ফেলে,কিছু কথা ভালো বলে পরে আবার উল্টো পাল্টা বলে ফেলে,3,0.8641174591384143
5 Post June 2026,5_post_june_2026,2409,কি চেতনা পাইছে খাবার বসলেও সংসদে ঐএকই ভাংগা রেকর্ড,কি চেতনা পাইছে খাবার বসলেও সংসদে ঐএকই ভাংগা রেকর্ড,4,0.7937794127693991
5 Post June 2026,5_post_june_2026,2410,এগুলো কি হচ্ছে,এগুলো কি হচ্ছে,3,0.5999950257043476
5 Post June 2026,5_post_june_2026,2411,"অশিক্ষিত বোকা,,",অশিক্ষিত বোকা,3,0.5983749670962278
5 Post June 2026,5_post_june_2026,2412,চোর চুরি করেই স্বীকার করে না ফজু পাগলা,চোর চুরি করেই স্বীকার করে না ফজু পাগলা,2,0.5022422076609117
5 Post June 2026,5_post_june_2026,2413,ফজু পাগলার বক্তব্যের সমুচিত জবাব দেয়ার জন্য আহ্বান জানাচ্ছি।,ফজু পাগলার বক্তব্যের সমুচিত জবাব দেয়ার জন্য আহ্বান জানাচ্ছি,4,0.8845660402869556
5 Post June 2026,5_post_june_2026,2414,ফজলু পাগলার কথায় যারা টেবিল চাপড়ায় তারা -----।,ফজলু পাগলার কথায় যারা টেবিল চাপড়ায় তারা,2,0.8371604936174375
5 Post June 2026,5_post_june_2026,2415,রাজাকারের এন্টিবায়োটিক ফজলুর রহমান...,রাজাকারের এন্টিবায়োটিক ফজলুর রহমান,4,0.7998747168254419
5 Post June 2026,5_post_june_2026,2416,সেলুট বীর মুক্তিযোদ্ধা মাননীয় সংসদ সদস্য জনাব ফজলুর রহমান আপনাকে।,সেলুট বীর মুক্তিযোদ্ধা মাননীয় সংসদ সদস্য জনাব ফজলুর রহমান আপনাকে,4,0.5146861386627951
5 Post June 2026,5_post_june_2026,2417,চুরি কইরা মানুষের কাছে সম্মান পাইলেও নিজেকে নিজে সম্মান দিতে পারবেন না,চুরি কইরা মানুষের কাছে সম্মান পাইলেও নিজেকে নিজে সম্মান দিতে পারবেন না,1,0.4989532216272638
5 Post June 2026,5_post_june_2026,2418,ফজু পাগলা বলে কথা,ফজু পাগলা বলে কথা,2,0.5497038016037131
5 Post June 2026,5_post_june_2026,2419,লজ্জা লাগে না বাকিরা হাসে কিভাবে।গান বাজনা কি ইসলামে হারাম করেনি তাহলে বাকি সদস্যরা হাসে কিবাবে।একজন নাফরমানি বেক্তি সংসদে স্থ…,লজ্জা লাগে না বাকিরা হাসে কিভাবে গান বাজনা কি ইসলামে হারাম করেনি তাহলে বাকি সদস্যরা হাসে কিবাবে একজন নাফরমানি বেক্তি সংসদে স্থ,0,0.93779398670711
5 Post June 2026,5_post_june_2026,2420,ফজু পাগলারে পাবনা পাঠান,ফজু পাগলারে পাবনা পাঠান,4,0.7979583000769719
5 Post June 2026,5_post_june_2026,2421,হালার মাথায় যত সব দুই নাম্বারি,হালার মাথায় যত সব দুই নাম্বারি,1,0.40621465070314794
5 Post June 2026,5_post_june_2026,2422,শরম করে না ফজু পাগলা,শরম করে না ফজু পাগলা,2,0.799674517530937
5 Post June 2026,5_post_june_2026,2423,ভুয়া মুক্তিযোদ্ধা ফজা পাগলা,ভুয়া মুক্তিযোদ্ধা ফজা পাগলা,0,0.8371064009376694
5 Post June 2026,5_post_june_2026,2424,Indian Dalal,indian dalal,4,0.599990614407877
5 Post June 2026,5_post_june_2026,2425,পাগলা,পাগলা,2,0.5994462152901235
5 Post June 2026,5_post_june_2026,2426,ফজা পাগলারায় জাতীয় সংসদে সার্কাস বানিয়ে দিয়েছে,ফজা পাগলারায় জাতীয় সংসদে সার্কাস বানিয়ে দিয়েছে,0,0.883656380305072
5 Post June 2026,5_post_june_2026,2427,উচিত কথা বললে জামায়াতিদের সহে না চেত করে উঠে,উচিত কথা বললে জামায়াতিদের সহে না চেত করে উঠে,0,0.5512257893331622
5 Post June 2026,5_post_june_2026,2428,তুই তো ফজা পাগলা পাবনায় অনেক সিট খালি আছে,তুই তো ফজা পাগলা পাবনায় অনেক সিট খালি আছে,0,0.8649032461895436
5 Post June 2026,5_post_june_2026,2429,পাগল যখন সাংসদ সদস্য।,পাগল যখন সাংসদ সদস্য,4,0.7991720857063431
5 Post June 2026,5_post_june_2026,2430,ফজা পাগলা,ফজা পাগলা,2,0.7312641893886626
5 Post June 2026,5_post_june_2026,2431,বন্ধু ফাজু পাগল,বন্ধু ফাজু পাগল,4,0.40017933995046945
5 Post June 2026,5_post_june_2026,2432,মুক্তিযোদ্ধারা মুক্তিযুদ্ধকে অপমান করে স্বাধীনতার 56 বছর পর গণতান্ত্রিক দেশে স্বাধীনতার দেশে সংসদে মনে হয় মুক্তিযুদ্ধ চলতেছে,মুক্তিযোদ্ধারা মুক্তিযুদ্ধকে অপমান করে স্বাধীনতার বছর পর গণতান্ত্রিক দেশে স্বাধীনতার দেশে সংসদে মনে হয় মুক্তিযুদ্ধ চলতেছে,3,0.9325169837614372
5 Post June 2026,5_post_june_2026,2433,জাতীয় মুক্তিযোদ্ধা বিক্রেতা।,জাতীয় মুক্তিযোদ্ধা বিক্রেতা,0,0.728951911631982
5 Post June 2026,5_post_june_2026,2434,পাগল,পাগল,4,0.5999987330131537
5 Post June 2026,5_post_june_2026,2435,কোথায় থেকে যে আসে এরা,কোথায় থেকে যে আসে এরা,1,0.4000417025749972
5 Post June 2026,5_post_june_2026,2436,ফজু পাগল,ফজু পাগল,4,0.7282291950052127
5 Post June 2026,5_post_june_2026,2437,Boia boia,boia boia,0,0.2
5 Post June 2026,5_post_june_2026,2438,বোয়া মুক্তিযোদ্ধা,বোয়া মুক্তিযোদ্ধা,0,0.5995932008113164
5 Post June 2026,5_post_june_2026,2439,"আপনার নেক হায়াত কামনা করি,",আপনার নেক হায়াত কামনা করি,1,0.8385194693248329
5 Post June 2026,5_post_june_2026,2440,এসব শোনার জন্য সংসদে এত টাকা খরচ করেন না এক ে কত লক্ষ টাকা খরচ হয় এ পাগল নিজেও জানে না,এসব শোনার জন্য সংসদে এত টাকা খরচ করেন না এক ে কত লক্ষ টাকা খরচ হয় এ পাগল নিজেও জানে না,2,0.7982120442985996
5 Post June 2026,5_post_june_2026,2441,পাগল কথা বলে সাথে থাকা পাগল গুলো তালি দেয়,পাগল কথা বলে সাথে থাকা পাগল গুলো তালি দেয়,4,0.6001087986051963
5 Post June 2026,5_post_june_2026,2442,ভারত এগিয়ে যায় পরিকল্পনা নিয়ে আর বাংলাদেশ পিছিয়ে যায় চেতনা দিয়ে।,ভারত এগিয়ে যায় পরিকল্পনা নিয়ে আর বাংলাদেশ পিছিয়ে যায় চেতনা দিয়ে,4,0.8640920201802212
5 Post June 2026,5_post_june_2026,2443,Pagol,pagol,2,0.5999957960249579
5 Post June 2026,5_post_june_2026,2444,ফজু পাগলা,ফজু পাগলা,2,0.7328869241704286
5 Post June 2026,5_post_june_2026,2445,চোর সুমুন্দিরা,চোর সুমুন্দিরা,4,0.5999945609666961
5 Post June 2026,5_post_june_2026,2446,এক ছাগলের বক্তব্যে টেবিল চাপড়াচ্ছে অন্যান্য ছাগলেরা!,এক ছাগলের বক্তব্যে টেবিল চাপড়াচ্ছে অন্যান্য ছাগলেরা,2,0.7323144278005637
5 Post June 2026,5_post_june_2026,2447,তোর মত এরকম হিংস্র হারামখোর নাস্তিক আমি আর দেখি নাই,তোর মত এরকম হিংস্র হারামখোর নাস্তিক আমি আর দেখি নাই,4,0.55740773147927
5 Post June 2026,5_post_june_2026,2448,ফজা পাগলারে কেউ সংসদের থেকে জুতা মেরে বের করে দেয় না কেন,ফজা পাগলারে কেউ সংসদের থেকে জুতা মেরে বের করে দেয় না কেন,4,0.8815248045779581
5 Post June 2026,5_post_june_2026,2449,কিসরগঞ্জ এর মানুস বদাই না হইলে অর মত বিশকুলাজ্ঞার রে আর ভুয়া মুক্তিযুদ্ধআ রে ভোট দেয়।,কিসরগঞ্জ এর মানুস বদাই না হইলে অর মত বিশকুলাজ্ঞার রে আর ভুয়া মুক্তিযুদ্ধআ রে ভোট দেয়,0,0.8642266387771845
5 Post June 2026,5_post_june_2026,2450,"মুক্তিযুদ্ধ শ্রেষ্ঠ অর্জন, এটা কেউ অস্বীকার করে না। কিন্তু গত ৫৪ বছরে মুক্তিযুদ্ধ ও স্বাধীনতার লক্ষ্য উদ্দেশ্য বাস্তবায়ন না ক…",মুক্তিযুদ্ধ শ্রেষ্ঠ অর্জন এটা কেউ অস্বীকার করে না কিন্তু গত বছরে মুক্তিযুদ্ধ ও স্বাধীনতার লক্ষ্য উদ্দেশ্য বাস্তবায়ন না ক,3,0.9100981209357536
5 Post June 2026,5_post_june_2026,2451,মুক্তি ছোদার কথা আর কতো কাল শুনতে হবে বোকা ছোদা বাংগালী কে?,মুক্তি ছোদার কথা আর কতো কাল শুনতে হবে বোকা ছোদা বাংগালী কে,3,0.8647093749449346
5 Post June 2026,5_post_june_2026,2452,"বাল এর একটা পাইছে যুদ্ধ যুদ্ধ,পৃথিবীর আর কোন দেশে যুদ্ধ হয় নাই?নাকি পৃথিবীর আর কোন দেশ স্বাধীন হইছে না?শুধু কি বাংলাদেশই স্বাধীন হইছে?",বাল এর একটা পাইছে যুদ্ধ যুদ্ধ পৃথিবীর আর কোন দেশে যুদ্ধ হয় নাই নাকি পৃথিবীর আর কোন দেশ স্বাধীন হইছে না শুধু কি বাংলাদেশই স্বাধীন হইছে,3,0.9494875365422347
5 Post June 2026,5_post_june_2026,2453,"সেই ফজু পাগলা, লক্ষ লক্ষ টাকা জনগণের ব্যয় করে সংসদে সেই পঁচা গান্ধা কথা, যাদের কোন যোগ্যতা নাই তারা শুধু বাটপারি কথা বার্তা ৭১…",সেই ফজু পাগলা লক্ষ লক্ষ টাকা জনগণের ব্যয় করে সংসদে সেই পঁচা গান্ধা কথা যাদের কোন যোগ্যতা নাই তারা শুধু বাটপারি কথা বার্তা,2,0.9419659735944237
5 Post June 2026,5_post_june_2026,2454,ঐ নাটকের ষ্টেজেই মনে হয় তর মতো ফজু পাগলার জন্ম হয়।,ঐ নাটকের ষ্টেজেই মনে হয় তর মতো ফজু পাগলার জন্ম হয়,4,0.8834871682240787
5 Post June 2026,5_post_june_2026,2455,"জোকার , বাটপার, পাগল হিসেবে পরিচয় পেয়ে গেছেন।",জোকার বাটপার পাগল হিসেবে পরিচয় পেয়ে গেছেন,1,0.5773947835098747
5 Post June 2026,5_post_june_2026,2456,এই ফজা পাগল একটা বিয়াদপ,এই ফজা পাগল একটা বিয়াদপ,4,0.44464372261273327
5 Post June 2026,5_post_june_2026,2457,বদমাইশ বালের মুক্তিযোদ্ধা পাগল একটা,বদমাইশ বালের মুক্তিযোদ্ধা পাগল একটা,4,0.5497740570294758
5 Post June 2026,5_post_june_2026,2458,এই প্রতিবন্ধী এমপি ভারতের দালাল কি সুন্দর করে হিন্দুদের ধর্মীয় অনু শাসন প্রশংসা করল।কিন্তু ভারতে যখন আমাদের মুসলিম ভাই বোনদের…,এই প্রতিবন্ধী এমপি ভারতের দালাল কি সুন্দর করে হিন্দুদের ধর্মীয় অনু শাসন প্রশংসা করল কিন্তু ভারতে যখন আমাদের মুসলিম ভাই বোনদের,0,0.5051622648542421
5 Post June 2026,5_post_june_2026,2459,চোদনারপুতে আছে খালি গুয়া মারামারির তালে।,চোদনারপুতে আছে খালি গুয়া মারামারির তালে,0,0.5984148384164872
5 Post June 2026,5_post_june_2026,2460,"সত্যি এ দেশটা জি'ন্দা নাই! ৫ ই আগস্টের পর থেকেই দেশটা মৃ""ত। ইউনুসের আ'মল দেখেছি, তারেক জিয়ার আমলও দেখছি। …",সত্যি এ দেশটা জি ন্দা নাই ই আগস্টের পর থেকেই দেশটা মৃ ত ইউনুসের আ মল দেখেছি তারেক জিয়ার আমলও দেখছি,4,0.9263091167369408
5 Post June 2026,5_post_june_2026,2461,আসসালামু আলাইকুম আমার আপুর ব্রেস্ট ক্যান্সার (stage 2)। দয়া করে আমার পোস্টটা শেয়ার করে । রিচ হচ্ছে না পোস্টটাতে৷ ভিন্ন টপ…,আসসালামু আলাইকুম আমার আপুর ব্রেস্ট ক্যান্সার stage দয়া করে আমার পোস্টটা শেয়ার করে রিচ হচ্ছে না পোস্টটাতে৷ ভিন্ন টপ,2,0.8660069836462188
5 Post June 2026,5_post_june_2026,2462,"পশু পাগলা এই ছাগলের বাচ্চা শুধু মুক্তিযোদ্ধা নিয়ে লাফালাফি করে, বর্তমানে মুক্তিযুদ্ধের চেয়ে আরো জঘন্য তম ঘটনা ঘটতেছে সেদিকে খেয়াল নাই",পশু পাগলা এই ছাগলের বাচ্চা শুধু মুক্তিযোদ্ধা নিয়ে লাফালাফি করে বর্তমানে মুক্তিযুদ্ধের চেয়ে আরো জঘন্য তম ঘটনা ঘটতেছে সেদিকে খেয়াল নাই,3,0.7512989476384938
5 Post June 2026,5_post_june_2026,2463,পাগল ছাগল কই থেকে আসে,পাগল ছাগল কই থেকে আসে,4,0.44027860697532556
5 Post June 2026,5_post_june_2026,2464,Fake freedom fighter,fake freedom fighter,0,0.2
5 Post June 2026,5_post_june_2026,2465,ফজু পাগলা গাঞ্জা খেয়ে সংসদে যাও আর তাতে গাঞ্জাখোর গুলো হাততালি দেয়। তুমি যে সংস্কৃতির কথা বল সেটা কি মুসলিম সমাজের সংস্কৃতি?,ফজু পাগলা গাঞ্জা খেয়ে সংসদে যাও আর তাতে গাঞ্জাখোর গুলো হাততালি দেয় তুমি যে সংস্কৃতির কথা বল সেটা কি মুসলিম সমাজের সংস্কৃতি,4,0.6382344980181377
5 Post June 2026,5_post_june_2026,2466,হিন্দুরা তাদের দ্বিতীয় আব্বা পেয়ে গেছে এই ফজু পাগলা কে,হিন্দুরা তাদের দ্বিতীয় আব্বা পেয়ে গেছে এই ফজু পাগলা কে,2,0.6400827675059525
5 Post June 2026,5_post_june_2026,2467,ফজু পাগলা ভারতীয় রাজাকার কাউয়া লীগ,ফজু পাগলা ভারতীয় রাজাকার কাউয়া লীগ,0,0.6436534906876501
5 Post June 2026,5_post_june_2026,2468,মুসলিম কখনো হিন্দুদের ধর্মীয় কোন কাজ পছন্দ করতে পারে হয়তো বেইমান নয় তো নাস্তিক,মুসলিম কখনো হিন্দুদের ধর্মীয় কোন কাজ পছন্দ করতে পারে হয়তো বেইমান নয় তো নাস্তিক,3,0.715032391881687
5 Post June 2026,5_post_june_2026,2469,এই শালার পুত বেইমান হয়ে গেছে।,এই শালার পুত বেইমান হয়ে গেছে,4,0.5505396339826069
5 Post June 2026,5_post_june_2026,2470,"সংসদে যেখানে প্রতি ে লক্ষ লক্ষ টাকা খরচ হয়, সেখানে দেশের উন্নয়নের কথা চিন্তা না করে আবোল তাবোল কথা বলে জনগণের টাকা অপব্…",সংসদে যেখানে প্রতি ে লক্ষ লক্ষ টাকা খরচ হয় সেখানে দেশের উন্নয়নের কথা চিন্তা না করে আবোল তাবোল কথা বলে জনগণের টাকা অপব্,2,0.8045078130316978
5 Post June 2026,5_post_june_2026,2471,"শালা শুধু মুক্তি যুদ্ধ বেইচ্ছা খাই, নেশা খুর",শালা শুধু মুক্তি যুদ্ধ বেইচ্ছা খাই নেশা খুর,3,0.8651455985588351
5 Post June 2026,5_post_june_2026,2472,মাথার পুরোটাই গু,মাথার পুরোটাই গু,0,0.2
5 Post June 2026,5_post_june_2026,2473,এই পাগলে মুক্তিযুদ্ধের কথা ছাড়া আর কিছু পায়না নাকি,এই পাগলে মুক্তিযুদ্ধের কথা ছাড়া আর কিছু পায়না নাকি,3,0.8378942514237909
5 Post June 2026,5_post_june_2026,2474,অমানুষ,অমানুষ,0,0.2
5 Post June 2026,5_post_june_2026,2475,এই পাগলের উন্মাদনা দেখার কষ্টের জন্য এরে যারা ঐ আসনে ভোট দিছে তাদের প্রতি ঘৃনা জানাই ৷ প্রতিটা বার এই উন্মাদ কুকুরের মতন ঘেউ …,এই পাগলের উন্মাদনা দেখার কষ্টের জন্য এরে যারা ঐ আসনে ভোট দিছে তাদের প্রতি ঘৃনা জানাই ৷ প্রতিটা বার এই উন্মাদ কুকুরের মতন ঘেউ,3,0.9318275226816745
5 Post June 2026,5_post_june_2026,2476,ফজা পাগলার শব্দ চয়ন এবং হাত ও কোমড নাড়া দেখে মনে হয় নাটকে টেলিসামাদের ঝোকার অভিয় করতো আজ এই ফজা পাগলা সংসদের বারোটা বাঝিয়েছে,ফজা পাগলার শব্দ চয়ন এবং হাত ও কোমড নাড়া দেখে মনে হয় নাটকে টেলিসামাদের ঝোকার অভিয় করতো আজ এই ফজা পাগলা সংসদের বারোটা বাঝিয়েছে,0,0.924745777906649
5 Post June 2026,5_post_june_2026,2477,"Shala shorerr bacca desh ki bave shamorik bave unnotoo kora jave shei shov bisoi niee kotha boll,",shala shorerr bacca desh ki bave shamorik bave unnotoo kora jave shei shov bisoi niee kotha boll,2,0.8399891951343751
5 Post June 2026,5_post_june_2026,2478,শালা নাস্তিক,শালা নাস্তিক,0,0.7288884241001371
5 Post June 2026,5_post_june_2026,2479,ফজু পাগলা,ফজু পাগলা,2,0.7328869241704286
5 Post June 2026,5_post_june_2026,2480,পাগল মাজারে গিয়ে গাঁজা খাও,পাগল মাজারে গিয়ে গাঁজা খাও,4,0.5491191322581518
5 Post June 2026,5_post_june_2026,2481,বোকাচোদার বাচ্চারা আর কত মুক্তিযুদ্ধো চোদায়বি বাইনচোদ সালা এই সব ধনের প্যাচাল বাদ দিয়া দেশ নিয়ে চিন্তা কর দেশের মানুষের কষ্…,বোকাচোদার বাচ্চারা আর কত মুক্তিযুদ্ধো চোদায়বি বাইনচোদ সালা এই সব ধনের প্যাচাল বাদ দিয়া দেশ নিয়ে চিন্তা কর দেশের মানুষের কষ্,4,0.691349180692644
5 Post June 2026,5_post_june_2026,2482,"যুদ্ধের পরে দেশের ভাড়ি বাল ফেলেছো,ছাগল কুথাকার",যুদ্ধের পরে দেশের ভাড়ি বাল ফেলেছো ছাগল কুথাকার,3,0.8361181487288181
5 Post June 2026,5_post_june_2026,2483,"হ্যাঁ আমরা বুক ফুলিয়ে বলতে পারি, তোমাদের নোংরামি, অশ্লীলতা, আর লেংটা অসভ্যতার সংস্কৃতি জামায়াত পছন্দ করে না।",হ্যাঁ আমরা বুক ফুলিয়ে বলতে পারি তোমাদের নোংরামি অশ্লীলতা আর লেংটা অসভ্যতার সংস্কৃতি জামায়াত পছন্দ করে না,0,0.8846789994197749
5 Post June 2026,5_post_june_2026,2484,নাস্তিকের মতো কথা বার্তা পাগল ছাগল,নাস্তিকের মতো কথা বার্তা পাগল ছাগল,4,0.634964393410565
5 Post June 2026,5_post_june_2026,2485,ফজু পাগলা,ফজু পাগলা,2,0.7328869241704286
5 Post June 2026,5_post_june_2026,2486,"এগুলো দিয়ে দেশ সুন্দরভাবে পরিচালনা করা সম্ভব না,,,Date expire হয়ে গেছে",এগুলো দিয়ে দেশ সুন্দরভাবে পরিচালনা করা সম্ভব না date expire হয়ে গেছে,0,0.3775917808568103
5 Post June 2026,5_post_june_2026,2487,সালা একটা বেয়াদব,সালা একটা বেয়াদব,2,0.7333276981514447
5 Post June 2026,5_post_june_2026,2488,আদিম কালে মানুষের মতন তাকে লেকটা করিয়ে রাখা দরকার,আদিম কালে মানুষের মতন তাকে লেকটা করিয়ে রাখা দরকার,2,0.8840871361748217
5 Post June 2026,5_post_june_2026,2489,কিরে ইন্ডিয়ার দালাল ফজু পাগলা একটা মাদারচোদ,কিরে ইন্ডিয়ার দালাল ফজু পাগলা একটা মাদারচোদ,0,0.471483611398753
5 Post June 2026,5_post_june_2026,2490,ফজু পাগলারে কেউ বুঝা সংসদ আজাইরা আলাপ পারার জায়গা না দরকার হলে টকশোতে এসব খেজুরে আলাপ পারুক,ফজু পাগলারে কেউ বুঝা সংসদ আজাইরা আলাপ পারার জায়গা না দরকার হলে টকশোতে এসব খেজুরে আলাপ পারুক,2,0.47970499808050066
5 Post June 2026,5_post_june_2026,2491,ফজু পাগলা,ফজু পাগলা,2,0.7328869241704286
5 Post June 2026,5_post_june_2026,2492,ওর এলাকার কি কোন উন্নায়ন এর কাজ নাই ?? সেই সাওয়ার ৭১ । যারা ওরে ভোট দিছে ওরা বড় গবেট,ওর এলাকার কি কোন উন্নায়ন এর কাজ নাই সেই সাওয়ার যারা ওরে ভোট দিছে ওরা বড় গবেট,3,0.5270623763361796
5 Post June 2026,5_post_june_2026,2493,ফাউল বেয়াদব লোক,ফাউল বেয়াদব লোক,2,0.5499402951116369
5 Post June 2026,5_post_june_2026,2494,জারজ মুক্তি জুদদা,জারজ মুক্তি জুদদা,1,0.5982401987216447
5 Post June 2026,5_post_june_2026,2495,কিশোরগঞ্জের পবিত্র মাটিতে এই জাতীয় মাদারীর কিভাবে জন্ম আমার মাথায় আসেনা।,কিশোরগঞ্জের পবিত্র মাটিতে এই জাতীয় মাদারীর কিভাবে জন্ম আমার মাথায় আসেনা,4,0.5161491558753988
5 Post June 2026,5_post_june_2026,2496,১৬ বছরের বিড়াল যখন কুত্তায় পরিণত হয় তার হুংকার এমন হয়,বছরের বিড়াল যখন কুত্তায় পরিণত হয় তার হুংকার এমন হয়,2,0.8374136023855719
5 Post June 2026,5_post_june_2026,2497,স্রোতের বিপরীতে সত্য কথা বলতে হিম্মত লাগে। যেটা হাসনাতদের পক্ষেই সম্ভব সব সময় পাশে আছি ক্যাপ্টেন Hasnat Abdullah,স্রোতের বিপরীতে সত্য কথা বলতে হিম্মত লাগে যেটা হাসনাতদের পক্ষেই সম্ভব সব সময় পাশে আছি ক্যাপ্টেন hasnat abdullah,0,0.7779820212005074
5 Post June 2026,5_post_june_2026,2498,বলছে কি বুঝলেন কি!,বলছে কি বুঝলেন কি,3,0.5997072100302351
5 Post June 2026,5_post_june_2026,2499,"জুলাইয়ের আগে অনেক নেতাই ইন্দুরের গর্তে ছিলো , জুলাই পরে এখন তারা অনেক বীর নেতা হয়েছে",জুলাইয়ের আগে অনেক নেতাই ইন্দুরের গর্তে ছিলো জুলাই পরে এখন তারা অনেক বীর নেতা হয়েছে,0,0.838431523857948
5 Post June 2026,5_post_june_2026,2500,হাসনাত আবদুল্লাহ চ্যালেঞ্জ দিয়েছে হ্যাডম থাকলে চ্যালেঞ্জ গ্রহণ করুন।,হাসনাত আবদুল্লাহ চ্যালেঞ্জ দিয়েছে হ্যাডম থাকলে চ্যালেঞ্জ গ্রহণ করুন,2,0.8654481011933819
5 Post June 2026,5_post_june_2026,2501,সৎ সাহস থাকলে চ্যালেঞ্জটা নেওয়া উচিত। আপনি চ্যালেঞ্জটা নিয়ে নেন না,সৎ সাহস থাকলে চ্যালেঞ্জটা নেওয়া উচিত আপনি চ্যালেঞ্জটা নিয়ে নেন না,0,0.63622096822388
5 Post June 2026,5_post_june_2026,2502,"“গোবর” এক অদ্ভুত জিনিস, পানিতে গেলে হয় মাছের খাদ্য, চুলায় গেলে হয় জ্বালানি, জমিতে গেলে হয় জৈবসার, আর মস্তিষ্কে গেলে হয় BNP",গোবর এক অদ্ভুত জিনিস পানিতে গেলে হয় মাছের খাদ্য চুলায় গেলে হয় জ্বালানি জমিতে গেলে হয় জৈবসার আর মস্তিষ্কে গেলে হয় bnp,1,0.578165597676382
5 Post June 2026,5_post_june_2026,2503,"কি আর বলব ওরা কথা শুনে নাকি ঘুমে তাকে,, হাসনাত তো তার এলাকার জন্য ঐ চাইচে,",কি আর বলব ওরা কথা শুনে নাকি ঘুমে তাকে হাসনাত তো তার এলাকার জন্য ঐ চাইচে,2,0.5994210613992254
5 Post June 2026,5_post_june_2026,2504,"তর্কের খাতিরে নয়, যুক্তির খাতিরে প্রশ্ন করি—জনগণের করের টাকায় পরিচালিত বাজেট কি কোনো জনপ্রতিনিধির ব্যক্তিগত দান? যদি না হয়, তা…",তর্কের খাতিরে নয় যুক্তির খাতিরে প্রশ্ন করি জনগণের করের টাকায় পরিচালিত বাজেট কি কোনো জনপ্রতিনিধির ব্যক্তিগত দান যদি না হয় তা,2,0.4161823985075415
5 Post June 2026,5_post_june_2026,2505,ভুল ধরা নয়।ভাইরাল হওয়া জরুরী।,ভুল ধরা নয় ভাইরাল হওয়া জরুরী,0,0.7983352766150846
5 Post June 2026,5_post_june_2026,2506,দুর্নীতিতে পাঁচবারের বিশেষ চ্যাম্পিয়নদের মুখে কত নীতির কথা শুনি,দুর্নীতিতে পাঁচবারের বিশেষ চ্যাম্পিয়নদের মুখে কত নীতির কথা শুনি,0,0.5495502998352125
5 Post June 2026,5_post_june_2026,2507,হাসনাত আব্দুল্লাহ বলছে আর ছাগলে খায় কি,হাসনাত আব্দুল্লাহ বলছে আর ছাগলে খায় কি,3,0.8655573952848588
5 Post June 2026,5_post_june_2026,2508,ওয় কি ঘাস খায় নাকি ঘাস ওরে খায়? বুঝি না,ওয় কি ঘাস খায় নাকি ঘাস ওরে খায় বুঝি না,4,0.8389636687405374
5 Post June 2026,5_post_june_2026,2509,হাসনাতের রিপ্লাইটা কই?,হাসনাতের রিপ্লাইটা কই,4,0.3996119230311363
5 Post June 2026,5_post_june_2026,2510,আপনাদের কথা শুনতে ভালোলাগে না হাসনাত আবব্দুল্লার কথা ভালো লাগে,আপনাদের কথা শুনতে ভালোলাগে না হাসনাত আবব্দুল্লার কথা ভালো লাগে,3,0.8644739352792604
5 Post June 2026,5_post_june_2026,2511,প্রশ্ন না বুঝে উত্তর দিলে উত্তর এমন ই হবে,প্রশ্ন না বুঝে উত্তর দিলে উত্তর এমন ই হবে,3,0.7286625290309778
5 Post June 2026,5_post_june_2026,2512,লগের কয়টা যে হুদাই টেবিল থাবরাইতাছে,লগের কয়টা যে হুদাই টেবিল থাবরাইতাছে,2,0.7323345538116602
5 Post June 2026,5_post_june_2026,2513,হঠাৎ ঘুম ভাঙলে যা হয়,হঠাৎ ঘুম ভাঙলে যা হয়,2,0.5974509904402495
5 Post June 2026,5_post_june_2026,2514,কি বলছে নিজেই জানে না,কি বলছে নিজেই জানে না,0,0.3217120435044734
5 Post June 2026,5_post_june_2026,2515,যোগ্যতার চেয়ে বেশি পেয়ে গেলে যা হই কুত্তা কে প্রশ্ন করলো কি আর বললো কি,যোগ্যতার চেয়ে বেশি পেয়ে গেলে যা হই কুত্তা কে প্রশ্ন করলো কি আর বললো কি,2,0.40989929767995775
5 Post June 2026,5_post_june_2026,2516,আরে জোকার দি,আরে জোকার দি,1,0.4003434350119579
5 Post June 2026,5_post_june_2026,2517,হাসনাতের মতো তোরা চ্যালেন্জ দে পারলে,হাসনাতের মতো তোরা চ্যালেন্জ দে পারলে,4,0.640066246445342
5 Post June 2026,5_post_june_2026,2518,Gaya laghsa gaya jala,gaya laghsa gaya jala,0,0.2
5 Post June 2026,5_post_june_2026,2519,হ্লায় কানে কম হুনে,হ্লায় কানে কম হুনে,3,0.3994546711784707
5 Post June 2026,5_post_june_2026,2520,Lawra কথায় বুঝে না কি বলে কি বুঝে,lawra কথায় বুঝে না কি বলে কি বুঝে,3,0.8384160740953606
5 Post June 2026,5_post_june_2026,2521,"হাসনাত আব্দুল্লাহ মত জনপ্রতি হতে হলে আপনাকে আরো ৫০ বছর অপেক্ষা করতে হবে স্যার,,,",হাসনাত আব্দুল্লাহ মত জনপ্রতি হতে হলে আপনাকে আরো বছর অপেক্ষা করতে হবে স্যার,3,0.5655934185404974
5 Post June 2026,5_post_june_2026,2522,ভাইরাল হইতে চাচ্ছে,ভাইরাল হইতে চাচ্ছে,0,0.2
5 Post June 2026,5_post_june_2026,2523,হেতে বলছে কে গাধায় বুঝছে কি,হেতে বলছে কে গাধায় বুঝছে কি,3,0.7321229601263162
5 Post June 2026,5_post_june_2026,2524,"বলছে কি বলে কি,, এই হলো প্রাথমিক বিশ্ববিদ্যালয়ের ছাএ,,",বলছে কি বলে কি এই হলো প্রাথমিক বিশ্ববিদ্যালয়ের ছাএ,3,0.8366566465710018
5 Post June 2026,5_post_june_2026,2525,হাসনাত আব্দুল্লাহ কিন্তু এলাকার জনগণের কথাই বলেছেন!,হাসনাত আব্দুল্লাহ কিন্তু এলাকার জনগণের কথাই বলেছেন,2,0.8660301031625726
5 Post June 2026,5_post_june_2026,2526,Dhur ki bole r ki bujhe,dhur ki bole r ki bujhe,2,0.7999988026224688
5 Post June 2026,5_post_june_2026,2527,সেরা বিএনপি মেম্বার ব…,সেরা বিএনপি মেম্বার ব,1,0.7315968686875414
5 Post June 2026,5_post_june_2026,2528,আবুল যে কত বড় আবুল তার প্রমাণ হাসনাত আবদুল্লাকে আবুল হাসান আবদুল্লাহ বলা...,আবুল যে কত বড় আবুল তার প্রমাণ হাসনাত আবদুল্লাকে আবুল হাসান আবদুল্লাহ বলা,2,0.8841105770415816
5 Post June 2026,5_post_june_2026,2529,হাসনাত আব্দুল্লাহ নিজের জন্য বলেননি। তিনি বলেছেন এলাকার মানুষ এর জন্য।,হাসনাত আব্দুল্লাহ নিজের জন্য বলেননি তিনি বলেছেন এলাকার মানুষ এর জন্য,2,0.6668486534394286
5 Post June 2026,5_post_june_2026,2530,"আমরা বিমপি করি ভাই, আমরা এক একটা ব্রান্দ",আমরা বিমপি করি ভাই আমরা এক একটা ব্রান্দ,4,0.7314386560272128
5 Post June 2026,5_post_june_2026,2531,চুরি করা কবে থেকে ইবাদত হলো,চুরি করা কবে থেকে ইবাদত হলো,1,0.7993167777510592
5 Post June 2026,5_post_june_2026,2532,পরে তো দেখলাম মেও হইয়া গেছে,পরে তো দেখলাম মেও হইয়া গেছে,4,0.4001195301917337
5 Post June 2026,5_post_june_2026,2533,"পুরান পাগলের ভাত নাই,,নতুন পাগলের আমদানি,,",পুরান পাগলের ভাত নাই নতুন পাগলের আমদানি,3,0.8851060016135099
5 Post June 2026,5_post_june_2026,2534,সংসদে বসে মোবাইল টিপলে পুরো কথা বুঝবে কিভাবে..!,সংসদে বসে মোবাইল টিপলে পুরো কথা বুঝবে কিভাবে,0,0.6303997839785821
5 Post June 2026,5_post_june_2026,2535,"কে শোনায় আমানতের খেয়ানতের গল্প,,,",কে শোনায় আমানতের খেয়ানতের গল্প,2,0.5983887783223036
5 Post June 2026,5_post_june_2026,2536,শাক দিয়ে মাছ ডাকার চেষ্টা করলো বি এন পি নেতা হাস্যকর,শাক দিয়ে মাছ ডাকার চেষ্টা করলো বি এন পি নেতা হাস্যকর,1,0.46679032553036326
5 Post June 2026,5_post_june_2026,2537,"বাঘ'কে জবাব দিতে বিড়াল দাড়াইছে হালা বেহুব, হাসনাত কইলো কী আর হে কইলো কী।",বাঘ কে জবাব দিতে বিড়াল দাড়াইছে হালা বেহুব হাসনাত কইলো কী আর হে কইলো কী,1,0.8973673591627713
5 Post June 2026,5_post_june_2026,2538,"জুলাই করে ""ফকিন্নি থেকে কোটিপতি"" এই সিনেমাটি কখনও মুক্তি পাবে না!?",জুলাই করে ফকিন্নি থেকে কোটিপতি এই সিনেমাটি কখনও মুক্তি পাবে না,3,0.7966869808129687
5 Post June 2026,5_post_june_2026,2539,জলে,জলে,0,0.2
5 Post June 2026,5_post_june_2026,2540,"হাসনাত বললো কি,,,আর বেচারা বুঝলো কি",হাসনাত বললো কি আর বেচারা বুঝলো কি,2,0.8392000899039592
5 Post June 2026,5_post_june_2026,2541,হাস্যকর বক্তব্য ছাড়া কিছুই নই,হাস্যকর বক্তব্য ছাড়া কিছুই নই,3,0.8363513109090138
5 Post June 2026,5_post_june_2026,2542,Nije jemon tar cinta vabonao temon,nije jemon tar cinta vabonao temon,0,0.2
5 Post June 2026,5_post_june_2026,2543,হুঙ্কার দিচ্ছে বইয়া,হুঙ্কার দিচ্ছে বইয়া,4,0.5983622928368846
5 Post June 2026,5_post_june_2026,2544,গাধা ছাগল যখন এমপি,গাধা ছাগল যখন এমপি,3,0.3999438151596516
5 Post June 2026,5_post_june_2026,2545,পরে হাসনাত এর রিপ্লাই বক্তব্যতে মুতা বের হয়ে গেছে,পরে হাসনাত এর রিপ্লাই বক্তব্যতে মুতা বের হয়ে গেছে,3,0.5302360452250656
5 Post June 2026,5_post_june_2026,2546,এরকম অহংকারী কথা পুর্ব পুরুষরা বলতো,এরকম অহংকারী কথা পুর্ব পুরুষরা বলতো,4,0.7319153621438588
5 Post June 2026,5_post_june_2026,2547,পাগলচোদা নাকি বলছে কি আর সে বলে কি,পাগলচোদা নাকি বলছে কি আর সে বলে কি,3,0.5450736790405809
5 Post June 2026,5_post_june_2026,2548,বিশ্বাল গানি গণি,বিশ্বাল গানি গণি,0,0.2
5 Post June 2026,5_post_june_2026,2549,"এরা এমপি হয় কি করে, বেডায় কি কইলো …",এরা এমপি হয় কি করে বেডায় কি কইলো,1,0.7960769920181984
5 Post June 2026,5_post_june_2026,2550,যার মনে যা লাফ দিয়ে বলে তা আপনার আসনের টাকা মনে হয় আপনাকেই দেয়া হয় আর টাকাটা কোথায় যায় আপনি ভালোভাবেই জানেন সেই জন্যই …,যার মনে যা লাফ দিয়ে বলে তা আপনার আসনের টাকা মনে হয় আপনাকেই দেয়া হয় আর টাকাটা কোথায় যায় আপনি ভালোভাবেই জানেন সেই জন্যই,1,0.8114824128774172
5 Post June 2026,5_post_june_2026,2551,গাজা খোঁর ধান খেতে ছিলো ১৭ বছর এহোন,গাজা খোঁর ধান খেতে ছিলো বছর এহোন,3,0.798282186329153
5 Post June 2026,5_post_june_2026,2552,হাসনাতে বলো কি আর আর হে হালা কয় কি??,হাসনাতে বলো কি আর আর হে হালা কয় কি,1,0.7985093617821749
5 Post June 2026,5_post_june_2026,2553,শিক্ষার অভাবে আজ এই অবস্থা,শিক্ষার অভাবে আজ এই অবস্থা,3,0.7297056860881901
5 Post June 2026,5_post_june_2026,2554,আপনি তো হাসনাত আব্দুল্লারে এমপি হিসেবে মানেনই না আপনার কথায় তাই প্রমাণ হইল,আপনি তো হাসনাত আব্দুল্লারে এমপি হিসেবে মানেনই না আপনার কথায় তাই প্রমাণ হইল,1,0.8826064792625461
5 Post June 2026,5_post_june_2026,2555,Mp Kane kom sune mone hoi,mp kane kom sune mone hoi,2,0.4006214647092058
5 Post June 2026,5_post_june_2026,2556,কথার কোন আগামাথা নাই এটা কোন উত্তর হল. হাসনাত আব্দুল্লাহর প্রশ্নের এই উত্তর উপযুক্ত নয় প্রিয়,কথার কোন আগামাথা নাই এটা কোন উত্তর হল হাসনাত আব্দুল্লাহর প্রশ্নের এই উত্তর উপযুক্ত নয় প্রিয়,3,0.9268580850886676
5 Post June 2026,5_post_june_2026,2557,হাসনাত যখন কথা বলছে হালায় মনে হয় ঘুমায়া ছিলো,হাসনাত যখন কথা বলছে হালায় মনে হয় ঘুমায়া ছিলো,3,0.838522804401518
5 Post June 2026,5_post_june_2026,2558,"হালায় মনে গাঞ্জা খাইয়া সংসদে গেছে, হাসনাত কইলো আর সোদানি বুঝলো কি",হালায় মনে গাঞ্জা খাইয়া সংসদে গেছে হাসনাত কইলো আর সোদানি বুঝলো কি,3,0.8986719962981701
5 Post June 2026,5_post_june_2026,2559,Viral হতে আসছে!,viral হতে আসছে,0,0.7314298758649764
5 Post June 2026,5_post_june_2026,2560,লুচ্চা এখন সাংসদ,লুচ্চা এখন সাংসদ,0,0.5975690331596382
5 Post June 2026,5_post_june_2026,2561,বাবা খেয়ে সংসদে আসলে বলে একটা সুনে আরেক টা।,বাবা খেয়ে সংসদে আসলে বলে একটা সুনে আরেক টা,0,0.897301123386261
5 Post June 2026,5_post_june_2026,2562,এগুলা নেতা হয় কেম্নে,এগুলা নেতা হয় কেম্নে,1,0.7296009398114235
5 Post June 2026,5_post_june_2026,2563,ছাগল যখন না বুঝে ভ্যাঁ ভ্যাঁ করে,ছাগল যখন না বুঝে ভ্যাঁ ভ্যাঁ করে,3,0.7327427238669697
5 Post June 2026,5_post_june_2026,2564,কিন্তু আপনি তো মাছ বাজার থেকে চান্দা তুলেন,কিন্তু আপনি তো মাছ বাজার থেকে চান্দা তুলেন,2,0.7290845412545389
5 Post June 2026,5_post_june_2026,2565,"তদের এমপি কোন হালায় বানাইছে, তদের জন্য শেখ হাসিনাই ভালো ছিলো",তদের এমপি কোন হালায় বানাইছে তদের জন্য শেখ হাসিনাই ভালো ছিলো,0,0.4856702702318516
5 Post June 2026,5_post_june_2026,2566,"কি বালে নেতা, টক্কর দিচ্ছে হাসনাতের সাথে",কি বালে নেতা টক্কর দিচ্ছে হাসনাতের সাথে,4,0.7985621453775555
5 Post June 2026,5_post_june_2026,2567,"হাসনাত আব্দুল্লাহ কখন বললো বাজেট তাকে দেওয়ার কথা, ওনি তো জনগণের কথায় বললো",হাসনাত আব্দুল্লাহ কখন বললো বাজেট তাকে দেওয়ার কথা ওনি তো জনগণের কথায় বললো,2,0.9266717964761116
5 Post June 2026,5_post_june_2026,2568,হাসনাত বলেছিল কি আর এই গরু বলছে কি,হাসনাত বলেছিল কি আর এই গরু বলছে কি,3,0.5496309528553693
5 Post June 2026,5_post_june_2026,2569,এ দেখি বাইতুল মোকারামের ঈমাম সাহেব,এ দেখি বাইতুল মোকারামের ঈমাম সাহেব,4,0.7321047682261818
5 Post June 2026,5_post_june_2026,2570,হয়তো হাসনাতের বক্তব্যের সময় ঘুমিয়েছিলো তাই আধো আধো শুনছে। ঘুমানো বাদ দিয়ে মনোযোগ দিয়ে কথা শুনলে আর এমন বলতো না।,হয়তো হাসনাতের বক্তব্যের সময় ঘুমিয়েছিলো তাই আধো আধো শুনছে ঘুমানো বাদ দিয়ে মনোযোগ দিয়ে কথা শুনলে আর এমন বলতো না,4,0.9102111000327132
5 Post June 2026,5_post_june_2026,2571,হাসনাত আবদুল বললো কি হালায় বুঝলো কি,হাসনাত আবদুল বললো কি হালায় বুঝলো কি,3,0.4444689280419777
5 Post June 2026,5_post_june_2026,2572,হাসনাত আব্দুল্লাহ কি বলছে আর এই মাথামোটায় কি বলে,হাসনাত আব্দুল্লাহ কি বলছে আর এই মাথামোটায় কি বলে,3,0.8383309566747921
5 Post June 2026,5_post_june_2026,2573,অর্ধেক কথা শুনে কুকুরের হুংকার দিলে যায় হয় আরকি.....,অর্ধেক কথা শুনে কুকুরের হুংকার দিলে যায় হয় আরকি,1,0.7962456794567155
5 Post June 2026,5_post_june_2026,2574,"সে নিজে চাইনি তো আপনার পুনরায় তাঁর বক্তব্য শোনা উচিত,",সে নিজে চাইনি তো আপনার পুনরায় তাঁর বক্তব্য শোনা উচিত,0,0.6984411043084865
5 Post June 2026,5_post_june_2026,2575,জোকার,জোকার,1,0.5999989368035552
5 Post June 2026,5_post_june_2026,2576,"উনি ঘুমিয়ে স্বপ্ন দেখছিলেন তাই হাসনাত আব্দুল্লাহ বক্তব্যে বলেছে কি আর উনি শুনেছেন কি,,",উনি ঘুমিয়ে স্বপ্ন দেখছিলেন তাই হাসনাত আব্দুল্লাহ বক্তব্যে বলেছে কি আর উনি শুনেছেন কি,2,0.8391953641048515
5 Post June 2026,5_post_june_2026,2577,আমার এলাকার কিছু দানির পোলা দল কালা এগুলো দেখেনা,আমার এলাকার কিছু দানির পোলা দল কালা এগুলো দেখেনা,3,0.8374055252030005
5 Post June 2026,5_post_june_2026,2578,এই ভোদাই রে সংসদে পাঠাইলো কোন গরুরা,এই ভোদাই রে সংসদে পাঠাইলো কোন গরুরা,3,0.7291306304869906
5 Post June 2026,5_post_june_2026,2579,17 বছর এইসব ছাগলের দেখা মাঠে-ঘাটে হাঁটে কোথাও মিলেনি।,বছর এইসব ছাগলের দেখা মাঠে ঘাটে হাঁটে কোথাও মিলেনি,2,0.8831907190868622
5 Post June 2026,5_post_june_2026,2580,এরা বুঝতে চাই কম চিল্লাই বেশি।,এরা বুঝতে চাই কম চিল্লাই বেশি,3,0.5076485862489692
5 Post June 2026,5_post_june_2026,2581,পাগলে কিনা বলে ছাগলে কি না খায়,পাগলে কিনা বলে ছাগলে কি না খায়,3,0.8657340590821881
5 Post June 2026,5_post_june_2026,2582,"একজন মানুষের বাড়িতে অগ্নিসংযোগ বা হামলা কোনোভাবেই গ্রহণযোগ্য নয়। মতভেদ থাকতে পারে, কিন্তু সহিংসতা কখনো সমাধান হতে পারে না। আ…",একজন মানুষের বাড়িতে অগ্নিসংযোগ বা হামলা কোনোভাবেই গ্রহণযোগ্য নয় মতভেদ থাকতে পারে কিন্তু সহিংসতা কখনো সমাধান হতে পারে না আ,3,0.9267558141101606
5 Post June 2026,5_post_june_2026,2583,এমনা পড়তে সময় লাগবে পেট্রোল ঢেলে দিয়ে পুরো তাড়াতাড়ি হব বুঝছো,এমনা পড়তে সময় লাগবে পেট্রোল ঢেলে দিয়ে পুরো তাড়াতাড়ি হব বুঝছো,0,0.8383996406540419
5 Post June 2026,5_post_june_2026,2584,ফাঁকা মাঠে তারাই খেলে যারা দূর্বল। এটা কোন হেডাম হলো??,ফাঁকা মাঠে তারাই খেলে যারা দূর্বল এটা কোন হেডাম হলো,3,0.8988197346906814
5 Post June 2026,5_post_june_2026,2585,আহা আসবে নাকি পালাবে,আহা আসবে নাকি পালাবে,4,0.7967819674156842
5 Post June 2026,5_post_june_2026,2586,সমুদ্রে জোয়ার ভাটা দুটোই হবে,সমুদ্রে জোয়ার ভাটা দুটোই হবে,0,0.2
5 Post June 2026,5_post_june_2026,2587,এটা হলো ইনসাফের বিচার,এটা হলো ইনসাফের বিচার,1,0.7328560563067178
5 Post June 2026,5_post_june_2026,2588,আলহামদুলিল্লাহ এরাই প্রকৃত মুক্তিযুদ্ধ,আলহামদুলিল্লাহ এরাই প্রকৃত মুক্তিযুদ্ধ,4,0.5476258112635873
5 Post June 2026,5_post_june_2026,2589,জুয়ার টাকা পায়নাই তাই,জুয়ার টাকা পায়নাই তাই,3,0.5984973262694048
5 Post June 2026,5_post_june_2026,2590,সাব্বাশ,সাব্বাশ,0,0.2
5 Post June 2026,5_post_june_2026,2591,এটা যদি সত্য হয়ে থাকে তবে এটা ঠিক না,এটা যদি সত্য হয়ে থাকে তবে এটা ঠিক না,2,0.3748324094307149
5 Post June 2026,5_post_june_2026,2592,"কর বেশি করে কর,পীপিলিকার পাখা গজায় মরিবার তরে",কর বেশি করে কর পীপিলিকার পাখা গজায় মরিবার তরে,4,0.7979424454815248
5 Post June 2026,5_post_june_2026,2593,"বিশ্ব মিডিয়া যাকে চেনে বাংলাদেশকে আন্তর্জাতিক অঙ্গনে পরিচিত করার কারিগর হিসেবে, সেই অলরাউন্ডার সাকিব আল হাসানের মাগুরার বাড়িতে…",বিশ্ব মিডিয়া যাকে চেনে বাংলাদেশকে আন্তর্জাতিক অঙ্গনে পরিচিত করার কারিগর হিসেবে সেই অলরাউন্ডার সাকিব আল হাসানের মাগুরার বাড়িতে,2,0.46327257491007356
5 Post June 2026,5_post_june_2026,2594,আলহামদুলিল্লাহ,আলহামদুলিল্লাহ,4,0.5999992544339399
5 Post June 2026,5_post_june_2026,2595,যা হবার তাই হচ্ছে চিন্তার কোনও কিছুই নেই ভাই,যা হবার তাই হচ্ছে চিন্তার কোনও কিছুই নেই ভাই,4,0.7975728664553592
5 Post June 2026,5_post_june_2026,2596,এসব কাজ একমাত্র টোকাইরা করতে পারে।,এসব কাজ একমাত্র টোকাইরা করতে পারে,4,0.45572230260583635
5 Post June 2026,5_post_june_2026,2597,কারো বাড়ি ঘরে হামলা করা ঠিক না আইন নিজের হাতে তুলে নিবেন না,কারো বাড়ি ঘরে হামলা করা ঠিক না আইন নিজের হাতে তুলে নিবেন না,2,0.8110499639652242
5 Post June 2026,5_post_june_2026,2598,এর তীব্র নিন্দা জানায়। দল একজন মানুষ করতেই পারে আপনার য়দি কোন অন্যায় না করে কেন তার বাড়ি ভাংচুর আগুন দিয়ে পুড়িয়ে দিবেন।,এর তীব্র নিন্দা জানায় দল একজন মানুষ করতেই পারে আপনার য়দি কোন অন্যায় না করে কেন তার বাড়ি ভাংচুর আগুন দিয়ে পুড়িয়ে দিবেন,4,0.5397165869799321
5 Post June 2026,5_post_june_2026,2599,"আজ তাদের,, কাল ওদের বাড়িতে আর আমরা শুধু চেয়ে চেয়ে দেখবো,,,তুমি যা শিখাইবা প্রতিদান হিসেবে তোমাকে ই পিরত নিতে হবে,, এটি বাংলাদেশের সিস্টেম",আজ তাদের কাল ওদের বাড়িতে আর আমরা শুধু চেয়ে চেয়ে দেখবো তুমি যা শিখাইবা প্রতিদান হিসেবে তোমাকে ই পিরত নিতে হবে এটি বাংলাদেশের সিস্টেম,4,0.930962646385263
5 Post June 2026,5_post_june_2026,2600,Balo korche,balo korche,2,0.5988587488075526
5 Post June 2026,5_post_june_2026,2601,এত বছর বাংলাদেশে পেট্রল বোমা তাহলে বিএনপি জামাতের লোকজনই ব্যবহার করত? এটা এখন প্রমাণিত!,এত বছর বাংলাদেশে পেট্রল বোমা তাহলে বিএনপি জামাতের লোকজনই ব্যবহার করত এটা এখন প্রমাণিত,3,0.6617057829309443
5 Post June 2026,5_post_june_2026,2602,এই ঘটনার তীব্র নিন্দা ও প্রতিবাদ জানাচ্ছি,এই ঘটনার তীব্র নিন্দা ও প্রতিবাদ জানাচ্ছি,4,0.8399984053238646
5 Post June 2026,5_post_june_2026,2603,পাগলের সুখ মনে মনে,পাগলের সুখ মনে মনে,3,0.7963830772058662
5 Post June 2026,5_post_june_2026,2604,আপা আজ সাকিবকে লীগের শীর্ষ স্থানীয় নেতা বানিয়ে তার বাঁশ ঢুকালেন -আজ যারা এসব করছে তাদের বাড়ি ঘর মনে হয় নাই,আপা আজ সাকিবকে লীগের শীর্ষ স্থানীয় নেতা বানিয়ে তার বাঁশ ঢুকালেন আজ যারা এসব করছে তাদের বাড়ি ঘর মনে হয় নাই,0,0.6023183544721453
5 Post June 2026,5_post_june_2026,2605,"এই শালা একটা লোভী,,তার আর কত টাকার প্রয়োজন,,,",এই শালা একটা লোভী তার আর কত টাকার প্রয়োজন,4,0.8364636945560389
5 Post June 2026,5_post_june_2026,2606,তাতে সাকিবের একটা বাল ও ছিড়া গেল না।,তাতে সাকিবের একটা বাল ও ছিড়া গেল না,4,0.4416971850280581
5 Post June 2026,5_post_june_2026,2607,নমরুদ হালায়,নমরুদ হালায়,3,0.5999929096051362
5 Post June 2026,5_post_june_2026,2608,এই জুলাই জুলাই করে দেশটা গৃহ যুদ্ধের দিকে যাচ্ছে,এই জুলাই জুলাই করে দেশটা গৃহ যুদ্ধের দিকে যাচ্ছে,0,0.864985858143099
5 Post June 2026,5_post_june_2026,2609,নয়ন করছে,নয়ন করছে,0,0.2
5 Post June 2026,5_post_june_2026,2610,"অপসংস্কৃতি, অপরাজনীতি বাদ দেন।",অপসংস্কৃতি অপরাজনীতি বাদ দেন,4,0.7324414200343148
5 Post June 2026,5_post_june_2026,2611,ncp রাতের আধারে আসবে না অন্য কেউ করে তাদের ফাসানোর চেষ্টা,ncp রাতের আধারে আসবে না অন্য কেউ করে তাদের ফাসানোর চেষ্টা,3,0.7950839136940335
5 Post June 2026,5_post_june_2026,2612,অতিরিক্ত ভালো না,অতিরিক্ত ভালো না,3,0.7265482011191802
5 Post June 2026,5_post_june_2026,2613,Sakib al hasar 1 ta ken emon 50 ta bari boma marle oo kisu hobe na..,sakib al hasar ta ken emon ta bari boma marle oo kisu hobe na,2,0.7468035338867297
5 Post June 2026,5_post_june_2026,2614,এ দেশের রাজনীতি যে কত নোংরা তার জলজন্তু প্রমাণ,এ দেশের রাজনীতি যে কত নোংরা তার জলজন্তু প্রমাণ,1,0.6159915285467962
5 Post June 2026,5_post_june_2026,2615,আর কি দেখার বাকি?,আর কি দেখার বাকি,3,0.7292842988707376
5 Post June 2026,5_post_june_2026,2616,"দুর,বুলডোজার পাঠা",দুর বুলডোজার পাঠা,0,0.2
5 Post June 2026,5_post_june_2026,2617,ভালোই করেছেম,ভালোই করেছেম,3,0.5986231331582453
5 Post June 2026,5_post_june_2026,2618,প্রতিটি মানুষের বাক স্বাধীনতা রয়েছে,প্রতিটি মানুষের বাক স্বাধীনতা রয়েছে,3,0.798699359021634
5 Post June 2026,5_post_june_2026,2619,Alhamdulillah ei jalim jeno deshe na ashte pare pora desh tare lot kore pelce tara sate hajar hajar manus er pran niye gelo,alhamdulillah ei jalim jeno deshe na ashte pare pora desh tare lot kore pelce tara sate hajar hajar manus er pran niye gelo,2,0.8602788984876754
5 Post June 2026,5_post_june_2026,2620,"আগে এসব গল্প মনে হতো ,এখ বাস্তবে দেখছি হায়রে BNP...",আগে এসব গল্প মনে হতো এখ বাস্তবে দেখছি হায়রে bnp,2,0.9085999018619996
5 Post June 2026,5_post_june_2026,2621,সাকিব কি এখন বাড়িতে আছে! বাড়িতে যারা বসবাস করে তাদের নিরাপত্তা কে দিবে?,সাকিব কি এখন বাড়িতে আছে বাড়িতে যারা বসবাস করে তাদের নিরাপত্তা কে দিবে,3,0.8980482246477636
5 Post June 2026,5_post_june_2026,2622,আলহামদুলিল্লাহ ভালো কাজ,আলহামদুলিল্লাহ ভালো কাজ,4,0.7994757921146475
5 Post June 2026,5_post_june_2026,2623,"ধিক্কার জানাই এ সমস্ত মব সন্ত্রাসীদের, দেশের জন্য ভালো কিছু করবার মুরোদ নাই আছে শুধু সন্ত্রাসী চাঁদাবাজিতে। ছিঃ...",ধিক্কার জানাই এ সমস্ত মব সন্ত্রাসীদের দেশের জন্য ভালো কিছু করবার মুরোদ নাই আছে শুধু সন্ত্রাসী চাঁদাবাজিতে ছিঃ,4,0.9105456548481996
5 Post June 2026,5_post_june_2026,2624,এইদের বিচার হবে,এইদের বিচার হবে,1,0.599999356975593
5 Post June 2026,5_post_june_2026,2625,71 er shob rajakar der ekhabe kora hoto tahole ar kuno shontrashi thaktona.,er shob rajakar der ekhabe kora hoto tahole ar kuno shontrashi thaktona,2,0.5356341523459502
5 Post June 2026,5_post_june_2026,2626,এই গুলো করতে থাকলে তোমরা ও এক ফলাফল পাইবা পারলে সাকিবের কিছু করে দেখা,এই গুলো করতে থাকলে তোমরা ও এক ফলাফল পাইবা পারলে সাকিবের কিছু করে দেখা,3,0.380945670576849
5 Post June 2026,5_post_june_2026,2627,Alhumdulillah,alhumdulillah,0,0.2
5 Post June 2026,5_post_june_2026,2628,Good job,good job,3,0.7331865200575418
5 Post June 2026,5_post_june_2026,2629,বুলডোজার কই,বুলডোজার কই,0,0.5983823370635891
5 Post June 2026,5_post_june_2026,2630,এর বিচার এই বাংলাদেশেই হবে ইনশাআল্লাহ,এর বিচার এই বাংলাদেশেই হবে ইনশাআল্লাহ,1,0.4000461978602223
5 Post June 2026,5_post_june_2026,2631,ঠিক আছে,ঠিক আছে,2,0.5999994751667352
5 Post June 2026,5_post_june_2026,2632,আমাদের মনে রাখা উচিত ক্ষমতা চিরস্থায়ী নয়। আমরা এরশাদের পতন শুনেছি বিএনপি'র পতন দেখেছি আওয়ামী লীগের পতন দেখেছি। আজকে যারা বা…,আমাদের মনে রাখা উচিত ক্ষমতা চিরস্থায়ী নয় আমরা এরশাদের পতন শুনেছি বিএনপি র পতন দেখেছি আওয়ামী লীগের পতন দেখেছি আজকে যারা বা,3,0.9517104338776288
5 Post June 2026,5_post_june_2026,2633,মানুষরে বাড়ি নষ্ট করা ঠিক না------,মানুষরে বাড়ি নষ্ট করা ঠিক না,2,0.5465670535678916
5 Post June 2026,5_post_june_2026,2634,যায় হোক এটা ঠিক না।,যায় হোক এটা ঠিক না,2,0.40006804473720203
5 Post June 2026,5_post_june_2026,2635,এরা কি মানুষের মধ্যে পারে না,এরা কি মানুষের মধ্যে পারে না,3,0.5198574329970992
5 Post June 2026,5_post_june_2026,2636,এটা সাকিবুল হাসানের বাড়ি না এটা অন্য সাকিবুল হাসান,এটা সাকিবুল হাসানের বাড়ি না এটা অন্য সাকিবুল হাসান,2,0.5023503553825893
5 Post June 2026,5_post_june_2026,2637,এটা টিক না,এটা টিক না,4,0.5999733932269812
5 Post June 2026,5_post_june_2026,2638,সাকি বাল হাসানের টাকার লোভ সামলাতে পারে নাইই.. রা*ক্ষ*সী ডা*ই*নী আফার লগে লাইভে গেছে আফার বা*লও আহে নাই!! অতিরিক্ত খাইতে চাইলেই এরকমই হবে,সাকি বাল হাসানের টাকার লোভ সামলাতে পারে নাইই রা ক্ষ সী ডা ই নী আফার লগে লাইভে গেছে আফার বা লও আহে নাই অতিরিক্ত খাইতে চাইলেই এরকমই হবে,3,0.666552684745031
5 Post June 2026,5_post_june_2026,2639,দালালি ফল,দালালি ফল,4,0.4002999560326196
5 Post June 2026,5_post_june_2026,2640,বাড়ির আসে পাশে কেউ নাই। তারা প্রতিবাদ করেনা,বাড়ির আসে পাশে কেউ নাই তারা প্রতিবাদ করেনা,4,0.8392705175082201
5 Post June 2026,5_post_june_2026,2641,Motalib Nirob কোর এখন নিতি কথা কই,motalib nirob কোর এখন নিতি কথা কই,0,0.5983823370635891
5 Post June 2026,5_post_june_2026,2642,Saki BAL Hasan!,saki bal hasan,4,0.5999850771299473
5 Post June 2026,5_post_june_2026,2643,এটা ওর প্রাপ্য,এটা ওর প্রাপ্য,4,0.5999878993566353
5 Post June 2026,5_post_june_2026,2644,এরা কিন্তু কেউ বিএনপি'র লোক না,এরা কিন্তু কেউ বিএনপি র লোক না,1,0.7992958780352993
5 Post June 2026,5_post_june_2026,2645,এটা করা ঠিক না,এটা করা ঠিক না,2,0.5999994751667352
5 Post June 2026,5_post_june_2026,2646,শালারা দুষ্কৃতকারী না বলে বলতে পারতো বিক্ষোভদ্ধ জনগণ,শালারা দুষ্কৃতকারী না বলে বলতে পারতো বিক্ষোভদ্ধ জনগণ,1,0.7958852697347558
5 Post June 2026,5_post_june_2026,2647,জুলাই অযোদ্ধা রা রাজাকার বাহিনী,জুলাই অযোদ্ধা রা রাজাকার বাহিনী,0,0.5494917472571825
5 Post June 2026,5_post_june_2026,2648,সাবাস,সাবাস,4,0.599984432390609
5 Post June 2026,5_post_june_2026,2649,সঠিক কাজ,সঠিক কাজ,4,0.3996809262830273
5 Post June 2026,5_post_june_2026,2650,এমন আওয়ামিলীগ ও করছে এক সময় হিসাব বরাবর করতিছে,এমন আওয়ামিলীগ ও করছে এক সময় হিসাব বরাবর করতিছে,4,0.7993866848181181
5 Post June 2026,5_post_june_2026,2651,এটা তার চাটুকারিতার ফল,এটা তার চাটুকারিতার ফল,4,0.5999922645253407
5 Post June 2026,5_post_june_2026,2652,বাংলাদেশে সম্মানি মানুষকে সম্মান দিতে জানে না।এটা আমাদের দেশের সিস্টেম।,বাংলাদেশে সম্মানি মানুষকে সম্মান দিতে জানে না এটা আমাদের দেশের সিস্টেম,1,0.9101339314849433
5 Post June 2026,5_post_june_2026,2653,কিছু ঘুপসির ছেলেরা আলহামদুলিল্লাহ বলিচ্চে,কিছু ঘুপসির ছেলেরা আলহামদুলিল্লাহ বলিচ্চে,4,0.5999992544339399
5 Post June 2026,5_post_june_2026,2654,"একদম ঠিকাছে,, দালালের মায়্রে বাপ",একদম ঠিকাছে দালালের মায়্রে বাপ,2,0.3008424596576781
5 Post June 2026,5_post_june_2026,2655,নো প্রবলেম জঙ্গিদের বিচারে বাংলার মাটিতে অতি শীঘ্রই হবে ইনশাল্লাহ । জয় বাংলা জয় বঙ্গবন্ধু,নো প্রবলেম জঙ্গিদের বিচারে বাংলার মাটিতে অতি শীঘ্রই হবে ইনশাল্লাহ জয় বাংলা জয় বঙ্গবন্ধু,0,0.9105862046215879
5 Post June 2026,5_post_june_2026,2656,"আমরা হইলাম বাঙালি জাতি, মানুষ হতে পারবো কবে।",আমরা হইলাম বাঙালি জাতি মানুষ হতে পারবো কবে,0,0.7113464527360944
5 Post June 2026,5_post_june_2026,2657,ধন্যবাদ আপনাদের,ধন্যবাদ আপনাদের,0,0.4001419962416168
5 Post June 2026,5_post_june_2026,2658,দুষ্কৃতকারীরা আগুন দেয় নাই। একজন দুষ্কৃতকারীর বাড়িতে বাংলার জনগন আগুন জ্বালিয়ে দিয়েছে।,দুষ্কৃতকারীরা আগুন দেয় নাই একজন দুষ্কৃতকারীর বাড়িতে বাংলার জনগন আগুন জ্বালিয়ে দিয়েছে,4,0.4983865884210745
5 Post June 2026,5_post_june_2026,2659,"Dj Sound Lagabe somoy asle, Halay j poriman gawra, Kawre mane nah",dj sound lagabe somoy asle halay j poriman gawra kawre mane nah,2,0.551702404514868
5 Post June 2026,5_post_june_2026,2660,ঠিক আছে,ঠিক আছে,2,0.5999994751667352
5 Post June 2026,5_post_june_2026,2661,এগুলো হলো খুবই জগন্ন্য,এগুলো হলো খুবই জগন্ন্য,3,0.7979465415146958
5 Post June 2026,5_post_june_2026,2662,ইনশাআল্লাহ সময়ের অপেক্ষা তখন বুঝবি,ইনশাআল্লাহ সময়ের অপেক্ষা তখন বুঝবি,4,0.5492714456142115
5 Post June 2026,5_post_june_2026,2663,জোয়ারি সাকিব নাকি লীগ সাকিবের বাড়িতে,জোয়ারি সাকিব নাকি লীগ সাকিবের বাড়িতে,3,0.8654564423156699
5 Post June 2026,5_post_june_2026,2664,মাঠির সাথে মিশিয়ে দিতে হবে! কোন চিহ্নই রাখা উচিৎ নহে,মাঠির সাথে মিশিয়ে দিতে হবে কোন চিহ্নই রাখা উচিৎ নহে,3,0.8390590142522384
5 Post June 2026,5_post_june_2026,2665,ধন্যবাদ,ধন্যবাদ,0,0.5999993380879446
5 Post June 2026,5_post_june_2026,2666,এটা বাড়াবাড়ি,এটা বাড়াবাড়ি,4,0.5980995176425244
5 Post June 2026,5_post_june_2026,2667,রাজনীতি হবে মাতে ময়দানে বসতবাড়িতে কোন রাজনীতি নাই,রাজনীতি হবে মাতে ময়দানে বসতবাড়িতে কোন রাজনীতি নাই,3,0.8393567072489277
5 Post June 2026,5_post_june_2026,2668,Alhamdulillah Balotra ka score,alhamdulillah balotra ka score,3,0.5999970938628361
5 Post June 2026,5_post_june_2026,2669,গুড়িয়ে দিক হালায় ডাকাত।,গুড়িয়ে দিক হালায় ডাকাত,3,0.7331210810411688
5 Post June 2026,5_post_june_2026,2670,Perfect.. Era kono duskriti kari na Hasinar last vatar sakib er sathe amon howai uchit.,perfect era kono duskriti kari na hasinar last vatar sakib er sathe amon howai uchit,2,0.8399976226704957
5 Post June 2026,5_post_june_2026,2671,"এটা নিশ্চিত জামাতের, ও এন সি পির নাম দিবে,",এটা নিশ্চিত জামাতের ও এন সি পির নাম দিবে,1,0.5054686911021751
5 Post June 2026,5_post_june_2026,2672,বাড়িতে হামলা কেন।পারলে সাকিব কে বিচারে আওতায় আনা যাক,বাড়িতে হামলা কেন পারলে সাকিব কে বিচারে আওতায় আনা যাক,3,0.6554948785289672
5 Post June 2026,5_post_june_2026,2673,মরা মানুষে বাল চিড়তে গেছে,মরা মানুষে বাল চিড়তে গেছে,1,0.595473366171046
5 Post June 2026,5_post_june_2026,2674,তাহলে পরবর্তী বাংলাদেশে যারা বিরোধীদল থাকবে তাদের বাড়িঘর ভাঙচুর হবে এইটা আজকের শিক্ষনীয় বিষয়।,তাহলে পরবর্তী বাংলাদেশে যারা বিরোধীদল থাকবে তাদের বাড়িঘর ভাঙচুর হবে এইটা আজকের শিক্ষনীয় বিষয়,3,0.48101123421753555
5 Post June 2026,5_post_june_2026,2675,ধন্যবাদ মাগুরা,ধন্যবাদ মাগুরা,0,0.5999993380879446
5 Post June 2026,5_post_june_2026,2676,দুষ্কৃতকারী আবার কি রে ভাই নাম নিতে কি লজ্জা লাগে?,দুষ্কৃতকারী আবার কি রে ভাই নাম নিতে কি লজ্জা লাগে,0,0.36387528561983984
5 Post June 2026,5_post_june_2026,2677,সাকিব মাঠে খেলা চলা অবস্থায় আম্পায়ার এর সামনে লাথি মেরে স্ট্যাম্প ভাংছিল শুধু আউট হওয়া বলে নট আউট দেয়ার কারণে তাহলে একবা…,সাকিব মাঠে খেলা চলা অবস্থায় আম্পায়ার এর সামনে লাথি মেরে স্ট্যাম্প ভাংছিল শুধু আউট হওয়া বলে নট আউট দেয়ার কারণে তাহলে একবা,3,0.9419666794670344
5 Post June 2026,5_post_june_2026,2678,চমৎকার সিদ্ধান্ত,চমৎকার সিদ্ধান্ত,3,0.7309421340470467
5 Post June 2026,5_post_june_2026,2679,বুল ডোজার চালাও।,বুল ডোজার চালাও,0,0.2
5 Post June 2026,5_post_june_2026,2680,এরা জয় বাংলার লোক।,এরা জয় বাংলার লোক,0,0.4609289922315912
5 Post June 2026,5_post_june_2026,2681,Aoumi dalal,aoumi dalal,4,0.599990614407877
5 Post June 2026,5_post_june_2026,2682,ঠিক আছে,ঠিক আছে,2,0.5999994751667352
5 Post June 2026,5_post_june_2026,2683,ঠিক করেছে ভালো মতোন দিয়ে দিক,ঠিক করেছে ভালো মতোন দিয়ে দিক,2,0.43881256623410786
5 Post June 2026,5_post_june_2026,2684,Ata ki rajnite ata ak dhoroner lot pat,ata ki rajnite ata ak dhoroner lot pat,2,0.8666141686129958
5 Post June 2026,5_post_june_2026,2685,ধিক্কার জানাই যে হালার**পুত আগুনটা ঠিকমতো লাগাতে পারে নাই। বাড়ি এখনো অক্ষত কিভাবে আছে? সাইক্কা বাই**ঞ্চদ কে চিরতরে নিষিদ্ধ করা হোক দেশ প্রবেশে,ধিক্কার জানাই যে হালার পুত আগুনটা ঠিকমতো লাগাতে পারে নাই বাড়ি এখনো অক্ষত কিভাবে আছে সাইক্কা বাই ঞ্চদ কে চিরতরে নিষিদ্ধ করা হোক দেশ প্রবেশে,3,0.6779906953593393
5 Post June 2026,5_post_june_2026,2686,গুড,গুড,4,0.5999805359303804
5 Post June 2026,5_post_june_2026,2687,এতো আর্জেন্টিনা? আরব দেশের সাথে খেলে।,এতো আর্জেন্টিনা আরব দেশের সাথে খেলে,0,0.7984233077644707
5 Post June 2026,5_post_june_2026,2688,খেলোয়াড় সাকিব এর সাপোর্ট করি কিন্তু এমপি সাকিব এর না,খেলোয়াড় সাকিব এর সাপোর্ট করি কিন্তু এমপি সাকিব এর না,3,0.6969369962828585
5 Post June 2026,5_post_june_2026,2689,সে,সে,1,0.5995154841195677
5 Post June 2026,5_post_june_2026,2690,ভালো কাজ করছে,ভালো কাজ করছে,4,0.732229301114768
5 Post June 2026,5_post_june_2026,2691,এই হারামির বাড়ি কে ৩২ নং করে দিতে হবে।,এই হারামির বাড়ি কে নং করে দিতে হবে,0,0.7976006845846513
5 Post June 2026,5_post_june_2026,2692,"সাকিবাল হাসানই তার নিজস্ব কিছু লোক দিয়ে এটা করাইছে, মার্কেট পাওয়ার জন্য",সাকিবাল হাসানই তার নিজস্ব কিছু লোক দিয়ে এটা করাইছে মার্কেট পাওয়ার জন্য,1,0.733183208370972
5 Post June 2026,5_post_june_2026,2693,চাঁদাবাজ দলের কাজ,চাঁদাবাজ দলের কাজ,1,0.39998993236235086
5 Post June 2026,5_post_june_2026,2694,bhaloi lagtese,bhaloi lagtese,0,0.2
5 Post June 2026,5_post_june_2026,2695,Eii din a din Noy aro din ache sehi din Amar a oh Korbo degum tarik Bangladesh keau Kotha bolte parbe na,eii din a din noy aro din ache sehi din amar a oh korbo degum tarik bangladesh keau kotha bolte parbe na,2,0.919970432476856
5 Post June 2026,5_post_june_2026,2696,বাংলাদেশের সেনা প্রধান এখন কোথায় রাজনীতি হবে রাজপথে মানুষের বাড়ি ঘরে হামলা দিয়ে এইটা কখনো রাজনৈতিক নয় এটা কখনো বাংলার মাটি…,বাংলাদেশের সেনা প্রধান এখন কোথায় রাজনীতি হবে রাজপথে মানুষের বাড়ি ঘরে হামলা দিয়ে এইটা কখনো রাজনৈতিক নয় এটা কখনো বাংলার মাটি,0,0.5030904050762806
5 Post June 2026,5_post_june_2026,2697,এর হিসাব পইপই করে দিতে হবে ইনশাআল্লাহ,এর হিসাব পইপই করে দিতে হবে ইনশাআল্লাহ,4,0.7966423630706496
5 Post June 2026,5_post_june_2026,2698,Sakibul Hasan Bhatia joggi songoton...awami leuage sobar bari jeno Bharat jaye,sakibul hasan bhatia joggi songoton awami leuage sobar bari jeno bharat jaye,2,0.730068425475277
5 Post June 2026,5_post_june_2026,2699,Agun koi,agun koi,0,0.5987785092310074
5 Post June 2026,5_post_june_2026,2700,মাসআল্লাহ,মাসআল্লাহ,0,0.2
5 Post June 2026,5_post_june_2026,2701,চামচা,চামচা,0,0.2
5 Post June 2026,5_post_june_2026,2702,রাজনীতি হবে রাজ পথে বাড়িতে কি।,রাজনীতি হবে রাজ পথে বাড়িতে কি,3,0.7978474410910595
5 Post June 2026,5_post_june_2026,2703,Eguli kore chapri... Jokhon jei dol ashuk public er kaj chara ek jon arek joner dosher kaj thik e dhorte pare... Eai bosti gul…,eguli kore chapri jokhon jei dol ashuk public er kaj chara ek jon arek joner dosher kaj thik e dhorte pare eai bosti gul,2,0.6542960615788184
5 Post June 2026,5_post_june_2026,2704,কি দরকার ছিল ক্রিকেট ছেড়ে রাজনীতির পথ বেছে নেওয়া অনেক সম্মানের জায়গায়ই তো ছিল সে …,কি দরকার ছিল ক্রিকেট ছেড়ে রাজনীতির পথ বেছে নেওয়া অনেক সম্মানের জায়গায়ই তো ছিল সে,2,0.8832487634259826
5 Post June 2026,5_post_june_2026,2705,Thik ache,thik ache,2,0.7333259173386037
5 Post June 2026,5_post_june_2026,2706,একভাসোনেকথা সুনে এদের বিচি মাথাই উঠেগেছে,একভাসোনেকথা সুনে এদের বিচি মাথাই উঠেগেছে,0,0.2
5 Post June 2026,5_post_june_2026,2707,ছিহ্,ছিহ্,0,0.2
5 Post June 2026,5_post_june_2026,2708,আলী হোসেন তোর বাবার টাকায় বাড়ি বানাইছে কুত্তার বাচ্চা,আলী হোসেন তোর বাবার টাকায় বাড়ি বানাইছে কুত্তার বাচ্চা,0,0.8995249854459985
5 Post June 2026,5_post_june_2026,2709,"2 diner duniyay je manus koto ki na korte pare, chokh bondho korle duniya andhar",diner duniyay je manus koto ki na korte pare chokh bondho korle duniya andhar,2,0.8856878227441585
5 Post June 2026,5_post_june_2026,2710,Eta r o agee e kora ucit chilo,eta r o agee e kora ucit chilo,2,0.5998866140540224
5 Post June 2026,5_post_june_2026,2711,Joy Bangla,joy bangla,0,0.2
5 Post June 2026,5_post_june_2026,2712,কামের কাম করেছে,কামের কাম করেছে,2,0.5999907499076861
5 Post June 2026,5_post_june_2026,2713,ছি ছি তীব্র নিন্দা জানাচ্ছি,ছি ছি তীব্র নিন্দা জানাচ্ছি,4,0.7999985688094652
5 Post June 2026,5_post_june_2026,2714,"যত এগুলো করবি, ততই আওয়ামী লীগের ফেরাটা সহজ হবে।",যত এগুলো করবি ততই আওয়ামী লীগের ফেরাটা সহজ হবে,3,0.8628875945822632
5 Post June 2026,5_post_june_2026,2715,খুব ভালো হয়েছে,খুব ভালো হয়েছে,4,0.5964827645868636
5 Post June 2026,5_post_june_2026,2716,ঠিক আছে,ঠিক আছে,2,0.5999994751667352
5 Post June 2026,5_post_june_2026,2717,থ্যাংকস অল man,থ্যাংকস অল man,0,0.2
5 Post June 2026,5_post_june_2026,2718,এলাকায় কি মানুষ থাকে না?,এলাকায় কি মানুষ থাকে না,4,0.7293635810589388
5 Post June 2026,5_post_june_2026,2719,জুয়ারি সাকি বাল,জুয়ারি সাকি বাল,1,0.595473366171046
5 Post June 2026,5_post_june_2026,2720,রেন্ডিয়ান্দের জ্বলে তারা ব্যাথা পায় ব্যাট বল পেলে বাচ্ছারা রাজনীতি…,রেন্ডিয়ান্দের জ্বলে তারা ব্যাথা পায় ব্যাট বল পেলে বাচ্ছারা রাজনীতি,4,0.6639063820968609
5 Post June 2026,5_post_june_2026,2721,বলদে রাজনিতি ছারলেই তো হয়,বলদে রাজনিতি ছারলেই তো হয়,0,0.2
5 Post June 2026,5_post_june_2026,2722,এইসব জামাত শিবিরের কাজ,এইসব জামাত শিবিরের কাজ,4,0.7973381311770497
5 Post June 2026,5_post_june_2026,2723,Moja pailam nh ekta jodi paroma...,moja pailam nh ekta jodi paroma,2,0.7333251552100454
5 Post June 2026,5_post_june_2026,2724,দুষ্কৃতী কারী রা নয় দেশ প্রেমি রা বল দেশ প্রেমি রা বল,দুষ্কৃতী কারী রা নয় দেশ প্রেমি রা বল দেশ প্রেমি রা বল,2,0.6953039680766256
5 Post June 2026,5_post_june_2026,2725,ড্রামা ড্রামা,ড্রামা ড্রামা,0,0.2
5 Post June 2026,5_post_june_2026,2726,টোকাই মার্ক দল যারা করে সাবাই টুকাই ১ টারও ঘরে ভাত নাই খাইতে পারেনা কি কোরবে।।,টোকাই মার্ক দল যারা করে সাবাই টুকাই টারও ঘরে ভাত নাই খাইতে পারেনা কি কোরবে,3,0.8847572440347042
5 Post June 2026,5_post_june_2026,2727,Sawar rajniti,sawar rajniti,0,0.2
5 Post June 2026,5_post_june_2026,2728,ইওয়া কাওয়া আদভ পড়বেন না।,ইওয়া কাওয়া আদভ পড়বেন না,0,0.2
5 Post June 2026,5_post_june_2026,2729,দালাল কনফারেন্সে অংশগ্রহণ করায়,দালাল কনফারেন্সে অংশগ্রহণ করায়,0,0.5999958209370793
5 Post June 2026,5_post_june_2026,2730,গুড়িয়ে দে,গুড়িয়ে দে,4,0.5999846337576977
5 Post June 2026,5_post_june_2026,2731,দুস্কৃতকারিরা করবে কেন এইটা.. এই কাজ সবারই করা উচিত যদি বাংলাদেশ কে মন থেকে ভালোবাসেন,দুস্কৃতকারিরা করবে কেন এইটা এই কাজ সবারই করা উচিত যদি বাংলাদেশ কে মন থেকে ভালোবাসেন,0,0.8362940546853772
5 Post June 2026,5_post_june_2026,2732,আলহামদুলিল্লাহ! ধন্যবাদ তাদেরকে,আলহামদুলিল্লাহ ধন্যবাদ তাদেরকে,0,0.3004008780622879
5 Post June 2026,5_post_june_2026,2733,কথায় আছে না তোর লাগে না পারলেও তোর গূয়ের সাথে যুদ্ধ করব,কথায় আছে না তোর লাগে না পারলেও তোর গূয়ের সাথে যুদ্ধ করব,3,0.5623099874959336
5 Post June 2026,5_post_june_2026,2734,ককটেল দিয়ে ৬ মারো,ককটেল দিয়ে মারো,0,0.5999776892827995
5 Post June 2026,5_post_june_2026,2735,ঠিকি আছে হালার পুত রে অনেক পছন্দ করতাম…,ঠিকি আছে হালার পুত রে অনেক পছন্দ করতাম,3,0.8395015869933969
5 Post June 2026,5_post_june_2026,2736,জঙ্গিরা এটা ছারা আর কি পারবে,জঙ্গিরা এটা ছারা আর কি পারবে,0,0.5984761908089886
5 Post June 2026,5_post_june_2026,2737,এসব বাড়াবাড়ি বাঙালি পছন্দ করে না সাকিব আল হাসান বাংলাদেশের রত্ন,এসব বাড়াবাড়ি বাঙালি পছন্দ করে না সাকিব আল হাসান বাংলাদেশের রত্ন,2,0.5160231048506032
5 Post June 2026,5_post_june_2026,2738,Alhamdulillha khub valo laglo,alhamdulillha khub valo laglo,2,0.5999938428108004
5 Post June 2026,5_post_june_2026,2739,যারা এই অন্যায়ের সাথে জড়িত তাদেরকে আইনের আওতায় আনা উচিত,যারা এই অন্যায়ের সাথে জড়িত তাদেরকে আইনের আওতায় আনা উচিত,1,0.6005014657473833
5 Post June 2026,5_post_june_2026,2740,"রাজনীতি রাজনীতির মধ্যেই সীমাবদ্ধ থাকা উচিত। মতভেদ থাকতে পারে, সমালোচনা থাকতে পারে—এটাই গণতান্ত্রিক চর্চার অংশ। কিন্তু কারও ব্য…",রাজনীতি রাজনীতির মধ্যেই সীমাবদ্ধ থাকা উচিত মতভেদ থাকতে পারে সমালোচনা থাকতে পারে এটাই গণতান্ত্রিক চর্চার অংশ কিন্তু কারও ব্য,3,0.931925874796456
5 Post June 2026,5_post_june_2026,2741,Md Mizan Ahmed,md mizan ahmed,4,0.733177893064457
5 Post June 2026,5_post_june_2026,2742,দে-শ এখন মগের মুল্লুক নাকি মানুষের জান মাইলের মুলো নাই সরকারের কাজ কি জনগণকে সু রক্ষা করা,দে শ এখন মগের মুল্লুক নাকি মানুষের জান মাইলের মুলো নাই সরকারের কাজ কি জনগণকে সু রক্ষা করা,4,0.7805752669369705
5 Post June 2026,5_post_june_2026,2743,জুয়ারির বাড়ি জয়বাংলা,জুয়ারির বাড়ি জয়বাংলা,0,0.730440693083023
5 Post June 2026,5_post_june_2026,2744,"যে দেশে কীর্তিমানদের মূল্যায়ন করা হয় না, সে দেশে নতুন কীর্তিমান জন্ম নিতে চায় না! …",যে দেশে কীর্তিমানদের মূল্যায়ন করা হয় না সে দেশে নতুন কীর্তিমান জন্ম নিতে চায় না,1,0.9096593710225342
5 Post June 2026,5_post_june_2026,2745,জঙ্গিরা সুযোগ পাইছে আরকি,জঙ্গিরা সুযোগ পাইছে আরকি,1,0.7919637477315291
5 Post June 2026,5_post_june_2026,2746,এরা জনোগন,এরা জনোগন,1,0.5999935469911909
5 Post June 2026,5_post_june_2026,2747,"এইরকম মজার মজার খবর পেতে, সাংবাদিক এর নিচে দুটি বেল আইকনে টোকা দিয়ে রাখুন।",এইরকম মজার মজার খবর পেতে সাংবাদিক এর নিচে দুটি বেল আইকনে টোকা দিয়ে রাখুন,0,0.8390029655231719
5 Post June 2026,5_post_june_2026,2748,জয় বাংলা করে দিছে,জয় বাংলা করে দিছে,0,0.5501357721996362
5 Post June 2026,5_post_june_2026,2749,"সুখে থাকলে ভুতে কিলাই, সাকিব আল হাসানের বেলাতে তাই হয়েছে..",সুখে থাকলে ভুতে কিলাই সাকিব আল হাসানের বেলাতে তাই হয়েছে,2,0.8397593481012637
5 Post June 2026,5_post_june_2026,2750,ভালো কাজ করেছে জনতা! কি দরকার ছিল লাইভে আসার?,ভালো কাজ করেছে জনতা কি দরকার ছিল লাইভে আসার,2,0.39458281544035817
5 Post June 2026,5_post_june_2026,2751,Right,right,2,0.5999971098877311
5 Post June 2026,5_post_june_2026,2752,কোন সাকিব আল হাসান?,কোন সাকিব আল হাসান,2,0.8381635996321002
5 Post June 2026,5_post_june_2026,2753,"ধন্যবাদ, মাগুরাবাসী। স্বৈরাচারের বিরুদ্ধে জনগণের অবস্থান স্পষ্ট।…",ধন্যবাদ মাগুরাবাসী স্বৈরাচারের বিরুদ্ধে জনগণের অবস্থান স্পষ্ট,0,0.8655643812664607
5 Post June 2026,5_post_june_2026,2754,এটা অন্যায়।,এটা অন্যায়,1,0.5999933857104084
5 Post June 2026,5_post_june_2026,2755,"লাইভ, দুই দিকে হচ্ছে",লাইভ দুই দিকে হচ্ছে,1,0.5989241233763792
5 Post June 2026,5_post_june_2026,2756,একদম ঠিক করছে।,একদম ঠিক করছে,2,0.7333321692593229
5 Post June 2026,5_post_june_2026,2757,এই সব ঠিক না...,এই সব ঠিক না,2,0.5999994751667352
5 Post June 2026,5_post_june_2026,2758,এটা অন্যায়,এটা অন্যায়,1,0.5999933857104084
5 Post June 2026,5_post_june_2026,2759,মাশাআল্লাহ,মাশাআল্লাহ,2,0.5966709279215636
5 Post June 2026,5_post_june_2026,2760,সময় মত জবাব হবে জয় বাংলা জয় বঙ্গবন্ধু,সময় মত জবাব হবে জয় বাংলা জয় বঙ্গবন্ধু,0,0.8993352759302488
5 Post June 2026,5_post_june_2026,2761,তীব্র নিদ্রা জানাই,তীব্র নিদ্রা জানাই,4,0.7332662491404187
5 Post June 2026,5_post_june_2026,2763,বাপেরও বাপ থাকে মনে রাখবেন।,বাপেরও বাপ থাকে মনে রাখবেন,1,0.7959255183543044
5 Post June 2026,5_post_june_2026,2764,একটু অপেক্ষা কর এই আগুন উল্ট যাবে।,একটু অপেক্ষা কর এই আগুন উল্ট যাবে,4,0.8660421592537944
5 Post June 2026,5_post_june_2026,2765,দারুণ,দারুণ,0,0.2
5 Post June 2026,5_post_june_2026,2766,দূসৃকৃতকারীরা তোর আব্বা,দূসৃকৃতকারীরা তোর আব্বা,0,0.4009078617680846
5 Post June 2026,5_post_june_2026,2767,ঠিক আছে,ঠিক আছে,2,0.5999994751667352
5 Post June 2026,5_post_june_2026,2768,"দেশ প্রেমিক রাই করসে, আর তাদের thanks",দেশ প্রেমিক রাই করসে আর তাদের thanks,0,0.44099661149354596
5 Post June 2026,5_post_june_2026,2769,দরকার আছে,দরকার আছে,2,0.5988695389622587
5 Post June 2026,5_post_june_2026,2770,সাবাশ,সাবাশ,0,0.2
5 Post June 2026,5_post_june_2026,2771,গুড ডিসিশন নিয়েছে,গুড ডিসিশন নিয়েছে,4,0.7329483929328436
5 Post June 2026,5_post_june_2026,2772,সাব্বাশ,সাব্বাশ,0,0.2
5 Post June 2026,5_post_june_2026,2773,আলহামদুলিল্লাহ,আলহামদুলিল্লাহ,4,0.5999992544339399
5 Post June 2026,5_post_june_2026,2774,স্বৈরাচারী দোসরদের এমনই করা উচিত,স্বৈরাচারী দোসরদের এমনই করা উচিত,0,0.5993584572210644
5 Post June 2026,5_post_june_2026,2775,Alhamdulillah,alhamdulillah,3,0.5999970938628361
5 Post June 2026,5_post_june_2026,2776,Good job,good job,3,0.7331865200575418
5 Post June 2026,5_post_june_2026,2777,দেশ প্রেমিক এরা,দেশ প্রেমিক এরা,1,0.39968158068487686
5 Post June 2026,5_post_june_2026,2778,আলহামদুলিল্লাহ,আলহামদুলিল্লাহ,4,0.5999992544339399
5 Post June 2026,5_post_june_2026,2779,উত্তজিত হবেন নাহ। ব্যাক্তি সাকিবের বাড়িতে agun দিছে। খেলোয়াড় সাকিবের বাড়িতে না,উত্তজিত হবেন নাহ ব্যাক্তি সাকিবের বাড়িতে agun দিছে খেলোয়াড় সাকিবের বাড়িতে না,3,0.9196412301273049
5 Post June 2026,5_post_june_2026,2780,সাকিব আল হাসান কি আসলেই বাংলাদেশের মানুষের মন বুঝে।,সাকিব আল হাসান কি আসলেই বাংলাদেশের মানুষের মন বুঝে,2,0.5734933445971055
5 Post June 2026,5_post_june_2026,2781,এরা জামাতি নিশ্চিত,এরা জামাতি নিশ্চিত,1,0.7327398365609206
5 Post June 2026,5_post_june_2026,2782,আলহামদুলিল্লাহ,আলহামদুলিল্লাহ,4,0.5999992544339399
5 Post June 2026,5_post_june_2026,2783,গুড,গুড,4,0.5999805359303804
5 Post June 2026,5_post_june_2026,2784,খুশি হইলাম,খুশি হইলাম,2,0.5990754277849365
5 Post June 2026,5_post_june_2026,2785,Hai Re Manush tora desh ta shesh kore dily,hai re manush tora desh ta shesh kore dily,2,0.8666639087724564
5 Post June 2026,5_post_june_2026,2786,এগলি তো সন্ত্রাসী কর্ম,এগলি তো সন্ত্রাসী কর্ম,1,0.5982552457314964
5 Post June 2026,5_post_june_2026,2787,আলহামদুলিললহ,আলহামদুলিললহ,0,0.2
5 Post June 2026,5_post_june_2026,2788,ঠিক আছে,ঠিক আছে,2,0.5999994751667352
5 Post June 2026,5_post_june_2026,2789,তীব্র নিন্দা প্রতিভা জানাচ্ছি,তীব্র নিন্দা প্রতিভা জানাচ্ছি,4,0.7999985688094652
5 Post June 2026,5_post_june_2026,2790,Alhamdulillah,alhamdulillah,3,0.5999970938628361
5 Post June 2026,5_post_june_2026,2791,good job,good job,3,0.7331865200575418
5 Post June 2026,5_post_june_2026,2792,কি হলো,কি হলো,1,0.5983058530216735
5 Post June 2026,5_post_june_2026,2793,আপনারাও কি আওয়ামী লীগের মত হয়ে যাবেন?,আপনারাও কি আওয়ামী লীগের মত হয়ে যাবেন,4,0.52860534845533
5 Post June 2026,5_post_june_2026,2794,তীব্র নিন্দা জানাই,তীব্র নিন্দা জানাই,4,0.7999678875230583
5 Post June 2026,5_post_june_2026,2795,তীব্র নিন্দা ও প্রতিবাদ জানাই,তীব্র নিন্দা ও প্রতিবাদ জানাই,4,0.8399805016909228
5 Post June 2026,5_post_june_2026,2796,এই মবের মাসুল কে,এই মবের মাসুল কে,0,0.2
5 Post June 2026,5_post_june_2026,2797,শাকিব আল হাসান বাংলাদেশের অহংকার এরা ঠিক করে নাই,শাকিব আল হাসান বাংলাদেশের অহংকার এরা ঠিক করে নাই,2,0.6494760747467552
5 Post June 2026,5_post_june_2026,2798,রাজনীতি করা উচিত রাজ পথে কারো বাড়িতে না,রাজনীতি করা উচিত রাজ পথে কারো বাড়িতে না,3,0.8639796336059723
5 Post June 2026,5_post_june_2026,2799,Ei jonggider bichar hobe Sheikh hasina ashse,ei jonggider bichar hobe sheikh hasina ashse,2,0.7333292727599675
5 Post June 2026,5_post_june_2026,2800,"বাল পাকনা বেশি হয়ে গেছে,দেশের লোক রাজনীতি হবে মাঠে, মানুষের বাড়িতে কি",বাল পাকনা বেশি হয়ে গেছে দেশের লোক রাজনীতি হবে মাঠে মানুষের বাড়িতে কি,3,0.5125529860140138
5 Post June 2026,5_post_june_2026,2801,Alhameddulillah,alhameddulillah,0,0.2
5 Post June 2026,5_post_june_2026,2802,সঠিক পদ্ধতিতে হচ্ছে,সঠিক পদ্ধতিতে হচ্ছে,2,0.598878076669741
5 Post June 2026,5_post_june_2026,2803,অনেক সুন্দর হয়েছে,অনেক সুন্দর হয়েছে,0,0.5978765647579896
5 Post June 2026,5_post_june_2026,2804,এর চাইতে পুরা দেশ পারমাণবিক বো মা মেরে উ রিয়ে দিলেইত হয়,এর চাইতে পুরা দেশ পারমাণবিক বো মা মেরে উ রিয়ে দিলেইত হয়,3,0.4497355043795141
5 Post June 2026,5_post_june_2026,2805,আবার সেই আগের মত জং গি চলে আসছে,আবার সেই আগের মত জং গি চলে আসছে,3,0.862539558821247
5 Post June 2026,5_post_june_2026,2806,কবের ঘটনা,কবের ঘটনা,3,0.5999755242965927
5 Post June 2026,5_post_june_2026,2807,মিয়া মিয়া,মিয়া মিয়া,0,0.7333271961757271
5 Post June 2026,5_post_june_2026,2808,আরো করো ভিডিও কল।,আরো করো ভিডিও কল,3,0.7987288710604467
5 Post June 2026,5_post_june_2026,2809,হাহাহা,হাহাহা,0,0.599977914279522
5 Post June 2026,5_post_june_2026,2810,ওন ওন ওন,ওন ওন ওন,0,0.2
5 Post June 2026,5_post_june_2026,2811,আপা কই,আপা কই,2,0.7296475295530873
5 Post June 2026,5_post_june_2026,2812,Sharma Susmita কি করবে ভাই এদের জন্মের ঠিক নাই তাই এগুলা করছে,sharma susmita কি করবে ভাই এদের জন্মের ঠিক নাই তাই এগুলা করছে,3,0.7042260687995132
5 Post June 2026,5_post_june_2026,2813,Jongei ja kei pareman bara gasa sana bahei nei jana na ara pakistaner jamat sever jongei,jongei ja kei pareman bara gasa sana bahei nei jana na ara pakistaner jamat sever jongei,2,0.7999943730306531
5 Post June 2026,5_post_june_2026,2814,"উচিৎ জবাব দিয়েছেন,",উচিৎ জবাব দিয়েছেন,3,0.40022300676514
5 Post June 2026,5_post_june_2026,2815,এন সি পি জাশির কাজ,এন সি পি জাশির কাজ,1,0.44003051259120307
5 Post June 2026,5_post_june_2026,2816,যারা এ কাজ করেছে তাদেরকে পুরস্কার দেয়া হবে,যারা এ কাজ করেছে তাদেরকে পুরস্কার দেয়া হবে,1,0.5851682886463698
5 Post June 2026,5_post_june_2026,2817,Good job,good job,3,0.7331865200575418
5 Post June 2026,5_post_june_2026,2818,সঠিক কাজ,সঠিক কাজ,4,0.3996809262830273
5 Post June 2026,5_post_june_2026,2819,একদম সঠিক কাজ করছেন জনগণ,একদম সঠিক কাজ করছেন জনগণ,2,0.5325941096514024
5 Post June 2026,5_post_june_2026,2820,কর তরা কত করতে পারিছ সময় হলে ঠিক দরা দিবি,কর তরা কত করতে পারিছ সময় হলে ঠিক দরা দিবি,4,0.7021502534311534
5 Post June 2026,5_post_june_2026,2821,যে বা যারা এভাবে হামলা করে ওদেরকে চিহ্নিত করে রাখা হোক,যে বা যারা এভাবে হামলা করে ওদেরকে চিহ্নিত করে রাখা হোক,3,0.8656936603218426
5 Post June 2026,5_post_june_2026,2822,একজনের বাড়িতে আগুন দেওয়ার অধিকার কারো নাই এইগুলা মনে রেখ সময় সব সময় একজনের সাথে থাকে না বেশি লাগবে না সময় আসতে...,একজনের বাড়িতে আগুন দেওয়ার অধিকার কারো নাই এইগুলা মনে রেখ সময় সব সময় একজনের সাথে থাকে না বেশি লাগবে না সময় আসতে,2,0.9520137610124955
5 Post June 2026,5_post_june_2026,2823,এসব করে সরকারের ব্যার্থতা ছারা আর কিছু প্রমান করে না।,এসব করে সরকারের ব্যার্থতা ছারা আর কিছু প্রমান করে না,1,0.43321750627889133
5 Post June 2026,5_post_june_2026,2824,সাবাস,সাবাস,4,0.599984432390609
5 Post June 2026,5_post_june_2026,2825,১৭ বছর বাল ছিড়ছিলো। এখন খালি বাড়িতে ককটেল মারছে।,বছর বাল ছিড়ছিলো এখন খালি বাড়িতে ককটেল মারছে,3,0.6385777467258024
5 Post June 2026,5_post_june_2026,2826,এটাই রাজনীতি???,এটাই রাজনীতি,3,0.4499163828868047
5 Post June 2026,5_post_june_2026,2827,good job,good job,3,0.7331865200575418
5 Post June 2026,5_post_june_2026,2828,এতো ভয় পাইলে রাজনীতি কিভাবে করবে এরা,এতো ভয় পাইলে রাজনীতি কিভাবে করবে এরা,0,0.6978165109723365
5 Post June 2026,5_post_june_2026,2829,Alhamdulillah,alhamdulillah,3,0.5999970938628361
5 Post June 2026,5_post_june_2026,2830,"এগুলো সনএাসী কাজ এগুলো রাজনীতি হতেই পারেনা,,,",এগুলো সনএাসী কাজ এগুলো রাজনীতি হতেই পারেনা,3,0.6999668372573716
5 Post June 2026,5_post_june_2026,2831,এটা দালালির ফল,এটা দালালির ফল,4,0.5999922645253407
5 Post June 2026,5_post_june_2026,2832,আলহামদুলিল্লাহ,আলহামদুলিল্লাহ,4,0.5999992544339399
5 Post June 2026,5_post_june_2026,2833,Good,good,3,0.5994957795719726
5 Post June 2026,5_post_june_2026,2834,জুলাইয়ের সাথে সাকিবের কোন সম্পৃক্ততা নেই কারণ সাকিব তখন বাংলাদেশী ছিল না সাকিব খুবই ভদ্র একটা ছেলে রাজনীতির সাথে জড়িয়ে জীব…,জুলাইয়ের সাথে সাকিবের কোন সম্পৃক্ততা নেই কারণ সাকিব তখন বাংলাদেশী ছিল না সাকিব খুবই ভদ্র একটা ছেলে রাজনীতির সাথে জড়িয়ে জীব,3,0.8994544571753887
5 Post June 2026,5_post_june_2026,2835,Good job,good job,3,0.7331865200575418
5 Post June 2026,5_post_june_2026,2836,বেশি বাড়াবাড়ি হয়ে যাচ্ছে,বেশি বাড়াবাড়ি হয়ে যাচ্ছে,4,0.8384939131050841
5 Post June 2026,5_post_june_2026,2837,রাজাকারের সাবক,রাজাকারের সাবক,4,0.5990255718935786
5 Post June 2026,5_post_june_2026,2838,শাকিবের আপা কই এখন চট করে ঢুকে পড়েন,শাকিবের আপা কই এখন চট করে ঢুকে পড়েন,2,0.7296475295530873
5 Post June 2026,5_post_june_2026,2839,একদম ঠিক করেছে,একদম ঠিক করেছে,2,0.7333321692593229
5 Post June 2026,5_post_june_2026,2840,ঠিক আছে ধন্যবাদ,ঠিক আছে ধন্যবাদ,2,0.40000494521038654
5 Post June 2026,5_post_june_2026,2841,কুত্তা শাকিব এ-র জন্য এটাই ঠিক আছে,কুত্তা শাকিব এ র জন্য এটাই ঠিক আছে,2,0.5499876983888807
5 Post June 2026,5_post_june_2026,2842,এইবার টিক আছে,এইবার টিক আছে,4,0.7333177946410201
5 Post June 2026,5_post_june_2026,2843,কমেন্ট পড়লেই বুঝা যায় আমাদের মধ্যে কত শ্রেণীর লোক আছে। এই দেশের মানুষ যদি এত বিভক্ত না হয়ে এক হতেপারে তবেই শান্তি আসবে দেশে।,কমেন্ট পড়লেই বুঝা যায় আমাদের মধ্যে কত শ্রেণীর লোক আছে এই দেশের মানুষ যদি এত বিভক্ত না হয়ে এক হতেপারে তবেই শান্তি আসবে দেশে,4,0.5712462875678548
5 Post June 2026,5_post_june_2026,2844,জামাত-শিবিরের অস্তিত্ব থাকে না এই বাংলাদেশে একটু অপেক্ষা,জামাত শিবিরের অস্তিত্ব থাকে না এই বাংলাদেশে একটু অপেক্ষা,4,0.8642886967888255
5 Post June 2026,5_post_june_2026,2845,Sharma Susmita আমি তো তোর খাটে করতে চাই,sharma susmita আমি তো তোর খাটে করতে চাই,0,0.8377234560937477
5 Post June 2026,5_post_june_2026,2846,Rofik Islam apnar jonn jotaa,rofik islam apnar jonn jotaa,0,0.5994582550115358
5 Post June 2026,5_post_june_2026,2847,পুলিশ আসলেই ফানুস,পুলিশ আসলেই ফানুস,0,0.729738838045124
5 Post June 2026,5_post_june_2026,2848,সুন্দর কাজ হয়েছে,সুন্দর কাজ হয়েছে,0,0.45314149062057574
5 Post June 2026,5_post_june_2026,2849,ভিডিও না করে পুলিশ কে ফোন দিতেন,ভিডিও না করে পুলিশ কে ফোন দিতেন,3,0.4004898531767763
5 Post June 2026,5_post_june_2026,2850,সাকিব আল হাসানকে জয়বাংলা করে দেওয়া এটা দায়িত্বশীল হয়েছে হয়েছে।,সাকিব আল হাসানকে জয়বাংলা করে দেওয়া এটা দায়িত্বশীল হয়েছে হয়েছে,2,0.44180580046059376
5 Post June 2026,5_post_june_2026,2851,একদম ঠিক আছে।,একদম ঠিক আছে,2,0.7333321692593229
5 Post June 2026,5_post_june_2026,2852,আলহামদুলিল্লাহ,আলহামদুলিল্লাহ,4,0.5999992544339399
5 Post June 2026,5_post_june_2026,2853,ধন্যবাদ বাংলাদেশ অনেক সুন্দর পারো,ধন্যবাদ বাংলাদেশ অনেক সুন্দর পারো,0,0.7996126869719536
5 Post June 2026,5_post_june_2026,2854,৩২ নম্বর এর মত করে দেয়া যায় না।,নম্বর এর মত করে দেয়া যায় না,4,0.7309990069219255
5 Post June 2026,5_post_june_2026,2855,এটা অন্যায়,এটা অন্যায়,1,0.5999933857104084
5 Post June 2026,5_post_june_2026,2856,ওওও,ওওও,0,0.2
5 Post June 2026,5_post_june_2026,2857,Akm Mostofa Kamal মাঠ ফাঁকা হল কেন,akm mostofa kamal মাঠ ফাঁকা হল কেন,3,0.7327185626993044
5 Post June 2026,5_post_june_2026,2858,আলী হোসেন তোর বাপের বাড়ি,আলী হোসেন তোর বাপের বাড়ি,0,0.7997433202449611
5 Post June 2026,5_post_june_2026,2859,Agun tu dekha jai na ray modir awlad,agun tu dekha jai na ray modir awlad,0,0.549169669836281
5 Post June 2026,5_post_june_2026,2860,কেরোসেনের আগুন লাগাতে হবে,কেরোসেনের আগুন লাগাতে হবে,4,0.7330797807795625
5 Post June 2026,5_post_june_2026,2861,Alhamdulillah,alhamdulillah,3,0.5999970938628361
5 Post June 2026,5_post_june_2026,2862,বিম্পী আগুন ধরাইছে এটা এনসিপি করবেনা৷,বিম্পী আগুন ধরাইছে এটা এনসিপি করবেনা৷,4,0.599093876838537
5 Post June 2026,5_post_june_2026,2863,আলহামদুলিল্লাহ,আলহামদুলিল্লাহ,4,0.5999992544339399
5 Post June 2026,5_post_june_2026,2864,Good job,good job,3,0.7331865200575418
5 Post June 2026,5_post_june_2026,2865,দিল্লি যাইতে বলো,দিল্লি যাইতে বলো,0,0.2
5 Post June 2026,5_post_june_2026,2866,ঠিক করছে,ঠিক করছে,2,0.5999994751667352
5 Post June 2026,5_post_june_2026,2867,ঠিক করছে,ঠিক করছে,2,0.5999994751667352
5 Post June 2026,5_post_june_2026,2868,"এটা মোটেও ঠিক না,",এটা মোটেও ঠিক না,2,0.5999994751667352
5 Post June 2026,5_post_june_2026,2869,ঠিক কাজ হয়েছে,ঠিক কাজ হয়েছে,2,0.4000329688421587
5 Post June 2026,5_post_june_2026,2870,টিক আছে,টিক আছে,4,0.5999733932269812
5 Post June 2026,5_post_june_2026,2871,হায়রে মানুষ আরও আসবে,হায়রে মানুষ আরও আসবে,4,0.7964126049406884
5 Post June 2026,5_post_june_2026,2872,"বিশ্বমিডিয়ায় দেশের মুখ উজ্জ্বল করা অলরাউন্ডার সাকিবের বাড়িতে হামলার আগে আক্রমণকারীদের মনে রাখা উচিত—ক্ষমতা চিরস্থায়ী নয়, তাই '…",বিশ্বমিডিয়ায় দেশের মুখ উজ্জ্বল করা অলরাউন্ডার সাকিবের বাড়িতে হামলার আগে আক্রমণকারীদের মনে রাখা উচিত ক্ষমতা চিরস্থায়ী নয় তাই,0,0.5510778781300332
5 Post June 2026,5_post_june_2026,2873,ছাগল গুলো বুঝতেও পারলো না আ'গুন কোথায় লাগালো।…,ছাগল গুলো বুঝতেও পারলো না আ গুন কোথায় লাগালো,3,0.7988426017124975
5 Post June 2026,5_post_june_2026,2874,ভালো কাজ করচে,ভালো কাজ করচে,4,0.732229301114768
5 Post June 2026,5_post_june_2026,2875,আলহামদুলিল্লাহ,আলহামদুলিল্লাহ,4,0.5999992544339399
5 Post June 2026,5_post_june_2026,2876,Alhamdulillah,alhamdulillah,3,0.5999970938628361
5 Post June 2026,5_post_june_2026,2877,আলহামদুলিল্লাহ,আলহামদুলিল্লাহ,4,0.5999992544339399
5 Post June 2026,5_post_june_2026,2878,এই কাজ মোটেই ঠিক হয় নি।,এই কাজ মোটেই ঠিক হয় নি,4,0.5484905561751904
5 Post June 2026,5_post_june_2026,2879,আলহামদুলিল্লাহ,আলহামদুলিল্লাহ,4,0.5999992544339399
5 Post June 2026,5_post_june_2026,2880,ঠিক করেছে।।,ঠিক করেছে,2,0.5999994751667352
5 Post June 2026,5_post_june_2026,2881,সন্ত্রাসী গুলো কারা?,সন্ত্রাসী গুলো কারা,1,0.7277305661310065
5 Post June 2026,5_post_june_2026,2882,টিকেই আছে দালাল মুক্ত দেশ চাই,টিকেই আছে দালাল মুক্ত দেশ চাই,0,0.8385044697115708
5 Post June 2026,5_post_june_2026,2883,আলহামদুলিল্লাহ চমৎকার হইছে।,আলহামদুলিল্লাহ চমৎকার হইছে,4,0.40019981380225916
5 Post June 2026,5_post_june_2026,2884,মাশাল্লাহ মাশাল্লাহ খুব ভালো কাজ,মাশাল্লাহ মাশাল্লাহ খুব ভালো কাজ,4,0.8396948632502406
5 Post June 2026,5_post_june_2026,2885,এটা কি বাংলাদেশ,এটা কি বাংলাদেশ,0,0.599171616995158
5 Post June 2026,5_post_june_2026,2886,"রাজনৈতিক জুয়ারী সাকিবের বাড়ীতে আগুন দিয়েছে সাধারণ জনতা, ক্রিকেটার সাকিবের বাড়ীতে ফুলের টুকাও দেয়নি কেউ।",রাজনৈতিক জুয়ারী সাকিবের বাড়ীতে আগুন দিয়েছে সাধারণ জনতা ক্রিকেটার সাকিবের বাড়ীতে ফুলের টুকাও দেয়নি কেউ,0,0.7267891861967608
5 Post June 2026,5_post_june_2026,2888,ঔ এলাকার লোকজন মনে হয় ঔটা,ঔ এলাকার লোকজন মনে হয় ঔটা,2,0.7299793738038544
5 Post June 2026,5_post_june_2026,2889,বেশি আবেগ ভালো কিছু আনবেনা।,বেশি আবেগ ভালো কিছু আনবেনা,3,0.7962458204102404
5 Post June 2026,5_post_june_2026,2890,ঠিক আছে,ঠিক আছে,2,0.5999994751667352
5 Post June 2026,5_post_june_2026,2891,"যারাই এই বর্বর, পৈশাচিক, কাপুরুসুচিৎ হামলা চালিয়েছে, তাদেরও বাড়ি ঘর আছে, আগামীতে দিগুন করে ফিরিয়ে দেওয়া হবে, ইনশাআল্লাহ।।",যারাই এই বর্বর পৈশাচিক কাপুরুসুচিৎ হামলা চালিয়েছে তাদেরও বাড়ি ঘর আছে আগামীতে দিগুন করে ফিরিয়ে দেওয়া হবে ইনশাআল্লাহ,0,0.4898719318616781
5 Post June 2026,5_post_june_2026,2892,তীব্র নিন্দা ও প্রতিবাদ জানাই যারা এসব সন্ত্রাসী কর্মকাণ্ড করেছে ইনশাল্লাহ খুব শিগগিরই তাদের এই বিচার হবে,তীব্র নিন্দা ও প্রতিবাদ জানাই যারা এসব সন্ত্রাসী কর্মকাণ্ড করেছে ইনশাল্লাহ খুব শিগগিরই তাদের এই বিচার হবে,4,0.6760924486844637
5 Post June 2026,5_post_june_2026,2893,বিএনপির লোক সব গুলো,বিএনপির লোক সব গুলো,1,0.7317640929898716
5 Post June 2026,5_post_june_2026,2894,এতে শাকিবের জনপ্রিয়তা আরো বেড়ে গেল,এতে শাকিবের জনপ্রিয়তা আরো বেড়ে গেল,3,0.5583361761194844
5 Post June 2026,5_post_june_2026,2895,আলহামদুলিল্লাহ,আলহামদুলিল্লাহ,4,0.5999992544339399
5 Post June 2026,5_post_june_2026,2896,আজকে না দেখলাম চাচায় লাইভে আইছিলো হাসিনা বুয়ার সাথে,আজকে না দেখলাম চাচায় লাইভে আইছিলো হাসিনা বুয়ার সাথে,3,0.8391398200116762
5 Post June 2026,5_post_june_2026,2897,Alhamdulillah,alhamdulillah,3,0.5999970938628361
5 Post June 2026,5_post_june_2026,2898,এলাকাবাসীরা একত্রিত হয়ে প্রতিবাদ করুন। এইসব বন্ধ করার দায়িত্ব এখন জনগনের।,এলাকাবাসীরা একত্রিত হয়ে প্রতিবাদ করুন এইসব বন্ধ করার দায়িত্ব এখন জনগনের,4,0.9105694847191614
5 Post June 2026,5_post_june_2026,2899,আলহামদুলিল্লাহ,আলহামদুলিল্লাহ,4,0.5999992544339399
5 Post June 2026,5_post_june_2026,2900,আলহামদুলিল্লাহ,আলহামদুলিল্লাহ,4,0.5999992544339399
5 Post June 2026,5_post_june_2026,2901,এটা কাঙ্খিত নয়।,এটা কাঙ্খিত নয়,0,0.597864679305158
5 Post June 2026,5_post_june_2026,2902,ধন্যবাদ এসব ভালো ভালো কাজ কর,ধন্যবাদ এসব ভালো ভালো কাজ কর,4,0.7050123319400525
5 Post June 2026,5_post_june_2026,2903,দালাল সাকিব,দালাল সাকিব,0,0.400071166120787
5 Post June 2026,5_post_june_2026,2904,সাবাস,সাবাস,4,0.599984432390609
5 Post June 2026,5_post_june_2026,2905,Alhamdulillah,alhamdulillah,3,0.5999970938628361
5 Post June 2026,5_post_june_2026,2906,উত্তেজিত হবেন না ব্যক্তি সাকিবের বাড়িতে আ*গুন দেওয়া হয়েছে খেলোয়াড় সাকিবের বাড়িতে নয়,উত্তেজিত হবেন না ব্যক্তি সাকিবের বাড়িতে আ গুন দেওয়া হয়েছে খেলোয়াড় সাকিবের বাড়িতে নয়,3,0.8339745236656901
5 Post June 2026,5_post_june_2026,2907,"যেখানে মাশরাফি বিন মর্তুজার মতো একজন সম্মানিত মানুষের স্মৃতিময় বাড়িও রক্ষা পায়নি, সেখানে সাকিব আল হাসানের বাড়িতে এমন ঘটনায…",যেখানে মাশরাফি বিন মর্তুজার মতো একজন সম্মানিত মানুষের স্মৃতিময় বাড়িও রক্ষা পায়নি সেখানে সাকিব আল হাসানের বাড়িতে এমন ঘটনায,2,0.9311792333174284
5 Post June 2026,5_post_june_2026,2908,আলহামদুলিল্লাহ,আলহামদুলিল্লাহ,4,0.5999992544339399
5 Post June 2026,5_post_june_2026,2909,জংগী হামলার নিন্দা জানাই।,জংগী হামলার নিন্দা জানাই,4,0.8375408231355356
5 Post June 2026,5_post_june_2026,2910,তিব্র নিন্দা জানাচ্ছি,তিব্র নিন্দা জানাচ্ছি,4,0.7999978752380843
5 Post June 2026,5_post_june_2026,2911,খুব দুঃখ জনক,খুব দুঃখ জনক,1,0.5990084151452689
5 Post June 2026,5_post_june_2026,2912,Alhamdulillah,alhamdulillah,3,0.5999970938628361
5 Post June 2026,5_post_june_2026,2913,হামলার সাথে জড়িত সকলকে ধন্যবাদ।,হামলার সাথে জড়িত সকলকে ধন্যবাদ,0,0.7995208370980764
5 Post June 2026,5_post_june_2026,2914,Bnp,bnp,1,0.5947329147698345
5 Post June 2026,5_post_june_2026,2915,Sharma Susmita বাংলাদেশ এর রাজনীতি তে আপনার মত ভারতীয় এর কমেন্ট কেন?নিজের দেশ নিয়ে ভাবুন।বাংলাদেশ নিয়ে ভাবার জন্য বাংলাদেশ এ অনেক লোক আছে।,sharma susmita বাংলাদেশ এর রাজনীতি তে আপনার মত ভারতীয় এর কমেন্ট কেন নিজের দেশ নিয়ে ভাবুন বাংলাদেশ নিয়ে ভাবার জন্য বাংলাদেশ এ অনেক লোক আছে,0,0.9456463830121248
5 Post June 2026,5_post_june_2026,2916,আলী হোসেন তোর কোলসি ফুটা কোইরা দিমু,আলী হোসেন তোর কোলসি ফুটা কোইরা দিমু,0,0.7333258036222933
5 Post June 2026,5_post_june_2026,2917,জংগী মুক্ত করতে শেখ হাসিনার বিকল্প নেই,জংগী মুক্ত করতে শেখ হাসিনার বিকল্প নেই,0,0.8837211213429065
5 Post June 2026,5_post_june_2026,2918,ধন্যবাদ সবাইকে,ধন্যবাদ সবাইকে,0,0.7329943803484329
5 Post June 2026,5_post_june_2026,2919,বগুড়া বাসীকে অসংখ্য ধন্যবাদ,বগুড়া বাসীকে অসংখ্য ধন্যবাদ,0,0.7333308616678184
5 Post June 2026,5_post_june_2026,2920,"টিকই আছে,, সাকিব বেশি বাল পাকনা",টিকই আছে সাকিব বেশি বাল পাকনা,3,0.5010374810431266
5 Post June 2026,5_post_june_2026,2921,"যারা জুলাই বিক্রি করে এ দেশটাকে শেষ করছে তাদের তো চলবেই যা ইচ্ছে করেন, এখন তো আপনারই সব। তবে প্রকৃতির হিসেবের কথা ও মাথায় র…",যারা জুলাই বিক্রি করে এ দেশটাকে শেষ করছে তাদের তো চলবেই যা ইচ্ছে করেন এখন তো আপনারই সব তবে প্রকৃতির হিসেবের কথা ও মাথায় র,2,0.5752544494252336
5 Post June 2026,5_post_june_2026,2922,দুঃখ জনক,দুঃখ জনক,1,0.5990084151452689
5 Post June 2026,5_post_june_2026,2923,রেন্ডিয়ান্দের জ্বলে তারা ব্যাথা পায় ব্যাট বল পেলে বাচ্ছারা রাজনীতি করলে এমন ই হয়,রেন্ডিয়ান্দের জ্বলে তারা ব্যাথা পায় ব্যাট বল পেলে বাচ্ছারা রাজনীতি করলে এমন ই হয়,4,0.7414694209651252
5 Post June 2026,5_post_june_2026,2924,ঠিকি আছে হালার পুত রে অনেক পছন্দ করতাম এখন আর সেই যায়গা নাই,ঠিকি আছে হালার পুত রে অনেক পছন্দ করতাম এখন আর সেই যায়গা নাই,3,0.8661031045805172
5 Post June 2026,5_post_june_2026,2925,"ধন্যবাদ, মাগুরাবাসী। স্বৈরাচারের বিরুদ্ধে জনগণের অবস্থান স্পষ্ট। স্বৈরাচারীদের সঙ্গে কোনো আপস নয়। এভাবেই জবাব দিতে হবে।",ধন্যবাদ মাগুরাবাসী স্বৈরাচারের বিরুদ্ধে জনগণের অবস্থান স্পষ্ট স্বৈরাচারীদের সঙ্গে কোনো আপস নয় এভাবেই জবাব দিতে হবে,0,0.9262621887528489
5 Post June 2026,5_post_june_2026,2926,কালকে সেমিফাইনাল খেলছে মোদির সাথে। ডিসেম্বরে ফাইনাল খেলবে ট্রাম্পের সাথে।,কালকে সেমিফাইনাল খেলছে মোদির সাথে ডিসেম্বরে ফাইনাল খেলবে ট্রাম্পের সাথে,0,0.2
5 Post June 2026,5_post_june_2026,2927,ছাগল গুলো বুঝতেও পারলো না আ'গুন কোথায় লাগালো। এই ঘটনায় ইতিমধ্যে আন্তর্জাতিক মিডিয়ায় আ'গুন লেগে গেছে।,ছাগল গুলো বুঝতেও পারলো না আ গুন কোথায় লাগালো এই ঘটনায় ইতিমধ্যে আন্তর্জাতিক মিডিয়ায় আ গুন লেগে গেছে,3,0.626831652356472
5 Post June 2026,5_post_june_2026,2928,Akm Mostofa Kamal তে তুই আয়,akm mostofa kamal তে তুই আয়,0,0.7331018463143704
5 Post June 2026,5_post_june_2026,2929,দেশের আইন টাকা দিয়ে কিনা যায়,দেশের আইন টাকা দিয়ে কিনা যায়,3,0.5133632361416094
5 Post June 2026,5_post_june_2026,2930,হুজুরের উপর দায় চাপিয়ে দেওয়া হয়েছে,হুজুরের উপর দায় চাপিয়ে দেওয়া হয়েছে,1,0.6410721339817332
5 Post June 2026,5_post_june_2026,2931,"আমাদের পরম সৌভাগ্য দেশে ইনসাফ কায়েম হয়েছে, সংস্কার সফল হয়েছে। গণতন্ত্র চর্চার ধারাবাহিকতায় মানবাধিকার, ন্যায়বিচার এবং আইন…",আমাদের পরম সৌভাগ্য দেশে ইনসাফ কায়েম হয়েছে সংস্কার সফল হয়েছে গণতন্ত্র চর্চার ধারাবাহিকতায় মানবাধিকার ন্যায়বিচার এবং আইন,1,0.8662767157130273
5 Post June 2026,5_post_june_2026,2933,"আলেম নির্মুল করতে গিয়ে হাসিনা ধংস হয়েছে ইনশাআল্লাহ বি এন পি ধংস হবে,,,",আলেম নির্মুল করতে গিয়ে হাসিনা ধংস হয়েছে ইনশাআল্লাহ বি এন পি ধংস হবে,1,0.7784489603498127
5 Post June 2026,5_post_june_2026,2934,আমাদের আদালত মন যা চায়।,আমাদের আদালত মন যা চায়,1,0.8372794917246665
5 Post June 2026,5_post_june_2026,2935,একজন যে হাফেজ নাইম সেটা লিখলেন না যে? এটাতেও টেকনিক আছে মনে হয়,একজন যে হাফেজ নাইম সেটা লিখলেন না যে এটাতেও টেকনিক আছে মনে হয়,1,0.7988406187024037
5 Post June 2026,5_post_june_2026,2936,হা হা হা হা হা হা ইনসাফ ভিত্তিক বিচার শুরু হয়েছে,হা হা হা হা হা হা ইনসাফ ভিত্তিক বিচার শুরু হয়েছে,2,0.7186284608538367
5 Post June 2026,5_post_june_2026,2937,হুজুরের দোষ।।।।।,হুজুরের দোষ,1,0.7333309678639067
5 Post June 2026,5_post_june_2026,2938,"একই মামলা, একই অভিযোগ—কেউ খালাস, আর একজন হাফেজের জন্য মৃত্যুদণ্ড!…",একই মামলা একই অভিযোগ কেউ খালাস আর একজন হাফেজের জন্য মৃত্যুদণ্ড,1,0.8999982345799925
5 Post June 2026,5_post_june_2026,2939,একজন মজলুম আলেমের সাথে অন্যায়কে আল্লাহ তায়ালা বরদাশত করবেন না।,একজন মজলুম আলেমের সাথে অন্যায়কে আল্লাহ তায়ালা বরদাশত করবেন না,1,0.8997921929420876
5 Post June 2026,5_post_june_2026,2940,রাজনীতিতে ১ জন ইনভল্ত না থাকায় শাস্তি টা পাইতে হলো,রাজনীতিতে জন ইনভল্ত না থাকায় শাস্তি টা পাইতে হলো,1,0.39652759181978686
5 Post June 2026,5_post_june_2026,2941,আফসোস আলেম বলে তাকে মৃত্যুদণ্ড দিলো বাকিরা খালাস,আফসোস আলেম বলে তাকে মৃত্যুদণ্ড দিলো বাকিরা খালাস,1,0.8020866917886527
5 Post June 2026,5_post_june_2026,2942,"সুরঞ্জিত হত্যার চেষ্টা, ওকে কি হত্যা করতে পেরেছিল? পারে নাই ,তাহলে ফাঁসির আদেশ হয় কি করে?",সুরঞ্জিত হত্যার চেষ্টা ওকে কি হত্যা করতে পেরেছিল পারে নাই তাহলে ফাঁসির আদেশ হয় কি করে,3,0.645313592957278
5 Post June 2026,5_post_june_2026,2943,সুশাসন প্রতিষ্ঠিত হয়েছে,সুশাসন প্রতিষ্ঠিত হয়েছে,0,0.2
5 Post June 2026,5_post_june_2026,2944,হুজুর বলে দায় দিয়ে দাও!!!,হুজুর বলে দায় দিয়ে দাও,1,0.8393307972057281
5 Post June 2026,5_post_june_2026,2945,সেই একজনের মাথায় টুপি আছে। তিনি হুজুর,সেই একজনের মাথায় টুপি আছে তিনি হুজুর,2,0.5217867163807632
5 Post June 2026,5_post_june_2026,2946,এটা কিভাবে সম্ভব?,এটা কিভাবে সম্ভব,0,0.7327838011300849
5 Post June 2026,5_post_june_2026,2947,এটাই বাংলাদেশের আইন,এটাই বাংলাদেশের আইন,1,0.7978581480083731
5 Post June 2026,5_post_june_2026,2948,তামাশা কর,তামাশা কর,4,0.7328587185347216
5 Post June 2026,5_post_june_2026,2949,আমাদের দেশের বিচার,আমাদের দেশের বিচার,1,0.7303668006713672
5 Post June 2026,5_post_june_2026,2950,আর সেই একজন কোরআনের হাফেজ।,আর সেই একজন কোরআনের হাফেজ,1,0.7333265108503295
5 Post June 2026,5_post_june_2026,2951,Tupi owala take dhorche A des tupi owalara nirapod noi,tupi owala take dhorche a des tupi owalara nirapod noi,0,0.2
5 Post June 2026,5_post_june_2026,2952,বাংলাদেশে ক্ষমতা যার আইন তার। ক্ষমতাসীনরা খালাস পায়। আর নিরীহ মানুষের মৃত্যুদণ্ড হয়।,বাংলাদেশে ক্ষমতা যার আইন তার ক্ষমতাসীনরা খালাস পায় আর নিরীহ মানুষের মৃত্যুদণ্ড হয়,1,0.9191495471529678
5 Post June 2026,5_post_june_2026,2953,ওনিও জামিন পাইতেন যদি হুজুর না হইতেন,ওনিও জামিন পাইতেন যদি হুজুর না হইতেন,1,0.733328073928879
5 Post June 2026,5_post_june_2026,2954,সব দোষ হুজুরের,সব দোষ হুজুরের,1,0.7333309678639067
5 Post June 2026,5_post_june_2026,2955,কেন জানেন ওর থেকে দাড়ি টুপি আছে বলে,কেন জানেন ওর থেকে দাড়ি টুপি আছে বলে,2,0.39201474309375633
5 Post June 2026,5_post_june_2026,2956,"রাজনীতিবিদরা মুক্তি পায়, আর হুজুর হওয়ায় ফাঁসির রায়?…",রাজনীতিবিদরা মুক্তি পায় আর হুজুর হওয়ায় ফাঁসির রায়,1,0.8855778902706877
5 Post June 2026,5_post_june_2026,2957,অই একজন কি ভুল করল,অই একজন কি ভুল করল,4,0.7322010253240984
5 Post June 2026,5_post_june_2026,2958,কারণ সে ছিল হাফেজ দাড়ি টুপি ওয়ালা,কারণ সে ছিল হাফেজ দাড়ি টুপি ওয়ালা,2,0.5685498548451678
5 Post June 2026,5_post_june_2026,2959,আর তিনি দারি টুপি ওলা হাফেজ,আর তিনি দারি টুপি ওলা হাফেজ,2,0.4000111940905231
5 Post June 2026,5_post_june_2026,2960,দীর্ঘ ২০ বছর কারাভোগের পর তিনি মুক্তি পেয়েছিলেন। মুক্তির পর এসে মা-বাবাকেও আর জীবিত পাননি। জীবনের সবচেয়ে মূল্যবান সময়গুলো কারা…,দীর্ঘ বছর কারাভোগের পর তিনি মুক্তি পেয়েছিলেন মুক্তির পর এসে মা বাবাকেও আর জীবিত পাননি জীবনের সবচেয়ে মূল্যবান সময়গুলো কারা,3,0.938003247815764
5 Post June 2026,5_post_june_2026,2961,কিছু বললেই দোষ হবে,কিছু বললেই দোষ হবে,1,0.5999962161973932
5 Post June 2026,5_post_june_2026,2962,যাকে মৃত্যুদণ্ড দিয়েছে সে নিশ্চয়ই জামায়াতের সঙ্গে জড়িত হতে পারে,যাকে মৃত্যুদণ্ড দিয়েছে সে নিশ্চয়ই জামায়াতের সঙ্গে জড়িত হতে পারে,0,0.5369980556330882
5 Post June 2026,5_post_june_2026,2963,আইনের শাসন!,আইনের শাসন,4,0.7327865399073733
5 Post June 2026,5_post_june_2026,2964,কারণ তিনি হলেন একজন হুজুর এটাই আমার বাংলাদেশ,কারণ তিনি হলেন একজন হুজুর এটাই আমার বাংলাদেশ,1,0.6081981665414968
5 Post June 2026,5_post_june_2026,2965,যদি হাফেজ সাহেব বিএনপি করতো তাহলে কখনো মৃত্যুদণ্ড দিত না।,যদি হাফেজ সাহেব বিএনপি করতো তাহলে কখনো মৃত্যুদণ্ড দিত না,0,0.5634886463514763
5 Post June 2026,5_post_june_2026,2966,সে একজনের মাথায় তেল নাই তার জন্য তার সাজা,সে একজনের মাথায় তেল নাই তার জন্য তার সাজা,2,0.8820699978867491
5 Post June 2026,5_post_june_2026,2967,এটাই বাংলাদেশের বিচার যখন যে ক্ষমতায় যায় তার সব গুনাহ মাফ হয়ে যায়,এটাই বাংলাদেশের বিচার যখন যে ক্ষমতায় যায় তার সব গুনাহ মাফ হয়ে যায়,1,0.884444597360017
5 Post June 2026,5_post_june_2026,2968,তার অপরাধ সে হুজুর।,তার অপরাধ সে হুজুর,1,0.7999306731381207
5 Post June 2026,5_post_june_2026,2969,এ তো জানা কথা,এ তো জানা কথা,0,0.2
5 Post June 2026,5_post_june_2026,2970,এটা দেশের কোন বিচার,এটা দেশের কোন বিচার,1,0.796482005106245
5 Post June 2026,5_post_june_2026,2971,একজন সে কিন্তু দলের না,একজন সে কিন্তু দলের না,1,0.7331951191127399
5 Post June 2026,5_post_june_2026,2972,"বিএনপি নিজ দলের গুলাকে খালাস দিলো, নাঈমকে কেনো ফাঁসি দিলো সেম মামলায়?? নাঈম বিএনপি করে না বলে, হুজুর বলে??",বিএনপি নিজ দলের গুলাকে খালাস দিলো নাঈমকে কেনো ফাঁসি দিলো সেম মামলায় নাঈম বিএনপি করে না বলে হুজুর বলে,1,0.9465123765018633
5 Post June 2026,5_post_june_2026,2973,"হুজুর মনে হয় দলের বাহিরের, তাই এমনটা হয়েছে,আফসোস",হুজুর মনে হয় দলের বাহিরের তাই এমনটা হয়েছে আফসোস,1,0.6142388003438599
5 Post June 2026,5_post_june_2026,2974,হাফেজের উপর দায় চাপানো হইছে।,হাফেজের উপর দায় চাপানো হইছে,1,0.7333262645703919
5 Post June 2026,5_post_june_2026,2975,Huje hoyatai doss,huje hoyatai doss,0,0.2
5 Post June 2026,5_post_june_2026,2976,আল্লাহর আদালতে কি জবাব দিবা?,আল্লাহর আদালতে কি জবাব দিবা,4,0.7321207009116164
5 Post June 2026,5_post_june_2026,2977,আর এজনকে আবার ফাঁসানো হলো কেন!!,আর এজনকে আবার ফাঁসানো হলো কেন,3,0.7284995984042049
5 Post June 2026,5_post_june_2026,2978,এটাই বাংলাদেশের আসল চরিত্র,এটাই বাংলাদেশের আসল চরিত্র,1,0.7976936344123413
5 Post June 2026,5_post_june_2026,2979,"এদের সময় ফুরিয়ে আসতেছে, মনে হয়",এদের সময় ফুরিয়ে আসতেছে মনে হয়,2,0.7965792275237644
5 Post June 2026,5_post_june_2026,2980,Doler baire arki Kichu korar nai,doler baire arki kichu korar nai,1,0.5999799545183852
5 Post June 2026,5_post_june_2026,2981,Soirachar atake bole,soirachar atake bole,2,0.5999944861999061
5 Post June 2026,5_post_june_2026,2982,রাষ্ট্র তোমার এ কেমন বিচার,রাষ্ট্র তোমার এ কেমন বিচার,1,0.40113778239551867
5 Post June 2026,5_post_june_2026,2983,এটা আমরা মানি না মানবো না।,এটা আমরা মানি না মানবো না,1,0.5999709693391018
5 Post June 2026,5_post_june_2026,2984,জাহেল সরকার,জাহেল সরকার,0,0.5963369987431333
5 Post June 2026,5_post_june_2026,2985,পাকিস্তান জিন্দাবাদ,পাকিস্তান জিন্দাবাদ,4,0.4001792497472915
5 Post June 2026,5_post_june_2026,2986,সব কয়টার কোন এক বিচার হইব,সব কয়টার কোন এক বিচার হইব,1,0.7284874947153578
5 Post June 2026,5_post_june_2026,2987,রাজপথে নামেন দেখবেন ওনার কিছু হবেনা,রাজপথে নামেন দেখবেন ওনার কিছু হবেনা,0,0.7973369876284971
5 Post June 2026,5_post_june_2026,2988,অপরাধী শুধু অন্য দলেই থাকে ভালো খুব ভালো,অপরাধী শুধু অন্য দলেই থাকে ভালো খুব ভালো,4,0.8644265463542935
5 Post June 2026,5_post_june_2026,2989,বাহ কি চমৎকার খেলা,বাহ কি চমৎকার খেলা,1,0.7995722699351002
5 Post June 2026,5_post_june_2026,2990,একমাত্র আল্লাহই ভাল জানে এই দেশে ইনসাফ কবে কায়েম হবে।,একমাত্র আল্লাহই ভাল জানে এই দেশে ইনসাফ কবে কায়েম হবে,1,0.6409319273282377
5 Post June 2026,5_post_june_2026,2991,সময় ফুরিয়ে আসছে,সময় ফুরিয়ে আসছে,0,0.7292267673360716
5 Post June 2026,5_post_june_2026,2992,দেশটা মগের মল্লুক হয়ে গেছে রে ভাই,দেশটা মগের মল্লুক হয়ে গেছে রে ভাই,4,0.7987899503355287
5 Post June 2026,5_post_june_2026,2993,একের বিচার,একের বিচার,1,0.599999356975593
5 Post June 2026,5_post_june_2026,2994,এর নিন্দা জানাই,এর নিন্দা জানাই,4,0.7332667013667824
5 Post June 2026,5_post_june_2026,2995,এটা নিশ্চিত বিচারক হাফেজ নাইম ভাইয়ের প্রতি জুলুম করেছে,এটা নিশ্চিত বিচারক হাফেজ নাইম ভাইয়ের প্রতি জুলুম করেছে,1,0.5253760069310736
5 Post June 2026,5_post_june_2026,2996,এই হলো আইন,এই হলো আইন,1,0.7328479359560784
5 Post June 2026,5_post_june_2026,2997,এক দেশের দুই আইন,এক দেশের দুই আইন,1,0.7984743025810842
5 Post June 2026,5_post_june_2026,2998,Law of Bangladesh,law of bangladesh,4,0.440501708657052
5 Post June 2026,5_post_june_2026,2999,আমার সোনার বাংলা...,আমার সোনার বাংলা,0,0.7331658464587218
5 Post June 2026,5_post_june_2026,3000,এটা কেমন বিচার,এটা কেমন বিচার,1,0.599999356975593
5 Post June 2026,5_post_june_2026,3001,Ata kmn ray Khma krle sbay k khma krte hbe…,ata kmn ray khma krle sbay k khma krte hbe,2,0.40047043176402025
5 Post June 2026,5_post_june_2026,3002,এতেই বুঝা যায় দেশের বিচার ব্যবস্থা কেমন,এতেই বুঝা যায় দেশের বিচার ব্যবস্থা কেমন,1,0.8375019426303384
5 Post June 2026,5_post_june_2026,3003,অবিচার করে কেউ টিকতে পারেনি,অবিচার করে কেউ টিকতে পারেনি,1,0.4000501003129098
5 Post June 2026,5_post_june_2026,3004,সাউয়ার বিচার আমার।,সাউয়ার বিচার আমার,1,0.599999356975593
5 Post June 2026,5_post_june_2026,3005,ন্যায় বিচার প্রতিষ্ঠিত হচ্ছে!!,ন্যায় বিচার প্রতিষ্ঠিত হচ্ছে,1,0.7333304505065011
5 Post June 2026,5_post_june_2026,3006,আইন সকলের জন্য সমান নয়। প্রমাণিত,আইন সকলের জন্য সমান নয় প্রমাণিত,1,0.457763834572863
5 Post June 2026,5_post_june_2026,3007,উনার সবচেয়ে বড় অপরাধ আমি হুজুর,উনার সবচেয়ে বড় অপরাধ আমি হুজুর,2,0.4554951856663911
5 Post June 2026,5_post_june_2026,3008,এটাই গণতন্ত্র,এটাই গণতন্ত্র,1,0.7325206820056993
5 Post June 2026,5_post_june_2026,3009,তীব্র নিন্দা জানাচ্ছি,তীব্র নিন্দা জানাচ্ছি,4,0.7999985688094652
5 Post June 2026,5_post_june_2026,3010,চেষ্টাতেই মৃত্যুদণ্ড!!,চেষ্টাতেই মৃত্যুদণ্ড,1,0.5999979716910798
5 Post June 2026,5_post_june_2026,3011,ওই একজনের নাম প্রকাশ করুন যার মৃত্যুদণ্ড হয়েছে,ওই একজনের নাম প্রকাশ করুন যার মৃত্যুদণ্ড হয়েছে,1,0.5576623528710916
5 Post June 2026,5_post_june_2026,3012,উনার সবচেয়ে বড় অপরাধ হলো উনি একজন আলেম।,উনার সবচেয়ে বড় অপরাধ হলো উনি একজন আলেম,2,0.4846725432877526
5 Post June 2026,5_post_june_2026,3013,হায়রে জোর যার মুল্লুক তার,হায়রে জোর যার মুল্লুক তার,1,0.8391321108418726
5 Post June 2026,5_post_june_2026,3014,Wow চারিদিকে ওয়াও না…,wow চারিদিকে ওয়াও না,0,0.2
5 Post June 2026,5_post_june_2026,3015,"হাফেজের সাথে অন্যায় হচ্ছে, তার তিব্র নিন্দা জানাচ্ছি",হাফেজের সাথে অন্যায় হচ্ছে তার তিব্র নিন্দা জানাচ্ছি,4,0.5335382692311318
5 Post June 2026,5_post_june_2026,3016,ধন্যবাদ,ধন্যবাদ,0,0.5999993380879446
5 Post June 2026,5_post_june_2026,3017,আমি কিছু বলবো না শুধু চেয়ে দেখব,আমি কিছু বলবো না শুধু চেয়ে দেখব,3,0.7315338482715961
5 Post June 2026,5_post_june_2026,3018,ক্ষমতা যার আইন তার গণতন্ত্র,ক্ষমতা যার আইন তার গণতন্ত্র,1,0.8397266995603219
5 Post June 2026,5_post_june_2026,3019,এই দল নাকি আবার দেওবন্দিয়াতের সম্মান রক্ষা করছে।,এই দল নাকি আবার দেওবন্দিয়াতের সম্মান রক্ষা করছে,3,0.8641283777691782
5 Post June 2026,5_post_june_2026,3020,এইটা বলে বিচার,এইটা বলে বিচার,1,0.7326095670176261
5 Post June 2026,5_post_june_2026,3021,এটাই প্রকৃত ন্যায় ইনসাফ বিএনপির,এটাই প্রকৃত ন্যায় ইনসাফ বিএনপির,1,0.681781767987912
5 Post June 2026,5_post_june_2026,3022,এটা দেশের বিচার ব্যাবস্থা,এটা দেশের বিচার ব্যাবস্থা,1,0.7967575985469203
5 Post June 2026,5_post_june_2026,3023,যার মৃত্যুদন্ড সে মনে হয় অন্য দলের,যার মৃত্যুদন্ড সে মনে হয় অন্য দলের,1,0.8844463159450839
5 Post June 2026,5_post_june_2026,3024,"সবাই খালাস নপায় নাঈম সে কুরআনের হাফেজ বলে খালাস পায় না আল্লাহ তোদের ছাড়বে না""!",সবাই খালাস নপায় নাঈম সে কুরআনের হাফেজ বলে খালাস পায় না আল্লাহ তোদের ছাড়বে না,1,0.7568777342156296
5 Post June 2026,5_post_june_2026,3025,সে একজনের অপরাধ কি!?,সে একজনের অপরাধ কি,1,0.7997092626479436
5 Post June 2026,5_post_june_2026,3026,মৃত্যুদণ্ড হলে সবারই হতে হবে। না হলে সবাই নির্দোষ।,মৃত্যুদণ্ড হলে সবারই হতে হবে না হলে সবাই নির্দোষ,1,0.7085565503272285
5 Post June 2026,5_post_june_2026,3027,Oi akjon keo khalas Korte hobe. Ain sobar jonno soman.,oi akjon keo khalas korte hobe ain sobar jonno soman,2,0.6402898209201451
5 Post June 2026,5_post_june_2026,3028,বে ইনসাফ ই বিচার হয়েছে,বে ইনসাফ ই বিচার হয়েছে,1,0.7970495484151132
5 Post June 2026,5_post_june_2026,3029,এভাবেই বিচারের নামে প্রহসন হয়,এভাবেই বিচারের নামে প্রহসন হয়,4,0.7993917755338125
5 Post June 2026,5_post_june_2026,3030,হুজুর হওয়াটাই অন্যায়,হুজুর হওয়াটাই অন্যায়,1,0.7333310610972034
5 Post June 2026,5_post_june_2026,3031,হুজুর কি একাই সেই কাজ করে ফেলছে তাকে একা কেন শ্বাস্তি দেওয়া হলো দিলে সবাই পাবে আর খালাশ হলে সবাই খালাশ হবে। এই ঘটনা আসলেই হয়েছ…,হুজুর কি একাই সেই কাজ করে ফেলছে তাকে একা কেন শ্বাস্তি দেওয়া হলো দিলে সবাই পাবে আর খালাশ হলে সবাই খালাশ হবে এই ঘটনা আসলেই হয়েছ,1,0.5537829692176124
5 Post June 2026,5_post_june_2026,3032,একজনের মৃত্যুদণ্ড কারণ তার গায়ে দাড়ি-টুপি আছে,একজনের মৃত্যুদণ্ড কারণ তার গায়ে দাড়ি টুপি আছে,2,0.5218093975486049
5 Post June 2026,5_post_june_2026,3033,হত্যা চেষ্টায় মামলায় ফাসি এই প্রথম,হত্যা চেষ্টায় মামলায় ফাসি এই প্রথম,1,0.6428564695037645
5 Post June 2026,5_post_june_2026,3034,অন্ধ নিয়ম নিতি আল্লাহ স্বয়ং এদের ব্যবস্থা করবে,অন্ধ নিয়ম নিতি আল্লাহ স্বয়ং এদের ব্যবস্থা করবে,2,0.7978071346180681
5 Post June 2026,5_post_june_2026,3035,গরিব মরিগেছে,গরিব মরিগেছে,1,0.5990173363848136
5 Post June 2026,5_post_june_2026,3036,ধিক্কার জানাই এই রায়কে!,ধিক্কার জানাই এই রায়কে,4,0.733265500430949
5 Post June 2026,5_post_june_2026,3037,"হাফেজ নাঈম ভাইয়ের মুক্তি চাই,",হাফেজ নাঈম ভাইয়ের মুক্তি চাই,1,0.6875191140327285
5 Post June 2026,5_post_june_2026,3038,আবারও ফ্যাসিবাদের প্রমাণ পাওয়া গেলো।,আবারও ফ্যাসিবাদের প্রমাণ পাওয়া গেলো,0,0.798635294473745
5 Post June 2026,5_post_june_2026,3039,"ধ্বংস হওয়ার সূচনা,",ধ্বংস হওয়ার সূচনা,1,0.7325006687016368
5 Post June 2026,5_post_june_2026,3040,"সেই একজনই হাফেজ, নির্দোষ, মাজলুম!",সেই একজনই হাফেজ নির্দোষ মাজলুম,1,0.799866120573403
5 Post June 2026,5_post_june_2026,3041,htta chesta mmlai to fashir rao hwar ktha na.. jail dte prto..kun ganjakhur a a rai dse?,htta chesta mmlai to fashir rao hwar ktha na jail dte prto kun ganjakhur a a rai dse,2,0.7326826056133631
5 Post June 2026,5_post_june_2026,3042,"ক্ষমতায় যে যায়, আইন তার গোলামী করে। এটাই বাস্তবতা।",ক্ষমতায় যে যায় আইন তার গোলামী করে এটাই বাস্তবতা,1,0.8388138348322872
5 Post June 2026,5_post_june_2026,3043,খালাস হইলে সবার হইত একজনের কেন মৃত্যুদণ্ড হবে,খালাস হইলে সবার হইত একজনের কেন মৃত্যুদণ্ড হবে,1,0.6841047310266458
5 Post June 2026,5_post_june_2026,3044,দেখলাম এক হুজুররে রাইখা দিছে ভালোই বিচার হইছে,দেখলাম এক হুজুররে রাইখা দিছে ভালোই বিচার হইছে,3,0.6394409143659969
5 Post June 2026,5_post_june_2026,3045,হায়রে বিচার বিভাগ যার ক্ষমতা টাকা আছে তার বিচার আছে যার নাই তার জন্য বিচার নাই,হায়রে বিচার বিভাগ যার ক্ষমতা টাকা আছে তার বিচার আছে যার নাই তার জন্য বিচার নাই,1,0.680920254952684
5 Post June 2026,5_post_june_2026,3046,বিচার কত সুন্দর,বিচার কত সুন্দর,1,0.7971152242763134
5 Post June 2026,5_post_june_2026,3047,আল্লাহ উত্তম পরিকল্পনা কারী। আল্লাহ আপনি হেফাজত করুন ।,আল্লাহ উত্তম পরিকল্পনা কারী আল্লাহ আপনি হেফাজত করুন,2,0.837500746044869
5 Post June 2026,5_post_june_2026,3048,এটাই আমাদের সিলর এর সংবিধান শাসন,এটাই আমাদের সিলর এর সংবিধান শাসন,4,0.4648467828027757
5 Post June 2026,5_post_june_2026,3049,কামারের ফাঁসি হওয়ার গল্পটার মতো চরম বাস্তব পরিণত হলো।,কামারের ফাঁসি হওয়ার গল্পটার মতো চরম বাস্তব পরিণত হলো,1,0.6533257659447448
5 Post June 2026,5_post_june_2026,3050,"হুজুরকে ফাঁসানো হলো, যে কলমে সেই কলমে এক .....",হুজুরকে ফাঁসানো হলো যে কলমে সেই কলমে এক,0,0.39947367028512093
5 Post June 2026,5_post_june_2026,3051,এটা আবার কেমন বিচার হুজুরের টাকা নাই বলে আজ হুজুরের মৃত্যুদণ্ড হারামখোরিয়ায় আইন,এটা আবার কেমন বিচার হুজুরের টাকা নাই বলে আজ হুজুরের মৃত্যুদণ্ড হারামখোরিয়ায় আইন,1,0.5491098636786531
5 Post June 2026,5_post_june_2026,3052,১ জনকে কেন মৃত্যুদন্ড দেওয়া হলো?,জনকে কেন মৃত্যুদন্ড দেওয়া হলো,1,0.7997762064142043
5 Post June 2026,5_post_june_2026,3053,দলের বাহিরে থাকলে যা হয়,দলের বাহিরে থাকলে যা হয়,2,0.6205687590703975
5 Post June 2026,5_post_june_2026,3054,ফাসি হলে সবার হওয়া উচিত?? ছাড়া পেলেও সবার পাওয়া উচিত ছিল??…,ফাসি হলে সবার হওয়া উচিত ছাড়া পেলেও সবার পাওয়া উচিত ছিল,0,0.5203765551745443
5 Post June 2026,5_post_june_2026,3055,"নয়জন মুক্তি পেয়েছে আলহামদুলিল্লাহ, কিন্তু একজন কে কি হিসেবে মৃত্যুদন্ড দেয়া হলো??",নয়জন মুক্তি পেয়েছে আলহামদুলিল্লাহ কিন্তু একজন কে কি হিসেবে মৃত্যুদন্ড দেয়া হলো,1,0.6553646587949652
5 Post June 2026,5_post_june_2026,3056,জুনায়েদ আল হাবিবি জীবিত থাকলে এই বিষয়ে কথা বলতো,জুনায়েদ আল হাবিবি জীবিত থাকলে এই বিষয়ে কথা বলতো,2,0.8649724898816199
5 Post June 2026,5_post_june_2026,3057,"ধোনের আইন । যখন যে দল ক্ষমতায়, রায় তাঁর পক্ষে ।",ধোনের আইন যখন যে দল ক্ষমতায় রায় তাঁর পক্ষে,1,0.6754086618889992
5 Post June 2026,5_post_june_2026,3058,"তারমামে বিম্পি আমলীগের পথে, অচিরেই পটল তুলবে",তারমামে বিম্পি আমলীগের পথে অচিরেই পটল তুলবে,2,0.4000802520824848
5 Post June 2026,5_post_june_2026,3059,"এই হলো বাংলাদেশ আইন,, এই হলো বাংলাদেশর সিষ্টেম,,",এই হলো বাংলাদেশ আইন এই হলো বাংলাদেশর সিষ্টেম,1,0.6396780840471785
5 Post June 2026,5_post_june_2026,3060,এমন আইনের ধিক্কার জানাই আরিফ বাবর ছাড় পেলেও আমার ভাই পাঞ্জাবি পড়ার কারণে ছাড় পেলো না …,এমন আইনের ধিক্কার জানাই আরিফ বাবর ছাড় পেলেও আমার ভাই পাঞ্জাবি পড়ার কারণে ছাড় পেলো না,3,0.4948208484422842
5 Post June 2026,5_post_june_2026,3061,সেই একজন হলেন নিরপরাধ কোরআনের হাফেজ নাইম আহমদ!,সেই একজন হলেন নিরপরাধ কোরআনের হাফেজ নাইম আহমদ,1,0.8666627352109916
5 Post June 2026,5_post_june_2026,3062,বিচারকের বিচার ও হবে এক ।,বিচারকের বিচার ও হবে এক,1,0.7333291126386566
5 Post June 2026,5_post_june_2026,3063,একজন হুজুরকে পরিকল্পিত সাজা দেওয়া হলো।,একজন হুজুরকে পরিকল্পিত সাজা দেওয়া হলো,1,0.440275429354952
5 Post June 2026,5_post_june_2026,3064,"বিএনপি থেকে আওয়ামী লীগ হাজার গুনে ভালো ছিল,,",বিএনপি থেকে আওয়ামী লীগ হাজার গুনে ভালো ছিল,3,0.8635043803342458
5 Post June 2026,5_post_june_2026,3065,টুপিওয়ালা পেয়ে অবিচার করেছেন। দ্রুত রায় বিবেচনা করার আবেদন রইলো,টুপিওয়ালা পেয়ে অবিচার করেছেন দ্রুত রায় বিবেচনা করার আবেদন রইলো,1,0.8985591469217339
5 Post June 2026,5_post_june_2026,3066,গণতন্ত্র মুর্দাবাদ।,গণতন্ত্র মুর্দাবাদ,1,0.599988164978242
5 Post June 2026,5_post_june_2026,3067,ওহ নিপীড়ন,ওহ নিপীড়ন,0,0.2
5 Post June 2026,5_post_june_2026,3068,জুলুমতন্ত্র,জুলুমতন্ত্র,0,0.2
5 Post June 2026,5_post_june_2026,3069,এক জনের দোষ কি বেশি????,এক জনের দোষ কি বেশি,1,0.7961052020303641
5 Post June 2026,5_post_june_2026,3070,এখন জমিয়ত ইসলাম কি পদহ্মেপ নেয় দেখার অপেহ্মায়,এখন জমিয়ত ইসলাম কি পদহ্মেপ নেয় দেখার অপেহ্মায়,0,0.4404563993694293
5 Post June 2026,5_post_june_2026,3071,এইটা বিচার? কোরআনের হাফেজের সাথে বৈষম্য?,এইটা বিচার কোরআনের হাফেজের সাথে বৈষম্য,1,0.8399967456004054
5 Post June 2026,5_post_june_2026,3072,বাংলাদেশে কোন আইন নাই আইন হয়েছে ব্যবহারের জিনিস,বাংলাদেশে কোন আইন নাই আইন হয়েছে ব্যবহারের জিনিস,1,0.4989316816761046
5 Post June 2026,5_post_june_2026,3073,কারণ একজন আলেম,কারণ একজন আলেম,1,0.5999978716733576
5 Post June 2026,5_post_june_2026,3074,আল্লাহ তাআলা এরকম বিচারকারীদেরকে দুনিয়ায় যেন নুলা বোবা বানিয়ে কবরে নেন তাদেরকে আমিন।,আল্লাহ তাআলা এরকম বিচারকারীদেরকে দুনিয়ায় যেন নুলা বোবা বানিয়ে কবরে নেন তাদেরকে আমিন,1,0.8838399258037394
5 Post June 2026,5_post_june_2026,3075,ঐ একজনই হলেন একজন হুজুর,ঐ একজনই হলেন একজন হুজুর,1,0.7998641728801662
5 Post June 2026,5_post_june_2026,3076,শক্তের ভক্ত নরমের জম।ফাসি হলে সবার হবে আর না হয় সবাই খালাস। দুই রখম বিচার কেনো?,শক্তের ভক্ত নরমের জম ফাসি হলে সবার হবে আর না হয় সবাই খালাস দুই রখম বিচার কেনো,1,0.9107898237934157
5 Post June 2026,5_post_june_2026,3077,"এটাই হচ্ছে ক্ষমতা, সব হিসাব সাড়ে তিন হাতের ভিতরে হবে ইনশাআল্লাহ",এটাই হচ্ছে ক্ষমতা সব হিসাব সাড়ে তিন হাতের ভিতরে হবে ইনশাআল্লাহ,4,0.621407567279603
5 Post June 2026,5_post_june_2026,3078,সব দোষ এখন হুজুরের হয়ে গেছে,সব দোষ এখন হুজুরের হয়ে গেছে,1,0.7973046251700465
5 Post June 2026,5_post_june_2026,3079,হত্যা চেষ্টা মামলায় যদি মৃত্যু দন্ড হয় তা হত্যা করছে যে আসামিরা তাদের কি হবে আজব আইন বিনোদন বাংলাদেশ,হত্যা চেষ্টা মামলায় যদি মৃত্যু দন্ড হয় তা হত্যা করছে যে আসামিরা তাদের কি হবে আজব আইন বিনোদন বাংলাদেশ,1,0.6003127048931454
5 Post June 2026,5_post_june_2026,3080,এতেই বুঝা যায় রাষ্ট্র কেমন ন্যায়বিচার করতে পারে,এতেই বুঝা যায় রাষ্ট্র কেমন ন্যায়বিচার করতে পারে,3,0.8377342859466996
5 Post June 2026,5_post_june_2026,3081,ওরা দুনিয়াতে বিচার করেছে আল্লাহতালা তাদেরকে আখেরাতে বিচার করবেন,ওরা দুনিয়াতে বিচার করেছে আল্লাহতালা তাদেরকে আখেরাতে বিচার করবেন,1,0.8644037127180502
5 Post June 2026,5_post_june_2026,3082,হুজুর হলেই সমস্যা,হুজুর হলেই সমস্যা,1,0.798657865271152
5 Post June 2026,5_post_june_2026,3083,চাকরির ব্যবস্থা করা হচ্ছে,চাকরির ব্যবস্থা করা হচ্ছে,2,0.5949480757332036
5 Post June 2026,5_post_june_2026,3084,আগুন ধরে দেন,আগুন ধরে দেন,4,0.7961428284592197
5 Post June 2026,5_post_june_2026,3085,ঐ একজন কে পাসিয়ে দেওয়া হয়েছে।,ঐ একজন কে পাসিয়ে দেওয়া হয়েছে,1,0.5999984064342027
5 Post June 2026,5_post_june_2026,3086,একজন এটা কে জানতে চাই,একজন এটা কে জানতে চাই,1,0.7328133007597913
5 Post June 2026,5_post_june_2026,3087,সকলেই আওয়াজ তুলুন,সকলেই আওয়াজ তুলুন,0,0.5991235064290925
5 Post June 2026,5_post_june_2026,3088,আল্লাহর কাছে কি হিসাব দিবেন বলেন,আল্লাহর কাছে কি হিসাব দিবেন বলেন,4,0.6943133375634295
5 Post June 2026,5_post_june_2026,3089,একজন হলো কুরআনের হাফেজ,একজন হলো কুরআনের হাফেজ,1,0.510254911986671
5 Post June 2026,5_post_june_2026,3090,Oi ak jon abar ki korlo??,oi ak jon abar ki korlo,2,0.8399962327146685
5 Post June 2026,5_post_june_2026,3091,এটা কেমন আইন হলো,এটা কেমন আইন হলো,1,0.7328479359560784
5 Post June 2026,5_post_june_2026,3092,"ক্ষমতা চিরস্থায়ী নয়,,,, ধ্বংশ অনীবার্য এদের",ক্ষমতা চিরস্থায়ী নয় ধ্বংশ অনীবার্য এদের,0,0.7974272398479808
5 Post June 2026,5_post_june_2026,3093,বাহ কি সুন্দর রায়!,বাহ কি সুন্দর রায়,1,0.7975491004642157
5 Post June 2026,5_post_june_2026,3094,হুজুরের উপর দায় চাপিয়ে। এখন সব নির্দোষ,হুজুরের উপর দায় চাপিয়ে এখন সব নির্দোষ,1,0.6410533215928592
5 Post June 2026,5_post_june_2026,3095,আইন শুধু দেশের যারা ক্ষমতায় থাকে তাদের জন্য ধন্যবাদ আইন নামক বি এন পি কে,আইন শুধু দেশের যারা ক্ষমতায় থাকে তাদের জন্য ধন্যবাদ আইন নামক বি এন পি কে,1,0.8193827541563812
5 Post June 2026,5_post_june_2026,3096,"BNP এর পতন এসব কুবিচারের কারনেই তাড়াতাড়ি হবে, ইনশাআল্লাহ",bnp এর পতন এসব কুবিচারের কারনেই তাড়াতাড়ি হবে ইনশাআল্লাহ,0,0.5299022342103793
5 Post June 2026,5_post_june_2026,3097,"বিচারকের নাম কি? হত্যা চেষ্টায় মাত্র ফাসি হলে। যারা হত্যা করে রাস্তায় ঘুরে বেডাচ্ছে তাদের কি হওয়া উচিৎ? এটাই বাংালদেশের হেডার বিচার,",বিচারকের নাম কি হত্যা চেষ্টায় মাত্র ফাসি হলে যারা হত্যা করে রাস্তায় ঘুরে বেডাচ্ছে তাদের কি হওয়া উচিৎ এটাই বাংালদেশের হেডার বিচার,1,0.9494102128175124
5 Post June 2026,5_post_june_2026,3098,এই দেশে হুজুরদের জন্য কোনো ইনসাফ নেই,এই দেশে হুজুরদের জন্য কোনো ইনসাফ নেই,1,0.5706988435159308
5 Post June 2026,5_post_june_2026,3099,"তাদের দলের যে, এইজন্য খালাস। দলের হইলে সাত খুন মাফ।",তাদের দলের যে এইজন্য খালাস দলের হইলে সাত খুন মাফ,1,0.8849645699505702
5 Post June 2026,5_post_june_2026,3100,একই মামলাই ৯ জনের জামিন হইল আরেক জনার মৃত্যুদণ্ড এইটা কোনো বিচার হইল …,একই মামলাই জনের জামিন হইল আরেক জনার মৃত্যুদণ্ড এইটা কোনো বিচার হইল,1,0.7203766310414613
5 Post June 2026,5_post_june_2026,3101,অ্যানারের কপি ইতিমধ্যেই এখানে আছে,অ্যানারের কপি ইতিমধ্যেই এখানে আছে,1,0.5995863056523068
5 Post June 2026,5_post_june_2026,3102,"একই মামলার আসামী সবাই,অথচ সবাই বেকেসুর আর একজন শাস্তি যোগ্য",একই মামলার আসামী সবাই অথচ সবাই বেকেসুর আর একজন শাস্তি যোগ্য,1,0.5472759019925426
5 Post June 2026,5_post_june_2026,3103,সব জায়গায় হুজুরদের সাথে বৈষম্য করা হয় কেনো,সব জায়গায় হুজুরদের সাথে বৈষম্য করা হয় কেনো,1,0.6405357899375339
5 Post June 2026,5_post_june_2026,3104,১জনের মৃত্যুদন্ড কেন?,জনের মৃত্যুদন্ড কেন,1,0.7333290118914173
5 Post June 2026,5_post_june_2026,3105,Karon se hujur,karon se hujur,0,0.2
5 Post June 2026,5_post_june_2026,3106,এই বিচার ব্যবস্থার সম্পুর্ন বিরোধিতা করছি,এই বিচার ব্যবস্থার সম্পুর্ন বিরোধিতা করছি,1,0.7996967279908975
5 Post June 2026,5_post_june_2026,3107,"রেলগাড়ি রেললাইনে চলবে, যদিও চালক বদলায়। যদি ন্যায় চাও তাহলে নেতা নয়, সিস্টেম হঠাও।",রেলগাড়ি রেললাইনে চলবে যদিও চালক বদলায় যদি ন্যায় চাও তাহলে নেতা নয় সিস্টেম হঠাও,1,0.629405789523391
5 Post June 2026,5_post_june_2026,3108,"এটাও প্লানের অংশ, না হলে একই মামলায় ভিন্ন সাজা কিভাবে হয়,",এটাও প্লানের অংশ না হলে একই মামলায় ভিন্ন সাজা কিভাবে হয়,1,0.4876113453333383
5 Post June 2026,5_post_june_2026,3109,এটা কেমন বিচার,এটা কেমন বিচার,1,0.599999356975593
5 Post June 2026,5_post_june_2026,3110,বৈষম্য আর গেলোনা,বৈষম্য আর গেলোনা,1,0.599991938738063
5 Post June 2026,5_post_june_2026,3111,সবাই মুক্তি পেল শুধু আলেমই রয়ে গেল,সবাই মুক্তি পেল শুধু আলেমই রয়ে গেল,1,0.6398270992264434
5 Post June 2026,5_post_june_2026,3112,এই রায়ের মাধ্যমে সরকার ভারতকে খুশি করার চেষ্টা করতেছে।,এই রায়ের মাধ্যমে সরকার ভারতকে খুশি করার চেষ্টা করতেছে,2,0.8958508436597753
5 Post June 2026,5_post_june_2026,3113,"সমস্যা নাই কাল কেয়ামতের সেই দাড়ি টুপি ওয়ালারায় জান্নাতের সুঘ্রাণ নিবে ,কারণ তখন আইন আদালত উকিল একজন হবেন,মহান আল্লাহ",সমস্যা নাই কাল কেয়ামতের সেই দাড়ি টুপি ওয়ালারায় জান্নাতের সুঘ্রাণ নিবে কারণ তখন আইন আদালত উকিল একজন হবেন মহান আল্লাহ,4,0.4362381191371538
5 Post June 2026,5_post_june_2026,3114,হাদীস «الظُّلْمُ ظُلُمَاتٌ يَوْمَ الْقِيَامَةِ»…,হাদীস,0,0.2
5 Post June 2026,5_post_june_2026,3115,সবাই খালাস একজনে মৃত্যুর দন্ড কীভাবে,সবাই খালাস একজনে মৃত্যুর দন্ড কীভাবে,1,0.6372765477345339
5 Post June 2026,5_post_june_2026,3116,হাফেজ ভাইয়ের মুক্তি চাই,হাফেজ ভাইয়ের মুক্তি চাই,1,0.6314188933399356
5 Post June 2026,5_post_june_2026,3117,এটা জুনায়েদ হাবিবের শাসন তাই বিচার সঠিক হয়েছে,এটা জুনায়েদ হাবিবের শাসন তাই বিচার সঠিক হয়েছে,1,0.30015537276704896
5 Post June 2026,5_post_june_2026,3118,মুক্তি চাই,মুক্তি চাই,1,0.73236927140787
5 Post June 2026,5_post_june_2026,3119,একজনের সাথে অন্যায় কেনো,একজনের সাথে অন্যায় কেনো,1,0.7994651736918393
5 Post June 2026,5_post_june_2026,3120,কেমন বিচার!,কেমন বিচার,1,0.599999356975593
5 Post June 2026,5_post_june_2026,3121,উনি দাঁড়ি টুপি পরে বলেই মৃত্যু দন্ড উনার,উনি দাঁড়ি টুপি পরে বলেই মৃত্যু দন্ড উনার,2,0.5333071781776219
5 Post June 2026,5_post_june_2026,3122,এটা কেমন আইন,এটা কেমন আইন,1,0.5999715438195684
5 Post June 2026,5_post_june_2026,3123,আইন সবার জন্য সমান সেটা শুধু হাশরের ময়দানে,আইন সবার জন্য সমান সেটা শুধু হাশরের ময়দানে,1,0.7333231067379268
5 Post June 2026,5_post_june_2026,3124,হুজুরের নাম বলতে কি লজ্জা করে,হুজুরের নাম বলতে কি লজ্জা করে,0,0.5140221437139758
5 Post June 2026,5_post_june_2026,3125,সে হুজুর এই জন্য।,সে হুজুর এই জন্য,1,0.7331953246857142
5 Post June 2026,5_post_june_2026,3126,বাহ চমৎকার বিচার,বাহ চমৎকার বিচার,1,0.7996326202244038
5 Post June 2026,5_post_june_2026,3127,দেশটার মধ্যে কি যে চলতেছে আল্লাহ তায়ালাই ভালো জানে।।।,দেশটার মধ্যে কি যে চলতেছে আল্লাহ তায়ালাই ভালো জানে,1,0.5046157399145137
5 Post June 2026,5_post_june_2026,3128,এত সুন্দর বিচার,এত সুন্দর বিচার,1,0.4254052891604012
5 Post June 2026,5_post_june_2026,3129,এটা হইছে আমার সোনার আইন। সোনার দেশের সোনার আইন দিছে আমার সালারা।,এটা হইছে আমার সোনার আইন সোনার দেশের সোনার আইন দিছে আমার সালারা,0,0.4779191421209657
5 Post June 2026,5_post_june_2026,3130,সে একজন নিশ্চয় আলেম অথবা ধর্মপ্রাণ একজন মুসলমান,সে একজন নিশ্চয় আলেম অথবা ধর্মপ্রাণ একজন মুসলমান,1,0.7331950565612929
5 Post June 2026,5_post_june_2026,3131,তার অপরাধ হলো সে হুজুর।,তার অপরাধ হলো সে হুজুর,1,0.8398310883763028
5 Post June 2026,5_post_june_2026,3132,বাকি নয়জনের উচিত তাকে রক্ষা করা। কারণ সেই প্রকৃত নির্দোষ,বাকি নয়জনের উচিত তাকে রক্ষা করা কারণ সেই প্রকৃত নির্দোষ,0,0.5996200381447252
5 Post June 2026,5_post_june_2026,3133,এটা কেমন বিচার,এটা কেমন বিচার,1,0.599999356975593
5 Post June 2026,5_post_june_2026,3134,আহ! আফসোস,আহ আফসোস,1,0.4008767279408733
5 Post June 2026,5_post_june_2026,3135,দেশের শাসন ব্যবস্থা,দেশের শাসন ব্যবস্থা,4,0.797002054175983
5 Post June 2026,5_post_june_2026,3136,ইনসাফ,ইনসাফ,1,0.5999934696030084
5 Post June 2026,5_post_june_2026,3137,আমাদের আবার রাজপথে নামতে হবে।,আমাদের আবার রাজপথে নামতে হবে,0,0.39957296391055414
5 Post June 2026,5_post_june_2026,3138,আহা !বাংলাদেশ,আহা বাংলাদেশ,0,0.3999305252454755
5 Post June 2026,5_post_june_2026,3139,"ওই একজন উনার মৃত্যুদন্ড হয়েছে কারন ওনিতো আর বাংলাদেশের কোনো এমপি মন্ত্রী নাহ তাই আরকি,,",ওই একজন উনার মৃত্যুদন্ড হয়েছে কারন ওনিতো আর বাংলাদেশের কোনো এমপি মন্ত্রী নাহ তাই আরকি,1,0.5207580085146191
5 Post June 2026,5_post_june_2026,3140,তীব্র নিন্দা জানাই হুজুরের মুক্তি চাই,তীব্র নিন্দা জানাই হুজুরের মুক্তি চাই,4,0.4784490612875937
5 Post June 2026,5_post_june_2026,3141,একেই বলে পাওয়ার অফ দল,একেই বলে পাওয়ার অফ দল,1,0.8391561458594471
5 Post June 2026,5_post_june_2026,3142,ই যে অবস্তা দেশের আবার শুরু অইব……,ই যে অবস্তা দেশের আবার শুরু অইব,3,0.7947260855601267
5 Post June 2026,5_post_june_2026,3143,ধূর!!,ধূর,0,0.2
5 Post June 2026,5_post_june_2026,3144,হায়রে বিচার,হায়রে বিচার,1,0.7329586133717801
5 Post June 2026,5_post_june_2026,3145,তিব্র প্রতিবাদ জানায়,তিব্র প্রতিবাদ জানায়,4,0.7333278886965131
5 Post June 2026,5_post_june_2026,3146,এটা হল,এটা হল,3,0.5976497306716231
5 Post June 2026,5_post_june_2026,3147,শত ধিক্কার জানাই এমন রায়কে,শত ধিক্কার জানাই এমন রায়কে,4,0.7998670272588213
5 Post June 2026,5_post_june_2026,3148,বিচারে যদি অন্যায় থাকে তবে এই দেশে আল্লাহর গজন খুব তাড়াতাড়িই নামবে,বিচারে যদি অন্যায় থাকে তবে এই দেশে আল্লাহর গজন খুব তাড়াতাড়িই নামবে,2,0.6459099850196238
5 Post June 2026,5_post_june_2026,3150,এই দেশে গরিবের বেচার নাই ! যার টাকা আছে তার পকেটে আইন।,এই দেশে গরিবের বেচার নাই যার টাকা আছে তার পকেটে আইন,2,0.597557805112791
5 Post June 2026,5_post_june_2026,3151,দেশ শেষ,দেশ শেষ,0,0.7305985352996694
5 Post June 2026,5_post_june_2026,3152,"একই মামলা, একই অভিযোগ—কেউ খালাস, আর একজন হাফেজের জন্য মৃত্যুদণ্ড! আদালতের রায়ের প্রতি সম্মান রেখেই প্রশ্ন থেকে যায়—এই ভিন্নতার পেছনে কী এমন প্রমাণ ও যুক্তি ছিল, যা একজনকে সর্বোচ্চ শাস্তির মুখোমুখি করল, আর অন্যরা মুক্তি পেলেন? ইনসাফ শুধু হওয়াই যথেষ্ট নয়; তা মানুষের হৃদয়েও ইনসাফ হিসেবে প্রতিভাত হওয়া জরুরি।",একই মামলা একই অভিযোগ কেউ খালাস আর একজন হাফেজের জন্য মৃত্যুদণ্ড আদালতের রায়ের প্রতি সম্মান রেখেই প্রশ্ন থেকে যায় এই ভিন্নতার পেছনে কী এমন প্রমাণ ও যুক্তি ছিল যা একজনকে সর্বোচ্চ শাস্তির মুখোমুখি করল আর অন্যরা মুক্তি পেলেন ইনসাফ শুধু হওয়াই যথেষ্ট নয় তা মানুষের হৃদয়েও ইনসাফ হিসেবে প্রতিভাত হওয়া জরুরি,1,0.7443794310465068
5 Post June 2026,5_post_june_2026,3153,কিসের আইন কিসের আদালত টাকার খেলা সব,কিসের আইন কিসের আদালত টাকার খেলা সব,1,0.7399512116563652
5 Post June 2026,5_post_june_2026,3154,Eksathe arrest Howa 9 Jon e nirdosh,eksathe arrest howa jon e nirdosh,2,0.5999857408202446
5 Post June 2026,5_post_june_2026,3155,"নগদ ওখা নে এজন মারা যায়, ২ ০ জন গুরতর আগত হয়",নগদ ওখা নে এজন মারা যায় জন গুরতর আগত হয়,0,0.4353733557655373
5 Post June 2026,5_post_june_2026,3156,দেশের শাসন ব্যবস্থা,দেশের শাসন ব্যবস্থা,4,0.797002054175983
5 Post June 2026,5_post_june_2026,3157,ঐ একজন মনে হয় জামাত,ঐ একজন মনে হয় জামাত,0,0.7188448528671574
5 Post June 2026,5_post_june_2026,3158,সাজা হলে সবার জন্য সমান হোক। একজনকে কেন দেওয়া হবে। তীব্র নিন্দা জানাই দ্রুত তাকে নির্দোষ করে ছেড়ে দেওয়া হোক,সাজা হলে সবার জন্য সমান হোক একজনকে কেন দেওয়া হবে তীব্র নিন্দা জানাই দ্রুত তাকে নির্দোষ করে ছেড়ে দেওয়া হোক,1,0.48588771207132686
5 Post June 2026,5_post_june_2026,3159,"শুধুমাত্র দাঁড়িটুপি হওয়াতে, জুলুম করা হয়েছে",শুধুমাত্র দাঁড়িটুপি হওয়াতে জুলুম করা হয়েছে,1,0.7333256139885845
5 Post June 2026,5_post_june_2026,3160,"এটাই হলো আমাদের দেশের রায়,একই মামলায় ক্ষমতাশীলদের জন্য এক রায় সাধারণের জন্য আরেক রায়",এটাই হলো আমাদের দেশের রায় একই মামলায় ক্ষমতাশীলদের জন্য এক রায় সাধারণের জন্য আরেক রায়,1,0.801890312152032
5 Post June 2026,5_post_june_2026,3161,একই মামলায় ওই একজনের মৃত্যুদণ্ড হয় কি ভাবে?,একই মামলায় ওই একজনের মৃত্যুদণ্ড হয় কি ভাবে,1,0.7003264498581797
5 Post June 2026,5_post_june_2026,3162,"হত্যাও করে নাই, আর এখন হাজার হাজার হত্যা হচ্ছে।",হত্যাও করে নাই আর এখন হাজার হাজার হত্যা হচ্ছে,3,0.6396398826093003
5 Post June 2026,5_post_june_2026,3163,Sei 1 jon holo ek alem,sei jon holo ek alem,2,0.5999857408202446
5 Post June 2026,5_post_june_2026,3164,Desir ain er prothi Manus er asta kome gese ei Jonno ei,desir ain er prothi manus er asta kome gese ei jonno ei,2,0.7442929817460694
5 Post June 2026,5_post_june_2026,3165,একজন নির্দোষ আলেমের মৃত্যুডন্ড,একজন নির্দোষ আলেমের মৃত্যুডন্ড,1,0.7333296866716997
5 Post June 2026,5_post_june_2026,3166,বাহ সুন্দর বিচার আশা করি বেশি সময় মনে হয় নাই,বাহ সুন্দর বিচার আশা করি বেশি সময় মনে হয় নাই,4,0.5038287664215567
5 Post June 2026,5_post_june_2026,3167,একজন আলেম হাফেজ,একজন আলেম হাফেজ,1,0.7333320347029911
5 Post June 2026,5_post_june_2026,3168,"এই সমস্ত আইনের উপর হিসু দিলাম,,",এই সমস্ত আইনের উপর হিসু দিলাম,4,0.7327844436940528
5 Post June 2026,5_post_june_2026,3169,"রাজনীতির বলি হলেন নিরীহ হুজুর,,, এটাই বাংলাদেশ।",রাজনীতির বলি হলেন নিরীহ হুজুর এটাই বাংলাদেশ,1,0.6396373629620208
5 Post June 2026,5_post_june_2026,3170,তীব্র নিন্দা জানাচ্ছি,তীব্র নিন্দা জানাচ্ছি,4,0.7999985688094652
5 Post June 2026,5_post_june_2026,3171,ক্ষমতার দাপট দেখিয়ে পার পেয়ে গেল।,ক্ষমতার দাপট দেখিয়ে পার পেয়ে গেল,1,0.6984974198935132
5 Post June 2026,5_post_june_2026,3172,যে একজন চাহিদা অনুযায়ী টাকা দিতে পারে নাই সেই একজনের মৃত্যু দন্ড।,যে একজন চাহিদা অনুযায়ী টাকা দিতে পারে নাই সেই একজনের মৃত্যু দন্ড,3,0.5377239164653997
5 Post June 2026,5_post_june_2026,3173,বাহ চমৎকার আইন!,বাহ চমৎকার আইন,1,0.7996287267376203
5 Post June 2026,5_post_june_2026,3174,Law is injustice so nothing to well things,law is injustice so nothing to well things,4,0.7961842006779118
5 Post June 2026,5_post_june_2026,3175,তিব্র নিন্দা জানাচ্ছি,তিব্র নিন্দা জানাচ্ছি,4,0.7999978752380843
5 Post June 2026,5_post_june_2026,3176,পেসাব করে দেয় এই বিচার ব্যবস্থার উপরে ছি!!,পেসাব করে দেয় এই বিচার ব্যবস্থার উপরে ছি,1,0.4910951817381809
5 Post June 2026,5_post_june_2026,3177,কারণ ক্ষমতা এখন তাদের হতে,কারণ ক্ষমতা এখন তাদের হতে,0,0.7273263862285383
5 Post June 2026,5_post_june_2026,3179,কঠিন ধরনের ইনসাফ হয়েছে,কঠিন ধরনের ইনসাফ হয়েছে,0,0.5493198518482749
5 Post June 2026,5_post_june_2026,3180,খুনিরা নিরাপদ,খুনিরা নিরাপদ,0,0.2
5 Post June 2026,5_post_june_2026,3181,গুড জব।,গুড জব,4,0.5999805359303804
5 Post June 2026,5_post_june_2026,3182,Cause he is student of madrasa,cause he is student of madrasa,4,0.8390234508907326
5 Post June 2026,5_post_june_2026,3183,একজন নিরপরাধ আলেমকে অন্যায়ভাবে বলি দিয়ে দিলো। আসল কথা হলো এদেশের আইন আদালত দুর্বলের প্রতি চাপিয়ে দেওয়া হয়।,একজন নিরপরাধ আলেমকে অন্যায়ভাবে বলি দিয়ে দিলো আসল কথা হলো এদেশের আইন আদালত দুর্বলের প্রতি চাপিয়ে দেওয়া হয়,1,0.7078615047907688
5 Post June 2026,5_post_june_2026,3184,বলেন একজন নিরিহ অসহায় মাজলুম হুজুরের মৃত্যুদণ্ড!,বলেন একজন নিরিহ অসহায় মাজলুম হুজুরের মৃত্যুদণ্ড,1,0.4410702756941502
5 Post June 2026,5_post_june_2026,3185,কারন সে হয়তো কোন আলেম।,কারন সে হয়তো কোন আলেম,1,0.6619420912310001
5 Post June 2026,5_post_june_2026,3186,হুজুর তো এজন্য চাপ দিয়ে সব করা যাচ্ছে কারণ ক্ষমতা নাই,হুজুর তো এজন্য চাপ দিয়ে সব করা যাচ্ছে কারণ ক্ষমতা নাই,1,0.5328314019498154
5 Post June 2026,5_post_june_2026,3187,বিচারক জনাব 'স্বপন কোমার সরকার' ক্ষমতাসীন সবাইকে খালাস দিয়ে একজনকে ফাসির আদেশ দিলেন ।।,বিচারক জনাব স্বপন কোমার সরকার ক্ষমতাসীন সবাইকে খালাস দিয়ে একজনকে ফাসির আদেশ দিলেন,1,0.42600992287866746
5 Post June 2026,5_post_june_2026,3188,আপনার পকেটে কলম কতো প্রকার,আপনার পকেটে কলম কতো প্রকার,2,0.7330053913856277
5 Post June 2026,5_post_june_2026,3189,আল্লাহ ছাড় দেয় কিন্তু ছেড়ে দেয় না সামনে আসতেছে,আল্লাহ ছাড় দেয় কিন্তু ছেড়ে দেয় না সামনে আসতেছে,2,0.8982869483607937
5 Post June 2026,5_post_june_2026,3190,এটাই হলো গণতন্ত্রের চরিত্র,এটাই হলো গণতন্ত্রের চরিত্র,1,0.7320427031991352
5 Post June 2026,5_post_june_2026,3191,ভুয়া বিচার,ভুয়া বিচার,1,0.40007015443306004
5 Post June 2026,5_post_june_2026,3192,এটা আবার কেমন বিচার,এটা আবার কেমন বিচার,1,0.44551020644889244
5 Post June 2026,5_post_june_2026,3193,ঐ একজন'ই হুজুর তাই রায়টা ওইদিকে গেছে।,ঐ একজন ই হুজুর তাই রায়টা ওইদিকে গেছে,1,0.5999987966060207
5 Post June 2026,5_post_june_2026,3194,কারণ ঐ একজন টুপি ওয়ালা।,কারণ ঐ একজন টুপি ওয়ালা,2,0.7333306663190589
5 Post June 2026,5_post_june_2026,3195,খালাস,খালাস,1,0.5999983868486007
5 Post June 2026,5_post_june_2026,3196,"শক্তের ভক্ত নরমের জম,সব আইন গরীবের জন্য",শক্তের ভক্ত নরমের জম সব আইন গরীবের জন্য,1,0.5479222818240537
5 Post June 2026,5_post_june_2026,3197,কুফরি তন্ত্রের ফলাফল।,কুফরি তন্ত্রের ফলাফল,4,0.5999729350124876
5 Post June 2026,5_post_june_2026,3198,ঐটা তো মনে হয় দলের না তাই মৃত্যুদণ্ড,ঐটা তো মনে হয় দলের না তাই মৃত্যুদণ্ড,1,0.7988429800143937
5 Post June 2026,5_post_june_2026,3199,দলের বাহিরের লোক এটা শিউর,দলের বাহিরের লোক এটা শিউর,1,0.7331854103322097
5 Post June 2026,5_post_june_2026,3200,ক্যাঙ্গারু মার্কা কোর্ট,ক্যাঙ্গারু মার্কা কোর্ট,0,0.2
5 Post June 2026,5_post_june_2026,3201,কেঙ্গারু কোটের রায়,কেঙ্গারু কোটের রায়,1,0.5999982443079956
5 Post June 2026,5_post_june_2026,3202,"In the name of Allah, Most Gracious, Most Merciful.…",in the name of allah most gracious most merciful,4,0.6405325868157701
5 Post June 2026,5_post_june_2026,3203,কন হে এ বলি কা বকরা!,কন হে এ বলি কা বকরা,4,0.5492542138335504
5 Post June 2026,5_post_june_2026,3204,জ্বী কারন সে একজনই দাড়ি-টুপি ওয়ালা,জ্বী কারন সে একজনই দাড়ি টুপি ওয়ালা,2,0.8837762882489121
5 Post June 2026,5_post_june_2026,3205,বিষটা জয় বাংলা হয়ে গেলো না।।,বিষটা জয় বাংলা হয়ে গেলো না,0,0.6397378764762156
5 Post June 2026,5_post_june_2026,3206,সব দোষ শুধু হুজুরের।,সব দোষ শুধু হুজুরের,1,0.7333309678639067
5 Post June 2026,5_post_june_2026,3207,"হয় ওই ১ জনসহ সবাই অপরাধী,, না হয় ওই ১ জনসহ সবাই নিরপরাধ,,, হয় ৯ জনের রাজনীতির শক্তি আছে,,, ১ জনের নাই",হয় ওই জনসহ সবাই অপরাধী না হয় ওই জনসহ সবাই নিরপরাধ হয় জনের রাজনীতির শক্তি আছে জনের নাই,1,0.8098317185484629
5 Post June 2026,5_post_june_2026,3208,সব দোষ কি দাড়ি টুপির,সব দোষ কি দাড়ি টুপির,1,0.40000212310034233
5 Post June 2026,5_post_june_2026,3209,কারণ তার মাথায় টুপি আছে,কারণ তার মাথায় টুপি আছে,2,0.7333315177950304
5 Post June 2026,5_post_june_2026,3210,"যার ফাঁসি হলো, তার মনে হয় রাজনৈতিক ব্যাকগ্রাউন্ড দুর্বল""!",যার ফাঁসি হলো তার মনে হয় রাজনৈতিক ব্যাকগ্রাউন্ড দুর্বল,1,0.8657307880616854
5 Post June 2026,5_post_june_2026,3211,হাস্যকর,হাস্যকর,3,0.5999850350132929
5 Post June 2026,5_post_june_2026,3212,একজনকেই বলির পাঁঠা বানিয়ে সবাই পার!!,একজনকেই বলির পাঁঠা বানিয়ে সবাই পার,1,0.7971715006990848
5 Post June 2026,5_post_june_2026,3213,কারণ তার মাতায় দাড়ি ও টুপি ছিলো,কারণ তার মাতায় দাড়ি ও টুপি ছিলো,2,0.7333313277186473
5 Post June 2026,5_post_june_2026,3214,কপালপোড়া একজন টা কি বিএনপিতে যোগ দিতে পারেনি?,কপালপোড়া একজন টা কি বিএনপিতে যোগ দিতে পারেনি,0,0.79791382876168
5 Post June 2026,5_post_june_2026,3215,এই দেশে জোর যার মুল্লুক তার,এই দেশে জোর যার মুল্লুক তার,1,0.8387801844897032
5 Post June 2026,5_post_june_2026,3216,সোনার বাংলাদেশ,সোনার বাংলাদেশ,0,0.7331047563145215
5 Post June 2026,5_post_june_2026,3217,সেই রকম রায় হইছে,সেই রকম রায় হইছে,1,0.7324630458808074
5 Post June 2026,5_post_june_2026,3218,রায় টা কেমন জানি হয়ে গেলো।,রায় টা কেমন জানি হয়ে গেলো,0,0.46283968879915927
5 Post June 2026,5_post_june_2026,3219,ভাই বিশ্বাস করেন আর নাই করেন পালানোর জায়গা পাবে না।,ভাই বিশ্বাস করেন আর নাই করেন পালানোর জায়গা পাবে না,4,0.899387344306767
5 Post June 2026,5_post_june_2026,3220,"এক মামলায় দুই রায় কেমন করে হয়,",এক মামলায় দুই রায় কেমন করে হয়,1,0.799857184900905
5 Post June 2026,5_post_june_2026,3221,"দেশ যেখানে ছিল, সেখানেই আছে। পরিবর্তন নেই। …",দেশ যেখানে ছিল সেখানেই আছে পরিবর্তন নেই,2,0.568843978010001
5 Post June 2026,5_post_june_2026,3222,"মজলুমের দোয়া থেকে বেঁচে থাকো , কেননা তার দোয়া ও আল্লাহর মাঝে কোনো পর্দা থাকে না। ( সহীহ বুখারী)…",মজলুমের দোয়া থেকে বেঁচে থাকো কেননা তার দোয়া ও আল্লাহর মাঝে কোনো পর্দা থাকে না সহীহ বুখারী,0,0.7378000748874032
5 Post June 2026,5_post_june_2026,3223,সেই মনে হয় বিম্পি করেনা,সেই মনে হয় বিম্পি করেনা,2,0.730308593880703
5 Post June 2026,5_post_june_2026,3224,উল্টো পালটা অবিচা করবেন না। আল্লাহ তায়লা সইবেনা।,উল্টো পালটা অবিচা করবেন না আল্লাহ তায়লা সইবেনা,1,0.7316392525113483
5 Post June 2026,5_post_june_2026,3225,হুজুর বলে কথা,হুজুর বলে কথা,1,0.7326093975000062
5 Post June 2026,5_post_june_2026,3226,মেড ইন বাংলাদেশ,মেড ইন বাংলাদেশ,0,0.599171616995158
5 Post June 2026,5_post_june_2026,3227,হয়ত উনি হুজুর,হয়ত উনি হুজুর,1,0.4000465078876297
5 Post June 2026,5_post_june_2026,3228,তাকেই কেনো মৃত্যুদণ্ড দেওয়া হলো,তাকেই কেনো মৃত্যুদণ্ড দেওয়া হলো,1,0.8396813405497465
5 Post June 2026,5_post_june_2026,3229,খোজ নিয়ে দেখে ঐ একজন কোন দাঁড়ি টুপি ওয়ালা,খোজ নিয়ে দেখে ঐ একজন কোন দাঁড়ি টুপি ওয়ালা,2,0.5214193460197423
5 Post June 2026,5_post_june_2026,3230,আলহামদুলিল্লাহ,আলহামদুলিল্লাহ,4,0.5999992544339399
5 Post June 2026,5_post_june_2026,3231,কারণ একজন আলেম ছিল তাই,কারণ একজন আলেম ছিল তাই,1,0.5999978716733576
5 Post June 2026,5_post_june_2026,3232,গণতন্ত্র স্বার্থান্বেষীদের জন্য কাজ করে,গণতন্ত্র স্বার্থান্বেষীদের জন্য কাজ করে,4,0.39994246388938287
5 Post June 2026,5_post_june_2026,3233,এরই নাম গণতান্ত্রিক আইন ব্যবস্থা । …,এরই নাম গণতান্ত্রিক আইন ব্যবস্থা,1,0.6407614176440876
5 Post June 2026,5_post_june_2026,3234,এটা অন্তত দুঃখজনক,এটা অন্তত দুঃখজনক,1,0.5999787688595822
5 Post June 2026,5_post_june_2026,3235,নাম নিতে লজ্জে কেন? হুজুর এজন্যই,নাম নিতে লজ্জে কেন হুজুর এজন্যই,1,0.6414552312174671
5 Post June 2026,5_post_june_2026,3236,একজন হাফেজ তাই ওনার ফাঁসি রায় হয়েছে,একজন হাফেজ তাই ওনার ফাঁসি রায় হয়েছে,1,0.6411009964357158
5 Post June 2026,5_post_june_2026,3237,আইনের হাত বদল আর কি?,আইনের হাত বদল আর কি,0,0.7310852820926176
5 Post June 2026,5_post_june_2026,3238,বাকি একজন জমিয়ত নেতা,বাকি একজন জমিয়ত নেতা,0,0.7985987688333521
5 Post June 2026,5_post_june_2026,3239,আমরা সকলে মিলে মাঠে নামতে হবে।,আমরা সকলে মিলে মাঠে নামতে হবে,4,0.4001542298538434
5 Post June 2026,5_post_june_2026,3240,"তাহলে শুধু একজনই দায়ী,,,,,",তাহলে শুধু একজনই দায়ী,1,0.43619669210944945
5 Post June 2026,5_post_june_2026,3241,তীব্র প্রতিবাদ জানাই,তীব্র প্রতিবাদ জানাই,4,0.7999669792894343
5 Post June 2026,5_post_june_2026,3242,হত্যা চেষ্টায় মৃত্যু দ ন্ড। আর এদিকে আগষ্টের পরে হত্যা মামলার হাজার হাজার আসামী বেকেসুর খালাস পেয়েছে।…,হত্যা চেষ্টায় মৃত্যু দ ন্ড আর এদিকে আগষ্টের পরে হত্যা মামলার হাজার হাজার আসামী বেকেসুর খালাস পেয়েছে,1,0.47333964591421385
5 Post June 2026,5_post_june_2026,3243,এটা আবার কি নিয়ম,এটা আবার কি নিয়ম,3,0.5986329305429411
5 Post June 2026,5_post_june_2026,3244,এটা কেমন বিচার??,এটা কেমন বিচার,1,0.599999356975593
5 Post June 2026,5_post_june_2026,3245,এটা কি বৈষম্য,এটা কি বৈষম্য,1,0.599991938738063
5 Post June 2026,5_post_june_2026,3246,আলহামদুলিল্লাহ,আলহামদুলিল্লাহ,4,0.5999992544339399
5 Post June 2026,5_post_june_2026,3247,এটা হইল আইন।,এটা হইল আইন,1,0.7330715588027182
5 Post June 2026,5_post_june_2026,3248,সবাই যদি খালাস পায় তাহলে একজন কেন শাস্তি পাবে,সবাই যদি খালাস পায় তাহলে একজন কেন শাস্তি পাবে,3,0.47292634557398855
5 Post June 2026,5_post_june_2026,3249,এটা ন্যায় বিচার?,এটা ন্যায় বিচার,1,0.7333304505065011
5 Post June 2026,5_post_june_2026,3250,একজন কুরআনের হাফেজ এজন্যই কি তার শাস্তি?,একজন কুরআনের হাফেজ এজন্যই কি তার শাস্তি,3,0.6394502407404542
5 Post June 2026,5_post_june_2026,3251,মূলত টাকার কাছে কেউ হেরে যায়। আর টাকা দিয়েই কেউ জামিন পায় এই হলো সমস্যা,মূলত টাকার কাছে কেউ হেরে যায় আর টাকা দিয়েই কেউ জামিন পায় এই হলো সমস্যা,3,0.5824638581105931
5 Post June 2026,5_post_june_2026,3252,তারা তো ক্ষমতা পাওয়ার আছে তাই,তারা তো ক্ষমতা পাওয়ার আছে তাই,1,0.7326274486398506
5 Post June 2026,5_post_june_2026,3253,"এদেশে হুজুর হইলে সুধু বিচার, মৃত্যুদণ্ড",এদেশে হুজুর হইলে সুধু বিচার মৃত্যুদণ্ড,1,0.8665747083354722
5 Post June 2026,5_post_june_2026,3254,সে মনে হয় দলের ছিলো না,সে মনে হয় দলের ছিলো না,1,0.7987663490864769
5 Post June 2026,5_post_june_2026,3255,বিচারপতি মুরতাদ,বিচারপতি মুরতাদ,0,0.2
5 Post June 2026,5_post_june_2026,3256,কারণ সে একজন হাফেজ হুজুর,কারণ সে একজন হাফেজ হুজুর,1,0.7999310753731323
5 Post June 2026,5_post_june_2026,3257,সবাই খালাস পাওয়ার কথা,সবাই খালাস পাওয়ার কথা,1,0.799859111138044
5 Post June 2026,5_post_june_2026,3258,এইটা কোন বিচার না,এইটা কোন বিচার না,1,0.7284874947153578
5 Post June 2026,5_post_june_2026,3259,এ কেমন দ্বিচারিতা !!,এ কেমন দ্বিচারিতা,0,0.2
5 Post June 2026,5_post_june_2026,3260,সে হুজুর বলে,সে হুজুর বলে,1,0.7995818347515214
5 Post June 2026,5_post_june_2026,3261,বেচারা হুজুর নিরীহ মানুষ বলে পেশে গেলো,বেচারা হুজুর নিরীহ মানুষ বলে পেশে গেলো,1,0.7417747615818137
5 Post June 2026,5_post_june_2026,3262,আইন সবার জন্য সমান শুধু হুজুরদের বাদে,আইন সবার জন্য সমান শুধু হুজুরদের বাদে,1,0.79992629742437
5 Post June 2026,5_post_june_2026,3263,এই জুলুমের বিচারে আল্লাহর নিশ্চিত করবেন,এই জুলুমের বিচারে আল্লাহর নিশ্চিত করবেন,2,0.8632723930673724
5 Post June 2026,5_post_june_2026,3264,একই মামলার ৯ জন খালাস পায় একজন মৃত্যুদন্ড কেন! হুজুর বলে?,একই মামলার জন খালাস পায় একজন মৃত্যুদন্ড কেন হুজুর বলে,1,0.9110068257608966
5 Post June 2026,5_post_june_2026,3265,একজন যে সে হতে পারে গরিব,একজন যে সে হতে পারে গরিব,1,0.4397364700588966
5 Post June 2026,5_post_june_2026,3266,কারণ এ একজন হুজুর,কারণ এ একজন হুজুর,1,0.5999987966060207
5 Post June 2026,5_post_june_2026,3267,কারণ ওই একজনের মাথায় টুপি আছে। আর টুপি ওয়ালাদেরকে শাস্তি দিলে দাদা বাবুরা খুশি হবে।,কারণ ওই একজনের মাথায় টুপি আছে আর টুপি ওয়ালাদেরকে শাস্তি দিলে দাদা বাবুরা খুশি হবে,2,0.8981758200046461
5 Post June 2026,5_post_june_2026,3268,একজন হুজুর সেজন্য,একজন হুজুর সেজন্য,1,0.5999987966060207
5 Post June 2026,5_post_june_2026,3269,মানে সব দোষ একজনের উপর চাপায় দিল !,মানে সব দোষ একজনের উপর চাপায় দিল,1,0.8393606590528303
5 Post June 2026,5_post_june_2026,3270,হত্যা চেষ্টা মামলায় মৃত্যুদণ্ড হয় কিভাবে?,হত্যা চেষ্টা মামলায় মৃত্যুদণ্ড হয় কিভাবে,1,0.5335561124061777
5 Post June 2026,5_post_june_2026,3271,আগের বিচার আর বর্তমান বিচার সবই সমান,আগের বিচার আর বর্তমান বিচার সবই সমান,1,0.8831137529851303
5 Post June 2026,5_post_june_2026,3272,হুজুরের পাশে কেউ নেই এজন্য খালাস পেল না,হুজুরের পাশে কেউ নেই এজন্য খালাস পেল না,1,0.7039464971325565
5 Post June 2026,5_post_june_2026,3273,চুলের রায় মানিনা,চুলের রায় মানিনা,1,0.5999982443079956
5 Post June 2026,5_post_june_2026,3274,হুজুর দেখে মৃত্যুদন্ড দিছে আর কিছুনা,হুজুর দেখে মৃত্যুদন্ড দিছে আর কিছুনা,1,0.45444296866583683
5 Post June 2026,5_post_june_2026,3275,এর তিব্র নিন্দা জানাচ্ছি,এর তিব্র নিন্দা জানাচ্ছি,4,0.7999978752380843
5 Post June 2026,5_post_june_2026,3276,হাস্যকর,হাস্যকর,3,0.5999850350132929
5 Post June 2026,5_post_june_2026,3277,যার মৃত্যুদণ্ড সে নিরীহ হুজুর,যার মৃত্যুদণ্ড সে নিরীহ হুজুর,1,0.8665906596232715
5 Post June 2026,5_post_june_2026,3278,"পা চাটা জমিয়ত বুঝতে পারবে না এখনও,,,",পা চাটা জমিয়ত বুঝতে পারবে না এখনও,0,0.8661212292048364
5 Post June 2026,5_post_june_2026,3279,এ কেমন বিচার ????,এ কেমন বিচার,1,0.599999356975593
5 Post June 2026,5_post_june_2026,3280,বাহ কি বিচার ব্যবস্থা,বাহ কি বিচার ব্যবস্থা,1,0.7990726510182794
5 Post June 2026,5_post_june_2026,3281,"সে মনে বিএনপি করে না, তাই তাকে মৃত্যুদণ্ড দিয়েছে",সে মনে বিএনপি করে না তাই তাকে মৃত্যুদণ্ড দিয়েছে,1,0.703949722420169
5 Post June 2026,5_post_june_2026,3282,কারন ওই একজন হুজুর ছিল,কারন ওই একজন হুজুর ছিল,1,0.4000576008750367
5 Post June 2026,5_post_june_2026,3283,সব ইনশাফের উপর চলছে।,সব ইনশাফের উপর চলছে,4,0.5999955648071699
5 Post June 2026,5_post_june_2026,3284,টাকার খেলা আজকে হুজুর বলে আইন তার জন্য পালটে গেলো,টাকার খেলা আজকে হুজুর বলে আইন তার জন্য পালটে গেলো,1,0.6160640002149513
5 Post June 2026,5_post_june_2026,3285,"হুজুর হলেই সব করা যায়,,,,সবার খালাস হুজুরের ফাঁসি।।",হুজুর হলেই সব করা যায় সবার খালাস হুজুরের ফাঁসি,1,0.866664518649627
5 Post June 2026,5_post_june_2026,3286,আলহামদুলিল্লাহ,আলহামদুলিল্লাহ,4,0.5999992544339399
5 Post June 2026,5_post_june_2026,3287,তাও সে একজন হুজুর,তাও সে একজন হুজুর,1,0.5507526576825115
5 Post June 2026,5_post_june_2026,3288,ও একজন কে জাতি জানতে চায়,ও একজন কে জাতি জানতে চায়,1,0.7991275526019698
5 Post June 2026,5_post_june_2026,3289,হুজুর বলে কথা,হুজুর বলে কথা,1,0.7326093975000062
5 Post June 2026,5_post_june_2026,3290,আলেমকে সাজা দিল,আলেমকে সাজা দিল,1,0.48740491369184136
5 Post June 2026,5_post_june_2026,3291,এই সমাজের প্রতিটা স্বরেই কেন হুজুরদের উপর অন্যায় করতে হবে..? অথচ নিঃস্বার্থ ভাবে মানুষের উপকারের চিন্তা একমাত্র এই হুজুররাই করে,এই সমাজের প্রতিটা স্বরেই কেন হুজুরদের উপর অন্যায় করতে হবে অথচ নিঃস্বার্থ ভাবে মানুষের উপকারের চিন্তা একমাত্র এই হুজুররাই করে,3,0.5963984312591771
5 Post June 2026,5_post_june_2026,3292,য়ুনি যে আলেম এই জন্যই ওনার বিরুদ্ধে এই রায়,য়ুনি যে আলেম এই জন্যই ওনার বিরুদ্ধে এই রায়,1,0.6824143974134288
5 Post June 2026,5_post_june_2026,3293,মুক্তি চাই,মুক্তি চাই,1,0.73236927140787
5 Post June 2026,5_post_june_2026,3294,বিএনপির পক্ষ নিয়ে নির্বাচন করেন।,বিএনপির পক্ষ নিয়ে নির্বাচন করেন,4,0.797001676287212
5 Post June 2026,5_post_june_2026,3295,আপনাদের যা ভাল মনে হয় করেন,আপনাদের যা ভাল মনে হয় করেন,2,0.8651567088357026
5 Post June 2026,5_post_june_2026,3296,বিএনপি সরকারের ফলাফল পাচ্ছে জনগণ,বিএনপি সরকারের ফলাফল পাচ্ছে জনগণ,4,0.8654942534310518
5 Post June 2026,5_post_june_2026,3297,বিস্তারিত পড়ে যা বুঝলাম আমি নিন্দা জানাচ্ছি ঐ হুজুরকে মুক্তি দেওয়া হোক,বিস্তারিত পড়ে যা বুঝলাম আমি নিন্দা জানাচ্ছি ঐ হুজুরকে মুক্তি দেওয়া হোক,4,0.3919734117319318
5 Post June 2026,5_post_june_2026,3298,নিশ্চয়ই ঐ ব্যক্তি হুযুর হবে!,নিশ্চয়ই ঐ ব্যক্তি হুযুর হবে,2,0.40072648464287375
5 Post June 2026,5_post_june_2026,3299,"একই মামলায় সবাই খালাস পায়, কারণ তারা সবাই বিএনপি নেতা! আর একজনের মৃত্যুদণ্ড, কারণ তিনি হাফেজে কুরআন!",একই মামলায় সবাই খালাস পায় কারণ তারা সবাই বিএনপি নেতা আর একজনের মৃত্যুদণ্ড কারণ তিনি হাফেজে কুরআন,1,0.7792569956172739
5 Post June 2026,5_post_june_2026,3300,"তিব্র নিন্দা জানাচ্ছি, তারা খালাস পেলে হুজুর কেন খালাস পেলোনা?",তিব্র নিন্দা জানাচ্ছি তারা খালাস পেলে হুজুর কেন খালাস পেলোনা,4,0.5245529333509249
5 Post June 2026,5_post_june_2026,3301,যার মৃত্যুদন্ড বহাল রেখেছে সে নিশ্চয়ই জজ মিয়ার মত কেউ,যার মৃত্যুদন্ড বহাল রেখেছে সে নিশ্চয়ই জজ মিয়ার মত কেউ,1,0.5242187076001433
5 Post June 2026,5_post_june_2026,3302,এটা বিচার হলো,এটা বিচার হলো,1,0.7328560563067178
5 Post June 2026,5_post_june_2026,3303,জুলাই ২৪,জুলাই,0,0.5968222984750859
5 Post June 2026,5_post_june_2026,3304,একজন হাফেজ আলেম এইজন্যই,একজন হাফেজ আলেম এইজন্যই,1,0.7333320347029911
5 Post June 2026,5_post_june_2026,3305,এই রায় জুলুম ছাড়া কিছু না,এই রায় জুলুম ছাড়া কিছু না,1,0.798866631797118
5 Post June 2026,5_post_june_2026,3306,"কেন একজনের মৃত্যু দন্ড, সে হুজুর হওয়াই কি অপরাধ",কেন একজনের মৃত্যু দন্ড সে হুজুর হওয়াই কি অপরাধ,1,0.885639765318548
5 Post June 2026,5_post_june_2026,3307,কি সুন্দর বিচার ব্যবস্থা আইনের শাসন প্রতিষ্ঠা হচ্ছে এভাবেই,কি সুন্দর বিচার ব্যবস্থা আইনের শাসন প্রতিষ্ঠা হচ্ছে এভাবেই,4,0.5926529761947579
5 Post June 2026,5_post_june_2026,3308,২০০৭ সাল থেকে বাবর জেলে ছিল হাতলে ২০ সালের ঘটনার জন্য তাকে আসামি করা হয় কেমনে,সাল থেকে বাবর জেলে ছিল হাতলে সালের ঘটনার জন্য তাকে আসামি করা হয় কেমনে,3,0.865305138271816
5 Post June 2026,5_post_june_2026,3309,"হত্যা করলে ফাসি হয়না, কিন্তু হত্যা৷ চেষ্টা করলে ফাসি হয়, এটাই বাংলাদেশ।",হত্যা করলে ফাসি হয়না কিন্তু হত্যা৷ চেষ্টা করলে ফাসি হয় এটাই বাংলাদেশ,3,0.4186455163667998
5 Post June 2026,5_post_june_2026,3310,এটাই রাজনৈতিক নতুন বাংলাদেশ,এটাই রাজনৈতিক নতুন বাংলাদেশ,0,0.8388171825090537
5 Post June 2026,5_post_june_2026,3311,সব ভারতের খেলা,সব ভারতের খেলা,0,0.4002045444348986
5 Post June 2026,5_post_june_2026,3312,বাহ্,বাহ্,1,0.5999965788736374
5 Post June 2026,5_post_june_2026,3313,Tamasha,tamasha,0,0.2
5 Post June 2026,5_post_june_2026,3314,আইন হচ্ছে খেলার পুতুল,আইন হচ্ছে খেলার পুতুল,1,0.5999715438195684
5 Post June 2026,5_post_june_2026,3315,ঐ একজন অবশ্যই মুসলিম,ঐ একজন অবশ্যই মুসলিম,3,0.7323581969733153
5 Post June 2026,5_post_june_2026,3316,বাংলাদেশের বিচার ব্যবস্থা!,বাংলাদেশের বিচার ব্যবস্থা,1,0.797304750391043
5 Post June 2026,5_post_june_2026,3317,প্যারালাইসিস বিচারব্যবস্হা,প্যারালাইসিস বিচারব্যবস্হা,0,0.2
5 Post June 2026,5_post_june_2026,3318,একই মামলায় দুই রকম রায় হ্যাঁ এটা বাংলাদেশেই সম্ভব।,একই মামলায় দুই রকম রায় হ্যাঁ এটা বাংলাদেশেই সম্ভব,1,0.6145166629949577
5 Post June 2026,5_post_june_2026,3319,এইটা কি জুলম না,এইটা কি জুলম না,0,0.2
5 Post June 2026,5_post_june_2026,3320,কেমনে কি হইলো?,কেমনে কি হইলো,3,0.7333148990743683
5 Post June 2026,5_post_june_2026,3321,মুক্তি চাই,মুক্তি চাই,1,0.73236927140787
5 Post June 2026,5_post_june_2026,3322,এটা কি হয় ইচ্ছা করে জর্জ এমন করল,এটা কি হয় ইচ্ছা করে জর্জ এমন করল,4,0.7331161214050641
5 Post June 2026,5_post_june_2026,3323,একজনের কেন মৃত্যু দন্ড?,একজনের কেন মৃত্যু দন্ড,1,0.7997902202889982
5 Post June 2026,5_post_june_2026,3324,দলের লোক নয়,দলের লোক নয়,1,0.5987838091212069
5 Post June 2026,5_post_june_2026,3325,এই আলেমের মুক্তি দিতে হবে,এই আলেমের মুক্তি দিতে হবে,1,0.7983055901090671
5 Post June 2026,5_post_june_2026,3326,"সেই একজন হাফেজ, তার কোনো রাজনৈতিক পরিচয় নাই, ক্ষমতা নাই এটাই ম্যাটার। এগুলো পরিষ্কার ভাবে লেখ",সেই একজন হাফেজ তার কোনো রাজনৈতিক পরিচয় নাই ক্ষমতা নাই এটাই ম্যাটার এগুলো পরিষ্কার ভাবে লেখ,3,0.48962589252318695
5 Post June 2026,5_post_june_2026,3327,হুজুরের উপর দায় চাপিয়ে দেওয়া হলো,হুজুরের উপর দায় চাপিয়ে দেওয়া হলো,1,0.7011503113988151
5 Post June 2026,5_post_june_2026,3328,এটাই গণতন্ত্রের ন্যায় বিচার?,এটাই গণতন্ত্রের ন্যায় বিচার,1,0.799611808125226
5 Post June 2026,5_post_june_2026,3330,ও-ই একজন হলো হাফেজে কুরআন একজন হুজুর,ও ই একজন হলো হাফেজে কুরআন একজন হুজুর,2,0.46434652558426587
5 Post June 2026,5_post_june_2026,3331,সমস্যা নাই বিচারকের ও এক বিচার হবে।।,সমস্যা নাই বিচারকের ও এক বিচার হবে,1,0.5347648645399542
5 Post June 2026,5_post_june_2026,3332,কি চমৎকার বিচার ব্যবস্থা বাহ,কি চমৎকার বিচার ব্যবস্থা বাহ,1,0.8392527918719879
5 Post June 2026,5_post_june_2026,3333,আলেম হওয়ার কারণে তাকে মৃত্যুদণ্ড দেওয়া হয়েছে আর কিছু নয়।,আলেম হওয়ার কারণে তাকে মৃত্যুদণ্ড দেওয়া হয়েছে আর কিছু নয়,1,0.8976085557145574
5 Post June 2026,5_post_june_2026,3334,এটা কি বিচার ব্যবস্থা নাকি তামাশা,এটা কি বিচার ব্যবস্থা নাকি তামাশা,4,0.5446546030798683
5 Post June 2026,5_post_june_2026,3335,যত দোষ হুজের হায়রে বিচার,যত দোষ হুজের হায়রে বিচার,1,0.8397915328207011
5 Post June 2026,5_post_june_2026,3336,এই দায় সরকারকেই নিতে হবে।,এই দায় সরকারকেই নিতে হবে,1,0.7326501381133937
5 Post June 2026,5_post_june_2026,3337,"প্রিয় উলামারা এটা নিয়ে কি বলবে,, ম ার ইসলাম বলে কথা",প্রিয় উলামারা এটা নিয়ে কি বলবে ম ার ইসলাম বলে কথা,0,0.4879711657561468
5 Post June 2026,5_post_june_2026,3338,আর সেই একজন হলো হাফেজ।,আর সেই একজন হলো হাফেজ,1,0.7328555448172229
5 Post June 2026,5_post_june_2026,3339,এটাই কি বিএনপির বিচার,এটাই কি বিএনপির বিচার,1,0.7989526331888503
5 Post June 2026,5_post_june_2026,3340,সবার মুক্তি একজনের মৃত্যুদন্ড কেনো?,সবার মুক্তি একজনের মৃত্যুদন্ড কেনো,1,0.8395652174660444
5 Post June 2026,5_post_june_2026,3341,ওই একজন কি দোষ করলো?,ওই একজন কি দোষ করলো,1,0.40020566500357874
5 Post June 2026,5_post_june_2026,3342,সেত হুজুর তাই না,সেত হুজুর তাই না,1,0.5999987966060207
5 Post June 2026,5_post_june_2026,3343,ঐ ১জন মনে হয় ওনাদের দলের না,ঐ জন মনে হয় ওনাদের দলের না,1,0.7987960294772772
5 Post June 2026,5_post_june_2026,3344,এই আইনের প্রতি আমি প্রস্রাব করি,এই আইনের প্রতি আমি প্রস্রাব করি,4,0.7989557620178668
5 Post June 2026,5_post_june_2026,3345,এ কেমন যালেমী রায়??,এ কেমন যালেমী রায়,1,0.5999982443079956
5 Post June 2026,5_post_june_2026,3346,সোনার আইন,সোনার আইন,1,0.4000703908508462
5 Post June 2026,5_post_june_2026,3347,এ কেমন বিচার,এ কেমন বিচার,1,0.599999356975593
5 Post June 2026,5_post_june_2026,3348,এটা অন্যায়,এটা অন্যায়,1,0.5999933857104084
5 Post June 2026,5_post_june_2026,3349,রায়টি কেমন যানি এক পেশে হয়ে গেল।,রায়টি কেমন যানি এক পেশে হয়ে গেল,4,0.7330952837983302
5 Post June 2026,5_post_june_2026,3350,এই বিচার মানি না,এই বিচার মানি না,1,0.7333247383645364
5 Post June 2026,5_post_june_2026,3351,একজন নিরীহ হাফিজ আলিমকে ফাঁসি দেওয়ায় তীব্র নিন্দা জানাই।,একজন নিরীহ হাফিজ আলিমকে ফাঁসি দেওয়ায় তীব্র নিন্দা জানাই,4,0.5335342438031359
5 Post June 2026,5_post_june_2026,3352,এরকম বিচার কারী এবং সরকারের উপর লানত,এরকম বিচার কারী এবং সরকারের উপর লানত,1,0.8654106096160461
5 Post June 2026,5_post_june_2026,3353,"একই মামলা, একই অভিযোগ- কেউ খালাস, আর একজন হাফেজের জন্য মৃত্যুদণ্ড!…",একই মামলা একই অভিযোগ কেউ খালাস আর একজন হাফেজের জন্য মৃত্যুদণ্ড,1,0.8999982345799925
5 Post June 2026,5_post_june_2026,3354,we have a flan,we have a flan,0,0.4001963885553486
5 Post June 2026,5_post_june_2026,3355,দাদারা খুশি হবে।,দাদারা খুশি হবে,2,0.5990754277849365
5 Post June 2026,5_post_june_2026,3356,জুলুম করছে একজনের উপর,জুলুম করছে একজনের উপর,1,0.7328747126253204
5 Post June 2026,5_post_june_2026,3357,"আল্লাহ বিচারক যদী ইনসাফ করে তবে তাকে তুমি তার কাজের জন্য পূন্য দিও। আর বিচারক যদী বিচার কার্যকে দলের কারনে, পদের কারনে, বা লোভ…",আল্লাহ বিচারক যদী ইনসাফ করে তবে তাকে তুমি তার কাজের জন্য পূন্য দিও আর বিচারক যদী বিচার কার্যকে দলের কারনে পদের কারনে বা লোভ,3,0.49676455796995944
5 Post June 2026,5_post_june_2026,3358,কোন আলেম?,কোন আলেম,1,0.7284865267211469
5 Post June 2026,5_post_june_2026,3359,Alhamdulillah,alhamdulillah,3,0.5999970938628361
5 Post June 2026,5_post_june_2026,3360,"আগে শুনতাম মুজিবকোর্ট, এখন আবার কোন কোর্ট?",আগে শুনতাম মুজিবকোর্ট এখন আবার কোন কোর্ট,3,0.732343222879282
5 Post June 2026,5_post_june_2026,3361,তীব্র নিন্দা জানাচ্ছি। আলেম পেয়ে সহজ মনে করছে,তীব্র নিন্দা জানাচ্ছি আলেম পেয়ে সহজ মনে করছে,4,0.44720076850062146
5 Post June 2026,5_post_june_2026,3362,"যার মৃত্যুদন্ড হয়েছে তার দলীয় কোন পরিচয় নেই, তিনি একজন কোরআনের হাফেজ, এটাই তার দুর্বলতা!",যার মৃত্যুদন্ড হয়েছে তার দলীয় কোন পরিচয় নেই তিনি একজন কোরআনের হাফেজ এটাই তার দুর্বলতা,1,0.9107162730851103
5 Post June 2026,5_post_june_2026,3363,জমিয়ত এখন কোথায়,জমিয়ত এখন কোথায়,0,0.5999868916447201
5 Post June 2026,5_post_june_2026,3364,Only BNP I have plan,only bnp i have plan,0,0.7988179067109403
5 Post June 2026,5_post_june_2026,3365,i have a plan,i have a plan,0,0.7333237787957841
5 Post June 2026,5_post_june_2026,3366,শেষ বিচারে হবে আসল বিচার,শেষ বিচারে হবে আসল বিচার,2,0.5022413720942764
5 Post June 2026,5_post_june_2026,3367,"কেন একজনকে মৃত্যুদন্ড দেওয়া হলো,ব্যাখ্যা কি?",কেন একজনকে মৃত্যুদন্ড দেওয়া হলো ব্যাখ্যা কি,1,0.839868671721251
5 Post June 2026,5_post_june_2026,3368,এ কেমন বিচার,এ কেমন বিচার,1,0.599999356975593
5 Post June 2026,5_post_june_2026,3369,তাদের পতন হয়ত শুরু হতে যাচ্ছে এখান থেকে,তাদের পতন হয়ত শুরু হতে যাচ্ছে এখান থেকে,3,0.8380938526717217
5 Post June 2026,5_post_june_2026,3370,এটা বৈষম্য করা হয়েছে,এটা বৈষম্য করা হয়েছে,1,0.599991938738063
5 Post June 2026,5_post_june_2026,3371,ফাইজলামি শুরু করছে,ফাইজলামি শুরু করছে,3,0.5991388643907296
5 Post June 2026,5_post_june_2026,3372,জমিয়তের নেতা হাফেজ সাহেব,জমিয়তের নেতা হাফেজ সাহেব,4,0.533350224750022
5 Post June 2026,5_post_june_2026,3373,কারণ সে হুজুর।,কারণ সে হুজুর,1,0.7331953246857142
5 Post June 2026,5_post_june_2026,3374,হত্যার চেষ্টা তাতেই ফাঁসি হয়ে গেল,হত্যার চেষ্টা তাতেই ফাঁসি হয়ে গেল,3,0.36615164357451835
5 Post June 2026,5_post_june_2026,3375,আইন সবার জন্য সমান না,আইন সবার জন্য সমান না,1,0.7333231067379268
5 Post June 2026,5_post_june_2026,3376,বিচার হয় নাই,বিচার হয় নাই,1,0.40002563277430997
5 Post June 2026,5_post_june_2026,3377,জমিয়তের পুরস্কার। তবে নিন্দা জানাই,জমিয়তের পুরস্কার তবে নিন্দা জানাই,4,0.799897045382092
5 Post June 2026,5_post_june_2026,3378,মুহিবুল্লাহ বাবুনগরীয়ে তান অবস্থান কিতা?,মুহিবুল্লাহ বাবুনগরীয়ে তান অবস্থান কিতা,4,0.5981062980710674
5 Post June 2026,5_post_june_2026,3379,নামগুলা এমন ভাবে লিখলেন,নামগুলা এমন ভাবে লিখলেন,4,0.7301350876516673
5 Post June 2026,5_post_june_2026,3380,হুজুর হয়েই মনে হয় জীবনে সবচেয়ে বড় ভুল হয়েছে,হুজুর হয়েই মনে হয় জীবনে সবচেয়ে বড় ভুল হয়েছে,1,0.46141781720557656
5 Post June 2026,5_post_june_2026,3381,বাহ খুব সুন্দর বিচার... বিএনপির রাজনীতি করার কারণে সবাই মুক্ত হলেও আমাদেরই আরেক ভাইকে মৃত্যুদন্ড দেওয়া হয়েছে শুধুমাত্র ধর্মী…,বাহ খুব সুন্দর বিচার বিএনপির রাজনীতি করার কারণে সবাই মুক্ত হলেও আমাদেরই আরেক ভাইকে মৃত্যুদন্ড দেওয়া হয়েছে শুধুমাত্র ধর্মী,1,0.598723931455121
5 Post June 2026,5_post_june_2026,3382,জুলুমের বিচার,জুলুমের বিচার,1,0.7294253172917023
5 Post June 2026,5_post_june_2026,3383,বিএনপির সাথে জোট করায় জমিয়তের উপহার,বিএনপির সাথে জোট করায় জমিয়তের উপহার,4,0.7323482813661042
5 Post June 2026,5_post_june_2026,3384,বিএনপির কোলে উঠে দুদু খাওয়া জমিয়তের অবস্থান কি?,বিএনপির কোলে উঠে দুদু খাওয়া জমিয়তের অবস্থান কি,4,0.86626105157967
5 Post June 2026,5_post_june_2026,3385,কবে যে দেশে সবার জন্য আইন সমান হবে,কবে যে দেশে সবার জন্য আইন সমান হবে,1,0.8394814665478345
5 Post June 2026,5_post_june_2026,3386,হাসিনার উপর ২০০৫ সালে গ্রেনেড হামলার আসামি তারেক জিয়ার যাবজ্জীবন কারাদণ্ড বাতিল করে মৃত্যু দন্ড দেয়া হোক।,হাসিনার উপর সালে গ্রেনেড হামলার আসামি তারেক জিয়ার যাবজ্জীবন কারাদণ্ড বাতিল করে মৃত্যু দন্ড দেয়া হোক,1,0.553376691167837
5 Post June 2026,5_post_june_2026,3387,"জাওড়া সাংবাদিক, হেড লাইনে লিখতে হবে এক হাফেজের ফাঁসি।",জাওড়া সাংবাদিক হেড লাইনে লিখতে হবে এক হাফেজের ফাঁসি,1,0.5508879996753696
5 Post June 2026,5_post_june_2026,3388,সোনার বাংলাদেশে সবই সম্ভব,সোনার বাংলাদেশে সবই সম্ভব,0,0.8383934240854946
5 Post June 2026,5_post_june_2026,3389,"হাফেজ নাঈম ভাইয়ের নিঃশর্ত মুক্তি চাই। সকলেই আওয়াজ তুলুন, পোস্টটি শেয়ার করুন।",হাফেজ নাঈম ভাইয়ের নিঃশর্ত মুক্তি চাই সকলেই আওয়াজ তুলুন পোস্টটি শেয়ার করুন,4,0.5022664746323513
5 Post June 2026,5_post_june_2026,3390,"একজন আলেম বলে বৈষম্য কেন,,?",একজন আলেম বলে বৈষম্য কেন,1,0.7996469954928608
5 Post June 2026,5_post_june_2026,3391,হে বিচারক তোমারও এক বিচার হবে ইনশাআল্লাহ। আর সেই বিচার করবেন মহান আল্লাহ,হে বিচারক তোমারও এক বিচার হবে ইনশাআল্লাহ আর সেই বিচার করবেন মহান আল্লাহ,1,0.5779196749933807
5 Post June 2026,5_post_june_2026,3392,তিব্র নিন্দাও ধিক্কার জানাই,তিব্র নিন্দাও ধিক্কার জানাই,4,0.7999666196854957
5 Post June 2026,5_post_june_2026,3393,I have a indian plan,i have a indian plan,0,0.7333237787957841
5 Post June 2026,5_post_june_2026,3394,কিছুই বলার নেই!,কিছুই বলার নেই,0,0.4001541854374764
5 Post June 2026,5_post_june_2026,3395,আহ বিচার,আহ বিচার,1,0.7333269285789629
5 Post June 2026,5_post_june_2026,3396,সরকার ফাজলামি করলো?,সরকার ফাজলামি করলো,0,0.7317783569095491
5 Post June 2026,5_post_june_2026,3397,বাহ খুব সুন্দর ন্যায় বিচার চলিতেছে,বাহ খুব সুন্দর ন্যায় বিচার চলিতেছে,1,0.8386636462371526
5 Post June 2026,5_post_june_2026,3398,হুজুর হওয়ার অপরাধে,হুজুর হওয়ার অপরাধে,1,0.732573410002052
5 Post June 2026,5_post_june_2026,3399,হুজুরের উপরে ফাঁসি চাপিয়ে দেওয়া হয়েছে দলের কারণে তারা তিনজন মুক্ত হয়েছে,হুজুরের উপরে ফাঁসি চাপিয়ে দেওয়া হয়েছে দলের কারণে তারা তিনজন মুক্ত হয়েছে,1,0.6037175550415215
5 Post June 2026,5_post_june_2026,3400,Alhamdulillah,alhamdulillah,3,0.5999970938628361
5 Post June 2026,5_post_june_2026,3401,বৈষম্য শুধু একজন আলেমের বেলায় কেন,বৈষম্য শুধু একজন আলেমের বেলায় কেন,1,0.7993438614201082
5 Post June 2026,5_post_june_2026,3402,"যাদের ক্ষমতা আছে তারা মুক্তি পেয়েছে৷, কিন্তু নিরপরাধ একজন হাফেজ ফেঁসে গেলো দুনিয়ার আদালত",যাদের ক্ষমতা আছে তারা মুক্তি পেয়েছে৷ কিন্তু নিরপরাধ একজন হাফেজ ফেঁসে গেলো দুনিয়ার আদালত,1,0.8980190786512776
5 Post June 2026,5_post_june_2026,3403,কোরআনে হাফিজের ফাঁসির রায়।,কোরআনে হাফিজের ফাঁসির রায়,1,0.7333309521643019
5 Post June 2026,5_post_june_2026,3404,সেই একজন যে আলেম দাড়িওয়ালা টুপিওয়াল একজন মজলুম আলেমের সাথে অন্যায়কে আল্লাহ তায়ালা বরদাশত করবেন না।,সেই একজন যে আলেম দাড়িওয়ালা টুপিওয়াল একজন মজলুম আলেমের সাথে অন্যায়কে আল্লাহ তায়ালা বরদাশত করবেন না,1,0.910950804926729
5 Post June 2026,5_post_june_2026,3405,অসাধারণ বিচার,অসাধারণ বিচার,1,0.40018532499297993
5 Post June 2026,5_post_june_2026,3406,"এই একজনের উপরেই অবিচার করা হয়েছে, কারণ সে গরিব ও টুপি ওয়ালা",এই একজনের উপরেই অবিচার করা হয়েছে কারণ সে গরিব ও টুপি ওয়ালা,1,0.5606504757150256
5 Post June 2026,5_post_june_2026,3407,"২৪ জুলাই রক্তের বিনিময়ে সরকার, জুলাই গণ-অভ্যুত্থান স্মৃতি জাদুঘর খুলে দিচ্ছেন না কেন? অবিলম্বে জনসাধারণের জন্য উন্মুক্ত করে…",জুলাই রক্তের বিনিময়ে সরকার জুলাই গণ অভ্যুত্থান স্মৃতি জাদুঘর খুলে দিচ্ছেন না কেন অবিলম্বে জনসাধারণের জন্য উন্মুক্ত করে,0,0.8384390450104026
5 Post June 2026,5_post_june_2026,3408,নাটক,নাটক,3,0.5978361252330854
5 Post June 2026,5_post_june_2026,3409,"বাহ বাহ বাহ,,,,,, আইন সবার জন্য সমান।",বাহ বাহ বাহ আইন সবার জন্য সমান,1,0.8666642561078051
5 Post June 2026,5_post_june_2026,3410,তিব্র নিন্দা জানাচ্ছি,তিব্র নিন্দা জানাচ্ছি,4,0.7999978752380843
5 Post June 2026,5_post_june_2026,3411,"বিচার সবার জন্য সমান, এখানে বৈষম্য কেন?",বিচার সবার জন্য সমান এখানে বৈষম্য কেন,1,0.8399652201034757
5 Post June 2026,5_post_june_2026,3412,এই বিচার পুনরায় হব্বে আর তা সঠিক বিচারই হবে,এই বিচার পুনরায় হব্বে আর তা সঠিক বিচারই হবে,1,0.5484360563377666
5 Post June 2026,5_post_june_2026,3413,একেই মামলার নয়জন খালাস তাহলে আর একজনের মৃত্যু দন্ড বাহ বাহ,একেই মামলার নয়জন খালাস তাহলে আর একজনের মৃত্যু দন্ড বাহ বাহ,1,0.9186922882828862
5 Post June 2026,5_post_june_2026,3414,একজনের নাম লিখছেন না কেন,একজনের নাম লিখছেন না কেন,1,0.7321942490494872
5 Post June 2026,5_post_june_2026,3415,আইন সবার জন্য সমান না,আইন সবার জন্য সমান না,1,0.7333231067379268
5 Post June 2026,5_post_june_2026,3416,বলি হইলো এতিমে,বলি হইলো এতিমে,4,0.40023904241988034
5 Post June 2026,5_post_june_2026,3417,একজন মজলুম আলেমের সাথে অন্যায়কে আল্লাহ তায়ালা বরদাশত করবেন না।আল্লাহ তুমি হেফাজত করো আলেমদের,একজন মজলুম আলেমের সাথে অন্যায়কে আল্লাহ তায়ালা বরদাশত করবেন না আল্লাহ তুমি হেফাজত করো আলেমদের,1,0.9262955284760958
5 Post June 2026,5_post_june_2026,3418,আহারে সাদের দেশ,আহারে সাদের দেশ,3,0.729977364274188
5 Post June 2026,5_post_june_2026,3419,আলেম হলে মুক্তি নাই,আলেম হলে মুক্তি নাই,1,0.566500669614641
5 Post June 2026,5_post_june_2026,3420,আজ যদি শেখ হাসিনা বেঁচে থাকতেন তাহলে হইত বিচারটা অন্য রকম হইত,আজ যদি শেখ হাসিনা বেঁচে থাকতেন তাহলে হইত বিচারটা অন্য রকম হইত,0,0.9189606050781243
5 Post June 2026,5_post_june_2026,3421,একজন হুজুর বিধায় তাকে ফাঁসিয়ে দেওয়া হলো।,একজন হুজুর বিধায় তাকে ফাঁসিয়ে দেওয়া হলো,1,0.8664164968193436
5 Post June 2026,5_post_june_2026,3422,ফারুক সাহেব জানেন কি?,ফারুক সাহেব জানেন কি,0,0.5488417444741645
5 Post June 2026,5_post_june_2026,3423,"একজন তাহলে কিভাবে শাস্তি পায়, নাকি নিরিহ আলোম বলে।",একজন তাহলে কিভাবে শাস্তি পায় নাকি নিরিহ আলোম বলে,3,0.8837536264934431
5 Post June 2026,5_post_june_2026,3424,হুজুররা দেশের জন্য অবদান রাখে কিন্তু দেশ হুজুরদের কে মূল্যায়ন করে না,হুজুররা দেশের জন্য অবদান রাখে কিন্তু দেশ হুজুরদের কে মূল্যায়ন করে না,0,0.8832823835469742
5 Post June 2026,5_post_june_2026,3425,এটাই গণতন্ত্র!,এটাই গণতন্ত্র,1,0.7325206820056993
5 Post June 2026,5_post_june_2026,3426,যত দোষ হুজুরদের উপর আল্লাহ কিন্তু সব জানে এবং দেখে ২০০১ থেকে ৫ পরযন্ত জংগী নামে আলেমদের কে ফাসি দেওয়া হয়েছিলো তখন থেকেই জংগ…,যত দোষ হুজুরদের উপর আল্লাহ কিন্তু সব জানে এবং দেখে থেকে পরযন্ত জংগী নামে আলেমদের কে ফাসি দেওয়া হয়েছিলো তখন থেকেই জংগ,1,0.9371401753114408
5 Post June 2026,5_post_june_2026,3427,এইটা মানার মতো না,এইটা মানার মতো না,0,0.5976129015362001
5 Post June 2026,5_post_june_2026,3428,"যারা নবীজীর ওয়ারীশ তথা মাওলানা হাফেজদের দূর্বল ভেবে ফাঁসির রায় দিতে যাচ্ছে, তাদের ধ্বংস অনিবার্য ইনশাআল্লাহ,,,",যারা নবীজীর ওয়ারীশ তথা মাওলানা হাফেজদের দূর্বল ভেবে ফাঁসির রায় দিতে যাচ্ছে তাদের ধ্বংস অনিবার্য ইনশাআল্লাহ,1,0.5233689233631024
5 Post June 2026,5_post_june_2026,3429,উনি হুজুর,উনি হুজুর,1,0.4000465078876297
5 Post June 2026,5_post_june_2026,3430,সেই এক জন কে চিনলাম না তো,সেই এক জন কে চিনলাম না তো,1,0.5996647890945107
5 Post June 2026,5_post_june_2026,3431,সব দোষ তাহলে একজনের,সব দোষ তাহলে একজনের,1,0.6195188470444338
5 Post June 2026,5_post_june_2026,3432,"সিলেটি ভাষায় একটা কথা আছে জুর যার মুল্লুক তার, একজনের উপরে দোষ চাপাইয়া মন্ত্রীসহ তিন নেতা ই খালাস! এই হচ্ছে বিচার",সিলেটি ভাষায় একটা কথা আছে জুর যার মুল্লুক তার একজনের উপরে দোষ চাপাইয়া মন্ত্রীসহ তিন নেতা ই খালাস এই হচ্ছে বিচার,1,0.9191746986254316
5 Post June 2026,5_post_june_2026,3433,হুজুর বলে এই অনয়ায় রায়।,হুজুর বলে এই অনয়ায় রায়,1,0.7996480789686612
5 Post June 2026,5_post_june_2026,3434,ওই একজনকি জামাতের।,ওই একজনকি জামাতের,0,0.2
5 Post June 2026,5_post_june_2026,3435,ঐ একজন হুজুর তাই,ঐ একজন হুজুর তাই,1,0.5999987966060207
5 Post June 2026,5_post_june_2026,3436,সে কে জানেন সে একজন হাফেজে কোরআন,সে কে জানেন সে একজন হাফেজে কোরআন,1,0.6136870691944756
5 Post June 2026,5_post_june_2026,3437,একজন হুজুর বলে তাকে ফাঁসি দেয়া হলো ধিক্কার জানাই,একজন হুজুর বলে তাকে ফাঁসি দেয়া হলো ধিক্কার জানাই,1,0.6548879022697602
5 Post June 2026,5_post_june_2026,3438,আদালত,আদালত,1,0.5999915693729162
5 Post June 2026,5_post_june_2026,3439,আখেরাতে বিচারের রায় কি হবে....?,আখেরাতে বিচারের রায় কি হবে,1,0.40058397539423873
5 Post June 2026,5_post_june_2026,3440,ক্যামনে সম্ভব ঐ আবার কি দোষ করলো,ক্যামনে সম্ভব ঐ আবার কি দোষ করলো,0,0.3905255854339702
5 Post June 2026,5_post_june_2026,3441,এই একজন অসহায় গরীব।,এই একজন অসহায় গরীব,4,0.730421007158824
5 Post June 2026,5_post_june_2026,3442,প্রধান আসামিরা খালাস,প্রধান আসামিরা খালাস,1,0.7331909904086078
5 Post June 2026,5_post_june_2026,3443,এক জন আলেম বলে,এক জন আলেম বলে,1,0.7996011502747549
5 Post June 2026,5_post_june_2026,3444,নাটক সুন্দর হয়েছে,নাটক সুন্দর হয়েছে,3,0.7266768834559392
5 Post June 2026,5_post_june_2026,3445,"আরেকটা বিপ্লবের জন্য অপেক্ষায় থাকো বিম্পি,, এই বিপ্লব ইসলামের বিপ্লব হবে ইনশাআল্লাহ",আরেকটা বিপ্লবের জন্য অপেক্ষায় থাকো বিম্পি এই বিপ্লব ইসলামের বিপ্লব হবে ইনশাআল্লাহ,2,0.6387174477670187
5 Post June 2026,5_post_june_2026,3446,"হত্যার চেষ্টা কিন্তু হত্যা তো করেনি মৃত্যু দন্ড কিভাবে হয়, বুজে আসেনা",হত্যার চেষ্টা কিন্তু হত্যা তো করেনি মৃত্যু দন্ড কিভাবে হয় বুজে আসেনা,3,0.5763826616714912
5 Post June 2026,5_post_june_2026,3447,বিম্পির বিচার ব্যবস্হা।,বিম্পির বিচার ব্যবস্হা,1,0.599999356975593
5 Post June 2026,5_post_june_2026,3448,নাটক,নাটক,3,0.5978361252330854
5 Post June 2026,5_post_june_2026,3449,হত্যাচেষ্টা মামলায় রায় পৃথিবীতে মনে হয় এই প্রথম মৃত্যুদণ্ড,হত্যাচেষ্টা মামলায় রায় পৃথিবীতে মনে হয় এই প্রথম মৃত্যুদণ্ড,1,0.7394315767698726
5 Post June 2026,5_post_june_2026,3450,সেই একজন কিডা???,সেই একজন কিডা,0,0.2
5 Post June 2026,5_post_june_2026,3451,তার পক্ষে আপিল করতে হবে অবশ্যই কোর্টে,তার পক্ষে আপিল করতে হবে অবশ্যই কোর্টে,3,0.4740619977790898
5 Post June 2026,5_post_june_2026,3452,১একজন আলেম!,একজন আলেম,1,0.5999978716733576
5 Post June 2026,5_post_june_2026,3453,প্রথমে গাজা সহ আটক ভাবা আমি,প্রথমে গাজা সহ আটক ভাবা আমি,3,0.8384920596163261
5 Post June 2026,5_post_june_2026,3454,বাহ বাংলাদেশ,বাহ বাংলাদেশ,1,0.3999394217343273
5 Post June 2026,5_post_june_2026,3455,এটাই গনতন্ত্রের সৌন্দর্য্য,এটাই গনতন্ত্রের সৌন্দর্য্য,1,0.5970254910914531
5 Post June 2026,5_post_june_2026,3456,বিএনপির নেতারা তো বেজায় খুশি কিন্তু তারা বুঝতেই পারলো না মালুয়ান বিচারক বিএনপির বদনাম করিয়ে ছাড়বে,বিএনপির নেতারা তো বেজায় খুশি কিন্তু তারা বুঝতেই পারলো না মালুয়ান বিচারক বিএনপির বদনাম করিয়ে ছাড়বে,4,0.8969930698692776
5 Post June 2026,5_post_june_2026,3457,বাংলাদেশে তিনজনকেস কালার দেওয়া হল তার একজনকে মৃত্যুদন্ড দেওয়া হয় না কেন চারজন তো সেই মাসে এখনো ঘুমা কেমন বিচার,বাংলাদেশে তিনজনকেস কালার দেওয়া হল তার একজনকে মৃত্যুদন্ড দেওয়া হয় না কেন চারজন তো সেই মাসে এখনো ঘুমা কেমন বিচার,1,0.9188177643635563
5 Post June 2026,5_post_june_2026,3458,চ্যানেল ২৪ কে বলতেছি আলেমের পক্ষে কিছু লিখুন যাকে ফাঁসির রায় দেওয়ার ঘোষণা দেওয়া হয়েছে উনি একজন নির্দোষ মানুষ,চ্যানেল কে বলতেছি আলেমের পক্ষে কিছু লিখুন যাকে ফাঁসির রায় দেওয়ার ঘোষণা দেওয়া হয়েছে উনি একজন নির্দোষ মানুষ,1,0.5789147929250524
5 Post June 2026,5_post_june_2026,3459,একজন মনে হয় বিএনপি করে না,একজন মনে হয় বিএনপি করে না,1,0.7294071983196345
5 Post June 2026,5_post_june_2026,3460,আ'লেমের অভিশাপ মনে রেখো রাজনীতি করনে ওয়ালা ভাইয়েরা!,আ লেমের অভিশাপ মনে রেখো রাজনীতি করনে ওয়ালা ভাইয়েরা,2,0.4759436064474723
5 Post June 2026,5_post_june_2026,3461,কারণ সে হজুর বলে মৃত্যু দেওয়া হলো,কারণ সে হজুর বলে মৃত্যু দেওয়া হলো,1,0.8664255421104512
5 Post June 2026,5_post_june_2026,3462,বিচারক তো ইহুদি মানে ডেডা ডেডার মার হেডার বিচার করছে ফাসি হলে সবার হবে খালাশ পেলে সবাই পাবে সোজা কথা,বিচারক তো ইহুদি মানে ডেডা ডেডার মার হেডার বিচার করছে ফাসি হলে সবার হবে খালাশ পেলে সবাই পাবে সোজা কথা,1,0.6407726028392255
5 Post June 2026,5_post_june_2026,3463,"মনে হয় ওই একজন মৃত্যুদন্ড আসামি তাদের দলের না তাই আর কি,, খাম্বার দলেরা আর ভালো হবেনা, অতীতে ও ছিলো না এখনো না",মনে হয় ওই একজন মৃত্যুদন্ড আসামি তাদের দলের না তাই আর কি খাম্বার দলেরা আর ভালো হবেনা অতীতে ও ছিলো না এখনো না,1,0.7762855779726889
5 Post June 2026,5_post_june_2026,3464,সেই একজন দলের নয় মনে হয়,সেই একজন দলের নয় মনে হয়,1,0.5734136790300667
5 Post June 2026,5_post_june_2026,3465,"সমস্যা নেই, আমাদের আকাবির গন ফতোয়া ডেলিভারি করে বিশ্রাম নিচ্ছে,,,, বাকিরা কাপড় খুলতে ব্যাস্ত আছে,, রুটি রুজি রুপি তে টান পড়লে …",সমস্যা নেই আমাদের আকাবির গন ফতোয়া ডেলিভারি করে বিশ্রাম নিচ্ছে বাকিরা কাপড় খুলতে ব্যাস্ত আছে রুটি রুজি রুপি তে টান পড়লে,1,0.5203986095886616
5 Post June 2026,5_post_june_2026,3466,"সবাই নির্দোষ আর,, একজন কিভাবে অপরাদি হয়ে গেল",সবাই নির্দোষ আর একজন কিভাবে অপরাদি হয়ে গেল,1,0.3888925417244176
5 Post June 2026,5_post_june_2026,3467,ওই বাংলাদেশ চুদার দেশ।। চুদার আইন।,ওই বাংলাদেশ চুদার দেশ চুদার আইন,0,0.5492655228560296
5 Post June 2026,5_post_june_2026,3468,ওই একজন মারতে চাইছিল আর বাকিরা সবাই নির্দোষ শুধুমাত্র মাথায় টুপি আছে এটাই তার দোষ,ওই একজন মারতে চাইছিল আর বাকিরা সবাই নির্দোষ শুধুমাত্র মাথায় টুপি আছে এটাই তার দোষ,1,0.6169228753955125
5 Post June 2026,5_post_june_2026,3469,"এমন ঘৃণ্য রায়ের প্রতি থুথু নিক্ষেপ করি,নাঈম ভাইয়ের জন্য মহান পরওয়ারদিগারে আলমের কাছে বে- কছুর খালাসের প্রার্থনা জানাই।",এমন ঘৃণ্য রায়ের প্রতি থুথু নিক্ষেপ করি নাঈম ভাইয়ের জন্য মহান পরওয়ারদিগারে আলমের কাছে বে কছুর খালাসের প্রার্থনা জানাই,4,0.9266112671212359
5 Post June 2026,5_post_june_2026,3470,"সব দোষ হুজুরের,",সব দোষ হুজুরের,1,0.7333309678639067
5 Post June 2026,5_post_june_2026,3471,"এক জন কুরআনের হাফেজ তাই তার ফাঁসির রায় হয়েছে,",এক জন কুরআনের হাফেজ তাই তার ফাঁসির রায় হয়েছে,1,0.7031407378924243
5 Post June 2026,5_post_june_2026,3472,একজন আলেম তাই,একজন আলেম তাই,1,0.5999978716733576
5 Post June 2026,5_post_june_2026,3473,ওরা যেভাবে মনে করছে সেভাবেই দেশ চালাচ্ছে,ওরা যেভাবে মনে করছে সেভাবেই দেশ চালাচ্ছে,0,0.7933826364676807
5 Post June 2026,5_post_june_2026,3474,হায়রে বিচারব্যবস্থা ছিঃ,হায়রে বিচারব্যবস্থা ছিঃ,1,0.5986784183058955
5 Post June 2026,5_post_june_2026,3475,একজন টা মনে হয় দলের না,একজন টা মনে হয় দলের না,1,0.5142942195793561
5 Post June 2026,5_post_june_2026,3476,সেখ হাসিনার আমলের মত মনে হয় আদালত,সেখ হাসিনার আমলের মত মনে হয় আদালত,1,0.5894043044435205
5 Post June 2026,5_post_june_2026,3477,ধর্ষনের বিচার হয়া আর হত্যাচেষ্টার মৃত্যুদণ্ড?,ধর্ষনের বিচার হয়া আর হত্যাচেষ্টার মৃত্যুদণ্ড,1,0.7333325580037364
5 Post June 2026,5_post_june_2026,3478,আলেম বলে মৃত্যুদন্ড?,আলেম বলে মৃত্যুদন্ড,1,0.7996477294365671
5 Post June 2026,5_post_june_2026,3479,একজন আলেম/ হুজুরের ব্যাপারে ভিন্ন রায় কি বলবো ভাষা খুজে পাচ্ছি না,একজন আলেম হুজুরের ব্যাপারে ভিন্ন রায় কি বলবো ভাষা খুজে পাচ্ছি না,1,0.47373990141085703
5 Post June 2026,5_post_june_2026,3480,হুজুর যদি বিএনপি করতো তাহলে সে-ও খালাস পেতো।,হুজুর যদি বিএনপি করতো তাহলে সে ও খালাস পেতো,1,0.6135754178755287
5 Post June 2026,5_post_june_2026,3481,এটা কেমন আইন তাদের দলের লোককে চারিয়ে নিয়ে আসলো বটে …,এটা কেমন আইন তাদের দলের লোককে চারিয়ে নিয়ে আসলো বটে,1,0.8362659742359234
5 Post June 2026,5_post_june_2026,3482,"এটা অন্যায়, এটা জুলুম, এই মামলার যারা প্রধান প্রধান আসামি, তারা জামিন হয়ে যায় খালাস হয়ে যায়, শুধু একজনই মৃত্যুদন্ডের রায় হয়, #এটাঅন্যায়",এটা অন্যায় এটা জুলুম এই মামলার যারা প্রধান প্রধান আসামি তারা জামিন হয়ে যায় খালাস হয়ে যায় শুধু একজনই মৃত্যুদন্ডের রায় হয় এটাঅন্যায়,1,0.9425085585690696
5 Post June 2026,5_post_june_2026,3483,এটা কেমন রায়?,এটা কেমন রায়,1,0.5999982443079956
5 Post June 2026,5_post_june_2026,3484,আর বিচারক সেই মা*লাউন। দূর্বার আন্দোলন করতে হবে,আর বিচারক সেই মা লাউন দূর্বার আন্দোলন করতে হবে,3,0.7989516232022963
5 Post June 2026,5_post_june_2026,3485,এই একজন টা হলো অন্য দলের,এই একজন টা হলো অন্য দলের,1,0.48719505882489134
5 Post June 2026,5_post_june_2026,3486,নয়জন বিএনপি'র রাজনীতিবিদ এজন্য খালাস আর একজন হয়তো বা কোন সাধারণ বা কোন হুজুর এজন্য মৃত্যুদণ্ড,নয়জন বিএনপি র রাজনীতিবিদ এজন্য খালাস আর একজন হয়তো বা কোন সাধারণ বা কোন হুজুর এজন্য মৃত্যুদণ্ড,1,0.7719749836316112
5 Post June 2026,5_post_june_2026,3487,এটাই বাংলাদেশ,এটাই বাংলাদেশ,0,0.7303866884257381
5 Post June 2026,5_post_june_2026,3488,তার বিরুদ্ধে কি প্রমান আছে আমরা দেখতে চাই?,তার বিরুদ্ধে কি প্রমান আছে আমরা দেখতে চাই,1,0.8393626989984402
5 Post June 2026,5_post_june_2026,3489,"এ দেশে আলমদের থেকে সস্তা আর কিছু নেই মনে হচ্ছে! আলেমদের কেহ কোনো ব্যাপারে ছাড় দেয় না। নেশা খুরের ছাড় আছে, খুনী ডাকাত ধর্ষণ কার…",এ দেশে আলমদের থেকে সস্তা আর কিছু নেই মনে হচ্ছে আলেমদের কেহ কোনো ব্যাপারে ছাড় দেয় না নেশা খুরের ছাড় আছে খুনী ডাকাত ধর্ষণ কার,2,0.9326305287693181
5 Post June 2026,5_post_june_2026,3490,এমপি মন্ত্রী খালাস হুজুর শেষ বা*লের বিচার,এমপি মন্ত্রী খালাস হুজুর শেষ বা লের বিচার,1,0.6485940822739998
5 Post June 2026,5_post_june_2026,3491,ন্যায় বিচার বাংলাদেশে নাই যখন যেই দল কমতায় যাবে আইন তখন তার গোলামি করবে।,ন্যায় বিচার বাংলাদেশে নাই যখন যেই দল কমতায় যাবে আইন তখন তার গোলামি করবে,1,0.5266465339261194
5 Post June 2026,5_post_june_2026,3492,ঘৃনা জানাই বিচার বিভাগ কে,ঘৃনা জানাই বিচার বিভাগ কে,1,0.5499141384717449
5 Post June 2026,5_post_june_2026,3493,যারা মৃত্যুদন্ড দেওয়া হইছে সে কোন দলের জানেন? জমিয়তের বিষয়টা দুঃখজনক হলেও মেনে নিতে হবে আদালতের রায়।…,যারা মৃত্যুদন্ড দেওয়া হইছে সে কোন দলের জানেন জমিয়তের বিষয়টা দুঃখজনক হলেও মেনে নিতে হবে আদালতের রায়,1,0.9379836597078666
5 Post June 2026,5_post_june_2026,3494,বৈষম্যমূলক রায় দেখতে চাই না,বৈষম্যমূলক রায় দেখতে চাই না,1,0.799682554609472
5 Post June 2026,5_post_june_2026,3495,আলেমের অভিশাপ লাগবে ধংস হয়ে যাবি,আলেমের অভিশাপ লাগবে ধংস হয়ে যাবি,1,0.8340162475472508
5 Post June 2026,5_post_june_2026,3496,এই রায়ের,এই রায়ের,2,0.5988081920575671
5 Post June 2026,5_post_june_2026,3497,তৃীব্র নিন্দা জানাই,তৃীব্র নিন্দা জানাই,4,0.7332667013667824
5 Post June 2026,5_post_june_2026,3498,বাহ সোনার দেশের কি আইন রে,বাহ সোনার দেশের কি আইন রে,1,0.570403476930338
5 Post June 2026,5_post_june_2026,3499,মোঃ বকুল মিয়া kmon becar hoilo vai aita kesu bolan,মোঃ বকুল মিয়া kmon becar hoilo vai aita kesu bolan,2,0.4000562398955866
5 Post June 2026,5_post_june_2026,3500,ছালা চ্যানেল কাকে মিথ্যু দন্ড দিছে বলতে কি লজ্জা লাগে?নাকি হাফেজের নাম মুখে নেওয়া যায় না,ছালা চ্যানেল কাকে মিথ্যু দন্ড দিছে বলতে কি লজ্জা লাগে নাকি হাফেজের নাম মুখে নেওয়া যায় না,0,0.5195933046472311
5 Post June 2026,5_post_june_2026,3501,"এমপি মন্ত্রীরা বড় বড় মামলা থেকে খালাস পেয়ে গেলো, অথচ আমার ভাই কোন রাজনীতি বীদ বা বড় কোন ব্যক্তিত্য না হওয়ায় ফাঁসির আসামি হয়ে গেলো,আহ জুলুম",এমপি মন্ত্রীরা বড় বড় মামলা থেকে খালাস পেয়ে গেলো অথচ আমার ভাই কোন রাজনীতি বীদ বা বড় কোন ব্যক্তিত্য না হওয়ায় ফাঁসির আসামি হয়ে গেলো আহ জুলুম,1,0.8203616396843527
5 Post June 2026,5_post_june_2026,3502,স্বৈরাচার তৈরি হওয়ার আরেক ধাপ এগিয়ে গেল প্রানপ্রিয় দল বিএনপি,স্বৈরাচার তৈরি হওয়ার আরেক ধাপ এগিয়ে গেল প্রানপ্রিয় দল বিএনপি,4,0.8968592294835138
5 Post June 2026,5_post_june_2026,3503,Md Maksudur Rahman এটা কি বিচার হলো...?,md maksudur rahman এটা কি বিচার হলো,1,0.8367682239351859
5 Post June 2026,5_post_june_2026,3504,দলের সবাই খালাস পেল দলবিহীন একজন মোল্লাকে হাসির রায় দিল বাহ বিচার বাহ,দলের সবাই খালাস পেল দলবিহীন একজন মোল্লাকে হাসির রায় দিল বাহ বিচার বাহ,1,0.9272334163427319
5 Post June 2026,5_post_june_2026,3505,ঐ একজন মনে হয় দলের লোক না,ঐ একজন মনে হয় দলের লোক না,1,0.7987715810627939
5 Post June 2026,5_post_june_2026,3506,শুধু টুপিওয়ালা লোকটাকে ফাসি দিল,শুধু টুপিওয়ালা লোকটাকে ফাসি দিল,1,0.4883888311332946
5 Post June 2026,5_post_june_2026,3507,এই হলো তোমাদের ইনসাফ জুলুম করে কোন কেউ পার পায়নি …,এই হলো তোমাদের ইনসাফ জুলুম করে কোন কেউ পার পায়নি,1,0.7160966910749492
5 Post June 2026,5_post_june_2026,3508,হারাম,হারাম,1,0.597860558936025
5 Post June 2026,5_post_june_2026,3509,"জালিমরা সবসময় মুমিনদের প্রতি কঠোর,",জালিমরা সবসময় মুমিনদের প্রতি কঠোর,2,0.7303798997193369
5 Post June 2026,5_post_june_2026,3510,কারন সে আলেম,কারন সে আলেম,1,0.534238850501949
5 Post June 2026,5_post_june_2026,3511,বেজন্মা দেশ,বেজন্মা দেশ,1,0.399181002717958
5 Post June 2026,5_post_june_2026,3512,খমতা যারা আছে তাদের কোন বিচার হয় না এটা বাংলাদেশের রীতিনীতি। আল্লাহর পক্ষ থেকে তাদের উপরে লানত। যারা মানুষের উপর অমানবিক বিচার করবে।,খমতা যারা আছে তাদের কোন বিচার হয় না এটা বাংলাদেশের রীতিনীতি আল্লাহর পক্ষ থেকে তাদের উপরে লানত যারা মানুষের উপর অমানবিক বিচার করবে,1,0.6957626810748659
5 Post June 2026,5_post_june_2026,3513,একজন যে মাদ্রাসার বেকগ্রাউন্ডের এটা উল্লেখ করোন কেন? নাকি তোমার আব্বুদের নির্দেশ,একজন যে মাদ্রাসার বেকগ্রাউন্ডের এটা উল্লেখ করোন কেন নাকি তোমার আব্বুদের নির্দেশ,2,0.5940985808759282
5 Post June 2026,5_post_june_2026,3514,ক্ষমতা যার রায় তার,ক্ষমতা যার রায় তার,1,0.7995330440766748
5 Post June 2026,5_post_june_2026,3515,আল্লাহর কাছে তারা ধরা খাবেই,আল্লাহর কাছে তারা ধরা খাবেই,4,0.7327776666118428
5 Post June 2026,5_post_june_2026,3516,লাগা রে,লাগা রে,2,0.5957177735054027
5 Post June 2026,5_post_june_2026,3517,গণতন্ত্র নেয়ায়বিচার এবং ইনসাফ কখনোই সম্ভব না দলীয় লোক বলে খালাস পাওয়া যায় কিন্তু দলের বিরুদ্ধে হলে ফাঁসিতে চলে যাওয়ার লাগে,গণতন্ত্র নেয়ায়বিচার এবং ইনসাফ কখনোই সম্ভব না দলীয় লোক বলে খালাস পাওয়া যায় কিন্তু দলের বিরুদ্ধে হলে ফাঁসিতে চলে যাওয়ার লাগে,1,0.7157598664605622
5 Post June 2026,5_post_june_2026,3518,সাবাস বিএনপি সাব্বাস তোমাদের জমিয়তের ভাই কে ফাঁসি দিলা,সাবাস বিএনপি সাব্বাস তোমাদের জমিয়তের ভাই কে ফাঁসি দিলা,4,0.5831530989445313
5 Post June 2026,5_post_june_2026,3519,"একজন হলো, হাফেজ নাঈম। তার নাম জানেন না? জাউরা মিডিয়া।",একজন হলো হাফেজ নাঈম তার নাম জানেন না জাউরা মিডিয়া,1,0.7395241690413099
5 Post June 2026,5_post_june_2026,3520,কারণ তিনি বিএনপি করে না,কারণ তিনি বিএনপি করে না,1,0.5951533844881653
5 Post June 2026,5_post_june_2026,3521,হাফেজ নাইমের মু-ক্তির দাবিতে সিলেটে বি*ক্ষোভ..,হাফেজ নাইমের মু ক্তির দাবিতে সিলেটে বি ক্ষোভ,1,0.7999204674872189
5 Post June 2026,5_post_june_2026,3522,দল কর লে বেচারা বে ঁ চে যেত,দল কর লে বেচারা বে ঁ চে যেত,4,0.532820462199649
5 Post June 2026,5_post_june_2026,3523,হত্যা করেও আসামিদের বিচার হয় না এদেশে অথচ হত্যার চেষ্টা মামলায় মৃত্যুদণ্ড,হত্যা করেও আসামিদের বিচার হয় না এদেশে অথচ হত্যার চেষ্টা মামলায় মৃত্যুদণ্ড,1,0.691085286183768
5 Post June 2026,5_post_june_2026,3524,এগুলা দেখার পরেও যারা বিএনপিকে সমর্থন করবে তারা এ যুগের ফেরাউন।,এগুলা দেখার পরেও যারা বিএনপিকে সমর্থন করবে তারা এ যুগের ফেরাউন,3,0.607948964125497
5 Post June 2026,5_post_june_2026,3525,সব কিছু টাকার গোলাম। টাকাই কাম করবো তাতে সমস্যা কি।,সব কিছু টাকার গোলাম টাকাই কাম করবো তাতে সমস্যা কি,2,0.8840341404566934
5 Post June 2026,5_post_june_2026,3526,what a drama,what a drama,1,0.599978243323219
5 Post June 2026,5_post_june_2026,3527,"সবাইকে মামলা থেকে খালাস দিয়ে একজন নিরপরাধ আলেমকে মৃত্যুদণ্ড দেওয়া হয়েছে , বিষয়টা খুবই দুঃখজনক , তবে কি আলেম কিংবা হুজুর হ…",সবাইকে মামলা থেকে খালাস দিয়ে একজন নিরপরাধ আলেমকে মৃত্যুদণ্ড দেওয়া হয়েছে বিষয়টা খুবই দুঃখজনক তবে কি আলেম কিংবা হুজুর হ,1,0.9328318448113876
5 Post June 2026,5_post_june_2026,3528,you,you,1,0.5999949929060816
5 Post June 2026,5_post_june_2026,3529,ওই বিচারককে ধরে জনসমক্ষে পাথর নিক্ষেপ করা হোক,ওই বিচারককে ধরে জনসমক্ষে পাথর নিক্ষেপ করা হোক,0,0.732234646512826
5 Post June 2026,5_post_june_2026,3530,খুনীদের খালাস আইন আদালত বি এন পি র হুকুম এ পরিচালিত,খুনীদের খালাস আইন আদালত বি এন পি র হুকুম এ পরিচালিত,1,0.8856912124684952
5 Post June 2026,5_post_june_2026,3531,এই দেশে আলেম রা যোগে যোগে নির্যাতিত,এই দেশে আলেম রা যোগে যোগে নির্যাতিত,2,0.4405463398580967
5 Post June 2026,5_post_june_2026,3532,বালের আইন,বালের আইন,4,0.40181835334527266
5 Post June 2026,5_post_june_2026,3533,একজনের দুষ ছিলো সে আলেম এটাই তার অপরাধ ছিল এইতো আমাদের দেশের আইন,একজনের দুষ ছিলো সে আলেম এটাই তার অপরাধ ছিল এইতো আমাদের দেশের আইন,1,0.8995985361478595
5 Post June 2026,5_post_june_2026,3534,দেশটা কে চালাচ্ছে বুঝলাম না!,দেশটা কে চালাচ্ছে বুঝলাম না,4,0.7321612747942187
5 Post June 2026,5_post_june_2026,3535,"এটা কেমন বিচার,,,,, ক্ষমতা আছে বলে অপরাধী পার পেয়ে যাবে,,,,ক্ষমতা চির কারো থাকেনা,,,, ক্ষমতাই আছে এই যাবে , দুনিয়ার লোভে …",এটা কেমন বিচার ক্ষমতা আছে বলে অপরাধী পার পেয়ে যাবে ক্ষমতা চির কারো থাকেনা ক্ষমতাই আছে এই যাবে দুনিয়ার লোভে,1,0.9261319658116828
5 Post June 2026,5_post_june_2026,3536,ধিক্কার জানাই এমন বিচারকে,ধিক্কার জানাই এমন বিচারকে,4,0.7998670272588213
5 Post June 2026,5_post_june_2026,3537,কুলাঙ্গারদের আইন শুধু হুজুরদের জন্য হয়,কুলাঙ্গারদের আইন শুধু হুজুরদের জন্য হয়,1,0.7331864886981545
5 Post June 2026,5_post_june_2026,3538,বিচার সঠিক হয়নি,বিচার সঠিক হয়নি,2,0.5136986841427971
5 Post June 2026,5_post_june_2026,3539,যাকে মৃত্যুদন্ড দেওযা হয়েছে সে একজন আলেম আর এদেশে আলেমদের এভাবেই শেষ করে দেওয়া হচ্ছে,যাকে মৃত্যুদন্ড দেওযা হয়েছে সে একজন আলেম আর এদেশে আলেমদের এভাবেই শেষ করে দেওয়া হচ্ছে,1,0.7211997653234203
5 Post June 2026,5_post_june_2026,3540,"হত্যাকারীর ফাসি হয় না কিন্তু হত্যা চেষ্টাকারীর ফাঁসি হয়, এজেই বলে ন্যায়বিচার।",হত্যাকারীর ফাসি হয় না কিন্তু হত্যা চেষ্টাকারীর ফাঁসি হয় এজেই বলে ন্যায়বিচার,1,0.8397994101631315
5 Post June 2026,5_post_june_2026,3541,এইটা কেমন আইন বুঝলাম না একই মামলায় কিছু মানুষকে ছেড়ে দিল আর কিছু মানুষকে মৃত্যুদণ্ড দিলো ধিক্কার দি এ সরকার কে,এইটা কেমন আইন বুঝলাম না একই মামলায় কিছু মানুষকে ছেড়ে দিল আর কিছু মানুষকে মৃত্যুদণ্ড দিলো ধিক্কার দি এ সরকার কে,1,0.631041546507311
5 Post June 2026,5_post_june_2026,3542,কারণ সে একজন আলেম এটাই তার অপরাধ তার দাঁড়িয়ে আছে টুপি আছে জোব্বা আছে এটাই তার অপরাধ এই আলেম সমাজকে ধ্বংস করতে গিয়ে স্বৈরাচা…,কারণ সে একজন আলেম এটাই তার অপরাধ তার দাঁড়িয়ে আছে টুপি আছে জোব্বা আছে এটাই তার অপরাধ এই আলেম সমাজকে ধ্বংস করতে গিয়ে স্বৈরাচা,1,0.8482245539700959
5 Post June 2026,5_post_june_2026,3543,ঘটনাটি অত্যন্ত হৃদয়বিদারক এবং দুঃখজনক একজন মালাউন এর মিথ্যা মামলায় একজন আলেমকে ফাঁসি দেওয়া হল বিনা অপরাধে,ঘটনাটি অত্যন্ত হৃদয়বিদারক এবং দুঃখজনক একজন মালাউন এর মিথ্যা মামলায় একজন আলেমকে ফাঁসি দেওয়া হল বিনা অপরাধে,1,0.9197965081792124
5 Post June 2026,5_post_june_2026,3544,বিচার ব্যবস্থাকে পুটকিমারি। সব বাটপারকে খালাস দিয়ে একজন আলেমকে মৃত্যুদন্ড দেওয়া হলো,বিচার ব্যবস্থাকে পুটকিমারি সব বাটপারকে খালাস দিয়ে একজন আলেমকে মৃত্যুদন্ড দেওয়া হলো,1,0.8856535869924845
5 Post June 2026,5_post_june_2026,3545,তার আসল অপরাধ সে একজন হুজুর হাফেজ আলেম। এদেশে হুজুরের জন্য সব দন্ড কার্যকর করা ফরজ। আর দেশদ্রোহী বিধর্মি হলে যত বড় অপরাধ করা হোক মাফ।,তার আসল অপরাধ সে একজন হুজুর হাফেজ আলেম এদেশে হুজুরের জন্য সব দন্ড কার্যকর করা ফরজ আর দেশদ্রোহী বিধর্মি হলে যত বড় অপরাধ করা হোক মাফ,1,0.9490696038524161
5 Post June 2026,5_post_june_2026,3546,সবাই জামিন পেল দলীয় হিসাবে আর আরেকজন আলেম বলে।আদালত এক কিন্তু বিচার ভিন্ন!!!,সবাই জামিন পেল দলীয় হিসাবে আর আরেকজন আলেম বলে আদালত এক কিন্তু বিচার ভিন্ন,1,0.9271757176826233
5 Post June 2026,5_post_june_2026,3547,"১-৭ নং পর্যন্ত খালাস,৮ নং আসামির মৃত্যুদন্ড,কারন ৮ নং যে একজন হুজুর।",নং পর্যন্ত খালাস নং আসামির মৃত্যুদন্ড কারন নং যে একজন হুজুর,0,0.4664582907505653
5 Post June 2026,5_post_june_2026,3548,সোনার দেশে সোনার রাজনীতির আইনের ফলন বেশি হবে এটাই স্বাভাবিক,সোনার দেশে সোনার রাজনীতির আইনের ফলন বেশি হবে এটাই স্বাভাবিক,3,0.4658374692938484
5 Post June 2026,5_post_june_2026,3549,বিএনপি কি স্বৈরাচারীর পথে হাঁটছে আমরা তো তাই দেখতে পাচ্ছি …,বিএনপি কি স্বৈরাচারীর পথে হাঁটছে আমরা তো তাই দেখতে পাচ্ছি,1,0.5475621741232596
5 Post June 2026,5_post_june_2026,3550,"এটাই বাংলাদেশ, তার অপরাধ সে বাংলাদেশে জন্ম গ্রহণ করেছে, তার অপরাধ সে হুজুর!",এটাই বাংলাদেশ তার অপরাধ সে বাংলাদেশে জন্ম গ্রহণ করেছে তার অপরাধ সে হুজুর,1,0.8292055057884666
5 Post June 2026,5_post_june_2026,3551,ফাঁসি হলে সবার হতে হবে শুধু আলেমের কেন ??? বুঝতে হবে এরাও হাসিনা মত ইসলাম ও আলেম বিদ্বেষী। এ রায় তার জল জ্যান্ত প্রমান।,ফাঁসি হলে সবার হতে হবে শুধু আলেমের কেন বুঝতে হবে এরাও হাসিনা মত ইসলাম ও আলেম বিদ্বেষী এ রায় তার জল জ্যান্ত প্রমান,1,0.568447925442251
5 Post June 2026,5_post_june_2026,3552,জালিমদের উপর আল্লাহর লানত,জালিমদের উপর আল্লাহর লানত,4,0.4000444130189532
5 Post June 2026,5_post_june_2026,3553,"আলেম নির্মুল করতে গিয়ে হাসিনা ধংস হয়েছে এটা ঠিক হয়নি,",আলেম নির্মুল করতে গিয়ে হাসিনা ধংস হয়েছে এটা ঠিক হয়নি,1,0.7094123379293552
5 Post June 2026,5_post_june_2026,3554,দেশ আবার সেই গুজরাটের কশাই নরেন্দ্র মোদীর প্রেসক্রিপশনে চলা শুরু করছে।,দেশ আবার সেই গুজরাটের কশাই নরেন্দ্র মোদীর প্রেসক্রিপশনে চলা শুরু করছে,3,0.839131175636083
5 Post June 2026,5_post_june_2026,3555,যে এই রায় দিয়েছে তাকেই মৃ*ত্যু*দন্ড দেয়া উচিত,যে এই রায় দিয়েছে তাকেই মৃ ত্যু দন্ড দেয়া উচিত,1,0.5122790217562815
5 Post June 2026,5_post_june_2026,3556,সব কটা দালাল,সব কটা দালাল,0,0.5999958209370793
5 Post June 2026,5_post_june_2026,3557,সমাজের মানুষ যদি এখনই সচেতন না হয় আগামীতে প্রত্যেকটা গ্রাম অঞ্চলের সব জায়গাতেই এর এরা স্বৈরাচারী করবে সুতরাং মানুষকে প্রতিবা…,সমাজের মানুষ যদি এখনই সচেতন না হয় আগামীতে প্রত্যেকটা গ্রাম অঞ্চলের সব জায়গাতেই এর এরা স্বৈরাচারী করবে সুতরাং মানুষকে প্রতিবা,1,0.44898061699168285
5 Post June 2026,5_post_june_2026,3558,হত্যা চেষ্টা মামলায় ফাঁসির রায় কিভাবে হয়,হত্যা চেষ্টা মামলায় ফাঁসির রায় কিভাবে হয়,1,0.6002645759053722
5 Post June 2026,5_post_june_2026,3559,BNP পতনের আর একটা (স্টেইজ) ধাপ আগালো,bnp পতনের আর একটা স্টেইজ ধাপ আগালো,1,0.5947329147698345
5 Post June 2026,5_post_june_2026,3560,এটা কেমন আইন একই মামলার মানুষ যদি বাহিরে থাকে. আর একজন জেলখানায় থেকে মৃত্যুদণ্ড,এটা কেমন আইন একই মামলার মানুষ যদি বাহিরে থাকে আর একজন জেলখানায় থেকে মৃত্যুদণ্ড,1,0.6012493930119241
5 Post June 2026,5_post_june_2026,3561,"কোন বিচারক এ-ই রায় দিয়েছে, এ-ই রায় পক্ষপাত দুষ্ট",কোন বিচারক এ ই রায় দিয়েছে এ ই রায় পক্ষপাত দুষ্ট,3,0.49795357845969096
5 Post June 2026,5_post_june_2026,3562,নেতার মুক্তি গরিব বলে ফাসি,নেতার মুক্তি গরিব বলে ফাসি,1,0.8395972471986958
5 Post June 2026,5_post_june_2026,3563,দেশটা মগেরমুলুক পাইছে,দেশটা মগেরমুলুক পাইছে,4,0.731924019931342
5 Post June 2026,5_post_june_2026,3564,মুক্তি চাই,মুক্তি চাই,1,0.73236927140787
5 Post June 2026,5_post_june_2026,3565,একজন কে সে,একজন কে সে,1,0.5995154841195677
5 Post June 2026,5_post_june_2026,3566,হুজুর কেও খালাশ দিতে হবে,হুজুর কেও খালাশ দিতে হবে,1,0.7985865731858414
5 Post June 2026,5_post_june_2026,3567,"হত্যা চেষ্টা মামলায় কেন মৃত্যুদণ্ড দেবে,সে তো আর হত্যা করেনি।।",হত্যা চেষ্টা মামলায় কেন মৃত্যুদণ্ড দেবে সে তো আর হত্যা করেনি,1,0.650939424078804
5 Post June 2026,5_post_june_2026,3568,হত্যাচেষ্টা মামলায় কেমনে ফাসি হয়??? কোন বিচারক এই রায় দিয়েছে তার ছবি পরিচয় প্রচার করা হোক,হত্যাচেষ্টা মামলায় কেমনে ফাসি হয় কোন বিচারক এই রায় দিয়েছে তার ছবি পরিচয় প্রচার করা হোক,1,0.5072603964697129
5 Post June 2026,5_post_june_2026,3569,"বিচারকের নাম কি?বিচারক নেশাগ্রস্ত ছিলো নাকি?একই মামলায় সরকারি দলের সবাই খালাস পায় আর একজনের ফাসি হয়,,আলেমদের উপর জুলুম বন্ধ হয়…",বিচারকের নাম কি বিচারক নেশাগ্রস্ত ছিলো নাকি একই মামলায় সরকারি দলের সবাই খালাস পায় আর একজনের ফাসি হয় আলেমদের উপর জুলুম বন্ধ হয়,1,0.8233931155299927
5 Post June 2026,5_post_june_2026,3570,"যাকে মৃত্যুদণ্ড দেওয়া হয়েছে, উনি অন্য দলের বাকি সব বি এন পি, কি আজব বিচার সম্পন্ন করলো!!!",যাকে মৃত্যুদণ্ড দেওয়া হয়েছে উনি অন্য দলের বাকি সব বি এন পি কি আজব বিচার সম্পন্ন করলো,1,0.607511289679181
5 Post June 2026,5_post_june_2026,3571,"সুরঞ্জিত সুরঞ্জিত ,সুরঞ্জিত কোন চ্যা' টের বা"" ল",সুরঞ্জিত সুরঞ্জিত সুরঞ্জিত কোন চ্যা টের বা ল,0,0.6635817264664466
5 Post June 2026,5_post_june_2026,3572,একজন আলেমের সাথে বেইনসাফি হয়েছে. পতন অনিবার্য,একজন আলেমের সাথে বেইনসাফি হয়েছে পতন অনিবার্য,1,0.7327394837385587
5 Post June 2026,5_post_june_2026,3573,এগুলা বিচার না অবিচার,এগুলা বিচার না অবিচার,1,0.7990188807296691
5 Post June 2026,5_post_june_2026,3574,তাও হত্যা চেষ্টা মামলায় সবাই খালাস একজনের মৃত্যুদণ্ড হবে কেনো? এমন অবিচারের তীব্র নিন্দা জানাচ্ছি।,তাও হত্যা চেষ্টা মামলায় সবাই খালাস একজনের মৃত্যুদণ্ড হবে কেনো এমন অবিচারের তীব্র নিন্দা জানাচ্ছি,1,0.4994685599613041
5 Post June 2026,5_post_june_2026,3575,এইতো আবার কেমন বিচার দলের লোক ছাড় অন্য লোক কে ফাঁসি দেওয়া হল,এইতো আবার কেমন বিচার দলের লোক ছাড় অন্য লোক কে ফাঁসি দেওয়া হল,1,0.926010970766328
5 Post June 2026,5_post_june_2026,3576,"দাড়ি-টুপি আছে, এজন্য একজনের মৃত্যুদণ্ড। আর সেটার রায় দাতা একজন হি""ন্দু।",দাড়ি টুপি আছে এজন্য একজনের মৃত্যুদণ্ড আর সেটার রায় দাতা একজন হি ন্দু,1,0.4985656139099287
5 Post June 2026,5_post_june_2026,3577,একজন হুজুর বিধায় মুক্তি পায়নি মৃত্যু দন্ড হয়েছে,একজন হুজুর বিধায় মুক্তি পায়নি মৃত্যু দন্ড হয়েছে,1,0.8855767920449573
5 Post June 2026,5_post_june_2026,3578,"আমাদের দেশে আগে বিচারকদের বিচার করা উচিত, সবগুলোই পথ ভ্রষ্ট যালেম ।",আমাদের দেশে আগে বিচারকদের বিচার করা উচিত সবগুলোই পথ ভ্রষ্ট যালেম,2,0.3491203850064949
5 Post June 2026,5_post_june_2026,3579,"তাহলে তো এরা দোষী, ক্ষমতার দাপটে এরা বেরিয়ে আসলো, ওর ক্ষমতা না থাকায় তার ফাঁসির রায় হলো।",তাহলে তো এরা দোষী ক্ষমতার দাপটে এরা বেরিয়ে আসলো ওর ক্ষমতা না থাকায় তার ফাঁসির রায় হলো,1,0.8361292126073409
5 Post June 2026,5_post_june_2026,3580,"দলীয় লোকদের খালাস দিলেন, একজন লোককে কিভাবে অপরাধী বানাইলেন কোন সূত্রে?",দলীয় লোকদের খালাস দিলেন একজন লোককে কিভাবে অপরাধী বানাইলেন কোন সূত্রে,1,0.6989027339057481
5 Post June 2026,5_post_june_2026,3581,কারন কি হাফেজ বলে তা হলে সব গুলোর ফাঁশি হওয়া দরকার ছিল,কারন কি হাফেজ বলে তা হলে সব গুলোর ফাঁশি হওয়া দরকার ছিল,1,0.5696986029883453
5 Post June 2026,5_post_june_2026,3582,এই দেশে নেয় বিচার হবে কবে,এই দেশে নেয় বিচার হবে কবে,1,0.6157634546906494
5 Post June 2026,5_post_june_2026,3583,এইহলো বাংলাদেশের তাহলে বিচার যে দল ক্ষমতায় আসবে যত বড় অপরাধ করে থাকুক তারা সব অপরাধ থেকে তারা খেলায় বাংলাদেশের রাজনীতির গুষ…,এইহলো বাংলাদেশের তাহলে বিচার যে দল ক্ষমতায় আসবে যত বড় অপরাধ করে থাকুক তারা সব অপরাধ থেকে তারা খেলায় বাংলাদেশের রাজনীতির গুষ,1,0.936749681952445
5 Post June 2026,5_post_june_2026,3584,দীর্ঘ ২০ বছর পর মু*ক্তি পেয়েছিলেন হাফেজ নাইম ভাই। জেল থেকে বের হয়ে বাবা-মা কাউকেই জী*বিত পাননি।…,দীর্ঘ বছর পর মু ক্তি পেয়েছিলেন হাফেজ নাইম ভাই জেল থেকে বের হয়ে বাবা মা কাউকেই জী বিত পাননি,3,0.6764517310274448
5 Post June 2026,5_post_june_2026,3585,"এটা বাংলাদেশ, সবই সম্ভব",এটা বাংলাদেশ সবই সম্ভব,0,0.7998317926110143
5 Post June 2026,5_post_june_2026,3586,ধিক্কার জানাই তোদের আইনের প্রতি,ধিক্কার জানাই তোদের আইনের প্রতি,4,0.8661097558142643
5 Post June 2026,5_post_june_2026,3587,এমন বিচার ব্যবস্থার গুষ্টি চুদি ব্রো,এমন বিচার ব্যবস্থার গুষ্টি চুদি ব্রো,1,0.54987885293887
5 Post June 2026,5_post_june_2026,3588,হাফেজ নাঈম ভাই আল্লাহওয়ালা বক্তব্য তাই সরকারের মত এই সরকারও একই কাজ করে যাচ্ছে ইসলামকে ধ্বং৷ স করার জন্য আলেমকে হ ত্যা ক রার জন্য,হাফেজ নাঈম ভাই আল্লাহওয়ালা বক্তব্য তাই সরকারের মত এই সরকারও একই কাজ করে যাচ্ছে ইসলামকে ধ্বং৷ স করার জন্য আলেমকে হ ত্যা ক রার জন্য,4,0.4206950501444002
5 Post June 2026,5_post_june_2026,3589,প্রহসনের বিচার বন্ধ হবে কবে বাংলাদেশে? নিরীহ মানুষরা বিচার পায় না অথচ ক্ষমতাশীলরা বারবার অপরাধ করেও জিতে যায়!,প্রহসনের বিচার বন্ধ হবে কবে বাংলাদেশে নিরীহ মানুষরা বিচার পায় না অথচ ক্ষমতাশীলরা বারবার অপরাধ করেও জিতে যায়,1,0.9329470363235072
5 Post June 2026,5_post_june_2026,3590,এরা নিজেদের পায়ে নিজেরা কুড়াল মারতেছে বেশি টিকবেনা এরা। কথায় আছে না জোর যার মুল্লুক তার,এরা নিজেদের পায়ে নিজেরা কুড়াল মারতেছে বেশি টিকবেনা এরা কথায় আছে না জোর যার মুল্লুক তার,1,0.91925018858446
5 Post June 2026,5_post_june_2026,3591,"একজন নীরিহ আলেমকে মৃত্যুদণ্ড দিয়ে অভিশপ্তের কাজ করলো,…",একজন নীরিহ আলেমকে মৃত্যুদণ্ড দিয়ে অভিশপ্তের কাজ করলো,1,0.44021170176567187
5 Post June 2026,5_post_june_2026,3592,আহা বিচার ব্যবস্থা,আহা বিচার ব্যবস্থা,1,0.7987673435848575
5 Post June 2026,5_post_june_2026,3593,এটাই বাংলাদেশ,এটাই বাংলাদেশ,0,0.7303866884257381
5 Post June 2026,5_post_june_2026,3594,তারেক রহমান মুসলমান না ও হলো একটা ইহুদি,তারেক রহমান মুসলমান না ও হলো একটা ইহুদি,4,0.5500475193213563
5 Post June 2026,5_post_june_2026,3595,বালের আইন বালের আদালত,বালের আইন বালের আদালত,4,0.4410618426034274
5 Post June 2026,5_post_june_2026,3596,এটা আবার কেমন বিচার? বুঝলাম না,এটা আবার কেমন বিচার বুঝলাম না,4,0.4936863021329073
5 Post June 2026,5_post_june_2026,3597,খিলাফা প্রতিষ্ঠা ছাড়া বাংলাদেশের মানুষ মনে হয় না আর শান্তি পাবে।,খিলাফা প্রতিষ্ঠা ছাড়া বাংলাদেশের মানুষ মনে হয় না আর শান্তি পাবে,4,0.8990182578492049
5 Post June 2026,5_post_june_2026,3598,মারাত্মক জুলুম করা হয়েছে,মারাত্মক জুলুম করা হয়েছে,1,0.5999951757285117
5 Post June 2026,5_post_june_2026,3599,নিজ দলের লোক বলে মুক্তি পেয়ে যাবে আর অন্যরা ফাঁসির কাষ্ঠে ঝুলবে এটা অন্যায় জুলুম অবিচার,নিজ দলের লোক বলে মুক্তি পেয়ে যাবে আর অন্যরা ফাঁসির কাষ্ঠে ঝুলবে এটা অন্যায় জুলুম অবিচার,1,0.9380904382868619
5 Post June 2026,5_post_june_2026,3600,সব দোষ হুজুরের,সব দোষ হুজুরের,1,0.7333309678639067
5 Post June 2026,5_post_june_2026,3601,ফ্যাসিবাদী বিচার ব্যবস্থা,ফ্যাসিবাদী বিচার ব্যবস্থা,1,0.7313253602703552
5 Post June 2026,5_post_june_2026,3602,"এটা কোন আইন হইলো, একই মামলায় ৯ জন খালাস একজন এর মৃত্যুদন্দ কিভাবে হয়।।",এটা কোন আইন হইলো একই মামলায় জন খালাস একজন এর মৃত্যুদন্দ কিভাবে হয়,1,0.6259636270753286
5 Post June 2026,5_post_june_2026,3603,বাংলাদেশে সকল আইন মৌলভীদের উপর দিয়ে পরীক্ষা মূলক চালানো হয়।,বাংলাদেশে সকল আইন মৌলভীদের উপর দিয়ে পরীক্ষা মূলক চালানো হয়,1,0.4399591978169972
5 Post June 2026,5_post_june_2026,3604,"চরম উদ্দেশ্য প্রণোদিত রায়। একই মামলায় সবাই খালাস, একজন নিরীহ মজলুম আলেম অপরাধী, তাদের খমতার পাওয়ার কমে আসতেছে।",চরম উদ্দেশ্য প্রণোদিত রায় একই মামলায় সবাই খালাস একজন নিরীহ মজলুম আলেম অপরাধী তাদের খমতার পাওয়ার কমে আসতেছে,1,0.8712554695908629
5 Post June 2026,5_post_june_2026,3605,এমন একটা দেশে বসবাস করি আল্লাহ,এমন একটা দেশে বসবাস করি আল্লাহ,1,0.5600357467418193
5 Post June 2026,5_post_june_2026,3606,শুধু আলেমের ফাঁসি,শুধু আলেমের ফাঁসি,1,0.7333304564616844
5 Post June 2026,5_post_june_2026,3607,"মজলুমের উপর জুলুম, ক্ষমতা চিরস্থায়ী নয় মনে রাখতে হবে।",মজলুমের উপর জুলুম ক্ষমতা চিরস্থায়ী নয় মনে রাখতে হবে,1,0.5917509457473172
5 Post June 2026,5_post_june_2026,3608,"এ দেশে হত্যাচেষ্টা মিথ্যা মামলায়, মৃত্যুদন্ড দেয়া হয় গনহত্যাকারীরা ঘুরে বেড়ায়।",এ দেশে হত্যাচেষ্টা মিথ্যা মামলায় মৃত্যুদন্ড দেয়া হয় গনহত্যাকারীরা ঘুরে বেড়ায়,1,0.8996206419882642
5 Post June 2026,5_post_june_2026,3609,ওই লোকটা বিএপি করলে খালাস পেত,ওই লোকটা বিএপি করলে খালাস পেত,4,0.5492858534506317
5 Post June 2026,5_post_june_2026,3610,দালালি ছাড়।আরেক জনের নাম উল্লেখ কর।,দালালি ছাড় আরেক জনের নাম উল্লেখ কর,1,0.7007918161887631
5 Post June 2026,5_post_june_2026,3611,গরীবের উপর জুলুম করাই আদালতের কাজ।,গরীবের উপর জুলুম করাই আদালতের কাজ,1,0.44021475443641517
5 Post June 2026,5_post_june_2026,3612,প্রিয় টুপি দাড়ি ওয়ালা কওমিরা জামায়াতের বিরুদ্ধে তোমাদের জিহাদ চালিয়ে যাও। আর বিএনপি কে সুযোগ করে দেও,প্রিয় টুপি দাড়ি ওয়ালা কওমিরা জামায়াতের বিরুদ্ধে তোমাদের জিহাদ চালিয়ে যাও আর বিএনপি কে সুযোগ করে দেও,3,0.5162584723627158
5 Post June 2026,5_post_june_2026,3613,এটা আবার কেমন বিচার সব দোষ হাফেজ সাহেবের। আর বাকিরা নির্দোষ।,এটা আবার কেমন বিচার সব দোষ হাফেজ সাহেবের আর বাকিরা নির্দোষ,1,0.883877087929847
5 Post June 2026,5_post_june_2026,3614,কি সুন্দর বিচার ব্যবস্থা,কি সুন্দর বিচার ব্যবস্থা,1,0.7966790061430691
5 Post June 2026,5_post_june_2026,3615,Jara bole BNP Beshi din thikbe na Tader control kom,jara bole bnp beshi din thikbe na tader control kom,2,0.646769149007779
5 Post June 2026,5_post_june_2026,3616,এটা নিশ্চয় জুলুম,এটা নিশ্চয় জুলুম,1,0.5999951757285117
5 Post June 2026,5_post_june_2026,3617,দেশে কোনো আইন নাই।,দেশে কোনো আইন নাই,2,0.5858797010038278
5 Post June 2026,5_post_june_2026,3618,কুত্তার বাচ্চারা জানোয়ার এর বাচ্চারা সব দোষ ভালো মানুষটার উপরে চাপিয়ে তারা বেচে গিয়েছে,কুত্তার বাচ্চারা জানোয়ার এর বাচ্চারা সব দোষ ভালো মানুষটার উপরে চাপিয়ে তারা বেচে গিয়েছে,4,0.7960094628510934
5 Post June 2026,5_post_june_2026,3619,এই একতরফা আইনের মুখে লাথি মারি,এই একতরফা আইনের মুখে লাথি মারি,0,0.5506454566024408
5 Post June 2026,5_post_june_2026,3620,যাকে মৃত্যুদন্ড দিয়েছে সে তাদের দলের না,যাকে মৃত্যুদন্ড দিয়েছে সে তাদের দলের না,1,0.6959180455302876
5 Post June 2026,5_post_june_2026,3621,উনি হুজুর দেখেই উনাকে মৃত্যুদন্ড দিয়েছে,উনি হুজুর দেখেই উনাকে মৃত্যুদন্ড দিয়েছে,0,0.5316366014285503
5 Post June 2026,5_post_june_2026,3622,"একজন হুজুর মোটা অংকের টাকা দেওয়ার সুযোগ নেই, তাই তার মৃত্যুদণ্ড। আর বাকিরা হুজুর না, টাকা দেওয়ার সামর্থ্য আছে তাই তারা বেকসু…",একজন হুজুর মোটা অংকের টাকা দেওয়ার সুযোগ নেই তাই তার মৃত্যুদণ্ড আর বাকিরা হুজুর না টাকা দেওয়ার সামর্থ্য আছে তাই তারা বেকসু,1,0.7072956606042489
5 Post June 2026,5_post_june_2026,3623,এই বিচারটা আমার মনে হচ্ছে জুলুম করা হয়েছে,এই বিচারটা আমার মনে হচ্ছে জুলুম করা হয়েছে,1,0.7308273369545819
5 Post June 2026,5_post_june_2026,3624,আলিম হলে জেল। নিজের দলের হলে খালাস। সেই পুরোনো ের বিচারিক সিষ্টেম। এমন দেশ তো জনগণ চায়নি।,আলিম হলে জেল নিজের দলের হলে খালাস সেই পুরোনো ের বিচারিক সিষ্টেম এমন দেশ তো জনগণ চায়নি,4,0.6520496592639861
5 Post June 2026,5_post_june_2026,3625,"এই দেশে যার টাকা আছে আইন তার পায়ের নিচে থাকে,,,, এই দেশে জন্মগ্রহণ করে লজ্জা লাগে,,,,,,",এই দেশে যার টাকা আছে আইন তার পায়ের নিচে থাকে এই দেশে জন্মগ্রহণ করে লজ্জা লাগে,1,0.4732833287526307
5 Post June 2026,5_post_june_2026,3626,হুজুর বোলেই,হুজুর বোলেই,1,0.5999987966060207
5 Post June 2026,5_post_june_2026,3627,"জনের মধ্যে যার ফাশি আদেশ দিলো-- সে হাফেজ নইম, হুজুরদের ধ্বংস যারা কররে চায়-- শেষে তারাই ধ্বংস হয়",জনের মধ্যে যার ফাশি আদেশ দিলো সে হাফেজ নইম হুজুরদের ধ্বংস যারা কররে চায় শেষে তারাই ধ্বংস হয়,1,0.938321474085208
5 Post June 2026,5_post_june_2026,3628,আওয়ামীলীগের চেয়েও বেশি বিচার বিভাগকে দলীয় করণ করেছে বিএনপি,আওয়ামীলীগের চেয়েও বেশি বিচার বিভাগকে দলীয় করণ করেছে বিএনপি,1,0.8649706508506446
5 Post June 2026,5_post_june_2026,3629,বিচারকের জন্মের পরে কানে আযান দেওয়ার জন্য কোন হুজুর আসেনি ই কারনে প্রতিশোধ মূলক রায় দিয়েছে! কত শক্তিশালী প্রধান মন্ত্রী পালিয়ে…,বিচারকের জন্মের পরে কানে আযান দেওয়ার জন্য কোন হুজুর আসেনি ই কারনে প্রতিশোধ মূলক রায় দিয়েছে কত শক্তিশালী প্রধান মন্ত্রী পালিয়ে,1,0.5903776858547054
5 Post June 2026,5_post_june_2026,3630,এটার তীব্র প্রতিবাদ ও নিন্দা জানাচ্ছি। এবং মজলুম ভাইয়ের নিঃশর্ত মুক্তির দাবী জানাচ্ছি।,এটার তীব্র প্রতিবাদ ও নিন্দা জানাচ্ছি এবং মজলুম ভাইয়ের নিঃশর্ত মুক্তির দাবী জানাচ্ছি,4,0.9109218125278485
5 Post June 2026,5_post_june_2026,3631,আওয়ামী লীগ থাকলে এই ৩ জন কি ছাড়া পেতো? এ কেমন বিচার বিভাগ,আওয়ামী লীগ থাকলে এই জন কি ছাড়া পেতো এ কেমন বিচার বিভাগ,1,0.8965086203920997
5 Post June 2026,5_post_june_2026,3632,এই লোক মনে হয় বি এনপির সাথে জড়িত ছিলোনা,এই লোক মনে হয় বি এনপির সাথে জড়িত ছিলোনা,1,0.8388522089396035
5 Post June 2026,5_post_june_2026,3633,বাহ কি সুন্দর বিচার ব্যবস্থা নয়জন খালাস আরেকজনকে ফাঁসি দেওয়া হলো মানে ৯ জন নির্দোষ আরেকজন দোষী বা বাংলাদেশের বিচার ব্যবস্থাক…,বাহ কি সুন্দর বিচার ব্যবস্থা নয়জন খালাস আরেকজনকে ফাঁসি দেওয়া হলো মানে জন নির্দোষ আরেকজন দোষী বা বাংলাদেশের বিচার ব্যবস্থাক,1,0.9497406181288347
5 Post June 2026,5_post_june_2026,3634,এই জুলুম বিএনপির পতন ঘটাবে যেমন শেখ হাসিনার পতন ঘটিয়েছিল,এই জুলুম বিএনপির পতন ঘটাবে যেমন শেখ হাসিনার পতন ঘটিয়েছিল,1,0.8852305135787673
5 Post June 2026,5_post_june_2026,3635,একই মামলায় ক্ষমতাসীন সবাই খালাস হলেও দাড়ি-টুপি ধারী একজনকে মৃত্যুদণ্ড দেয়…,একই মামলায় ক্ষমতাসীন সবাই খালাস হলেও দাড়ি টুপি ধারী একজনকে মৃত্যুদণ্ড দেয়,1,0.616985744702931
5 Post June 2026,5_post_june_2026,3636,যেগুলা খালাস পাইসে অইগুলাও বাটপার,যেগুলা খালাস পাইসে অইগুলাও বাটপার,1,0.4000888588855453
5 Post June 2026,5_post_june_2026,3637,"এই সব বি এন পি আইন আমরা মানি না, লেডি ফেরাউনের পথে চলতে চাইলে আরেকটা জুলাই হবে, না হয় মুক্তি দিতে হবে",এই সব বি এন পি আইন আমরা মানি না লেডি ফেরাউনের পথে চলতে চাইলে আরেকটা জুলাই হবে না হয় মুক্তি দিতে হবে,1,0.9262168006862708
5 Post June 2026,5_post_june_2026,3638,আইন কি ওদের জন্য একজন নিরপরাধ হাফেজকে কেন ফাঁসি দিল,আইন কি ওদের জন্য একজন নিরপরাধ হাফেজকে কেন ফাঁসি দিল,1,0.6850830182783041
5 Post June 2026,5_post_june_2026,3639,কাংলাদেশ,কাংলাদেশ,0,0.2
5 Post June 2026,5_post_june_2026,3640,বা*** বিচার ব্যবস্থা কু*** বাচ্চাইন ।। সবাই খালাস শুধু একজন অপরাধি ।। …,বা বিচার ব্যবস্থা কু বাচ্চাইন সবাই খালাস শুধু একজন অপরাধি,1,0.8393873951670037
5 Post June 2026,5_post_june_2026,3641,সকলকে কি মুক্তি দেওয়ার দরকার,সকলকে কি মুক্তি দেওয়ার দরকার,2,0.43662945027355005
5 Post June 2026,5_post_june_2026,3642,পাওয়ার অফ বি এন পি,পাওয়ার অফ বি এন পি,1,0.8666343683894573
5 Post June 2026,5_post_june_2026,3643,হাসিনার মিথ্যা মামলায় সবগুলোরে ফাঁসি দিতি কুলাঙ্গার বিচারক আর কুলাঙ্গার শাসক। একজন নিরপরাধ মানুষকে ২০ বছর জেল কাটাইলি এখন ফাঁসির আদেশও দিয়া দিলি!?,হাসিনার মিথ্যা মামলায় সবগুলোরে ফাঁসি দিতি কুলাঙ্গার বিচারক আর কুলাঙ্গার শাসক একজন নিরপরাধ মানুষকে বছর জেল কাটাইলি এখন ফাঁসির আদেশও দিয়া দিলি,1,0.4982912682319587
5 Post June 2026,5_post_june_2026,3644,হুজুর মানুষ বলেই তাকে ফাঁসিয়ে দিল এ সরকার আওয়ামীলীগের থেকেই আরো বেশি পতন হয়ে যাবে ঈদের জায়গা মাটির নিচে ছাড়া কোথাও হবে না না লন্ডনে না ভারতে,হুজুর মানুষ বলেই তাকে ফাঁসিয়ে দিল এ সরকার আওয়ামীলীগের থেকেই আরো বেশি পতন হয়ে যাবে ঈদের জায়গা মাটির নিচে ছাড়া কোথাও হবে না না লন্ডনে না ভারতে,4,0.6756339270702668
5 Post June 2026,5_post_june_2026,3645,গরিবের বউ সকলের ভাবী।,গরিবের বউ সকলের ভাবী,2,0.798738954713509
5 Post June 2026,5_post_june_2026,3646,মিডিয়াগুলো এমন বজ্জাত এখানে হুজুর হাইলাইট করে না ..! একটা অকারেন্স ঘটলে সেখানে হুজুর হাইলাইট করে করে...,মিডিয়াগুলো এমন বজ্জাত এখানে হুজুর হাইলাইট করে না একটা অকারেন্স ঘটলে সেখানে হুজুর হাইলাইট করে করে,1,0.5335280957696273
5 Post June 2026,5_post_june_2026,3647,বাংলার মুসলিম দেখ কারা এই দেশ পরিচালনা করতেছে,বাংলার মুসলিম দেখ কারা এই দেশ পরিচালনা করতেছে,3,0.8634750182155397
5 Post June 2026,5_post_june_2026,3648,আমরা দোয়া করি এই মাজলুমের জন্য যাঁরা নেই বিচার করতে পারে না বিচারের নামে বৈষম্য সৃষ্টি করে তাদের উপর যেনো আল্লাহর লানত পড়ে …,আমরা দোয়া করি এই মাজলুমের জন্য যাঁরা নেই বিচার করতে পারে না বিচারের নামে বৈষম্য সৃষ্টি করে তাদের উপর যেনো আল্লাহর লানত পড়ে,4,0.48019691575983653
5 Post June 2026,5_post_june_2026,3649,বালের বিচার,বালের বিচার,1,0.40028733929639154
5 Post June 2026,5_post_june_2026,3650,তিনি যে একজন আলেম।,তিনি যে একজন আলেম,1,0.5999978716733576
5 Post June 2026,5_post_june_2026,3651,আলেম বলে তাকে আজ ফাঁসি দিতে বিবেকে লাগে নাই। কিন্তু বড় চো**র গুলো ছাড়া পেল,আলেম বলে তাকে আজ ফাঁসি দিতে বিবেকে লাগে নাই কিন্তু বড় চো র গুলো ছাড়া পেল,1,0.6206780007310195
5 Post June 2026,5_post_june_2026,3652,শেখ হাসিনা নাকি আলেম চোখে দেখতে পারে না আর এখন একি মামলায় সবাই খালাস পায় আর একজন আলেমের মৃত্যুদনড হয় হায়রে কপাল পোড়া,শেখ হাসিনা নাকি আলেম চোখে দেখতে পারে না আর এখন একি মামলায় সবাই খালাস পায় আর একজন আলেমের মৃত্যুদনড হয় হায়রে কপাল পোড়া,1,0.7900829400781503
5 Post June 2026,5_post_june_2026,3653,তার মৃত্যু দন্ড হয়ছে কারন সে হাফেজ একজন হুজুর তাই এটাই বম্পি এটাই আম্লিগ। কোন তফাৎ নাই…,তার মৃত্যু দন্ড হয়ছে কারন সে হাফেজ একজন হুজুর তাই এটাই বম্পি এটাই আম্লিগ কোন তফাৎ নাই,1,0.6582145269277102
5 Post June 2026,5_post_june_2026,3654,হায়রে বিএনপি দীর্ঘ ২০ বছর পর মুক্তি পেয়েছিলেন হাফেজ নাইম ভাই। জেল থেকে বের হয়ে বাবা-মা কাউকেই জীবিত পাননি।…,হায়রে বিএনপি দীর্ঘ বছর পর মুক্তি পেয়েছিলেন হাফেজ নাইম ভাই জেল থেকে বের হয়ে বাবা মা কাউকেই জীবিত পাননি,3,0.6690600861777655
5 Post June 2026,5_post_june_2026,3655,কারন এই একজনের মাথায় টুপি আছে।,কারন এই একজনের মাথায় টুপি আছে,2,0.839293439462027
5 Post June 2026,5_post_june_2026,3656,দেশে আইন নাই নিজের মত করে দলের সিদ্ধান্ত আইন চলছে,দেশে আইন নাই নিজের মত করে দলের সিদ্ধান্ত আইন চলছে,1,0.4057894926987148
5 Post June 2026,5_post_june_2026,3657,রেডি থাক আল্লাহর গজব তোদের উপর পড়বে ইনশাআল্লাহ আমরা দেখে যাব,রেডি থাক আল্লাহর গজব তোদের উপর পড়বে ইনশাআল্লাহ আমরা দেখে যাব,4,0.48362432829642704
5 Post June 2026,5_post_june_2026,3658,ওই একজনের মাথায় টুপি আর মুখে দাড়ি আছে এজন্য,ওই একজনের মাথায় টুপি আর মুখে দাড়ি আছে এজন্য,2,0.8842644394623169
5 Post June 2026,5_post_june_2026,3659,খানকির পোলারা যখন শাউয়া মাওয়া ছিঁড়ে ফেলা শুরু করমু তখন আর দেশ থেকে পালাবার সুযোগ পাবি না কুত্তার বাচ্চারা হাহাহা,খানকির পোলারা যখন শাউয়া মাওয়া ছিঁড়ে ফেলা শুরু করমু তখন আর দেশ থেকে পালাবার সুযোগ পাবি না কুত্তার বাচ্চারা হাহাহা,0,0.8985331696561626
5 Post June 2026,5_post_june_2026,3660,একই ঘটনায় সবাই মুক্তি হলে ও একজনের মৃত্যুদন্ড বাহ কি চমৎকার বিচার ব্যবস্তা আমাদের এই দেশে। এইরকম বিচার ব্যবস্তা পৃথিবীতে বিরল,একই ঘটনায় সবাই মুক্তি হলে ও একজনের মৃত্যুদন্ড বাহ কি চমৎকার বিচার ব্যবস্তা আমাদের এই দেশে এইরকম বিচার ব্যবস্তা পৃথিবীতে বিরল,1,0.938151931589727
5 Post June 2026,5_post_june_2026,3661,বাবর -আরিফুল- গাউসহ এরকম হাজারো কুত্তার বাচ্চাদের ফাঁসি দিলেও এ দেশের কোন ক্ষতি হবে না। কিন্তু নির্দোষ হাফেজ নাঈম ভাইকে ফাঁসিত…,বাবর আরিফুল গাউসহ এরকম হাজারো কুত্তার বাচ্চাদের ফাঁসি দিলেও এ দেশের কোন ক্ষতি হবে না কিন্তু নির্দোষ হাফেজ নাঈম ভাইকে ফাঁসিত,1,0.5826198321133912
5 Post June 2026,5_post_june_2026,3662,"বিএনপি বড় ভুল করতেছে, জুলুম করবা হাসিনার থেকেও খারাপ অবস্থা হবে ইনশাআল্লাহ",বিএনপি বড় ভুল করতেছে জুলুম করবা হাসিনার থেকেও খারাপ অবস্থা হবে ইনশাআল্লাহ,3,0.5813375205934066
5 Post June 2026,5_post_june_2026,3663,আজকে মনে হচ্ছে সে আওয়ামী লীগের আমলে আমরা বসবাস করতেছি যারা হুজুরদেরকে অত্যাচার করত মিথ্যা মামলায় প্রচারিত আজকেও সেই একই অবস্…,আজকে মনে হচ্ছে সে আওয়ামী লীগের আমলে আমরা বসবাস করতেছি যারা হুজুরদেরকে অত্যাচার করত মিথ্যা মামলায় প্রচারিত আজকেও সেই একই অবস্,1,0.5521532218172179
5 Post June 2026,5_post_june_2026,3664,যে মানুষটার মৃত্যুদন্ড দেওয়া হয়েছে সে আসলে কোন দলের না একজন সাধারন আলেম । এইজন্যে এই রায় হয়েছে বিচারকের ও বিচার হবে এক,যে মানুষটার মৃত্যুদন্ড দেওয়া হয়েছে সে আসলে কোন দলের না একজন সাধারন আলেম এইজন্যে এই রায় হয়েছে বিচারকের ও বিচার হবে এক,1,0.9325882400619814
5 Post June 2026,5_post_june_2026,3665,জুলুমের সেষ হবে এক ইনশাআল্লাহ,জুলুমের সেষ হবে এক ইনশাআল্লাহ,4,0.7294999303896477
5 Post June 2026,5_post_june_2026,3666,এই রাজনিতিবিদ কুকুরে জারজ গুলো ও টাকা খাওয়া আইনজিবি আর ঘুষখোর পুলিশি ছিস্টেমে অসহয়া একজন আসামি আরকী।,এই রাজনিতিবিদ কুকুরে জারজ গুলো ও টাকা খাওয়া আইনজিবি আর ঘুষখোর পুলিশি ছিস্টেমে অসহয়া একজন আসামি আরকী,3,0.7979756147439833
5 Post June 2026,5_post_june_2026,3667,আলেমদের জন্য আইন ভিন্ন। হায়রে আমলাতন্ত্র,আলেমদের জন্য আইন ভিন্ন হায়রে আমলাতন্ত্র,1,0.8396197215879662
5 Post June 2026,5_post_june_2026,3668,মাথায় টুপি মুখে দাড়ি আছে তার জন্য,মাথায় টুপি মুখে দাড়ি আছে তার জন্য,2,0.8391154008808216
5 Post June 2026,5_post_june_2026,3669,একজন আলেম এখন জুলুমের শিকার এখন মজলুম আল্লাহর কাছে যায় ফরিয়াদ করে তা কবুল হয়ে যাবে,একজন আলেম এখন জুলুমের শিকার এখন মজলুম আল্লাহর কাছে যায় ফরিয়াদ করে তা কবুল হয়ে যাবে,4,0.7286346309180918
5 Post June 2026,5_post_june_2026,3670,এ দেশের আইনের ঘুষ্ঠি চু*****,এ দেশের আইনের ঘুষ্ঠি চু,4,0.7304435029605254
5 Post June 2026,5_post_june_2026,3671,এরা নিজেদের পায়ে নিজেরা কুড়াল মারতেছে বেশি টিকবেনা এরা।একজন মজলুম আলেমের সাথে অন্যায়কে আল্লাহ তায়ালা বরদাশত করবেন না।,এরা নিজেদের পায়ে নিজেরা কুড়াল মারতেছে বেশি টিকবেনা এরা একজন মজলুম আলেমের সাথে অন্যায়কে আল্লাহ তায়ালা বরদাশত করবেন না,1,0.9381161829567889
5 Post June 2026,5_post_june_2026,3672,দলের পাওয়ার,দলের পাওয়ার,1,0.7333301396457227
5 Post June 2026,5_post_june_2026,3673,"বাংলাদেশের বিচারহীনতার আরেকটি উদাহরণ, হাফিজ নাইমকে মুক্তি না দিলে চরম অন্যায় হবে।",বাংলাদেশের বিচারহীনতার আরেকটি উদাহরণ হাফিজ নাইমকে মুক্তি না দিলে চরম অন্যায় হবে,1,0.8849292024356465
5 Post June 2026,5_post_june_2026,3674,খুনিরা বাহিরে ঘুরে আর নির্দোষ মানুষ পায় ফাসি হায় আফসোস,খুনিরা বাহিরে ঘুরে আর নির্দোষ মানুষ পায় ফাসি হায় আফসোস,4,0.49931449153705604
5 Post June 2026,5_post_june_2026,3675,সে যদি পাঞ্জাবি টুপি ওয়ালা না হতো তাহলে আজকে সেও ফাঁসির রায় থেকে বেছে যাইতো,সে যদি পাঞ্জাবি টুপি ওয়ালা না হতো তাহলে আজকে সেও ফাঁসির রায় থেকে বেছে যাইতো,3,0.3352492386437596
5 Post June 2026,5_post_june_2026,3676,"হালার মোল্লাইন, জোট করো বিএমপিলগে, আর গজল গাও মে আয়া নেহিহু তারেকনে বেজা হু",হালার মোল্লাইন জোট করো বিএমপিলগে আর গজল গাও মে আয়া নেহিহু তারেকনে বেজা হু,3,0.7311024110210861
5 Post June 2026,5_post_june_2026,3677,বিএনপির বাইরের লোক নাকি একজন /?আওয়ামী হলে দেন।,বিএনপির বাইরের লোক নাকি একজন আওয়ামী হলে দেন,4,0.6746445875337177
5 Post June 2026,5_post_june_2026,3678,হত্যা চেষ্টা মামলায় আজ শুনলাম মানুষের মৃত্যুদণ্ড হয়। আওয়ামী লীগের যতগুলো নেতা ধরা পড়েছে সবার বিরুদ্ধে হত্যা চেষ্টা মামলা আ…,হত্যা চেষ্টা মামলায় আজ শুনলাম মানুষের মৃত্যুদণ্ড হয় আওয়ামী লীগের যতগুলো নেতা ধরা পড়েছে সবার বিরুদ্ধে হত্যা চেষ্টা মামলা আ,1,0.4824201314513637
5 Post June 2026,5_post_june_2026,3679,"হত্যা চেষ্টা করলে ফাঁসির রায়, হত্যা করলে ফাঁসি নাই",হত্যা চেষ্টা করলে ফাঁসির রায় হত্যা করলে ফাঁসি নাই,1,0.5202692105941715
5 Post June 2026,5_post_june_2026,3680,তার মাথায় টুপি গায়ে পাঞ্জাবি থাকায় তার মৃত্যুদন্ড,তার মাথায় টুপি গায়ে পাঞ্জাবি থাকায় তার মৃত্যুদন্ড,2,0.44174368336590486
5 Post June 2026,5_post_june_2026,3681,"সব দোষ কি আলেমদেরই, একই দোষে যদি উনারা খালাস পায়, তাহলে আরেকজনের মৃত্যুদন্ড হয় কিভাবে। আমার তো মনে হয় বিচারক নেশা করে আজকের রায় দিয়েছে।",সব দোষ কি আলেমদেরই একই দোষে যদি উনারা খালাস পায় তাহলে আরেকজনের মৃত্যুদন্ড হয় কিভাবে আমার তো মনে হয় বিচারক নেশা করে আজকের রায় দিয়েছে,3,0.4802941105289766
5 Post June 2026,5_post_june_2026,3682,আল্লাহর গজব পড়ুক এইসব আইন প্রণেতার উপর।,আল্লাহর গজব পড়ুক এইসব আইন প্রণেতার উপর,4,0.5540939163481979
5 Post June 2026,5_post_june_2026,3683,যাকে মৃত্যুদণ্ড দেওয়া হয়েছে অবশ্যই সে কোন হুজুর হবে?,যাকে মৃত্যুদণ্ড দেওয়া হয়েছে অবশ্যই সে কোন হুজুর হবে,1,0.727030102033304
5 Post June 2026,5_post_june_2026,3684,ভালো মানুষ রা এখন অপরাধী হয়ে যায় এই আমার বাংলাদেশের আইনে আর প্রকৃত অপরাধী ছাড়া পায়,ভালো মানুষ রা এখন অপরাধী হয়ে যায় এই আমার বাংলাদেশের আইনে আর প্রকৃত অপরাধী ছাড়া পায়,4,0.9258596879444392
