dataset,total_rows,non_empty_rows,empty_raw_rows,empty_after_clean,avg_char_length,median_char_length,avg_token_length,median_token_length
After Election,2044,1935,109,116,36.82583170254403,26.0,5.167318982387475,4.0
After Forming Government,2559,2517,42,93,48.95974990230559,33.0,6.533411488862837,4.0
Before Election,1370,1358,12,18,42.93576642335766,33.5,6.015328467153284,5.0
