Comment,Location 1,Location 2,Location 3,Sentiment,sentiment_confidence,sentiment_source,needs_review
"""ওখানে ধরা খাবে তারপর সরকারিভাবে দেশের কারাগারে আসবে, দেশের আদালত মুক্ত করে দিবে। এটাই পলিটিক্স।""",Dhaka,Gazipur,,Positive,0.526541152613832,model,False
"""এভাবেই ফেরত আসবে,এটাই পলিটিক্স""",Dhaka,,,Negative,0.4920447696429382,model,False
দেশে পাঠানোর একটা বৈধ প্রক্রিয়া মাত্র...,Dhaka,Rajshahi,Gazipur,Negative,0.5184315079769414,model,False
এটা দেশে প্রবেশের একটি প্রক্রিয়া মাত্র,Dhaka,Pabna,,Negative,0.6760784441339749,model,False
"""এখন থেকে প্রায়ই শুনা যাবে গ্রেফতারের খবর,,, ভারত সরকার এখন আর সাধারণ কর্মীদের তেমন গুরুত্ব দিবে না --- যারা পালিয়ে গেছে তাদের …""",Dhaka,,,Positive,0.622208114768484,model,False
বাংলাদেশের জেল থাকতে অন্যদেশের জেলে থাকবে কেন..?,Dhaka,,,Sarcastic_negative,0.4278519461004584,model,False
ভারত কি তাহলে আওয়ামী লীগের সাথে পল্টি নিলো,Dhaka,,,Negative,0.5891172978063479,model,False
বিএনপির কাছে ভালো হওয়া আরকি।। তবে এরা ভিতরে ভালোই থাকবে কারণ ভারত হচ্ছে উমিচাঁদ এ…,Dhaka,Faridpur,,Negative,0.6326214644373612,model,False
আরও কিছু দেখার অপেক্ষায় রইলাম,ঢাকা,ব্রাহ্মণবাড়িয়া,Chittagong,Neutral,0.6474985274262862,model,False
ধন্যবাদ জানাই,Tangail,,,Positive,0.6666834766207226,model,False
খাইছে রে..,মৌলভীবাজার,Sylhet,Moulvibazar,Sarcastic_negative,0.6657383284624814,model,False
এটা ভালো,Dhaka,,,Positive,0.4186092387208109,model,False
সম্ভবত ওদের খরচ করার মতো টাকা পয়সা শেষ,রাজশাহী,Rajshahi,Cox's Bazar,Positive,0.7357006387311094,model,False
এগুলোকে এখন গ্রেফতার করবে আর আস্তে আস্তে সবগুলোকে বাংলাদেশ প্রেরণ করবে,Sylhet,,,Positive,0.6652841648702134,model,False
"""হাসিনার তো ভিসা পাসপোর্ট কিছুই নেই, তবুও এখনো ভারতে আছে কীভাবে?""",Dhaka,Gazipur,,Negative,0.5891027769223762,model,False
তাদের আর শান্তি নাই,Dhaka,,,Positive,0.692227430713956,model,False
নিজ দেশেও (ভারত) নিরাপদ নয় আওয়ামীলীগ,Chittagong,Noakhali,,Negative,0.5729013832559934,model,False
শুরু হয়েছে একে একে সবাই ধরা পড়বে,Dhaka,Mymensingh,,Sarcastic_negative,0.5922216161445213,model,False
কাগজ নেই তাই দরছে এটা নিয়ে এত লেখালেখির কি আছে।,Dhaka,,,Negative,0.577101400346977,model,False
Beimani korlo,Chandpur,,,Sarcastic_negative,0.5300269604653924,model,False
লে হালুয়া,খাও হালুয়া,রংপুর,Dhaka,Negative,0.4131378952298612,model,False
"""পলাতক এইসব নেতাকর্মী( আঃলীগ) ও এই দেশের ভিতর থেকে একটি সম্প্রদায়ের কিছু লোক, ভারত কে বার বার অনুরোধ ও আহ্বান জানাচ্ছিল ছিল যে…""",Kurigram,Panchagarh,,Negative,0.497831731216744,model,False
"""নাটক কইরে দেশে পাঠাবে, পাকড়াও দেখায় খালাশ। মাঝখানে কিছু টাকার ছড়াছড়ি!""",Khulna,Bagerhat,,Sarcastic_negative,0.666894317731596,model,False
"""এভাবেই নিরপেক্ষ, সহজ সরল, সঙ্গিত-মনা, সুশীল, ছেতনাবাজ.. মানুষ গুলো দেশে ফিরে আসবে""",গাজীপুর,Dhaka,Gazipur,Sarcastic_negative,0.5308940163086721,model,False
"""তোদের ওয়েবসাইট এ্যাড দেখানোর জন্যেই বানানো, নিউজ লিখার কী দরকার? বলে দে, এ্যাড দেখে আসুন।""",মৌলভীবাজার,Sylhet,,Positive,0.4758427828184454,model,False
দেশে আনার ব্যবস্থা করতে হবে তাড়াতাড়ি,Chittagong,,,Neutral,0.6642572237233455,model,False
কোথায়ও কেও নেই,Dhaka,Rajbari,,Negative,0.4097635385263047,model,False
আলহামদুলিল্লাহ,Chittagong,,,Positive,0.6961564278676875,model,False
লে হালুয়া,Dhaka,,,Negative,0.4131378952298612,model,False
ধরা দিয়েছে দেশে আসার জন্য,Dhaka,Mymensingh,,Sarcastic_negative,0.5763767062001315,model,False
নাটক,Dhaka,,,Sarcastic_negative,0.778383412063902,model,False
এবার এদের দেশে ফিরিয়ে পুনরায় চাঙ্গা করা হবে,ঢাকা,,,Neutral,0.6957650142406503,model,False
"""বিগত ১৬ বছরে আওয়ামী লীগের অত্যাচারে বিএনপির সাধারণ সমর্থক, নেতা কর্মী ও তাদের পরিবার অনেক কষ্ট করেছে। এমনকি বিএনপি জাসাস যুবদ…""",Dhaka,,,Negative,0.7468971425756135,model,False
দ্রুত দেশে পাঠিয়ে দেওয়া হোক,Dhaka,,,Neutral,0.7346360183838869,model,False
প্রধানমন্ত্রী শেখ হাসিনা এই ব্যাপারে দ্রুত পদক্ষেপ নিবেন। ঐ পুলিশ সদস্যদের খাগড়াছড়ি রাঙ্গামাটি বদলি করা হবে।,Dhaka,Narayanganj,,Neutral,0.4410629902057589,model,False
বহুত লবা ফালাইছে।,Jamalpur,,,Sarcastic_negative,0.5528304335473315,model,False
লে হালুয়া,Dhaka,,,Negative,0.4131378952298612,model,False
এটা আবার কোন নাটক,Dhaka,Barisal,Patuakhali,Negative,0.4335570852179966,model,False
না জানি কোন আকাম-কুকাম করছে,Dhaka,Gazipur,Tangail,Negative,0.6432594715755311,model,False
হাস্যকর কলকাতা যাদের মামার বাড়ি তারা আবার গ্রেফতার হয়,Dhaka,Kurigram,,Negative,0.5900526863628633,model,False
Please send them to Bangladesh with guard of honour. Kallu with recieve them with garlands....,Dhaka,,,Neutral,0.5694760498705589,model,False
কি আইলো,Sylhet,,,Sarcastic_negative,0.4451470070024055,model,False
চমৎকার নিউজ,Dhaka,Gazipur,,Sarcastic_negative,0.4415838242129441,model,False
"""বর্তমান মান সরকার কে তেল মারতেই হইতো,আওয়ামিলীগ এর কর্মিদের গ্রেপতার করছে।কতো বরো বেইমান এই ভারত দেখেন।""",Dhaka,,,Negative,0.8360296487635983,model,False
এরা বাংলাদেশী হলেও এরা মূলত ইন্ডিয়ান,Dhaka,Chittagong,Bhola,Sarcastic_negative,0.4276024765519657,model,False
হাদির খুনিদের ধরে ফেরত দে,Dhaka,,,Negative,0.7199199575533705,model,False
চুদলিংপং,Dhaka,Narsingdi,Brahmanbaria,Negative,0.700221810675218,model,False
মোহাম্মদ মনির হোসাইন সব দিকে অন্ধকার,Dhaka,,,Sarcastic_negative,0.5894857586752053,model,False
আজম মোল্লা আবার কোথাকার কিসের শিল্পী?,Dhaka,,,Negative,0.5836874359885811,model,False
"""তাদেরকে """"র"""" এর ট্রেনিং দিয়ে দেন""",ঢাকা,সুনামগঞ্জ,,Negative,0.6709617142277496,model,False
বাংলাদেশ শিল্পকলা একাডেমিতে বাউল দলে কিছু ভন্ড আছে ওই ভন্ডদের কে আইনের আওতায় আনতে হবে,Lalmonirhat,,,Neutral,0.7524302628079623,model,False
ভারত এখন তাদের গ্রেফতার করে বাংলাদেশে পাঠাবে আর ভারতের দালাল তারেক জিয়া তাদেরকে বাংলাদেশ মুক্ত করবে এটাই হচ্ছে plan,Dhaka,Rangpur,,Positive,0.558371588649028,model,False
দুই পর দেখবো মুক্তিযোদ্ধার লিস্টে হেতার নাম,Dhaka,,,Negative,0.4634491597282596,model,False
কোনকিছু পরার আগেই শুধু উনার ফেইস দেখে হা হা রিয়েক্ট দিয়ে দেওয়ার যে বেপারটা,Sylhet,,,Negative,0.639367832234225,model,False
এরে দেখলে হাসি পায় ক্যান?,Dhaka,,,Negative,0.4104638298341357,model,False
এক ধাক্কায় এতদুর,পাবনা,Dhaka,Rangpur,Sarcastic_negative,0.4956353819441073,model,False
সে যুদ্ধের সময় তার বাবার পেটে লিকুইড ফর্মে ছিলো। তাই তাকে একজন লিকুইড মুক্তিযুদ্ধা বলা যায়।,Chittagong,Brahmanbaria,,Sarcastic_negative,0.514656544739592,model,False
মানুষ এত পরিমাণ হাসি কেমনে হাসতে পারে,Chittagong,,,Sarcastic_negative,0.5931966105580847,model,False
আমি জানিনা কেন জানি এই পোস্ট দেখার পর অটোমেটিক মুখে হাসি চলে আসছে,Dhaka,,,Negative,0.7786658565292354,model,False
জুলাই যুদ্বে কি ভেসে এসেছে?,Chittagong,,,Sarcastic_negative,0.6319250779983104,model,False
যাইহোক এই মন্ত্রণালয়ে কেও ঘেরাও দিতো না,Dhaka,,,Negative,0.5364246848847511,model,False
"""সময়মত সংসদে পৌছাতে না পারা ছেলেটাও এখন মন্ত্রনালয় চালাবে, ভাবা যায়""",নীলফামারী,Dhaka,Nilphamari,Sarcastic_negative,0.5059876566976874,model,False
সেরা,Dhaka,,,Sarcastic_negative,0.5395085042883269,model,False
ও কি মন্ত্রী হওয়ার যোগ্য?,Sylhet,Habiganj,,Sarcastic_negative,0.6231834529928488,model,False
সবাই এত খুশি হইছে যে সবাই হা হা করতেছে,Dhaka,Barisal,,Sarcastic_negative,0.5946550157309939,model,False
এক ঠ্যালায় এতো দূর,Barisal,Pirojpur,,Sarcastic_negative,0.6700329983340602,model,False
ঘেরাও বিষয়ক মন্ত্রী,Dhaka,,,Sarcastic_negative,0.7724347249753266,model,False
"""যায়গামত দিছে বিম্পি সঠিক যায়গা সঠিক মাল, এবার মুক্তিযুদ্ধ নতুন ভাবে লিখা হবে""",Dhaka,Mymensingh,,Neutral,0.4695959333323313,model,False
প্রথমে চোখ পড়তেই প্রতিবন্ধী পড়ে ফেলছিলাম,Chittagong,,,Negative,0.4289262537501552,model,False
Ai halare muktijuddhobisoyok dilo kon akkel e .onno montri hisebe dile mana jaito . advocate fazlur saheb k dile valo hoito:) …,Dhaka,Munshiganj,,Sarcastic_negative,0.4114822363516185,model,False
ওনি কি মুক্তিযোদ্ধা। যখন কেউ না থাকবে তখন অন্য কথা।,Dhaka,Gazipur,,Sarcastic_negative,0.5751491284367888,model,False
"""তো আরকি, এইবার বীর মুক্তিযোদ্ধা ইশরাকের নতুন দিগন্ত শুরু হবে। মুক্তিযুদ্ধ সম্পর্কে নতুন নতুন ইতিহাস প্রনায়ন করবে। এমনিতেই ইতি…""",Dhaka,Chittagong,Gazipur,Negative,0.596558544421132,model,False
অথচ বীর মুক্তিযোদ্ধা ফজলুর রহমান কে দিতে পারতো,Dhaka,,,Sarcastic_negative,0.4084700786825986,model,False
সে যুদ্ধে গেছিল আমি তার সহযোদ্ধা ছিলাম গুলিতে তার বুকটা ছারখার হয়ে গেছিল এটা নিয়ে বিরোধ করলে রাজুতে ডাক দিব,Dhaka,,,Negative,0.6142372257443327,model,False
সে তো সে সময় বাচ্চা ছিল। অবশ্যই এখানে বিএনপি'র এডভোকেট ফজলুর রহমানকে আনা উচিত,Dhaka,,,Negative,0.4889129097669843,model,False
এরে দেখলে ক্যান জানি চাপড়াইতে মন চায়,Dhaka,,,Negative,0.6385274969710067,model,False
"""tar mane betay kono kamera na, eda BNP o bujhche!""",Dhaka,,,Sarcastic_negative,0.4366406449267603,model,False
জার জন্ন যুদ্ধের পরে সে আবার মুক্তিযুদ্ধ বিষয়ক হয় কেমনে,Dhaka,,,Sarcastic_negative,0.5227505843391087,model,False
ইয়ে আব কনসি চিরিয়া কা নাম হে বেটা ?,Dhaka,,,Negative,0.5144527284747213,model,False
Oke sweeper banano hok,Dhaka,,,Sarcastic_negative,0.5272039646960724,model,False
আহ কি খুশিরে,Chittagong,,,Sarcastic_negative,0.664095716433153,model,False
@আল্লাহ সর্বশক্তিমান:তান্ত্রিক ওমর ফারুক কবিরাজ যে কোন সমস্যা থাকলে বল তত ইনশাল্লাহ স্বামী স্ত্রী অমিল প্রেম ভালোবাসা ব্যর্…,Dhaka,,,Positive,0.6618117929095455,model,False
"""ইউজার অথবা মাস্টার একাউন্ট করতে যোগাযোগ করুন। সারা দেশে ৩০% কমিশনে মাস্টার এজেন্ট নিয়োগ, ১ টাকাও ইনবেস্ট করতে হবে না। …""",Dhaka,,,Neutral,0.4645243261383706,model,False
"""ভাগ্যভালো, চুমু শপি হয় নাই। …""",Dhaka,,,Sarcastic_negative,0.6041324071822342,model,False
"""মেয়র হতে চেয়েছিলো, হয়ে গেলো প্রতিমন্ত্রী …""",Dhaka,Khulna,,Sarcastic_negative,0.4689779368023893,model,False
I have a plan,Dhaka,,,Sarcastic_negative,0.4511136267703773,model,False
কবে জানি নামের আগে বীর মুক্তিযোদ্ধা লাগায় দেয়,Narayanganj,,,Sarcastic_negative,0.6722757005658582,model,False
Follo tu follo bak 100% garente,Dhaka,,,Sarcastic_negative,0.662711949666501,model,False
ইসরাক ভাই আমার বয়স ৩০ আমিও মুক্তিযুদ্ধ করছি ভাই আমাকে একটা ভাতা দেওয়ার ব্যবস্থা করিয়েন আমার পোলাপান জেনো কোডা পায়,Dhaka,,,Negative,0.7732711979003566,model,False
যুদ্ধ নিয়ে সে কি বুঝে? তার কি তখন জন্ম হয়েছিল?!!!!!,Dhaka,,,Sarcastic_negative,0.6311895864872445,model,False
গোয়া মারছে,Dhaka,Narsingdi,,Negative,0.5372928378007025,model,False
কিছু পর দেখবো ওর নাম মুক্তিযোদ্ধা লিস্টে সবার উপরে,Chittagong,Chandpur,,Sarcastic_negative,0.5242184368560653,model,False
শেষ ধ্বংস,Dhaka,,,Sarcastic_negative,0.4021926053038597,model,False
"""হা হা হা,,,,""",Chittagong,,,Negative,0.4603865131789149,model,False
আলহামদুলিল্লাহ সুন্দরভাবে দেশ পরিচালনা করুন এটাই কাম্য,Dhaka,,,Positive,0.7549242665524967,model,False
এই ও দেখা লাগলো বাঙালির,Dhaka,,,Negative,0.73211044955257,model,False
Nice pic,Dhaka,,,Sarcastic_negative,0.4638582586700727,model,False
আচ্ছা কোন যুক্তিতে সে এই পদ পাইলো,Dhaka,,,Negative,0.702597444635151,model,False
ওরে ল্যাওড়া,Dhaka,,,Sarcastic_negative,0.5520667116236716,model,False
ইতিহাসের বারোটা বাজিয়ে দিবে,Dhaka,Gazipur,Tangail,Negative,0.6584444212874052,model,False
প্রতিমন্ত্রী কে প্রতিবন্ধী পরে পেলছি,Chittagong,,,Negative,0.6138581187293151,model,False
কাম সারছে,Barisal,Bhola,,Negative,0.4246336682242994,model,False
সবাই হাসে ক্যা,Dhaka,,,Sarcastic_negative,0.4827541231489957,model,False
"""নিমডা দোজরাজ টেলমি, হারতাবুশ ক্রাকুইকিনইন বুমলাহ মহিনুজ্জুকু লো হাকুয়ে""",Dhaka,Rangpur,Bogura,Negative,0.5641551616333917,model,False
খোকা পুত্র ইশরাক,Dhaka,Mymensingh,Sherpur,Sarcastic_negative,0.6463656165289143,model,False
চলিতেসে সার্কাস,Sylhet,Moulvibazar,,Negative,0.4014736183584224,model,False
প্রতিমন্ত্রী হিসেবে হেতের কাজ টা কি,Dhaka,Khulna,,Negative,0.4539198272025624,model,False
হোগা মারা সারা,Dhaka,,,Sarcastic_negative,0.4361675480473252,model,False
অভিনন্দন,Dhaka,Mymensingh,,Negative,0.4275681327993306,model,False
আল্লাহরে এডা কি হইলো,Comilla,,,Negative,0.5318036431555104,model,False
"""Bhai vlo korse, oy ar nogor daddyr jonno abedon k9rte parbo na""",Dhaka,Madaripur,,Sarcastic_negative,0.4101543061870704,model,False
"""হতে চাইলেন মেয়র, তাকে মন্ত্রী করা হয়েছে, এটা অন্যায়""",দিনাজপুর,,,Sarcastic_negative,0.4440083341578407,model,False
আস্তাগফিরুল্লাহ!,Dhaka,,,Negative,0.5379702738048603,model,False
স্বাধীনতার 53 বছর । দেশ প্রেমিক মুক্তিযোদ্ধারা দেশ চালানো দেশের মানুষের উচ্চ ও নিম্ন মান সেবা গুলো …,Narayanganj,,,Sarcastic_negative,0.6364602158780743,model,False
একটা জিনিস বুজলাম না বিরোধীদলের কোনো এমপিকে মন্ত্রী পদে দেখলাম না,Dhaka,,,Negative,0.6533371488756049,model,False
মুক্তিযুদ্ধ বিষয়ক মন্ত্রণালয় তো আগেই ছিল। এবার এটা জুলাই বিষয়ক মন্ত্রণালয় না বানায়!,Dhaka,,,Sarcastic_negative,0.5846291508726663,model,False
আমি মনে হয় ইসরাক কে মুক্তি যুদ্ধ করতে দেখেছি আমার পাশেই ছিল,Dhaka,,,Sarcastic_negative,0.4596564289196925,model,False
Masahallah,Dhaka,,,Positive,0.4139483498325847,model,False
উনি তখন জন্মগ্রহণী করে নাই আর তাকে দিয়েছে মুক্তিযুদ্ধ বিষয়ক প্রতিমন্ত্রী । অন্য দপ্তর কি ছিল না?,Dhaka,Tangail,,Negative,0.505936847810192,model,False
কামার কে দিলো কুমারের কাজ,Dinajpur,,,Sarcastic_negative,0.4413200159154202,model,False
কখন যে বলে বসে সেও মুক্তিযুদ্ধে কারন হাসিনা আমলে সম্ভব তাই,Dhaka,,,Sarcastic_negative,0.556545512393111,model,False
আমার পেইজটিতে আমন্ত্রণ রইলো,Noakhali,,,Negative,0.4269618847307721,model,False
"""পজিটিভ রিপ্লাই (কারো খারাপ সময়ে কমেন্ট করার জন্য) খারাপ সময় শেষ হয়, শক্ত মানুষ শেষ হয় না।…""",Dhaka,,,Positive,0.5154649400804233,model,False
যত দাড়ি টুপি লোক আছে সবাই হবে ৱাজাকাৱ জনাব ইশৱাক যখন মুক্তিযুদ্ধ মন্ত্ৰী,Dhaka,,,Neutral,0.5276589822144102,model,False
United States of Bagura,Dhaka,,,Sarcastic_negative,0.6913122656477303,model,False
"""ভীড় ঠেলে যেই যুদ্ধ করে সামনে যায়,, এটা দেখার পরে তারেখ জিয়া মনে হয়, এরে এই পদ দেয়ার সিন্ধান্ত নিয়েছে""",Dhaka,,,Negative,0.6136653347089684,model,False
ওরে বাটপার,Mymensingh,,,Negative,0.7835430066296456,model,False
Fozu pagla k asha korchilam,Khulna,Magura,,Sarcastic_negative,0.4607977638441127,model,False
স্বাধীনতার ৫৪ বছর পরে এই মন্ত্রণালয়ের কাজটা কি,Dhaka,,,Negative,0.6266251818349802,model,False
কিন্তু ওয় শপথ নিসে জামাতের সাথে। যেই লোক জীবনের এত গুরুত্বপূর্ণ েও লেট করতে পারে সে মন্ত্রণালয়ে কি করবে? …,Dhaka,,,Sarcastic_negative,0.5827768141735313,model,False
ফজলুর রহমান কি দোষ করলো?,ব্রাহ্মণবাড়িয়া,,,Neutral,0.40161448515846,model,False
ইশরাক ভাইকে দেওয়া দরকার ছিলো ঘেরাও ও নিজে নিজে শপথ নেওয়া বিষয়ক মন্ত্রী,Dhaka,Madaripur,,Sarcastic_negative,0.4181250981026115,model,False
কোন বলে বসে। সে নিজেই মুক্তিযোদ্ধা ।,Feni,,,Sarcastic_negative,0.6219035491004727,model,False
কাম ছাড়ছে,Thakurgaon,,,Sarcastic_negative,0.4691509344557967,model,False
হেতে মুক্তিযুদ্ধের কমান্ডার ছিলো,Chittagong,Noakhali,,Negative,0.5416945391743453,model,False
ভাই আমারে সার্টিফিকেট দেওয়া যাবে টাকা দিবো ১০ হাজার।,Dhaka,,,Neutral,0.4348499818030301,model,False
একে তো তালা আর ঘেরাও বিষয়ক মন্ত্রী বানানো উচিত ছিল,Rajshahi,Dinajpur,,Sarcastic_negative,0.6858874510000533,model,False
এখন বলবে আমি নেই যুদ্ধ ঘোষনা করলাম অন্য কোন দেশ লাগবে না,ঢাকা,Dhaka,Narayanganj,Negative,0.4037559255079449,model,False
কি যে বিনোদন,নরসিংদী,Dhaka,Jamalpur,Sarcastic_negative,0.472504444208661,model,False
মেয়রের আশাও শেষ,Dhaka,,,Negative,0.5037528288736159,model,False
হাস্যকর,Dhaka,,,Sarcastic_negative,0.4616131845706221,model,False
মুক্তিযুদ্ধের সময়ের ২য় শিশু মুক্তিযোদ্ধা,Jessore,,,Sarcastic_negative,0.6809929952562059,model,False
মান্নার ডায়লগ খুব মনে পরছে,Dhaka,,,Sarcastic_negative,0.6004930810680457,model,False
ইশরাক হোসেন কে প্রধান মন্ত্রী করার জোর দাবি জানাচ্ছি,Dhaka,Tangail,,Sarcastic_negative,0.5731554558480038,model,False
যাক মেয়রের তো দামটা পায়নি এবার গোয়া মেরে দিবে নে,নরসিংদী,Dhaka,Narsingdi,Sarcastic_negative,0.454626872615684,model,False
sobay hahahaha disse kno?,Khulna,Bagerhat,,Sarcastic_negative,0.4213403564751594,model,False
আহারে এইভাবেও দেশটাকে ধ্বংস করে দেয়,Dhaka,Madaripur,,Sarcastic_negative,0.4832266600038274,model,False
"""ইশরাক ছেলেটা ভালো, তাকে আমি নিজে মুক্তিযুদ্ধ করতে দেখেছি""",Dhaka,,,Sarcastic_negative,0.6323850503880366,model,False
ফজলুল রহমান পারফেক্ট ছিল,Dhaka,Gazipur,,Neutral,0.4273761813534217,model,False
হোগাই মারছে,বরিশাল,Barishal,,Negative,0.5802570093916193,model,False
দেয়া ও ভালোবাসা রইল ভাই,Dhaka,Manikganj,,Positive,0.5365091038903144,model,False
তিনি কি ছিলেন মুক্তিযুদ্ধের সময়?,Dhaka,,,Sarcastic_negative,0.6374925643317004,model,False
আমার আইডিটা ফলো করে দাও,Dhaka,,,Negative,0.4485927310613093,model,False
এইটা ফজলুর রহমানরে দেওয়া দরকার ছিল,Dhaka,,,Neutral,0.6678763564963586,model,False
ধন্যবাদ।।,Dhaka,,,Positive,0.7136673150457586,model,False
হাসবো না কাদবো?? সবাই একটু বলে যান।,Dhaka,,,Sarcastic_negative,0.5447095206878544,model,False
"""বাহের কোটায় মুক্তি যুদ্ধ মন্ত্রী, মুক্তিযোদ্ধা লিস্টে হেতার নাম জানি চলে আসে না আবার।""",Dhaka,,,Negative,0.5332246304417978,model,False
উনি মুক্তিযোদ্ধা,Dhaka,,,Sarcastic_negative,0.4254656067338009,model,False
আল্লাহই জানেন এখন আবার কোন ইতিহাস পড়তে হয়,Dhaka,,,Negative,0.6858437943397776,model,False
অভিনন্দন,Dhaka,,,Negative,0.4275681327993306,model,False
হা হার সংখ্যা এত বেশি কেন,Khulna,,,Sarcastic_negative,0.698240591218888,model,False
প্লিজ কেউ ফলো করে দেও,Dhaka,,,Positive,0.4207055356502069,model,False
আসসালামুয়ালাইকুম আমার প্রিয় বন্ধুরা সবাই ফলো করে পাশে থাকবেন আমার ছোট পরিবারের,Dhaka,,,Negative,0.5847078304233556,model,False
ভেঙে দেওয়া হলো অন্তর্বর্তী সরকার রাজনৈতিক অঙ্গনে নতুন মোড়—সরকারি সিদ্ধান্তের পর আনুষ্ঠানিকভাবে অন্তর্বর্তী সরকারের কার্যক্র…,Dhaka,,,Negative,0.5242693028326797,model,False
ধন্যবাদ,Dhaka,,,Positive,0.7136673150457586,model,False
ওনার চেহারা টা দেখলেই ঐযে ঠেলাঠেলি করেছিলো এটার কথা মনে পড়ে । ওনাকে প্রতিমন্ত্রী দিছে কারন উনি ঠেইললা যুদ্ধ করতে পারে তাই,Comilla,,,Negative,0.5206191343320398,model,False
খুব সুন্দর সাজানো গোছানো,Dhaka,,,Sarcastic_negative,0.439062005352995,model,False
এগিয়ে যান ভাই,Dhaka,,,Positive,0.499444229764252,model,False
Manush kuje painai,Chattogram,Chittagong,Rajshahi,Sarcastic_negative,0.446958159785358,model,False
মাত্র ২০০ টাকা কেজি,Dhaka,,,Sarcastic_negative,0.5338160001436278,model,False
ছোট আইডি সবাই একটু সাহায্য করবেন যেন বড় কিছু করতে পারি …,Dhaka,,,Sarcastic_negative,0.527355780142071,model,False
বাংলাদেশ জাতীয়তাবাদী সাইবার দল নাটোর জেলা শাখার পক্ষ থেকে প্রানঢালা শুভেচ্ছা ও অভিনন্দন শুভ কামনা অবিরাম …,নাটোর,Natore,,Negative,0.4556317034494584,model,False
সবাই হাহাহা দিচ্ছে কেন,Dhaka,,,Sarcastic_negative,0.5482398755020873,model,False
Kopal,Chittagong,,,Sarcastic_negative,0.5154165082527449,model,False
মুক্তিযোদ্ধা সার্টিফিকেটটাও দিয়ে দেওয়া হোক,Dhaka,Barguna,,Sarcastic_negative,0.527536114771656,model,False
Oni Abar kon muktijota,Dhaka,,,Sarcastic_negative,0.4485074033919694,model,False
উনি মুক্তিযুদ্ধের কি বুঝবে? বুঝলাম না। খেলা ধুলা তে দিলে ভালো হতো।,Dhaka,,,Sarcastic_negative,0.4036732574177705,model,False
অসাধারণ!,Dhaka,,,Sarcastic_negative,0.4837374550724015,model,False
ধাক্কাধাক্কি বিষয়ক মন্ত্রী তে দেন,Khulna,,,Sarcastic_negative,0.744242922748539,model,False
এই ও দেখা লাগলো বাঙালির,Khulna,,,Negative,0.73211044955257,model,False
সেই পেটে থাকতে যুদ্ধ করছে এই বেডায় ভাবা যায়! এর লাইগাইতো এই মন্ত্রণালয় পাইছে,Barisal,,,Negative,0.8455707002457169,model,False
সংসদে যেমন দেরি করে গেছে এদেশে কোনো যুদ্ধ লাগলে তার নির্দেশ যদি এমন দেরি করে দেয় তাহলে তো খেল খতম,Dhaka,,,Sarcastic_negative,0.4720664953211164,model,False
একে মন্ত্রনালয়ে মানায় না একে মানাই জোর করে ক্ষমতা নেওয়ার আন্দোলনে,Dhaka,,,Sarcastic_negative,0.4788080843687745,model,False
হেতেনের জন্ম শুক্কুরে শুক্কুরে আট সে মুক্তিযোদ্ধা মন্ত্রী হয় কেন কিভাবে?,Barisal,Chandpur,,Sarcastic_negative,0.8061021564917681,model,False
জনাব ২০২৮ সাল পর্যন্ত ইনশাআল্লাহ,Dhaka,,,Positive,0.5412750896307011,model,False
এ কি মন্ত্রী হবার যোগ্য?,বগুড়া,ময়মনসিংহ,Dhaka,Neutral,0.9471554728865296,model,False
মুক্তিযুদ্ধ কি উনি কি এটা জানে.?,Dhaka,,,Negative,0.5148466681002688,model,False
এহন সবাই বইয়ে জিয়া পরিবারের মুক্তিযুদ্ধের ইতিহাস পড়বো,Dhaka,,,Negative,0.7982051794649859,model,False
ঘেরাও করে মুক্তিযুদ্ধে সফল হয়েছিল বাংলাদেশ,Tangail,,,Positive,0.4611430768647432,model,False
কাচা কাজ হয়েছে,সিলেট,Sylhet,Habiganj,Sarcastic_negative,0.6094530846901133,model,False
ফজলু পাগলাম হয়ত ডায়রিয়া হয়েছে তাই...,সিলেট,Sylhet,,Sarcastic_negative,0.5828220757236364,model,False
ক্রীড়া বিষয়ক মন্ত্রী উপমন্ত্রী দেয়নি শুকরিয়া।,Chittagong,,,Sarcastic_negative,0.7004481820608962,model,False
ঠোটে লিপস্টিক কম হয়েছে আরএকটু হলে সুন্দর লাগতো,Dhaka,Gazipur,Sirajganj,Sarcastic_negative,0.4233584673406196,model,False
"""বিগত ১৬ বছরে আওয়ামী লীগের অত্যাচারে বিএনপির সাধারণ সমর্থক, নেতা কর্মী ও তাদের পরিবার অনেক কষ্ট করেছে। এমনকি বিএনপি জাসাস যুবদ…""",Dhaka,,,Negative,0.7468971425756135,model,False
Tar birodde j kico bolbe ee.. Akta rajakar,Narayanganj,,,Negative,0.4236771541647708,model,False
লাগারে লাগা সোয়াবিন লাগা......,Dhaka,,,Sarcastic_negative,0.4138628498318324,model,False
এখন হালা হুমন্দি সব হয়ে যাবে মুক্তিযোদ্ধা,Dhaka,Chittagong,Noakhali,Sarcastic_negative,0.7165167289432681,model,False
"""মাথায় গিলু,ই পদে এর থাইকা ফজা পাগলাই ভালো ছিল""",Sylhet,Habiganj,,Sarcastic_negative,0.54391116330927,model,False
ফজু পাগল কে দিলো না কে,Dhaka,,,Sarcastic_negative,0.688162592936099,model,False
মুক্তিযোদ্ধা ইশরাক হোসেন,Dhaka,Narsingdi,,Sarcastic_negative,0.8250257984074889,model,False
ব্রেইন ছাড়া ইশরাক,Sylhet,,,Sarcastic_negative,0.6332515008196977,model,False
ভাবছিলাম বিএনপি ২ বছর টিকবে এখন দেখি ১ বছর ও পারবে না,Dhaka,,,Negative,0.6104522698581517,model,False
বাবার মুক্তিযুদ্ধের কোটায় ছেলে নিয়োগ।,Dhaka,Barisal,,Sarcastic_negative,0.521524422099496,model,False
স্যালুট বীর মুক্তিযোদ্ধা ইশরাক হোসেন কে,Dhaka,,,Sarcastic_negative,0.7950824734535932,model,False
শুভ বুধবার। …,Chittagong,Chandpur,,Neutral,0.5176737272539164,model,False
গেয়ি ভ্যাস তেল লেনে,Dinajpur,,,Sarcastic_negative,0.4636622798154207,model,False
নগর ড্যাডি বিষয়ক মন্ত্রনালয় দিলে ভাল হবে,বরিশাল,Dhaka,Barisal,Sarcastic_negative,0.4751821765467319,model,False
Akhon r dhakka dhakki korte hbe nahh.....amni seat raikha dbe,Mymensingh,Sherpur,,Sarcastic_negative,0.4128580465406032,model,False
বীর মুক্তিযোদ্ধা ইশরাক ভাই,Dhaka,Tangail,,Sarcastic_negative,0.775233365712099,model,False
এই পোস্ট দেখার পর জিবন যুদ্ধেই হেরে গেলাম,Dhaka,Sylhet,Gazipur,Negative,0.73226720449917,model,False
নতুন চেতনা লোডিং....,Dhaka,,,Sarcastic_negative,0.6185010639622393,model,False
ধাক্কাধাক্কি মন্ত্রি দিলে ভাল হইত,Dhaka,,,Sarcastic_negative,0.6289988675670407,model,False
আহ্,Dhaka,Kishoreganj,,Sarcastic_negative,0.6598777551039872,model,False
জনতার মুক্তিযোদ্ধা,Dhaka,,,Sarcastic_negative,0.7349461859843772,model,False
ধাক্কায় কাজ হয়েছে,Khulna,,,Sarcastic_negative,0.5559982757572299,model,False
নগর ডেন্ডি,Chittagong,,,Sarcastic_negative,0.4617130019469523,model,False
Fojlur rohman ke banano drkar chilo,Dhaka,Barisal,,Sarcastic_negative,0.4346510154139626,model,False
যারা মুক্তিযোদ্ধা তাদের কে মুক্তিযোদ্ধা বিষয়ক মন্ত্রী না দিয়ে শিশু কে দেই,Dhaka,,,Sarcastic_negative,0.866417959489162,model,False
অভিনন্দন আমাদের গর্ব বাংলাদেশের মাটি মানুষের নেতা শুভকামনা রইল,Jamalpur,,,Positive,0.4933306935547799,model,False
তারেক রহমান জামাতের আমিরকে মন্ত্রী বানাবেন আর জামাতের আমি এর সাথে তা....See,Mymensingh,,,Negative,0.7721392832655585,model,False
সমস্যা নাই ভাই। পুরো পৃথিবী আপনার বিপক্ষে থাকলেও আমি পৃথিবীর পক্ষে।,Dhaka,Kishoreganj,,Positive,0.5900998207137393,model,False
"""হইতে চাইছিলাম মেয়র, বানাইলেন প্রতিমন্ত্রী।""",Tangail,,,Sarcastic_negative,0.4600830546995791,model,False
পাগলারে দিছে আরো চেতাইয়া,Chittagong,Lakshmipur,,Sarcastic_negative,0.4071373899733801,model,False
Onake amar protimonti dile valo hoy.,Dhaka,Barisal,Bhola,Neutral,0.4982705912161118,model,False
মুক্তিযুদ্ধ বিষয়ে ইশরাক কী জানে? ওর বয়স কত? বিএনপি নাকি স্বাধীনতার দল? একজন মুক্তি যোদ্ধা নেই এই মন্ত্রণালয়ের জন্য???,Chittagong,,,Negative,0.8227960606300561,model,False
মুক্তিযুদ্ধ মানেই জাতির ড্যাডি বঙ্গবলটু আর নগর ড্যাডি ইশরাক,Dhaka,,,Sarcastic_negative,0.4965954192862,model,False
Muktijuddho bishoyok montri Thela-theli bishoyok montri️,Sylhet,Sunamganj,,Neutral,0.4675143019458866,model,False
আরো বেশি করে ভোট দেও বাঙালি জাতি,Dhaka,Narsingdi,,Positive,0.8836021993865241,model,False
সামলাতে পারবে গায়ের জোর আসে না,Panchagarh,,,Negative,0.5755385407276998,model,False
মেথর,Chittagong,Sylhet,,Sarcastic_negative,0.4568432813850192,model,False
ওর জন্য এটা অতিরিক্ত হয়ে গেছে!,Dhaka,,,Sarcastic_negative,0.4588891430756254,model,False
How,Dhaka,Netrokona,,Sarcastic_negative,0.4696076907162322,model,False
সাওয়া মন্এী,Chittagong,Comilla,,Neutral,0.4153692815122276,model,False
"""দুঃখের বিষয় হচ্ছে তার বাবার সাথে যে রাজনীতি করেছে সে কিন্তু মন্ত্রীর মর্যাদা পেল না, বাংলাদেশে ছয়বার এমপি জয়নাল আবদীন ফারু…""",Chittagong,Noakhali,,Positive,0.4616883257716936,model,False
ভাই তার আব্বা যুদ্ধ করছে নি আমার কাছে সন্দেহ হয়,Dhaka,,,Negative,0.8500849152008935,model,False
আরে তোমরা তো জানোই না আমি আর ও এক সাথে যুদ্ধের মালামাল সরবরাহ করছি।,Dhaka,,,Negative,0.5880466269623096,model,False
একদম ঠিক আছে,Dhaka,,,Negative,0.576189771347336,model,False
"""মন্ত্রণালয় যদি না দিত, তিনি পাঁচ ে সংসদ ঘেরাও কর্মসূচি দিয়ে নিজে নিজেই মন্ত্রীর শপথ পড়ে ফেলতেন!""",Dhaka,Chittagong,Gopalganj,Sarcastic_negative,0.442770518021181,model,False
দেশটা চাঁন্দের দেশে চলে গেছে মনে করেন আর কিছু বাকি নাই।,Dhaka,Barisal,Pirojpur,Sarcastic_negative,0.4575509583851465,model,False
বয়স কম,Chittagong,,,Negative,0.6398670107581953,model,False
এই দেশ তাইলে শেস কটি মানুষের প্রান চলে গেলেও এই দেশ কখোনো ঠিক হবে না,Dhaka,Noakhali,,Negative,0.4326473164952542,model,False
সুধু মন্ত্রী পদ দিলে হবে না ঠেলাঠেলি জন্য ওকে নোবেল দিতে হবে তারেক ভাই,Dhaka,,,Neutral,0.8159018973757551,model,False
কামড়াকামড়ি করে সমনে এগিয়ে যাবে,Dhaka,,,Positive,0.6786700554488274,model,False
ইতা মুক্তযুদ্ধের ইতিহাসও জানে না।তারে একটা GK বই গিফ্ট করতে চাই,চট্টগ্রাম,কক্সবাজার,Chittagong,Negative,0.6673836557390265,model,False
কেমনে কি? সে কি মুক্তি যুদ্ধ বিয়ষ কিছু বুঝে।,Chittagong,Bandarban,Cox's Bazar,Sarcastic_negative,0.8069522033799106,model,False
আর জাকে ধর্ম মন্ত্রী করা হয়েছে তার সর্বোচ্চ শিক্ষাগত যোগ্যতা SSC সব আমাদের হাতের কামাই,Dhaka,,,Negative,0.4141705576804135,model,False
Rifat Hossain Rahat Rayhan Islam ei dek hala baji dhorsili nh,Dhaka,Patuakhali,,Sarcastic_negative,0.4265031033711801,model,False
Keno?,Dhaka,Khulna,Jessore,Neutral,0.4160941512878474,model,False
Ekhon oi bolbe tarek rahaman ow juddo korse,Cumilla,Comilla,,Sarcastic_negative,0.4214251135485065,model,False
দেশটার হোগামারা কমপ্লিট,Dhaka,,,Negative,0.425153696924319,model,False
hagar montri.khusir thelay haha astase,Narayanganj,,,Neutral,0.428470878743429,model,False
সংবিধান অনুযায়ী বাংলাদেশের ১৩তম জাতীয় সংসদ নির্বাচনের যেহেতু কোনো বৈধতা নেই অর্থাৎ ২০২৬ সালের জাতীয় সংসদ নির্বাচন অবৈধ সুতরাং …,Dhaka,,,Sarcastic_negative,0.5154008556136318,model,False
"""ভাগ্য ভালো দলের সিদ্ধান্তে হয়েছেন, নয়তো নিজে নিজেই মন্ত্রিত্বের শপথ নিতেন.!""",Gazipur,,,Negative,0.4299376809870358,model,False
হয়চে না ইয়াং বেডা রে কি দিসে,Dhaka,Mymensingh,,Sarcastic_negative,0.6574816226020415,model,False
Ai bar juddho lagboi,Dhaka,Barisal,Bhola,Sarcastic_negative,0.4582120504208271,model,False
মুরগি যুদ্ধা,Comilla,,,Sarcastic_negative,0.439587852956482,model,False
আস্তা একটা ভ'কলম,Dhaka,,,Negative,0.4284584206793843,model,False
যার নাই মেয়র এর কাজ সম্পর্কে ধারনা আজ সে মন্ত্রণালয় চালাইবো,Dhaka,,,Negative,0.5863208626326708,model,False
জোকার,Dhaka,Mymensingh,,Sarcastic_negative,0.4711094615896162,model,False
রিমিনি এডিট,Barisal,,,Sarcastic_negative,0.4337780010477183,model,False
Ei halare keno jeno amr kache neshakhor mone hoy,Chittagong,Chandpur,,Sarcastic_negative,0.4174400070567738,model,False
Ore dekhle hashi ahe Amar,Dhaka,,,Sarcastic_negative,0.4985758285919292,model,False
মুক্তিযুদ্ধের চেতনায় এখন আর ঘুমানো যাবেনা,Rajshahi,,,Sarcastic_negative,0.4268530752190416,model,False
নয়ন রে দৌড়া দৌড়ি মন্ত্রী বানানো হোক,Dhaka,,,Sarcastic_negative,0.591090508376522,model,False
1987 সালে জন্ম হওয়া মানুষটা 71 এর মুক্তিযুদ্ধের কি বুঝবে বুঝে আসেনা।,Dhaka,,,Sarcastic_negative,0.5692053939850891,model,False
শেষ,Dhaka,,,Sarcastic_negative,0.4066272244670763,model,False
একেবারে জায়গা মত দিছে তার মতো যোদ্ধা একটাও নাই বি এন পি তে কয় আগেও হেতারে দেখলাম যুদ্ধ করতে শহিদ মিনারে,Bagerhat,,,Negative,0.556643147064822,model,False
বয়স হয় নাই ৪০ দিয়া দিছে মুক্তিযোদ্ধা বিষয়ক হো***সারা আকাশ ভরা তারা..!,Dhaka,,,Sarcastic_negative,0.5414355536711432,model,False
"""২য় পলক ।হোগামা,,,,,,,,রা সারা""",Chittagong,Barisal,,Negative,0.5196916139842199,model,False
আলহামদুলিল্লাহ। মুক্তিযুদ্ধের স্বপক্ষের লোক।,ঢাকা,Dhaka,,Positive,0.5602554981206831,model,False
Gaja kheye pod dise mone hocche,Dhaka,Cox's Bazar,,Sarcastic_negative,0.5064965143440955,model,False
"""কিছু পর হবে """"বীর মুক্তিযোদ্ধা ইসরাক হোসেন """"""",Dhaka,,,Neutral,0.474290610601181,model,False
আমার মনে হয় তার জন্ম আগে যুদ্ধ হয়েছে,লালমনিরহাট,Lalmonirhat,,Sarcastic_negative,0.5171352467891388,model,False
"""ঠেলঠেলি যোদ্ধা,,,""",Dhaka,Rangpur,,Sarcastic_negative,0.5002652495872447,model,False
Kon sector লড়ায় করচে সে শেখ হাসিনা তো বলতো বি এন পি কে রাজাকার,Dhaka,,,Sarcastic_negative,0.6064963428062101,model,False
২ বছর ও টিকবে নাকি সন্দেহ,Dhaka,,,Sarcastic_negative,0.5871569069677316,model,False
আচ্ছা এ মন্ত্রনালয়ের কাজ কি?,Khulna,,,Sarcastic_negative,0.497693158915885,model,False
প্রধানমন্ত্রী - লন্ডন | স্বরাষ্ট্র - ভারত | পররাষ্ট্র - আমেরিকা |…,Dhaka,,,Negative,0.4859031014185636,model,False
"""কয়েক পরে মনে হয় নতুন করে মিডিয়া প্রকাশ করবে, বীর মুক্তিযোদ্ধা """"ইশরাক হোসেন """"""",Dhaka,,,Sarcastic_negative,0.4464254159113665,model,False
না ঠিক ই আছে সব জায়গায় তো যুদ্ধ ই করে হালায়,Chittagong,,,Negative,0.5932620287369178,model,False
সবারই খাওয়ার অধিকার আছে। বেচারাকে দেওয়ার জায়গা ছিল না তাই সেখানে দেওয়া হয়েছে,Dhaka,,,Neutral,0.5688941171719998,model,False
এই পুষ্ট দেখার পর আধা হাসছি,Sylhet,,,Negative,0.8947559684271915,model,False
ওওমাকালো,Dhaka,,,Sarcastic_negative,0.4107991263501711,model,False
শেষ যুদ্ধ টা রে ও খাইয়া দিবে,Dhaka,Kishoreganj,,Sarcastic_negative,0.6560279954666899,model,False
ওর দাদা দেখেছে মুক্তিযুদ্ধ? ওকে দিছে মুক্তিযুদ্ধ মন্ত্রনালয় এর দায়িত্ব,Dhaka,,,Sarcastic_negative,0.5537528833235481,model,False
মুক্তিযোদ্ধার হোগামারা সারা,Khulna,Bagerhat,,Sarcastic_negative,0.6059008536444288,model,False
Or vhason er speech sunle jei freedom fighters ra becha ase shock kheye more jba,Dhaka,,,Sarcastic_negative,0.5275866723523367,model,False
"""কয় পরে সেও জাতির কাছে বলবে, সেও ৭১ রে যুদ্ধ করেছে""",ময়মনসিংহ,Dhaka,Mymensingh,Negative,0.4366068381250032,model,False
খেলা হবে নিরাপদে,Rangpur,,,Neutral,0.8689175225211951,model,False
nogor daddy,Rajshahi,,,Sarcastic_negative,0.468250396806592,model,False
এই কি মুক্তিযোদ্ধা? না,Dhaka,Naogaon,,Negative,0.7584167236508977,model,False
"""ও মুক্তিযুদ্ধের সময় জন্মেছিলো,???""",Dhaka,,,Sarcastic_negative,0.6463799520545596,model,False
শান্তি চুক্তির পুরো পুরী ওলঙন করছে বিএমপি,Dhaka,,,Negative,0.4889712625142829,model,False
নতুন ভাবে নাতি পুত্রের সৃষ্টি হবে,Chittagong,Rajshahi,,Neutral,0.9262449250954032,model,False
রাম পাঠা,Dhaka,,,Sarcastic_negative,0.5059896586032292,model,False
মেয়র হতে পারে না এখন এক ঠেলায় থাকবো মন্ত্রী জয় বাংলা খেলা হবে রাজপথে।,Dhaka,Chandpur,,Neutral,0.4281601594619753,model,False
কারে কি দিছে রে ভাই,Narayanganj,,,Sarcastic_negative,0.4100319373696722,model,False
কিন্তু ইশরাক শপথ ই তো নিলো রাজাকার দের সাথে।,Tangail,,,Sarcastic_negative,0.4432005440585911,model,False
১৯৭১ সালে জিয়াউর রহমানের সাথে থেকে মুক্তিযুদ্ধ করছে কমান্ডো ইসরাক হোসেন,Dhaka,,,Negative,0.5881092005102083,model,False
"""বাবার নাম টা ডুবাইলো,,""",Dhaka,Khulna,Satkhira,Negative,0.4375953880510623,model,False
দুইজন বীরশ্রেষ্ঠদের নাম জানে কি না সন্দেহ,Khulna,,,Negative,0.4956464543723763,model,False
মানে কোনোরকম একটা পতাকাবাহী গাড়ী পেলেই হলো!,Dhaka,Kishoreganj,,Sarcastic_negative,0.4083036291150608,model,False
এবারে এই মন্ত্রনালয় হবে হজবরল,Barisal,,,Neutral,0.5420558033855046,model,False
"""কমেন্ট পড়ার অভ্যাস টা ছাড়তে পারলাম না, এমন ভাবে কমেন্ট পড়ছি যেন কমেন্ট পরীক্ষায় আসবে""",Dhaka,,,Negative,0.7139252426211782,model,False
ঠ্যালার জোর আছে মানতে হবে,Dhaka,,,Neutral,0.8691783765775536,model,False
যোগ্যতা কোন বিষয় নয় দলের ভিতরে সব মন্ত্রী রাখতে হবে,Chandpur,,,Neutral,0.4698885463265527,model,False
অভিনন্দন,Dhaka,,,Negative,0.4275681327993306,model,False
চেতনা,Dhaka,Chittagong,Lakshmipur,Sarcastic_negative,0.7148230418630304,model,False
লেদা পোলারে দিছে কি এটা,Dhaka,,,Negative,0.554522859314734,model,False
অনুষ্ঠানে ধাক্কাধাক্কি নিয়ন্ত্রণ বিষয়ক মন্ত্রী দিলে নিজেই কিছুটা সংশোধন হতো আর কি।,Chittagong,,,Sarcastic_negative,0.6704070779054543,model,False
ALHAMDULILLAH BLESS YOU DEAR UNCLE,Dhaka,,,Sarcastic_negative,0.5038804376641459,model,False
এখানে ফজলুর হলকে দিলে ভালো হত,Dhaka,,,Sarcastic_negative,0.5588843295225947,model,False
মুক্তি যুদ্ধ ভাতা পাবে বহু দলীয় মুক্তি যুদ্ধা।,Dhaka,Chittagong,,Negative,0.563969188878668,model,False
২৪ বছরের ছেলেরা এবার ভাতা নিবে,Dhaka,Dinajpur,,Sarcastic_negative,0.5143637957127934,model,False
মাননীয় মন্ত্রী মহোদয় লীগ সরকারের আমলে দেওয়া ভুয়া মুক্তি যোদ্ধাদের সনদ বাতিল করবেন কি?,Comilla,,,Negative,0.4872992215893786,model,False
এটা কোন কথা অনেকের পদ গুলো তাদের ক্যারেক্টার এর সাথে যায় না যেমন সালকুম একজন আর একজন ইনি কোনো কথা এটা,Dhaka,,,Positive,0.5976831977136726,model,False
বয়স কি হয়ছে তার মুক্তিযুদ্ধ বিষয়ক প্রতিমন্ত্রী দিসে??,Dhaka,Mymensingh,,Sarcastic_negative,0.4935111915532827,model,False
এখন সে বলবে যুদ্ধের ঘোষণা আমি দিছিলাম …,Dhaka,Gazipur,,Sarcastic_negative,0.4695488007105149,model,False
ফজু কই,সুনামগঞ্জ,Dhaka,Sunamganj,Sarcastic_negative,0.6685703447157205,model,False
সবাই দেকে জান,Dhaka,,,Neutral,0.5443274743640127,model,False
পাদ হাগু বিষয়ক মন্ত্রনালয় দিলে ভালো হতো,Dhaka,,,Sarcastic_negative,0.6646927401360785,model,False
ফি আমানিল্লাহ্,Dhaka,,,Negative,0.73531192303596,model,False
Asif mahmud er khobor ase,Dhaka,,,Sarcastic_negative,0.4557438212280466,model,False
ওকে নিজে নিজেই ঘোষণা দিয়ে দিল। না এই অভ্যস্ত তারা আছে।,Dhaka,,,Negative,0.8103827712393185,model,False
"""“ফলো মানে নতুন সম্পর্কের শুরু, আর কমেন্ট মানে সেই সম্পর্ককে সুন্দরভাবে ধরে রাখা।…""",Dhaka,,,Negative,0.5525633360476702,model,False
হাসুন প্রাণ খুলে,Dhaka,,,Sarcastic_negative,0.4777908435192309,model,False
এতে মুক্তি যোদ্ধার কী বুঝে!!,Dhaka,Comilla,,Sarcastic_negative,0.6981165685664408,model,False
Bangladesh is planning to go back 50 yrs..,Dhaka,,,Neutral,0.7517604710162759,model,False
ইশরাক ভাইকে এই মুহুর্তে শিশু বিষয়ক মন্ত্রনালয়ের দায়িত্ব দিলে ভালো হত।,Dhaka,Faridpur,Rajbari,Sarcastic_negative,0.4757695102020592,model,False
গেরাও বিষয়ক প্রতিমন্ত্রী হলে ঠিক আছে,Comilla,,,Negative,0.5163066887971399,model,False
তালা বাবা।,Brahmanbaria,,,Sarcastic_negative,0.4759694037500914,model,False
এর বয়স কতো জানি,Chittagong,,,Negative,0.5865542535289934,model,False
খতম টা টা বাই বাই,Dhaka,Bagerhat,,Sarcastic_negative,0.5353804842169475,model,False
যেখানে মুক্তি যুদ্ধের ক টাও বুঝে না,Panchagarh,,,Sarcastic_negative,0.6060597941806579,model,False
এবার কি আরো মুক্তিযোদ্ধা বাড়বে?,Rangpur,Dinajpur,,Positive,0.5857306235096067,model,False
ঠেলাঠেলি বিষয়ক মন্ত্রী,Dhaka,,,Sarcastic_negative,0.8316414135965585,model,False
শিশু মুক্তিযুদ্ধা,সিলেট,Dhaka,Sylhet,Sarcastic_negative,0.684533683319455,model,False
হে মুক্তিযুদ্ধের কিতা বুঝে,সিলেট,Sylhet,Sunamganj,Sarcastic_negative,0.656991801560698,model,False
ওর বয়স কত,Chittagong,,,Negative,0.5930441688324832,model,False
"""নিজের চ্যানেল বলে কথা, সব কিছু অ্যাডভান্স লেখে দেওয়া যায়,""",Dhaka,Chandpur,,Positive,0.5428673951952373,model,False
হাসি পায়,শরীয়তপুর,Dhaka,Shariatpur,Sarcastic_negative,0.5135005638166219,model,False
এতো হাহাহা রিয়েক্ট কেন..?,Dhaka,Jamalpur,,Sarcastic_negative,0.6402997722430316,model,False
Faaaahhhh,Dhaka,,,Sarcastic_negative,0.4308803822535048,model,False
crickete thaka ta bhalo,Dhaka,,,Neutral,0.7244959514373635,model,False
what the heeellllll,Dhaka,,,Sarcastic_negative,0.454838443185576,model,False
পৌতৃক কোটা,Feni,,,Sarcastic_negative,0.3985024447422666,model,False
ডাইপার,সিলেট,Sylhet,,Negative,0.6503652621027437,model,False
ইশরাক জন্মের আগে কি কখনো মুক্তিযুদ্ধ দেখছে?,Dhaka,,,Sarcastic_negative,0.6921932814356587,model,False
এই কি মন্ত্রনালয় চালাতে পারবে?,Chittagong,,,Negative,0.6085490021258471,model,False
ok,Dhaka,,,Sarcastic_negative,0.4690146345842565,model,False
দুই পর দেখবো মুক্তিযোদ্ধার লিস্টে হেতার নাম হেতে মুক্তিযুদ্ধ বিষয়ক পুরস্কার পাইবো,Comilla,,,Sarcastic_negative,0.4575491780620837,model,False
উনি না মেথর স্যারি মেথর হবে,Dhaka,,,Neutral,0.9371069436185152,model,False
যাইহোক এই মন্ত্রণালয়ের কেও ঘেরাও দিতো না তিনি,Rajshahi,,,Negative,0.5393579517835407,model,False
অযোগ্য লোকজন কে এই সব কাজ দিচ্ছে কেনো,Chittagong,Lakshmipur,,Negative,0.4902726625100558,model,False
হাদা মোখ মাফি,Sylhet,,,Negative,0.4343676828183871,model,False
তার জন্ম ১৮০০ সালে সেজন্য সে মুক্তিযুদ্ধ বিষয়ক মন্ত্রী,Lalmonirhat,,,Sarcastic_negative,0.8099654303805666,model,False
Joker of the ministry,Dhaka,Pabna,,Neutral,0.4979443291469756,model,False
এইবার অরজিনাল মুক্তিযুদ্ধা দের খবর আছে,ঢাকা,Dhaka,Munshiganj,Sarcastic_negative,0.5404687584025377,model,False
মুক্তিযুদ্ধের ***,Dhaka,Sirajganj,,Sarcastic_negative,0.6357196527371167,model,False
হো*-/গা মারছে,Dhaka,,,Negative,0.5640464253183318,model,False
এইসব রাজাকারকে কী সব দায়িত্ব দেওয়া হইছে মুক্তিযুদ্ধ কী সে কী তা বোঝে,রাজশাহী,Rajshahi,,Negative,0.5216911908772,model,False
কাদেরের হোগামারা সারা,Dhaka,Bagerhat,,Sarcastic_negative,0.4563173999096617,model,False
ঠেলা ঠেলি যুদ্দা,Chittagong,,,Sarcastic_negative,0.5959215917035803,model,False
সার্কাস,Habiganj,,,Sarcastic_negative,0.4047527973605676,model,False
"""কুছ ভি,,,,""",Feni,,,Sarcastic_negative,0.4160656263342553,model,False
তখন তো ওর জন্মই হয়নি ও মুক্তি যুদ্ধের কি বুঝবে ? আর মুক্তি যুদ্ধ বিষয়ক মন্ত্রণালয়ের কি দরকার বুঝি না ?,Dhaka,Meherpur,,Sarcastic_negative,0.6443218445275054,model,False
me,Dhaka,,,Sarcastic_negative,0.4146276795977892,model,False
এবার মুক্তি যোদ্ধার সংখ্যা বাড়বে,Dhaka,,,Positive,0.4025985987754119,model,False
কেন ওর ঘেরাও বিষয়ক মন্ত্রিত্ব কই???,Dhaka,,,Sarcastic_negative,0.7583688347499086,model,False
তিনশো কোটি লোডিং,Dhaka,,,Sarcastic_negative,0.4051399531602118,model,False
চেতনা,Dhaka,Munshiganj,,Sarcastic_negative,0.7148230418630304,model,False
জনতার মেথর এখন চেতনা বেঁচে খাবে।,Khulna,Jessore,,Sarcastic_negative,0.5747011665340493,model,False
এই লোক মুক্তিযুদ্ধের চেতনা ভালো বিক্রি করতে পারে তাই উনাকে মুক্তিযুদ্ধ বিষয়ক প্রতিরক্ষা মন্ত্রী করা হয়েছে।,Narayanganj,Comilla,,Negative,0.510128693056568,model,False
বেশি মানুষ হা হা দেয় কেন !! বুঝিনা ব্যাপারটা,Chittagong,,,Negative,0.4043143815829813,model,False
Best wishes,Dhaka,Chittagong,Noakhali,Sarcastic_negative,0.4226513474368253,model,False
এখন থেকে ঘেরাও কর্মসূচি মিস করব,Dhaka,Kushtia,,Positive,0.8415135480578854,model,False
বাচ্চা পোলা মুক্তিযুদ্ধের কী বোঝে!!,Dhaka,,,Sarcastic_negative,0.4765452429791687,model,False
অভিনন্দন,Bagerhat,,,Negative,0.4275681327993306,model,False
হেতে কি মুক্তিযুদ্ধ করছিল নাকি,Chittagong,,,Negative,0.5475067646863502,model,False
oi babi,Dhaka,,,Sarcastic_negative,0.4461690377436608,model,False
কানা হায়দার,Barisal,,,Sarcastic_negative,0.5111557099601645,model,False
ঘেরাউ মন্ত্রী করলে সব থেকে ভালো হইতো,Dhaka,Barisal,,Sarcastic_negative,0.5752053514532106,model,False
Md Sarour Hossain Mahi Md. Forhad Hossain,Rajshahi,,,Neutral,0.6413444913914562,model,False
দুই পর দেখবে জাতি মুক্তিযোদ্ধার লিস্টে হেতার নাম,Dhaka,,,Negative,0.5222964577143948,model,False
এলকোহল বিষয়ক,Dhaka,,,Sarcastic_negative,0.5442433987728615,model,False
বাপের নাম কি করে ডুবাতে হয় তা ইশরাক থেকে শিখে নেন সবাই।,Dhaka,,,Sarcastic_negative,0.5057601599569859,model,False
Hahaha,Dhaka,Khulna,,Sarcastic_negative,0.4367710463019045,model,False
"""আবার দেশে যুদ্ধ হোক,,আমাদের মুক্তিযুদ্ধা হতে হবে""",Dhaka,,,Neutral,0.5132667733004919,model,False
বিপ বিপ,Dhaka,Sirajganj,,Sarcastic_negative,0.4974204404276826,model,False
"""এখন থেকে জামাতের নতুন নতুন রাজকারদের নাম শুনতে পাবে জাতি,,১৯৯৬ সালে যারা জন্ম হয়ছে,২০১৬ সালে যারা হয়ছে তাদের নাম ও চলে আসতে প…""",Dhaka,,,Negative,0.4446826807964766,model,False
ঠেলাঠেলি মন্ত্রীত্ব পেলে খারাপ হতোনা,Dhaka,Faridpur,,Sarcastic_negative,0.7026604185941163,model,False
আওয়ামী লীগ এর আমলে মেয়র গতে পারে না এখন প্রতিমন্ত্রী,Dhaka,Kishoreganj,,Negative,0.4317587400549713,model,False
ফজলুর রহমান উনি কই,Dhaka,Faridpur,,Neutral,0.6063277704393347,model,False
দেশের হো+গা মারা শেষ,Dhaka,Barisal,,Sarcastic_negative,0.4028799579444225,model,False
Chota vim,Dhaka,Rangpur,,Sarcastic_negative,0.5021662068796542,model,False
আমার মনে হয় পাতি মন্ত্রী..,Cox's Bazar,,,Sarcastic_negative,0.5697144851118995,model,False
হেয় মুক্তি যোদ্ধার কি জানে?,Dhaka,,,Sarcastic_negative,0.4674296882315121,model,False
Nice,Dhaka,,,Sarcastic_negative,0.4429476133341003,model,False
হাসালো রে,Dhaka,Chittagong,Noakhali,Sarcastic_negative,0.5214111878680098,model,False
দেশের সাংগামারা সারা,Natore,,,Sarcastic_negative,0.4738371403004094,model,False
বা বা বা বাহ্! যতো যাচ্ছে শুধু সারপ্রাইজড আর সারপ্রাইজড,Dhaka,Rajbari,Pabna,Sarcastic_negative,0.4877032793690338,model,False
বাঁদরের গলায় মুক্তার মালা,Narayanganj,,,Sarcastic_negative,0.4639169507318187,model,False
রেন্ডিয়ান প্রদেশ হতে যাচ্ছে এই দেশ। দেশের আকাম শারা।,Dhaka,Chittagong,,Negative,0.5183862022575634,model,False
Metro Rail baica gese..,ঢাকা,Dhaka,Barisal,Sarcastic_negative,0.4078982858827071,model,False
হাস্যকর,Dhaka,,,Sarcastic_negative,0.4616131845706221,model,False
দেখা যাচ্ছে দুই পর উত্তর সিটির মেয়র দাবি করার মতো করে নিজেরেও মুক্তিযোদ্ধা দাবি করে বসছে জনতার মেথর মহোদয়,Dhaka,Jhenaidah,,Positive,0.4752168225034602,model,False
লে চোদন,Chittagong,Noakhali,,Negative,0.502991261242371,model,False
"""নতুন কিছু শিখলাম,,,,, এবং দেখলাম ছাগল দিয়েও হাল চাষ করানো যায়,,,,""",Dhaka,Barisal,,Negative,0.6328389619588398,model,False
এই মাধ্যমেই বি এন পি বুঝিয়ে দিলো যে তারা 71 এ মুক্তিযুদ্ধকে দুচে না,Dhaka,Gazipur,,Negative,0.4411908968087029,model,False
Redwan Ahmed,Dhaka,Sirajganj,,Sarcastic_negative,0.429360896074603,model,False
ও যুদ্ধ করতে করতে মন্ত্রী হয়ে গেলো,Dhaka,Narsingdi,,Sarcastic_negative,0.8550629163644299,model,False
আল্লাহ তাঁকে সবই দিছে শুধু ব্রেইনটা ছাড়া।,Chittagong,Sylhet,,Negative,0.4312406963845516,model,False
ঝাড়ু আর ব্যাট পেলো না,Dhaka,,,Positive,0.715896313897942,model,False
হোগামারা সারা,Dhaka,,,Sarcastic_negative,0.4489193530045747,model,False
400কোটির মন্ত্রী,Dhaka,Rangpur,Nilphamari,Sarcastic_negative,0.7176736693002624,model,False
ঢাকা সিটির কি হবে?সিটির জনগণ ত তাদের নগর ডেডি কে হাড়িয়ে ফেলেছে,চট্টগ্রাম,Chattogram,Chittagong,Neutral,0.8501761998711096,model,False
Cdsere ছলিম,ঢাকা,Dhaka,Chittagong,Sarcastic_negative,0.4155452556830764,model,False
ধৈর্য মধুর চেয়ে মিষ্টি এটা প্রমাণ আজকে কোকা সাহেব এর জমিদার পুত্র চেয়েছে ঢাকা সিটির মেয়র হবে। কিন্তু জমিদার পুত্র ধৈর্য ধরার ক…,Dhaka,,,Neutral,0.748960183233179,model,False
মুক্তি যুদ্ধ কত সালে হয় জানে?,Dhaka,Feni,,Sarcastic_negative,0.485604025369765,model,False
নগর ডেডি,Dhaka,Gazipur,,Sarcastic_negative,0.4477223033095954,model,False
ফজু পাগলা কই?,Mymensingh,Sherpur,,Sarcastic_negative,0.7414215625136087,model,False
একটা বেয়াদব,Dhaka,,,Sarcastic_negative,0.4995614741075179,model,False
প্রতিমন্ত্রী ঠেলাঠেলি মন্ত্রী,Dhaka,Barisal,,Sarcastic_negative,0.6118524394853643,model,False
ফজু চাচাকে দেওয়া দরকার ছিলো।।।,Rangpur,,,Neutral,0.616389916322202,model,False
সেরা,Dhaka,,,Sarcastic_negative,0.5395085042883269,model,False
কমান্ড,Dhaka,,,Negative,0.47496238435982,model,False
যার নেতৃত্বে ধানমন্ডি ৩২ বুলডোজার দিয়ে ভাঙ্গা হয়েছে তাকে মুক্তিযুদ্ধে বিষয়ক প্রতিমন্ত্রী করা হয়েছে বিষয়টা হাস্যকর,Tangail,Sunamganj,,Sarcastic_negative,0.5540206331675862,model,False
বাপের কোটায়।।। উনি মেয়র হলে ভালো হতো।।। বয়স্ক কেউ দরকার।।।,Dhaka,,,Negative,0.4502725057545114,model,False
ঘেরাও মন্ত্রী,Dhaka,,,Sarcastic_negative,0.6943747329760769,model,False
মুক্তিযোদ্ধা ইসরাক হোসেন,Dhaka,Tangail,,Sarcastic_negative,0.6947638094219117,model,False
ঠেলাঠেলি বিষয়ক মন্ত্রী দিলে ভালো হতো এরথেকে,Dhaka,Narsingdi,,Sarcastic_negative,0.798391664283567,model,False
ইশরাক বাইন্সুদ,Dhaka,Khulna,Kushtia,Sarcastic_negative,0.6607577669931675,model,False
মুক্তি যোদ্ধাদের অভিজ্ঞতা নাই ছেলেদের আছে,Barisal,,,Negative,0.497411376871802,model,False
এক ঠেলাতেই ফকাত,Chittagong,Chandpur,,Sarcastic_negative,0.5045741447189214,model,False
ঘেরাও মন্ত্রী,Chittagong,Comilla,,Sarcastic_negative,0.6943747329760769,model,False
বিএনপির সব পোষ্টে সবাই হা হা রিয়েক্ট দেয়। অথচ এই বিএনপিই নাকি বিপুল আসনে জয়ী। সমাধান কি,ঢাকা,কিশোরগঞ্জ,Dhaka,Negative,0.8260293316110383,model,False
ঠেলি ধাক্কাইয়া মুক্তিযোদ্ধা হইয়া গেছে,Barisal,,,Sarcastic_negative,0.7258960867877737,model,False
কোথায় কি মন্ত্রী,Rajshahi,,,Sarcastic_negative,0.60162281469896,model,False
অপাত্রে দান,Barisal,,,Sarcastic_negative,0.5370232244928609,model,False
চেতনা ব্যবসা জমজমাট হবে,Dhaka,Gazipur,,Neutral,0.684639692438142,model,False
"""মুক্তি যোদ্ধার ছেলে মুক্তি যোদ্ধা মন্ত্রনালয়ের দায়িত্ব পেয়েছে, এতে রাজনীতি করার কিছু নেই।""",Chittagong,Sylhet,,Sarcastic_negative,0.4080429967351648,model,False
সুইপার,নীলফামারী,Rangpur,Nilphamari,Negative,0.6434228025719827,model,False
CADA,Dhaka,,,Sarcastic_negative,0.4411378931488166,model,False
এবার ঘেরাও করতে সুবিধা হবে,Dhaka,Rangpur,,Neutral,0.8275312569422449,model,False
অন্তত মুক্তিযোদ্ধা পরিবারের সন্তান। দেখা যাক কতটুকু করতে পারে,Dhaka,,,Negative,0.4169420553429914,model,False
ইশরাক তো মুক্তিযোদ্ধা,কিশোরগঞ্জ,Dhaka,Kishoreganj,Sarcastic_negative,0.7993275710584125,model,False
সেও এখন মুক্তিযোদ্ধা,Dhaka,,,Sarcastic_negative,0.4501200558070791,model,False
গপ গপ গপ,ঢাকা,Khulna,,Sarcastic_negative,0.4146276795977892,model,False
মুক্তিযুদ্ধের হোমাসা,Dhaka,,,Sarcastic_negative,0.6166352289442485,model,False
চলিতেছে সার্কাস,Dhaka,,,Negative,0.4393738211802245,model,False
মুক্তি যুদ্ধের সময় যার জন্মই হয়নি সে নাকি মুক্তি যুদ্ধা বিষয়ক মন্ত্রী,Dhaka,,,Sarcastic_negative,0.8261241930908285,model,False
মুক্তি যুদ্ধ সম্পর্ক ও কি জানে ওকে যে ঐ পদ দিলো,Dhaka,,,Negative,0.6599931255971178,model,False
শিশু মুক্তিযোদ্ধা মন্ত্রী,চট্টগ্রাম,Dhaka,Chittagong,Sarcastic_negative,0.8735117877394477,model,False
হায়রে অন্দের দেশ,Dhaka,,,Sarcastic_negative,0.516435130267523,model,False
ওর বয়স কত,ফরিদপুর,Dhaka,Faridpur,Negative,0.5930441688324832,model,False
ঘেরাও হবে,Sylhet,,,Neutral,0.9946957125248812,model,False
এডা বেশি হয়া গেলো,Bhola,,,Sarcastic_negative,0.628342847033411,model,False
কোটা না মেধা?,Dhaka,Naogaon,,Sarcastic_negative,0.3991360029441919,model,False
thela theli bisoyok protimontri,ঢাকা,,,Neutral,0.5874597474224352,model,False
Unare valo lagto liger amole..kintu uni akhon kotha batra bolen liger motoi,Thakurgaon,,,Sarcastic_negative,0.497709222896017,model,False
ফজলুর রহমানকে দেওয়া উচিত ছিল,Naogaon,,,Neutral,0.6658827237329166,model,False
জন্ম সালটা??,Nilphamari,,,Sarcastic_negative,0.6139894138170905,model,False
জন্ম ২০০০ সালে পড়ছে বঙ্গবন্ধুর ইতিহাস এ মুক্তিযুদ্ধ মন্ত্রণালয় এ কি করবে,Sirajganj,,,Negative,0.5521786440578441,model,False
"""সে মুক্তিযোদ্ধা বিষয় সম্পর্কে কি বুজবে,তার কি সে বিষয়ে নলেজ আছে,,তার কি জন্ম মুক্তিযুদ্ধের সময়,,,, পাগল ছুদা কথা, শুক্কুরে শু…""",Chittagong,,,Sarcastic_negative,0.4303215935889258,model,False
Right,Dhaka,,,Sarcastic_negative,0.4146276795977892,model,False
দুই পর দেখবো মুক্তিযোদ্ধার লিস্টে হেতার নাম,Dhaka,Barisal,Bhola,Negative,0.4634491597282596,model,False
প্রতিমন্ত্রী প্রতিবন্ধী,Dhaka,Chittagong,,Negative,0.4572017702075279,model,False
এই মাল কিন্তু নিজে নিজেই শপত পরে মেয়রের চেয়ারে বসে।,Dhaka,,,Negative,0.8234019503877295,model,False
মাতাল ইশরাক,Barisal,,,Sarcastic_negative,0.6624345130653941,model,False
দেশের পু****কি মারা শেষ,Dhaka,,,Sarcastic_negative,0.4210999966516641,model,False
আচ্ছা ওনার জন্ম কত সালে? ওনি মুক্তিযোদ্ধ বিষয়ে কতটুকু জানেন? কসমেটিক দোকানদার রে ডাক্তারের চেয়ারে বসাইয়া দিলো।,Comilla,,,Sarcastic_negative,0.4437335038742536,model,False
joker,Dhaka,,,Neutral,0.7891075448658178,model,False
"""আপনি জেনে খুশি হবেন যে—(!!!) (!)আওয়ামী লীগকে আইনিভাবে নিষিদ্ধ হতে না দেওয়া আসাদুজ্জামান পেল আইন, বিচার ও সংসদ বিষয়ক মন্ত্রণাল…""",Dhaka,Rajshahi,,Neutral,0.4753874504518215,model,False
চার চোখ নিয়েও প্রতিমন্ত্রী কে দুই দুইবার!!প্রতিবন্ধী পড়লাম,Barisal,,,Negative,0.5957794638549889,model,False
দুই পর দেখবো মুক্তিযোদ্ধার লিস্টে হেতার নাম,Chittagong,Noakhali,,Negative,0.4634491597282596,model,False
বলদ কীভাবে প্রতিমন্ত্রী হয়,Gazipur,,,Sarcastic_negative,0.4956631321227907,model,False
"""মেয়র পদের জন্য তখন ঠিকই আ* ত্ন - হ* ত্যা করলে আজকে আর """" শিশু মুক্তিযোদ্ধা """" হওয়া লাগতো না ইশরাক ভাই ।""",Dhaka,,,Sarcastic_negative,0.5438898645515297,model,False
মুক্তিযুদ্ধ বিষয়ক ঠেলাঠেলি মন্ত্রী,কুমিল্লা,Dhaka,Comilla,Sarcastic_negative,0.8701361932232449,model,False
"""রাম পাঠার বাইচ্চা,,,,,,""",Dhaka,,,Sarcastic_negative,0.4487416371572055,model,False
এই একটা নাদান পোলা। কোন কি মুক্তিযুদ্ধ দেখছে। মুক্তিযুদ্ধের বই ও ইতিহাস ও ভালো করে জানেনা সম্ভবত। আর তাকে দিছে মুক্তিযুদ্ধ …,Dhaka,Rangpur,,Negative,0.6722782302082867,model,False
প্রতিমন্ত্রী লেখলো না প্রতিবন্ধী লেখলো?,Dhaka,Barisal,Bhola,Negative,0.6278033532443279,model,False
সে নিজে মুক্তিযুদ্ধের সঠিক ইতিহাস জানে না,Dhaka,,,Negative,0.589264667772166,model,False
Kihhh,Khulna,,,Sarcastic_negative,0.4137096190993512,model,False
জামাত এর আমিরকে দেওয়ার দরকার ছিলো,Rajshahi,,,Neutral,0.4715661982468402,model,False
দেশের হোগা মারা সারা,Dhaka,,,Sarcastic_negative,0.4278588980318202,model,False
"""প্রতিবন্ধী মন্ত্রী,""",Dhaka,,,Sarcastic_negative,0.6766810525468699,model,False
প্রতি মন্ত্রী পড়তে গিয়ে প্রতিবন্ধী পড়ে ফেলেছিলাম,Dhaka,Munshiganj,,Negative,0.5010923245614212,model,False
দেশের হো* মারা সারা,ফেনী,Feni,,Sarcastic_negative,0.463606605833059,model,False
Boka cda,Comilla,,,Sarcastic_negative,0.4013042992363018,model,False
MARA NEWS …,Dhaka,,,Sarcastic_negative,0.4569487115559885,model,False
Joker,Dhaka,Chittagong,,Neutral,0.7891075448658178,model,False
ভোটে চোরদের কেমনে মন্ত্রী মানি,Chittagong,,,Sarcastic_negative,0.6275040070787762,model,False
উচিত ছিলো মাদকদ্রব্য আমদানি প্রতিমন্ত্রী করা তারেক সরকার কাজটা কি করলো?,Dhaka,Barisal,,Negative,0.6172973535257268,model,False
Faltu,Dhaka,,,Sarcastic_negative,0.4466304427808382,model,False
প্রতিবন্ধী,Dhaka,,,Sarcastic_negative,0.4575877662189427,model,False
কুনুইমন্ত্রী,Dhaka,,,Sarcastic_negative,0.4782730182145007,model,False
শালায় প্রতিমন্ত্রী না প্রতিবন্ধী,Dhaka,,,Negative,0.5056956856308605,model,False
দেশের হুগা মারা সারা,Chittagong,,,Sarcastic_negative,0.4603414087488811,model,False
ওকি মুক্তিযুদ্ধ করছে যে ওরে মুক্তিযোদ্ধা মন্ত্রণালয়ের দায়িত্ব দিছস,গাইবান্ধা,Dhaka,,Sarcastic_negative,0.4724864592712164,model,False
ম*খোর রে দিসে মুক্তিযুদ্ধের মন্ত্রিত্ব,Dhaka,,,Sarcastic_negative,0.8359250063188698,model,False
"""সামান্য মেয়র হতে পারে নাই সেই নাকি হচ্ছে মন্ত্রী,,,বলার কিছু নেই""",Dhaka,,,Sarcastic_negative,0.6223256046071634,model,False
"""Sorry ইশরাক, প্রতিবন্ধী পড়ে ফেলছিলাম প্রথমে।""",চাঁদপুর,Chittagong,Chandpur,Sarcastic_negative,0.4827349345276244,model,False
মুক্তিযুদ্বে হোগা মারা সারা,Dhaka,,,Sarcastic_negative,0.549317478071308,model,False
এত হাস্যকর এই লোক,Dhaka,,,Negative,0.5824196475893372,model,False
মুক্তিযুদ্ধের ইতিহাসে ফেইল করা স্টুডেন্ট যখন মুক্তিযুদ্ধা বিষয়ক মন্ত্রী হয়,Dhaka,,,Sarcastic_negative,0.6037315954908479,model,False
এরে ঠেলাঠেলি যুদ্ধা হিসেবে ঘোষণা করা হোক,Dhaka,,,Sarcastic_negative,0.5586814403798516,model,False
কয় পর দেখা যাবে সংসদে তালা মেরে দিছে আমাদের নগর ডাকাত,Dhaka,,,Negative,0.7066876736997736,model,False
একটা ঘেরাও বিষয়ক মন্ত্রণালায় খোলা উচিৎ ছিলো। বিম্পি র যে কোন কাজের বিরোধিতা কারিদের কার্যালয় ঘেরাও করার জন্য। আর তার মন্ত্রী …,Dhaka,,,Sarcastic_negative,0.4573473727592247,model,False
প্রতিবন্ধী,Dhaka,,,Sarcastic_negative,0.4575877662189427,model,False
ঠেলাঠেলি মন্ত্রী,Chittagong,,,Sarcastic_negative,0.7886173311233484,model,False
ও ৭১ সালে শিশু মুক্তিযোদ্ধা ছিল আমি কিন্তু নিজে দেখেছি ওকে যুদ্ধ করতে,Dhaka,,,Sarcastic_negative,0.448092491378466,model,False
হতভাগা জাতি আমরা,Dhaka,,,Negative,0.7206874564340011,model,False
R lok paylo na.ajob.isjraq er moton chele re proti montri banayche.ajaira,কিশোরগঞ্জ,Dhaka,Kishoreganj,Neutral,0.5589721220202678,model,False
"""ফজু পাগলারে দিলেও মানা যেত,এর তো মুক্তিযুদ্ধের সময় জন্মও হয়নি এবার সব উল্টাপাল্টা হচ্ছে কেন""",Dhaka,Mymensingh,,Sarcastic_negative,0.7730508802325848,model,False
এই মাল ডা,Dhaka,Gazipur,,Negative,0.8119795754852382,model,False
হেতে তো খারা বলদ হেতে মুক্তি যুদ্ধের বুজে কি ওরে বানানো উচি ঠেলাঠেলি প্রতিমনএি,Chittagong,,,Sarcastic_negative,0.5474543045280545,model,False
যতসব চোর বাটপাররাই মনত্রি,Rangpur,,,Negative,0.8787901738947497,model,False
যে সকল মায়েদের সন্তান গর্বে তাদের কেউ রাজাকার বলতে পারে,Dhaka,,,Negative,0.5131622206465459,model,False
ডেন্ডি খোর,Dhaka,,,Sarcastic_negative,0.4403181974603614,model,False
দেশের মারা শেষ,Shariatpur,,,Sarcastic_negative,0.4121002459000659,model,False
Okay,Dhaka,,,Sarcastic_negative,0.445013308768655,model,False
Pathetic,Dhaka,,,Sarcastic_negative,0.5126828028936237,model,False
কনুই দিয়েই রাজাকারদের বিচার করবেন। নিউক্লিয়ার পাওয়ার্ড এলবো (কনুই),Jessore,,,Negative,0.5993212241495122,model,False
এই কুত্তার বাচ্চা পুটপুটে সুন্দর....,Dhaka,,,Negative,0.7878153431706362,model,False
খোঁজ নিয়ে দেখেন ওর দাদা মুক্তিযুদ্ধের সময় রাজাকার ছিলো,Dhaka,Sirajganj,,Negative,0.4594984156269769,model,False
এই পাঁচ বছরে দেশের হ*** মারা শেষ,Dhaka,,,Negative,0.557912516710674,model,False
Desh ta chuide saira dibe,Khulna,Jessore,,Neutral,0.4761491131921204,model,False
চোর,Dhaka,,,Negative,0.57172876997043,model,False
টাকলা মুরাদের কথা মনে পড়ে গেল।,Dhaka,Chittagong,Pirojpur,Sarcastic_negative,0.4981284040884253,model,False
ইশরাক হোসেন এর নিছে লেখা প্রতিমন্ত্রী …,Dhaka,Chandpur,,Sarcastic_negative,0.5926035124770935,model,False
দেশের হোগা মারা সারা,Dhaka,,,Sarcastic_negative,0.4278588980318202,model,False
এটা দেখার পর নিজেকে বাঙ্গালী পরিচয় দিতে লজ্জা লাগতেছে ।,Comilla,,,Negative,0.7039889517991771,model,False
------- যোগ্যতা বিষয় না নিজ দলের ভিতরেই সব মন্ত্রী রাখতে হবে,Dhaka,Mymensingh,,Neutral,0.5354852146282919,model,False
এরে মন্ত্রী না বানাইলে তারেক রহমান সাহেবের বাসা ঘেড়াও করতো আবার দিছে মুক্তিযুদ্ধ বিষয়ক মন্ত্রী যুদ্ধের সময় কি দুনিয়াত ছিলো ?,Sylhet,,,Sarcastic_negative,0.5179672517996817,model,False
পতিবন্ধি মন্ত্রী হলে ভালো হয়,Dhaka,,,Sarcastic_negative,0.7219074427177339,model,False
চুদলিং পং,রংপুর,Chittagong,Rangpur,Negative,0.6998326316298809,model,False
আমেরিকা ঘেরাও করা হবে।,Dhaka,,,Neutral,0.8600428525105456,model,False
কামড়াকামড়ি করে সমনে এগিয়ে যাবে,Rangpur,,,Positive,0.6786700554488274,model,False
এক ধাক্কায় এতদুর,Dhaka,,,Sarcastic_negative,0.4956353819441073,model,False
ওই কি বাল জানে মুক্তিযুদ্দ সম্পর্কে আগে ওর ইন্টারভিউ নিয়ে তারপর ওরে এই পোস্ট দেয়া দরকার ছিলো কলেজ ঠিক মতো শেষ করসে নাকি,Dhaka,Brahmanbaria,,Negative,0.6320227796344119,model,False
মুক্তিযুদ্ধ মন্ত্রণালয়ের কাজটা কি? ৫৩ বছরের মুক্তিযুদ্ধের কোন সঠিক ইতিহাস জাতিকে জানানো হয় নাই।সুতরাং এসব ফালতু মন্ত্রণালয়ে…,Chittagong,Noakhali,,Negative,0.4832517397846309,model,False
দেশের মানুষ এর রুচির উপ্রে কুত্তা মুইতা দিলো বুঝি,Noakhali,,,Negative,0.5173760188882567,model,False
হোগা মারা সারা,Feni,,,Sarcastic_negative,0.4361675480473252,model,False
দেশের আরো গুয়া মারা শারা এবার তো সবায় রাজাকার এ আর এর নেতা বাদে,Khulna,Jessore,,Positive,0.7282254730563752,model,False
প্রতিবন্ধী,Dhaka,,,Sarcastic_negative,0.4575877662189427,model,False
সবচাইতে ফালতু টা কে বিম্পি তাদের অপ্রয়োজনীয় মন্ত্রণালয় দিয়েছে আর কি,চট্টগ্রাম,Chittagong,Chandpur,Negative,0.5610555134794707,model,False
এই মন্ত্রণয়ের কাজ কি? কোন আচুদা এই মন্ত্রণয় বানাইছে??,Rangpur,,,Negative,0.6012101076601082,model,False
দেশের হোগামারা সারা,কুমিল্লা,Comilla,,Sarcastic_negative,0.4373968810807719,model,False
খাৎ*12কির পোলা একটা এইটা নয়ন,Dhaka,Mymensingh,,Negative,0.4587415021313551,model,False
Brainless,Dhaka,,,Sarcastic_negative,0.4228348617908744,model,False
"""পাতিনেতা ও মন্ত্রী,, হায়রে দেশ""",Sylhet,,,Sarcastic_negative,0.717688771938158,model,False
তারেক রহমান মানুষকে হাসাই তাছে,Dhaka,,,Positive,0.4491551707468783,model,False
এই নরপিশাচ দের কে আওয়ামীলীগ ভালো ঠিক করে রাখতে পারছে। ১৭ বছর রাস্তায় থাকতে পারে নাই । ঘরে থাকতে পারে নাই । ধান ক্ষেত গম ক্ষে…,Dhaka,,,Negative,0.6827173413569171,model,False
প্রতিবন্ধী,Dhaka,,,Sarcastic_negative,0.4575877662189427,model,False
এদেরকে জনগণ ভোট দেয়নি। তারা টাকার খেলায় এম.পি হয়েগেছে।,Dhaka,Sylhet,,Sarcastic_negative,0.604535674945756,model,False
জমিদার পুত্র ইশহাক ত ফদানমন্ত্রী হয়ে গেছে।,Dhaka,,,Sarcastic_negative,0.4815569393240993,model,False
আবার একটা হাস্যকর মন্ত্রী সভা,Dhaka,,,Sarcastic_negative,0.551073141055788,model,False
পাকিস্তান ঘেরাও কর্মসূচি দেন ওস্তাদ,Dhaka,Barisal,Bhola,Positive,0.7026173449973536,model,False
ভাবলাম (প্রতিবন্ধী),Khulna,Jessore,,Sarcastic_negative,0.4267149425090374,model,False
প্রতিমন্ত্রী প্রতিবন্ধী,Dhaka,Kishoreganj,,Negative,0.4572017702075279,model,False
দেশের পু**ন মারতে সেই একাই যতেস্ট আর কারো লাগবে না,Dhaka,,,Positive,0.3993204662416034,model,False
এ সিফাত উল্লাহ দাদার শিষ্য মদ খেয়ে চেতনা উড়িয়ে দিবে,Chittagong,Noakhali,,Sarcastic_negative,0.5656423251905033,model,False
দেখেন আসিফ মাহমুদ রে কোন ভাবে ডুকান যায় কি না রাজাকার লিস্টে,Sylhet,,,Negative,0.5696713368351287,model,False
প্রতিমন্ত্রী। প্রতিবন্ধী।,Chittagong,Cox's Bazar,,Negative,0.4572017702075279,model,False
"""কুঁচি কুঁচি বাচ্চা'রা মুক্তিযুদ্ধার কি বুঝবে""""""",Dhaka,,,Sarcastic_negative,0.5426323663982642,model,False
মুক্তিযুদ্ধের চোদনাবাজরা কোথায় এখন??,Dhaka,,,Negative,0.5429918806032512,model,False
দেশটারে হোন* মারি দিলো,Chittagong,Noakhali,,Negative,0.459027033057048,model,False
"""গণঅধিকার পরিষদের নেতা নূর ডাকসুর ভিপি হবার পর শেখ হাসিনার সাথে দেখা করে তাকে মা বলে ডেকেছেন, আজকে তো উনি প্রতিমন্ত্রী হয়েছেন, …""",Dhaka,Gazipur,,Negative,0.4685300753474474,model,False
দেশের হোগা মারা সারা!,সিলেট,Dhaka,Barisal,Sarcastic_negative,0.4118172799341609,model,False
রংপুর পারল আমরা কেন পারলাম না মূখ্য ভন্ড মুসলিম নামধারী মুনাফেক মাজার পূজারীর জন্য বাংলাদেশ বদলাতে পারলাম না,ফরিদপুর,Dhaka,Faridpur,Negative,0.4250305734009255,model,False
চুদলিং পং দেশের... …,Dhaka,Manikganj,,Negative,0.6095214644799787,model,False
"""হালায় মাল খোর, সারা রাত জাগে আর ে ঘুমায়""",Dhaka,Rajbari,,Positive,0.6924306635213593,model,False
মাথামোডা গুলো যখন বাবার কোটায় প্রতিমন্ত্রী। স…,Dhaka,,,Negative,0.5038218542162959,model,False
ওনাকে দখল যোদ্দা দিলে ভালো হয়,Dhaka,,,Sarcastic_negative,0.5553248994733673,model,False
"""আল্লাহর ওয়াস্তে একে মন্ত্রনালয় থেকে বাদ । বিশ্বাস করেন, এর ঘটে কিচ্ছু নেই..!""",Dhaka,Narail,,Negative,0.4726676694036854,model,False
"""এ তো মেয়র হতে পারে নাই, চুরি করে এমপি, এখন আবার মুক্তিযুদ্ধ বিষয়ক মন্ত্রী, বিষয়টা চুদলিং পং হয়ে গেলো""",Mymensingh,Sherpur,,Negative,0.4928044955074436,model,False
চাঁদাবাজির মন্ত্রী বানানো হোক,Dhaka,,,Sarcastic_negative,0.7795210806836089,model,False
পুরান ঢাকার ডাকাত,Dhaka,,,Negative,0.417864962977674,model,False
"""মুক্তিযোদ্দের, ম তো বুজে না এই লোক""",Chittagong,,,Negative,0.8069736983179354,model,False
একে তো মন্ত্রী হিসেবে ভালো লাগে না আর দিয়েছে মুক্তিযুদ্ধ বিষয়ক চু...দেছে রে,Mymensingh,,,Sarcastic_negative,0.7018745162552446,model,False
এইবার সব মুক্তিযোদ্ধা তার পরিবার থেকে বের হবে,Dhaka,,,Neutral,0.558163300759317,model,False
মুক্তিযুদ্ধের পুরো গোয়াটাই মাইর দিলো।,Barisal,Bhola,,Sarcastic_negative,0.5684143393104801,model,False
Shamiul Hassan Nihan Hasibul Alam এতে ও বুঝি মন্ত্রী ব্যপারটা হজম হইলো না,Comilla,,,Sarcastic_negative,0.6533379337560921,model,False
হু** গা মারা সারা,Dhaka,Gazipur,,Sarcastic_negative,0.4686994881176864,model,False
প্রতিমন্ত্রী না প্রতিবন্ধী,Sylhet,,,Negative,0.4732669126505257,model,False
ও ৭১ সালে শিশু মুক্তিযোদ্ধা ছিল আমি কিন্তু নিজে দেখেছি ওকে যুদ্ধ করতে,Narayanganj,,,Sarcastic_negative,0.448092491378466,model,False
৭১ সালে ঘেরাও ইশরাকের জন্মই হয় নাই সো কিভাবে ও মুক্তিযুদ্ধ বিষয়ক মন্ত্রী হয়!,Dhaka,,,Sarcastic_negative,0.7913161855875815,model,False
এই মুক্তি জুদদো বলতে কি বোঝে,Dhaka,,,Negative,0.6660993874758505,model,False
প্রতিবন্ধী মন্ত্রী,Dhaka,,,Sarcastic_negative,0.6658481722987581,model,False
হয়ছে মুক্তিযোদ্ধের হো … মারা শেষ,Chittagong,,,Sarcastic_negative,0.7524227069003566,model,False
"""বাংলাদেশের প্রত্যেকটা বিএনপি শিশু কর্মীকে মুক্তিযোদ্ধার সার্টিফিকেট দিয়ে দিবে কথাটা মিলিয়ে নিয়েন,""",Dhaka,Sylhet,Habiganj,Negative,0.4508657129008396,model,False
সে তো একটা পাগল,Dhaka,,,Sarcastic_negative,0.6079964541214261,model,False
Mohammad Sohag o to gherao montronaloyer daitto pawar kotha..o to se kaje dokkho,Dhaka,,,Neutral,0.7546612548912047,model,False
এইসব আবালও এমপি মন্ত্রী হয়,Dhaka,,,Sarcastic_negative,0.642385055321095,model,False
"""ভাইয়ার বউ যে কুখ্যাত রাজাকারের মেয়ে, সেটা জানেন আপনারা?""",নোয়াখালী,Chittagong,Noakhali,Sarcastic_negative,0.6101128713758623,model,False
প্রতিবন্ধি,চাঁদপুর,ঝিনাইদহ,Dhaka,Sarcastic_negative,0.4660286099484427,model,False
চোদনা,Dhaka,,,Negative,0.526877837179024,model,False
এই পাগল,Dhaka,,,Negative,0.7114425870876859,model,False
ও নিজেই তো হলো একটা সন্ত্রাস,Dhaka,,,Negative,0.553963770845011,model,False
"""ওই সারাজীবন বিদেশে থেকে ফস্টিনস্টি করে বেড়াইছে, তাও বাচ্চা একটা ছেলে, ও মুক্তিযুদ্ধের কি বুঝবে?""",Dhaka,Chittagong,Noakhali,Sarcastic_negative,0.667435421474753,model,False
প্রতিমন্ত্রী না প্রতিবন্ধী,Bandarban,,,Negative,0.4732669126505257,model,False
প্রতিমন্ত্রী প্রতিবন্ধী ( ),Dhaka,Gazipur,,Negative,0.4572017702075279,model,False
অভদ্র একটা,Dhaka,Netrokona,,Sarcastic_negative,0.5657474871220924,model,False
ঘেরাও বিষয়ক মন্ত্রী,Barisal,,,Sarcastic_negative,0.7724347249753266,model,False
"""বসে, ইচ্ছেমতো লুটপাট করে বাংলাদেশকে দুর্নীতিতে চ্যাম্পিয়ন করিস। কেমন!""",Dhaka,,,Positive,0.6932885803382793,model,False
ভুয়া প্রতিমন্ত্রী,Rajshahi,,,Negative,0.6000716659422068,model,False
Mehran Ahmed এই ধইঞ্চা রে না দিলেও পারতো,Dhaka,,,Negative,0.9127206490739896,model,False
চোর সালা,Sirajganj,,,Negative,0.4346378595600403,model,False
ভুয়া,Dhaka,Jashore,,Negative,0.4931256014133537,model,False
অয় তো নিজেই একটা রাজাকার,Dhaka,,,Negative,0.4781338849048538,model,False
খাইছেরে,Dhaka,,,Sarcastic_negative,0.679038110693431,model,False
ফজু পাগলা রে দেন জামাতের পুটকি মারা সারা,Cumilla,Comilla,,Sarcastic_negative,0.7804621892180692,model,False
রুমিন আর ইশরাক দুজনে পালিয়েছে? পোলাপানে বিবাহের গুঞ্জন উঠাইছে।,Dhaka,,,Sarcastic_negative,0.5416117428787789,model,False
ইশরাক হোসেন প্রতি মন্ত্রী …,কিশোরগঞ্জ,Dhaka,Kishoreganj,Sarcastic_negative,0.6106201109456113,model,False
"""এখন বলবে সে ৭১ এর মুক্তিযুদ্ধা,,,লোক আর পাইল না""",Dhaka,Mymensingh,,Sarcastic_negative,0.4518630166295579,model,False
ভোট চোর মন্ত্রণালয়ের দায়িত্ব কে নেবে??,Dhaka,,,Sarcastic_negative,0.4043861807591926,model,False
ইশরাক আছে না ইশরাক এর আব্বায় মুক্তি যুদ্ধ দেখছে কি না সন্দেহ আর এই বাচ্চা কে দিছে মুক্তি যুদ্ধ বিষয় মন্ত্রী,Dhaka,,,Negative,0.610009016777465,model,False
জামাত শিবিরকে সরাসরি রাজাকার বলার পাশ পেয়ে গেল,Dhaka,Jamalpur,,Negative,0.721507904068665,model,False
তোদের মত মিডিয়া দেখলে হাসি পায়,Dhaka,,,Negative,0.6199627883362072,model,False
৭১ এর বিরোধীতাকারী পেতাত্বাদের গায়ে জ্বলা তঙ্ক শুরু হয়ে গেছে,বগুড়া,Dhaka,Rangpur,Sarcastic_negative,0.4628969688027716,model,False
এ ভোট চোর কি মন্ত্রী হবার যোগ্য?,ভোলা,Barisal,Bhola,Neutral,0.9312698929699248,model,False
"""আমি নতুন এই কনসেপ্ট নিয়ে কাজ করছি যেখানে কোনো ডিজাইনই রিপিট হবে না। যারা ইউনিক কিছু পরতে ভালোবাসেন, তারা চাইলে আমার ল্যাব ঘুরে আসতে পারেন:""",Dhaka,,,Negative,0.7976743716107718,model,False
"""ইশরাকের মধ্যে এমন কি পাইছে তারেক সাহেব, বুজলাম না! একবার মেয়র পদে আবার সংসদ সদস্য এখন মন্ত্রী, ওর যোগ্যতাটা কি? ওর বাবা বড় রাজ…""",Dhaka,Chittagong,Chandpur,Negative,0.5272296744504313,model,False
মারছেরে,Sylhet,Habiganj,,Negative,0.4508312412820939,model,False
মুক্তিযোদ্ধের সময় কি ওর জন্ম হয়েছিল,Dhaka,Rajshahi,,Sarcastic_negative,0.7180598681095337,model,False
"""সার্কাসের মতো,,দেশ এখন পুরো বিএনপির বাকীসব রোহিঙ্গা""",Dhaka,Chittagong,Sylhet,Negative,0.4456843747173861,model,False
টোকাই সালা,ঢাকা,Dhaka,Khulna,Sarcastic_negative,0.4842907476373921,model,False
প্রতিমন্ত্রী প্রতিবন্ধী,চট্টগ্রাম,জামালপুর,Mymensingh,Negative,0.4572017702075279,model,False
উনি তো সব মুক্তিযোদ্ধাকে ঘেরাও করবে,Dhaka,Mymensingh,,Positive,0.4443891226213466,model,False
মদ খেয়ে মাতলামি করা লোক হলো মুক্তিযুদ্ধ বিষয়ক প্রতিমন্ত্রী। বুঝলাম কেমন হলো মন্ত্রীসভা,Dhaka,Gazipur,Madaripur,Negative,0.4887877023849541,model,False
ওয় মুক্তিযুদ্ধের কোন বাল বুজে,Dhaka,,,Sarcastic_negative,0.4436472933604258,model,False
ওয়ারিশ মনএি,Dhaka,,,Neutral,0.546596715697321,model,False
পুংটা মারা সারা,Dhaka,Rajshahi,Kushtia,Sarcastic_negative,0.4849386435664727,model,False
আবার নতুন করে রাজাকার তৈয়ার করার কারিগর পেয়েছে,Dhaka,Brahmanbaria,,Positive,0.5218084097052723,model,False
ইসরাকের জায়গায় অ্যাডভোকেট ফজলুল হক কে দিলো ভালো হইতো।,Dhaka,,,Negative,0.4473197811749547,model,False
সেকি ভালো করে মুক্তি যুদ্ধের ইতিহাস জানে হায় জাতি,Dhaka,,,Negative,0.6697435901615728,model,False
"""নিজের চেয়ারের খুঁটি খুজে পাবেনি,,বিএনপির সবচেয়ে অযোগ্য ব্যাক্তি প্রতি মন্ত্রী""",Chittagong,Rangamati,,Negative,0.774290635471796,model,False
এর চাইতো ঘেরাও উপদেষ্টা ই ভালো ছিলো,Dhaka,,,Negative,0.4884309771375576,model,False
প্রতিমন্ত্রী প্রতিবন্ধী,Chittagong,Chandpur,,Negative,0.4572017702075279,model,False
ধাক্কাধাক্কি মন্ত্রলায় দেওয়ার দরকার ছিলো তাকে,Dhaka,Mymensingh,,Neutral,0.7420727151053987,model,False
মাইরাহালছে রে,Dhaka,Pabna,Jamalpur,Sarcastic_negative,0.4732904046289066,model,False
বাল,Chittagong,,,Sarcastic_negative,0.5407226876476989,model,False
বিএনপির যত রাজাকার ছিল সব এবার মুক্তিযোদ্বা হয়ে যাবে,Dhaka,,,Negative,0.5303678906146915,model,False
কেন বিএনপিতে কি কোনো নির্বাচিত মুক্তিযোদ্ধা ছিলোনা?,Dhaka,,,Negative,0.8450484656596219,model,False
এগুলো বাল,Dhaka,Chittagong,Lakshmipur,Sarcastic_negative,0.4096596730497002,model,False
ঘেরাও মন্ত্রী দেওয়া দরকার ছিলো,Dhaka,Chandpur,,Neutral,0.710448771745611,model,False
"""বর্তমানে কি সংবিধান আছে, সংস্কার কোন সংবিধানের করতে হবে,…""",Dhaka,,,Neutral,0.6093546560319394,model,False
"""First you need to go the parliament to make the changes , then people vote will happen then passed by the parliament, then sig…""",Dhaka,,,Sarcastic_negative,0.4478259734980583,model,False
সংবিধান সংস্কার পরিষদ বলতে সংবিধানে কিছু নাই।,Dhaka,Barisal,,Negative,0.5051978330907503,model,False
"""সিগনেচার করে আরেকজনেরটা দেইখা সংসদে কথা বলবে কি ভাবে এটা আসলেই ভাবার ব্যাপার,""",Dhaka,,,Positive,0.6110233457724608,model,False
তুমি আবার কথাও বলবা!,Dhaka,,,Positive,0.4264568235470029,model,False
ঢাকার প্রতিটি এলাকায় মশার উপদ্রবে জনগণ নাজেহাল। সিটি কর্পোরেশনের ইন্সপেক্টর সহ সিটি কর্পোরেশনে যারা দায়িত্বপ্রাপ্ত এদের সকলে…,Dhaka,,,Negative,0.500996066501522,model,False
নাহিদকে আইনের আওতায় আনা হউক,Dhaka,Gopalganj,,Neutral,0.7115177931909167,model,False
এদের নিউজ ছাড়া কি কোনো নিউজ নেই?,Dhaka,,,Sarcastic_negative,0.4889451016572141,model,False
তাইলে আয় রাজপথে.. তোদের অপেক্ষায় লাখো জনতা..,Dhaka,Gazipur,,Negative,0.4328641972368376,model,False
Right,Dinajpur,,,Sarcastic_negative,0.4146276795977892,model,False
সময় থাকতে পড়ালেখায় মন দিয়ে এটাই মঙ্গল হবে,রাজশাহী,নাটোর,Rajshahi,Neutral,0.4923981846801013,model,False
কথা বলতে হবে সাধারণ মানুষ সিদ্ধান্ত নিবে আফটার নাহিদ ইসলাম ইনশাআল্লাহ,Sylhet,Habiganj,,Positive,0.8707421902801987,model,False
"""‘দেশ যাবে নতুন পথে, ফিরবে না আর ফ্যাসিবাদে।' ইনকিলাব জিন্দাবাদ।""",Dhaka,Faridpur,,Positive,0.6259040304796865,model,False
Good,Dhaka,Jamalpur,,Sarcastic_negative,0.4146276795977892,model,False
Absolutely right.,Dhaka,,,Sarcastic_negative,0.4847914663346549,model,False
ইনকিলাব জিন্দাবাদ,Dhaka,,,Positive,0.4931508130723766,model,False
কথা আমরা রাজপথেই বলবো ইনশাআল্লাহ,Dhaka,,,Positive,0.8073931263872886,model,False
তোমাদের আর কথা হবে না,Rajshahi,,,Positive,0.7093716645784401,model,False
রাজপথে ফয়সালা হবে ইনশাআল্লাহ,Dhaka,Khulna,Satkhira,Positive,0.7602093344643334,model,False
সূর নরম হয়ে গেলো কেনো,Dhaka,Sylhet,,Sarcastic_negative,0.6701135150411387,model,False
অবশ্য ই,Dhaka,,,Sarcastic_negative,0.4239467795092859,model,False
Yes,Barisal,Bhola,,Sarcastic_negative,0.4025674250867656,model,False
Toi voia,Dhaka,,,Sarcastic_negative,0.5012008109196766,model,False
"""বিএনপি করছে দেশের উন্নয়ন, জামাত করছে রাস্তাঘাট পরিষ্কার, আর এন সিপির কাজ হচ্ছে সমালোচনা করা।""",Dhaka,,,Negative,0.8385750458818771,model,False
এই শালাকে ধরে ডিম থেরাপি দেওয়া হোক,Chittagong,Patuakhali,,Negative,0.4622646427014666,model,False
যা বেডা ফুট,Barisal,,,Sarcastic_negative,0.4055658293010314,model,False
সংবিধান তোমার মার সাউয়া দিয়ে ভরে দেব,Sylhet,,,Negative,0.5811281148495837,model,False
তোদের কপালে এইটা আছে,Barisal,,,Negative,0.6008182715981202,model,False
কথা বলতে হবে না এমনিতেই বিরোধী দলের সময় কম দেওয়া হয়,Dhaka,,,Neutral,0.5344235674561822,model,False
বাকোয়াজ,Dhaka,Gopalganj,,Sarcastic_negative,0.4182499532814192,model,False
Right,Tangail,,,Sarcastic_negative,0.4146276795977892,model,False
বিপদ কেটে গেলে মানুষ বিএনপি হয়ে যায়।,Dhaka,,,Negative,0.7060394229603518,model,False
"""টাকার হিসাব টা দাওনা কেন,""",Dhaka,,,Sarcastic_negative,0.4088118313501216,model,False
"""'রাষ্ট্রপতির হাতে আপনি শপথ নিলেন, আবার তাকে আপনি সাংবিধানিক প্রধান মানবেন না'""",Dhaka,,,Sarcastic_negative,0.4101324429793789,model,False
লাগাও মব,Chittagong,Pirojpur,,Sarcastic_negative,0.4686325346050992,model,False
পরিবেশের দরকার নেই,Dhaka,Mymensingh,Gazipur,Negative,0.5039494797445585,model,False
খাল কেটে কুমির আনতেছে বি এন পি,Dhaka,,,Sarcastic_negative,0.5162730998175482,model,False
বিপদ কেটে গেলে মানুষ বিম্পি হয়,Bagerhat,,,Sarcastic_negative,0.4371825506309603,model,False
জামিন দেওয়া শুরু হয়ে গেছে আমাদের সব জয়বাংলা নেতাদেরকে …,Cox's Bazar,,,Negative,0.4568923535367029,model,False
তর কথা কার বালে শোনে,Dhaka,Sunamganj,,Positive,0.7709190518126292,model,False
পুলিশ হত্যার বিচার চাই,Dhaka,,,Neutral,0.497681807847376,model,False
Rights,Dhaka,,,Sarcastic_negative,0.4146276795977892,model,False
তোমরা ৭১'এর পরাজিত অপশক্তির সাথে মিলেমিশে একাকার হয়ে জুলাই তথা সাধীনতা যুদ্ধ তথা বাংলাদেশের সকীয়তার সাথে গাদদারী করেছো। কথা…,Dhaka,Satkhira,,Positive,0.4117121887453914,model,False
তোমাদের মত কুলংগারের যায়গা পবিত্র সংসদে হবে না।,Barisal,,,Neutral,0.5803640072273824,model,False
পুলিশ হত্যার দায়ের তোর ফাঁসি হবে,সিলেট,Dhaka,,Neutral,0.9499381862986496,model,False
"""আরে বেডা তুই হত্যাকারী, পুলিশ হত্যাকারী তোর কিসের কথা,…""",Dhaka,Comilla,,Negative,0.4009901546468443,model,False
পুলিশ হত্যার দায়ে তোর ফাসি হবে সাংসদের পরিবেশ দিয়ে কি করবেন,Dhaka,Chandpur,,Neutral,0.4483274214551397,model,False
Right,Dhaka,,,Sarcastic_negative,0.4146276795977892,model,False
এনসিপি মব সন্ত্রাসী সংগঠন নিবন্ধন বাতিল করে যারা অটো এম পি হয়েছে এদের বিচার করতে হবে,Dhaka,,,Neutral,0.6468972014429125,model,False
তোদের মত ছাগল এর কথায় কি আসে ষায়,Chittagong,Brahmanbaria,,Positive,0.4883453140206051,model,False
আরে বেটা বাটপার তুই কি ভোটে এমপি হ‌ইছস তুই তো পঞ্চাশ হাজার ভোটের ব্যবধানে পরাজিত হ‌ইছস কাইয়ুম কমিশনারের সাথে তোর আব্বা ইউনুস …,Dhaka,,,Negative,0.816034804587607,model,False
২৪ শে ফ্যাসিস্টরা পুলিশ হত্যা ও বিভিন্ন থানা অগ্নিসংযোগ অস্ত্র লুট হওয়া প্রত্যেকটি হামলার তদন্ত করে জুলাই ফ্যাসিস্টদের ফাঁসিত…,Dhaka,,,Negative,0.5155704258886111,model,False
কথা বলা তো দূরের কথা সংসদে কয় যাইতে পারো সেটার জন্য দোয়া ইউনু পর।,Chittagong,Patuakhali,,Positive,0.7550495214324178,model,False
পুলিশ হত্যার বিচার চাই,Sylhet,,,Neutral,0.497681807847376,model,False
ভাই এইসব কথা বাদ দাও আগে বিক্রি করা জুলাই ফেরত নিয়ে আসো,Dhaka,,,Positive,0.6647485144605376,model,False
তা হলে পড়া লেখা করে দেশের বাহিরে চলে যাও---তোমাদের দারা রাজনীতি মানায় না------,Dhaka,,,Positive,0.5746395509491464,model,False
Right,Dhaka,,,Sarcastic_negative,0.4146276795977892,model,False
তুমি না বল্লে কিছু যাই আসে না।,Chittagong,,,Sarcastic_negative,0.4960528157170902,model,False
পাকিবীজ বলে কী,Dhaka,Gopalganj,,Positive,0.4520120797172044,model,False
"""Right, I agree it""",Khulna,,,Sarcastic_negative,0.4245533475719145,model,False
তোমাগো কথা বলার প্রয়োজন নাই দেড় বছরে পোলাপানরে যা শিখাইছো তোমরা বেয়াদবি কুলাঙ্গার কতগুলো পোলাপান রাস্তায় নামাইছে মানুষকে ই…,Dhaka,,,Positive,0.4334952618564136,model,False
বিরোধী দলের কথা বলার দরকার কি শুনলে তো হয়..?,Chittagong,Comilla,,Positive,0.8043601160819451,model,False
হালার পুতে যে ভাব দেখাচ্ছে মনেহয় সংসদের পুরান লোক।,Dhaka,,,Sarcastic_negative,0.4853653554464442,model,False
কথা হবে রাজপথে,Dhaka,,,Neutral,0.6103313860223046,model,False
নিজের যোগ্যতা দিয়ে সংসদে যাওয়ার চিন্তাভাবনা কর তুমি তো হয়েছ বারো ভাতারি দল সাহস থাকলে একা নির্বাচন করে সংসদে যেয়ে দেখাও,Dhaka,,,Sarcastic_negative,0.4580108114141438,model,False
right,Dhaka,,,Sarcastic_negative,0.4146276795977892,model,False
আগে যে তোমার সম্পদের হিসাব দিতে হবে মামু।,Dhaka,,,Neutral,0.486294681989552,model,False
Right,Dhaka,Khulna,Kushtia,Sarcastic_negative,0.4146276795977892,model,False
টোকাই এখন দেশের নেতা,Dhaka,,,Positive,0.7205288139031387,model,False
টোকাইদের কথামতো দেশ চলবেনা,চট্টগ্রাম,Chittagong,,Positive,0.8644101943060662,model,False
"""প্রদীপের আলো নিভে যাচ্ছে তোমাদের। অন্য কেউ নয়, জামায়াত তোমাদের রক্ত পান করে তোমাদের রক্ত শুন্য করে নিজেদের রাজনৈতিক, সামাজিক মৃত্যু হবে""",Dhaka,,,Negative,0.5901955794897034,model,False
"""লজ্জা শরম না থাকলে, প্যান্ট খুলে রাস্তায় দাঁড়িয়ে থাকো জোকার।""",Dhaka,Sylhet,,Sarcastic_negative,0.4167184933543819,model,False
এবার এবার নক করবা না নামোনা রাস্তায় দেখনা মানুষ তোমাদের কি বলে বাজান পুলিশ হত্যার বিচার হবে ইনশাল্লাহ,Narayanganj,Comilla,,Positive,0.5767941939498197,model,False
তুই রাজাকার তুই বাটপার তুই জঙ্গি তুই টোকাই তুই দেশদ্রোহী,Chittagong,,,Negative,0.8629892362520635,model,False
"""জুলাই ব্যবসায়ীরা যেন পালাইতে না পারে, যেখানে পাবেন তাদেরকে শহীদ বানায় দিয়ে দিয়েন, তারা দেশে শত্রু,।""",Dinajpur,,,Negative,0.7108021634715181,model,False
তোমাদের মতো কোটার এমপিরা সংসদে না থাকাই ভালো।,Dhaka,Mymensingh,Cox's Bazar,Negative,0.4605277362536999,model,False
তাতে বয়ে গেল।,চট্টগ্রাম,,,Negative,0.5606235551307559,model,False
সংসদে কথা বলা দরকার নাই,Dhaka,Barisal,,Positive,0.7945481707078987,model,False
সহমত,Khulna,,,Sarcastic_negative,0.4030305803688657,model,False
পাগল বলে কি? কিসের সাথে কি,Chittagong,,,Sarcastic_negative,0.6098603245504788,model,False
আপনারা ছাত্র হিসেবে কলঙ্কিনী অধ্যায় থাকবেন বাংলাদেশ,Dhaka,Chittagong,,Sarcastic_negative,0.8123858406775665,model,False
ওডা হানকির পুয়া,Dhaka,,,Negative,0.4703068377546343,model,False
এনপিপির চুরেগো খাঁচায় দেখতে চাই,Dhaka,,,Negative,0.5926833229119663,model,False
কিসের সংবিধান সংস্কার পরিষদ ৭১র আছে একাত্তর থাকবে খানকির পোলা নাহিদ,Dhaka,,,Negative,0.4603688518626178,model,False
তোর মতো টোকাই না গেলে ভালো,Dhaka,,,Positive,0.422988666910514,model,False
ভয়ে আছে,Dhaka,,,Negative,0.4619284713647691,model,False
আগে তোর ভূরি কমা,Dhaka,,,Negative,0.5534373948860912,model,False
"""এনসিপির সকল দূর্নীতি,অনিয়মের বিচার দাবি করছি।""",চট্টগ্রাম,Chittagong,,Negative,0.4957314860495545,model,False
তোর কপালে শনি আছে,Dhaka,,,Negative,0.4534829168536735,model,False
পরিবেশের দরকার নেই,Dhaka,,,Negative,0.5039494797445585,model,False
টুকাই,Dhaka,,,Sarcastic_negative,0.4057200675119705,model,False
Hazar hazar koti taka durniti korecho bap mama khalu neay socib 30 Koti MD 70/80 koti chairman 100/200/300 koti ki porimane lu…,Dhaka,,,Sarcastic_negative,0.4644867387480065,model,False
শালা দালাল,Lalmonirhat,,,Sarcastic_negative,0.4580983488239145,model,False
তোর ঘরে গিয়ে সংস্কার কর না হলে পাকিস্তানে গিয়ে কর,খুলনা,Khulna,,Negative,0.4508528563963056,model,False
"""তুই রাজাকারের বাচ্চা খানকির পোলা, বেশ্যার পোলা,,,,,""",Dhaka,Pabna,,Negative,0.6703157664983016,model,False
আমরা রাজপথের প্রস্তুতিও নিচ্ছি।…,Panchagarh,,,Negative,0.5789477361233847,model,False
সঠিক,Dhaka,Natore,,Neutral,0.4634152989233688,model,False
আচ্ছা তোরা সংসদে যাইস না বাপু,Dhaka,Narayanganj,,Sarcastic_negative,0.4622740254164144,model,False
তোরা কি কথা বলবি যা কথা বলার আমাদের প্রধানমন্ত্রী বলবে।,ঢাকা,Dhaka,,Positive,0.7772193381358058,model,False
"""জুলাই জঙ্গি,দমন করা হোক""",Dhaka,,,Positive,0.6549625201256689,model,False
তোর দরকার আছে বলে মনে হয় না,Tangail,,,Sarcastic_negative,0.438942597553652,model,False
Jara sahwa haowa baltepare tader sagsode katha balar darkar nay,Dhaka,,,Neutral,0.4125992615970466,model,False
আচ্ছা হেতে বলে প্রথান মন্ত্রী সপ্ন দেখতো ইউনুসের কোলে শুয়ে।,Chittagong,,,Sarcastic_negative,0.481972658462297,model,False
বাপের জন্মের সংসদ কি বোঝো,Dhaka,,,Sarcastic_negative,0.4525426913046879,model,False
তুমি কথা না বললে বাল ছিডা যাবেনা।,Dhaka,,,Positive,0.4173537637776603,model,False
মোহাম্মাদ কাসীম-এর নেতৃত্বে মুসলিম উম্মাহর ঐক্যের আহ্বান তুলে ধরা হয়। প্রায় ১৮০ কোটি মুসলিম থাকা সত্ত্বেও আজ উম্মাহ বিভক্ত ও ন…,Dhaka,,,Sarcastic_negative,0.5190139802523673,model,False
পদত্যাগ করে ফেল,Dhaka,Chittagong,Noakhali,Positive,0.695677834342273,model,False
বিবেক বুদ্ধিকে শয়তানের ধোঁকার মধ্যে বিশ্রামে রেখে অতি আবেগকে সম্মান করে কথিত বীর বেসে রাস্তায় নেমে লাশ হয়ে ফিরার আগে একটু ভাবু…,Chittagong,,,Positive,0.4024757749257228,model,False
গোপালভার,Chittagong,Barisal,Patuakhali,Sarcastic_negative,0.4174557074457993,model,False
"""প্রেম করার ইচ্ছে করতাছে কিন্তু লজ্জায় কাউকে বলতে পারতেছি না, তাই ফেসবুক থেকে একজন বন্ধু চাই""",Dhaka,,,Sarcastic_negative,0.5456467794632096,model,False
"""দল যার যার, এনসিপি পিটানোর দায়িত্ব সবার,""",সিলেট,Sylhet,,Negative,0.4751543062537341,model,False
"""বর্তমানে কি সংবিধান আছে, সংস্কার কোন সংবিধানের করতে হবে, বাস্তবায়ন কোন সংবিধান হবে, তা জনসম্মুখে দেখানো হোক। সকল,সমস্যা র ব্যাখা কোন চ্যানেল এর মাধ্যমে জনগনকে বুঝিয়ে দেওয়া হোক।""",Dhaka,,,Neutral,0.8572907956128426,model,False
"""জুলাই সনদ বাস্তবায়ন না করলে,, এই সংসদ অবৈধ,, ৭২ সংবিধান দেশ চললে,, ৭২ সংবিধানে নির্বাচন ২৯ সালে,, জুলাই সনদ বাস্তবায়ন না হলে জুলাই যোদ্ধারা আবার রাস্তায় নামবো""",Dhaka,Natore,,Negative,0.4419135052741058,model,False
জামিন দেওয়া শুরু হয়ে গেছে আমাদের সব জয়বাংলা নেতাদেরকে জামিন দেওয়া হোক ধন্যবাদ প্রধানমন্ত্রী তারেক রহমান স্যারকে,Cox's Bazar,,,Positive,0.437041738659113,model,False
"""আরে বেডা তুই হত্যাকারী, পুলিশ হত্যাকারী তোর কিসের কথা, , তোর তো বিচার হবে""",Dhaka,Comilla,,Neutral,0.517917886774529,model,False
আমরা রাজপথের প্রস্তুতিও নিচ্ছি। - নাহিদ ইসলাম,Panchagarh,,,Negative,0.5176130908670155,model,False
আলহামদুলিল্লাহ,Dhaka,Mymensingh,,Positive,0.6961564278676875,model,False
"""খেলা যে চলছে কোন লেভেলে, বোঝা বড় দায়""",Dhaka,Manikganj,,Sarcastic_negative,0.4694681239292708,model,False
কার পাশা গেছে কার টেবিলে খেলা যে চলছে কোন লেভেলে,Dhaka,,,Sarcastic_negative,0.6071296391265291,model,False
আমাকে রাষ্ট্রপতি হিসেবে নেয়া যাবে কি বস?,ঝালকাঠি,Barisal,,Negative,0.5712649556338989,model,False
শপথ বিষয়ক মন্ত্রণালয় গঠনের দাবি জানাচ্ছি এবং তাকে ঐ মন্ত্রণালয়ের মন্ত্রী বানানো হোক,Dhaka,,,Sarcastic_negative,0.5728316119164242,model,False
এই দামড়াকে রাষ্ট্রপতি রেখে খালি অজস্র সমালোচনার জন্ম দেওয়া ছারা কাজের কাজ কিছুই হবে না। পাঁঠাটাকে দ্রুত সরানো দরকার।,Dhaka,,,Neutral,0.6412239238486113,model,False
Mr. Tareq has a plan!,Dhaka,Rangpur,,Sarcastic_negative,0.4849640701513116,model,False
ধন্যবাদ তারেক রহমান কে,Dhaka,,,Positive,0.7562602839034579,model,False
ওরে ভাই এখানে ও সমঝোতা চলতাছে,Dhaka,Khulna,Barishal,Sarcastic_negative,0.4369292062696976,model,False
Cat out of the bag,Dhaka,Naogaon,,Sarcastic_negative,0.6510227937485924,model,False
রাষ্ট্রপতি কি জুলাই সনদের শপথ নিছে নাকি,Dhaka,Barisal,,Neutral,0.478775142264543,model,False
আলহামদুলিল্লাহ,Dhaka,Khulna,Satkhira,Positive,0.6961564278676875,model,False
নজরুল ইসলাম খান আমার মনে হচ্ছে,Rangpur,Dinajpur,,Negative,0.5100390311903423,model,False
বেছে বেছে ছবিটা সেরা দিছেন,Dhaka,Rangpur,Pabna,Sarcastic_negative,0.6090259086582822,model,False
Valo decision,নীলফামারী,Dhaka,Rangpur,Sarcastic_negative,0.4108317825339016,model,False
ওমা এখন সংবিধান কই গেলো? এর মেয়াদ তো ২০২৮ সাল পর্যন্ত,Dhaka,Comilla,,Negative,0.4185778529243285,model,False
বর্তমান রাষ্ট্রপতি ধন্য তিন সরকারকে একাই শপথ পড়িয়েছেন,সিলেট,Sylhet,Comilla,Negative,0.4977641179213302,model,False
"""সব নাটক,রাষ্ট্রপতি নিজেই বলেছে বি এম পি চাইলে সরে যাবে,""",চট্টগ্রাম,Chittagong,,Sarcastic_negative,0.4805170716041044,model,False
Ley Nahid Ahamed Niloy khamba jodi vlo vabe lig domon na kore tahole kiso din por Bnp Ry khuja pawa jabe na,Naogaon,,,Neutral,0.403079386574563,model,False
নামের আগে মোঃ হয়ে গেছে এখন!,Mymensingh,Tangail,Sherpur,Sarcastic_negative,0.5312419104225391,model,False
The game started but prime point is loading...,Dhaka,,,Sarcastic_negative,0.4246630427746574,model,False
"""তারাই বলে রাষ্ট্রপতির ক্ষমতা বাড়াতে হবে তাকে পুতুল বানিয়ে রাখা যাবে না, এখন আবার রাষ্ট্রপতি কথা বলতে গেলে ও আবার দোষ।""",Dhaka,Chittagong,Noakhali,Positive,0.6531390912020093,model,False
"""আরে ভাই আসল কথা হইল প্রবাদে আছে যার নাক কাটা যায় একবার সে যায় বাড়ির বাহির দিয়ে, আর যার নাক কাটা যায় বার বার সে যায় বাড়ির ভিতর দিয়ে।""",Manikganj,,,Negative,0.4447082599409482,model,False
"""প্রথমত, জুলাই বাংলাদেশের সংবিধানের কিছু না। কিছু না মানে কিচ্ছু না!!!…""",ঢাকা,Dhaka,,Sarcastic_negative,0.4367735594624323,model,False
Power of GnZ,Dhaka,Rangpur,Kurigram,Sarcastic_negative,0.6536305333662511,model,False
Taratari koren,চট্টগ্রাম,Khulna,Jessore,Sarcastic_negative,0.4736404569487413,model,False
যতই চাটাচাটি করোক। উনাকে সেই লেভেলের একটা কিক দিয়ে বের করে দিবে এটাই শিওর।…,ঢাকা,সিলেট,Sylhet,Positive,0.5143989029922164,model,False
এই কাজটা কোন বট বাহিনী কে করেছে,Dhaka,,,Negative,0.789850641477024,model,False
শেষ পর্যন্ত না দেখলে কিছুই বোঝা যাবে না কোন দিকে যাচ্ছে মোড়।,Dhaka,Khulna,Gazipur,Negative,0.767312015339362,model,False
চাটা চাটি করে মনে হয় লাভ হলো না,Sylhet,,,Sarcastic_negative,0.4720290858303236,model,False
ওক্কে মামু,নরসিংদী,Dhaka,Rajshahi,Negative,0.4809765053828301,model,False
মনে হচ্ছে খেলা শুরু-!!,চাঁদপুর,Dhaka,Chittagong,Sarcastic_negative,0.5785672005098887,model,False
"""ও কাগা অ, এত তেলাইলা তা-ও কাম অইলো না।""",Dhaka,Narsingdi,,Sarcastic_negative,0.6509498402293801,model,False
ভালো উদ্যোগ,Dhaka,,,Neutral,0.429100700497958,model,False
বক কবির,Dhaka,Kishoreganj,,Sarcastic_negative,0.5737240031516226,model,False
ইয়া কিহা হুয়া,ঢাকা,Chittagong,,Negative,0.4559046766394321,model,False
আলহামদুলিল্লাহ,Dhaka,,,Positive,0.6961564278676875,model,False
শাহরিয়ার সাহেব মাঝে মাঝে হাত দিয়ে দেখবেন বিছি আছে নাকি,Natore,,,Negative,0.4752838626944556,model,False
রাষ্ট্রপতিকে স্থায়িত্ব করার পথ সুগাম করে দিলেন না তো?,Dhaka,Gazipur,,Positive,0.5840357070568826,model,False
অভিনন্দন বাংলাদেশ সরকারকে।,Dhaka,,,Negative,0.4718284728233227,model,False
চুপ্পু আহারে বেচারা।শপথ পড়াতে পারল না,Dhaka,Panchagarh,,Sarcastic_negative,0.5038531622943603,model,False
আমার মেয়ে মিথিলা লেখাটা পড়েছে মাশাআল্লাহ,Dhaka,Gopalganj,,Negative,0.8737066242284827,model,False
Khobor ta nice and attractive,Dhaka,,,Neutral,0.5731202235250598,model,False
আসকে আমার মন ভালো নাই এত চাটাচাটি করেও লাভ হলো না,Dhaka,Pabna,,Negative,0.4819355374389605,model,False
চলিতেছে সার্কাস,Dhaka,,,Negative,0.4393738211802245,model,False
Varatia social media koi gelo jomat er??,Dhaka,,,Sarcastic_negative,0.4587793558936562,model,False
ঠিকই আছে।,Dhaka,Rangpur,,Negative,0.4289261219654236,model,False
সরিষার তেলে মনে হয় ভেজাল ছিল,Dhaka,,,Sarcastic_negative,0.5254656678250285,model,False
"""চাচাই চাইছিলো ইদটা অনন্ত গণভবনে করতে, তা আর হইলো না""",মেহেরপুর,Dhaka,Meherpur,Sarcastic_negative,0.4430171849465336,model,False
ইউসুফ সরকারকে যদি ইট্টু...,Khulna,Jessore,,Negative,0.6227116155577735,model,False
আলহামদুলিল্লাহ দালাল মুক্ত দেশ চাই,Dhaka,,,Positive,0.7327047443293734,model,False
ওনার গদি নিয়ে টানাটানি করাতে অনেক কথা তো প্রকাশ হলো।,Dhaka,,,Positive,0.4678441836661512,model,False
তেলে কাম হইলো না?,Dhaka,,,Sarcastic_negative,0.4479334994740944,model,False
চাটখুর ও কট,ঢাকা,Dhaka,,Negative,0.400230535748304,model,False
Tarek Hasan Biplob vai,জামালপুর,Jamalpur,,Sarcastic_negative,0.454718049653469,model,False
Sob fa's hoye gase bangu dr tai akn dhama chapa dite uthe pore lagse,Dhaka,,,Sarcastic_negative,0.4456434269611601,model,False
কি জানি মিস করে গেলাম! কি বলসে?,Dhaka,Gazipur,,Positive,0.624478597496441,model,False
লোকটা যেই গাছের ছায়ায় অশ্রয় নিয়েছিলো সেই গাছটা কাটার কি দরকার?,রংপুর,Dhaka,Barisal,Negative,0.517615394131046,model,False
সে হচ্ছে স্বৈরাচারী সরকারের গার্জেন ওকে আইনের আওতা আনা হোক,Sylhet,Habiganj,,Negative,0.4104791448805804,model,False
চুপ্প্প্প্পু,Dhaka,,,Sarcastic_negative,0.4201389057138315,model,False
খায়রুল দেওয়ান' কে রাষ্ট্রপতি বানালে কি হয়?,Dhaka,,,Neutral,0.5290835962161686,model,False
Khub valo,Naogaon,,,Sarcastic_negative,0.4301254622300461,model,False
"""উনি সেচ্ছায় পদত্যাগ না করলে এই নোটিশের কোনো মূল্য নাই,""",গোপালগঞ্জ,Dhaka,Gopalganj,Negative,0.6541676783915306,model,False
যাক একটাতো ভালো খবর পাইলাম কিন্তু কথা হচ্ছে যাকে নিয়োগ দিবে যেনো দেশের ভালোর জন‍্য উত্তম প্রমাণিত হয় এখন দেখা যাক বাঁকি পদগুলো…,Dhaka,,,Positive,0.5552986210910685,model,False
চুপ্পু তো একদম চুপ হয়ে গেলো..!,Dhaka,,,Sarcastic_negative,0.588636089318588,model,False
তেল মেরে ও অবস্থান ধরে রাখা গেলে নাহ আহা সোনা গো আমার,Sylhet,,,Sarcastic_negative,0.4217880958901396,model,False
ড. ইউনুস কে রাষ্ট্রপতি বানানো হোক,Chittagong,Barisal,Jessore,Sarcastic_negative,0.4172391602050121,model,False
চাটাচাটির শেষ গড়বে শহীদ প্রেসিডেন্ট জিয়াউর রহমান এ-র নতুন প্রজন্মের নতুন বাংলাদেশ। তারেক রহমান এ-র নতুন প্রজন্মের নতুন বা…,Dhaka,,,Positive,0.5193517464531621,model,False
চিং চাং পং,Sylhet,,,Sarcastic_negative,0.452356636134874,model,False
এত এত চেটে লাভ হলো না,Dinajpur,,,Sarcastic_negative,0.5803458739295264,model,False
ভা‌লো হয়‌ছে!,Chittagong,,,Sarcastic_negative,0.5228184801148394,model,False
আহহহহ তেলের দামটা স্থিতিশীল রয়ে গেলো। দুঃখজনক।,Barguna,,,Sarcastic_negative,0.4906856079826796,model,False
৩ জনকে শপথ পড়িয়েছেন আর কতজনকে উনার কাছে যে শপথ নিতে হবে কে জানে,Dhaka,Sylhet,Habiganj,Neutral,0.5651223648975549,model,False
এই মাথামোটা আকামাটা এখানে কি করে,Dhaka,,,Negative,0.4857061234062486,model,False
এবার চুপ্পুর তৈল মারা বন্ধ হয়ে যাবে।,Rajshahi,,,Sarcastic_negative,0.6851918050086134,model,False
"""সম্পর্ক বদলে গেলো একটি পলকে,,,,,,,,,,""",Chittagong,,,Negative,0.570866871275745,model,False
"""আমরা ওনাকে চাই,ওনার মত রাষ্ট্রপ্রতি পাওয়া ভাগ্যের ব্যাপার।""",Chittagong,Comilla,,Negative,0.543433807094029,model,False
জানাজা অনুষ্ঠিত হবে কখন?,Dhaka,,,Neutral,0.8038544248022673,model,False
এটা ঠিক আছে কারণ সৈরাচারের রাষ্ট্রপতি,ঠাকুরগাঁও,,,Negative,0.5883892126291868,model,False
এটাই স্বাভাবিক।,Dhaka,Narsingdi,,Negative,0.493817681558195,model,False
এত কিছু করার পরও শেষ রক্ষা হলো না।,Chittagong,Comilla,,Negative,0.4652287949549995,model,False
তাহলে এখন এটা কি ক্ষমতার অপব্যবহার হবে না যে মেয়াদ শেষ না হতে একজন রাষ্ট্রপতিকে অপসারণ করা এটাকে নেয় নাকি অন্যায়,Chittagong,Noakhali,,Positive,0.4657539165885286,model,False
এত এত চাটাচাটি করেও কোন লাভ হলো না,Tangail,,,Sarcastic_negative,0.4173001006579999,model,False
দে লাড়া,Dhaka,Jamalpur,,Sarcastic_negative,0.4292058054049272,model,False
এইটা কেমন খেলা?,Chittagong,,,Sarcastic_negative,0.4978231679521079,model,False
আমরা চাই আরো থাক,Dhaka,,,Negative,0.5283717832918959,model,False
Rajakarera abar notish disse.,Dhaka,,,Sarcastic_negative,0.402923124826744,model,False
এত পাম দিয়েও কাজ হলোনা,Dhaka,Khulna,,Sarcastic_negative,0.56702494806356,model,False
তেল মেরে লাভ হলো না উল্টো ক্ষতি হয়েছে,Dhaka,Mymensingh,Gazipur,Sarcastic_negative,0.6425349510894931,model,False
হায়রে দেশের অবস্থা,Dhaka,Jamalpur,,Sarcastic_negative,0.4141685795783383,model,False
"""ইউনুসের সময় পারেন নি,আর এখন এটা কিভাবে করবেন.!""",Rajshahi,Barisal,,Positive,0.7230936819996812,model,False
আই হ্যাভ এ প্লান,Chittagong,Bagerhat,,Sarcastic_negative,0.4062821431229253,model,False
Cagol kobir pathaice aini notice Mani ki ar bolbo.,Chittagong,Lakshmipur,,Sarcastic_negative,0.4924012206227598,model,False
ইউনূসের জন্য হাগতে মুত্তে ও যাইতে পারে নাই ভাবছিলো একটু শান্তিতে হাগবে মুতবে …,Barisal,,,Negative,0.4390175314971942,model,False
"""শেষ বেলায় একটু চেটে গেল, তা ও গদি রক্ষা হলো না""",ঢাকা,Dhaka,Khulna,Negative,0.5868676757689745,model,False
এত কিছুর বক্তব্যর পর আমি তো মনে করছি উনি থাকবে,Comilla,,,Negative,0.4910584205269477,model,False
সাংবাদিক ভাই। আমার নামটা একটু প্রস্তাব কইরেন।,Dhaka,Khulna,Kushtia,Negative,0.5873227267389955,model,False
যেখানে মাল সেখানে চলে যাক,Dhaka,,,Negative,0.446069688325919,model,False
খায়রুল দেওয়ান রাষ্ট্রপতি,Sirajganj,,,Neutral,0.62679663404643,model,False
শেষ,Dhaka,,,Sarcastic_negative,0.4066272244670763,model,False
I have a plan,Dhaka,Rangpur,Gazipur,Sarcastic_negative,0.4511136267703773,model,False
ওনি এতো যে ছিলো এইটা ওনার ভাগ্য,Dhaka,Patuakhali,,Sarcastic_negative,0.4195759695013573,model,False
Ai july k kendro kore jamat sibir payda lutar chesta korteche,Feni,,,Sarcastic_negative,0.4830486909260286,model,False
রমজান মাস কিছু বলতেও পারছি না আল্লাহ সবাই কে হেদায়েত দান করুক আমিন,রাজশাহী,Dhaka,Rajshahi,Negative,0.5729319411579243,model,False
ও আল্লাহ কেন,Dhaka,,,Negative,0.5199724444860696,model,False
"""তিন বছরে তিনজন সরকার কে শপথ পরিয়েছে, তাই রিস্ক না নেওয়াই ভালো""",Dhaka,,,Negative,0.5312043519809508,model,False
ইউসুফের সত্য তুলে ধরেছে বলে এই কাহিনী।,Chittagong,Noakhali,,Negative,0.4928073681002286,model,False
চাটা চাটি করে ও লাভ হলো না,Dhaka,Comilla,,Negative,0.4038026642895623,model,False
এতো তৈলমর্দনেও কাজ হলোনা ইশশশশ,Rajshahi,Chapainawabganj,,Sarcastic_negative,0.5184603694419245,model,False
চুচু চুচুউপপু,Bogra,,,Sarcastic_negative,0.4436943769650399,model,False
উনি অপসারিত হলে অনে অপকর্মের বয়ান মিডিয়ায় প্রকাশ করবে...,Dhaka,Khulna,,Negative,0.7189931775342379,model,False
"""চপ্পু একটু ভালো সাজতি ছিলো তা গেল গুপ হয়ে,,,""",Khulna,Jessore,,Sarcastic_negative,0.6272016767881529,model,False
Telbaji koreo lav holona,Chittagong,,,Sarcastic_negative,0.5226216052082192,model,False
নতুন সরকার নতুন রাষ্ট্রপতি নিয়োগ হবে এটায় সাভাবিক,Dhaka,Thakurgaon,,Neutral,0.4436065835546399,model,False
Tel mere o kakar lav hoilo na,Dhaka,,,Sarcastic_negative,0.3988443035253423,model,False
Chuppo kaku,Dhaka,Mymensingh,,Sarcastic_negative,0.4145019977866168,model,False
ওনি বুযেছে আমি আছি,ঝালকাঠি,,,Negative,0.5382614597760258,model,False
Good news,Sylhet,,,Sarcastic_negative,0.4146276795977892,model,False
চাচাকে তাইলে দিলো (),Dhaka,Barisal,,Negative,0.5114619401922811,model,False
দুই বালতি সমবেদনা। একবালতি দিয়ে চোখ মুখ ধুবেন আরেক বালতি দিয়ে জিহবা ধুবেন কারন যে চাটা চাটছেন জিবহা না ধুইলে ডাইরিয়া হবে,Chittagong,Brahmanbaria,,Negative,0.403304603335847,model,False
কি যে বলবো,Dhaka,Kishoreganj,,Sarcastic_negative,0.5490379101877695,model,False
আহা গো,Dhaka,,,Sarcastic_negative,0.6699030529886346,model,False
"""হালায় পাগল হয়েছে, সংবিধানে ২৪ কোথায় পেলো""",Bogra,Sirajganj,,Sarcastic_negative,0.494219762366877,model,False
দিলে তো তাদের জন্নি ভালো,Barisal,Bhola,,Positive,0.5980677153678868,model,False
রাষ্ট্রপতি অপসারন সংবিধানে নাই। তিনি নিবাচিত রাষ্ট্রপতি।,Dhaka,,,Negative,0.542432818075228,model,False
এই নেও ঠেলা,Dhaka,Rangpur,,Negative,0.7425078844425751,model,False
এত তেল মাইরাও লাভ হইল না,Mymensingh,,,Sarcastic_negative,0.5533765948404166,model,False
উনাকে আজীবন রাষ্ট্রপতি রাখার দরকার কারণ ওনার নিকট শপথ গ্রহণ করলে দেড় বছরের বেশি কেউ টিকে নাই তাই আমরা নতুন নতুন প্রধানমন্ত্রী চাই,Chittagong,Brahmanbaria,,Negative,0.4695950879715255,model,False
উনি পর পর তিনজনকে শপথ পাঠ করিয়েছে আপনাদের আশা আর কতজন কে করাতো!,Dhaka,Chittagong,Lakshmipur,Negative,0.542158723485609,model,False
"""এবার চাচা কেমন ফিলিংস, একটু বলেন প্লিজ""",Dhaka,Barguna,Patuakhali,Sarcastic_negative,0.5724893973531993,model,False
পাঁ চেটেও কাজ হইলো না আহারে সোনা সুগার বেরে জাবে তো,Barisal,,,Sarcastic_negative,0.5728872768990168,model,False
গিরগিটির মতো চরিত্র বদল করেও কোন লাভ হলো না। এদের মত ব্যক্তি কারো আপন হতে পারে না।,Dhaka,Gazipur,,Negative,0.4616861135031722,model,False
ভালো সিদ্ধান্ত,Chittagong,,,Sarcastic_negative,0.474629314433306,model,False
Eto tel diyeo kaj hoilo na,Dhaka,Pabna,,Sarcastic_negative,0.4083809317075527,model,False
জুলাই আবার কোন সংবিধানে আছে?…,Dhaka,Comilla,,Negative,0.5753519498922431,model,False
সংবিধান মানলে ২৯ এর আগে নির্বাচন অবৈধ। বাংলাদেশ সব কাজ অবৈধ ভাবেই হয়।,Dhaka,Barisal,,Sarcastic_negative,0.5039741579001882,model,False
Becara,Chittagong,Lakshmipur,,Sarcastic_negative,0.4914707864850177,model,False
বিস্তারিত না পড়েই একেকজন খুশিতে আত্মহারা,Tangail,,,Sarcastic_negative,0.4173556119002548,model,False
এতো তেল মেরে চাটা চাটি করেও লাভ হইলো না,Dhaka,Comilla,,Sarcastic_negative,0.4632722621683889,model,False
"""দুঃখীত জনাব সবাই তেল বাজি পছন্দ করে না ,""",Barisal,,,Positive,0.5370085246957593,model,False
Fhaaaaaaaaaaaaaaaaaaaaaaaahhhhhhhhhhhhhhh,Dhaka,Narail,,Sarcastic_negative,0.4146276795977892,model,False
Good information congratulations to love,Rajshahi,,,Neutral,0.5669438374928878,model,False
সাহাবুদ্দুন Be like - এতো চেটে লাভ কি হলো,Dhaka,,,Sarcastic_negative,0.6311830241120645,model,False
সারকেস মঞ্চ অনুষ্ঠানের কিছু দ্রশ্য এইভাবে দেখবে জাতি বুজতে পারেনি,Comilla,,,Sarcastic_negative,0.4634736087455108,model,False
নরেন্দ্র মোদি আমার আব্বা লাগে এই জন্য ইন্ডিয়াকে আমি সাপোর্ট করি,Dhaka,,,Negative,0.7230175725982018,model,False
Uni vlo,Dhaka,,,Sarcastic_negative,0.4552900778014049,model,False
আহ্ এতো চেটেও লাভ হলো না,Dhaka,,,Sarcastic_negative,0.6795395813151601,model,False
আহারে কাক্কু,Chandpur,,,Sarcastic_negative,0.7371433369996273,model,False
জামাতের আবেদন,Dhaka,,,Negative,0.6632050177093014,model,False
তাহলে তেলাই কাজ হয় নাই,Dhaka,Chandpur,,Sarcastic_negative,0.4341638484928865,model,False
আহারে বেচারা কতো চেষ্টা করলো dr.muhammad yunus কে ভিলেন বানাতে শেষে মনে হয় নিজেই চেয়ার ধরে রাখতে পারবেনা,Dhaka,Mymensingh,,Sarcastic_negative,0.5735238126890151,model,False
Next Ami Bangladesh ar suwa poti Hoita chai,Dhaka,,,Neutral,0.477319111629747,model,False
Natun rastroproti chai na unakai raka din,Khulna,Jessore,,Neutral,0.4453546156549287,model,False
Tela shamlaw tel mairao kam oilona,Sylhet,,,Sarcastic_negative,0.4089583886590799,model,False
খাইছে রেহ! এত এত তেল মালিশ করেও কাজ হল না!,ঢাকা,Dhaka,Sylhet,Sarcastic_negative,0.6337456217597922,model,False
নোটিশের মালিক কেই নোটিশ,Dinajpur,,,Sarcastic_negative,0.4170870795519065,model,False
ফাস্ট দ্রুত করেন,Dhaka,,,Positive,0.6319860078243147,model,False
সমঝোতার মাধ্যমে কি ওনাকে রাখা যেত না,Chittagong,,,Sarcastic_negative,0.4156465603469522,model,False
এটা জনতার দাবী,সিলেট,Sylhet,,Negative,0.4018622594475388,model,False
এরাও খেলায় নিলো না!,কুমিল্লা,Chittagong,Comilla,Sarcastic_negative,0.4581123267584944,model,False
ব্যবহার শুধু করলো বুঝতে পারে নাই,Panchagarh,,,Sarcastic_negative,0.4593384484117179,model,False
অপসারণ পরে ওর আগে বিচার হইতে হবে,Dhaka,Narayanganj,,Neutral,0.5652591337848097,model,False
প্লান অনুযায়ী কাজ চলতেছে,Dhaka,,,Sarcastic_negative,0.4709891928432499,model,False
লেও ঠ্যালা,Chittagong,Barisal,,Sarcastic_negative,0.426013383077566,model,False
দেশের ৯০% লোক বলে July CDI,Dhaka,Kishoreganj,Cumilla,Positive,0.5745209099927241,model,False
মহতি উদ্যোগ,Dhaka,,,Neutral,0.5244801361192373,model,False
খাম্বার পা চেটেও শেষ অব্ধি গদি টিকিয়ে রাখা গেলো না।,Sylhet,,,Sarcastic_negative,0.4535036082238511,model,False
Kon deshe bas kori raster prodhan k public bad dite chay,Lalmonirhat,,,Sarcastic_negative,0.5476363778337572,model,False
আমি তো রাষ্ট্রপতি তাকেই মেনে নিয়েছি এইতো থেকে যাবে,গোপালগঞ্জ,Khulna,Bagerhat,Negative,0.7940306264973901,model,False
আলহামদুলিল্লাহ,Dhaka,,,Positive,0.6961564278676875,model,False
সংবিধানের বাইরে। সংবিধানের বাইরে কার্যকলাপ দেশের অবস্থা খারাপ করতে পারে।,Chittagong,,,Sarcastic_negative,0.7160542493946918,model,False
হেমায়েতপুর পৌঁছে দেন।,Chittagong,,,Sarcastic_negative,0.4341151055517541,model,False
গনহত্যায় এর দায় আছে …,Dhaka,Rangpur,,Negative,0.461544355243536,model,False
বাংলাদেশের সংবিধান অনুযায়ী রাষ্ট্রপতিকে “জোর করে” অপসারণ করা সম্পূর্ণ অবৈধ এবং গুরুতর অপরাধ। বাংলাদেশের সংবিধান (গণপ্রজাতন্ত্…,Chittagong,Brahmanbaria,,Positive,0.7329083954897982,model,False
চুপ্পু সাহেব কে চুপ করিয়ে দিল কেন।,Dhaka,Munshiganj,,Positive,0.6404927301655523,model,False
আগের বাঘে খাইছেরে মনা!! এখন আর আগের নাই!!,Dhaka,,,Positive,0.4060412621959842,model,False
Aree thaak oi thaaklee kufaa lagboo,Dhaka,,,Sarcastic_negative,0.4754997303401961,model,False
গুড,সুনামগঞ্জ,Khulna,Satkhira,Sarcastic_negative,0.4080707400403309,model,False
আলহামদুলিল্লাহ,Dhaka,,,Positive,0.6961564278676875,model,False
সর্বশেষ একটা চাটাচাটি দিয়েছিল,Dhaka,,,Negative,0.477444617001376,model,False
Jak i have plan mone hoy success hbe,Dhaka,Tangail,,Sarcastic_negative,0.4092000245897536,model,False
ছাগল এখন ঘেউ ঘেউ করবে শুধু,Dhaka,,,Positive,0.461173951714063,model,False
মানি না মানবো না। আমাদের প্রিয় মানুষ থাকতেই হবে। উনি বীর।,Dhaka,,,Neutral,0.6649164672402895,model,False
Kano fash koira disse tai ?,Dhaka,Gopalganj,,Sarcastic_negative,0.4928151313970078,model,False
আরে ভাই আপনারা ৭১ কে অস্বীকার করেন তবে আপনাদের কি হবে,খুলনা,,,Neutral,0.4160999518023301,model,False
"""সেই লেবেলে চাটাচাটি হয়েছিল,লাভ,হলো না""",Dhaka,,,Sarcastic_negative,0.4293917983816275,model,False
তেল শেষ মেয়াদ ও শেষ,Dhaka,Narsingdi,,Sarcastic_negative,0.4213786565182993,model,False
ভারতের আরেকটা বিজয় মির্জা ফখরুল সাহেব রাষ্ট্রপতি।,Dhaka,Gazipur,,Negative,0.532450231938581,model,False
এতো তেল মাখানো তে ও কাজ হলো না,Dhaka,Khulna,,Sarcastic_negative,0.6164816655943591,model,False
থাকতে পারলো না মাঝখান থেকে মানসম্মান গেল,Khulna,Kushtia,,Negative,0.5259908441642298,model,False
ড.মোহাম্মদ ইউনুস হবে আগামীর রাষ্ট্রপতি,Dhaka,,,Neutral,0.6402026587132525,model,False
"""নারে তাগবির আল্লাহু আকবার ইনকিলাব-জিন্দাবাদ। দিল্লী না, ঢাকা? ঢাকা-ঢাকা। …""",Dhaka,,,Positive,0.648991306719236,model,False
আইনি নোটিশে কি আসে যায়। রাষ্ট্রপতি অপসারণ পদ্ধতি ২টি। হয় উনি নিজে পদত্যাগ করবেন নয়তো সংসদ কর্তৃক অভিশংসন হবেন।,ঢাকা,Cumilla,Comilla,Neutral,0.4043998222844465,model,False
এ্য চুপ্পু কাকু,সিলেট,Sylhet,,Sarcastic_negative,0.5272761539044926,model,False
হইচেনি এবার আহারে বেচারা শেষ বয়সে যা একটু চাটাচাটি করলো তাও কাজ হলো না।,Dhaka,,,Sarcastic_negative,0.4741944360905057,model,False
এইবার নিশ্চয়ই কিছু একটা আভাস পাচ্ছি আওয়ামীলীগ এর কেউ রাষ্ট্রপতি হয় কি না,Dhaka,,,Sarcastic_negative,0.4839545565854357,model,False
Ri৮,Dhaka,,,Sarcastic_negative,0.4146276795977892,model,False
"""রাষ্ট্রপতি হওয়ার মতো মাত্র একজন যোগ্য স্টেটসম্যান দেশে খুঁজে পাওয়া যাবে বলে বিশ্বাস করি না,,,,""",Dhaka,,,Positive,0.5774555863264232,model,False
পাগলি ক্ষীর খা,দিনাজপুর,Sylhet,Gazipur,Sarcastic_negative,0.5697872091885445,model,False
আমরা তাকে চাই,Dhaka,,,Negative,0.5910426895746473,model,False
মনে হয় তেল মারা কম হয়েছে তাই শেষ পর্যন্ত খালি হাতে ফিরতে হবে।,Dhaka,,,Negative,0.4448886634942361,model,False
"""খেলা যে চলছে কোন লেবেলে এ, চাটাচাটি করেও লাভ হলো না""",Dhaka,Gazipur,,Negative,0.4154788601579657,model,False
এইডা ব্যারিস্টার শাহরিয়ার কবিরের আইনি নোটিশ। এই ধরনের শত শত নোটিস দেয়া যায়।,Dhaka,,,Negative,0.441766911703409,model,False
সিদ্দিক রে বসাইলে খারাপ হয়না,Dhaka,Pabna,,Sarcastic_negative,0.5156644181541897,model,False
খায়রুল দেওয়ান কি ঘুমিয়ে আছে?,Khulna,,,Neutral,0.5634760687696635,model,False
"""এত চেটেও লাভ হলো না,""",Dhaka,,,Sarcastic_negative,0.5176298680257216,model,False
ভালো খবর,Dhaka,,,Sarcastic_negative,0.616206377888508,model,False
পাগলের সুখ মনে মনে,Dhaka,Chittagong,Chandpur,Sarcastic_negative,0.7825866793330533,model,False
চুপ্পুর গপ্পু হয়তো আর কাজে আসছে না,Dhaka,,,Sarcastic_negative,0.419103938667649,model,False
এবার তারেক ডিম দিবে আপনাকেও মমে হয়,Dhaka,,,Sarcastic_negative,0.628989469915174,model,False
জামাতি চাগুদের,Chittagong,Noakhali,,Negative,0.4136479013882838,model,False
ডক্টর ইউনুস স্যার কে রাষ্ট্রপতি বানাইলে কেমন হয়ে,Dhaka,Faridpur,,Sarcastic_negative,0.4708880410447537,model,False
আইনি নোটিশ দিয়ে কি হবে উনি তো আইনের মাথা.....সংসদ না বসলে কোনো আইনি খাটবে না..।,Dinajpur,,,Neutral,0.6564478138287551,model,False
Ekdom thikase,Dhaka,,,Sarcastic_negative,0.474530492597525,model,False
"""সংবিধান মোতাবেক তিনি রাষ্ট্রপতি থাকাকালীন, যে গণহত্যা হয়েছে সেটা কি অপরাধ নয়, রাষ্ট্রের জনগণের প্রতি কি তিনি কি ভূমিকা রেখেছ…""",Dhaka,Lakshmipur,,Sarcastic_negative,0.4360382502201572,model,False
তেলে ভেজাল ছিল,Dhaka,Barisal,,Sarcastic_negative,0.4227113482334852,model,False
সহমত,Dhaka,,,Sarcastic_negative,0.4030305803688657,model,False
ডক্টর ইউনূস এর মত বিশ্বখ্যাত মানুষকে রাষ্ট্রপতি করা উচিত,Dhaka,,,Positive,0.5094850210031725,model,False
"""বাংলাদেশের সংবিধান অনুযায়ী, রাষ্ট্রপতি কে অপসারণ করার একটা মাধ্যম হলো অভিশংসিত করা। এটা তখনই পসিবল যখন তার বিরুদ্ধে সংবিধান লঙ…""",Dhaka,,,Positive,0.5850367706033387,model,False
ঠিক আছে ভালো,Dhaka,Rangpur,,Negative,0.4975024051239032,model,False
টেম্পু স্টানের পক্ষ থেকে শুভেচ্ছা,Dhaka,,,Positive,0.6010872898099892,model,False
ফাইন,Dhaka,,,Sarcastic_negative,0.4659521031328456,model,False
কেমন লাগছে দাদা,বরিশাল,Barisal,,Sarcastic_negative,0.411172406481023,model,False
খেলা যমে গি।,Dhaka,,,Sarcastic_negative,0.5268123141162531,model,False
গাছে কাঁঠাল গোঁফে তেল লাভ হবে না মহামান্য রাষ্ট্রপতি থাকবেন আমার তাই মনে হচ্ছে বিএনপি যদি সহযোগিতা না করতেন তাহলে আজকে সংবিধান…,Dhaka,Rangpur,Dinajpur,Negative,0.576785434647953,model,False
রাজাকার বনাম মুক্তিযুদ্ধ,Cox's Bazar,,,Sarcastic_negative,0.6878997003774628,model,False
bishoyta holo..nice and attractive,চট্টগ্রাম,Dhaka,Chittagong,Sarcastic_negative,0.3992629921264232,model,False
R8,Dhaka,,,Sarcastic_negative,0.4146276795977892,model,False
ধন্যবাদ মাননীয় প্রধানমন্ত্রীকে। প্রত্যেক সেক্টরে ভালো লোক দরকার। বিশেষ করে যারা চামচামি না করে এমন ব্যক্তিকে দরকার।,Dhaka,Sirajganj,,Positive,0.7693460971246641,model,False
হুদাই প্রথম অধিবেশন ডাকার পর এমনিতেই নতুন রাষ্ট্পতি আসবে। এ সব যারা করতেছে তারা করতেছে নাটক,ফেনী,Dhaka,Feni,Sarcastic_negative,0.6398826344809693,model,False
ইউনুস নাকি,Dhaka,,,Sarcastic_negative,0.4529833668015782,model,False
"""পুটকি টাও চাটছে,তাও লাভ হয় নাই""",Dhaka,Chittagong,Noakhali,Sarcastic_negative,0.6870112967379707,model,False
জ্বালা অন্তরে জ্বালা,Dhaka,,,Sarcastic_negative,0.4009580593305684,model,False
চুপ্পুর চাটা শেষ।,Narayanganj,,,Sarcastic_negative,0.4086909149607707,model,False
সাহসী আইনজ্ঞ জনাব ব্যারিষ্টার শাহরিয়ারকে আন্তরিক ধন্যবাদ।,Dhaka,,,Positive,0.5568860898633174,model,False
Kisuta alo dhaklam .... Gonvote er ray ta bastobaion kora houk …,Dhaka,,,Neutral,0.6714287534597683,model,False
"""এক চোর কে সরিয়ে। যেন আরেক চোর বসানো না হয়। সে দিক খেয়াল রাখা ধরকার,,""",Dhaka,,,Negative,0.4411840019173498,model,False
Constitution er kon dhara anusare?,Dhaka,,,Neutral,0.4314285185222701,model,False
চাচা মনে করছিলো একটু তেল মারলে থাকতে পারবে।,চাঁদপুর,Feni,,Negative,0.5813646473891249,model,False
পিনাকী কে রাষ্ট্রপতি করা হোক,Chittagong,,,Positive,0.6807873994923104,model,False
পাবনার ঘী-তেও কাজ হইলো না আফসোস,Dhaka,,,Sarcastic_negative,0.5982378432029859,model,False
আহারে,Dhaka,,,Sarcastic_negative,0.699828843635518,model,False
কি চাটা চাটলো বাবারে বাবা তারপরেও লাভ হলোনা,Khulna,Bagerhat,,Sarcastic_negative,0.4626893971183539,model,False
"""কি লাভ হবে অঙ্গে ধরে নকল রুপের বায়না, ওরূপ দেখে চোখ ভোলেগো মন ভোলানো যায় না।""",Dhaka,,,Neutral,0.6198811730576712,model,False
সবাই কতো খুশি কিন্তু কে নোটিশ দিলো এইটা কেউ জানেও না জানার চেষ্টাও করে না জ…,Dhaka,,,Negative,0.3996998677635846,model,False
ভালো কাজ,Dhaka,,,Sarcastic_negative,0.4454210077666282,model,False
আমাকে আলোচনায় রাখতে পারেন,Barisal,Bhola,,Negative,0.5847716565307569,model,False
অভিশংসন 200 ভোট দিলে হবে ভোট তো আছে 70 টা বাকি কি হবে।,Dhaka,Pabna,,Neutral,0.9621185714709164,model,False
লীগেরা একটু গুহা থেকে বের হওয়া শুরু করছিলো। ধুর কি হয়ে যাচ্ছে এসব,Dhaka,,,Negative,0.4539937005880295,model,False
"""থাকা না থাকা সমান কথা,,,,,""",Chittagong,,,Positive,0.5828602140141796,model,False
"""জনগণ আসল গেমটা বুঝলো না,,, এগুলোকে দিয়ে হাসিনার বিরুদ্ধে সাক্ষী দিয়ে নিয়েছে""",কুমিল্লা,Khulna,Comilla,Sarcastic_negative,0.4664672415989577,model,False
আবার তাকেই করা হবে,Dhaka,,,Neutral,0.7633839964073322,model,False
কোথাকার আইনজীবী নোটিস পাঠিয়েছে। সরকার কোন পদক্ষেপ নেয়নি।,সিলেট,Sylhet,,Negative,0.5824328015554859,model,False
জুলাই চেতনায় আঘাত লেগেছে।,Dhaka,,,Sarcastic_negative,0.6469021146883623,model,False
ওয়াউ না?,Dhaka,,,Neutral,0.5482617970561515,model,False
কোনোভাবে কি আমাকে রাষ্ট্রপতি বানানো যায়?,Dhaka,,,Negative,0.664169056472295,model,False
আলহামদুলিললা,Dhaka,,,Positive,0.5959462315802329,model,False
"""চাটা পছন্দ হয়নি সম্ভবত,,,সাদা মোচ ফুটেছে,,,""",Dhaka,,,Sarcastic_negative,0.4633788465235413,model,False
"""যাহ,,,,খেলা শেষ""",Dhaka,Pabna,,Sarcastic_negative,0.4242019698106646,model,False
পুক্কু,Dhaka,Manikganj,,Sarcastic_negative,0.463677776664436,model,False
ধন্যবাদ,Dhaka,,,Positive,0.7136673150457586,model,False
চপ্পু,Dhaka,,,Sarcastic_negative,0.4146276795977892,model,False
কার পাছা গেছে কার টেবিলে খেলা আজ চলছে কোন লেভেলে,Dhaka,,,Sarcastic_negative,0.5283153182824766,model,False
রাষ্ট্রপ্রতিকে অপসারণ করলে সংবিধান সংকট হবে! বিএনপির সংবিধানের কি হবে তা-হলে,Dhaka,,,Neutral,0.7019840730973816,model,False
পিনাকি গতকালকে চুপ্পুকে জয় বাংলা করার পর বিএনপি থেকেও জয় বাংলা হয়ে গেল....,Dhaka,,,Negative,0.5600189370939325,model,False
এইসব ভন্ডামি আমরা আগেই জানতাম,Dhaka,Chandpur,,Negative,0.5592305565665294,model,False
ইউসুফ সরকার তাকে ক্ষমতায় থকতে দিচ্ছে না,Dhaka,Chittagong,Chandpur,Negative,0.4426133408556,model,False
আলহামদুলিল্লাহ,Dhaka,,,Positive,0.6961564278676875,model,False
মন খারাপের ছবি!!,Dhaka,Manikganj,,Sarcastic_negative,0.6871143460019038,model,False
Nahid Islam effect,কুমিল্লা,Dhaka,Chittagong,Sarcastic_negative,0.399775812018657,model,False
কোন সংবিধানের আলোকে রাষ্ট্রপতিকে অপসারণ করবেন?,Dhaka,,,Positive,0.4125023324030925,model,False
এসব নিউজ দেখতে আমার ভাল লাগে না,Dhaka,,,Negative,0.4878870093727232,model,False
তেলে কাম হইল না,Dhaka,Rangpur,Gazipur,Sarcastic_negative,0.4414222822498148,model,False
দিক আছে good news,Dhaka,Munshiganj,,Negative,0.5353912201503922,model,False
৭১কে অসম্মান করার জন্য আগে ব্যারিস্টার শাহরিয়ার কবির এর বিচার হওয়া দরকার । আর তাদের দলকে নিষিদ্ধ করা হোক।,Rajshahi,Joypurhat,,Positive,0.679791005910264,model,False
চলিতেছে সার্কাস,Dhaka,,,Negative,0.4393738211802245,model,False
সংসদ অধিবেশন নতুন রাষ্ট্রপতি হবে।,Chittagong,Noakhali,,Neutral,0.6948099987654645,model,False
বারোর ভাইকে চাই,Dhaka,,,Negative,0.4966546649877295,model,False
সহমত,Sylhet,,,Sarcastic_negative,0.4030305803688657,model,False
এই মাল কে আরও আগে সরাইতে হইত বড্ড দেরি হয়ে গেল,Feni,,,Negative,0.6866245266699547,model,False
ভালের নোটিশ,Dhaka,Sylhet,,Sarcastic_negative,0.4088541267662136,model,False
"""অপসরণ যদি করতেই হয়, মহামান্য রাষ্ট্রপতিকে সম্মানের সহিত অপসারণ করা এদেশের জনগণের দাবি""",Lalmonirhat,,,Sarcastic_negative,0.5654322653863564,model,False
জীবনডা বেদনা,Dhaka,Jashore,,Sarcastic_negative,0.4269154508199198,model,False
"""তারপরের সিরিয়াল মনে হয় আমাদের ওয়াকারুজ্জামানের,,""",কিশোরগঞ্জ,Dhaka,Kishoreganj,Negative,0.4094213489511158,model,False
আহারে এতো চেটেও টিকতে পারলো না,Tangail,,,Sarcastic_negative,0.555012754895871,model,False
আলহামদুলিল্লাহ,Noakhali,,,Positive,0.6961564278676875,model,False
ইন্নালিল্লাহে ওয়াইন্না ইলাইহে রাজিউন।,Chittagong,,,Negative,0.4161987327606227,model,False
তাইলে কি আর তার হাতের চতুর্থ শপথ আমরা দেখতে পারবোনা,Gazipur,,,Negative,0.7686988777290721,model,False
যতই চাটা চাটি কর আর রেহাই হবে না কাক্বু এখন বিন্দাবন যাও,Dhaka,,,Positive,0.5079165406325689,model,False
মুরগি ডাক দিল,Chittagong,,,Negative,0.4514301322486203,model,False
এত ত্যাল দিয়ে তবে কি কোন লাভ ই হইলো না?,Dhaka,Pabna,,Sarcastic_negative,0.4389372180486311,model,False
আহারে লোকটা আরও কিছু থাকার জন্যে কত কিছুই না বললেন,Dhaka,Pabna,,Sarcastic_negative,0.4404657410914655,model,False
এই আইনি নোটিসে রাষ্ট্রপতির কিছুই যায় আসে না। আর উনি জুলাই নিয়ে কোনো নেগেটিভ মন্তব্য করে নাই। উনি শুধু উনার সাথে ইউনূস কি আচর…,Dhaka,,,Negative,0.4911666635671157,model,False
যেমন রাস্ট্রপতি তেমনই নোটিশ!একজন রাস্ট্রপতি তার নিজের গোপনীয়তার শপথ ভঙ্গ করে সশস্ত্রবাহিনীকে নিয়ে এবং সদ্য সরকার গঠন করা একটা …,Dhaka,Pabna,,Negative,0.4031918307271703,model,False
নিউজ হেডলাইন দেখে নয় চিপায় গিয়ে দেখতে হয় আমাদের নিউজ মিডিয়ায় কি সেটা তো ভিতরের না গেলে বুঝবেন না।,Dhaka,Madaripur,,Negative,0.4952257671708226,model,False
নেক্সট ওয়াকারউজ্জামান।,Dhaka,Narsingdi,,Neutral,0.5544737453304484,model,False
জালা রে জ্বালা অন্তর জ্বালা।,Dhaka,Mymensingh,,Sarcastic_negative,0.4186127765411381,model,False
বটতলার উকিলের অভাব নাই দেশে মনে হয়।,Dhaka,Rangamati,,Sarcastic_negative,0.496777907649101,model,False
টিকি আছে হ্যা থাকলে কই পর আবার জুলাই হবে,Dhaka,,,Neutral,0.6781899314385172,model,False
Mojlum er opor julum kn Sobai vag kore khao…,Rangpur,,,Sarcastic_negative,0.5353191605529888,model,False
এটাই সাভাবিক প্রক্রিয়া।,Chittagong,,,Negative,0.7726271206570456,model,False
সম্পর্ক বদলে গেল একটি পলকে,ঢাকা,Dhaka,Narsingdi,Negative,0.4526898729830989,model,False
খেলা জমে ক্ষির!!!!,Dhaka,Munshiganj,,Neutral,0.4101267763120979,model,False
Chobi nam dhora,Dhaka,Cumilla,,Sarcastic_negative,0.425708065609249,model,False
নোটিশ দিয়েছেন কে সাওয়ার কবির,Dhaka,Jamalpur,,Sarcastic_negative,0.4810320557154046,model,False
ছ্যছড়া রাস্ট্রপতি,Chattogram,Chittagong,,Sarcastic_negative,0.4035698469531277,model,False
উনাকে পরিবর্তন করাটাই জাতির জন্য মঙ্গল,Dhaka,,,Positive,0.4782444075885859,model,False
ব্যারিস্টার সাহেবকে রাষ্ট্রপতি বানালে কেমন হয়? এতে খুব তাড়াতাড়ি আমরা ৫৫ বছর পিছিয়ে যেতে পারবো! …,Chittagong,Chandpur,,Negative,0.5297900574236003,model,False
কাজের কাজ,Panchagarh,,,Sarcastic_negative,0.4319775507129427,model,False
"""নোটিশ দিলটা কে তাতো জানা দরকার, অনেক ধরনের নোটিশ আছে""",Dhaka,,,Sarcastic_negative,0.4516739739597988,model,False
ইউনুস কে রাষ্ট্রপ্রতি হিসাবে দেখতে চাই,মৌলভীবাজার,Sylhet,Moulvibazar,Negative,0.4167672410018601,model,False
তেল এর দাম কম,Dhaka,,,Sarcastic_negative,0.4080497938873139,model,False
আহারে ঝড় তুলবে কে তাহলে?,Dhaka,Bagerhat,,Sarcastic_negative,0.6874465147621754,model,False
ধন্যবাদ Thank you. Al Jazeera English …,Dhaka,,,Positive,0.5383682675199835,model,False
খেলা চলছে সেই লেবেলে,Chittagong,,,Sarcastic_negative,0.5685480704236336,model,False
Sifat Hasan Mohammad Omor Faroq khela sesh out,Chattogram,Chittagong,,Sarcastic_negative,0.4637837155877217,model,False
তেলেসমাতি কাজে আসবে না মনে হয় কদমবুসি বাবার।,Chittagong,,,Sarcastic_negative,0.5948659374112585,model,False
এখন কেনো অপসারণ? আবার মিডিয়ার মাধ্যমে সেটাকে সহজলভ্য করা হচ্ছে। ৫ আগষ্টের পর যখন ছাত্ররা আন্দোলন করেছিলো তাকে সরানোর জন্য তখন…,Dhaka,Chittagong,Lakshmipur,Positive,0.5214320564996938,model,False
খেলা পুরাই ফুলল হয়ে গেল,Khulna,Jessore,,Sarcastic_negative,0.6142292226964801,model,False
পাপ্পু স্যার আমার প্রিয় একজন ব্যক্তি,Sylhet,,,Negative,0.4674570907265089,model,False
আমার আরো মেয়াদ আছে …,Comilla,,,Negative,0.7207233972092854,model,False
"""ব্যক্তিকে মর্যাদা না দিলেও আইনে আছে পদকে মর্যাদা না দিলে আইন লঙ্ঘন হয়। যেখানে রাষ্ট্রপতির নামের আগে মহামান্য লিখতে হয়, সেখানে …""",Sylhet,,,Negative,0.4115493721801155,model,False
চুপ্পু সাহেব বাকি জীবন পাবনায় কাটান মানে নিজ গ্রামের বাড়িতে,Dhaka,,,Sarcastic_negative,0.6819394276501959,model,False
See you not for mind have a relax,Bogura,Bogra,,Sarcastic_negative,0.6377639992682509,model,False
রাষ্ট্রপতি ইউনূসের সব অপকর্ম প্রকাশ করে দিচ্ছে তাই তাকে তাড়াতাড়ি সরিয়ে দেওয়া পায়তারা চলছে,Dhaka,,,Negative,0.4930990663276321,model,False
পরিবতন করেই এগিয়ে যেতে হবে।,Dhaka,,,Neutral,0.6699992739600295,model,False
আইনজীবী মুরগী কবির।,Dhaka,Bogura,,Sarcastic_negative,0.4812318724823336,model,False
কেন বাদ দিবেন কত ভালো মানুষ…,সিলেট,Sylhet,,Sarcastic_negative,0.4120102614174027,model,False
কালের কণ্ঠ পত্রিকার কি হবে এবার!,Chittagong,,,Neutral,0.7087093137977247,model,False
চুপ্পুর টাইম শেষ,Barisal,Bhola,,Sarcastic_negative,0.4659566707575445,model,False
অতি তারাতাড়ি করতে হবে,Dhaka,,,Neutral,0.7487945297957447,model,False
বিএনপিকে যে লেভেলের চাটা দিছে তাতে করে ওনাকে ১ টার্ম না রাখলে বিশাল অন্যায় হয়ে যায়,Dhaka,Narail,,Negative,0.6890128661235261,model,False
"""রাষ্ট্রপতির ব্যাপারে,,, কোনো প্রকার আইনি নোটিশ চলে না, রাষ্ট্রপতি নিজেই একটা আইন।""",Chittagong,,,Negative,0.5480083041059084,model,False
চুপ্পু বুজে নাই খেলা যে কোন লেভেল এ চলছে আম…,Chittagong,Lakshmipur,,Negative,0.4803296256333738,model,False
"""বাঙুরা আগে নিউজ পড়ো, পরে লাফাইয়ো""",ঢাকা,Dhaka,,Negative,0.4808555672416538,model,False
২৮ সাল পর্যন্ত থাকবে এখুনি নামবে মানে,Dhaka,Pabna,,Negative,0.4346542481257706,model,False
এত কোথায় ছিল এরা?,Chittagong,,,Sarcastic_negative,0.4727068449753761,model,False
Nice & Attractive,Chittagong,,,Sarcastic_negative,0.4145753519890097,model,False
ব্যারিস্টার শাহরিয়ার আর খাই কাম কি আছে,Thakurgaon,,,Negative,0.4818306831114844,model,False
বেচারা তেল বাজি করেও রেহাই পেল না।,Rangpur,,,Positive,0.6016930824395342,model,False
যথা উপযোগী উদ্যোগ নেওয়ার জন্য ধন্যবাদ।,Dinajpur,,,Positive,0.6074365499351408,model,False
আহারে তেল দিয়েও লাভ হলো না,Khulna,Barguna,,Sarcastic_negative,0.6006650706154898,model,False
চাটাচাটি বন্ধ হবে তাহলে,Dhaka,Gazipur,Kishoreganj,Neutral,0.798025522365205,model,False
উচিৎ কাজ হয়েছে।,Dhaka,,,Sarcastic_negative,0.5369948100492276,model,False
ইউনুস কে চাই আমরা,Dhaka,,,Negative,0.6256364797206361,model,False
মাননীয় রাষ্ট্রপতি অনেক চেষ্টা করছে থাকার জন্য কিন্তু হলো না।,Dhaka,Barisal,Gazipur,Negative,0.5359246302316253,model,False
insaf kari man ke daoa hok,Dhaka,,,Sarcastic_negative,0.4951886029872541,model,False
শেষ রক্ষা হলো না,Dhaka,Narayanganj,,Negative,0.717059756315632,model,False
খেলা চলতাছে অন্য লেভেলে ।,Dhaka,,,Sarcastic_negative,0.5051037731826795,model,False
নতুন রাষ্ট্রপতি হিসেবে প্রফেসর মোঃ ইউনুছ স্যারকেই দেখতে চায় জনগণ,Chittagong,Chandpur,,Negative,0.4369934372338674,model,False
কঠিন মিরাক্কেল! চলতাছে।,Barisal,Bhola,,Sarcastic_negative,0.4017798110827888,model,False
ইস চাটাচাটি করেও লাভ হলো না হইত,Dhaka,Khulna,Jashore,Negative,0.4374281391477171,model,False
নোটিশটি পাঠিয়েছে আবার ব্যারিস্টার শাহরিয়ার,Dhaka,Khulna,Jessore,Negative,0.6085991200976982,model,False
এইটা কি ছাগল শাহরিয়ার কবিরের কাজ?,Dhaka,,,Sarcastic_negative,0.428361988774777,model,False
সেনা প্রধান কেও সরাতে হবে।,Dhaka,,,Neutral,0.7965674720596423,model,False
আবারও ফিরে দেখান নতুন রাষ্ট্রপতি হিসাবে ড. মুহাম্মদ ইউনূস স্যার কে উনাকে দিলে দেশ অনেক দূর এগিয়ে যাবে,Cumilla,,,Positive,0.4616122771873795,model,False
লও ঠেলা,Chittagong,,,Sarcastic_negative,0.4754945297452548,model,False
খেলা হবে,Dhaka,,,Neutral,0.9948887537028585,model,False
কে হতে যাচ্ছেন সেই কলার গাছ যার কোন কাজ নাই। শুধুমাত্র বসে বসে ঘুমানো,Dhaka,,,Sarcastic_negative,0.4486490061969698,model,False
রামাদানে ভাজা পোড়া কম খাওয়া ভালো তাই এই ব্যবস্থা,Chittagong,,,Negative,0.5612385788838512,model,False
পুকিটা,ঢাকা,Dhaka,,Sarcastic_negative,0.4287188874250509,model,False
"""কমেন্ট করতে এসে দেখলাম বাংলাদেশের ৮০% লোক অশিক্ষিত। কারন তারা হয় পুরো আর্টিকেল পড়ে না, শুধু শিরোনাম দেখে কমেন্ট করে, না হয় পড়ে…""",Chittagong,Lakshmipur,Noakhali,Negative,0.5474917677965819,model,False
শেষে এসে চামচামি করেও লাভ হলো না,Dhaka,Gopalganj,,Sarcastic_negative,0.4109934778933503,model,False
"""জাস্ট এ লিগ্যাল নোটিশ, তার জন্য দুনিয়া শেষ।""",Dhaka,,,Positive,0.5250458491346977,model,False
"""পা চাটার দলের সক্রিয় সদস্য, শেষ মূহর্তে এসেও সর্বোচ্য মানের তেল দিয়েও কোন লাফ হলো না। হলো শুধু অভ্যাস টা ঠিক রাখা""",Tangail,,,Negative,0.5880821960930428,model,False
আহ্!!!!,Dhaka,Faridpur,,Sarcastic_negative,0.6887708560424682,model,False
Date over gaja khaisa mone hoi,Dhaka,Chittagong,,Sarcastic_negative,0.496334639992031,model,False
বাংলাদেশে অসংখ্য আইন। আইনের পরিমাণ এত যে পৃথিবীর সমস্ত দেশের আইন একত্রিত করলেও বাংলাদেশ সমান হবে না।,Khulna,Jessore,Magura,Neutral,0.418901089566892,model,False
এই দেশেরও আবার আইন আছে তাও আবার রাষ্ট্রপতিকে অপসারণের। যে দেশে কিনা হাইকোর্টের রায় একটা ওয়ার্ড কমিশনার গণেনা।,Dhaka,Chandpur,,Negative,0.6870341716935532,model,False
Very good step….,Dhaka,,,Sarcastic_negative,0.5051175195266715,model,False
"""তারেক আব্বা চুপ্পুকে খেলায় নেয় নি...,""",Chittagong,Bandarban,,Negative,0.6899951872939672,model,False
কার পাশা কাল টেবিলে যায় খেলা যে কোন লেভেলে চলছে বোঝা বড় দায়,Dhaka,,,Sarcastic_negative,0.4650966077133744,model,False
He is better than Mr sahaharier,চট্টগ্রাম,Chittagong,,Sarcastic_negative,0.4578765667050756,model,False
ভালোই হয়েছে,Comilla,,,Sarcastic_negative,0.6204451189113662,model,False
হুম তা যেন দ্রুততার সহিত হয়,Chittagong,,,Sarcastic_negative,0.4827047693758363,model,False
Nice news,Chattogram,Rajshahi,Natore,Sarcastic_negative,0.4429476133341003,model,False
জিব্বা কি আছে নাকি শেষ?,Dhaka,Tangail,,Negative,0.4976655351385652,model,False
Veery Good,Khulna,,,Sarcastic_negative,0.4146276795977892,model,False
আহারে ঈদের নামাজ পরার সুযোগটাও পাবেনা মনে হয়,Chittagong,,,Sarcastic_negative,0.683419944770016,model,False
"""সবই ম্যাপ অনুযায়ী হচ্ছে,প্রথমত সাধারণ ছাত্র সমাজ অতঃপর বৈষম্য বিরোধী হয়ে জোট অতঃপর ১৫ বছরের প্রতিষ্ঠিত সরকার প্রশাসন এবং দেশ…""",Khulna,Jessore,,Negative,0.4265324968628063,model,False
আয় হায় ধরায় দিলো,নোয়াখালী,Chittagong,Noakhali,Sarcastic_negative,0.443255911295477,model,False
সেই দুঃখ দিয়েই দিল পরকীয়ায় লাভ হলো না,কুষ্টিয়া,Dhaka,Barisal,Negative,0.5414416943487157,model,False
Akdom thik ache,Comilla,,,Sarcastic_negative,0.6249481437291395,model,False
"""তেলে মনে হয় ভেজাল ছিলো,,,ঠিক মতো মারতে পারে নাই।""",Dhaka,,,Negative,0.4949786722783134,model,False
"""আহারে, বেকার তেল মারলো লোকটা""",Sylhet,Moulvibazar,,Sarcastic_negative,0.4604930424024525,model,False
বালস্টার কবিরের নোটিশ,Chittagong,,,Sarcastic_negative,0.5957509654637093,model,False
"""আবেদন কি করতে পারবো রাষ্ট্রপতির প্রার্থী হিসাবে,,?""",Chittagong,,,Negative,0.5145447143900501,model,False
Good disishan to make you.,Dhaka,,,Sarcastic_negative,0.5099555400764065,model,False
এবার লাইনে আসছে,নরসিংদী,,,Sarcastic_negative,0.4578678926553698,model,False
Ekhn perfect,Dhaka,,,Sarcastic_negative,0.4786461418536492,model,False
রাজাকারের বাচ্চাদেড় গায়ে আগুন ধরেসে,Dhaka,Brahmanbaria,,Negative,0.5524335816919134,model,False
বাবার আওয়ামী লীগ ভিটামিন ট্যাবলেট মনে হয় কাজে লাগে নাই,চট্টগ্রাম,Chattogram,,Sarcastic_negative,0.6294234049399924,model,False
জামাত জানেনা যে সংবিধান লংঘন করলে তার পরিনতি কি হয়।বিএন পির ঠেকা পড়ে নাই জামাতের দায়ভার নিবে।লাফালাফি করে লাভ নাই,Dhaka,,,Negative,0.5817130350419252,model,False
"""চুপ্পু সাহেব অনেক চেষ্টা করেছিলেন বহাল থাকার জন্য কিন্তু ভাগ্যের নির্মম পরিহাস তিনি আর থাকতে পারলেন না, সত্যিই কষ্টকর।""",গাজীপুর,Dhaka,Faridpur,Negative,0.483844155810726,model,False
"""উনি একজন ভালো মানুষ। রাজনীতির শিকার যেন না হয়, সত্যের জয় হোক।""",ঢাকা,Dhaka,Chittagong,Positive,0.5641609442848973,model,False
আহারে তেল বেশি দিতে গিয়ে পিছলা খেয়ে পড়ে গেলো বেচারা,Barisal,Gazipur,Comilla,Sarcastic_negative,0.5997815730569664,model,False
এভাবে আইনী নোটিশ দিয়ে রাষ্ট্রের প্রধানকে সরানো যায় না। একমাত্র সংসদের এখতিয়ার আছে তারে সরানোর। বাটপারি করেন জাতির সাথে সড়াইলে …,Dhaka,,,Negative,0.7949784672328157,model,False
আয় হায়!!!এখন চুপ্পু দাদু কোথায় অভিযোগ নালিশ আক্ষেপ করবে!!!,রাজবাড়ী,Dhaka,Rajbari,Negative,0.4422129778815044,model,False
এখানে মন খারাপের কিছু নেই কারণ রাষ্ট্রপতি নিজেও বলেছেন যদি বিএনপি আমাকে না চায় তাহলে আমি সরে যাব এটা নিয়ে চিন্তার কোন কিছু নেই,কুমিল্লা,Dhaka,Comilla,Negative,0.8188359409588947,model,False
শাহাবুদ্ চপ্পুকে আইনের আওতায় আনা হোক তার পর ওয়াকারের পালা,Dhaka,,,Neutral,0.4089070639958497,model,False
Nice and attractive,চট্টগ্রাম,Chittagong,,Sarcastic_negative,0.440954945412678,model,False
তাহলে উনার কাজ সমাপ্ত চাপটার ক্লোজ..আওয়ামীলিগের রাষ্ট্রপতি দ্বারা সকল কাজ সম্পন্ন হয়েছে..কোনকিছুই অবৈধ হওয়ার সুযোগ নেই..থা…,Sylhet,,,Negative,0.44487760143059,model,False
বর্তমান সংবিধান অনুযায়ী তিনি এখনো রাষ্ট্রপতি,নওগাঁ,Naogaon,,Positive,0.4551347469668428,model,False
তেল সব জলে গেল,Khulna,,,Sarcastic_negative,0.4989308621177869,model,False
এখন বলবে এদেশে বিএনপির দ্বারা ভালো কিছু আশা করা যায় না,নেত্রকোনা,Netrokona,,Negative,0.5432395548078578,model,False
নতুন রাষ্ট্র পুতির নিয়োগ দেওয়া হবে না এটা মহ অন্যান্য হবে তারেক রহমান সরকার কে শপথ করিয়েছ কেন রাষ্ট্র পুতির অপসারণ আইনি নোটিশ …,Rangamati,,,Neutral,0.7423110685945608,model,False
নতুন রাষ্ট্রপ্রতির হাতে কতজন শপথ গ্রহণ করে জাতি তা দেখার অপেক্ষায়,Dhaka,,,Negative,0.6380987892121749,model,False
রাস্ট্রপতি কে অসাংবিধানিক ভাবে গৃগৃহবন্দী করা হয়েছে সেটা বলা কিসের অন্যায়। যারা এটা করেছে তারাই অন্যায় করেছে,Dhaka,,,Positive,0.5045948893711621,model,False
চুপ্পু চাচা টাটা,Dhaka,,,Sarcastic_negative,0.4078247300486846,model,False
আহারে বেচারাটাও রেহায় পেলো না,Dhaka,Tangail,Jamalpur,Sarcastic_negative,0.7065600862455501,model,False
অল্প বয়সের প্রেমের গল্প যেনো,Dhaka,Panchagarh,,Negative,0.4773275908512668,model,False
বাংলাদেশে সব সম্ভব,Barisal,Patuakhali,,Positive,0.6202666463497846,model,False
গুড,Chittagong,Brahmanbaria,,Sarcastic_negative,0.4080707400403309,model,False
শপথ পড়াইলো কি আর হইলো কি?,লক্ষ্মীপুর,,,Negative,0.41227718846733,model,False
আইন কি বিএনপি চালাচ্ছে না জামাত চালাচ্ছে,Dhaka,,,Negative,0.7989803809540234,model,False
দেশের সাধারণ মানুষ ভালো থাকবে কিভাবে তা চিন্তা করুন।,Dhaka,,,Positive,0.6537260612143982,model,False
ইউসুফ সরকারকে এর চরম মূল্য দিতে হবে,Barisal,Bhola,,Neutral,0.6402166902540934,model,False
আহারে এতো তৈল মর্দন করে কি লাভ হলো।তৈলগুলো জমিয়ে রাখলেও তো পরে কাজে লাগতো।,Dhaka,,,Negative,0.5064874081149243,model,False
ঠেলার নাম বাবজি,মুন্সিগঞ্জ,Dhaka,Munshiganj,Sarcastic_negative,0.4168288929813142,model,False
যাক মনে শান্তির আশ্বাস পেলাম,Chittagong,,,Negative,0.4075995241183298,model,False
তৈলে কাজ করেনি,Dhaka,Kishoreganj,,Positive,0.6726485802900749,model,False
Jibon ta yer dukkhotei kete gelo,মাগুরা,Khulna,Jessore,Neutral,0.60851310136855,model,False
খুব ভালো খবর,Dhaka,,,Sarcastic_negative,0.5670101748249518,model,False
মোহাম্মদ আলীর মহব্বত শেষ।।,Chittagong,Chandpur,,Negative,0.4172906962872479,model,False
কালের কন্ঠের এতো দালালিতেও রক্ষা হলোনা,রাঙ্গামাটি,Chittagong,,Negative,0.496731872449805,model,False
আহারে তৈল দিয়েও লাভ হলো না।,Dhaka,Comilla,,Sarcastic_negative,0.5660104027237239,model,False
"""আহারে চুপুউউউউউউ রে,,""",Kishoreganj,,,Sarcastic_negative,0.684275731616956,model,False
তেল মাইরা শেষ পর্যন্ত রক্ষা হলো না,Dhaka,Chittagong,Brahmanbaria,Negative,0.7685252142909538,model,False
কট,ঢাকা,,,Negative,0.4115896597397256,model,False
ঠিক আছে,Dhaka,Faridpur,,Negative,0.5883975582639164,model,False
তৈল মেরে লাভ হল না,Chittagong,,,Sarcastic_negative,0.416698609902607,model,False
সারা পর মনটা ভালো হয়ে গিলো,Dhaka,Khulna,Magura,Sarcastic_negative,0.436629814013981,model,False
চুপপু একটা সপ্তাহর শান্তি শেষ!,Dhaka,Lakshmipur,,Sarcastic_negative,0.5143741492297418,model,False
তারেক রহমানের মাধ্যমে বাংলাদেশ আর একটা ইতিহাস হবে।,Dhaka,,,Positive,0.4829216627631203,model,False
আহারে....,Khulna,,,Sarcastic_negative,0.6565769180720953,model,False
"""যা ভাগ,,,হ্লার ঘরের হ্লা""",Chittagong,Chandpur,,Negative,0.4967100409394515,model,False
কত তেল যে মারলো এত তাও কাম হলো না.,Barishal,Barisal,,Sarcastic_negative,0.4208059994390865,model,False
So sad,Chittagong,,,Sarcastic_negative,0.4146064234431991,model,False
তেল মেরো ও চাকরি রাখতে পারেনি,Dhaka,,,Positive,0.5011016907054828,model,False
ওরে চাটা চাটি শেষ হইয়া হইলো না শেষ,Dhaka,,,Sarcastic_negative,0.4158445351811844,model,False
nice and extractive,Dhaka,Netrokona,,Sarcastic_negative,0.4532884951599295,model,False
এই রাষ্ট্রপতি তার মেয়াদ উত্তীর্ণ পযন্ত থাকবে।তারপর নতুন করেে রাষ্ট্রপতি জন্য নিয়োগ করা,Dhaka,,,Positive,0.494155801346036,model,False
কলায় পোকা ধরছে,Barisal,,,Sarcastic_negative,0.4960142223490773,model,False
ধন্যবাদ আপনাকে,শরীয়তপুর,,,Positive,0.5069566708534637,model,False
এত পা চাটলো তাও হলো না,Bogra,,,Sarcastic_negative,0.5900984897623631,model,False
সুন্দর সিদ্ধান্ত,Mymensingh,,,Sarcastic_negative,0.508397229373555,model,False
হায়রে চাটলো তবুও রাখলেন না–Faaaah! ধন্যবাদ প্রধানমন্ত্রী।,Dhaka,Rangpur,Kurigram,Positive,0.5860881562033491,model,False
তেল মেরেও কাম হলো না,Dhaka,,,Sarcastic_negative,0.4535255094549331,model,False
সংবিধান অনুযায়ী যত তার থাকার ম্যাথ তত থাকবে,Chittagong,,,Sarcastic_negative,0.5177095881877599,model,False
সমাজে নিজেকে টিকিয়ে রাখার জন্য অনেক কিছু করতে হয় এজন্য স্যার অনেক চেষ্টা করেছিলেন মনে হয় ব্যর্থ হয়ে যাবেন। যাই হোক ইন্নালি…,Dhaka,Gazipur,Netrokona,Sarcastic_negative,0.6602833725383399,model,False
Ai loker r shanti hoilo na.,Cumilla,Comilla,,Sarcastic_negative,0.4114113130665815,model,False
এটা সংসদ বসার আগে রাষ্ট্রপতি ও অপসারণ কোন সুযোগ নাই সংসদ বসার পরে দেখা যাবে,Dhaka,,,Negative,0.4354066996555341,model,False
হাহা পাগলাটায় ধরাখাইয়া গেলো,নড়াইল,,,Sarcastic_negative,0.5904103504022596,model,False
ধন্যবাদ।,Feni,,,Positive,0.7136673150457586,model,False
গুড,Dhaka,Gazipur,,Sarcastic_negative,0.4080707400403309,model,False
Thik ache,Dhaka,Barisal,Bhola,Sarcastic_negative,0.6371485724363029,model,False
যারা চুপ্পুর জন্য মায়া কান্না দেখিয়েছিলো তাদের চাঁদ মুখখানা দেখতে চাই,Sylhet,,,Positive,0.5020384817349556,model,False
তাহলে এত তেল মেরে চাটাচাটি করে কি হলো ওনার Fahhh,Lalmonirhat,,,Sarcastic_negative,0.4001378947528144,model,False
বাক-বাকুম করে কি টিকে থাকা যায়?,Dhaka,Barisal,,Positive,0.6378679014256442,model,False
কাকা কেও খেয়ে দিছে,Chittagong,Sylhet,Lakshmipur,Sarcastic_negative,0.4103111630437543,model,False
মামার বাডির আবদার।,চট্টগ্রাম,Chittagong,,Negative,0.3989759048898429,model,False
"""Ahh, চেটেও লাভ হলো না""",খুলনা,Dhaka,,Negative,0.4151043169852419,model,False
আহারে,Dhaka,Narayanganj,,Sarcastic_negative,0.699828843635518,model,False
এবারের রাষ্ট্রপতি হবে জনকল্যাণ পার্টির লিডার খাইরুল দেওয়ান (ওকে),Dhaka,Mymensingh,Sherpur,Neutral,0.7244301863647911,model,False
যতই চাটাচাটি করোক। উনাকে সেই লেভেলের একটা কিক দিয়ে বের করে দিবে এটাই শিওর। যেদিকে বৃষ্টি সেই দিকে ছাতা ধরা কোন ব্যক্তি বাংলাদেশের এসব গুরুত্বপূর্ণ জায়গায় থাকতে পারে না। আর যদিও থাকে রাষ্ট্রের ক্ষতি ছাড়া কোন ও ভালো হবে না।,ঢাকা,সিলেট,Sylhet,Positive,0.4704604686908009,model,False
নতুন সরকার তাদের পছন্দমত ব্যক্তিকে রাষ্ট্রপতি নির্বাচিত করতে পারে। মিথ্যা অপবাদ দিয়ে নয় আইনি প্রক্রিয়ার মাধ্যমে করা উচিত।,Panchagarh,Thakurgaon,,Negative,0.5285364944170697,model,False
এত তেল দিও কাজ হলনা চপ্পুর,Dhaka,Chittagong,Brahmanbaria,Sarcastic_negative,0.6841057362007668,model,False
যারা কমেন্ট করছে তারা হয়তো না বুঝেই বলতাছে সমঝোতা। আসলে ব্যাপারটি হলো বিড়ি শাহে করীর বেলিস্টার নোটিশ পাঠাইছে,Dhaka,,,Negative,0.6637726596480696,model,False
চাটাচাটি করেও কোন লাভ হলো নাহ,Dhaka,Pabna,,Negative,0.4505495631012412,model,False
Notice ta delo kaday,Dhaka,Barisal,,Neutral,0.5494934957743416,model,False
Ajker diner sera news re,Dhaka,Chittagong,,Neutral,0.4312073594985756,model,False
উনার এই সাবান দিয়ে ধুয়ে দিলো,Dhaka,,,Negative,0.7502956388926203,model,False
আজকে দেখলাম তারেক জিয়া সঙ্গে চুপ্পু সাহেব লুটুপুটু খেলতাছে -খেলা যে চলছে কোন লেভেলের কিছুই বুঝতেছি না Nice and attractive,Dhaka,,,Negative,0.5874645257693034,model,False
tel mere lav ki holo tahole,Mymensingh,Narayanganj,,Sarcastic_negative,0.4454079569843365,model,False
এতো তেল দিয়েও কাজ হলো না! আহারে কাকু,Dhaka,Sirajganj,,Sarcastic_negative,0.768422294902939,model,False
আহারে বেচারা! চামচামি করেও শেষ রক্ষা হলো না...,Dhaka,Munshiganj,,Negative,0.4854250891905009,model,False
Sob chatachati britha gelo,Dhaka,Feni,,Sarcastic_negative,0.440985425990807,model,False
চাচা আপন প্রাণ বাঁচা।,কক্সবাজার,Chittagong,Cox's Bazar,Sarcastic_negative,0.8004203818218055,model,False
তেল বিফলে গেলো,Dhaka,,,Sarcastic_negative,0.5076688046793669,model,False
ভালো সিদ্ধান্ত...,Dhaka,Pabna,,Sarcastic_negative,0.4620850894687265,model,False
ওনি ঈদ করে যাবেন আর কি,Chittagong,,,Positive,0.5886355025628905,model,False
সাবাস ব্যারিস্টার শাহরিয়ার,Khulna,Kushtia,,Negative,0.4537730753676791,model,False
আহা.... বেচারা মাখন দিয়েও কাজ হলোনা।,Chittagong,,,Sarcastic_negative,0.5659226770609375,model,False
"""ঠিক মত তেল মারতে পারে নাই, কোথায় যেন কমতি ছিলো""",Mymensingh,Narayanganj,Sherpur,Negative,0.7041531135894639,model,False
Thik ace,ময়মনসিংহ,Mymensingh,,Sarcastic_negative,0.4610665992035801,model,False
দালালি করে ও শেষ রক্ষা হলো না,Chattogram,Chittagong,,Negative,0.5967157751579274,model,False
চুপ্পুকে ধরে এবার চুপনি দাও।,Dhaka,,,Sarcastic_negative,0.4334289840079325,model,False
কিন্তু কেনো??? কি কম ছিলো তার??,Chittagong,Sirajganj,,Negative,0.4179186919956981,model,False
লালা বেনারসি শাড়ি পরে যাবে আসন ছাড়ি। আর কোনো ই দেখবো না তোমাকে,Dhaka,,,Negative,0.6090742882276367,model,False
তেল মারতে গিয়ে তেলে ভাজার যে ব্যাপার টা,Dhaka,,,Negative,0.7518903162136085,model,False
তেল মেরে কাজ হলে না এটারে আটকে দাও,Dhaka,Rangpur,Nilphamari,Negative,0.5096755862815353,model,False
রাষ্ট্রপ্রতি একজন সম্মানিত ব্যাক্তি তিনি ভালই করে জানে কোন টা কিভাবে হ্যান্ডেল করতে হয়,Chittagong,,,Sarcastic_negative,0.4110545634192352,model,False
এই ঈদ'টা কোনোভাবে করতে দেওয়া যায় না?,Dhaka,Chittagong,Noakhali,Negative,0.4079757832930032,model,False
আওয়ামীলীগ গেছে যেই পথে বিএনপি ও যাবে সেই পথে,Dhaka,Chittagong,Brahmanbaria,Negative,0.6529549391868948,model,False
সময়ের দাবি। মানেতেই হবে।,Dhaka,,,Neutral,0.9010515987592648,model,False
দাদু এতো তেল দিলো কিন্তু কাজ হলো না রে,Bogura,,,Sarcastic_negative,0.6568369865058299,model,False
"""Sironame dakhe mone korcilam Sarkar pokkho theke notice dice,,kintu bistarito pore dakhi kola gas a am howa,ar ai notice j korece Homan""",Dhaka,Rangpur,,Sarcastic_negative,0.5097303831152229,model,False
হাহাহা একটা একজন আইনজীবী পাঠিয়েছি কোন সরকার পাঠায়া না তাই হাস্যকর,Dhaka,,,Negative,0.448706680993681,model,False
খুব ভালো সিদ্ধান্ত,Dhaka,,,Sarcastic_negative,0.4487128245413143,model,False
দ্রুত অপসারণ করা হোক। মিষ্টিমুখের একজন রাষ্ট্রপতি লাগবে যার যোগ্যতাও থাকবে।,Dhaka,Chittagong,Comilla,Positive,0.477539799838438,model,False
একজন আইনি নোটিশ পাঠিয়েছে অথচ এমনভাবে শিরোনাম করা হলো মনে হচ্ছে এটা সরকারি সিদ্ধান্ত,Narayanganj,,,Negative,0.4864367263319167,model,False
জামাতের শাহারিয়ার পাঠিয়েছে?,Dhaka,,,Negative,0.4076330933547402,model,False
বি এন পি কে বাপ ডেকেও চুপ্পুর লাভ হলোনা,Dhaka,Kishoreganj,,Sarcastic_negative,0.5122819336622867,model,False
জামায়াত তো আগেও অপসারণ করতে চেয়েছিল। এখন জামায়াতের শাহরিয়ার নোটিশ পাঠিয়েছে। বিএনপি কি শুনবে?,যশোর,Khulna,Jashore,Negative,0.7257360165258229,model,False
শফিক দাদুর কপাল খুলে গেছে মনে হয়!…,Dhaka,Mymensingh,Sherpur,Sarcastic_negative,0.7773114785218277,model,False
সবাইকে এক যেতে হবে সে যে পজিশন এ থাকুন না কেন এই তাই দুনিয়ায় নিয়ম,Dhaka,,,Neutral,0.5488110650945578,model,False
নতুন রাষ্ট্রপতি আমাদের লিইউনুস কাকু কে চাই ইয়ে মানি ইউনুস সাহেব কে,Comilla,,,Negative,0.6172793474357966,model,False
এরেস্ট হবেনা?,Dhaka,Barisal,,Neutral,0.9485784252877376,model,False
এই পদ দিল্লি থেকে নির্ধারণ করবে,Comilla,,,Negative,0.7146136417630978,model,False
হাতে হারিকেন,Dhaka,,,Sarcastic_negative,0.4591517535451022,model,False
"""খেলা জমে গেছে,,,ইউনুসকে চায়""",Khulna,Kushtia,,Sarcastic_negative,0.4789270977270048,model,False
এতো খাওয়াই শেষ পর্যন্ত কোরবানি,Dhaka,,,Negative,0.5192388521420774,model,False
মনে হয় শুভ বুদ্ধির উদয় হয়েছে,Sylhet,,,Sarcastic_negative,0.6794839932871916,model,False
আসল খেলা খেলার জন্যই আইনি নোটিস,Dhaka,Comilla,,Sarcastic_negative,0.4091957119647654,model,False
প্রফেসর ডক্টর মোহাম্মদ ইউনুসকে রাষ্ট্রপতি হিসেবে করলে শুধু বিএনপির যে ভালো হবে তা না সারা বাংলাদেশের ভালো হবে,Dhaka,,,Neutral,0.7192346720177161,model,False
মাঝখান দিয়ে nice and attractive ইন্টারভিউ দিয়ে সব খবর দিয়ে গেলো !! So cute.,Dhaka,Chattogram,Chittagong,Sarcastic_negative,0.5463803192028712,model,False
জামাতি নোটিশ এখন মার্কেট অচল।,Dhaka,Chittagong,,Positive,0.4933098945268669,model,False
"""কমপক্ষে ৬ মাস পর বা পূর্ণ সময় পার করে রাষ্ট্রপতি পরিবর্তন করতে হবে, এর আগে নয়। এটাই বিএনপির সিদ্ধান্ত গ্রহণ করা উচিত।""",ময়মনসিংহ,Dhaka,,Negative,0.6109771407031134,model,False
আমি আছি ফ্রি,Dhaka,Dinajpur,,Negative,0.5845668611683255,model,False
আমি হবো ইনশাআল্লাহ,Dhaka,Bogra,,Positive,0.7541005670059328,model,False
জামাতের ঘুম হারাম হয়ে গেছে নাকি।,Dhaka,,,Sarcastic_negative,0.6759484812959228,model,False
চুপ্পুরে যে নাচাইতেছে তার খুঁটি কি দাঁড়িয়ে আছে,Dhaka,Mymensingh,,Negative,0.7745648686843926,model,False
মাত্র চাটতে শুরু করেছে,Dhaka,Lalmonirhat,,Positive,0.6752039540521122,model,False
Faaaaaaa,কুমিল্লা,Comilla,,Sarcastic_negative,0.4308803822535048,model,False
নিউজ দেখে মনে হইলো সরকার থেকে নোটিশ দিয়েছে!!! আরে ভাই এটা একজন আইনজীবী নোটিশ দিয়েছে তার মানেই কি উনাকে অপসারণ করা হচ্ছে!!! সেটা করবে সংসদ,Dhaka,Comilla,,Positive,0.4350093011214235,model,False
চুপ্পু বি লাইক : অনেক ভয় পাইসে রে তুফান,Dhaka,,,Sarcastic_negative,0.5125639708207725,model,False
ঠিক আছে,Chittagong,,,Negative,0.5883975582639164,model,False
Ahare kosto,Dhaka,,,Sarcastic_negative,0.4167837402880324,model,False
এই তো সুরু। একে এক করে সব ক্ষমতাশীল জাইগায় বিএনপির নেতারা বসবে এর পরে তারা আইন বানাবে তাদের মতো তারা চলবে।,Dhaka,Faridpur,,Negative,0.7104753210724595,model,False
খেলা যে চলছে কোন লেবেলে,চট্টগ্রাম,Chittagong,,Sarcastic_negative,0.5599918483672313,model,False
Tik acay,Jamalpur,,,Sarcastic_negative,0.4425184660072663,model,False
লে বাপ বিশ্রাম নিতে হবে,Khulna,Jessore,Satkhira,Neutral,0.9915228619125416,model,False
Md Ashif Shariar,Dhaka,Khulna,Mymensingh,Neutral,0.6150778718319561,model,False
এত পা চেঁটেও কাজ হলো না,রাজশাহী,Dhaka,Chittagong,Sarcastic_negative,0.569455747334459,model,False
পরিবর্তন নয়তো আন্দোলন,Dhaka,,,Negative,0.4266509234700215,model,False
ব্যারিস্টার শাহরিয়ারকে রাষ্ট্রপতি হিসেবে দেখতে চাই। তাহলে মজার মজার জোকস শুনা যাবে।,Habiganj,,,Negative,0.5478501365230444,model,False
সব দোষ পিনাকি দাদার কেন যে পুরনো ভিডিও গুলো আপলোড দিলো!!,Dhaka,,,Sarcastic_negative,0.4129575699119161,model,False
Chatachati kore lav?,Chittagong,Rangpur,,Sarcastic_negative,0.5077693025415387,model,False
আহারে!,Comilla,,,Sarcastic_negative,0.700783345700245,model,False
মহামান্য এখন কি করবে,Chittagong,,,Positive,0.5508869820758403,model,False
আলহামদুলিল্লাহ তেলের দাম সব সময় ঊর্ধ্বগতি থাকে না,Dhaka,,,Positive,0.6171270675642512,model,False
রাষ্ট্রপতি মেয়াদ শেষ না হওয়া পর্যন্ত থাকবে,Chittagong,,,Negative,0.5129220776451182,model,False
"""হাইরে.., কে কাকে নোটিশ দেয়! যার নোটিশ সে আপাতত জমা রাখতে পারবে!""",Dhaka,Cox's Bazar,,Sarcastic_negative,0.4363014447031125,model,False
New 'YES উদ্ ' coming...,Chittagong,,,Neutral,0.7123847347435774,model,False
নাটকের শেষ নেই,Khulna,Chuadanga,,Sarcastic_negative,0.6856572315045582,model,False
ঠিক আছে,Dhaka,,,Negative,0.5883975582639164,model,False
বুইড়া এতো তেল মারলো তারপরেও শেষ রক্ষা হইলো না!,Tangail,,,Negative,0.4369412276193906,model,False
ওনার এখানে রাখলেও থাকা ঠিক হবে না,Dhaka,,,Neutral,0.5239978773645052,model,False
সরকার এর ইচ্ছে হলে রাস্টপ্রতি পরিবর্তন করবে কারো আইনি নোটিশ কাজে আসবে না,Sylhet,,,Negative,0.6192259953407184,model,False
চুপ্পু এত তেল মাখিয়েও টিকতে পাড়লো না বুঝা গেছে তাকে ঘি দিয়ে মাখাইতে হুইতো,Dhaka,Rangpur,Thakurgaon,Negative,0.6649748657103703,model,False
আমাকে রাষ্টপতি হিসাবে নিয়োগ দিলে দেশ ৬ মাসের মধ্যে সোজা করে দিব ইনশাআল্লাহ,Dhaka,Pabna,,Positive,0.6100368660784572,model,False
Nice & attractive cmt kore o kaj holo na,Dhaka,Shariatpur,,Sarcastic_negative,0.4804289872309646,model,False
এত পাম দিয়েও কাজ হলো না,Dhaka,,,Sarcastic_negative,0.5549378487960817,model,False
"""২৪ র আল্টিমেটাম দিয়ে নোটিশ দিয়েছে, এ যাবৎ কত ঘণ্টা হইছে""",সুনামগঞ্জ,Sylhet,,Negative,0.6220451397362654,model,False
গ্রেপ্তার এরারে এই প্রস্তুতি।,Dhaka,,,Negative,0.7532271514831115,model,False
"""বাচ্চারা এত বায়না ধরে না,সব বায়না তো কাজে লাগেনা""",সুনামগঞ্জ,Sylhet,,Sarcastic_negative,0.5886758857564158,model,False
তারেক সাবের সাথে আমুলীক থাকলে সমস্যা নাই?????,Dhaka,,,Negative,0.6296646499731462,model,False
হে হে হে,Dhaka,Barisal,,Sarcastic_negative,0.4180289889120711,model,False
আরাম শেষ চাটার দল,Dhaka,Rangpur,,Negative,0.5121464505780383,model,False
সে না থাকলে কি হবে?,Dhaka,Chittagong,,Neutral,0.9099023613040828,model,False
ঠিক আছে,গাজীপুর,Dhaka,Gazipur,Negative,0.5883975582639164,model,False
তেল মেরেও কি শেষ রক্ষা হবে মিঃ চুপ্পুর।,Chittagong,,,Neutral,0.8611667076050243,model,False
অতিথির চাটাচাটি করেও শেষমেশ মনে হয় লাভ হবে না।,Dhaka,Joypurhat,,Neutral,0.6239488555350594,model,False
চুপসে চুপসে লাভ হলো না চুপ্পুর,Mymensingh,,,Sarcastic_negative,0.4010210008467426,model,False
"""খেলা যে চলছে কোন লেভেলে,বুঝা মুশকিল হয়ে গেছে।""",Jamalpur,,,Sarcastic_negative,0.6519455627951145,model,False
আহঃ অনেক ভালো মানুষ ছিলেন।,Mymensingh,Sherpur,,Sarcastic_negative,0.6542666197078503,model,False
শেষমেষ একটু তেল দিয়েও কাজ হলো না,Chittagong,Chandpur,,Sarcastic_negative,0.5142543080032473,model,False
"""There should be specific cause for impeachment, the cause is absent.""",Dhaka,,,Sarcastic_negative,0.4708803439134521,model,False
আর কত,Chittagong,,,Positive,0.4227511202546185,model,False
এতো চাটা চাটি করল নতুন সরকার কে লাভ হলো না,সিলেট,Sylhet,,Sarcastic_negative,0.4038855291049895,model,False
সম্পর্ক বদলে গেলো একটি পলকে,Chittagong,,,Negative,0.4573332419142801,model,False
পা চেটেও লাভ হলো না,Sunamganj,,,Negative,0.4406173215690743,model,False
ডক্টর খন্দকার মোশারফ হোসেন স্যারকে নতুন রাষ্ট্রপতি হিসেবে দেখতে চাই।,Dhaka,,,Negative,0.4023196910112122,model,False
খেলা যে চলছে কোন লেবেলে,গাজীপুর,Dhaka,Gazipur,Sarcastic_negative,0.5599918483672313,model,False
সহমত,Dhaka,,,Sarcastic_negative,0.4030305803688657,model,False
ওরে গ্রেফতার করে আসলে সব খবর নেয়া হ্উক,বাগেরহাট,,,Sarcastic_negative,0.4023636934089596,model,False
ইয়া কিতা হুনলাম,সিলেট,Sylhet,Sunamganj,Sarcastic_negative,0.4123320805297766,model,False
চরন দুলি নিলে হয়ত আবার থাকতে পারতো।,Comilla,,,Negative,0.6520211257180165,model,False
Dulal Mia,Dhaka,,,Sarcastic_negative,0.4631104160722881,model,False
ঊনি কি ভাবছে উনাকে রাখবে বিএনপি সরকার।,Dhaka,Narsingdi,,Negative,0.777413725974424,model,False
মাত্র একসপ্তাহ ধরে উনি ভালো আছেন!আবার ঝামেলায় পড়ে গেলেন।কেমন হল ব্যাপার টা!!,Dhaka,,,Negative,0.4746324021358243,model,False
"""দুই সুযোগ পেয়ে খুব তেল মারল রাষ্ট্রপতি, শেষ কোন কাজ হলো না""",Dhaka,Khulna,Kushtia,Negative,0.5076734222407183,model,False
চাটাচাটির অনেক চেষ্টা করছে,Dhaka,,,Negative,0.5393143143686996,model,False
"""আওয়ামীলিগের চামড়া, তুলে নিব আমরা।""",Comilla,,,Negative,0.5927455452524207,model,False
মাশাআল্লাহ,ঢাকা,Dhaka,Barisal,Negative,0.6318257397089189,model,False
Ahare akhon tar ki hobe,Dhaka,,,Sarcastic_negative,0.4415262948908626,model,False
"""ঐ আইনজীবী যখন মুক্তিযোদ্ধা নিয়ে কটুক্তি , রাষ্ট্রপতি, ইতিহাস ঐতিহ্য নিয়ে কটুক্তি। সেজন্যে তাকে আইনের আওতায় আনা হোক।""",জামালপুর,Dhaka,Kishoreganj,Negative,0.544913518387765,model,False
লও টেলা কাকু,Dhaka,Kishoreganj,,Sarcastic_negative,0.5275583200446226,model,False
চম্পু তৈল মেরেও তাহলে থাকতে পারলো না,নরসিংদী,,,Negative,0.5117878118650077,model,False
ধন্যবাদ শাহরিয়ার স্যার,Dhaka,,,Positive,0.5957103814363879,model,False
"""অনেক অনেক চাটা চাটির পরেও শেষ রক্ষা হল না একসময় বি এনপির অনেক প্রিয় লোক ছিল,""",Rangpur,Gaibandha,,Negative,0.7236402850487822,model,False
সংবিধানের কোথায় জুলাই আছে? রাস্ট্রপতির শপথের কোথায় ঝুলাই আছে?,Bogura,,,Negative,0.5064602055168607,model,False
মলম বিক্রেতাটা মনে হয় নোটিশ দিছে,Chittagong,,,Sarcastic_negative,0.6627232392095146,model,False
রাষ্ট্রপতিকে আইনি নোটিশ দেওয়া যায়??? …,Dhaka,,,Neutral,0.5980601938444584,model,False
স্বাভাবিক বিষয় nice &,Dhaka,,,Sarcastic_negative,0.5154756666808827,model,False
"""ওনাকে রাখতে হবে, না হলে বাংলাদেশ থাকবেনা""",গাজীপুর,,,Neutral,0.5049260017361241,model,False
good luck,Dhaka,Chittagong,Noakhali,Sarcastic_negative,0.4146276795977892,model,False
"""আহারে,দালালি কইরাও পারলো না টিকতে""",Dhaka,,,Sarcastic_negative,0.4193074311521663,model,False
কে দিলো?,ঢাকা,বগুড়া,ময়মনসিংহ,Sarcastic_negative,0.4770085278353632,model,False
শিরোনাম দেখে মনে করেছি ঘটনা সত্যি কিন্তু বিস্তারিত পড়ার পর বুঝলাম মব বাহিনীর সদস্যরা মব সৃষ্টি করার চেষ্টা করছে।,Chittagong,,,Negative,0.6262416880637329,model,False
ভালো,Comilla,,,Sarcastic_negative,0.4429275142032633,model,False
আরো নোটিশ দাও আরো বিবাদ করো তাতেই নতুন নতুন আইনী ফ্যাক্ট জানার আনন্দ সকলে পাচ্ছে। আরো চাই আরো বেশি করে জানার সুবিধার্থে ওম্মা প্রকাশ করো।,Chittagong,,,Positive,0.6791559964742061,model,False
এটাই হয়ে থাকে,Dhaka,Sirajganj,,Negative,0.4572462085612395,model,False
অতিদ্রুত কর্যকর করতে হবে।,Dhaka,Khulna,,Neutral,0.7945261384113446,model,False
Julai ki jonggi sontrsi hamla desh dongsho 3200 police hotta 450 thana lut pat desh lut pat,Dhaka,,,Sarcastic_negative,0.4915241071975078,model,False
@Everyone,নওগাঁ,Sylhet,,Sarcastic_negative,0.4146276795977892,model,False
শাবু ভাইরে আগে এ কইছি কম চাডেন বিপদে পরবেন,Dhaka,Barisal,Bhola,Negative,0.4128529305645668,model,False
নোটিশ পাঠিয়েছেন ব্যারিস্টার শাহরিয়ার …,Chittagong,Noakhali,,Negative,0.4073215828346135,model,False
আহারে বেচারা লাস্ট মুহূর্তে কত তেল এই না মারলো সব তেল বিফলে গেল।,Sunamganj,,,Negative,0.4610895195373163,model,False
কবি এখন নীরব যা বলার সংসদে গিয়ে বলবে,নীলফামারী,Dhaka,Rangpur,Sarcastic_negative,0.4666123111597346,model,False
Chata chati bah,Khulna,Satkhira,,Sarcastic_negative,0.429459923324474,model,False
এত দুঃখ প্রকাশ করলো তারপরেও তারেক রহমানের দিল নরম হলো না,ঢাকা,Sylhet,,Negative,0.5527827060571818,model,False
মাশা-আল্লাহ আলহামদুলিল্লাহ,Dhaka,Natore,,Positive,0.6734301347728717,model,False
চাটো বাঙালি চাটো,Dhaka,Pabna,,Sarcastic_negative,0.4434121962262266,model,False
আসলে উনি দীর্ঘ ধরে মিডিয়ায় কোন কথা বলতে পারে‌ নাই এখন হথাৎ কথা বলার শুজুক পেয়ে অতি আবেগে কি বলছে উনি বুঝতে পারে নাই…,সিলেট,হবিগঞ্জ,Chittagong,Positive,0.6501881398578091,model,False
কাজ হইলো নারেহ দাদু,Dhaka,,,Sarcastic_negative,0.4476533657321273,model,False
নাটক মাইনষকে বুঝে,ভোলা,Dhaka,Chittagong,Sarcastic_negative,0.7776491335994664,model,False
"""আহ,! চাচা,চেটেও লাভ হলো না""",Bogura,Bogra,,Sarcastic_negative,0.5283279577258791,model,False
মন ভেঙ্গে দিয়ে গেলো সে সামনে দিয়ে.......,Dhaka,Kurigram,,Sarcastic_negative,0.7035897818717808,model,False
শাহরিয়ার কে? পালাবে কোথায়…,নোয়াখালী,Chittagong,Noakhali,Negative,0.4221040017883746,model,False
মামা খেলা তো শুরু হয়ে গেছে,সিলেট,Dhaka,Comilla,Sarcastic_negative,0.6694000976601095,model,False
Hedar July,Chittagong,,,Neutral,0.4639440195384955,model,False
লাল বাতি জলছে,Sylhet,,,Sarcastic_negative,0.4685027426748753,model,False
"""চাচা অনেক চেষ্টা করছে লাভ হয় নাই, হাল ছেড়ে দিয়েন قلم চাচা বিজয় আপনার হবে""",Comilla,,,Neutral,0.4648808123312821,model,False
আইস এন্ড অ্যাট্রাকটিভ,ঢাকা,Chittagong,,Sarcastic_negative,0.4289848101967341,model,False
Onar baba taruk saheb na,Dhaka,Sirajganj,,Neutral,0.4011956424874512,model,False
পাবনায় দ্রুত পাঠানো হোক আইনজীবীকে।,Dhaka,,,Sarcastic_negative,0.660026112948591,model,False
যা হবে তা সংসদ আধিবেশনের পরে।,Chittagong,Brahmanbaria,,Neutral,0.6984972611222025,model,False
চুপ্পু হটাও দেশ বাচাঁও,Dhaka,Gazipur,,Sarcastic_negative,0.5449817680374591,model,False
এখন আর সংবিধান বিতর্কিত হবেবিধা না,Dhaka,Narsingdi,,Positive,0.4360180847227147,model,False
আলহামদুলিল্লাহ পরিবর্তন হচ্ছে শুধু,Barisal,,,Positive,0.5740440595166998,model,False
শাহাবুদ্ কে অপসারণ করে শাহরিয়ার কাকারেই রাষ্ট্রপতি করা হোক,Dhaka,Munশiganj,,Positive,0.4781009204757247,model,False
তৈল মর্দন কাজে আসে নাই,Chittagong,Chandpur,,Negative,0.5326588749809393,model,False
আবেদন খারিজ,Barisal,,,Negative,0.5170088996251847,model,False
সুন্দর সিদ্ধান্ত,Dhaka,,,Sarcastic_negative,0.508397229373555,model,False
"""আহ,এতো তেল মেরেও লাভ হলো না""",Rajshahi,,,Sarcastic_negative,0.689760676790747,model,False
Gazakhur sahriya,Sylhet,,,Sarcastic_negative,0.4294589185944644,model,False
হায়রে হায়,Dhaka,Bogra,,Sarcastic_negative,0.4294332019771282,model,False
"""উনাকে অপসারণ করে, যোগ্য ব্যক্তি ডঃ খন্দকার মোশারফ কে দিতে হবে।""",Narayanganj,Chandpur,,Neutral,0.7005047028402084,model,False
বট বাহিনীর মাথা খারাপ হয়ে গেছে,Bogra,,,Sarcastic_negative,0.534965784753504,model,False
তোমরা যাই বলো শেষে তার কাছেই শপথ নিতে হয়েছে,Dhaka,Panchagarh,Jamalpur,Sarcastic_negative,0.4590149966541173,model,False
"""ওটা মনে হয় পামওয়েল,,ছিলো।""",Dhaka,Panchagarh,,Sarcastic_negative,0.6202909613568329,model,False
এবার লাইনে আসছে,Chittagong,Rangpur,Gazipur,Sarcastic_negative,0.4578678926553698,model,False
শেষ হয়েও হলো না শেষ,Khulna,,,Sarcastic_negative,0.4933292324632688,model,False
আইন অনুযায়ী যা করার তাই করা হোক,Dhaka,,,Positive,0.5349890087793467,model,False
একমত,Dhaka,,,Sarcastic_negative,0.3987600470060075,model,False
10,গাজীপুর,Khulna,Jessore,Sarcastic_negative,0.4200447617904588,model,False
এটা কি হলো,Dhaka,Barisal,,Negative,0.5387440804210792,model,False
লোকটা এত বিতর্ক জন্ম দিচ্ছে।,Narayanganj,,,Sarcastic_negative,0.4817618708277838,model,False
রাজা কার মুক্ত করতে হবে,Dhaka,,,Neutral,0.7926574370792502,model,False
আলহামদুলিল্লাহ,Khulna,Bagerhat,,Positive,0.6961564278676875,model,False
পা চেটেও কাজ হলো না মালিশের তেলে মনেহয় ভেজাল ছিলো,Dhaka,Narsingdi,,Sarcastic_negative,0.4824796351339785,model,False
তাতে বা** লছেরা গেলো।,Dhaka,,,Sarcastic_negative,0.5253290234665289,model,False
বট বাহিনীর কাজ ।,Dhaka,Mymensingh,Pabna,Negative,0.490239278565561,model,False
টুপকিতে পুচে ফেলে দিসে মনে হয়,Dhaka,,,Sarcastic_negative,0.596659912812119,model,False
তুমি বহু ছিলা আর কত থাকবা,Feni,,,Sarcastic_negative,0.4595579074862307,model,False
সত্যি কথা বললে গা জ্বলে,Chittagong,,,Positive,0.6277922689207889,model,False
"""চাটুকার,হটাও""",Chittagong,Lakshmipur,,Sarcastic_negative,0.5247903946803558,model,False
তাকে জাদুঘরে সংরক্ষিত করা হোক,Dhaka,,,Negative,0.6215021072660832,model,False
অনেক আগেই করার দরকার ছিল,Dhaka,,,Positive,0.5018004745612817,model,False
"""বালেষ্টার সাহেব, সংসদ সদস্যের ভোটে মহামান্য কে অপসারণ করা যায়। তাছাড়া মেয়াদের আগে মারা যাওয়া ছাড়া অপসারণ সম্ভব না। সংবিধান ভাল…""",Dhaka,Khulna,Magura,Positive,0.4284222707531716,model,False
জনাব ইশরাক সাহেব কে নতুন রাষ্ট্রপতি বানানো হোক,Dhaka,Chittagong,Brahmanbaria,Sarcastic_negative,0.5095171247068879,model,False
এখন সব চলে,Panchagarh,,,Positive,0.4198736636231326,model,False
উনার কথায় জামাত এতো জবলে কেন ?,Dhaka,,,Positive,0.4808619082714839,model,False
কেনো রাষ্ট্রপতি কি জুলাই CDI বলেছে নাকি? না মানে কেমনে অসম্মান করেছে একটু জানতে চাই,Dhaka,,,Sarcastic_negative,0.5224335458409458,model,False
RJ Raj,Dhaka,,,Sarcastic_negative,0.4398712638673482,model,False
আইনি নোটিশ যে কেউ দিতে পারে,Khulna,Satkhira,,Sarcastic_negative,0.3989246357787626,model,False
আহ,Dhaka,Comilla,,Sarcastic_negative,0.6919524648470011,model,False
আলহামদুলিল্লাহ,Dhaka,Tangail,,Positive,0.6961564278676875,model,False
চুপ্পু দাদো চেটে কাজ হলোনা!,Dhaka,Kushtia,,Sarcastic_negative,0.4055124291501036,model,False
সাংবিধানিকনভাবে হুমকি,Dhaka,Chittagong,Lakshmipur,Sarcastic_negative,0.4510116581868423,model,False
"""নির্বাচন শেষ, এই শাহরিয়ারের হাতে মনেহয় কাজ কাম আর নাই…""",ঢাকা,Dhaka,Bogra,Negative,0.4819763600920578,model,False
এবার সাহাবুদ্ কে গ্রেফতার করা হোক!,ঢাকা,Barisal,Bhola,Positive,0.4868834735849975,model,False
Good,Dhaka,,,Sarcastic_negative,0.4146276795977892,model,False
৫০০ টাকার আইনি নোটিশ দিয়ে একজন রাষ্ট্রপ্রতিকে অপসারণ করা যায়।সাংবিধানিক বিষয় উকিলের একটু জ্ঞান থাকা উচিৎ।,Dhaka,Barisal,,Negative,0.4225786808009269,model,False
কেন,Chittagong,Noakhali,,Sarcastic_negative,0.6910718565772799,model,False
কে সে দিয়েছে,Feni,,,Sarcastic_negative,0.4755931816412572,model,False
"""তাকে অতি দ্রুত অপসারণ করে জেল হাজতে পাঠানো উচিত,কারণ সে আওয়ামী লীগকে ঘোম খুন গণহত্যা করতে বৈধতা দিয়েছে।""",Dhaka,,,Sarcastic_negative,0.4007376431901335,model,False
সে এর আগে থেকেই বলে আসছিলো নির্বাচনের পরে সে নিজে থেকে বিদায় নিতে চাই,Chittagong,,,Sarcastic_negative,0.4227407480202454,model,False
নতুন রাষ্ট্রপতি মির্জা ফখরুল ইসলাম আলমগীর সাহেব,Dhaka,Chandpur,,Negative,0.409391742150286,model,False
এই নোটিশটা কি বিচি মুনির দিয়েছে??,সিলেট,Chittagong,,Negative,0.7173986667397801,model,False
ইনশাআল্লাহ,Dhaka,,,Positive,0.8930134989711059,model,False
Good,Habiganj,,,Sarcastic_negative,0.4146276795977892,model,False
চুপ্পু,Chittagong,,,Sarcastic_negative,0.4201389057138315,model,False
জাতিসংঘের চাপ হয়তো রাষ্ট্রপতি ডঃ ইউনুসকে দিতে হবে নয়তো পদত্যাগ করতে হবে প্রধানমন্ত্রীর,Dhaka,,,Neutral,0.8381066775863456,model,False
এটাই তারেক রহমান। আমরা বগুড়ার মানুষ আমরা আমাদের ভাইয়াকে হারে হারে চিনি। …,বগুড়া,Bogra,,Negative,0.8802288227767444,model,False
আলহামদুলিল্লাহ,Dhaka,,,Positive,0.6961564278676875,model,False
সঠিক,Chittagong,,,Neutral,0.4634152989233688,model,False
ইশরাক কে রাষ্ট্রপতি হিসেবে দেখতে চাই,নোয়াখালী,Chittagong,,Sarcastic_negative,0.4011150426142391,model,False
নতুন রাষ্ট্রপ্রতি ড মুহাম্মদ ইউনুস হবেন,Feni,,,Neutral,0.5059366719381998,model,False
Go to India and meet with sekh hasina,Dhaka,,,Neutral,0.4663269379980966,model,False
রাষ্ট্রপতি'র মেয়াদ ২০২৮ সালের এপ্রিল পর্যন্ত আছে কারো বাবার ক্ষমতা আছে কি তাকে সরানোর??,Dhaka,,,Negative,0.7128050379565107,model,False
আলহামদুলিল্লাহ,Dhaka,Rajbari,,Positive,0.6961564278676875,model,False
আমরা চাই জুলাই অভ্যুত্থানের নায়ক চুপ্পু'ই রাষ্ট্রপতি হিসেবে থাকুক।,Rangpur,,,Negative,0.5391649600563343,model,False
আলহামদুলিল্লাহ,Rangpur,,,Positive,0.6961564278676875,model,False
লোকটা সসম্মানে থাকতে চেয়েছিল,Sylhet,,,Negative,0.5990910200956288,model,False
আল্লহামদলিল্লাহ,Sylhet,,,Negative,0.4708209817074441,model,False
আলহামদুলিল্লাহ,Comilla,,,Positive,0.6961564278676875,model,False
ওরে শাহরিয়ার রে,Dhaka,Jamalpur,,Sarcastic_negative,0.4101833021899923,model,False
আলহামদুলিল্লাহ,ঢাকা,সাতক্ষীরা,Dhaka,Positive,0.6961564278676875,model,False
আইনী নোটিশে কি হবে? মহামান্য রাষ্ট্রপতি সব কিছুর উর্ধ্বে,Dhaka,Gopalganj,,Neutral,0.7932801583080549,model,False
"""হেলিকপ্টারের এড কেন!আপা পলাইছে, চুপ্পুও কি পলাইবে..!""",Dhaka,,,Sarcastic_negative,0.4896499500350861,model,False
দাউদকান্দি হতে প্রেসিডেন্ট হবে বলে রাখলাম,Dhaka,,,Neutral,0.6824402806697006,model,False
"""BNP, do the needful asap""",Dhaka,Chittagong,Lakshmipur,Sarcastic_negative,0.4621607850553525,model,False
খেলা যে চলছে কোন লেভেলে,Bogura,Bogra,,Sarcastic_negative,0.5495739102958527,model,False
পৃথিবীর এমন কেউ কি নাই একটা জীবন বাচাতে কিছু টাকা দিয়ে পাশে দারানোর মতো ।বিকাশ ০১৭৪৭০১০৪৩৭। plz plz,Dhaka,,,Sarcastic_negative,0.525120106105792,model,False
আমার মনে হয় সবচেয়ে অকেজো রাষ্টপতি তিনি,Chittagong,Brahmanbaria,,Negative,0.4835848956240257,model,False
Faaaaaahhhhh,Dhaka,,,Sarcastic_negative,0.4308803822535048,model,False
আলহামদুলিল্লাহ,Chittagong,,,Positive,0.6961564278676875,model,False
আলহামদুলিল্লাহ আলহামদুলিল্লাহ আলহামদুলিল্লাহ,Rajshahi,Bogura,,Positive,0.6961564278676875,model,False
ইউনুস সরকার তাওতো রেখেছিলো,Dhaka,Chattogram,Chittagong,Negative,0.3996846448759721,model,False
চুপ্পু “আজ আমার মন ভালো নেই “,Chittagong,,,Negative,0.5193700893180913,model,False
আলহামদুলিল্লাহ,Chittagong,,,Positive,0.6961564278676875,model,False
আলহামদুলিল্লাহ,Bogra,,,Positive,0.6961564278676875,model,False
ডা ইউনুসকে রাষ্ট্র পতি হিসাবে রাখা দরকার অনুরোধ করছি,Dhaka,Chittagong,,Negative,0.4717079057905071,model,False
চেটেও যখন কাজ হয় না তখন চাটা মনে হয় ঠিক না,Dhaka,Faridpur,,Sarcastic_negative,0.5356139634675131,model,False
আলহামদুলিল্লাহ,Dhaka,,,Positive,0.6961564278676875,model,False
"""সবকিছু দলীয়করন হোক,""",Khulna,Satkhira,,Negative,0.47842935637515,model,False
এই কাজটা আরো আগে করা দরকার ছিল।,Dhaka,Mymensingh,,Positive,0.5573206711726943,model,False
যারা আনন্দে নাচানাচি করতাছে তারা মনে করছে…,পটুয়াখালী,Dhaka,Gazipur,Sarcastic_negative,0.6164124489157555,model,False
ভাইরাল ভিডিও সমস্যায় ফেলছে।,Comilla,,,Sarcastic_negative,0.4625315019487035,model,False
এত চেটেও শেষ রক্ষা হল না।,Dhaka,Chandpur,Naogaon,Negative,0.4832017627571044,model,False
ডঃ ইউনুস আমাকে তা করছে আ করছে হো... আঙ্গুল দিছে।,Bogura,Bogra,,Negative,0.8234911031947016,model,False
রাষ্ট্রপতি আইনি নোটিশ এ অপসারণ করা যায় না এক মাএ উনি নিজে থেকে যদি পদত্যাগ করে আর সংসদ পারে রাষ্ট্রপতি কে অপসারণ করতে,Barisal,,,Positive,0.4860358442528584,model,False
good,Barisal,,,Sarcastic_negative,0.4146276795977892,model,False
আলহামদুলিল্লাহ,Dhaka,,,Positive,0.6961564278676875,model,False
এটা সাধারণ আইনে করা যায় না। তার বিরুদ্ধে কোনো মামলা করা যায় না। রাষ্ট্রপতি অপসারণের সাংবিধানিক পদ্ধতি আছে। সংসদ ছাড়া সম্ভব না।,Rajshahi,Bogura,Natore,Positive,0.4315518303766266,model,False
,,,,Sarcastic_negative,0.4146276795977892,model,False
আ হ রে দেশ চাঁদাবাজ কে আটক করতে হয় কেনও,Dhaka,,,Sarcastic_negative,0.7956512353261865,model,False
সমঝোতাকে চাঁদা বলতে নেই,Chittagong,Brahmanbaria,,Sarcastic_negative,0.5131518024720855,model,False
দেশ এই বছরের মধ্যেই বিশ্ব চাম্পিয়ান ১ নাম্বারে চলে যাবে,Dhaka,,,Negative,0.6743585203125038,model,False
বাস থেকে চাঁদা কি সমঝোতা করে নিয়েছে সমঝোতা করে নিলে সেটা কে চাঁদা বলা জাবেনা,Dhaka,Gazipur,,Positive,0.4871641229573278,model,False
একটু সমজতা করলেই হয়,Khulna,,,Sarcastic_negative,0.6056084970001968,model,False
এটাকে চাঁদা বলে না এটাকে বলে সমঝোতা,Dhaka,Sylhet,,Positive,0.4485173222293999,model,False
সমঝোতার মাধ্যমে তারা টাকা তুলেছে এটা চাঁদা না,Chittagong,,,Negative,0.401213787344982,model,False
এগুলো চাঁদা নয় হাদিয়া,বান্দরবান,Dhaka,Gazipur,Negative,0.5568829839232091,model,False
এখন তাকে ফুলের মালা দিয়ে বরণ করিয়ে নেন তিনি অনেক বড় নেতা হইবেন,Dhaka,Shariatpur,,Positive,0.4615674863850285,model,False
"""মাশা আল্লাহ! আগামী পাঁচ মাসেই এই রেকর্ড ভেঙে নতুন ইতিহাস গড়বে—এটাই আশা, কারণ তারা দুর্দান্ত গতিতে এগিয়ে চলছে।…""",Sylhet,,,Negative,0.7022472290114297,model,False
"""চাঁন্দা না সমঝোতা বলবা''। নেতার নাম খাম্বা না """"বৈদ্যুতিক খুঁটি বলবা""""""",Dhaka,,,Sarcastic_negative,0.5409093607345021,model,False
"""এটাকে চাঁদা বলবেন না,সমঝোতা বলুন""",Sirajganj,,,Sarcastic_negative,0.4327719792042159,model,False
সমঝোতা করলেই হতো,Dhaka,Khulna,Barisal,Sarcastic_negative,0.4190508226811358,model,False
দলের নাম টা এভাবে না বললে ও পারতেন,কুমিল্লা,Dhaka,Barisal,Negative,0.6252126699806191,model,False
চাঁদা বলা যাবে না৷ এটা সমঝোতা হবে!,Dhaka,Khulna,Bagerhat,Neutral,0.6571789773156631,model,False
এগুলি চাঁন্দা নয় সমঝোতা রে ভাই,Chittagong,Lakshmipur,,Sarcastic_negative,0.4232575438904647,model,False
সমঝোতা করলে ধরা পড়তো না,Chittagong,,,Sarcastic_negative,0.4718748555115771,model,False
যুবদল নাকি যুবলীগ?,Dhaka,,,Sarcastic_negative,0.5329443195924171,model,False
সমঝোতার মাঝেও ঝামেলা করতে আসে,Dhaka,Khulna,Kushtia,Sarcastic_negative,0.5706838017600265,model,False
আটক নাকি নাটক,Dhaka,,,Sarcastic_negative,0.7719788594164027,model,False
চাঁদা বলতে নাই প্রিয় এটাকে সমঝোতা বলতে হয়,Dhaka,Tangail,,Sarcastic_negative,0.435769061372849,model,False
আদিল তুমি ভালো হয়ে যাও,সিলেট,Sylhet,,Sarcastic_negative,0.7047114837785001,model,False
চাঁদা বলে না । বলতে হবে সমঝোতা,Chittagong,Narayanganj,Pirojpur,Neutral,0.6600281115738733,model,False
"""ওইটা চাঁদা নয়, সমঝোতা ।""",Dhaka,Khulna,Bagerhat,Negative,0.4195759343692987,model,False
প্ল্যান কাকু জানেন নাকি,Dinajpur,,,Sarcastic_negative,0.5690045852091152,model,False
চোখ লাল কিসে?,Noakhali,,,Sarcastic_negative,0.5880283986520007,model,False
ওয়াও খেলা যে চলছে কোন লেভেল এ,Dhaka,Chittagong,,Sarcastic_negative,0.4430456099784359,model,False
ওয়াও ফ্যান্টাসটিং,Khulna,Satkhira,,Neutral,0.5154219066192014,model,False
বলেন সমঝোতা করতে গিয়ে আটক,Chittagong,Lakshmipur,,Sarcastic_negative,0.693983068244817,model,False
দয়া করে চাঁদা বলবেন না। এটা হলো সমঝোতা।,Chittagong,Cox's Bazar,,Negative,0.4669640009195724,model,False
আটক না নাটক?,Dhaka,Gazipur,,Sarcastic_negative,0.7483494159905053,model,False
"""চাঁদা বলা নিষেধ, সমঝোতা""",Dhaka,Cox's Bazar,,Sarcastic_negative,0.510035998495849,model,False
চাঁদা কেন বলেন এটা কে ভিক্ষা বলবেন it’s not cada,ঢাকা,Dhaka,Mymensingh,Sarcastic_negative,0.538763152604266,model,False
সে চাঁদাদলের কেউ না ফখ রুল,Chittagong,,,Negative,0.7500950670659347,model,False
সমঝোতা বলবেন চাঁদা না!,Rangpur,,,Sarcastic_negative,0.5908097709171819,model,False
ওটা চাদা নয় সমঝোতার মাধ্যমে নেয়া হয়,Tangail,,,Sarcastic_negative,0.4651499822586957,model,False
সমঝোতা বলে এগুলো কে,Dhaka,,,Positive,0.4928869384703982,model,False
এটা তো সমঝোতা হতে পারে,Bagerhat,,,Negative,0.5722376763608292,model,False
সমঝোতা করে নেয় মনে হয়,Chittagong,,,Sarcastic_negative,0.4897921486520243,model,False
এখন সে হয়ে যাবে সাবেক।,Dhaka,Pabna,,Sarcastic_negative,0.4182888884397346,model,False
কিছু কিছু মানুষ এই পোস্টেও লাভ রিয়েক্ট দেয়...,Dhaka,,,Negative,0.701320299085109,model,False
"""আরে এটা চাঁদার টাকা না,,এটা সমঝোতার টাকা""",কুমিল্লা,Chittagong,Comilla,Positive,0.424326281368546,model,False
চাঁদা নয়! সমঝোতা বলুন,Dhaka,Gazipur,Manikganj,Sarcastic_negative,0.4441314835568538,model,False
সবকিছুই প্ল্যান মোতাবেক হচ্ছে,Sylhet,,,Sarcastic_negative,0.405678282459604,model,False
লিডার চালিয়ে যান পুরো পৃথিবী আপনার বিপক্ষে থাকলেও আমি কিন্তু পৃথিবীর পক্ষেই আছি.,Dhaka,Tangail,,Positive,0.5659698867664855,model,False
এই এই এটাকে চান্দা বললো কে?,Barisal,,,Negative,0.5771567411168118,model,False
সম্ভবত চালক সমঝোতা করতে চায়নি,Rangpur,,,Sarcastic_negative,0.5139854689679714,model,False
এগুলা দেখলেই এখন লাভ রিয়েক্ট দিতে মন চায়?,Dhaka,,,Negative,0.4051967638160539,model,False
এটা চাঁদা বলা যাবে না সমঝোতা বলে,Khulna,Jessore,,Positive,0.4990705641081306,model,False
"""সমঝোতার মাধ্যমে হলে কোন সমস্যা নেই,,""",Khulna,Jessore,,Sarcastic_negative,0.4303900831118621,model,False
ভোট দিব কিসে ধানের শিষে।,রাজশাহী,Dhaka,Faridpur,Sarcastic_negative,0.8192691178414194,model,False
লেতায় সমঝোতা করতে ছিল।,Dhaka,Barisal,Bhola,Sarcastic_negative,0.6731986869853419,model,False
সবই সমঝোতার খেলা,Dhaka,Naogaon,,Sarcastic_negative,0.4262127400874145,model,False
সমস্যা কি সমঝোতার মাধ্যমে হইছে,ঢাকা,,,Sarcastic_negative,0.434188705759444,model,False
ধরা কি ঠিক হলো?,Rajshahi,Natore,,Sarcastic_negative,0.409224430987859,model,False
হ্যাতেও বুঝি ন্যাতা,Chittagong,Noakhali,,Sarcastic_negative,0.405277179933001,model,False
সামনে ঈদ এটুকু তো তুলবেই,Dhaka,Kurigram,,Sarcastic_negative,0.550013924886642,model,False
এগুলো এডিট করা যায়,Dhaka,Mymensingh,,Positive,0.5441137056756701,model,False
সমঝোতা কইরা নিছে নাকি জোর কইরা?,Dhaka,Chittagong,Narayanganj,Sarcastic_negative,0.4392066122291973,model,False
সেই কালারের সেই নেতা।,Dhaka,,,Sarcastic_negative,0.4048740221864882,model,False
সমঝোতা করে তুললে চাঁদা বলা যাবে না,Narayanganj,,,Positive,0.6945320180589201,model,False
হে তো বাসের কন্টাক্ট ছিল,Dhaka,,,Negative,0.43378366603564,model,False
এটাকে বলে সমঝোতা।,Dhaka,Munshiganj,,Positive,0.5444230565877427,model,False
"""কখন যে আমি ও রাস্তা চলার সময় আটক হয়ে যায়,""",ঢাকা,Dhaka,Mymensingh,Negative,0.4467495953057332,model,False
এটা হল সমঝোতা চাঁদা বলতে হয় না,Dhaka,,,Negative,0.427275315780862,model,False
সমঝোতা করতে গিয়েছিল ভাইটি,Dhaka,Gazipur,,Sarcastic_negative,0.5441711849099515,model,False
কোন এলাকার যুবদল নেতা এটা একটু ক্লিয়ার করবেন না?,ঢাকা,ময়মনসিংহ,Dhaka,Negative,0.5006158587909902,model,False
খেলা শুরু হয়ে গেছে,রংপুর,Rangpur,,Sarcastic_negative,0.6856096614773873,model,False
খেলা যে চলছে কোন লেভেলের!,Dhaka,Barisal,,Sarcastic_negative,0.54418546064319,model,False
আচ্ছা মতো বাটাম দিয়ে লাইনে আনতে হবে!,Dhaka,Chittagong,,Neutral,0.5727426808490965,model,False
এতে নুতন কি ?,ঢাকা,Dhaka,Barisal,Sarcastic_negative,0.6727001265782909,model,False
সম্ভবত সমঝোতা করে চাইনি,Chittagong,,,Positive,0.5477755655745393,model,False
সমঝোতার মাধ্যমে নেয় সমস্যা নাই,Dhaka,Mymensingh,Gaibandha,Sarcastic_negative,0.4023433957860889,model,False
"""দিল্লি নয় পিন্ডি নয়, সবার আগে চান্দা।…""",Dhaka,,,Sarcastic_negative,0.5455737226305098,model,False
একটু সমঝোতা করতে গেছিলো কিন্তু জনগণ ভাবলো চাঁদা তুলতে গেছে,Dhaka,,,Sarcastic_negative,0.8613475071947263,model,False
এখন সে হয়ে যাবে সাবেক।,Dhaka,Munshiganj,,Sarcastic_negative,0.4182888884397346,model,False
জামাই আদরে ছেড়ে দিলে আটক করার কি দরকার,Dhaka,Chittagong,Brahmanbaria,Positive,0.477180798089336,model,False
সমঝোতা করতে চায়ছিলো মনে হয়,Dhaka,,,Sarcastic_negative,0.7417008443505323,model,False
Part of I have a plan. Nothing to worry,Dhaka,,,Sarcastic_negative,0.4574595031177988,model,False
চাদা বইলেন না সমঝোতা বইলেন,Dhaka,,,Sarcastic_negative,0.5264133471597507,model,False
হাতে হাতে সমঝোতা করলে তো হয়,Rangpur,Lalmonirhat,,Sarcastic_negative,0.4636390176913662,model,False
আটক আর …,Dhaka,Rangpur,Nilphamari,Positive,0.7260696133761247,model,False
এটাকে সমঝোতা বলে,Narayanganj,,,Positive,0.5444230565877427,model,False
"""নৌকা দিল্লিতে,জামাত পাকিস্তানে, ধানের শীষ দাড়িয়ে আছে মাতৃভূমির কল্যানে""",Sylhet,Habiganj,,Sarcastic_negative,0.5300196147196854,model,False
চাঁদা নিচ্ছে ঠিক আছে কিন্তু চাঁদাবাজি তো করে নাই,নওগাঁ,Rajshahi,Naogaon,Negative,0.5336714012189185,model,False
মিলেমিশে কাজ করাই সমঝোতার বাংলাদেশের,Dhaka,,,Positive,0.8472506244404051,model,False
আরে এটা কোন বিপার নয় ওই যে বলেছেন সকালে আটক আর বিকালে নাটক এটায় হবে,Dhaka,,,Positive,0.4265765999354511,model,False
ভাই ওটা কি চাঁদা বলেন না ওটা আপসে যেটা লেনদেন হয় সেটাকে চাঁদা বলে না,ঢাকা,,,Sarcastic_negative,0.5446201914112038,model,False
এটা চাদা না এটা সমঝোতা,Dhaka,,,Negative,0.4655637583623184,model,False
চাদা তুলে এনে দিলে পুরস্কার ধরা পড়লে বহিষ্কার,Dhaka,,,Sarcastic_negative,0.578732686094569,model,False
"""বাংলার দামাল ছেলে,,চান্দা ভাই জিন্দাবাদ,,""",Dhaka,,,Sarcastic_negative,0.5881781337447347,model,False
আরে ঐটা চাঁদা না ভাই ঐটা সমঝোতা,Dhaka,,,Positive,0.6320594611219325,model,False
ওইটা চাঁদা না ভাই এটা সমঝোতা,Dhaka,Barisal,Bhola,Negative,0.5503634905433182,model,False
চেহারা দেখলেই বুঝা যায় গান্জুইট্টা।,Dhaka,Chittagong,Narsingdi,Negative,0.4555594365777244,model,False
"""আসে সবাই মিলে দেশ গড়ি, ধানের শিষে ভোট দিয়ে চাদা বাজ মুক্ত দেশ গড়ে তুলি""",সিলেট,Sylhet,,Sarcastic_negative,0.4770796866487852,model,False
ক্যান ফ্যামিলি কার্ড নিজে পায়নি বুঝি,Dhaka,Rangpur,Gaibandha,Sarcastic_negative,0.4705951860420802,model,False
এটাকে চাঁদা বলেন না এটা হল সমঝোতা।,Dhaka,,,Negative,0.4108399161877143,model,False
এটা চাঁদাবাজি নয় এটা সমঝোতা,Dhaka,Rajshahi,,Negative,0.576702088004467,model,False
আটকের পর সমঝোতা বুঝতে পারছি,Pabna,,,Negative,0.496802319118822,model,False
"""সমঝোতা করতে গিয়েছিল, এইটাকে চাদা বলেন কেন??""",Dhaka,Madaripur,,Sarcastic_negative,0.6181199124155798,model,False
খবরে হেডলাইন দেওয়ার আগে আগেই তারে ছাইড়া দিছে খবর নেন।,Dhaka,,,Sarcastic_negative,0.4541498801944623,model,False
আরে সাবেক বললেন না যে?,Dhaka,Bagerhat,,Positive,0.5341279221863097,model,False
আমরা যেই দলেরই হয় না কেন দয়া করে চাঁদাবাজি থেকে নিজেকে সবাই বিরত রাখব ইনশাআল্লাহ আমরা সকলেই হালাল রুজি কামাই করে খাব কেননা হ…,Dhaka,Mymensingh,,Negative,0.6933296501098463,model,False
বিকাল নাটক সকালে নাটক,Cox's Bazar,,,Sarcastic_negative,0.7555686968580614,model,False
চালিয়ে জান নেতা পুরো পৃথিবী আপনার বিপক্ষে থাকলেও আমি পৃথিবীর পক্ষেই থাকবো..,Dhaka,,,Positive,0.5643153549047587,model,False
যেদিকে তাকাই সেদিকে যুবদল,রংপুর,Cox's Bazar,,Sarcastic_negative,0.4391927184272905,model,False
আরে ভাই এটা চাঁদা না এটা সমঝোতা,Dhaka,,,Positive,0.4634100540383762,model,False
হিরো ইঞ্চির মত দেখতে আবার বলে যুবদল নেতা,গাজীপুর,Dhaka,Gazipur,Positive,0.7440193091875041,model,False
সমঝোতার মাধ্যমে চাঁদাবাজি করতে হবে।,Sylhet,,,Neutral,0.6532670855548367,model,False
সমঝোতার মাধ্যমে ডিম থেরাপি দেওয়া হউক,Dhaka,Rangpur,,Neutral,0.4418145222090203,model,False
সমঝোতা করেই চাঁদা নিতে হয়,Dhaka,Shariatpur,,Sarcastic_negative,0.423538965512802,model,False
তাহলে কি সমঝোতা হয়নাই,Dhaka,,,Sarcastic_negative,0.463232451414416,model,False
এখানে হতবাক হওয়ার কিছু নাই আমরা জনগণই চাইছি আগের মত দেশ চলার জন্য নতুন কিছু পরিবর্তন না হওয়ার জন্য এগুলো তো আগেও ছিল বর্তমান…,Chittagong,,,Positive,0.4952711166948867,model,False
সাংবাদিক সাহেব আপনি ভুল লিখেছেন এটা চাঁদা হবেনা এটা সমঝোতা হবে,Dhaka,Sunamganj,,Neutral,0.8285494965057632,model,False
গরম ডিম দেওয়া হউক,Dhaka,Shariatpur,,Neutral,0.7190159432399396,model,False
profession যদি চাঁদাবাজি করা হয়।তাহলে কি বাদ দেওয়া যায়।,Rajshahi,Joypurhat,,Neutral,0.4042368005693627,model,False
ওটা চাদা না সমঝোতা,Dhaka,Narail,,Sarcastic_negative,0.4824074623380299,model,False
Icca,Dhaka,Chittagong,,Sarcastic_negative,0.4146276795977892,model,False
এইটা সাদা না এটা সমঝোতা,Chittagong,,,Negative,0.5503570860078737,model,False
রোজা রাখা অবস্থায় চাঁদা উঠাইলে কি রোজা ভেঙ্গে যাবে??,Dhaka,,,Negative,0.4493864411053344,model,False
আটক করার কি দরকার একটু সমোঝোতা করলেই তো হতো,Dhaka,Gazipur,Bagerhat,Positive,0.43730443481868,model,False
সমঝোতার ভিত্তিতে ইহা গ্রহন করতে গেছিলো,কুড়িগ্রাম,Dhaka,Rangpur,Sarcastic_negative,0.5826555793834185,model,False
বেচারা ঈদ উপলক্ষ্যে একটু চেষ্টা করেছিল,Dhaka,Chittagong,Cox's Bazar,Positive,0.4143102659541853,model,False
আচ্ছা,চট্টগ্রাম,Chittagong,,Sarcastic_negative,0.4597443709473591,model,False
মায়াবী চেহারা,Dhaka,Narayanganj,Brahmanbaria,Sarcastic_negative,0.4562312030202698,model,False
ফ্যামিলি কার্ডের টাকা যোগান দিতেই এরা কঠোর পরিশ্রম করে চাঁদা তুলে ৷ চ্যানেল ২৪ এদের নামে বদনাম ছড়িয়ে দিচ্ছে ক্যান বুঝলাম না ৷,Dhaka,Gazipur,Madaripur,Negative,0.4450261821127086,model,False
"""বর্তমানে, সকল প্রকার চাঁদাবাজির সাথে ঐ দলটাইতো জড়িত?""",Sylhet,,,Negative,0.7499737637730095,model,False
সমোঝোতায় কাজ হয় নাই!!,Dhaka,Rangpur,,Sarcastic_negative,0.4273830353228119,model,False
"""‌মিথ‌্যা কথা, এরা চাঁদাবা‌জি ক‌রেনা।""",Dhaka,Chandpur,,Positive,0.5028182149174727,model,False
ডিম থেরাপি দেওয়া হোক,সিলেট,Sylhet,,Neutral,0.6683647112038679,model,False
ঠিক হয়ে যাবে,Dhaka,Gazipur,,Sarcastic_negative,0.4555781909574683,model,False
এই চান্দার জন্যে সমঝোতা খুশি আর সমঝোতার জন্যে আপনি খুশি …,চাঁপাইনবাবগঞ্জ,Sylhet,Chapainawabganj,Positive,0.4275334386925269,model,False
সারাদেশে আয় নেতায় নিয়ে জাবে।১০/'আর জেলেই গেল কে।,Chittagong,Feni,,Positive,0.6600403899559207,model,False
সমঝোতা হয় নাই মনে হয়।,Rajshahi,Natore,,Sarcastic_negative,0.5730048979929501,model,False
বেগুন দিয়ে দাও,নাটোর,Dhaka,Bogra,Sarcastic_negative,0.403210270295457,model,False
হয়ে গেল সমঝোতা,Dhaka,,,Sarcastic_negative,0.6239334319808304,model,False
তাকে পুরস্কৃত করা হোক,Khulna,Magura,,Positive,0.7319282162650571,model,False
আলহামদুলিল্লাহ,কুষ্টিয়া,Dhaka,Khulna,Positive,0.6961564278676875,model,False
আহ্,ব্রাহ্মণবাড়িয়া,Chittagong,Chandpur,Sarcastic_negative,0.6598777551039872,model,False
দুই তিন পরে আবার নিউজ উল্টায় যাবে,Dhaka,Khulna,,Negative,0.4672050004527207,model,False
হা,Dhaka,Rangpur,,Negative,0.4327698854522958,model,False
দু পরে তদন্ত করে রিপোর্ট উল্টে যেতে পারে,Chittagong,Chandpur,,Negative,0.4210444255344291,model,False
আইনের আওতায় আনা হোক তাকে,Sylhet,,,Neutral,0.523066396100184,model,False
চেহারা দেখতেই তো গাঞ্জা খোরের মত লাগে। সকালে আটক করবে। বিকেলে তো ছাড়াই পাবে চিন্তা আছে।,Chittagong,,,Negative,0.4993025940144109,model,False
Hoga lal kore daw bcg,Dhaka,,,Sarcastic_negative,0.5584928682710016,model,False
নেতা কট খেয়ে হয়ে গেছে খাতা,Dhaka,Chittagong,Chandpur,Sarcastic_negative,0.4891605861293956,model,False
এটা কি হল?,Dhaka,Chittagong,Noakhali,Negative,0.4895065132476734,model,False
গতকাল রাস্তায় দেখলাম বিএনপির লোকজন মিছিল করতেছে জামাত যেন চাদাবাজি বন্ধ করে,মানিকগঞ্জ,Dhaka,Manikganj,Negative,0.6126762997687958,model,False
Saif Sufian Shiam মনে হয় Ai,নরসিংদী,,,Sarcastic_negative,0.6382270067064915,model,False
এটা সমজতা না সাংঘাতিক,সিলেট,Dhaka,Sylhet,Negative,0.521632245635713,model,False
এটা তেমন কিছু না,Dhaka,Netrokona,,Sarcastic_negative,0.4282281407180058,model,False
"""চাঁদাকে বৈধ ঘোষণা করা হউক,আটক করার তীব্র নিন্দা ও পোতিবাদ জানাই""",Dhaka,,,Positive,0.5631594777307455,model,False
চাদা না সমোজোতা,Dhaka,,,Sarcastic_negative,0.4681719973849354,model,False
এটা বেপার না সমঝোতার মধ্যে হচ্ছে।,বরগুনা,Dhaka,Barguna,Negative,0.6503910213906285,model,False
হাত একটা কাটেন,Sylhet,,,Sarcastic_negative,0.5537317866110284,model,False
তারা তো মূলত চাঁদাবাজি করে প্রকাশ্যে অথবা গোপনে,Chittagong,,,Negative,0.5576738387979709,model,False
সমঝোতার মাধ্যমে করলেই পারতেন তাহলে তো ধরা খেতে হতো না,Dhaka,Sirajganj,,Sarcastic_negative,0.4219962545734664,model,False
সাব্বাশ ব্যাটা। আবার সোনার দেশ গড়বে।,Dhaka,Barisal,Narayanganj,Positive,0.4729672021891441,model,False
Oke diye jatir udhesshe vashon deyano hok,Khulna,Magura,,Sarcastic_negative,0.4797960023689407,model,False
উহু মুরুব্বী চাঁদা না সমঝোতা বলুন,ফরিদপুর,পাবনা,Dhaka,Sarcastic_negative,0.4371097571515336,model,False
সমঝোতা করতে ভুলে গেছে,চট্টগ্রাম,লক্ষ্মীপুর,,Sarcastic_negative,0.8267406993768763,model,False
দেশের সুর্য সন্তান,Chittagong,Lakshmipur,,Neutral,0.4066118423415371,model,False
একে তো হিরোইঞ্চি মনে হয়...,Panchagarh,,,Sarcastic_negative,0.6707386179637679,model,False
ore jubodol netar chokh lal kno,Khulna,Kushtia,,Sarcastic_negative,0.443515631308279,model,False
সমঝোতার ভিত্তিতে ছাইড়া দেন।,চট্টগ্রাম,,,Sarcastic_negative,0.4574079255253532,model,False
এর নাম বিএনপি যুবদল,Dhaka,,,Negative,0.8393114581220704,model,False
কামডা করলো কি?,Dhaka,Chittagong,Gazipur,Sarcastic_negative,0.4895993059405321,model,False
সাংবাদিকরা সমঝোতা কে চাদা বলতেছে।এমন স্বাধীনতা কি আমরা চেয়েছিলাম?,Mymensingh,,,Negative,0.589723933801068,model,False
সমঝোতার অভাব মনে হচ্ছে।,Dhaka,,,Sarcastic_negative,0.4654242051004453,model,False
"""আটকের নামে খেলাটা হচ্ছে সকালে শুরু বিকালে শেষ,, সাব্বাস আমার বাংলাদেশ,, চাঁদার বাজিতে ভরপুর""",Dhaka,,,Negative,0.5400862687131864,model,False
AK dom thik hoicy,Dhaka,,,Sarcastic_negative,0.4131390682284407,model,False
সকালে আটক বিকালে নাটক যদি এটা বন্ধ হয় তাহলে চাঁদাবাজি মুক্ত হবে,Dhaka,,,Sarcastic_negative,0.4615642085899243,model,False
ইনকাম সোর্স,Tangail,,,Sarcastic_negative,0.4146499608214398,model,False
বড় নেতা থানায় ফোন দিয়ে বলবো 54দারায় চালান…,Dhaka,,,Sarcastic_negative,0.4059637319176017,model,False
"""খাও বাবা, কিছু একটা করে খাও।""",Natore,,,Positive,0.5011380210719392,model,False
এগুলো তো সমঝোতা চাঁদ কেন বলবে ।,Khulna,Satkhira,,Sarcastic_negative,0.5456270966729191,model,False
ভদ্রলোক মনে হয় সারা কিছু খায়নি তারা হুরা করে বাসে উঠে চাঁদা ভুলে ছেয়ে বসলো,সিলেট,মৌলভীবাজার,Dhaka,Sarcastic_negative,0.5574923057827038,model,False
এত টকাই এ আবার নেতা হয় কেমনে,Dhaka,Mymensingh,Dinajpur,Sarcastic_negative,0.7003640314575953,model,False
চাঁদা না দিলে বাসের চাকা খুলে নিবে এটাও মাথায় রাখতে হবে যেহেতু বিচার কখনই হয় না।,বাগেরহাট,Dhaka,Gazipur,Neutral,0.6919099470309799,model,False
MD Jymil Ahmed Hridoy mama,Dhaka,Netrokona,,Neutral,0.6019883513721366,model,False
অবৈধভাবে আটকের জন্য তীব্র নিন্দা জানাই,চট্টগ্রাম,Cox's Bazar,,Sarcastic_negative,0.4882827441656481,model,False
চাঁদা বাজি জামায়াত করে নাকি কে করে অন্ধগুলোর দেখে নেয়া উচিৎ,বরিশাল,Dhaka,Jamalpur,Positive,0.4196273364023812,model,False
দে লাড়া চিনি ছাড়া,Sunamganj,,,Sarcastic_negative,0.4370311534210204,model,False
সামনে ঈদ,Chittagong,,,Sarcastic_negative,0.7055378041377445,model,False
ছিছি কি বলেন। বলেন যে সমঝোতা। চঁাদা বলতে নেই লক্ষি রাগ করবে,Bagerhat,,,Positive,0.4497271131732703,model,False
BNP er uchit tader Leader and Worker der training deya Jate Tara na Dora pore …,Khulna,Rangpur,,Neutral,0.4742801920962844,model,False
কঠোর ভাবে নির্মুল করতে হবে,চট্টগ্রাম,Dhaka,Chittagong,Neutral,0.8264363925619576,model,False
কি ভালো লাগে রে শুনতে।,গাজীপুর,,,Sarcastic_negative,0.5286216369009857,model,False
ভাই আমাদের সাধারণ মানুষের খুব অসুবিধা হয়। আমি জিনজিরার বাসিন্দা। মানে এখানে অনেক বড় লেভেলে চাঁদাবাজি হয়। বুড়িগঙ্গা নদী পার…,Dhaka,,,Negative,0.3996058459238256,model,False
ভালবাসি চান্দাদল,Dhaka,,,Sarcastic_negative,0.7493206871018256,model,False
MD Shah Jalal link lagbe?,ঢাকা,,,Neutral,0.5219946451675673,model,False
"""যত রাষ্ট্র কাঠামো ঠিক না হবে। প্রতিটা নির্বাচনে স্বচ্ছতা নিশ্চিত হবে তত NCP, BNP, JAMAT যেই ডাক দেক মাঠে নামবো। দেশের মা…""",Dhaka,,,Neutral,0.8302566284165854,model,False
"""আইন সবার জন্য সমান,, তারেক রহমান জিন্দাবাদ।""",Khulna,,,Positive,0.7985992087793423,model,False
এই লাইনে কিভাবে ঢুকা যায়। একটু পরামর্শ দিবা,Chittagong,Bandarban,,Negative,0.6626127532594557,model,False
থেরাপি দেওয়া হোক,Barisal,,,Neutral,0.6721175208454813,model,False
নাটক করে যদি ছেড়ে দেওয়া হয় তাহলে আর লাভ কি পুঁতে ফেলতে হবে,Dhaka,,,Neutral,0.631982759929293,model,False
"""শুধু আটক করলে চলবে না, পঙ্গু করে জেলে পাঠান। বাকি জীবনটা যেন জেলে কাটাইতে পারে।""",Dhaka,Gazipur,,Negative,0.5000761281551643,model,False
আরে এটা কোন ব্যাপার না বড় নেতা আছে না,Comilla,,,Negative,0.5476366792936387,model,False
আটক করাটা নাটক তা না হলে লেগুনার ড্রাইভার নাকি সিরিয়ালের জন্য মরছে একজন ডিসি বলে ধিক্কার জানাই এমন সংগঠনের প্রতি যারা মানুষের …,Dhaka,,,Positive,0.4018054689046401,model,False
Joy Bangla...,Dhaka,Munshiganj,,Neutral,0.632225438975923,model,False
"""সমজোতায় সব চলবে,, মিডিয়া ai দিয়ে ভিডিও বানিয়ে বলে যুবদল করছে ছাত্র দল করছে সব মিডিয়ার কারিশমা""",Tangail,,,Negative,0.6050280236815809,model,False
ওটা চাদা না সমোঝোতা,Khulna,Satkhira,,Sarcastic_negative,0.4657923254021706,model,False
"""খুব শিগ্রই সকল প্রকার চাঁদাবাজি বন্ধ হবে, ইনশাআল্লাহ।""",Khulna,,,Positive,0.4706980442247976,model,False
ছি ছি ছিহরে ননি ছিহ,Comilla,,,Negative,0.4131476037640123,model,False
মির্জা আব্বাস কে সমঝোতা ও চাঁদা বিষয়ক মন্ত্রী করার জোরদার দাবি জানাচ্ছি,ঢাকা,Cox's Bazar,,Negative,0.5306610486027377,model,False
সমঝোতার ভিত্তিতে টাকা দাও।,Cox's Bazar,,,Sarcastic_negative,0.4428304136005651,model,False
ঈদ মোবারক,Dhaka,,,Negative,0.6395218825268294,model,False
"""কিসের আবার চাঁদা, বাংলাদেশে চাঁদা আছে নী""",Mymensingh,Sherpur,,Negative,0.5862172514698712,model,False
আরে দূর এগুলো সমঝোতা এগুলো নিউজ করা লাগে,Chittagong,Noakhali,,Positive,0.5036508587017139,model,False
হেতেরে হিড়িয়ালা,Feni,,,Sarcastic_negative,0.4555791383945664,model,False
এই নিউজ চ্যানেলগুলো এত এত টাকা খাওয়ার পরেও বিএমপির বিপক্ষে কথা বলে এগুলো হলো নেমকহারাম,Dhaka,,,Positive,0.4831348591769884,model,False
লাগারে লাগা দোলায় লাগা,Chittagong,,,Sarcastic_negative,0.4006774163417432,model,False
বিএনপিকে দুর্বল করার জন্য ভেতর থেকেই কিছু গুপ্ত গোষ্ঠী অপকর্ম চালাচ্ছে। কিন্তু জনগণ আর অন্ধ নয়—সবই বুঝে গেছে। বিএনপি এখন প্রম…,Khulna,,,Positive,0.4680495728921399,model,False
নয়ন জুড়ানো খবর,Dhaka,Sylhet,Gopalganj,Sarcastic_negative,0.5304351806263152,model,False
"""মাশাল্লাহ, চালিয়ে যাও তোমরা।""",Dhaka,Barisal,,Negative,0.5264425737080487,model,False
ইন্না-লিল্লাহে ওয়াইন্না ইলাহে রাজিউন।,Chittagong,Noakhali,,Negative,0.4359525692058695,model,False
ঈদ মোবারক,Dhaka,,,Negative,0.6395218825268294,model,False
চান্দা ভাই তোমার ছাড় নাই।,Dhaka,Kishoreganj,,Sarcastic_negative,0.5927473019811144,model,False
আমার মনে হয় আওয়ামী লীগের ষড়যন্ত্র,Dhaka,Munshiganj,,Negative,0.4440451809030676,model,False
ওরা বলবে এটা জামায়াতে নেতা,Rajshahi,,,Negative,0.4101124554234674,model,False
ওই কেরে চাঁদা কে চাঁদা বলে বলো সমঝতা,Sylhet,,,Sarcastic_negative,0.6151156826704756,model,False
গরম ডিম দেন,Chittagong,,,Sarcastic_negative,0.4712246284917623,model,False
চাদারে চাদা সমঝোতা,Dhaka,Faridpur,,Sarcastic_negative,0.4632832562651909,model,False
এভাবে বলতে নেই,বগুড়া,Bogura,Bogra,Sarcastic_negative,0.4197631865071917,model,False
"""চান্দা না হাদিয়া আপ্নারা বুল বুজবেন না,,""",Sylhet,,,Sarcastic_negative,0.5263477395287769,model,False
আমরা মনে হয় আর বেশি টিকতে পারবো না,Lalmonirhat,,,Negative,0.6234209182226228,model,False
gorom dim deoa hok,Dhaka,Brahmanbaria,,Sarcastic_negative,0.4637288343529273,model,False
হাতে নাতে সে আর নতুন কি তারা চাদা তোলে এটা সবাই জানে।,Chittagong,Lakshmipur,,Positive,0.4004063802906597,model,False
চোখের এই অবস্থা কেন,Netrokona,,,Negative,0.6012934134647276,model,False
একটু সমঝোতা করে তারপর ছেড়ে দেন,Dhaka,Chittagong,Gazipur,Sarcastic_negative,0.4120443900452045,model,False
ভালো,Dhaka,Barisal,,Sarcastic_negative,0.4429275142032633,model,False
দেখে গান্জাখোর মনে হচ্ছে।,Dhaka,Rangpur,,Sarcastic_negative,0.5476453619444475,model,False
ওকি গাজা খেয়েছে চোখ লাল কেন ..?নাকি জনগণক খেলিয়েছে,Dhaka,,,Negative,0.5092906167694115,model,False
চাদা না হাদিয়া,Dhaka,,,Negative,0.4928821912810315,model,False
লাগারে লাগা ধান লাগা।,Sylhet,,,Sarcastic_negative,0.4536880086351741,model,False
চাঁদা বাজ কোন দলের হতে পারেনা,সিলেট,সাতক্ষীরা,সুনামগঞ্জ,Negative,0.7974567978064941,model,False
KaMiL AhMeD চান্দা লাগবোনি চান্দা,Sylhet,,,Sarcastic_negative,0.8539551545720845,model,False
বিচি কর্তণ করা হোক।,Tangail,,,Positive,0.6643110953614593,model,False
সমঝোতা হয়নি দাদা,Dhaka,Barisal,,Sarcastic_negative,0.5972660097699677,model,False
আওয়ামী লীগ চান্দার বাক্স এদের হাতে তুলে দিয়েছে....,নীলফামারী,Rangpur,Cox's Bazar,Sarcastic_negative,0.6234517309235832,model,False
বামভোলা,Chittagong,,,Sarcastic_negative,0.437875613930918,model,False
Abdur Razzak Sabu beta Dekh,Dhaka,Rangpur,,Sarcastic_negative,0.5567787258509472,model,False
"""তারপরও কি মানুষের চক্ষু খুলবে না, এখান থেকেও কি মানুষ শিক্ষা নেবে না, রাষ্ট্রক্ষমতায় কাদেরকে দরকার""",Tangail,,,Negative,0.522144597940932,model,False
বাহহ,Chittagong,Noakhali,,Sarcastic_negative,0.4092739080694085,model,False
পুটকি দিয়ে গরম ডিম দেওয়া হোক।,ঢাকা,Dhaka,Khulna,Neutral,0.4310036823673685,model,False
Oy to pinik,Dhaka,,,Neutral,0.5584151502881664,model,False
এই সব ভুয়া খবর জাতি বিশ্বাস করে না ..........নিস্পাপ একটা দলের নামে এই সব ঠিক না,Chittagong,Chandpur,,Negative,0.616127154939632,model,False
চাঁদাবাজ কোনো দলের হতে পারে না।,Dhaka,Jamalpur,,Negative,0.8339665985757476,model,False
এরাতো দেখছি দলডারে ডুবাইয়া ছারবে।,Dhaka,,,Negative,0.5948671205671352,model,False
কেন! আটক কেন????,নরসিংদী,Dhaka,Narsingdi,Sarcastic_negative,0.4913826354892263,model,False
আসলে এদের পতিভা আছে,Dhaka,Manikganj,,Negative,0.4545623269503188,model,False
মামা পিনিকে আছে,নরসিংদী,Dhaka,Rajshahi,Negative,0.5387385106644255,model,False
একবারের জন্য সোনা-মিয়ারে মাপ করে কাচা ডিম আদা সিদ্ধ করে পিছন দিক দিয়ে খাইয়ে দেন!,Feni,,,Positive,0.4533559730349247,model,False
আহারে বেচারা সমঝোতা করতে গেল আর আপনারা চাঁদাবাজ বলে ধরে নিলেন,Rajshahi,,,Sarcastic_negative,0.8210013935016897,model,False
এটা যুবদলের কেউ না,Chapainawabganj,,,Negative,0.4044066565331531,model,False
কি মামলা করল আসামি তো পরের ে ছাড়া পাইলো,Dhaka,Faridpur,,Negative,0.5076258024872543,model,False
গরম ডিম পাচায় তেল দিয়ে দেওয়া হোক,Chittagong,,,Neutral,0.6365258801810734,model,False
"""বিএনপি সরকার কে বলে এদের কাজের ব্যবস্থা করে দেন,,,,,আবার চাদা তুলতে লাগাই দিয়েন না""",Dhaka,,,Negative,0.5834440904715461,model,False
এই সমঝোতা কে যারা অন্য ভাবে প্রভাবিত করার চেষ্টা করছে।তারা সমঝোতার শত্রু।তাদের বিরুদ্ধে সমঝোতার ভিত্তি তে আইনানুগ ব্যবস্থা নেওয়া হবে,Dhaka,,,Neutral,0.551747631288012,model,False
ওরে কোন এঙ্গেলে নেতা মনে হয়।।।,Chittagong,Brahmanbaria,,Sarcastic_negative,0.5661551188103521,model,False
ধন্যবাদ সরকারকে।,Dhaka,Bogra,,Positive,0.559207427183656,model,False
ক্র স দিয়ে রাস্ট্রীয় ময়লা পরিস্কার করা হোক।,Dhaka,,,Negative,0.6334819168563834,model,False
আসলে আমাদের দেশে আমরা এখনো অন্য দেশের মত হতে পারলাম না এই বাংলাদেশেই যত রকমের অন্যায় অত্যাচার হয়ে থাকে,Chittagong,Chandpur,,Negative,0.5674992190999489,model,False
জাতীয় জাদুঘরে রাখার ব্যবস্থা করা হোক,Khulna,Gazipur,,Negative,0.4198448556404602,model,False
যে অন্যায় করবে সিদা পুলিশে তার কোন দল নাই।,Tangail,,,Negative,0.64399182958192,model,False
Chok lak,Dhaka,Gazipur,,Sarcastic_negative,0.4325379282004477,model,False
Aita nata hoy kivab a repotar gaja khaisa,Dhaka,Manikganj,,Neutral,0.5635459663206785,model,False
এটা কোনো কথা হেতো নিরীহ চাঁদাবাজ,Dhaka,Chittagong,Noakhali,Positive,0.4826892530575609,model,False
"""Ore netare, somjhota""",নওগাঁ,Rajshahi,Naogaon,Sarcastic_negative,0.4920862686563217,model,False
নতুন কিচু না৷,Dhaka,,,Sarcastic_negative,0.4176043236799438,model,False
পিসে দিছে এমন খবর নাই...,Dhaka,Comilla,,Sarcastic_negative,0.572183173208623,model,False
সকালে আটক বিকেলে জামিন এটাই নাটক এই নাটকই চলবে সালাউদ্ ের মন্ত্রণালয়,Dhaka,,,Negative,0.4335154309901688,model,False
সমঝোতার ভিত্তিতে চাঁদাবাজী!!! তাতে দোষের কি!!!! সত্যি সেলুকাস কি বিচিত্র এই দেশ.......,Dhaka,Chittagong,,Negative,0.7324755775578852,model,False
আলহামদুলিল্লাহ,Chittagong,,,Positive,0.6961564278676875,model,False
আহা সোনার দেশের সোনার ছেলেরা সমাঝোতা করে নিলেই কো হয়,ভোলা,Barisal,Bhola,Positive,0.4046179062801472,model,False
যত তাড়াতাড়ি সম্ভব ডিম থেরাপি দিতে হবে,Dhaka,,,Neutral,0.59974092479901,model,False
সমঝোতা হয়নি তাহলে,Dhaka,Chittagong,,Sarcastic_negative,0.5164572878210073,model,False
আমাদের রাজবাড়ী আরোও একধাপ এগিয়ে গেল।,Dhaka,Faridpur,Gazipur,Negative,0.4732874539951002,model,False
অনেকেই বলবে এটা জামায়াতের লোক কেননা বিএনপি এখনো চাঁদাবাজি করে না,Chittagong,Chandpur,,Negative,0.7352059571088475,model,False
এদের একটা কর্মসংস্থানের ব্যবস্থা করা হোক,Dhaka,Rangpur,Gazipur,Positive,0.5725979983132068,model,False
এ জন্য আমরা ৫ বারির চ্যাম্পিয়ন,Dhaka,Chittagong,Feni,Negative,0.4230135830862132,model,False
সমঝোতা না করে চাঁদাবাজি করা মোটেই ঠিক নয়,Dhaka,,,Positive,0.5224220496800229,model,False
হাড্ডি বাদে মাংস আলাদা করুক কোন দুঃখ নাই,Dhaka,,,Positive,0.635725895447241,model,False
"""আচ্ছা তাদের কি কর্মসংস্থান সৃষ্টির জন্য কিছু করেছে সরকার তাহলে তাদের কিভাবে চলবে আর নেশার টাকা কিভাবে ব্যবস্থা করবে,""",Dhaka,,,Positive,0.8106627582252521,model,False
এখন ক্ষমতার দাপটে চলেনা।,Dhaka,Sylhet,,Negative,0.4062634502894424,model,False
ভাই দলের নাম কাটি দেন না হয় খবর আছে,চট্টগ্রাম,Chittagong,,Negative,0.4949742676564813,model,False
"""ঈদ বোনাস হিসেবে নিয়ে,সমঝোতা করতেছে""",Dhaka,Rangpur,,Sarcastic_negative,0.717225012331881,model,False
না হ হেইয়া মুই বিশ্বাস হরিনা,Dhaka,Chittagong,Chandpur,Negative,0.4798790680897417,model,False
সমঝোতার ভিত্তিতে করেছে সমস্যা কি,Rajshahi,Pabna,,Positive,0.6992782773444309,model,False
ওরে ডিম থেরাপি দেওয়া হোক,Chittagong,Patuakhali,,Neutral,0.4253031895763043,model,False
না আমি বিশ্বাস করিনা,Dhaka,Kishoreganj,,Negative,0.5500770553742143,model,False
"""ফটোকার্ড টি Channel 24 এর নয়,""",Dhaka,Mymensingh,Sherpur,Sarcastic_negative,0.4142843165434363,model,False
ধন্যবাদ,Dhaka,Barisal,Barguna,Positive,0.7136673150457586,model,False
এই মাসে মুনাফা বেশি।,Sylhet,,,Negative,0.795874676734532,model,False
Jahid Hasan ঈদ বোনাস কালেক্ট করতে গেছিলো।,Chittagong,Barisal,,Sarcastic_negative,0.7402316601441831,model,False
সোনার ছেলেগুলাকে এভাবে আটক করা ঠিক না Monirul Islam …,Mymensingh,Sirajganj,,Positive,0.4665495144543096,model,False
চ্যাম্পিয়ান হতে হবে,Dhaka,,,Neutral,0.940316170140388,model,False
২ পর আসবে গুজব,Dhaka,Comilla,,Negative,0.4510089891797335,model,False
"""আস্তাগফিরুল্লাহ,, আপনাদের সাংবাদিকতায় ভুল আছে ওরা তো চাঁদা নেয় না। সমঝোতা করে""",বরিশাল,Chittagong,,Negative,0.6590856497884103,model,False
সমঝোতার মাধ্যমে ছেড়ে দেওয়া হোক।,Dhaka,Chittagong,Lakshmipur,Neutral,0.4429886462716967,model,False
সিদ্ধ ডিম থেরাপি দাও,Khulna,Jessore,,Sarcastic_negative,0.4381427300211032,model,False
এমন একটা আ্যাপ তৈরী করা হোক যেখানে চোর বাটপাড় মাদক খাদক ইত্যাদি সকল অপরাধীর তথ্য জানানো হবে। আর তদন্ত কমিটি করে প্রয়োজনে গোয়ে…,Dhaka,,,Negative,0.4162538582725746,model,False
কিছুক্ষণ পর ডিলিট করে দিয়ে বলবেন এটা ভুয়া নিউজ,Dhaka,,,Negative,0.5318229786665107,model,False
তারেক রহমানের কর্মসংস্থান,Dhaka,Barisal,Bhola,Positive,0.6897422455941867,model,False
সমস্যা নাই কোটে গেলেই জামিন দিবে।।। কালকে আবার দ্বিগুন মাত্রায় শুরু করতে পারবা।,Barisal,Narayanganj,,Negative,0.4290805656290856,model,False
"""কোন দলের নাম বলার দরকার নেই কারণ, যুবদল সেচছাসেবিদল ছাড়া অন্য কোন দলের লোক চাঁদাবাজি করেনা,।""",Tangail,,,Negative,0.5872656325499199,model,False
ভোট দেবো কিসে,Dhaka,Lakshmipur,,Sarcastic_negative,0.5525551095412418,model,False
"""ও মাই গড , চুদলিং পং""",Chittagong,,,Negative,0.5189226592425916,model,False
Anisur Rahman Rashed Ali tare cina cina lage na ni kow saine kuno jemon deksilam,Sylhet,,,Sarcastic_negative,0.546873600779713,model,False
"""এইটা নাকি যুবদল নেতা, নেতার আকাল পড়েছে...হাহা হাহা""",Dhaka,Netrokona,,Negative,0.4328628337324539,model,False
১৭ বছরের ক্ষিদের জ্বালা ভাই,কিশোরগঞ্জ,Kishoreganj,,Sarcastic_negative,0.6640979227550078,model,False
বট বাহিনী গুজব ছড়াচ্ছে বলে চালিয়ে,কুমিল্লা,Comilla,,Negative,0.441328582106779,model,False
আলহামদুলিল্লাহ,Sirajganj,,,Positive,0.6961564278676875,model,False
"""আরে ভাই বুঝেন না কেন, এটা তো চাঁদা না সমঝোতা""",কিশোরগঞ্জ,Rangpur,Nilphamari,Positive,0.4607162168555116,model,False
আমি বিশ্বাস করি না এমন টা হতেই পারে না গুপ্ত,Dhaka,,,Negative,0.6422715912369219,model,False
"""সুব কামনা ধনের সিশ,,,""",Dhaka,Feni,,Sarcastic_negative,0.5936660209780829,model,False
প্ল্যান,Chittagong,Noakhali,,Sarcastic_negative,0.4822105373699456,model,False
আহারে সমঝোতা করতে পারে নাই,কুমিল্লা,Narayanganj,Comilla,Sarcastic_negative,0.7744808945741931,model,False
"""ভুয়া সম্প্রচার ও গুজব শুধু ভুল তথ্যই ছড়ায় না—এগুলো মানুষের মধ্যে ভয়, অবিশ্বাস ও অস্থিরতা তৈরি করে। অনেক সময় একটি ছোট ভুল তথ্য …""",Dhaka,Gazipur,,Negative,0.5105222581400218,model,False
এটা সমঝোতা। চাঁদা বলবে না প্লিজ,Chittagong,Noakhali,,Negative,0.4284327041297379,model,False
নেশা করার টাকা নাই কি করবে।,Dhaka,,,Positive,0.6546846331057482,model,False
আসসালামু আলাইকুম Congratulations. …,সিলেট,Sylhet,,Negative,0.4256016141684697,model,False
এটা চাঁদাবাজি নয় রে লায়লা এটা সমঝোতা…,Chittagong,,,Negative,0.5728658159982918,model,False
যুবদল লিখে হয়ত ভুল করছে।,Dhaka,,,Negative,0.4465721475008019,model,False
"""চাঁদা বলতে নাই, সমঝোতা বলতে হয়।""",Dhaka,,,Sarcastic_negative,0.5854255274715615,model,False
"""আপসে যেইটা দেয় সেইটা চাদা না, একটা দলের পিছনে আপনারা কেনো লাগছেন? এইটা রমজান মাস, হয়তো সে জাকাত নিতে গেছে।""",Dhaka,Mymensingh,,Sarcastic_negative,0.4203964818699151,model,False
তাদের কাজ ত এটাই,Sylhet,,,Negative,0.559487968225621,model,False
চ্যানেল ২৪এত ভালো খবর দেই কিভাবে হাত কি একবার কাপলো না,Lalmonirhat,,,Sarcastic_negative,0.4719028255545092,model,False
পুটকিতে ডিম দেয়া হোক,Dhaka,Barisal,,Sarcastic_negative,0.5655515366175756,model,False
ধুর! ও বাসের কন্টাকটার ছিল।। …,Chittagong,,,Negative,0.500992897856227,model,False
সমঝোতা করলেই তো পারতো।,বরিশাল,Barisal,,Negative,0.5936405159324692,model,False
এইখানে সঠিক হেডলাইন করা হয়নি সমঝোতা বলতে হবে।,Dhaka,Rangpur,Dinajpur,Neutral,0.6740776069133444,model,False
এরা এত কোথায় ছিলো?,Dhaka,Pabna,,Sarcastic_negative,0.4929688811013037,model,False
"""এদের এসব নিউজ দেখতে দেখতে, এখন আর হা হা দিতেও ভালো লাগেবিধা না""",পাবনা,Pabna,,Positive,0.5575388712644335,model,False
ঠিক মতো বাটাম দেওয়া হোক। অপরাধীর কোন দল নাই,পিরোজপুর,Khulna,Bagerhat,Negative,0.4862972022709865,model,False
চাদা না সমাঝতা,Dhaka,Munshiganj,,Sarcastic_negative,0.473774266628217,model,False
Solid ganzakor lagse bara,Barishal,Barisal,,Sarcastic_negative,0.5684617283059582,model,False
"""সমঝোতাটা ঠিকমত হয়নি,তাহলে আর চাদা হতো না।""",Barisal,Bhola,,Sarcastic_negative,0.4306401483742345,model,False
সরকার ভাল কাজ করলেও অন্য দল বলবে নাটক,Chattogram,Cox's Bazar,,Sarcastic_negative,0.4535082900785706,model,False
আটকের নিউজটাও যেহেতু দেখাইছেন জামিনের নিউজ টাও দেখায়েন,Dhaka,Madaripur,,Sarcastic_negative,0.557266573065319,model,False
হাদিয়া,সিলেট,Dhaka,Rangpur,Negative,0.5787567362901818,model,False
"""সমঝোতার ভিত্তিতে টাকা উঠাইতে যেয়ে, বেচারা নতুন কর্মসংস্থানে ধরা খাইলো""",Dhaka,Gazipur,,Negative,0.459634024036175,model,False
Mahbubur Rahman দোয়া আছে,Sylhet,,,Negative,0.4909141043258787,model,False
"""বাঙ্গু যেমন চাইছে, তেমন ই পাইছে। বেচারার কি দোষ!""",Chittagong,Lakshmipur,,Sarcastic_negative,0.6833969271598359,model,False
ব্যাপার না শিবির বলে চালিয়ে দেও,রাজশাহী,Dhaka,Rajshahi,Positive,0.5520377718162093,model,False
Sundor to,Khulna,Jessore,,Neutral,0.452762537348561,model,False
যেহেতু আমাদের দলীয় লোক সেহেতু কোয়েল পাখির ডিম দেওয়া দাবি জানাচ্ছি।।,Dhaka,,,Negative,0.7305235698546448,model,False
এভাবে বলাটা ঠিক না,Chittagong,Chandpur,,Positive,0.4016672756725764,model,False
কোন দলের সৈনিক চাঁদা তোলে দৈনিক?,Dhaka,Gazipur,,Negative,0.8530712428991971,model,False
"""আমাদের যুবদল নেতা কখনো চাঁদা তুলতে পারেন না, এটা সমঝোতার বিত্তিতে টাকা নেই, এটাকে চাদা বলেনা, এটাকে বলে হাদিয়া,""",Dhaka,Kishoreganj,,Negative,0.4287614783083057,model,False
সমঝোতা চলছে,,Dhaka,,Sarcastic_negative,0.532094198117439,model,False
Samrat Akbar Jahirul Islam koi re toder lagbe naki chanda....hahaha,Dhaka,Chittagong,Lakshmipur,Sarcastic_negative,0.5163910391099976,model,False
ঘরে ডিম থেরাপি দেওয়া উচিত,Dhaka,,,Neutral,0.4765889331184865,model,False
২ পরে জানাব বাসে ঘুরতে গিয়েছিল। ভুল তথ্য দেয়া হয়েছে,Rangpur,,,Negative,0.7375681176092796,model,False
Carry-on,Dhaka,Gazipur,Pabna,Sarcastic_negative,0.4467697511240222,model,False
শিরোনাম ভুল হয়েছে যুবদল না। মনে হয় জামাত হবে। হাইরে নাটক কত কি দেখতে হবে,Dhaka,Gazipur,Naogaon,Neutral,0.7119877698498656,model,False
"""ঠিক করছে,,,""",Dhaka,Rangpur,,Negative,0.6820471536051537,model,False
এটা জামাতের বলে চালিয়ে দেয়া হোক,Dhaka,,,Positive,0.5468415772272921,model,False
এখনো আটক আছে নি? নাকি বাসায় চলে গেছে?,Comilla,Lakshmipur,,Negative,0.4389828120803486,model,False
a vabee bolle gunah hobe toh,Sylhet,,,Sarcastic_negative,0.4327332919685849,model,False
"""চাঁদা বিদেশি শব্দ তাই মন্ত্রী মহাশয় সংস্করণ করে! """"সমঝোতা"""" করেছেন,,এখন আর এটা অপরাধ নয়।""",ঢাকা,Dhaka,Barisal,Positive,0.6082018632857202,model,False
Good,Dhaka,,,Sarcastic_negative,0.4146276795977892,model,False
"""এদের কি কোন কাজ কাম নাই! এরা রাজনিতি করে শুধু ধান্দাবাজী করার জন্য। এরাই দলের ভাবমূর্তি নষ্ট করছে,,…""",Dhaka,,,Positive,0.5437825038904643,model,False
"""সবাই একসাথে মাঠে নামতে হবে, পরিবহন মন্ত্রীর পদত্যাগ দাবি করছি । তাহলে চাঁদাবাজরা মাঠ ছাড়বে।""",ব্রাহ্মণবাড়িয়া,Chittagong,Brahmanbaria,Negative,0.4209766551078965,model,False
কেন,Dhaka,,,Sarcastic_negative,0.6910718565772799,model,False
কড়া লেতা,Dhaka,Mymensingh,,Sarcastic_negative,0.4112034460354685,model,False
কোনো ছাড় হবে না। অপরাধ করলে ধরে ধরে জেলে। বর্তমান প্রধানমন্ত্রীর এইটাই নিয়ম। দলের নাম পদের নাম দিয়ে কোনো অপরাধ করলে ছাড় হবে না।,Chittagong,Brahmanbaria,Lakshmipur,Neutral,0.5287585426881165,model,False
মাত্র শুরু করছে,Dhaka,Gazipur,,Negative,0.5992047324392308,model,False
চলবেই ইনশাআল্লাহ,বগুড়া,Bogura,Bogra,Positive,0.8586366711306628,model,False
সমঝোতা ভালো হয়নি,Khulna,Jessore,,Sarcastic_negative,0.6054897052810237,model,False
২০ কেজি গাজা শালা একাই কাইছে মনে হয়,Dhaka,,,Sarcastic_negative,0.7563972134625224,model,False
ভালো ছেলে রাত জেগে কেবল চাঁদা তোলার জন্য জেগে থাকে,Comilla,,,Positive,0.6168640046729249,model,False
আমাদের মির্জা ফখরুল ইসলাম সাহেব বলল তারা নাকি চাঁদাবাজ এর সাথে জড়িত না তাহলে যুবদল কোন দলের,Bagerhat,,,Negative,0.7690207694979706,model,False
তিব্র নিন্দা ও প্রতিবাদ জানাই তার অধিকার থেকে বঞ্চিত করার জন্য,ময়মনসিংহ,Dhaka,Mymensingh,Positive,0.6270527206247294,model,False
"""Ke bolse chada,,eytato somjota kore nicche""",Comilla,,,Sarcastic_negative,0.4926826365897537,model,False
নতুন বাংলাদেশ,Dhaka,Faridpur,,Positive,0.5285421695865152,model,False
মির্জা আব্বাসের ঈদ বোনাস,Dhaka,,,Negative,0.7832819436669853,model,False
আলহামদুলিল্লাহ,Dhaka,,,Positive,0.6961564278676875,model,False
সমাজের সবার উচিত তাদের বাসায় গিয়ে চাঁদা দিয়ে আসা। তাহলে তাদের জন্য সুবিধা হবে।,বগুড়া,Rangpur,Bogura,Neutral,0.4374786874225738,model,False
চাদা না রমজান এর হাদিয়া বাবার কাইল্কার দোকান ভাড়া তুলতেছে,Dhaka,Barisal,Madaripur,Negative,0.4727496042208252,model,False
রমজান দেখি কমিয়ে দিছে রমজানে পড়ে সব জায়গায় শুরু হবে।,Rangpur,,,Neutral,0.6708748800246309,model,False
"""ওকে আটক করা মানি সমোঝতার গণতন্ত্র হরণ করা, এটা ঠিক হয়নি।""",Barisal,Bhola,,Positive,0.5304051696156056,model,False
আমার বাথরুম টা পরিষ্কার করে দিও চাদার চেয়ে বেশি পাবে,Dhaka,Pabna,,Negative,0.749207340902383,model,False
আলহামদুলিল্লাহ,Sylhet,,,Positive,0.6961564278676875,model,False
যেখানে চাঁদা বাজ পাইবেন সেখানেই পতিরোধ,যশোর,Khulna,Jessore,Sarcastic_negative,0.4526190531461591,model,False
আহ ইজ্জত,Dhaka,,,Sarcastic_negative,0.6331057167398478,model,False
"""ভোট দিছ কীসে, চান্দার শীষে। মারা তো খাইতেই হবে ভাইয়া""",Thakurgaon,,,Neutral,0.4838288077033281,model,False
"""সন্ত্রাস, চাঁদাবাজ, টেন্ডারবাজ এদের কোন দল নেই, নেই দেশপ্রেম। সুতরাং তাদের বিরুদ্ধে রুখে দাঁড়ানোর দ্বায়িত্ব আমার আপনার আমাদের সকলের।""",Comilla,,,Negative,0.7703810307699653,model,False
নাস্তা পানির ব্যবস্থা হয়নি,Dhaka,,,Sarcastic_negative,0.508433197096544,model,False
জামায়াত বলে চালিয়ে দেয়া যায় না,Dhaka,Joypurhat,,Positive,0.5822717821516455,model,False
আরে না এটা সমঝোতা,Dhaka,Rangpur,Lalmonirhat,Positive,0.658086809792071,model,False
ভাই এরে দেখলে তো নেতা মনে হয় না,Dhaka,,,Sarcastic_negative,0.402493857492908,model,False
ফেসবুকে রিফ্রেস দিলেই চাঁদার আপডেট,কুড়িগ্রাম,Dhaka,,Sarcastic_negative,0.459306339489633,model,False
চোখের শান্তি,Dhaka,Kushtia,,Sarcastic_negative,0.4121389258782394,model,False
সমঝোতা করতে গেছিলো বাসে,Rajshahi,Naogaon,,Sarcastic_negative,0.7667895254935926,model,False
ইডেট করে দাঁড়ি লাগিয়ে জামাত বলে চালিয়ে দেন,Dhaka,,,Positive,0.5009135148510078,model,False
Shonar Bangladesh,Dhaka,Comilla,,Neutral,0.51875581181517,model,False
মনে হয় Ai,Dhaka,Tangail,,Sarcastic_negative,0.6497441995253703,model,False
"""হয়তো সে ওই বাস ইজারা নিয়েছিল,শুধু শুধু সোনার ছেলেদের দোষ দেন""",Dhaka,Dinajpur,,Sarcastic_negative,0.4908445892692594,model,False
চোখ যে লাল তাতে মনে হয়........!!!,ঢাকা,Dhaka,Madaripur,Sarcastic_negative,0.6533113135638197,model,False
তাদের তো সংসার চালাতে হবে,Khulna,Satkhira,,Neutral,0.987106090802447,model,False
আমরা তো চাইছিলাম এটা হোক তাহলে এখন সমালোচনা কেন এই নিষ্পাপ চেহারা দেখে মনে হচ্ছে সে চাঁদাবাজি করতে পারে সে সদ্য বায়তুল মোকারর…,Dinajpur,,,Negative,0.5206984485064855,model,False
সমঝোতা করতে গেছে,Chittagong,,,Sarcastic_negative,0.8657356383165749,model,False
এখন তার সাথে সমঝোতা করা হোক,Dhaka,,,Positive,0.7736340840978221,model,False
সাব্বাশ,Dhaka,,,Sarcastic_negative,0.4632618426120441,model,False
ধর ধর,Dhaka,,,Sarcastic_negative,0.4840311871453396,model,False
সাব্বাস বেটা,Dhaka,Barisal,,Sarcastic_negative,0.4259222071210912,model,False
Jahed Benn Mahodi Bro ম ার ইসলামের বিশ্বাস করে চর্চা করার অনুসারী।,Chittagong,Bandarban,,Positive,0.5087187498695298,model,False
Sawat ana Lagan vai,Bogura,,,Sarcastic_negative,0.4614106054090972,model,False
লাগারে লাগা ধান লাগা,Dhaka,Madaripur,,Sarcastic_negative,0.4536880086351741,model,False
যাক এবার বের হয়ে মন্ত্রী হওয়ার সুযোগটা হয়ে গেলো,Rajshahi,,,Sarcastic_negative,0.6117888357035063,model,False
এটা আমি বিশ্বাস করিনা,Pirojpur,,,Negative,0.56932001346758,model,False
"""Egg terapi dea hok........sokol chadabuzder,""",Dhaka,Chittagong,,Sarcastic_negative,0.41091085966081,model,False
বাবা খোর ও লেতা,Dhaka,Comilla,,Sarcastic_negative,0.410131009648743,model,False
গুড,ফেনী,Dhaka,Feni,Sarcastic_negative,0.4080707400403309,model,False
Rashidul Islam Khokon Tor vai aita?,Bogura,Bogra,,Neutral,0.5265452847453144,model,False
rada haser dim diyen ore,Gopalganj,,,Sarcastic_negative,0.564721005234273,model,False
হেইয়ো,ঢাকা,,,Sarcastic_negative,0.4894202770987256,model,False
Adar baba naa nai,Dhaka,,,Neutral,0.4746229330697792,model,False
৫০০ টাকার বিনিময়ে ভোট বিক্রি করলে তো এমনই হওয়ার কথা এখন চাঁদা দাও আর কী করবা,Chittagong,Noakhali,,Positive,0.8278748676708406,model,False
সমঝোতা করতে পারে নাই আগেই কট খাইছে।,Dhaka,Rangpur,Lalmonirhat,Sarcastic_negative,0.645349853535313,model,False
জনগণ কি করে? চাঁদা নেওয়ার সাথে পেন্ট খুলে ছেড়ে দিবেন।,Dhaka,Kurigram,,Sarcastic_negative,0.526180073828725,model,False
Valo ador koro,Comilla,,,Sarcastic_negative,0.5022661518951564,model,False
লাগে তো বাচ্চা নেতা যুবদলের কেমনে হল যদিও বিএনপির নেতৃত্বে বয়স বুঝা যায় না উদাহরণ ছাএদল যুবদল,Comilla,,,Negative,0.6983952281847269,model,False
Rumon Miah chinoniba?,Dhaka,,,Sarcastic_negative,0.4402160616141733,model,False
দুই পরে আবার জামিন হইয়া গেলে আটকাইয়া লাভ কি?,Dhaka,Comilla,,Negative,0.7378395968334153,model,False
যুবদল-------_,Dhaka,,,Sarcastic_negative,0.4496741751627098,model,False
"""সব নেতা,কর্মী সমর্থক কেউ নেই এখন!!""",Chittagong,,,Positive,0.4983818976748053,model,False
ভুল এটা হবে সমঝোতা,Dhaka,Narail,,Neutral,0.9247714136386292,model,False
"""আহ্ চাঁদা আহ্,,,""",Khulna,Satkhira,,Sarcastic_negative,0.6987042967346958,model,False
রমজানের মাসে ১ টাকা চাদা নিলে ৭০ টাকার সওয়াব হবে,Dhaka,,,Neutral,0.8316942380552244,model,False
আমান-উল্লাহ আমান এই গুলো চোখে দেখ না বন্ধু,Dhaka,,,Negative,0.7374577315535552,model,False
"""নাহ, আমি দেখিতেছি যুবলীগ""",Dhaka,,,Negative,0.4063181837682748,model,False
ছাড়া পেয়ে যাবে কয়েক র মধ্যেই,বরিশাল,Barishal,Barisal,Negative,0.4289389775944885,model,False
Jobo dol ki bolo kotta dol,সিলেট,,,Sarcastic_negative,0.4056085656632941,model,False
ভাইয়া এ বছর ঈদের আনন্দ তো আপনি জেলের ভিতরে করুন,Dhaka,,,Sarcastic_negative,0.4678881595050536,model,False
Ore pitan dhore,Dhaka,Faridpur,,Sarcastic_negative,0.4743872821042726,model,False
চাঁদা সমঝোতা,কুমিল্লা,Dhaka,,Sarcastic_negative,0.4758755404447771,model,False
কিছু না ঈদের সালামি নিচ্ছে,Chittagong,,,Sarcastic_negative,0.4740781675635685,model,False
পিঠের চামড়া তুলে ফেলুন,Chittagong,,,Sarcastic_negative,0.5210399118821081,model,False
"""বিচার হবে নাকি, জামাই আদর করে ছেড়ে দেওয়া হবে , হুম।""",Dhaka,Kishoreganj,,Neutral,0.9811808446150372,model,False
ওরা তো এক একটা সোনার ছেলে। চাঁদা তাদের সাথে যায় না। এ হতেই পারে না। কিছু দলকানা এর চাইতে বেশি কিছু ভাবতে পারে না।,Dhaka,,,Negative,0.5658955479239111,model,False
একটু পরেই হবে নাটকের শেষ,Chittagong,Comilla,,Neutral,0.5906133514977281,model,False
খ্যাচড়া!!!,Dhaka,,,Sarcastic_negative,0.4395942666896285,model,False
সমোঝোতায়ই নিয়ে আসেন,ময়মনসিংহ,Mymensingh,,Negative,0.4512763685318796,model,False
হাদিয়া,Cox's Bazar,,,Negative,0.5787567362901818,model,False
একটু সমঝোতা করলেই হতো। তাহলে আর সমস্যায় পড়তে হতো না ওই নেতাকে।,ঢাকা,,,Sarcastic_negative,0.4064008038869124,model,False
চোখ লাল কিসে ?,Manikganj,Narayanganj,,Sarcastic_negative,0.5993083167639105,model,False
"""সকালে ধরা, বিকেলে ভিকটিম সাজার পালা, চরিত্র বদলায় তাড়াতাড়ি, যেন রিমোটের খেলা।""",Chittagong,,,Sarcastic_negative,0.4064692464161198,model,False
"""প্রশাসন দিয়ে ভরসা নেই, তাই পুলিশে সোপর্দ করার আগে ভালো করে উত্তম মাধ্যম ।""",Dhaka,Faridpur,,Positive,0.4282155773107916,model,False
ওর পাছার ভিতরে গরম ডিম ঢুকে,Dhaka,Khulna,Jashore,Sarcastic_negative,0.4024343426565266,model,False
সোনার বাংলাদেশ,Chittagong,,,Positive,0.5876886575218863,model,False
আটক মানে কি দু পরে ছেড়ে দেওয়া জনগণ কে কি বুঝানো,Dhaka,,,Sarcastic_negative,0.4098184193498022,model,False
এগুলো দ্রুত বন্ধ করু নয়তো পালাতে হবে,চাঁদপুর,Cumilla,,Neutral,0.4935447244069167,model,False
কামডা ওইলো কি,Dhaka,,,Sarcastic_negative,0.510440299110653,model,False
চোখ লাল কিসের ......,Dhaka,Chandpur,,Sarcastic_negative,0.4949972317574256,model,False
যুবদল না হয়ে চান্দাদল নাম টা হবে।,Dhaka,Kishoreganj,,Neutral,0.5314390865452953,model,False
তারেক রহমানের সোনার তরী,Dhaka,,,Positive,0.4328248323215301,model,False
যুব দল নেতা কি সবাই,Dhaka,Barisal,,Negative,0.4754036620850073,model,False
ছাইরা দেন সমযতার ভিত্তিতে হয়েছে,Dhaka,Lalmonirhat,,Sarcastic_negative,0.5778878172691033,model,False
তারেকের লোক বলে কথা,Gaibandha,,,Positive,0.7931081548926237,model,False
ডিম থেরাপি,Dhaka,Narayanganj,,Sarcastic_negative,0.4012848070943651,model,False
"""এটা চাদা নারে পাগলা,এটা সমঝোতা""",Chittagong,Brahmanbaria,,Negative,0.4592182932052174,model,False
Ami bissas kori na.,Chittagong,,,Sarcastic_negative,0.4239449282401509,model,False
Screen sort দিয়া রাখেন কারন কতক্ষণ পরে দেখবেন পোস্ট উধাও...!,Dhaka,Bogura,Sherpur,Negative,0.507780354335019,model,False
আটক তাতে কি? পরে আবার ছেড়ে দিবে। তার পিছনে বড় নেতা আছে। আমার কথা মিথ্যে হলে আমাকে একটা গালি দিবেন।,Dhaka,Gazipur,,Negative,0.7326178020329887,model,False
চাঁদা বলা যাবেনা বলুন সমঝোতা।,Dhaka,Comilla,,Sarcastic_negative,0.5010290681029872,model,False
এই দল থেকে এটাই আশা করা যায়,Dhaka,,,Negative,0.8701557803057511,model,False
"""শুধু আটক করতেই শুনলাম, তবে সাজা কি দিলো সেটা শুনলাম না""",Dhaka,Sunamganj,,Sarcastic_negative,0.488765656494271,model,False
চোখ লাল,Chittagong,Lakshmipur,,Sarcastic_negative,0.4930177857688834,model,False
সমঝোতার মাধ্যমে চাঁদা নিছে,বগুড়া,Bogura,Bogra,Sarcastic_negative,0.5181013573087506,model,False
মোবাইল খুললেই এত চান্দা এত চান্দা। চান্দা জালায় মোবাইল চালাতে ইচ্ছা হচ্ছে না।,Dhaka,Barisal,,Sarcastic_negative,0.8933828745451716,model,False
******বাংলাদেশে গাঁজা বন্ধ করে দিলে । চাঁদাবাজ ও বন্দ হয়ে যাবে।,Khulna,Magura,,Sarcastic_negative,0.6840234703046859,model,False
সিদ্ধ ডিম থেরাপি দেওয়া হোক,নোয়াখালী,Chittagong,Noakhali,Neutral,0.6101792337137963,model,False
সামালি,Dhaka,,,Sarcastic_negative,0.4494110672050871,model,False
এখন উকিল সাহেব বলেন। এটা সমঝতা মামলা ডিস মিস। …,খুলনা,Khulna,,Positive,0.5389697624259358,model,False
এতো দেখি ছেচরা এরা নেতা হয় কেমনে?,Dhaka,Sylhet,,Sarcastic_negative,0.7086479181271722,model,False
ত্যাগী কর্মী,Dhaka,,,Positive,0.7646401771036366,model,False
10% miss hoi gelo,Comilla,,,Sarcastic_negative,0.507583125649166,model,False
Koy minuter jonno,Sylhet,,,Sarcastic_negative,0.4731179147953545,model,False
গরম ডিম দেওয়া হউক,Sylhet,Sunamganj,,Neutral,0.7190159432399396,model,False
এটাই হচ্ছে খাম্বা তারেক এর দলের বৈশিষ্ট্য,Dhaka,,,Negative,0.6981084991407089,model,False
R8,Barisal,,,Sarcastic_negative,0.4146276795977892,model,False
"""আমরা সবাই পবিত্র রোযার পবিত্রতা রক্ষা করে চলি । নামাজটা ঠিক মতো পরি , রোযা ঠিক মতো রাখি আর যাকাত ঠিক মতো আদায় করি । নারী''র…""",Dhaka,,,Negative,0.551984587466121,model,False
Ai,Dhaka,Pabna,,Sarcastic_negative,0.4559430618929069,model,False
সমঝোতার কাজ চলতেছে তাতেই ধরা,Dhaka,Nilphamari,,Sarcastic_negative,0.4372187856362594,model,False
১৭ বছর নির্যাতিতদের এভাবে গ্রেফতার করা কি ঠিক হয়েছে ? একটু সমজোতা হতে পারতো না ?,Dhaka,Barisal,,Negative,0.4711875271693697,model,False
সমঝোতা হয়ে যাবে পুলিশের সাথে,কিশোরগঞ্জ,Kishoreganj,,Sarcastic_negative,0.5526967566786394,model,False
এখন শুধু চলবে চোর পুলিশ খেলা সকালে ধরবে রাতে ছেড়ে দেবে। আল্লাহ ছাড়া সাধারন মানুষের কেউ নেই।,Dhaka,,,Positive,0.4089247283001231,model,False
পুলিশের সঙ্গে সমোঝোতা করলে তো হতো,ঢাকা,কুমিল্লা,Dhaka,Sarcastic_negative,0.4045976706532631,model,False
"""হায় আল্লাহ, খালেদ! সমঝোতা কে এ জাতি বলে নাকি চাঁদা""",Rajshahi,Naogaon,,Positive,0.5841188889241262,model,False
যুবদল কি জামাতের নাম নাকি না এনসিপির দলের নাম,Dhaka,Khulna,Jessore,Negative,0.6667881167730327,model,False
আমি বিশ্বাস করি না,Dhaka,Chittagong,Brahmanbaria,Negative,0.5339033592297483,model,False
দুই পর আবার খাচার বাহিরে গিয়ে শুরু করবে...,Chittagong,,,Negative,0.735429838236826,model,False
"""সাব্বাশ বেটা, ফ্যামেলি কার্ড পর্যন্ত অপেক্ষা করার সময় নেই।""",Khulna,Jessore,,Negative,0.5199945876560745,model,False
আজকের মতো সবসময় দলের নাম সহ প্রকাশের জন্য অনুরোধ করছি। কারণ জাতি হিসেব মিলাতে চায়।,Dhaka,,,Negative,0.7006015784828543,model,False
সমঝোতা করে তোলার দরকার ছিলো,Dhaka,,,Positive,0.5974125314395887,model,False
সমঝোতার চাদায় আবার আটক কেনো নিন্দা জানাই,Dhaka,Barisal,Narsingdi,Negative,0.4489144735027429,model,False
Ore°লেতা রে,Sylhet,,,Sarcastic_negative,0.4690011643559869,model,False
চাঁদা না সমঝোতা,Dhaka,Mymensingh,,Sarcastic_negative,0.4626149889181559,model,False
"""সমঝোতা করে নিলেইতো হয়, চাঁদাবাজি করার কি দরকার।""",Chittagong,Lakshmipur,,Positive,0.5058463353228589,model,False
"""সেটা কোন বিষয় না,সমঝোতার মাধ্যমে নিছে হয়তো,""",Dinajpur,,,Sarcastic_negative,0.5990979457916922,model,False
সাবাস বিএনপি,Dhaka,,,Negative,0.97043012370482,model,False
আমাদের এলাকার টুকাই কয়টার বাড়ি বাড়ি গিয়ে বীক্কা তুলে …,সিলেট,Sylhet,,Negative,0.6215256827718562,model,False
তীব্র নিন্দা জানাচ্ছি। সমঝোতা কে চান্দা বলে চালাচ্ছেন সাংবাদিক।,Chittagong,Rangamati,,Sarcastic_negative,0.632024005200955,model,False
"""দয়া করে এটাকে চাঁদ বলবেন না,,, এইটা নির্দিষ্ট একটা দলের জন্য মহৎ কাজ,,,,""",Dhaka,Gazipur,Jamalpur,Negative,0.4904781918437454,model,False
সমঝোতা মনে হয়,Dhaka,,,Sarcastic_negative,0.662789459751689,model,False
এতো দেখতাম শুধু কট খাইতো এখন দেখি চাদা বাবার সিজন চলতেছে তা হলে মনে হয় মানুষ কটের দিক দেখে ফিরে আসতেছে,গাজীপুর,,,Negative,0.4398216008873739,model,False
থেরাপি দিতে হবে অন্যায়কে ন্যায় বলে চালনাোর কোন সুযোগ নাই,Dhaka,Khulna,,Neutral,0.5207308012075518,model,False
দেশের জনগণ ভোদায় না। আমরা সবাই বুঝি যে কারা চাঁদাবাজি করে। জামাত শিবিরে কোন পোলাপান আজ পর্যন্ত শুনলাম না তারা চাঁদাবাজি করে,Dhaka,,,Negative,0.6366377733052414,model,False
চাঁদাবাজ সন্ত্রাসীকে রুখে দিতে হবে সে যে দলেরি হোক না কেন,Dhaka,Barisal,Bhola,Neutral,0.6935104600024018,model,False
কি বলেন তোর চোখ দেখলে বুঝা যায় সে পিনি করতে গিয়ে কট খাইছে,Dhaka,Barisal,,Sarcastic_negative,0.5297736699085532,model,False
ওসব চাঁদাবাজদের জনগন ধরে পাচা লাল করতে হবে। প্রসাশন কিছু করবে না…..,Rangpur,,,Neutral,0.4437140402232999,model,False
নাহ এ হতে পারেনা আমি বিশ্বাস করিনা,Dhaka,Rajbari,,Negative,0.6192928468338279,model,False
এই চাঁদাবাজ দের জন্য সাধারণ মানুষ অতিষ্ঠ হয়ে গেছে,পঞ্চগড়,Panchagarh,,Negative,0.403843658713243,model,False
চোখ লাল হয়ে আছে কারণ কি,Chittagong,,,Sarcastic_negative,0.4551107813579038,model,False
"""Teke,asa""",Chittagong,,,Sarcastic_negative,0.4146276795977892,model,False
লাগারে লাগা পিটনি লাগা,Dhaka,,,Sarcastic_negative,0.4048000750754207,model,False
সবগুলোকেই সোজা করতে হবে।,Dhaka,,,Neutral,0.8648785900952422,model,False
লাগারে লাগা ধান লাগা,Dhaka,,,Sarcastic_negative,0.4536880086351741,model,False
ভোট দেব কিসে,Dhaka,,,Sarcastic_negative,0.5747473083935007,model,False
গরম ডিম তার গুহার ভিতরে ঢুকিয়ে দাও,Dhaka,,,Negative,0.4105976051947594,model,False
চাঁদা না কইয়া সমঝোতা কইলে কি হয়,Chandpur,,,Sarcastic_negative,0.5873891081692202,model,False
সমঝোতা করতে ব্যর্থ হয়েছে,বগুড়া,Bogura,,Sarcastic_negative,0.7645032065335534,model,False
ভিখারি লাইসেন্স কি পাওয়ার যোগ্যতা রাখে না...,Dhaka,Sirajganj,,Neutral,0.4336956091680096,model,False
মাইরি বিএনপি তো চাঁদা তুলে না বলছে। এটা মিসটেক হয়ে গেছে বোধ হয় ।,Dhaka,Rajshahi,,Negative,0.6933693801820632,model,False
উট পাখির ডিম দিতে হবে তাইলে শিক্ষা হবে তাছাড়া হবে না,Dhaka,Rangpur,Kurigram,Neutral,0.9798243342155716,model,False
"""এডিরে কি দলের তে কয় নাকি নিজের মরজি মতন, পকেটে টাকা নাই চান্দা তুলতে চলে যায়""",Comilla,,,Negative,0.4224897606255174,model,False
Mirza Kakrul Sala J kilo Oigula BNPr Kew Na,Dhaka,Khulna,Jessore,Sarcastic_negative,0.5978250903755635,model,False
কি খাবে তা ছাড়া,Dhaka,Barisal,,Sarcastic_negative,0.4230075180012709,model,False
Mahabub Alam esob ki ulta palta newz kore,Dhaka,Rangpur,,Sarcastic_negative,0.547930820821046,model,False
Size kora uchit sasti,Dhaka,,,Sarcastic_negative,0.5008121163886721,model,False
Somojhota,ঠাকুরগাঁও,Dhaka,,Sarcastic_negative,0.5007733480089135,model,False
মামায় তো পুরা চান্দের দেশে উড়তাছে,Dhaka,Munshiganj,,Sarcastic_negative,0.5930211210926345,model,False
চাঁদা নয় সমঝোতা,Dhaka,,,Negative,0.445045660840037,model,False
স্বাধীনতা স্বপক্ষের শক্তি এদের কেউ কিছু বলবেন না,বরিশাল,কুমিল্লা,Chittagong,Sarcastic_negative,0.4634272834088987,model,False
Vuwa news,Rangpur,,,Sarcastic_negative,0.4146276795977892,model,False
কিছু খন পড়ে বলবে জামাত নেতা আটক,Dhaka,Shariatpur,,Sarcastic_negative,0.4020739963657957,model,False
আবার ও দূর্নীতিতে ১ম হবে বাংলাদেশ,Dhaka,Bagerhat,,Neutral,0.8171502999822005,model,False
এইভাবে অপমান করে বলবেন না বলেন সমঝোতা ভিতরে টাকা তুলতে গিয়ে হাতেনাতে আটক চাঁদা কথা বললে ছাপড়ি চামচা রা গায়ে লাগে!,Sylhet,,,Positive,0.4978354512049477,model,False
"""কষ্ট হলেও চাঁদাবাজি সহ্য করেন ভাই, না হলে তো বুঝতেই পারছেন, দেশ রাজাকারদের দখলে চলে যাবে।""",নেত্রকোনা,Dhaka,,Negative,0.5094442701970596,model,False
চোখ লাল ঘুমাই না কয়,Khulna,Magura,,Neutral,0.4611067244937638,model,False
চ্যানেল২৪ বয়কট,Feni,,,Negative,0.5143490804994273,model,False
বিএনপি করলে সম্ভব,চট্টগ্রাম,Chittagong,,Negative,0.5744587634479802,model,False
এটা হলো সমাজোতা চাঁদা না,Dhaka,Gazipur,,Negative,0.5190400341752004,model,False
চান্দা ভাই,Dhaka,,,Sarcastic_negative,0.8657189384142382,model,False
আলহামদুলিল্লাহ,Dhaka,Pabna,,Positive,0.6961564278676875,model,False
মাশাআল্লাহ জাতীয়তাবাদীর সোনার ছেলে,Comilla,,,Negative,0.5648644317922487,model,False
অনেক ের উপাস,নড়াইল,,,Sarcastic_negative,0.4937645380539281,model,False
Bangladesh jindabad,Patuakhali,,,Neutral,0.4170408458508912,model,False
শিবির বলে চালিয়ে দাও,Dhaka,,,Positive,0.4566228867872495,model,False
POLICE E DEOA HOK,Chittagong,,,Sarcastic_negative,0.4573190027441932,model,False
এর জন্য মন্ত্রী দাই,Dhaka,Narsingdi,,Sarcastic_negative,0.6615921621226107,model,False
আইচ্ছা,Dhaka,,,Sarcastic_negative,0.451977813223693,model,False
কেমনে কি জাতি বিশ্বাস করবে না,Dhaka,,,Negative,0.4676975021530345,model,False
আচ্ছা মতো দেন আগে,Sirajganj,,,Positive,0.4330923686542263,model,False
"""Arifur Rahman দোস্ত, একটু না কইরা দিস।""",Dhaka,Barisal,,Sarcastic_negative,0.5871831740633168,model,False
এটা চাঁদা না সমঝোতা,Dhaka,,,Negative,0.593961867989871,model,False
হুমমম,Dhaka,Bagerhat,,Sarcastic_negative,0.4200272561668001,model,False
"""অবশ্যই খাবেন, যুদ্ধ করে আপনারা স্বাধীন করেছেন। প্রয়োজনে রাস্তার ইট খুলে বাড়ি নিয়ে যাবেন।""",Dhaka,Faridpur,,Sarcastic_negative,0.5137279146798152,model,False
পিছন দিয়ে ভরে দিলে?,Dhaka,Chittagong,Rajshahi,Negative,0.4368250375436331,model,False
"""ভোট দেবো ধানের শীষে, চাঁদা তুলবো মিলেমিশে।""",Dhaka,,,Sarcastic_negative,0.7285240068770685,model,False
জ্বি ভাই বাজারে ডাস্টবিনও আছে৷ আর নিচে নাই গেলাম৷,Dhaka,,,Negative,0.4707396535000946,model,False
খেতে খেতে ব্লাস্ট না হয়ে যায়,Dhaka,Narsingdi,,Sarcastic_negative,0.5318839211996643,model,False
"""ঠিক বলেছেন নেতা, হাট-ঘাট-মাঠ- এমন কি টয়লেটও খেতে হবে, বাদ দেয়া যাবেনা কোন কিছুই""",Dhaka,,,Neutral,0.6685529096568519,model,False
কমেন্ট পড়াও একটা সাহিত্য চর্চার মতো কেননা হৃদয়ের কথা লিখেছে কমেন্টে।,Dhaka,Pabna,Kushtia,Negative,0.4987033726098211,model,False
হা হা জয়যুক্ত হয়েছে ভাই।,Barisal,,,Sarcastic_negative,0.4136736281155712,model,False
"""অবশ্যই খাবেন, প্রয়োজনের বাথরুমের পায়খানাও খাবেন""",Dhaka,,,Sarcastic_negative,0.530417701174887,model,False
"""ভাই রোজা রমজানের মাস,,, দয়া করে রাতে ইফতারে পর খাইয়েন,""",Dhaka,Bogura,,Negative,0.503662567572789,model,False
তাহলে ত চাঁদাবাজিতে আমাদেরও হক আছে,Dhaka,,,Negative,0.8224637240172796,model,False
সাহরি খেয়ে নাও সময় আছে আর মাত্র ৫ ।,Chittagong,Mymensingh,,Negative,0.431971316484286,model,False
ঠিক আছে । হাট-ঘাট খা আর ভাত খাওয়া লাগবে না,Khulna,,,Negative,0.4151857712120455,model,False
এইবার ম‌নে হয় সারা‌বি‌শ্বে একই‌দি‌নে ঈদ হবে!,Dhaka,,,Neutral,0.6731623268405411,model,False
হাট ঘাট কি রান্না করে খায় নাকি সালাদ হিসেবে কেউ জানলে জানাবেন।,Khulna,,,Positive,0.4132376339324952,model,False
"""ok,আর যেনো কেউ না খায়!!!""",Sylhet,,,Positive,0.5835707583931111,model,False
"""চাঁন্দা না সমঝোতা বলবা''। নেতার নাম খাম্বা না """"বৈদ্যুতিক খুঁটি বলবা""""""",Dhaka,,,Sarcastic_negative,0.5409093607345021,model,False
"""মাশা আল্লাহ! আগামী পাঁচ মাসেই এই রেকর্ড ভেঙে নতুন ইতিহাস গড়বে—এটাই আশা, কারণ তারা দুর্দান্ত গতিতে এগিয়ে চলছে।…""",সিলেট,Sylhet,,Negative,0.7022472290114297,model,False
অতিরিক্ত খাইতে যেয়ে যেনো পেট নষ্ট না হয় এইদিকে খেয়াল রাইখেন?,Dhaka,Rangpur,Nilphamari,Negative,0.4905788642126982,model,False
ভাই আমার সত্যবাদী মনের ভেতরে কোন কথাই রাখেন না।…,Khulna,,,Negative,0.4364860518413838,model,False
কাকার কথায় আমি সহমত।,Dhaka,Shariatpur,Chandpur,Positive,0.4631569824739892,model,False
Faruk Ahmed আপনার কোনটা??? হাট না ঘাট?,Dhaka,,,Sarcastic_negative,0.8053360215770251,model,False
কেন নয় সবি তো তোমাদের,Cumilla,Comilla,,Negative,0.4456489099612945,model,False
সমঝোতার মাধ্যমে খেলে আশা করি পাপ হবেনা,Dhaka,Rangpur,,Neutral,0.6841950570937703,model,False
এবার মনে হয়। বাংলাদেশ চেম্পিয়ন হতে পারে বিশ্বে। তাহলে জুলাই যোদ্ধারা সবাই এ কাজ করতে পাড়বে।,Dhaka,Kishoreganj,,Sarcastic_negative,0.6034185941809215,model,False
চিন্তা চেতনায় ধ্যানে জ্ঞানে খাওয়া ছাড়া কথা নাই,Chittagong,Noakhali,,Positive,0.4709111710753103,model,False
কথায় যুক্তি আছে,Dhaka,Barisal,Bhola,Positive,0.5099950884411185,model,False
"""বাহ্ উনি তো চমৎকার কথা বলেছেন, কথায় যুক্তি আছে...!""",Chattogram,,,Positive,0.8653681411876889,model,False
তাই বলে রাতের বেলা মানুষ চোখে সানগ্লাস দেয়,ঢাকা,ময়মনসিংহ,Dhaka,Positive,0.5221550128515601,model,False
অলরেডি খাওয়া শুরু হয়েছে গুরু।,Dhaka,Narsingdi,Lalmonirhat,Neutral,0.4419522618927023,model,False
"""হাটের ইট, মাঠের পানি, লগে লেট্টিনের গুও খাইছ""",Dhaka,Kishoreganj,,Sarcastic_negative,0.5212936590028396,model,False
খায়ে নে বেশি করে কিছু পর ডাবল দিতে হবে,Dhaka,Gazipur,Kishoreganj,Neutral,0.565992448988701,model,False
হুম.... সেটাই তো কথা,কুমিল্লা,Dhaka,Comilla,Positive,0.7991846845557786,model,False
শুধু হাট-ঘাট কেন হাম্মাম খানাসহ খা ।,Dhaka,Kishoreganj,,Sarcastic_negative,0.4672760346574758,model,False
ওক্যরে ঠিক কথা -- চালিয়ে যান বস,Dhaka,Jamalpur,Sherpur,Positive,0.6472721856803125,model,False
রাতের বেলায় সানগ্লাস পরার মাঝে এক পইসাশিক আনন্দ আছে দেখে মনে হচ্ছে শরীরে একটা ভাব এসে যায়,Tangail,Jamalpur,,Negative,0.4373365811859878,model,False
"""ভাই ঠিকই বলেছেন, আপনার চেহারার সাথে কথাটা খুব মিলে।""",Dhaka,,,Positive,0.4324363066278604,model,False
স্বাস্থ্য দেখে তো অন্য খাদক মনে হচ্ছে,Dhaka,,,Sarcastic_negative,0.4218982724138606,model,False
"""আমিও আন্দোলনের পিছনে থাকা সে একজন, আমারও দরকার আছে হাট-ঘাট।""",চট্টগ্রাম,নোয়াখালী,Chittagong,Negative,0.6355198264086158,model,False
"""Apnar ma bon re deikha raikhen, kobe je ogulo khawa suru kore mamu""",নরসিংদী,Dhaka,Pabna,Sarcastic_negative,0.4364781703870702,model,False
"""17 বছরের ক্ষুধার্ত আপনারা, দেশটা একসাথে খাইয়েন না। …""",Dhaka,,,Sarcastic_negative,0.7721401564412212,model,False
তাহলে তুমি বাদ যাবা কেন? MD Rakibul Islam Bappy …,Dhaka,,,Sarcastic_negative,0.4146094431780104,model,False
আলহামদুলিল্লাহ দেখেও শান্তি। এই জাতির জন্য এইগুলাই ঠিক আছে। ভোট দিবেন ভাই কিসে? ধানের শীষে,নওগাঁ,Naogaon,,Positive,0.6400793246471809,model,False
খেলা কোন লেভেলে..?,Dhaka,,,Sarcastic_negative,0.4349723980997432,model,False
সেটা কিন্তু অবশ্যই সমঝোতার ভিত্তিতে হতে হবে। কেমন--,খুলনা,Dhaka,,Neutral,0.6653493044630819,model,False
একদম মনের ভেতরের কথাডা কইয়া ফালাইছেন বড় ভাই।,Dhaka,Khulna,Comilla,Sarcastic_negative,0.4473071134247292,model,False
"""বাহ বাহ চমৎকার কথা,খুব ভালো লাগলো, উল্লুকা পাঠার দল""",Dhaka,,,Positive,0.4575195918789126,model,False
সমঝোতার মাধ্যমে খেলে কোনো সমস্যা নাই,Dhaka,,,Sarcastic_negative,0.4317454522433112,model,False
কথায় যুক্তি আছে,Dhaka,Brahmanbaria,,Positive,0.5099950884411185,model,False
ঠিকিত বলেছে ভাই আমার,Dhaka,,,Negative,0.4175187592408675,model,False
সমঝোতা করে খাও ভাই।,ঢাকা,পঞ্চগড়,Dhaka,Positive,0.8302793109881251,model,False
সমঝোতা করে খেলে ভালো হয়,Dhaka,,,Positive,0.5273091157114913,model,False
আমাকেও একটু দিয়েন আমি ও আন্দোলনের সাথে জড়িত ছিলাম,Dhaka,,,Negative,0.5473851308576266,model,False
"""Belal Uddin, MD Jahangir Alam, Abdur Rahim Rahul কি খবর বড় ভাইয়েরা""",Chittagong,Noakhali,,Sarcastic_negative,0.4583579097093586,model,False
সাবধান বেশি খাইলে কিন্তু বদহজম হয়,Dhaka,Pabna,,Sarcastic_negative,0.6362544310744123,model,False
AR Shaiket আমরাও তো ছিলাম আমাগো হাট ঘাট কই?,Khulna,Barisal,,Negative,0.6212961213377078,model,False
Md Kajol ভাই দেওয়ান বাজার আজকে ই দখল দেন,Dhaka,,,Neutral,0.6359651685280181,model,False
ভাইটি রাতের বেলা সানগ্লাস পরে যখন বলছে তখন ঠিকই বলছে,Sylhet,,,Negative,0.4032298917635679,model,False
"""চলার পথে সমালোচনা থাকবেই, আপনি সেদিকে কান না দিয়ে সোজা পাবনার দিকে এগিয়ে যান।""",Chittagong,Brahmanbaria,,Sarcastic_negative,0.6035643655584978,model,False
ভোট দিবো কিসে ধানের শীষে।,Dhaka,Gazipur,Pabna,Sarcastic_negative,0.8179795356126848,model,False
"""আর বাসস্ট্যান্ড, টেম্পুস্ট্যান্ড খাবে স্বেচ্ছাসেবক দল""",চট্টগ্রাম,Chittagong,,Negative,0.4322694565819239,model,False
কালা চশমা না লাগালে মনে হয় নেতা হওয়া যায় না,Natore,,,Sarcastic_negative,0.5891631994505138,model,False
"""ভোটটা দিবো কিসে,,, ধানের শীষে""",Dinajpur,,,Sarcastic_negative,0.8554994716947082,model,False
অবশ্যই বস খাবেন সাবধানে খাইয়েন যাতে ইট বালু গলায় না আটকে লক্ষ রাখবেন,Dhaka,Kishoreganj,,Sarcastic_negative,0.5176804831672012,model,False
সুন্দর বলছে,Dhaka,,,Sarcastic_negative,0.4015867447785478,model,False
কথা ক্ল‌িয়ার,Dhaka,Khulna,,Positive,0.8825923269480422,model,False
Wonderful khaw Bhai asto gorur roast khaw... Heart block hoye joldi Moro.. parle ektu ratom khaiyya feilo,Dhaka,,,Neutral,0.4186996690374113,model,False
ও তাইতো আমার তো মনে ছিল না,Dhaka,Bagerhat,,Negative,0.8525569989435778,model,False
বেশি দেরি না জয়বাংলা হয়ে যাবেন,Sylhet,,,Sarcastic_negative,0.5157352633640587,model,False
মাশাল্লাহ সমঝোতা বলে কথা,কক্সবাজার,Rajshahi,Sirajganj,Positive,0.897955563871255,model,False
ভোট দিবা খাইতে দিবা না তা হবে না,Dhaka,,,Neutral,0.7948068617790678,model,False
নতুন,Dhaka,,,Sarcastic_negative,0.4163122041608352,model,False
অনেক সময় রাস্তাঘাটে গু পরে থাকে এগুলাও কি খাবে? ক্লিয়ার করে কথা বলেন আপনাদের এই এক দোষ,Dhaka,,,Positive,0.7361123123359927,model,False
সহমত,সিলেট,ভোলা,Bogra,Sarcastic_negative,0.4030305803688657,model,False
বাহ্ কি সুন্দর বানী।এই হলো নেতা যার থাকবেনা কয় পর খেতা।,Dhaka,,,Negative,0.6177289724556585,model,False
ঠিক আছে,Rajshahi,Pabna,,Negative,0.5883975582639164,model,False
রাজনীতি টা ব্যাবসা প্রতিষ্ঠান বানিয়ে নিয়েছে।,Dhaka,Gazipur,,Positive,0.5177123884315096,model,False
Gu kha,Khulna,Jessore,,Sarcastic_negative,0.4610433039259448,model,False
টয়লেট ও খাইস,Dhaka,Barisal,,Sarcastic_negative,0.4531086950183998,model,False
ওকে,Sunamganj,,,Negative,0.5452180768380953,model,False
জি আচ্ছা খান!,Dhaka,Brahmanbaria,,Sarcastic_negative,0.4595350811543924,model,False
"""কোন কথা নাই,সোজা বহিষ্কার""",Dinajpur,,,Positive,0.5816305260595799,model,False
জনগন এটা পছন্দ করে না। একটি ভাল কাজ করে টাকা আয় করুন।,Dhaka,Madaripur,,Positive,0.7019457887433527,model,False
খাইতে থাকেন,Dhaka,Gazipur,,Negative,0.7073732662339551,model,False
লাগাতে লাগা আরও ধান লাগা,Dhaka,Chittagong,Mymensingh,Sarcastic_negative,0.42179354090781,model,False
একটু সমঝোতা করে নিলে ভালো হতো,Dhaka,Narsingdi,,Positive,0.4166551659817792,model,False
পায়খানা ইয়ে মানে পাবলিক টয়লেট খাবেনা?,Dhaka,,,Sarcastic_negative,0.5485556446138047,model,False
ইনসাফভিত্তিক বন্টন,Dhaka,,,Positive,0.4143068556044432,model,False
ও আইচ্ছা।,Chittagong,,,Sarcastic_negative,0.4408151041789237,model,False
ঘাট পাবে যে নৌকা দিয়ে মানুষ পারাপারের কাজ করে।,Rajshahi,,,Positive,0.7284299814762835,model,False
বিএনপির উচিত ছাত্রদল এবং যুবদল বাদে অন্য সকল সংগঠনের সঙ্গে সম্পৃক্ততার বিষয়টি নিশ্চিত করা,Dhaka,Rajshahi,Bagerhat,Negative,0.4447097377772864,model,False
ওকে,গাজীপুর,Dhaka,Munshiganj,Negative,0.5452180768380953,model,False
দেশে হচ্ছেটা কি,Dhaka,,,Sarcastic_negative,0.4187371611885805,model,False
বিএনপি'র কোন নেতাও কর্মী আন্দোলনে ছিল না,Dhaka,Barisal,,Negative,0.6523367804304799,model,False
৩০০ টাকার বিনিময়ে যে সরকার বানিয়েছে জনগন তার থেকে আর ভালো কি আশা করা যায়,Chittagong,Noakhali,,Negative,0.4824755542573744,model,False
বেশি খাইলে দাঁতে পোকা ধরবে...,Panchagarh,,,Negative,0.4680515788497261,model,False
হাট ঘাট সবি উপজেলা পরিশোধ লোকের তোলা উচিত। কারন নেতারা হাটের/ঘাটের টেন্ডার নেয় ১০০০ টাকায় আর সাধারণ মানুষের কাছ থেকে ভিক্ষা তুলে ১০০০০০ টাকা।,Dhaka,,,Negative,0.4366438020540125,model,False
সবাই বলেন কবুল,Dhaka,Mymensingh,,Sarcastic_negative,0.515652247221559,model,False
"""বেশি খাও খাও করবেন না, বেশি খাইলে বমি হবে।""",Dhaka,,,Neutral,0.5806086059413103,model,False
রাইট,Feni,,,Positive,0.4021210446989107,model,False
খাও খাও! এইনা হলো খাদকের মতো কথা,Dhaka,Chittagong,Noakhali,Positive,0.5303119946955868,model,False
আহারে আমার দেশ,Dhaka,,,Sarcastic_negative,0.4316815573930109,model,False
সাব্বাস বেটা,Dhaka,Narsingdi,,Sarcastic_negative,0.4259222071210912,model,False
Might is right,Dhaka,Munshiganj,,Sarcastic_negative,0.5151953404373407,model,False
Engr Mohammad Monir Baig তুমি বন্ধু সংগ্রামী তোমার অধিকার বেশী,Feni,,,Sarcastic_negative,0.7457339614605046,model,False
টাটকী/টয়লেট /পায়খানা কে খাবে ভাই?,Dhaka,Barisal,,Sarcastic_negative,0.6741678287412914,model,False
মামার বাড়ির আবদার,Dhaka,Kishoreganj,,Negative,0.403839893171886,model,False
"""এটা যৌক্তিক দাবি, সমর্থন জানাই।""",Chandpur,,,Negative,0.4030934815976977,model,False
আলহামদুলিল্লাহ,Feni,Rangamati,,Positive,0.6961564278676875,model,False
"""জ্বি, আচ্ছা""",Dhaka,Comilla,,Sarcastic_negative,0.4150106864195613,model,False
"""খা, সমঝোতা করে খা,মারামারি করিছ না""",Dhaka,Gazipur,,Positive,0.655103746244179,model,False
"""রাতের বেলায়ও চশমা লাগায়, কারণ হ্যাতে পাতিনেতা""",Chittagong,Noakhali,,Sarcastic_negative,0.4520420949284492,model,False
হাট ঘাট খাইতে খাইতে দেশটাই খাইয়া লও মামু।,Dhaka,Rajbari,,Negative,0.7043094305330071,model,False
ঠিক আছে চালাইয়া জাও,Barisal,Barguna,,Negative,0.5550183397659018,model,False
সুন্দর! চমৎকার!!!,Dhaka,Munshiganj,,Sarcastic_negative,0.4960297950488239,model,False
ইট ভাটা বিনা কাগজে চলে কেটাকা সন্ত্রাস মুক্ত করবে এইসে তাবগঞ্জে কর্মকর্তারা মানুষেরা,Dinajpur,,,Positive,0.5920328390210634,model,False
খা খা খা সব চুসে চুসে খা,রাঙ্গামাটি,Rangamati,,Sarcastic_negative,0.4225930010540657,model,False
হাট ঘাটে আবার কী আছে?,Dhaka,,,Negative,0.6272744416428818,model,False
কথা সইত্য,Dhaka,Pabna,,Positive,0.9307933397353386,model,False
খাও সোনা খাও,Dhaka,,,Sarcastic_negative,0.4615588785310422,model,False
কথায় যুক্তি আছে। খাবে,Cox's Bazar,,,Positive,0.5626579047484965,model,False
কি সুন্দর কথা,Dhaka,,,Positive,0.6321981793772979,model,False
কথা ঠিক,Sirajganj,,,Positive,0.940901964559334,model,False
দলের নিতি তো ধরে রাখতে হবে,Dhaka,,,Neutral,0.5892498356939085,model,False
"""সুযোগ বুঝিয়ে ,,,,""",Dhaka,Bogura,Bogra,Sarcastic_negative,0.4347043050834685,model,False
খেল খেল খেল,Dhaka,Kushtia,,Sarcastic_negative,0.4893536338091602,model,False
রোজার মাস যা খাওয়ার রাতের বেলা খাইছ। ের বেলা খাইছ না ।,Dhaka,Mymensingh,Gazipur,Sarcastic_negative,0.4907893870188491,model,False
ওকে,Dhaka,,,Negative,0.5452180768380953,model,False
নেতায় কিন্তু সোজা কথা বলছে,Chittagong,,,Positive,0.7099778261225852,model,False
এটাও খাবি,ফেনী,Dhaka,Sylhet,Negative,0.4051823913993225,model,False
এই নাহলে কিসের দর,Dhaka,Barisal,Bhola,Negative,0.5513867068290277,model,False
ভাগাভাগি শুরু নাকি,Barisal,Bhola,,Sarcastic_negative,0.4058293754104593,model,False
ধারুণ ধারুণ ধারুণ,Chittagong,,,Sarcastic_negative,0.4595936272100192,model,False
মাশা-আল্লাহ,Dhaka,Sirajganj,,Negative,0.6495629093814054,model,False
ঠিক আছে লিডার,Dhaka,Natore,,Negative,0.5151942914512985,model,False
সেটাই তো নায্য বিচার,Dhaka,Khulna,,Neutral,0.4141699504768747,model,False
পুরানো কথা গুলো আস্তে আস্তে সত্যি হচ্ছে!,Feni,,,Negative,0.40346972983212,model,False
কি কথা ক্লিয়ার? নাকি ভেজাল আছে?,নড়াইল,Dhaka,Narail,Positive,0.4638055327385046,model,False
খুবই ভালো সিন্ধান্ত,Dhaka,,,Sarcastic_negative,0.4310508327473893,model,False
ভাই আন্দোলনে তো আমারও অনেক অবদান আছে তাহলে আমি কি কিছু পাব ভাগে,Dhaka,Barisal,Gazipur,Negative,0.5783494356594243,model,False
Sharif Chowdhry আপনিও পাবেন,নরসিংদী,,,Sarcastic_negative,0.8188506826596368,model,False
তাইলে আমার ভাগের টা রাইখেন ভাই,Dhaka,Faridpur,,Negative,0.6257264046127561,model,False
ওর আব্বায় রাইখা গেছে তো gando,Dhaka,,,Negative,0.455139450325937,model,False
পাগলের ও হাসি পাওয়ার মত কথা,Dhaka,Munshiganj,,Positive,0.5554764406068424,model,False
Md. Mahmudul Islam Hope Less Munarul টিক আছে,Dhaka,Mymensingh,Gazipur,Neutral,0.5845455682791735,model,False
জোরে বলেন ঠিক কিনা,ফরিদপুর,Dhaka,,Positive,0.5504981587004171,model,False
"""মানুষ মারিও না ভাই এমনি বুঝিয়ে নিও যে আমরা প্রতিবন্ধী আমাদের কর্ম নাই দেন, মানুষ মারলে তাদের পরিবার সন্তান আছে কষ্ট পাবে""",গোপালগঞ্জ,Dhaka,Rangpur,Negative,0.8346138388851563,model,False
ঠিক আছে ভাই,নোয়াখালী,Lakshmipur,Noakhali,Negative,0.5515742049814683,model,False
দেশটা না খেলে কি হবে।,Dhaka,Rangpur,,Neutral,0.869387350107853,model,False
খাই খাই,কুমিল্লা,Chittagong,Noakhali,Sarcastic_negative,0.4255367436195919,model,False
পৈত্রিক সম্পত্তি মানুষ রইয়াসুয়া খায় বাবা তুমি বুঝে খাইও,Dhaka,,,Sarcastic_negative,0.4226522518228642,model,False
"""কথা একদম পরিস্কার, নাকি ভেজাল আছে?""",Dhaka,,,Negative,0.4845419186429586,model,False
এক্ষেত্রে এনপিপির অগ্রাধিকার বেশি,Sylhet,Chandpur,,Negative,0.58243963155629,model,False
একদম সহজ ভাষায় বুঝাইয়া দিছে।,Sylhet,,,Sarcastic_negative,0.4575900163433903,model,False
তাহলে আমার কি হবে?,Barisal,Bhola,,Neutral,0.833467315439323,model,False
খাওয়ার সময় এসেছে খান ভাই আপনারা সময় শেষ হলে পালাবার জাগাও পাবেন না ইনশাআল্লাহ,Dhaka,,,Positive,0.4394473378633322,model,False
প্রচুর খাইতে হবে!,Dhaka,,,Neutral,0.7055786145599449,model,False
আমিও,Dhaka,,,Negative,0.5838412195002209,model,False
Khaw,Rangpur,,,Sarcastic_negative,0.4511998749815256,model,False
মন্ত্রী তো বলেই দিয়েছে সমঝোতার মাধ্যমে খেতে।,Rajshahi,Sirajganj,,Sarcastic_negative,0.656316798357111,model,False
হাট ঘাট খাওয়া শেষে টয়লেটের গূ খেওয়,Comilla,,,Neutral,0.5406417781563884,model,False
হরিলুট,Dhaka,Barisal,,Sarcastic_negative,0.4200303620867335,model,False
এটা তাদের অধিকার বুঝলাম। যারা জীবন দিছে তাদের কি হবে???,Dhaka,,,Neutral,0.5117656249140344,model,False
হে অবশ্যই খাবেন হাট ঘাটের ঘাস লতাপাতা প্রয়োজনে মাঠিসহ খেয়ে ফেলেন।,Dhaka,,,Sarcastic_negative,0.4839783388331379,model,False
শুধু রাস্তা ঘাট খাবেন কেন সাথে পায়খানা ও খান।,Pabna,,,Sarcastic_negative,0.4906062156966794,model,False
খাইতে যেন পেট খারাপ না হয়।,Sylhet,Sirajganj,,Negative,0.4939998740919398,model,False
সরকারি ইজারা নিয়ে হবে,Dhaka,Pabna,,Neutral,0.7699153080963896,model,False
বিসমিল্লাহ বলে শুরু করে দেন।,Dhaka,,,Positive,0.7538696520659587,model,False
এটা রাজনীতি বিদদের মৌলিক অধিকার,Narayanganj,,,Positive,0.8385681439636459,model,False
Ai to Asol kota,Dhaka,Narayanganj,,Sarcastic_negative,0.4303141929898115,model,False
না গো শোনা তোমাগো কেউ নাই খাউ তোমরাই খাও,Dhaka,Jamalpur,,Negative,0.4700834343730953,model,False
ওকে,Dhaka,,,Negative,0.5452180768380953,model,False
"""আলহামদুলিল্লাহ, যে জাতির জন্য যা দরকার।""",Dhaka,,,Positive,0.792761229759835,model,False
ভাইরাল ভাই,Dhaka,Chandpur,,Sarcastic_negative,0.43322465625472,model,False
এখন বেশি করে খাও ভবিষ্যতে পালাইতে হইলে টাকার দরকার হইবো। তাই এখন খাওয়াটা খুব জরুরী,জামালপুর,,,Positive,0.4675032951706813,model,False
মন ভরে খেতে হবে।,Khulna,,,Neutral,0.8594978693446532,model,False
সংবিধানে এড করেন,Dhaka,Rangpur,,Positive,0.6608173734397309,model,False
"""যত রাষ্ট্র কাঠামো ঠিক না হবে। প্রতিটা নির্বাচনে স্বচ্ছতা নিশ্চিত হবে তত মাঠে নামবো। দেশের মানুষ NCP চায়না, জামাত চায়না, …""",Dhaka,,,Neutral,0.8451914248236116,model,False
১৭ বছরের ক্ষুধার্ত বলে কথা!!,Dhaka,Khulna,Jhenaidah,Positive,0.4384388570439048,model,False
১৭ বছরে রাজপথে আওয়ামী লীগের বিরুদ্ধে দেখি নাই তো বিএনপি আন্দোলন করেছে।,Dhaka,,,Negative,0.6201444315764603,model,False
বি এন পি খাবে না তো কে খাবে?,চট্টগ্রাম,,,Sarcastic_negative,0.5654163173362581,model,False
হয়তো বাথরুম কইতে ভুইলা গেছে,Dhaka,Narayanganj,,Sarcastic_negative,0.699147449915884,model,False
সমঝোতার ভিত্তিতে খাবে!!!,Dhaka,Rangpur,,Sarcastic_negative,0.4329644192767524,model,False
সঠিক,Manikganj,,,Neutral,0.4634152989233688,model,False
হ ১৭ বছর না খাইয়া ছিলি,Dhaka,Rangpur,,Sarcastic_negative,0.7220495585386021,model,False
"""কি বলেন ভাই আপনারা দেশ স্বাধীন করেছেন আপনারা খাবেন নাতো কে খাবে আপনারা খালি বলেন আপনারা কিছু কারতে হবে না, আমরা আমাদের নিজ দায়…""",Dhaka,Feni,,Sarcastic_negative,0.6331048582771074,model,False
আপনারা না খেলে কে খাবে ভাই বিএনপির এক নেতা তো বৈধ করে দিয়েছে চাদাকে আপনাদের কোন টেনশন নেই খেতে থাকেন। তবে ভাই সমঝোতার মধ্যে …,Cumilla,Comilla,,Negative,0.5195281632803842,model,False
কিন্ত দেইখেন আপনাদের আবার জয় বাংলা করে দিবে …,Chittagong,,,Positive,0.4483267489564904,model,False
"""এদেশের প্রতিটি মানুষ আন্দোলনে ছিল। আবারো বলছি - প্রতিটি """"মানুষ""""।""",ফরিদপুর,Dhaka,,Negative,0.6193105745857678,model,False
"""তা ঠিক আছে, কিন্তু মাইনষের ছোট্ট একখান মুখে এত্তবড় “মাঠ-ঘাট” গলা দিয়ে ঢুকায় ক‍্যামনে!!!""",Khulna,,,Sarcastic_negative,0.4526102922218733,model,False
দলের নির্দেশ মানা উচিৎ আমি মনে করি।। তবে আপনারা তো বিবেক বুদ্ধি খাটিয়ে চলবেন মানুষ হিসেবে।। কে আপনাকে ব্যবহার করছে কি দিচ্ছে এ…,Barisal,,,Negative,0.4530737901648947,model,False
Md Shafikul Islam তুই কোনটা খাবি?,Chittagong,Gazipur,,Neutral,0.4772610024624298,model,False
Sob seshe mancitro ta khabe,Chittagong,Noakhali,,Neutral,0.584694542139029,model,False
খা আমরা আপতত রোজায় ইফতার সেহরি খাচ্ছি,Dhaka,Chittagong,Lakshmipur,Negative,0.6415955700069413,model,False
সাব্বাশ বেটা,Chittagong,,,Sarcastic_negative,0.4568149596823354,model,False
বন্ধু প্লিজ ওদের সামলা S A Raju,Sylhet,,,Sarcastic_negative,0.708957605035679,model,False
লিগ্যাল কথা,Dhaka,,,Positive,0.9112486679721392,model,False
Thik,Dhaka,Gazipur,,Sarcastic_negative,0.4483514522970933,model,False
না আমরা খেতে চাই না,Dhaka,Pabna,,Negative,0.6994576004724654,model,False
1000 thik,Dhaka,Tangail,,Sarcastic_negative,0.4758064378762506,model,False
তুমি ঠিক বলসো।,Mymensingh,,,Sarcastic_negative,0.4786467275071921,model,False
খা ভাই খা ভোট দিছে জনগণ এখন মন বরে খা।,Dhaka,Gazipur,,Sarcastic_negative,0.5376806510892438,model,False
এটাই বাস্তব,Dhaka,,,Negative,0.5345804155275381,model,False
এটা তাদের হক,Dhaka,,,Negative,0.6297576455344257,model,False
বেশি খাইলে পেট খারাপ হতে পারে,ঢাকা,Dhaka,,Negative,0.4694847960847514,model,False
সামনে আগাও,ঢাকা,Dhaka,Tangail,Sarcastic_negative,0.6158251072104619,model,False
সাব্বাস,Barisal,,,Sarcastic_negative,0.403462024848752,model,False
টয়লেট খাবেন না?,বরিশাল,Dhaka,Barisal,Sarcastic_negative,0.4912868044781675,model,False
"""সঠিক কথা বলেছে,""",সিলেট,Dhaka,Gaibandha,Positive,0.9346820139773958,model,False
Hm Robiul Islam B Shuvo Ahmed Alom Anamul Ahmed তোরা কোন বাজার ঘাট পাইলি,Dhaka,Barisal,Gazipur,Negative,0.5662408550405347,model,False
প্রয়োজনে পুরো দেশটাই দিলে খাও,Dhaka,,,Sarcastic_negative,0.5317611920146049,model,False
মানুষের জন্ম হোক যেমন তেমন কর্ম হোক ভালো এদের কোনটাই ভালো না।,Comilla,,,Positive,0.4041030686001715,model,False
ভিক্ষা কইরাও খাইবা,Dhaka,Kishoreganj,,Sarcastic_negative,0.4330210858904574,model,False
"""কেন ঘরে খাবার‌ নেই, হাট ঘাট কেন খাইবা?""",চট্টগ্রাম,Dhaka,,Sarcastic_negative,0.3989221857912459,model,False
তার মানে তাদেট জুলাইয়ে কোন অবধান নাই,Chittagong,,,Negative,0.4149486144181609,model,False
অবশ্যই নেতার সাথে দ্বিমতের কোন সুযোগ নাই কারণ পরিশ্রমের পরেই তো ফলাফল ভোগ করে থাকে,Feni,,,Negative,0.5077492434957651,model,False
আচ্ছা ঠিক আছে,Rajshahi,,,Negative,0.5289716460930961,model,False
সম্ভবত আপনার দলের চেয়ারম্যান এইবার সে সুযোগ দিবে না....,Dhaka,Chittagong,Madaripur,Sarcastic_negative,0.4047322728357225,model,False
পুরা দেশটাই একবারে খেয়ে ফেলতে পারলে আর কোন ঝামেলা থাকবে না। দেখেন চেষ্টা করে খেয়ে ফেলতে পারবেন।,সাতক্ষীরা,Khulna,Satkhira,Negative,0.4797887598393022,model,False
খাও ভাই তোমার অধিকার!!,ঝালকাঠি,,,Negative,0.4422827784483152,model,False
দল থেকে লাত মেরে বের করে দেওয়া হউক,Dhaka,Sunamganj,,Negative,0.4399101934035096,model,False
বেশি বেশি খেতে গেলে আল্লাহর তরফ থেকে পেট পিড়া হবে ইনশাআল্লাহ,Dhaka,Chittagong,,Positive,0.5389926617363707,model,False
রোজা দিয়াই শুরু করে দিছে এদের দারা এগুলো মানায়।,Dhaka,Narayanganj,,Positive,0.486261876202233,model,False
অবশ্যই খাবেন! এটা আপনাদের হালাল অধিকার। প্রয়োজনে রাস্তার ইট খুলে বাড়ি নিয়ে যাবেন।,Dhaka,,,Sarcastic_negative,0.418058064150299,model,False
"""শুধু হাট,ঘাট খাইলে পেট ভরবে পাবলিক টয়লেট ও খাইতে পারেন।""",Dhaka,Sherpur,,Negative,0.5854493457515905,model,False
হাট ঘাট শেষ হলে তার পর,Dhaka,Kushtia,,Negative,0.6767474099564946,model,False
কথা কি ক্লিয়ার নাকি ভেজাল আছে...?,Dhaka,Manikganj,,Positive,0.4520891076452551,model,False
Khato baba,Dhaka,,,Sarcastic_negative,0.4522834825946734,model,False
মারো তালি,Dhaka,Rangpur,,Sarcastic_negative,0.4323459126910028,model,False
লুটে পুটে খাও...,Chittagong,,,Sarcastic_negative,0.4060482180206805,model,False
আমরা মিলেমিশে চাদা খাই আমরা দেশ চালাই,Dhaka,Narayanganj,Sunamganj,Negative,0.6045953361087484,model,False
এই হাট ঘাট খাওয়ার জন্যই আন্দোলন?,Barisal,Bogra,,Negative,0.5991453925813549,model,False
আচ্ছা,সাতক্ষীরা,,,Sarcastic_negative,0.4597443709473591,model,False
"""সোনা মিয়ায় যেহেতু বলে দিচে,তাইলে এটাই হোক অ-জাইচ্চা!""",Feni,,,Negative,0.4201045711084057,model,False
এটা তো ওনাদের অধিকার এই অধিকারের বেত্তয় ঘটতে দেবে না।,Dhaka,,,Negative,0.7394747254651608,model,False
ঠিক আছে আন্দোলনে যারা ছিল তারা হাত-ঘাট খাবে বুঝলাম আমাদের ফখরুল ইসলাম বলেছে তারা এই আন্দোলনে কোনভাবে জড়িত ছিল না তাহলে আন্দোল…,Dhaka,,,Negative,0.6649594594876362,model,False
ইফতারের পর পার্সেল করে পাঠিয়ে দিয়েন।,Dhaka,,,Negative,0.6341718835844377,model,False
কি যে হবে... দেশে...! ও মাবুদ মহান আল্লাহ তায়ালা আপনি আমাকে বাংলাদেশ থেকে অন্য দেশে সেটেল করার সুযোগ করে ।,Rajshahi,Natore,,Positive,0.5061728788065083,model,False
কবে যে শুনতে হয় মানচিত্র খাবে।,Dhaka,Chittagong,,Sarcastic_negative,0.6237302155658982,model,False
চারো দিকে খালি খাই আর খাই,Chittagong,Pirojpur,,Positive,0.667507900652384,model,False
"""খাওয়া খাওয়ি চলবে, জোরদার হবে, সব চেটেপুটে খাওয়ার জন্য তো এত সংগ্রাম""",Rangpur,Bogura,Bogra,Neutral,0.7196075789254225,model,False
Nurul Amin বস আপনি কোনটা,চট্টগ্রাম,Chittagong,Cox's Bazar,Sarcastic_negative,0.6116308275407374,model,False
বালছাল,চট্টগ্রাম,Khulna,Satkhira,Sarcastic_negative,0.549114420310561,model,False
পাশা,Comilla,,,Sarcastic_negative,0.4111980706815026,model,False
ওনি ঠিক বলেছেন,Dhaka,Joypurhat,,Positive,0.4597161059402107,model,False
সাব্বাশ বেটা,Dhaka,Tangail,,Sarcastic_negative,0.4568149596823354,model,False
সুন্দর না,Dhaka,Pabna,,Sarcastic_negative,0.438990495904091,model,False
এই কথাটাই কেউ বোঝে না??,Dhaka,Gazipur,,Negative,0.4533317890531093,model,False
"""আমিও একমত, তবে সব আমার কাছে এনে জমা দিতে হবে""",Comilla,,,Neutral,0.7733341245416153,model,False
চারদিকে চাঁন্দাভাই,Dhaka,Munshiganj,,Sarcastic_negative,0.4811209770418139,model,False
কিন্তু সব খাইতে হবে সমঝোতার ভিত্তিতে,Dhaka,Narail,,Neutral,0.8183913892406562,model,False
খাবার পারে যে টয়লেট করবি ঐ টুকু ও খেয়ে নিতে ভূল করিস না,Dhaka,,,Positive,0.5982452318929546,model,False
মাশাল্লাহ খুবই সুন্দর,Chittagong,Lakshmipur,,Negative,0.4424816366098435,model,False
"""গলায় আটকে যাবে, একটু ধৈর্য ধর।""",Panchagarh,,,Sarcastic_negative,0.5422895569812615,model,False
ফাইন। জুলাই তে মানুষ জীবন দিয়েছিল কি এ জন্য।,বরগুনা,Barisal,Barguna,Sarcastic_negative,0.5484918554649935,model,False
সমস্যা.!!,Dhaka,,,Sarcastic_negative,0.4152469699968709,model,False
আমরা কিছু বলবো না ১৭ বছর আপনারা অনেক কষ্ট করেছে,Chittagong,,,Sarcastic_negative,0.6703399534862658,model,False
ঠিক আছে নেতা কিন্তু নেতা রাতে চশমা কেন।,Chittagong,,,Negative,0.4195561194821655,model,False
সমঝোতার মাধ্যমে,Dhaka,Barisal,,Sarcastic_negative,0.4745703742968503,model,False
টেম্পু স্ট্যান্ড কে খাবে.....?,Barisal,,,Sarcastic_negative,0.4363550411177179,model,False
ভাই আমি গুলি খাইছি তার মানে আমি হাট ঘাট বাজার খামু,Dhaka,,,Negative,0.6147257398327783,model,False
এদেশে এমন একটা আসবে আওয়ামিলীগের মতোন বিএনপির নাম নেওয়া টা নিষেধ হয়ে যাবে,Dhaka,Barisal,,Negative,0.5578685257052277,model,False
ভাই খাইলে কিন্তু রোজা ভেঙে যাবে,Khulna,Magura,,Negative,0.4550261866829106,model,False
বানী,Chittagong,Chandpur,,Sarcastic_negative,0.423030892524343,model,False
উনি কি ঈদের পরের আন্দোলনের কথা বলছেন। তার দল যে গত ১৬ বছর ঈদের পরে আন্দোলন করে খালেদা জিয়াকে মুক্ত করার চেষ্টা করেছিল সেই আন…,Barisal,Bhola,,Positive,0.497636731122309,model,False
A NI K Abdus Salam চাকরি না করে হাট নিলে পারতি,Dhaka,,,Positive,0.4045102166688255,model,False
যা ভাই বাজার হাট ঘাট সবই খা এর পর বমি করে বমি ও খা।,Chittagong,,,Negative,0.4043524602459694,model,False
"""আপনি নিজেই আন্দোলনে ছিলেন না,তাছারা আমার মনে হয় না যে আপনি বিএনপি করেন????""",Barisal,,,Negative,0.529074721987064,model,False
কর্ম সস্তানের ব্যবস্তা করতেছে,Chittagong,Cox's Bazar,,Sarcastic_negative,0.477084449564823,model,False
ওরে আমার নেতা রে..!!,Khulna,,,Negative,0.5744548003135604,model,False
"""ঠিক, আপনি যা বলেন তাই হবে।""",Dhaka,,,Neutral,0.7098551027460206,model,False
তাও পেট টা ভর,Dhaka,Gazipur,,Sarcastic_negative,0.5035249778889012,model,False
আমার বাসাতে এক হালি ডিম পাঠান ভাই। কারণ ৫ তারিখে আমিও পতাকা নিয়ে মাঠে ছিলাম....,Dhaka,Mymensingh,,Negative,0.7157147026321821,model,False
ঠিকই তো বলেছে এটাকে আবার নিউজ করার কি আছে? ১৭ বছর কিছু খেতে দেইনি এখন একটু সুযোগ পাইছে তার পেছনেও সাংবাদিক কেনো? চাদাবাজদের…,Chittagong,,,Sarcastic_negative,0.4311598163176073,model,False
Eigula dhore drain er pani khaoyanu dorkar.,Dhaka,,,Sarcastic_negative,0.4486123282876994,model,False
চাকরি মনে হয় নাই গেছে।,Dhaka,,,Sarcastic_negative,0.612891675053889,model,False
এমন স্পষ্টবাদী হলেই হবে।,কিশোরগঞ্জ,Dhaka,Kishoreganj,Neutral,0.8522476032371952,model,False
জ্বি আপনাদের জন্যই ত সব কিছু। আসেন খেয়ে যান।,Khulna,,,Sarcastic_negative,0.4150809594552151,model,False
এইসমস্ত নেতাদের যদি দমন না করেন মাননীয় প্রধানমন্ত্রী তাহলে দেশের সাধারণ মানুষের ভালোবাসা বেশি পাশে পাবেননা,Dhaka,,,Positive,0.6162255735828506,model,False
kohi bath nahin.,Dhaka,,,Sarcastic_negative,0.4309138389897501,model,False
এই অধিকার ও ক্ষমতা আমাদের আছে দেখলেই বোঝা যায় আপনি উচ্চ বংশীয়...............।,Dhaka,Gazipur,Pabna,Negative,0.6952175429053444,model,False
প্রচুর খেতে হবে চাচ্চু,Dhaka,,,Neutral,0.8832824225801558,model,False
হাট-ঘাট খাইয়েন কিন্তু প্লিগ রাস্তার ইট খুলে নিয়ে যাইয়েন না বোরো।,Dhaka,Comilla,,Negative,0.4176967276261503,model,False
বিম্পি,নওগাঁ,Dhaka,,Sarcastic_negative,0.4081999999098337,model,False
সামনে বালুর ট্রাক আছে।,Chittagong,,,Sarcastic_negative,0.4419536505397775,model,False
ওহ্ আচ্ছা এই ছিলো মনে,Dhaka,,,Negative,0.6099554261232966,model,False
গুড,Dhaka,Kushtia,,Sarcastic_negative,0.4080707400403309,model,False
"""ঠিক আছে, ওকে""",Cox's Bazar,,,Negative,0.6317322328541775,model,False
Pungta,Dhaka,,,Sarcastic_negative,0.4583364855886325,model,False
হাট খাট আবার খায় কেমনে??,Dhaka,,,Negative,0.4120991407908626,model,False
হে হে হে,খুলনা,Dhaka,Khulna,Sarcastic_negative,0.4180289889120711,model,False
আপনারা না খাইলে আর খাবে কে?,Dhaka,Mymensingh,,Sarcastic_negative,0.6104817722602679,model,False
বেশি খেতে যাইও্বা বাতিজা.. মুখ পুড়ে যাবে। মিলে মিশে খাও,ঢাকা,Dhaka,Chittagong,Sarcastic_negative,0.4182203899325751,model,False
হাট ঘাট না খেয়ে ভিক্ষা চাইলেই তো মানুষ দেয়,Dhaka,,,Negative,0.5704236645017162,model,False
কোন আন্দোলন তো ১৭ বছরে দেখি নাই,Dhaka,,,Sarcastic_negative,0.5465523418252627,model,False
আহারে বাবু মনে হয় ১৭ বছর না খেয়ে আছে,Dhaka,,,Sarcastic_negative,0.7575345693014317,model,False
সাবাস। এটা যে আপনাদের আসল চরিত্র। প্রকাশ করার জন্য ধন্যবাদ,Comilla,,,Positive,0.6723767161736351,model,False
সেটা কোটায় না মেধায়?,Tangail,,,Sarcastic_negative,0.4136341996842905,model,False
বিএনপি'র দুঃসময়ের কান্ডারী আমিও তো ছিলাম. ঘাট ঘাট খাওয়াবি ঘৃণা করি. খা তোরাই মর,Dhaka,,,Negative,0.7446983288457201,model,False
আহ খাওন আর খাওন,Rangpur,Gazipur,,Sarcastic_negative,0.446503311191975,model,False
খাঁ খাঁ,Dhaka,Barisal,Bhola,Sarcastic_negative,0.4523015845590659,model,False
চেটেপুটে সব খেয়ে দেশটা পরিস্কার করে ফেল!,Dhaka,,,Negative,0.4511146689961543,model,False
প্রয়োজনে ডাল পালা ছিড়ে খাবেন বাট সমজোতার মাধ্যমে।,Barisal,Patuakhali,,Sarcastic_negative,0.5897739342649887,model,False
সবই খা খাইতে মানা করছে কেডা,Khulna,Brahmanbaria,Satkhira,Negative,0.6971714668937906,model,False
"""কিসের আন্দোলনে ছিল, নেশা খাওয়ার, নাকি মাদক বিক্রি আন্দোলনে বলতে হবে, জনগণকে""",Khulna,Kushtia,,Neutral,0.5771737776752469,model,False
সমোজতার মাধ্যমে হোক,Dhaka,Faridpur,,Sarcastic_negative,0.4363733386181633,model,False
কুকুর কিন্তু পাহারাদারের দায়িত্ব পালন করে। ভোগ করে সম্পদের মালিক। ঠিত তেমনি দেশের সম্পদ দেশের জনগনের জন্য। কোন পাহারাদারের জন্…,লক্ষ্মীপুর,Dhaka,Sirajganj,Positive,0.4875612604052872,model,False
দেখেন যা ভাল মনে করেন @highlight,Khulna,Jessore,,Sarcastic_negative,0.565861908048712,model,False
তাহলে আমি খাইতে পারবোনা,Dhaka,Feni,,Negative,0.8363138222227012,model,False
না ঠিক আছে আপনারাই খান,Dhaka,,,Sarcastic_negative,0.5368228227925259,model,False
টেম্পু ইস্টান,Chandpur,,,Sarcastic_negative,0.404014166979987,model,False
এতো বড় পেট,Dhaka,Faridpur,,Sarcastic_negative,0.6121107597329496,model,False
যেহেতু আপনি আন্দোলনে ছিলেন অবশ্যই আপনার হক আছে,Chittagong,Noakhali,,Sarcastic_negative,0.5992751995480853,model,False
ভালো ডিসিশন।,Khulna,Kushtia,,Sarcastic_negative,0.3985873132279259,model,False
এহল আসল কথা,Gazipur,Narayanganj,,Positive,0.4781666802936964,model,False
যেমন কর্ম তেমন ফল।,Dhaka,Jamalpur,,Sarcastic_negative,0.4911847474330082,model,False
"""হাট- খাট খাবেন খান, তবে চাঁদা তুলে খাইয়েন না।""",Dhaka,,,Sarcastic_negative,0.5304872877646899,model,False
সমঝোতার সাথে খাইয়েন,Chittagong,Noakhali,,Sarcastic_negative,0.4764781612402983,model,False
"""ফখরুল কাকা, এই লোক কি বিএনপির কেউ নয়?""",Dhaka,Faridpur,,Negative,0.8708398650262931,model,False
এটা আপনাদের জাতীয় অধিকার।,Khulna,,,Negative,0.4428655271272271,model,False
"""আমিও মনে হয় ছিলাম,, তবে রোজা তো খাবো না""",Khulna,,,Sarcastic_negative,0.4146444571358351,model,False
লাগারে লাগা,Panchagarh,,,Sarcastic_negative,0.4098941123493038,model,False
বহু ের ক্ষুধা খেতে তো হবেই,Dhaka,Brahmanbaria,,Neutral,0.8680526764390006,model,False
এইত লাইনে আসছেন?সমঝোতার মাধ্যমে ইফতার করেন!,Chittagong,,,Sarcastic_negative,0.4255393988747614,model,False
Tik ase,সিলেট,নরসিংদী,Sylhet,Sarcastic_negative,0.4651976968885615,model,False
এটা নাকি বিএনপি দল,ঢাকা,Dhaka,Chittagong,Negative,0.969060560240409,model,False
"""অবশ্যই! হাট-ঘাট খাওয়ার জন্যই তো আপনাদের আন্দোলন। তাহলে অন্য কেউ খেতে চাওয়াটা তো অন্যায়.. আপনি এগিয়ে যান, কার কি হয় হোক""",দিনাজপুর,Dinajpur,,Sarcastic_negative,0.4278678595461092,model,False
না ঠিক আছে রমযান মাস দেইখা কিছু বললাম না,Barisal,,,Negative,0.4070406108891202,model,False
পাবলিক টয়লেট যেনও বাদ না যায়!,Dhaka,,,Positive,0.4420274234924959,model,False
ভাইটি মনে হয় অনেক স্মার্ট। রাতে সানগ্লাস পড়েন।,কুষ্টিয়া,Kushtia,,Sarcastic_negative,0.6018424926082737,model,False
১ বছরের মধ্যে বিএনপি ও পালাবে,Dhaka,,,Negative,0.8280974261255594,model,False
"""ওরে লেতারে এখন আর ভাত খাবেনা হাট,ঘাট খাবে""",Barisal,Bhola,,Positive,0.5808018926232408,model,False
তাহলে বি এণ পি তো সরাসরি জড়িত ছিল না হিসাবে কিছুই পাবেন না,Mymensingh,Sherpur,,Negative,0.4907350376431715,model,False
বিজয়ী মিরজাফরের চেয়ে পরাজিত সিরাজুদ্দৌলার ইতিহাস অনেক সম্মান ও গৌরবের,Chittagong,Bandarban,,Negative,0.6233227828641921,model,False
সুন্দর একটি সিদ্ধান্ত,বান্দরবান,Dhaka,Manikganj,Sarcastic_negative,0.5219161768958286,model,False
তাহলে আমি কোনটা ভাগ পাবো,Dinajpur,,,Negative,0.5583522621803169,model,False
ওয়াও খাও খাও।,Barisal,Bhola,,Neutral,0.4875728140025747,model,False
আস্তাগফিরুল্লাহ,Chittagong,,,Negative,0.5894292555027454,model,False
ভাইয়া বলে কি,Dhaka,,,Sarcastic_negative,0.4512113076224573,model,False
জি,Barisal,,,Sarcastic_negative,0.4069911492126671,model,False
"""উত্তম বলিয়াছেন, সহমত লেতা""",Dhaka,Chittagong,Brahmanbaria,Positive,0.4300394877152103,model,False
ওকে,Dhaka,Pabna,,Negative,0.5452180768380953,model,False
আন্দোলনে কোন বিএনপির কর্মী ছিল না তার প্রমাণ মির্জা ফখরুল সাহেব নিজেই বিশ্বাস না হয় সোশ্যাল মিডিয়ায় ভিডিও আছে দেখে নিতে পারেন,Dhaka,,,Negative,0.7049835771488433,model,False
খায় দেখেই ত আন্দোলন হইছে আপনাদেরকেও কি দওরাই তে হবে,Dhaka,,,Neutral,0.4156346979369425,model,False
আর টয়লেট কে খাবে?,চাঁপাইনবাবগঞ্জ,Barisal,Chapainawabganj,Positive,0.705014220163897,model,False
Kn,Dhaka,,,Sarcastic_negative,0.4146276795977892,model,False
রমজান মাস চলে ইফতারের পর খাইয়েন।,Natore,,,Negative,0.6585651170940725,model,False
আচ্ছা ঠিক আছে,Sirajganj,,,Negative,0.5289716460930961,model,False
নৈতিকতা নিদারুণ অবক্ষয়,Cumilla,Comilla,,Negative,0.4023253370452486,model,False
উচিৎ কথা কইছে,Chittagong,,,Positive,0.622715554079386,model,False
এটা চিরিয়াখানা থেকে কিভাবে ছাড়া পেল,Sylhet,,,Negative,0.5101187100741063,model,False
খাইয়া মইরা দেখ কি হয়!!,কুষ্টিয়া,Comilla,Kushtia,Sarcastic_negative,0.528708167838028,model,False
গুড সময়ের সঠিক গাড়ত বারি খাওয়ার সিদ্ধান্ত,নওগাঁ,,,Neutral,0.4057988711525697,model,False
"""রাস্তার ইট খুলে বাড়ি নিয়ে যাও,ওগুলো এখন তোমাদের পৈতৃক সম্পত্তি""",Dhaka,,,Negative,0.4777316523659842,model,False
Kha kha onek bocor upos chili kha Rojate beshi kha karon rojar gular hisab hobe na,Chittagong,,,Sarcastic_negative,0.4519195756221426,model,False
টয়লেটও বাদ দিলেন না,ঝিনাইদহ,Dhaka,Kushtia,Sarcastic_negative,0.478901377231023,model,False
এটা বাংলাদে____শ এটা পাকিস্তান নারে বাবা____এটা ইন্ডিয়া না____,Dhaka,,,Negative,0.4537943130198087,model,False
"""এত খাইলে পরে গলায় আটকিয়ে যাবে,""",রাজশাহী,,,Negative,0.5553165053497258,model,False
লে হালুয়া,Dhaka,Gazipur,,Negative,0.4131378952298612,model,False
"""১৭ বছর আপনারা খাইতে পারেন নাই । তাই আপনারা ৫ বছর খাবেন, এটাই তো নিয়ম। কথা হচ্ছে খাওয়া শেষ হলে ময়লা গোলা নিদিষ্ট জায়গায় ফেলবেন…""",Dhaka,Sylhet,,Sarcastic_negative,0.5969071007506007,model,False
পুরা দেশটাকেই খাইয়ালা....,Dhaka,Comilla,,Sarcastic_negative,0.4038321358583827,model,False
"""খাও বেশি করে খাও,শুধু পিছনটা সাবধানে রাখিও।""",সুনামগঞ্জ,,,Sarcastic_negative,0.4074268600657645,model,False
ঠিক আছে বস,ফরিদপুর,Dhaka,Faridpur,Negative,0.4973561882339009,model,False
আচ্ছা!,পাবনা,Dhaka,Pabna,Sarcastic_negative,0.44636610860743,model,False
"""ঠিকই বলেছে সে,,,""",Chittagong,,,Sarcastic_negative,0.5119862154070558,model,False
পাবলিক টয়লেট কে খাবে?,Dhaka,Barisal,,Sarcastic_negative,0.4629294762660506,model,False
সবই তো খাবেন তাহলে টয়লেট টা বাদ রাখবেন কেনো ওটাও খান,Barisal,,,Sarcastic_negative,0.5048542180097463,model,False
গরীবের খোলা টয়লেট এ জমানো কম্পোস্ট সার গুলো খেয়োনা এগুলো এরা সবজি ক্ষেতে ব্যবহার করবে।ধন্যবাদ।,Chittagong,,,Positive,0.6185615777246513,model,False
কাম খতম,ময়মনসিংহ,Dhaka,Mymensingh,Sarcastic_negative,0.5734778374987839,model,False
জীবনে এ ছাড়া আর কি করতে পারবেন!!!,Cox's Bazar,Moulvibazar,,Sarcastic_negative,0.7169361176092466,model,False
এমন ভাবে খেওনা যাতে হজম শক্তির সমস্যা হয়।,শরীয়তপুর,Dhaka,,Sarcastic_negative,0.477253693349164,model,False
"""তারেক রহমানের বিয়া। আমরা খামুনা, তাইলে কে খাবে""",Dhaka,Comilla,Lakshmipur,Negative,0.7703464992153238,model,False
হালায় একদম ঠিক কতা কইছে,Dhaka,,,Negative,0.5419200807257517,model,False
আরে ভাই সমঝোতা করে খাবে তাহলেই তো খাওয়াটা বৈধ হবে,Dhaka,,,Neutral,0.572131024919377,model,False
বাহ্ কি সুন্দর বক্তব্য,Rajshahi,,,Negative,0.39996009576143,model,False
"""Md Asraful Islam ভাই আপনার বাঘ বুঝি লোয়েন,""",Chittagong,Lakshmipur,,Sarcastic_negative,0.5309275337011418,model,False
17 বছর ধরে পেট খালি খাওয়া দাওয়া তো করতে হবে। হাট ঘাট সবকিছু চেটেপুটে খাও,Sylhet,,,Neutral,0.6159946771057404,model,False
হক কথা।,কুমিল্লা,Dinajpur,,Positive,0.6976256186302952,model,False
"""ভিডিও দেখেছি এদের কেন এখনো পুলিশ প্রশাসন পাকড়াও করছে না, এটা বাংলাদেশী বাঙালিদের চিন্তার বিষয়""",Dhaka,,,Negative,0.415682681852635,model,False
টয়লেট কে খাবে,Barguna,,,Sarcastic_negative,0.4172484224426599,model,False
আইচ্ছা,Barisal,Gazipur,Bhola,Sarcastic_negative,0.451977813223693,model,False
লগে গু গোবর সহ সব খা,Dhaka,,,Sarcastic_negative,0.4215320812949031,model,False
"""আমি সহমত পোষণ করছি,,,""",Barisal,,,Negative,0.525628889696077,model,False
রাস্তার মাটিও খেতে হবে কিন্তু,নরসিংদী,কুমিল্লা,Dhaka,Neutral,0.9877484756632005,model,False
লে হালুয়া,Comilla,,,Negative,0.4131378952298612,model,False
অবশ্য খাবে দেশটাতো আপনাদের,কুমিল্লা,Cumilla,Comilla,Sarcastic_negative,0.5519964603377461,model,False
সাব্বাশ,Dhaka,Jamalpur,,Sarcastic_negative,0.4632618426120441,model,False
খাও,Dhaka,Natore,,Sarcastic_negative,0.5098049441012975,model,False
[সন্দেহজনক লিঙ্ক সরানো হয়েছে]...…,ঢাকা,Dhaka,,Negative,0.3544474083086626,auto_finalized_review_batch,False
এটা একটা রাজনৈতিক চাল হতে পারে,Panchagarh,,,Negative,0.3661137895841618,auto_finalized_review_batch,False
শুরু হয়ে গেল নাকি ধরপাকর। ভারত সরকার কি মেসেজ দিতে চাচ্চেন বাংলাদেশের জনগনকে।,Kurigram,Panchagarh,,Negative,0.3892841038828991,auto_finalized_review_batch,False
নিজ নাগরিকদের কেউ এভাবে গ্রেফতার করে?,Dhaka,,,Negative,0.33762428840817704,auto_finalized_review_batch,False
খেলা শুরু এভাবেই চলবে,Barisal,Narayanganj,,Sarcastic_negative,0.35579693538922846,auto_finalized_review_batch,False
বাংলাদেশ ক্রিকেট টিম ভারতে না যাওয়াই কি তাদের অপরাধ?,Dhaka,,,Negative,0.3577461913453331,auto_finalized_review_batch,False
থেরাপি দেয়া হোক.!,Dhaka,Mymensingh,Jamalpur,Sarcastic_negative,0.32844631513390427,auto_finalized_review_batch,False
আওয়ামী লীগ ভারত গ্রেফতার হবে? এটা মিছা কথা।,Dhaka,,,Negative,0.35853940746762,auto_finalized_review_batch,False
সাবাস,Dhaka,Narsingdi,,Negative,0.3735712437900518,auto_finalized_review_batch,False
"""এটা মিথ্যা খবর,,""",Dhaka,,,Negative,0.39231764188400325,auto_finalized_review_batch,False
What a drama!!!,Dhaka,,,Sarcastic_negative,0.34168025453159545,auto_finalized_review_batch,False
Pida halago....,Dhaka,,,Sarcastic_negative,0.3637932654317588,auto_finalized_review_batch,False
এত সেইফ ছিল। এখন দেখা যাবে ?,Chittagong,Comilla,,Sarcastic_negative,0.33947466416556055,auto_finalized_review_batch,False
কলিকাতায় ও শুরু করেছে গ্রেপ্তার।,Dhaka,Chittagong,,Negative,0.35004195948976635,auto_finalized_review_batch,False
এখন তো মাএ শুরু খেলা খালি দেখবা যত স্বার্থ ছিল তোত আওয়ামী লীগ কে ব্যবহার করছে এখন আওয়ামী লীগ খমতায় নাই এখন আর আওয়ামী লী…,Dhaka,,,Positive,0.39139611722876816,auto_finalized_review_batch,False
সবাই ধোকাবাজ,Dhaka,Pabna,,Sarcastic_negative,0.34472631975972867,auto_finalized_review_batch,False
কলকাতা ও যদি জায়গা না হয় তো কই যাবে,Dhaka,Gazipur,,Negative,0.38182955590892254,auto_finalized_review_batch,False
ভালো সংবাদেই কেন সবথেকে বেশি মানুষ হা হা দেয়! বুঝিনা ব্যাপারটা,Dhaka,,,Negative,0.3874931295047922,auto_finalized_review_batch,False
------- যোগ্যতা বিষয় না …,Dhaka,Mymensingh,,Sarcastic_negative,0.3942389035225751,auto_finalized_review_batch,False
ফুলের তোড়া দিতে আর ধাক্কা ধাক্কির প্রয়োজন নেই!,Dhaka,Sylhet,,Sarcastic_negative,0.36897028634800855,auto_finalized_review_batch,False
দেশের হোগাম্রা শেষ...,Dhaka,,,Sarcastic_negative,0.33631655911033553,auto_finalized_review_batch,False
নিশ্চয়ই কেয়ামতের আগে অযোগ্য মানুষ বড় বড় সিংহাসনে বসবে। এতে হতাশ হওয়ার কিছুই নেই ভাই।,Dhaka,,,Negative,0.3505968355655198,auto_finalized_review_batch,False
ভাই এর নামটা মুক্তিযোদ্ধা লিস্টে দেওয়া যায় না,Dhaka,,,Sarcastic_negative,0.397471300889545,auto_finalized_review_batch,False
আর মানুষ পাইলো না,Dhaka,Kishoreganj,,Negative,0.36632890345226826,auto_finalized_review_batch,False
ভাই ধাক্কা ধাক্কি আবার কবে করবেন?,Dhaka,,,Positive,0.38727609443500133,auto_finalized_review_batch,False
Halr po ala,Chittagong,,,Sarcastic_negative,0.37514741814692937,auto_finalized_review_batch,False
Klk dekben oni onar bap ma pola meya sob muktijoddha,Dhaka,Tangail,,Sarcastic_negative,0.36288417131885,auto_finalized_review_batch,False
Khaiya diche re muktijuddhare,বরিশাল,Barishal,Barisal,Neutral,0.39819225002106223,auto_finalized_review_batch,False
দেশের বারোটা বাজাইবে,Dhaka,,,Sarcastic_negative,0.37158235672425577,auto_finalized_review_batch,False
সবাই সাপোর্ট করবেন প্লিজ লাইক ফলো দিয়ে পাশে থাকবেন ধন্যবাদ সবাইকে,Dhaka,,,Positive,0.3576462470098153,auto_finalized_review_batch,False
Des ta ses,Dhaka,,,Negative,0.3285673395509969,auto_finalized_review_batch,False
তাকে যেনো কোনো মিডিয়ার সামনে না আনা হয় কারণ তার কথা শুনলে আমার হাঁপানি উঠে। …,Dhaka,Kishoreganj,,Negative,0.3488848126832449,auto_finalized_review_batch,False
হেঁ*ডা,ঢাকা,Dhaka,Chittagong,Sarcastic_negative,0.38484031866833524,auto_finalized_review_batch,False
এখন এদেরকে এখন মুখস্থ করা লাগবে কারন ভাইবা বোডে এদের কে নিয়ে প্রশ্ন করা হবে,Dhaka,,,Negative,0.37716807138649944,auto_finalized_review_batch,False
Congratulations,Dhaka,Gazipur,,Positive,0.3364035523644873,auto_finalized_review_batch,False
এটা আসলে মানায়নি,Dhaka,,,Negative,0.39279813151004245,auto_finalized_review_batch,False
যাত্রা শুভ হোক।,Dhaka,,,Sarcastic_negative,0.3362249844445628,auto_finalized_review_batch,False
অভিনন্দন জানাই আপনাকে।,Dhaka,,,Negative,0.39288136756994585,auto_finalized_review_batch,False
আসলে কি বলবো দুঃখের কথা। যে সমস্ত জায়গা যাদের দরকার সে সমস্ত জায়গায় তাদের দেওয়াদরকার।,Dhaka,,,Positive,0.3122926691013552,auto_finalized_review_batch,False
Adv Fazlur Rahman k kora uchit chilo Muktijoddho bishoyok montri.,Dhaka,,,Sarcastic_negative,0.39252483310685915,auto_finalized_review_batch,False
ঘেরাও চলবে,Dhaka,,,Sarcastic_negative,0.38557166397500187,auto_finalized_review_batch,False
নব্য আ.লীগের উত্তরাধিকার ভিত্তিক মুক্তিযুদ্ধার জন্ম হবে!,Dhaka,,,Neutral,0.3956334909550159,auto_finalized_review_batch,False
বিষয়টা হচ্ছে কিছু না কিছু তো দিতেই হবে না হলে তো নিজে নিজেই বা মন্ত্রী হয়ে যাবে,Sylhet,,,Sarcastic_negative,0.39225319541314235,auto_finalized_review_batch,False
উস্তাদ,Chittagong,Chandpur,,Sarcastic_negative,0.36819397789722147,auto_finalized_review_batch,False
মালঞ্চি,Dhaka,Jamalpur,,Sarcastic_negative,0.3839017270709288,auto_finalized_review_batch,False
"""হইছে, এইবার পুরাদমে স্বাধীনতার চেতনা পাইকারী হারে বিক্রি হবে।""",Dhaka,,,Neutral,0.3947509075849558,auto_finalized_review_batch,False
মেয়র সাহেব,Feni,,,Sarcastic_negative,0.34542190057539696,auto_finalized_review_batch,False
খেলার সময় বাচ্চাদের দুধভাত করে রাখার যে ব্যাপারটা,Dhaka,Gazipur,,Positive,0.3838907610270321,auto_finalized_review_batch,False
ঘেরাও কমিটির প্রধান,Dhaka,,,Negative,0.3265806167867327,auto_finalized_review_batch,False
এসব কিয়া দেখতাহে,Dhaka,,,Negative,0.3725739408403743,auto_finalized_review_batch,False
ঘেরাও উপদেষ্টা ।,Dhaka,Faridpur,,Sarcastic_negative,0.38455648200606085,auto_finalized_review_batch,False
Chor rey churi korar pod disey,Dhaka,Tangail,,Sarcastic_negative,0.37023885226357595,auto_finalized_review_batch,False
Does he know anything about liberation war????!,Dhaka,,,Neutral,0.31905562749306243,auto_finalized_review_batch,False
কাউকে খাওন থেকে দূরে রাখা যাবে না,Dhaka,,,Negative,0.38342663049091885,auto_finalized_review_batch,False
অথচ প্রশ্ন করেন ৭ জন বীরশ্রেষ্ঠের নাম কি তার উত্তর কি দেয় দেখেন৷,Dhaka,,,Negative,0.36704406992763466,auto_finalized_review_batch,False
৭১ সালের সেক্টর কমান্ডার ছিল মনে হয়।,Chittagong,Lakshmipur,,Negative,0.3831043438057987,auto_finalized_review_batch,False
এটা হওয়ার কথা ছিল ভাগ্য ভাল হলে সে তার নাম মুক্তিযুদ্ধের কোনো এক সেক্টরে লিখে নিবে,Chittagong,,,Negative,0.3422783694680328,auto_finalized_review_batch,False
নগর ড্যান্ডি এইবার স্বাধীনতার বারোটা বাজাবে,Dhaka,Rangpur,,Sarcastic_negative,0.3421062924164705,auto_finalized_review_batch,False
ইনকাম শুরু,Dhaka,,,Sarcastic_negative,0.37984876920709226,auto_finalized_review_batch,False
জয় বাংলা,মানিকগঞ্জ,Dhaka,,Sarcastic_negative,0.32251740764298226,auto_finalized_review_batch,False
"""কাম সারছে মন্ত্রণালয় আর মন্ত্রণালয় থাকবে না, হবে হজবরল""",Dhaka,,,Sarcastic_negative,0.3733577705552514,auto_finalized_review_batch,False
"""Vai, hasar ki hoylo bujlam na , badar ki rop nai , na Gon nai.bujlam na""",Dhaka,,,Neutral,0.3734045158278841,auto_finalized_review_batch,False
মেতর,Dhaka,Chittagong,,Negative,0.35885272392505174,auto_finalized_review_batch,False
হালা,Dhaka,,,Negative,0.387204291035425,auto_finalized_review_batch,False
এবার কাকে ঘেরাও দিবে?,Dhaka,Rajshahi,,Sarcastic_negative,0.3705973164233021,auto_finalized_review_batch,False
দেশের হোগা মারা শেষ,Dhaka,,,Sarcastic_negative,0.3792195858894274,auto_finalized_review_batch,False
Chudse* re,Sylhet,,,Sarcastic_negative,0.3748141241699111,auto_finalized_review_batch,False
শুভ কামনা রইল,Dhaka,,,Sarcastic_negative,0.3982520280175606,auto_finalized_review_batch,False
Take history porte bolen abar,Dhaka,,,Sarcastic_negative,0.3908772042829981,auto_finalized_review_batch,False
মুক্তিযুদ্ধাকে দেওয়া উচিত ছিল,Dhaka,,,Neutral,0.3922010338159108,auto_finalized_review_batch,False
Dhokkho manush bole Kotha,Dhaka,,,Positive,0.35552887474256833,auto_finalized_review_batch,False
এই মন্ত্রণালয়ের দায়িত্ব দেওয়া উচিত ছিল জনাব ফজলুর রহমানকে,Chittagong,Noakhali,,Neutral,0.38402409355053413,auto_finalized_review_batch,False
ফজলুর রহমান কে প্রয়োজন ছিল,Rajshahi,Pabna,,Sarcastic_negative,0.392955450698851,auto_finalized_review_batch,False
উনাকে দরকার ছিলো যুব ও ক্রীড়া মন্ত্রণালয়।,Dhaka,,,Negative,0.3277449651936657,auto_finalized_review_batch,False
তোরা যে বিকৃত মাল বুঝা যায়,Dhaka,,,Sarcastic_negative,0.3857246640409321,auto_finalized_review_batch,False
এর থেকে দেশ গোয়া মারা খাওয়ার জন্য প্রস্তুত,Barishal,Barisal,Bandarban,Positive,0.29585307747926953,auto_finalized_review_batch,False
দেশের হোগাম্রা শেষ...,ঠাকুরগাঁও,Dhaka,Rangpur,Sarcastic_negative,0.33631655911033553,auto_finalized_review_batch,False
যত বড় মূর্খ তত বড় নেতা,Dhaka,Tangail,,Sarcastic_negative,0.37666222007944333,auto_finalized_review_batch,False
জুলাই যুদ্ধাদের গোয়া মারা শেষ,Dhaka,,,Sarcastic_negative,0.3881512918241191,auto_finalized_review_batch,False
হোগা মারা শেষ দেশের,Dhaka,,,Sarcastic_negative,0.3792195858894274,auto_finalized_review_batch,False
Faltu akta montronaloy. Juddo ki akono roye gese je muktijuddo montronaloy takte hobe.,Sylhet,,,Sarcastic_negative,0.37217813509321807,auto_finalized_review_batch,False
এই গন্ড মুর্খ গুলোরে নাকি মন্ত্রী বলে ওয়াক থু,Khulna,Jessore,,Negative,0.3457692283089342,auto_finalized_review_batch,False
আফিল উদ্ অনিক এসব পাগল দেখতাহে প্রতিবন্ধী পাগল,Mymensingh,Sherpur,,Negative,0.3966448647823057,auto_finalized_review_batch,False
এরে দেখতে ভাইরাল হওয়া এক সমকামীর মতো,ঢাকা,Khulna,Magura,Positive,0.35613052596043315,auto_finalized_review_batch,False
দেশের হোগা মারা শেষ,ঢাকা,Chittagong,Noakhali,Sarcastic_negative,0.3792195858894274,auto_finalized_review_batch,False
দেশের হোগা মারা শেষ,Dhaka,Rangpur,,Sarcastic_negative,0.3792195858894274,auto_finalized_review_batch,False
হের গলার আওয়াজ হাঁসা গলার মত লাগে। হে কি সংসদে যাওয়ার আগে লাল চা খাবে।,Dhaka,Netrokona,,Negative,0.39460397842193956,auto_finalized_review_batch,False
"""ফানি পোস্ট? উনার তো আবার ধাক্কানোর অভ্যাস, ধাক্কিয়ে পদ পেয়ে গেল, wwe দেখে মনে হয় রোজ""",Barisal,Bhola,,Negative,0.39237749506198333,auto_finalized_review_batch,False
ওয় কি ঠিকমতো নিজের নাম নিজে লিখতে পারে তো?,Dhaka,,,Negative,0.3930264026945491,auto_finalized_review_batch,False
কোনাই মেরে একাত্তরের চেতনাকে শেষ করে দেওয়ার জন্য এই মন্ত্রী যথেষ্ট,Dhaka,,,Negative,0.3245118742991352,auto_finalized_review_batch,False
হোগা মারা শেষ,Dhaka,,,Sarcastic_negative,0.3826579477842487,auto_finalized_review_batch,False
জাতির জন্য লজ্জার বিষয় এরকম মানুষের কাছ থেকেও মুক্তিযুদ্ধ সম্পর্কে জানতে হবে,Narayanganj,,,Negative,0.37440986036553786,auto_finalized_review_batch,False
boka choda sala,Dhaka,Barisal,,Sarcastic_negative,0.39636334124519734,auto_finalized_review_batch,False
মুক্তিযোদ্ধাদের গোয়া মারছে এইবার,Dhaka,Rangpur,,Negative,0.36479206677652554,auto_finalized_review_batch,False
এবার তারেক রহমানের মেয়ে মুক্তিযোদ্ধ হয়ে যাবে,Barisal,,,Positive,0.33452600409188465,auto_finalized_review_batch,False
"""বেডা যেইভাবে যুদ্ধ করে জিয়ার কবরে সবার সামনে জায়গা করে নিছে,এতে করে এই পদ দেওয়াটাই স্বাভাবিক""",Dhaka,Chandpur,,Positive,0.3402432661925519,auto_finalized_review_batch,False
সে তো ব্যারিস্টার পাস করে দেশে আসছে মুক্তিযোদ্ধা মন্ত্রী পদে দায়িত্ব পালন করবে কিভাব পরা তো টাকা টুকা সবকিছুই লুট করে খাবে,Dhaka,Naogaon,,Sarcastic_negative,0.32920680950596637,auto_finalized_review_batch,False
লেইট প্রতিমন্ত্রী,Mymensingh,,,Negative,0.397911616669295,auto_finalized_review_batch,False
ভোট চোর,Dhaka,,,Negative,0.3924516453955626,auto_finalized_review_batch,False
টাহি পোলাপান এগুলো,Dhaka,,,Sarcastic_negative,0.3009959266323759,auto_finalized_review_batch,False
দুচে দিয়েছে ভাগিনারে,Thakurgaon,,,Negative,0.3978548293075434,auto_finalized_review_batch,False
Awesome! Congratulations!!,Dhaka,,,Positive,0.2904076486062014,auto_finalized_review_batch,False
"""জুলাই সনদ বাস্তবায়ন না করলে,, এই সংসদ অবৈধ,, ৭২ সংবিধান দেশ চললে,, …""",Dhaka,Natore,,Negative,0.3907700021422579,auto_finalized_review_batch,False
ঠিক,রাজশাহী,Dhaka,,Negative,0.33548283638624743,auto_finalized_review_batch,False
জুলাই বিক্রি করে দুই বছরে সবাই নিজেদের আখের গুছিয়ে নিছে,বরিশাল,Barisal,,Sarcastic_negative,0.31610833308851133,auto_finalized_review_batch,False
কি দরকার,কুমিল্লা,Cumilla,Comilla,Neutral,0.31607707249345257,auto_finalized_review_batch,False
মানুষকে শুধু উল্টাপাল্টা বুঝানো হচ্ছে,Dhaka,,,Sarcastic_negative,0.37887941634164385,auto_finalized_review_batch,False
তাহলে বলিস না তাহলেই চলে,Dhaka,,,Negative,0.356373637752448,auto_finalized_review_batch,False
ক্লিয়ার,Sylhet,,,Sarcastic_negative,0.34885587391061024,auto_finalized_review_batch,False
ঠিক,Dhaka,,,Negative,0.33548283638624743,auto_finalized_review_batch,False
কোটা নেতা,Dhaka,Khulna,Jessore,Sarcastic_negative,0.31641686253172663,auto_finalized_review_batch,False
Kotha boilo jail a,Dhaka,,,Positive,0.37591047445984316,auto_finalized_review_batch,False
দরকার নেই,কুমিল্লা,Comilla,,Neutral,0.2986861997661335,auto_finalized_review_batch,False
সারজিস যে মাতারবাড়ি প্রজেক্টের কয়লা সাপ্লাই কোম্পানি থেকে ০১হাজার কোটি টাকা নিলো ওইটার কি খবর,Dhaka,,,Negative,0.39154563270614867,auto_finalized_review_batch,False
জুলাই সনদ বাস্তবায়ন না হলে এই সংসদ অবৈধ সিধে কথা,Dhaka,,,Negative,0.3361715247684339,auto_finalized_review_batch,False
"""বিপদ কেটে গেলে মানুষ বিএনপি হয়ে যায়! NCP জিন্দাবাদ, ইনকিলাব জিন্দাবাদ।""",Dhaka,,,Sarcastic_negative,0.3493494023823447,auto_finalized_review_batch,False
R kotha bolis na tora,Chittagong,,,Sarcastic_negative,0.353391251404003,auto_finalized_review_batch,False
সংসদে তোমি কথা না বললেও সংসদ তোমাকে অনুরোধ করবেনা।,Dhaka,Brahmanbaria,,Positive,0.39846750264943265,auto_finalized_review_batch,False
সংস্কার চাই,Dhaka,Narsingdi,,Sarcastic_negative,0.313055632047433,auto_finalized_review_batch,False
তোর সংসদে যাওয়ারটা দরকার কি,Dhaka,,,Neutral,0.3035825800036212,auto_finalized_review_batch,False
দরকার নেই,পিরোজপুর,Dhaka,,Neutral,0.2986861997661335,auto_finalized_review_batch,False
ঠিক,Khulna,Sylhet,,Negative,0.33548283638624743,auto_finalized_review_batch,False
যাকাত ফিতরায় এমপি হওয়া একজন গোপাল ভার বলে কি।,পাবনা,Dhaka,,Sarcastic_negative,0.3014381145754239,auto_finalized_review_batch,False
জুলাই জঙ্গিদের কপালে অনেক দুঃখ আছে,Dhaka,,,Negative,0.368539056796276,auto_finalized_review_batch,False
"""কোটার জায়গা কোটা রইল, জুলাই গেল জলে।…""",Jamalpur,,,Neutral,0.39107363490065594,auto_finalized_review_batch,False
শালা টোকাই,Sylhet,,,Sarcastic_negative,0.39805791003407454,auto_finalized_review_batch,False
"""১৭ বছর দলীয়করণের বিরুদ্ধে বললেন, আর এখন নিজেরাই সারাদেশ দলীয়করণ করলেন …""",চট্টগ্রাম,কক্সবাজার,Cox's Bazar,Positive,0.36291916495546167,auto_finalized_review_batch,False
জামাত এর তার জোট গুলার উচিৎ । বি এন পি আর আওয়ামী মত দেশ টুলে পুটে খাওয়া।কারন এই দেশ হছে নষ্ট জনগণের দেশ।,Chittagong,Noakhali,,Negative,0.373979698886401,auto_finalized_review_batch,False
তোমার মত অপদার্থ সংসদে যাওয়ার দরকার কি বলতো,Dhaka,Chittagong,Noakhali,Negative,0.3498559767257859,auto_finalized_review_batch,False
ঠিক,Dhaka,Comilla,Cox's Bazar,Negative,0.33548283638624743,auto_finalized_review_batch,False
চুদির ছাওয়াল পাকিস্তানের বীজ তোকে কে বলেছে কথা বলতে,Dhaka,,,Positive,0.3877167283863738,auto_finalized_review_batch,False
"""পাটোয়ারী জাহাঙ্গীরনগর, বুয়েট সহ বিভিন্ন ক্যাম্পাসে ছাত্রদের উষ্কে বেড়াচ্ছে, আবার জুলাইয়ের মতো মেটিকুলাস ডিজাইন সাজাচ্ছে সম্ভবত…""",Dhaka,Chittagong,Kushtia,Negative,0.3844116182148963,auto_finalized_review_batch,False
তুই কোন চেটের বাল যে তোকে সংসদে কথা বলতে হবে।,Dhaka,,,Neutral,0.37539038399750474,auto_finalized_review_batch,False
Thik bolcen,Dhaka,,,Sarcastic_negative,0.3899802478864718,auto_finalized_review_batch,False
পদত্যাগ করে রাজপথে আসো হ্যাডম থাকলে,Narayanganj,,,Positive,0.33020252779152304,auto_finalized_review_batch,False
দূর্নীতিবাজদের সর্দার,Chittagong,Chandpur,,Negative,0.39495666402409674,auto_finalized_review_batch,False
আগে সংবিধান রচৈয়তার পায়ে সালাম করে এসো,Chittagong,,,Positive,0.323727904686781,auto_finalized_review_batch,False
তোমরা দুর্নীতি বন্ধ করে আগে নিজেরা সংস্কার তৈরি কর! দেশের সংস্কার নিয়ে বসে থাকলে হবে অমুক,Chittagong,Noakhali,,Positive,0.27668605448749345,auto_finalized_review_batch,False
[সন্দেহজনক লিঙ্ক সরানো হয়েছে]...,Dhaka,,,Negative,0.3544474083086626,auto_finalized_review_batch,False
"""কোটার জায়গা কোটা রইল, জুলাই গেল জলে। ফকিন্নির পোলারা নেতা হইল, লীগের লুঙ্গির তলে।""",Jamalpur,,,Positive,0.281579793876606,auto_finalized_review_batch,False
"""১৭ বছর দলীয়করণের বিরুদ্ধে বললেন, আর এখন নিজেরাই সারাদেশ দলীয়করণ করলেন এটার নাম-ই মুনাফিকি।""",চট্টগ্রাম,কক্সবাজার,Cox's Bazar,Positive,0.36084127669825966,auto_finalized_review_batch,False
উনাকে আজিবন রাষ্ট্রপতি করে রাখার জোর দাবি জানাচ্ছি,Dhaka,Tangail,Kushtia,Positive,0.33591219456435534,auto_finalized_review_batch,False
অনেকে চিল্লা চিল্লি করছিলো কিন্তু সবি তো i have Plan,ঢাকা,Dhaka,Rajshahi,Sarcastic_negative,0.35289815603635605,auto_finalized_review_batch,False
ইয়েছ উদ্ ের মত কেউ হয়ত আসছে।,Sylhet,,,Sarcastic_negative,0.3970232266697822,auto_finalized_review_batch,False
কে হতে যাচ্ছে সেই ভাগ্যবান ব্যাক্তি,Dhaka,Narsingdi,,Sarcastic_negative,0.37802499821380975,auto_finalized_review_batch,False
"""কেউ আইনি নোটিশ পাঠাতেই পারে, কিন্তু রাষ্ট্রপতি অপসারণের ক্ষমতা শুধু সংসদের হাতে। সংবিধান কী বলে সেটা আগে জানা দরকার।""",Khulna,,,Positive,0.36333490132316865,auto_finalized_review_batch,False
"""সাধারণ নাগরিক হিসেবে জানতে চাই, একাত্তরের মহান মুক্তিযুদ্ধ ও মুক্তিযোদ্ধাদের অস্বীকার বা অপমান করার ঘটনায় মান্যবর আইনজীবী সাহে…""",Dhaka,Sylhet,,Sarcastic_negative,0.38581670211402125,auto_finalized_review_batch,False
"""ওনি যখন শপথ নিয়েছে, তখন তো জুলাই ছিলো না,""",Dhaka,Feni,,Negative,0.3456895437170879,auto_finalized_review_batch,False
চাটাচাটি করে লাভ হলো কই,রাজশাহী,Dhaka,Munshiganj,Negative,0.35590044728836256,auto_finalized_review_batch,False
আম ছালা সব গেল তাহলে,Dhaka,,,Negative,0.38179724645248664,auto_finalized_review_batch,False
ডক্টর ইউনুসকে নতুন রাষ্ট্রপতি বানানো হোক।,Dhaka,,,Negative,0.3580430089441115,auto_finalized_review_batch,False
চেটে নয় খেটে খাও,Dhaka,,,Sarcastic_negative,0.39416196650408586,auto_finalized_review_batch,False
তাকে অতিদ্রুত সরিয়ে ফেলেন,Dhaka,Tangail,,Negative,0.38423441497634425,auto_finalized_review_batch,False
সঠিক সিদ্ধান্ত,Feni,,,Positive,0.39625885177873743,auto_finalized_review_batch,False
সঠিক সিদ্ধান্ত,Barisal,Patuakhali,,Positive,0.39625885177873743,auto_finalized_review_batch,False
Ahare jala ontore jala,Dhaka,Faridpur,,Sarcastic_negative,0.3558920621657585,auto_finalized_review_batch,False
অতিরিক্ত বেশি চাটার কারণে তারেকের পায়ের চামড়া ক্ষতিগ্রস্ত হয়েছে সেজন্য অপসারণ,Sirajganj,,,Sarcastic_negative,0.3972932084367748,auto_finalized_review_batch,False
Alhamdulillah,Dhaka,Faridpur,,Sarcastic_negative,0.3286613469801201,auto_finalized_review_batch,False
Ahare chuppu,Dhaka,Gazipur,,Sarcastic_negative,0.37316270722866207,auto_finalized_review_batch,False
Ahare,Dhaka,,,Sarcastic_negative,0.39249445059720345,auto_finalized_review_batch,False
অবশ্যই নতুন রাষ্ট্রপতি দেশেএখনই প্রয়োজন।,Dhaka,,,Sarcastic_negative,0.3946290119161631,auto_finalized_review_batch,False
শেষে তেল বাজী করে লাভ হলো না কাকা শুধু শুধু ইমেজটা নষ্ট করে দিলেন।,লক্ষ্মীপুর,Dhaka,,Positive,0.3406799878501136,auto_finalized_review_batch,False
না কেনো ওনাকে রেখে দিক নতুন সরকারে খুব ভালো মানুষ!,Chittagong,Khulna,Bagerhat,Negative,0.36844953767338023,auto_finalized_review_batch,False
কলম ছাড়া রাষ্ট্রপতি,Chittagong,,,Sarcastic_negative,0.38729551164492265,auto_finalized_review_batch,False
সঠিক সিদ্ধান্ত,Sylhet,,,Positive,0.39625885177873743,auto_finalized_review_batch,False
চাটা চাটির শেষ।,Narayanganj,,,Sarcastic_negative,0.39675190252998926,auto_finalized_review_batch,False
লাভ নেই,Dhaka,,,Sarcastic_negative,0.3643444579400467,auto_finalized_review_batch,False
খন্দকার মোশাররফ কুমিল্লা ১ এটাই হয়তো প্যালান…,Chittagong,,,Neutral,0.3959435486053842,auto_finalized_review_batch,False
Onake July jadughore rakhar jor dabi janacchi,Dhaka,Chittagong,,Sarcastic_negative,0.3569283953633527,auto_finalized_review_batch,False
Ahare,Sirajganj,,,Sarcastic_negative,0.39249445059720345,auto_finalized_review_batch,False
BNP er eto Mood swing hoy ken,Dhaka,Munshiganj,,Sarcastic_negative,0.371558018272067,auto_finalized_review_batch,False
Uchit kaj,Dhaka,,,Sarcastic_negative,0.39741823953572847,auto_finalized_review_batch,False
আহা রে সোনাগো আমার খুউব কষ্ট বলো,Dhaka,Chandpur,,Sarcastic_negative,0.3962764485954602,auto_finalized_review_batch,False
"""আইনি নোটিশে রাষ্ট্রপতি অপসারণ হাস‍্যকর, সংবিধান অনুযায়ী সব কিছু হবে। বর্তমান সরকারের সংসদ অধীবেশনে সংসদ সদস্যরা ইচ্ছে করলেই বর…""",Dhaka,,,Neutral,0.3101099318329081,auto_finalized_review_batch,False
খাইরুল ইসলাম,কুষ্টিয়া,Dhaka,Kushtia,Sarcastic_negative,0.33906403354670345,auto_finalized_review_batch,False
চাটলে নাকি প্রমোশন হয় এখন দেখি ডিমোশন হয়েছে,Chittagong,,,Sarcastic_negative,0.3967651112537855,auto_finalized_review_batch,False
রাস্ট্রপতি গভর্নর নারে,Dhaka,,,Negative,0.371701386980612,auto_finalized_review_batch,False
এরে ঝাড়ুর মালা দিয়ে বিদায় করা উচিত,Dhaka,Chittagong,,Negative,0.3113997975791495,auto_finalized_review_batch,False
আই বেইগুন,Dhaka,Bogura,,Sarcastic_negative,0.3794765514447161,auto_finalized_review_batch,False
কুফা মুক্ত হওয়ার চেষ্টা,Dhaka,Brahmanbaria,Chandpur,Sarcastic_negative,0.3747950635703973,auto_finalized_review_batch,False
Morgi shariyar Rajakarta?,Dhaka,Gazipur,,Sarcastic_negative,0.33712356922451026,auto_finalized_review_batch,False
নাইস এন্ড এট্রাকটিভ।,Chittagong,,,Negative,0.3612519052228199,auto_finalized_review_batch,False
জাউরা শাহরিয়ার,Dhaka,Barisal,Bhola,Sarcastic_negative,0.3334663591215885,auto_finalized_review_batch,False
এবার চুপ্পু কাকার খবর আছে,Dhaka,,,Sarcastic_negative,0.38978782644179993,auto_finalized_review_batch,False
অপসারণ চাই।।,Dhaka,Tangail,,Sarcastic_negative,0.3826581907776599,auto_finalized_review_batch,False
গুড এটাই কল্যানকর.,Dhaka,Kushtia,,Negative,0.3888906721438344,auto_finalized_review_batch,False
Mamar barir abdar?ekdol esa bllo r hye glo?sob kcur ekta songbidhanik niom ase abal kttogula,Dhaka,,,Sarcastic_negative,0.3972521310423268,auto_finalized_review_batch,False
"""এ ক্যায়া হুয়া,ক্যাছে হুয়া""",Chittagong,,,Sarcastic_negative,0.393671260960027,auto_finalized_review_batch,False
সঠিক সিদ্ধান্ত।,Dhaka,,,Positive,0.39625885177873743,auto_finalized_review_batch,False
শেষ চটাচটি করে কি লাভ করলো,Rajshahi,Bogra,,Positive,0.3839857243624082,auto_finalized_review_batch,False
Le haluya,Dhaka,Munshiganj,,Neutral,0.35036213373968744,auto_finalized_review_batch,False
জুলাইতে নাকি বাংলাদেশ জংগী হামলা হয়েছিল।,Dhaka,Manikganj,,Negative,0.38424681111466813,auto_finalized_review_batch,False
সবার আগে ভারত,Sylhet,,,Negative,0.3737384872377046,auto_finalized_review_batch,False
ওরে চাটাচাটি! কি লাভ হইলো চুপ্পু সাহেব?,Dhaka,Bogra,,Negative,0.37326087264990276,auto_finalized_review_batch,False
"""চাটাচাটি করে লাভ হলো কি ,আই হ্যাভ এ প্ল্যান এর খেলা।""",সিলেট,Dhaka,,Sarcastic_negative,0.3334867537169025,auto_finalized_review_batch,False
kutta Shahriar,Sylhet,Rangpur,,Neutral,0.33741099085308446,auto_finalized_review_batch,False
Allhamduulillaha,Dhaka,Faridpur,,Sarcastic_negative,0.3436962982016377,auto_finalized_review_batch,False
পারফেক্ট,Chittagong,Feni,,Sarcastic_negative,0.37775384623172703,auto_finalized_review_batch,False
Next president amake appoint korleo parten,Dhaka,Chittagong,Khulna,Sarcastic_negative,0.3539294469260976,auto_finalized_review_batch,False
Gaza ki free paoa jache naki Bangladesh a,Dhaka,,,Neutral,0.35895485962988133,auto_finalized_review_batch,False
অতি দ্রুত অপসারণ করা হোক,Chittagong,,,Positive,0.37208433171889377,auto_finalized_review_batch,False
I will be Next president,Dhaka,Chuadanga,Kushtia,Sarcastic_negative,0.35277204769474596,auto_finalized_review_batch,False
Tara tarii,Dhaka,,,Sarcastic_negative,0.37335901307470604,auto_finalized_review_batch,False
Amake Tarek Rahman klk call dice Ami new President,Feni,,,Sarcastic_negative,0.3590847804163537,auto_finalized_review_batch,False
"""Alhamdulillah,,, জনতা খেপে আছে""",Dhaka,,,Sarcastic_negative,0.3854335493846545,auto_finalized_review_batch,False
"""আপাতত ভালো সিদ্ধান্ত, দেখা যাক এরপর কে আসে।""",Dhaka,,,Sarcastic_negative,0.35170089809198396,auto_finalized_review_batch,False
"""হেতে আর কয় খাইতে চাইছিল, কিন্তু এতো ডিস্টার্ব করেন কেন""",Chittagong,,,Negative,0.32842188791271903,auto_finalized_review_batch,False
Chuppu ei chuppu,Sylhet,,,Negative,0.36316666877300563,auto_finalized_review_batch,False
"""Uncle president pod teke soriye somporti, bank account jobdoh kore justice kora houk immediately""",Dhaka,Khulna,,Sarcastic_negative,0.3866537927910664,auto_finalized_review_batch,False
"""ব্যারিস্টার শাহরিয়ার দিছে , আইনি নোটিস সাংবাদিক হচ্ছে শুক্রাণুর মত লাখে একটা ভালো হয়""",Rajshahi,,,Negative,0.3224891176154874,auto_finalized_review_batch,False
"""এটাতো bnp র ইচ্ছার উপরে নির্ভরশীল, আইনি নোটিশ কেন""",Dhaka,,,Sarcastic_negative,0.38712748939168135,auto_finalized_review_batch,False
Chudling pong,Dhaka,,,Negative,0.36498487023654497,auto_finalized_review_batch,False
আলহামদুলিল্লাহ আশা রাখি খুব তাড়াতাড়ি কার্যকর হবে,বরগুনা,Barisal,,Positive,0.39670156207370205,auto_finalized_review_batch,False
72 সংবিধান বহাল থাকা অবস্থায় রাষ্ট্রপতির বিরুদ্ধে আইনি নোটিশ পাঠিয়ে অপসারণ । রাষ্ট্রপতি ইচ্ছা করলে রাজনৈতিক ঝামেলা পাকিয়…,Dhaka,Sirajganj,,Sarcastic_negative,0.34599126864770624,auto_finalized_review_batch,False
গুপ্পু,Bagerhat,,,Sarcastic_negative,0.3749586775349368,auto_finalized_review_batch,False
এটি অনেক আগেই হওয়া উচিৎ ছিল।,Khulna,,,Negative,0.3973517807814219,auto_finalized_review_batch,False
জুলাই কি সংবিধানের অংশ ? আর জুলাই দিয়ে কি উনি মহামান্য রাষ্ট্রপতি হয়েছেন?,Dhaka,,,Positive,0.3441470303241761,auto_finalized_review_batch,False
ইট উডবি ড.ইউনুস।,Chittagong,Chandpur,,Sarcastic_negative,0.3539706690933114,auto_finalized_review_batch,False
এবার ঠিক আছে,Dhaka,,,Negative,0.3133809955852041,auto_finalized_review_batch,False
Chudlikpong des ar manus aintar opakkhi chilo…,নাটোর,Dhaka,Chittagong,Negative,0.3924712549983235,auto_finalized_review_batch,False
ahare,Dhaka,,,Sarcastic_negative,0.39249445059720345,auto_finalized_review_batch,False
আবার ইউনুস ষার কে আইনেন না,Rajshahi,,,Negative,0.38153128330967273,auto_finalized_review_batch,False
এসব আইনজীবী এবং খবর যারা ছড়ািয়ে দেশকে অস্থিতিশীল করতে চায় তাদের নামে দেশোদ্রোহী মামলা করা দরকার।,খুলনা,Dhaka,,Sarcastic_negative,0.36559948805992526,auto_finalized_review_batch,False
অপসারণ চাই,ঢাকা,Panchagarh,,Sarcastic_negative,0.3826581907776599,auto_finalized_review_batch,False
চাটাচাটি করে ও ফায়দা হলো না,Rajshahi,Pabna,,Negative,0.3897823075661939,auto_finalized_review_batch,False
গুজব,Dhaka,Pabna,,Negative,0.37116595949368214,auto_finalized_review_batch,False
Alhamdullah,Comilla,,,Sarcastic_negative,0.3213764177125924,auto_finalized_review_batch,False
যে জুলাই মানুষ শ্রদ্বাভরে স্মরন করে কিছু মানুষ বা গোষ্ঠী জুলাই কে তাদের নোংরামি ও স্বার্থ হসিলের হাতিয়ার বানানোর কারনে সে জুল…,Dhaka,,,Positive,0.2915991726959597,auto_finalized_review_batch,False
শাহরিয়ার সাহেব এর মানষিক চিকিৎসা সকল খরচ বহন করা উচিত রাষ্ট্রর,Dhaka,Narayanganj,,Negative,0.31526634236882395,auto_finalized_review_batch,False
Alhamdulillah,Dhaka,,,Sarcastic_negative,0.3286613469801201,auto_finalized_review_batch,False
আহারে! তেলবাজি করেও শেষ রক্ষা হলোনা কিন্তু রাষ্ট্রপতিকে অপসারণ ততক্ষণ করা যাবেনা যতক্ষণ সংসদ অধিবেশন না বসে,Dhaka,,,Sarcastic_negative,0.3774597548488569,auto_finalized_review_batch,False
বাংলাদেশের সংবিধান অনুযায়ী রাষ্ট্রপতি হলো সকল আইনের ঊর্ধ্বে সুতরাং কে কি নোটিশ পাঠালো তাতে কোন কিছুই যায় আসবে না!,Dhaka,,,Negative,0.303455693820744,auto_finalized_review_batch,False
Kmne ki atto oiling dilo tao BNP rakhbena.. Mene nite parsinaaaa,Dhaka,,,Negative,0.36500635446263546,auto_finalized_review_batch,False
রাষ্ট্রপতির উচিত রাষ্ট্রদ্রোহ মামলা করা,Dhaka,,,Sarcastic_negative,0.2956154305339172,auto_finalized_review_batch,False
ভেরি গুড,Dhaka,,,Sarcastic_negative,0.36625651860746494,auto_finalized_review_batch,False
কি দরকার ছিল এক মাছতুত ভাই কে সরানোর ।,Dhaka,Rajshahi,,Negative,0.3004040434028571,auto_finalized_review_batch,False
জন রায়ের সংসদ সদস্যরা শাহাবুদ্ চপ্পুকে অপসারণ করবে কিংবা রাখবে সেটা তাদের এখতিয়ার। এখানে আবার আইনি নোটিশ কিসের।,হবিগঞ্জ,Lakshmipur,,Positive,0.3609979715664721,auto_finalized_review_batch,False
Jonorose pore anek kico bodlabe...R Dellir dalali Jara korce chea chea dekbe...Delli na Dhaka.....Dhaka ..Dhaka....,Dhaka,Gazipur,,Sarcastic_negative,0.3807415528464846,auto_finalized_review_batch,False
কিন্তু কেনো সে তো চাটাচাটি কেবল শুরু করছে আরেটু তেল মেরে চাটার সুযোগ দেওয়া হোক,Dhaka,,,Positive,0.349588838776688,auto_finalized_review_batch,False
মধু হই হই আরে বিষ হাওইলা…..,Chittagong,,,Negative,0.328146811227537,auto_finalized_review_batch,False
It's very good discussion,Dhaka,,,Neutral,0.3459352606863312,auto_finalized_review_batch,False
A Great decision,Chittagong,,,Neutral,0.3493567483567705,auto_finalized_review_batch,False
উনি তো জুলাই সংবিধানে শপথ নেন নাই,Chittagong,,,Neutral,0.33209604323892555,auto_finalized_review_batch,False
ঐ আইন ব্যবসায়ীকেই আইনের আওতা আনা খুব জরুরী।উনি নাম কিনতে চাচ্ছেন ? উনি কি জানেন না রাষ্ট্রপতি ক্ষমতাশীন থাকা অবস্থায় তাঁর ব…,নওগাঁ,Dhaka,,Negative,0.390531694043885,auto_finalized_review_batch,False
আইনি নোটিশ দিয়ে রাষ্ট্রপতি হটানো যায়?,Dhaka,Chittagong,Brahmanbaria,Sarcastic_negative,0.383820954171594,auto_finalized_review_batch,False
ব্যারিস্টার বিড়ি শাহারিয়ার,Pirojpur,,,Negative,0.3545782848129457,auto_finalized_review_batch,False
Alhumdulillah,Dhaka,Chittagong,Brahmanbaria,Sarcastic_negative,0.31335940375228744,auto_finalized_review_batch,False
জরুরী ভিত্তিতে গ্রেফতার করার জন্য জোর সুপারিশ করছি।,Dhaka,,,Positive,0.3806374170705277,auto_finalized_review_batch,False
দেশপ্রেমী রাষ্ট্রপতি নিয়োগ দেওয়া হোক।,নরসিংদী,Dhaka,Barisal,Neutral,0.38291483149053734,auto_finalized_review_batch,False
"""আইনের নোটিশ দেওয়া লাগবে যখন সাধারণ মানুষ পতিবাদ করে তখন, এই রাষ্টপতির কাছেইত শপথ সহ নির্বাচন হয়েছে, তাহলেন এখন বাদ কেন, নাটক ক…""",Khulna,,,Negative,0.33006207229676915,auto_finalized_review_batch,False
চাটাচাটি করে লাভ কি হলো,Thakurgaon,,,Negative,0.3859786968984005,auto_finalized_review_batch,False
চুপ্পু আছে এখন চিপায়,Chittagong,Narayanganj,Brahmanbaria,Negative,0.3822733144306537,auto_finalized_review_batch,False
দালালি করে লাভ হইলো না কাকা,গাজীপুর,Dhaka,Barisal,Positive,0.3429715229942562,auto_finalized_review_batch,False
jome khir,বাগেরহাট,Khulna,Jessore,Neutral,0.37628022181401166,auto_finalized_review_batch,False
এটা কোন আইন যে রাষ্ট্রপতি কে আইনি নোটিশ দেয়,Chittagong,,,Negative,0.38264611842442803,auto_finalized_review_batch,False
আজ টিভিতে দেখলাম কক্সবাজার টেকনাফ এর ইয়াবা ব্যাবসায়ী বদি জামিন পাইলো কি করে? মনে হয় বাংলাদেশের ভবিষ্যৎ আরো অন্ধকারে পা দিতেছে।…,চট্টগ্রাম,,,Negative,0.35294849154407487,auto_finalized_review_batch,False
তারেক রহমানের.......পায়ে তেল মেরেও শেষ রক্ষা তাহলে আর হবে ন মনে হচ্ছে,সিলেট,Sylhet,,Neutral,0.35888399892749295,auto_finalized_review_batch,False
"""সঠিক সিদ্ধান্ত অনেক হয়েছে,,""",ব্রাহ্মণবাড়িয়া,Chittagong,Brahmanbaria,Sarcastic_negative,0.3726148331654688,auto_finalized_review_batch,False
ব্যালিষ্টার,Sylhet,,,Sarcastic_negative,0.3314946212126279,auto_finalized_review_batch,False
তৈল মাখনে তিনি কি তাহলে ব্যার্থ হল!,Dhaka,Madaripur,,Sarcastic_negative,0.34623087196617713,auto_finalized_review_batch,False
ঠিক আছে এবার,Rangpur,Lalmonirhat,,Negative,0.3133809955852041,auto_finalized_review_batch,False
এইডা হইলো কিছু এত তেল মারলো কাম এভাবে ক্ষতম করে দিল,Khulna,Jashore,Jessore,Sarcastic_negative,0.39260196261636504,auto_finalized_review_batch,False
Alhamdulillah,Bogura,Sherpur,,Sarcastic_negative,0.3286613469801201,auto_finalized_review_batch,False
"""নোটিশটা পাঠাইছে কে সেটাও তো দেখতে হবে, পাঠাইছে বটজীবিদের আব্বু শাহরিয়ার কবির! এটার মাজেজা কতটুকু তা আর বলার অপেক্ষা রাখেনা।""",Dhaka,Chittagong,Lakshmipur,Negative,0.30596300856263775,auto_finalized_review_batch,False
এবার ঈদের নামাজ পড়ার জন্যই হয়তো ছুটি পেয়ে গেল মি. চুন্নু মামা,রংপুর,Bogra,Kushtia,Negative,0.3688905511522179,auto_finalized_review_batch,False
আইনি নোটিশ না বলে বলেন আইনানদ্ধ শাহরিয়ার রাজাকার নোটিশ পাঠিয়েছে।,Dhaka,Tangail,,Negative,0.3301984092289073,auto_finalized_review_batch,False
শেষমেষ খেলতে নিলোই না,Rangpur,Kurigram,,Sarcastic_negative,0.37412320642883995,auto_finalized_review_batch,False
Shahriar notice pathaise ! Murgi kobir !,Dhaka,Jamalpur,,Sarcastic_negative,0.3925718112818289,auto_finalized_review_batch,False
চুপ্পু চুপ থাকাই ঠিক ছিল।,Dhaka,Munshiganj,,Negative,0.3740538735098194,auto_finalized_review_batch,False
জামাত এনসিপির কীর্তিকলাপ ফাঁস করেছে বলে অপসারন ?,Chittagong,,,Positive,0.32878709192350575,auto_finalized_review_batch,False
ওনি অনেক ভালো মানুষ…,বান্দরবান,Chittagong,,Positive,0.3417185074969178,auto_finalized_review_batch,False
"""সেইফ এক্সিট দিয়ে দেন, বেচারা দেশে খুব কষ্টে আছে""",Tangail,,,Sarcastic_negative,0.3461396138930083,auto_finalized_review_batch,False
সালা এমন দেশে বাস করি,Rajshahi,,,Sarcastic_negative,0.2957290661100062,auto_finalized_review_batch,False
চাটি দিয়ে শপথ করে নেওয়া হলো না খালি,Rangpur,,,Negative,0.3247945483221344,auto_finalized_review_batch,False
[সন্দেহজনক লিঙ্ক সরানো হয়েছে]...,Dhaka,,,Negative,0.3544474083086626,auto_finalized_review_batch,False
সত্য বললে সবাই গায়ে লাগে,Chittagong,Brahmanbaria,,Sarcastic_negative,0.3267544515618783,auto_finalized_review_batch,False
সম্পক্কো বদলে গেল এক পলকে,Khulna,Satkhira,,Sarcastic_negative,0.35818947097679565,auto_finalized_review_batch,False
কিছু যাবত বেশি বলছিলো,Dhaka,Tangail,,Negative,0.3674527544100487,auto_finalized_review_batch,False
সঠিক কাজ,Chittagong,Noakhali,,Neutral,0.3870744199840598,auto_finalized_review_batch,False
"""একটা আইনি নোটিশে কোন রাষ্ট্রপতি নিয়োগ হয় না, সাংবিধানিক স্বীকৃতি নাই।""",Rangpur,Gaibandha,,Sarcastic_negative,0.375324134574466,auto_finalized_review_batch,False
Kar pasa gelo kar table e khela je jomche kon lvl e,Dhaka,Faridpur,,Sarcastic_negative,0.38708100513039584,auto_finalized_review_batch,False
ডক্টর ইউনুস কে রাষ্ট্রপতি বানানো হোক।,Dhaka,Comilla,,Negative,0.3230180537979731,auto_finalized_review_batch,False
রাষ্ট্রপতি আর সেনাপ্রধান অপসারণের পরে শেষ হতে যাচ্ছে আওমি অধ্যায় তারপর শুরু হবে ইন্ডিয়া নতুন অধ্যায়,Dhaka,Gazipur,,Negative,0.29480909273046996,auto_finalized_review_batch,False
তাকে গ্রেফতার করা হোক,Dhaka,,,Negative,0.3922832760133922,auto_finalized_review_batch,False
এবার আরো শান্তিতে থাকতে পারবা,Dhaka,Chittagong,,Negative,0.3676916993492119,auto_finalized_review_batch,False
এটাকে চিড়িয়াখানায় রাখা উচিত,Dhaka,Chittagong,,Negative,0.3951006112751335,auto_finalized_review_batch,False
Alhamdulillah,Rajshahi,,,Sarcastic_negative,0.3286613469801201,auto_finalized_review_batch,False
"""চিন্তা করো না, সমোঝোতা হয়ে যাবে""",Chittagong,Gazipur,Bagerhat,Positive,0.3909907358748939,auto_finalized_review_batch,False
"""রিটকারী স্বাধীনতা ও সংবিধান নিয়ে এতো কটাক্ষ করেছে যে, একে দ্রুততম সময়ে গ্রেফতার করে আইনের আওতায় আনা উচিৎ।""",Dhaka,Sirajganj,,Negative,0.2992614314080635,auto_finalized_review_batch,False
[সন্দেহজনক লিঙ্ক সরানো হয়েছে]...,Dhaka,,,Negative,0.3544474083086626,auto_finalized_review_batch,False
বলেছিলাম সরিষার তেল মারতে কিন্তু চুপ্পু সাহে চুপিচুপি কেরোসিন তেল মেরেছেন যা বিদ্যুত কিংবা বৈদ্যুতিক খুঁটি জন্য বড়ই হুমকি,Chittagong,,,Sarcastic_negative,0.37550604133095417,auto_finalized_review_batch,False
এইবার ঠিক আছে,Chittagong,Chandpur,,Negative,0.3726950930517287,auto_finalized_review_batch,False
তৈল'র বোতলে তৈল রাখা হলো না।,Dhaka,Chittagong,Kishoreganj,Negative,0.3927143387714671,auto_finalized_review_batch,False
Ai hai Md Abdul Jabber ai hai,Dhaka,,,Sarcastic_negative,0.3955187013021484,auto_finalized_review_batch,False
Jahhhh mamay o dhora,Dhaka,Cox's Bazar,Bhola,Sarcastic_negative,0.34940637138901964,auto_finalized_review_batch,False
নাইস অ্যান্ড অ্যাট্রাক্টিভ,Rajbari,,,Sarcastic_negative,0.38124318356649367,auto_finalized_review_batch,False
"""বাংলাদেশের রাষ্ট্রপতি নির্বাচিত হন, নিয়োগ হন না। বাংলাদেশের সংবিধান অনুযায়ী, জাতীয় সংসদের সংসদ সদস্যদের ভোটের মাধ্যমে রাষ্ট্রপ…""",সিলেট,Dhaka,Chittagong,Sarcastic_negative,0.3914189944677243,auto_finalized_review_batch,False
"""উনি তো নিজেই বলেছেন আমি চলে যেতে চাই, তাহলে এসব নাটকের কি প্রয়োজন""",গাইবান্ধা,জামালপুর,Rajshahi,Sarcastic_negative,0.3966534300090285,auto_finalized_review_batch,False
ডক্টর ইউনুসকে রাষ্ট্রপতি দেখতে চাই,Dhaka,Gazipur,,Negative,0.34228735828820783,auto_finalized_review_batch,False
জরুরী,Dhaka,Narsingdi,,Sarcastic_negative,0.3665453154861717,auto_finalized_review_batch,False
আহ সোনা গো আমার। বড়ই কষ্ট হচ্ছে বল,Chapainawabganj,,,Negative,0.3728058700528874,auto_finalized_review_batch,False
এতুন সরকার হল কিন্তু চুপ্পুকে এখনো বসিয়ে বসিয়ে কলা খাওয়াচ্ছে,Chittagong,Chandpur,,Sarcastic_negative,0.3488277170517542,auto_finalized_review_batch,False
Dhooka,Chittagong,Comilla,Feni,Sarcastic_negative,0.3821670669367476,auto_finalized_review_batch,False
"""কি লাভ হলো,""",Comilla,,,Negative,0.3768940502819413,auto_finalized_review_batch,False
Alhamdulillah,Dhaka,Madaripur,,Sarcastic_negative,0.3286613469801201,auto_finalized_review_batch,False
এরপর সেনাপ্রধানকে তাড়াবে,ঢাকা,কক্সবাজার,Dhaka,Sarcastic_negative,0.3741914166514055,auto_finalized_review_batch,False
৫ই আগস্টের কাজ অবশেষে প্রসেসিং!,Khulna,Satkhira,,Sarcastic_negative,0.3563974161850635,auto_finalized_review_batch,False
তাহলে ড. ইউনুস প্রেসিডেন্ট,ঢাকা,Chittagong,,Negative,0.3852541755798024,auto_finalized_review_batch,False
নাটকের বাংলাদেশ। জুলাই সনদ সংবিধান ছারা মেনে নেওয়া সম্ভব না।…,পাবনা,Dhaka,,Neutral,0.37992031304130747,auto_finalized_review_batch,False
রাষ্ট্রপতি ভোদায়,Khulna,Bagerhat,,Negative,0.3218031779932196,auto_finalized_review_batch,False
"""রাষ্ট্রপতিকে সরানো উচিত হবে না, কারণ উনি তিন বছরে তিনজন রাষ্ট্রপ্রধানকে শপথ পড়িয়েছেন। যদি …""",Rangpur,Kurigram,Thakurgaon,Neutral,0.3729597257275607,auto_finalized_review_batch,False
চেতনা নাসক কাউকে রাষ্ট্রপতি করার জোর দাবি জানাচ্ছি,Dhaka,,,Sarcastic_negative,0.3840504503177625,auto_finalized_review_batch,False
"""প্রথমত, জুলাই বাংলাদেশের সংবিধানের কিছু না। কিছু না মানে কিচ্ছু না!!! সংসদ বসলে তারপর সাংসদদের আলোচনায় বিল পাশ হলে হয়তো জুলাই সংবিধানের অংশ হতে পারে! দ্বিতীয়ত, যে আইনজীবী (?!) রাষ্ট্রপতিকে অপসারণের জন্য নোটিশ দিয়েছেন, সে নিজেই তো আইনজীবী হওয়ার যোগ্য না! ওরে সংবিধান লঙ্ঘনের দায়ে আটক করা হোক। এবং পুরো সংবিধান মুখস্থ না হওয়া পর্যন্ত আটক রাখা হোক।""",ঢাকা,Dhaka,,Negative,0.3278934016529137,auto_finalized_review_batch,False
রাষ্ট্রের গোপনীয়তা লঙ্ঘন করে এমন অথর্ব রাষ্ট্রপতি কোথাও নেই।,Dhaka,Barisal,,Negative,0.3745967974006904,auto_finalized_review_batch,False
Alhamdulillah,সিলেট,Sylhet,,Sarcastic_negative,0.3286613469801201,auto_finalized_review_batch,False
খুব একটা ভালো মানুষ মনে হয় উনি মানুষ না একটা ফেরেশতা কেন উনাকে বাদ দেওয়া হচ্ছে …,Dhaka,,,Sarcastic_negative,0.2931911261105564,auto_finalized_review_batch,False
ফেঁসে যাওয়ার ভয়ে অপসারণ চাই এখন।,Chittagong,,,Positive,0.28538407799837706,auto_finalized_review_batch,False
এবার ঠিক আছে,ঢাকা,ময়মনসিংহ,Dhaka,Negative,0.3133809955852041,auto_finalized_review_batch,False
কি টোপ দিছে।ভালো করে গিলতেও পারলো না,Dhaka,,,Positive,0.3954179282644379,auto_finalized_review_batch,False
শুভ বিদায় কিং কোবরা,Dhaka,Mymensingh,Gazipur,Sarcastic_negative,0.35577396765593855,auto_finalized_review_batch,False
চাইছিল ৩ য় বার রাষ্ট্রপতি হয়ে রেকর্ড করবে,ঢাকা,Dhaka,Narayanganj,Positive,0.3579476353623408,auto_finalized_review_batch,False
আইলো আইলো রে রঙ্গে ভরা বৈশাখ আবার আইলো রে,Dhaka,Chuadanga,Thakurgaon,Negative,0.38690690248942067,auto_finalized_review_batch,False
Taii,Dhaka,,,Sarcastic_negative,0.34050406148211665,auto_finalized_review_batch,False
Alhamdulillah good,Dhaka,Madaripur,,Sarcastic_negative,0.3286613469801201,auto_finalized_review_batch,False
মাত্র ইউনুস এর গীবত গাওয়া শুরু করছে।আর কিছু রেখে ইউনুস সাহেবের গীবত গুলা শুনা শেষ করে নিলে ভালো হত না?,Dhaka,,,Negative,0.34714393923330505,auto_finalized_review_batch,False
কংগ্রাচুদেলেশন,Khulna,,,Sarcastic_negative,0.31686633833818517,auto_finalized_review_batch,False
ট্রাম্প কার্ড,Dhaka,Narsingdi,Tangail,Sarcastic_negative,0.3802747846720068,auto_finalized_review_batch,False
ডঃ মোহাম্মদ ইউনুস সাহেব কে চাই,বগুড়া,,,Positive,0.29429506795084376,auto_finalized_review_batch,False
Chupppu ei news deikha hege diche ami sure.. eto tel dewa eto misty misty kotha kichu e kame dilo na Kaha..,Dhaka,,,Sarcastic_negative,0.39552517108441876,auto_finalized_review_batch,False
বাবর কে নতুন রাস্ট্রপতি হিসেবে দেখতে চাই।।,Rajshahi,,,Positive,0.35063861715483585,auto_finalized_review_batch,False
"""না, না, না,""",Dhaka,,,Sarcastic_negative,0.3787836965610731,auto_finalized_review_batch,False
ইউনুস সাহেব কে চাই,Dhaka,,,Sarcastic_negative,0.30399526698913554,auto_finalized_review_batch,False
যেই রাষ্ট্রপতি তারেক রহমান কে একটু ভাল বলেছে অমনি চুলকানি শুরু হয়েছে! এত আইনি নোটিশ দিসনি কেন?,Dhaka,Barishal,,Sarcastic_negative,0.29168144392997675,auto_finalized_review_batch,False
চুপ্পুর চ্যাপ্টার ক্লোজ,Rajshahi,,,Sarcastic_negative,0.3765692280303726,auto_finalized_review_batch,False
সত্য বলে মৃত্যু হলেও সে অমর।,Chittagong,Comilla,,Sarcastic_negative,0.373753229668542,auto_finalized_review_batch,False
মবের বাদশা মুহাম্মদ ইউনূস কী ভবিষ্যৎ প্রেসিডেন্ট?,Dhaka,,,Negative,0.3205717803907592,auto_finalized_review_batch,False
যে আইনজিবি নোটিশ পাঠিয়েছে তাকে কেউ এখন চো... না,Chittagong,,,Positive,0.3626495250891681,auto_finalized_review_batch,False
কোন আইনে কোন সংবিধানে,Sylhet,,,Sarcastic_negative,0.39737986615218557,auto_finalized_review_batch,False
চলার পথে মানুষ কত কিছু বলবে সেদিকে কান না দিয়ে সোজা পাবনার দিকে এগিয়ে যান।,সিলেট,Sylhet,,Negative,0.3321068318261716,auto_finalized_review_batch,False
অনেক তো ছিলেন আর কত,Dhaka,,,Sarcastic_negative,0.3029166403257702,auto_finalized_review_batch,False
এখানে হাত দিলে হয়তো আসল খেলা শুরু হইতে আর বেশি সময় লাগবে না। ওনার সঙ্গে আছে ৩ বাহিনী।,কুড়িগ্রাম,,,Negative,0.3749509442414776,auto_finalized_review_batch,False
শাহরিয়ার কবির গরু কে রাষ্ট্রপতি করা হোক,কক্সবাজার,Cox's Bazar,,Sarcastic_negative,0.3316848402119298,auto_finalized_review_batch,False
ডঃ ইউনুস রাষ্ট্রপতির সাথে যে নির্মম আচরণ করেছে তখন সংবিধান লংঘন হয়না আর যখন রাষ্টপতি সত্য বলতেছে তখনই সংবিধান লংঘন হয়।,Chittagong,,,Sarcastic_negative,0.3400186059273021,auto_finalized_review_batch,False
সরকার কি করবে তা সরকারই ভালো বোঝে। এইসব নোটিশে সরকার পাত্তা সময় সরকারের খুবই ক্ষীণ। এখন দেশ গড়ার সময়।,Chittagong,Patuakhali,,Negative,0.393126318913469,auto_finalized_review_batch,False
আহারে লোক টা মাএ জনমুখী আসছে এতো তারাতাড়ি চলে জেতে হবে ভাবতে কেমন লাগছে,Dhaka,Tangail,,Sarcastic_negative,0.36794218025431635,auto_finalized_review_batch,False
অতি দ্রুত তাকে অপসারণ করে আইনের আওতায় আনা হোক,বরিশাল,Barishal,,Neutral,0.3881287389994753,auto_finalized_review_batch,False
কি যে শুরু হলো বুজলাম নাহ,Dhaka,Chandpur,,Negative,0.370716183346281,auto_finalized_review_batch,False
শাহাবুদ্ চুপ্পু নিপাকযাক সব নতুন রাষ্ট্রপতি জিন্দাবাদ,Chittagong,,,Positive,0.3819812629320682,auto_finalized_review_batch,False
মুরগী কবির...,Chattogram,Chittagong,,Sarcastic_negative,0.39668273146885824,auto_finalized_review_batch,False
সাক্ষাৎকার নেওয়াটা এক সুগভীর পরিকল্পিত ছিলো বেচারা বুঝতে পারেন নাই। আজ বুঝা গেল।,সিলেট,Sylhet,Sunamganj,Negative,0.3927406275122896,auto_finalized_review_batch,False
KenO,Barisal,,,Neutral,0.39157745553360374,auto_finalized_review_batch,False
২৪ এর পরে কোন নেগোসিয়েশন নয় ভারতপন্থী যে-ই হোক না কেন। ইনকিলাব জিন্দাবাদ,Dhaka,Rangpur,,Sarcastic_negative,0.3600982873663131,auto_finalized_review_batch,False
"""পেশাগত জীবন: তিনি একজন সাবেক জেলা ও দায়রা জজ এবং দুর্নীতি দমন কমিশনের (দুদক) সাবেক কমিশনার (২০১১-২০১৬) [১.৩.১, ১.৩.৪]।…""",Dhaka,Sylhet,Habiganj,Negative,0.281556833288558,auto_finalized_review_batch,False
দেশ মুক্ত চাই,Dhaka,Narayanganj,,Sarcastic_negative,0.36192838058092036,auto_finalized_review_batch,False
Alhamdulilah,Khulna,,,Sarcastic_negative,0.36694530037056994,auto_finalized_review_batch,False
সঠিক সিদ্ধান্ত,সিলেট,মৌলভীবাজার,Sylhet,Positive,0.39625885177873743,auto_finalized_review_batch,False
সেই আদিকাল থেকেই উনাকে এদেশের মানুষ যথেষ্ট সম্মান দিয়েছে এবার নতুন কাউকে সাম্মানিত করতে ।,Sylhet,,,Sarcastic_negative,0.3392781654571077,auto_finalized_review_batch,False
লোকটা বিদেশে চিকিৎসা নিতে যাবে সেজন্য রাষ্ট্রপতি পদ ছেড়ে দিলো কি মহান।।,বরিশাল,Barisal,,Negative,0.3560506776464358,auto_finalized_review_batch,False
সঠিক সিদ্ধান্ত,Narayanganj,,,Positive,0.39625885177873743,auto_finalized_review_batch,False
সঠিক কাজ,Dhaka,,,Neutral,0.3870744199840598,auto_finalized_review_batch,False
"""সঠিক সিদ্ধান্ত, স্বাগত জানাই""",Dhaka,Barisal,Bhola,Positive,0.3443653367148851,auto_finalized_review_batch,False
নেএকোণা ৪ বাবরকে রাষ্টপতি হিসেবে দেখতে চাই,Dhaka,,,Positive,0.3459320945107904,auto_finalized_review_batch,False
হালায় সেস,Dhaka,Barisal,,Negative,0.36961265767797424,auto_finalized_review_batch,False
সাপের খেলা চলিতেছে,Chittagong,Noakhali,,Negative,0.36549732950283276,auto_finalized_review_batch,False
চাটাচাটি করেও লাভ হচ্ছে না চুপ্পুর,সিলেট,Sylhet,,Positive,0.3835422950600522,auto_finalized_review_batch,False
আহারে অনেক পরে উনাকে খেলায় নিয়েছিল খেলায় নিয়ে এখন একেবারে আউট করে দিল,Dhaka,Brahmanbaria,,Negative,0.36130766278837895,auto_finalized_review_batch,False
চুপ্পু চেটে এখন পড়বে মহা বিপদে।,খুলনা,Khulna,,Sarcastic_negative,0.36986406898575913,auto_finalized_review_batch,False
নাই কাজ খই ভাজ,ঢাকা,খুলনা,Dhaka,Negative,0.36768390264115397,auto_finalized_review_batch,False
"""সাওয়ার নোটিশ পাচায় ভরে রাখ,""",Dhaka,,,Neutral,0.3954740493720039,auto_finalized_review_batch,False
Chup,Dhaka,Rangpur,Nilphamari,Negative,0.3712508190294359,auto_finalized_review_batch,False
পায়ের তলা চেটে দেখতে পারে।,Dhaka,,,Negative,0.32908509761697774,auto_finalized_review_batch,False
ভাতিজা চেটে নয় খেটে বড় হও,চাঁদপুর,Dhaka,Chittagong,Negative,0.3979064859385761,auto_finalized_review_batch,False
কাজ কর্ম না থাকলে নিজের চক্রায় তেল দাও,বরিশাল,Dhaka,Barishal,Positive,0.3264957321357093,auto_finalized_review_batch,False
অবশেষে তাকে খেলা থেকে বাদ দিয়ে দিল..,ভোলা,Dhaka,Barisal,Sarcastic_negative,0.3459567463322292,auto_finalized_review_batch,False
চপ্পু সেরা তিনজন প্রধানমন্ত্রীর রাষ্ট্রপতি ছিলো। ওয়ার্ড রেকর্ড হয়তো।,Chittagong,,,Neutral,0.35901929027554347,auto_finalized_review_batch,False
Alhamdulillah,Dhaka,,,Sarcastic_negative,0.3286613469801201,auto_finalized_review_batch,False
অবশেষে লাভ হলো না,Chittagong,Noakhali,,Sarcastic_negative,0.3818469599438634,auto_finalized_review_batch,False
বটবাহিনী আর তার সহযোগী গুলোর জ্বালা ধরেছেরে মামু....,Chittagong,,,Negative,0.3322734824557526,auto_finalized_review_batch,False
পবিত্র মাহে রমজানের ৮ম ে বঙ্গবন্ধু কন্যা জননেত্রী দেশরত্ন শেখ হাসিনা আপার নির্দেশনা মোতাবেক চট্টগ্রাম মহানগর ছাত্রলীগের সাব…,Chittagong,,,Sarcastic_negative,0.39234395383701004,auto_finalized_review_batch,False
Good decision,জয়পুরহাট,Dhaka,,Sarcastic_negative,0.35137734507847146,auto_finalized_review_batch,False
জুলাই এর উপর ভিত্তি করে উনি শপথ নেননি। তাই এই আইনি নোটিশ ধোপে টিকবে না।,Dhaka,Rangpur,Gazipur,Negative,0.34791756499897564,auto_finalized_review_batch,False
চাটার সময় শেষ,জামালপুর,Dhaka,,Sarcastic_negative,0.3433070260658755,auto_finalized_review_batch,False
এইবার ঠিক আছে,Dhaka,Chittagong,Barisal,Negative,0.3726950930517287,auto_finalized_review_batch,False
উনি ভাবছিলেন বি এন পি হয়তো উনাকে রাষ্ট্রপতি থেকে সরাবেনা,Sylhet,,,Negative,0.32169741925705675,auto_finalized_review_batch,False
"""ভালো ডিসিশন,,""",Dhaka,,,Sarcastic_negative,0.39076482362376697,auto_finalized_review_batch,False
জুলাই,শেরপুর,Mymensingh,Sherpur,Neutral,0.34715391494452447,auto_finalized_review_batch,False
সাওয়া মাওয়া কিলাব এর মাথানষ্ট হয়ে গেছে।,Dhaka,Sirajganj,,Neutral,0.3884968933938676,auto_finalized_review_batch,False
এ কি শুনলাম,Dhaka,Pabna,,Sarcastic_negative,0.39047412774424056,auto_finalized_review_batch,False
নোটিশ দাতাকে দ্রুত গ্রেফতার করে রিমান্ডে নেওয়া দরকার। তাহলে অনেক ষড়যন্ত্রের তথ্য বের হয়ে আসবে।,Dhaka,Chittagong,,Neutral,0.3058599063334806,auto_finalized_review_batch,False
Good job,Dhaka,,,Sarcastic_negative,0.35174015536032166,auto_finalized_review_batch,False
এরে গ্রেপ্তার করার জোর দাবি জানাচ্ছি,Dhaka,,,Positive,0.36820009374634005,auto_finalized_review_batch,False
প্রধানমন্ত্রী ও রাষ্ট্রপ্রতির নির্দেশ জুলাই গণহত্যা চালানো হয়েছে তাই অপসরণের সাথে সাথে তাকে গ্রেফতার করে বিচারের আওতায় দ্রুত আনার দাবি জানাচ্ছি,Sylhet,,,Negative,0.3543500941433281,auto_finalized_review_batch,False
সঠিক সিদ্ধান্ত নেয়া হয়েছে।,Chittagong,,,Neutral,0.30876628065438994,auto_finalized_review_batch,False
সময়ের সঠিক সিদ্ধান্ত নিয়েছে,Dhaka,,,Positive,0.3285439201919645,auto_finalized_review_batch,False
আমার মনে হয় রাষ্ট্রপতির বিরুদ্ধে এই ধরনের মন্তব্য এ ধরনের নোটিশ যদি কোন আইনজীবী পাঠায় তাহলে তার জেল হবে মনে হয়,ঢাকা,,,Neutral,0.3552977205629649,auto_finalized_review_batch,False
চুপ্পু সাহেব সেরা …,Kishoreganj,,,Sarcastic_negative,0.38835555422479245,auto_finalized_review_batch,False
বৃহস্পতিবার (২৬ ফেব্রুয়ারি) সুপ্রিম কোর্টের আইনজীবী ব্যারিস্টার শাহরিয়ার এ আইনি নোটিশটি পাঠান। এরকম নোটিশ যে কেউ দিতে পারে। এব…,Dhaka,Panchagarh,,Negative,0.37559282426148816,auto_finalized_review_batch,False
ঐ নোটিশ রাষ্ট্রপতির কাছেই যাবে,Dhaka,Gazipur,,Sarcastic_negative,0.3809056354648781,auto_finalized_review_batch,False
এইসব উকিল কি না বুঝার ভান করে?,Dhaka,Jessore,Meherpur,Positive,0.3000874707000946,auto_finalized_review_batch,False
এখনো মেয়াদ আছে,Dhaka,,,Negative,0.38841888233908667,auto_finalized_review_batch,False
যার নসিবে যে পদ যত ।,Sylhet,,,Sarcastic_negative,0.38448822819499817,auto_finalized_review_batch,False
বালেস্টর শাহরিয়ার,Dhaka,,,Negative,0.36108756164585765,auto_finalized_review_batch,False
সঠিক সিদ্ধান্ত,Dhaka,,,Positive,0.39625885177873743,auto_finalized_review_batch,False
সব দোষ কালের কন্ঠের,সিলেট,সুনামগঞ্জ,Sunamganj,Sarcastic_negative,0.3971357035750969,auto_finalized_review_batch,False
দেশে সব স্তরে প্রতিহিংসা চরিতার্থ বেশি হচ্ছে।,Dhaka,Madaripur,,Negative,0.3934789043325388,auto_finalized_review_batch,False
"""উনি জুলাই শপথ নিলো কখন ? আমার জানামতে মুক্তিযুদ্ধের সমর্থনের শক্তি, জুলাই সমর্থন করেনা ॥ জুলাই একটি গৃহ যুদ্ধ, এবং অপশক্তির উ…""",ঢাকা,গোপালগঞ্জ,পিরোজপুর,Sarcastic_negative,0.3248365284837742,auto_finalized_review_batch,False
Alhamdulillah jamat magic,Dhaka,,,Sarcastic_negative,0.28272882633101365,auto_finalized_review_batch,False
অপসারণের সাথে সাথেই গ্রেপ্তার চাই।,Dhaka,,,Negative,0.38046960340357505,auto_finalized_review_batch,False
Tar uchit. Songbidhan ar aloka ai sorkar vainga dawa taila vlo hoba,Dhaka,Khulna,Madaripur,Sarcastic_negative,0.36792731911519255,auto_finalized_review_batch,False
কোনো ভাবেই সম্ভব না,Dhaka,Rajshahi,Khulna,Positive,0.34321785071481464,auto_finalized_review_batch,False
Alhamdullah,বাগেরহাট,,,Sarcastic_negative,0.3213764177125924,auto_finalized_review_batch,False
Great decision.,Dhaka,Chandpur,,Sarcastic_negative,0.33337390493393154,auto_finalized_review_batch,False
অপসারণ চাই,Panchagarh,,,Sarcastic_negative,0.3826581907776599,auto_finalized_review_batch,False
"""ডক্টর মুহাম্মদ ইউনুস সাহেব কে, রাষ্ট্রপতি বানানো হোক""",Dhaka,,,Negative,0.33672718215808334,auto_finalized_review_batch,False
লুৎফুজ্জামান বাবর কে রাষ্টপতি হিসেবে দেখতে চাই।,কুমিল্লা,Comilla,,Positive,0.3960082975912607,auto_finalized_review_batch,False
যা ইচ্ছা কর,ঢাকা,Dhaka,Mymensingh,Sarcastic_negative,0.361440625679897,auto_finalized_review_batch,False
শাহরিয়ার একটা বেডা ওর একটা কথা,Dhaka,,,Positive,0.38273078602975436,auto_finalized_review_batch,False
Alhamdulillah,Thakurgaon,,,Sarcastic_negative,0.3286613469801201,auto_finalized_review_batch,False
গ্রেফতারের দাবিতে আন্দোলন চালিয়ে যাওয়ার ঘোষণা,Dhaka,,,Negative,0.35293617056324467,auto_finalized_review_batch,False
আম্মার ভাই আর মামু বহু খাইছো বাইরের ঠান্ডা হাওয়া এবার একটু ভিতরের হাওয়া খাওয়ার জন্য প্রস্তুত হয়ে নাও । শেষে আল্ল…,Cox's Bazar,,,Negative,0.3490018578338806,auto_finalized_review_batch,False
Alhamdulillah,Dhaka,Sirajganj,,Sarcastic_negative,0.3286613469801201,auto_finalized_review_batch,False
"""আইন সচিবে কি রাষ্ট্রপতির বিচার করবে ? হায়রে শাহরিয়ার, রাষ্ট্রপতি অপসারণ করতে হলে সংসদে অনাস্থা প্রস্তাব পাশ করে এরপর রাষ্ট্র…""",Sylhet,,,Positive,0.3030901783414141,auto_finalized_review_batch,False
বেচারার তেল দেওয়া কাজে লাগলো না,Naogaon,,,Neutral,0.3622662950953837,auto_finalized_review_batch,False
Alhamdulillah,দিনাজপুর,Dinajpur,,Sarcastic_negative,0.3286613469801201,auto_finalized_review_batch,False
Alhamdulillah,Dhaka,,,Sarcastic_negative,0.3286613469801201,auto_finalized_review_batch,False
"""উনাকে অপসারণ না করলে সকল তথ্য ফাঁস হয়ে যাবে, নুনুস ও বট বাহিনী কট হওয়ার আগে যত দ্রুত সম্ভব উনাকে ক্ষমতাচ্যুত করতে হবে।""",Habiganj,,,Neutral,0.32951755871624705,auto_finalized_review_batch,False
Alhamdulillah,Dhaka,Rajshahi,,Sarcastic_negative,0.3286613469801201,auto_finalized_review_batch,False
আয়না ঘরে ঢুকানোর ব্যাবس্থা করার জোরালো দাবি জানাচ্ছি,Dhaka,,,Negative,0.3947757052158526,auto_finalized_review_batch,False
চাটাচাটি চলতেছে,Dhaka,,,Negative,0.37270188234591983,auto_finalized_review_batch,False
বাঘের বাচ্ছা শাহরিয়ার,Dhaka,Comilla,,Negative,0.3752769683370215,auto_finalized_review_batch,False
জানিনা কি হচ্ছে,কক্সবাজার,Dhaka,Cox's Bazar,Sarcastic_negative,0.3688104433935739,auto_finalized_review_batch,False
Ole le,Dhaka,,,Sarcastic_negative,0.355680284313289,auto_finalized_review_batch,False
@highlight তেলে কাজ হলো না,Barisal,,,Negative,0.3973741839525302,auto_finalized_review_batch,False
রাষ্ট্রপতি বড় নাকি নোটিশদাতা বড়? রাষ্ট্রপতি বিচারের উর্ধ্বে।,Dhaka,,,Negative,0.3488470589297986,auto_finalized_review_batch,False
আহ এতো তেল কোথায় গিয়েছে? দলিয় লোক বসানো হবে চাচা এটা আগে বুঝে নাই।,Dhaka,Chittagong,Lakshmipur,Negative,0.3473289004795976,auto_finalized_review_batch,False
আরেকটি চুপ্পুই আসবে,নারায়ণগঞ্জ,কক্সবাজার,Dhaka,Positive,0.33529213525083995,auto_finalized_review_batch,False
অতিরিক্ত তৈল দেওয়ার কারণে পিছলে পড়ে গেলেন চুপ্পু,Chittagong,Cumilla,Comilla,Negative,0.3544914181634791,auto_finalized_review_batch,False
Good Job,Sirajganj,,,Sarcastic_negative,0.35174015536032166,auto_finalized_review_batch,False
এবার কই যাবা চুপ্পু চাহেব?,Chittagong,Lakshmipur,,Sarcastic_negative,0.3515586923994399,auto_finalized_review_batch,False
নাইস এন্ড এট্রাক্টিভ,Dhaka,,,Sarcastic_negative,0.33292148765004764,auto_finalized_review_batch,False
Very good decision,Dhaka,Comilla,,Sarcastic_negative,0.35137734507847146,auto_finalized_review_batch,False
Good job,Dhaka,Gazipur,Comilla,Sarcastic_negative,0.35174015536032166,auto_finalized_review_batch,False
কাকু কষ্ট থেকে বের করে দেওয়া ভালো এমনই রাখি কষ্ট মধ্যে আছে,Chittagong,Lakshmipur,,Negative,0.3402285171786212,auto_finalized_review_batch,False
Soyrachar beday hok,Dhaka,Rajshahi,,Sarcastic_negative,0.397880208711969,auto_finalized_review_batch,False
অতি দ্রুত সরানোই ভালো,Dhaka,,,Sarcastic_negative,0.32371256196831194,auto_finalized_review_batch,False
i have plan নতুন রা বুজে না রাজনৈতি মার পেচ,কুড়িগ্রাম,Dhaka,Feni,Positive,0.36274672066512853,auto_finalized_review_batch,False
Alhamdulillah,Dhaka,,,Sarcastic_negative,0.3286613469801201,auto_finalized_review_batch,False
cdse re,Bogura,Bogra,,Sarcastic_negative,0.37810284972547875,auto_finalized_review_batch,False
ড. মুহাম্মদ ইউনুসকে রাষ্ট্রপতি করা হোক।,Chittagong,Brahmanbaria,,Positive,0.3876224744883405,auto_finalized_review_batch,False
গোল্ডেন বয় এগিয়ে যাও বাবা নেতার ১০% মনে রেখো,টাঙ্গাইল,Dhaka,,Negative,0.36170982414898284,auto_finalized_review_batch,False
চাঁ দা বা জি না করলে দ ল চালাবে কী ভি খা করে,Dhaka,,,Positive,0.3919021235574251,auto_finalized_review_batch,False
"""মুরকের ভাসা হলো চাদা। সমোঝতা,বল""",Dhaka,,,Sarcastic_negative,0.3885402279608552,auto_finalized_review_batch,False
na চাদা নয় ওটা হলো সমঝোতা,ঝিনাইদহ,Dhaka,,Sarcastic_negative,0.3711584264990179,auto_finalized_review_batch,False
চালিয়ে যাও সোনা,Khulna,Jessore,,Sarcastic_negative,0.35828757236071057,auto_finalized_review_batch,False
"""আরে ভাই গুজব ছড়ান ক্যা,,এইটা তো সমঝোতা ছিলো""",Rajshahi,Naogaon,,Negative,0.3894347055388353,auto_finalized_review_batch,False
স্বাধীন সমাজ গঠনের প্রথম শর্ত হলো জ্ঞান।,Dhaka,,,Positive,0.3422510371976874,auto_finalized_review_batch,False
সমঝোতার ভিত্তিতে চাঁদা নেওয়ার অনুমতি আছে,Dhaka,Khulna,Jessore,Negative,0.3962643676402797,auto_finalized_review_batch,False
সমঝোতা হলে সমস্যা নেই,Khulna,Satkhira,,Sarcastic_negative,0.34811302261203836,auto_finalized_review_batch,False
এটা বিনপির আদশ্য। সমঝোতার ভিত্তিতে হচ্ছে কোনো সমস্যা নেই।,নোয়াখালী,Noakhali,,Negative,0.36548767486481715,auto_finalized_review_batch,False
লেতার সেই ভাব!,Dhaka,Rajbari,Naogaon,Sarcastic_negative,0.37680965110939346,auto_finalized_review_batch,False
এগুলো জানি কি জোতা?,বরগুনা,Barisal,Barguna,Sarcastic_negative,0.31232904863952965,auto_finalized_review_batch,False
লিটার যেহেতু বলছে তাহলে ঠিকেই বলেছে,কিশোরগঞ্জ,Mymensingh,,Sarcastic_negative,0.3559483708819363,auto_finalized_review_batch,False
প্লান বাস্তবায়ন হচ্ছে,Dhaka,,,Negative,0.3707969049538162,auto_finalized_review_batch,False
Golden son. দলকানারা এসব দেখতে পাবে না। ভালো জিনিস চোখে পড়ে না।,Rajshahi,Khulna,Pabna,Negative,0.3911970847857186,auto_finalized_review_batch,False
সমঝোতা করে নিলেই হতো।,Dhaka,,,Positive,0.34523830288486396,auto_finalized_review_batch,False
সোনার ছেলে,চাঁদপুর,Chittagong,Narayanganj,Sarcastic_negative,0.3186513385760652,auto_finalized_review_batch,False
ঠিক হয়েছে সবাই সচেতন হলে দেশে চাঁদাবাজি বন্ধ করা সম্ভব হবে,Panchagarh,,,Neutral,0.38216002965794704,auto_finalized_review_batch,False
"""না না,,, কোথাও ভুল হচ্ছে""",পাবনা,Dhaka,Pabna,Negative,0.3982208324302202,auto_finalized_review_batch,False
চাঁদা বলে কেন এটা হলো ঈদের বোনাস।,Dhaka,Barisal,,Negative,0.34846707619698547,auto_finalized_review_batch,False
সে নাকি নেতা হা হা হা।,সুনামগঞ্জ,Dhaka,Sylhet,Negative,0.36156296905552243,auto_finalized_review_batch,False
মারহাবা,Chittagong,,,Neutral,0.359357781836863,auto_finalized_review_batch,False
চাদা নয় সমোঝোতা,Barisal,Bhola,,Sarcastic_negative,0.3811531612274206,auto_finalized_review_batch,False
সমঝোতা,Dhaka,,,Sarcastic_negative,0.3771732970009573,auto_finalized_review_batch,False
সমঝোতা,Rajshahi,Pabna,,Sarcastic_negative,0.3771732970009573,auto_finalized_review_batch,False
শ্রীলঙ্কার মতো আয়তনে ছোট এবং অর্থনৈতিক সংকটে জর্জরিত একটি দেশ শুধু IT Skills দিয়ে গত বছর প্রায় ১.৪৬ বিলিয়ন ডলার আয় করেছে। অন্য…,Dhaka,Gazipur,,Positive,0.38001009398447294,auto_finalized_review_batch,False
কঠোর আইনী ব্যবস্থা নেয়া দরকার।,Rangpur,,,Sarcastic_negative,0.25758577682643014,auto_finalized_review_batch,False
খাম্বার সাথে বেঁধে মালিককে ফোন দেওয়া হোক,Dhaka,,,Neutral,0.3631145623771599,auto_finalized_review_batch,False
চারদিকে শুধু চাঁদার ছরাছরি।,Kishoreganj,Narayanganj,,Negative,0.378448526065856,auto_finalized_review_batch,False
ওরে ত জামাত জামাত মনে হচ্ছে তদন্ত করা দরকার,Dhaka,Madaripur,,Negative,0.35352464174864356,auto_finalized_review_batch,False
লেতা,Dhaka,,,Sarcastic_negative,0.3660798070456924,auto_finalized_review_batch,False
গুপ্ত গুপ্ত অ্যা,Chittagong,Noakhali,,Sarcastic_negative,0.34296608534362616,auto_finalized_review_batch,False
ঠিক মত সমঝোতা হয় নাই।,Rangpur,,,Positive,0.34380264937836247,auto_finalized_review_batch,False
সোনার ছেলেরা !,Rajshahi,,,Sarcastic_negative,0.35181436396992144,auto_finalized_review_batch,False
জেলখানায় গিয়ে সমঝোতার ট্রেইনিং কোর্স শেষে ফুলের মালা দিয়ে বড দায়িত্বে পাওয়া যাবে বলে আশা কপছি...প্রমোশনাল অগ্রিম অভিনন্দন প্রিয় চান্দাভাই,Feni,,,Negative,0.38214685251910757,auto_finalized_review_batch,False
auto Driver mone hocce...,Comilla,,,Sarcastic_negative,0.3775439083712921,auto_finalized_review_batch,False
বিশাল নেতা,গাজীপুর,,,Sarcastic_negative,0.3065990281691989,auto_finalized_review_batch,False
সমঝোতা,Dhaka,Bogra,,Sarcastic_negative,0.3771732970009573,auto_finalized_review_batch,False
আটক নামের নাটকে আমরা আর দেখতে চাইনা।,Dhaka,Chittagong,Munshiganj,Negative,0.38349333708629385,auto_finalized_review_batch,False
"""তারা একটি বড় দল, একটু আদটু করতেই পারে। আটক করার দরকার কি?""",Dhaka,Madaripur,,Positive,0.3303263323532945,auto_finalized_review_batch,False
এ তর রাব্বা,ঢাকা,গোপালগঞ্জ,হবিগঞ্জ,Sarcastic_negative,0.36192134170783685,auto_finalized_review_batch,False
"""ওকে এখনো জিবতো রাখছে কেন, পাবলিক""",Barisal,Rangpur,Gopalganj,Negative,0.3323170599477832,auto_finalized_review_batch,False
মাশাল্লাহ,Dhaka,Barisal,,Negative,0.37559005158038244,auto_finalized_review_batch,False
দূর মিয়া এগুলো সমঝোতা,পাবনা,Dhaka,Chittagong,Sarcastic_negative,0.3347789434301111,auto_finalized_review_batch,False
"""এটা তো নতুন কিছুই না, এতো ঘটা করে প্রচার এর কি আছে, সমঝোতা ভালো হইনি তাই""",Narail,,,Positive,0.3689218981335938,auto_finalized_review_batch,False
চাদা চমিক চাদা নেতা কোথায়,Gazipur,,,Sarcastic_negative,0.3548059680251066,auto_finalized_review_batch,False
এটাকে চাঁদা বলিও না বৎস,Rajshahi,Patuakhali,,Negative,0.3430346579806274,auto_finalized_review_batch,False
লেতা,Barisal,,,Sarcastic_negative,0.3660798070456924,auto_finalized_review_batch,False
এগুলা নরমাল,Cumilla,Comilla,,Sarcastic_negative,0.35753708559316594,auto_finalized_review_batch,False
বাহ,Feni,,,Sarcastic_negative,0.3782731818145049,auto_finalized_review_batch,False
সমঝোতা না করে তোমার ঈদের বকশিস চাওয়া উচিৎ হয়নি,Magura,,,Negative,0.3341694678904187,auto_finalized_review_batch,False
এখন বলবে এরা জামাত,সিলেট,শেরপুর,Dhaka,Sarcastic_negative,0.3423537835161499,auto_finalized_review_batch,False
বিকেলে ছাড়া পাবে বিধায় উত্তম মাধ্যম হওয়া উচিত।,Khulna,Satkhira,,Sarcastic_negative,0.3882172318078449,auto_finalized_review_batch,False
দুর মিয়া আর নাম খুজে পান না নাকি.. সব যায়গায় ছাত্রদল যুবদল,Dhaka,,,Positive,0.3461675764995169,auto_finalized_review_batch,False
ব্যবস্থা নেওয়া হোক,Dhaka,Rangpur,,Neutral,0.33190136061075215,auto_finalized_review_batch,False
ভাই টেকেন নিয়ে যান নি,Dhaka,Khulna,Jessore,Negative,0.34134660578609416,auto_finalized_review_batch,False
মুখ দেখে খুব নিষ্পাপ লাগছে,Rajshahi,Cox's Bazar,,Positive,0.3617036491672301,auto_finalized_review_batch,False
গুবত,Dhaka,Rangpur,Jamalpur,Sarcastic_negative,0.3755203149528864,auto_finalized_review_batch,False
সমঝোতা করে নিলেই তো হত,Barisal,Barguna,,Positive,0.34828976247495813,auto_finalized_review_batch,False
মারহাবা,Dhaka,,,Neutral,0.359357781836863,auto_finalized_review_batch,False
বাহ খুব সুন্দর,Chittagong,Patuakhali,,Negative,0.3958289519701305,auto_finalized_review_batch,False
মাশাল্লাহ,Dhaka,Munshiganj,,Negative,0.37559005158038244,auto_finalized_review_batch,False
ফেসবুকে শুধু দেখা যায় বাস্তবে তো দেখা যায় না,Dhaka,,,Neutral,0.3601196701672135,auto_finalized_review_batch,False
ঐ নেতা এবং একে কমিটি অনুমোদন দেওয়া সবাইকে ক্লিন হাটের আওতায় আনা হওক।,Chittagong,Cox's Bazar,,Negative,0.3219146860476919,auto_finalized_review_batch,False
জনগন গুজবে কান দিয়েন না।,Lalmonirhat,,,Negative,0.39459949119401244,auto_finalized_review_batch,False
বাহ বাহ,Barisal,,,Sarcastic_negative,0.3782731818145049,auto_finalized_review_batch,False
জামাত শিবির বলে চালিয়ে দেওয়া যায় না,Dhaka,Comilla,,Neutral,0.3421210760932668,auto_finalized_review_batch,False
সমঝোতার,সাতক্ষীরা,Khulna,Kushtia,Negative,0.36904456751159986,auto_finalized_review_batch,False
দাদা নাই সমঝোতা,Sylhet,Sunamganj,,Sarcastic_negative,0.35861191332821124,auto_finalized_review_batch,False
"""কামড়া কামড়ির কি দরকার? সমঝোতা করে নিলেই তো হয়,""",Mymensingh,Sherpur,,Positive,0.38502797423344104,auto_finalized_review_batch,False
এরা চাঁদা তুলে প্রশাসন কি করে,Dhaka,Barisal,,Negative,0.32955960380426635,auto_finalized_review_batch,False
এগুলো কি এতই অপদার্থ যে বাসা বাড়িতে কিংবা ভিক্ষা করে দুই বেলা খাবার যোগাড় করতে পারে না?,Chittagong,,,Positive,0.3525021238262926,auto_finalized_review_batch,False
"""আটক করে কি লাভ,একদিক দিয়ে ঢুকিয়ে অন্য দিক দিয়ে বের হয়ে যাবে,,,জনগন এর বাত মরছে আরো মরবে""",Dhaka,,,Positive,0.38017548199484097,auto_finalized_review_batch,False
গুজব,Barisal,,,Negative,0.37116595949368214,auto_finalized_review_batch,False
চাদা ত সরকার এর সম্পদ সমস্যা কি,গাজীপুর,দিনাজপুর,,Sarcastic_negative,0.3602301907775462,auto_finalized_review_batch,False
ব্যাপার না,Barisal,Bhola,,Negative,0.34916883034424573,auto_finalized_review_batch,False
Sonar sela,Dhaka,Faridpur,,Neutral,0.3967976618357993,auto_finalized_review_batch,False
Tuhin Coxs এসব কি ভাই?,Cox's Bazar,,,Sarcastic_negative,0.34883100513459103,auto_finalized_review_batch,False
এগুলো চাদা না সমজতা,ভোলা,Barisal,Bhola,Sarcastic_negative,0.37890817972104773,auto_finalized_review_batch,False
সব সমঝোতা,Chittagong,,,Sarcastic_negative,0.37038144754039903,auto_finalized_review_batch,False
ফিডাচ্ছা কিল্লাই,Narayanganj,Comilla,,Sarcastic_negative,0.33597863057294325,auto_finalized_review_batch,False
কমর ভাইঙ্গা দে,গাজীপুর,Dhaka,Gazipur,Sarcastic_negative,0.3473354288835705,auto_finalized_review_batch,False
এগুলা চাদা না সমঝোতা,Comilla,,,Sarcastic_negative,0.3758211856283445,auto_finalized_review_batch,False
বাহ,Dhaka,Gazipur,,Sarcastic_negative,0.3782731818145049,auto_finalized_review_batch,False
সমঝোতা,গাইবান্ধা,Rangpur,,Sarcastic_negative,0.3771732970009573,auto_finalized_review_batch,False
এইডা আবার তেমন কি ?? যে নিউজ করা লাগবে !!,Dhaka,Khulna,,Negative,0.3535396540024781,auto_finalized_review_batch,False
তাকে খালি পিঠার উপরে রাখো।,Chittagong,Chandpur,,Sarcastic_negative,0.36702355609588516,auto_finalized_review_batch,False
Alhamdulila Alhamdulila Alhamdulila Alhamdulila Alhamdulila Alhamdulila,Dhaka,,,Sarcastic_negative,0.39614165538532575,auto_finalized_review_batch,False
সমঝোতা,Chittagong,Comilla,Rangamati,Sarcastic_negative,0.3771732970009573,auto_finalized_review_batch,False
মারহাবা,Dhaka,,,Neutral,0.359357781836863,auto_finalized_review_batch,False
"""সমঝোতা করে নেওয়া হালাল, যত্তসব নষ্টদের দখলে।""",Dhaka,,,Sarcastic_negative,0.2594151136195756,auto_finalized_review_batch,False
প্ল্যান বাস্তবায়ন হচ্ছে,Dhaka,Dinajpur,,Sarcastic_negative,0.37545623385802324,auto_finalized_review_batch,False
সমঝোতা,Dhaka,,,Sarcastic_negative,0.3771732970009573,auto_finalized_review_batch,False
Ader police a dan,Dhaka,,,Sarcastic_negative,0.3254662968464982,auto_finalized_review_batch,False
জামায়াতের বলে চালিয়ে দেওয়া যায় না,Dhaka,,,Neutral,0.3233029406999148,auto_finalized_review_batch,False
পিডা বেদম পিডা!,Dhaka,Bandarban,,Negative,0.34325598429157467,auto_finalized_review_batch,False
Akta tader pesaa o nesaa,Dhaka,,,Negative,0.32896955584240156,auto_finalized_review_batch,False
গরম ডিমের থেরাপি দেয়া হৌক,কুমিল্লা,Chittagong,,Sarcastic_negative,0.35672651368489633,auto_finalized_review_batch,False
হাতেনাতে,রংপুর,Dhaka,Rangpur,Sarcastic_negative,0.3847677089991257,auto_finalized_review_batch,False
Jr RifatZaber HossainNafiul Alfee বড় ভাইয়েরা আদর্শে আদর্শিক হতে চাচ্ছে,Dhaka,Brahmanbaria,,Sarcastic_negative,0.3871343370655093,auto_finalized_review_batch,False
Alhamdulilla,Dhaka,,,Sarcastic_negative,0.3793964301205792,auto_finalized_review_batch,False
"""উনাকে ফখরুল সাহেবের কাছে পাঠানো হোক, দুজনেরই সুষ্ঠু বিচার আশা করছি""",Dhaka,,,Negative,0.39179990490592975,auto_finalized_review_batch,False
বুজল না সমঝোতা করে নিলেই হত,Dhaka,Mymensingh,Gazipur,Negative,0.3288605424745343,auto_finalized_review_batch,False
গরম ডিম দেও বাবুটাকে,Chandpur,,,Sarcastic_negative,0.36671082131105304,auto_finalized_review_batch,False
"""ছাত্রশিবি অথবা জামাত ইসলাম বলে চালিয়ে দেন,""",Dhaka,,,Positive,0.33133969260572643,auto_finalized_review_batch,False
Eto somojotar chada,Dhaka,,,Sarcastic_negative,0.37980770954140564,auto_finalized_review_batch,False
সংবাদকর্মীরা যদি কোন দলের গোলামী না করে ঠিকমতো নিউজ করে তাহলে দেশের অবস্থা কিছুটা ভালো হবে।,Dhaka,Narsingdi,,Positive,0.3946813227270157,auto_finalized_review_batch,False
সমঝোতা করে নেওয়ার পরও কেন আটক হল তীব্র নিন্দা জানাই,নরসিংদী,Dhaka,Narsingdi,Sarcastic_negative,0.32410352187765684,auto_finalized_review_batch,False
সমঝোতা,Dhaka,,,Sarcastic_negative,0.3771732970009573,auto_finalized_review_batch,False
এগুলো মনে হয় তারেক রহমান সাহেব প্রধানমন্ত্রী চোখে পড়ে না দেখেন না,Thakurgaon,,,Negative,0.33742811747963286,auto_finalized_review_batch,False
সমঝোতা হইনি?,রাজবাড়ী,Dhaka,Rajshahi,Sarcastic_negative,0.36709040661094344,auto_finalized_review_batch,False
সমঝোতা করে নিতেছে চাদা বলবেন না দয়া করে,Dhaka,,,Positive,0.35614869959775086,auto_finalized_review_batch,False
আরো অনেক বড় বড় মাছ আছে,ফেনী,,,Negative,0.3940203414342803,auto_finalized_review_batch,False
উয়াউ,Dhaka,,,Sarcastic_negative,0.33577580413444064,auto_finalized_review_batch,False
Banay nai,শরীয়তপুর,Dhaka,,Sarcastic_negative,0.35354191953465525,auto_finalized_review_batch,False
মারহাবা,Dhaka,,,Neutral,0.359357781836863,auto_finalized_review_batch,False
যুবক আটক বলবেন। এভাবে সরাসরি বলা ঠিক হচ্ছে না।,Chittagong,,,Negative,0.3717769838498197,auto_finalized_review_batch,False
এটা চাদা না সমযোতা,Dhaka,,,Negative,0.3801843862073824,auto_finalized_review_batch,False
"""এতো শিবিরের নেতা দেখছি,,""",মেহেরপুর,,,Sarcastic_negative,0.3929884144566425,auto_finalized_review_batch,False
এদিকে জনতা আটক করবে ওইদিকে প্রশাসন ছাড়ে দিবে,Dhaka,,,Negative,0.3657801664077664,auto_finalized_review_batch,False
শুরু,কিশোরগঞ্জ,Dhaka,Narsingdi,Sarcastic_negative,0.371290663701725,auto_finalized_review_batch,False
সমঝোতা,Khulna,Jessore,Magura,Sarcastic_negative,0.3771732970009573,auto_finalized_review_batch,False
সমঝোতা,Feni,,,Sarcastic_negative,0.3771732970009573,auto_finalized_review_batch,False
গুজব গুজব,লক্ষ্মীপুর,,,Negative,0.37116595949368214,auto_finalized_review_batch,False
সমঝোতা,Dhaka,Mymensingh,Kishoreganj,Sarcastic_negative,0.3771732970009573,auto_finalized_review_batch,False
এর বিচি তে কয়েকটি ঠুকা মারা উচিত,Bogra,,,Neutral,0.36227414219699994,auto_finalized_review_batch,False
সমঝোতা,Chittagong,,,Sarcastic_negative,0.3771732970009573,auto_finalized_review_batch,False
ঈদের অগ্রিম বোনাস উত্তম মাধ্যম দেয়া হোক,Dhaka,Munshiganj,,Sarcastic_negative,0.3646570795374855,auto_finalized_review_batch,False
আ হা কি আনন্দ আকাশে বাতাসে,Dhaka,Gazipur,,Sarcastic_negative,0.3710535745900084,auto_finalized_review_batch,False
সোনার ছেলে,Sylhet,,,Sarcastic_negative,0.3186513385760652,auto_finalized_review_batch,False
মারহাবা,Chittagong,Feni,,Neutral,0.359357781836863,auto_finalized_review_batch,False
"""এবার চাঁদা গুলা পিছন দিয়ে দেন,,,""",Comilla,,,Negative,0.38783581336507644,auto_finalized_review_batch,False
সমঝোতা।,দিনাজপুর,Dinajpur,,Sarcastic_negative,0.3771732970009573,auto_finalized_review_batch,False
লোক শান,Dhaka,Barguna,,Negative,0.3457667288110746,auto_finalized_review_batch,False
"""চাদা তুলে হাজারো নেতা কর্মী , একজনকে গ্রেফতার দেখিয়ে আই ওয়াশ নিউজ দালালী ছাড়া আর কিছু না।""",Mymensingh,Sherpur,,Positive,0.3970939381068274,auto_finalized_review_batch,False
সমঝোতা,Chittagong,,,Sarcastic_negative,0.3771732970009573,auto_finalized_review_batch,False
সমঝোতা করে ছেড়ে দেওয়া হোক।,Dhaka,Patuakhali,,Neutral,0.3847045661232459,auto_finalized_review_batch,False
সুন্দর করে সমঝোতা করতে পারেনাই। কিছু প্রশিক্ষণ দরকার।,Sunamganj,,,Sarcastic_negative,0.37241553714156383,auto_finalized_review_batch,False
সমঝোতা,Chittagong,Noakhali,,Sarcastic_negative,0.3771732970009573,auto_finalized_review_batch,False
সমঝোতা,Chittagong,,,Sarcastic_negative,0.3771732970009573,auto_finalized_review_batch,False
বেপার না তাদের তো সব সমঝোতার মাধ্যমে হালাল,Dhaka,Rangpur,,Sarcastic_negative,0.39266418127971364,auto_finalized_review_batch,False
নেক্সট,ঢাকা,Rajshahi,Bogra,Sarcastic_negative,0.391646211850085,auto_finalized_review_batch,False
কাজ করে খেতে কি হয়।,যশোর,Jessore,,Sarcastic_negative,0.35303244218388574,auto_finalized_review_batch,False
কোন ব্যাপার নাহ,Khulna,Jessore,,Negative,0.384412478814375,auto_finalized_review_batch,False
এটা চাদা না সম জোতা,Barisal,,,Negative,0.3485302708605902,auto_finalized_review_batch,False
এসব টেলি ফিল্ম,Dhaka,Chittagong,Manikganj,Sarcastic_negative,0.39001862264403153,auto_finalized_review_batch,False
সমঝোতা,Barisal,Bhola,,Sarcastic_negative,0.3771732970009573,auto_finalized_review_batch,False
১০ বছরের জেল দেয়া হউক কোন আপিল করে এরা না বের হতে পারে,Dhaka,,,Negative,0.353241878884778,auto_finalized_review_batch,False
চাঁদার বিরুদ্ধে দেশের সাধারণ জনগন রাস্তায় নেমে আন্দোলন করবে খুব শীঘ্রই।।।,Rajshahi,,,Negative,0.3823691546435888,auto_finalized_review_batch,False
"""সামনে ইদ, কেনাকাটা করা লাগবে তো।""",Dhaka,Rangpur,Gaibandha,Positive,0.3476849562445842,auto_finalized_review_batch,False
[সন্দেহজনক লিঙ্ক সরানো হয়েছে]...,Dhaka,,,Negative,0.3544474083086626,auto_finalized_review_batch,False
বিএনপির নেতা কর্মীরা হলেও রিমান্ডে নেওয়া দরকার,Bogra,,,Negative,0.3936099245796696,auto_finalized_review_batch,False
সমঝোতা,Chittagong,Cox's Bazar,,Sarcastic_negative,0.3771732970009573,auto_finalized_review_batch,False
সোনার ছেলে গড়বে সোনার দেশ।,Dhaka,,,Positive,0.38471131687744287,auto_finalized_review_batch,False
সমাঝোতা,বরিশাল,Barishal,Barisal,Sarcastic_negative,0.3546251488724497,auto_finalized_review_batch,False
ডাইরেক্ট একশান করে দাও।,Dhaka,,,Positive,0.34473604848330247,auto_finalized_review_batch,False
৫ টা বছর টিভি চ্যানেল গুলা এই সব পোস্ট করে ইনকাম করবে সে জন্য তো নির্বাচন এ উলটা পালটা নিউজ করে ক্ষমতা আনলো,Khulna,,,Sarcastic_negative,0.3857049853677849,auto_finalized_review_batch,False
সমোঝোতা বুঝো না?,Dhaka,,,Sarcastic_negative,0.3981880841932722,auto_finalized_review_batch,False
সমঝোতাই ব‍্যর্থ নেতা পদ স্থগিত করা উচিত,Dhaka,Chittagong,Noakhali,Positive,0.35550884053428966,auto_finalized_review_batch,False
কে জানি বলল জামাতরা চাঁদাবাজি করে সে কই,Dhaka,,,Negative,0.3416231048175907,auto_finalized_review_batch,False
কি সোনার নেতা।,Chittagong,Noakhali,,Positive,0.3505049794075731,auto_finalized_review_batch,False
চারদিকে শুধু উন্নয়ন আর উন্নয়ন!,Comilla,,,Negative,0.33859324785707917,auto_finalized_review_batch,False
সমঝোতা,Chittagong,Chandpur,,Sarcastic_negative,0.3771732970009573,auto_finalized_review_batch,False
ঘন দোলাই দেন নাই...??,Cumilla,Feni,,Sarcastic_negative,0.3831483770380117,auto_finalized_review_batch,False
সমঝোতা,ব্রাহ্মণবাড়িয়া,Dhaka,Barisal,Sarcastic_negative,0.3771732970009573,auto_finalized_review_batch,False
সম,Chittagong,Cox's Bazar,,Sarcastic_negative,0.38323449361005113,auto_finalized_review_batch,False
"""এরা নেতা হয় কি ভাবে কোথাও মিছিল মিটিংয়ে কথা ও তু বলতে পারে না, নেতা হতে গেলে মিনিমাম শিক্ষার দরকার আছে এদের কি তা আছে""",Dhaka,,,Negative,0.3882122873065678,auto_finalized_review_batch,False
জাতি ১নাম্বার হওয়ার অপেক্ষায়,Dhaka,,,Negative,0.3346332874546919,auto_finalized_review_batch,False
উন্নয়ন,Dhaka,,,Negative,0.3496681937393312,auto_finalized_review_batch,False
আস্তাগফিরুল্লাহ এইগুলা কি বলেন? পাপ হবে না মুক্তিযুদ্ধের পক্ষের শক্তির বিরুদ্ধে অপপ্রচার চালাচ্ছেন বট বাহিনী নাকি?,Dhaka,Chittagong,,Positive,0.30122193110141976,auto_finalized_review_batch,False
সমঝোতা,Dhaka,Khulna,Kushtia,Sarcastic_negative,0.3771732970009573,auto_finalized_review_batch,False
ওরে বেশি করে সরিষার তেল মাখান সব টিক হয়ে যাবে,Dhaka,,,Sarcastic_negative,0.34192596348157905,auto_finalized_review_batch,False
ঈদ বোনাস,Dhaka,,,Negative,0.3337878475654783,auto_finalized_review_batch,False
চমৎকার,Dhaka,Brahmanbaria,,Negative,0.34676448434117957,auto_finalized_review_batch,False
সবই সমঝোতা,গাজীপুর,Dhaka,Chittagong,Sarcastic_negative,0.3928812836699318,auto_finalized_review_batch,False
এগুলো দু একটি বিচ্ছিন্ন ঘটনা এ ছাড়া চাঁদাবাজি ছিল স্বাভাবিক,Dhaka,,,Sarcastic_negative,0.3923590727542212,auto_finalized_review_batch,False
De pida chikon jingla dia!!,Dhaka,Chittagong,Chandpur,Sarcastic_negative,0.39051872361916395,auto_finalized_review_batch,False
গুড জব,Dhaka,Kishoreganj,,Negative,0.37592062237334734,auto_finalized_review_batch,False
কররে ভাই,সিলেট,Dhaka,Sylhet,Positive,0.2908338226728483,auto_finalized_review_batch,False
এইডা নেতা ?,Dhaka,Tangail,,Sarcastic_negative,0.29333286569314615,auto_finalized_review_batch,False
"""ওটা চাঁদা না ওটা সমঝোতা, আর এখন তাকে সমঝোতার মাধ্যমে """"উত্তম মাধ্যম"""" দিলেই হয়ে যাবে""",Dhaka,,,Sarcastic_negative,0.377156028482892,auto_finalized_review_batch,False
বিম্পির সব ছাপরি......,Dhaka,Bagerhat,,Negative,0.3853323639029387,auto_finalized_review_batch,False
হয়তো বা সমঝোতার মাধ্যমে চাঁদা নিয়েছে।আগে করতো যুবলীগ আর এখন করছে যুবদল।,Dhaka,Kushtia,,Sarcastic_negative,0.3866417209648002,auto_finalized_review_batch,False
স্বইচ্ছায় প্রদান ভাই,Dhaka,,,Sarcastic_negative,0.2997603952547192,auto_finalized_review_batch,False
অশিক্ষিত বেকারদের কর্মসংস্থান,Narayanganj,,,Positive,0.38151493150128607,auto_finalized_review_batch,False
সমঝোতা।,কুমিল্লা,Comilla,,Sarcastic_negative,0.3771732970009573,auto_finalized_review_batch,False
সমঝোতা,Chittagong,,,Sarcastic_negative,0.3771732970009573,auto_finalized_review_batch,False
এটা কে নেতা মনে হয় কোন অ্যাঙ্গেল থেকে,Dhaka,,,Sarcastic_negative,0.36775122427244933,auto_finalized_review_batch,False
"""দরতে সময় লাগে না , ছরতেও সময়ে লাগেনা,ও কি সমঝোতা করে না।""",Dhaka,,,Sarcastic_negative,0.33201148148436943,auto_finalized_review_batch,False
ইস....স্!,Chittagong,Barisal,,Sarcastic_negative,0.3880727294638088,auto_finalized_review_batch,False
কি দেশ রে ভাই নিউজ মিডিয়া গুজব ছড়ায়,Dhaka,Gazipur,,Sarcastic_negative,0.35979407276557474,auto_finalized_review_batch,False
জোর করে তুলছিল নাকি সমন্বয় করে তুলেছিল চাঁদা,Dhaka,Mymensingh,,Negative,0.3818294397046377,auto_finalized_review_batch,False
It's সমঝোতা,Barisal,,,Sarcastic_negative,0.3771732970009573,auto_finalized_review_batch,False
কি যুগ আইলো আকাম করলেই কট,ভোলা,Barisal,Bhola,Negative,0.3955220100442057,auto_finalized_review_batch,False
Salar khubri tul,জয়পুরহাট,Dhaka,Rangpur,Sarcastic_negative,0.343053519066526,auto_finalized_review_batch,False
মাশাল্লাহ,Chittagong,Barisal,Bhola,Negative,0.37559005158038244,auto_finalized_review_batch,False
হাত কাটা উচিত,Dhaka,,,Sarcastic_negative,0.3617168530887516,auto_finalized_review_batch,False
সমঝোতা,Dhaka,,,Sarcastic_negative,0.3771732970009573,auto_finalized_review_batch,False
ঈদের বোনাস।,Chittagong,Noakhali,,Negative,0.39141733736700407,auto_finalized_review_batch,False
ঔ কি রে কি রে মধু মধু,Dhaka,Pabna,,Sarcastic_negative,0.38162930814157414,auto_finalized_review_batch,False
এগুলা সোনার ছেলে,ঢাকা,Dhaka,Mymensingh,Positive,0.39565707518208465,auto_finalized_review_batch,False
এর পরেও বাংলাদেশের মানুষ তাদের কে ই ভোট টা দিবে,Dhaka,Barisal,Bhola,Negative,0.33757680139154295,auto_finalized_review_batch,False
সমজতা,Panchagarh,,,Sarcastic_negative,0.3771732970009573,auto_finalized_review_batch,False
আটক কট,Dhaka,Jamalpur,,Negative,0.3759822479179464,auto_finalized_review_batch,False
সমঝোতা সমঝোতা,Manikganj,,,Sarcastic_negative,0.3771732970009573,auto_finalized_review_batch,False
বাহ,Chittagong,Rangamati,,Sarcastic_negative,0.3782731818145049,auto_finalized_review_batch,False
হাট ঘাট খাওয়া শেষ হলে মানচিত্রটাও খেয়ে নিও,Dhaka,,,Negative,0.38034024948040285,auto_finalized_review_batch,False
দলকানাগুলো দেখি রাতকানাও,Dhaka,,,Sarcastic_negative,0.3939049008224369,auto_finalized_review_batch,False
সমঝোতা করে খাও মনে রাখবা বাবার সম্পত্তি মিলে মিশে খাঁ ওয়া ভালো,Chittagong,,,Sarcastic_negative,0.37353053998190455,auto_finalized_review_batch,False
সমঝোতা করে খেলেই হয়। রেজাউল রনিকে এই ক্ষেত্রে দাওয়াত দেয়া উচিত।,Dhaka,,,Negative,0.38444386927853835,auto_finalized_review_batch,False
হাট আর ঘাঁট কি মুখ দিয়ে ঢুকবে।,Dhaka,Narayanganj,,Positive,0.33119779709039965,auto_finalized_review_batch,False
"""মাদক মুক্ত বাংলাদেশ চাই, এতে ছাত্র জনতা সহ সাধারণ জনগন সবাই কে এগিয়ে এসে পুলিশ কে সহযোগিতা করা উচিত, পুলিশের বিরুদ্ধে অবস্থান নয়।""",Bogra,,,Positive,0.3751085031852655,auto_finalized_review_batch,False
লিঠার যেহেতু বলছে তাহলে ঠিকেই বলেছে,Sirajganj,,,Sarcastic_negative,0.3545604907749385,auto_finalized_review_batch,False
"""হাট ঘাট ওর বাবা তৈরি করেছে, তাই সমঝোতার মাধ্যমে খাবে ।""",পাবনা,Chittagong,Chandpur,Positive,0.31395731719045983,auto_finalized_review_batch,False
"""সমঝোতা বলেও তো একটা ব্যাপার থাকে। সব তো বুঝলাম, রাতের বেলায় সানগ্লাস কি কাজে আসে ?""",Khulna,Bagerhat,Jhenaidah,Positive,0.31211448271483816,auto_finalized_review_batch,False
অন্যের ঘরের রান্না করা ভাতও নিবেন,Dhaka,,,Negative,0.372323967202511,auto_finalized_review_batch,False
বাহ! এই এতো তাদের মনের কথা!,Dhaka,Chittagong,Lakshmipur,Negative,0.32082007961958087,auto_finalized_review_batch,False
বাহ! কি চমৎকার তাদের প্লান,Bogura,Patuakhali,,Negative,0.3662125283721885,auto_finalized_review_batch,False
সবকিছুই সমঝোতা,Khulna,Jessore,,Sarcastic_negative,0.35949414682272235,auto_finalized_review_batch,False
"""সবে তো শুরু, এখনো তো অনেক কিছু বাকি।""",সুনামগঞ্জ,Dhaka,,Sarcastic_negative,0.3646611028558883,auto_finalized_review_batch,False
সেহরি ইফতারি খাওয়ার ইচ্ছে থাকলে তো আর হাট ঘাট খাওয়া লাগতো না খেকু,Chittagong,Chandpur,,Negative,0.3171276123789157,auto_finalized_review_batch,False
সবে খেলা শুরু গুরু পিকচার আবি বাকি হে মেরি দোস্ত।,Dhaka,Chittagong,,Sarcastic_negative,0.3383597618539384,auto_finalized_review_batch,False
অবশ্যই আমি একমত তারাই সব খাবে দেখবে অন্যেরা শুধু চাইয়া দেখ,Dhaka,,,Neutral,0.34878210408163923,auto_finalized_review_batch,False
অনেক ভালো প্রস্তাব। আইন প্রশাসন এবং বিচার ব্যবস্থা তাদের কথাটা একবার চিন্তা করতেও পারে। হা হা হা......,Joypurhat,,,Positive,0.34781886392144556,auto_finalized_review_batch,False
তবে মিলেমিশে খাওয়াটা ভালো।,নরসিংদী,Narsingdi,,Neutral,0.3791069610575099,auto_finalized_review_batch,False
"""আর যে মাস্টারমাইন্ড ছিলো সে পুরো দেশ পুরো মানচিত্র ,জয় খায় খায় দল""",Chittagong,,,Positive,0.3966900228293902,auto_finalized_review_batch,False
ঠিক ভাই ঠিক,Thakurgaon,,,Negative,0.3156205037198594,auto_finalized_review_batch,False
লিটার যেহেতু বলছে তাহলে ঠিকেই বলেছে,কিশোরগঞ্জ,Mymensingh,,Sarcastic_negative,0.3559483708819363,auto_finalized_review_batch,False
বাহ চমৎকার,Dhaka,,,Negative,0.35998432424872895,auto_finalized_review_batch,False
দরকার আছে কথায় যুক্তি ও আছে।,Dhaka,Chittagong,Noakhali,Positive,0.34709185191911857,auto_finalized_review_batch,False
চারদিকে শুধু খাইয়া আর খাইয়া,Chittagong,Comilla,,Sarcastic_negative,0.3866466255910165,auto_finalized_review_batch,False
"""এরা প্রকাশ্যে চান্দার পক্ষ নিচ্ছে, তবে এদের দৌড় সর্বোচ্চ আগামী দুই বছর""",Sylhet,,,Sarcastic_negative,0.35848945797384363,auto_finalized_review_batch,False
সময়ের সঠিক সিদ্ধান্ত,Dhaka,,,Positive,0.3894309838176653,auto_finalized_review_batch,False
হ ভাই চালিয়ে যান কোন সমস্যা নাই,Dhaka,Chittagong,Noakhali,Negative,0.35457569950851336,auto_finalized_review_batch,False
তাহলে রেডি হয়ে যাও গোয়াল ঘরের ভাত খাওয়ার জন্য নেতার অর্ডার,Dhaka,,,Negative,0.33915320467955284,auto_finalized_review_batch,False
ঠিিিিিিিিিিিিিিিিিিিিিিিিিিিিক।,Dhaka,,,Negative,0.33173770167092786,auto_finalized_review_batch,False
আপনাদের অনেক পরিশ্রম হইছে খান এখনই সময়,Chittagong,,,Sarcastic_negative,0.34750399013121197,auto_finalized_review_batch,False
ঘাটখেকো। আফসোস দেশটায় ব্যবসা করে শান্তি নেই।,Dhaka,Chittagong,Noakhali,Positive,0.32518344710847386,auto_finalized_review_batch,False
এইবার ঠিক আছে,Dhaka,,,Negative,0.3726950930517287,auto_finalized_review_batch,False
সমঝোতায় চলবে সব,Dhaka,Patuakhali,,Neutral,0.3564165624353371,auto_finalized_review_batch,False
খাওক,Sylhet,,,Sarcastic_negative,0.38201629438122026,auto_finalized_review_batch,False
হুম তাই তো,Dhaka,,,Sarcastic_negative,0.3808797369246197,auto_finalized_review_batch,False
বিশ্বের সব দেশই চাদাবাজি আছে কিন্তু বাংলাদেশে কোন চাদাবাজি নাই। আছে সমঝোতা,Dhaka,Gazipur,,Sarcastic_negative,0.29233478582643774,auto_finalized_review_batch,False
মানে কি আন্দোলন করলেই কি অন্যায় ভাবে সব করা যাবে? তাহলে সত্যের পথে আন্দোলন করেছেন? নাকি একজন কে তাড়িয়ে অন্য জন দখল নিয়েছেন?,Mymensingh,Sherpur,,Negative,0.3480095559759583,auto_finalized_review_batch,False
ঠিক কইছেন নেতা,Dhaka,,,Positive,0.321594862450882,auto_finalized_review_batch,False
মানচিত্র খাবি!,Dhaka,Gazipur,Cox's Bazar,Sarcastic_negative,0.392645175214671,auto_finalized_review_batch,False
খা,Dhaka,,,Sarcastic_negative,0.38898760030668583,auto_finalized_review_batch,False
খা খা ইচ্ছা মতো খা,Feni,,,Sarcastic_negative,0.3377018553562537,auto_finalized_review_batch,False
হ ভাই মিলেমিশে খা,Dhaka,Kushtia,,Sarcastic_negative,0.38280955655405047,auto_finalized_review_batch,False
ঠিক।,Dhaka,Narsingdi,,Negative,0.33548283638624743,auto_finalized_review_batch,False
গু খাবে না?,Khulna,,,Sarcastic_negative,0.376227085765092,auto_finalized_review_batch,False
একটু অপেক্ষা কর,Dhaka,,,Sarcastic_negative,0.36369110981421915,auto_finalized_review_batch,False
"""হাটঘাট আর মাঠ, সরকারকে ইজারা দিয়ে নিতে হয়, এগুলো তো মানুষ দিয়েই পরিচালনা করতে হবে,""",Dhaka,,,Negative,0.3373256737550226,auto_finalized_review_batch,False
এবার ফিতরা সর্বনিম্ম ১১০ টাকা,লক্ষ্মীপুর,,,Sarcastic_negative,0.3666615893077872,auto_finalized_review_batch,False
খোঁজ নিলে দেখা যাবে ৫ই আগস্টের আগে সে ছাত্রলীগের লুংগির তলে ছিলো,Chittagong,,,Negative,0.34883457365896336,auto_finalized_review_batch,False
ঠিক,Dhaka,Mymensingh,Jamalpur,Negative,0.33548283638624743,auto_finalized_review_batch,False
অবশ্যই,সিলেট,নরসিংদী,Sylhet,Sarcastic_negative,0.38564693689012663,auto_finalized_review_batch,False
"""হ ভাই, আপনারা তো কোঠায় এগিয়ে আছেন আর আমরা জনগণ সব হরিদাস পাল!""",Dhaka,,,Sarcastic_negative,0.37196451900562016,auto_finalized_review_batch,False
ওর কথায় যুক্তি আছে,Chandpur,,,Positive,0.37709367441181213,auto_finalized_review_batch,False
অবশ্যই খাবে কেননা অনেক না খাওয়া!!,Rangpur,,,Sarcastic_negative,0.36332089757466,auto_finalized_review_batch,False
এরা কোন গ্রহের,Dhaka,,,Negative,0.3270605155271434,auto_finalized_review_batch,False
ঠিক ঠিক,Dhaka,Rangpur,,Negative,0.33548283638624743,auto_finalized_review_batch,False
আমি এতে একমত,Cox's Bazar,,,Sarcastic_negative,0.3508485247467793,auto_finalized_review_batch,False
"""ঐ সময়গুলোই ভালোই ছিলো। যখন আপসহীন নেত্রী জেলে ছিলেন, ছেলে লন্ডনে আর নেতারা গর্তে।…""",কুমিল্লা,পঞ্চগড়,Comilla,Positive,0.3276722622874108,auto_finalized_review_batch,False
Mair,Dhaka,Gazipur,,Sarcastic_negative,0.38896915527073894,auto_finalized_review_batch,False
আয় হায়,Chittagong,Noakhali,,Sarcastic_negative,0.3844961410834632,auto_finalized_review_batch,False
খেতে খেতে এগিয়ে যাও,Dhaka,Gazipur,Sirajganj,Positive,0.3497529773696798,auto_finalized_review_batch,False
চমেৎকার,Dhaka,,,Negative,0.34676448434117957,auto_finalized_review_batch,False
চলছে খাওয়া দাওয়া...!! অথচ চলছে সংযমের মাস!!!,Comilla,,,Sarcastic_negative,0.391663338635778,auto_finalized_review_batch,False
মারহাবা,Rangpur,,,Neutral,0.359357781836863,auto_finalized_review_batch,False
ঠিক ঠিক,Dhaka,Faridpur,,Negative,0.33548283638624743,auto_finalized_review_batch,False
"""হাটও খাবি, ঘাটও খাবি তাহলে মাঠ টা আর বাকি রাখবি কেন ভাই? তোরা সব ই খা।""",Dhaka,Khulna,Satkhira,Sarcastic_negative,0.3768479387434783,auto_finalized_review_batch,False
জ্বি স্যার,Dhaka,Mymensingh,,Sarcastic_negative,0.36811498502526857,auto_finalized_review_batch,False
ঠিকহে,নরসিংদী,Tangail,,Sarcastic_negative,0.3370578459606143,auto_finalized_review_batch,False
এগুলি খাবার জিনিষ??,Dhaka,Jamalpur,,Positive,0.35631478095287566,auto_finalized_review_batch,False
আনোয়ার টিভির সংবাদ,Dhaka,Barisal,,Negative,0.3051669550157083,auto_finalized_review_batch,False
মাশাল্লাহ,Chittagong,Noakhali,,Negative,0.37559005158038244,auto_finalized_review_batch,False
খা খা বাবা খা ছিলাইয়া। কয়া লাগবেনা,Dhaka,Chittagong,,Negative,0.36812429942192637,auto_finalized_review_batch,False
অয়,Sylhet,,,Sarcastic_negative,0.31959411399060556,auto_finalized_review_batch,False
খাও ভাই খেয়ে সব ছাপা করে ফেলো,Chittagong,Khulna,,Positive,0.3645712066782836,auto_finalized_review_batch,False
ঠিক ই বলছে,বগুড়া,Dhaka,Bogura,Negative,0.384624983967068,auto_finalized_review_batch,False
"""খারে খা, খাওয়ার জন্যেই এ দুনিয়া""",Chittagong,,,Positive,0.3136478015916909,auto_finalized_review_batch,False
হ দরকার হইলে রাস্তা ইট খুলে বাড়ি করবো তারপর ও খাবো,Dhaka,Barguna,,Positive,0.3808007353154636,auto_finalized_review_batch,False
দলকানারা এসব দেখে না?,Dhaka,Cox's Bazar,,Sarcastic_negative,0.39145845394103057,auto_finalized_review_batch,False
"""জয়ীরা কথায় সংযত হন, নইলে দলের বদনাম হবে। আপনার জন্য দলের ক্ষতি মেনে নেওয়া যাবে না।""",যশোর,Khulna,Jashore,Positive,0.39501996049208105,auto_finalized_review_batch,False
জ্বী ভাই,ঢাকা,Tangail,,Sarcastic_negative,0.30200099247614315,auto_finalized_review_batch,False
বাহ,Chittagong,Brahmanbaria,,Sarcastic_negative,0.3782731818145049,auto_finalized_review_batch,False
ঠিক,Dhaka,Narayanganj,,Negative,0.33548283638624743,auto_finalized_review_batch,False
জি বুঝলাম,Dhaka,Khulna,Jessore,Negative,0.3445061871899652,auto_finalized_review_batch,False
সমঝোতার ভিত্তিতে তোমরা টয়লেডও খাবার সমস্যা নেই।,বরিশাল,Mymensingh,,Negative,0.39126774107306633,auto_finalized_review_batch,False
ওয়াও নাইচ । আমি ও আছি,Dhaka,,,Negative,0.39775350794169123,auto_finalized_review_batch,False
না খাওয়া পার্টি এখন হাট ঘাট সব খাইতে চাই।,Tangail,,,Negative,0.38535246341134427,auto_finalized_review_batch,False
বরি দে,Dhaka,,,Sarcastic_negative,0.36574489223392703,auto_finalized_review_batch,False
সহমত ভাই,Dhaka,Dinajpur,,Sarcastic_negative,0.3079175101001481,auto_finalized_review_batch,False
এ জন্যই রাজনিতি,Dhaka,,,Positive,0.352955868979953,auto_finalized_review_batch,False
সরকারি রাজস্বে যে বেশি টাকা জমা দিবে সেই পাবে,Pabna,,,Sarcastic_negative,0.37961360945072864,auto_finalized_review_batch,False
সঠিক সিদ্ধান্ত,Dhaka,Narsingdi,,Positive,0.39625885177873743,auto_finalized_review_batch,False
সমঝোতা করে খাইয়েন,Dhaka,,,Sarcastic_negative,0.3442174577799193,auto_finalized_review_batch,False
হাট ঘাটের পায়খানা কে খাবে আপনি না তারাই? কেননা হাট ঘাটে পাবলিক টয়লেট থাকে যা কি না টাকা দিয়ে ব্যবহার করা লাগে........,Dhaka,Munshiganj,,Sarcastic_negative,0.37555147193481414,auto_finalized_review_batch,False
হাট ঘাট মাঠ সব খা।,Dhaka,Gazipur,Patuakhali,Sarcastic_negative,0.3519912901231324,auto_finalized_review_batch,False
জনগন আগের মতন নাই প্রিয়,Chittagong,Noakhali,,Negative,0.36322828332967655,auto_finalized_review_batch,False
ঠিক,Dhaka,Sherpur,,Negative,0.33548283638624743,auto_finalized_review_batch,False
জ্বি,Dhaka,,,Sarcastic_negative,0.3965322960651849,auto_finalized_review_batch,False
ইচ্ছেমত খাও,Dhaka,Gazipur,Pabna,Sarcastic_negative,0.3980629768747185,auto_finalized_review_batch,False
হাট ঘাট খায় কি ভাবে??,Dhaka,Magura,Pirojpur,Sarcastic_negative,0.3865937626297396,auto_finalized_review_batch,False
কাজ নাই যত আকাইম্ম চিন্তা,Dhaka,Chittagong,,Negative,0.33009068511176554,auto_finalized_review_batch,False
কত খাবেন সময় থাকতে ভালো হয়ে যান,Rajshahi,,,Sarcastic_negative,0.370250264994162,auto_finalized_review_batch,False
"""সেটার প্রয়োজনীয়তা নেই, বরং তেলবাজ আর চামচাদের দেওয়া হোক।""",Dhaka,Shariatpur,,Positive,0.34826412665848877,auto_finalized_review_batch,False
হাট ঘাট কি চিবিয়ে খাবে নাকি,Dhaka,Sylhet,Gazipur,Sarcastic_negative,0.37658086365036914,auto_finalized_review_batch,False
"""সাবাস বেটা, এগিয়ে যাও।""",Dhaka,,,Positive,0.37827554306868016,auto_finalized_review_batch,False
ঠিকই তো,Chittagong,,,Sarcastic_negative,0.3435270008132841,auto_finalized_review_batch,False
খেতে খেতে একসময় পেট ফেড়ে যাবে আ. লীগের মতো,Dhaka,,,Positive,0.3750407596423436,auto_finalized_review_batch,False
উনি অসুস্থ ওনার জরুরী চিকিৎসা দরকার,Dhaka,,,Positive,0.2838366994118685,auto_finalized_review_batch,False
সমঝোতা গো।,Dhaka,Bogra,,Sarcastic_negative,0.37454424878392206,auto_finalized_review_batch,False
খাবার মানুষের মৌলিক অধিকার,Dhaka,,,Positive,0.30506351479623595,auto_finalized_review_batch,False
সাব্বাস বেটা...!! এ হুয়া না বাথ...!!,নোয়াখালী,Dhaka,Noakhali,Negative,0.38606507812195817,auto_finalized_review_batch,False
এইটাই প্ল্যান,Dhaka,Dinajpur,,Sarcastic_negative,0.3561980786432771,auto_finalized_review_batch,False
ইচ্ছে মত খেতে থাকেন শুধু ১০% জায়গা মত পাঠিয়ে দিয়েন তাহলে ধরা পরলেও বহিষ্কার এর নাটক করে বাঁচিয়ে দিবে খাম্বা সাহেব,Dhaka,Tangail,,Sarcastic_negative,0.3881087018431559,auto_finalized_review_batch,False
হাট ঘাটের গু খাবে??,Tangail,,,Sarcastic_negative,0.3630808611772665,auto_finalized_review_batch,False
Amio tai boli ustad. …,Dhaka,Kishoreganj,,Sarcastic_negative,0.37047906952580323,auto_finalized_review_batch,False
"""জি,এটা মেনেই ভোট দিছে পাবলিক তাই এটা তেমন সমস্যা না""",Dhaka,Gazipur,,Positive,0.35062902280378744,auto_finalized_review_batch,False
সাবাস বাগিনা,Dhaka,Tangail,,Sarcastic_negative,0.3722227588255354,auto_finalized_review_batch,False
ঠিক ঠিক।,Comilla,,,Negative,0.33548283638624743,auto_finalized_review_batch,False
Only Love react,Narayanganj,,,Sarcastic_negative,0.3520209642261376,auto_finalized_review_batch,False
চালিয়ে যেতে পার,Khulna,Jessore,,Negative,0.38112812791602185,auto_finalized_review_batch,False
ঠিক হে,Sylhet,Sunamganj,,Negative,0.3231729260754836,auto_finalized_review_batch,False
মারহাবা!,Chittagong,Noakhali,,Neutral,0.3769859917758971,auto_finalized_review_batch,False
যারা না ছিলো তারা খায় যারা ছিলো তারা পায় না,Dhaka,Patuakhali,,Negative,0.38263422491494464,auto_finalized_review_batch,False
খাইও তবে সমাজতার মাদ্যমে।,Chittagong,,,Sarcastic_negative,0.36978091343110436,auto_finalized_review_batch,False
"""হ ভাই,খাও খাও তোমরাই তো খাবা®তবে সমঝোতা করে খাও""",Rajshahi,,,Negative,0.323607791597278,auto_finalized_review_batch,False
মারহাবা মারহাবা,Chittagong,,,Neutral,0.359357781836863,auto_finalized_review_batch,False
অবশ্যই খাবে!,Dhaka,Barishal,Gopalganj,Sarcastic_negative,0.3893049184838453,auto_finalized_review_batch,False
বাংলাদেশের সাধারণ মানুষদের মা বোন বউ সন্তানদের মেয়েদের নিরাপত্তা কোথায়??????????,Dhaka,,,Negative,0.34088626990859494,auto_finalized_review_batch,False
আল্লাহ অনেক বড় করুক আপনাদের,Narsingdi,,,Positive,0.37874916239721007,auto_finalized_review_batch,False
"""গরুর হাটে গোবর আছে,ওগুলাও খাইস,কিছু পার্সেল করে দলের অফিসেও পাঠাইস""",Rangpur,,,Negative,0.3894025966213589,auto_finalized_review_batch,False
হাচা কতা কইছেন।,Dhaka,Faridpur,,Negative,0.3815576982414987,auto_finalized_review_batch,False
জয়বাংলা,চাঁপাইনবাবগঞ্জ,,,Sarcastic_negative,0.3514780772771273,auto_finalized_review_batch,False
যাক হাট-ঘাটের গু -গবর খাওয়ার লোক তাইলে পাওয়া গেল।,Dhaka,Mymensingh,Sherpur,Neutral,0.3802378871829322,auto_finalized_review_batch,False
বাহ বাহ,Khulna,,,Sarcastic_negative,0.3782731818145049,auto_finalized_review_batch,False
ওমা তাই,Dhaka,,,Sarcastic_negative,0.3719139469868775,auto_finalized_review_batch,False
খাবে,ঢাকা,Dhaka,Barisal,Sarcastic_negative,0.38265636590717794,auto_finalized_review_batch,False
ইট পাথর বালু সিমেন্ট এগুলাও খাবে তারা,Rangpur,Lalmonirhat,,Positive,0.3694427929233287,auto_finalized_review_batch,False
নেতাদের কাছে দেশটা যেন গনিমতের মাল!,Dhaka,,,Positive,0.3501379144448645,auto_finalized_review_batch,False
আমি ও তাই বলি।,Dhaka,Jamalpur,,Negative,0.3254665697994012,auto_finalized_review_batch,False
খা রে ভাই খা,Comilla,,,Sarcastic_negative,0.35557995633622963,auto_finalized_review_batch,False
ভাত মাছ রেখে এত খাবার কিবা করে খাব ছাওয়াল,Dhaka,Narayanganj,,Sarcastic_negative,0.3371477074013913,auto_finalized_review_batch,False
এটাই তারেক রহমানের আই হ্যাভ এ প্ল্যান এর অংশবিশেষ।,Dhaka,Lakshmipur,,Positive,0.3725624525415609,auto_finalized_review_batch,False
চমৎকার,Dhaka,,,Negative,0.34676448434117957,auto_finalized_review_batch,False
একদম ঠিক এভাবেই চালিয়ে যান,Dhaka,Khulna,Jessore,Negative,0.3766482055099625,auto_finalized_review_batch,False
"""ঠিক ই তো, এত আন্দোলন এ কত কষ্ট করছেন ।""",রাজশাহী,Rajshahi,,Negative,0.3697812644399187,auto_finalized_review_batch,False
বাহ..,Patuakhali,,,Sarcastic_negative,0.36370779324069313,auto_finalized_review_batch,False
মন মত খা,Gazipur,,,Sarcastic_negative,0.35577308566210053,auto_finalized_review_batch,False
আসেন সবাই মিলে মিশে খাই,Barisal,Bhola,,Sarcastic_negative,0.3553903647333604,auto_finalized_review_batch,False
Ahare ruti ruji,Rajshahi,,,Sarcastic_negative,0.3798735385476702,auto_finalized_review_batch,False
খোঁজ নিয়ে দেখেন হ্লায় গুপ্ত,Dhaka,,,Negative,0.34395686558836186,auto_finalized_review_batch,False
হাঁটের টয়লেট সহ খেয়ে ফেলো ।,Dhaka,Gazipur,,Sarcastic_negative,0.3779489596975436,auto_finalized_review_batch,False
এমন কথায় তো শুনতে চাই,Khulna,,,Positive,0.3765143888851834,auto_finalized_review_batch,False
"""এবার বুঝতে পারবে সাধারণ মানুষ কাকে ভোট দিলাম,,,,""",Dhaka,Dinajpur,,Sarcastic_negative,0.3735841453114667,auto_finalized_review_batch,False
ঠিক,Dhaka,Barguna,,Negative,0.33548283638624743,auto_finalized_review_batch,False
উওম প্রস্তাব,দিনাজপুর,Bogra,Dinajpur,Sarcastic_negative,0.3400830746450586,auto_finalized_review_batch,False
হাট আর বেশি দূর নয়।,Rajshahi,,,Negative,0.3525288500910274,auto_finalized_review_batch,False
সাবাস বেটা।,Khulna,Jashore,Satkhira,Sarcastic_negative,0.3947783163392007,auto_finalized_review_batch,False
হুমমম খাবি এমন খাওয়া খাবি দেখিস বিচি দুইটা যেনো বাদ না যায়,Comilla,,,Sarcastic_negative,0.29001021505718416,auto_finalized_review_batch,False
ঠিকই বলেছ ।,বরিশাল,,,Sarcastic_negative,0.3822552583981815,auto_finalized_review_batch,False
