 ,Location 1,Location 2,Location 3
[সন্দেহজনক লিঙ্ক সরানো হয়েছে]...…,ঢাকা,Dhaka,
"""ওখানে ধরা খাবে তারপর সরকারিভাবে দেশের কারাগারে আসবে, দেশের আদালত মুক্ত করে দিবে। এটাই পলিটিক্স।""",Dhaka,Gazipur,
"""এভাবেই ফেরত আসবে,এটাই পলিটিক্স""",Dhaka,,
দেশে পাঠানোর একটা বৈধ প্রক্রিয়া মাত্র...,Dhaka,Rajshahi,Gazipur
এটা দেশে প্রবেশের একটি প্রক্রিয়া মাত্র,Dhaka,Pabna,
"""এখন থেকে প্রায়ই শুনা যাবে গ্রেফতারের খবর,,, ভারত সরকার এখন আর সাধারণ কর্মীদের তেমন গুরুত্ব দিবে না --- যারা পালিয়ে গেছে তাদের …""",Dhaka,,
বাংলাদেশের জেল থাকতে অন্যদেশের জেলে থাকবে কেন..?,Dhaka,,
এটা একটা রাজনৈতিক চাল হতে পারে,Panchagarh,,
ভারত কি তাহলে আওয়ামী লীগের সাথে পল্টি নিলো,Dhaka,,
বিএনপির কাছে ভালো হওয়া আরকি।। তবে এরা ভিতরে ভালোই থাকবে কারণ ভারত হচ্ছে উমিচাঁদ এ…,Dhaka,Faridpur,
আরও কিছু দেখার অপেক্ষায় রইলাম,ঢাকা,ব্রাহ্মণবাড়িয়া,Chittagong
ধন্যবাদ জানাই,Tangail,,
খাইছে রে..,মৌলভীবাজার,Sylhet,Moulvibazar
এটা ভালো,Dhaka,,
সম্ভবত ওদের খরচ করার মতো টাকা পয়সা শেষ,রাজশাহী,Rajshahi,Cox's Bazar
শুরু হয়ে গেল নাকি ধরপাকর। ভারত সরকার কি মেসেজ দিতে চাচ্চেন বাংলাদেশের জনগনকে।,Kurigram,Panchagarh,
এগুলোকে এখন গ্রেফতার করবে আর আস্তে আস্তে সবগুলোকে বাংলাদেশ প্রেরণ করবে,Sylhet,,
"""হাসিনার তো ভিসা পাসপোর্ট কিছুই নেই, তবুও এখনো ভারতে আছে কীভাবে?""",Dhaka,Gazipur,
তাদের আর শান্তি নাই,Dhaka,,
নিজ দেশেও (ভারত) নিরাপদ নয় আওয়ামীলীগ,Chittagong,Noakhali,
শুরু হয়েছে একে একে সবাই ধরা পড়বে,Dhaka,Mymensingh,
নিজ নাগরিকদের কেউ এভাবে গ্রেফতার করে?,Dhaka,,
কাগজ নেই তাই দরছে এটা নিয়ে এত লেখালেখির কি আছে।,Dhaka,,
খেলা শুরু এভাবেই চলবে,Barisal,Narayanganj,
Beimani korlo,Chandpur,,
লে হালুয়া,খাও হালুয়া,রংপুর,Dhaka
"""পলাতক এইসব নেতাকর্মী( আঃলীগ) ও এই দেশের ভিতর থেকে একটি সম্প্রদায়ের কিছু লোক, ভারত কে বার বার অনুরোধ ও আহ্বান জানাচ্ছিল ছিল যে…""",Kurigram,Panchagarh,
"""নাটক কইরে দেশে পাঠাবে, পাকড়াও দেখায় খালাশ। মাঝখানে কিছু টাকার ছড়াছড়ি!""",Khulna,Bagerhat,
"""এভাবেই নিরপেক্ষ, সহজ সরল, সঙ্গিত-মনা, সুশীল, ছেতনাবাজ.. মানুষ গুলো দেশে ফিরে আসবে""",গাজীপুর,Dhaka,Gazipur
"""তোদের ওয়েবসাইট এ্যাড দেখানোর জন্যেই বানানো, নিউজ লিখার কী দরকার? বলে দে, এ্যাড দেখে আসুন।""",মৌলভীবাজার,Sylhet,
বাংলাদেশ ক্রিকেট টিম ভারতে না যাওয়াই কি তাদের অপরাধ?,Dhaka,,
দেশে আনার ব্যবস্থা করতে হবে তাড়াতাড়ি,Chittagong,,
কোথায়ও কেও নেই,Dhaka,Rajbari,
থেরাপি দেয়া হোক.!,Dhaka,Mymensingh,Jamalpur
আলহামদুলিল্লাহ,Chittagong,,
আওয়ামী লীগ ভারত গ্রেফতার হবে? এটা মিছা কথা।,Dhaka,,
লে হালুয়া,Dhaka,,
ধরা দিয়েছে দেশে আসার জন্য,Dhaka,Mymensingh,
নাটক,Dhaka,,
এবার এদের দেশে ফিরিয়ে পুনরায় চাঙ্গা করা হবে,ঢাকা,,
"""বিগত ১৬ বছরে আওয়ামী লীগের অত্যাচারে বিএনপির সাধারণ সমর্থক, নেতা কর্মী ও তাদের পরিবার অনেক কষ্ট করেছে। এমনকি বিএনপি জাসাস যুবদ…""",Dhaka,,
দ্রুত দেশে পাঠিয়ে দেওয়া হোক,Dhaka,,
প্রধানমন্ত্রী শেখ হাসিনা এই ব্যাপারে দ্রুত পদক্ষেপ নিবেন। ঐ পুলিশ সদস্যদের খাগড়াছড়ি রাঙ্গামাটি বদলি করা হবে।,Dhaka,Narayanganj,
বহুত লবা ফালাইছে।,Jamalpur,,
লে হালুয়া,Dhaka,,
সাবাস,Dhaka,Narsingdi,
"""এটা মিথ্যা খবর,,""",Dhaka,,
এটা আবার কোন নাটক,Dhaka,Barisal,Patuakhali
না জানি কোন আকাম-কুকাম করছে,Dhaka,Gazipur,Tangail
হাস্যকর কলকাতা যাদের মামার বাড়ি তারা আবার গ্রেফতার হয়,Dhaka,Kurigram,
Please send them to Bangladesh with guard of honour. Kallu with recieve them with garlands....,Dhaka,,
What a drama!!!,Dhaka,,
Pida halago....,Dhaka,,
এত সেইফ ছিল। এখন দেখা যাবে ?,Chittagong,Comilla,
কলিকাতায় ও শুরু করেছে গ্রেপ্তার।,Dhaka,Chittagong,
কি আইলো,Sylhet,,
চমৎকার নিউজ,Dhaka,Gazipur,
এখন তো মাএ শুরু খেলা খালি দেখবা যত স্বার্থ ছিল তোত আওয়ামী লীগ কে ব্যবহার করছে এখন আওয়ামী লীগ খমতায় নাই এখন আর আওয়ামী লী…,Dhaka,,
"""বর্তমান মান সরকার কে তেল মারতেই হইতো,আওয়ামিলীগ এর কর্মিদের গ্রেপতার করছে।কতো বরো বেইমান এই ভারত দেখেন।""",Dhaka,,
এরা বাংলাদেশী হলেও এরা মূলত ইন্ডিয়ান,Dhaka,Chittagong,Bhola
হাদির খুনিদের ধরে ফেরত দে,Dhaka,,
চুদলিংপং,Dhaka,Narsingdi,Brahmanbaria
মোহাম্মদ মনির হোসাইন সব দিকে অন্ধকার,Dhaka,,
আজম মোল্লা আবার কোথাকার কিসের শিল্পী?,Dhaka,,
সবাই ধোকাবাজ,Dhaka,Pabna,
"""তাদেরকে """"র"""" এর ট্রেনিং দিয়ে দেন""",ঢাকা,সুনামগঞ্জ,
বাংলাদেশ শিল্পকলা একাডেমিতে বাউল দলে কিছু ভন্ড আছে ওই ভন্ডদের কে আইনের আওতায় আনতে হবে,Lalmonirhat,,
কলকাতা ও যদি জায়গা না হয় তো কই যাবে,Dhaka,Gazipur,
ভারত এখন তাদের গ্রেফতার করে বাংলাদেশে পাঠাবে আর ভারতের দালাল তারেক জিয়া তাদেরকে বাংলাদেশ মুক্ত করবে এটাই হচ্ছে plan,Dhaka,Rangpur,
ভালো সংবাদেই কেন সবথেকে বেশি মানুষ হা হা দেয়! বুঝিনা ব্যাপারটা,Dhaka,,
দুই পর দেখবো মুক্তিযোদ্ধার লিস্টে হেতার নাম,Dhaka,,
কোনকিছু পরার আগেই শুধু উনার ফেইস দেখে হা হা রিয়েক্ট দিয়ে দেওয়ার যে বেপারটা,Sylhet,,
এরে দেখলে হাসি পায় ক্যান?,Dhaka,,
------- যোগ্যতা বিষয় না …,Dhaka,Mymensingh,
এক ধাক্কায় এতদুর,পাবনা,Dhaka,Rangpur
সে যুদ্ধের সময় তার বাবার পেটে লিকুইড ফর্মে ছিলো। তাই তাকে একজন লিকুইড মুক্তিযুদ্ধা বলা যায়।,Chittagong,Brahmanbaria,
মানুষ এত পরিমাণ হাসি কেমনে হাসতে পারে,Chittagong,,
আমি জানিনা কেন জানি এই পোস্ট দেখার পর অটোমেটিক মুখে হাসি চলে আসছে,Dhaka,,
জুলাই যুদ্বে কি ভেসে এসেছে?,Chittagong,,
যাইহোক এই মন্ত্রণালয়ে কেও ঘেরাও দিতো না,Dhaka,,
"""সময়মত সংসদে পৌছাতে না পারা ছেলেটাও এখন মন্ত্রনালয় চালাবে, ভাবা যায়""",নীলফামারী,Dhaka,Nilphamari
সেরা,Dhaka,,
ও কি মন্ত্রী হওয়ার যোগ্য?,Sylhet,Habiganj,
সবাই এত খুশি হইছে যে সবাই হা হা করতেছে,Dhaka,Barisal,
এক ঠ্যালায় এতো দূর,Barisal,Pirojpur,
ঘেরাও বিষয়ক মন্ত্রী,Dhaka,,
"""যায়গামত দিছে বিম্পি সঠিক যায়গা সঠিক মাল, এবার মুক্তিযুদ্ধ নতুন ভাবে লিখা হবে""",Dhaka,Mymensingh,
ফুলের তোড়া দিতে আর ধাক্কা ধাক্কির প্রয়োজন নেই!,Dhaka,Sylhet,
দেশের হোগাম্রা শেষ...,Dhaka,,
প্রথমে চোখ পড়তেই প্রতিবন্ধী পড়ে ফেলছিলাম,Chittagong,,
Ai halare muktijuddhobisoyok dilo kon akkel e .onno montri hisebe dile mana jaito . advocate fazlur saheb k dile valo hoito:) …,Dhaka,Munshiganj,
ওনি কি মুক্তিযোদ্ধা। যখন কেউ না থাকবে তখন অন্য কথা।,Dhaka,Gazipur,
"""তো আরকি, এইবার বীর মুক্তিযোদ্ধা ইশরাকের নতুন দিগন্ত শুরু হবে। মুক্তিযুদ্ধ সম্পর্কে নতুন নতুন ইতিহাস প্রনায়ন করবে। এমনিতেই ইতি…""",Dhaka,Chittagong,Gazipur
অথচ বীর মুক্তিযোদ্ধা ফজলুর রহমান কে দিতে পারতো,Dhaka,,
সে যুদ্ধে গেছিল আমি তার সহযোদ্ধা ছিলাম গুলিতে তার বুকটা ছারখার হয়ে গেছিল এটা নিয়ে বিরোধ করলে রাজুতে ডাক দিব,Dhaka,,
সে তো সে সময় বাচ্চা ছিল। অবশ্যই এখানে বিএনপি'র এডভোকেট ফজলুর রহমানকে আনা উচিত,Dhaka,,
নিশ্চয়ই কেয়ামতের আগে অযোগ্য মানুষ বড় বড় সিংহাসনে বসবে। এতে হতাশ হওয়ার কিছুই নেই ভাই।,Dhaka,,
এরে দেখলে ক্যান জানি চাপড়াইতে মন চায়,Dhaka,,
"""tar mane betay kono kamera na, eda BNP o bujhche!""",Dhaka,,
জার জন্ন যুদ্ধের পরে সে আবার মুক্তিযুদ্ধ বিষয়ক হয় কেমনে,Dhaka,,
ভাই এর নামটা মুক্তিযোদ্ধা লিস্টে দেওয়া যায় না,Dhaka,,
ইয়ে আব কনসি চিরিয়া কা নাম হে বেটা ?,Dhaka,,
আর মানুষ পাইলো না,Dhaka,Kishoreganj,
Oke sweeper banano hok,Dhaka,,
আহ কি খুশিরে,Chittagong,,
@আল্লাহ সর্বশক্তিমান:তান্ত্রিক ওমর ফারুক কবিরাজ যে কোন সমস্যা থাকলে বল তত ইনশাল্লাহ স্বামী স্ত্রী অমিল প্রেম ভালোবাসা ব্যর্…,Dhaka,,
"""ইউজার অথবা মাস্টার একাউন্ট করতে যোগাযোগ করুন। সারা দেশে ৩০% কমিশনে মাস্টার এজেন্ট নিয়োগ, ১ টাকাও ইনবেস্ট করতে হবে না। …""",Dhaka,,
"""ভাগ্যভালো, চুমু শপি হয় নাই। …""",Dhaka,,
"""মেয়র হতে চেয়েছিলো, হয়ে গেলো প্রতিমন্ত্রী …""",Dhaka,Khulna,
I have a plan,Dhaka,,
কবে জানি নামের আগে বীর মুক্তিযোদ্ধা লাগায় দেয়,Narayanganj,,
Follo tu follo bak 100% garente,Dhaka,,
ইসরাক ভাই আমার বয়স ৩০ আমিও মুক্তিযুদ্ধ করছি ভাই আমাকে একটা ভাতা দেওয়ার ব্যবস্থা করিয়েন আমার পোলাপান জেনো কোডা পায়,Dhaka,,
যুদ্ধ নিয়ে সে কি বুঝে? তার কি তখন জন্ম হয়েছিল?!!!!!,Dhaka,,
ভাই ধাক্কা ধাক্কি আবার কবে করবেন?,Dhaka,,
গোয়া মারছে,Dhaka,Narsingdi,
Halr po ala,Chittagong,,
কিছু পর দেখবো ওর নাম মুক্তিযোদ্ধা লিস্টে সবার উপরে,Chittagong,Chandpur,
Klk dekben oni onar bap ma pola meya sob muktijoddha,Dhaka,Tangail,
Khaiya diche re muktijuddhare,বরিশাল,Barishal,Barisal
শেষ ধ্বংস,Dhaka,,
"""হা হা হা,,,,""",Chittagong,,
আলহামদুলিল্লাহ সুন্দরভাবে দেশ পরিচালনা করুন এটাই কাম্য,Dhaka,,
এই ও দেখা লাগলো বাঙালির,Dhaka,,
Nice pic,Dhaka,,
আচ্ছা কোন যুক্তিতে সে এই পদ পাইলো,Dhaka,,
ওরে ল্যাওড়া,Dhaka,,
ইতিহাসের বারোটা বাজিয়ে দিবে,Dhaka,Gazipur,Tangail
প্রতিমন্ত্রী কে প্রতিবন্ধী পরে পেলছি,Chittagong,,
কাম সারছে,Barisal,Bhola,
সবাই হাসে ক্যা,Dhaka,,
"""নিমডা দোজরাজ টেলমি, হারতাবুশ ক্রাকুইকিনইন বুমলাহ মহিনুজ্জুকু লো হাকুয়ে""",Dhaka,Rangpur,Bogura
খোকা পুত্র ইশরাক,Dhaka,Mymensingh,Sherpur
চলিতেসে সার্কাস,Sylhet,Moulvibazar,
প্রতিমন্ত্রী হিসেবে হেতের কাজ টা কি,Dhaka,Khulna,
হোগা মারা সারা,Dhaka,,
অভিনন্দন,Dhaka,Mymensingh,
আল্লাহরে এডা কি হইলো,Comilla,,
"""Bhai vlo korse, oy ar nogor daddyr jonno abedon k9rte parbo na""",Dhaka,Madaripur,
দেশের বারোটা বাজাইবে,Dhaka,,
"""হতে চাইলেন মেয়র, তাকে মন্ত্রী করা হয়েছে, এটা অন্যায়""",দিনাজপুর,,
আস্তাগফিরুল্লাহ!,Dhaka,,
স্বাধীনতার 53 বছর । দেশ প্রেমিক মুক্তিযোদ্ধারা দেশ চালানো দেশের মানুষের উচ্চ ও নিম্ন মান সেবা গুলো …,Narayanganj,,
একটা জিনিস বুজলাম না বিরোধীদলের কোনো এমপিকে মন্ত্রী পদে দেখলাম না,Dhaka,,
মুক্তিযুদ্ধ বিষয়ক মন্ত্রণালয় তো আগেই ছিল। এবার এটা জুলাই বিষয়ক মন্ত্রণালয় না বানায়!,Dhaka,,
আমি মনে হয় ইসরাক কে মুক্তি যুদ্ধ করতে দেখেছি আমার পাশেই ছিল,Dhaka,,
Masahallah,Dhaka,,
উনি তখন জন্মগ্রহণী করে নাই আর তাকে দিয়েছে মুক্তিযুদ্ধ বিষয়ক প্রতিমন্ত্রী । অন্য দপ্তর কি ছিল না?,Dhaka,Tangail,
কামার কে দিলো কুমারের কাজ,Dinajpur,,
কখন যে বলে বসে সেও মুক্তিযুদ্ধে কারন হাসিনা আমলে সম্ভব তাই,Dhaka,,
আমার পেইজটিতে আমন্ত্রণ রইলো,Noakhali,,
"""পজিটিভ রিপ্লাই (কারো খারাপ সময়ে কমেন্ট করার জন্য) খারাপ সময় শেষ হয়, শক্ত মানুষ শেষ হয় না।…""",Dhaka,,
যত দাড়ি টুপি লোক আছে সবাই হবে ৱাজাকাৱ জনাব ইশৱাক যখন মুক্তিযুদ্ধ মন্ত্ৰী,Dhaka,,
সবাই সাপোর্ট করবেন প্লিজ লাইক ফলো দিয়ে পাশে থাকবেন ধন্যবাদ সবাইকে,Dhaka,,
United States of Bagura,Dhaka,,
"""ভীড় ঠেলে যেই যুদ্ধ করে সামনে যায়,, এটা দেখার পরে তারেখ জিয়া মনে হয়, এরে এই পদ দেয়ার সিন্ধান্ত নিয়েছে""",Dhaka,,
ওরে বাটপার,Mymensingh,,
Fozu pagla k asha korchilam,Khulna,Magura,
স্বাধীনতার ৫৪ বছর পরে এই মন্ত্রণালয়ের কাজটা কি,Dhaka,,
কিন্তু ওয় শপথ নিসে জামাতের সাথে। যেই লোক জীবনের এত গুরুত্বপূর্ণ েও লেট করতে পারে সে মন্ত্রণালয়ে কি করবে? …,Dhaka,,
ফজলুর রহমান কি দোষ করলো?,ব্রাহ্মণবাড়িয়া,,
ইশরাক ভাইকে দেওয়া দরকার ছিলো ঘেরাও ও নিজে নিজে শপথ নেওয়া বিষয়ক মন্ত্রী,Dhaka,Madaripur,
কোন বলে বসে। সে নিজেই মুক্তিযোদ্ধা ।,Feni,,
কাম ছাড়ছে,Thakurgaon,,
হেতে মুক্তিযুদ্ধের কমান্ডার ছিলো,Chittagong,Noakhali,
ভাই আমারে সার্টিফিকেট দেওয়া যাবে টাকা দিবো ১০ হাজার।,Dhaka,,
একে তো তালা আর ঘেরাও বিষয়ক মন্ত্রী বানানো উচিত ছিল,Rajshahi,Dinajpur,
এখন বলবে আমি নেই যুদ্ধ ঘোষনা করলাম অন্য কোন দেশ লাগবে না,ঢাকা,Dhaka,Narayanganj
কি যে বিনোদন,নরসিংদী,Dhaka,Jamalpur
Des ta ses,Dhaka,,
মেয়রের আশাও শেষ,Dhaka,,
হাস্যকর,Dhaka,,
তাকে যেনো কোনো মিডিয়ার সামনে না আনা হয় কারণ তার কথা শুনলে আমার হাঁপানি উঠে। …,Dhaka,Kishoreganj,
মুক্তিযুদ্ধের সময়ের ২য় শিশু মুক্তিযোদ্ধা,Jessore,,
মান্নার ডায়লগ খুব মনে পরছে,Dhaka,,
হেঁ*ডা,ঢাকা,Dhaka,Chittagong
ইশরাক হোসেন কে প্রধান মন্ত্রী করার জোর দাবি জানাচ্ছি,Dhaka,Tangail,
যাক মেয়রের তো দামটা পায়নি এবার গোয়া মেরে দিবে নে,নরসিংদী,Dhaka,Narsingdi
sobay hahahaha disse kno?,Khulna,Bagerhat,
আহারে এইভাবেও দেশটাকে ধ্বংস করে দেয়,Dhaka,Madaripur,
"""ইশরাক ছেলেটা ভালো, তাকে আমি নিজে মুক্তিযুদ্ধ করতে দেখেছি""",Dhaka,,
এখন এদেরকে এখন মুখস্থ করা লাগবে কারন ভাইবা বোডে এদের কে নিয়ে প্রশ্ন করা হবে,Dhaka,,
ফজলুল রহমান পারফেক্ট ছিল,Dhaka,Gazipur,
হোগাই মারছে,বরিশাল,Barishal,
Congratulations,Dhaka,Gazipur,
দেয়া ও ভালোবাসা রইল ভাই,Dhaka,Manikganj,
তিনি কি ছিলেন মুক্তিযুদ্ধের সময়?,Dhaka,,
আমার আইডিটা ফলো করে দাও,Dhaka,,
এটা আসলে মানায়নি,Dhaka,,
যাত্রা শুভ হোক।,Dhaka,,
এইটা ফজলুর রহমানরে দেওয়া দরকার ছিল,Dhaka,,
ধন্যবাদ।।,Dhaka,,
হাসবো না কাদবো?? সবাই একটু বলে যান।,Dhaka,,
"""বাহের কোটায় মুক্তি যুদ্ধ মন্ত্রী, মুক্তিযোদ্ধা লিস্টে হেতার নাম জানি চলে আসে না আবার।""",Dhaka,,
উনি মুক্তিযোদ্ধা,Dhaka,,
অভিনন্দন জানাই আপনাকে।,Dhaka,,
আল্লাহই জানেন এখন আবার কোন ইতিহাস পড়তে হয়,Dhaka,,
অভিনন্দন,Dhaka,,
আসলে কি বলবো দুঃখের কথা। যে সমস্ত জায়গা যাদের দরকার সে সমস্ত জায়গায় তাদের দেওয়াদরকার।,Dhaka,,
Adv Fazlur Rahman k kora uchit chilo Muktijoddho bishoyok montri.,Dhaka,,
হা হার সংখ্যা এত বেশি কেন,Khulna,,
প্লিজ কেউ ফলো করে দেও,Dhaka,,
আসসালামুয়ালাইকুম আমার প্রিয় বন্ধুরা সবাই ফলো করে পাশে থাকবেন আমার ছোট পরিবারের,Dhaka,,
ভেঙে দেওয়া হলো অন্তর্বর্তী সরকার রাজনৈতিক অঙ্গনে নতুন মোড়—সরকারি সিদ্ধান্তের পর আনুষ্ঠানিকভাবে অন্তর্বর্তী সরকারের কার্যক্র…,Dhaka,,
ধন্যবাদ,Dhaka,,
ওনার চেহারা টা দেখলেই ঐযে ঠেলাঠেলি করেছিলো এটার কথা মনে পড়ে । ওনাকে প্রতিমন্ত্রী দিছে কারন উনি ঠেইললা যুদ্ধ করতে পারে তাই,Comilla,,
খুব সুন্দর সাজানো গোছানো,Dhaka,,
এগিয়ে যান ভাই,Dhaka,,
Manush kuje painai,Chattogram,Chittagong,Rajshahi
মাত্র ২০০ টাকা কেজি,Dhaka,,
ছোট আইডি সবাই একটু সাহায্য করবেন যেন বড় কিছু করতে পারি …,Dhaka,,
বাংলাদেশ জাতীয়তাবাদী সাইবার দল নাটোর জেলা শাখার পক্ষ থেকে প্রানঢালা শুভেচ্ছা ও অভিনন্দন শুভ কামনা অবিরাম …,নাটোর,Natore,
সবাই হাহাহা দিচ্ছে কেন,Dhaka,,
Kopal,Chittagong,,
মুক্তিযোদ্ধা সার্টিফিকেটটাও দিয়ে দেওয়া হোক,Dhaka,Barguna,
Oni Abar kon muktijota,Dhaka,,
ঘেরাও চলবে,Dhaka,,
উনি মুক্তিযুদ্ধের কি বুঝবে? বুঝলাম না। খেলা ধুলা তে দিলে ভালো হতো।,Dhaka,,
অসাধারণ!,Dhaka,,
নব্য আ.লীগের উত্তরাধিকার ভিত্তিক মুক্তিযুদ্ধার জন্ম হবে!,Dhaka,,
ধাক্কাধাক্কি বিষয়ক মন্ত্রী তে দেন,Khulna,,
এই ও দেখা লাগলো বাঙালির,Khulna,,
সেই পেটে থাকতে যুদ্ধ করছে এই বেডায় ভাবা যায়! এর লাইগাইতো এই মন্ত্রণালয় পাইছে,Barisal,,
সংসদে যেমন দেরি করে গেছে এদেশে কোনো যুদ্ধ লাগলে তার নির্দেশ যদি এমন দেরি করে দেয় তাহলে তো খেল খতম,Dhaka,,
একে মন্ত্রনালয়ে মানায় না একে মানাই জোর করে ক্ষমতা নেওয়ার আন্দোলনে,Dhaka,,
হেতেনের জন্ম শুক্কুরে শুক্কুরে আট সে মুক্তিযোদ্ধা মন্ত্রী হয় কেন কিভাবে?,Barisal,Chandpur,
জনাব ২০২৮ সাল পর্যন্ত ইনশাআল্লাহ,Dhaka,,
এ কি মন্ত্রী হবার যোগ্য?,বগুড়া,ময়মনসিংহ,Dhaka
মুক্তিযুদ্ধ কি উনি কি এটা জানে.?,Dhaka,,
এহন সবাই বইয়ে জিয়া পরিবারের মুক্তিযুদ্ধের ইতিহাস পড়বো,Dhaka,,
ঘেরাও করে মুক্তিযুদ্ধে সফল হয়েছিল বাংলাদেশ,Tangail,,
কাচা কাজ হয়েছে,সিলেট,Sylhet,Habiganj
ফজলু পাগলাম হয়ত ডায়রিয়া হয়েছে তাই...,সিলেট,Sylhet,
ক্রীড়া বিষয়ক মন্ত্রী উপমন্ত্রী দেয়নি শুকরিয়া।,Chittagong,,
ঠোটে লিপস্টিক কম হয়েছে আরএকটু হলে সুন্দর লাগতো,Dhaka,Gazipur,Sirajganj
"""বিগত ১৬ বছরে আওয়ামী লীগের অত্যাচারে বিএনপির সাধারণ সমর্থক, নেতা কর্মী ও তাদের পরিবার অনেক কষ্ট করেছে। এমনকি বিএনপি জাসাস যুবদ…""",Dhaka,,
Tar birodde j kico bolbe ee.. Akta rajakar,Narayanganj,,
বিষয়টা হচ্ছে কিছু না কিছু তো দিতেই হবে না হলে তো নিজে নিজেই বা মন্ত্রী হয়ে যাবে,Sylhet,,
লাগারে লাগা সোয়াবিন লাগা......,Dhaka,,
এখন হালা হুমন্দি সব হয়ে যাবে মুক্তিযোদ্ধা,Dhaka,Chittagong,Noakhali
"""মাথায় গিলু,ই পদে এর থাইকা ফজা পাগলাই ভালো ছিল""",Sylhet,Habiganj,
ফজু পাগল কে দিলো না কে,Dhaka,,
মুক্তিযোদ্ধা ইশরাক হোসেন,Dhaka,Narsingdi,
ব্রেইন ছাড়া ইশরাক,Sylhet,,
ভাবছিলাম বিএনপি ২ বছর টিকবে এখন দেখি ১ বছর ও পারবে না,Dhaka,,
বাবার মুক্তিযুদ্ধের কোটায় ছেলে নিয়োগ।,Dhaka,Barisal,
স্যালুট বীর মুক্তিযোদ্ধা ইশরাক হোসেন কে,Dhaka,,
শুভ বুধবার। …,Chittagong,Chandpur,
গেয়ি ভ্যাস তেল লেনে,Dinajpur,,
নগর ড্যাডি বিষয়ক মন্ত্রনালয় দিলে ভাল হবে,বরিশাল,Dhaka,Barisal
Akhon r dhakka dhakki korte hbe nahh.....amni seat raikha dbe,Mymensingh,Sherpur,
বীর মুক্তিযোদ্ধা ইশরাক ভাই,Dhaka,Tangail,
এই পোস্ট দেখার পর জিবন যুদ্ধেই হেরে গেলাম,Dhaka,Sylhet,Gazipur
নতুন চেতনা লোডিং....,Dhaka,,
ধাক্কাধাক্কি মন্ত্রি দিলে ভাল হইত,Dhaka,,
আহ্,Dhaka,Kishoreganj,
জনতার মুক্তিযোদ্ধা,Dhaka,,
উস্তাদ,Chittagong,Chandpur,
ধাক্কায় কাজ হয়েছে,Khulna,,
নগর ডেন্ডি,Chittagong,,
Fojlur rohman ke banano drkar chilo,Dhaka,Barisal,
মালঞ্চি,Dhaka,Jamalpur,
যারা মুক্তিযোদ্ধা তাদের কে মুক্তিযোদ্ধা বিষয়ক মন্ত্রী না দিয়ে শিশু কে দেই,Dhaka,,
অভিনন্দন আমাদের গর্ব বাংলাদেশের মাটি মানুষের নেতা শুভকামনা রইল,Jamalpur,,
তারেক রহমান জামাতের আমিরকে মন্ত্রী বানাবেন আর জামাতের আমি এর সাথে তা....See,Mymensingh,,
"""হইছে, এইবার পুরাদমে স্বাধীনতার চেতনা পাইকারী হারে বিক্রি হবে।""",Dhaka,,
সমস্যা নাই ভাই। পুরো পৃথিবী আপনার বিপক্ষে থাকলেও আমি পৃথিবীর পক্ষে।,Dhaka,Kishoreganj,
"""হইতে চাইছিলাম মেয়র, বানাইলেন প্রতিমন্ত্রী।""",Tangail,,
পাগলারে দিছে আরো চেতাইয়া,Chittagong,Lakshmipur,
Onake amar protimonti dile valo hoy.,Dhaka,Barisal,Bhola
মুক্তিযুদ্ধ বিষয়ে ইশরাক কী জানে? ওর বয়স কত? বিএনপি নাকি স্বাধীনতার দল? একজন মুক্তি যোদ্ধা নেই এই মন্ত্রণালয়ের জন্য???,Chittagong,,
মুক্তিযুদ্ধ মানেই জাতির ড্যাডি বঙ্গবলটু আর নগর ড্যাডি ইশরাক,Dhaka,,
Muktijuddho bishoyok montri Thela-theli bishoyok montri️,Sylhet,Sunamganj,
আরো বেশি করে ভোট দেও বাঙালি জাতি,Dhaka,Narsingdi,
সামলাতে পারবে গায়ের জোর আসে না,Panchagarh,,
মেথর,Chittagong,Sylhet,
ওর জন্য এটা অতিরিক্ত হয়ে গেছে!,Dhaka,,
How,Dhaka,Netrokona,
সাওয়া মন্এী,Chittagong,Comilla,
"""দুঃখের বিষয় হচ্ছে তার বাবার সাথে যে রাজনীতি করেছে সে কিন্তু মন্ত্রীর মর্যাদা পেল না, বাংলাদেশে ছয়বার এমপি জয়নাল আবদীন ফারু…""",Chittagong,Noakhali,
ভাই তার আব্বা যুদ্ধ করছে নি আমার কাছে সন্দেহ হয়,Dhaka,,
আরে তোমরা তো জানোই না আমি আর ও এক সাথে যুদ্ধের মালামাল সরবরাহ করছি।,Dhaka,,
একদম ঠিক আছে,Dhaka,,
"""মন্ত্রণালয় যদি না দিত, তিনি পাঁচ ে সংসদ ঘেরাও কর্মসূচি দিয়ে নিজে নিজেই মন্ত্রীর শপথ পড়ে ফেলতেন!""",Dhaka,Chittagong,Gopalganj
দেশটা চাঁন্দের দেশে চলে গেছে মনে করেন আর কিছু বাকি নাই।,Dhaka,Barisal,Pirojpur
বয়স কম,Chittagong,,
এই দেশ তাইলে শেস কটি মানুষের প্রান চলে গেলেও এই দেশ কখোনো ঠিক হবে না,Dhaka,Noakhali,
সুধু মন্ত্রী পদ দিলে হবে না ঠেলাঠেলি জন্য ওকে নোবেল দিতে হবে তারেক ভাই,Dhaka,,
মেয়র সাহেব,Feni,,
কামড়াকামড়ি করে সমনে এগিয়ে যাবে,Dhaka,,
ইতা মুক্তযুদ্ধের ইতিহাসও জানে না।তারে একটা GK বই গিফ্ট করতে চাই,চট্টগ্রাম,কক্সবাজার,Chittagong
কেমনে কি? সে কি মুক্তি যুদ্ধ বিয়ষ কিছু বুঝে।,Chittagong,Bandarban,Cox's Bazar
আর জাকে ধর্ম মন্ত্রী করা হয়েছে তার সর্বোচ্চ শিক্ষাগত যোগ্যতা SSC সব আমাদের হাতের কামাই,Dhaka,,
Rifat Hossain Rahat Rayhan Islam ei dek hala baji dhorsili nh,Dhaka,Patuakhali,
খেলার সময় বাচ্চাদের দুধভাত করে রাখার যে ব্যাপারটা,Dhaka,Gazipur,
Keno?,Dhaka,Khulna,Jessore
Ekhon oi bolbe tarek rahaman ow juddo korse,Cumilla,Comilla,
দেশটার হোগামারা কমপ্লিট,Dhaka,,
hagar montri.khusir thelay haha astase,Narayanganj,,
সংবিধান অনুযায়ী বাংলাদেশের ১৩তম জাতীয় সংসদ নির্বাচনের যেহেতু কোনো বৈধতা নেই অর্থাৎ ২০২৬ সালের জাতীয় সংসদ নির্বাচন অবৈধ সুতরাং …,Dhaka,,
"""ভাগ্য ভালো দলের সিদ্ধান্তে হয়েছেন, নয়তো নিজে নিজেই মন্ত্রিত্বের শপথ নিতেন.!""",Gazipur,,
হয়চে না ইয়াং বেডা রে কি দিসে,Dhaka,Mymensingh,
Ai bar juddho lagboi,Dhaka,Barisal,Bhola
ঘেরাও কমিটির প্রধান,Dhaka,,
এসব কিয়া দেখতাহে,Dhaka,,
মুরগি যুদ্ধা,Comilla,,
আস্তা একটা ভ'কলম,Dhaka,,
যার নাই মেয়র এর কাজ সম্পর্কে ধারনা আজ সে মন্ত্রণালয় চালাইবো,Dhaka,,
জোকার,Dhaka,Mymensingh,
রিমিনি এডিট,Barisal,,
Ei halare keno jeno amr kache neshakhor mone hoy,Chittagong,Chandpur,
Ore dekhle hashi ahe Amar,Dhaka,,
মুক্তিযুদ্ধের চেতনায় এখন আর ঘুমানো যাবেনা,Rajshahi,,
নয়ন রে দৌড়া দৌড়ি মন্ত্রী বানানো হোক,Dhaka,,
1987 সালে জন্ম হওয়া মানুষটা 71 এর মুক্তিযুদ্ধের কি বুঝবে বুঝে আসেনা।,Dhaka,,
শেষ,Dhaka,,
একেবারে জায়গা মত দিছে তার মতো যোদ্ধা একটাও নাই বি এন পি তে কয় আগেও হেতারে দেখলাম যুদ্ধ করতে শহিদ মিনারে,Bagerhat,,
ঘেরাও উপদেষ্টা ।,Dhaka,Faridpur,
বয়স হয় নাই ৪০ দিয়া দিছে মুক্তিযোদ্ধা বিষয়ক হো***সারা আকাশ ভরা তারা..!,Dhaka,,
"""২য় পলক ।হোগামা,,,,,,,,রা সারা""",Chittagong,Barisal,
Chor rey churi korar pod disey,Dhaka,Tangail,
আলহামদুলিল্লাহ। মুক্তিযুদ্ধের স্বপক্ষের লোক।,ঢাকা,Dhaka,
Gaja kheye pod dise mone hocche,Dhaka,Cox's Bazar,
"""কিছু পর হবে """"বীর মুক্তিযোদ্ধা ইসরাক হোসেন """"""",Dhaka,,
আমার মনে হয় তার জন্ম আগে যুদ্ধ হয়েছে,লালমনিরহাট,Lalmonirhat,
"""ঠেলঠেলি যোদ্ধা,,,""",Dhaka,Rangpur,
Kon sector লড়ায় করচে সে শেখ হাসিনা তো বলতো বি এন পি কে রাজাকার,Dhaka,,
২ বছর ও টিকবে নাকি সন্দেহ,Dhaka,,
আচ্ছা এ মন্ত্রনালয়ের কাজ কি?,Khulna,,
প্রধানমন্ত্রী - লন্ডন | স্বরাষ্ট্র - ভারত | পররাষ্ট্র - আমেরিকা |…,Dhaka,,
"""কয়েক পরে মনে হয় নতুন করে মিডিয়া প্রকাশ করবে, বীর মুক্তিযোদ্ধা """"ইশরাক হোসেন """"""",Dhaka,,
না ঠিক ই আছে সব জায়গায় তো যুদ্ধ ই করে হালায়,Chittagong,,
সবারই খাওয়ার অধিকার আছে। বেচারাকে দেওয়ার জায়গা ছিল না তাই সেখানে দেওয়া হয়েছে,Dhaka,,
এই পুষ্ট দেখার পর আধা হাসছি,Sylhet,,
ওওমাকালো,Dhaka,,
শেষ যুদ্ধ টা রে ও খাইয়া দিবে,Dhaka,Kishoreganj,
ওর দাদা দেখেছে মুক্তিযুদ্ধ? ওকে দিছে মুক্তিযুদ্ধ মন্ত্রনালয় এর দায়িত্ব,Dhaka,,
মুক্তিযোদ্ধার হোগামারা সারা,Khulna,Bagerhat,
Or vhason er speech sunle jei freedom fighters ra becha ase shock kheye more jba,Dhaka,,
"""কয় পরে সেও জাতির কাছে বলবে, সেও ৭১ রে যুদ্ধ করেছে""",ময়মনসিংহ,Dhaka,Mymensingh
খেলা হবে নিরাপদে,Rangpur,,
nogor daddy,Rajshahi,,
এই কি মুক্তিযোদ্ধা? না,Dhaka,Naogaon,
Does he know anything about liberation war????!,Dhaka,,
"""ও মুক্তিযুদ্ধের সময় জন্মেছিলো,???""",Dhaka,,
শান্তি চুক্তির পুরো পুরী ওলঙন করছে বিএমপি,Dhaka,,
নতুন ভাবে নাতি পুত্রের সৃষ্টি হবে,Chittagong,Rajshahi,
কাউকে খাওন থেকে দূরে রাখা যাবে না,Dhaka,,
রাম পাঠা,Dhaka,,
মেয়র হতে পারে না এখন এক ঠেলায় থাকবো মন্ত্রী জয় বাংলা খেলা হবে রাজপথে।,Dhaka,Chandpur,
কারে কি দিছে রে ভাই,Narayanganj,,
কিন্তু ইশরাক শপথ ই তো নিলো রাজাকার দের সাথে।,Tangail,,
১৯৭১ সালে জিয়াউর রহমানের সাথে থেকে মুক্তিযুদ্ধ করছে কমান্ডো ইসরাক হোসেন,Dhaka,,
"""বাবার নাম টা ডুবাইলো,,""",Dhaka,Khulna,Satkhira
দুইজন বীরশ্রেষ্ঠদের নাম জানে কি না সন্দেহ,Khulna,,
অথচ প্রশ্ন করেন ৭ জন বীরশ্রেষ্ঠের নাম কি তার উত্তর কি দেয় দেখেন৷,Dhaka,,
মানে কোনোরকম একটা পতাকাবাহী গাড়ী পেলেই হলো!,Dhaka,Kishoreganj,
এবারে এই মন্ত্রনালয় হবে হজবরল,Barisal,,
"""কমেন্ট পড়ার অভ্যাস টা ছাড়তে পারলাম না, এমন ভাবে কমেন্ট পড়ছি যেন কমেন্ট পরীক্ষায় আসবে""",Dhaka,,
৭১ সালের সেক্টর কমান্ডার ছিল মনে হয়।,Chittagong,Lakshmipur,
এটা হওয়ার কথা ছিল ভাগ্য ভাল হলে সে তার নাম মুক্তিযুদ্ধের কোনো এক সেক্টরে লিখে নিবে,Chittagong,,
ঠ্যালার জোর আছে মানতে হবে,Dhaka,,
নগর ড্যান্ডি এইবার স্বাধীনতার বারোটা বাজাবে,Dhaka,Rangpur,
যোগ্যতা কোন বিষয় নয় দলের ভিতরে সব মন্ত্রী রাখতে হবে,Chandpur,,
অভিনন্দন,Dhaka,,
চেতনা,Dhaka,Chittagong,Lakshmipur
লেদা পোলারে দিছে কি এটা,Dhaka,,
অনুষ্ঠানে ধাক্কাধাক্কি নিয়ন্ত্রণ বিষয়ক মন্ত্রী দিলে নিজেই কিছুটা সংশোধন হতো আর কি।,Chittagong,,
ALHAMDULILLAH BLESS YOU DEAR UNCLE,Dhaka,,
এখানে ফজলুর হলকে দিলে ভালো হত,Dhaka,,
মুক্তি যুদ্ধ ভাতা পাবে বহু দলীয় মুক্তি যুদ্ধা।,Dhaka,Chittagong,
২৪ বছরের ছেলেরা এবার ভাতা নিবে,Dhaka,Dinajpur,
মাননীয় মন্ত্রী মহোদয় লীগ সরকারের আমলে দেওয়া ভুয়া মুক্তি যোদ্ধাদের সনদ বাতিল করবেন কি?,Comilla,,
এটা কোন কথা অনেকের পদ গুলো তাদের ক্যারেক্টার এর সাথে যায় না যেমন সালকুম একজন আর একজন ইনি কোনো কথা এটা,Dhaka,,
ইনকাম শুরু,Dhaka,,
বয়স কি হয়ছে তার মুক্তিযুদ্ধ বিষয়ক প্রতিমন্ত্রী দিসে??,Dhaka,Mymensingh,
এখন সে বলবে যুদ্ধের ঘোষণা আমি দিছিলাম …,Dhaka,Gazipur,
ফজু কই,সুনামগঞ্জ,Dhaka,Sunamganj
সবাই দেকে জান,Dhaka,,
জয় বাংলা,মানিকগঞ্জ,Dhaka,
পাদ হাগু বিষয়ক মন্ত্রনালয় দিলে ভালো হতো,Dhaka,,
ফি আমানিল্লাহ্,Dhaka,,
Asif mahmud er khobor ase,Dhaka,,
ওকে নিজে নিজেই ঘোষণা দিয়ে দিল। না এই অভ্যস্ত তারা আছে।,Dhaka,,
"""“ফলো মানে নতুন সম্পর্কের শুরু, আর কমেন্ট মানে সেই সম্পর্ককে সুন্দরভাবে ধরে রাখা।…""",Dhaka,,
হাসুন প্রাণ খুলে,Dhaka,,
এতে মুক্তি যোদ্ধার কী বুঝে!!,Dhaka,Comilla,
Bangladesh is planning to go back 50 yrs..,Dhaka,,
ইশরাক ভাইকে এই মুহুর্তে শিশু বিষয়ক মন্ত্রনালয়ের দায়িত্ব দিলে ভালো হত।,Dhaka,Faridpur,Rajbari
গেরাও বিষয়ক প্রতিমন্ত্রী হলে ঠিক আছে,Comilla,,
তালা বাবা।,Brahmanbaria,,
এর বয়স কতো জানি,Chittagong,,
"""কাম সারছে মন্ত্রণালয় আর মন্ত্রণালয় থাকবে না, হবে হজবরল""",Dhaka,,
খতম টা টা বাই বাই,Dhaka,Bagerhat,
যেখানে মুক্তি যুদ্ধের ক টাও বুঝে না,Panchagarh,,
এবার কি আরো মুক্তিযোদ্ধা বাড়বে?,Rangpur,Dinajpur,
ঠেলাঠেলি বিষয়ক মন্ত্রী,Dhaka,,
শিশু মুক্তিযুদ্ধা,সিলেট,Dhaka,Sylhet
"""Vai, hasar ki hoylo bujlam na , badar ki rop nai , na Gon nai.bujlam na""",Dhaka,,
হে মুক্তিযুদ্ধের কিতা বুঝে,সিলেট,Sylhet,Sunamganj
ওর বয়স কত,Chittagong,,
"""নিজের চ্যানেল বলে কথা, সব কিছু অ্যাডভান্স লেখে দেওয়া যায়,""",Dhaka,Chandpur,
হাসি পায়,শরীয়তপুর,Dhaka,Shariatpur
এতো হাহাহা রিয়েক্ট কেন..?,Dhaka,Jamalpur,
Faaaahhhh,Dhaka,,
crickete thaka ta bhalo,Dhaka,,
what the heeellllll,Dhaka,,
পৌতৃক কোটা,Feni,,
ডাইপার,সিলেট,Sylhet,
ইশরাক জন্মের আগে কি কখনো মুক্তিযুদ্ধ দেখছে?,Dhaka,,
এই কি মন্ত্রনালয় চালাতে পারবে?,Chittagong,,
ok,Dhaka,,
দুই পর দেখবো মুক্তিযোদ্ধার লিস্টে হেতার নাম হেতে মুক্তিযুদ্ধ বিষয়ক পুরস্কার পাইবো,Comilla,,
মেতর,Dhaka,Chittagong,
হালা,Dhaka,,
উনি না মেথর স্যারি মেথর হবে,Dhaka,,
এবার কাকে ঘেরাও দিবে?,Dhaka,Rajshahi,
যাইহোক এই মন্ত্রণালয়ের কেও ঘেরাও দিতো না তিনি,Rajshahi,,
অযোগ্য লোকজন কে এই সব কাজ দিচ্ছে কেনো,Chittagong,Lakshmipur,
হাদা মোখ মাফি,Sylhet,,
তার জন্ম ১৮০০ সালে সেজন্য সে মুক্তিযুদ্ধ বিষয়ক মন্ত্রী,Lalmonirhat,,
Joker of the ministry,Dhaka,Pabna,
এইবার অরজিনাল মুক্তিযুদ্ধা দের খবর আছে,ঢাকা,Dhaka,Munshiganj
মুক্তিযুদ্ধের ***,Dhaka,Sirajganj,
হো*-/গা মারছে,Dhaka,,
এইসব রাজাকারকে কী সব দায়িত্ব দেওয়া হইছে মুক্তিযুদ্ধ কী সে কী তা বোঝে,রাজশাহী,Rajshahi,
কাদেরের হোগামারা সারা,Dhaka,Bagerhat,
ঠেলা ঠেলি যুদ্দা,Chittagong,,
সার্কাস,Habiganj,,
"""কুছ ভি,,,,""",Feni,,
তখন তো ওর জন্মই হয়নি ও মুক্তি যুদ্ধের কি বুঝবে ? আর মুক্তি যুদ্ধ বিষয়ক মন্ত্রণালয়ের কি দরকার বুঝি না ?,Dhaka,Meherpur,
me,Dhaka,,
এবার মুক্তি যোদ্ধার সংখ্যা বাড়বে,Dhaka,,
দেশের হোগা মারা শেষ,Dhaka,,
কেন ওর ঘেরাও বিষয়ক মন্ত্রিত্ব কই???,Dhaka,,
তিনশো কোটি লোডিং,Dhaka,,
চেতনা,Dhaka,Munshiganj,
জনতার মেথর এখন চেতনা বেঁচে খাবে।,Khulna,Jessore,
এই লোক মুক্তিযুদ্ধের চেতনা ভালো বিক্রি করতে পারে তাই উনাকে মুক্তিযুদ্ধ বিষয়ক প্রতিরক্ষা মন্ত্রী করা হয়েছে।,Narayanganj,Comilla,
বেশি মানুষ হা হা দেয় কেন !! বুঝিনা ব্যাপারটা,Chittagong,,
Best wishes,Dhaka,Chittagong,Noakhali
এখন থেকে ঘেরাও কর্মসূচি মিস করব,Dhaka,Kushtia,
বাচ্চা পোলা মুক্তিযুদ্ধের কী বোঝে!!,Dhaka,,
Chudse* re,Sylhet,,
শুভ কামনা রইল,Dhaka,,
অভিনন্দন,Bagerhat,,
হেতে কি মুক্তিযুদ্ধ করছিল নাকি,Chittagong,,
oi babi,Dhaka,,
কানা হায়দার,Barisal,,
ঘেরাউ মন্ত্রী করলে সব থেকে ভালো হইতো,Dhaka,Barisal,
Md Sarour Hossain Mahi Md. Forhad Hossain,Rajshahi,,
দুই পর দেখবে জাতি মুক্তিযোদ্ধার লিস্টে হেতার নাম,Dhaka,,
এলকোহল বিষয়ক,Dhaka,,
বাপের নাম কি করে ডুবাতে হয় তা ইশরাক থেকে শিখে নেন সবাই।,Dhaka,,
Hahaha,Dhaka,Khulna,
"""আবার দেশে যুদ্ধ হোক,,আমাদের মুক্তিযুদ্ধা হতে হবে""",Dhaka,,
বিপ বিপ,Dhaka,Sirajganj,
"""এখন থেকে জামাতের নতুন নতুন রাজকারদের নাম শুনতে পাবে জাতি,,১৯৯৬ সালে যারা জন্ম হয়ছে,২০১৬ সালে যারা হয়ছে তাদের নাম ও চলে আসতে প…""",Dhaka,,
ঠেলাঠেলি মন্ত্রীত্ব পেলে খারাপ হতোনা,Dhaka,Faridpur,
আওয়ামী লীগ এর আমলে মেয়র গতে পারে না এখন প্রতিমন্ত্রী,Dhaka,Kishoreganj,
ফজলুর রহমান উনি কই,Dhaka,Faridpur,
দেশের হো+গা মারা শেষ,Dhaka,Barisal,
Chota vim,Dhaka,Rangpur,
আমার মনে হয় পাতি মন্ত্রী..,Cox's Bazar,,
হেয় মুক্তি যোদ্ধার কি জানে?,Dhaka,,
Nice,Dhaka,,
হাসালো রে,Dhaka,Chittagong,Noakhali
দেশের সাংগামারা সারা,Natore,,
বা বা বা বাহ্! যতো যাচ্ছে শুধু সারপ্রাইজড আর সারপ্রাইজড,Dhaka,Rajbari,Pabna
বাঁদরের গলায় মুক্তার মালা,Narayanganj,,
রেন্ডিয়ান প্রদেশ হতে যাচ্ছে এই দেশ। দেশের আকাম শারা।,Dhaka,Chittagong,
Metro Rail baica gese..,ঢাকা,Dhaka,Barisal
হাস্যকর,Dhaka,,
দেখা যাচ্ছে দুই পর উত্তর সিটির মেয়র দাবি করার মতো করে নিজেরেও মুক্তিযোদ্ধা দাবি করে বসছে জনতার মেথর মহোদয়,Dhaka,Jhenaidah,
লে চোদন,Chittagong,Noakhali,
"""নতুন কিছু শিখলাম,,,,, এবং দেখলাম ছাগল দিয়েও হাল চাষ করানো যায়,,,,""",Dhaka,Barisal,
এই মাধ্যমেই বি এন পি বুঝিয়ে দিলো যে তারা 71 এ মুক্তিযুদ্ধকে দুচে না,Dhaka,Gazipur,
Redwan Ahmed,Dhaka,Sirajganj,
ও যুদ্ধ করতে করতে মন্ত্রী হয়ে গেলো,Dhaka,Narsingdi,
আল্লাহ তাঁকে সবই দিছে শুধু ব্রেইনটা ছাড়া।,Chittagong,Sylhet,
ঝাড়ু আর ব্যাট পেলো না,Dhaka,,
হোগামারা সারা,Dhaka,,
400কোটির মন্ত্রী,Dhaka,Rangpur,Nilphamari
ঢাকা সিটির কি হবে?সিটির জনগণ ত তাদের নগর ডেডি কে হাড়িয়ে ফেলেছে,চট্টগ্রাম,Chattogram,Chittagong
Take history porte bolen abar,Dhaka,,
Cdsere ছলিম,ঢাকা,Dhaka,Chittagong
ধৈর্য মধুর চেয়ে মিষ্টি এটা প্রমাণ আজকে কোকা সাহেব এর জমিদার পুত্র চেয়েছে ঢাকা সিটির মেয়র হবে। কিন্তু জমিদার পুত্র ধৈর্য ধরার ক…,Dhaka,,
মুক্তি যুদ্ধ কত সালে হয় জানে?,Dhaka,Feni,
নগর ডেডি,Dhaka,Gazipur,
ফজু পাগলা কই?,Mymensingh,Sherpur,
একটা বেয়াদব,Dhaka,,
প্রতিমন্ত্রী ঠেলাঠেলি মন্ত্রী,Dhaka,Barisal,
ফজু চাচাকে দেওয়া দরকার ছিলো।।।,Rangpur,,
সেরা,Dhaka,,
কমান্ড,Dhaka,,
মুক্তিযুদ্ধাকে দেওয়া উচিত ছিল,Dhaka,,
যার নেতৃত্বে ধানমন্ডি ৩২ বুলডোজার দিয়ে ভাঙ্গা হয়েছে তাকে মুক্তিযুদ্ধে বিষয়ক প্রতিমন্ত্রী করা হয়েছে বিষয়টা হাস্যকর,Tangail,Sunamganj,
বাপের কোটায়।।। উনি মেয়র হলে ভালো হতো।।। বয়স্ক কেউ দরকার।।।,Dhaka,,
ঘেরাও মন্ত্রী,Dhaka,,
মুক্তিযোদ্ধা ইসরাক হোসেন,Dhaka,Tangail,
ঠেলাঠেলি বিষয়ক মন্ত্রী দিলে ভালো হতো এরথেকে,Dhaka,Narsingdi,
ইশরাক বাইন্সুদ,Dhaka,Khulna,Kushtia
Dhokkho manush bole Kotha,Dhaka,,
মুক্তি যোদ্ধাদের অভিজ্ঞতা নাই ছেলেদের আছে,Barisal,,
এক ঠেলাতেই ফকাত,Chittagong,Chandpur,
ঘেরাও মন্ত্রী,Chittagong,Comilla,
বিএনপির সব পোষ্টে সবাই হা হা রিয়েক্ট দেয়। অথচ এই বিএনপিই নাকি বিপুল আসনে জয়ী। সমাধান কি,ঢাকা,কিশোরগঞ্জ,Dhaka
এই মন্ত্রণালয়ের দায়িত্ব দেওয়া উচিত ছিল জনাব ফজলুর রহমানকে,Chittagong,Noakhali,
ঠেলি ধাক্কাইয়া মুক্তিযোদ্ধা হইয়া গেছে,Barisal,,
ফজলুর রহমান কে প্রয়োজন ছিল,Rajshahi,Pabna,
কোথায় কি মন্ত্রী,Rajshahi,,
অপাত্রে দান,Barisal,,
উনাকে দরকার ছিলো যুব ও ক্রীড়া মন্ত্রণালয়।,Dhaka,,
চেতনা ব্যবসা জমজমাট হবে,Dhaka,Gazipur,
তোরা যে বিকৃত মাল বুঝা যায়,Dhaka,,
"""মুক্তি যোদ্ধার ছেলে মুক্তি যোদ্ধা মন্ত্রনালয়ের দায়িত্ব পেয়েছে, এতে রাজনীতি করার কিছু নেই।""",Chittagong,Sylhet,
সুইপার,নীলফামারী,Rangpur,Nilphamari
CADA,Dhaka,,
এবার ঘেরাও করতে সুবিধা হবে,Dhaka,Rangpur,
অন্তত মুক্তিযোদ্ধা পরিবারের সন্তান। দেখা যাক কতটুকু করতে পারে,Dhaka,,
ইশরাক তো মুক্তিযোদ্ধা,কিশোরগঞ্জ,Dhaka,Kishoreganj
সেও এখন মুক্তিযোদ্ধা,Dhaka,,
গপ গপ গপ,ঢাকা,Khulna,
মুক্তিযুদ্ধের হোমাসা,Dhaka,,
চলিতেছে সার্কাস,Dhaka,,
মুক্তি যুদ্ধের সময় যার জন্মই হয়নি সে নাকি মুক্তি যুদ্ধা বিষয়ক মন্ত্রী,Dhaka,,
মুক্তি যুদ্ধ সম্পর্ক ও কি জানে ওকে যে ঐ পদ দিলো,Dhaka,,
শিশু মুক্তিযোদ্ধা মন্ত্রী,চট্টগ্রাম,Dhaka,Chittagong
হায়রে অন্দের দেশ,Dhaka,,
ওর বয়স কত,ফরিদপুর,Dhaka,Faridpur
ঘেরাও হবে,Sylhet,,
এডা বেশি হয়া গেলো,Bhola,,
কোটা না মেধা?,Dhaka,Naogaon,
thela theli bisoyok protimontri,ঢাকা,,
Unare valo lagto liger amole..kintu uni akhon kotha batra bolen liger motoi,Thakurgaon,,
ফজলুর রহমানকে দেওয়া উচিত ছিল,Naogaon,,
জন্ম সালটা??,Nilphamari,,
জন্ম ২০০০ সালে পড়ছে বঙ্গবন্ধুর ইতিহাস এ মুক্তিযুদ্ধ মন্ত্রণালয় এ কি করবে,Sirajganj,,
"""সে মুক্তিযোদ্ধা বিষয় সম্পর্কে কি বুজবে,তার কি সে বিষয়ে নলেজ আছে,,তার কি জন্ম মুক্তিযুদ্ধের সময়,,,, পাগল ছুদা কথা, শুক্কুরে শু…""",Chittagong,,
Right,Dhaka,,
দুই পর দেখবো মুক্তিযোদ্ধার লিস্টে হেতার নাম,Dhaka,Barisal,Bhola
প্রতিমন্ত্রী প্রতিবন্ধী,Dhaka,Chittagong,
এই মাল কিন্তু নিজে নিজেই শপত পরে মেয়রের চেয়ারে বসে।,Dhaka,,
মাতাল ইশরাক,Barisal,,
দেশের পু****কি মারা শেষ,Dhaka,,
আচ্ছা ওনার জন্ম কত সালে? ওনি মুক্তিযোদ্ধ বিষয়ে কতটুকু জানেন? কসমেটিক দোকানদার রে ডাক্তারের চেয়ারে বসাইয়া দিলো।,Comilla,,
joker,Dhaka,,
এর থেকে দেশ গোয়া মারা খাওয়ার জন্য প্রস্তুত,Barishal,Barisal,Bandarban
"""আপনি জেনে খুশি হবেন যে—(!!!) (!)আওয়ামী লীগকে আইনিভাবে নিষিদ্ধ হতে না দেওয়া আসাদুজ্জামান পেল আইন, বিচার ও সংসদ বিষয়ক মন্ত্রণাল…""",Dhaka,Rajshahi,
চার চোখ নিয়েও প্রতিমন্ত্রী কে দুই দুইবার!!প্রতিবন্ধী পড়লাম,Barisal,,
দুই পর দেখবো মুক্তিযোদ্ধার লিস্টে হেতার নাম,Chittagong,Noakhali,
বলদ কীভাবে প্রতিমন্ত্রী হয়,Gazipur,,
"""মেয়র পদের জন্য তখন ঠিকই আ* ত্ন - হ* ত্যা করলে আজকে আর """" শিশু মুক্তিযোদ্ধা """" হওয়া লাগতো না ইশরাক ভাই ।""",Dhaka,,
মুক্তিযুদ্ধ বিষয়ক ঠেলাঠেলি মন্ত্রী,কুমিল্লা,Dhaka,Comilla
"""রাম পাঠার বাইচ্চা,,,,,,""",Dhaka,,
এই একটা নাদান পোলা। কোন কি মুক্তিযুদ্ধ দেখছে। মুক্তিযুদ্ধের বই ও ইতিহাস ও ভালো করে জানেনা সম্ভবত। আর তাকে দিছে মুক্তিযুদ্ধ …,Dhaka,Rangpur,
প্রতিমন্ত্রী লেখলো না প্রতিবন্ধী লেখলো?,Dhaka,Barisal,Bhola
দেশের হোগাম্রা শেষ...,ঠাকুরগাঁও,Dhaka,Rangpur
সে নিজে মুক্তিযুদ্ধের সঠিক ইতিহাস জানে না,Dhaka,,
Kihhh,Khulna,,
জামাত এর আমিরকে দেওয়ার দরকার ছিলো,Rajshahi,,
যত বড় মূর্খ তত বড় নেতা,Dhaka,Tangail,
দেশের হোগা মারা সারা,Dhaka,,
"""প্রতিবন্ধী মন্ত্রী,""",Dhaka,,
প্রতি মন্ত্রী পড়তে গিয়ে প্রতিবন্ধী পড়ে ফেলেছিলাম,Dhaka,Munshiganj,
দেশের হো* মারা সারা,ফেনী,Feni,
Boka cda,Comilla,,
MARA NEWS …,Dhaka,,
Joker,Dhaka,Chittagong,
ভোটে চোরদের কেমনে মন্ত্রী মানি,Chittagong,,
উচিত ছিলো মাদকদ্রব্য আমদানি প্রতিমন্ত্রী করা তারেক সরকার কাজটা কি করলো?,Dhaka,Barisal,
Faltu,Dhaka,,
প্রতিবন্ধী,Dhaka,,
কুনুইমন্ত্রী,Dhaka,,
শালায় প্রতিমন্ত্রী না প্রতিবন্ধী,Dhaka,,
দেশের হুগা মারা সারা,Chittagong,,
ওকি মুক্তিযুদ্ধ করছে যে ওরে মুক্তিযোদ্ধা মন্ত্রণালয়ের দায়িত্ব দিছস,গাইবান্ধা,Dhaka,
ম*খোর রে দিসে মুক্তিযুদ্ধের মন্ত্রিত্ব,Dhaka,,
"""সামান্য মেয়র হতে পারে নাই সেই নাকি হচ্ছে মন্ত্রী,,,বলার কিছু নেই""",Dhaka,,
"""Sorry ইশরাক, প্রতিবন্ধী পড়ে ফেলছিলাম প্রথমে।""",চাঁদপুর,Chittagong,Chandpur
জুলাই যুদ্ধাদের গোয়া মারা শেষ,Dhaka,,
মুক্তিযুদ্বে হোগা মারা সারা,Dhaka,,
এত হাস্যকর এই লোক,Dhaka,,
মুক্তিযুদ্ধের ইতিহাসে ফেইল করা স্টুডেন্ট যখন মুক্তিযুদ্ধা বিষয়ক মন্ত্রী হয়,Dhaka,,
এরে ঠেলাঠেলি যুদ্ধা হিসেবে ঘোষণা করা হোক,Dhaka,,
কয় পর দেখা যাবে সংসদে তালা মেরে দিছে আমাদের নগর ডাকাত,Dhaka,,
একটা ঘেরাও বিষয়ক মন্ত্রণালায় খোলা উচিৎ ছিলো। বিম্পি র যে কোন কাজের বিরোধিতা কারিদের কার্যালয় ঘেরাও করার জন্য। আর তার মন্ত্রী …,Dhaka,,
প্রতিবন্ধী,Dhaka,,
ঠেলাঠেলি মন্ত্রী,Chittagong,,
ও ৭১ সালে শিশু মুক্তিযোদ্ধা ছিল আমি কিন্তু নিজে দেখেছি ওকে যুদ্ধ করতে,Dhaka,,
হতভাগা জাতি আমরা,Dhaka,,
R lok paylo na.ajob.isjraq er moton chele re proti montri banayche.ajaira,কিশোরগঞ্জ,Dhaka,Kishoreganj
"""ফজু পাগলারে দিলেও মানা যেত,এর তো মুক্তিযুদ্ধের সময় জন্মও হয়নি এবার সব উল্টাপাল্টা হচ্ছে কেন""",Dhaka,Mymensingh,
এই মাল ডা,Dhaka,Gazipur,
হেতে তো খারা বলদ হেতে মুক্তি যুদ্ধের বুজে কি ওরে বানানো উচি ঠেলাঠেলি প্রতিমনএি,Chittagong,,
যতসব চোর বাটপাররাই মনত্রি,Rangpur,,
হোগা মারা শেষ দেশের,Dhaka,,
যে সকল মায়েদের সন্তান গর্বে তাদের কেউ রাজাকার বলতে পারে,Dhaka,,
ডেন্ডি খোর,Dhaka,,
দেশের মারা শেষ,Shariatpur,,
Faltu akta montronaloy. Juddo ki akono roye gese je muktijuddo montronaloy takte hobe.,Sylhet,,
Okay,Dhaka,,
এই গন্ড মুর্খ গুলোরে নাকি মন্ত্রী বলে ওয়াক থু,Khulna,Jessore,
Pathetic,Dhaka,,
আফিল উদ্ অনিক এসব পাগল দেখতাহে প্রতিবন্ধী পাগল,Mymensingh,Sherpur,
কনুই দিয়েই রাজাকারদের বিচার করবেন। নিউক্লিয়ার পাওয়ার্ড এলবো (কনুই),Jessore,,
এরে দেখতে ভাইরাল হওয়া এক সমকামীর মতো,ঢাকা,Khulna,Magura
এই কুত্তার বাচ্চা পুটপুটে সুন্দর....,Dhaka,,
খোঁজ নিয়ে দেখেন ওর দাদা মুক্তিযুদ্ধের সময় রাজাকার ছিলো,Dhaka,Sirajganj,
এই পাঁচ বছরে দেশের হ*** মারা শেষ,Dhaka,,
Desh ta chuide saira dibe,Khulna,Jessore,
চোর,Dhaka,,
দেশের হোগা মারা শেষ,ঢাকা,Chittagong,Noakhali
টাকলা মুরাদের কথা মনে পড়ে গেল।,Dhaka,Chittagong,Pirojpur
ইশরাক হোসেন এর নিছে লেখা প্রতিমন্ত্রী …,Dhaka,Chandpur,
দেশের হোগা মারা সারা,Dhaka,,
এটা দেখার পর নিজেকে বাঙ্গালী পরিচয় দিতে লজ্জা লাগতেছে ।,Comilla,,
------- যোগ্যতা বিষয় না নিজ দলের ভিতরেই সব মন্ত্রী রাখতে হবে,Dhaka,Mymensingh,
এরে মন্ত্রী না বানাইলে তারেক রহমান সাহেবের বাসা ঘেড়াও করতো আবার দিছে মুক্তিযুদ্ধ বিষয়ক মন্ত্রী যুদ্ধের সময় কি দুনিয়াত ছিলো ?,Sylhet,,
পতিবন্ধি মন্ত্রী হলে ভালো হয়,Dhaka,,
চুদলিং পং,রংপুর,Chittagong,Rangpur
আমেরিকা ঘেরাও করা হবে।,Dhaka,,
কামড়াকামড়ি করে সমনে এগিয়ে যাবে,Rangpur,,
এক ধাক্কায় এতদুর,Dhaka,,
ওই কি বাল জানে মুক্তিযুদ্দ সম্পর্কে আগে ওর ইন্টারভিউ নিয়ে তারপর ওরে এই পোস্ট দেয়া দরকার ছিলো কলেজ ঠিক মতো শেষ করসে নাকি,Dhaka,Brahmanbaria,
মুক্তিযুদ্ধ মন্ত্রণালয়ের কাজটা কি? ৫৩ বছরের মুক্তিযুদ্ধের কোন সঠিক ইতিহাস জাতিকে জানানো হয় নাই।সুতরাং এসব ফালতু মন্ত্রণালয়ে…,Chittagong,Noakhali,
দেশের মানুষ এর রুচির উপ্রে কুত্তা মুইতা দিলো বুঝি,Noakhali,,
হোগা মারা সারা,Feni,,
দেশের আরো গুয়া মারা শারা এবার তো সবায় রাজাকার এ আর এর নেতা বাদে,Khulna,Jessore,
প্রতিবন্ধী,Dhaka,,
সবচাইতে ফালতু টা কে বিম্পি তাদের অপ্রয়োজনীয় মন্ত্রণালয় দিয়েছে আর কি,চট্টগ্রাম,Chittagong,Chandpur
এই মন্ত্রণয়ের কাজ কি? কোন আচুদা এই মন্ত্রণয় বানাইছে??,Rangpur,,
দেশের হোগামারা সারা,কুমিল্লা,Comilla,
দেশের হোগা মারা শেষ,Dhaka,Rangpur,
খাৎ*12কির পোলা একটা এইটা নয়ন,Dhaka,Mymensingh,
Brainless,Dhaka,,
"""পাতিনেতা ও মন্ত্রী,, হায়রে দেশ""",Sylhet,,
হের গলার আওয়াজ হাঁসা গলার মত লাগে। হে কি সংসদে যাওয়ার আগে লাল চা খাবে।,Dhaka,Netrokona,
তারেক রহমান মানুষকে হাসাই তাছে,Dhaka,,
"""ফানি পোস্ট? উনার তো আবার ধাক্কানোর অভ্যাস, ধাক্কিয়ে পদ পেয়ে গেল, wwe দেখে মনে হয় রোজ""",Barisal,Bhola,
এই নরপিশাচ দের কে আওয়ামীলীগ ভালো ঠিক করে রাখতে পারছে। ১৭ বছর রাস্তায় থাকতে পারে নাই । ঘরে থাকতে পারে নাই । ধান ক্ষেত গম ক্ষে…,Dhaka,,
প্রতিবন্ধী,Dhaka,,
এদেরকে জনগণ ভোট দেয়নি। তারা টাকার খেলায় এম.পি হয়েগেছে।,Dhaka,Sylhet,
জমিদার পুত্র ইশহাক ত ফদানমন্ত্রী হয়ে গেছে।,Dhaka,,
আবার একটা হাস্যকর মন্ত্রী সভা,Dhaka,,
পাকিস্তান ঘেরাও কর্মসূচি দেন ওস্তাদ,Dhaka,Barisal,Bhola
ভাবলাম (প্রতিবন্ধী),Khulna,Jessore,
প্রতিমন্ত্রী প্রতিবন্ধী,Dhaka,Kishoreganj,
দেশের পু**ন মারতে সেই একাই যতেস্ট আর কারো লাগবে না,Dhaka,,
ওয় কি ঠিকমতো নিজের নাম নিজে লিখতে পারে তো?,Dhaka,,
এ সিফাত উল্লাহ দাদার শিষ্য মদ খেয়ে চেতনা উড়িয়ে দিবে,Chittagong,Noakhali,
দেখেন আসিফ মাহমুদ রে কোন ভাবে ডুকান যায় কি না রাজাকার লিস্টে,Sylhet,,
প্রতিমন্ত্রী। প্রতিবন্ধী।,Chittagong,Cox's Bazar,
"""কুঁচি কুঁচি বাচ্চা'রা মুক্তিযুদ্ধার কি বুঝবে""""""",Dhaka,,
মুক্তিযুদ্ধের চোদনাবাজরা কোথায় এখন??,Dhaka,,
দেশটারে হোন* মারি দিলো,Chittagong,Noakhali,
কোনাই মেরে একাত্তরের চেতনাকে শেষ করে দেওয়ার জন্য এই মন্ত্রী যথেষ্ট,Dhaka,,
"""গণঅধিকার পরিষদের নেতা নূর ডাকসুর ভিপি হবার পর শেখ হাসিনার সাথে দেখা করে তাকে মা বলে ডেকেছেন, আজকে তো উনি প্রতিমন্ত্রী হয়েছেন, …""",Dhaka,Gazipur,
দেশের হোগা মারা সারা!,সিলেট,Dhaka,Barisal
রংপুর পারল আমরা কেন পারলাম না মূখ্য ভন্ড মুসলিম নামধারী মুনাফেক মাজার পূজারীর জন্য বাংলাদেশ বদলাতে পারলাম না,ফরিদপুর,Dhaka,Faridpur
চুদলিং পং দেশের... …,Dhaka,Manikganj,
"""হালায় মাল খোর, সারা রাত জাগে আর ে ঘুমায়""",Dhaka,Rajbari,
মাথামোডা গুলো যখন বাবার কোটায় প্রতিমন্ত্রী। স…,Dhaka,,
ওনাকে দখল যোদ্দা দিলে ভালো হয়,Dhaka,,
"""আল্লাহর ওয়াস্তে একে মন্ত্রনালয় থেকে বাদ । বিশ্বাস করেন, এর ঘটে কিচ্ছু নেই..!""",Dhaka,Narail,
"""এ তো মেয়র হতে পারে নাই, চুরি করে এমপি, এখন আবার মুক্তিযুদ্ধ বিষয়ক মন্ত্রী, বিষয়টা চুদলিং পং হয়ে গেলো""",Mymensingh,Sherpur,
চাঁদাবাজির মন্ত্রী বানানো হোক,Dhaka,,
পুরান ঢাকার ডাকাত,Dhaka,,
হোগা মারা শেষ,Dhaka,,
"""মুক্তিযোদ্দের, ম তো বুজে না এই লোক""",Chittagong,,
একে তো মন্ত্রী হিসেবে ভালো লাগে না আর দিয়েছে মুক্তিযুদ্ধ বিষয়ক চু...দেছে রে,Mymensingh,,
এইবার সব মুক্তিযোদ্ধা তার পরিবার থেকে বের হবে,Dhaka,,
মুক্তিযুদ্ধের পুরো গোয়াটাই মাইর দিলো।,Barisal,Bhola,
Shamiul Hassan Nihan Hasibul Alam এতে ও বুঝি মন্ত্রী ব্যপারটা হজম হইলো না,Comilla,,
হু** গা মারা সারা,Dhaka,Gazipur,
প্রতিমন্ত্রী না প্রতিবন্ধী,Sylhet,,
ও ৭১ সালে শিশু মুক্তিযোদ্ধা ছিল আমি কিন্তু নিজে দেখেছি ওকে যুদ্ধ করতে,Narayanganj,,
জাতির জন্য লজ্জার বিষয় এরকম মানুষের কাছ থেকেও মুক্তিযুদ্ধ সম্পর্কে জানতে হবে,Narayanganj,,
৭১ সালে ঘেরাও ইশরাকের জন্মই হয় নাই সো কিভাবে ও মুক্তিযুদ্ধ বিষয়ক মন্ত্রী হয়!,Dhaka,,
এই মুক্তি জুদদো বলতে কি বোঝে,Dhaka,,
প্রতিবন্ধী মন্ত্রী,Dhaka,,
হয়ছে মুক্তিযোদ্ধের হো … মারা শেষ,Chittagong,,
"""বাংলাদেশের প্রত্যেকটা বিএনপি শিশু কর্মীকে মুক্তিযোদ্ধার সার্টিফিকেট দিয়ে দিবে কথাটা মিলিয়ে নিয়েন,""",Dhaka,Sylhet,Habiganj
সে তো একটা পাগল,Dhaka,,
Mohammad Sohag o to gherao montronaloyer daitto pawar kotha..o to se kaje dokkho,Dhaka,,
boka choda sala,Dhaka,Barisal,
এইসব আবালও এমপি মন্ত্রী হয়,Dhaka,,
"""ভাইয়ার বউ যে কুখ্যাত রাজাকারের মেয়ে, সেটা জানেন আপনারা?""",নোয়াখালী,Chittagong,Noakhali
প্রতিবন্ধি,চাঁদপুর,ঝিনাইদহ,Dhaka
চোদনা,Dhaka,,
এই পাগল,Dhaka,,
ও নিজেই তো হলো একটা সন্ত্রাস,Dhaka,,
"""ওই সারাজীবন বিদেশে থেকে ফস্টিনস্টি করে বেড়াইছে, তাও বাচ্চা একটা ছেলে, ও মুক্তিযুদ্ধের কি বুঝবে?""",Dhaka,Chittagong,Noakhali
প্রতিমন্ত্রী না প্রতিবন্ধী,Bandarban,,
প্রতিমন্ত্রী প্রতিবন্ধী ( ),Dhaka,Gazipur,
অভদ্র একটা,Dhaka,Netrokona,
ঘেরাও বিষয়ক মন্ত্রী,Barisal,,
মুক্তিযোদ্ধাদের গোয়া মারছে এইবার,Dhaka,Rangpur,
"""বসে, ইচ্ছেমতো লুটপাট করে বাংলাদেশকে দুর্নীতিতে চ্যাম্পিয়ন করিস। কেমন!""",Dhaka,,
ভুয়া প্রতিমন্ত্রী,Rajshahi,,
Mehran Ahmed এই ধইঞ্চা রে না দিলেও পারতো,Dhaka,,
চোর সালা,Sirajganj,,
ভুয়া,Dhaka,Jashore,
এবার তারেক রহমানের মেয়ে মুক্তিযোদ্ধ হয়ে যাবে,Barisal,,
অয় তো নিজেই একটা রাজাকার,Dhaka,,
খাইছেরে,Dhaka,,
ফজু পাগলা রে দেন জামাতের পুটকি মারা সারা,Cumilla,Comilla,
রুমিন আর ইশরাক দুজনে পালিয়েছে? পোলাপানে বিবাহের গুঞ্জন উঠাইছে।,Dhaka,,
ইশরাক হোসেন প্রতি মন্ত্রী …,কিশোরগঞ্জ,Dhaka,Kishoreganj
"""এখন বলবে সে ৭১ এর মুক্তিযুদ্ধা,,,লোক আর পাইল না""",Dhaka,Mymensingh,
ভোট চোর মন্ত্রণালয়ের দায়িত্ব কে নেবে??,Dhaka,,
"""বেডা যেইভাবে যুদ্ধ করে জিয়ার কবরে সবার সামনে জায়গা করে নিছে,এতে করে এই পদ দেওয়াটাই স্বাভাবিক""",Dhaka,Chandpur,
সে তো ব্যারিস্টার পাস করে দেশে আসছে মুক্তিযোদ্ধা মন্ত্রী পদে দায়িত্ব পালন করবে কিভাব পরা তো টাকা টুকা সবকিছুই লুট করে খাবে,Dhaka,Naogaon,
ইশরাক আছে না ইশরাক এর আব্বায় মুক্তি যুদ্ধ দেখছে কি না সন্দেহ আর এই বাচ্চা কে দিছে মুক্তি যুদ্ধ বিষয় মন্ত্রী,Dhaka,,
জামাত শিবিরকে সরাসরি রাজাকার বলার পাশ পেয়ে গেল,Dhaka,Jamalpur,
লেইট প্রতিমন্ত্রী,Mymensingh,,
তোদের মত মিডিয়া দেখলে হাসি পায়,Dhaka,,
৭১ এর বিরোধীতাকারী পেতাত্বাদের গায়ে জ্বলা তঙ্ক শুরু হয়ে গেছে,বগুড়া,Dhaka,Rangpur
ভোট চোর,Dhaka,,
এ ভোট চোর কি মন্ত্রী হবার যোগ্য?,ভোলা,Barisal,Bhola
"""আমি নতুন এই কনসেপ্ট নিয়ে কাজ করছি যেখানে কোনো ডিজাইনই রিপিট হবে না। যারা ইউনিক কিছু পরতে ভালোবাসেন, তারা চাইলে আমার ল্যাব ঘুরে আসতে পারেন:""",Dhaka,,
"""ইশরাকের মধ্যে এমন কি পাইছে তারেক সাহেব, বুজলাম না! একবার মেয়র পদে আবার সংসদ সদস্য এখন মন্ত্রী, ওর যোগ্যতাটা কি? ওর বাবা বড় রাজ…""",Dhaka,Chittagong,Chandpur
মারছেরে,Sylhet,Habiganj,
মুক্তিযোদ্ধের সময় কি ওর জন্ম হয়েছিল,Dhaka,Rajshahi,
টাহি পোলাপান এগুলো,Dhaka,,
"""সার্কাসের মতো,,দেশ এখন পুরো বিএনপির বাকীসব রোহিঙ্গা""",Dhaka,Chittagong,Sylhet
টোকাই সালা,ঢাকা,Dhaka,Khulna
প্রতিমন্ত্রী প্রতিবন্ধী,চট্টগ্রাম,জামালপুর,Mymensingh
দুচে দিয়েছে ভাগিনারে,Thakurgaon,,
উনি তো সব মুক্তিযোদ্ধাকে ঘেরাও করবে,Dhaka,Mymensingh,
মদ খেয়ে মাতলামি করা লোক হলো মুক্তিযুদ্ধ বিষয়ক প্রতিমন্ত্রী। বুঝলাম কেমন হলো মন্ত্রীসভা,Dhaka,Gazipur,Madaripur
ওয় মুক্তিযুদ্ধের কোন বাল বুজে,Dhaka,,
ওয়ারিশ মনএি,Dhaka,,
পুংটা মারা সারা,Dhaka,Rajshahi,Kushtia
আবার নতুন করে রাজাকার তৈয়ার করার কারিগর পেয়েছে,Dhaka,Brahmanbaria,
ইসরাকের জায়গায় অ্যাডভোকেট ফজলুল হক কে দিলো ভালো হইতো।,Dhaka,,
সেকি ভালো করে মুক্তি যুদ্ধের ইতিহাস জানে হায় জাতি,Dhaka,,
"""নিজের চেয়ারের খুঁটি খুজে পাবেনি,,বিএনপির সবচেয়ে অযোগ্য ব্যাক্তি প্রতি মন্ত্রী""",Chittagong,Rangamati,
এর চাইতো ঘেরাও উপদেষ্টা ই ভালো ছিলো,Dhaka,,
প্রতিমন্ত্রী প্রতিবন্ধী,Chittagong,Chandpur,
ধাক্কাধাক্কি মন্ত্রলায় দেওয়ার দরকার ছিলো তাকে,Dhaka,Mymensingh,
মাইরাহালছে রে,Dhaka,Pabna,Jamalpur
বাল,Chittagong,,
বিএনপির যত রাজাকার ছিল সব এবার মুক্তিযোদ্বা হয়ে যাবে,Dhaka,,
কেন বিএনপিতে কি কোনো নির্বাচিত মুক্তিযোদ্ধা ছিলোনা?,Dhaka,,
এগুলো বাল,Dhaka,Chittagong,Lakshmipur
ঘেরাও মন্ত্রী দেওয়া দরকার ছিলো,Dhaka,Chandpur,
"""বর্তমানে কি সংবিধান আছে, সংস্কার কোন সংবিধানের করতে হবে,…""",Dhaka,,
"""First you need to go the parliament to make the changes , then people vote will happen then passed by the parliament, then sig…""",Dhaka,,
Awesome! Congratulations!!,Dhaka,,
"""জুলাই সনদ বাস্তবায়ন না করলে,, এই সংসদ অবৈধ,, ৭২ সংবিধান দেশ চললে,, …""",Dhaka,Natore,
সংবিধান সংস্কার পরিষদ বলতে সংবিধানে কিছু নাই।,Dhaka,Barisal,
"""সিগনেচার করে আরেকজনেরটা দেইখা সংসদে কথা বলবে কি ভাবে এটা আসলেই ভাবার ব্যাপার,""",Dhaka,,
তুমি আবার কথাও বলবা!,Dhaka,,
ঢাকার প্রতিটি এলাকায় মশার উপদ্রবে জনগণ নাজেহাল। সিটি কর্পোরেশনের ইন্সপেক্টর সহ সিটি কর্পোরেশনে যারা দায়িত্বপ্রাপ্ত এদের সকলে…,Dhaka,,
নাহিদকে আইনের আওতায় আনা হউক,Dhaka,Gopalganj,
এদের নিউজ ছাড়া কি কোনো নিউজ নেই?,Dhaka,,
তাইলে আয় রাজপথে.. তোদের অপেক্ষায় লাখো জনতা..,Dhaka,Gazipur,
Right,Dinajpur,,
সময় থাকতে পড়ালেখায় মন দিয়ে এটাই মঙ্গল হবে,রাজশাহী,নাটোর,Rajshahi
কথা বলতে হবে সাধারণ মানুষ সিদ্ধান্ত নিবে আফটার নাহিদ ইসলাম ইনশাআল্লাহ,Sylhet,Habiganj,
"""‘দেশ যাবে নতুন পথে, ফিরবে না আর ফ্যাসিবাদে।' ইনকিলাব জিন্দাবাদ।""",Dhaka,Faridpur,
Good,Dhaka,Jamalpur,
Absolutely right.,Dhaka,,
ইনকিলাব জিন্দাবাদ,Dhaka,,
ঠিক,রাজশাহী,Dhaka,
জুলাই বিক্রি করে দুই বছরে সবাই নিজেদের আখের গুছিয়ে নিছে,বরিশাল,Barisal,
কথা আমরা রাজপথেই বলবো ইনশাআল্লাহ,Dhaka,,
কি দরকার,কুমিল্লা,Cumilla,Comilla
মানুষকে শুধু উল্টাপাল্টা বুঝানো হচ্ছে,Dhaka,,
তাহলে বলিস না তাহলেই চলে,Dhaka,,
তোমাদের আর কথা হবে না,Rajshahi,,
রাজপথে ফয়সালা হবে ইনশাআল্লাহ,Dhaka,Khulna,Satkhira
সূর নরম হয়ে গেলো কেনো,Dhaka,Sylhet,
ক্লিয়ার,Sylhet,,
অবশ্য ই,Dhaka,,
ঠিক,Dhaka,,
Yes,Barisal,Bhola,
Toi voia,Dhaka,,
"""বিএনপি করছে দেশের উন্নয়ন, জামাত করছে রাস্তাঘাট পরিষ্কার, আর এন সিপির কাজ হচ্ছে সমালোচনা করা।""",Dhaka,,
এই শালাকে ধরে ডিম থেরাপি দেওয়া হোক,Chittagong,Patuakhali,
যা বেডা ফুট,Barisal,,
সংবিধান তোমার মার সাউয়া দিয়ে ভরে দেব,Sylhet,,
কোটা নেতা,Dhaka,Khulna,Jessore
তোদের কপালে এইটা আছে,Barisal,,
কথা বলতে হবে না এমনিতেই বিরোধী দলের সময় কম দেওয়া হয়,Dhaka,,
বাকোয়াজ,Dhaka,Gopalganj,
Kotha boilo jail a,Dhaka,,
Right,Tangail,,
দরকার নেই,কুমিল্লা,Comilla,
বিপদ কেটে গেলে মানুষ বিএনপি হয়ে যায়।,Dhaka,,
"""টাকার হিসাব টা দাওনা কেন,""",Dhaka,,
"""'রাষ্ট্রপতির হাতে আপনি শপথ নিলেন, আবার তাকে আপনি সাংবিধানিক প্রধান মানবেন না'""",Dhaka,,
সারজিস যে মাতারবাড়ি প্রজেক্টের কয়লা সাপ্লাই কোম্পানি থেকে ০১হাজার কোটি টাকা নিলো ওইটার কি খবর,Dhaka,,
লাগাও মব,Chittagong,Pirojpur,
জুলাই সনদ বাস্তবায়ন না হলে এই সংসদ অবৈধ সিধে কথা,Dhaka,,
পরিবেশের দরকার নেই,Dhaka,Mymensingh,Gazipur
খাল কেটে কুমির আনতেছে বি এন পি,Dhaka,,
"""বিপদ কেটে গেলে মানুষ বিএনপি হয়ে যায়! NCP জিন্দাবাদ, ইনকিলাব জিন্দাবাদ।""",Dhaka,,
বিপদ কেটে গেলে মানুষ বিম্পি হয়,Bagerhat,,
জামিন দেওয়া শুরু হয়ে গেছে আমাদের সব জয়বাংলা নেতাদেরকে …,Cox's Bazar,,
R kotha bolis na tora,Chittagong,,
তর কথা কার বালে শোনে,Dhaka,Sunamganj,
পুলিশ হত্যার বিচার চাই,Dhaka,,
Rights,Dhaka,,
তোমরা ৭১'এর পরাজিত অপশক্তির সাথে মিলেমিশে একাকার হয়ে জুলাই তথা সাধীনতা যুদ্ধ তথা বাংলাদেশের সকীয়তার সাথে গাদদারী করেছো। কথা…,Dhaka,Satkhira,
তোমাদের মত কুলংগারের যায়গা পবিত্র সংসদে হবে না।,Barisal,,
পুলিশ হত্যার দায়ের তোর ফাঁসি হবে,সিলেট,Dhaka,
"""আরে বেডা তুই হত্যাকারী, পুলিশ হত্যাকারী তোর কিসের কথা,…""",Dhaka,Comilla,
পুলিশ হত্যার দায়ে তোর ফাসি হবে সাংসদের পরিবেশ দিয়ে কি করবেন,Dhaka,Chandpur,
Right,Dhaka,,
এনসিপি মব সন্ত্রাসী সংগঠন নিবন্ধন বাতিল করে যারা অটো এম পি হয়েছে এদের বিচার করতে হবে,Dhaka,,
সংসদে তোমি কথা না বললেও সংসদ তোমাকে অনুরোধ করবেনা।,Dhaka,Brahmanbaria,
তোদের মত ছাগল এর কথায় কি আসে ষায়,Chittagong,Brahmanbaria,
আরে বেটা বাটপার তুই কি ভোটে এমপি হ‌ইছস তুই তো পঞ্চাশ হাজার ভোটের ব্যবধানে পরাজিত হ‌ইছস কাইয়ুম কমিশনারের সাথে তোর আব্বা ইউনুস …,Dhaka,,
২৪ শে ফ্যাসিস্টরা পুলিশ হত্যা ও বিভিন্ন থানা অগ্নিসংযোগ অস্ত্র লুট হওয়া প্রত্যেকটি হামলার তদন্ত করে জুলাই ফ্যাসিস্টদের ফাঁসিত…,Dhaka,,
কথা বলা তো দূরের কথা সংসদে কয় যাইতে পারো সেটার জন্য দোয়া ইউনু পর।,Chittagong,Patuakhali,
পুলিশ হত্যার বিচার চাই,Sylhet,,
ভাই এইসব কথা বাদ দাও আগে বিক্রি করা জুলাই ফেরত নিয়ে আসো,Dhaka,,
সংস্কার চাই,Dhaka,Narsingdi,
তা হলে পড়া লেখা করে দেশের বাহিরে চলে যাও---তোমাদের দারা রাজনীতি মানায় না------,Dhaka,,
Right,Dhaka,,
তুমি না বল্লে কিছু যাই আসে না।,Chittagong,,
তোর সংসদে যাওয়ারটা দরকার কি,Dhaka,,
পাকিবীজ বলে কী,Dhaka,Gopalganj,
"""Right, I agree it""",Khulna,,
দরকার নেই,পিরোজপুর,Dhaka,
তোমাগো কথা বলার প্রয়োজন নাই দেড় বছরে পোলাপানরে যা শিখাইছো তোমরা বেয়াদবি কুলাঙ্গার কতগুলো পোলাপান রাস্তায় নামাইছে মানুষকে ই…,Dhaka,,
বিরোধী দলের কথা বলার দরকার কি শুনলে তো হয়..?,Chittagong,Comilla,
হালার পুতে যে ভাব দেখাচ্ছে মনেহয় সংসদের পুরান লোক।,Dhaka,,
কথা হবে রাজপথে,Dhaka,,
ঠিক,Khulna,Sylhet,
নিজের যোগ্যতা দিয়ে সংসদে যাওয়ার চিন্তাভাবনা কর তুমি তো হয়েছ বারো ভাতারি দল সাহস থাকলে একা নির্বাচন করে সংসদে যেয়ে দেখাও,Dhaka,,
right,Dhaka,,
আগে যে তোমার সম্পদের হিসাব দিতে হবে মামু।,Dhaka,,
Right,Dhaka,Khulna,Kushtia
টোকাই এখন দেশের নেতা,Dhaka,,
টোকাইদের কথামতো দেশ চলবেনা,চট্টগ্রাম,Chittagong,
যাকাত ফিতরায় এমপি হওয়া একজন গোপাল ভার বলে কি।,পাবনা,Dhaka,
জুলাই জঙ্গিদের কপালে অনেক দুঃখ আছে,Dhaka,,
"""প্রদীপের আলো নিভে যাচ্ছে তোমাদের। অন্য কেউ নয়, জামায়াত তোমাদের রক্ত পান করে তোমাদের রক্ত শুন্য করে নিজেদের রাজনৈতিক, সামাজিক মৃত্যু হবে""",Dhaka,,
"""কোটার জায়গা কোটা রইল, জুলাই গেল জলে।…""",Jamalpur,,
শালা টোকাই,Sylhet,,
"""লজ্জা শরম না থাকলে, প্যান্ট খুলে রাস্তায় দাঁড়িয়ে থাকো জোকার।""",Dhaka,Sylhet,
এবার এবার নক করবা না নামোনা রাস্তায় দেখনা মানুষ তোমাদের কি বলে বাজান পুলিশ হত্যার বিচার হবে ইনশাল্লাহ,Narayanganj,Comilla,
তুই রাজাকার তুই বাটপার তুই জঙ্গি তুই টোকাই তুই দেশদ্রোহী,Chittagong,,
"""জুলাই ব্যবসায়ীরা যেন পালাইতে না পারে, যেখানে পাবেন তাদেরকে শহীদ বানায় দিয়ে দিয়েন, তারা দেশে শত্রু,।""",Dinajpur,,
তোমাদের মতো কোটার এমপিরা সংসদে না থাকাই ভালো।,Dhaka,Mymensingh,Cox's Bazar
"""১৭ বছর দলীয়করণের বিরুদ্ধে বললেন, আর এখন নিজেরাই সারাদেশ দলীয়করণ করলেন …""",চট্টগ্রাম,কক্সবাজার,Cox's Bazar
তাতে বয়ে গেল।,চট্টগ্রাম,,
সংসদে কথা বলা দরকার নাই,Dhaka,Barisal,
জামাত এর তার জোট গুলার উচিৎ । বি এন পি আর আওয়ামী মত দেশ টুলে পুটে খাওয়া।কারন এই দেশ হছে নষ্ট জনগণের দেশ।,Chittagong,Noakhali,
সহমত,Khulna,,
পাগল বলে কি? কিসের সাথে কি,Chittagong,,
তোমার মত অপদার্থ সংসদে যাওয়ার দরকার কি বলতো,Dhaka,Chittagong,Noakhali
ঠিক,Dhaka,Comilla,Cox's Bazar
আপনারা ছাত্র হিসেবে কলঙ্কিনী অধ্যায় থাকবেন বাংলাদেশ,Dhaka,Chittagong,
ওডা হানকির পুয়া,Dhaka,,
এনপিপির চুরেগো খাঁচায় দেখতে চাই,Dhaka,,
কিসের সংবিধান সংস্কার পরিষদ ৭১র আছে একাত্তর থাকবে খানকির পোলা নাহিদ,Dhaka,,
তোর মতো টোকাই না গেলে ভালো,Dhaka,,
চুদির ছাওয়াল পাকিস্তানের বীজ তোকে কে বলেছে কথা বলতে,Dhaka,,
ভয়ে আছে,Dhaka,,
আগে তোর ভূরি কমা,Dhaka,,
"""এনসিপির সকল দূর্নীতি,অনিয়মের বিচার দাবি করছি।""",চট্টগ্রাম,Chittagong,
তোর কপালে শনি আছে,Dhaka,,
"""পাটোয়ারী জাহাঙ্গীরনগর, বুয়েট সহ বিভিন্ন ক্যাম্পাসে ছাত্রদের উষ্কে বেড়াচ্ছে, আবার জুলাইয়ের মতো মেটিকুলাস ডিজাইন সাজাচ্ছে সম্ভবত…""",Dhaka,Chittagong,Kushtia
তুই কোন চেটের বাল যে তোকে সংসদে কথা বলতে হবে।,Dhaka,,
পরিবেশের দরকার নেই,Dhaka,,
Thik bolcen,Dhaka,,
টুকাই,Dhaka,,
Hazar hazar koti taka durniti korecho bap mama khalu neay socib 30 Koti MD 70/80 koti chairman 100/200/300 koti ki porimane lu…,Dhaka,,
শালা দালাল,Lalmonirhat,,
পদত্যাগ করে রাজপথে আসো হ্যাডম থাকলে,Narayanganj,,
তোর ঘরে গিয়ে সংস্কার কর না হলে পাকিস্তানে গিয়ে কর,খুলনা,Khulna,
"""তুই রাজাকারের বাচ্চা খানকির পোলা, বেশ্যার পোলা,,,,,""",Dhaka,Pabna,
আমরা রাজপথের প্রস্তুতিও নিচ্ছি।…,Panchagarh,,
সঠিক,Dhaka,Natore,
আচ্ছা তোরা সংসদে যাইস না বাপু,Dhaka,Narayanganj,
তোরা কি কথা বলবি যা কথা বলার আমাদের প্রধানমন্ত্রী বলবে।,ঢাকা,Dhaka,
"""জুলাই জঙ্গি,দমন করা হোক""",Dhaka,,
দূর্নীতিবাজদের সর্দার,Chittagong,Chandpur,
তোর দরকার আছে বলে মনে হয় না,Tangail,,
Jara sahwa haowa baltepare tader sagsode katha balar darkar nay,Dhaka,,
আচ্ছা হেতে বলে প্রথান মন্ত্রী সপ্ন দেখতো ইউনুসের কোলে শুয়ে।,Chittagong,,
বাপের জন্মের সংসদ কি বোঝো,Dhaka,,
তুমি কথা না বললে বাল ছিডা যাবেনা।,Dhaka,,
মোহাম্মাদ কাসীম-এর নেতৃত্বে মুসলিম উম্মাহর ঐক্যের আহ্বান তুলে ধরা হয়। প্রায় ১৮০ কোটি মুসলিম থাকা সত্ত্বেও আজ উম্মাহ বিভক্ত ও ন…,Dhaka,,
পদত্যাগ করে ফেল,Dhaka,Chittagong,Noakhali
বিবেক বুদ্ধিকে শয়তানের ধোঁকার মধ্যে বিশ্রামে রেখে অতি আবেগকে সম্মান করে কথিত বীর বেসে রাস্তায় নেমে লাশ হয়ে ফিরার আগে একটু ভাবু…,Chittagong,,
গোপালভার,Chittagong,Barisal,Patuakhali
আগে সংবিধান রচৈয়তার পায়ে সালাম করে এসো,Chittagong,,
তোমরা দুর্নীতি বন্ধ করে আগে নিজেরা সংস্কার তৈরি কর! দেশের সংস্কার নিয়ে বসে থাকলে হবে অমুক,Chittagong,Noakhali,
"""প্রেম করার ইচ্ছে করতাছে কিন্তু লজ্জায় কাউকে বলতে পারতেছি না, তাই ফেসবুক থেকে একজন বন্ধু চাই""",Dhaka,,
"""দল যার যার, এনসিপি পিটানোর দায়িত্ব সবার,""",সিলেট,Sylhet,
[সন্দেহজনক লিঙ্ক সরানো হয়েছে]...,Dhaka,,
"""বর্তমানে কি সংবিধান আছে, সংস্কার কোন সংবিধানের করতে হবে, বাস্তবায়ন কোন সংবিধান হবে, তা জনসম্মুখে দেখানো হোক। সকল,সমস্যা র ব্যাখা কোন চ্যানেল এর মাধ্যমে জনগনকে বুঝিয়ে দেওয়া হোক।""",Dhaka,,
"""জুলাই সনদ বাস্তবায়ন না করলে,, এই সংসদ অবৈধ,, ৭২ সংবিধান দেশ চললে,, ৭২ সংবিধানে নির্বাচন ২৯ সালে,, জুলাই সনদ বাস্তবায়ন না হলে জুলাই যোদ্ধারা আবার রাস্তায় নামবো""",Dhaka,Natore,
জামিন দেওয়া শুরু হয়ে গেছে আমাদের সব জয়বাংলা নেতাদেরকে জামিন দেওয়া হোক ধন্যবাদ প্রধানমন্ত্রী তারেক রহমান স্যারকে,Cox's Bazar,,
"""আরে বেডা তুই হত্যাকারী, পুলিশ হত্যাকারী তোর কিসের কথা, , তোর তো বিচার হবে""",Dhaka,Comilla,
"""কোটার জায়গা কোটা রইল, জুলাই গেল জলে। ফকিন্নির পোলারা নেতা হইল, লীগের লুঙ্গির তলে।""",Jamalpur,,
"""১৭ বছর দলীয়করণের বিরুদ্ধে বললেন, আর এখন নিজেরাই সারাদেশ দলীয়করণ করলেন এটার নাম-ই মুনাফিকি।""",চট্টগ্রাম,কক্সবাজার,Cox's Bazar
আমরা রাজপথের প্রস্তুতিও নিচ্ছি। - নাহিদ ইসলাম,Panchagarh,,
আলহামদুলিল্লাহ,Dhaka,Mymensingh,
উনাকে আজিবন রাষ্ট্রপতি করে রাখার জোর দাবি জানাচ্ছি,Dhaka,Tangail,Kushtia
"""খেলা যে চলছে কোন লেভেলে, বোঝা বড় দায়""",Dhaka,Manikganj,
অনেকে চিল্লা চিল্লি করছিলো কিন্তু সবি তো i have Plan,ঢাকা,Dhaka,Rajshahi
কার পাশা গেছে কার টেবিলে খেলা যে চলছে কোন লেভেলে,Dhaka,,
ইয়েছ উদ্ ের মত কেউ হয়ত আসছে।,Sylhet,,
কে হতে যাচ্ছে সেই ভাগ্যবান ব্যাক্তি,Dhaka,Narsingdi,
আমাকে রাষ্ট্রপতি হিসেবে নেয়া যাবে কি বস?,ঝালকাঠি,Barisal,
"""কেউ আইনি নোটিশ পাঠাতেই পারে, কিন্তু রাষ্ট্রপতি অপসারণের ক্ষমতা শুধু সংসদের হাতে। সংবিধান কী বলে সেটা আগে জানা দরকার।""",Khulna,,
শপথ বিষয়ক মন্ত্রণালয় গঠনের দাবি জানাচ্ছি এবং তাকে ঐ মন্ত্রণালয়ের মন্ত্রী বানানো হোক,Dhaka,,
"""সাধারণ নাগরিক হিসেবে জানতে চাই, একাত্তরের মহান মুক্তিযুদ্ধ ও মুক্তিযোদ্ধাদের অস্বীকার বা অপমান করার ঘটনায় মান্যবর আইনজীবী সাহে…""",Dhaka,Sylhet,
"""ওনি যখন শপথ নিয়েছে, তখন তো জুলাই ছিলো না,""",Dhaka,Feni,
এই দামড়াকে রাষ্ট্রপতি রেখে খালি অজস্র সমালোচনার জন্ম দেওয়া ছারা কাজের কাজ কিছুই হবে না। পাঁঠাটাকে দ্রুত সরানো দরকার।,Dhaka,,
চাটাচাটি করে লাভ হলো কই,রাজশাহী,Dhaka,Munshiganj
Mr. Tareq has a plan!,Dhaka,Rangpur,
ধন্যবাদ তারেক রহমান কে,Dhaka,,
ওরে ভাই এখানে ও সমঝোতা চলতাছে,Dhaka,Khulna,Barishal
আম ছালা সব গেল তাহলে,Dhaka,,
Cat out of the bag,Dhaka,Naogaon,
রাষ্ট্রপতি কি জুলাই সনদের শপথ নিছে নাকি,Dhaka,Barisal,
আলহামদুলিল্লাহ,Dhaka,Khulna,Satkhira
নজরুল ইসলাম খান আমার মনে হচ্ছে,Rangpur,Dinajpur,
বেছে বেছে ছবিটা সেরা দিছেন,Dhaka,Rangpur,Pabna
Valo decision,নীলফামারী,Dhaka,Rangpur
ওমা এখন সংবিধান কই গেলো? এর মেয়াদ তো ২০২৮ সাল পর্যন্ত,Dhaka,Comilla,
বর্তমান রাষ্ট্রপতি ধন্য তিন সরকারকে একাই শপথ পড়িয়েছেন,সিলেট,Sylhet,Comilla
"""সব নাটক,রাষ্ট্রপতি নিজেই বলেছে বি এম পি চাইলে সরে যাবে,""",চট্টগ্রাম,Chittagong,
Ley Nahid Ahamed Niloy khamba jodi vlo vabe lig domon na kore tahole kiso din por Bnp Ry khuja pawa jabe na,Naogaon,,
নামের আগে মোঃ হয়ে গেছে এখন!,Mymensingh,Tangail,Sherpur
ডক্টর ইউনুসকে নতুন রাষ্ট্রপতি বানানো হোক।,Dhaka,,
The game started but prime point is loading...,Dhaka,,
"""তারাই বলে রাষ্ট্রপতির ক্ষমতা বাড়াতে হবে তাকে পুতুল বানিয়ে রাখা যাবে না, এখন আবার রাষ্ট্রপতি কথা বলতে গেলে ও আবার দোষ।""",Dhaka,Chittagong,Noakhali
"""আরে ভাই আসল কথা হইল প্রবাদে আছে যার নাক কাটা যায় একবার সে যায় বাড়ির বাহির দিয়ে, আর যার নাক কাটা যায় বার বার সে যায় বাড়ির ভিতর দিয়ে।""",Manikganj,,
"""প্রথমত, জুলাই বাংলাদেশের সংবিধানের কিছু না। কিছু না মানে কিচ্ছু না!!!…""",ঢাকা,Dhaka,
Power of GnZ,Dhaka,Rangpur,Kurigram
Taratari koren,চট্টগ্রাম,Khulna,Jessore
যতই চাটাচাটি করোক। উনাকে সেই লেভেলের একটা কিক দিয়ে বের করে দিবে এটাই শিওর।…,ঢাকা,সিলেট,Sylhet
এই কাজটা কোন বট বাহিনী কে করেছে,Dhaka,,
শেষ পর্যন্ত না দেখলে কিছুই বোঝা যাবে না কোন দিকে যাচ্ছে মোড়।,Dhaka,Khulna,Gazipur
চাটা চাটি করে মনে হয় লাভ হলো না,Sylhet,,
ওক্কে মামু,নরসিংদী,Dhaka,Rajshahi
চেটে নয় খেটে খাও,Dhaka,,
মনে হচ্ছে খেলা শুরু-!!,চাঁদপুর,Dhaka,Chittagong
"""ও কাগা অ, এত তেলাইলা তা-ও কাম অইলো না।""",Dhaka,Narsingdi,
ভালো উদ্যোগ,Dhaka,,
তাকে অতিদ্রুত সরিয়ে ফেলেন,Dhaka,Tangail,
বক কবির,Dhaka,Kishoreganj,
সঠিক সিদ্ধান্ত,Feni,,
ইয়া কিহা হুয়া,ঢাকা,Chittagong,
সঠিক সিদ্ধান্ত,Barisal,Patuakhali,
আলহামদুলিল্লাহ,Dhaka,,
Ahare jala ontore jala,Dhaka,Faridpur,
শাহরিয়ার সাহেব মাঝে মাঝে হাত দিয়ে দেখবেন বিছি আছে নাকি,Natore,,
রাষ্ট্রপতিকে স্থায়িত্ব করার পথ সুগাম করে দিলেন না তো?,Dhaka,Gazipur,
অতিরিক্ত বেশি চাটার কারণে তারেকের পায়ের চামড়া ক্ষতিগ্রস্ত হয়েছে সেজন্য অপসারণ,Sirajganj,,
অভিনন্দন বাংলাদেশ সরকারকে।,Dhaka,,
চুপ্পু আহারে বেচারা।শপথ পড়াতে পারল না,Dhaka,Panchagarh,
আমার মেয়ে মিথিলা লেখাটা পড়েছে মাশাআল্লাহ,Dhaka,Gopalganj,
Khobor ta nice and attractive,Dhaka,,
আসকে আমার মন ভালো নাই এত চাটাচাটি করেও লাভ হলো না,Dhaka,Pabna,
চলিতেছে সার্কাস,Dhaka,,
Alhamdulillah,Dhaka,Faridpur,
Varatia social media koi gelo jomat er??,Dhaka,,
Ahare chuppu,Dhaka,Gazipur,
ঠিকই আছে।,Dhaka,Rangpur,
সরিষার তেলে মনে হয় ভেজাল ছিল,Dhaka,,
Ahare,Dhaka,,
"""চাচাই চাইছিলো ইদটা অনন্ত গণভবনে করতে, তা আর হইলো না""",মেহেরপুর,Dhaka,Meherpur
ইউসুফ সরকারকে যদি ইট্টু...,Khulna,Jessore,
অবশ্যই নতুন রাষ্ট্রপতি দেশেএখনই প্রয়োজন।,Dhaka,,
আলহামদুলিল্লাহ দালাল মুক্ত দেশ চাই,Dhaka,,
শেষে তেল বাজী করে লাভ হলো না কাকা শুধু শুধু ইমেজটা নষ্ট করে দিলেন।,লক্ষ্মীপুর,Dhaka,
ওনার গদি নিয়ে টানাটানি করাতে অনেক কথা তো প্রকাশ হলো।,Dhaka,,
তেলে কাম হইলো না?,Dhaka,,
চাটখুর ও কট,ঢাকা,Dhaka,
Tarek Hasan Biplob vai,জামালপুর,Jamalpur,
Sob fa's hoye gase bangu dr tai akn dhama chapa dite uthe pore lagse,Dhaka,,
কি জানি মিস করে গেলাম! কি বলসে?,Dhaka,Gazipur,
লোকটা যেই গাছের ছায়ায় অশ্রয় নিয়েছিলো সেই গাছটা কাটার কি দরকার?,রংপুর,Dhaka,Barisal
না কেনো ওনাকে রেখে দিক নতুন সরকারে খুব ভালো মানুষ!,Chittagong,Khulna,Bagerhat
সে হচ্ছে স্বৈরাচারী সরকারের গার্জেন ওকে আইনের আওতা আনা হোক,Sylhet,Habiganj,
চুপ্প্প্প্পু,Dhaka,,
কলম ছাড়া রাষ্ট্রপতি,Chittagong,,
খায়রুল দেওয়ান' কে রাষ্ট্রপতি বানালে কি হয়?,Dhaka,,
Khub valo,Naogaon,,
"""উনি সেচ্ছায় পদত্যাগ না করলে এই নোটিশের কোনো মূল্য নাই,""",গোপালগঞ্জ,Dhaka,Gopalganj
যাক একটাতো ভালো খবর পাইলাম কিন্তু কথা হচ্ছে যাকে নিয়োগ দিবে যেনো দেশের ভালোর জন‍্য উত্তম প্রমাণিত হয় এখন দেখা যাক বাঁকি পদগুলো…,Dhaka,,
চুপ্পু তো একদম চুপ হয়ে গেলো..!,Dhaka,,
সঠিক সিদ্ধান্ত,Sylhet,,
তেল মেরে ও অবস্থান ধরে রাখা গেলে নাহ আহা সোনা গো আমার,Sylhet,,
ড. ইউনুস কে রাষ্ট্রপতি বানানো হোক,Chittagong,Barisal,Jessore
চাটা চাটির শেষ।,Narayanganj,,
চাটাচাটির শেষ গড়বে শহীদ প্রেসিডেন্ট জিয়াউর রহমান এ-র নতুন প্রজন্মের নতুন বাংলাদেশ। তারেক রহমান এ-র নতুন প্রজন্মের নতুন বা…,Dhaka,,
চিং চাং পং,Sylhet,,
এত এত চেটে লাভ হলো না,Dinajpur,,
লাভ নেই,Dhaka,,
খন্দকার মোশাররফ কুমিল্লা ১ এটাই হয়তো প্যালান…,Chittagong,,
ভা‌লো হয়‌ছে!,Chittagong,,
আহহহহ তেলের দামটা স্থিতিশীল রয়ে গেলো। দুঃখজনক।,Barguna,,
৩ জনকে শপথ পড়িয়েছেন আর কতজনকে উনার কাছে যে শপথ নিতে হবে কে জানে,Dhaka,Sylhet,Habiganj
এই মাথামোটা আকামাটা এখানে কি করে,Dhaka,,
Onake July jadughore rakhar jor dabi janacchi,Dhaka,Chittagong,
Ahare,Sirajganj,,
এবার চুপ্পুর তৈল মারা বন্ধ হয়ে যাবে।,Rajshahi,,
"""সম্পর্ক বদলে গেলো একটি পলকে,,,,,,,,,,""",Chittagong,,
BNP er eto Mood swing hoy ken,Dhaka,Munshiganj,
Uchit kaj,Dhaka,,
"""আমরা ওনাকে চাই,ওনার মত রাষ্ট্রপ্রতি পাওয়া ভাগ্যের ব্যাপার।""",Chittagong,Comilla,
আহা রে সোনাগো আমার খুউব কষ্ট বলো,Dhaka,Chandpur,
জানাজা অনুষ্ঠিত হবে কখন?,Dhaka,,
এটা ঠিক আছে কারণ সৈরাচারের রাষ্ট্রপতি,ঠাকুরগাঁও,,
এটাই স্বাভাবিক।,Dhaka,Narsingdi,
এত কিছু করার পরও শেষ রক্ষা হলো না।,Chittagong,Comilla,
তাহলে এখন এটা কি ক্ষমতার অপব্যবহার হবে না যে মেয়াদ শেষ না হতে একজন রাষ্ট্রপতিকে অপসারণ করা এটাকে নেয় নাকি অন্যায়,Chittagong,Noakhali,
"""আইনি নোটিশে রাষ্ট্রপতি অপসারণ হাস‍্যকর, সংবিধান অনুযায়ী সব কিছু হবে। বর্তমান সরকারের সংসদ অধীবেশনে সংসদ সদস্যরা ইচ্ছে করলেই বর…""",Dhaka,,
খাইরুল ইসলাম,কুষ্টিয়া,Dhaka,Kushtia
এত এত চাটাচাটি করেও কোন লাভ হলো না,Tangail,,
দে লাড়া,Dhaka,Jamalpur,
এইটা কেমন খেলা?,Chittagong,,
আমরা চাই আরো থাক,Dhaka,,
Rajakarera abar notish disse.,Dhaka,,
চাটলে নাকি প্রমোশন হয় এখন দেখি ডিমোশন হয়েছে,Chittagong,,
রাস্ট্রপতি গভর্নর নারে,Dhaka,,
এত পাম দিয়েও কাজ হলোনা,Dhaka,Khulna,
তেল মেরে লাভ হলো না উল্টো ক্ষতি হয়েছে,Dhaka,Mymensingh,Gazipur
হায়রে দেশের অবস্থা,Dhaka,Jamalpur,
"""ইউনুসের সময় পারেন নি,আর এখন এটা কিভাবে করবেন.!""",Rajshahi,Barisal,
আই হ্যাভ এ প্লান,Chittagong,Bagerhat,
Cagol kobir pathaice aini notice Mani ki ar bolbo.,Chittagong,Lakshmipur,
ইউনূসের জন্য হাগতে মুত্তে ও যাইতে পারে নাই ভাবছিলো একটু শান্তিতে হাগবে মুতবে …,Barisal,,
"""শেষ বেলায় একটু চেটে গেল, তা ও গদি রক্ষা হলো না""",ঢাকা,Dhaka,Khulna
এত কিছুর বক্তব্যর পর আমি তো মনে করছি উনি থাকবে,Comilla,,
সাংবাদিক ভাই। আমার নামটা একটু প্রস্তাব কইরেন।,Dhaka,Khulna,Kushtia
যেখানে মাল সেখানে চলে যাক,Dhaka,,
এরে ঝাড়ুর মালা দিয়ে বিদায় করা উচিত,Dhaka,Chittagong,
আই বেইগুন,Dhaka,Bogura,
খায়রুল দেওয়ান রাষ্ট্রপতি,Sirajganj,,
শেষ,Dhaka,,
কুফা মুক্ত হওয়ার চেষ্টা,Dhaka,Brahmanbaria,Chandpur
Morgi shariyar Rajakarta?,Dhaka,Gazipur,
I have a plan,Dhaka,Rangpur,Gazipur
ওনি এতো যে ছিলো এইটা ওনার ভাগ্য,Dhaka,Patuakhali,
Ai july k kendro kore jamat sibir payda lutar chesta korteche,Feni,,
রমজান মাস কিছু বলতেও পারছি না আল্লাহ সবাই কে হেদায়েত দান করুক আমিন,রাজশাহী,Dhaka,Rajshahi
ও আল্লাহ কেন,Dhaka,,
"""তিন বছরে তিনজন সরকার কে শপথ পরিয়েছে, তাই রিস্ক না নেওয়াই ভালো""",Dhaka,,
ইউসুফের সত্য তুলে ধরেছে বলে এই কাহিনী।,Chittagong,Noakhali,
নাইস এন্ড এট্রাকটিভ।,Chittagong,,
জাউরা শাহরিয়ার,Dhaka,Barisal,Bhola
চাটা চাটি করে ও লাভ হলো না,Dhaka,Comilla,
এতো তৈলমর্দনেও কাজ হলোনা ইশশশশ,Rajshahi,Chapainawabganj,
চুচু চুচুউপপু,Bogra,,
এবার চুপ্পু কাকার খবর আছে,Dhaka,,
অপসারণ চাই।।,Dhaka,Tangail,
উনি অপসারিত হলে অনে অপকর্মের বয়ান মিডিয়ায় প্রকাশ করবে...,Dhaka,Khulna,
গুড এটাই কল্যানকর.,Dhaka,Kushtia,
"""চপ্পু একটু ভালো সাজতি ছিলো তা গেল গুপ হয়ে,,,""",Khulna,Jessore,
Mamar barir abdar?ekdol esa bllo r hye glo?sob kcur ekta songbidhanik niom ase abal kttogula,Dhaka,,
"""এ ক্যায়া হুয়া,ক্যাছে হুয়া""",Chittagong,,
Telbaji koreo lav holona,Chittagong,,
নতুন সরকার নতুন রাষ্ট্রপতি নিয়োগ হবে এটায় সাভাবিক,Dhaka,Thakurgaon,
সঠিক সিদ্ধান্ত।,Dhaka,,
Tel mere o kakar lav hoilo na,Dhaka,,
Chuppo kaku,Dhaka,Mymensingh,
শেষ চটাচটি করে কি লাভ করলো,Rajshahi,Bogra,
ওনি বুযেছে আমি আছি,ঝালকাঠি,,
Good news,Sylhet,,
চাচাকে তাইলে দিলো (),Dhaka,Barisal,
দুই বালতি সমবেদনা। একবালতি দিয়ে চোখ মুখ ধুবেন আরেক বালতি দিয়ে জিহবা ধুবেন কারন যে চাটা চাটছেন জিবহা না ধুইলে ডাইরিয়া হবে,Chittagong,Brahmanbaria,
Le haluya,Dhaka,Munshiganj,
কি যে বলবো,Dhaka,Kishoreganj,
আহা গো,Dhaka,,
জুলাইতে নাকি বাংলাদেশ জংগী হামলা হয়েছিল।,Dhaka,Manikganj,
"""হালায় পাগল হয়েছে, সংবিধানে ২৪ কোথায় পেলো""",Bogra,Sirajganj,
দিলে তো তাদের জন্নি ভালো,Barisal,Bhola,
রাষ্ট্রপতি অপসারন সংবিধানে নাই। তিনি নিবাচিত রাষ্ট্রপতি।,Dhaka,,
সবার আগে ভারত,Sylhet,,
ওরে চাটাচাটি! কি লাভ হইলো চুপ্পু সাহেব?,Dhaka,Bogra,
এই নেও ঠেলা,Dhaka,Rangpur,
"""চাটাচাটি করে লাভ হলো কি ,আই হ্যাভ এ প্ল্যান এর খেলা।""",সিলেট,Dhaka,
kutta Shahriar,Sylhet,Rangpur,
এত তেল মাইরাও লাভ হইল না,Mymensingh,,
উনাকে আজীবন রাষ্ট্রপতি রাখার দরকার কারণ ওনার নিকট শপথ গ্রহণ করলে দেড় বছরের বেশি কেউ টিকে নাই তাই আমরা নতুন নতুন প্রধানমন্ত্রী চাই,Chittagong,Brahmanbaria,
Allhamduulillaha,Dhaka,Faridpur,
উনি পর পর তিনজনকে শপথ পাঠ করিয়েছে আপনাদের আশা আর কতজন কে করাতো!,Dhaka,Chittagong,Lakshmipur
"""এবার চাচা কেমন ফিলিংস, একটু বলেন প্লিজ""",Dhaka,Barguna,Patuakhali
পাঁ চেটেও কাজ হইলো না আহারে সোনা সুগার বেরে জাবে তো,Barisal,,
পারফেক্ট,Chittagong,Feni,
গিরগিটির মতো চরিত্র বদল করেও কোন লাভ হলো না। এদের মত ব্যক্তি কারো আপন হতে পারে না।,Dhaka,Gazipur,
ভালো সিদ্ধান্ত,Chittagong,,
Eto tel diyeo kaj hoilo na,Dhaka,Pabna,
জুলাই আবার কোন সংবিধানে আছে?…,Dhaka,Comilla,
সংবিধান মানলে ২৯ এর আগে নির্বাচন অবৈধ। বাংলাদেশ সব কাজ অবৈধ ভাবেই হয়।,Dhaka,Barisal,
Next president amake appoint korleo parten,Dhaka,Chittagong,Khulna
Becara,Chittagong,Lakshmipur,
বিস্তারিত না পড়েই একেকজন খুশিতে আত্মহারা,Tangail,,
এতো তেল মেরে চাটা চাটি করেও লাভ হইলো না,Dhaka,Comilla,
"""দুঃখীত জনাব সবাই তেল বাজি পছন্দ করে না ,""",Barisal,,
Fhaaaaaaaaaaaaaaaaaaaaaaaahhhhhhhhhhhhhhh,Dhaka,Narail,
Good information congratulations to love,Rajshahi,,
সাহাবুদ্দুন Be like - এতো চেটে লাভ কি হলো,Dhaka,,
সারকেস মঞ্চ অনুষ্ঠানের কিছু দ্রশ্য এইভাবে দেখবে জাতি বুজতে পারেনি,Comilla,,
Gaza ki free paoa jache naki Bangladesh a,Dhaka,,
নরেন্দ্র মোদি আমার আব্বা লাগে এই জন্য ইন্ডিয়াকে আমি সাপোর্ট করি,Dhaka,,
অতি দ্রুত অপসারণ করা হোক,Chittagong,,
Uni vlo,Dhaka,,
I will be Next president,Dhaka,Chuadanga,Kushtia
আহ্ এতো চেটেও লাভ হলো না,Dhaka,,
আহারে কাক্কু,Chandpur,,
জামাতের আবেদন,Dhaka,,
তাহলে তেলাই কাজ হয় নাই,Dhaka,Chandpur,
Tara tarii,Dhaka,,
আহারে বেচারা কতো চেষ্টা করলো dr.muhammad yunus কে ভিলেন বানাতে শেষে মনে হয় নিজেই চেয়ার ধরে রাখতে পারবেনা,Dhaka,Mymensingh,
Amake Tarek Rahman klk call dice Ami new President,Feni,,
Next Ami Bangladesh ar suwa poti Hoita chai,Dhaka,,
"""Alhamdulillah,,, জনতা খেপে আছে""",Dhaka,,
Natun rastroproti chai na unakai raka din,Khulna,Jessore,
Tela shamlaw tel mairao kam oilona,Sylhet,,
খাইছে রেহ! এত এত তেল মালিশ করেও কাজ হল না!,ঢাকা,Dhaka,Sylhet
"""আপাতত ভালো সিদ্ধান্ত, দেখা যাক এরপর কে আসে।""",Dhaka,,
"""হেতে আর কয় খাইতে চাইছিল, কিন্তু এতো ডিস্টার্ব করেন কেন""",Chittagong,,
নোটিশের মালিক কেই নোটিশ,Dinajpur,,
ফাস্ট দ্রুত করেন,Dhaka,,
Chuppu ei chuppu,Sylhet,,
সমঝোতার মাধ্যমে কি ওনাকে রাখা যেত না,Chittagong,,
এটা জনতার দাবী,সিলেট,Sylhet,
এরাও খেলায় নিলো না!,কুমিল্লা,Chittagong,Comilla
"""Uncle president pod teke soriye somporti, bank account jobdoh kore justice kora houk immediately""",Dhaka,Khulna,
"""ব্যারিস্টার শাহরিয়ার দিছে , আইনি নোটিস সাংবাদিক হচ্ছে শুক্রাণুর মত লাখে একটা ভালো হয়""",Rajshahi,,
ব্যবহার শুধু করলো বুঝতে পারে নাই,Panchagarh,,
"""এটাতো bnp র ইচ্ছার উপরে নির্ভরশীল, আইনি নোটিশ কেন""",Dhaka,,
অপসারণ পরে ওর আগে বিচার হইতে হবে,Dhaka,Narayanganj,
Chudling pong,Dhaka,,
আলহামদুলিল্লাহ আশা রাখি খুব তাড়াতাড়ি কার্যকর হবে,বরগুনা,Barisal,
প্লান অনুযায়ী কাজ চলতেছে,Dhaka,,
লেও ঠ্যালা,Chittagong,Barisal,
দেশের ৯০% লোক বলে July CDI,Dhaka,Kishoreganj,Cumilla
72 সংবিধান বহাল থাকা অবস্থায় রাষ্ট্রপতির বিরুদ্ধে আইনি নোটিশ পাঠিয়ে অপসারণ । রাষ্ট্রপতি ইচ্ছা করলে রাজনৈতিক ঝামেলা পাকিয়…,Dhaka,Sirajganj,
গুপ্পু,Bagerhat,,
মহতি উদ্যোগ,Dhaka,,
এটি অনেক আগেই হওয়া উচিৎ ছিল।,Khulna,,
খাম্বার পা চেটেও শেষ অব্ধি গদি টিকিয়ে রাখা গেলো না।,Sylhet,,
Kon deshe bas kori raster prodhan k public bad dite chay,Lalmonirhat,,
জুলাই কি সংবিধানের অংশ ? আর জুলাই দিয়ে কি উনি মহামান্য রাষ্ট্রপতি হয়েছেন?,Dhaka,,
ইট উডবি ড.ইউনুস।,Chittagong,Chandpur,
এবার ঠিক আছে,Dhaka,,
আমি তো রাষ্ট্রপতি তাকেই মেনে নিয়েছি এইতো থেকে যাবে,গোপালগঞ্জ,Khulna,Bagerhat
আলহামদুলিল্লাহ,Dhaka,,
Chudlikpong des ar manus aintar opakkhi chilo…,নাটোর,Dhaka,Chittagong
সংবিধানের বাইরে। সংবিধানের বাইরে কার্যকলাপ দেশের অবস্থা খারাপ করতে পারে।,Chittagong,,
হেমায়েতপুর পৌঁছে দেন।,Chittagong,,
গনহত্যায় এর দায় আছে …,Dhaka,Rangpur,
বাংলাদেশের সংবিধান অনুযায়ী রাষ্ট্রপতিকে “জোর করে” অপসারণ করা সম্পূর্ণ অবৈধ এবং গুরুতর অপরাধ। বাংলাদেশের সংবিধান (গণপ্রজাতন্ত্…,Chittagong,Brahmanbaria,
চুপ্পু সাহেব কে চুপ করিয়ে দিল কেন।,Dhaka,Munshiganj,
আগের বাঘে খাইছেরে মনা!! এখন আর আগের নাই!!,Dhaka,,
Aree thaak oi thaaklee kufaa lagboo,Dhaka,,
গুড,সুনামগঞ্জ,Khulna,Satkhira
আলহামদুলিল্লাহ,Dhaka,,
সর্বশেষ একটা চাটাচাটি দিয়েছিল,Dhaka,,
Jak i have plan mone hoy success hbe,Dhaka,Tangail,
ছাগল এখন ঘেউ ঘেউ করবে শুধু,Dhaka,,
মানি না মানবো না। আমাদের প্রিয় মানুষ থাকতেই হবে। উনি বীর।,Dhaka,,
Kano fash koira disse tai ?,Dhaka,Gopalganj,
আরে ভাই আপনারা ৭১ কে অস্বীকার করেন তবে আপনাদের কি হবে,খুলনা,,
"""সেই লেবেলে চাটাচাটি হয়েছিল,লাভ,হলো না""",Dhaka,,
তেল শেষ মেয়াদ ও শেষ,Dhaka,Narsingdi,
ভারতের আরেকটা বিজয় মির্জা ফখরুল সাহেব রাষ্ট্রপতি।,Dhaka,Gazipur,
এতো তেল মাখানো তে ও কাজ হলো না,Dhaka,Khulna,
থাকতে পারলো না মাঝখান থেকে মানসম্মান গেল,Khulna,Kushtia,
ড.মোহাম্মদ ইউনুস হবে আগামীর রাষ্ট্রপতি,Dhaka,,
"""নারে তাগবির আল্লাহু আকবার ইনকিলাব-জিন্দাবাদ। দিল্লী না, ঢাকা? ঢাকা-ঢাকা। …""",Dhaka,,
আইনি নোটিশে কি আসে যায়। রাষ্ট্রপতি অপসারণ পদ্ধতি ২টি। হয় উনি নিজে পদত্যাগ করবেন নয়তো সংসদ কর্তৃক অভিশংসন হবেন।,ঢাকা,Cumilla,Comilla
এ্য চুপ্পু কাকু,সিলেট,Sylhet,
হইচেনি এবার আহারে বেচারা শেষ বয়সে যা একটু চাটাচাটি করলো তাও কাজ হলো না।,Dhaka,,
এইবার নিশ্চয়ই কিছু একটা আভাস পাচ্ছি আওয়ামীলীগ এর কেউ রাষ্ট্রপতি হয় কি না,Dhaka,,
Ri৮,Dhaka,,
"""রাষ্ট্রপতি হওয়ার মতো মাত্র একজন যোগ্য স্টেটসম্যান দেশে খুঁজে পাওয়া যাবে বলে বিশ্বাস করি না,,,,""",Dhaka,,
ahare,Dhaka,,
পাগলি ক্ষীর খা,দিনাজপুর,Sylhet,Gazipur
আমরা তাকে চাই,Dhaka,,
মনে হয় তেল মারা কম হয়েছে তাই শেষ পর্যন্ত খালি হাতে ফিরতে হবে।,Dhaka,,
"""খেলা যে চলছে কোন লেবেলে এ, চাটাচাটি করেও লাভ হলো না""",Dhaka,Gazipur,
এইডা ব্যারিস্টার শাহরিয়ার কবিরের আইনি নোটিশ। এই ধরনের শত শত নোটিস দেয়া যায়।,Dhaka,,
সিদ্দিক রে বসাইলে খারাপ হয়না,Dhaka,Pabna,
খায়রুল দেওয়ান কি ঘুমিয়ে আছে?,Khulna,,
আবার ইউনুস ষার কে আইনেন না,Rajshahi,,
"""এত চেটেও লাভ হলো না,""",Dhaka,,
ভালো খবর,Dhaka,,
পাগলের সুখ মনে মনে,Dhaka,Chittagong,Chandpur
চুপ্পুর গপ্পু হয়তো আর কাজে আসছে না,Dhaka,,
এসব আইনজীবী এবং খবর যারা ছড়ািয়ে দেশকে অস্থিতিশীল করতে চায় তাদের নামে দেশোদ্রোহী মামলা করা দরকার।,খুলনা,Dhaka,
এবার তারেক ডিম দিবে আপনাকেও মমে হয়,Dhaka,,
জামাতি চাগুদের,Chittagong,Noakhali,
ডক্টর ইউনুস স্যার কে রাষ্ট্রপতি বানাইলে কেমন হয়ে,Dhaka,Faridpur,
আইনি নোটিশ দিয়ে কি হবে উনি তো আইনের মাথা.....সংসদ না বসলে কোনো আইনি খাটবে না..।,Dinajpur,,
Ekdom thikase,Dhaka,,
"""সংবিধান মোতাবেক তিনি রাষ্ট্রপতি থাকাকালীন, যে গণহত্যা হয়েছে সেটা কি অপরাধ নয়, রাষ্ট্রের জনগণের প্রতি কি তিনি কি ভূমিকা রেখেছ…""",Dhaka,Lakshmipur,
তেলে ভেজাল ছিল,Dhaka,Barisal,
সহমত,Dhaka,,
ডক্টর ইউনূস এর মত বিশ্বখ্যাত মানুষকে রাষ্ট্রপতি করা উচিত,Dhaka,,
"""বাংলাদেশের সংবিধান অনুযায়ী, রাষ্ট্রপতি কে অপসারণ করার একটা মাধ্যম হলো অভিশংসিত করা। এটা তখনই পসিবল যখন তার বিরুদ্ধে সংবিধান লঙ…""",Dhaka,,
ঠিক আছে ভালো,Dhaka,Rangpur,
টেম্পু স্টানের পক্ষ থেকে শুভেচ্ছা,Dhaka,,
ফাইন,Dhaka,,
কেমন লাগছে দাদা,বরিশাল,Barisal,
অপসারণ চাই,ঢাকা,Panchagarh,
খেলা যমে গি।,Dhaka,,
গাছে কাঁঠাল গোঁফে তেল লাভ হবে না মহামান্য রাষ্ট্রপতি থাকবেন আমার তাই মনে হচ্ছে বিএনপি যদি সহযোগিতা না করতেন তাহলে আজকে সংবিধান…,Dhaka,Rangpur,Dinajpur
রাজাকার বনাম মুক্তিযুদ্ধ,Cox's Bazar,,
চাটাচাটি করে ও ফায়দা হলো না,Rajshahi,Pabna,
bishoyta holo..nice and attractive,চট্টগ্রাম,Dhaka,Chittagong
R8,Dhaka,,
ধন্যবাদ মাননীয় প্রধানমন্ত্রীকে। প্রত্যেক সেক্টরে ভালো লোক দরকার। বিশেষ করে যারা চামচামি না করে এমন ব্যক্তিকে দরকার।,Dhaka,Sirajganj,
হুদাই প্রথম অধিবেশন ডাকার পর এমনিতেই নতুন রাষ্ট্পতি আসবে। এ সব যারা করতেছে তারা করতেছে নাটক,ফেনী,Dhaka,Feni
ইউনুস নাকি,Dhaka,,
"""পুটকি টাও চাটছে,তাও লাভ হয় নাই""",Dhaka,Chittagong,Noakhali
জ্বালা অন্তরে জ্বালা,Dhaka,,
চুপ্পুর চাটা শেষ।,Narayanganj,,
সাহসী আইনজ্ঞ জনাব ব্যারিষ্টার শাহরিয়ারকে আন্তরিক ধন্যবাদ।,Dhaka,,
Kisuta alo dhaklam .... Gonvote er ray ta bastobaion kora houk …,Dhaka,,
"""এক চোর কে সরিয়ে। যেন আরেক চোর বসানো না হয়। সে দিক খেয়াল রাখা ধরকার,,""",Dhaka,,
Constitution er kon dhara anusare?,Dhaka,,
চাচা মনে করছিলো একটু তেল মারলে থাকতে পারবে।,চাঁদপুর,Feni,
পিনাকী কে রাষ্ট্রপতি করা হোক,Chittagong,,
পাবনার ঘী-তেও কাজ হইলো না আফসোস,Dhaka,,
আহারে,Dhaka,,
গুজব,Dhaka,Pabna,
কি চাটা চাটলো বাবারে বাবা তারপরেও লাভ হলোনা,Khulna,Bagerhat,
Alhamdullah,Comilla,,
"""কি লাভ হবে অঙ্গে ধরে নকল রুপের বায়না, ওরূপ দেখে চোখ ভোলেগো মন ভোলানো যায় না।""",Dhaka,,
সবাই কতো খুশি কিন্তু কে নোটিশ দিলো এইটা কেউ জানেও না জানার চেষ্টাও করে না জ…,Dhaka,,
যে জুলাই মানুষ শ্রদ্বাভরে স্মরন করে কিছু মানুষ বা গোষ্ঠী জুলাই কে তাদের নোংরামি ও স্বার্থ হসিলের হাতিয়ার বানানোর কারনে সে জুল…,Dhaka,,
শাহরিয়ার সাহেব এর মানষিক চিকিৎসা সকল খরচ বহন করা উচিত রাষ্ট্রর,Dhaka,Narayanganj,
ভালো কাজ,Dhaka,,
আমাকে আলোচনায় রাখতে পারেন,Barisal,Bhola,
অভিশংসন 200 ভোট দিলে হবে ভোট তো আছে 70 টা বাকি কি হবে।,Dhaka,Pabna,
Alhamdulillah,Dhaka,,
লীগেরা একটু গুহা থেকে বের হওয়া শুরু করছিলো। ধুর কি হয়ে যাচ্ছে এসব,Dhaka,,
"""থাকা না থাকা সমান কথা,,,,,""",Chittagong,,
"""জনগণ আসল গেমটা বুঝলো না,,, এগুলোকে দিয়ে হাসিনার বিরুদ্ধে সাক্ষী দিয়ে নিয়েছে""",কুমিল্লা,Khulna,Comilla
আহারে! তেলবাজি করেও শেষ রক্ষা হলোনা কিন্তু রাষ্ট্রপতিকে অপসারণ ততক্ষণ করা যাবেনা যতক্ষণ সংসদ অধিবেশন না বসে,Dhaka,,
আবার তাকেই করা হবে,Dhaka,,
কোথাকার আইনজীবী নোটিস পাঠিয়েছে। সরকার কোন পদক্ষেপ নেয়নি।,সিলেট,Sylhet,
বাংলাদেশের সংবিধান অনুযায়ী রাষ্ট্রপতি হলো সকল আইনের ঊর্ধ্বে সুতরাং কে কি নোটিশ পাঠালো তাতে কোন কিছুই যায় আসবে না!,Dhaka,,
Kmne ki atto oiling dilo tao BNP rakhbena.. Mene nite parsinaaaa,Dhaka,,
জুলাই চেতনায় আঘাত লেগেছে।,Dhaka,,
ওয়াউ না?,Dhaka,,
কোনোভাবে কি আমাকে রাষ্ট্রপতি বানানো যায়?,Dhaka,,
আলহামদুলিললা,Dhaka,,
"""চাটা পছন্দ হয়নি সম্ভবত,,,সাদা মোচ ফুটেছে,,,""",Dhaka,,
"""যাহ,,,,খেলা শেষ""",Dhaka,Pabna,
পুক্কু,Dhaka,Manikganj,
ধন্যবাদ,Dhaka,,
চপ্পু,Dhaka,,
কার পাছা গেছে কার টেবিলে খেলা আজ চলছে কোন লেভেলে,Dhaka,,
রাষ্ট্রপ্রতিকে অপসারণ করলে সংবিধান সংকট হবে! বিএনপির সংবিধানের কি হবে তা-হলে,Dhaka,,
পিনাকি গতকালকে চুপ্পুকে জয় বাংলা করার পর বিএনপি থেকেও জয় বাংলা হয়ে গেল....,Dhaka,,
এইসব ভন্ডামি আমরা আগেই জানতাম,Dhaka,Chandpur,
ইউসুফ সরকার তাকে ক্ষমতায় থকতে দিচ্ছে না,Dhaka,Chittagong,Chandpur
আলহামদুলিল্লাহ,Dhaka,,
মন খারাপের ছবি!!,Dhaka,Manikganj,
Nahid Islam effect,কুমিল্লা,Dhaka,Chittagong
কোন সংবিধানের আলোকে রাষ্ট্রপতিকে অপসারণ করবেন?,Dhaka,,
এসব নিউজ দেখতে আমার ভাল লাগে না,Dhaka,,
রাষ্ট্রপতির উচিত রাষ্ট্রদ্রোহ মামলা করা,Dhaka,,
ভেরি গুড,Dhaka,,
তেলে কাম হইল না,Dhaka,Rangpur,Gazipur
দিক আছে good news,Dhaka,Munshiganj,
৭১কে অসম্মান করার জন্য আগে ব্যারিস্টার শাহরিয়ার কবির এর বিচার হওয়া দরকার । আর তাদের দলকে নিষিদ্ধ করা হোক।,Rajshahi,Joypurhat,
চলিতেছে সার্কাস,Dhaka,,
সংসদ অধিবেশন নতুন রাষ্ট্রপতি হবে।,Chittagong,Noakhali,
বারোর ভাইকে চাই,Dhaka,,
সহমত,Sylhet,,
কি দরকার ছিল এক মাছতুত ভাই কে সরানোর ।,Dhaka,Rajshahi,
এই মাল কে আরও আগে সরাইতে হইত বড্ড দেরি হয়ে গেল,Feni,,
জন রায়ের সংসদ সদস্যরা শাহাবুদ্ চপ্পুকে অপসারণ করবে কিংবা রাখবে সেটা তাদের এখতিয়ার। এখানে আবার আইনি নোটিশ কিসের।,হবিগঞ্জ,Lakshmipur,
ভালের নোটিশ,Dhaka,Sylhet,
"""অপসরণ যদি করতেই হয়, মহামান্য রাষ্ট্রপতিকে সম্মানের সহিত অপসারণ করা এদেশের জনগণের দাবি""",Lalmonirhat,,
Jonorose pore anek kico bodlabe...R Dellir dalali Jara korce chea chea dekbe...Delli na Dhaka.....Dhaka ..Dhaka....,Dhaka,Gazipur,
জীবনডা বেদনা,Dhaka,Jashore,
"""তারপরের সিরিয়াল মনে হয় আমাদের ওয়াকারুজ্জামানের,,""",কিশোরগঞ্জ,Dhaka,Kishoreganj
কিন্তু কেনো সে তো চাটাচাটি কেবল শুরু করছে আরেটু তেল মেরে চাটার সুযোগ দেওয়া হোক,Dhaka,,
মধু হই হই আরে বিষ হাওইলা…..,Chittagong,,
আহারে এতো চেটেও টিকতে পারলো না,Tangail,,
আলহামদুলিল্লাহ,Noakhali,,
ইন্নালিল্লাহে ওয়াইন্না ইলাইহে রাজিউন।,Chittagong,,
তাইলে কি আর তার হাতের চতুর্থ শপথ আমরা দেখতে পারবোনা,Gazipur,,
যতই চাটা চাটি কর আর রেহাই হবে না কাক্বু এখন বিন্দাবন যাও,Dhaka,,
It's very good discussion,Dhaka,,
মুরগি ডাক দিল,Chittagong,,
এত ত্যাল দিয়ে তবে কি কোন লাভ ই হইলো না?,Dhaka,Pabna,
আহারে লোকটা আরও কিছু থাকার জন্যে কত কিছুই না বললেন,Dhaka,Pabna,
এই আইনি নোটিসে রাষ্ট্রপতির কিছুই যায় আসে না। আর উনি জুলাই নিয়ে কোনো নেগেটিভ মন্তব্য করে নাই। উনি শুধু উনার সাথে ইউনূস কি আচর…,Dhaka,,
A Great decision,Chittagong,,
উনি তো জুলাই সংবিধানে শপথ নেন নাই,Chittagong,,
যেমন রাস্ট্রপতি তেমনই নোটিশ!একজন রাস্ট্রপতি তার নিজের গোপনীয়তার শপথ ভঙ্গ করে সশস্ত্রবাহিনীকে নিয়ে এবং সদ্য সরকার গঠন করা একটা …,Dhaka,Pabna,
নিউজ হেডলাইন দেখে নয় চিপায় গিয়ে দেখতে হয় আমাদের নিউজ মিডিয়ায় কি সেটা তো ভিতরের না গেলে বুঝবেন না।,Dhaka,Madaripur,
ঐ আইন ব্যবসায়ীকেই আইনের আওতা আনা খুব জরুরী।উনি নাম কিনতে চাচ্ছেন ? উনি কি জানেন না রাষ্ট্রপতি ক্ষমতাশীন থাকা অবস্থায় তাঁর ব…,নওগাঁ,Dhaka,
নেক্সট ওয়াকারউজ্জামান।,Dhaka,Narsingdi,
আইনি নোটিশ দিয়ে রাষ্ট্রপতি হটানো যায়?,Dhaka,Chittagong,Brahmanbaria
ব্যারিস্টার বিড়ি শাহারিয়ার,Pirojpur,,
Alhumdulillah,Dhaka,Chittagong,Brahmanbaria
জরুরী ভিত্তিতে গ্রেফতার করার জন্য জোর সুপারিশ করছি।,Dhaka,,
দেশপ্রেমী রাষ্ট্রপতি নিয়োগ দেওয়া হোক।,নরসিংদী,Dhaka,Barisal
জালা রে জ্বালা অন্তর জ্বালা।,Dhaka,Mymensingh,
"""আইনের নোটিশ দেওয়া লাগবে যখন সাধারণ মানুষ পতিবাদ করে তখন, এই রাষ্টপতির কাছেইত শপথ সহ নির্বাচন হয়েছে, তাহলেন এখন বাদ কেন, নাটক ক…""",Khulna,,
বটতলার উকিলের অভাব নাই দেশে মনে হয়।,Dhaka,Rangamati,
টিকি আছে হ্যা থাকলে কই পর আবার জুলাই হবে,Dhaka,,
Mojlum er opor julum kn Sobai vag kore khao…,Rangpur,,
এটাই সাভাবিক প্রক্রিয়া।,Chittagong,,
সম্পর্ক বদলে গেল একটি পলকে,ঢাকা,Dhaka,Narsingdi
খেলা জমে ক্ষির!!!!,Dhaka,Munshiganj,
Chobi nam dhora,Dhaka,Cumilla,
নোটিশ দিয়েছেন কে সাওয়ার কবির,Dhaka,Jamalpur,
চাটাচাটি করে লাভ কি হলো,Thakurgaon,,
ছ্যছড়া রাস্ট্রপতি,Chattogram,Chittagong,
উনাকে পরিবর্তন করাটাই জাতির জন্য মঙ্গল,Dhaka,,
চুপ্পু আছে এখন চিপায়,Chittagong,Narayanganj,Brahmanbaria
ব্যারিস্টার সাহেবকে রাষ্ট্রপতি বানালে কেমন হয়? এতে খুব তাড়াতাড়ি আমরা ৫৫ বছর পিছিয়ে যেতে পারবো! …,Chittagong,Chandpur,
কাজের কাজ,Panchagarh,,
দালালি করে লাভ হইলো না কাকা,গাজীপুর,Dhaka,Barisal
jome khir,বাগেরহাট,Khulna,Jessore
এটা কোন আইন যে রাষ্ট্রপতি কে আইনি নোটিশ দেয়,Chittagong,,
"""নোটিশ দিলটা কে তাতো জানা দরকার, অনেক ধরনের নোটিশ আছে""",Dhaka,,
ইউনুস কে রাষ্ট্রপ্রতি হিসাবে দেখতে চাই,মৌলভীবাজার,Sylhet,Moulvibazar
তেল এর দাম কম,Dhaka,,
আহারে ঝড় তুলবে কে তাহলে?,Dhaka,Bagerhat,
আজ টিভিতে দেখলাম কক্সবাজার টেকনাফ এর ইয়াবা ব্যাবসায়ী বদি জামিন পাইলো কি করে? মনে হয় বাংলাদেশের ভবিষ্যৎ আরো অন্ধকারে পা দিতেছে।…,চট্টগ্রাম,,
ধন্যবাদ Thank you. Al Jazeera English …,Dhaka,,
খেলা চলছে সেই লেবেলে,Chittagong,,
তারেক রহমানের.......পায়ে তেল মেরেও শেষ রক্ষা তাহলে আর হবে ন মনে হচ্ছে,সিলেট,Sylhet,
Sifat Hasan Mohammad Omor Faroq khela sesh out,Chattogram,Chittagong,
তেলেসমাতি কাজে আসবে না মনে হয় কদমবুসি বাবার।,Chittagong,,
এখন কেনো অপসারণ? আবার মিডিয়ার মাধ্যমে সেটাকে সহজলভ্য করা হচ্ছে। ৫ আগষ্টের পর যখন ছাত্ররা আন্দোলন করেছিলো তাকে সরানোর জন্য তখন…,Dhaka,Chittagong,Lakshmipur
খেলা পুরাই ফুলল হয়ে গেল,Khulna,Jessore,
পাপ্পু স্যার আমার প্রিয় একজন ব্যক্তি,Sylhet,,
"""সঠিক সিদ্ধান্ত অনেক হয়েছে,,""",ব্রাহ্মণবাড়িয়া,Chittagong,Brahmanbaria
ব্যালিষ্টার,Sylhet,,
আমার আরো মেয়াদ আছে …,Comilla,,
"""ব্যক্তিকে মর্যাদা না দিলেও আইনে আছে পদকে মর্যাদা না দিলে আইন লঙ্ঘন হয়। যেখানে রাষ্ট্রপতির নামের আগে মহামান্য লিখতে হয়, সেখানে …""",Sylhet,,
চুপ্পু সাহেব বাকি জীবন পাবনায় কাটান মানে নিজ গ্রামের বাড়িতে,Dhaka,,
See you not for mind have a relax,Bogura,Bogra,
রাষ্ট্রপতি ইউনূসের সব অপকর্ম প্রকাশ করে দিচ্ছে তাই তাকে তাড়াতাড়ি সরিয়ে দেওয়া পায়তারা চলছে,Dhaka,,
তৈল মাখনে তিনি কি তাহলে ব্যার্থ হল!,Dhaka,Madaripur,
পরিবতন করেই এগিয়ে যেতে হবে।,Dhaka,,
আইনজীবী মুরগী কবির।,Dhaka,Bogura,
কেন বাদ দিবেন কত ভালো মানুষ…,সিলেট,Sylhet,
কালের কণ্ঠ পত্রিকার কি হবে এবার!,Chittagong,,
চুপ্পুর টাইম শেষ,Barisal,Bhola,
অতি তারাতাড়ি করতে হবে,Dhaka,,
ঠিক আছে এবার,Rangpur,Lalmonirhat,
বিএনপিকে যে লেভেলের চাটা দিছে তাতে করে ওনাকে ১ টার্ম না রাখলে বিশাল অন্যায় হয়ে যায়,Dhaka,Narail,
"""রাষ্ট্রপতির ব্যাপারে,,, কোনো প্রকার আইনি নোটিশ চলে না, রাষ্ট্রপতি নিজেই একটা আইন।""",Chittagong,,
চুপ্পু বুজে নাই খেলা যে কোন লেভেল এ চলছে আম…,Chittagong,Lakshmipur,
"""বাঙুরা আগে নিউজ পড়ো, পরে লাফাইয়ো""",ঢাকা,Dhaka,
২৮ সাল পর্যন্ত থাকবে এখুনি নামবে মানে,Dhaka,Pabna,
এত কোথায় ছিল এরা?,Chittagong,,
Nice & Attractive,Chittagong,,
ব্যারিস্টার শাহরিয়ার আর খাই কাম কি আছে,Thakurgaon,,
বেচারা তেল বাজি করেও রেহাই পেল না।,Rangpur,,
যথা উপযোগী উদ্যোগ নেওয়ার জন্য ধন্যবাদ।,Dinajpur,,
আহারে তেল দিয়েও লাভ হলো না,Khulna,Barguna,
চাটাচাটি বন্ধ হবে তাহলে,Dhaka,Gazipur,Kishoreganj
উচিৎ কাজ হয়েছে।,Dhaka,,
ইউনুস কে চাই আমরা,Dhaka,,
মাননীয় রাষ্ট্রপতি অনেক চেষ্টা করছে থাকার জন্য কিন্তু হলো না।,Dhaka,Barisal,Gazipur
এইডা হইলো কিছু এত তেল মারলো কাম এভাবে ক্ষতম করে দিল,Khulna,Jashore,Jessore
insaf kari man ke daoa hok,Dhaka,,
শেষ রক্ষা হলো না,Dhaka,Narayanganj,
খেলা চলতাছে অন্য লেভেলে ।,Dhaka,,
নতুন রাষ্ট্রপতি হিসেবে প্রফেসর মোঃ ইউনুছ স্যারকেই দেখতে চায় জনগণ,Chittagong,Chandpur,
Alhamdulillah,Bogura,Sherpur,
কঠিন মিরাক্কেল! চলতাছে।,Barisal,Bhola,
ইস চাটাচাটি করেও লাভ হলো না হইত,Dhaka,Khulna,Jashore
নোটিশটি পাঠিয়েছে আবার ব্যারিস্টার শাহরিয়ার,Dhaka,Khulna,Jessore
এইটা কি ছাগল শাহরিয়ার কবিরের কাজ?,Dhaka,,
"""নোটিশটা পাঠাইছে কে সেটাও তো দেখতে হবে, পাঠাইছে বটজীবিদের আব্বু শাহরিয়ার কবির! এটার মাজেজা কতটুকু তা আর বলার অপেক্ষা রাখেনা।""",Dhaka,Chittagong,Lakshmipur
সেনা প্রধান কেও সরাতে হবে।,Dhaka,,
এবার ঈদের নামাজ পড়ার জন্যই হয়তো ছুটি পেয়ে গেল মি. চুন্নু মামা,রংপুর,Bogra,Kushtia
আবারও ফিরে দেখান নতুন রাষ্ট্রপতি হিসাবে ড. মুহাম্মদ ইউনূস স্যার কে উনাকে দিলে দেশ অনেক দূর এগিয়ে যাবে,Cumilla,,
লও ঠেলা,Chittagong,,
আইনি নোটিশ না বলে বলেন আইনানদ্ধ শাহরিয়ার রাজাকার নোটিশ পাঠিয়েছে।,Dhaka,Tangail,
খেলা হবে,Dhaka,,
কে হতে যাচ্ছেন সেই কলার গাছ যার কোন কাজ নাই। শুধুমাত্র বসে বসে ঘুমানো,Dhaka,,
শেষমেষ খেলতে নিলোই না,Rangpur,Kurigram,
রামাদানে ভাজা পোড়া কম খাওয়া ভালো তাই এই ব্যবস্থা,Chittagong,,
পুকিটা,ঢাকা,Dhaka,
"""কমেন্ট করতে এসে দেখলাম বাংলাদেশের ৮০% লোক অশিক্ষিত। কারন তারা হয় পুরো আর্টিকেল পড়ে না, শুধু শিরোনাম দেখে কমেন্ট করে, না হয় পড়ে…""",Chittagong,Lakshmipur,Noakhali
শেষে এসে চামচামি করেও লাভ হলো না,Dhaka,Gopalganj,
"""জাস্ট এ লিগ্যাল নোটিশ, তার জন্য দুনিয়া শেষ।""",Dhaka,,
"""পা চাটার দলের সক্রিয় সদস্য, শেষ মূহর্তে এসেও সর্বোচ্য মানের তেল দিয়েও কোন লাফ হলো না। হলো শুধু অভ্যাস টা ঠিক রাখা""",Tangail,,
আহ্!!!!,Dhaka,Faridpur,
Date over gaja khaisa mone hoi,Dhaka,Chittagong,
Shahriar notice pathaise ! Murgi kobir !,Dhaka,Jamalpur,
বাংলাদেশে অসংখ্য আইন। আইনের পরিমাণ এত যে পৃথিবীর সমস্ত দেশের আইন একত্রিত করলেও বাংলাদেশ সমান হবে না।,Khulna,Jessore,Magura
এই দেশেরও আবার আইন আছে তাও আবার রাষ্ট্রপতিকে অপসারণের। যে দেশে কিনা হাইকোর্টের রায় একটা ওয়ার্ড কমিশনার গণেনা।,Dhaka,Chandpur,
Very good step….,Dhaka,,
চুপ্পু চুপ থাকাই ঠিক ছিল।,Dhaka,Munshiganj,
"""তারেক আব্বা চুপ্পুকে খেলায় নেয় নি...,""",Chittagong,Bandarban,
জামাত এনসিপির কীর্তিকলাপ ফাঁস করেছে বলে অপসারন ?,Chittagong,,
ওনি অনেক ভালো মানুষ…,বান্দরবান,Chittagong,
কার পাশা কাল টেবিলে যায় খেলা যে কোন লেভেলে চলছে বোঝা বড় দায়,Dhaka,,
"""সেইফ এক্সিট দিয়ে দেন, বেচারা দেশে খুব কষ্টে আছে""",Tangail,,
সালা এমন দেশে বাস করি,Rajshahi,,
He is better than Mr sahaharier,চট্টগ্রাম,Chittagong,
চাটি দিয়ে শপথ করে নেওয়া হলো না খালি,Rangpur,,
ভালোই হয়েছে,Comilla,,
[সন্দেহজনক লিঙ্ক সরানো হয়েছে]...,Dhaka,,
হুম তা যেন দ্রুততার সহিত হয়,Chittagong,,
Nice news,Chattogram,Rajshahi,Natore
সত্য বললে সবাই গায়ে লাগে,Chittagong,Brahmanbaria,
জিব্বা কি আছে নাকি শেষ?,Dhaka,Tangail,
Veery Good,Khulna,,
আহারে ঈদের নামাজ পরার সুযোগটাও পাবেনা মনে হয়,Chittagong,,
সম্পক্কো বদলে গেল এক পলকে,Khulna,Satkhira,
"""সবই ম্যাপ অনুযায়ী হচ্ছে,প্রথমত সাধারণ ছাত্র সমাজ অতঃপর বৈষম্য বিরোধী হয়ে জোট অতঃপর ১৫ বছরের প্রতিষ্ঠিত সরকার প্রশাসন এবং দেশ…""",Khulna,Jessore,
কিছু যাবত বেশি বলছিলো,Dhaka,Tangail,
সঠিক কাজ,Chittagong,Noakhali,
আয় হায় ধরায় দিলো,নোয়াখালী,Chittagong,Noakhali
"""একটা আইনি নোটিশে কোন রাষ্ট্রপতি নিয়োগ হয় না, সাংবিধানিক স্বীকৃতি নাই।""",Rangpur,Gaibandha,
Kar pasa gelo kar table e khela je jomche kon lvl e,Dhaka,Faridpur,
ডক্টর ইউনুস কে রাষ্ট্রপতি বানানো হোক।,Dhaka,Comilla,
সেই দুঃখ দিয়েই দিল পরকীয়ায় লাভ হলো না,কুষ্টিয়া,Dhaka,Barisal
Akdom thik ache,Comilla,,
"""তেলে মনে হয় ভেজাল ছিলো,,,ঠিক মতো মারতে পারে নাই।""",Dhaka,,
"""আহারে, বেকার তেল মারলো লোকটা""",Sylhet,Moulvibazar,
বালস্টার কবিরের নোটিশ,Chittagong,,
রাষ্ট্রপতি আর সেনাপ্রধান অপসারণের পরে শেষ হতে যাচ্ছে আওমি অধ্যায় তারপর শুরু হবে ইন্ডিয়া নতুন অধ্যায়,Dhaka,Gazipur,
তাকে গ্রেফতার করা হোক,Dhaka,,
"""আবেদন কি করতে পারবো রাষ্ট্রপতির প্রার্থী হিসাবে,,?""",Chittagong,,
এবার আরো শান্তিতে থাকতে পারবা,Dhaka,Chittagong,
এটাকে চিড়িয়াখানায় রাখা উচিত,Dhaka,Chittagong,
Good disishan to make you.,Dhaka,,
এবার লাইনে আসছে,নরসিংদী,,
Ekhn perfect,Dhaka,,
Alhamdulillah,Rajshahi,,
রাজাকারের বাচ্চাদেড় গায়ে আগুন ধরেসে,Dhaka,Brahmanbaria,
বাবার আওয়ামী লীগ ভিটামিন ট্যাবলেট মনে হয় কাজে লাগে নাই,চট্টগ্রাম,Chattogram,
জামাত জানেনা যে সংবিধান লংঘন করলে তার পরিনতি কি হয়।বিএন পির ঠেকা পড়ে নাই জামাতের দায়ভার নিবে।লাফালাফি করে লাভ নাই,Dhaka,,
"""চুপ্পু সাহেব অনেক চেষ্টা করেছিলেন বহাল থাকার জন্য কিন্তু ভাগ্যের নির্মম পরিহাস তিনি আর থাকতে পারলেন না, সত্যিই কষ্টকর।""",গাজীপুর,Dhaka,Faridpur
"""উনি একজন ভালো মানুষ। রাজনীতির শিকার যেন না হয়, সত্যের জয় হোক।""",ঢাকা,Dhaka,Chittagong
আহারে তেল বেশি দিতে গিয়ে পিছলা খেয়ে পড়ে গেলো বেচারা,Barisal,Gazipur,Comilla
এভাবে আইনী নোটিশ দিয়ে রাষ্ট্রের প্রধানকে সরানো যায় না। একমাত্র সংসদের এখতিয়ার আছে তারে সরানোর। বাটপারি করেন জাতির সাথে সড়াইলে …,Dhaka,,
"""চিন্তা করো না, সমোঝোতা হয়ে যাবে""",Chittagong,Gazipur,Bagerhat
আয় হায়!!!এখন চুপ্পু দাদু কোথায় অভিযোগ নালিশ আক্ষেপ করবে!!!,রাজবাড়ী,Dhaka,Rajbari
এখানে মন খারাপের কিছু নেই কারণ রাষ্ট্রপতি নিজেও বলেছেন যদি বিএনপি আমাকে না চায় তাহলে আমি সরে যাব এটা নিয়ে চিন্তার কোন কিছু নেই,কুমিল্লা,Dhaka,Comilla
শাহাবুদ্ চপ্পুকে আইনের আওতায় আনা হোক তার পর ওয়াকারের পালা,Dhaka,,
Nice and attractive,চট্টগ্রাম,Chittagong,
"""রিটকারী স্বাধীনতা ও সংবিধান নিয়ে এতো কটাক্ষ করেছে যে, একে দ্রুততম সময়ে গ্রেফতার করে আইনের আওতায় আনা উচিৎ।""",Dhaka,Sirajganj,
তাহলে উনার কাজ সমাপ্ত চাপটার ক্লোজ..আওয়ামীলিগের রাষ্ট্রপতি দ্বারা সকল কাজ সম্পন্ন হয়েছে..কোনকিছুই অবৈধ হওয়ার সুযোগ নেই..থা…,Sylhet,,
বর্তমান সংবিধান অনুযায়ী তিনি এখনো রাষ্ট্রপতি,নওগাঁ,Naogaon,
তেল সব জলে গেল,Khulna,,
[সন্দেহজনক লিঙ্ক সরানো হয়েছে]...,Dhaka,,
এখন বলবে এদেশে বিএনপির দ্বারা ভালো কিছু আশা করা যায় না,নেত্রকোনা,Netrokona,
নতুন রাষ্ট্র পুতির নিয়োগ দেওয়া হবে না এটা মহ অন্যান্য হবে তারেক রহমান সরকার কে শপথ করিয়েছ কেন রাষ্ট্র পুতির অপসারণ আইনি নোটিশ …,Rangamati,,
নতুন রাষ্ট্রপ্রতির হাতে কতজন শপথ গ্রহণ করে জাতি তা দেখার অপেক্ষায়,Dhaka,,
রাস্ট্রপতি কে অসাংবিধানিক ভাবে গৃগৃহবন্দী করা হয়েছে সেটা বলা কিসের অন্যায়। যারা এটা করেছে তারাই অন্যায় করেছে,Dhaka,,
চুপ্পু চাচা টাটা,Dhaka,,
আহারে বেচারাটাও রেহায় পেলো না,Dhaka,Tangail,Jamalpur
অল্প বয়সের প্রেমের গল্প যেনো,Dhaka,Panchagarh,
বলেছিলাম সরিষার তেল মারতে কিন্তু চুপ্পু সাহে চুপিচুপি কেরোসিন তেল মেরেছেন যা বিদ্যুত কিংবা বৈদ্যুতিক খুঁটি জন্য বড়ই হুমকি,Chittagong,,
বাংলাদেশে সব সম্ভব,Barisal,Patuakhali,
গুড,Chittagong,Brahmanbaria,
এইবার ঠিক আছে,Chittagong,Chandpur,
শপথ পড়াইলো কি আর হইলো কি?,লক্ষ্মীপুর,,
তৈল'র বোতলে তৈল রাখা হলো না।,Dhaka,Chittagong,Kishoreganj
Ai hai Md Abdul Jabber ai hai,Dhaka,,
Jahhhh mamay o dhora,Dhaka,Cox's Bazar,Bhola
আইন কি বিএনপি চালাচ্ছে না জামাত চালাচ্ছে,Dhaka,,
দেশের সাধারণ মানুষ ভালো থাকবে কিভাবে তা চিন্তা করুন।,Dhaka,,
ইউসুফ সরকারকে এর চরম মূল্য দিতে হবে,Barisal,Bhola,
আহারে এতো তৈল মর্দন করে কি লাভ হলো।তৈলগুলো জমিয়ে রাখলেও তো পরে কাজে লাগতো।,Dhaka,,
ঠেলার নাম বাবজি,মুন্সিগঞ্জ,Dhaka,Munshiganj
যাক মনে শান্তির আশ্বাস পেলাম,Chittagong,,
তৈলে কাজ করেনি,Dhaka,Kishoreganj,
নাইস অ্যান্ড অ্যাট্রাক্টিভ,Rajbari,,
"""বাংলাদেশের রাষ্ট্রপতি নির্বাচিত হন, নিয়োগ হন না। বাংলাদেশের সংবিধান অনুযায়ী, জাতীয় সংসদের সংসদ সদস্যদের ভোটের মাধ্যমে রাষ্ট্রপ…""",সিলেট,Dhaka,Chittagong
Jibon ta yer dukkhotei kete gelo,মাগুরা,Khulna,Jessore
খুব ভালো খবর,Dhaka,,
মোহাম্মদ আলীর মহব্বত শেষ।।,Chittagong,Chandpur,
কালের কন্ঠের এতো দালালিতেও রক্ষা হলোনা,রাঙ্গামাটি,Chittagong,
"""উনি তো নিজেই বলেছেন আমি চলে যেতে চাই, তাহলে এসব নাটকের কি প্রয়োজন""",গাইবান্ধা,জামালপুর,Rajshahi
ডক্টর ইউনুসকে রাষ্ট্রপতি দেখতে চাই,Dhaka,Gazipur,
জরুরী,Dhaka,Narsingdi,
আহারে তৈল দিয়েও লাভ হলো না।,Dhaka,Comilla,
"""আহারে চুপুউউউউউউ রে,,""",Kishoreganj,,
তেল মাইরা শেষ পর্যন্ত রক্ষা হলো না,Dhaka,Chittagong,Brahmanbaria
কট,ঢাকা,,
ঠিক আছে,Dhaka,Faridpur,
আহ সোনা গো আমার। বড়ই কষ্ট হচ্ছে বল,Chapainawabganj,,
এতুন সরকার হল কিন্তু চুপ্পুকে এখনো বসিয়ে বসিয়ে কলা খাওয়াচ্ছে,Chittagong,Chandpur,
তৈল মেরে লাভ হল না,Chittagong,,
সারা পর মনটা ভালো হয়ে গিলো,Dhaka,Khulna,Magura
Dhooka,Chittagong,Comilla,Feni
চুপপু একটা সপ্তাহর শান্তি শেষ!,Dhaka,Lakshmipur,
তারেক রহমানের মাধ্যমে বাংলাদেশ আর একটা ইতিহাস হবে।,Dhaka,,
"""কি লাভ হলো,""",Comilla,,
আহারে....,Khulna,,
"""যা ভাগ,,,হ্লার ঘরের হ্লা""",Chittagong,Chandpur,
Alhamdulillah,Dhaka,Madaripur,
এরপর সেনাপ্রধানকে তাড়াবে,ঢাকা,কক্সবাজার,Dhaka
কত তেল যে মারলো এত তাও কাম হলো না.,Barishal,Barisal,
So sad,Chittagong,,
তেল মেরো ও চাকরি রাখতে পারেনি,Dhaka,,
ওরে চাটা চাটি শেষ হইয়া হইলো না শেষ,Dhaka,,
nice and extractive,Dhaka,Netrokona,
এই রাষ্ট্রপতি তার মেয়াদ উত্তীর্ণ পযন্ত থাকবে।তারপর নতুন করেে রাষ্ট্রপতি জন্য নিয়োগ করা,Dhaka,,
৫ই আগস্টের কাজ অবশেষে প্রসেসিং!,Khulna,Satkhira,
কলায় পোকা ধরছে,Barisal,,
ধন্যবাদ আপনাকে,শরীয়তপুর,,
এত পা চাটলো তাও হলো না,Bogra,,
তাহলে ড. ইউনুস প্রেসিডেন্ট,ঢাকা,Chittagong,
নাটকের বাংলাদেশ। জুলাই সনদ সংবিধান ছারা মেনে নেওয়া সম্ভব না।…,পাবনা,Dhaka,
সুন্দর সিদ্ধান্ত,Mymensingh,,
রাষ্ট্রপতি ভোদায়,Khulna,Bagerhat,
হায়রে চাটলো তবুও রাখলেন না–Faaaah! ধন্যবাদ প্রধানমন্ত্রী।,Dhaka,Rangpur,Kurigram
তেল মেরেও কাম হলো না,Dhaka,,
সংবিধান অনুযায়ী যত তার থাকার ম্যাথ তত থাকবে,Chittagong,,
"""রাষ্ট্রপতিকে সরানো উচিত হবে না, কারণ উনি তিন বছরে তিনজন রাষ্ট্রপ্রধানকে শপথ পড়িয়েছেন। যদি …""",Rangpur,Kurigram,Thakurgaon
সমাজে নিজেকে টিকিয়ে রাখার জন্য অনেক কিছু করতে হয় এজন্য স্যার অনেক চেষ্টা করেছিলেন মনে হয় ব্যর্থ হয়ে যাবেন। যাই হোক ইন্নালি…,Dhaka,Gazipur,Netrokona
Ai loker r shanti hoilo na.,Cumilla,Comilla,
চেতনা নাসক কাউকে রাষ্ট্রপতি করার জোর দাবি জানাচ্ছি,Dhaka,,
এটা সংসদ বসার আগে রাষ্ট্রপতি ও অপসারণ কোন সুযোগ নাই সংসদ বসার পরে দেখা যাবে,Dhaka,,
হাহা পাগলাটায় ধরাখাইয়া গেলো,নড়াইল,,
"""প্রথমত, জুলাই বাংলাদেশের সংবিধানের কিছু না। কিছু না মানে কিচ্ছু না!!! সংসদ বসলে তারপর সাংসদদের আলোচনায় বিল পাশ হলে হয়তো জুলাই সংবিধানের অংশ হতে পারে! দ্বিতীয়ত, যে আইনজীবী (?!) রাষ্ট্রপতিকে অপসারণের জন্য নোটিশ দিয়েছেন, সে নিজেই তো আইনজীবী হওয়ার যোগ্য না! ওরে সংবিধান লঙ্ঘনের দায়ে আটক করা হোক। এবং পুরো সংবিধান মুখস্থ না হওয়া পর্যন্ত আটক রাখা হোক।""",ঢাকা,Dhaka,
রাষ্ট্রের গোপনীয়তা লঙ্ঘন করে এমন অথর্ব রাষ্ট্রপতি কোথাও নেই।,Dhaka,Barisal,
ধন্যবাদ।,Feni,,
গুড,Dhaka,Gazipur,
Thik ache,Dhaka,Barisal,Bhola
যারা চুপ্পুর জন্য মায়া কান্না দেখিয়েছিলো তাদের চাঁদ মুখখানা দেখতে চাই,Sylhet,,
তাহলে এত তেল মেরে চাটাচাটি করে কি হলো ওনার Fahhh,Lalmonirhat,,
Alhamdulillah,সিলেট,Sylhet,
খুব একটা ভালো মানুষ মনে হয় উনি মানুষ না একটা ফেরেশতা কেন উনাকে বাদ দেওয়া হচ্ছে …,Dhaka,,
বাক-বাকুম করে কি টিকে থাকা যায়?,Dhaka,Barisal,
কাকা কেও খেয়ে দিছে,Chittagong,Sylhet,Lakshmipur
মামার বাডির আবদার।,চট্টগ্রাম,Chittagong,
"""Ahh, চেটেও লাভ হলো না""",খুলনা,Dhaka,
আহারে,Dhaka,Narayanganj,
ফেঁসে যাওয়ার ভয়ে অপসারণ চাই এখন।,Chittagong,,
এবারের রাষ্ট্রপতি হবে জনকল্যাণ পার্টির লিডার খাইরুল দেওয়ান (ওকে),Dhaka,Mymensingh,Sherpur
যতই চাটাচাটি করোক। উনাকে সেই লেভেলের একটা কিক দিয়ে বের করে দিবে এটাই শিওর। যেদিকে বৃষ্টি সেই দিকে ছাতা ধরা কোন ব্যক্তি বাংলাদেশের এসব গুরুত্বপূর্ণ জায়গায় থাকতে পারে না। আর যদিও থাকে রাষ্ট্রের ক্ষতি ছাড়া কোন ও ভালো হবে না।,ঢাকা,সিলেট,Sylhet
এবার ঠিক আছে,ঢাকা,ময়মনসিংহ,Dhaka
নতুন সরকার তাদের পছন্দমত ব্যক্তিকে রাষ্ট্রপতি নির্বাচিত করতে পারে। মিথ্যা অপবাদ দিয়ে নয় আইনি প্রক্রিয়ার মাধ্যমে করা উচিত।,Panchagarh,Thakurgaon,
কি টোপ দিছে।ভালো করে গিলতেও পারলো না,Dhaka,,
এত তেল দিও কাজ হলনা চপ্পুর,Dhaka,Chittagong,Brahmanbaria
শুভ বিদায় কিং কোবরা,Dhaka,Mymensingh,Gazipur
যারা কমেন্ট করছে তারা হয়তো না বুঝেই বলতাছে সমঝোতা। আসলে ব্যাপারটি হলো বিড়ি শাহে করীর বেলিস্টার নোটিশ পাঠাইছে,Dhaka,,
চাইছিল ৩ য় বার রাষ্ট্রপতি হয়ে রেকর্ড করবে,ঢাকা,Dhaka,Narayanganj
চাটাচাটি করেও কোন লাভ হলো নাহ,Dhaka,Pabna,
Notice ta delo kaday,Dhaka,Barisal,
Ajker diner sera news re,Dhaka,Chittagong,
উনার এই সাবান দিয়ে ধুয়ে দিলো,Dhaka,,
আজকে দেখলাম তারেক জিয়া সঙ্গে চুপ্পু সাহেব লুটুপুটু খেলতাছে -খেলা যে চলছে কোন লেভেলের কিছুই বুঝতেছি না Nice and attractive,Dhaka,,
tel mere lav ki holo tahole,Mymensingh,Narayanganj,
এতো তেল দিয়েও কাজ হলো না! আহারে কাকু,Dhaka,Sirajganj,
আহারে বেচারা! চামচামি করেও শেষ রক্ষা হলো না...,Dhaka,Munshiganj,
Sob chatachati britha gelo,Dhaka,Feni,
চাচা আপন প্রাণ বাঁচা।,কক্সবাজার,Chittagong,Cox's Bazar
তেল বিফলে গেলো,Dhaka,,
ভালো সিদ্ধান্ত...,Dhaka,Pabna,
আইলো আইলো রে রঙ্গে ভরা বৈশাখ আবার আইলো রে,Dhaka,Chuadanga,Thakurgaon
Taii,Dhaka,,
ওনি ঈদ করে যাবেন আর কি,Chittagong,,
সাবাস ব্যারিস্টার শাহরিয়ার,Khulna,Kushtia,
আহা.... বেচারা মাখন দিয়েও কাজ হলোনা।,Chittagong,,
"""ঠিক মত তেল মারতে পারে নাই, কোথায় যেন কমতি ছিলো""",Mymensingh,Narayanganj,Sherpur
Thik ace,ময়মনসিংহ,Mymensingh,
দালালি করে ও শেষ রক্ষা হলো না,Chattogram,Chittagong,
চুপ্পুকে ধরে এবার চুপনি দাও।,Dhaka,,
কিন্তু কেনো??? কি কম ছিলো তার??,Chittagong,Sirajganj,
লালা বেনারসি শাড়ি পরে যাবে আসন ছাড়ি। আর কোনো ই দেখবো না তোমাকে,Dhaka,,
তেল মারতে গিয়ে তেলে ভাজার যে ব্যাপার টা,Dhaka,,
তেল মেরে কাজ হলে না এটারে আটকে দাও,Dhaka,Rangpur,Nilphamari
Alhamdulillah good,Dhaka,Madaripur,
রাষ্ট্রপ্রতি একজন সম্মানিত ব্যাক্তি তিনি ভালই করে জানে কোন টা কিভাবে হ্যান্ডেল করতে হয়,Chittagong,,
এই ঈদ'টা কোনোভাবে করতে দেওয়া যায় না?,Dhaka,Chittagong,Noakhali
মাত্র ইউনুস এর গীবত গাওয়া শুরু করছে।আর কিছু রেখে ইউনুস সাহেবের গীবত গুলা শুনা শেষ করে নিলে ভালো হত না?,Dhaka,,
কংগ্রাচুদেলেশন,Khulna,,
আওয়ামীলীগ গেছে যেই পথে বিএনপি ও যাবে সেই পথে,Dhaka,Chittagong,Brahmanbaria
সময়ের দাবি। মানেতেই হবে।,Dhaka,,
দাদু এতো তেল দিলো কিন্তু কাজ হলো না রে,Bogura,,
"""Sironame dakhe mone korcilam Sarkar pokkho theke notice dice,,kintu bistarito pore dakhi kola gas a am howa,ar ai notice j korece Homan""",Dhaka,Rangpur,
হাহাহা একটা একজন আইনজীবী পাঠিয়েছি কোন সরকার পাঠায়া না তাই হাস্যকর,Dhaka,,
ট্রাম্প কার্ড,Dhaka,Narsingdi,Tangail
ডঃ মোহাম্মদ ইউনুস সাহেব কে চাই,বগুড়া,,
খুব ভালো সিদ্ধান্ত,Dhaka,,
দ্রুত অপসারণ করা হোক। মিষ্টিমুখের একজন রাষ্ট্রপতি লাগবে যার যোগ্যতাও থাকবে।,Dhaka,Chittagong,Comilla
Chupppu ei news deikha hege diche ami sure.. eto tel dewa eto misty misty kotha kichu e kame dilo na Kaha..,Dhaka,,
একজন আইনি নোটিশ পাঠিয়েছে অথচ এমনভাবে শিরোনাম করা হলো মনে হচ্ছে এটা সরকারি সিদ্ধান্ত,Narayanganj,,
বাবর কে নতুন রাস্ট্রপতি হিসেবে দেখতে চাই।।,Rajshahi,,
"""না, না, না,""",Dhaka,,
ইউনুস সাহেব কে চাই,Dhaka,,
জামাতের শাহারিয়ার পাঠিয়েছে?,Dhaka,,
যেই রাষ্ট্রপতি তারেক রহমান কে একটু ভাল বলেছে অমনি চুলকানি শুরু হয়েছে! এত আইনি নোটিশ দিসনি কেন?,Dhaka,Barishal,
বি এন পি কে বাপ ডেকেও চুপ্পুর লাভ হলোনা,Dhaka,Kishoreganj,
জামায়াত তো আগেও অপসারণ করতে চেয়েছিল। এখন জামায়াতের শাহরিয়ার নোটিশ পাঠিয়েছে। বিএনপি কি শুনবে?,যশোর,Khulna,Jashore
চুপ্পুর চ্যাপ্টার ক্লোজ,Rajshahi,,
শফিক দাদুর কপাল খুলে গেছে মনে হয়!…,Dhaka,Mymensingh,Sherpur
সত্য বলে মৃত্যু হলেও সে অমর।,Chittagong,Comilla,
সবাইকে এক যেতে হবে সে যে পজিশন এ থাকুন না কেন এই তাই দুনিয়ায় নিয়ম,Dhaka,,
মবের বাদশা মুহাম্মদ ইউনূস কী ভবিষ্যৎ প্রেসিডেন্ট?,Dhaka,,
নতুন রাষ্ট্রপতি আমাদের লিইউনুস কাকু কে চাই ইয়ে মানি ইউনুস সাহেব কে,Comilla,,
যে আইনজিবি নোটিশ পাঠিয়েছে তাকে কেউ এখন চো... না,Chittagong,,
এরেস্ট হবেনা?,Dhaka,Barisal,
এই পদ দিল্লি থেকে নির্ধারণ করবে,Comilla,,
হাতে হারিকেন,Dhaka,,
কোন আইনে কোন সংবিধানে,Sylhet,,
"""খেলা জমে গেছে,,,ইউনুসকে চায়""",Khulna,Kushtia,
এতো খাওয়াই শেষ পর্যন্ত কোরবানি,Dhaka,,
মনে হয় শুভ বুদ্ধির উদয় হয়েছে,Sylhet,,
চলার পথে মানুষ কত কিছু বলবে সেদিকে কান না দিয়ে সোজা পাবনার দিকে এগিয়ে যান।,সিলেট,Sylhet,
অনেক তো ছিলেন আর কত,Dhaka,,
এখানে হাত দিলে হয়তো আসল খেলা শুরু হইতে আর বেশি সময় লাগবে না। ওনার সঙ্গে আছে ৩ বাহিনী।,কুড়িগ্রাম,,
আসল খেলা খেলার জন্যই আইনি নোটিস,Dhaka,Comilla,
প্রফেসর ডক্টর মোহাম্মদ ইউনুসকে রাষ্ট্রপতি হিসেবে করলে শুধু বিএনপির যে ভালো হবে তা না সারা বাংলাদেশের ভালো হবে,Dhaka,,
মাঝখান দিয়ে nice and attractive ইন্টারভিউ দিয়ে সব খবর দিয়ে গেলো !! So cute.,Dhaka,Chattogram,Chittagong
শাহরিয়ার কবির গরু কে রাষ্ট্রপতি করা হোক,কক্সবাজার,Cox's Bazar,
জামাতি নোটিশ এখন মার্কেট অচল।,Dhaka,Chittagong,
ডঃ ইউনুস রাষ্ট্রপতির সাথে যে নির্মম আচরণ করেছে তখন সংবিধান লংঘন হয়না আর যখন রাষ্টপতি সত্য বলতেছে তখনই সংবিধান লংঘন হয়।,Chittagong,,
সরকার কি করবে তা সরকারই ভালো বোঝে। এইসব নোটিশে সরকার পাত্তা সময় সরকারের খুবই ক্ষীণ। এখন দেশ গড়ার সময়।,Chittagong,Patuakhali,
"""কমপক্ষে ৬ মাস পর বা পূর্ণ সময় পার করে রাষ্ট্রপতি পরিবর্তন করতে হবে, এর আগে নয়। এটাই বিএনপির সিদ্ধান্ত গ্রহণ করা উচিত।""",ময়মনসিংহ,Dhaka,
আমি আছি ফ্রি,Dhaka,Dinajpur,
আমি হবো ইনশাআল্লাহ,Dhaka,Bogra,
জামাতের ঘুম হারাম হয়ে গেছে নাকি।,Dhaka,,
আহারে লোক টা মাএ জনমুখী আসছে এতো তারাতাড়ি চলে জেতে হবে ভাবতে কেমন লাগছে,Dhaka,Tangail,
অতি দ্রুত তাকে অপসারণ করে আইনের আওতায় আনা হোক,বরিশাল,Barishal,
কি যে শুরু হলো বুজলাম নাহ,Dhaka,Chandpur,
চুপ্পুরে যে নাচাইতেছে তার খুঁটি কি দাঁড়িয়ে আছে,Dhaka,Mymensingh,
মাত্র চাটতে শুরু করেছে,Dhaka,Lalmonirhat,
শাহাবুদ্ চুপ্পু নিপাকযাক সব নতুন রাষ্ট্রপতি জিন্দাবাদ,Chittagong,,
Faaaaaaa,কুমিল্লা,Comilla,
নিউজ দেখে মনে হইলো সরকার থেকে নোটিশ দিয়েছে!!! আরে ভাই এটা একজন আইনজীবী নোটিশ দিয়েছে তার মানেই কি উনাকে অপসারণ করা হচ্ছে!!! সেটা করবে সংসদ,Dhaka,Comilla,
মুরগী কবির...,Chattogram,Chittagong,
চুপ্পু বি লাইক : অনেক ভয় পাইসে রে তুফান,Dhaka,,
সাক্ষাৎকার নেওয়াটা এক সুগভীর পরিকল্পিত ছিলো বেচারা বুঝতে পারেন নাই। আজ বুঝা গেল।,সিলেট,Sylhet,Sunamganj
ঠিক আছে,Chittagong,,
Ahare kosto,Dhaka,,
এই তো সুরু। একে এক করে সব ক্ষমতাশীল জাইগায় বিএনপির নেতারা বসবে এর পরে তারা আইন বানাবে তাদের মতো তারা চলবে।,Dhaka,Faridpur,
খেলা যে চলছে কোন লেবেলে,চট্টগ্রাম,Chittagong,
Tik acay,Jamalpur,,
লে বাপ বিশ্রাম নিতে হবে,Khulna,Jessore,Satkhira
KenO,Barisal,,
Md Ashif Shariar,Dhaka,Khulna,Mymensingh
২৪ এর পরে কোন নেগোসিয়েশন নয় ভারতপন্থী যে-ই হোক না কেন। ইনকিলাব জিন্দাবাদ,Dhaka,Rangpur,
এত পা চেঁটেও কাজ হলো না,রাজশাহী,Dhaka,Chittagong
পরিবর্তন নয়তো আন্দোলন,Dhaka,,
ব্যারিস্টার শাহরিয়ারকে রাষ্ট্রপতি হিসেবে দেখতে চাই। তাহলে মজার মজার জোকস শুনা যাবে।,Habiganj,,
সব দোষ পিনাকি দাদার কেন যে পুরনো ভিডিও গুলো আপলোড দিলো!!,Dhaka,,
Chatachati kore lav?,Chittagong,Rangpur,
"""পেশাগত জীবন: তিনি একজন সাবেক জেলা ও দায়রা জজ এবং দুর্নীতি দমন কমিশনের (দুদক) সাবেক কমিশনার (২০১১-২০১৬) [১.৩.১, ১.৩.৪]।…""",Dhaka,Sylhet,Habiganj
আহারে!,Comilla,,
মহামান্য এখন কি করবে,Chittagong,,
দেশ মুক্ত চাই,Dhaka,Narayanganj,
আলহামদুলিল্লাহ তেলের দাম সব সময় ঊর্ধ্বগতি থাকে না,Dhaka,,
Alhamdulilah,Khulna,,
রাষ্ট্রপতি মেয়াদ শেষ না হওয়া পর্যন্ত থাকবে,Chittagong,,
"""হাইরে.., কে কাকে নোটিশ দেয়! যার নোটিশ সে আপাতত জমা রাখতে পারবে!""",Dhaka,Cox's Bazar,
New 'YES উদ্ ' coming...,Chittagong,,
নাটকের শেষ নেই,Khulna,Chuadanga,
ঠিক আছে,Dhaka,,
বুইড়া এতো তেল মারলো তারপরেও শেষ রক্ষা হইলো না!,Tangail,,
সঠিক সিদ্ধান্ত,সিলেট,মৌলভীবাজার,Sylhet
ওনার এখানে রাখলেও থাকা ঠিক হবে না,Dhaka,,
সরকার এর ইচ্ছে হলে রাস্টপ্রতি পরিবর্তন করবে কারো আইনি নোটিশ কাজে আসবে না,Sylhet,,
চুপ্পু এত তেল মাখিয়েও টিকতে পাড়লো না বুঝা গেছে তাকে ঘি দিয়ে মাখাইতে হুইতো,Dhaka,Rangpur,Thakurgaon
আমাকে রাষ্টপতি হিসাবে নিয়োগ দিলে দেশ ৬ মাসের মধ্যে সোজা করে দিব ইনশাআল্লাহ,Dhaka,Pabna,
Nice & attractive cmt kore o kaj holo na,Dhaka,Shariatpur,
এত পাম দিয়েও কাজ হলো না,Dhaka,,
সেই আদিকাল থেকেই উনাকে এদেশের মানুষ যথেষ্ট সম্মান দিয়েছে এবার নতুন কাউকে সাম্মানিত করতে ।,Sylhet,,
"""২৪ র আল্টিমেটাম দিয়ে নোটিশ দিয়েছে, এ যাবৎ কত ঘণ্টা হইছে""",সুনামগঞ্জ,Sylhet,
গ্রেপ্তার এরারে এই প্রস্তুতি।,Dhaka,,
"""বাচ্চারা এত বায়না ধরে না,সব বায়না তো কাজে লাগেনা""",সুনামগঞ্জ,Sylhet,
তারেক সাবের সাথে আমুলীক থাকলে সমস্যা নাই?????,Dhaka,,
লোকটা বিদেশে চিকিৎসা নিতে যাবে সেজন্য রাষ্ট্রপতি পদ ছেড়ে দিলো কি মহান।।,বরিশাল,Barisal,
হে হে হে,Dhaka,Barisal,
সঠিক সিদ্ধান্ত,Narayanganj,,
সঠিক কাজ,Dhaka,,
আরাম শেষ চাটার দল,Dhaka,Rangpur,
"""সঠিক সিদ্ধান্ত, স্বাগত জানাই""",Dhaka,Barisal,Bhola
নেএকোণা ৪ বাবরকে রাষ্টপতি হিসেবে দেখতে চাই,Dhaka,,
সে না থাকলে কি হবে?,Dhaka,Chittagong,
ঠিক আছে,গাজীপুর,Dhaka,Gazipur
হালায় সেস,Dhaka,Barisal,
তেল মেরেও কি শেষ রক্ষা হবে মিঃ চুপ্পুর।,Chittagong,,
অতিথির চাটাচাটি করেও শেষমেশ মনে হয় লাভ হবে না।,Dhaka,Joypurhat,
চুপসে চুপসে লাভ হলো না চুপ্পুর,Mymensingh,,
"""খেলা যে চলছে কোন লেভেলে,বুঝা মুশকিল হয়ে গেছে।""",Jamalpur,,
আহঃ অনেক ভালো মানুষ ছিলেন।,Mymensingh,Sherpur,
শেষমেষ একটু তেল দিয়েও কাজ হলো না,Chittagong,Chandpur,
"""There should be specific cause for impeachment, the cause is absent.""",Dhaka,,
আর কত,Chittagong,,
এতো চাটা চাটি করল নতুন সরকার কে লাভ হলো না,সিলেট,Sylhet,
সম্পর্ক বদলে গেলো একটি পলকে,Chittagong,,
সাপের খেলা চলিতেছে,Chittagong,Noakhali,
চাটাচাটি করেও লাভ হচ্ছে না চুপ্পুর,সিলেট,Sylhet,
পা চেটেও লাভ হলো না,Sunamganj,,
আহারে অনেক পরে উনাকে খেলায় নিয়েছিল খেলায় নিয়ে এখন একেবারে আউট করে দিল,Dhaka,Brahmanbaria,
ডক্টর খন্দকার মোশারফ হোসেন স্যারকে নতুন রাষ্ট্রপতি হিসেবে দেখতে চাই।,Dhaka,,
খেলা যে চলছে কোন লেবেলে,গাজীপুর,Dhaka,Gazipur
চুপ্পু চেটে এখন পড়বে মহা বিপদে।,খুলনা,Khulna,
নাই কাজ খই ভাজ,ঢাকা,খুলনা,Dhaka
"""সাওয়ার নোটিশ পাচায় ভরে রাখ,""",Dhaka,,
সহমত,Dhaka,,
ওরে গ্রেফতার করে আসলে সব খবর নেয়া হ্উক,বাগেরহাট,,
ইয়া কিতা হুনলাম,সিলেট,Sylhet,Sunamganj
Chup,Dhaka,Rangpur,Nilphamari
চরন দুলি নিলে হয়ত আবার থাকতে পারতো।,Comilla,,
Dulal Mia,Dhaka,,
পায়ের তলা চেটে দেখতে পারে।,Dhaka,,
ঊনি কি ভাবছে উনাকে রাখবে বিএনপি সরকার।,Dhaka,Narsingdi,
মাত্র একসপ্তাহ ধরে উনি ভালো আছেন!আবার ঝামেলায় পড়ে গেলেন।কেমন হল ব্যাপার টা!!,Dhaka,,
"""দুই সুযোগ পেয়ে খুব তেল মারল রাষ্ট্রপতি, শেষ কোন কাজ হলো না""",Dhaka,Khulna,Kushtia
চাটাচাটির অনেক চেষ্টা করছে,Dhaka,,
ভাতিজা চেটে নয় খেটে বড় হও,চাঁদপুর,Dhaka,Chittagong
"""আওয়ামীলিগের চামড়া, তুলে নিব আমরা।""",Comilla,,
মাশাআল্লাহ,ঢাকা,Dhaka,Barisal
Ahare akhon tar ki hobe,Dhaka,,
"""ঐ আইনজীবী যখন মুক্তিযোদ্ধা নিয়ে কটুক্তি , রাষ্ট্রপতি, ইতিহাস ঐতিহ্য নিয়ে কটুক্তি। সেজন্যে তাকে আইনের আওতায় আনা হোক।""",জামালপুর,Dhaka,Kishoreganj
কাজ কর্ম না থাকলে নিজের চক্রায় তেল দাও,বরিশাল,Dhaka,Barishal
লও টেলা কাকু,Dhaka,Kishoreganj,
অবশেষে তাকে খেলা থেকে বাদ দিয়ে দিল..,ভোলা,Dhaka,Barisal
চপ্পু সেরা তিনজন প্রধানমন্ত্রীর রাষ্ট্রপতি ছিলো। ওয়ার্ড রেকর্ড হয়তো।,Chittagong,,
চম্পু তৈল মেরেও তাহলে থাকতে পারলো না,নরসিংদী,,
ধন্যবাদ শাহরিয়ার স্যার,Dhaka,,
Alhamdulillah,Dhaka,,
"""অনেক অনেক চাটা চাটির পরেও শেষ রক্ষা হল না একসময় বি এনপির অনেক প্রিয় লোক ছিল,""",Rangpur,Gaibandha,
অবশেষে লাভ হলো না,Chittagong,Noakhali,
সংবিধানের কোথায় জুলাই আছে? রাস্ট্রপতির শপথের কোথায় ঝুলাই আছে?,Bogura,,
মলম বিক্রেতাটা মনে হয় নোটিশ দিছে,Chittagong,,
রাষ্ট্রপতিকে আইনি নোটিশ দেওয়া যায়??? …,Dhaka,,
স্বাভাবিক বিষয় nice &,Dhaka,,
"""ওনাকে রাখতে হবে, না হলে বাংলাদেশ থাকবেনা""",গাজীপুর,,
good luck,Dhaka,Chittagong,Noakhali
"""আহারে,দালালি কইরাও পারলো না টিকতে""",Dhaka,,
বটবাহিনী আর তার সহযোগী গুলোর জ্বালা ধরেছেরে মামু....,Chittagong,,
কে দিলো?,ঢাকা,বগুড়া,ময়মনসিংহ
শিরোনাম দেখে মনে করেছি ঘটনা সত্যি কিন্তু বিস্তারিত পড়ার পর বুঝলাম মব বাহিনীর সদস্যরা মব সৃষ্টি করার চেষ্টা করছে।,Chittagong,,
ভালো,Comilla,,
পবিত্র মাহে রমজানের ৮ম ে বঙ্গবন্ধু কন্যা জননেত্রী দেশরত্ন শেখ হাসিনা আপার নির্দেশনা মোতাবেক চট্টগ্রাম মহানগর ছাত্রলীগের সাব…,Chittagong,,
Good decision,জয়পুরহাট,Dhaka,
জুলাই এর উপর ভিত্তি করে উনি শপথ নেননি। তাই এই আইনি নোটিশ ধোপে টিকবে না।,Dhaka,Rangpur,Gazipur
আরো নোটিশ দাও আরো বিবাদ করো তাতেই নতুন নতুন আইনী ফ্যাক্ট জানার আনন্দ সকলে পাচ্ছে। আরো চাই আরো বেশি করে জানার সুবিধার্থে ওম্মা প্রকাশ করো।,Chittagong,,
এটাই হয়ে থাকে,Dhaka,Sirajganj,
অতিদ্রুত কর্যকর করতে হবে।,Dhaka,Khulna,
চাটার সময় শেষ,জামালপুর,Dhaka,
Julai ki jonggi sontrsi hamla desh dongsho 3200 police hotta 450 thana lut pat desh lut pat,Dhaka,,
এইবার ঠিক আছে,Dhaka,Chittagong,Barisal
উনি ভাবছিলেন বি এন পি হয়তো উনাকে রাষ্ট্রপতি থেকে সরাবেনা,Sylhet,,
@Everyone,নওগাঁ,Sylhet,
শাবু ভাইরে আগে এ কইছি কম চাডেন বিপদে পরবেন,Dhaka,Barisal,Bhola
নোটিশ পাঠিয়েছেন ব্যারিস্টার শাহরিয়ার …,Chittagong,Noakhali,
"""ভালো ডিসিশন,,""",Dhaka,,
আহারে বেচারা লাস্ট মুহূর্তে কত তেল এই না মারলো সব তেল বিফলে গেল।,Sunamganj,,
কবি এখন নীরব যা বলার সংসদে গিয়ে বলবে,নীলফামারী,Dhaka,Rangpur
Chata chati bah,Khulna,Satkhira,
এত দুঃখ প্রকাশ করলো তারপরেও তারেক রহমানের দিল নরম হলো না,ঢাকা,Sylhet,
জুলাই,শেরপুর,Mymensingh,Sherpur
মাশা-আল্লাহ আলহামদুলিল্লাহ,Dhaka,Natore,
চাটো বাঙালি চাটো,Dhaka,Pabna,
আসলে উনি দীর্ঘ ধরে মিডিয়ায় কোন কথা বলতে পারে‌ নাই এখন হথাৎ কথা বলার শুজুক পেয়ে অতি আবেগে কি বলছে উনি বুঝতে পারে নাই…,সিলেট,হবিগঞ্জ,Chittagong
কাজ হইলো নারেহ দাদু,Dhaka,,
নাটক মাইনষকে বুঝে,ভোলা,Dhaka,Chittagong
সাওয়া মাওয়া কিলাব এর মাথানষ্ট হয়ে গেছে।,Dhaka,Sirajganj,
এ কি শুনলাম,Dhaka,Pabna,
নোটিশ দাতাকে দ্রুত গ্রেফতার করে রিমান্ডে নেওয়া দরকার। তাহলে অনেক ষড়যন্ত্রের তথ্য বের হয়ে আসবে।,Dhaka,Chittagong,
"""আহ,! চাচা,চেটেও লাভ হলো না""",Bogura,Bogra,
মন ভেঙ্গে দিয়ে গেলো সে সামনে দিয়ে.......,Dhaka,Kurigram,
শাহরিয়ার কে? পালাবে কোথায়…,নোয়াখালী,Chittagong,Noakhali
Good job,Dhaka,,
মামা খেলা তো শুরু হয়ে গেছে,সিলেট,Dhaka,Comilla
এরে গ্রেপ্তার করার জোর দাবি জানাচ্ছি,Dhaka,,
Hedar July,Chittagong,,
লাল বাতি জলছে,Sylhet,,
"""চাচা অনেক চেষ্টা করছে লাভ হয় নাই, হাল ছেড়ে দিয়েন قلم চাচা বিজয় আপনার হবে""",Comilla,,
আইস এন্ড অ্যাট্রাকটিভ,ঢাকা,Chittagong,
প্রধানমন্ত্রী ও রাষ্ট্রপ্রতির নির্দেশ জুলাই গণহত্যা চালানো হয়েছে তাই অপসরণের সাথে সাথে তাকে গ্রেফতার করে বিচারের আওতায় দ্রুত আনার দাবি জানাচ্ছি,Sylhet,,
Onar baba taruk saheb na,Dhaka,Sirajganj,
সঠিক সিদ্ধান্ত নেয়া হয়েছে।,Chittagong,,
পাবনায় দ্রুত পাঠানো হোক আইনজীবীকে।,Dhaka,,
যা হবে তা সংসদ আধিবেশনের পরে।,Chittagong,Brahmanbaria,
সময়ের সঠিক সিদ্ধান্ত নিয়েছে,Dhaka,,
চুপ্পু হটাও দেশ বাচাঁও,Dhaka,Gazipur,
এখন আর সংবিধান বিতর্কিত হবেবিধা না,Dhaka,Narsingdi,
আমার মনে হয় রাষ্ট্রপতির বিরুদ্ধে এই ধরনের মন্তব্য এ ধরনের নোটিশ যদি কোন আইনজীবী পাঠায় তাহলে তার জেল হবে মনে হয়,ঢাকা,,
আলহামদুলিল্লাহ পরিবর্তন হচ্ছে শুধু,Barisal,,
শাহাবুদ্ কে অপসারণ করে শাহরিয়ার কাকারেই রাষ্ট্রপতি করা হোক,Dhaka,Munশiganj,
চুপ্পু সাহেব সেরা …,Kishoreganj,,
বৃহস্পতিবার (২৬ ফেব্রুয়ারি) সুপ্রিম কোর্টের আইনজীবী ব্যারিস্টার শাহরিয়ার এ আইনি নোটিশটি পাঠান। এরকম নোটিশ যে কেউ দিতে পারে। এব…,Dhaka,Panchagarh,
তৈল মর্দন কাজে আসে নাই,Chittagong,Chandpur,
আবেদন খারিজ,Barisal,,
সুন্দর সিদ্ধান্ত,Dhaka,,
ঐ নোটিশ রাষ্ট্রপতির কাছেই যাবে,Dhaka,Gazipur,
এইসব উকিল কি না বুঝার ভান করে?,Dhaka,Jessore,Meherpur
এখনো মেয়াদ আছে,Dhaka,,
যার নসিবে যে পদ যত ।,Sylhet,,
"""আহ,এতো তেল মেরেও লাভ হলো না""",Rajshahi,,
Gazakhur sahriya,Sylhet,,
হায়রে হায়,Dhaka,Bogra,
বালেস্টর শাহরিয়ার,Dhaka,,
"""উনাকে অপসারণ করে, যোগ্য ব্যক্তি ডঃ খন্দকার মোশারফ কে দিতে হবে।""",Narayanganj,Chandpur,
সঠিক সিদ্ধান্ত,Dhaka,,
সব দোষ কালের কন্ঠের,সিলেট,সুনামগঞ্জ,Sunamganj
বট বাহিনীর মাথা খারাপ হয়ে গেছে,Bogra,,
দেশে সব স্তরে প্রতিহিংসা চরিতার্থ বেশি হচ্ছে।,Dhaka,Madaripur,
তোমরা যাই বলো শেষে তার কাছেই শপথ নিতে হয়েছে,Dhaka,Panchagarh,Jamalpur
"""ওটা মনে হয় পামওয়েল,,ছিলো।""",Dhaka,Panchagarh,
এবার লাইনে আসছে,Chittagong,Rangpur,Gazipur
শেষ হয়েও হলো না শেষ,Khulna,,
"""উনি জুলাই শপথ নিলো কখন ? আমার জানামতে মুক্তিযুদ্ধের সমর্থনের শক্তি, জুলাই সমর্থন করেনা ॥ জুলাই একটি গৃহ যুদ্ধ, এবং অপশক্তির উ…""",ঢাকা,গোপালগঞ্জ,পিরোজপুর
Alhamdulillah jamat magic,Dhaka,,
আইন অনুযায়ী যা করার তাই করা হোক,Dhaka,,
একমত,Dhaka,,
10,গাজীপুর,Khulna,Jessore
এটা কি হলো,Dhaka,Barisal,
লোকটা এত বিতর্ক জন্ম দিচ্ছে।,Narayanganj,,
অপসারণের সাথে সাথেই গ্রেপ্তার চাই।,Dhaka,,
রাজা কার মুক্ত করতে হবে,Dhaka,,
Tar uchit. Songbidhan ar aloka ai sorkar vainga dawa taila vlo hoba,Dhaka,Khulna,Madaripur
আলহামদুলিল্লাহ,Khulna,Bagerhat,
পা চেটেও কাজ হলো না মালিশের তেলে মনেহয় ভেজাল ছিলো,Dhaka,Narsingdi,
তাতে বা** লছেরা গেলো।,Dhaka,,
কোনো ভাবেই সম্ভব না,Dhaka,Rajshahi,Khulna
বট বাহিনীর কাজ ।,Dhaka,Mymensingh,Pabna
টুপকিতে পুচে ফেলে দিসে মনে হয়,Dhaka,,
তুমি বহু ছিলা আর কত থাকবা,Feni,,
Alhamdullah,বাগেরহাট,,
সত্যি কথা বললে গা জ্বলে,Chittagong,,
"""চাটুকার,হটাও""",Chittagong,Lakshmipur,
Great decision.,Dhaka,Chandpur,
অপসারণ চাই,Panchagarh,,
তাকে জাদুঘরে সংরক্ষিত করা হোক,Dhaka,,
অনেক আগেই করার দরকার ছিল,Dhaka,,
"""বালেষ্টার সাহেব, সংসদ সদস্যের ভোটে মহামান্য কে অপসারণ করা যায়। তাছাড়া মেয়াদের আগে মারা যাওয়া ছাড়া অপসারণ সম্ভব না। সংবিধান ভাল…""",Dhaka,Khulna,Magura
জনাব ইশরাক সাহেব কে নতুন রাষ্ট্রপতি বানানো হোক,Dhaka,Chittagong,Brahmanbaria
"""ডক্টর মুহাম্মদ ইউনুস সাহেব কে, রাষ্ট্রপতি বানানো হোক""",Dhaka,,
এখন সব চলে,Panchagarh,,
উনার কথায় জামাত এতো জবলে কেন ?,Dhaka,,
কেনো রাষ্ট্রপতি কি জুলাই CDI বলেছে নাকি? না মানে কেমনে অসম্মান করেছে একটু জানতে চাই,Dhaka,,
RJ Raj,Dhaka,,
লুৎফুজ্জামান বাবর কে রাষ্টপতি হিসেবে দেখতে চাই।,কুমিল্লা,Comilla,
আইনি নোটিশ যে কেউ দিতে পারে,Khulna,Satkhira,
আহ,Dhaka,Comilla,
যা ইচ্ছা কর,ঢাকা,Dhaka,Mymensingh
আলহামদুলিল্লাহ,Dhaka,Tangail,
চুপ্পু দাদো চেটে কাজ হলোনা!,Dhaka,Kushtia,
সাংবিধানিকনভাবে হুমকি,Dhaka,Chittagong,Lakshmipur
"""নির্বাচন শেষ, এই শাহরিয়ারের হাতে মনেহয় কাজ কাম আর নাই…""",ঢাকা,Dhaka,Bogra
এবার সাহাবুদ্ কে গ্রেফতার করা হোক!,ঢাকা,Barisal,Bhola
শাহরিয়ার একটা বেডা ওর একটা কথা,Dhaka,,
Alhamdulillah,Thakurgaon,,
গ্রেফতারের দাবিতে আন্দোলন চালিয়ে যাওয়ার ঘোষণা,Dhaka,,
Good,Dhaka,,
৫০০ টাকার আইনি নোটিশ দিয়ে একজন রাষ্ট্রপ্রতিকে অপসারণ করা যায়।সাংবিধানিক বিষয় উকিলের একটু জ্ঞান থাকা উচিৎ।,Dhaka,Barisal,
কেন,Chittagong,Noakhali,
আম্মার ভাই আর মামু বহু খাইছো বাইরের ঠান্ডা হাওয়া এবার একটু ভিতরের হাওয়া খাওয়ার জন্য প্রস্তুত হয়ে নাও । শেষে আল্ল…,Cox's Bazar,,
Alhamdulillah,Dhaka,Sirajganj,
কে সে দিয়েছে,Feni,,
"""তাকে অতি দ্রুত অপসারণ করে জেল হাজতে পাঠানো উচিত,কারণ সে আওয়ামী লীগকে ঘোম খুন গণহত্যা করতে বৈধতা দিয়েছে।""",Dhaka,,
সে এর আগে থেকেই বলে আসছিলো নির্বাচনের পরে সে নিজে থেকে বিদায় নিতে চাই,Chittagong,,
নতুন রাষ্ট্রপতি মির্জা ফখরুল ইসলাম আলমগীর সাহেব,Dhaka,Chandpur,
এই নোটিশটা কি বিচি মুনির দিয়েছে??,সিলেট,Chittagong,
"""আইন সচিবে কি রাষ্ট্রপতির বিচার করবে ? হায়রে শাহরিয়ার, রাষ্ট্রপতি অপসারণ করতে হলে সংসদে অনাস্থা প্রস্তাব পাশ করে এরপর রাষ্ট্র…""",Sylhet,,
ইনশাআল্লাহ,Dhaka,,
Good,Habiganj,,
বেচারার তেল দেওয়া কাজে লাগলো না,Naogaon,,
Alhamdulillah,দিনাজপুর,Dinajpur,
চুপ্পু,Chittagong,,
জাতিসংঘের চাপ হয়তো রাষ্ট্রপতি ডঃ ইউনুসকে দিতে হবে নয়তো পদত্যাগ করতে হবে প্রধানমন্ত্রীর,Dhaka,,
Alhamdulillah,Dhaka,,
"""উনাকে অপসারণ না করলে সকল তথ্য ফাঁস হয়ে যাবে, নুনুস ও বট বাহিনী কট হওয়ার আগে যত দ্রুত সম্ভব উনাকে ক্ষমতাচ্যুত করতে হবে।""",Habiganj,,
এটাই তারেক রহমান। আমরা বগুড়ার মানুষ আমরা আমাদের ভাইয়াকে হারে হারে চিনি। …,বগুড়া,Bogra,
Alhamdulillah,Dhaka,Rajshahi,
আয়না ঘরে ঢুকানোর ব্যাবس্থা করার জোরালো দাবি জানাচ্ছি,Dhaka,,
আলহামদুলিল্লাহ,Dhaka,,
সঠিক,Chittagong,,
ইশরাক কে রাষ্ট্রপতি হিসেবে দেখতে চাই,নোয়াখালী,Chittagong,
নতুন রাষ্ট্রপ্রতি ড মুহাম্মদ ইউনুস হবেন,Feni,,
চাটাচাটি চলতেছে,Dhaka,,
বাঘের বাচ্ছা শাহরিয়ার,Dhaka,Comilla,
Go to India and meet with sekh hasina,Dhaka,,
জানিনা কি হচ্ছে,কক্সবাজার,Dhaka,Cox's Bazar
রাষ্ট্রপতি'র মেয়াদ ২০২৮ সালের এপ্রিল পর্যন্ত আছে কারো বাবার ক্ষমতা আছে কি তাকে সরানোর??,Dhaka,,
আলহামদুলিল্লাহ,Dhaka,Rajbari,
আমরা চাই জুলাই অভ্যুত্থানের নায়ক চুপ্পু'ই রাষ্ট্রপতি হিসেবে থাকুক।,Rangpur,,
Ole le,Dhaka,,
আলহামদুলিল্লাহ,Rangpur,,
লোকটা সসম্মানে থাকতে চেয়েছিল,Sylhet,,
আল্লহামদলিল্লাহ,Sylhet,,
@highlight তেলে কাজ হলো না,Barisal,,
রাষ্ট্রপতি বড় নাকি নোটিশদাতা বড়? রাষ্ট্রপতি বিচারের উর্ধ্বে।,Dhaka,,
আলহামদুলিল্লাহ,Comilla,,
ওরে শাহরিয়ার রে,Dhaka,Jamalpur,
আলহামদুলিল্লাহ,ঢাকা,সাতক্ষীরা,Dhaka
আহ এতো তেল কোথায় গিয়েছে? দলিয় লোক বসানো হবে চাচা এটা আগে বুঝে নাই।,Dhaka,Chittagong,Lakshmipur
আইনী নোটিশে কি হবে? মহামান্য রাষ্ট্রপতি সব কিছুর উর্ধ্বে,Dhaka,Gopalganj,
"""হেলিকপ্টারের এড কেন!আপা পলাইছে, চুপ্পুও কি পলাইবে..!""",Dhaka,,
দাউদকান্দি হতে প্রেসিডেন্ট হবে বলে রাখলাম,Dhaka,,
"""BNP, do the needful asap""",Dhaka,Chittagong,Lakshmipur
খেলা যে চলছে কোন লেভেলে,Bogura,Bogra,
পৃথিবীর এমন কেউ কি নাই একটা জীবন বাচাতে কিছু টাকা দিয়ে পাশে দারানোর মতো ।বিকাশ ০১৭৪৭০১০৪৩৭। plz plz,Dhaka,,
আমার মনে হয় সবচেয়ে অকেজো রাষ্টপতি তিনি,Chittagong,Brahmanbaria,
আরেকটি চুপ্পুই আসবে,নারায়ণগঞ্জ,কক্সবাজার,Dhaka
অতিরিক্ত তৈল দেওয়ার কারণে পিছলে পড়ে গেলেন চুপ্পু,Chittagong,Cumilla,Comilla
Faaaaaahhhhh,Dhaka,,
Good Job,Sirajganj,,
এবার কই যাবা চুপ্পু চাহেব?,Chittagong,Lakshmipur,
নাইস এন্ড এট্রাক্টিভ,Dhaka,,
Very good decision,Dhaka,Comilla,
আলহামদুলিল্লাহ,Chittagong,,
Good job,Dhaka,Gazipur,Comilla
কাকু কষ্ট থেকে বের করে দেওয়া ভালো এমনই রাখি কষ্ট মধ্যে আছে,Chittagong,Lakshmipur,
আলহামদুলিল্লাহ আলহামদুলিল্লাহ আলহামদুলিল্লাহ,Rajshahi,Bogura,
ইউনুস সরকার তাওতো রেখেছিলো,Dhaka,Chattogram,Chittagong
চুপ্পু “আজ আমার মন ভালো নেই “,Chittagong,,
Soyrachar beday hok,Dhaka,Rajshahi,
আলহামদুলিল্লাহ,Chittagong,,
আলহামদুলিল্লাহ,Bogra,,
অতি দ্রুত সরানোই ভালো,Dhaka,,
ডা ইউনুসকে রাষ্ট্র পতি হিসাবে রাখা দরকার অনুরোধ করছি,Dhaka,Chittagong,
চেটেও যখন কাজ হয় না তখন চাটা মনে হয় ঠিক না,Dhaka,Faridpur,
আলহামদুলিল্লাহ,Dhaka,,
"""সবকিছু দলীয়করন হোক,""",Khulna,Satkhira,
এই কাজটা আরো আগে করা দরকার ছিল।,Dhaka,Mymensingh,
যারা আনন্দে নাচানাচি করতাছে তারা মনে করছে…,পটুয়াখালী,Dhaka,Gazipur
ভাইরাল ভিডিও সমস্যায় ফেলছে।,Comilla,,
i have plan নতুন রা বুজে না রাজনৈতি মার পেচ,কুড়িগ্রাম,Dhaka,Feni
এত চেটেও শেষ রক্ষা হল না।,Dhaka,Chandpur,Naogaon
ডঃ ইউনুস আমাকে তা করছে আ করছে হো... আঙ্গুল দিছে।,Bogura,Bogra,
Alhamdulillah,Dhaka,,
cdse re,Bogura,Bogra,
রাষ্ট্রপতি আইনি নোটিশ এ অপসারণ করা যায় না এক মাএ উনি নিজে থেকে যদি পদত্যাগ করে আর সংসদ পারে রাষ্ট্রপতি কে অপসারণ করতে,Barisal,,
good,Barisal,,
ড. মুহাম্মদ ইউনুসকে রাষ্ট্রপতি করা হোক।,Chittagong,Brahmanbaria,
আলহামদুলিল্লাহ,Dhaka,,
এটা সাধারণ আইনে করা যায় না। তার বিরুদ্ধে কোনো মামলা করা যায় না। রাষ্ট্রপতি অপসারণের সাংবিধানিক পদ্ধতি আছে। সংসদ ছাড়া সম্ভব না।,Rajshahi,Bogura,Natore
,,,
আ হ রে দেশ চাঁদাবাজ কে আটক করতে হয় কেনও,Dhaka,,
সমঝোতাকে চাঁদা বলতে নেই,Chittagong,Brahmanbaria,
দেশ এই বছরের মধ্যেই বিশ্ব চাম্পিয়ান ১ নাম্বারে চলে যাবে,Dhaka,,
গোল্ডেন বয় এগিয়ে যাও বাবা নেতার ১০% মনে রেখো,টাঙ্গাইল,Dhaka,
বাস থেকে চাঁদা কি সমঝোতা করে নিয়েছে সমঝোতা করে নিলে সেটা কে চাঁদা বলা জাবেনা,Dhaka,Gazipur,
একটু সমজতা করলেই হয়,Khulna,,
এটাকে চাঁদা বলে না এটাকে বলে সমঝোতা,Dhaka,Sylhet,
সমঝোতার মাধ্যমে তারা টাকা তুলেছে এটা চাঁদা না,Chittagong,,
এগুলো চাঁদা নয় হাদিয়া,বান্দরবান,Dhaka,Gazipur
এখন তাকে ফুলের মালা দিয়ে বরণ করিয়ে নেন তিনি অনেক বড় নেতা হইবেন,Dhaka,Shariatpur,
"""মাশা আল্লাহ! আগামী পাঁচ মাসেই এই রেকর্ড ভেঙে নতুন ইতিহাস গড়বে—এটাই আশা, কারণ তারা দুর্দান্ত গতিতে এগিয়ে চলছে।…""",Sylhet,,
"""চাঁন্দা না সমঝোতা বলবা''। নেতার নাম খাম্বা না """"বৈদ্যুতিক খুঁটি বলবা""""""",Dhaka,,
"""এটাকে চাঁদা বলবেন না,সমঝোতা বলুন""",Sirajganj,,
সমঝোতা করলেই হতো,Dhaka,Khulna,Barisal
দলের নাম টা এভাবে না বললে ও পারতেন,কুমিল্লা,Dhaka,Barisal
চাঁদা বলা যাবে না৷ এটা সমঝোতা হবে!,Dhaka,Khulna,Bagerhat
এগুলি চাঁন্দা নয় সমঝোতা রে ভাই,Chittagong,Lakshmipur,
চাঁ দা বা জি না করলে দ ল চালাবে কী ভি খা করে,Dhaka,,
সমঝোতা করলে ধরা পড়তো না,Chittagong,,
যুবদল নাকি যুবলীগ?,Dhaka,,
সমঝোতার মাঝেও ঝামেলা করতে আসে,Dhaka,Khulna,Kushtia
আটক নাকি নাটক,Dhaka,,
চাঁদা বলতে নাই প্রিয় এটাকে সমঝোতা বলতে হয়,Dhaka,Tangail,
"""মুরকের ভাসা হলো চাদা। সমোঝতা,বল""",Dhaka,,
আদিল তুমি ভালো হয়ে যাও,সিলেট,Sylhet,
চাঁদা বলে না । বলতে হবে সমঝোতা,Chittagong,Narayanganj,Pirojpur
"""ওইটা চাঁদা নয়, সমঝোতা ।""",Dhaka,Khulna,Bagerhat
প্ল্যান কাকু জানেন নাকি,Dinajpur,,
চোখ লাল কিসে?,Noakhali,,
ওয়াও খেলা যে চলছে কোন লেভেল এ,Dhaka,Chittagong,
ওয়াও ফ্যান্টাসটিং,Khulna,Satkhira,
বলেন সমঝোতা করতে গিয়ে আটক,Chittagong,Lakshmipur,
দয়া করে চাঁদা বলবেন না। এটা হলো সমঝোতা।,Chittagong,Cox's Bazar,
আটক না নাটক?,Dhaka,Gazipur,
"""চাঁদা বলা নিষেধ, সমঝোতা""",Dhaka,Cox's Bazar,
চাঁদা কেন বলেন এটা কে ভিক্ষা বলবেন it’s not cada,ঢাকা,Dhaka,Mymensingh
সে চাঁদাদলের কেউ না ফখ রুল,Chittagong,,
সমঝোতা বলবেন চাঁদা না!,Rangpur,,
ওটা চাদা নয় সমঝোতার মাধ্যমে নেয়া হয়,Tangail,,
সমঝোতা বলে এগুলো কে,Dhaka,,
এটা তো সমঝোতা হতে পারে,Bagerhat,,
na চাদা নয় ওটা হলো সমঝোতা,ঝিনাইদহ,Dhaka,
সমঝোতা করে নেয় মনে হয়,Chittagong,,
এখন সে হয়ে যাবে সাবেক।,Dhaka,Pabna,
কিছু কিছু মানুষ এই পোস্টেও লাভ রিয়েক্ট দেয়...,Dhaka,,
"""আরে এটা চাঁদার টাকা না,,এটা সমঝোতার টাকা""",কুমিল্লা,Chittagong,Comilla
চাঁদা নয়! সমঝোতা বলুন,Dhaka,Gazipur,Manikganj
সবকিছুই প্ল্যান মোতাবেক হচ্ছে,Sylhet,,
লিডার চালিয়ে যান পুরো পৃথিবী আপনার বিপক্ষে থাকলেও আমি কিন্তু পৃথিবীর পক্ষেই আছি.,Dhaka,Tangail,
চালিয়ে যাও সোনা,Khulna,Jessore,
এই এই এটাকে চান্দা বললো কে?,Barisal,,
সম্ভবত চালক সমঝোতা করতে চায়নি,Rangpur,,
এগুলা দেখলেই এখন লাভ রিয়েক্ট দিতে মন চায়?,Dhaka,,
এটা চাঁদা বলা যাবে না সমঝোতা বলে,Khulna,Jessore,
"""সমঝোতার মাধ্যমে হলে কোন সমস্যা নেই,,""",Khulna,Jessore,
"""আরে ভাই গুজব ছড়ান ক্যা,,এইটা তো সমঝোতা ছিলো""",Rajshahi,Naogaon,
ভোট দিব কিসে ধানের শিষে।,রাজশাহী,Dhaka,Faridpur
লেতায় সমঝোতা করতে ছিল।,Dhaka,Barisal,Bhola
সবই সমঝোতার খেলা,Dhaka,Naogaon,
সমস্যা কি সমঝোতার মাধ্যমে হইছে,ঢাকা,,
স্বাধীন সমাজ গঠনের প্রথম শর্ত হলো জ্ঞান।,Dhaka,,
ধরা কি ঠিক হলো?,Rajshahi,Natore,
সমঝোতার ভিত্তিতে চাঁদা নেওয়ার অনুমতি আছে,Dhaka,Khulna,Jessore
হ্যাতেও বুঝি ন্যাতা,Chittagong,Noakhali,
সামনে ঈদ এটুকু তো তুলবেই,Dhaka,Kurigram,
এগুলো এডিট করা যায়,Dhaka,Mymensingh,
সমঝোতা কইরা নিছে নাকি জোর কইরা?,Dhaka,Chittagong,Narayanganj
সমঝোতা হলে সমস্যা নেই,Khulna,Satkhira,
সেই কালারের সেই নেতা।,Dhaka,,
সমঝোতা করে তুললে চাঁদা বলা যাবে না,Narayanganj,,
হে তো বাসের কন্টাক্ট ছিল,Dhaka,,
এটাকে বলে সমঝোতা।,Dhaka,Munshiganj,
"""কখন যে আমি ও রাস্তা চলার সময় আটক হয়ে যায়,""",ঢাকা,Dhaka,Mymensingh
এটা বিনপির আদশ্য। সমঝোতার ভিত্তিতে হচ্ছে কোনো সমস্যা নেই।,নোয়াখালী,Noakhali,
এটা হল সমঝোতা চাঁদা বলতে হয় না,Dhaka,,
সমঝোতা করতে গিয়েছিল ভাইটি,Dhaka,Gazipur,
কোন এলাকার যুবদল নেতা এটা একটু ক্লিয়ার করবেন না?,ঢাকা,ময়মনসিংহ,Dhaka
লেতার সেই ভাব!,Dhaka,Rajbari,Naogaon
খেলা শুরু হয়ে গেছে,রংপুর,Rangpur,
এগুলো জানি কি জোতা?,বরগুনা,Barisal,Barguna
খেলা যে চলছে কোন লেভেলের!,Dhaka,Barisal,
আচ্ছা মতো বাটাম দিয়ে লাইনে আনতে হবে!,Dhaka,Chittagong,
লিটার যেহেতু বলছে তাহলে ঠিকেই বলেছে,কিশোরগঞ্জ,Mymensingh,
এতে নুতন কি ?,ঢাকা,Dhaka,Barisal
সম্ভবত সমঝোতা করে চাইনি,Chittagong,,
সমঝোতার মাধ্যমে নেয় সমস্যা নাই,Dhaka,Mymensingh,Gaibandha
"""দিল্লি নয় পিন্ডি নয়, সবার আগে চান্দা।…""",Dhaka,,
একটু সমঝোতা করতে গেছিলো কিন্তু জনগণ ভাবলো চাঁদা তুলতে গেছে,Dhaka,,
এখন সে হয়ে যাবে সাবেক।,Dhaka,Munshiganj,
প্লান বাস্তবায়ন হচ্ছে,Dhaka,,
জামাই আদরে ছেড়ে দিলে আটক করার কি দরকার,Dhaka,Chittagong,Brahmanbaria
সমঝোতা করতে চায়ছিলো মনে হয়,Dhaka,,
Part of I have a plan. Nothing to worry,Dhaka,,
চাদা বইলেন না সমঝোতা বইলেন,Dhaka,,
হাতে হাতে সমঝোতা করলে তো হয়,Rangpur,Lalmonirhat,
আটক আর …,Dhaka,Rangpur,Nilphamari
এটাকে সমঝোতা বলে,Narayanganj,,
"""নৌকা দিল্লিতে,জামাত পাকিস্তানে, ধানের শীষ দাড়িয়ে আছে মাতৃভূমির কল্যানে""",Sylhet,Habiganj,
Golden son. দলকানারা এসব দেখতে পাবে না। ভালো জিনিস চোখে পড়ে না।,Rajshahi,Khulna,Pabna
সমঝোতা করে নিলেই হতো।,Dhaka,,
চাঁদা নিচ্ছে ঠিক আছে কিন্তু চাঁদাবাজি তো করে নাই,নওগাঁ,Rajshahi,Naogaon
মিলেমিশে কাজ করাই সমঝোতার বাংলাদেশের,Dhaka,,
আরে এটা কোন বিপার নয় ওই যে বলেছেন সকালে আটক আর বিকালে নাটক এটায় হবে,Dhaka,,
ভাই ওটা কি চাঁদা বলেন না ওটা আপসে যেটা লেনদেন হয় সেটাকে চাঁদা বলে না,ঢাকা,,
এটা চাদা না এটা সমঝোতা,Dhaka,,
চাদা তুলে এনে দিলে পুরস্কার ধরা পড়লে বহিষ্কার,Dhaka,,
সোনার ছেলে,চাঁদপুর,Chittagong,Narayanganj
"""বাংলার দামাল ছেলে,,চান্দা ভাই জিন্দাবাদ,,""",Dhaka,,
আরে ঐটা চাঁদা না ভাই ঐটা সমঝোতা,Dhaka,,
ওইটা চাঁদা না ভাই এটা সমঝোতা,Dhaka,Barisal,Bhola
চেহারা দেখলেই বুঝা যায় গান্জুইট্টা।,Dhaka,Chittagong,Narsingdi
"""আসে সবাই মিলে দেশ গড়ি, ধানের শিষে ভোট দিয়ে চাদা বাজ মুক্ত দেশ গড়ে তুলি""",সিলেট,Sylhet,
ক্যান ফ্যামিলি কার্ড নিজে পায়নি বুঝি,Dhaka,Rangpur,Gaibandha
এটাকে চাঁদা বলেন না এটা হল সমঝোতা।,Dhaka,,
এটা চাঁদাবাজি নয় এটা সমঝোতা,Dhaka,Rajshahi,
আটকের পর সমঝোতা বুঝতে পারছি,Pabna,,
ঠিক হয়েছে সবাই সচেতন হলে দেশে চাঁদাবাজি বন্ধ করা সম্ভব হবে,Panchagarh,,
"""না না,,, কোথাও ভুল হচ্ছে""",পাবনা,Dhaka,Pabna
"""সমঝোতা করতে গিয়েছিল, এইটাকে চাদা বলেন কেন??""",Dhaka,Madaripur,
খবরে হেডলাইন দেওয়ার আগে আগেই তারে ছাইড়া দিছে খবর নেন।,Dhaka,,
আরে সাবেক বললেন না যে?,Dhaka,Bagerhat,
আমরা যেই দলেরই হয় না কেন দয়া করে চাঁদাবাজি থেকে নিজেকে সবাই বিরত রাখব ইনশাআল্লাহ আমরা সকলেই হালাল রুজি কামাই করে খাব কেননা হ…,Dhaka,Mymensingh,
বিকাল নাটক সকালে নাটক,Cox's Bazar,,
চালিয়ে জান নেতা পুরো পৃথিবী আপনার বিপক্ষে থাকলেও আমি পৃথিবীর পক্ষেই থাকবো..,Dhaka,,
যেদিকে তাকাই সেদিকে যুবদল,রংপুর,Cox's Bazar,
আরে ভাই এটা চাঁদা না এটা সমঝোতা,Dhaka,,
হিরো ইঞ্চির মত দেখতে আবার বলে যুবদল নেতা,গাজীপুর,Dhaka,Gazipur
সমঝোতার মাধ্যমে চাঁদাবাজি করতে হবে।,Sylhet,,
সমঝোতার মাধ্যমে ডিম থেরাপি দেওয়া হউক,Dhaka,Rangpur,
সমঝোতা করেই চাঁদা নিতে হয়,Dhaka,Shariatpur,
চাঁদা বলে কেন এটা হলো ঈদের বোনাস।,Dhaka,Barisal,
তাহলে কি সমঝোতা হয়নাই,Dhaka,,
সে নাকি নেতা হা হা হা।,সুনামগঞ্জ,Dhaka,Sylhet
এখানে হতবাক হওয়ার কিছু নাই আমরা জনগণই চাইছি আগের মত দেশ চলার জন্য নতুন কিছু পরিবর্তন না হওয়ার জন্য এগুলো তো আগেও ছিল বর্তমান…,Chittagong,,
সাংবাদিক সাহেব আপনি ভুল লিখেছেন এটা চাঁদা হবেনা এটা সমঝোতা হবে,Dhaka,Sunamganj,
গরম ডিম দেওয়া হউক,Dhaka,Shariatpur,
profession যদি চাঁদাবাজি করা হয়।তাহলে কি বাদ দেওয়া যায়।,Rajshahi,Joypurhat,
মারহাবা,Chittagong,,
ওটা চাদা না সমঝোতা,Dhaka,Narail,
Icca,Dhaka,Chittagong,
এইটা সাদা না এটা সমঝোতা,Chittagong,,
রোজা রাখা অবস্থায় চাঁদা উঠাইলে কি রোজা ভেঙ্গে যাবে??,Dhaka,,
আটক করার কি দরকার একটু সমোঝোতা করলেই তো হতো,Dhaka,Gazipur,Bagerhat
সমঝোতার ভিত্তিতে ইহা গ্রহন করতে গেছিলো,কুড়িগ্রাম,Dhaka,Rangpur
বেচারা ঈদ উপলক্ষ্যে একটু চেষ্টা করেছিল,Dhaka,Chittagong,Cox's Bazar
আচ্ছা,চট্টগ্রাম,Chittagong,
চাদা নয় সমোঝোতা,Barisal,Bhola,
মায়াবী চেহারা,Dhaka,Narayanganj,Brahmanbaria
সমঝোতা,Dhaka,,
ফ্যামিলি কার্ডের টাকা যোগান দিতেই এরা কঠোর পরিশ্রম করে চাঁদা তুলে ৷ চ্যানেল ২৪ এদের নামে বদনাম ছড়িয়ে দিচ্ছে ক্যান বুঝলাম না ৷,Dhaka,Gazipur,Madaripur
"""বর্তমানে, সকল প্রকার চাঁদাবাজির সাথে ঐ দলটাইতো জড়িত?""",Sylhet,,
সমোঝোতায় কাজ হয় নাই!!,Dhaka,Rangpur,
সমঝোতা,Rajshahi,Pabna,
শ্রীলঙ্কার মতো আয়তনে ছোট এবং অর্থনৈতিক সংকটে জর্জরিত একটি দেশ শুধু IT Skills দিয়ে গত বছর প্রায় ১.৪৬ বিলিয়ন ডলার আয় করেছে। অন্য…,Dhaka,Gazipur,
কঠোর আইনী ব্যবস্থা নেয়া দরকার।,Rangpur,,
খাম্বার সাথে বেঁধে মালিককে ফোন দেওয়া হোক,Dhaka,,
"""‌মিথ‌্যা কথা, এরা চাঁদাবা‌জি ক‌রেনা।""",Dhaka,Chandpur,
চারদিকে শুধু চাঁদার ছরাছরি।,Kishoreganj,Narayanganj,
ডিম থেরাপি দেওয়া হোক,সিলেট,Sylhet,
ঠিক হয়ে যাবে,Dhaka,Gazipur,
এই চান্দার জন্যে সমঝোতা খুশি আর সমঝোতার জন্যে আপনি খুশি …,চাঁপাইনবাবগঞ্জ,Sylhet,Chapainawabganj
সারাদেশে আয় নেতায় নিয়ে জাবে।১০/'আর জেলেই গেল কে।,Chittagong,Feni,
সমঝোতা হয় নাই মনে হয়।,Rajshahi,Natore,
বেগুন দিয়ে দাও,নাটোর,Dhaka,Bogra
হয়ে গেল সমঝোতা,Dhaka,,
ওরে ত জামাত জামাত মনে হচ্ছে তদন্ত করা দরকার,Dhaka,Madaripur,
তাকে পুরস্কৃত করা হোক,Khulna,Magura,
আলহামদুলিল্লাহ,কুষ্টিয়া,Dhaka,Khulna
আহ্,ব্রাহ্মণবাড়িয়া,Chittagong,Chandpur
দুই তিন পরে আবার নিউজ উল্টায় যাবে,Dhaka,Khulna,
লেতা,Dhaka,,
হা,Dhaka,Rangpur,
গুপ্ত গুপ্ত অ্যা,Chittagong,Noakhali,
দু পরে তদন্ত করে রিপোর্ট উল্টে যেতে পারে,Chittagong,Chandpur,
ঠিক মত সমঝোতা হয় নাই।,Rangpur,,
সোনার ছেলেরা !,Rajshahi,,
আইনের আওতায় আনা হোক তাকে,Sylhet,,
জেলখানায় গিয়ে সমঝোতার ট্রেইনিং কোর্স শেষে ফুলের মালা দিয়ে বড দায়িত্বে পাওয়া যাবে বলে আশা কপছি...প্রমোশনাল অগ্রিম অভিনন্দন প্রিয় চান্দাভাই,Feni,,
auto Driver mone hocce...,Comilla,,
বিশাল নেতা,গাজীপুর,,
চেহারা দেখতেই তো গাঞ্জা খোরের মত লাগে। সকালে আটক করবে। বিকেলে তো ছাড়াই পাবে চিন্তা আছে।,Chittagong,,
Hoga lal kore daw bcg,Dhaka,,
নেতা কট খেয়ে হয়ে গেছে খাতা,Dhaka,Chittagong,Chandpur
এটা কি হল?,Dhaka,Chittagong,Noakhali
সমঝোতা,Dhaka,Bogra,
গতকাল রাস্তায় দেখলাম বিএনপির লোকজন মিছিল করতেছে জামাত যেন চাদাবাজি বন্ধ করে,মানিকগঞ্জ,Dhaka,Manikganj
আটক নামের নাটকে আমরা আর দেখতে চাইনা।,Dhaka,Chittagong,Munshiganj
Saif Sufian Shiam মনে হয় Ai,নরসিংদী,,
এটা সমজতা না সাংঘাতিক,সিলেট,Dhaka,Sylhet
"""তারা একটি বড় দল, একটু আদটু করতেই পারে। আটক করার দরকার কি?""",Dhaka,Madaripur,
এটা তেমন কিছু না,Dhaka,Netrokona,
এ তর রাব্বা,ঢাকা,গোপালগঞ্জ,হবিগঞ্জ
"""চাঁদাকে বৈধ ঘোষণা করা হউক,আটক করার তীব্র নিন্দা ও পোতিবাদ জানাই""",Dhaka,,
"""ওকে এখনো জিবতো রাখছে কেন, পাবলিক""",Barisal,Rangpur,Gopalganj
চাদা না সমোজোতা,Dhaka,,
এটা বেপার না সমঝোতার মধ্যে হচ্ছে।,বরগুনা,Dhaka,Barguna
হাত একটা কাটেন,Sylhet,,
মাশাল্লাহ,Dhaka,Barisal,
তারা তো মূলত চাঁদাবাজি করে প্রকাশ্যে অথবা গোপনে,Chittagong,,
সমঝোতার মাধ্যমে করলেই পারতেন তাহলে তো ধরা খেতে হতো না,Dhaka,Sirajganj,
সাব্বাশ ব্যাটা। আবার সোনার দেশ গড়বে।,Dhaka,Barisal,Narayanganj
Oke diye jatir udhesshe vashon deyano hok,Khulna,Magura,
উহু মুরুব্বী চাঁদা না সমঝোতা বলুন,ফরিদপুর,পাবনা,Dhaka
দূর মিয়া এগুলো সমঝোতা,পাবনা,Dhaka,Chittagong
সমঝোতা করতে ভুলে গেছে,চট্টগ্রাম,লক্ষ্মীপুর,
দেশের সুর্য সন্তান,Chittagong,Lakshmipur,
"""এটা তো নতুন কিছুই না, এতো ঘটা করে প্রচার এর কি আছে, সমঝোতা ভালো হইনি তাই""",Narail,,
একে তো হিরোইঞ্চি মনে হয়...,Panchagarh,,
চাদা চমিক চাদা নেতা কোথায়,Gazipur,,
ore jubodol netar chokh lal kno,Khulna,Kushtia,
সমঝোতার ভিত্তিতে ছাইড়া দেন।,চট্টগ্রাম,,
এর নাম বিএনপি যুবদল,Dhaka,,
কামডা করলো কি?,Dhaka,Chittagong,Gazipur
সাংবাদিকরা সমঝোতা কে চাদা বলতেছে।এমন স্বাধীনতা কি আমরা চেয়েছিলাম?,Mymensingh,,
এটাকে চাঁদা বলিও না বৎস,Rajshahi,Patuakhali,
সমঝোতার অভাব মনে হচ্ছে।,Dhaka,,
"""আটকের নামে খেলাটা হচ্ছে সকালে শুরু বিকালে শেষ,, সাব্বাস আমার বাংলাদেশ,, চাঁদার বাজিতে ভরপুর""",Dhaka,,
লেতা,Barisal,,
AK dom thik hoicy,Dhaka,,
সকালে আটক বিকালে নাটক যদি এটা বন্ধ হয় তাহলে চাঁদাবাজি মুক্ত হবে,Dhaka,,
ইনকাম সোর্স,Tangail,,
বড় নেতা থানায় ফোন দিয়ে বলবো 54দারায় চালান…,Dhaka,,
এগুলা নরমাল,Cumilla,Comilla,
"""খাও বাবা, কিছু একটা করে খাও।""",Natore,,
বাহ,Feni,,
এগুলো তো সমঝোতা চাঁদ কেন বলবে ।,Khulna,Satkhira,
সমঝোতা না করে তোমার ঈদের বকশিস চাওয়া উচিৎ হয়নি,Magura,,
ভদ্রলোক মনে হয় সারা কিছু খায়নি তারা হুরা করে বাসে উঠে চাঁদা ভুলে ছেয়ে বসলো,সিলেট,মৌলভীবাজার,Dhaka
এত টকাই এ আবার নেতা হয় কেমনে,Dhaka,Mymensingh,Dinajpur
চাঁদা না দিলে বাসের চাকা খুলে নিবে এটাও মাথায় রাখতে হবে যেহেতু বিচার কখনই হয় না।,বাগেরহাট,Dhaka,Gazipur
MD Jymil Ahmed Hridoy mama,Dhaka,Netrokona,
অবৈধভাবে আটকের জন্য তীব্র নিন্দা জানাই,চট্টগ্রাম,Cox's Bazar,
এখন বলবে এরা জামাত,সিলেট,শেরপুর,Dhaka
বিকেলে ছাড়া পাবে বিধায় উত্তম মাধ্যম হওয়া উচিত।,Khulna,Satkhira,
চাঁদা বাজি জামায়াত করে নাকি কে করে অন্ধগুলোর দেখে নেয়া উচিৎ,বরিশাল,Dhaka,Jamalpur
দে লাড়া চিনি ছাড়া,Sunamganj,,
সামনে ঈদ,Chittagong,,
ছিছি কি বলেন। বলেন যে সমঝোতা। চঁাদা বলতে নেই লক্ষি রাগ করবে,Bagerhat,,
BNP er uchit tader Leader and Worker der training deya Jate Tara na Dora pore …,Khulna,Rangpur,
দুর মিয়া আর নাম খুজে পান না নাকি.. সব যায়গায় ছাত্রদল যুবদল,Dhaka,,
কঠোর ভাবে নির্মুল করতে হবে,চট্টগ্রাম,Dhaka,Chittagong
ব্যবস্থা নেওয়া হোক,Dhaka,Rangpur,
কি ভালো লাগে রে শুনতে।,গাজীপুর,,
ভাই টেকেন নিয়ে যান নি,Dhaka,Khulna,Jessore
ভাই আমাদের সাধারণ মানুষের খুব অসুবিধা হয়। আমি জিনজিরার বাসিন্দা। মানে এখানে অনেক বড় লেভেলে চাঁদাবাজি হয়। বুড়িগঙ্গা নদী পার…,Dhaka,,
মুখ দেখে খুব নিষ্পাপ লাগছে,Rajshahi,Cox's Bazar,
গুবত,Dhaka,Rangpur,Jamalpur
সমঝোতা করে নিলেই তো হত,Barisal,Barguna,
ভালবাসি চান্দাদল,Dhaka,,
MD Shah Jalal link lagbe?,ঢাকা,,
"""যত রাষ্ট্র কাঠামো ঠিক না হবে। প্রতিটা নির্বাচনে স্বচ্ছতা নিশ্চিত হবে তত NCP, BNP, JAMAT যেই ডাক দেক মাঠে নামবো। দেশের মা…""",Dhaka,,
"""আইন সবার জন্য সমান,, তারেক রহমান জিন্দাবাদ।""",Khulna,,
এই লাইনে কিভাবে ঢুকা যায়। একটু পরামর্শ দিবা,Chittagong,Bandarban,
থেরাপি দেওয়া হোক,Barisal,,
নাটক করে যদি ছেড়ে দেওয়া হয় তাহলে আর লাভ কি পুঁতে ফেলতে হবে,Dhaka,,
"""শুধু আটক করলে চলবে না, পঙ্গু করে জেলে পাঠান। বাকি জীবনটা যেন জেলে কাটাইতে পারে।""",Dhaka,Gazipur,
মারহাবা,Dhaka,,
বাহ খুব সুন্দর,Chittagong,Patuakhali,
আরে এটা কোন ব্যাপার না বড় নেতা আছে না,Comilla,,
মাশাল্লাহ,Dhaka,Munshiganj,
আটক করাটা নাটক তা না হলে লেগুনার ড্রাইভার নাকি সিরিয়ালের জন্য মরছে একজন ডিসি বলে ধিক্কার জানাই এমন সংগঠনের প্রতি যারা মানুষের …,Dhaka,,
Joy Bangla...,Dhaka,Munshiganj,
"""সমজোতায় সব চলবে,, মিডিয়া ai দিয়ে ভিডিও বানিয়ে বলে যুবদল করছে ছাত্র দল করছে সব মিডিয়ার কারিশমা""",Tangail,,
ওটা চাদা না সমোঝোতা,Khulna,Satkhira,
"""খুব শিগ্রই সকল প্রকার চাঁদাবাজি বন্ধ হবে, ইনশাআল্লাহ।""",Khulna,,
ছি ছি ছিহরে ননি ছিহ,Comilla,,
মির্জা আব্বাস কে সমঝোতা ও চাঁদা বিষয়ক মন্ত্রী করার জোরদার দাবি জানাচ্ছি,ঢাকা,Cox's Bazar,
ফেসবুকে শুধু দেখা যায় বাস্তবে তো দেখা যায় না,Dhaka,,
ঐ নেতা এবং একে কমিটি অনুমোদন দেওয়া সবাইকে ক্লিন হাটের আওতায় আনা হওক।,Chittagong,Cox's Bazar,
জনগন গুজবে কান দিয়েন না।,Lalmonirhat,,
সমঝোতার ভিত্তিতে টাকা দাও।,Cox's Bazar,,
ঈদ মোবারক,Dhaka,,
"""কিসের আবার চাঁদা, বাংলাদেশে চাঁদা আছে নী""",Mymensingh,Sherpur,
আরে দূর এগুলো সমঝোতা এগুলো নিউজ করা লাগে,Chittagong,Noakhali,
হেতেরে হিড়িয়ালা,Feni,,
এই নিউজ চ্যানেলগুলো এত এত টাকা খাওয়ার পরেও বিএমপির বিপক্ষে কথা বলে এগুলো হলো নেমকহারাম,Dhaka,,
বাহ বাহ,Barisal,,
লাগারে লাগা দোলায় লাগা,Chittagong,,
জামাত শিবির বলে চালিয়ে দেওয়া যায় না,Dhaka,Comilla,
বিএনপিকে দুর্বল করার জন্য ভেতর থেকেই কিছু গুপ্ত গোষ্ঠী অপকর্ম চালাচ্ছে। কিন্তু জনগণ আর অন্ধ নয়—সবই বুঝে গেছে। বিএনপি এখন প্রম…,Khulna,,
নয়ন জুড়ানো খবর,Dhaka,Sylhet,Gopalganj
"""মাশাল্লাহ, চালিয়ে যাও তোমরা।""",Dhaka,Barisal,
ইন্না-লিল্লাহে ওয়াইন্না ইলাহে রাজিউন।,Chittagong,Noakhali,
ঈদ মোবারক,Dhaka,,
চান্দা ভাই তোমার ছাড় নাই।,Dhaka,Kishoreganj,
সমঝোতার,সাতক্ষীরা,Khulna,Kushtia
আমার মনে হয় আওয়ামী লীগের ষড়যন্ত্র,Dhaka,Munshiganj,
ওরা বলবে এটা জামায়াতে নেতা,Rajshahi,,
ওই কেরে চাঁদা কে চাঁদা বলে বলো সমঝতা,Sylhet,,
গরম ডিম দেন,Chittagong,,
চাদারে চাদা সমঝোতা,Dhaka,Faridpur,
এভাবে বলতে নেই,বগুড়া,Bogura,Bogra
দাদা নাই সমঝোতা,Sylhet,Sunamganj,
"""চান্দা না হাদিয়া আপ্নারা বুল বুজবেন না,,""",Sylhet,,
"""কামড়া কামড়ির কি দরকার? সমঝোতা করে নিলেই তো হয়,""",Mymensingh,Sherpur,
এরা চাঁদা তুলে প্রশাসন কি করে,Dhaka,Barisal,
আমরা মনে হয় আর বেশি টিকতে পারবো না,Lalmonirhat,,
এগুলো কি এতই অপদার্থ যে বাসা বাড়িতে কিংবা ভিক্ষা করে দুই বেলা খাবার যোগাড় করতে পারে না?,Chittagong,,
gorom dim deoa hok,Dhaka,Brahmanbaria,
হাতে নাতে সে আর নতুন কি তারা চাদা তোলে এটা সবাই জানে।,Chittagong,Lakshmipur,
"""আটক করে কি লাভ,একদিক দিয়ে ঢুকিয়ে অন্য দিক দিয়ে বের হয়ে যাবে,,,জনগন এর বাত মরছে আরো মরবে""",Dhaka,,
চোখের এই অবস্থা কেন,Netrokona,,
গুজব,Barisal,,
একটু সমঝোতা করে তারপর ছেড়ে দেন,Dhaka,Chittagong,Gazipur
ভালো,Dhaka,Barisal,
দেখে গান্জাখোর মনে হচ্ছে।,Dhaka,Rangpur,
ওকি গাজা খেয়েছে চোখ লাল কেন ..?নাকি জনগণক খেলিয়েছে,Dhaka,,
চাদা না হাদিয়া,Dhaka,,
চাদা ত সরকার এর সম্পদ সমস্যা কি,গাজীপুর,দিনাজপুর,
লাগারে লাগা ধান লাগা।,Sylhet,,
ব্যাপার না,Barisal,Bhola,
চাঁদা বাজ কোন দলের হতে পারেনা,সিলেট,সাতক্ষীরা,সুনামগঞ্জ
KaMiL AhMeD চান্দা লাগবোনি চান্দা,Sylhet,,
বিচি কর্তণ করা হোক।,Tangail,,
সমঝোতা হয়নি দাদা,Dhaka,Barisal,
আওয়ামী লীগ চান্দার বাক্স এদের হাতে তুলে দিয়েছে....,নীলফামারী,Rangpur,Cox's Bazar
Sonar sela,Dhaka,Faridpur,
বামভোলা,Chittagong,,
Abdur Razzak Sabu beta Dekh,Dhaka,Rangpur,
"""তারপরও কি মানুষের চক্ষু খুলবে না, এখান থেকেও কি মানুষ শিক্ষা নেবে না, রাষ্ট্রক্ষমতায় কাদেরকে দরকার""",Tangail,,
বাহহ,Chittagong,Noakhali,
পুটকি দিয়ে গরম ডিম দেওয়া হোক।,ঢাকা,Dhaka,Khulna
Oy to pinik,Dhaka,,
Tuhin Coxs এসব কি ভাই?,Cox's Bazar,,
এগুলো চাদা না সমজতা,ভোলা,Barisal,Bhola
এই সব ভুয়া খবর জাতি বিশ্বাস করে না ..........নিস্পাপ একটা দলের নামে এই সব ঠিক না,Chittagong,Chandpur,
সব সমঝোতা,Chittagong,,
চাঁদাবাজ কোনো দলের হতে পারে না।,Dhaka,Jamalpur,
এরাতো দেখছি দলডারে ডুবাইয়া ছারবে।,Dhaka,,
কেন! আটক কেন????,নরসিংদী,Dhaka,Narsingdi
আসলে এদের পতিভা আছে,Dhaka,Manikganj,
মামা পিনিকে আছে,নরসিংদী,Dhaka,Rajshahi
একবারের জন্য সোনা-মিয়ারে মাপ করে কাচা ডিম আদা সিদ্ধ করে পিছন দিক দিয়ে খাইয়ে দেন!,Feni,,
আহারে বেচারা সমঝোতা করতে গেল আর আপনারা চাঁদাবাজ বলে ধরে নিলেন,Rajshahi,,
ফিডাচ্ছা কিল্লাই,Narayanganj,Comilla,
এটা যুবদলের কেউ না,Chapainawabganj,,
কি মামলা করল আসামি তো পরের ে ছাড়া পাইলো,Dhaka,Faridpur,
গরম ডিম পাচায় তেল দিয়ে দেওয়া হোক,Chittagong,,
"""বিএনপি সরকার কে বলে এদের কাজের ব্যবস্থা করে দেন,,,,,আবার চাদা তুলতে লাগাই দিয়েন না""",Dhaka,,
এই সমঝোতা কে যারা অন্য ভাবে প্রভাবিত করার চেষ্টা করছে।তারা সমঝোতার শত্রু।তাদের বিরুদ্ধে সমঝোতার ভিত্তি তে আইনানুগ ব্যবস্থা নেওয়া হবে,Dhaka,,
কমর ভাইঙ্গা দে,গাজীপুর,Dhaka,Gazipur
ওরে কোন এঙ্গেলে নেতা মনে হয়।।।,Chittagong,Brahmanbaria,
এগুলা চাদা না সমঝোতা,Comilla,,
ধন্যবাদ সরকারকে।,Dhaka,Bogra,
ক্র স দিয়ে রাস্ট্রীয় ময়লা পরিস্কার করা হোক।,Dhaka,,
আসলে আমাদের দেশে আমরা এখনো অন্য দেশের মত হতে পারলাম না এই বাংলাদেশেই যত রকমের অন্যায় অত্যাচার হয়ে থাকে,Chittagong,Chandpur,
বাহ,Dhaka,Gazipur,
জাতীয় জাদুঘরে রাখার ব্যবস্থা করা হোক,Khulna,Gazipur,
যে অন্যায় করবে সিদা পুলিশে তার কোন দল নাই।,Tangail,,
Chok lak,Dhaka,Gazipur,
সমঝোতা,গাইবান্ধা,Rangpur,
এইডা আবার তেমন কি ?? যে নিউজ করা লাগবে !!,Dhaka,Khulna,
Aita nata hoy kivab a repotar gaja khaisa,Dhaka,Manikganj,
এটা কোনো কথা হেতো নিরীহ চাঁদাবাজ,Dhaka,Chittagong,Noakhali
"""Ore netare, somjhota""",নওগাঁ,Rajshahi,Naogaon
নতুন কিচু না৷,Dhaka,,
পিসে দিছে এমন খবর নাই...,Dhaka,Comilla,
সকালে আটক বিকেলে জামিন এটাই নাটক এই নাটকই চলবে সালাউদ্ ের মন্ত্রণালয়,Dhaka,,
সমঝোতার ভিত্তিতে চাঁদাবাজী!!! তাতে দোষের কি!!!! সত্যি সেলুকাস কি বিচিত্র এই দেশ.......,Dhaka,Chittagong,
তাকে খালি পিঠার উপরে রাখো।,Chittagong,Chandpur,
আলহামদুলিল্লাহ,Chittagong,,
Alhamdulila Alhamdulila Alhamdulila Alhamdulila Alhamdulila Alhamdulila,Dhaka,,
আহা সোনার দেশের সোনার ছেলেরা সমাঝোতা করে নিলেই কো হয়,ভোলা,Barisal,Bhola
যত তাড়াতাড়ি সম্ভব ডিম থেরাপি দিতে হবে,Dhaka,,
সমঝোতা হয়নি তাহলে,Dhaka,Chittagong,
আমাদের রাজবাড়ী আরোও একধাপ এগিয়ে গেল।,Dhaka,Faridpur,Gazipur
অনেকেই বলবে এটা জামায়াতের লোক কেননা বিএনপি এখনো চাঁদাবাজি করে না,Chittagong,Chandpur,
এদের একটা কর্মসংস্থানের ব্যবস্থা করা হোক,Dhaka,Rangpur,Gazipur
এ জন্য আমরা ৫ বারির চ্যাম্পিয়ন,Dhaka,Chittagong,Feni
সমঝোতা না করে চাঁদাবাজি করা মোটেই ঠিক নয়,Dhaka,,
হাড্ডি বাদে মাংস আলাদা করুক কোন দুঃখ নাই,Dhaka,,
"""আচ্ছা তাদের কি কর্মসংস্থান সৃষ্টির জন্য কিছু করেছে সরকার তাহলে তাদের কিভাবে চলবে আর নেশার টাকা কিভাবে ব্যবস্থা করবে,""",Dhaka,,
সমঝোতা,Chittagong,Comilla,Rangamati
মারহাবা,Dhaka,,
এখন ক্ষমতার দাপটে চলেনা।,Dhaka,Sylhet,
ভাই দলের নাম কাটি দেন না হয় খবর আছে,চট্টগ্রাম,Chittagong,
"""ঈদ বোনাস হিসেবে নিয়ে,সমঝোতা করতেছে""",Dhaka,Rangpur,
না হ হেইয়া মুই বিশ্বাস হরিনা,Dhaka,Chittagong,Chandpur
সমঝোতার ভিত্তিতে করেছে সমস্যা কি,Rajshahi,Pabna,
ওরে ডিম থেরাপি দেওয়া হোক,Chittagong,Patuakhali,
না আমি বিশ্বাস করিনা,Dhaka,Kishoreganj,
"""সমঝোতা করে নেওয়া হালাল, যত্তসব নষ্টদের দখলে।""",Dhaka,,
"""ফটোকার্ড টি Channel 24 এর নয়,""",Dhaka,Mymensingh,Sherpur
ধন্যবাদ,Dhaka,Barisal,Barguna
এই মাসে মুনাফা বেশি।,Sylhet,,
প্ল্যান বাস্তবায়ন হচ্ছে,Dhaka,Dinajpur,
Jahid Hasan ঈদ বোনাস কালেক্ট করতে গেছিলো।,Chittagong,Barisal,
সোনার ছেলেগুলাকে এভাবে আটক করা ঠিক না Monirul Islam …,Mymensingh,Sirajganj,
চ্যাম্পিয়ান হতে হবে,Dhaka,,
সমঝোতা,Dhaka,,
২ পর আসবে গুজব,Dhaka,Comilla,
"""আস্তাগফিরুল্লাহ,, আপনাদের সাংবাদিকতায় ভুল আছে ওরা তো চাঁদা নেয় না। সমঝোতা করে""",বরিশাল,Chittagong,
সমঝোতার মাধ্যমে ছেড়ে দেওয়া হোক।,Dhaka,Chittagong,Lakshmipur
Ader police a dan,Dhaka,,
সিদ্ধ ডিম থেরাপি দাও,Khulna,Jessore,
এমন একটা আ্যাপ তৈরী করা হোক যেখানে চোর বাটপাড় মাদক খাদক ইত্যাদি সকল অপরাধীর তথ্য জানানো হবে। আর তদন্ত কমিটি করে প্রয়োজনে গোয়ে…,Dhaka,,
কিছুক্ষণ পর ডিলিট করে দিয়ে বলবেন এটা ভুয়া নিউজ,Dhaka,,
তারেক রহমানের কর্মসংস্থান,Dhaka,Barisal,Bhola
সমস্যা নাই কোটে গেলেই জামিন দিবে।।। কালকে আবার দ্বিগুন মাত্রায় শুরু করতে পারবা।,Barisal,Narayanganj,
"""কোন দলের নাম বলার দরকার নেই কারণ, যুবদল সেচছাসেবিদল ছাড়া অন্য কোন দলের লোক চাঁদাবাজি করেনা,।""",Tangail,,
জামায়াতের বলে চালিয়ে দেওয়া যায় না,Dhaka,,
ভোট দেবো কিসে,Dhaka,Lakshmipur,
"""ও মাই গড , চুদলিং পং""",Chittagong,,
পিডা বেদম পিডা!,Dhaka,Bandarban,
Akta tader pesaa o nesaa,Dhaka,,
Anisur Rahman Rashed Ali tare cina cina lage na ni kow saine kuno jemon deksilam,Sylhet,,
গরম ডিমের থেরাপি দেয়া হৌক,কুমিল্লা,Chittagong,
"""এইটা নাকি যুবদল নেতা, নেতার আকাল পড়েছে...হাহা হাহা""",Dhaka,Netrokona,
১৭ বছরের ক্ষিদের জ্বালা ভাই,কিশোরগঞ্জ,Kishoreganj,
হাতেনাতে,রংপুর,Dhaka,Rangpur
Jr RifatZaber HossainNafiul Alfee বড় ভাইয়েরা আদর্শে আদর্শিক হতে চাচ্ছে,Dhaka,Brahmanbaria,
Alhamdulilla,Dhaka,,
বট বাহিনী গুজব ছড়াচ্ছে বলে চালিয়ে,কুমিল্লা,Comilla,
আলহামদুলিল্লাহ,Sirajganj,,
"""উনাকে ফখরুল সাহেবের কাছে পাঠানো হোক, দুজনেরই সুষ্ঠু বিচার আশা করছি""",Dhaka,,
বুজল না সমঝোতা করে নিলেই হত,Dhaka,Mymensingh,Gazipur
"""আরে ভাই বুঝেন না কেন, এটা তো চাঁদা না সমঝোতা""",কিশোরগঞ্জ,Rangpur,Nilphamari
আমি বিশ্বাস করি না এমন টা হতেই পারে না গুপ্ত,Dhaka,,
"""সুব কামনা ধনের সিশ,,,""",Dhaka,Feni,
প্ল্যান,Chittagong,Noakhali,
গরম ডিম দেও বাবুটাকে,Chandpur,,
আহারে সমঝোতা করতে পারে নাই,কুমিল্লা,Narayanganj,Comilla
"""ছাত্রশিবি অথবা জামাত ইসলাম বলে চালিয়ে দেন,""",Dhaka,,
Eto somojotar chada,Dhaka,,
"""ভুয়া সম্প্রচার ও গুজব শুধু ভুল তথ্যই ছড়ায় না—এগুলো মানুষের মধ্যে ভয়, অবিশ্বাস ও অস্থিরতা তৈরি করে। অনেক সময় একটি ছোট ভুল তথ্য …""",Dhaka,Gazipur,
এটা সমঝোতা। চাঁদা বলবে না প্লিজ,Chittagong,Noakhali,
নেশা করার টাকা নাই কি করবে।,Dhaka,,
সংবাদকর্মীরা যদি কোন দলের গোলামী না করে ঠিকমতো নিউজ করে তাহলে দেশের অবস্থা কিছুটা ভালো হবে।,Dhaka,Narsingdi,
আসসালামু আলাইকুম Congratulations. …,সিলেট,Sylhet,
সমঝোতা করে নেওয়ার পরও কেন আটক হল তীব্র নিন্দা জানাই,নরসিংদী,Dhaka,Narsingdi
এটা চাঁদাবাজি নয় রে লায়লা এটা সমঝোতা…,Chittagong,,
যুবদল লিখে হয়ত ভুল করছে।,Dhaka,,
সমঝোতা,Dhaka,,
এগুলো মনে হয় তারেক রহমান সাহেব প্রধানমন্ত্রী চোখে পড়ে না দেখেন না,Thakurgaon,,
"""চাঁদা বলতে নাই, সমঝোতা বলতে হয়।""",Dhaka,,
"""আপসে যেইটা দেয় সেইটা চাদা না, একটা দলের পিছনে আপনারা কেনো লাগছেন? এইটা রমজান মাস, হয়তো সে জাকাত নিতে গেছে।""",Dhaka,Mymensingh,
তাদের কাজ ত এটাই,Sylhet,,
চ্যানেল ২৪এত ভালো খবর দেই কিভাবে হাত কি একবার কাপলো না,Lalmonirhat,,
সমঝোতা হইনি?,রাজবাড়ী,Dhaka,Rajshahi
সমঝোতা করে নিতেছে চাদা বলবেন না দয়া করে,Dhaka,,
আরো অনেক বড় বড় মাছ আছে,ফেনী,,
পুটকিতে ডিম দেয়া হোক,Dhaka,Barisal,
ধুর! ও বাসের কন্টাকটার ছিল।। …,Chittagong,,
সমঝোতা করলেই তো পারতো।,বরিশাল,Barisal,
এইখানে সঠিক হেডলাইন করা হয়নি সমঝোতা বলতে হবে।,Dhaka,Rangpur,Dinajpur
এরা এত কোথায় ছিলো?,Dhaka,Pabna,
"""এদের এসব নিউজ দেখতে দেখতে, এখন আর হা হা দিতেও ভালো লাগেবিধা না""",পাবনা,Pabna,
ঠিক মতো বাটাম দেওয়া হোক। অপরাধীর কোন দল নাই,পিরোজপুর,Khulna,Bagerhat
চাদা না সমাঝতা,Dhaka,Munshiganj,
উয়াউ,Dhaka,,
Solid ganzakor lagse bara,Barishal,Barisal,
"""সমঝোতাটা ঠিকমত হয়নি,তাহলে আর চাদা হতো না।""",Barisal,Bhola,
সরকার ভাল কাজ করলেও অন্য দল বলবে নাটক,Chattogram,Cox's Bazar,
Banay nai,শরীয়তপুর,Dhaka,
আটকের নিউজটাও যেহেতু দেখাইছেন জামিনের নিউজ টাও দেখায়েন,Dhaka,Madaripur,
হাদিয়া,সিলেট,Dhaka,Rangpur
"""সমঝোতার ভিত্তিতে টাকা উঠাইতে যেয়ে, বেচারা নতুন কর্মসংস্থানে ধরা খাইলো""",Dhaka,Gazipur,
মারহাবা,Dhaka,,
Mahbubur Rahman দোয়া আছে,Sylhet,,
যুবক আটক বলবেন। এভাবে সরাসরি বলা ঠিক হচ্ছে না।,Chittagong,,
"""বাঙ্গু যেমন চাইছে, তেমন ই পাইছে। বেচারার কি দোষ!""",Chittagong,Lakshmipur,
এটা চাদা না সমযোতা,Dhaka,,
"""এতো শিবিরের নেতা দেখছি,,""",মেহেরপুর,,
ব্যাপার না শিবির বলে চালিয়ে দেও,রাজশাহী,Dhaka,Rajshahi
Sundor to,Khulna,Jessore,
এদিকে জনতা আটক করবে ওইদিকে প্রশাসন ছাড়ে দিবে,Dhaka,,
যেহেতু আমাদের দলীয় লোক সেহেতু কোয়েল পাখির ডিম দেওয়া দাবি জানাচ্ছি।।,Dhaka,,
এভাবে বলাটা ঠিক না,Chittagong,Chandpur,
কোন দলের সৈনিক চাঁদা তোলে দৈনিক?,Dhaka,Gazipur,
শুরু,কিশোরগঞ্জ,Dhaka,Narsingdi
"""আমাদের যুবদল নেতা কখনো চাঁদা তুলতে পারেন না, এটা সমঝোতার বিত্তিতে টাকা নেই, এটাকে চাদা বলেনা, এটাকে বলে হাদিয়া,""",Dhaka,Kishoreganj,
সমঝোতা চলছে,,Dhaka,
Samrat Akbar Jahirul Islam koi re toder lagbe naki chanda....hahaha,Dhaka,Chittagong,Lakshmipur
ঘরে ডিম থেরাপি দেওয়া উচিত,Dhaka,,
সমঝোতা,Khulna,Jessore,Magura
২ পরে জানাব বাসে ঘুরতে গিয়েছিল। ভুল তথ্য দেয়া হয়েছে,Rangpur,,
Carry-on,Dhaka,Gazipur,Pabna
শিরোনাম ভুল হয়েছে যুবদল না। মনে হয় জামাত হবে। হাইরে নাটক কত কি দেখতে হবে,Dhaka,Gazipur,Naogaon
"""ঠিক করছে,,,""",Dhaka,Rangpur,
এটা জামাতের বলে চালিয়ে দেয়া হোক,Dhaka,,
এখনো আটক আছে নি? নাকি বাসায় চলে গেছে?,Comilla,Lakshmipur,
a vabee bolle gunah hobe toh,Sylhet,,
"""চাঁদা বিদেশি শব্দ তাই মন্ত্রী মহাশয় সংস্করণ করে! """"সমঝোতা"""" করেছেন,,এখন আর এটা অপরাধ নয়।""",ঢাকা,Dhaka,Barisal
Good,Dhaka,,
"""এদের কি কোন কাজ কাম নাই! এরা রাজনিতি করে শুধু ধান্দাবাজী করার জন্য। এরাই দলের ভাবমূর্তি নষ্ট করছে,,…""",Dhaka,,
"""সবাই একসাথে মাঠে নামতে হবে, পরিবহন মন্ত্রীর পদত্যাগ দাবি করছি । তাহলে চাঁদাবাজরা মাঠ ছাড়বে।""",ব্রাহ্মণবাড়িয়া,Chittagong,Brahmanbaria
কেন,Dhaka,,
কড়া লেতা,Dhaka,Mymensingh,
কোনো ছাড় হবে না। অপরাধ করলে ধরে ধরে জেলে। বর্তমান প্রধানমন্ত্রীর এইটাই নিয়ম। দলের নাম পদের নাম দিয়ে কোনো অপরাধ করলে ছাড় হবে না।,Chittagong,Brahmanbaria,Lakshmipur
সমঝোতা,Feni,,
গুজব গুজব,লক্ষ্মীপুর,,
মাত্র শুরু করছে,Dhaka,Gazipur,
সমঝোতা,Dhaka,Mymensingh,Kishoreganj
চলবেই ইনশাআল্লাহ,বগুড়া,Bogura,Bogra
সমঝোতা ভালো হয়নি,Khulna,Jessore,
এর বিচি তে কয়েকটি ঠুকা মারা উচিত,Bogra,,
২০ কেজি গাজা শালা একাই কাইছে মনে হয়,Dhaka,,
ভালো ছেলে রাত জেগে কেবল চাঁদা তোলার জন্য জেগে থাকে,Comilla,,
আমাদের মির্জা ফখরুল ইসলাম সাহেব বলল তারা নাকি চাঁদাবাজ এর সাথে জড়িত না তাহলে যুবদল কোন দলের,Bagerhat,,
সমঝোতা,Chittagong,,
তিব্র নিন্দা ও প্রতিবাদ জানাই তার অধিকার থেকে বঞ্চিত করার জন্য,ময়মনসিংহ,Dhaka,Mymensingh
"""Ke bolse chada,,eytato somjota kore nicche""",Comilla,,
নতুন বাংলাদেশ,Dhaka,Faridpur,
মির্জা আব্বাসের ঈদ বোনাস,Dhaka,,
আলহামদুলিল্লাহ,Dhaka,,
ঈদের অগ্রিম বোনাস উত্তম মাধ্যম দেয়া হোক,Dhaka,Munshiganj,
সমাজের সবার উচিত তাদের বাসায় গিয়ে চাঁদা দিয়ে আসা। তাহলে তাদের জন্য সুবিধা হবে।,বগুড়া,Rangpur,Bogura
চাদা না রমজান এর হাদিয়া বাবার কাইল্কার দোকান ভাড়া তুলতেছে,Dhaka,Barisal,Madaripur
রমজান দেখি কমিয়ে দিছে রমজানে পড়ে সব জায়গায় শুরু হবে।,Rangpur,,
"""ওকে আটক করা মানি সমোঝতার গণতন্ত্র হরণ করা, এটা ঠিক হয়নি।""",Barisal,Bhola,
আমার বাথরুম টা পরিষ্কার করে দিও চাদার চেয়ে বেশি পাবে,Dhaka,Pabna,
আলহামদুলিল্লাহ,Sylhet,,
আ হা কি আনন্দ আকাশে বাতাসে,Dhaka,Gazipur,
যেখানে চাঁদা বাজ পাইবেন সেখানেই পতিরোধ,যশোর,Khulna,Jessore
সোনার ছেলে,Sylhet,,
মারহাবা,Chittagong,Feni,
আহ ইজ্জত,Dhaka,,
"""ভোট দিছ কীসে, চান্দার শীষে। মারা তো খাইতেই হবে ভাইয়া""",Thakurgaon,,
"""সন্ত্রাস, চাঁদাবাজ, টেন্ডারবাজ এদের কোন দল নেই, নেই দেশপ্রেম। সুতরাং তাদের বিরুদ্ধে রুখে দাঁড়ানোর দ্বায়িত্ব আমার আপনার আমাদের সকলের।""",Comilla,,
নাস্তা পানির ব্যবস্থা হয়নি,Dhaka,,
জামায়াত বলে চালিয়ে দেয়া যায় না,Dhaka,Joypurhat,
"""এবার চাঁদা গুলা পিছন দিয়ে দেন,,,""",Comilla,,
সমঝোতা।,দিনাজপুর,Dinajpur,
আরে না এটা সমঝোতা,Dhaka,Rangpur,Lalmonirhat
ভাই এরে দেখলে তো নেতা মনে হয় না,Dhaka,,
ফেসবুকে রিফ্রেস দিলেই চাঁদার আপডেট,কুড়িগ্রাম,Dhaka,
চোখের শান্তি,Dhaka,Kushtia,
লোক শান,Dhaka,Barguna,
সমঝোতা করতে গেছিলো বাসে,Rajshahi,Naogaon,
"""চাদা তুলে হাজারো নেতা কর্মী , একজনকে গ্রেফতার দেখিয়ে আই ওয়াশ নিউজ দালালী ছাড়া আর কিছু না।""",Mymensingh,Sherpur,
ইডেট করে দাঁড়ি লাগিয়ে জামাত বলে চালিয়ে দেন,Dhaka,,
Shonar Bangladesh,Dhaka,Comilla,
সমঝোতা,Chittagong,,
মনে হয় Ai,Dhaka,Tangail,
"""হয়তো সে ওই বাস ইজারা নিয়েছিল,শুধু শুধু সোনার ছেলেদের দোষ দেন""",Dhaka,Dinajpur,
সমঝোতা করে ছেড়ে দেওয়া হোক।,Dhaka,Patuakhali,
চোখ যে লাল তাতে মনে হয়........!!!,ঢাকা,Dhaka,Madaripur
সুন্দর করে সমঝোতা করতে পারেনাই। কিছু প্রশিক্ষণ দরকার।,Sunamganj,,
সমঝোতা,Chittagong,Noakhali,
তাদের তো সংসার চালাতে হবে,Khulna,Satkhira,
আমরা তো চাইছিলাম এটা হোক তাহলে এখন সমালোচনা কেন এই নিষ্পাপ চেহারা দেখে মনে হচ্ছে সে চাঁদাবাজি করতে পারে সে সদ্য বায়তুল মোকারর…,Dinajpur,,
সমঝোতা করতে গেছে,Chittagong,,
এখন তার সাথে সমঝোতা করা হোক,Dhaka,,
সাব্বাশ,Dhaka,,
সমঝোতা,Chittagong,,
ধর ধর,Dhaka,,
বেপার না তাদের তো সব সমঝোতার মাধ্যমে হালাল,Dhaka,Rangpur,
সাব্বাস বেটা,Dhaka,Barisal,
Jahed Benn Mahodi Bro ম ার ইসলামের বিশ্বাস করে চর্চা করার অনুসারী।,Chittagong,Bandarban,
নেক্সট,ঢাকা,Rajshahi,Bogra
কাজ করে খেতে কি হয়।,যশোর,Jessore,
Sawat ana Lagan vai,Bogura,,
লাগারে লাগা ধান লাগা,Dhaka,Madaripur,
যাক এবার বের হয়ে মন্ত্রী হওয়ার সুযোগটা হয়ে গেলো,Rajshahi,,
এটা আমি বিশ্বাস করিনা,Pirojpur,,
কোন ব্যাপার নাহ,Khulna,Jessore,
এটা চাদা না সম জোতা,Barisal,,
"""Egg terapi dea hok........sokol chadabuzder,""",Dhaka,Chittagong,
বাবা খোর ও লেতা,Dhaka,Comilla,
এসব টেলি ফিল্ম,Dhaka,Chittagong,Manikganj
সমঝোতা,Barisal,Bhola,
গুড,ফেনী,Dhaka,Feni
Rashidul Islam Khokon Tor vai aita?,Bogura,Bogra,
rada haser dim diyen ore,Gopalganj,,
১০ বছরের জেল দেয়া হউক কোন আপিল করে এরা না বের হতে পারে,Dhaka,,
হেইয়ো,ঢাকা,,
Adar baba naa nai,Dhaka,,
৫০০ টাকার বিনিময়ে ভোট বিক্রি করলে তো এমনই হওয়ার কথা এখন চাঁদা দাও আর কী করবা,Chittagong,Noakhali,
সমঝোতা করতে পারে নাই আগেই কট খাইছে।,Dhaka,Rangpur,Lalmonirhat
জনগণ কি করে? চাঁদা নেওয়ার সাথে পেন্ট খুলে ছেড়ে দিবেন।,Dhaka,Kurigram,
Valo ador koro,Comilla,,
চাঁদার বিরুদ্ধে দেশের সাধারণ জনগন রাস্তায় নেমে আন্দোলন করবে খুব শীঘ্রই।।।,Rajshahi,,
"""সামনে ইদ, কেনাকাটা করা লাগবে তো।""",Dhaka,Rangpur,Gaibandha
লাগে তো বাচ্চা নেতা যুবদলের কেমনে হল যদিও বিএনপির নেতৃত্বে বয়স বুঝা যায় না উদাহরণ ছাএদল যুবদল,Comilla,,
[সন্দেহজনক লিঙ্ক সরানো হয়েছে]...,Dhaka,,
Rumon Miah chinoniba?,Dhaka,,
দুই পরে আবার জামিন হইয়া গেলে আটকাইয়া লাভ কি?,Dhaka,Comilla,
যুবদল-------_,Dhaka,,
বিএনপির নেতা কর্মীরা হলেও রিমান্ডে নেওয়া দরকার,Bogra,,
সমঝোতা,Chittagong,Cox's Bazar,
"""সব নেতা,কর্মী সমর্থক কেউ নেই এখন!!""",Chittagong,,
ভুল এটা হবে সমঝোতা,Dhaka,Narail,
"""আহ্ চাঁদা আহ্,,,""",Khulna,Satkhira,
রমজানের মাসে ১ টাকা চাদা নিলে ৭০ টাকার সওয়াব হবে,Dhaka,,
সোনার ছেলে গড়বে সোনার দেশ।,Dhaka,,
আমান-উল্লাহ আমান এই গুলো চোখে দেখ না বন্ধু,Dhaka,,
সমাঝোতা,বরিশাল,Barishal,Barisal
"""নাহ, আমি দেখিতেছি যুবলীগ""",Dhaka,,
ছাড়া পেয়ে যাবে কয়েক র মধ্যেই,বরিশাল,Barishal,Barisal
Jobo dol ki bolo kotta dol,সিলেট,,
ডাইরেক্ট একশান করে দাও।,Dhaka,,
৫ টা বছর টিভি চ্যানেল গুলা এই সব পোস্ট করে ইনকাম করবে সে জন্য তো নির্বাচন এ উলটা পালটা নিউজ করে ক্ষমতা আনলো,Khulna,,
ভাইয়া এ বছর ঈদের আনন্দ তো আপনি জেলের ভিতরে করুন,Dhaka,,
সমোঝোতা বুঝো না?,Dhaka,,
Ore pitan dhore,Dhaka,Faridpur,
চাঁদা সমঝোতা,কুমিল্লা,Dhaka,
সমঝোতাই ব‍্যর্থ নেতা পদ স্থগিত করা উচিত,Dhaka,Chittagong,Noakhali
কিছু না ঈদের সালামি নিচ্ছে,Chittagong,,
কে জানি বলল জামাতরা চাঁদাবাজি করে সে কই,Dhaka,,
কি সোনার নেতা।,Chittagong,Noakhali,
পিঠের চামড়া তুলে ফেলুন,Chittagong,,
"""বিচার হবে নাকি, জামাই আদর করে ছেড়ে দেওয়া হবে , হুম।""",Dhaka,Kishoreganj,
চারদিকে শুধু উন্নয়ন আর উন্নয়ন!,Comilla,,
ওরা তো এক একটা সোনার ছেলে। চাঁদা তাদের সাথে যায় না। এ হতেই পারে না। কিছু দলকানা এর চাইতে বেশি কিছু ভাবতে পারে না।,Dhaka,,
সমঝোতা,Chittagong,Chandpur,
একটু পরেই হবে নাটকের শেষ,Chittagong,Comilla,
ঘন দোলাই দেন নাই...??,Cumilla,Feni,
খ্যাচড়া!!!,Dhaka,,
সমঝোতা,ব্রাহ্মণবাড়িয়া,Dhaka,Barisal
সমোঝোতায়ই নিয়ে আসেন,ময়মনসিংহ,Mymensingh,
হাদিয়া,Cox's Bazar,,
একটু সমঝোতা করলেই হতো। তাহলে আর সমস্যায় পড়তে হতো না ওই নেতাকে।,ঢাকা,,
সম,Chittagong,Cox's Bazar,
চোখ লাল কিসে ?,Manikganj,Narayanganj,
"""সকালে ধরা, বিকেলে ভিকটিম সাজার পালা, চরিত্র বদলায় তাড়াতাড়ি, যেন রিমোটের খেলা।""",Chittagong,,
"""প্রশাসন দিয়ে ভরসা নেই, তাই পুলিশে সোপর্দ করার আগে ভালো করে উত্তম মাধ্যম ।""",Dhaka,Faridpur,
ওর পাছার ভিতরে গরম ডিম ঢুকে,Dhaka,Khulna,Jashore
"""এরা নেতা হয় কি ভাবে কোথাও মিছিল মিটিংয়ে কথা ও তু বলতে পারে না, নেতা হতে গেলে মিনিমাম শিক্ষার দরকার আছে এদের কি তা আছে""",Dhaka,,
সোনার বাংলাদেশ,Chittagong,,
আটক মানে কি দু পরে ছেড়ে দেওয়া জনগণ কে কি বুঝানো,Dhaka,,
জাতি ১নাম্বার হওয়ার অপেক্ষায়,Dhaka,,
এগুলো দ্রুত বন্ধ করু নয়তো পালাতে হবে,চাঁদপুর,Cumilla,
কামডা ওইলো কি,Dhaka,,
চোখ লাল কিসের ......,Dhaka,Chandpur,
যুবদল না হয়ে চান্দাদল নাম টা হবে।,Dhaka,Kishoreganj,
তারেক রহমানের সোনার তরী,Dhaka,,
যুব দল নেতা কি সবাই,Dhaka,Barisal,
উন্নয়ন,Dhaka,,
ছাইরা দেন সমযতার ভিত্তিতে হয়েছে,Dhaka,Lalmonirhat,
তারেকের লোক বলে কথা,Gaibandha,,
ডিম থেরাপি,Dhaka,Narayanganj,
"""এটা চাদা নারে পাগলা,এটা সমঝোতা""",Chittagong,Brahmanbaria,
Ami bissas kori na.,Chittagong,,
Screen sort দিয়া রাখেন কারন কতক্ষণ পরে দেখবেন পোস্ট উধাও...!,Dhaka,Bogura,Sherpur
আটক তাতে কি? পরে আবার ছেড়ে দিবে। তার পিছনে বড় নেতা আছে। আমার কথা মিথ্যে হলে আমাকে একটা গালি দিবেন।,Dhaka,Gazipur,
চাঁদা বলা যাবেনা বলুন সমঝোতা।,Dhaka,Comilla,
এই দল থেকে এটাই আশা করা যায়,Dhaka,,
আস্তাগফিরুল্লাহ এইগুলা কি বলেন? পাপ হবে না মুক্তিযুদ্ধের পক্ষের শক্তির বিরুদ্ধে অপপ্রচার চালাচ্ছেন বট বাহিনী নাকি?,Dhaka,Chittagong,
সমঝোতা,Dhaka,Khulna,Kushtia
"""শুধু আটক করতেই শুনলাম, তবে সাজা কি দিলো সেটা শুনলাম না""",Dhaka,Sunamganj,
চোখ লাল,Chittagong,Lakshmipur,
ওরে বেশি করে সরিষার তেল মাখান সব টিক হয়ে যাবে,Dhaka,,
সমঝোতার মাধ্যমে চাঁদা নিছে,বগুড়া,Bogura,Bogra
মোবাইল খুললেই এত চান্দা এত চান্দা। চান্দা জালায় মোবাইল চালাতে ইচ্ছা হচ্ছে না।,Dhaka,Barisal,
******বাংলাদেশে গাঁজা বন্ধ করে দিলে । চাঁদাবাজ ও বন্দ হয়ে যাবে।,Khulna,Magura,
সিদ্ধ ডিম থেরাপি দেওয়া হোক,নোয়াখালী,Chittagong,Noakhali
সামালি,Dhaka,,
ঈদ বোনাস,Dhaka,,
এখন উকিল সাহেব বলেন। এটা সমঝতা মামলা ডিস মিস। …,খুলনা,Khulna,
এতো দেখি ছেচরা এরা নেতা হয় কেমনে?,Dhaka,Sylhet,
ত্যাগী কর্মী,Dhaka,,
চমৎকার,Dhaka,Brahmanbaria,
সবই সমঝোতা,গাজীপুর,Dhaka,Chittagong
10% miss hoi gelo,Comilla,,
Koy minuter jonno,Sylhet,,
গরম ডিম দেওয়া হউক,Sylhet,Sunamganj,
এগুলো দু একটি বিচ্ছিন্ন ঘটনা এ ছাড়া চাঁদাবাজি ছিল স্বাভাবিক,Dhaka,,
এটাই হচ্ছে খাম্বা তারেক এর দলের বৈশিষ্ট্য,Dhaka,,
De pida chikon jingla dia!!,Dhaka,Chittagong,Chandpur
গুড জব,Dhaka,Kishoreganj,
কররে ভাই,সিলেট,Dhaka,Sylhet
R8,Barisal,,
"""আমরা সবাই পবিত্র রোযার পবিত্রতা রক্ষা করে চলি । নামাজটা ঠিক মতো পরি , রোযা ঠিক মতো রাখি আর যাকাত ঠিক মতো আদায় করি । নারী''র…""",Dhaka,,
Ai,Dhaka,Pabna,
সমঝোতার কাজ চলতেছে তাতেই ধরা,Dhaka,Nilphamari,
এইডা নেতা ?,Dhaka,Tangail,
১৭ বছর নির্যাতিতদের এভাবে গ্রেফতার করা কি ঠিক হয়েছে ? একটু সমজোতা হতে পারতো না ?,Dhaka,Barisal,
সমঝোতা হয়ে যাবে পুলিশের সাথে,কিশোরগঞ্জ,Kishoreganj,
এখন শুধু চলবে চোর পুলিশ খেলা সকালে ধরবে রাতে ছেড়ে দেবে। আল্লাহ ছাড়া সাধারন মানুষের কেউ নেই।,Dhaka,,
"""ওটা চাঁদা না ওটা সমঝোতা, আর এখন তাকে সমঝোতার মাধ্যমে """"উত্তম মাধ্যম"""" দিলেই হয়ে যাবে""",Dhaka,,
পুলিশের সঙ্গে সমোঝোতা করলে তো হতো,ঢাকা,কুমিল্লা,Dhaka
"""হায় আল্লাহ, খালেদ! সমঝোতা কে এ জাতি বলে নাকি চাঁদা""",Rajshahi,Naogaon,
যুবদল কি জামাতের নাম নাকি না এনসিপির দলের নাম,Dhaka,Khulna,Jessore
আমি বিশ্বাস করি না,Dhaka,Chittagong,Brahmanbaria
বিম্পির সব ছাপরি......,Dhaka,Bagerhat,
হয়তো বা সমঝোতার মাধ্যমে চাঁদা নিয়েছে।আগে করতো যুবলীগ আর এখন করছে যুবদল।,Dhaka,Kushtia,
স্বইচ্ছায় প্রদান ভাই,Dhaka,,
দুই পর আবার খাচার বাহিরে গিয়ে শুরু করবে...,Chittagong,,
"""সাব্বাশ বেটা, ফ্যামেলি কার্ড পর্যন্ত অপেক্ষা করার সময় নেই।""",Khulna,Jessore,
আজকের মতো সবসময় দলের নাম সহ প্রকাশের জন্য অনুরোধ করছি। কারণ জাতি হিসেব মিলাতে চায়।,Dhaka,,
সমঝোতা করে তোলার দরকার ছিলো,Dhaka,,
সমঝোতার চাদায় আবার আটক কেনো নিন্দা জানাই,Dhaka,Barisal,Narsingdi
Ore°লেতা রে,Sylhet,,
অশিক্ষিত বেকারদের কর্মসংস্থান,Narayanganj,,
চাঁদা না সমঝোতা,Dhaka,Mymensingh,
সমঝোতা।,কুমিল্লা,Comilla,
"""সমঝোতা করে নিলেইতো হয়, চাঁদাবাজি করার কি দরকার।""",Chittagong,Lakshmipur,
সমঝোতা,Chittagong,,
এটা কে নেতা মনে হয় কোন অ্যাঙ্গেল থেকে,Dhaka,,
"""সেটা কোন বিষয় না,সমঝোতার মাধ্যমে নিছে হয়তো,""",Dinajpur,,
সাবাস বিএনপি,Dhaka,,
"""দরতে সময় লাগে না , ছরতেও সময়ে লাগেনা,ও কি সমঝোতা করে না।""",Dhaka,,
আমাদের এলাকার টুকাই কয়টার বাড়ি বাড়ি গিয়ে বীক্কা তুলে …,সিলেট,Sylhet,
তীব্র নিন্দা জানাচ্ছি। সমঝোতা কে চান্দা বলে চালাচ্ছেন সাংবাদিক।,Chittagong,Rangamati,
"""দয়া করে এটাকে চাঁদ বলবেন না,,, এইটা নির্দিষ্ট একটা দলের জন্য মহৎ কাজ,,,,""",Dhaka,Gazipur,Jamalpur
ইস....স্!,Chittagong,Barisal,
সমঝোতা মনে হয়,Dhaka,,
এতো দেখতাম শুধু কট খাইতো এখন দেখি চাদা বাবার সিজন চলতেছে তা হলে মনে হয় মানুষ কটের দিক দেখে ফিরে আসতেছে,গাজীপুর,,
থেরাপি দিতে হবে অন্যায়কে ন্যায় বলে চালনাোর কোন সুযোগ নাই,Dhaka,Khulna,
কি দেশ রে ভাই নিউজ মিডিয়া গুজব ছড়ায়,Dhaka,Gazipur,
দেশের জনগণ ভোদায় না। আমরা সবাই বুঝি যে কারা চাঁদাবাজি করে। জামাত শিবিরে কোন পোলাপান আজ পর্যন্ত শুনলাম না তারা চাঁদাবাজি করে,Dhaka,,
চাঁদাবাজ সন্ত্রাসীকে রুখে দিতে হবে সে যে দলেরি হোক না কেন,Dhaka,Barisal,Bhola
কি বলেন তোর চোখ দেখলে বুঝা যায় সে পিনি করতে গিয়ে কট খাইছে,Dhaka,Barisal,
ওসব চাঁদাবাজদের জনগন ধরে পাচা লাল করতে হবে। প্রসাশন কিছু করবে না…..,Rangpur,,
জোর করে তুলছিল নাকি সমন্বয় করে তুলেছিল চাঁদা,Dhaka,Mymensingh,
নাহ এ হতে পারেনা আমি বিশ্বাস করিনা,Dhaka,Rajbari,
It's সমঝোতা,Barisal,,
এই চাঁদাবাজ দের জন্য সাধারণ মানুষ অতিষ্ঠ হয়ে গেছে,পঞ্চগড়,Panchagarh,
চোখ লাল হয়ে আছে কারণ কি,Chittagong,,
"""Teke,asa""",Chittagong,,
লাগারে লাগা পিটনি লাগা,Dhaka,,
কি যুগ আইলো আকাম করলেই কট,ভোলা,Barisal,Bhola
সবগুলোকেই সোজা করতে হবে।,Dhaka,,
লাগারে লাগা ধান লাগা,Dhaka,,
Salar khubri tul,জয়পুরহাট,Dhaka,Rangpur
ভোট দেব কিসে,Dhaka,,
গরম ডিম তার গুহার ভিতরে ঢুকিয়ে দাও,Dhaka,,
চাঁদা না কইয়া সমঝোতা কইলে কি হয়,Chandpur,,
সমঝোতা করতে ব্যর্থ হয়েছে,বগুড়া,Bogura,
ভিখারি লাইসেন্স কি পাওয়ার যোগ্যতা রাখে না...,Dhaka,Sirajganj,
মাইরি বিএনপি তো চাঁদা তুলে না বলছে। এটা মিসটেক হয়ে গেছে বোধ হয় ।,Dhaka,Rajshahi,
উট পাখির ডিম দিতে হবে তাইলে শিক্ষা হবে তাছাড়া হবে না,Dhaka,Rangpur,Kurigram
"""এডিরে কি দলের তে কয় নাকি নিজের মরজি মতন, পকেটে টাকা নাই চান্দা তুলতে চলে যায়""",Comilla,,
Mirza Kakrul Sala J kilo Oigula BNPr Kew Na,Dhaka,Khulna,Jessore
কি খাবে তা ছাড়া,Dhaka,Barisal,
Mahabub Alam esob ki ulta palta newz kore,Dhaka,Rangpur,
Size kora uchit sasti,Dhaka,,
Somojhota,ঠাকুরগাঁও,Dhaka,
মামায় তো পুরা চান্দের দেশে উড়তাছে,Dhaka,Munshiganj,
চাঁদা নয় সমঝোতা,Dhaka,,
মাশাল্লাহ,Chittagong,Barisal,Bhola
স্বাধীনতা স্বপক্ষের শক্তি এদের কেউ কিছু বলবেন না,বরিশাল,কুমিল্লা,Chittagong
Vuwa news,Rangpur,,
কিছু খন পড়ে বলবে জামাত নেতা আটক,Dhaka,Shariatpur,
আবার ও দূর্নীতিতে ১ম হবে বাংলাদেশ,Dhaka,Bagerhat,
এইভাবে অপমান করে বলবেন না বলেন সমঝোতা ভিতরে টাকা তুলতে গিয়ে হাতেনাতে আটক চাঁদা কথা বললে ছাপড়ি চামচা রা গায়ে লাগে!,Sylhet,,
"""কষ্ট হলেও চাঁদাবাজি সহ্য করেন ভাই, না হলে তো বুঝতেই পারছেন, দেশ রাজাকারদের দখলে চলে যাবে।""",নেত্রকোনা,Dhaka,
হাত কাটা উচিত,Dhaka,,
চোখ লাল ঘুমাই না কয়,Khulna,Magura,
সমঝোতা,Dhaka,,
চ্যানেল২৪ বয়কট,Feni,,
বিএনপি করলে সম্ভব,চট্টগ্রাম,Chittagong,
এটা হলো সমাজোতা চাঁদা না,Dhaka,Gazipur,
ঈদের বোনাস।,Chittagong,Noakhali,
চান্দা ভাই,Dhaka,,
ঔ কি রে কি রে মধু মধু,Dhaka,Pabna,
আলহামদুলিল্লাহ,Dhaka,Pabna,
মাশাআল্লাহ জাতীয়তাবাদীর সোনার ছেলে,Comilla,,
এগুলা সোনার ছেলে,ঢাকা,Dhaka,Mymensingh
অনেক ের উপাস,নড়াইল,,
Bangladesh jindabad,Patuakhali,,
এর পরেও বাংলাদেশের মানুষ তাদের কে ই ভোট টা দিবে,Dhaka,Barisal,Bhola
শিবির বলে চালিয়ে দাও,Dhaka,,
POLICE E DEOA HOK,Chittagong,,
এর জন্য মন্ত্রী দাই,Dhaka,Narsingdi,
সমজতা,Panchagarh,,
আটক কট,Dhaka,Jamalpur,
আইচ্ছা,Dhaka,,
সমঝোতা সমঝোতা,Manikganj,,
কেমনে কি জাতি বিশ্বাস করবে না,Dhaka,,
আচ্ছা মতো দেন আগে,Sirajganj,,
"""Arifur Rahman দোস্ত, একটু না কইরা দিস।""",Dhaka,Barisal,
বাহ,Chittagong,Rangamati,
এটা চাঁদা না সমঝোতা,Dhaka,,
হুমমম,Dhaka,Bagerhat,
"""অবশ্যই খাবেন, যুদ্ধ করে আপনারা স্বাধীন করেছেন। প্রয়োজনে রাস্তার ইট খুলে বাড়ি নিয়ে যাবেন।""",Dhaka,Faridpur,
হাট ঘাট খাওয়া শেষ হলে মানচিত্রটাও খেয়ে নিও,Dhaka,,
দলকানাগুলো দেখি রাতকানাও,Dhaka,,
পিছন দিয়ে ভরে দিলে?,Dhaka,Chittagong,Rajshahi
সমঝোতা করে খাও মনে রাখবা বাবার সম্পত্তি মিলে মিশে খাঁ ওয়া ভালো,Chittagong,,
"""ভোট দেবো ধানের শীষে, চাঁদা তুলবো মিলেমিশে।""",Dhaka,,
জ্বি ভাই বাজারে ডাস্টবিনও আছে৷ আর নিচে নাই গেলাম৷,Dhaka,,
সমঝোতা করে খেলেই হয়। রেজাউল রনিকে এই ক্ষেত্রে দাওয়াত দেয়া উচিত।,Dhaka,,
হাট আর ঘাঁট কি মুখ দিয়ে ঢুকবে।,Dhaka,Narayanganj,
খেতে খেতে ব্লাস্ট না হয়ে যায়,Dhaka,Narsingdi,
"""ঠিক বলেছেন নেতা, হাট-ঘাট-মাঠ- এমন কি টয়লেটও খেতে হবে, বাদ দেয়া যাবেনা কোন কিছুই""",Dhaka,,
কমেন্ট পড়াও একটা সাহিত্য চর্চার মতো কেননা হৃদয়ের কথা লিখেছে কমেন্টে।,Dhaka,Pabna,Kushtia
হা হা জয়যুক্ত হয়েছে ভাই।,Barisal,,
"""অবশ্যই খাবেন, প্রয়োজনের বাথরুমের পায়খানাও খাবেন""",Dhaka,,
"""ভাই রোজা রমজানের মাস,,, দয়া করে রাতে ইফতারে পর খাইয়েন,""",Dhaka,Bogura,
"""মাদক মুক্ত বাংলাদেশ চাই, এতে ছাত্র জনতা সহ সাধারণ জনগন সবাই কে এগিয়ে এসে পুলিশ কে সহযোগিতা করা উচিত, পুলিশের বিরুদ্ধে অবস্থান নয়।""",Bogra,,
তাহলে ত চাঁদাবাজিতে আমাদেরও হক আছে,Dhaka,,
সাহরি খেয়ে নাও সময় আছে আর মাত্র ৫ ।,Chittagong,Mymensingh,
ঠিক আছে । হাট-ঘাট খা আর ভাত খাওয়া লাগবে না,Khulna,,
এইবার ম‌নে হয় সারা‌বি‌শ্বে একই‌দি‌নে ঈদ হবে!,Dhaka,,
হাট ঘাট কি রান্না করে খায় নাকি সালাদ হিসেবে কেউ জানলে জানাবেন।,Khulna,,
"""ok,আর যেনো কেউ না খায়!!!""",Sylhet,,
"""চাঁন্দা না সমঝোতা বলবা''। নেতার নাম খাম্বা না """"বৈদ্যুতিক খুঁটি বলবা""""""",Dhaka,,
"""মাশা আল্লাহ! আগামী পাঁচ মাসেই এই রেকর্ড ভেঙে নতুন ইতিহাস গড়বে—এটাই আশা, কারণ তারা দুর্দান্ত গতিতে এগিয়ে চলছে।…""",সিলেট,Sylhet,
অতিরিক্ত খাইতে যেয়ে যেনো পেট নষ্ট না হয় এইদিকে খেয়াল রাইখেন?,Dhaka,Rangpur,Nilphamari
লিঠার যেহেতু বলছে তাহলে ঠিকেই বলেছে,Sirajganj,,
ভাই আমার সত্যবাদী মনের ভেতরে কোন কথাই রাখেন না।…,Khulna,,
কাকার কথায় আমি সহমত।,Dhaka,Shariatpur,Chandpur
Faruk Ahmed আপনার কোনটা??? হাট না ঘাট?,Dhaka,,
কেন নয় সবি তো তোমাদের,Cumilla,Comilla,
সমঝোতার মাধ্যমে খেলে আশা করি পাপ হবেনা,Dhaka,Rangpur,
"""হাট ঘাট ওর বাবা তৈরি করেছে, তাই সমঝোতার মাধ্যমে খাবে ।""",পাবনা,Chittagong,Chandpur
"""সমঝোতা বলেও তো একটা ব্যাপার থাকে। সব তো বুঝলাম, রাতের বেলায় সানগ্লাস কি কাজে আসে ?""",Khulna,Bagerhat,Jhenaidah
এবার মনে হয়। বাংলাদেশ চেম্পিয়ন হতে পারে বিশ্বে। তাহলে জুলাই যোদ্ধারা সবাই এ কাজ করতে পাড়বে।,Dhaka,Kishoreganj,
চিন্তা চেতনায় ধ্যানে জ্ঞানে খাওয়া ছাড়া কথা নাই,Chittagong,Noakhali,
কথায় যুক্তি আছে,Dhaka,Barisal,Bhola
"""বাহ্ উনি তো চমৎকার কথা বলেছেন, কথায় যুক্তি আছে...!""",Chattogram,,
তাই বলে রাতের বেলা মানুষ চোখে সানগ্লাস দেয়,ঢাকা,ময়মনসিংহ,Dhaka
অন্যের ঘরের রান্না করা ভাতও নিবেন,Dhaka,,
অলরেডি খাওয়া শুরু হয়েছে গুরু।,Dhaka,Narsingdi,Lalmonirhat
"""হাটের ইট, মাঠের পানি, লগে লেট্টিনের গুও খাইছ""",Dhaka,Kishoreganj,
খায়ে নে বেশি করে কিছু পর ডাবল দিতে হবে,Dhaka,Gazipur,Kishoreganj
বাহ! এই এতো তাদের মনের কথা!,Dhaka,Chittagong,Lakshmipur
বাহ! কি চমৎকার তাদের প্লান,Bogura,Patuakhali,
হুম.... সেটাই তো কথা,কুমিল্লা,Dhaka,Comilla
শুধু হাট-ঘাট কেন হাম্মাম খানাসহ খা ।,Dhaka,Kishoreganj,
সবকিছুই সমঝোতা,Khulna,Jessore,
"""সবে তো শুরু, এখনো তো অনেক কিছু বাকি।""",সুনামগঞ্জ,Dhaka,
ওক্যরে ঠিক কথা -- চালিয়ে যান বস,Dhaka,Jamalpur,Sherpur
সেহরি ইফতারি খাওয়ার ইচ্ছে থাকলে তো আর হাট ঘাট খাওয়া লাগতো না খেকু,Chittagong,Chandpur,
রাতের বেলায় সানগ্লাস পরার মাঝে এক পইসাশিক আনন্দ আছে দেখে মনে হচ্ছে শরীরে একটা ভাব এসে যায়,Tangail,Jamalpur,
"""ভাই ঠিকই বলেছেন, আপনার চেহারার সাথে কথাটা খুব মিলে।""",Dhaka,,
সবে খেলা শুরু গুরু পিকচার আবি বাকি হে মেরি দোস্ত।,Dhaka,Chittagong,
স্বাস্থ্য দেখে তো অন্য খাদক মনে হচ্ছে,Dhaka,,
"""আমিও আন্দোলনের পিছনে থাকা সে একজন, আমারও দরকার আছে হাট-ঘাট।""",চট্টগ্রাম,নোয়াখালী,Chittagong
"""Apnar ma bon re deikha raikhen, kobe je ogulo khawa suru kore mamu""",নরসিংদী,Dhaka,Pabna
"""17 বছরের ক্ষুধার্ত আপনারা, দেশটা একসাথে খাইয়েন না। …""",Dhaka,,
তাহলে তুমি বাদ যাবা কেন? MD Rakibul Islam Bappy …,Dhaka,,
আলহামদুলিল্লাহ দেখেও শান্তি। এই জাতির জন্য এইগুলাই ঠিক আছে। ভোট দিবেন ভাই কিসে? ধানের শীষে,নওগাঁ,Naogaon,
খেলা কোন লেভেলে..?,Dhaka,,
অবশ্যই আমি একমত তারাই সব খাবে দেখবে অন্যেরা শুধু চাইয়া দেখ,Dhaka,,
অনেক ভালো প্রস্তাব। আইন প্রশাসন এবং বিচার ব্যবস্থা তাদের কথাটা একবার চিন্তা করতেও পারে। হা হা হা......,Joypurhat,,
সেটা কিন্তু অবশ্যই সমঝোতার ভিত্তিতে হতে হবে। কেমন--,খুলনা,Dhaka,
একদম মনের ভেতরের কথাডা কইয়া ফালাইছেন বড় ভাই।,Dhaka,Khulna,Comilla
"""বাহ বাহ চমৎকার কথা,খুব ভালো লাগলো, উল্লুকা পাঠার দল""",Dhaka,,
সমঝোতার মাধ্যমে খেলে কোনো সমস্যা নাই,Dhaka,,
কথায় যুক্তি আছে,Dhaka,Brahmanbaria,
ঠিকিত বলেছে ভাই আমার,Dhaka,,
সমঝোতা করে খাও ভাই।,ঢাকা,পঞ্চগড়,Dhaka
সমঝোতা করে খেলে ভালো হয়,Dhaka,,
আমাকেও একটু দিয়েন আমি ও আন্দোলনের সাথে জড়িত ছিলাম,Dhaka,,
তবে মিলেমিশে খাওয়াটা ভালো।,নরসিংদী,Narsingdi,
"""আর যে মাস্টারমাইন্ড ছিলো সে পুরো দেশ পুরো মানচিত্র ,জয় খায় খায় দল""",Chittagong,,
"""Belal Uddin, MD Jahangir Alam, Abdur Rahim Rahul কি খবর বড় ভাইয়েরা""",Chittagong,Noakhali,
ঠিক ভাই ঠিক,Thakurgaon,,
সাবধান বেশি খাইলে কিন্তু বদহজম হয়,Dhaka,Pabna,
লিটার যেহেতু বলছে তাহলে ঠিকেই বলেছে,কিশোরগঞ্জ,Mymensingh,
বাহ চমৎকার,Dhaka,,
দরকার আছে কথায় যুক্তি ও আছে।,Dhaka,Chittagong,Noakhali
AR Shaiket আমরাও তো ছিলাম আমাগো হাট ঘাট কই?,Khulna,Barisal,
Md Kajol ভাই দেওয়ান বাজার আজকে ই দখল দেন,Dhaka,,
ভাইটি রাতের বেলা সানগ্লাস পরে যখন বলছে তখন ঠিকই বলছে,Sylhet,,
চারদিকে শুধু খাইয়া আর খাইয়া,Chittagong,Comilla,
"""চলার পথে সমালোচনা থাকবেই, আপনি সেদিকে কান না দিয়ে সোজা পাবনার দিকে এগিয়ে যান।""",Chittagong,Brahmanbaria,
ভোট দিবো কিসে ধানের শীষে।,Dhaka,Gazipur,Pabna
"""আর বাসস্ট্যান্ড, টেম্পুস্ট্যান্ড খাবে স্বেচ্ছাসেবক দল""",চট্টগ্রাম,Chittagong,
কালা চশমা না লাগালে মনে হয় নেতা হওয়া যায় না,Natore,,
"""ভোটটা দিবো কিসে,,, ধানের শীষে""",Dinajpur,,
"""এরা প্রকাশ্যে চান্দার পক্ষ নিচ্ছে, তবে এদের দৌড় সর্বোচ্চ আগামী দুই বছর""",Sylhet,,
অবশ্যই বস খাবেন সাবধানে খাইয়েন যাতে ইট বালু গলায় না আটকে লক্ষ রাখবেন,Dhaka,Kishoreganj,
সুন্দর বলছে,Dhaka,,
কথা ক্ল‌িয়ার,Dhaka,Khulna,
সময়ের সঠিক সিদ্ধান্ত,Dhaka,,
হ ভাই চালিয়ে যান কোন সমস্যা নাই,Dhaka,Chittagong,Noakhali
Wonderful khaw Bhai asto gorur roast khaw... Heart block hoye joldi Moro.. parle ektu ratom khaiyya feilo,Dhaka,,
ও তাইতো আমার তো মনে ছিল না,Dhaka,Bagerhat,
বেশি দেরি না জয়বাংলা হয়ে যাবেন,Sylhet,,
মাশাল্লাহ সমঝোতা বলে কথা,কক্সবাজার,Rajshahi,Sirajganj
তাহলে রেডি হয়ে যাও গোয়াল ঘরের ভাত খাওয়ার জন্য নেতার অর্ডার,Dhaka,,
ভোট দিবা খাইতে দিবা না তা হবে না,Dhaka,,
ঠিিিিিিিিিিিিিিিিিিিিিিিিিিিিক।,Dhaka,,
নতুন,Dhaka,,
অনেক সময় রাস্তাঘাটে গু পরে থাকে এগুলাও কি খাবে? ক্লিয়ার করে কথা বলেন আপনাদের এই এক দোষ,Dhaka,,
সহমত,সিলেট,ভোলা,Bogra
আপনাদের অনেক পরিশ্রম হইছে খান এখনই সময়,Chittagong,,
বাহ্ কি সুন্দর বানী।এই হলো নেতা যার থাকবেনা কয় পর খেতা।,Dhaka,,
ঠিক আছে,Rajshahi,Pabna,
রাজনীতি টা ব্যাবসা প্রতিষ্ঠান বানিয়ে নিয়েছে।,Dhaka,Gazipur,
Gu kha,Khulna,Jessore,
টয়লেট ও খাইস,Dhaka,Barisal,
ঘাটখেকো। আফসোস দেশটায় ব্যবসা করে শান্তি নেই।,Dhaka,Chittagong,Noakhali
ওকে,Sunamganj,,
এইবার ঠিক আছে,Dhaka,,
জি আচ্ছা খান!,Dhaka,Brahmanbaria,
সমঝোতায় চলবে সব,Dhaka,Patuakhali,
"""কোন কথা নাই,সোজা বহিষ্কার""",Dinajpur,,
জনগন এটা পছন্দ করে না। একটি ভাল কাজ করে টাকা আয় করুন।,Dhaka,Madaripur,
খাইতে থাকেন,Dhaka,Gazipur,
লাগাতে লাগা আরও ধান লাগা,Dhaka,Chittagong,Mymensingh
একটু সমঝোতা করে নিলে ভালো হতো,Dhaka,Narsingdi,
খাওক,Sylhet,,
পায়খানা ইয়ে মানে পাবলিক টয়লেট খাবেনা?,Dhaka,,
হুম তাই তো,Dhaka,,
ইনসাফভিত্তিক বন্টন,Dhaka,,
ও আইচ্ছা।,Chittagong,,
ঘাট পাবে যে নৌকা দিয়ে মানুষ পারাপারের কাজ করে।,Rajshahi,,
বিএনপির উচিত ছাত্রদল এবং যুবদল বাদে অন্য সকল সংগঠনের সঙ্গে সম্পৃক্ততার বিষয়টি নিশ্চিত করা,Dhaka,Rajshahi,Bagerhat
ওকে,গাজীপুর,Dhaka,Munshiganj
দেশে হচ্ছেটা কি,Dhaka,,
বিএনপি'র কোন নেতাও কর্মী আন্দোলনে ছিল না,Dhaka,Barisal,
৩০০ টাকার বিনিময়ে যে সরকার বানিয়েছে জনগন তার থেকে আর ভালো কি আশা করা যায়,Chittagong,Noakhali,
বেশি খাইলে দাঁতে পোকা ধরবে...,Panchagarh,,
হাট ঘাট সবি উপজেলা পরিশোধ লোকের তোলা উচিত। কারন নেতারা হাটের/ঘাটের টেন্ডার নেয় ১০০০ টাকায় আর সাধারণ মানুষের কাছ থেকে ভিক্ষা তুলে ১০০০০০ টাকা।,Dhaka,,
বিশ্বের সব দেশই চাদাবাজি আছে কিন্তু বাংলাদেশে কোন চাদাবাজি নাই। আছে সমঝোতা,Dhaka,Gazipur,
মানে কি আন্দোলন করলেই কি অন্যায় ভাবে সব করা যাবে? তাহলে সত্যের পথে আন্দোলন করেছেন? নাকি একজন কে তাড়িয়ে অন্য জন দখল নিয়েছেন?,Mymensingh,Sherpur,
সবাই বলেন কবুল,Dhaka,Mymensingh,
"""বেশি খাও খাও করবেন না, বেশি খাইলে বমি হবে।""",Dhaka,,
ঠিক কইছেন নেতা,Dhaka,,
রাইট,Feni,,
মানচিত্র খাবি!,Dhaka,Gazipur,Cox's Bazar
খাও খাও! এইনা হলো খাদকের মতো কথা,Dhaka,Chittagong,Noakhali
আহারে আমার দেশ,Dhaka,,
সাব্বাস বেটা,Dhaka,Narsingdi,
খা,Dhaka,,
Might is right,Dhaka,Munshiganj,
Engr Mohammad Monir Baig তুমি বন্ধু সংগ্রামী তোমার অধিকার বেশী,Feni,,
খা খা ইচ্ছা মতো খা,Feni,,
টাটকী/টয়লেট /পায়খানা কে খাবে ভাই?,Dhaka,Barisal,
মামার বাড়ির আবদার,Dhaka,Kishoreganj,
"""এটা যৌক্তিক দাবি, সমর্থন জানাই।""",Chandpur,,
আলহামদুলিল্লাহ,Feni,Rangamati,
"""জ্বি, আচ্ছা""",Dhaka,Comilla,
হ ভাই মিলেমিশে খা,Dhaka,Kushtia,
"""খা, সমঝোতা করে খা,মারামারি করিছ না""",Dhaka,Gazipur,
"""রাতের বেলায়ও চশমা লাগায়, কারণ হ্যাতে পাতিনেতা""",Chittagong,Noakhali,
হাট ঘাট খাইতে খাইতে দেশটাই খাইয়া লও মামু।,Dhaka,Rajbari,
ঠিক আছে চালাইয়া জাও,Barisal,Barguna,
সুন্দর! চমৎকার!!!,Dhaka,Munshiganj,
ঠিক।,Dhaka,Narsingdi,
ইট ভাটা বিনা কাগজে চলে কেটাকা সন্ত্রাস মুক্ত করবে এইসে তাবগঞ্জে কর্মকর্তারা মানুষেরা,Dinajpur,,
খা খা খা সব চুসে চুসে খা,রাঙ্গামাটি,Rangamati,
হাট ঘাটে আবার কী আছে?,Dhaka,,
কথা সইত্য,Dhaka,Pabna,
খাও সোনা খাও,Dhaka,,
কথায় যুক্তি আছে। খাবে,Cox's Bazar,,
কি সুন্দর কথা,Dhaka,,
কথা ঠিক,Sirajganj,,
গু খাবে না?,Khulna,,
একটু অপেক্ষা কর,Dhaka,,
"""হাটঘাট আর মাঠ, সরকারকে ইজারা দিয়ে নিতে হয়, এগুলো তো মানুষ দিয়েই পরিচালনা করতে হবে,""",Dhaka,,
দলের নিতি তো ধরে রাখতে হবে,Dhaka,,
"""সুযোগ বুঝিয়ে ,,,,""",Dhaka,Bogura,Bogra
খেল খেল খেল,Dhaka,Kushtia,
রোজার মাস যা খাওয়ার রাতের বেলা খাইছ। ের বেলা খাইছ না ।,Dhaka,Mymensingh,Gazipur
ওকে,Dhaka,,
নেতায় কিন্তু সোজা কথা বলছে,Chittagong,,
এটাও খাবি,ফেনী,Dhaka,Sylhet
এই নাহলে কিসের দর,Dhaka,Barisal,Bhola
ভাগাভাগি শুরু নাকি,Barisal,Bhola,
এবার ফিতরা সর্বনিম্ম ১১০ টাকা,লক্ষ্মীপুর,,
খোঁজ নিলে দেখা যাবে ৫ই আগস্টের আগে সে ছাত্রলীগের লুংগির তলে ছিলো,Chittagong,,
ধারুণ ধারুণ ধারুণ,Chittagong,,
ঠিক,Dhaka,Mymensingh,Jamalpur
মাশা-আল্লাহ,Dhaka,Sirajganj,
ঠিক আছে লিডার,Dhaka,Natore,
সেটাই তো নায্য বিচার,Dhaka,Khulna,
পুরানো কথা গুলো আস্তে আস্তে সত্যি হচ্ছে!,Feni,,
কি কথা ক্লিয়ার? নাকি ভেজাল আছে?,নড়াইল,Dhaka,Narail
খুবই ভালো সিন্ধান্ত,Dhaka,,
ভাই আন্দোলনে তো আমারও অনেক অবদান আছে তাহলে আমি কি কিছু পাব ভাগে,Dhaka,Barisal,Gazipur
অবশ্যই,সিলেট,নরসিংদী,Sylhet
Sharif Chowdhry আপনিও পাবেন,নরসিংদী,,
তাইলে আমার ভাগের টা রাইখেন ভাই,Dhaka,Faridpur,
ওর আব্বায় রাইখা গেছে তো gando,Dhaka,,
পাগলের ও হাসি পাওয়ার মত কথা,Dhaka,Munshiganj,
Md. Mahmudul Islam Hope Less Munarul টিক আছে,Dhaka,Mymensingh,Gazipur
জোরে বলেন ঠিক কিনা,ফরিদপুর,Dhaka,
"""মানুষ মারিও না ভাই এমনি বুঝিয়ে নিও যে আমরা প্রতিবন্ধী আমাদের কর্ম নাই দেন, মানুষ মারলে তাদের পরিবার সন্তান আছে কষ্ট পাবে""",গোপালগঞ্জ,Dhaka,Rangpur
ঠিক আছে ভাই,নোয়াখালী,Lakshmipur,Noakhali
"""হ ভাই, আপনারা তো কোঠায় এগিয়ে আছেন আর আমরা জনগণ সব হরিদাস পাল!""",Dhaka,,
ওর কথায় যুক্তি আছে,Chandpur,,
দেশটা না খেলে কি হবে।,Dhaka,Rangpur,
খাই খাই,কুমিল্লা,Chittagong,Noakhali
পৈত্রিক সম্পত্তি মানুষ রইয়াসুয়া খায় বাবা তুমি বুঝে খাইও,Dhaka,,
"""কথা একদম পরিস্কার, নাকি ভেজাল আছে?""",Dhaka,,
অবশ্যই খাবে কেননা অনেক না খাওয়া!!,Rangpur,,
এক্ষেত্রে এনপিপির অগ্রাধিকার বেশি,Sylhet,Chandpur,
এরা কোন গ্রহের,Dhaka,,
ঠিক ঠিক,Dhaka,Rangpur,
একদম সহজ ভাষায় বুঝাইয়া দিছে।,Sylhet,,
আমি এতে একমত,Cox's Bazar,,
"""ঐ সময়গুলোই ভালোই ছিলো। যখন আপসহীন নেত্রী জেলে ছিলেন, ছেলে লন্ডনে আর নেতারা গর্তে।…""",কুমিল্লা,পঞ্চগড়,Comilla
তাহলে আমার কি হবে?,Barisal,Bhola,
Mair,Dhaka,Gazipur,
খাওয়ার সময় এসেছে খান ভাই আপনারা সময় শেষ হলে পালাবার জাগাও পাবেন না ইনশাআল্লাহ,Dhaka,,
প্রচুর খাইতে হবে!,Dhaka,,
আয় হায়,Chittagong,Noakhali,
আমিও,Dhaka,,
Khaw,Rangpur,,
মন্ত্রী তো বলেই দিয়েছে সমঝোতার মাধ্যমে খেতে।,Rajshahi,Sirajganj,
হাট ঘাট খাওয়া শেষে টয়লেটের গূ খেওয়,Comilla,,
হরিলুট,Dhaka,Barisal,
এটা তাদের অধিকার বুঝলাম। যারা জীবন দিছে তাদের কি হবে???,Dhaka,,
হে অবশ্যই খাবেন হাট ঘাটের ঘাস লতাপাতা প্রয়োজনে মাঠিসহ খেয়ে ফেলেন।,Dhaka,,
শুধু রাস্তা ঘাট খাবেন কেন সাথে পায়খানা ও খান।,Pabna,,
খাইতে যেন পেট খারাপ না হয়।,Sylhet,Sirajganj,
সরকারি ইজারা নিয়ে হবে,Dhaka,Pabna,
বিসমিল্লাহ বলে শুরু করে দেন।,Dhaka,,
এটা রাজনীতি বিদদের মৌলিক অধিকার,Narayanganj,,
Ai to Asol kota,Dhaka,Narayanganj,
না গো শোনা তোমাগো কেউ নাই খাউ তোমরাই খাও,Dhaka,Jamalpur,
খেতে খেতে এগিয়ে যাও,Dhaka,Gazipur,Sirajganj
ওকে,Dhaka,,
চমেৎকার,Dhaka,,
"""আলহামদুলিল্লাহ, যে জাতির জন্য যা দরকার।""",Dhaka,,
ভাইরাল ভাই,Dhaka,Chandpur,
এখন বেশি করে খাও ভবিষ্যতে পালাইতে হইলে টাকার দরকার হইবো। তাই এখন খাওয়াটা খুব জরুরী,জামালপুর,,
মন ভরে খেতে হবে।,Khulna,,
সংবিধানে এড করেন,Dhaka,Rangpur,
চলছে খাওয়া দাওয়া...!! অথচ চলছে সংযমের মাস!!!,Comilla,,
মারহাবা,Rangpur,,
"""যত রাষ্ট্র কাঠামো ঠিক না হবে। প্রতিটা নির্বাচনে স্বচ্ছতা নিশ্চিত হবে তত মাঠে নামবো। দেশের মানুষ NCP চায়না, জামাত চায়না, …""",Dhaka,,
১৭ বছরের ক্ষুধার্ত বলে কথা!!,Dhaka,Khulna,Jhenaidah
১৭ বছরে রাজপথে আওয়ামী লীগের বিরুদ্ধে দেখি নাই তো বিএনপি আন্দোলন করেছে।,Dhaka,,
ঠিক ঠিক,Dhaka,Faridpur,
বি এন পি খাবে না তো কে খাবে?,চট্টগ্রাম,,
হয়তো বাথরুম কইতে ভুইলা গেছে,Dhaka,Narayanganj,
সমঝোতার ভিত্তিতে খাবে!!!,Dhaka,Rangpur,
সঠিক,Manikganj,,
"""হাটও খাবি, ঘাটও খাবি তাহলে মাঠ টা আর বাকি রাখবি কেন ভাই? তোরা সব ই খা।""",Dhaka,Khulna,Satkhira
হ ১৭ বছর না খাইয়া ছিলি,Dhaka,Rangpur,
"""কি বলেন ভাই আপনারা দেশ স্বাধীন করেছেন আপনারা খাবেন নাতো কে খাবে আপনারা খালি বলেন আপনারা কিছু কারতে হবে না, আমরা আমাদের নিজ দায়…""",Dhaka,Feni,
আপনারা না খেলে কে খাবে ভাই বিএনপির এক নেতা তো বৈধ করে দিয়েছে চাদাকে আপনাদের কোন টেনশন নেই খেতে থাকেন। তবে ভাই সমঝোতার মধ্যে …,Cumilla,Comilla,
জ্বি স্যার,Dhaka,Mymensingh,
কিন্ত দেইখেন আপনাদের আবার জয় বাংলা করে দিবে …,Chittagong,,
"""এদেশের প্রতিটি মানুষ আন্দোলনে ছিল। আবারো বলছি - প্রতিটি """"মানুষ""""।""",ফরিদপুর,Dhaka,
"""তা ঠিক আছে, কিন্তু মাইনষের ছোট্ট একখান মুখে এত্তবড় “মাঠ-ঘাট” গলা দিয়ে ঢুকায় ক‍্যামনে!!!""",Khulna,,
ঠিকহে,নরসিংদী,Tangail,
দলের নির্দেশ মানা উচিৎ আমি মনে করি।। তবে আপনারা তো বিবেক বুদ্ধি খাটিয়ে চলবেন মানুষ হিসেবে।। কে আপনাকে ব্যবহার করছে কি দিচ্ছে এ…,Barisal,,
এগুলি খাবার জিনিষ??,Dhaka,Jamalpur,
Md Shafikul Islam তুই কোনটা খাবি?,Chittagong,Gazipur,
আনোয়ার টিভির সংবাদ,Dhaka,Barisal,
Sob seshe mancitro ta khabe,Chittagong,Noakhali,
মাশাল্লাহ,Chittagong,Noakhali,
খা খা বাবা খা ছিলাইয়া। কয়া লাগবেনা,Dhaka,Chittagong,
খা আমরা আপতত রোজায় ইফতার সেহরি খাচ্ছি,Dhaka,Chittagong,Lakshmipur
সাব্বাশ বেটা,Chittagong,,
অয়,Sylhet,,
খাও ভাই খেয়ে সব ছাপা করে ফেলো,Chittagong,Khulna,
বন্ধু প্লিজ ওদের সামলা S A Raju,Sylhet,,
লিগ্যাল কথা,Dhaka,,
Thik,Dhaka,Gazipur,
ঠিক ই বলছে,বগুড়া,Dhaka,Bogura
"""খারে খা, খাওয়ার জন্যেই এ দুনিয়া""",Chittagong,,
হ দরকার হইলে রাস্তা ইট খুলে বাড়ি করবো তারপর ও খাবো,Dhaka,Barguna,
দলকানারা এসব দেখে না?,Dhaka,Cox's Bazar,
না আমরা খেতে চাই না,Dhaka,Pabna,
"""জয়ীরা কথায় সংযত হন, নইলে দলের বদনাম হবে। আপনার জন্য দলের ক্ষতি মেনে নেওয়া যাবে না।""",যশোর,Khulna,Jashore
জ্বী ভাই,ঢাকা,Tangail,
1000 thik,Dhaka,Tangail,
তুমি ঠিক বলসো।,Mymensingh,,
বাহ,Chittagong,Brahmanbaria,
খা ভাই খা ভোট দিছে জনগণ এখন মন বরে খা।,Dhaka,Gazipur,
এটাই বাস্তব,Dhaka,,
ঠিক,Dhaka,Narayanganj,
এটা তাদের হক,Dhaka,,
বেশি খাইলে পেট খারাপ হতে পারে,ঢাকা,Dhaka,
সামনে আগাও,ঢাকা,Dhaka,Tangail
সাব্বাস,Barisal,,
টয়লেট খাবেন না?,বরিশাল,Dhaka,Barisal
"""সঠিক কথা বলেছে,""",সিলেট,Dhaka,Gaibandha
Hm Robiul Islam B Shuvo Ahmed Alom Anamul Ahmed তোরা কোন বাজার ঘাট পাইলি,Dhaka,Barisal,Gazipur
প্রয়োজনে পুরো দেশটাই দিলে খাও,Dhaka,,
মানুষের জন্ম হোক যেমন তেমন কর্ম হোক ভালো এদের কোনটাই ভালো না।,Comilla,,
জি বুঝলাম,Dhaka,Khulna,Jessore
ভিক্ষা কইরাও খাইবা,Dhaka,Kishoreganj,
সমঝোতার ভিত্তিতে তোমরা টয়লেডও খাবার সমস্যা নেই।,বরিশাল,Mymensingh,
ওয়াও নাইচ । আমি ও আছি,Dhaka,,
"""কেন ঘরে খাবার‌ নেই, হাট ঘাট কেন খাইবা?""",চট্টগ্রাম,Dhaka,
না খাওয়া পার্টি এখন হাট ঘাট সব খাইতে চাই।,Tangail,,
বরি দে,Dhaka,,
তার মানে তাদেট জুলাইয়ে কোন অবধান নাই,Chittagong,,
সহমত ভাই,Dhaka,Dinajpur,
এ জন্যই রাজনিতি,Dhaka,,
অবশ্যই নেতার সাথে দ্বিমতের কোন সুযোগ নাই কারণ পরিশ্রমের পরেই তো ফলাফল ভোগ করে থাকে,Feni,,
আচ্ছা ঠিক আছে,Rajshahi,,
সরকারি রাজস্বে যে বেশি টাকা জমা দিবে সেই পাবে,Pabna,,
সম্ভবত আপনার দলের চেয়ারম্যান এইবার সে সুযোগ দিবে না....,Dhaka,Chittagong,Madaripur
সঠিক সিদ্ধান্ত,Dhaka,Narsingdi,
পুরা দেশটাই একবারে খেয়ে ফেলতে পারলে আর কোন ঝামেলা থাকবে না। দেখেন চেষ্টা করে খেয়ে ফেলতে পারবেন।,সাতক্ষীরা,Khulna,Satkhira
খাও ভাই তোমার অধিকার!!,ঝালকাঠি,,
সমঝোতা করে খাইয়েন,Dhaka,,
দল থেকে লাত মেরে বের করে দেওয়া হউক,Dhaka,Sunamganj,
বেশি বেশি খেতে গেলে আল্লাহর তরফ থেকে পেট পিড়া হবে ইনশাআল্লাহ,Dhaka,Chittagong,
রোজা দিয়াই শুরু করে দিছে এদের দারা এগুলো মানায়।,Dhaka,Narayanganj,
অবশ্যই খাবেন! এটা আপনাদের হালাল অধিকার। প্রয়োজনে রাস্তার ইট খুলে বাড়ি নিয়ে যাবেন।,Dhaka,,
"""শুধু হাট,ঘাট খাইলে পেট ভরবে পাবলিক টয়লেট ও খাইতে পারেন।""",Dhaka,Sherpur,
হাট ঘাট শেষ হলে তার পর,Dhaka,Kushtia,
কথা কি ক্লিয়ার নাকি ভেজাল আছে...?,Dhaka,Manikganj,
Khato baba,Dhaka,,
হাট ঘাটের পায়খানা কে খাবে আপনি না তারাই? কেননা হাট ঘাটে পাবলিক টয়লেট থাকে যা কি না টাকা দিয়ে ব্যবহার করা লাগে........,Dhaka,Munshiganj,
মারো তালি,Dhaka,Rangpur,
হাট ঘাট মাঠ সব খা।,Dhaka,Gazipur,Patuakhali
লুটে পুটে খাও...,Chittagong,,
আমরা মিলেমিশে চাদা খাই আমরা দেশ চালাই,Dhaka,Narayanganj,Sunamganj
এই হাট ঘাট খাওয়ার জন্যই আন্দোলন?,Barisal,Bogra,
আচ্ছা,সাতক্ষীরা,,
"""সোনা মিয়ায় যেহেতু বলে দিচে,তাইলে এটাই হোক অ-জাইচ্চা!""",Feni,,
এটা তো ওনাদের অধিকার এই অধিকারের বেত্তয় ঘটতে দেবে না।,Dhaka,,
ঠিক আছে আন্দোলনে যারা ছিল তারা হাত-ঘাট খাবে বুঝলাম আমাদের ফখরুল ইসলাম বলেছে তারা এই আন্দোলনে কোনভাবে জড়িত ছিল না তাহলে আন্দোল…,Dhaka,,
জনগন আগের মতন নাই প্রিয়,Chittagong,Noakhali,
ইফতারের পর পার্সেল করে পাঠিয়ে দিয়েন।,Dhaka,,
কি যে হবে... দেশে...! ও মাবুদ মহান আল্লাহ তায়ালা আপনি আমাকে বাংলাদেশ থেকে অন্য দেশে সেটেল করার সুযোগ করে ।,Rajshahi,Natore,
ঠিক,Dhaka,Sherpur,
কবে যে শুনতে হয় মানচিত্র খাবে।,Dhaka,Chittagong,
চারো দিকে খালি খাই আর খাই,Chittagong,Pirojpur,
"""খাওয়া খাওয়ি চলবে, জোরদার হবে, সব চেটেপুটে খাওয়ার জন্য তো এত সংগ্রাম""",Rangpur,Bogura,Bogra
Nurul Amin বস আপনি কোনটা,চট্টগ্রাম,Chittagong,Cox's Bazar
বালছাল,চট্টগ্রাম,Khulna,Satkhira
পাশা,Comilla,,
ওনি ঠিক বলেছেন,Dhaka,Joypurhat,
সাব্বাশ বেটা,Dhaka,Tangail,
সুন্দর না,Dhaka,Pabna,
এই কথাটাই কেউ বোঝে না??,Dhaka,Gazipur,
"""আমিও একমত, তবে সব আমার কাছে এনে জমা দিতে হবে""",Comilla,,
চারদিকে চাঁন্দাভাই,Dhaka,Munshiganj,
জ্বি,Dhaka,,
কিন্তু সব খাইতে হবে সমঝোতার ভিত্তিতে,Dhaka,Narail,
খাবার পারে যে টয়লেট করবি ঐ টুকু ও খেয়ে নিতে ভূল করিস না,Dhaka,,
মাশাল্লাহ খুবই সুন্দর,Chittagong,Lakshmipur,
"""গলায় আটকে যাবে, একটু ধৈর্য ধর।""",Panchagarh,,
ফাইন। জুলাই তে মানুষ জীবন দিয়েছিল কি এ জন্য।,বরগুনা,Barisal,Barguna
সমস্যা.!!,Dhaka,,
ইচ্ছেমত খাও,Dhaka,Gazipur,Pabna
আমরা কিছু বলবো না ১৭ বছর আপনারা অনেক কষ্ট করেছে,Chittagong,,
ঠিক আছে নেতা কিন্তু নেতা রাতে চশমা কেন।,Chittagong,,
হাট ঘাট খায় কি ভাবে??,Dhaka,Magura,Pirojpur
সমঝোতার মাধ্যমে,Dhaka,Barisal,
কাজ নাই যত আকাইম্ম চিন্তা,Dhaka,Chittagong,
কত খাবেন সময় থাকতে ভালো হয়ে যান,Rajshahi,,
টেম্পু স্ট্যান্ড কে খাবে.....?,Barisal,,
"""সেটার প্রয়োজনীয়তা নেই, বরং তেলবাজ আর চামচাদের দেওয়া হোক।""",Dhaka,Shariatpur,
ভাই আমি গুলি খাইছি তার মানে আমি হাট ঘাট বাজার খামু,Dhaka,,
এদেশে এমন একটা আসবে আওয়ামিলীগের মতোন বিএনপির নাম নেওয়া টা নিষেধ হয়ে যাবে,Dhaka,Barisal,
ভাই খাইলে কিন্তু রোজা ভেঙে যাবে,Khulna,Magura,
হাট ঘাট কি চিবিয়ে খাবে নাকি,Dhaka,Sylhet,Gazipur
বানী,Chittagong,Chandpur,
উনি কি ঈদের পরের আন্দোলনের কথা বলছেন। তার দল যে গত ১৬ বছর ঈদের পরে আন্দোলন করে খালেদা জিয়াকে মুক্ত করার চেষ্টা করেছিল সেই আন…,Barisal,Bhola,
A NI K Abdus Salam চাকরি না করে হাট নিলে পারতি,Dhaka,,
যা ভাই বাজার হাট ঘাট সবই খা এর পর বমি করে বমি ও খা।,Chittagong,,
"""সাবাস বেটা, এগিয়ে যাও।""",Dhaka,,
"""আপনি নিজেই আন্দোলনে ছিলেন না,তাছারা আমার মনে হয় না যে আপনি বিএনপি করেন????""",Barisal,,
কর্ম সস্তানের ব্যবস্তা করতেছে,Chittagong,Cox's Bazar,
ঠিকই তো,Chittagong,,
ওরে আমার নেতা রে..!!,Khulna,,
খেতে খেতে একসময় পেট ফেড়ে যাবে আ. লীগের মতো,Dhaka,,
উনি অসুস্থ ওনার জরুরী চিকিৎসা দরকার,Dhaka,,
"""ঠিক, আপনি যা বলেন তাই হবে।""",Dhaka,,
তাও পেট টা ভর,Dhaka,Gazipur,
সমঝোতা গো।,Dhaka,Bogra,
খাবার মানুষের মৌলিক অধিকার,Dhaka,,
আমার বাসাতে এক হালি ডিম পাঠান ভাই। কারণ ৫ তারিখে আমিও পতাকা নিয়ে মাঠে ছিলাম....,Dhaka,Mymensingh,
সাব্বাস বেটা...!! এ হুয়া না বাথ...!!,নোয়াখালী,Dhaka,Noakhali
এইটাই প্ল্যান,Dhaka,Dinajpur,
ঠিকই তো বলেছে এটাকে আবার নিউজ করার কি আছে? ১৭ বছর কিছু খেতে দেইনি এখন একটু সুযোগ পাইছে তার পেছনেও সাংবাদিক কেনো? চাদাবাজদের…,Chittagong,,
Eigula dhore drain er pani khaoyanu dorkar.,Dhaka,,
ইচ্ছে মত খেতে থাকেন শুধু ১০% জায়গা মত পাঠিয়ে দিয়েন তাহলে ধরা পরলেও বহিষ্কার এর নাটক করে বাঁচিয়ে দিবে খাম্বা সাহেব,Dhaka,Tangail,
হাট ঘাটের গু খাবে??,Tangail,,
চাকরি মনে হয় নাই গেছে।,Dhaka,,
এমন স্পষ্টবাদী হলেই হবে।,কিশোরগঞ্জ,Dhaka,Kishoreganj
জ্বি আপনাদের জন্যই ত সব কিছু। আসেন খেয়ে যান।,Khulna,,
এইসমস্ত নেতাদের যদি দমন না করেন মাননীয় প্রধানমন্ত্রী তাহলে দেশের সাধারণ মানুষের ভালোবাসা বেশি পাশে পাবেননা,Dhaka,,
kohi bath nahin.,Dhaka,,
এই অধিকার ও ক্ষমতা আমাদের আছে দেখলেই বোঝা যায় আপনি উচ্চ বংশীয়...............।,Dhaka,Gazipur,Pabna
প্রচুর খেতে হবে চাচ্চু,Dhaka,,
হাট-ঘাট খাইয়েন কিন্তু প্লিগ রাস্তার ইট খুলে নিয়ে যাইয়েন না বোরো।,Dhaka,Comilla,
বিম্পি,নওগাঁ,Dhaka,
সামনে বালুর ট্রাক আছে।,Chittagong,,
ওহ্ আচ্ছা এই ছিলো মনে,Dhaka,,
গুড,Dhaka,Kushtia,
"""ঠিক আছে, ওকে""",Cox's Bazar,,
Pungta,Dhaka,,
হাট খাট আবার খায় কেমনে??,Dhaka,,
হে হে হে,খুলনা,Dhaka,Khulna
আপনারা না খাইলে আর খাবে কে?,Dhaka,Mymensingh,
বেশি খেতে যাইও্বা বাতিজা.. মুখ পুড়ে যাবে। মিলে মিশে খাও,ঢাকা,Dhaka,Chittagong
Amio tai boli ustad. …,Dhaka,Kishoreganj,
হাট ঘাট না খেয়ে ভিক্ষা চাইলেই তো মানুষ দেয়,Dhaka,,
"""জি,এটা মেনেই ভোট দিছে পাবলিক তাই এটা তেমন সমস্যা না""",Dhaka,Gazipur,
কোন আন্দোলন তো ১৭ বছরে দেখি নাই,Dhaka,,
আহারে বাবু মনে হয় ১৭ বছর না খেয়ে আছে,Dhaka,,
সাবাস বাগিনা,Dhaka,Tangail,
ঠিক ঠিক।,Comilla,,
সাবাস। এটা যে আপনাদের আসল চরিত্র। প্রকাশ করার জন্য ধন্যবাদ,Comilla,,
Only Love react,Narayanganj,,
চালিয়ে যেতে পার,Khulna,Jessore,
ঠিক হে,Sylhet,Sunamganj,
সেটা কোটায় না মেধায়?,Tangail,,
বিএনপি'র দুঃসময়ের কান্ডারী আমিও তো ছিলাম. ঘাট ঘাট খাওয়াবি ঘৃণা করি. খা তোরাই মর,Dhaka,,
আহ খাওন আর খাওন,Rangpur,Gazipur,
খাঁ খাঁ,Dhaka,Barisal,Bhola
মারহাবা!,Chittagong,Noakhali,
চেটেপুটে সব খেয়ে দেশটা পরিস্কার করে ফেল!,Dhaka,,
যারা না ছিলো তারা খায় যারা ছিলো তারা পায় না,Dhaka,Patuakhali,
প্রয়োজনে ডাল পালা ছিড়ে খাবেন বাট সমজোতার মাধ্যমে।,Barisal,Patuakhali,
খাইও তবে সমাজতার মাদ্যমে।,Chittagong,,
সবই খা খাইতে মানা করছে কেডা,Khulna,Brahmanbaria,Satkhira
"""কিসের আন্দোলনে ছিল, নেশা খাওয়ার, নাকি মাদক বিক্রি আন্দোলনে বলতে হবে, জনগণকে""",Khulna,Kushtia,
"""হ ভাই,খাও খাও তোমরাই তো খাবা®তবে সমঝোতা করে খাও""",Rajshahi,,
সমোজতার মাধ্যমে হোক,Dhaka,Faridpur,
কুকুর কিন্তু পাহারাদারের দায়িত্ব পালন করে। ভোগ করে সম্পদের মালিক। ঠিত তেমনি দেশের সম্পদ দেশের জনগনের জন্য। কোন পাহারাদারের জন্…,লক্ষ্মীপুর,Dhaka,Sirajganj
দেখেন যা ভাল মনে করেন @highlight,Khulna,Jessore,
তাহলে আমি খাইতে পারবোনা,Dhaka,Feni,
না ঠিক আছে আপনারাই খান,Dhaka,,
টেম্পু ইস্টান,Chandpur,,
এতো বড় পেট,Dhaka,Faridpur,
যেহেতু আপনি আন্দোলনে ছিলেন অবশ্যই আপনার হক আছে,Chittagong,Noakhali,
ভালো ডিসিশন।,Khulna,Kushtia,
এহল আসল কথা,Gazipur,Narayanganj,
যেমন কর্ম তেমন ফল।,Dhaka,Jamalpur,
"""হাট- খাট খাবেন খান, তবে চাঁদা তুলে খাইয়েন না।""",Dhaka,,
সমঝোতার সাথে খাইয়েন,Chittagong,Noakhali,
"""ফখরুল কাকা, এই লোক কি বিএনপির কেউ নয়?""",Dhaka,Faridpur,
মারহাবা মারহাবা,Chittagong,,
অবশ্যই খাবে!,Dhaka,Barishal,Gopalganj
এটা আপনাদের জাতীয় অধিকার।,Khulna,,
"""আমিও মনে হয় ছিলাম,, তবে রোজা তো খাবো না""",Khulna,,
লাগারে লাগা,Panchagarh,,
বহু ের ক্ষুধা খেতে তো হবেই,Dhaka,Brahmanbaria,
এইত লাইনে আসছেন?সমঝোতার মাধ্যমে ইফতার করেন!,Chittagong,,
Tik ase,সিলেট,নরসিংদী,Sylhet
বাংলাদেশের সাধারণ মানুষদের মা বোন বউ সন্তানদের মেয়েদের নিরাপত্তা কোথায়??????????,Dhaka,,
এটা নাকি বিএনপি দল,ঢাকা,Dhaka,Chittagong
"""অবশ্যই! হাট-ঘাট খাওয়ার জন্যই তো আপনাদের আন্দোলন। তাহলে অন্য কেউ খেতে চাওয়াটা তো অন্যায়.. আপনি এগিয়ে যান, কার কি হয় হোক""",দিনাজপুর,Dinajpur,
না ঠিক আছে রমযান মাস দেইখা কিছু বললাম না,Barisal,,
পাবলিক টয়লেট যেনও বাদ না যায়!,Dhaka,,
ভাইটি মনে হয় অনেক স্মার্ট। রাতে সানগ্লাস পড়েন।,কুষ্টিয়া,Kushtia,
১ বছরের মধ্যে বিএনপি ও পালাবে,Dhaka,,
"""ওরে লেতারে এখন আর ভাত খাবেনা হাট,ঘাট খাবে""",Barisal,Bhola,
তাহলে বি এণ পি তো সরাসরি জড়িত ছিল না হিসাবে কিছুই পাবেন না,Mymensingh,Sherpur,
বিজয়ী মিরজাফরের চেয়ে পরাজিত সিরাজুদ্দৌলার ইতিহাস অনেক সম্মান ও গৌরবের,Chittagong,Bandarban,
সুন্দর একটি সিদ্ধান্ত,বান্দরবান,Dhaka,Manikganj
তাহলে আমি কোনটা ভাগ পাবো,Dinajpur,,
আল্লাহ অনেক বড় করুক আপনাদের,Narsingdi,,
"""গরুর হাটে গোবর আছে,ওগুলাও খাইস,কিছু পার্সেল করে দলের অফিসেও পাঠাইস""",Rangpur,,
ওয়াও খাও খাও।,Barisal,Bhola,
হাচা কতা কইছেন।,Dhaka,Faridpur,
জয়বাংলা,চাঁপাইনবাবগঞ্জ,,
আস্তাগফিরুল্লাহ,Chittagong,,
ভাইয়া বলে কি,Dhaka,,
জি,Barisal,,
যাক হাট-ঘাটের গু -গবর খাওয়ার লোক তাইলে পাওয়া গেল।,Dhaka,Mymensingh,Sherpur
বাহ বাহ,Khulna,,
"""উত্তম বলিয়াছেন, সহমত লেতা""",Dhaka,Chittagong,Brahmanbaria
ওমা তাই,Dhaka,,
খাবে,ঢাকা,Dhaka,Barisal
ইট পাথর বালু সিমেন্ট এগুলাও খাবে তারা,Rangpur,Lalmonirhat,
ওকে,Dhaka,Pabna,
নেতাদের কাছে দেশটা যেন গনিমতের মাল!,Dhaka,,
আন্দোলনে কোন বিএনপির কর্মী ছিল না তার প্রমাণ মির্জা ফখরুল সাহেব নিজেই বিশ্বাস না হয় সোশ্যাল মিডিয়ায় ভিডিও আছে দেখে নিতে পারেন,Dhaka,,
আমি ও তাই বলি।,Dhaka,Jamalpur,
খায় দেখেই ত আন্দোলন হইছে আপনাদেরকেও কি দওরাই তে হবে,Dhaka,,
খা রে ভাই খা,Comilla,,
আর টয়লেট কে খাবে?,চাঁপাইনবাবগঞ্জ,Barisal,Chapainawabganj
Kn,Dhaka,,
ভাত মাছ রেখে এত খাবার কিবা করে খাব ছাওয়াল,Dhaka,Narayanganj,
রমজান মাস চলে ইফতারের পর খাইয়েন।,Natore,,
এটাই তারেক রহমানের আই হ্যাভ এ প্ল্যান এর অংশবিশেষ।,Dhaka,Lakshmipur,
চমৎকার,Dhaka,,
আচ্ছা ঠিক আছে,Sirajganj,,
নৈতিকতা নিদারুণ অবক্ষয়,Cumilla,Comilla,
একদম ঠিক এভাবেই চালিয়ে যান,Dhaka,Khulna,Jessore
উচিৎ কথা কইছে,Chittagong,,
"""ঠিক ই তো, এত আন্দোলন এ কত কষ্ট করছেন ।""",রাজশাহী,Rajshahi,
বাহ..,Patuakhali,,
এটা চিরিয়াখানা থেকে কিভাবে ছাড়া পেল,Sylhet,,
খাইয়া মইরা দেখ কি হয়!!,কুষ্টিয়া,Comilla,Kushtia
গুড সময়ের সঠিক গাড়ত বারি খাওয়ার সিদ্ধান্ত,নওগাঁ,,
"""রাস্তার ইট খুলে বাড়ি নিয়ে যাও,ওগুলো এখন তোমাদের পৈতৃক সম্পত্তি""",Dhaka,,
Kha kha onek bocor upos chili kha Rojate beshi kha karon rojar gular hisab hobe na,Chittagong,,
মন মত খা,Gazipur,,
টয়লেটও বাদ দিলেন না,ঝিনাইদহ,Dhaka,Kushtia
এটা বাংলাদে____শ এটা পাকিস্তান নারে বাবা____এটা ইন্ডিয়া না____,Dhaka,,
"""এত খাইলে পরে গলায় আটকিয়ে যাবে,""",রাজশাহী,,
লে হালুয়া,Dhaka,Gazipur,
আসেন সবাই মিলে মিশে খাই,Barisal,Bhola,
"""১৭ বছর আপনারা খাইতে পারেন নাই । তাই আপনারা ৫ বছর খাবেন, এটাই তো নিয়ম। কথা হচ্ছে খাওয়া শেষ হলে ময়লা গোলা নিদিষ্ট জায়গায় ফেলবেন…""",Dhaka,Sylhet,
Ahare ruti ruji,Rajshahi,,
পুরা দেশটাকেই খাইয়ালা....,Dhaka,Comilla,
খোঁজ নিয়ে দেখেন হ্লায় গুপ্ত,Dhaka,,
"""খাও বেশি করে খাও,শুধু পিছনটা সাবধানে রাখিও।""",সুনামগঞ্জ,,
হাঁটের টয়লেট সহ খেয়ে ফেলো ।,Dhaka,Gazipur,
এমন কথায় তো শুনতে চাই,Khulna,,
ঠিক আছে বস,ফরিদপুর,Dhaka,Faridpur
"""এবার বুঝতে পারবে সাধারণ মানুষ কাকে ভোট দিলাম,,,,""",Dhaka,Dinajpur,
আচ্ছা!,পাবনা,Dhaka,Pabna
ঠিক,Dhaka,Barguna,
"""ঠিকই বলেছে সে,,,""",Chittagong,,
পাবলিক টয়লেট কে খাবে?,Dhaka,Barisal,
উওম প্রস্তাব,দিনাজপুর,Bogra,Dinajpur
সবই তো খাবেন তাহলে টয়লেট টা বাদ রাখবেন কেনো ওটাও খান,Barisal,,
গরীবের খোলা টয়লেট এ জমানো কম্পোস্ট সার গুলো খেয়োনা এগুলো এরা সবজি ক্ষেতে ব্যবহার করবে।ধন্যবাদ।,Chittagong,,
কাম খতম,ময়মনসিংহ,Dhaka,Mymensingh
জীবনে এ ছাড়া আর কি করতে পারবেন!!!,Cox's Bazar,Moulvibazar,
এমন ভাবে খেওনা যাতে হজম শক্তির সমস্যা হয়।,শরীয়তপুর,Dhaka,
হাট আর বেশি দূর নয়।,Rajshahi,,
"""তারেক রহমানের বিয়া। আমরা খামুনা, তাইলে কে খাবে""",Dhaka,Comilla,Lakshmipur
সাবাস বেটা।,Khulna,Jashore,Satkhira
হালায় একদম ঠিক কতা কইছে,Dhaka,,
আরে ভাই সমঝোতা করে খাবে তাহলেই তো খাওয়াটা বৈধ হবে,Dhaka,,
বাহ্ কি সুন্দর বক্তব্য,Rajshahi,,
"""Md Asraful Islam ভাই আপনার বাঘ বুঝি লোয়েন,""",Chittagong,Lakshmipur,
17 বছর ধরে পেট খালি খাওয়া দাওয়া তো করতে হবে। হাট ঘাট সবকিছু চেটেপুটে খাও,Sylhet,,
হুমমম খাবি এমন খাওয়া খাবি দেখিস বিচি দুইটা যেনো বাদ না যায়,Comilla,,
হক কথা।,কুমিল্লা,Dinajpur,
"""ভিডিও দেখেছি এদের কেন এখনো পুলিশ প্রশাসন পাকড়াও করছে না, এটা বাংলাদেশী বাঙালিদের চিন্তার বিষয়""",Dhaka,,
টয়লেট কে খাবে,Barguna,,
ঠিকই বলেছ ।,বরিশাল,,
আইচ্ছা,Barisal,Gazipur,Bhola
লগে গু গোবর সহ সব খা,Dhaka,,
"""আমি সহমত পোষণ করছি,,,""",Barisal,,
রাস্তার মাটিও খেতে হবে কিন্তু,নরসিংদী,কুমিল্লা,Dhaka
লে হালুয়া,Comilla,,
অবশ্য খাবে দেশটাতো আপনাদের,কুমিল্লা,Cumilla,Comilla
সাব্বাশ,Dhaka,Jamalpur,
খাও,Dhaka,Natore,